"indicator","shortName","labelLisa","labelCam","LisaReconcile","shiftPoorFitting","labelDoug","shiftPoorFitting_20may25","shiftPoorFitting_21may25","labelDoug_29may25","shiftPoorFitting_29may25","labelDoug_30may25","labelLisa_15jul25","shiftPoorFitting_22jul25","labelLisa_23jul25","shiftPoorFitting_24jul25","shiftPoorFitting_28jul25","labelTestNHL_13sep25","labelLisa_21aug25","labelLisa_08Sep25","labelLisa_16sep25","labelTestZooPreyNCC_17sep25","labelLisa_25sep25","labelDoug_02feb26","Lisa_03feb26","Lisa_04feb26","shiftLisa_04feb26","Lisa_04mar26","Lisa_05mar26","shiftLisa_05mar26","Doug_01apr26","Lisa_01apr26","Lisa_07apr26","Doug_07apr26","shiftDoug_07apr26","Doug_09apr26","shiftDoug_09apr26","shiftDoug_2step_09apr26","shiftDoug_2step_b_09apr26","Doug_12jun26","shiftDoug_step1_12jun26","shiftDoug_step2_12jun26","Doug_12jun26b","shiftDoug_step1_12jun26b","shiftDoug_step2_12jun26b","Doug_23jun26","shiftDoug_step1_23jun26","shiftDoug_step2_23jun26","Doug_26jun26","Lisa_26jun26","shiftLisa_step1_26jun26","shiftLisa_step2_26jun26","SEMnode.for.AIC.analysis","newGuild"
"Cassins_auklet","cassAuk_JSOES_2026","","","","","","","","","","","","","","","","","","","","","","","","01.ZooPreyNCC_JSOES","01.ZooPreyNCC_JSOES","01.ZooPreyNCC_JSOES","01.ZooPreyNCC_JSOES","01.ZooPreyNCC_JSOES","01.ZooPreyNCC_JSOES","01.ZooPreyNCC_JSOES","01.ZooPreyNCC_JSOES","01.ZooPreyNCC_JSOES","01.ZooPreyNCC_JSOES","01.ZooPreyNCC_JSOES","01.ZooPreyNCC_JSOES","01.ZooPreyNCC_JSOES","01.ZooPreyNCC_JSOES","01.ZooPreyNCC_JSOES","01.ZooPreyNCC_JSOES","01.ZooPreyNCC_JSOES","01.ZooPreyNCC_JSOES","01.ZooPreyNCC_JSOES","01.ZooPreyNCC_JSOES","01.ZooPreyNCC_JSOES","01.ZooPreyNCC_JSOES","01.ZooPreyNCC_JSOES","01.ZooPreyNCC_JSOES","01.ZooPreyNCC_JSOES","01.ZooPreyNCC_JSOES","01.ZooPreyNCC_JSOES","PreyNCC","01.ZooPreyNCC_JSOES"
"Cassin_s_aukl_WS_2026","Cassin_s_aukl_WS_2026","","","","","","","","","","","","","","","","","","","","","","","","","","","","","01.ZooPreyNCC_JSOES","01.ZooPreyNCC_JSOES","01.ZooPreyNCC_JSOES","01.ZooPreyNCC_JSOES","01.ZooPreyNCC_JSOES_0","01.ZooPreyNCC_JSOES","01.ZooPreyNCC_JSOES_0","01.ZooPreyNCC_JSOES","01.ZooPreyNCC_JSOES_0","01.ZooPreyNCC_JSOES","01.ZooPreyNCC_JSOES","01.ZooPreyNCC_JSOES_0","01.ZooPreyNCC_JSOES","01.ZooPreyNCC_JSOES","01.ZooPreyNCC_JSOES_0","01.ZooPreyNCC_JSOES","01.ZooPreyNCC_JSOES","01.ZooPreyNCC_JSOES_0","01.ZooPreyNCC_JSOES","01.ZooPreyNCC_JSOES","01.ZooPreyNCC_JSOES","01.ZooPreyNCC_JSOES_0","PreyNCC",NA
"Habitat compression index - 43.5-48N","habCompInd",NA,NA,"","","","","","","","","","","","","","01.ZooPreyNCC","01.ZooPreyNCC","","","","01.ZooPreyNCC","01.ZooPreyNCC","01.ZooPreyNCC_JSOES","01.ZooPreyNCC_JSOES","01.ZooPreyNCC_JSOES_0","01.ZooPreyNCC_JSOES","01.ZooPreyNCC_JSOES","01.ZooPreyNCC_JSOES_0","01.ZooPreyNCC_JSOES","01.ZooPreyNCC_JSOES","01.ZooPreyNCC_JSOES","01.ZooPreyNCC_JSOES","01.ZooPreyNCC_JSOES_1","01.ZooPreyNCC_JSOES","01.ZooPreyNCC_JSOES_1","01.ZooPreyNCC_JSOES","01.ZooPreyNCC_JSOES_1","01.ZooPreyNCC_JSOES","01.ZooPreyNCC_JSOES","01.ZooPreyNCC_JSOES_1","01.ZooPreyNCC_JSOES","01.ZooPreyNCC_JSOES","01.ZooPreyNCC_JSOES_1","01.ZooPreyNCC_JSOES","01.ZooPreyNCC_JSOES","01.ZooPreyNCC_JSOES_1","01.ZooPreyNCC_JSOES","01.ZooPreyNCC_JSOES","01.ZooPreyNCC_JSOES","01.ZooPreyNCC_JSOES_1","PreyNCC",NA
"sumPrey_planktonJun_2026","sumPrey_planktonJun_2026","","","","","","","","","","","","","","","","","","","","","","01.ZooPreyNCC","01.ZooPreyNCC_JSOES","01.ZooPreyNCC_JSOES","01.ZooPreyNCC_JSOES","01.ZooPreyNCC_JSOES","01.ZooPreyNCC_JSOES","01.ZooPreyNCC_JSOES","01.ZooPreyNCC_JSOES","01.ZooPreyNCC_JSOES","01.ZooPreyNCC_JSOES","01.ZooPreyNCC_JSOES","01.ZooPreyNCC_JSOES","01.ZooPreyNCC_JSOES","01.ZooPreyNCC_JSOES","01.ZooPreyNCC_JSOES","01.ZooPreyNCC_JSOES","01.ZooPreyNCC_JSOES","01.ZooPreyNCC_JSOES","01.ZooPreyNCC_JSOES","01.ZooPreyNCC_JSOES","01.ZooPreyNCC_JSOES","01.ZooPreyNCC_JSOES","01.ZooPreyNCC_JSOES","01.ZooPreyNCC_JSOES","01.ZooPreyNCC_JSOES","01.ZooPreyNCC_JSOES","01.ZooPreyNCC_JSOES","01.ZooPreyNCC_JSOES","01.ZooPreyNCC_JSOES","PreyNCC","01.ZooPreyNCC_JSOES"
"sumPreyOfPrey_planktonJun_2026","sumPreyOfPrey_planktonJun_2026","","","","","","","","","","","","","","","","","","","","","","01.ZooPreyNCC","01.ZooPreyNCC_JSOES","01.ZooPreyNCC_JSOES","01.ZooPreyNCC_JSOES","01.ZooPreyNCC_JSOES","01.ZooPreyNCC_JSOES","01.ZooPreyNCC_JSOES","01.ZooPreyNCC_JSOES","01.ZooPreyNCC_JSOES","01.ZooPreyNCC_JSOES","01.ZooPreyNCC_JSOES","01.ZooPreyNCC_JSOES","01.ZooPreyNCC_JSOES","01.ZooPreyNCC_JSOES","01.ZooPreyNCC_JSOES","01.ZooPreyNCC_JSOES","01.ZooPreyNCC_JSOES","01.ZooPreyNCC_JSOES","01.ZooPreyNCC_JSOES","01.ZooPreyNCC_JSOES","01.ZooPreyNCC_JSOES","01.ZooPreyNCC_JSOES","01.ZooPreyNCC_JSOES","01.ZooPreyNCC_JSOES","01.ZooPreyNCC_JSOES","01.ZooPreyNCC_JSOES","01.ZooPreyNCC_JSOES","01.ZooPreyNCC_JSOES","01.ZooPreyNCC_JSOES","PreyNCC","01.ZooPreyNCC_JSOES"
"copeLogBiomassNorth_2026","copeLogBiomassNorth_2026","","","","","","","","","","","","","","","","","","","","","","01.ZooPreyNCCb","01.ZooPreyNCC_NHL","01.ZooPreyNCC_NHL","01.ZooPreyNCC_NHL","01.ZooPreyNCC_NHL","01.ZooPreyNCC_NHL","01.ZooPreyNCC_NHL","01.ZooPreyNCC_NHL","01.ZooPreyNCC_NHL","01.ZooPreyNCC_NHL","01.ZooPreyNCC_NHL","01.ZooPreyNCC_NHL","01.ZooPreyNCC_NHL","01.ZooPreyNCC_NHL","01.ZooPreyNCC_NHL","01.ZooPreyNCC_NHL","01.ZooPreyNCC_NHL","01.ZooPreyNCC_NHL","01.ZooPreyNCC_NHL","01.ZooPreyNCC_NHL","01.ZooPreyNCC_NHL","01.ZooPreyNCC_NHL","01.ZooPreyNCC_NHL","01.ZooPreyNCC_NHL","01.ZooPreyNCC_NHL","01.ZooPreyNCC_NHL","01.ZooPreyNCC_NHL","01.ZooPreyNCC_NHL","01.ZooPreyNCC_NHL","PreyNCC","01.ZooPreyNCC_NHL"
"copeLogBiomassSouth_2026","copeLogBiomassSouth_2026","","","","","","","","","","","","","","","","","","","","","","01.ZooPreyNCCb","01.ZooPreyNCC_NHL","01.ZooPreyNCC_NHL","01.ZooPreyNCC_NHL","01.ZooPreyNCC_NHL","01.ZooPreyNCC_NHL","01.ZooPreyNCC_NHL","01.ZooPreyNCC_NHL","01.ZooPreyNCC_NHL","01.ZooPreyNCC_NHL","01.ZooPreyNCC_NHL","01.ZooPreyNCC_NHL","01.ZooPreyNCC_NHL","01.ZooPreyNCC_NHL","01.ZooPreyNCC_NHL","01.ZooPreyNCC_NHL","01.ZooPreyNCC_NHL","01.ZooPreyNCC_NHL","01.ZooPreyNCC_NHL","01.ZooPreyNCC_NHL","01.ZooPreyNCC_NHL","01.ZooPreyNCC_NHL","01.ZooPreyNCC_NHL","01.ZooPreyNCC_NHL","01.ZooPreyNCC_NHL","01.ZooPreyNCC_NHL","01.ZooPreyNCC_NHL","01.ZooPreyNCC_NHL","01.ZooPreyNCC_NHL","PreyNCC","01.ZooPreyNCC_NHL"
"Epac_adult_density","Epac_NHL_2026","","","","","","","","","","","","","","","","","","","","","","01.ZooPreyNCCb","01.ZooPreyNCC_NHL","01.ZooPreyNCC_NHL","01.ZooPreyNCC_NHL","01.ZooPreyNCC_NHL","01.ZooPreyNCC_NHL","01.ZooPreyNCC_NHL","01.ZooPreyNCC_NHL","01.ZooPreyNCC_NHL","01.ZooPreyNCC_NHL","01.ZooPreyNCC_NHL","01.ZooPreyNCC_NHL","01.ZooPreyNCC_NHL","01.ZooPreyNCC_NHL","01.ZooPreyNCC_NHL","01.ZooPreyNCC_NHL","01.ZooPreyNCC_NHL","01.ZooPreyNCC_NHL","01.ZooPreyNCC_NHL","01.ZooPreyNCC_NHL","01.ZooPreyNCC_NHL","01.ZooPreyNCC_NHL","01.ZooPreyNCC_NHL","01.ZooPreyNCC_NHL","01.ZooPreyNCC_NHL","01.ZooPreyNCC_NHL","01.ZooPreyNCC_NHL","01.ZooPreyNCC_NHL","01.ZooPreyNCC_NHL","PreyNCC","01.ZooPreyNCC_NHL"
"NHLlogSum_win_05_2026","NHLlogSum_win_05_2026","","","","","","","","","","","","","","","","","","","","","","01.ZooPreyNCCb","01.ZooPreyNCC_NHL","01.ZooPreyNCC_NHL","01.ZooPreyNCC_NHL","01.ZooPreyNCC_NHL","01.ZooPreyNCC_NHL","01.ZooPreyNCC_NHL","01.ZooPreyNCC_NHL","01.ZooPreyNCC_NHL","01.ZooPreyNCC_NHL","01.ZooPreyNCC_NHL","01.ZooPreyNCC_NHL_0","01.ZooPreyNCC_NHL","01.ZooPreyNCC_NHL_0","01.ZooPreyNCC_NHL","01.ZooPreyNCC_NHL_0","01.ZooPreyNCC_NHL","01.ZooPreyNCC_NHL","01.ZooPreyNCC_NHL_0","01.ZooPreyNCC_NHL","01.ZooPreyNCC_NHL","01.ZooPreyNCC_NHL_0","01.ZooPreyNCC_NHL","01.ZooPreyNCC_NHL","01.ZooPreyNCC_NHL_0","01.ZooPreyNCC_NHL","01.ZooPreyNCC_NHL","01.ZooPreyNCC_NHL","01.ZooPreyNCC_NHL_0","PreyNCC",NA
"NHLlogSum_win_15_2026","NHLlogSum_win_15_2026","","","","","","","","","","","","","","","","","","","","","","01.ZooPreyNCCb","01.ZooPreyNCC_NHL","01.ZooPreyNCC_NHL","01.ZooPreyNCC_NHL_0","01.ZooPreyNCC_NHL","01.ZooPreyNCC_NHL","01.ZooPreyNCC_NHL_0","01.ZooPreyNCC_NHL","01.ZooPreyNCC_NHL","01.ZooPreyNCC_NHL","01.ZooPreyNCC_NHL","01.ZooPreyNCC_NHL_1","01.ZooPreyNCC_NHL","01.ZooPreyNCC_NHL_1","01.ZooPreyNCC_NHL","01.ZooPreyNCC_NHL_1","01.ZooPreyNCC_NHL","01.ZooPreyNCC_NHL","01.ZooPreyNCC_NHL_1","01.ZooPreyNCC_NHL","01.ZooPreyNCC_NHL","01.ZooPreyNCC_NHL_1","01.ZooPreyNCC_NHL","01.ZooPreyNCC_NHL","01.ZooPreyNCC_NHL_1","01.ZooPreyNCC_NHL","01.ZooPreyNCC_NHL","01.ZooPreyNCC_NHL","01.ZooPreyNCC_NHL_1","PreyNCC",NA
"NHLlogSum_win_25_2026","NHLlogSum_win_25_2026","","","","","","","","","","","","","","","","","","","","","","01.ZooPreyNCCb","01.ZooPreyNCC_NHL","01.ZooPreyNCC_NHL","01.ZooPreyNCC_NHL","01.ZooPreyNCC_NHL","01.ZooPreyNCC_NHL","01.ZooPreyNCC_NHL","01.ZooPreyNCC_NHL","01.ZooPreyNCC_NHL","01.ZooPreyNCC_NHL","01.ZooPreyNCC_NHL","01.ZooPreyNCC_NHL_2","01.ZooPreyNCC_NHL","01.ZooPreyNCC_NHL_2","01.ZooPreyNCC_NHL","01.ZooPreyNCC_NHL_2","01.ZooPreyNCC_NHL","01.ZooPreyNCC_NHL","01.ZooPreyNCC_NHL_2","01.ZooPreyNCC_NHL","01.ZooPreyNCC_NHL","01.ZooPreyNCC_NHL_2","01.ZooPreyNCC_NHL","01.ZooPreyNCC_NHL","01.ZooPreyNCC_NHL_2","01.ZooPreyNCC_NHL","01.ZooPreyNCC_NHL","01.ZooPreyNCC_NHL","01.ZooPreyNCC_NHL_2","PreyNCC",NA
"Tspin_adult_density","Tspin_NHL_2026","","","","","","","","","","","","","","","","","","","","","","01.ZooPreyNCCb","01.ZooPreyNCC_NHL","01.ZooPreyNCC_NHL","01.ZooPreyNCC_NHL","01.ZooPreyNCC_NHL","01.ZooPreyNCC_NHL","01.ZooPreyNCC_NHL","01.ZooPreyNCC_NHL","01.ZooPreyNCC_NHL","01.ZooPreyNCC_NHL","01.ZooPreyNCC_NHL","01.ZooPreyNCC_NHL","01.ZooPreyNCC_NHL","01.ZooPreyNCC_NHL","01.ZooPreyNCC_NHL","01.ZooPreyNCC_NHL","01.ZooPreyNCC_NHL","01.ZooPreyNCC_NHL","01.ZooPreyNCC_NHL","01.ZooPreyNCC_NHL","01.ZooPreyNCC_NHL","01.ZooPreyNCC_NHL","01.ZooPreyNCC_NHL","01.ZooPreyNCC_NHL","01.ZooPreyNCC_NHL","01.ZooPreyNCC_NHL","01.ZooPreyNCC_NHL","01.ZooPreyNCC_NHL","01.ZooPreyNCC_NHL","PreyNCC","01.ZooPreyNCC_NHL"
"Red_necked_phal_WS_2026","Red_necked_phal_WS_2026","","","","","","","","","","","","","","","","","","","","","","","","","","","","","ecosystem_indicator_b","01.ZooPreyNCC_WPbirds","01.ZooPreyNCC_WPbirds","01.ZooPreyNCC_WPbirds","01.ZooPreyNCC_WPbirds_0","01.ZooPreyNCC_WPbirds","01.ZooPreyNCC_WPbirds_0","01.ZooPreyNCC_WPbirds","01.ZooPreyNCC_WPbirds_0","01.ZooPreyNCC_WPbirds","01.ZooPreyNCC_WPbirds","01.ZooPreyNCC_WPbirds_0","01.ZooPreyNCC_WPbirds","01.ZooPreyNCC_WPbirds","01.ZooPreyNCC_WPbirds_0","01.ZooPreyNCC_WPbirds","01.ZooPreyNCC_WPbirds","01.ZooPreyNCC_WPbirds_0","01.ZooPreyNCC_WPbirds","01.ZooPreyNCC_WPbirds","01.ZooPreyNCC_WPbirds","01.ZooPreyNCC_WPbirds_0","PreyNCC",NA
"Red_phal_WS_2026","Red_phal_WS_2026","","","","","","","","","","","","","","","","","","","","","","","","","","","","","ecosystem_indicator_b","01.ZooPreyNCC_WPbirds","01.ZooPreyNCC_WPbirds","01.ZooPreyNCC_WPbirds","01.ZooPreyNCC_WPbirds","01.ZooPreyNCC_WPbirds","01.ZooPreyNCC_WPbirds","01.ZooPreyNCC_WPbirds","01.ZooPreyNCC_WPbirds","01.ZooPreyNCC_WPbirds","01.ZooPreyNCC_WPbirds","01.ZooPreyNCC_WPbirds","01.ZooPreyNCC_WPbirds","01.ZooPreyNCC_WPbirds","01.ZooPreyNCC_WPbirds","01.ZooPreyNCC_WPbirds","01.ZooPreyNCC_WPbirds","01.ZooPreyNCC_WPbirds","01.ZooPreyNCC_WPbirds","01.ZooPreyNCC_WPbirds","01.ZooPreyNCC_WPbirds","01.ZooPreyNCC_WPbirds","PreyNCC",NA
"Sabine_gull_WS_2026","Sabine_gull_WS_2026","","","","","","","","","","","","","","","","","","","","","","","","","","","","","ecosystem_indicator_b","01.ZooPreyNCC_WPbirds","01.ZooPreyNCC_WPbirds","01.ZooPreyNCC_WPbirds","01.ZooPreyNCC_WPbirds_1","01.ZooPreyNCC_WPbirds","01.ZooPreyNCC_WPbirds_1","01.ZooPreyNCC_WPbirds","01.ZooPreyNCC_WPbirds_1","01.ZooPreyNCC_WPbirds","01.ZooPreyNCC_WPbirds","01.ZooPreyNCC_WPbirds_1","01.ZooPreyNCC_WPbirds","01.ZooPreyNCC_WPbirds","01.ZooPreyNCC_WPbirds_1","01.ZooPreyNCC_WPbirds","01.ZooPreyNCC_WPbirds","01.ZooPreyNCC_WPbirds_1","01.ZooPreyNCC_WPbirds","01.ZooPreyNCC_WPbirds","01.ZooPreyNCC_WPbirds","01.ZooPreyNCC_WPbirds_1","PreyNCC",NA
"Moon.jelly__2025","MoonJelly__2025","","","","","","","","","","","02.CompJellyNCC","02.CompJellyNCC_1","02.CompJellyNCC","02.CompJellyNCC_0","02.CompJellyNCC_0","","02.CompJellyNCC","02.CompJellyNCC","02.CompJellyNCC","","02.CompJellyNCC","02.CompJellyNCC","02.CompJellyNCC","02.CompJellyNCC","02.CompJellyNCC","02.CompJellyNCC","02.CompJellyNCC","02.CompJellyNCC","02.CompJellyNCC","02.CompJellyNCC","02.CompJellyNCC","02.CompJellyNCC","02.CompJellyNCC","02.CompJellyNCC","02.CompJellyNCC","02.CompJellyNCC","02.CompJellyNCC","02.CompJellyNCC","02.CompJellyNCC","02.CompJellyNCC","02.CompJellyNCC","02.CompJellyNCC","02.CompJellyNCC","02.CompJellyNCC","02.CompJellyNCC","02.CompJellyNCC","02.CompJellyNCC","02.CompJellyNCC","02.CompJellyNCC","02.CompJellyNCC","PreyNCC","02.CompJellyNCC"
"Pyrosoma.atlanticum__2025","PyrosomaAtlanticum__2025","","","","","","","","","","","02.CompJellyNCC","02.CompJellyNCC","02.CompJellyNCC","02.CompJellyNCC","02.CompJellyNCC","","02.CompJellyNCC","02.CompJellyNCC","02.CompJellyNCC","","02.CompJellyNCC","02.CompJellyNCC","02.CompJellyNCC","02.CompJellyNCC","02.CompJellyNCC","02.CompJellyNCC","02.CompJellyNCC","02.CompJellyNCC","02.CompJellyNCC","02.CompJellyNCC","02.CompJellyNCC","02.CompJellyNCC","02.CompJellyNCC","02.CompJellyNCC","02.CompJellyNCC","02.CompJellyNCC","02.CompJellyNCC","02.CompJellyNCC","02.CompJellyNCC","02.CompJellyNCC","02.CompJellyNCC","02.CompJellyNCC","02.CompJellyNCC","02.CompJellyNCC","02.CompJellyNCC","02.CompJellyNCC","02.CompJellyNCC","02.CompJellyNCC","02.CompJellyNCC","02.CompJellyNCC","PreyNCC","02.CompJellyNCC"
"Sea.nettle__2025","SeaNettle__2025","","","","","","","","","","","02.CompJellyNCC","02.CompJellyNCC","02.CompJellyNCC","02.CompJellyNCC","02.CompJellyNCC","","02.CompJellyNCC","02.CompJellyNCC","02.CompJellyNCC","","02.CompJellyNCC","02.CompJellyNCC","02.CompJellyNCC","02.CompJellyNCC","02.CompJellyNCC","02.CompJellyNCC","02.CompJellyNCC","02.CompJellyNCC","02.CompJellyNCC","02.CompJellyNCC","02.CompJellyNCC","02.CompJellyNCC","02.CompJellyNCC","02.CompJellyNCC","02.CompJellyNCC","02.CompJellyNCC","02.CompJellyNCC","02.CompJellyNCC","02.CompJellyNCC","02.CompJellyNCC","02.CompJellyNCC","02.CompJellyNCC","02.CompJellyNCC","02.CompJellyNCC","02.CompJellyNCC","02.CompJellyNCC","02.CompJellyNCC","02.CompJellyNCC","02.CompJellyNCC","02.CompJellyNCC","PreyNCC","02.CompJellyNCC"
"YH Common murre diet - Flatfish - NoCC","comMurreDietFlat_Yaquina_NCC",NA,"Prey_NCC","","","","","","","","","","","","","","","",NA,"","","03.FishPreyNCC","03.FishPreyNCC","03.FishPreyNCC","03.FishPreyNCC","03.FishPreyNCC","03.FishPreyNCC","03.FishPreyNCC","03.FishPreyNCC","03.FishPreyNCC","03.FishPreyNCC","03.FishPreyNCC","03.FishPreyNCC","03.FishPreyNCC","03.FishPreyNCC","03.FishPreyNCC","03.FishPreyNCC","03.FishPreyNCC","03.FishPreyNCC","03.FishPreyNCC","03.FishPreyNCC","","","","","","","","","","","PreyNCC",NA
"YH Common murre diet - Herring/Sardines - NoCC","comMurreDietHerrSard_Yaquina_NCC","05.ForageFishNCC","Prey_NCC","05.ForageFishNCC","05.ForageFishNCC","05.ForageFishNCC","05.ForageFishNCC","05.ForageFishNCC","05.ForageFishNCC","05.ForageFishNCC","05.ForageFishNCC","03.FishPreyNCC","03.FishPreyNCC","03.FishPreyNCC","03.FishPreyNCC","03.FishPreyNCC","","03.FishPreyNCC",NA,"","","03.FishPreyNCC","03.FishPreyNCC","05.ForageFishNCC","05.ForageFishNCC","05.ForageFishNCC_7","03.FishPreyNCC","03.FishPreyNCC","03.FishPreyNCC_5","03.FishPreyNCC","03.FishPreyNCC","03.FishPreyNCC","03.FishPreyNCC","03.FishPreyNCC_6","03.FishPreyNCC","03.FishPreyNCC_0","03.FishPreyNCC_b","03.FishPreyNCC_b","03.FishPreyNCC","03.FishPreyNCC_b","03.FishPreyNCC_b","03.FishPreyNCC","03.FishPreyNCC","03.FishPreyNCC","03.FishPreyNCC","03.FishPreyNCC","03.FishPreyNCC","03.FishPreyNCC","03.FishPreyNCC","03.FishPreyNCC","03.FishPreyNCC","PreyNCC","03.FishPreyNCC"
"YH Common murre diet - Rockfish - NoCC","comMurreDietRock_Yaquina_NCC","03.FishPreyNCC","Prey_NCC","03.FishPreyNCC","03.FishPreyNCC_1","03.FishPreyNCC","03.FishPreyNCC_1","03.FishPreyNCC_1","03.FishPreyNCC","03.FishPreyNCC_1","03.FishPreyNCC","03.FishPreyNCC","03.FishPreyNCC_1","03.FishPreyNCC","03.FishPreyNCC_1","03.FishPreyNCC_1","","03.FishPreyNCC",NA,"","","03.FishPreyNCC","03.FishPreyNCC","03.FishPreyNCC","03.FishPreyNCC","03.FishPreyNCC_2","03.FishPreyNCC","03.FishPreyNCC","03.FishPreyNCC_6","03.FishPreyNCC","03.FishPreyNCC","03.FishPreyNCC","03.FishPreyNCC","03.FishPreyNCC_7","03.FishPreyNCC","03.FishPreyNCC_1","03.FishPreyNCC_b","03.FishPreyNCC_b","03.FishPreyNCC","03.FishPreyNCC_b","03.FishPreyNCC_b","03.FishPreyNCC","03.FishPreyNCC","03.FishPreyNCC","03.FishPreyNCC","03.FishPreyNCC","03.FishPreyNCC","03.FishPreyNCC","03.FishPreyNCC","03.FishPreyNCC","03.FishPreyNCC","PreyNCC","03.FishPreyNCC"
"YH Common murre diet - Sandlance - NoCC","comMurreDietSLance_Yaquina_NCC","05.ForageFishNCC","Prey_NCC","05.ForageFishNCC","05.ForageFishNCC_2","05.ForageFishNCC","05.ForageFishNCC_1","05.ForageFishNCC_2","05.ForageFishNCC","05.ForageFishNCC_2","05.ForageFishNCC","03.FishPreyNCC","03.FishPreyNCC_2","03.FishPreyNCC","03.FishPreyNCC_2","03.FishPreyNCC_2","","03.FishPreyNCC",NA,"","","03.FishPreyNCC","03.FishPreyNCC","05.ForageFishNCC","05.ForageFishNCC","05.ForageFishNCC_8","03.FishPreyNCC","03.FishPreyNCC","03.FishPreyNCC_7","03.FishPreyNCC","03.FishPreyNCC","03.FishPreyNCC","03.FishPreyNCC","03.FishPreyNCC_8","03.FishPreyNCC","03.FishPreyNCC_2","03.FishPreyNCC_b","03.FishPreyNCC_b","03.FishPreyNCC","03.FishPreyNCC_b","03.FishPreyNCC_b","03.FishPreyNCC","03.FishPreyNCC","03.FishPreyNCC","03.FishPreyNCC","03.FishPreyNCC","03.FishPreyNCC","03.FishPreyNCC","03.FishPreyNCC","03.FishPreyNCC","03.FishPreyNCC","PreyNCC","03.FishPreyNCC"
"YH Common murre diet - Smelt - NoCC","comMurreDietSmelt_Yaquina_NCC","05.ForageFishNCC","Prey_NCC","05.ForageFishNCC","05.ForageFishNCC","05.ForageFishNCC","05.ForageFishNCC","05.ForageFishNCC","05.ForageFishNCC","05.ForageFishNCC","05.ForageFishNCC","03.FishPreyNCC","03.FishPreyNCC","03.FishPreyNCC","03.FishPreyNCC","03.FishPreyNCC","","03.FishPreyNCC",NA,"","","03.FishPreyNCC","03.FishPreyNCC","05.ForageFishNCC","05.ForageFishNCC","05.ForageFishNCC_9","03.FishPreyNCC","03.FishPreyNCC","03.FishPreyNCC_8","03.FishPreyNCC","03.FishPreyNCC","03.FishPreyNCC","03.FishPreyNCC","03.FishPreyNCC_9","03.FishPreyNCC","03.FishPreyNCC_3","03.FishPreyNCC_b","03.FishPreyNCC_b","03.FishPreyNCC","03.FishPreyNCC_b","03.FishPreyNCC_b","03.FishPreyNCC","03.FishPreyNCC","03.FishPreyNCC","03.FishPreyNCC","03.FishPreyNCC","03.FishPreyNCC","03.FishPreyNCC","03.FishPreyNCC","03.FishPreyNCC","03.FishPreyNCC","PreyNCC","03.FishPreyNCC"
"HakeAge1_2025","HakeAge1_2025","","","","","","","","04.CompFishNCC","04.CompFishNCC_0","04.CompFishNCC","","","","","","","","","","","01.ZooPreyNCC","01.ZooPreyNCC","01.ZooPreyNCC_JSOES","01.ZooPreyNCC_JSOES","01.ZooPreyNCC_JSOES_1","03.FishPreyNCC","03.FishPreyNCC","03.FishPreyNCC_1","03.FishPreyNCC","03.FishPreyNCC","03.FishPreyNCC","03.FishPreyNCC","03.FishPreyNCC_1","03.FishPreyNCC","03.FishPreyNCC_4","03.FishPreyNCC_b","03.FishPreyNCC_b_0","03.FishPreyNCC","03.FishPreyNCC_b","03.FishPreyNCC_b_0","03.FishPreyNCC","03.FishPreyNCC","03.FishPreyNCC_0","03.FishPreyNCC","03.FishPreyNCC","03.FishPreyNCC_0","03.FishPreyNCC","03.FishPreyNCC","03.FishPreyNCC","03.FishPreyNCC_0","PreyNCC",NA
"IchNear_2026","IchNear_2026","","","","","","","","","","","","","","","","","","","","","","","","","","","03.FishPreyNCC","03.FishPreyNCC_2","03.FishPreyNCC","03.FishPreyNCC","03.FishPreyNCC","03.FishPreyNCC","03.FishPreyNCC_2","03.FishPreyNCC","03.FishPreyNCC_5","03.FishPreyNCC_b","03.FishPreyNCC_b","03.FishPreyNCC","03.FishPreyNCC_b","03.FishPreyNCC_b","03.FishPreyNCC","03.FishPreyNCC","03.FishPreyNCC","03.FishPreyNCC","03.FishPreyNCC","03.FishPreyNCC","03.FishPreyNCC","03.FishPreyNCC","03.FishPreyNCC","03.FishPreyNCC","PreyNCC","03.FishPreyNCC"
"lag_log_abund_anchovy","lagAbundAnchovy",NA,"Prey_WCVI","","","","","","","","","","","","","","","","","","","05.ForageFishNCC","05.ForageFishNCC","05.ForageFishNCC","05.ForageFishNCC","05.ForageFishNCC_13","03.FishPreyNCC","03.FishPreyNCC","03.FishPreyNCC_10","03.FishPreyNCC","03.FishPreyNCC","03.FishPreyNCC","03.FishPreyNCC","03.FishPreyNCC_3","03.FishPreyNCC","03.FishPreyNCC_6","03.FishPreyNCC_b","03.FishPreyNCC_b","03.FishPreyNCC","03.FishPreyNCC_b","03.FishPreyNCC_b","03.FishPreyNCC","03.FishPreyNCC","03.FishPreyNCC","03.FishPreyNCC","03.FishPreyNCC","03.FishPreyNCC","03.FishPreyNCC","03.FishPreyNCC","03.FishPreyNCC","03.FishPreyNCC","PreyNCC","03.FishPreyNCC"
"lag_log_abund_pacific_herring","lagAbundHerring",NA,"Prey_WCVI","","","","","","","","","","","","","","","","","","","05.ForageFishNCC","05.ForageFishNCC","05.ForageFishNCC","05.ForageFishNCC","05.ForageFishNCC","03.FishPreyNCC","03.FishPreyNCC","03.FishPreyNCC","03.FishPreyNCC","03.FishPreyNCC","03.FishPreyNCC","03.FishPreyNCC","03.FishPreyNCC","03.FishPreyNCC","03.FishPreyNCC","03.FishPreyNCC","03.FishPreyNCC","03.FishPreyNCC","03.FishPreyNCC","03.FishPreyNCC","","","","","","","","","","","PreyNCC",NA
"lag_log_abund_pacific_sardine","lagAbundSardine",NA,"Prey_WCVI","","","","","","","","","","","","","","","","","","","05.ForageFishNCC","05.ForageFishNCC","05.ForageFishNCC","05.ForageFishNCC","05.ForageFishNCC","03.FishPreyNCC","03.FishPreyNCC","03.FishPreyNCC","03.FishPreyNCC","03.FishPreyNCC","03.FishPreyNCC","03.FishPreyNCC","03.FishPreyNCC","03.FishPreyNCC","03.FishPreyNCC","03.FishPreyNCC","03.FishPreyNCC","03.FishPreyNCC","03.FishPreyNCC","03.FishPreyNCC","","","","","","","","","","","PreyNCC",NA
"DI Rhinoceros auklet diet - Anchovy - NoCC","rhinoAukDietAnch_NCC",NA,"Prey_NCC","","","","","","","","","","","","","","","","","","","05.ForageFishNCC","05.ForageFishNCC","05.ForageFishNCC","05.ForageFishNCC","05.ForageFishNCC_0","03.FishPreyNCC","03.FishPreyNCC","03.FishPreyNCC","03.FishPreyNCC","03.FishPreyNCC","03.FishPreyNCC","03.FishPreyNCC","03.FishPreyNCC","03.FishPreyNCC","03.FishPreyNCC","03.FishPreyNCC","03.FishPreyNCC","03.FishPreyNCC","03.FishPreyNCC","03.FishPreyNCC","","","","","","","","","","","PreyNCC",NA
"DI Rhinoceros auklet diet - Herring - NoCC","rhinoAukDietHerr_NCC",NA,"Prey_NCC","","","","","","","","","","","","","","","","","","","05.ForageFishNCC","05.ForageFishNCC","05.ForageFishNCC","05.ForageFishNCC","05.ForageFishNCC_1","03.FishPreyNCC","03.FishPreyNCC","03.FishPreyNCC","03.FishPreyNCC","03.FishPreyNCC","03.FishPreyNCC","03.FishPreyNCC","03.FishPreyNCC","03.FishPreyNCC","03.FishPreyNCC","03.FishPreyNCC","03.FishPreyNCC","03.FishPreyNCC","03.FishPreyNCC","03.FishPreyNCC","","","","","","","","","","","PreyNCC",NA
"DI Rhinoceros auklet diet - Rockfish - NoCC","rhinoAukDietRock_NCC",NA,"Prey_NCC","","","","","","","","","","","","","","","","","","","03.FishPreyNCC","03.FishPreyNCC","03.FishPreyNCC","03.FishPreyNCC","03.FishPreyNCC_0","03.FishPreyNCC","03.FishPreyNCC","03.FishPreyNCC_0","03.FishPreyNCC","03.FishPreyNCC","03.FishPreyNCC","03.FishPreyNCC","03.FishPreyNCC_0","03.FishPreyNCC","03.FishPreyNCC_7","03.FishPreyNCC_b","03.FishPreyNCC_b","03.FishPreyNCC","03.FishPreyNCC_b","03.FishPreyNCC_b","03.FishPreyNCC","03.FishPreyNCC","03.FishPreyNCC","03.FishPreyNCC","03.FishPreyNCC","03.FishPreyNCC","03.FishPreyNCC","03.FishPreyNCC","03.FishPreyNCC","03.FishPreyNCC","PreyNCC","03.FishPreyNCC"
"DI Rhinoceros auklet diet - Sandlance - NoCC","rhinoAukDietSLance_NCC",NA,"Prey_NCC","","","","","","","","","","","","","","","","","","","05.ForageFishNCC","05.ForageFishNCC","05.ForageFishNCC","05.ForageFishNCC","05.ForageFishNCC_2","03.FishPreyNCC","03.FishPreyNCC","03.FishPreyNCC","03.FishPreyNCC","03.FishPreyNCC","03.FishPreyNCC","03.FishPreyNCC","03.FishPreyNCC","03.FishPreyNCC","03.FishPreyNCC","03.FishPreyNCC","03.FishPreyNCC","03.FishPreyNCC","03.FishPreyNCC","03.FishPreyNCC","","","","","","","","","","","PreyNCC",NA
"DI Rhinoceros auklet diet - Smelt - NoCC","rhinoAukDietSmelt_NCC",NA,"Prey_NCC","","","","","","","","","","","","","","","","","","","05.ForageFishNCC","05.ForageFishNCC","05.ForageFishNCC","05.ForageFishNCC","05.ForageFishNCC_3","03.FishPreyNCC","03.FishPreyNCC","03.FishPreyNCC","03.FishPreyNCC","03.FishPreyNCC","03.FishPreyNCC","03.FishPreyNCC","03.FishPreyNCC","03.FishPreyNCC","03.FishPreyNCC","03.FishPreyNCC","03.FishPreyNCC","03.FishPreyNCC","03.FishPreyNCC","03.FishPreyNCC","","","","","","","","","","","PreyNCC",NA
"Surfsmelt - NCC","surfSmelt_NCC","05.ForageFishNCC","Prey_NCC","05.ForageFishNCC","05.ForageFishNCC","05.ForageFishNCC","05.ForageFishNCC","05.ForageFishNCC","05.ForageFishNCC","05.ForageFishNCC","05.ForageFishNCC","","","","","","","","","","","03.FishPreyNCC","03.FishPreyNCC","05.ForageFishNCC","05.ForageFishNCC","05.ForageFishNCC_5","03.FishPreyNCC","03.FishPreyNCC","03.FishPreyNCC_3","03.FishPreyNCC","03.FishPreyNCC","03.FishPreyNCC","03.FishPreyNCC","03.FishPreyNCC_4","03.FishPreyNCC","03.FishPreyNCC_8","03.FishPreyNCC_b","03.FishPreyNCC_b","03.FishPreyNCC","03.FishPreyNCC_b","03.FishPreyNCC_b","03.FishPreyNCC","03.FishPreyNCC","03.FishPreyNCC","03.FishPreyNCC","03.FishPreyNCC","03.FishPreyNCC","03.FishPreyNCC","03.FishPreyNCC","03.FishPreyNCC","03.FishPreyNCC","PreyNCC","03.FishPreyNCC"
"Whitebait smelt - NCC","whiteBaitSmelt_NCC","05.ForageFishNCC","Prey_NCC","05.ForageFishNCC","05.ForageFishNCC_1","05.ForageFishNCC","05.ForageFishNCC_0","05.ForageFishNCC_1","05.ForageFishNCC","05.ForageFishNCC_1","05.ForageFishNCC","","","","","","","","","","","03.FishPreyNCC","03.FishPreyNCC","05.ForageFishNCC","05.ForageFishNCC","05.ForageFishNCC_6","03.FishPreyNCC","03.FishPreyNCC","03.FishPreyNCC_4","03.FishPreyNCC","03.FishPreyNCC","03.FishPreyNCC","03.FishPreyNCC","03.FishPreyNCC_5","03.FishPreyNCC","03.FishPreyNCC_9","03.FishPreyNCC_b","03.FishPreyNCC_b","03.FishPreyNCC","03.FishPreyNCC_b","03.FishPreyNCC_b","03.FishPreyNCC","03.FishPreyNCC","03.FishPreyNCC","03.FishPreyNCC","03.FishPreyNCC","03.FishPreyNCC","03.FishPreyNCC","03.FishPreyNCC","03.FishPreyNCC","03.FishPreyNCC","PreyNCC","03.FishPreyNCC"
"YOY rockfish - NCC","yoyRock_JSOES_NCC","03.FishPreyNCC","Prey_NCC","03.FishPreyNCC","03.FishPreyNCC_2","03.FishPreyNCC","03.FishPreyNCC_2","03.FishPreyNCC_2","03.FishPreyNCC","03.FishPreyNCC_2","03.FishPreyNCC","03.FishPreyNCC","03.FishPreyNCC_3","03.FishPreyNCC","03.FishPreyNCC_3","03.FishPreyNCC_3","","03.FishPreyNCC",NA,"","","03.FishPreyNCC","03.FishPreyNCC","03.FishPreyNCC","03.FishPreyNCC","03.FishPreyNCC_3","03.FishPreyNCC","03.FishPreyNCC","03.FishPreyNCC_9","03.FishPreyNCC","03.FishPreyNCC","03.FishPreyNCC","03.FishPreyNCC","03.FishPreyNCC_10","03.FishPreyNCC","03.FishPreyNCC_10","03.FishPreyNCC_b","03.FishPreyNCC_b","03.FishPreyNCC","03.FishPreyNCC_b","03.FishPreyNCC_b","03.FishPreyNCC","03.FishPreyNCC","03.FishPreyNCC","03.FishPreyNCC","03.FishPreyNCC","03.FishPreyNCC","03.FishPreyNCC","03.FishPreyNCC","03.FishPreyNCC","03.FishPreyNCC","PreyNCC","03.FishPreyNCC"
"California.market.squid__2025","CaliforniaMarketSquid__2025","","","","","","","","","","","04.CompFishNCC","04.CompFishNCC_0","04.CompFishNCC","04.CompFishNCC","04.CompFishNCC","","04.CompFishNCC","04.CompFishNCC","04.CompFishNCC","","04.CompFishNCC","04.CompFishNCC","04.CompFishNCC","04.CompFishNCC","04.CompFishNCC_0","04.CompFishNCC","04.CompFishNCC","04.CompFishNCC_0","04.CompFishNCC","04.CompFishNCC","04.CompFishNCC","04.CompFishNCC","04.CompFishNCC_0","04.CompFishNCC","04.CompFishNCC_0","04.CompFishNCC","04.CompFishNCC_0","04.CompFishNCC","04.CompFishNCC","04.CompFishNCC_0","04.CompFishNCC","04.CompFishNCC","04.CompFishNCC_0","04.CompFishNCC","04.CompFishNCC","04.CompFishNCC_0","04.CompFishNCC","04.CompFishNCC","04.CompFishNCC","04.CompFishNCC_0","PreyNCC",NA
"marketsquid_gam","marketsquid_GAM_2025","","","","","","","","","","","05.ForageFishNCC","05.ForageFishNCC","05.ForageFishNCC","05.ForageFishNCC","05.ForageFishNCC","","05.ForageFishNCC","05.ForageFishNCC","05.ForageFishNCC","","04.CompFishNCC","04.CompFishNCC","04.CompFishNCC","04.CompFishNCC","04.CompFishNCC","04.CompFishNCC","04.CompFishNCC","04.CompFishNCC","04.CompFishNCC","04.CompFishNCC","04.CompFishNCC","04.CompFishNCC","04.CompFishNCC","04.CompFishNCC","04.CompFishNCC","04.CompFishNCC","04.CompFishNCC","04.CompFishNCC","04.CompFishNCC","04.CompFishNCC","04.CompFishNCC","04.CompFishNCC","04.CompFishNCC","04.CompFishNCC","04.CompFishNCC","04.CompFishNCC","04.CompFishNCC","04.CompFishNCC","04.CompFishNCC","04.CompFishNCC","PreyNCC",NA
"Pacific.pompano__2025","PacificPompano__2025","","","","","","","","","","","04.CompFishNCC","04.CompFishNCC_1","04.CompFishNCC","04.CompFishNCC_0","04.CompFishNCC_0","","04.CompFishNCC","04.CompFishNCC","04.CompFishNCC","","04.CompFishNCC","04.CompFishNCC","04.CompFishNCC","04.CompFishNCC","04.CompFishNCC_1","04.CompFishNCC","04.CompFishNCC","04.CompFishNCC_1","04.CompFishNCC","04.CompFishNCC","04.CompFishNCC","04.CompFishNCC","04.CompFishNCC_1","04.CompFishNCC","04.CompFishNCC_1","04.CompFishNCC","04.CompFishNCC_1","04.CompFishNCC","04.CompFishNCC","04.CompFishNCC_1","04.CompFishNCC","04.CompFishNCC","04.CompFishNCC_1","04.CompFishNCC","04.CompFishNCC","04.CompFishNCC_1","04.CompFishNCC","04.CompFishNCC","04.CompFishNCC","04.CompFishNCC_1","PreyNCC",NA
"Sablefish__2025","Sablefish__JSOES_2025","","","","","","","","","","","04.CompFishNCC","04.CompFishNCC_2","04.CompFishNCC","04.CompFishNCC_1","04.CompFishNCC_1","","04.CompFishNCC",NA,"","","04.CompFishNCC","04.CompFishNCC","04.CompFishNCC","04.CompFishNCC","04.CompFishNCC_2","04.CompFishNCC","04.CompFishNCC","04.CompFishNCC_2","04.CompFishNCC","04.CompFishNCC","04.CompFishNCC","04.CompFishNCC","04.CompFishNCC_2","04.CompFishNCC","04.CompFishNCC_2","04.CompFishNCC","04.CompFishNCC_2","04.CompFishNCC","04.CompFishNCC","04.CompFishNCC_2","04.CompFishNCC","04.CompFishNCC","04.CompFishNCC_2","04.CompFishNCC","04.CompFishNCC","04.CompFishNCC_2","04.CompFishNCC","04.CompFishNCC","04.CompFishNCC","04.CompFishNCC_2","PreyNCC",NA
"log_abund_anchovy","abundAnchovy","","","","","","","","","","","","","","","","","","","","","","","","","","05.ForageFishNCC","05.ForageFishNCC","05.ForageFishNCC_3","05.ForageFishNCC","05.ForageFishNCC","05.ForageFishNCC","05.ForageFishNCC","05.ForageFishNCC_2","05.ForageFishNCC","05.ForageFishNCC_0","05.ForageFishNCC","05.ForageFishNCC_0","05.ForageFishNCC","05.ForageFishNCC","05.ForageFishNCC_0","","","","","","","","","","","PreyNCC",NA
"log_abund_pacific_herring","abundHerring","","","","","","","","","","","","","","","","","","","","","","","","","","05.ForageFishNCC","05.ForageFishNCC","05.ForageFishNCC","05.ForageFishNCC","05.ForageFishNCC","05.ForageFishNCC","05.ForageFishNCC","05.ForageFishNCC","05.ForageFishNCC","05.ForageFishNCC","05.ForageFishNCC","05.ForageFishNCC","05.ForageFishNCC","05.ForageFishNCC","05.ForageFishNCC","05.ForageFishNCC","05.ForageFishNCC","05.ForageFishNCC","05.ForageFishNCC","05.ForageFishNCC","05.ForageFishNCC","05.ForageFishNCC","05.ForageFishNCC","05.ForageFishNCC","05.ForageFishNCC","PreyNCC","05.ForageFishNCC"
"log_abund_pacific_sardine","abundSardine","","","","","","","","","","","","","","","","","","","","","","","","","","05.ForageFishNCC","05.ForageFishNCC","05.ForageFishNCC","05.ForageFishNCC","05.ForageFishNCC","05.ForageFishNCC","05.ForageFishNCC","05.ForageFishNCC","05.ForageFishNCC","05.ForageFishNCC","05.ForageFishNCC","05.ForageFishNCC","05.ForageFishNCC","05.ForageFishNCC","05.ForageFishNCC","05.ForageFishNCC","05.ForageFishNCC","05.ForageFishNCC","05.ForageFishNCC","05.ForageFishNCC","05.ForageFishNCC","05.ForageFishNCC","05.ForageFishNCC","05.ForageFishNCC","05.ForageFishNCC","PreyNCC","05.ForageFishNCC"
"anchovy_gam","anchovy_GAM_2025","","","","","","","","","","","05.ForageFishNCC","05.ForageFishNCC_0","05.ForageFishNCC","05.ForageFishNCC_0","05.ForageFishNCC_0","","05.ForageFishNCC","05.ForageFishNCC","05.ForageFishNCC","","05.ForageFishNCC","05.ForageFishNCC","05.ForageFishNCC","05.ForageFishNCC","05.ForageFishNCC_10","05.ForageFishNCC","05.ForageFishNCC","05.ForageFishNCC_1","05.ForageFishNCC","05.ForageFishNCC","05.ForageFishNCC","05.ForageFishNCC","05.ForageFishNCC_0","05.ForageFishNCC","05.ForageFishNCC_1","05.ForageFishNCC","05.ForageFishNCC_1","05.ForageFishNCC","05.ForageFishNCC","05.ForageFishNCC_1","05.ForageFishNCC","05.ForageFishNCC","05.ForageFishNCC_0","05.ForageFishNCC","05.ForageFishNCC","05.ForageFishNCC_0","05.ForageFishNCC","05.ForageFishNCC","05.ForageFishNCC","05.ForageFishNCC_0","PreyNCC",NA
"herring_gam","herring_GAM_2025","","","","","","","","","","","05.ForageFishNCC","05.ForageFishNCC_1","05.ForageFishNCC","05.ForageFishNCC_1","05.ForageFishNCC_1","","05.ForageFishNCC","05.ForageFishNCC","05.ForageFishNCC","","05.ForageFishNCC","05.ForageFishNCC","05.ForageFishNCC","05.ForageFishNCC","05.ForageFishNCC_11","05.ForageFishNCC","05.ForageFishNCC","05.ForageFishNCC_2","05.ForageFishNCC","05.ForageFishNCC","05.ForageFishNCC","05.ForageFishNCC","05.ForageFishNCC_1","05.ForageFishNCC","05.ForageFishNCC_2","05.ForageFishNCC","05.ForageFishNCC_2","05.ForageFishNCC","05.ForageFishNCC","05.ForageFishNCC_2","05.ForageFishNCC","05.ForageFishNCC","05.ForageFishNCC_1","05.ForageFishNCC","05.ForageFishNCC","05.ForageFishNCC_1","05.ForageFishNCC","05.ForageFishNCC","05.ForageFishNCC","05.ForageFishNCC_1","PreyNCC",NA
"Pacific herring - NCC","herring_NCC","05.ForageFishNCC","Prey_NCC","05.ForageFishNCC","05.ForageFishNCC","05.ForageFishNCC","05.ForageFishNCC","05.ForageFishNCC_0","05.ForageFishNCC","05.ForageFishNCC_0","05.ForageFishNCC","","","","","","","","","","","05.ForageFishNCC","05.ForageFishNCC","05.ForageFishNCC","05.ForageFishNCC","05.ForageFishNCC_4","05.ForageFishNCC","05.ForageFishNCC","05.ForageFishNCC_0","05.ForageFishNCC","05.ForageFishNCC","05.ForageFishNCC","05.ForageFishNCC","05.ForageFishNCC_3","05.ForageFishNCC","05.ForageFishNCC_3","05.ForageFishNCC","05.ForageFishNCC_3","05.ForageFishNCC","05.ForageFishNCC","05.ForageFishNCC_3","05.ForageFishNCC","05.ForageFishNCC","05.ForageFishNCC_2","05.ForageFishNCC","05.ForageFishNCC","05.ForageFishNCC_2","05.ForageFishNCC","05.ForageFishNCC","05.ForageFishNCC","05.ForageFishNCC_2","PreyNCC",NA
"sardine_gam","sardine_GAM_2025","","","","","","","","","","","05.ForageFishNCC","05.ForageFishNCC","05.ForageFishNCC","05.ForageFishNCC","05.ForageFishNCC","","05.ForageFishNCC","05.ForageFishNCC","05.ForageFishNCC","","05.ForageFishNCC","05.ForageFishNCC","05.ForageFishNCC","05.ForageFishNCC","05.ForageFishNCC","05.ForageFishNCC","05.ForageFishNCC","05.ForageFishNCC","05.ForageFishNCC","05.ForageFishNCC","05.ForageFishNCC","05.ForageFishNCC","05.ForageFishNCC","05.ForageFishNCC","05.ForageFishNCC","05.ForageFishNCC","05.ForageFishNCC","05.ForageFishNCC","05.ForageFishNCC","05.ForageFishNCC","05.ForageFishNCC","05.ForageFishNCC","05.ForageFishNCC","05.ForageFishNCC","05.ForageFishNCC","05.ForageFishNCC","05.ForageFishNCC","05.ForageFishNCC","05.ForageFishNCC","05.ForageFishNCC","PreyNCC","05.ForageFishNCC"
"Pacific sardine - NCC","sardine_NCC","05.ForageFishNCC","Prey_NCC","05.ForageFishNCC","05.ForageFishNCC","05.ForageFishNCC","05.ForageFishNCC","05.ForageFishNCC","05.ForageFishNCC","05.ForageFishNCC","05.ForageFishNCC","","","","","","","","","","","05.ForageFishNCC","05.ForageFishNCC","05.ForageFishNCC","05.ForageFishNCC","05.ForageFishNCC","05.ForageFishNCC","05.ForageFishNCC","05.ForageFishNCC","05.ForageFishNCC","05.ForageFishNCC","05.ForageFishNCC","05.ForageFishNCC","05.ForageFishNCC","05.ForageFishNCC","05.ForageFishNCC","05.ForageFishNCC","05.ForageFishNCC","05.ForageFishNCC","05.ForageFishNCC","05.ForageFishNCC","05.ForageFishNCC","05.ForageFishNCC","05.ForageFishNCC","05.ForageFishNCC","05.ForageFishNCC","05.ForageFishNCC","05.ForageFishNCC","05.ForageFishNCC","05.ForageFishNCC","05.ForageFishNCC","PreyNCC","05.ForageFishNCC"
"IGF_mu_2025","IGF_mu_2025","","","","","06.Cond1NCC","06.Cond1NCC","06.Cond1NCC","06.Cond1NCC","06.Cond1NCC","06.Cond1NCC","06.Cond1NCC","06.Cond1NCC","06.Cond1NCC","06.Cond1NCC","06.Cond1NCC","","06.Cond1NCC","06.Cond1NCC","06.Cond1NCC","","06.Cond1NCC","06.Cond1NCC","06.Cond1NCC","06.Cond1NCC","06.Cond1NCC","06.Cond1NCC","06.Cond1NCC","06.Cond1NCC","06.Cond1NCC","06.Cond1NCC","06.Cond1NCC","06.Cond1NCC","06.Cond1NCC","06.Cond1NCC","06.Cond1NCC","06.Cond1NCC","06.Cond1NCC","06.Cond1NCC","06.Cond1NCC","06.Cond1NCC","06.Cond1NCC","06.Cond1NCC","06.Cond1NCC","06.Cond1NCC","06.Cond1NCC","06.Cond1NCC","06.Cond1NCC","06.Cond1NCC","06.Cond1NCC","06.Cond1NCC","Growth","06.Cond1NCC"
"Lmu_IntSprJunH_2025","Lmu_IntSprJunH_2025","","","","","06.Cond1NCC","06.Cond1NCC_0","06.Cond1NCC_0","06.Cond1NCC","06.Cond1NCC_0","06.Cond1NCC","06.Cond1NCC","06.Cond1NCC_0","06.Cond1NCC","06.Cond1NCC_0","06.Cond1NCC_0","","06.Cond1NCC","06.Cond1NCC","06.Cond1NCC","","06.Cond1NCC","06.Cond1NCC","06.Cond1NCC","06.Cond1NCC","06.Cond1NCC_0","06.Cond1NCC","06.Cond1NCC","06.Cond1NCC_0","06.Cond1NCC","06.Cond1NCC","06.Cond1NCC","06.Cond1NCC","06.Cond1NCC_0","06.Cond1NCC","06.Cond1NCC_0","06.Cond1NCC","06.Cond1NCC_0","06.Cond1NCC","06.Cond1NCC","06.Cond1NCC_0","06.Cond1NCC","06.Cond1NCC","06.Cond1NCC_0","06.Cond1NCC","06.Cond1NCC","06.Cond1NCC_0","06.Cond1NCC","06.Cond1NCC","06.Cond1NCC","06.Cond1NCC_0","Growth",NA
"Lmu_IntSprMayW_2025","Lmu_IntSprMayW_2025","","","","","06.Cond1NCC","06.Cond1NCC_1","06.Cond1NCC_1","06.Cond1NCC","06.Cond1NCC_1","06.Cond1NCC","06.Cond1NCC","06.Cond1NCC_1","06.Cond1NCC","06.Cond1NCC_1","06.Cond1NCC_1","","06.Cond1NCC","06.Cond1NCC","06.Cond1NCC","","06.Cond1NCC","06.Cond1NCC","06.Cond1NCC","06.Cond1NCC","06.Cond1NCC_1","06.Cond1NCC","06.Cond1NCC","06.Cond1NCC_1","06.Cond1NCC","06.Cond1NCC","06.Cond1NCC","06.Cond1NCC","06.Cond1NCC_1","06.Cond1NCC","06.Cond1NCC_1","06.Cond1NCC","06.Cond1NCC_1","06.Cond1NCC","06.Cond1NCC","06.Cond1NCC_1","06.Cond1NCC","06.Cond1NCC","06.Cond1NCC_1","06.Cond1NCC","06.Cond1NCC","06.Cond1NCC_1","06.Cond1NCC","06.Cond1NCC","06.Cond1NCC","06.Cond1NCC_1","Growth",NA
"StomFull.Jun_2025","StomFull_Jun_2025","","","","","","","","","","","","","","","","",NA,NA,"","","06.Cond1NCC","06.Cond1NCC","07.Cond2NCC","07.Cond2NCC","07.Cond2NCC","07.Cond2NCC","06.Cond1NCC","06.Cond1NCC","06.Cond1NCC","06.Cond1NCC","06.Cond1NCC","06.Cond1NCC","06.Cond1NCC","06.Cond1NCC","06.Cond1NCC","06.Cond1NCC","06.Cond1NCC","06.Cond1NCC","06.Cond1NCC","06.Cond1NCC","06.Cond1NCC","06.Cond1NCC","06.Cond1NCC","06.Cond1NCC","06.Cond1NCC","06.Cond1NCC","06.Cond1NCC","06.Cond1NCC","06.Cond1NCC","06.Cond1NCC","Growth","06.Cond1NCC"
"StomFull.May_2025","StomFull_May_2025","","","","","","","","","","","","","","","","",NA,NA,"","","06.Cond1NCC","06.Cond1NCC","06.Cond1NCC","06.Cond1NCC","06.Cond1NCC_2","06.Cond1NCC","06.Cond1NCC","06.Cond1NCC_2","06.Cond1NCC","06.Cond1NCC","06.Cond1NCC","06.Cond1NCC","06.Cond1NCC_2","06.Cond1NCC","06.Cond1NCC_2","06.Cond1NCC","06.Cond1NCC_2","06.Cond1NCC","06.Cond1NCC","06.Cond1NCC_2","06.Cond1NCC","06.Cond1NCC","06.Cond1NCC_2","06.Cond1NCC","06.Cond1NCC","06.Cond1NCC_2","06.Cond1NCC","06.Cond1NCC","06.Cond1NCC","06.Cond1NCC_2","Growth",NA
"abund.sdmTMB.junIntSpr_2025","abund_sdmTMB_junIntSpr_2025","","","","","07.Cond2NCC","07.Cond2NCC_0","07.Cond2NCC_0","07.Cond2NCC","07.Cond2NCC_0","07.Cond2NCC","07.Cond2NCC","07.Cond2NCC","07.Cond2NCC","07.Cond2NCC","07.Cond2NCC","","07.Cond2NCC","07.Cond2NCC","07.Cond2NCC","","07.Cond2NCC","07.Cond2NCC","07.Cond2NCC","07.Cond2NCC","07.Cond2NCC_0","07.Cond2NCC","07.Cond2NCC","07.Cond2NCC","07.Cond2NCC","07.Cond2NCC","07.Cond2NCC","07.Cond2NCC","07.Cond2NCC","07.Cond2NCC","07.Cond2NCC","07.Cond2NCC","07.Cond2NCC","07.Cond2NCC","07.Cond2NCC","07.Cond2NCC","07.Cond2NCC","07.Cond2NCC","07.Cond2NCC","07.Cond2NCC","07.Cond2NCC","07.Cond2NCC","07.Cond2NCC","07.Cond2NCC","07.Cond2NCC","07.Cond2NCC","Abundance","07.Cond2NCC"
"cpue_IntSprJunHW_2025","cpue_IntSprJunHW_2025","","","","","07.Cond2NCC","07.Cond2NCC_1","07.Cond2NCC_1","07.Cond2NCC","07.Cond2NCC_1","07.Cond2NCC","07.Cond2NCC","07.Cond2NCC","07.Cond2NCC","07.Cond2NCC","07.Cond2NCC","","07.Cond2NCC","07.Cond2NCC","07.Cond2NCC","","07.Cond2NCC","07.Cond2NCC","07.Cond2NCC","07.Cond2NCC","07.Cond2NCC_1","07.Cond2NCC","07.Cond2NCC","07.Cond2NCC","07.Cond2NCC","07.Cond2NCC","07.Cond2NCC","07.Cond2NCC","07.Cond2NCC","07.Cond2NCC","07.Cond2NCC","07.Cond2NCC","07.Cond2NCC","07.Cond2NCC","07.Cond2NCC","07.Cond2NCC","07.Cond2NCC","07.Cond2NCC","07.Cond2NCC","07.Cond2NCC","07.Cond2NCC","07.Cond2NCC","07.Cond2NCC","07.Cond2NCC","07.Cond2NCC","07.Cond2NCC","Abundance","07.Cond2NCC"
"murre","commonMurre_JSOES_2026","","","","","","","","","","","","","","","","","","","","","","","","08.PredBirdNCC","08.PredBirdNCC_0","08.PredBirdNCC","08.PredBirdNCC","08.PredBirdNCC_0","08.PredBirdNCC","08.PredBirdNCC","08.PredBirdNCC","08.PredBirdNCC","08.PredBirdNCC_0","08.PredBirdNCC","08.PredBirdNCC_0","08.PredBirdNCC","08.PredBirdNCC_0","08.PredBirdNCC","08.PredBirdNCC_b","08.PredBirdNCC_b_0","08.PredBirdNCC","08.PredBirdNCC_b","08.PredBirdNCC_b_0","08.PredBirdNCC","08.PredBirdNCC_b","08.PredBirdNCC_b_0","08.PredBirdNCC","08.PredBirdNCC","08.PredBirdNCC_b","08.PredBirdNCC_b_0","PredNCC",NA
"shearwater","sootyShear_JSOES_2026","","","","","","","","","","","","","","","","","","","","","","","","08.PredBirdNCC","08.PredBirdNCC_1","08.PredBirdNCC","08.PredBirdNCC","08.PredBirdNCC_1","08.PredBirdNCC","08.PredBirdNCC","08.PredBirdNCC","08.PredBirdNCC","08.PredBirdNCC_1","08.PredBirdNCC","08.PredBirdNCC_1","08.PredBirdNCC","08.PredBirdNCC_1","08.PredBirdNCC","08.PredBirdNCC","08.PredBirdNCC","08.PredBirdNCC","08.PredBirdNCC","08.PredBirdNCC","08.PredBirdNCC","08.PredBirdNCC","08.PredBirdNCC","08.PredBirdNCC","08.PredBirdNCC","08.PredBirdNCC","08.PredBirdNCC","PredNCC","08.PredBirdNCC"
"Black_legged_kitt_WS_2026","Black_legged_kitt_WS_2026","","","","","","","","","","","","","","","","","","","","","","","","","","","","","fish_eaters_ess","08.PredBirdNCC_ess","08.PredBirdNCC_ess","08.PredBirdNCC_ess","08.PredBirdNCC_ess","08.PredBirdNCC_ess","08.PredBirdNCC_ess","08.PredBirdNCC_ess","08.PredBirdNCC_ess","","","","","","","","","","","","","","PredNCC",NA
"Common_loon_WS_2026","Common_loon_WS_2026","","","","","","","","","","","","","","","","","","","","","","","","","","","","","fish_eaters_ess_b","08.PredBirdNCC_ess_b","08.PredBirdNCC_ess_b","08.PredBirdNCC_ess","08.PredBirdNCC_ess_2","08.PredBirdNCC_ess","08.PredBirdNCC_ess_0","08.PredBirdNCC_ess","08.PredBirdNCC_ess_0","","","","","","","","","","","","","","PredNCC",NA
"Marbled_mrlt_WS_2026","Marbled_mrlt_WS_2026","","","","","","","","","","","","","","","","","","","","","","","","","","","","","fish_eaters_ess","08.PredBirdNCC_ess","08.PredBirdNCC_ess","08.PredBirdNCC_ess","08.PredBirdNCC_ess","08.PredBirdNCC_ess","08.PredBirdNCC_ess","08.PredBirdNCC_ess","08.PredBirdNCC_ess","","","","","","","","","","","","","","PredNCC",NA
"Northern_fulm_WS_2026","Northern_fulm_WS_2026","","","","","","","","","","","","","","","","","","","","","","","","","","","","","fish_eaters_ess","08.PredBirdNCC_ess","08.PredBirdNCC_ess","08.PredBirdNCC_ess","08.PredBirdNCC_ess_0","08.PredBirdNCC_ess","08.PredBirdNCC_ess_1","08.PredBirdNCC_ess","08.PredBirdNCC_ess_1","","","","","","","","","","","","","","PredNCC",NA
"Pelagic_corm_WS_2026","Pelagic_corm_WS_2026","","","","","","","","","","","","","","","","","","","","","","","","","","","","","fish_eaters_ess","08.PredBirdNCC_ess","08.PredBirdNCC_ess","08.PredBirdNCC_ess","08.PredBirdNCC_ess","08.PredBirdNCC_ess","08.PredBirdNCC_ess","08.PredBirdNCC_ess","08.PredBirdNCC_ess","","","","","","","","","","","","","","PredNCC",NA
"Pigeon_guil_WS_2026","Pigeon_guil_WS_2026","","","","","","","","","","","","","","","","","","","","","","","","","","","","","fish_eaters_ess","08.PredBirdNCC_ess","08.PredBirdNCC_ess","08.PredBirdNCC_ess","08.PredBirdNCC_ess_1","08.PredBirdNCC_ess","08.PredBirdNCC_ess_2","08.PredBirdNCC_ess","08.PredBirdNCC_ess_2","","","","","","","","","","","","","","PredNCC",NA
"Red_throated_loon_WS_2026","Red_throated_loon_WS_2026","","","","","","","","","","","","","","","","","","","","","","","","","","","","","fish_eaters_ess","08.PredBirdNCC_ess","08.PredBirdNCC_ess","08.PredBirdNCC_ess","08.PredBirdNCC_ess","08.PredBirdNCC_ess","08.PredBirdNCC_ess","08.PredBirdNCC_ess","08.PredBirdNCC_ess","","","","","","","","","","","","","","PredNCC",NA
"Sooty_shrw_WS_2026","Sooty_shrw_WS_2026","","","","","","","","","","","","","","","","","","","","","","","","","","","","","fish_eaters_ess_b","08.PredBirdNCC_ess_b","08.PredBirdNCC_ess_b","08.PredBirdNCC_ess","08.PredBirdNCC_ess_3","08.PredBirdNCC_ess","08.PredBirdNCC_ess_3","08.PredBirdNCC_ess","08.PredBirdNCC_ess_3","","","","","","","","","","","","","","PredNCC",NA
"Tufted_puff_WS_2026","Tufted_puff_WS_2026","","","","","","","","","","","","","","","","","","","","","","","","","","","","","fish_eaters_ess_b","08.PredBirdNCC_ess_b","08.PredBirdNCC_ess_b","08.PredBirdNCC_ess","08.PredBirdNCC_ess","08.PredBirdNCC_ess","08.PredBirdNCC_ess","08.PredBirdNCC_ess","08.PredBirdNCC_ess","","","","","","","","","","","","","","PredNCC",NA
"Antarctic_skua_WS_2026","Antarctic_skua_WS_2026","","","","","","","","","","","","","","","","","","","","","","","","","","","","","fish_eaters_ess_II","08.PredBirdNCC_ess_II","08.PredBirdNCC_ess_II","08.PredBirdNCC_ess_II","08.PredBirdNCC_ess_II","08.PredBirdNCC_ess_II","08.PredBirdNCC_ess_II","08.PredBirdNCC_ess_II","08.PredBirdNCC_ess_II","","","","","","","","","","","","","","PredNCC",NA
"Brandt_s_corm_WS_2026","Brandt_s_corm_WS_2026","","","","","","","","","","","","","","","","","","","","","","","","","","","","","fish_eaters_ess_II","08.PredBirdNCC_ess_II","08.PredBirdNCC_ess_II","08.PredBirdNCC_ess_II","08.PredBirdNCC_ess_II","08.PredBirdNCC_ess_II","08.PredBirdNCC_ess_II","08.PredBirdNCC_ess_II","08.PredBirdNCC_ess_II","","","","","","","","","","","","","","PredNCC",NA
"Common_tern_WS_2026","Common_tern_WS_2026","","","","","","","","","","","","","","","","","","","","","","","","","","","","","fish_eaters_ess_II","08.PredBirdNCC_ess_II","08.PredBirdNCC_ess_II","08.PredBirdNCC_ess_II","08.PredBirdNCC_ess_II","08.PredBirdNCC_ess_II","08.PredBirdNCC_ess_II","08.PredBirdNCC_ess_II","08.PredBirdNCC_ess_II","","","","","","","","","","","","","","PredNCC",NA
"Fork_tailed_s_p_WS_2026","Fork_tailed_s_p_WS_2026","","","","","","","","","","","","","","","","","","","","","","","","","","","","","fish_eaters_ess_II_b","08.PredBirdNCC_ess_II_b","08.PredBirdNCC_ess_II_b","08.PredBirdNCC_ess_II","08.PredBirdNCC_ess_II","08.PredBirdNCC_ess_II","08.PredBirdNCC_ess_II","08.PredBirdNCC_ess_II","08.PredBirdNCC_ess_II","","","","","","","","","","","","","","PredNCC",NA
"Herring_gull_WS_2026","Herring_gull_WS_2026","","","","","","","","","","","","","","","","","","","","","","","","","","","","","fish_eaters_ess_II","08.PredBirdNCC_ess_II","08.PredBirdNCC_ess_II","08.PredBirdNCC_ess_II","08.PredBirdNCC_ess_II","08.PredBirdNCC_ess_II","08.PredBirdNCC_ess_II","08.PredBirdNCC_ess_II","08.PredBirdNCC_ess_II","","","","","","","","","","","","","","PredNCC",NA
"Lesser_s_p_WS_2026","Lesser_s_p_WS_2026","","","","","","","","","","","","","","","","","","","","","","","","","","","","","fish_eaters_ess_II","08.PredBirdNCC_ess_II","08.PredBirdNCC_ess_II","08.PredBirdNCC_ess_II","08.PredBirdNCC_ess_II","08.PredBirdNCC_ess_II","08.PredBirdNCC_ess_II","08.PredBirdNCC_ess_II","08.PredBirdNCC_ess_II","","","","","","","","","","","","","","PredNCC",NA
"Pacific_loon_WS_2026","Pacific_loon_WS_2026","","","","","","","","","","","","","","","","","","","","","","","","","","","","","fish_eaters_ess_II_b","08.PredBirdNCC_ess_II_b","08.PredBirdNCC_ess_II_b","08.PredBirdNCC_ess_II","08.PredBirdNCC_ess_II","08.PredBirdNCC_ess_II","08.PredBirdNCC_ess_II","08.PredBirdNCC_ess_II","08.PredBirdNCC_ess_II","","","","","","","","","","","","","","PredNCC",NA
"Parasitic_jaeg_WS_2026","Parasitic_jaeg_WS_2026","","","","","","","","","","","","","","","","","","","","","","","","","","","","","fish_eaters_ess_II","08.PredBirdNCC_ess_II","08.PredBirdNCC_ess_II","08.PredBirdNCC_ess_II","08.PredBirdNCC_ess_II","08.PredBirdNCC_ess_II","08.PredBirdNCC_ess_II","08.PredBirdNCC_ess_II","08.PredBirdNCC_ess_II","","","","","","","","","","","","","","PredNCC",NA
"Pomarine_jaeg_WS_2026","Pomarine_jaeg_WS_2026","","","","","","","","","","","","","","","","","","","","","","","","","","","","","fish_eaters_ess_II","08.PredBirdNCC_ess_II","08.PredBirdNCC_ess_II","08.PredBirdNCC_ess_II","08.PredBirdNCC_ess_II","08.PredBirdNCC_ess_II","08.PredBirdNCC_ess_II","08.PredBirdNCC_ess_II","08.PredBirdNCC_ess_II","","","","","","","","","","","","","","PredNCC",NA
"Short_billed_gull_WS_2026","Short_billed_gull_WS_2026","","","","","","","","","","","","","","","","","","","","","","","","","","","","","fish_eaters_ess_II","08.PredBirdNCC_ess_II","08.PredBirdNCC_ess_II","08.PredBirdNCC_ess_II","08.PredBirdNCC_ess_II","08.PredBirdNCC_ess_II","08.PredBirdNCC_ess_II","08.PredBirdNCC_ess_II","08.PredBirdNCC_ess_II","","","","","","","","","","","","","","PredNCC",NA
"Short_tailed_shrw_WS_2026","Short_tailed_shrw_WS_2026","","","","","","","","","","","","","","","","","","","","","","","","","","","","","fish_eaters_ess_II","08.PredBirdNCC_ess_II","08.PredBirdNCC_ess_II","08.PredBirdNCC_ess_II","08.PredBirdNCC_ess_II_0","08.PredBirdNCC_ess_II","08.PredBirdNCC_ess_II_0","08.PredBirdNCC_ess_II","08.PredBirdNCC_ess_II_0","","","","","","","","","","","","","","PredNCC",NA
"Black_footed_alba_WS_2026","Black_footed_alba_WS_2026","","","","","","","","","","","","","","","","","","","","","","","","","","","","","fish_eaters_hump","08.PredBirdNCC_hump","08.PredBirdNCC_hump","08.PredBirdNCC_hump","08.PredBirdNCC_hump","08.PredBirdNCC_hump","08.PredBirdNCC_hump","08.PredBirdNCC_hump","08.PredBirdNCC_hump","","","","","","","","","","","","","","PredNCC",NA
"Bonaparte_s_gull_WS_2026","Bonaparte_s_gull_WS_2026","","","","","","","","","","","","","","","","","","","","","","","","","","","","","fish_eaters_hump","08.PredBirdNCC_hump","08.PredBirdNCC_hump","08.PredBirdNCC_hump","08.PredBirdNCC_hump","08.PredBirdNCC_hump","08.PredBirdNCC_hump","08.PredBirdNCC_hump","08.PredBirdNCC_hump","","","","","","","","","","","","","","PredNCC",NA
"Brown_peli_WS_2026","Brown_peli_WS_2026","","","","","","","","","","","","","","","","","","","","","","","","","","","","","fish_eaters_hump","08.PredBirdNCC_hump","08.PredBirdNCC_hump","08.PredBirdNCC_hump","08.PredBirdNCC_hump","08.PredBirdNCC_hump","08.PredBirdNCC_hump","08.PredBirdNCC_hump","08.PredBirdNCC_hump","","","","","","","","","","","","","","PredNCC",NA
"California_gull_WS_2026","California_gull_WS_2026","","","","","","","","","","","","","","","","","","","","","","","","","","","","","fish_eaters_hump","08.PredBirdNCC_hump","08.PredBirdNCC_hump","08.PredBirdNCC_hump","08.PredBirdNCC_hump","08.PredBirdNCC_hump","08.PredBirdNCC_hump","08.PredBirdNCC_hump","08.PredBirdNCC_hump","","","","","","","","","","","","","","PredNCC",NA
"Common_murre_WS_2026","Common_murre_WS_2026","","","","","","","","","","","","","","","","","","","","","","","","","","","","","fish_eaters_hump","08.PredBirdNCC_hump","08.PredBirdNCC_hump","08.PredBirdNCC_hump","08.PredBirdNCC_hump_0","08.PredBirdNCC_hump","08.PredBirdNCC_hump_0","08.PredBirdNCC_hump","08.PredBirdNCC_hump_0","","","","","","","","","","","","","","PredNCC",NA
"DC_corm_WS_2026","DC_corm_WS_2026","","","","","","","","","","","","","","","","","","","","","","","","","","","","","fish_eaters_hump","08.PredBirdNCC_hump","08.PredBirdNCC_hump","08.PredBirdNCC_hump","08.PredBirdNCC_hump","08.PredBirdNCC_hump","08.PredBirdNCC_hump","08.PredBirdNCC_hump","08.PredBirdNCC_hump","","","","","","","","","","","","","","PredNCC",NA
"Pink_footed_shrw_WS_2026","Pink_footed_shrw_WS_2026","","","","","","","","","","","","","","","","","","","","","","","","","","","","","fish_eaters_hump","08.PredBirdNCC_hump","08.PredBirdNCC_hump","08.PredBirdNCC_hump","08.PredBirdNCC_hump","08.PredBirdNCC_hump","08.PredBirdNCC_hump","08.PredBirdNCC_hump","08.PredBirdNCC_hump","","","","","","","","","","","","","","PredNCC",NA
"Ancient_mrlt_WS_2026","Ancient_mrlt_WS_2026","","","","","","","","","","","","","","","","","","","","","","","","","","","","","fish_eaters_secular","08.PredBirdNCC_secular","08.PredBirdNCC_secular","08.PredBirdNCC_secular","08.PredBirdNCC_secular_0","08.PredBirdNCC_secular","08.PredBirdNCC_secular_0","08.PredBirdNCC_secular","08.PredBirdNCC_secular_0","","","","","","","","","","","","","","PredNCC",NA
"Arctic_tern_WS_2026","Arctic_tern_WS_2026","","","","","","","","","","","","","","","","","","","","","","","","","","","","","fish_eaters_secular","08.PredBirdNCC_secular","08.PredBirdNCC_secular","08.PredBirdNCC_secular","08.PredBirdNCC_secular","08.PredBirdNCC_secular","08.PredBirdNCC_secular","08.PredBirdNCC_secular","08.PredBirdNCC_secular","","","","","","","","","","","","","","PredNCC",NA
"Caspian_tern_WS_2026","Caspian_tern_WS_2026","","","","","","","","","","","","","","","","","","","","","","","","","","","","","fish_eaters_secular","08.PredBirdNCC_secular","08.PredBirdNCC_secular","08.PredBirdNCC_secular","08.PredBirdNCC_secular","08.PredBirdNCC_secular","08.PredBirdNCC_secular","08.PredBirdNCC_secular","08.PredBirdNCC_secular","","","","","","","","","","","","","","PredNCC",NA
"G_W_western_gull_WS_2026","G_W_western_gull_WS_2026","","","","","","","","","","","","","","","","","","","","","","","","","","","","","fish_eaters_secular","08.PredBirdNCC_secular","08.PredBirdNCC_secular","08.PredBirdNCC_secular","08.PredBirdNCC_secular_1","08.PredBirdNCC_secular","08.PredBirdNCC_secular_1","08.PredBirdNCC_secular","08.PredBirdNCC_secular_1","","","","","","","","","","","","","","PredNCC",NA
"Heerman_s_gull_WS_2026","Heerman_s_gull_WS_2026","","","","","","","","","","","","","","","","","","","","","","","","","","","","","fish_eaters_secular","08.PredBirdNCC_secular","08.PredBirdNCC_secular","08.PredBirdNCC_secular","08.PredBirdNCC_secular","08.PredBirdNCC_secular","08.PredBirdNCC_secular","08.PredBirdNCC_secular","08.PredBirdNCC_secular","","","","","","","","","","","","","","PredNCC",NA
"Rhinoceros_aukl_WS_2026","Rhinoceros_aukl_WS_2026","","","","","","","","","","","","","","","","","","","","","","","","","","","","","fish_eaters_secular","08.PredBirdNCC_secular","08.PredBirdNCC_secular","08.PredBirdNCC_secular","08.PredBirdNCC_secular_2","08.PredBirdNCC_secular","08.PredBirdNCC_secular_2","08.PredBirdNCC_secular","08.PredBirdNCC_secular_2","","","","","","","","","","","","","","PredNCC",NA
"Western_grebe_WS_2026","Western_grebe_WS_2026","","","","","","","","","","","","","","","","","","","","","","","","","","","","","fish_eaters_secular","08.PredBirdNCC_secular","08.PredBirdNCC_secular","08.PredBirdNCC_secular","08.PredBirdNCC_secular_3","08.PredBirdNCC_secular","08.PredBirdNCC_secular_3","08.PredBirdNCC_secular","08.PredBirdNCC_secular_3","","","","","","","","","","","","","","PredNCC",NA
"Brown_peli_1_WS_2026","Brown_peli_1_WS_2026","","","","","","","","","","","","","","","","","","","","","","","","","","","","","","","","","","","","","","08.PredBirdNCC","08.PredBirdNCC","08.PredBirdNCC","08.PredBirdNCC","08.PredBirdNCC","08.PredBirdNCC","08.PredBirdNCC","08.PredBirdNCC","08.PredBirdNCC","08.PredBirdNCC","08.PredBirdNCC","08.PredBirdNCC","08.PredBirdNCC","PredNCC","08.PredBirdNCC"
"Caspian_tern_2_WS_2026","Caspian_tern_2_WS_2026","","","","","","","","","","","","","","","","","","","","","","","","","","","","","","","","","","","","","","08.PredBirdNCC","08.PredBirdNCC","08.PredBirdNCC","08.PredBirdNCC","08.PredBirdNCC","08.PredBirdNCC","08.PredBirdNCC","08.PredBirdNCC","08.PredBirdNCC","08.PredBirdNCC","08.PredBirdNCC","08.PredBirdNCC","08.PredBirdNCC","PredNCC","08.PredBirdNCC"
"DC_corm_3_WS_2026","DC_corm_3_WS_2026","","","","","","","","","","","","","","","","","","","","","","","","","","","","","","","","","","","","","","08.PredBirdNCC","08.PredBirdNCC","08.PredBirdNCC","08.PredBirdNCC","08.PredBirdNCC","08.PredBirdNCC","08.PredBirdNCC","08.PredBirdNCC","08.PredBirdNCC","08.PredBirdNCC","08.PredBirdNCC","08.PredBirdNCC","08.PredBirdNCC","PredNCC","08.PredBirdNCC"
"Cormorants_4_WS_2026","Cormorants_4_WS_2026","","","","","","","","","","","","","","","","","","","","","","","","","","","","","","","","","","","","","","08.PredBirdNCC","08.PredBirdNCC","08.PredBirdNCC","08.PredBirdNCC","08.PredBirdNCC","08.PredBirdNCC","08.PredBirdNCC","08.PredBirdNCC","08.PredBirdNCC","08.PredBirdNCC","08.PredBirdNCC","08.PredBirdNCC","08.PredBirdNCC","PredNCC","08.PredBirdNCC"
"Fish_eating_alcids_5_WS_2026","Fish_eating_alcids_5_WS_2026","","","","","","","","","","","","","","","","","","","","","","","","","","","","","","","","","","","","","","08.PredBirdNCC","08.PredBirdNCC","08.PredBirdNCC","08.PredBirdNCC","08.PredBirdNCC","08.PredBirdNCC","08.PredBirdNCC","08.PredBirdNCC","08.PredBirdNCC","08.PredBirdNCC","08.PredBirdNCC","08.PredBirdNCC","08.PredBirdNCC","PredNCC","08.PredBirdNCC"
"Western_grebe_6_WS_2026","Western_grebe_6_WS_2026","","","","","","","","","","","","","","","","","","","","","","","","","","","","","","","","","","","","","","08.PredBirdNCC","08.PredBirdNCC","08.PredBirdNCC","08.PredBirdNCC","08.PredBirdNCC","08.PredBirdNCC","08.PredBirdNCC","08.PredBirdNCC","08.PredBirdNCC","08.PredBirdNCC","08.PredBirdNCC","08.PredBirdNCC","08.PredBirdNCC","PredNCC","08.PredBirdNCC"
"Large_gulls_7_WS_2026","Large_gulls_7_WS_2026","","","","","","","","","","","","","","","","","","","","","","","","","","","","","","","","","","","","","","08.PredBirdNCC","08.PredBirdNCC_b","08.PredBirdNCC_b_1","08.PredBirdNCC","08.PredBirdNCC_b","08.PredBirdNCC_b_1","08.PredBirdNCC","08.PredBirdNCC_b","08.PredBirdNCC_b_1","08.PredBirdNCC","08.PredBirdNCC","08.PredBirdNCC_b","08.PredBirdNCC_b_1","PredNCC",NA
"Loons_8_WS_2026","Loons_8_WS_2026","","","","","","","","","","","","","","","","","","","","","","","","","","","","","","","","","","","","","","08.PredBirdNCC","08.PredBirdNCC_b","08.PredBirdNCC_b_2","08.PredBirdNCC","08.PredBirdNCC_b","08.PredBirdNCC_b_2","08.PredBirdNCC","08.PredBirdNCC_b","08.PredBirdNCC_b_2","08.PredBirdNCC","08.PredBirdNCC","08.PredBirdNCC_b","08.PredBirdNCC_b_2","PredNCC",NA
"Common_murre_9_WS_2026","Common_murre_9_WS_2026","","","","","","","","","","","","","","","","","","","","","","","","","","","","","","","","","","","","","","08.PredBirdNCC","08.PredBirdNCC","08.PredBirdNCC","08.PredBirdNCC","08.PredBirdNCC","08.PredBirdNCC","08.PredBirdNCC","08.PredBirdNCC","08.PredBirdNCC","08.PredBirdNCC","08.PredBirdNCC","08.PredBirdNCC","08.PredBirdNCC","PredNCC","08.PredBirdNCC"
"Sooty_shrw_10_WS_2026","Sooty_shrw_10_WS_2026","","","","","","","","","","","","","","","","","","","","","","","","","","","","","","","","","","","","","","08.PredBirdNCC","08.PredBirdNCC","08.PredBirdNCC","08.PredBirdNCC","08.PredBirdNCC","08.PredBirdNCC","08.PredBirdNCC","08.PredBirdNCC","08.PredBirdNCC","08.PredBirdNCC","08.PredBirdNCC","08.PredBirdNCC","08.PredBirdNCC","PredNCC","08.PredBirdNCC"
"Shearwaters_11_WS_2026","Shearwaters_11_WS_2026","","","","","","","","","","","","","","","","","","","","","","","","","","","","","","","","","","","","","","08.PredBirdNCC","08.PredBirdNCC","08.PredBirdNCC","08.PredBirdNCC","08.PredBirdNCC","08.PredBirdNCC","08.PredBirdNCC","08.PredBirdNCC","08.PredBirdNCC","08.PredBirdNCC","08.PredBirdNCC","08.PredBirdNCC","08.PredBirdNCC","PredNCC","08.PredBirdNCC"
"hbllout_s_bigskate_all","hblloutBigskate",NA,"FishPred_WCVI","","","","","","","","","","","","","","","","","","","09.PredFishNCC","09.PredFishNCC","09.PredFishNCC","09.PredFishNCC","","09.PredFishAK","09.PredFishAK","","09.PredFishAK","09.PredFishAK","09.PredFishAK","09.PredFishAK","","09.PredFishAK","","09.PredFishAK","","09.PredFishAK","09.PredFishAK","","09.PredFishAK","","","09.PredFishAK","","","09.PredFishAK","09.PredFishAK","","","PredAK",NA
"hbllout_s_lingcod_all","hblloutLincod",NA,"FishPred_WCVI","","","","","","","","","","","","","","","","","","","09.PredFishNCC","09.PredFishNCC","09.PredFishNCC","09.PredFishNCC","","09.PredFishAK","09.PredFishAK","","09.PredFishAK","09.PredFishAK","09.PredFishAK","09.PredFishAK","","09.PredFishAK","","09.PredFishAK","","09.PredFishAK","09.PredFishAK","","09.PredFishAK","","","09.PredFishAK","","","09.PredFishAK","09.PredFishAK","","","PredAK",NA
"hbllout_s_longnoseskate_all","hblloutLongnoseSkate",NA,"FishPred_WCVI","","","","","","","","","","","","","","","","","","","09.PredFishNCC","09.PredFishNCC","09.PredFishNCC","09.PredFishNCC","","09.PredFishAK","09.PredFishAK","","09.PredFishAK","09.PredFishAK","09.PredFishAK","09.PredFishAK","","09.PredFishAK","","09.PredFishAK","","09.PredFishAK","09.PredFishAK","","09.PredFishAK","","","09.PredFishAK","","","09.PredFishAK","09.PredFishAK","","","PredAK",NA
"blackRockfish_2025","blackRockfish_SA_2025","","","","","","","","","","","09.PredFishNCC","09.PredFishNCC","09.PredFishNCC","09.PredFishNCC","09.PredFishNCC","","09.PredFishNCC",NA,"","","09.PredFishNCC","09.PredFishNCC","09.PredFishNCC","09.PredFishNCC","09.PredFishNCC","09.PredFishNCC","09.PredFishNCC","09.PredFishNCC","09.PredFishNCC","09.PredFishNCC","09.PredFishNCC","09.PredFishNCC","09.PredFishNCC","09.PredFishNCC","09.PredFishNCC","09.PredFishNCC","09.PredFishNCC","09.PredFishNCC","09.PredFishNCC","09.PredFishNCC","09.PredFishNCC","09.PredFishNCC","09.PredFishNCC","09.PredFishNCC","09.PredFishNCC","09.PredFishNCC","09.PredFishNCC","09.PredFishNCC","09.PredFishNCC","09.PredFishNCC","PredNCC","09.PredFishNCC"
"canary rockfish","canaryRockfish_2025","","","","","","","","","","","09.PredFishNCC","09.PredFishNCC_3","09.PredFishNCC","09.PredFishNCC_2","09.PredFishNCC_2","","09.PredFishNCC","09.PredFishNCC","09.PredFishNCC","","09.PredFishNCC","09.PredFishNCC","09.PredFishNCC","09.PredFishNCC","09.PredFishNCC_1","09.PredFishNCC","09.PredFishNCC","09.PredFishNCC_2","09.PredFishNCC","09.PredFishNCC","09.PredFishNCC","09.PredFishNCC","09.PredFishNCC_0","09.PredFishNCC","09.PredFishNCC_0","09.PredFishNCC_b","09.PredFishNCC_b_0","09.PredFishNCC","09.PredFishNCC_b","09.PredFishNCC_b_0","09.PredFishNCC","09.PredFishNCC_b","09.PredFishNCC_b_0","09.PredFishNCC","09.PredFishNCC_b","09.PredFishNCC_b_0","09.PredFishNCC","09.PredFishNCC","09.PredFishNCC_b","09.PredFishNCC_b_0","PredNCC",NA
"chilipepper","chilipepper_2025","","","","","","","","","","","09.PredFishNCC","09.PredFishNCC_4","09.PredFishNCC","09.PredFishNCC_3","09.PredFishNCC_3","","09.PredFishNCC","09.PredFishNCC","09.PredFishNCC","","09.PredFishNCC","09.PredFishNCC","09.PredFishNCC","09.PredFishNCC","09.PredFishNCC_2","09.PredFishNCC","09.PredFishNCC","09.PredFishNCC_3","09.PredFishNCC","09.PredFishNCC","09.PredFishNCC","09.PredFishNCC","09.PredFishNCC_1","09.PredFishNCC","09.PredFishNCC_1","09.PredFishNCC_b","09.PredFishNCC_b_1","09.PredFishNCC","09.PredFishNCC_b","09.PredFishNCC_b_1","09.PredFishNCC","09.PredFishNCC_b","09.PredFishNCC_b_1","09.PredFishNCC","09.PredFishNCC_b","09.PredFishNCC_b_1","09.PredFishNCC","09.PredFishNCC","09.PredFishNCC_b","09.PredFishNCC_b_1","PredNCC",NA
"Chinook abundance Snake fall","ChinAbundSnakeFall",NA,NA,"","","","","","","","","","","","","","","","","","","","","","","","09.PredFishNCC","09.PredFishNCC","09.PredFishNCC","09.PredFishNCC","09.PredFishNCC","09.PredFishNCC","09.PredFishNCC","09.PredFishNCC","09.PredFishNCC","09.PredFishNCC","09.PredFishNCC","09.PredFishNCC","09.PredFishNCC","09.PredFishNCC","09.PredFishNCC","09.PredFishNCC","09.PredFishNCC","09.PredFishNCC","09.PredFishNCC","09.PredFishNCC","09.PredFishNCC","09.PredFishNCC","09.PredFishNCC","09.PredFishNCC","09.PredFishNCC","PredNCC","09.PredFishNCC"
"Chinook abundance Snake spr-sum","ChinAbundSnakeSprSum",NA,NA,"","","","","","","","","","","","","","","","","","","","","","","","09.PredFishNCC","09.PredFishNCC","09.PredFishNCC","09.PredFishNCC","09.PredFishNCC","09.PredFishNCC","09.PredFishNCC","09.PredFishNCC","09.PredFishNCC","09.PredFishNCC","09.PredFishNCC","09.PredFishNCC","09.PredFishNCC","09.PredFishNCC","09.PredFishNCC","09.PredFishNCC","09.PredFishNCC","09.PredFishNCC","09.PredFishNCC","09.PredFishNCC","09.PredFishNCC","09.PredFishNCC","09.PredFishNCC","09.PredFishNCC","09.PredFishNCC","PredNCC","09.PredFishNCC"
"Chinook abundance Upper Columbia spr","ChinAbundUpColSpr",NA,NA,"","","","","","","","","","","","","","","","","","","","","","","","09.PredFishNCC","09.PredFishNCC","09.PredFishNCC","09.PredFishNCC","09.PredFishNCC","09.PredFishNCC","09.PredFishNCC","09.PredFishNCC","09.PredFishNCC","09.PredFishNCC","09.PredFishNCC","09.PredFishNCC","09.PredFishNCC","09.PredFishNCC","09.PredFishNCC","09.PredFishNCC","09.PredFishNCC","09.PredFishNCC","09.PredFishNCC","09.PredFishNCC","09.PredFishNCC","09.PredFishNCC","09.PredFishNCC","09.PredFishNCC","09.PredFishNCC","PredNCC","09.PredFishNCC"
"darkblotched rockfish","darkblotchedRockfish_2025","","","","","","","","","","","09.PredFishNCC","09.PredFishNCC_5","09.PredFishNCC","09.PredFishNCC_4","09.PredFishNCC_4","","09.PredFishNCC","09.PredFishNCC","09.PredFishNCC","","09.PredFishNCC","09.PredFishNCC","09.PredFishNCC","09.PredFishNCC","09.PredFishNCC_3","09.PredFishNCC","09.PredFishNCC","09.PredFishNCC_4","09.PredFishNCC","09.PredFishNCC","09.PredFishNCC","09.PredFishNCC","09.PredFishNCC_2","09.PredFishNCC","09.PredFishNCC_2","09.PredFishNCC_b","09.PredFishNCC_b","09.PredFishNCC","09.PredFishNCC_b","09.PredFishNCC_b","09.PredFishNCC","09.PredFishNCC_b","09.PredFishNCC_b","09.PredFishNCC","09.PredFishNCC_b","09.PredFishNCC_b","09.PredFishNCC","09.PredFishNCC","09.PredFishNCC_b","09.PredFishNCC_b","PredNCC","09.PredFishNCC_b"
"greenstriped rockfish","greestripedRockfish_2025","","","","","","","","","","","09.PredFishNCC","09.PredFishNCC_6","09.PredFishNCC","09.PredFishNCC_5","09.PredFishNCC_5","","09.PredFishNCC","09.PredFishNCC","09.PredFishNCC","","09.PredFishNCC","09.PredFishNCC","09.PredFishNCC","09.PredFishNCC","09.PredFishNCC_4","09.PredFishNCC","09.PredFishNCC","09.PredFishNCC_5","09.PredFishNCC","09.PredFishNCC","09.PredFishNCC","09.PredFishNCC","09.PredFishNCC_3","09.PredFishNCC","09.PredFishNCC_3","09.PredFishNCC_b","09.PredFishNCC_b","09.PredFishNCC","09.PredFishNCC_b","09.PredFishNCC_b","09.PredFishNCC","09.PredFishNCC_b","09.PredFishNCC_b","09.PredFishNCC","09.PredFishNCC_b","09.PredFishNCC_b","09.PredFishNCC","09.PredFishNCC","09.PredFishNCC_b","09.PredFishNCC_b","PredNCC","09.PredFishNCC_b"
"HakeAge5Plus_2025","HakeAge5Plus_2025","","","","","","","","09.PredFishNCC","09.PredFishNCC_0","09.PredFishNCC","09.PredFishNCC","09.PredFishNCC_0","09.PredFishNCC","09.PredFishNCC","09.PredFishNCC","","09.PredFishNCC","09.PredFishNCC","09.PredFishNCC","","09.PredFishNCC","09.PredFishNCC","09.PredFishNCC","09.PredFishNCC","09.PredFishNCC_0","09.PredFishNCC","09.PredFishNCC","09.PredFishNCC_0","09.PredFishNCC","09.PredFishNCC","09.PredFishNCC","09.PredFishNCC","09.PredFishNCC_4","09.PredFishNCC","09.PredFishNCC_4","09.PredFishNCC_b","09.PredFishNCC_b","09.PredFishNCC","09.PredFishNCC_b","09.PredFishNCC_b","09.PredFishNCC","09.PredFishNCC_b","09.PredFishNCC_b","09.PredFishNCC","09.PredFishNCC_b","09.PredFishNCC_b","09.PredFishNCC","09.PredFishNCC","09.PredFishNCC_b","09.PredFishNCC_b","PredNCC","09.PredFishNCC_b"
"hakeFisheryWA.cpue","hakeFisheryWA_2025","","","","","","","","","","","09.PredFishNCC","09.PredFishNCC","09.PredFishNCC","09.PredFishNCC","09.PredFishNCC","","09.PredFishNCC",NA,"","","09.PredFishNCC","09.PredFishNCC","09.PredFishNCC","09.PredFishNCC","09.PredFishNCC","09.PredFishNCC","09.PredFishNCC","09.PredFishNCC","09.PredFishNCC","09.PredFishNCC","09.PredFishNCC","09.PredFishNCC","09.PredFishNCC_5","09.PredFishNCC","09.PredFishNCC_5","09.PredFishNCC_b","09.PredFishNCC_b","09.PredFishNCC","09.PredFishNCC_b","09.PredFishNCC_b","09.PredFishNCC","09.PredFishNCC_b","09.PredFishNCC_b","09.PredFishNCC","09.PredFishNCC_b","09.PredFishNCC_b","09.PredFishNCC","09.PredFishNCC","09.PredFishNCC_b","09.PredFishNCC_b","PredNCC","09.PredFishNCC_b"
"iphc20_bigskate_all","iphc20bigSkate","09.PredFishNCC","FishPred_WCVI","09.PredFishNCC","09.PredFishNCC_1","09.PredFishNCC","09.PredFishNCC_0","09.PredFishNCC_1","09.PredFishNCC","09.PredFishNCC","09.PredFishNCC","09.PredFishNCC","09.PredFishNCC_1","09.PredFishNCC","09.PredFishNCC_0","09.PredFishNCC_0","","09.PredFishNCC","09.PredFishNCC","09.PredFishNCC","","09.PredFishNCC","09.PredFishNCC","09.PredFishNCC","09.PredFishNCC","09.PredFishNCC_5","09.PredFishNCC","09.PredFishNCC","09.PredFishNCC_6","09.PredFishNCC","09.PredFishNCC","09.PredFishNCC","09.PredFishNCC","09.PredFishNCC_6","09.PredFishNCC","09.PredFishNCC_6","09.PredFishNCC_b","09.PredFishNCC_b","09.PredFishNCC","09.PredFishNCC_b","09.PredFishNCC_b","09.PredFishNCC","09.PredFishNCC_b","09.PredFishNCC_b","09.PredFishNCC","09.PredFishNCC_b","09.PredFishNCC_b","09.PredFishNCC","09.PredFishNCC","09.PredFishNCC_b","09.PredFishNCC_b","PredNCC","09.PredFishNCC_b"
"iphc20_pacifichalibut_all","iphc20halibut","09.PredFishNCC","FishPred_WCVI","09.PredFishNCC","09.PredFishNCC","09.PredFishNCC","09.PredFishNCC","09.PredFishNCC","09.PredFishNCC","09.PredFishNCC","09.PredFishNCC","09.PredFishNCC","09.PredFishNCC","09.PredFishNCC","09.PredFishNCC","09.PredFishNCC","","09.PredFishNCC","09.PredFishNCC","09.PredFishNCC","","09.PredFishNCC","09.PredFishNCC","09.PredFishNCC","09.PredFishNCC","09.PredFishNCC","09.PredFishNCC","09.PredFishNCC","09.PredFishNCC","09.PredFishNCC","09.PredFishNCC","09.PredFishNCC","09.PredFishNCC","09.PredFishNCC","09.PredFishNCC","09.PredFishNCC","09.PredFishNCC","09.PredFishNCC","09.PredFishNCC","09.PredFishNCC","09.PredFishNCC","09.PredFishNCC","09.PredFishNCC","09.PredFishNCC","09.PredFishNCC","09.PredFishNCC","09.PredFishNCC","09.PredFishNCC","09.PredFishNCC","09.PredFishNCC","09.PredFishNCC","PredNCC","09.PredFishNCC"
"iphc20_longnoseskate_all","iphc20longnoseSkate","09.PredFishNCC","FishPred_WCVI","09.PredFishNCC","09.PredFishNCC","09.PredFishNCC","09.PredFishNCC","09.PredFishNCC","09.PredFishNCC","09.PredFishNCC","09.PredFishNCC","09.PredFishNCC","09.PredFishNCC","09.PredFishNCC","09.PredFishNCC","09.PredFishNCC","","09.PredFishNCC","09.PredFishNCC","09.PredFishNCC","","09.PredFishNCC","09.PredFishNCC","09.PredFishNCC","09.PredFishNCC","09.PredFishNCC","09.PredFishNCC","09.PredFishNCC","09.PredFishNCC","09.PredFishNCC","09.PredFishNCC","09.PredFishNCC","09.PredFishNCC","09.PredFishNCC","09.PredFishNCC","09.PredFishNCC","09.PredFishNCC","09.PredFishNCC","09.PredFishNCC","09.PredFishNCC","09.PredFishNCC","09.PredFishNCC","09.PredFishNCC","09.PredFishNCC","09.PredFishNCC","09.PredFishNCC","09.PredFishNCC","09.PredFishNCC","09.PredFishNCC","09.PredFishNCC","09.PredFishNCC","PredNCC","09.PredFishNCC"
"Jack mackerel - NCC","jackMack_NCC","04.CompFishNCC","Comp_NCC","04.CompFishNCC","04.CompFishNCC","04.CompFishNCC","04.CompFishNCC","04.CompFishNCC","04.CompFishNCC","04.CompFishNCC","04.CompFishNCC","","","","","","","","","","","09.PredFishNCC","09.PredFishNCC","09.PredFishNCC","09.PredFishNCC","09.PredFishNCC","09.PredFishNCC","09.PredFishNCC","09.PredFishNCC","09.PredFishNCC","09.PredFishNCC","09.PredFishNCC","09.PredFishNCC","09.PredFishNCC","09.PredFishNCC","09.PredFishNCC","09.PredFishNCC","09.PredFishNCC","09.PredFishNCC","09.PredFishNCC","09.PredFishNCC","09.PredFishNCC","09.PredFishNCC","09.PredFishNCC","09.PredFishNCC","09.PredFishNCC","09.PredFishNCC","09.PredFishNCC","09.PredFishNCC","09.PredFishNCC","09.PredFishNCC","PredNCC","09.PredFishNCC"
"jackmackerel_gam","jackmackerel_GAM_2025","","","","","","","","","","","05.ForageFishNCC","05.ForageFishNCC_2","05.ForageFishNCC","05.ForageFishNCC_2","05.ForageFishNCC_2","","05.ForageFishNCC","05.ForageFishNCC","05.ForageFishNCC","","05.ForageFishNCC","05.ForageFishNCC","05.ForageFishNCC","05.ForageFishNCC","05.ForageFishNCC_12","09.PredFishNCC","09.PredFishNCC","09.PredFishNCC_7","09.PredFishNCC","09.PredFishNCC","09.PredFishNCC","09.PredFishNCC","09.PredFishNCC_7","09.PredFishNCC","09.PredFishNCC_7","09.PredFishNCC_b","09.PredFishNCC_b","09.PredFishNCC","09.PredFishNCC_b","09.PredFishNCC_b","09.PredFishNCC","09.PredFishNCC_b","09.PredFishNCC_b","09.PredFishNCC","09.PredFishNCC_b","09.PredFishNCC_b","09.PredFishNCC","09.PredFishNCC","09.PredFishNCC_b","09.PredFishNCC_b","PredNCC","09.PredFishNCC_b"
"lingcod","lingcod_2025","","","","","","","","","","","09.PredFishNCC","09.PredFishNCC","09.PredFishNCC","09.PredFishNCC","09.PredFishNCC","","09.PredFishNCC","09.PredFishNCC","09.PredFishNCC","","09.PredFishNCC","09.PredFishNCC","09.PredFishNCC","09.PredFishNCC","09.PredFishNCC","09.PredFishNCC","09.PredFishNCC","09.PredFishNCC","09.PredFishNCC","09.PredFishNCC","09.PredFishNCC","09.PredFishNCC","09.PredFishNCC","09.PredFishNCC","09.PredFishNCC","09.PredFishNCC","09.PredFishNCC","09.PredFishNCC","09.PredFishNCC","09.PredFishNCC","09.PredFishNCC","09.PredFishNCC","09.PredFishNCC","09.PredFishNCC","09.PredFishNCC","09.PredFishNCC","09.PredFishNCC","09.PredFishNCC","09.PredFishNCC","09.PredFishNCC","PredNCC","09.PredFishNCC"
"lingcodSA_2026","lingcodSA_2026","","","","","","","","","","","","","","","","","","","","","","","","","","","","","","","09.PredFishNCC","09.PredFishNCC","09.PredFishNCC","09.PredFishNCC","09.PredFishNCC","09.PredFishNCC","09.PredFishNCC","09.PredFishNCC","09.PredFishNCC","09.PredFishNCC","09.PredFishNCC","09.PredFishNCC","09.PredFishNCC","09.PredFishNCC","09.PredFishNCC","09.PredFishNCC","09.PredFishNCC","09.PredFishNCC","09.PredFishNCC","09.PredFishNCC","PredNCC","09.PredFishNCC"
"pacificmackerel_gam","pacificmackerel_GAM_2025","","","","","","","","","","","05.ForageFishNCC","05.ForageFishNCC_3","05.ForageFishNCC","05.ForageFishNCC_3","05.ForageFishNCC_3","","05.ForageFishNCC","05.ForageFishNCC","05.ForageFishNCC","","05.ForageFishNCC","05.ForageFishNCC","05.ForageFishNCC","05.ForageFishNCC","05.ForageFishNCC_14","09.PredFishNCC","09.PredFishNCC","09.PredFishNCC_8","09.PredFishNCC","09.PredFishNCC","09.PredFishNCC","09.PredFishNCC","09.PredFishNCC_9","09.PredFishNCC","09.PredFishNCC_8","09.PredFishNCC_b","09.PredFishNCC_b","09.PredFishNCC","09.PredFishNCC_b","09.PredFishNCC_b","09.PredFishNCC","09.PredFishNCC_b","09.PredFishNCC_b","09.PredFishNCC","09.PredFishNCC_b","09.PredFishNCC_b","09.PredFishNCC","09.PredFishNCC","09.PredFishNCC_b","09.PredFishNCC_b","PredNCC","09.PredFishNCC_b"
"Pacific spiny dogfish","PacificSpinyDogfish_2025","","","","","","","","","","","09.PredFishNCC","09.PredFishNCC_2","09.PredFishNCC","09.PredFishNCC_1","09.PredFishNCC_1","","09.PredFishNCC","09.PredFishNCC","09.PredFishNCC","","","","","","","09.PredFishNCC","09.PredFishNCC","09.PredFishNCC_1","","09.PredFishNCC","09.PredFishNCC","09.PredFishNCC","09.PredFishNCC_8","09.PredFishNCC","09.PredFishNCC_9","09.PredFishNCC_b","09.PredFishNCC_b","09.PredFishNCC","09.PredFishNCC_b","09.PredFishNCC_b","09.PredFishNCC","09.PredFishNCC_b","09.PredFishNCC_b","09.PredFishNCC","09.PredFishNCC_b","09.PredFishNCC_b","09.PredFishNCC","09.PredFishNCC","09.PredFishNCC_b","09.PredFishNCC_b","PredNCC","09.PredFishNCC_b"
"Pacific spiny dogfish - NCC","spinyDog_NCC",NA,"FishPred_NCC","","","","","","","","","","","","","","","","","","","","","","","","","","","","09.PredFishNCC","09.PredFishNCC","09.PredFishNCC","","09.PredFishNCC","","","","09.PredFishNCC","","","09.PredFishNCC","","","09.PredFishNCC","","","09.PredFishNCC","09.PredFishNCC","","","PredNCC",NA
"stripetail rockfish","stripetailRockfish_2025","","","","","","","","","","","09.PredFishNCC","09.PredFishNCC","09.PredFishNCC","09.PredFishNCC","09.PredFishNCC","","09.PredFishNCC","09.PredFishNCC","09.PredFishNCC","","","","","","","","","","","09.PredFishNCC","09.PredFishNCC","09.PredFishNCC","09.PredFishNCC","09.PredFishNCC","09.PredFishNCC","09.PredFishNCC","09.PredFishNCC","09.PredFishNCC","09.PredFishNCC","09.PredFishNCC","09.PredFishNCC","09.PredFishNCC","09.PredFishNCC","09.PredFishNCC","09.PredFishNCC","09.PredFishNCC","09.PredFishNCC","09.PredFishNCC","09.PredFishNCC","09.PredFishNCC","PredNCC","09.PredFishNCC"
"synwcvi_arrowtoothflounder_mature","synWCVIarrowtoothFloundMature",NA,"FishPred_WCVI","","","","","","","","","","","","","","","","","","","","","","","","","","","","09.PredFishNCC","09.PredFishNCC","09.PredFishNCC","","09.PredFishNCC","","","","09.PredFishNCC","","","09.PredFishNCC","","","09.PredFishNCC","","","09.PredFishNCC","09.PredFishNCC","","","PredNCC",NA
"synwcvi_bigskate_all","synWCVIbigSkate",NA,"FishPred_WCVI","","","","","","","","","","","","","","","","","","","","","","","","","","","","09.PredFishNCC","09.PredFishNCC","09.PredFishNCC","","09.PredFishNCC","","","","09.PredFishNCC","","","09.PredFishNCC","","","09.PredFishNCC","","","09.PredFishNCC","09.PredFishNCC","","","PredNCC",NA
"synwcvi_canaryrockfish_mature","synWCVIcanaryRockMature",NA,"FishPred_WCVI","","","","","","","","","","","","","","","","","","","","","","","","","","","","09.PredFishNCC","09.PredFishNCC","09.PredFishNCC","","09.PredFishNCC","","","","09.PredFishNCC","","","09.PredFishNCC","","","09.PredFishNCC","","","09.PredFishNCC","09.PredFishNCC","","","PredNCC",NA
"synwcvi_pacificcod_mature","synWCVIcodMature",NA,"FishPred_WCVI","","","","","","","","","","","","","","","","","","","","","","","","","","","","09.PredFishNCC","09.PredFishNCC","09.PredFishNCC","","09.PredFishNCC","","","","09.PredFishNCC","","","09.PredFishNCC","","","09.PredFishNCC","","","09.PredFishNCC","09.PredFishNCC","","","PredNCC",NA
"synwcvi_lingcod_immature","synWCVIlingcodImmature",NA,"FishPred_WCVI","","","","","","","","","","","","","","","","","","","","","","","","","","","","09.PredFishNCC","09.PredFishNCC","09.PredFishNCC","","09.PredFishNCC","","","","09.PredFishNCC","","","09.PredFishNCC","","","09.PredFishNCC","","","09.PredFishNCC","09.PredFishNCC","","","PredNCC",NA
"synwcvi_longnoseskate_all","synWCVIlongnoseSkate",NA,"FishPred_WCVI","","","","","","","","","","","","","","","","","","","","","","","","","","","","09.PredFishNCC","09.PredFishNCC","09.PredFishNCC","","09.PredFishNCC","","","","09.PredFishNCC","","","09.PredFishNCC","","","09.PredFishNCC","","","09.PredFishNCC","09.PredFishNCC","","","PredNCC",NA
"synwcvi_northpacific_spiny_dogfish_mature","synWCVIspinyDogMature",NA,"FishPred_WCVI","","","","","","","","","","","","","","","","","","","","","","","","","","","","09.PredFishNCC","09.PredFishNCC","09.PredFishNCC","","09.PredFishNCC","","","","09.PredFishNCC","","","09.PredFishNCC","","","09.PredFishNCC","","","09.PredFishNCC","09.PredFishNCC","","","PredNCC",NA
"synwcvi_yellowtailrockfish_mature","synWCVIyellowTailRockMature",NA,"FishPred_WCVI","","","","","","","","","","","","","","","","","","","","","","","","","","","","09.PredFishNCC","09.PredFishNCC","09.PredFishNCC","","09.PredFishNCC","","","","09.PredFishNCC","","","09.PredFishNCC","","","09.PredFishNCC","","","09.PredFishNCC","09.PredFishNCC","","","PredNCC",NA
"AllSeaLionsBonn_2yrLead_2025","AllSeaLionsBonn_2yrLead_2025","","","","","","","","","","","","","","","","","","","","","","","","","","","","","","","","","","10.PredMammalNCC","10.PredMammalNCC","10.PredMammalNCC","10.PredMammalNCC","10.PredMammalNCC","10.PredMammalNCC","10.PredMammalNCC","10.PredMammalNCC","10.PredMammalNCC","10.PredMammalNCC","10.PredMammalNCC","10.PredMammalNCC","10.PredMammalNCC","10.PredMammalNCC","10.PredMammalNCC","10.PredMammalNCC","10.PredMammalNCC","PredAK","10.PredMammalNCC"
"AllSeaLionsEMB_2yrLead_2025","AllSeaLionsEMB_2yrLead_2025","","","","","10.PredMammalNCC","10.PredMammalNCC","10.PredMammalNCC","10.PredMammalNCC","10.PredMammalNCC","10.PredMammalNCC","10.PredMammalNCC","10.PredMammalNCC","10.PredMammalNCC","10.PredMammalNCC","10.PredMammalNCC","","10.PredMammalNCC","10.PredMammalNCC","10.PredMammalNCC","","10.PredMammalNCC","10.PredMammalNCC","10.PredMammalNCC","10.PredMammalNCC","10.PredMammalNCC","10.PredMammalNCC","10.PredMammalNCC","10.PredMammalNCC","10.PredMammalNCC","10.PredMammalNCC","10.PredMammalNCC","10.PredMammalNCC","10.PredMammalNCC","10.PredMammalNCC","10.PredMammalNCC","10.PredMammalNCC","10.PredMammalNCC","10.PredMammalNCC","10.PredMammalNCC","10.PredMammalNCC","10.PredMammalNCC","10.PredMammalNCC","10.PredMammalNCC","10.PredMammalNCC","10.PredMammalNCC","10.PredMammalNCC","10.PredMammalNCC","10.PredMammalNCC","10.PredMammalNCC","10.PredMammalNCC","PredAK","10.PredMammalNCC"
"Californian_s_l_2yrLead_WS_2026","Californian_s_l_2yrLead_WS_2026","","","","","","","","","","","","","","","","","","","","","","","","","","","","","fish_eaters_mammals_b","10.PredMammalNCC","10.PredMammalNCC","10.PredMammalNCC","10.PredMammalNCC_0","10.PredMammalNCC","10.PredMammalNCC","10.PredMammalNCC","10.PredMammalNCC","10.PredMammalNCC","10.PredMammalNCC","10.PredMammalNCC","10.PredMammalNCC","10.PredMammalNCC","10.PredMammalNCC","10.PredMammalNCC","10.PredMammalNCC","10.PredMammalNCC","10.PredMammalNCC","10.PredMammalNCC","10.PredMammalNCC","10.PredMammalNCC_0","PredAK",NA
"Harbor_seal_CR_2yrLead_2025","Harbor_seal_CR_2yrLead_2025","","","","","10.PredMammalNCC","10.PredMammalNCC","","10.PredMammalNCC","","10.PredMammalNCC","10.PredMammalNCC","","10.PredMammalNCC","","10.PredMammalNCC_0","","10.PredMammalNCC","10.PredMammalNCC","10.PredMammalNCC","","10.PredMammalNCC","10.PredMammalNCC","10.PredMammalNCC","10.PredMammalNCC","10.PredMammalNCC_0","10.PredMammalNCC","10.PredMammalNCC","10.PredMammalNCC_0","10.PredMammalNCC","11.PredMammalSmolt","11.PredMammalSmolt","11.PredMammalSmolt","11.PredMammalSmolt_0","10.PredMammalNCC","10.PredMammalNCC_0","10.PredMammalNCC","10.PredMammalNCC_0","10.PredMammalNCC","10.PredMammalNCC","10.PredMammalNCC_0","10.PredMammalNCC","10.PredMammalNCC","10.PredMammalNCC_0","10.PredMammalNCC","10.PredMammalNCC","10.PredMammalNCC_0","10.PredMammalNCC","10.PredMammalNCC","10.PredMammalNCC","10.PredMammalNCC_1","PredAK",NA
"Harbour_s_2yrLead_WS_2026","Harbour_s_2yrLead_WS_2026","","","","","","","","","","","","","","","","","","","","","","","","","","","","","fish_eaters_mammals","11.PredMammalSmolt","11.PredMammalSmolt","11.PredMammalSmolt","11.PredMammalSmolt","10.PredMammalNCC","10.PredMammalNCC_1","10.PredMammalNCC","10.PredMammalNCC_1","10.PredMammalNCC","10.PredMammalNCC","10.PredMammalNCC_1","10.PredMammalNCC","10.PredMammalNCC","10.PredMammalNCC_1","10.PredMammalNCC","10.PredMammalNCC","10.PredMammalNCC_1","10.PredMammalNCC","10.PredMammalNCC","10.PredMammalNCC","10.PredMammalNCC_2","PredAK",NA
"Killer.whales.BC_2yrLead_2025","Killer.whales.BC_2yrLead_2025","11.PredMammalBC","MammalPred","10.PredMammalNCC","10.PredMammalNCC","10.PredMammalNCC","10.PredMammalNCC","10.PredMammalNCC","10.PredMammalNCC","10.PredMammalNCC","10.PredMammalNCC","10.PredMammalNCC","10.PredMammalNCC","10.PredMammalNCC","10.PredMammalNCC","10.PredMammalNCC","","10.PredMammalNCC","10.PredMammalNCC","10.PredMammalNCC","","10.PredMammalNCC","10.PredMammalNCC","10.PredMammalNCC","10.PredMammalNCC","10.PredMammalNCC","10.PredMammalNCC","10.PredMammalNCC","10.PredMammalNCC","10.PredMammalNCC","10.PredMammalNCC","10.PredMammalNCC","10.PredMammalNCC","10.PredMammalNCC","10.PredMammalNCC","10.PredMammalNCC","10.PredMammalNCC","10.PredMammalNCC","10.PredMammalNCC","10.PredMammalNCC","10.PredMammalNCC","10.PredMammalNCC","10.PredMammalNCC","10.PredMammalNCC","10.PredMammalNCC","10.PredMammalNCC","10.PredMammalNCC","","","","","PredAK",NA
"Killer.whales.NR.BC_2yrLead_2026","Killer.whales.NR.BC_2yrLead_2026","","","","","","","","","","","","","","","","","","","","","","","","","","","","","","","","","","","","","","","","","","","","","","","10.PredMammalNCC","10.PredMammalNCC","10.PredMammalNCC","10.PredMammalNCC","PredAK","10.PredMammalNCC"
"Northern_f_s_2yrLead_WS_2026","Northern_f_s_2yrLead_WS_2026","","","","","","","","","","","","","","","","","","","","","","","","","","","","","fish_eaters_mammals_b","10.PredMammalNCC","10.PredMammalNCC","10.PredMammalNCC","10.PredMammalNCC_1","10.PredMammalNCC","10.PredMammalNCC_2","10.PredMammalNCC","10.PredMammalNCC_2","10.PredMammalNCC","10.PredMammalNCC","10.PredMammalNCC_2","10.PredMammalNCC","10.PredMammalNCC","10.PredMammalNCC_2","10.PredMammalNCC","10.PredMammalNCC","10.PredMammalNCC_2","10.PredMammalNCC","10.PredMammalNCC","10.PredMammalNCC","10.PredMammalNCC_3","PredAK",NA
"ssl.est.wholerange_2yrLead","ssl.est.wholerange_2yrLead","11.PredMammalBC","MammalPred","10.PredMammalNCC","10.PredMammalNCC","10.PredMammalNCC","10.PredMammalNCC","10.PredMammalNCC","10.PredMammalNCC","10.PredMammalNCC","10.PredMammalNCC","10.PredMammalNCC","10.PredMammalNCC","10.PredMammalNCC","10.PredMammalNCC","10.PredMammalNCC","","10.PredMammalNCC","10.PredMammalNCC","10.PredMammalNCC","","10.PredMammalNCC","10.PredMammalNCC","10.PredMammalNCC","10.PredMammalNCC","10.PredMammalNCC","10.PredMammalNCC","10.PredMammalNCC","10.PredMammalNCC","10.PredMammalNCC","10.PredMammalNCC","10.PredMammalNCC","10.PredMammalNCC","10.PredMammalNCC","10.PredMammalNCC","10.PredMammalNCC","10.PredMammalNCC","10.PredMammalNCC","10.PredMammalNCC","10.PredMammalNCC","10.PredMammalNCC","10.PredMammalNCC","10.PredMammalNCC","10.PredMammalNCC","10.PredMammalNCC","10.PredMammalNCC","10.PredMammalNCC","10.PredMammalNCC","10.PredMammalNCC","10.PredMammalNCC","10.PredMammalNCC","PredAK","10.PredMammalNCC"
"Steller_s_l_2yrLead_WS_2026","Steller_s_l_2yrLead_WS_2026","","","","","","","","","","","","","","","","","","","","","","","","","","","","","fish_eaters_mammals","10.PredMammalNCC","10.PredMammalNCC","10.PredMammalNCC","10.PredMammalNCC","10.PredMammalNCC","10.PredMammalNCC","10.PredMammalNCC","10.PredMammalNCC","10.PredMammalNCC","10.PredMammalNCC","10.PredMammalNCC","10.PredMammalNCC","10.PredMammalNCC","10.PredMammalNCC","10.PredMammalNCC","10.PredMammalNCC","10.PredMammalNCC","10.PredMammalNCC","10.PredMammalNCC","10.PredMammalNCC","10.PredMammalNCC","PredAK","10.PredMammalNCC"
"Harbor_seal_CR_2025","Harbor_seal_CR_2025","","","","","10.PredMammalNCC","10.PredMammalNCC","","10.PredMammalNCC","","10.PredMammalNCC","10.PredMammalNCC","","10.PredMammalNCC","","10.PredMammalNCC_0","","10.PredMammalNCC","10.PredMammalNCC","10.PredMammalNCC","","10.PredMammalNCC","10.PredMammalNCC","10.PredMammalNCC","10.PredMammalNCC","10.PredMammalNCC_0","10.PredMammalNCC","10.PredMammalNCC","10.PredMammalNCC_0","10.PredMammalNCC","11.PredMammalSmolt","11.PredMammalSmolt","11.PredMammalSmolt","11.PredMammalSmolt_0","11.PredMammalSmolt","11.PredMammalSmolt_0","11.PredMammalSmolt","11.PredMammalSmolt_0","11.PredMammalSmolt","11.PredMammalSmolt","11.PredMammalSmolt_0","11.PredMammalSmolt","11.PredMammalSmolt","11.PredMammalSmolt_0","11.PredMammalSmolt","11.PredMammalSmolt","11.PredMammalSmolt_0","11.PredMammalSmolt","11.PredMammalSmolt","11.PredMammalSmolt","11.PredMammalSmolt_0","PredNCC",NA
"Harbour_p_WS_2026","Harbour_p_WS_2026","","","","","","","","","","","","","","","","","","","","","","","","","","","","","fish_eaters_mammals_b","11.PredMammalSmolt","11.PredMammalSmolt","11.PredMammalSmolt","11.PredMammalSmolt","11.PredMammalSmolt","11.PredMammalSmolt","11.PredMammalSmolt","11.PredMammalSmolt","11.PredMammalSmolt","11.PredMammalSmolt","11.PredMammalSmolt","11.PredMammalSmolt","11.PredMammalSmolt","11.PredMammalSmolt","11.PredMammalSmolt","11.PredMammalSmolt","11.PredMammalSmolt","11.PredMammalSmolt","11.PredMammalSmolt","11.PredMammalSmolt","11.PredMammalSmolt","PredNCC","11.PredMammalSmolt"
"Harbour_s_WS_2026","Harbour_s_WS_2026","","","","","","","","","","","","","","","","","","","","","","","","","","","","","fish_eaters_mammals","11.PredMammalSmolt","11.PredMammalSmolt","11.PredMammalSmolt","11.PredMammalSmolt","11.PredMammalSmolt","11.PredMammalSmolt","11.PredMammalSmolt","11.PredMammalSmolt","11.PredMammalSmolt","11.PredMammalSmolt","11.PredMammalSmolt","11.PredMammalSmolt","11.PredMammalSmolt","11.PredMammalSmolt","11.PredMammalSmolt","11.PredMammalSmolt","11.PredMammalSmolt","11.PredMammalSmolt","11.PredMammalSmolt","11.PredMammalSmolt","11.PredMammalSmolt","PredNCC","11.PredMammalSmolt"
"log_biomass_amphipod_wcvi_shelf_summer","biomassAmphShelfSum","12.ZooPreyAK","Prey_WCVI","12.ZooPreyAK","12.ZooPreyAK","12.ZooPreyAK","12.ZooPreyAK","12.ZooPreyAK","12.ZooPreyAK","12.ZooPreyAK","12.ZooPreyAK","12.ZooPreyAK","12.ZooPreyAK","12.ZooPreyAK","12.ZooPreyAK","12.ZooPreyAK","","12.ZooPreyAK","12.ZooPreyAK","12.ZooPreyAK","","12.ZooPreyAK","12.ZooPreyAK","12.ZooPreyAK","12.ZooPreyAK","12.ZooPreyAK","12.ZooPreyAK","12.ZooPreyAK","12.ZooPreyAK","12.ZooPreyAK","12.ZooPreyAK","12.ZooPreyAK","12.ZooPreyAK","12.ZooPreyAK","12.ZooPreyAK","12.ZooPreyAK","12.ZooPreyAK","12.ZooPreyAK","12.ZooPreyAK","12.ZooPreyAK","12.ZooPreyAK","12.ZooPreyAK","12.ZooPreyAK","12.ZooPreyAK","12.ZooPreyAK","12.ZooPreyAK","12.ZooPreyAK","12.ZooPreyAK","12.ZooPreyAK","12.ZooPreyAK","12.ZooPreyAK","PreyAK","12.ZooPreyAK"
"log_biomass_decapod_larvae_wcvi_shelf_summer","biomassDecaShelfSum","12.ZooPreyAK","Prey_WCVI","12.ZooPreyAK","12.ZooPreyAK","12.ZooPreyAK","12.ZooPreyAK","12.ZooPreyAK","12.ZooPreyAK","12.ZooPreyAK","12.ZooPreyAK","12.ZooPreyAK","12.ZooPreyAK","12.ZooPreyAK","12.ZooPreyAK","12.ZooPreyAK","","12.ZooPreyAK","12.ZooPreyAK","12.ZooPreyAK","","12.ZooPreyAK","12.ZooPreyAK","12.ZooPreyAK","12.ZooPreyAK","12.ZooPreyAK","12.ZooPreyAK","12.ZooPreyAK","12.ZooPreyAK","12.ZooPreyAK","12.ZooPreyAK","12.ZooPreyAK","12.ZooPreyAK","12.ZooPreyAK","12.ZooPreyAK","12.ZooPreyAK","12.ZooPreyAK","12.ZooPreyAK","12.ZooPreyAK","12.ZooPreyAK","12.ZooPreyAK","12.ZooPreyAK","12.ZooPreyAK","12.ZooPreyAK","12.ZooPreyAK","12.ZooPreyAK","12.ZooPreyAK","12.ZooPreyAK","12.ZooPreyAK","12.ZooPreyAK","12.ZooPreyAK","PreyAK","12.ZooPreyAK_0"
"log_biomass_euphusiid_wcvi_shelf_summer","biomassEuphShelfSum","12.ZooPreyAK","Prey_WCVI","12.ZooPreyAK","12.ZooPreyAK","12.ZooPreyAK","12.ZooPreyAK","12.ZooPreyAK","12.ZooPreyAK","12.ZooPreyAK","12.ZooPreyAK","12.ZooPreyAK","12.ZooPreyAK","12.ZooPreyAK","12.ZooPreyAK","12.ZooPreyAK","","12.ZooPreyAK","12.ZooPreyAK","12.ZooPreyAK","","12.ZooPreyAK","12.ZooPreyAK","12.ZooPreyAK","12.ZooPreyAK","12.ZooPreyAK","12.ZooPreyAK","12.ZooPreyAK","12.ZooPreyAK","12.ZooPreyAK","12.ZooPreyAK","12.ZooPreyAK","12.ZooPreyAK","12.ZooPreyAK","12.ZooPreyAK","12.ZooPreyAK","12.ZooPreyAK","12.ZooPreyAK","12.ZooPreyAK","12.ZooPreyAK","12.ZooPreyAK","12.ZooPreyAK","12.ZooPreyAK","12.ZooPreyAK","12.ZooPreyAK","12.ZooPreyAK","12.ZooPreyAK","12.ZooPreyAK","12.ZooPreyAK","12.ZooPreyAK","12.ZooPreyAK","PreyAK","12.ZooPreyAK"
"log_biomass_mysid_wcvi_shelf_summer","biomassMysidShelfSum","12.ZooPreyAK","Prey_WCVI","12.ZooPreyAK","12.ZooPreyAK_3","12.ZooPreyAK","12.ZooPreyAK_2","12.ZooPreyAK","12.ZooPreyAK","12.ZooPreyAK","12.ZooPreyAK","12.ZooPreyAK","12.ZooPreyAK","12.ZooPreyAK","12.ZooPreyAK","12.ZooPreyAK","","12.ZooPreyAK","12.ZooPreyAK","12.ZooPreyAK","","12.ZooPreyAK","12.ZooPreyAK","12.ZooPreyAK","12.ZooPreyAK","12.ZooPreyAK","12.ZooPreyAK","12.ZooPreyAK","12.ZooPreyAK","12.ZooPreyAK","12.ZooPreyAK","12.ZooPreyAK","12.ZooPreyAK","12.ZooPreyAK","12.ZooPreyAK","12.ZooPreyAK","12.ZooPreyAK","12.ZooPreyAK","12.ZooPreyAK","12.ZooPreyAK","12.ZooPreyAK","12.ZooPreyAK","12.ZooPreyAK","12.ZooPreyAK","12.ZooPreyAK","12.ZooPreyAK","12.ZooPreyAK","12.ZooPreyAK","12.ZooPreyAK","12.ZooPreyAK","12.ZooPreyAK","PreyAK","12.ZooPreyAK"
"Copepod biomass","copepodBiomass_WGoA","12.ZooPreyAK","Prey_AK","12.ZooPreyAK","12.ZooPreyAK_2","12.ZooPreyAK","12.ZooPreyAK_1","12.ZooPreyAK_2","12.ZooPreyAK","12.ZooPreyAK_2","12.ZooPreyAK","12.ZooPreyAK","12.ZooPreyAK_2","12.ZooPreyAK","12.ZooPreyAK_1","12.ZooPreyAK_1","","12.ZooPreyAK","12.ZooPreyAK","12.ZooPreyAK","","12.ZooPreyAK","12.ZooPreyAK","12.ZooPreyAK","12.ZooPreyAK","12.ZooPreyAK_2","12.ZooPreyAK","12.ZooPreyAK","12.ZooPreyAK_2","12.ZooPreyAK","12.ZooPreyAK","12.ZooPreyAK","12.ZooPreyAK","12.ZooPreyAK_0","12.ZooPreyAK","12.ZooPreyAK_0","12.ZooPreyAK","12.ZooPreyAK_0","12.ZooPreyAK","12.ZooPreyAK","12.ZooPreyAK_0","12.ZooPreyAK","12.ZooPreyAK","12.ZooPreyAK_0","12.ZooPreyAK","12.ZooPreyAK","12.ZooPreyAK_0","12.ZooPreyAK","12.ZooPreyAK","12.ZooPreyAK","12.ZooPreyAK_0","PreyAK",NA
"Copepod Community Size","copepodCom_EGoA","12.ZooPreyAK","ZooPrey_NCC","12.ZooPreyAK","12.ZooPreyAK_1","12.ZooPreyAK","12.ZooPreyAK_0","12.ZooPreyAK_0","12.ZooPreyAK","12.ZooPreyAK_0","12.ZooPreyAK","12.ZooPreyAK","12.ZooPreyAK_0","12.ZooPreyAK","12.ZooPreyAK_0","12.ZooPreyAK_0","","12.ZooPreyAK","12.ZooPreyAK","12.ZooPreyAK","","12.ZooPreyAK","12.ZooPreyAK","12.ZooPreyAK","12.ZooPreyAK","12.ZooPreyAK_0","12.ZooPreyAK","12.ZooPreyAK","12.ZooPreyAK_0","12.ZooPreyAK","12.ZooPreyAK","12.ZooPreyAK","12.ZooPreyAK","12.ZooPreyAK_2","12.ZooPreyAK","12.ZooPreyAK_1","12.ZooPreyAK","12.ZooPreyAK_1","12.ZooPreyAK","12.ZooPreyAK","12.ZooPreyAK_1","12.ZooPreyAK","12.ZooPreyAK","12.ZooPreyAK_1","12.ZooPreyAK","12.ZooPreyAK","12.ZooPreyAK_1","12.ZooPreyAK","12.ZooPreyAK","12.ZooPreyAK","12.ZooPreyAK_1","PreyAK",NA
"Copepod Community Size","copepodCom_WGoA","12.ZooPreyAK","Prey_AK","12.ZooPreyAK","12.ZooPreyAK","12.ZooPreyAK","12.ZooPreyAK","12.ZooPreyAK_1","12.ZooPreyAK","12.ZooPreyAK_1","12.ZooPreyAK","12.ZooPreyAK","12.ZooPreyAK_1","12.ZooPreyAK","12.ZooPreyAK","12.ZooPreyAK","","12.ZooPreyAK","12.ZooPreyAK","12.ZooPreyAK","","12.ZooPreyAK","12.ZooPreyAK","12.ZooPreyAK","12.ZooPreyAK","12.ZooPreyAK_1","12.ZooPreyAK","12.ZooPreyAK","12.ZooPreyAK_1","12.ZooPreyAK","12.ZooPreyAK","12.ZooPreyAK","12.ZooPreyAK","12.ZooPreyAK_1","12.ZooPreyAK","12.ZooPreyAK_2","12.ZooPreyAK","12.ZooPreyAK_2","12.ZooPreyAK","12.ZooPreyAK","12.ZooPreyAK_2","12.ZooPreyAK","12.ZooPreyAK","12.ZooPreyAK_2","12.ZooPreyAK","12.ZooPreyAK","12.ZooPreyAK_2","12.ZooPreyAK","12.ZooPreyAK","12.ZooPreyAK","12.ZooPreyAK_2","PreyAK",NA
"Crested Auklet reproductive success","crestedAuk_WAI","12.ZooPreyAK","11. BirdPred_AK","11. BirdPred_AK","11. BirdPred_AK_1","11. BirdPred_AK","11. BirdPred_AK_0","11. BirdPred_AK_0","11. BirdPred_AK","11. BirdPred_AK_0","11. BirdPred_AK","11. BirdPred_AK","11. BirdPred_AK_0","11. BirdPred_AK","11. BirdPred_AK_0","11. BirdPred_AK_0","","11. BirdPred_AK","12.ZooPreyAK","12.ZooPreyAK","","12.ZooPreyAK","12.ZooPreyAK","12.ZooPreyAK","12.ZooPreyAK","12.ZooPreyAK","12.ZooPreyAK","12.ZooPreyAK","12.ZooPreyAK","12.ZooPreyAK","12.ZooPreyAK","12.ZooPreyAK","12.ZooPreyAK","12.ZooPreyAK","12.ZooPreyAK","12.ZooPreyAK","12.ZooPreyAK","12.ZooPreyAK","12.ZooPreyAK","12.ZooPreyAK","12.ZooPreyAK","12.ZooPreyAK","12.ZooPreyAK","12.ZooPreyAK","12.ZooPreyAK","12.ZooPreyAK","12.ZooPreyAK","12.ZooPreyAK","12.ZooPreyAK","12.ZooPreyAK","12.ZooPreyAK","PreyAK","12.ZooPreyAK"
"Least Auklet reproductive success","leastAuk_WAI","12.ZooPreyAK","11. BirdPred_AK","11. BirdPred_AK","11. BirdPred_AK_2","11. BirdPred_AK","11. BirdPred_AK_1","11. BirdPred_AK_1","11. BirdPred_AK","11. BirdPred_AK_1","11. BirdPred_AK","11. BirdPred_AK","11. BirdPred_AK_1","11. BirdPred_AK","11. BirdPred_AK_1","11. BirdPred_AK_1","","11. BirdPred_AK","12.ZooPreyAK","12.ZooPreyAK","","12.ZooPreyAK","12.ZooPreyAK","12.ZooPreyAK","12.ZooPreyAK","12.ZooPreyAK","12.ZooPreyAK","12.ZooPreyAK","12.ZooPreyAK","12.ZooPreyAK","12.ZooPreyAK","12.ZooPreyAK","12.ZooPreyAK","12.ZooPreyAK","12.ZooPreyAK","12.ZooPreyAK","12.ZooPreyAK","12.ZooPreyAK","12.ZooPreyAK","12.ZooPreyAK","12.ZooPreyAK","12.ZooPreyAK","12.ZooPreyAK","12.ZooPreyAK","12.ZooPreyAK","12.ZooPreyAK","12.ZooPreyAK","12.ZooPreyAK","12.ZooPreyAK","12.ZooPreyAK","12.ZooPreyAK","PreyAK","12.ZooPreyAK"
"Zooplankton Density Icy Strait (#/m3)","zoop_EGoA","12.ZooPreyAK","Prey_AK","12.ZooPreyAK","12.ZooPreyAK","12.ZooPreyAK","12.ZooPreyAK","12.ZooPreyAK","12.ZooPreyAK","12.ZooPreyAK","12.ZooPreyAK","12.ZooPreyAK","12.ZooPreyAK","12.ZooPreyAK","12.ZooPreyAK","12.ZooPreyAK","","12.ZooPreyAK","12.ZooPreyAK","12.ZooPreyAK","","12.ZooPreyAK","12.ZooPreyAK","12.ZooPreyAK","12.ZooPreyAK","12.ZooPreyAK","12.ZooPreyAK","12.ZooPreyAK","12.ZooPreyAK","12.ZooPreyAK","12.ZooPreyAK","12.ZooPreyAK","12.ZooPreyAK","12.ZooPreyAK","12.ZooPreyAK","12.ZooPreyAK","12.ZooPreyAK","12.ZooPreyAK","12.ZooPreyAK","12.ZooPreyAK","12.ZooPreyAK","12.ZooPreyAK","12.ZooPreyAK","12.ZooPreyAK","12.ZooPreyAK","12.ZooPreyAK","12.ZooPreyAK","12.ZooPreyAK","12.ZooPreyAK","12.ZooPreyAK","12.ZooPreyAK","PreyAK","12.ZooPreyAK"
"Ammodytes in tufted puffin chick diets","ammod_EAI","13.ForageFishAK","Prey_AK","13.FishPreyAK","13.FishPreyAK","13.FishPreyAK","13.FishPreyAK","13.FishPreyAK","13.FishPreyAK","13.FishPreyAK","13.FishPreyAK","13.FishPreyAK","13.FishPreyAK","13.FishPreyAK","13.FishPreyAK","13.FishPreyAK","","13.FishPreyAK","13.FishPreyAK","13.FishPreyAK","","13.FishPreyAK","13.FishPreyAK","13.FishPreyAK","13.FishPreyAK","13.FishPreyAK","13.FishPreyAK","13.FishPreyAK","13.FishPreyAK","13.FishPreyAK","13.FishPreyAK","13.FishPreyAK","13.FishPreyAK","13.FishPreyAK_0","13.FishPreyAK","13.FishPreyAK_0","13.FishPreyAK_b","13.FishPreyAK_b","13.FishPreyAK","13.FishPreyAK_b","13.FishPreyAK_b","13.FishPreyAK","13.FishPreyAK_b","13.FishPreyAK_b","13.FishPreyAK","13.FishPreyAK_b","13.FishPreyAK_b","13.FishPreyAK","13.FishPreyAK","13.FishPreyAK_b","13.FishPreyAK_b","PreyAK","13.FishPreyAK_b"
"Ammodytes in tufted puffin chick diets","ammod_WAI","13.ForageFishAK","Prey_AK","13.FishPreyAK","13.FishPreyAK_1","13.FishPreyAK","13.FishPreyAK_0","13.FishPreyAK_0","13.FishPreyAK","13.FishPreyAK_0","13.FishPreyAK","13.FishPreyAK","13.FishPreyAK_0","13.FishPreyAK","13.FishPreyAK_0","13.FishPreyAK_0","","13.FishPreyAK","13.FishPreyAK","13.FishPreyAK","","13.FishPreyAK","13.FishPreyAK","13.FishPreyAK","13.FishPreyAK","13.FishPreyAK_0","13.FishPreyAK","13.FishPreyAK","13.FishPreyAK_0","13.FishPreyAK","13.FishPreyAK","13.FishPreyAK","13.FishPreyAK","13.FishPreyAK_1","13.FishPreyAK","13.FishPreyAK_1","13.FishPreyAK_b","13.FishPreyAK_b_0","13.FishPreyAK","13.FishPreyAK_b","13.FishPreyAK_b_0","13.FishPreyAK","13.FishPreyAK_b","13.FishPreyAK_b_0","13.FishPreyAK","13.FishPreyAK_b","13.FishPreyAK_b_0","13.FishPreyAK","13.FishPreyAK","13.FishPreyAK_b","13.FishPreyAK_b_0","PreyAK",NA
"Capelin","capelin_WGoA","13.ForageFishAK","Prey_AK","13.FishPreyAK","13.FishPreyAK","13.FishPreyAK","13.FishPreyAK","13.FishPreyAK","13.FishPreyAK","13.FishPreyAK","13.FishPreyAK","13.FishPreyAK","13.FishPreyAK","13.FishPreyAK","13.FishPreyAK","13.FishPreyAK","","13.FishPreyAK","13.FishPreyAK","13.FishPreyAK","","13.FishPreyAK","13.FishPreyAK","13.FishPreyAK","13.FishPreyAK","13.FishPreyAK","13.FishPreyAK","13.FishPreyAK","13.FishPreyAK","13.FishPreyAK","13.FishPreyAK","13.FishPreyAK","13.FishPreyAK","13.FishPreyAK_2","13.FishPreyAK","13.FishPreyAK_2","13.FishPreyAK_b","13.FishPreyAK_b","13.FishPreyAK","13.FishPreyAK_b","13.FishPreyAK_b","13.FishPreyAK","13.FishPreyAK_b","13.FishPreyAK_b","13.FishPreyAK","13.FishPreyAK_b","13.FishPreyAK_b","13.FishPreyAK","13.FishPreyAK","13.FishPreyAK_b","13.FishPreyAK_b","PreyAK","13.FishPreyAK_b"
"est_log_abund_herring_recruits","estAbundHerringRecruits","13.ForageFishAK","Prey_WCVI","13.FishPreyAK","13.FishPreyAK","13.FishPreyAK","13.FishPreyAK","13.FishPreyAK","13.FishPreyAK","13.FishPreyAK","13.FishPreyAK","13.FishPreyAK","13.FishPreyAK","13.FishPreyAK","13.FishPreyAK","13.FishPreyAK","","13.FishPreyAK","13.FishPreyAK","13.FishPreyAK","","13.FishPreyAK","13.FishPreyAK","13.FishPreyAK","13.FishPreyAK","13.FishPreyAK","13.FishPreyAK","13.FishPreyAK","13.FishPreyAK","13.FishPreyAK","13.FishPreyAK","13.FishPreyAK","13.FishPreyAK","13.FishPreyAK","13.FishPreyAK","13.FishPreyAK","13.FishPreyAK","13.FishPreyAK_0","13.FishPreyAK","13.FishPreyAK","13.FishPreyAK_0","13.FishPreyAK","13.FishPreyAK","13.FishPreyAK_0","13.FishPreyAK","13.FishPreyAK","13.FishPreyAK_0","13.FishPreyAK","13.FishPreyAK","13.FishPreyAK_b","13.FishPreyAK_b","PreyAK","13.FishPreyAK_b"
"Gadids in tufted puffin chick diets","gadid_EAI","13.ForageFishAK","Prey_AK","13.FishPreyAK","13.FishPreyAK","13.FishPreyAK","13.FishPreyAK","13.FishPreyAK","13.FishPreyAK","13.FishPreyAK","13.FishPreyAK","13.FishPreyAK","13.FishPreyAK","13.FishPreyAK","13.FishPreyAK","13.FishPreyAK","","13.FishPreyAK","13.FishPreyAK","13.FishPreyAK","","13.FishPreyAK","13.FishPreyAK","13.FishPreyAK","13.FishPreyAK","13.FishPreyAK","13.FishPreyAK","13.FishPreyAK","13.FishPreyAK","13.FishPreyAK","13.FishPreyAK","13.FishPreyAK","13.FishPreyAK","13.FishPreyAK_3","13.FishPreyAK","13.FishPreyAK_3","13.FishPreyAK_b","13.FishPreyAK_b","13.FishPreyAK","13.FishPreyAK_b","13.FishPreyAK_b","13.FishPreyAK","13.FishPreyAK_b","13.FishPreyAK_b","13.FishPreyAK","13.FishPreyAK_b","13.FishPreyAK_b","13.FishPreyAK","13.FishPreyAK","13.FishPreyAK_b","13.FishPreyAK_b","PreyAK","13.FishPreyAK_b"
"Gadids in tufted puffin chick diets","gadid_WAI","13.ForageFishAK",NA,"13.FishPreyAK","13.FishPreyAK_2","13.FishPreyAK","13.FishPreyAK_1","13.FishPreyAK_1","13.FishPreyAK","13.FishPreyAK_1","13.FishPreyAK","13.FishPreyAK","13.FishPreyAK_1","13.FishPreyAK","13.FishPreyAK_1","13.FishPreyAK_1","","13.FishPreyAK","13.FishPreyAK","13.FishPreyAK","","13.FishPreyAK","13.FishPreyAK","13.FishPreyAK","13.FishPreyAK","13.FishPreyAK_1","13.FishPreyAK","13.FishPreyAK","13.FishPreyAK_1","13.FishPreyAK","13.FishPreyAK","13.FishPreyAK","13.FishPreyAK","13.FishPreyAK_4","13.FishPreyAK","13.FishPreyAK_4","13.FishPreyAK_b","13.FishPreyAK_b_1","13.FishPreyAK","13.FishPreyAK_b","13.FishPreyAK_b_1","13.FishPreyAK","13.FishPreyAK_b","13.FishPreyAK_b_1","13.FishPreyAK","13.FishPreyAK_b","13.FishPreyAK_b_1","13.FishPreyAK","13.FishPreyAK","13.FishPreyAK_b","13.FishPreyAK_b_1","PreyAK",NA
"Hexagrammids in tufted puffin chick diets","hexagram_EAI","13.ForageFishAK","Prey_AK","13.FishPreyAK","13.FishPreyAK_3","13.FishPreyAK","13.FishPreyAK_2","13.FishPreyAK_2","13.FishPreyAK","13.FishPreyAK_2","13.FishPreyAK","13.FishPreyAK","13.FishPreyAK_2","13.FishPreyAK","13.FishPreyAK_2","13.FishPreyAK_2","","13.FishPreyAK","13.FishPreyAK","13.FishPreyAK","","13.FishPreyAK","13.FishPreyAK","13.FishPreyAK","13.FishPreyAK","13.FishPreyAK_2","13.FishPreyAK","13.FishPreyAK","13.FishPreyAK_2","13.FishPreyAK","13.FishPreyAK","13.FishPreyAK","13.FishPreyAK","13.FishPreyAK_5","13.FishPreyAK","13.FishPreyAK_5","13.FishPreyAK_b","13.FishPreyAK_b_2","13.FishPreyAK","13.FishPreyAK_b","13.FishPreyAK_b_2","13.FishPreyAK","13.FishPreyAK_b","13.FishPreyAK_b_2","13.FishPreyAK","13.FishPreyAK_b","13.FishPreyAK_b_2","13.FishPreyAK","13.FishPreyAK","13.FishPreyAK_b","13.FishPreyAK_b_2","PreyAK",NA
"Hexagrammids in tufted puffin chick diets","hexagram_WAI","13.ForageFishAK",NA,"13.FishPreyAK","13.FishPreyAK_4","13.FishPreyAK","13.FishPreyAK_3","13.FishPreyAK_3","13.FishPreyAK","13.FishPreyAK_3","13.FishPreyAK","13.FishPreyAK","13.FishPreyAK_3","13.FishPreyAK","13.FishPreyAK_3","13.FishPreyAK_3","","13.FishPreyAK","13.FishPreyAK","13.FishPreyAK","","13.FishPreyAK","13.FishPreyAK","13.FishPreyAK","13.FishPreyAK","13.FishPreyAK_3","13.FishPreyAK","13.FishPreyAK","13.FishPreyAK_3","13.FishPreyAK","13.FishPreyAK","13.FishPreyAK","13.FishPreyAK","13.FishPreyAK_6","13.FishPreyAK","13.FishPreyAK_6","13.FishPreyAK_b","13.FishPreyAK_b_3","13.FishPreyAK","13.FishPreyAK_b","13.FishPreyAK_b_3","13.FishPreyAK","13.FishPreyAK_b","13.FishPreyAK_b_3","13.FishPreyAK","13.FishPreyAK_b","13.FishPreyAK_b_3","13.FishPreyAK","13.FishPreyAK","13.FishPreyAK_b","13.FishPreyAK_b_3","PreyAK",NA
"Rhinoceros Auklet Chick Growth","rhinoAuk_EGoA","13.ForageFishAK","11. BirdPred_AK","11. BirdPred_AK","11. BirdPred_AK","11. BirdPred_AK","11. BirdPred_AK","11. BirdPred_AK","11. BirdPred_AK","11. BirdPred_AK","11. BirdPred_AK","11. BirdPred_AK","11. BirdPred_AK","11. BirdPred_AK","11. BirdPred_AK","11. BirdPred_AK","","11. BirdPred_AK","11. BirdPred_AK","11. BirdPred_AK","","13.FishPreyAK","13.FishPreyAK","13.FishPreyAK","13.FishPreyAK","13.FishPreyAK","13.FishPreyAK","13.FishPreyAK","13.FishPreyAK","13.FishPreyAK","13.FishPreyAK","13.FishPreyAK","13.FishPreyAK","13.FishPreyAK","13.FishPreyAK","13.FishPreyAK","13.FishPreyAK","13.FishPreyAK","13.FishPreyAK","13.FishPreyAK","13.FishPreyAK","13.FishPreyAK","13.FishPreyAK","13.FishPreyAK","13.FishPreyAK","13.FishPreyAK","13.FishPreyAK","13.FishPreyAK","13.FishPreyAK","13.FishPreyAK","13.FishPreyAK","PreyAK","13.FishPreyAK"
"Sitka Herring Mature Biomass (tons)","sitkaHerring_EGoA","13.ForageFishAK","Prey_AK","13.FishPreyAK","13.FishPreyAK_5","13.FishPreyAK","13.FishPreyAK_4","13.FishPreyAK_4","13.FishPreyAK","13.FishPreyAK_4","13.FishPreyAK","13.FishPreyAK","13.FishPreyAK_4","13.FishPreyAK","13.FishPreyAK_4","13.FishPreyAK_4","","13.FishPreyAK","13.FishPreyAK","13.FishPreyAK","","13.FishPreyAK","13.FishPreyAK","13.FishPreyAK","13.FishPreyAK","13.FishPreyAK","13.FishPreyAK","13.FishPreyAK","13.FishPreyAK","13.FishPreyAK","13.FishPreyAK","13.FishPreyAK","13.FishPreyAK","13.FishPreyAK","13.FishPreyAK","13.FishPreyAK","13.FishPreyAK","13.FishPreyAK","13.FishPreyAK","13.FishPreyAK","13.FishPreyAK","13.FishPreyAK","13.FishPreyAK","13.FishPreyAK","13.FishPreyAK","13.FishPreyAK","13.FishPreyAK","13.FishPreyAK","13.FishPreyAK","13.FishPreyAK","13.FishPreyAK","PreyAK","13.FishPreyAK"
"WGOA_DFA_lowerTrophic_2026","WGOA_DFA_lowerTrophic_2026","","","","","","","","","","","","","","","","","","","","","","","","","","","","","13.FishPreyAK","13.FishPreyAK","13.FishPreyAK","13.FishPreyAK","13.FishPreyAK","13.FishPreyAK","13.FishPreyAK","13.FishPreyAK","13.FishPreyAK","13.FishPreyAK","13.FishPreyAK","13.FishPreyAK","13.FishPreyAK","13.FishPreyAK","13.FishPreyAK","13.FishPreyAK","13.FishPreyAK","13.FishPreyAK","13.FishPreyAK","13.FishPreyAK","13.FishPreyAK","13.FishPreyAK","PreyAK","13.FishPreyAK"
"WGOA_DFA_midTrophic_2026","WGOA_DFA_midTrophic_2026","","","","","","","","","","","","","","","","","","","","","","","","","","","","","13.FishPreyAK","13.FishPreyAK","13.FishPreyAK","13.FishPreyAK","13.FishPreyAK","13.FishPreyAK","13.FishPreyAK","13.FishPreyAK","13.FishPreyAK","13.FishPreyAK","13.FishPreyAK","13.FishPreyAK","13.FishPreyAK","13.FishPreyAK","13.FishPreyAK","13.FishPreyAK","13.FishPreyAK","13.FishPreyAK","13.FishPreyAK","13.FishPreyAK","13.FishPreyAK","13.FishPreyAK","PreyAK","13.FishPreyAK"
"WGOA_DFA_seabirds_2026","WGOA_DFA_seabirds_2026","","","","","","","","","","","","","","","","","","","","","","","","","","","","","13.FishPreyAK","13.FishPreyAK","13.FishPreyAK","13.FishPreyAK","13.FishPreyAK","13.FishPreyAK","13.FishPreyAK","13.FishPreyAK","13.FishPreyAK_1","13.FishPreyAK","13.FishPreyAK","13.FishPreyAK_1","13.FishPreyAK","13.FishPreyAK","13.FishPreyAK_1","13.FishPreyAK","13.FishPreyAK","13.FishPreyAK_1","13.FishPreyAK","13.FishPreyAK","13.FishPreyAK_b","13.FishPreyAK_b","PreyAK","13.FishPreyAK_b"
"pinkSalmon_2025","pinkSalmon_2025","","","","","","","","14.CompAK","14.CompAK_1","14.CompAK","14.CompAK","14.CompAK_1","14.CompAK","14.CompAK_1","14.CompAK_1","","14.CompAK","14.CompAK","14.CompAK","","14.CompAK","14.CompAK","14.CompAK","14.CompAK","14.CompAK_1","14.CompAK","14.CompAK","14.CompAK_1","14.CompAK","14.CompAK","14.CompAK","14.CompAK","14.CompAK_0","14.CompAK","14.CompAK_0","14.CompAK","14.CompAK_0","14.CompAK","14.CompAK","14.CompAK_0","14.CompAK","14.CompAK","14.CompAK_0","14.CompAK","14.CompAK","14.CompAK_0","14.CompAK","14.CompAK","14.CompAK","14.CompAK_0","PreyAK",NA
"pinkSalmonAsia_2025","pinkSalmonAsia_2025","","","","","","","","14.CompAK","14.CompAK","14.CompAK","14.CompAK","14.CompAK","14.CompAK","14.CompAK","14.CompAK","","14.CompAK","14.CompAK","14.CompAK","","14.CompAK","14.CompAK","14.CompAK","14.CompAK","14.CompAK","14.CompAK","14.CompAK","14.CompAK","14.CompAK","14.CompAK","14.CompAK","14.CompAK","14.CompAK","14.CompAK","14.CompAK","14.CompAK","14.CompAK","14.CompAK","14.CompAK","14.CompAK","14.CompAK","14.CompAK","14.CompAK","14.CompAK","14.CompAK","14.CompAK","14.CompAK","14.CompAK","14.CompAK","14.CompAK","PreyAK",NA
"pinkSalmonNorthAmerica_2025","pinkSalmonNorthAmerica_2025","","","","","","","","14.CompAK","14.CompAK_0","14.CompAK","14.CompAK","14.CompAK_0","14.CompAK","14.CompAK_0","14.CompAK_0","","14.CompAK","14.CompAK","14.CompAK","","14.CompAK","14.CompAK","14.CompAK","14.CompAK","14.CompAK_0","14.CompAK","14.CompAK","14.CompAK_0","14.CompAK","14.CompAK","14.CompAK","14.CompAK","14.CompAK_1","14.CompAK","14.CompAK_1","14.CompAK","14.CompAK_1","14.CompAK","14.CompAK","14.CompAK_1","14.CompAK","14.CompAK","14.CompAK_1","14.CompAK","14.CompAK","14.CompAK_1","14.CompAK","14.CompAK","14.CompAK","14.CompAK_1","PreyAK",NA
"pollockBiomassGoAage3plus_predAK_2026","pollockBiomassGoAage3plus_predAK_2026","","","","","","","","","","","","","","","","","","","","","","","","","","","","","","","","","","","","","","","","","","","","09.PredFishAK","09.PredFishAK_b","09.PredFishAK_b","15.PredFishAK","13.FishPreyAK","13.FishPreyAK_b","13.FishPreyAK_b","PreyAK","13.FishPreyAK_b"
"pollockBiomassAIage1plus_predAK_2026","pollockBiomassAIage1plus_predAK_2026","","","","","","","","","","","","","","","","","","","","","","","","","","","","","","","","","","","","","","","","","","","","","","","15.PredFishAK","13.FishPreyAK","13.FishPreyAK","13.FishPreyAK","PreyAK","13.FishPreyAK"
"ArrowtoothFlounderBiomass_predAK_2026","ArrowtoothFlounderBiomass_predAK_2026","","","","","","","","","","","","","","","","","","","","","","","","","","","","","","","","","","","","","","","","","","","","09.PredFishAK","09.PredFishAK","09.PredFishAK","15.PredFishAK","15.PredFishAK","15.PredFishAK","15.PredFishAK","PredAK","15.PredFishAK"
"sablefishBiomass_predAK_2026","sablefishBiomass_predAK_2026","","","","","","","","","","","","","","","","","","","","","","","","","","","","","","","","","","","","","","","","","","","","09.PredFishAK","09.PredFishAK","09.PredFishAK","15.PredFishAK","15.PredFishAK","15.PredFishAK","15.PredFishAK","PredAK","15.PredFishAK"
"sablefishRecruitment_predAK_2026","sablefishRecruitment_predAK_2026","","","","","","","","","","","","","","","","","","","","","","","","","","","","","","","","","","","","","","","","","","","","09.PredFishAK","09.PredFishAK","09.PredFishAK","15.PredFishAK","15.PredFishAK","15.PredFishAK","15.PredFishAK","PredAK","15.PredFishAK"
"PacificCodBiomass_predAK_2026","PacificCodBiomass_predAK_2026","","","","","","","","","","","","","","","","","","","","","","","","","","","","","","","","","","","","","","","","","","","","09.PredFishAK","09.PredFishAK","09.PredFishAK","15.PredFishAK","15.PredFishAK","15.PredFishAK","15.PredFishAK","PredAK","15.PredFishAK"
"spinyDogfishBSAI_predAK_2026","spinyDogfishBSAI_predAK_2026","","","","","","","","","","","","","","","","","","","","","","","","","","","","","","","","","","","","","","","","","","","","","","","15.PredFishAK","15.PredFishAK","15.PredFishAK_b","15.PredFishAK_b_0","PredAK",NA
"sleeperSharkBSAI_predAK_2026","sleeperSharkBSAI_predAK_2026","","","","","","","","","","","","","","","","","","","","","","","","","","","","","","","","","","","","","","","","","","","","","","","15.PredFishAK","15.PredFishAK","15.PredFishAK_b","15.PredFishAK_b","PredAK","15.PredFishAK_b"
"salmonSharkBSAI_predAK_2026","salmonSharkBSAI_predAK_2026","","","","","","","","","","","","","","","","","","","","","","","","","","","","","","","","","","","","","","","","","","","","","","","15.PredFishAK","15.PredFishAK","15.PredFishAK_b","15.PredFishAK_b_1","PredAK",NA
"spinyDogfishGoA_predAK_2026","spinyDogfishGoA_predAK_2026","","","","","","","","","","","","","","","","","","","","","","","","","","","","","","","","","","","","","","","","","","","","","","","15.PredFishAK","15.PredFishAK","15.PredFishAK","15.PredFishAK","PredAK","15.PredFishAK"
"sleeperSharkGoA_predAK_2026","sleeperSharkGoA_predAK_2026","","","","","","","","","","","","","","","","","","","","","","","","","","","","","","","","","","","","","","","","","","","","","","","15.PredFishAK","15.PredFishAK","15.PredFishAK_b","15.PredFishAK_b","PredAK","15.PredFishAK_b"
"salmonSharkGoA_predAK_2026","salmonSharkGoA_predAK_2026","","","","","","","","","","","","","","","","","","","","","","","","","","","","","","","","","","","","","","","","","","","","","","","15.PredFishAK","15.PredFishAK","15.PredFishAK_b","15.PredFishAK_b_2","PredAK",NA
"sharkCatchGoA_predAK_2026","sharkCatchGoA_predAK_2026","","","","","","","","","","","","","","","","","","","","","","","","","","","","","","","","","","","","","","","","","","","","09.PredFishAK","09.PredFishAK_b","09.PredFishAK_b","15.PredFishAK","15.PredFishAK","15.PredFishAK_b","15.PredFishAK_b_3","PredAK",NA
"halibutBiomassAge8plus_2yrLead_predAK_2026","halibutBiomassAge8plus_2yrLead_predAK_2026","","","","","","","","","","","","","","","","","","","","","","","","","","","","","","","","","","","","","","","","","","","","09.PredFishAK","09.PredFishAK","09.PredFishAK","15.PredFishAK","15.PredFishAK","15.PredFishAK","15.PredFishAK","PredAK","15.PredFishAK"
"SAR_2025","SAR_2025","","","","","SAR","SAR","SAR","SAR","SAR","SAR","SAR","SAR","SAR","SAR","SAR","","SAR","SAR","SAR","","SAR","SAR","SAR","SAR","SAR","SAR","SAR","SAR","SAR","SAR","SAR","SAR","SAR","SAR","SAR","SAR","SAR","SAR","SAR","SAR","SAR","SAR","SAR","SAR","SAR","SAR","SAR","SAR","SAR","SAR","SAR","SAR"
"sar.UCsprCh_2025","sar_UCsprCh_2025","","","","","SAR","SAR","SAR","SAR","SAR","SAR","SAR","SAR","SAR","SAR","SAR","","SAR","SAR","SAR","","SAR","SAR","SAR","SAR","SAR","SAR","SAR","SAR","SAR","SAR","SAR","SAR","SAR","SAR","SAR","SAR","SAR","SAR","SAR","SAR","SAR","SAR","SAR","SAR","SAR","SAR","SAR","SAR","SAR","SAR","SAR","SAR"
"AllPinnDayBonn","AllPinnDayBonn",NA,NA,"10.PredMammalNCC","10.PredMammalNCC","10.PredMammalNCC","10.PredMammalNCC","","10.PredMammalNCC","","10.PredMammalNCC","","","","","","","","","","","","","","","","","","","","","","","","","","","","","","","","","","","","","","","","","",NA
"AllSeaLionsBonn_2025","AllSeaLionsBonn_2025","","","","","10.PredMammalNCC","10.PredMammalNCC","10.PredMammalNCC","10.PredMammalNCC","10.PredMammalNCC","10.PredMammalNCC","10.PredMammalNCC","10.PredMammalNCC","10.PredMammalNCC","10.PredMammalNCC","10.PredMammalNCC","","10.PredMammalNCC","10.PredMammalNCC","10.PredMammalNCC","","10.PredMammalNCC","10.PredMammalNCC","10.PredMammalNCC","10.PredMammalNCC","10.PredMammalNCC","10.PredMammalNCC","10.PredMammalNCC","10.PredMammalNCC","10.PredMammalNCC","10.PredMammalNCC","10.PredMammalNCC","10.PredMammalNCC","10.PredMammalNCC","","","","","","","","","","","","","","","","","","",NA
"AllSeaLionsEMB_2025","AllSeaLionsEMB_2025","","","","","10.PredMammalNCC","10.PredMammalNCC","10.PredMammalNCC","10.PredMammalNCC","10.PredMammalNCC","10.PredMammalNCC","10.PredMammalNCC","10.PredMammalNCC","10.PredMammalNCC","10.PredMammalNCC","10.PredMammalNCC","","10.PredMammalNCC","10.PredMammalNCC","10.PredMammalNCC","","10.PredMammalNCC","10.PredMammalNCC","10.PredMammalNCC","10.PredMammalNCC","10.PredMammalNCC","10.PredMammalNCC","10.PredMammalNCC","10.PredMammalNCC","10.PredMammalNCC","10.PredMammalNCC","10.PredMammalNCC","10.PredMammalNCC","10.PredMammalNCC","","","","","","","","","","","","","","","","","","",NA
"Apex predator biomass","ApexBio_CAI",NA,"Pred_AK","","","","","","","","","","","","","","","","","","","","","","","","","","","","","","","","","","","","","","","","","","","","","","","","","",NA
"Apex predator biomass","ApexBio_EAI",NA,"Pred_AK","","","","","","","","","","","","","","","","","","","","","","","","","","","","","","","","","","","","","","","","","","","","","","","","","",NA
"Apex predator biomass biennial or triennial","ApexBio_WAI",NA,"Pred_AK","","","","","","","","","","","","","","","","","","","","","","","","","","","","","","","","","","","","","","","","","","","","","","","","","",NA
"Apex Fish Biomass","ApexFish_EGoA",NA,"Pred_AK","","","","","","","","","","","","","","","","","","","","","","","","","","","","","","","","","","","","","","","","","","","","","","","","","",NA
"Apex Fish Biomass","ApexFish_WGoA",NA,"Pred_AK","","","","","","","","","","","","","","","","","","","","","","","","","","","","","","","","","","","","","","","","","","","","","","","","","",NA
"log_biomass_amphipod_wcvi_shelf_fall","biomassAmphShelfFall",NA,"Prey_WCVI","","","","","","","","","","","","","","","","","","","","","","","","","","","","","","","","","","","","","","","","","","","","","","","","","",NA
"log_biomass_decapod_larvae_wcvi_shelf_fall","biomassDecaShelfFall",NA,"Prey_WCVI","","","","","","","","","","","","","","","","","","","","","","","","","","","","","","","","","","","","","","","","","","","","","","","","","",NA
"log_biomass_euphusiid_wcvi_inlet_fall","biomassEuphInletFall",NA,"Prey_WCVI","","","","","","","","","","","","","","","","","","","","","","","","","","","","","","","","","","","","","","","","","","","","","","","","","",NA
"log_biomass_euphusiid_wcvi_inlet_summer","biomassEuphInletSum",NA,"Prey_WCVI","","","","","","","","","","","","","","","","","","","","","","","","","","","","","","","","","","","","","","","","","","","","","","","","","",NA
"log_biomass_euphusiid_wcvi_shelf_fall","biomassEuphShelfFall",NA,"Prey_WCVI","","","","","","","","","","","","","","","","","","","","","","","","","","","","","","","","","","","","","","","","","","","","","","","","","",NA
"log_biomass_mysid_wcvi_shelf_fall","biomassMysidShelfFall",NA,"Prey_WCVI","","","","","","","","","","","","","","","","","","","","","","","","","","","","","","","","","","","","","","","","","","","","","","","","","",NA
"Black_scot_WS_2026","Black_scot_WS_2026","","","","","","","","","","","","","","","","","","","","","","","","","","","","","","","","","","","","","","","","","","","","","","","","","","","",NA
"Bonneville pinnipeds","BonnPinn",NA,NA,"10.PredMammalNCC","10.PredMammalNCC","10.PredMammalNCC","10.PredMammalNCC","","10.PredMammalNCC","","10.PredMammalNCC","","","","","","","","","","","","","","","","","","","","","","","","","","","","","","","","","","","","","","","","","",NA
"Brant_WS_2026","Brant_WS_2026","","","","","","","","","","","","","","","","","","","","","","","","","","","","","","","","","","","","","","","","","","","","","","","","","","","",NA
"Bullers_shrw_WS_2026","Bullers_shrw_WS_2026","","","","","","","","","","","","","","","","","","","","","","","","","","","","","fish_eaters_ess_II","08.PredBirdNCC_ess_II","","","","","","","","","","","","","","","","","","","","","PredNCC",NA
"Californian_s_l_WS_2026","Californian_s_l_WS_2026","","","","","","","","","","","","","","","","","","","","","","","","","","","","","fish_eaters_mammals_b","10.PredMammalNCC","10.PredMammalNCC","10.PredMammalNCC","10.PredMammalNCC_0","","","","","","","","","","","","","","","","","","",NA
"CanMagM_planktonJun_2025b","CanMagM_planktonJun_2025b","","","","","","","","","","","","","","","","","","","","","01.ZooPreyNCC","","","","","","","","","","","","","","","","","","","","","","","","","","","","","","",NA
"CanMagM_planktonJun_2026","CanMagM_planktonJun_2026","","","","","","","","","","","","","","","","","","","","","","","","","","","","","","","","","","","","","","","","","","","","","","","","","","","",NA
"CanMagM_planktonJuneNCC","CanMagM_planktonJuneNCC","","","","","","","","","","","","","","","","","","","","01.ZooPreyNCC","","","","","","","","","","","","","","","","","","","","","","","","","","","","","","","",NA
"Cassin's auklet density - NWFSC","cassAuk_NWFSC","08.PredBirdNCC","BirdPred_NCC","08.PredBirdNCC","08.PredBirdNCC","08.PredBirdNCC","08.PredBirdNCC","08.PredBirdNCC","08.PredBirdNCC","08.PredBirdNCC","08.PredBirdNCC","08.PredBirdNCC","08.PredBirdNCC","08.PredBirdNCC","08.PredBirdNCC","08.PredBirdNCC","01.ZooPreyNCC","08.PredBirdNCC","01.ZooPreyNCC","01.ZooPreyNCC","01.ZooPreyNCC","01.ZooPreyNCC","01.ZooPreyNCC","01.ZooPreyNCC_JSOES","","","","","","","","","","","","","","","","","","","","","","","","","","","","",NA
"Pacific chub mackerel - NCC","chubMack_NCC","04.CompFishNCC","Comp_NCC","04.CompFishNCC","04.CompFishNCC_2","04.CompFishNCC","04.CompFishNCC_1","04.CompFishNCC_1","04.CompFishNCC","04.CompFishNCC_1","04.CompFishNCC","","","","","","","","","","","","","","","","","","","","","","","","","","","","","","","","","","","","","","","","","",NA
"Common murre density - NWFSC","commonMurre_NWFSC","08.PredBirdNCC","BirdPred_NCC","08.PredBirdNCC","08.PredBirdNCC_1","08.PredBirdNCC","08.PredBirdNCC_0","08.PredBirdNCC_0","08.PredBirdNCC","08.PredBirdNCC_0","08.PredBirdNCC","08.PredBirdNCC","08.PredBirdNCC_0","08.PredBirdNCC","08.PredBirdNCC_0","08.PredBirdNCC_0","","08.PredBirdNCC","08.PredBirdNCC","08.PredBirdNCC","","08.PredBirdNCC","08.PredBirdNCC","08.PredBirdNCC","","","","","","","","","","","","","","","","","","","","","","","","","","","","",NA
"copeBiomassNH05north","copeBiomassNH05north","","","","","","","","","","","","","","","","01.ZooPreyNCC",NA,NA,"01.ZooPreyNCC","01.ZooPreyNCC","","","","","","","","","","","","","","","","","","","","","","","","","","","","","","","",NA
"copeBiomassNH05south","copeBiomassNH05south","","","","","","","","","","","","","","","","01.ZooPreyNCC",NA,NA,"01.ZooPreyNCC","01.ZooPreyNCC","","","","","","","","","","","","","","","","","","","","","","","","","","","","","","","",NA
"copeBiomassNorth_2025b","copeBiomassNorth_2025b","","","","","","","","","","","","","","","","","","","","","01.ZooPreyNCC","","","","","","","","","","","","","","","","","","","","","","","","","","","","","","",NA
"copeBiomassSouth_2025b","copeBiomassSouth_2025b","","","","","","","","","","","","","","","","","","","","","01.ZooPreyNCC","","","","","","","","","","","","","","","","","","","","","","","","","","","","","","",NA
"copeCIaxis1","copeCIaxis1","","","","","","","","","","","","","","","","01.ZooPreyNCC",NA,NA,"01.ZooPreyNCC","01.ZooPreyNCC","","","","","","","","","","","","","","","","","","","","","","","","","","","","","","","",NA
"copeCIaxis1_2025b","copeCIaxis1_2025b","","","","","","","","","","","","","","","","","","","","","01.ZooPreyNCC","","","","","","","","","","","","","","","","","","","","","","","","","","","","","","",NA
"copeCIaxis1_2026","copeCIaxis1_2026","","","","","","","","","","","","","","","","","","","","","","","","","","","","","","","","","","","","","","","","","","","","","","","","","","","",NA
"copeCIaxis2","copeCIaxis2","","","","","","","","","","","","","","","","01.ZooPreyNCC",NA,NA,"01.ZooPreyNCC","01.ZooPreyNCC","","","","","","","","","","","","","","","","","","","","","","","","","","","","","","","",NA
"copeCIaxis2_2025b","copeCIaxis2_2025b","","","","","","","","","","","","","","","","","","","","","01.ZooPreyNCC","","","","","","","","","","","","","","","","","","","","","","","","","","","","","","",NA
"copeLogBiomassNorth_2025b","copeLogBiomassNorth_2025b","","","","","","","","","","","","","","","","","","","","","01.ZooPreyNCC","","","","","","","","","","","","","","","","","","","","","","","","","","","","","","",NA
"copeLogBiomassSouth_2025b","copeLogBiomassSouth_2025b","","","","","","","","","","","","","","","","","","","","","01.ZooPreyNCC","","","","","","","","","","","","","","","","","","","","","","","","","","","","","","",NA
"cpue_IntSprJunH","cpue_IntSprJunH","07.Cond2NCC",NA,"07.Cond2NCC","07.Cond2NCC","07.Cond2NCC","07.Cond2NCC","","07.Cond2NCC","","07.Cond2NCC","","","","","","","","","","","","","","","","","","","","","","","","","","","","","","","","","","","","","","","","","",NA
"Crab landing WA","crabLandingWA",NA,"ZooPrey_NCC","","","","","","","","","","","","","","","","","","","","","","","","","","","","","","","","","","","","","","","","","","","","","","","","","",NA
"CrabMegalopae","CrabMegalopae","01.ZooPreyNCC",NA,"01.ZooPreyNCC","01.ZooPreyNCC","01.ZooPreyNCC","01.ZooPreyNCC","01.ZooPreyNCC","01.ZooPreyNCC","01.ZooPreyNCC","01.ZooPreyNCC","","","","","","","","","","","","","","","","","","","","","","","","","","","","","","","","","","","","","","","","","",NA
"CrabMegalopae_2025","CrabMegalopae_2025","","","","","","","","","","","01.ZooPreyNCC","01.ZooPreyNCC","01.ZooPreyNCC","01.ZooPreyNCC","01.ZooPreyNCC","01.ZooPreyNCC","01.ZooPreyNCC","01.ZooPreyNCC","01.ZooPreyNCC","01.ZooPreyNCC","","","","","","","","","","","","","","","","","","","","","","","","","","","","","","","",NA
"CSL_Bonn","CSL_Bonn",NA,NA,"10.PredMammalNCC","10.PredMammalNCC_1","10.PredMammalNCC","10.PredMammalNCC","","10.PredMammalNCC","","10.PredMammalNCC","","","","","","","","","","","","","","","","","","","","","","","","","","","","","","","","","","","","","","","","","",NA
"CSL_EMB","CSL_EMB",NA,NA,"10.PredMammalNCC","10.PredMammalNCC","10.PredMammalNCC","10.PredMammalNCC","","10.PredMammalNCC","","10.PredMammalNCC","","","","","","","","","","","","","","","","","","","","","","","","","","","","","","","","","","","","","","","","","",NA
"CSLspring.EastMooringBasin","CSLspring_EastMooringBasin","10.PredMammalNCC","MammalPred","10.PredMammalNCC","10.PredMammalNCC_2","10.PredMammalNCC","10.PredMammalNCC","10.PredMammalNCC","10.PredMammalNCC","10.PredMammalNCC","10.PredMammalNCC","","","","","","","","","","","","","","","","","","","","","","","","","","","","","","","","","","","","","","","","","",NA
"Dall_s_p_WS_2026","Dall_s_p_WS_2026","","","","","","","","","","","","","","","","","","","","","","","","","","","","","fish_eaters_mammals","","","","","","","","","","","","","","","","","","","","","","",NA
"DecapodAll_planktonJun_2025b","DecapodAll_planktonJun_2025b","","","","","","","","","","","","","","","","","","","","","01.ZooPreyNCC","","","","","","","","","","","","","","","","","","","","","","","","","","","","","","",NA
"DecapodAll_planktonJun_2026","DecapodAll_planktonJun_2026","","","","","","","","","","","","","","","","","","","","","","","","","","","","","","","","","","","","","","","","","","","","","","","","","","","",NA
"DecapodAll_planktonJuneNCC","DecapodAll_planktonJuneNCC","","","","","","","","","","","","","","","","","","","","01.ZooPreyNCC","","","","","","","","","","","","","","","","","","","","","","","","","","","","","","","",NA
"Phacellophora Egg yolk jelly - NCC","eggJel_NCC","02.CompJellyNCC","JellyComp_NCC","02.CompJellyNCC","02.CompJellyNCC","02.CompJellyNCC","02.CompJellyNCC","02.CompJellyNCC","02.CompJellyNCC","02.CompJellyNCC","02.CompJellyNCC","","","","","","","","","","","","","","","","","","","","","","","","","","","","","","","","","","","","","","","","","",NA
"Eggyolk.jelly__2025","EggyolkJelly__2025","","","","","","","","","","","02.CompJellyNCC","02.CompJellyNCC_0","02.CompJellyNCC","02.CompJellyNCC","02.CompJellyNCC","","02.CompJellyNCC","02.CompJellyNCC","02.CompJellyNCC","","02.CompJellyNCC","02.CompJellyNCC","","","","","","","","","","","","","","","","","","","","","","","","","","","","","",NA
"Elephant_s_WS_2026","Elephant_s_WS_2026","","","","","","","","","","","","","","","","","","","","","","","","","","","","","","","","","","","","","","","","","","","","","","","","","","","",NA
"Fish_planktonJuneNCC","Fish_planktonJuneNCC","","","","","","","","","","","","","","","","","","","","01.ZooPreyNCC","","","","","","","","","","","","","","","","","","","","","","","","","","","","","","","",NA
"Flesh_footed_shrw_WS_2026","Flesh_footed_shrw_WS_2026","","","","","","","","","","","","","","","","","","","","","","","","","","","","","fish_eaters_ess","08.PredBirdNCC_ess","","","","","","","","","","","","","","","","","","","","","PredNCC",NA
"Gray_wh_WS_2026","Gray_wh_WS_2026","","","","","","","","","","","","","","","","","","","","","","","","","","","","","","","","","","","","","","","","","","","","","","","","","","","",NA
"Great_scaup_WS_2026","Great_scaup_WS_2026","","","","","","","","","","","","","","","","","","","","","","","","","","","","","","","","","","","","","","","","","","","","","","","","","","","",NA
"Guadelupe_f_s_WS_2026","Guadelupe_f_s_WS_2026","","","","","","","","","","","","","","","","","","","","","","","","","","","","","fish_eaters_mammals_b_0","10.PredMammalNCC","","","","","","","","","","","","","","","","","","","","","PredAK",NA
"Pacific hake - NCC","hake_NCC","09.PredFishNCC","FishPred_NCC","09.PredFishNCC","09.PredFishNCC","09.PredFishNCC","09.PredFishNCC","09.PredFishNCC_0","09.PredFishNCC","09.PredFishNCC","09.PredFishNCC","","","","","","","","","","","03.FishPreyNCC","03.FishPreyNCC","","","","","","","","","","","","","","","","","","","","","","","","","","","","","",NA
"HakeAge1","HakeAge1","04.CompFishNCC","Comp_NCC","04.CompFishNCC","04.CompFishNCC_1","04.CompFishNCC","04.CompFishNCC_0","04.CompFishNCC_0","","","","","","","","","","","","","","","","","","","","","","","","","","","","","","","","","","","","","","","","","","","","",NA
"HakeAge2to4_2025","HakeAge2to4_2025","","","","","","","","","","","","","","","","","","","","","","","","","","","","","","","","","","","","","","","","","","","","","","","","","","","",NA
"HakeAge5Plus","HakeAge5Plus","09.PredFishNCC","FishPred_NCC","09.PredFishNCC","09.PredFishNCC","09.PredFishNCC","09.PredFishNCC","09.PredFishNCC","","","","","","","","","","","","","","","","","","","","","","","","","","","","","","","","","","","","","","","","","","","","",NA
"Harbor.seal.CR","Harbor_seal_CR","10.PredMammalNCC","MammalPred","10.PredMammalNCC","10.PredMammalNCC","10.PredMammalNCC","10.PredMammalNCC","","10.PredMammalNCC","","10.PredMammalNCC","","","","","","","","","","","","","","","","","","","","","","","","","","","","","","","","","","","","","","","","","",NA
"HS_DesSands","HS_DesSands",NA,NA,"","","","","","","","","","","","","","","","","","","","","","","","","","","","","","","","","","","","","","","","","","","","","","","","","",NA
"Humpback_wh_WS_2026","Humpback_wh_WS_2026","","","","","","","","","","","","","","","","","","","","","","","","","","","","","","","","","","","","","","","","","","","","","","","","","","","",NA
"Hyperiid_planktonJuneNCC","Hyperiid_planktonJuneNCC","","","","","","","","","","","","","","","","","","","","01.ZooPreyNCC","","","","","","","","","","","","","","","","","","","","","","","","","","","","","","","",NA
"IchNear","IchNear","01.ZooPreyNCC",NA,"03.FishPreyNCC","03.FishPreyNCC","03.FishPreyNCC","03.FishPreyNCC_0","03.FishPreyNCC_0","","","","","","","","","","","","","","","","","","","","","","","","","","","","","","","","","","","","","","","","","","","","",NA
"Ich.nearshore_2025","IchNear_2025","","","","","","","","03.FishPreyNCC","03.FishPreyNCC_0","03.FishPreyNCC","03.FishPreyNCC","03.FishPreyNCC_0","03.FishPreyNCC","03.FishPreyNCC_0","03.FishPreyNCC_0","","03.FishPreyNCC","03.FishPreyNCC","03.FishPreyNCC","","03.FishPreyNCC","03.FishPreyNCC","03.FishPreyNCC","03.FishPreyNCC","03.FishPreyNCC_1","03.FishPreyNCC","","","","","","","","","","","","","","","","","","","","","","","","","",NA
"IGF.mu","IGF_mu","06.Cond1NCC",NA,"06.Cond1NCC","06.Cond1NCC","06.Cond1NCC","06.Cond1NCC","","06.Cond1NCC","","06.Cond1NCC","","","","","","","","","","","","","","","","","","","","","","","","","","","","","","","","","","","","","","","","","",NA
"Insect_planktonJuneNCC","Insect_planktonJuneNCC","","","","","","","","","","","","","","","","","","","","01.ZooPreyNCC","","","","","","","","","","","","","","","","","","","","","","","","","","","","","","","",NA
"jackMackerel_BRT","jackMackerel_BRT","04.CompFishNCC","Comp_NCC","04.CompFishNCC","04.CompFishNCC","04.CompFishNCC","04.CompFishNCC","04.CompFishNCC","04.CompFishNCC","04.CompFishNCC","04.CompFishNCC","","","","","","","","","","","","","","","","","","","","","","","","","","","","","","","","","","","","","","","","","",NA
"Juvenile chum - NCC","juvChum_NCC","04.CompFishNCC",NA,"04.CompFishNCC","04.CompFishNCC","04.CompFishNCC",NA,NA,"04.CompFishNCC","","04.CompFishNCC","","","","","","","","","","","","","","","","","","","","","","","","","","","","","","","","","","","","","","","","","",NA
"Killer_wh_WS_2026","Killer_wh_WS_2026","","","","","","","","","","","","","","","","","","","","","","","","","","","","","fish_eaters_mammals_b","","","","","","","","","","","","","","","","","","","","","","",NA
"Killer.whales.BC","Killer_whales_BC","11.PredMammalBC","MammalPred","10.PredMammalNCC","10.PredMammalNCC","10.PredMammalNCC","10.PredMammalNCC","10.PredMammalNCC","10.PredMammalNCC","10.PredMammalNCC","","","","","","","","","","","","","","","","","","","","","","","","","","","","","","","","","","","","","","","","","","",NA
"Killer.whales.BC_2025","Killer_whales_BC_2025","11.PredMammalBC","MammalPred","10.PredMammalNCC","10.PredMammalNCC","10.PredMammalNCC","10.PredMammalNCC","10.PredMammalNCC","10.PredMammalNCC","10.PredMammalNCC","10.PredMammalNCC","10.PredMammalNCC","10.PredMammalNCC","10.PredMammalNCC","10.PredMammalNCC","10.PredMammalNCC","","10.PredMammalNCC","10.PredMammalNCC","10.PredMammalNCC","","10.PredMammalNCC","10.PredMammalNCC","10.PredMammalNCC","10.PredMammalNCC","10.PredMammalNCC","10.PredMammalNCC","10.PredMammalNCC","10.PredMammalNCC","10.PredMammalNCC","10.PredMammalNCC","10.PredMammalNCC","10.PredMammalNCC","10.PredMammalNCC","","","","","","","","","","","","","","","","","","",NA
"Black-legged kittiwake Reproductive Success","kittiwake_WGoA",NA,"BirdPred_AK","","","","","","","","","","","","","","","","","","","","","","","","","","","","","","","","","","","","","","","","","","","","","","","","","",NA
"Krill_adult_NHLdensity","krill_NHL_2025","","","","","","","","","","","","","01.ZooPreyNCC","01.ZooPreyNCC","01.ZooPreyNCC","01.ZooPreyNCC","01.ZooPreyNCC",NA,"","01.ZooPreyNCC","01.ZooPreyNCC","01.ZooPreyNCC","","","","","","","","","","","","","","","","","","","","","","","","","","","","","",NA
"LarCop_planktonJuneNCC","LarCop_planktonJuneNCC","","","","","","","","","","","","","","","","","","","","01.ZooPreyNCC","","","","","","","","","","","","","","","","","","","","","","","","","","","","","","","",NA
"Laysan_alba_WS_2026","Laysan_alba_WS_2026","","","","","","","","","","","","","","","","","","","","","","","","","","","","","fish_eaters_ess_0","08.PredBirdNCC_ess_0","","","","","","","","","","","","","","","","","","","","","PredNCC",NA
"Lmu_IntSprJunH","Lmu_IntSprJunH","06.Cond1NCC",NA,"06.Cond1NCC","06.Cond1NCC_1","06.Cond1NCC","06.Cond1NCC","","06.Cond1NCC","","06.Cond1NCC","","","","","","","","","","","","","","","","","","","","","","","","","","","","","","","","","","","","","","","","","",NA
"Lmu_IntSprMayH","Lmu_IntSprMayH","06.Cond1NCC",NA,"06.Cond1NCC","06.Cond1NCC_2","06.Cond1NCC","06.Cond1NCC","","06.Cond1NCC","","06.Cond1NCC","","","","","","","","","","","","","","","","","","","","","","","","","","","","","","","","","","","","","","","","","",NA
"Long_tailed_jaeg_WS_2026","Long_tailed_jaeg_WS_2026","","","","","","","","","","","","","","","","","","","","","","","","","","","","","fish_eaters_ess_II","08.PredBirdNCC_ess_II","","","","","","","","","","","","","","","","","","","","","PredNCC",NA
"Manx_shrw_WS_2026","Manx_shrw_WS_2026","","","","","","","","","","","","","","","","","","","","","","","","","","","","","fish_eaters_ess_II","08.PredBirdNCC_ess_II","","","","","","","","","","","","","","","","","","","","","PredNCC",NA
"CA Market Squid - NCC","marketSquid_NCC","04.CompFishNCC","Prey_NCC","04.CompFishNCC","04.CompFishNCC","04.CompFishNCC","04.CompFishNCC","04.CompFishNCC","04.CompFishNCC","04.CompFishNCC","04.CompFishNCC","","","","","","","","","","","04.CompFishNCC","04.CompFishNCC","","","","","","","","","","","","","","","","","","","","","","","","","","","","","",NA
"Minke_wh_WS_2026","Minke_wh_WS_2026","","","","","","","","","","","","","","","","","","","","","","","","","","","","","fish_eaters_mammals","","","","","","","","","","","","","","","","","","","","","","",NA
"Aurelia Moon Jelly - NCC","moonJel_NCC","02.CompJellyNCC","JellyComp_NCC","02.CompJellyNCC","02.CompJellyNCC","02.CompJellyNCC","02.CompJellyNCC","02.CompJellyNCC_0","02.CompJellyNCC","02.CompJellyNCC_0","02.CompJellyNCC","","","","","","","","","","","","","","","","","","","","","","","","","","","","","","","","","","","","","","","","","",NA
"Motile Epifauna Biomass","motEpi_EGoA",NA,NA,"","","","","","","","","","","","","","","","","","","","","","","","","","","","","","","","","","","","","","","","","","","","","","","","","",NA
"Motile epifauna biomass","motEpi_WGoA",NA,NA,"","","","","","","","","","","","","","","","","","","","","","","","","","","","","","","","","","","","","","","","","","","","","","","","","",NA
"muCanMagM_NHLbiomass","muCanMagM_NHLbiomass","","","","","","","","","","","","","","","","01.ZooPreyNCCb",NA,NA,"01.ZooPreyNCCb","01.ZooPreyNCC","","","","","","","","","","","","","","","","","","","","","","","","","","","","","","","",NA
"muCanMagM_NHLdensity","muCanMagM_NHLdensity","","","","","","","","","","","","","","","","01.ZooPreyNCCb",NA,NA,"","","","","","","","","","","","","","","","","","","","","","","","","","","","","","","","","",NA
"muDecapodAll_NHLbiomass","muDecapodAll_NHLbiomass","","","","","","","","","","","","","","","","01.ZooPreyNCCb",NA,NA,"01.ZooPreyNCCb","01.ZooPreyNCC","","","","","","","","","","","","","","","","","","","","","","","","","","","","","","","",NA
"muDecapodAll_NHLdensity","muDecapodAll_NHLdensity","","","","","","","","","","","","","","","","01.ZooPreyNCCb",NA,NA,"","","","","","","","","","","","","","","","","","","","","","","","","","","","","","","","","",NA
"muFish_NHLbiomass","muFish_NHLbiomass","","","","","","","","","","","","","","","","01.ZooPreyNCCb",NA,NA,"01.ZooPreyNCCb","01.ZooPreyNCC","","","","","","","","","","","","","","","","","","","","","","","","","","","","","","","",NA
"muFish_NHLdensity","muFish_NHLdensity","","","","","","","","","","","","","","","","01.ZooPreyNCCb",NA,NA,"","","","","","","","","","","","","","","","","","","","","","","","","","","","","","","","","",NA
"muLarCop_NHLbiomass","muLarCop_NHLbiomass","","","","","","","","","","","","","","","","01.ZooPreyNCCb",NA,NA,"01.ZooPreyNCCb","01.ZooPreyNCC","","","","","","","","","","","","","","","","","","","","","","","","","","","","","","","",NA
"muLarCop_NHLdensity","muLarCop_NHLdensity","","","","","","","","","","","","","","","","01.ZooPreyNCCb",NA,NA,"","","","","","","","","","","","","","","","","","","","","","","","","","","","","","","","","",NA
"muPteropod_NHLbiomass","muPteropod_NHLbiomass","","","","","","","","","","","","","","","","01.ZooPreyNCCb",NA,NA,"01.ZooPreyNCCb","01.ZooPreyNCC","","","","","","","","","","","","","","","","","","","","","","","","","","","","","","","",NA
"muPteropod_NHLdensity","muPteropod_NHLdensity","","","","","","","","","","","","","","","","01.ZooPreyNCCb",NA,NA,"","","","","","","","","","","","","","","","","","","","","","","","","","","","","","","","","",NA
"NHLsum_win_05_2025b","NHLsum_win_05_2025b","","","","","","","","","","","","","","","","","","","","","01.ZooPreyNCC","","","","","","","","","","","","","","","","","","","","","","","","","","","","","","",NA
"NHLsum_win_15_2025b","NHLsum_win_15_2025b","","","","","","","","","","","","","","","","","","","","","01.ZooPreyNCC","","","","","","","","","","","","","","","","","","","","","","","","","","","","","","",NA
"NHLsum_win_25_2025b","NHLsum_win_25_2025b","","","","","","","","","","","","","","","","","","","","","01.ZooPreyNCC","","","","","","","","","","","","","","","","","","","","","","","","","","","","","","",NA
"Northern anchovy - NCC","northAnch_NCC","05.ForageFishNCC","Prey_NCC","05.ForageFishNCC","05.ForageFishNCC","05.ForageFishNCC","05.ForageFishNCC","05.ForageFishNCC","05.ForageFishNCC","05.ForageFishNCC","05.ForageFishNCC","","","","","","","","","","","","","","","","","","","","","","","","","","","","","","","","","","","","","","","","","",NA
"Northern_f_s_WS_2026","Northern_f_s_WS_2026","","","","","","","","","","","","","","","","","","","","","","","","","","","","","fish_eaters_mammals_b","10.PredMammalNCC","10.PredMammalNCC","10.PredMammalNCC","10.PredMammalNCC_1","","","","","","","","","","","","","","","","","","",NA
"Northern_right_wh_d_WS_2026","Northern_right_wh_d_WS_2026","","","","","","","","","","","","","","","","","","","","","","","","","","","","","fish_eaters_mammals","","","","","","","","","","","","","","","","","","","","","","",NA
"Pacific_white_sided_d_WS_2026","Pacific_white_sided_d_WS_2026","","","","","","","","","","","","","","","","","","","","","","","","","","","","","fish_eaters_mammals_0","","","","","","","","","","","","","","","","","","","","","","",NA
"Parakeet_aukl_WS_2026","Parakeet_aukl_WS_2026","","","","","","","","","","","","","","","","","","","","","","","","","","","","","01.ZooPreyNCC_JSOES","01.ZooPreyNCC_JSOES","","","","","","","","","","","","","","","","","","","","","PreyNCC",NA
"Pelagic forager biomass","pelag_CAI",NA,"Prey_AK","","","","","","","","","","","","","","","","","","","","","","","","","","","","","","","","","","","","","","","","","","","","","","","","","",NA
"Pelagic forager biomass","pelag_EAI",NA,"Prey_AK","","","","","","","","","","","","","","","","","","","","","","","","","","","","","","","","","","","","","","","","","","","","","","","","","",NA
"Pelagic forager biomass","pelag_WAI",NA,"Prey_AK","","","","","","","","","","","","","","","","","","","","","","","","","","","","","","","","","","","","","","","","","","","","","","","","","",NA
"pinkSalmon","pinkSalmon","14.CompAK","Comp_AK","14.CompAK","14.CompAK_1","14.CompAK","14.CompAK_0","14.CompAK_0","","","","","","","","","","","","","","","","","","","","","","","","","","","","","","","","","","","","","","","","","","","","",NA
"pinkSalmonAsia","pinkSalmonAsia","14.CompAK","Comp_AK","14.CompAK","14.CompAK","14.CompAK","14.CompAK","14.CompAK","","","","","","","","","","","","","","","","","","","","","","","","","","","","","","","","","","","","","","","","","","","","",NA
"pinkSalmonNorthAmerica","pinkSalmonNorthAmerica","14.CompAK","Comp_AK","14.CompAK","14.CompAK_2","14.CompAK","14.CompAK_1","14.CompAK_1","","","","","","","","","","","","","","","","","","","","","","","","","","","","","","","","","","","","","","","","","","","","",NA
"PlanktonJuneNCC","PlanktonJuneNCC","01.ZooPreyNCC","ZooPrey_NCC","01.ZooPreyNCC","01.ZooPreyNCC","01.ZooPreyNCC","01.ZooPreyNCC","01.ZooPreyNCC","01.ZooPreyNCC","01.ZooPreyNCC","01.ZooPreyNCC","","","","","","","","","","","","","","","","","","","","","","","","","","","","","","","","","","","","","","","","","",NA
"PlanktonJuneNCC_Burke_2025","PlanktonJuneNCC_Burke_2025","","","","","","","","","","","01.ZooPreyNCC","01.ZooPreyNCC","01.ZooPreyNCC","01.ZooPreyNCC","01.ZooPreyNCC","01.ZooPreyNCC","01.ZooPreyNCC","01.ZooPreyNCC","","","","","","","","","","","","","","","","","","","","","","","","","","","","","","","","","",NA
"PlanktonJuneNCC_IGF","PlanktonJuneNCC_IGF","","","","","","","","","","","01.ZooPreyNCC","01.ZooPreyNCC","01.ZooPreyNCC","01.ZooPreyNCC","01.ZooPreyNCC","01.ZooPreyNCC","01.ZooPreyNCC","01.ZooPreyNCC","","","","","","","","","","","","","","","","","","","","","","","","","","","","","","","","","",NA
"PlanktonJuneNCC_Ruz1_2025","PlanktonJuneNCC_Ruz1_2025","","","","","","","","","","","01.ZooPreyNCC","01.ZooPreyNCC","01.ZooPreyNCC","01.ZooPreyNCC","01.ZooPreyNCC","01.ZooPreyNCC","01.ZooPreyNCC","01.ZooPreyNCC","","","","","","","","","","","","","","","","","","","","","","","","","","","","","","","","","",NA
"PlanktonJuneNCC_Ruz2_2025","PlanktonJuneNCC_Ruz2_2025","","","","","","","","","","","01.ZooPreyNCC","01.ZooPreyNCC","01.ZooPreyNCC","01.ZooPreyNCC","01.ZooPreyNCC","01.ZooPreyNCC","01.ZooPreyNCC","01.ZooPreyNCC","","","","","","","","","","","","","","","","","","","","","","","","","","","","","","","","","",NA
"Pacific Pompano - NCC","pompano_NCC","04.CompFishNCC","Comp_NCC","04.CompFishNCC","04.CompFishNCC","04.CompFishNCC","04.CompFishNCC","04.CompFishNCC","04.CompFishNCC","04.CompFishNCC","04.CompFishNCC","","","","","","","","","","","","","","","","","","","","","","","","","","","","","","","","","","","","","","","","","",NA
"model_pred_seal_abund","predSealAbund","11.PredMammalBC","MammalPred","10.PredMammalNCC","10.PredMammalNCC","10.PredMammalNCC","10.PredMammalNCC","10.PredMammalNCC","10.PredMammalNCC","10.PredMammalNCC","10.PredMammalNCC","","","","","","","","","","","","","","","","","","","","","","","","","","","","","","","","","","","","","","","","","",NA
"Pteropod_planktonJuneNCC","Pteropod_planktonJuneNCC","","","","","","","","","","","","","","","","","","","","01.ZooPreyNCC","","","","","","","","","","","","","","","","","","","","","","","","","","","","","","","",NA
"Red_necked_grebe_WS_2026","Red_necked_grebe_WS_2026","","","","","","","","","","","","","","","","","","","","","","","","","","","","","fish_eaters_secular","08.PredBirdNCC_secular","","","","","","","","","","","","","","","","","","","","","PredNCC",NA
"Ring_billed_gull_WS_2026","Ring_billed_gull_WS_2026","","","","","","","","","","","","","","","","","","","","","","","","","","","","","fish_eaters_ess","08.PredBirdNCC_ess","","","","","","","","","","","","","","","","","","","","","PredNCC",NA
"Risso_s_d_WS_2026","Risso_s_d_WS_2026","","","","","","","","","","","","","","","","","","","","","","","","","","","","","","","","","","","","","","","","","","","","","","","","","","","",NA
"sablefish","sablefish_WCGFS_2025","","","","","","","","","","","09.PredFishNCC","09.PredFishNCC","09.PredFishNCC","09.PredFishNCC","09.PredFishNCC","","09.PredFishNCC",NA,"","","","","","","","","","","","","","","","","","","","","","","","","","","","","","","","","",NA
"Scripp_s_mrlt_WS_2026","Scripp_s_mrlt_WS_2026","","","","","","","","","","","","","","","","","","","","","","","","","","","","","fish_eaters_hump","08.PredBirdNCC_hump","","","","","","","","","","","","","","","","","","","","","PredNCC",NA
"obs_seal_count","sealCount",NA,"MammalPred","","","","","","","","","","","","","","","","","","","","","","","","","","","","","","","","","","","","","","","","","","","","","","","","","",NA
"Chrysaora Sea Nettle - NCC","seaNet_NCC","02.CompJellyNCC","JellyComp_NCC","02.CompJellyNCC","02.CompJellyNCC","02.CompJellyNCC","02.CompJellyNCC","02.CompJellyNCC","02.CompJellyNCC","02.CompJellyNCC","02.CompJellyNCC","","","","","","","","","","","","","","","","","","","","","","","","","","","","","","","","","","","","","","","","","",NA
"Sooty shearwater density - NWFSC","sootyShear_NWFSC","08.PredBirdNCC","BirdPred_NCC","08.PredBirdNCC","08.PredBirdNCC_2","08.PredBirdNCC","08.PredBirdNCC_1","08.PredBirdNCC","08.PredBirdNCC","08.PredBirdNCC","08.PredBirdNCC","08.PredBirdNCC","08.PredBirdNCC","08.PredBirdNCC","08.PredBirdNCC_1","08.PredBirdNCC_1","","08.PredBirdNCC","08.PredBirdNCC","08.PredBirdNCC","","08.PredBirdNCC","08.PredBirdNCC","08.PredBirdNCC","","","","","","","","","","","","","","","","","","","","","","","","","","","","",NA
"spotted ratfish","spottedRatfish_2025","","","","","","","","","","","09.PredFishNCC","09.PredFishNCC_7","09.PredFishNCC","09.PredFishNCC","09.PredFishNCC","","09.PredFishNCC","09.PredFishNCC","09.PredFishNCC","","","","","","","","","","","","","","","","","","","","","","","","","","","","","","","","",NA
"SSL_Bonn","SSL_Bonn",NA,NA,"10.PredMammalNCC","10.PredMammalNCC","10.PredMammalNCC","10.PredMammalNCC","","10.PredMammalNCC","","10.PredMammalNCC","","","","","","","","","","","","","","","","","","","","","","","","","","","","","","","","","","","","","","","","","",NA
"Steller sea lion non-pup counts","SSL_CAI",NA,"MammalPred","","","","","","","","","","","","","","","","","","","","","","","","","","","","","","","","","","","","","","","","","","","","","","","","","",NA
"Steller sea lion non-pup counts","SSL_EAI",NA,"MammalPred","","","","","","","","","","","","","","","","","","","","","","","","","","","","","","","","","","","","","","","","","","","","","","","","","",NA
"Steller Sea Lion Non-pups","SSL_EGoA",NA,"MammalPred","","","","","","","","","","","","","","","","","","","","","","","","","","","","","","","","","","","","","","","","","","","","","","","","","",NA
"SSL_EMB","SSL_EMB",NA,NA,"10.PredMammalNCC","10.PredMammalNCC_3","10.PredMammalNCC","10.PredMammalNCC","","10.PredMammalNCC","","10.PredMammalNCC","","","","","","","","","","","","","","","","","","","","","","","","","","","","","","","","","","","","","","","","","",NA
"ssl.est.wholerange","ssl_est_wholerange","11.PredMammalBC","MammalPred","10.PredMammalNCC","10.PredMammalNCC","10.PredMammalNCC","10.PredMammalNCC","10.PredMammalNCC","10.PredMammalNCC","10.PredMammalNCC","10.PredMammalNCC","10.PredMammalNCC","10.PredMammalNCC","10.PredMammalNCC","10.PredMammalNCC","10.PredMammalNCC","","10.PredMammalNCC","10.PredMammalNCC","10.PredMammalNCC","","10.PredMammalNCC","10.PredMammalNCC","10.PredMammalNCC","10.PredMammalNCC","10.PredMammalNCC","10.PredMammalNCC","10.PredMammalNCC","10.PredMammalNCC","10.PredMammalNCC","10.PredMammalNCC","10.PredMammalNCC","10.PredMammalNCC","10.PredMammalNCC","","","","","","","","","","","","","","","","","","",NA
"Steller sea lion non-pup counts","SSL_WAI",NA,"MammalPred","","","","","","","","","","","","","","","","","","","","","","","","","","","","","","","","","","","","","","","","","","","","","","","","","",NA
"Steller Sea Lion Non-pups","SSL_WGoA",NA,"MammalPred","","","","","","","","","","","","","","","","","","","","","","","","","","","","","","","","","","","","","","","","","","","","","","","","","",NA
"Steller_s_l_WS_2026","Steller_s_l_WS_2026","","","","","","","","","","","","","","","","","","","","","","","","","","","","","fish_eaters_mammals","10.PredMammalNCC","10.PredMammalNCC","10.PredMammalNCC","10.PredMammalNCC","","","","","","","","","","","","","","","","","","",NA
"Subyearling Chinook - NCC","subYearChin_NCC",NA,NA,"","","","","","","","","","","","","","","","","","","","","","","","","","","","","","","","","","","","","","","","","","","","","","","","","",NA
"sumAll_planktonJun_2025b","sumAll_planktonJun_2025b","","","","","","","","","","","","","","","","","","","","","01.ZooPreyNCC","","","","","","","","","","","","","","","","","","","","","","","","","","","","","","",NA
"sumPrey_planktonJun_2025b","sumPrey_planktonJun_2025b","","","","","","","","","","","","","","","","","","","","","01.ZooPreyNCC","","","","","","","","","","","","","","","","","","","","","","","","","","","","","","",NA
"sumPreyOfPrey_planktonJun_2025b","sumPreyOfPrey_planktonJun_2025b","","","","","","","","","","","","","","","","","","","","","01.ZooPreyNCC","","","","","","","","","","","","","","","","","","","","","","","","","","","","","","",NA
"Surf_scot_WS_2026","Surf_scot_WS_2026","","","","","","","","","","","","","","","","","","","","","","","","","","","","","","","","","","","","","","","","","","","","","","","","","","","",NA
"Thayer_s_gull_WS_2026","Thayer_s_gull_WS_2026","","","","","","","","","","","","","","","","","","","","","","","","","","","","","fish_eaters_hump","08.PredBirdNCC_hump","","","","","","","","","","","","","","","","","","","","","PredNCC",NA
"Aequorea Water Jelly - NCC","waterJel_NCC","02.CompJellyNCC","JellyComp_NCC","02.CompJellyNCC","02.CompJellyNCC","02.CompJellyNCC","02.CompJellyNCC","02.CompJellyNCC","02.CompJellyNCC","02.CompJellyNCC","02.CompJellyNCC","","","","","","","","","","","","","","","","","","","","","","","","","","","","","","","","","","","","","","","","","",NA
"Water.jelly__2025","WaterJelly__2025","","","","","","","","","","","02.CompJellyNCC","02.CompJellyNCC","02.CompJellyNCC","02.CompJellyNCC","02.CompJellyNCC","","02.CompJellyNCC","02.CompJellyNCC","02.CompJellyNCC","","02.CompJellyNCC","02.CompJellyNCC","","","","","","","","","","","","","","","","","","","","","","","","","","","","","",NA
"White_winged_scot_WS_2026","White_winged_scot_WS_2026","","","","","","","","","","","","","","","","","","","","","","","","","","","","","","","","","","","","","","","","","","","","","","","","","","","",NA
"YOY Pacific hake - NCC","yoyHake_JSOES_NCC","04.CompFishNCC","Comp_NCC","04.CompFishNCC","04.CompFishNCC","04.CompFishNCC","04.CompFishNCC","04.CompFishNCC","04.CompFishNCC","","04.CompFishNCC","","","","","","","",NA,"","","03.FishPreyNCC","03.FishPreyNCC","","","","","","","","","","","","","","","","","","","","","","","","","","","","","",NA
