lhs,term,est,se,z,pvalue,pair_id,ncc_predator,ak_predator,aic,cfi
X16_SAR,X07_DFA_cpue_IntSprJunHW,2.888615267894844,1.450055791989336,1.9920718112038598,0.04636317932055567,1,X08_DFA_DC_corm_3_WS,X11_ssl_seak_pup_pred,29.101247936340954,0.9999999999999856
X16_SAR,X07_DFA_cpue_IntSprJunHW,2.888615267894844,1.450055791989336,1.9920718112038598,0.04636317932055567,2,X08_DFA_DC_corm_3_WS,X15_ArrowtoothFlounderBiomass_predAK,29.101247936340954,0.9999999999999856
X16_SAR,X07_DFA_cpue_IntSprJunHW,2.888615267894844,1.450055791989336,1.9920718112038598,0.04636317932055567,3,X08_DFA_DC_corm_3_WS,X15_ArrowtoothFlounderBiomass_predAK_smoltYear,29.101247936340954,0.9999999999999856
X16_SAR,X07_DFA_cpue_IntSprJunHW,1.5328177703244743,0.779180341292794,1.9672182280436725,0.04915805745125423,4,X08_DFA_DC_corm_3_WS,X15_sablefishBiomass_predAK,20.07262922111371,0.9926444550280505
X16_SAR,X15_sablefishBiomass_predAK,-3.2186379769243123,0.6603948937333184,-4.8738080918961,1.094673333978946e-6,4,X08_DFA_DC_corm_3_WS,X15_sablefishBiomass_predAK,20.07262922111371,0.9926444550280505
X16_SAR,X07_DFA_cpue_IntSprJunHW,2.888615267894844,1.450055791989336,1.9920718112038598,0.04636317932055567,5,X08_DFA_DC_corm_3_WS,X15_sablefishBiomass_predAK_smoltYear,29.101247936340954,0.9999999999999856
X16_SAR,X07_DFA_cpue_IntSprJunHW,2.888615267894844,1.450055791989336,1.9920718112038598,0.04636317932055567,6,X08_DFA_DC_corm_3_WS,X15_sablefishRecruitment_predAK,29.101247936340954,0.9999999999999856
X16_SAR,X07_DFA_cpue_IntSprJunHW,1.4389264867836127,0.9361395858590782,1.5370853967927616,0.12427239854516858,7,X08_DFA_DC_corm_3_WS,X15_sablefishRecruitment_predAK_smoltYear,22.694040658431373,0.9595712380866074
X16_SAR,X15_sablefishRecruitment_predAK_smoltYear,-2.6994425273571916,0.6997552214269378,-3.85769544077499,1.1446114705182531e-4,7,X08_DFA_DC_corm_3_WS,X15_sablefishRecruitment_predAK_smoltYear,22.694040658431373,0.9595712380866074
X16_SAR,X07_DFA_cpue_IntSprJunHW,2.888615267894844,1.450055791989336,1.9920718112038598,0.04636317932055567,8,X08_DFA_DC_corm_3_WS,X15_PacificCodBiomass_predAK,29.101247936340954,0.9999999999999856
X16_SAR,X07_DFA_cpue_IntSprJunHW,2.444286544747666,1.1942731841868035,2.0466728861638246,0.0406902131614828,9,X08_DFA_DC_corm_3_WS,X15_PacificCodBiomass_predAK_smoltYear,27.727863913857618,1
X16_SAR,X15_PacificCodBiomass_predAK_smoltYear,-2.5403538620724175,1.2401447083644657,-2.0484334166314353,0.040517550017728166,9,X08_DFA_DC_corm_3_WS,X15_PacificCodBiomass_predAK_smoltYear,27.727863913857618,1
X16_SAR,X07_DFA_cpue_IntSprJunHW,2.257157485418357,0.46360710921031023,4.868686093410234,1.1234269812199216e-6,10,X08_DFA_DC_corm_3_WS,X15_spinyDogfishGoA_predAK,14.479777837659746,1
X16_SAR,X15_spinyDogfishGoA_predAK,8.452909034976996,2.35289210303719,3.592561267074552,3.274436341111908e-4,10,X08_DFA_DC_corm_3_WS,X15_spinyDogfishGoA_predAK,14.479777837659746,1
X16_SAR,X12_egoa.krill,6.162883511188269,2.1222686279369243,2.9039130249874456,0.003685305222423274,10,X08_DFA_DC_corm_3_WS,X15_spinyDogfishGoA_predAK,14.479777837659746,1
X16_SAR,ak_alt_int,-1.3388237190327497,0.4737220214452421,-2.8261800347559003,0.004710677977025179,10,X08_DFA_DC_corm_3_WS,X15_spinyDogfishGoA_predAK,14.479777837659746,1
X16_SAR,X07_DFA_cpue_IntSprJunHW,2.888615267894844,1.450055791989336,1.9920718112038598,0.04636317932055567,11,X08_DFA_DC_corm_3_WS,X15_spinyDogfishGoA_predAK_smoltYear,29.101247936340954,0.9999999999999856
X16_SAR,X07_DFA_cpue_IntSprJunHW,2.0331165935220628,0.5828187294868978,3.488420139332136,4.858839430170736e-4,12,X08_DFA_DC_corm_3_WS,X15_halibutBiomassAge8plus_2yrLead_predAK,16.116510873879342,1
X16_SAR,X15_halibutBiomassAge8plus_2yrLead_predAK,-2.51207391327339,0.3784208654054483,-6.63830708854254,3.1730618132996824e-11,12,X08_DFA_DC_corm_3_WS,X15_halibutBiomassAge8plus_2yrLead_predAK,16.116510873879342,1
X16_SAR,X07_DFA_cpue_IntSprJunHW,2.2427636762833973,0.6437122131786189,3.484109250015223,4.937778881233257e-4,13,X08_DFA_DC_corm_3_WS,X15_halibutBiomassAge8plus_smoltYear_predAK,17.865966545392496,1
X16_SAR,X15_halibutBiomassAge8plus_smoltYear_predAK,-1.5308259943961104,0.26315458882720855,-5.817211857176752,5.983728401659505e-9,13,X08_DFA_DC_corm_3_WS,X15_halibutBiomassAge8plus_smoltYear_predAK,17.865966545392496,1
X16_SAR,X07_DFA_cpue_IntSprJunHW,0.9308400677613088,0.9736994090850911,0.9559829851760372,0.3390808308039628,14,X08_DFA_DC_corm_3_WS,X15_DFA_sleeperSharks,22.369781418553643,0.8798428756864547
X16_SAR,X15_DFA_sleeperSharks,-0.8682781044925728,0.21824354965178694,-3.9784823234314706,6.935656655016054e-5,14,X08_DFA_DC_corm_3_WS,X15_DFA_sleeperSharks,22.369781418553643,0.8798428756864547
X16_SAR,X07_DFA_cpue_IntSprJunHW,2.888615267894844,1.450055791989336,1.9920718112038598,0.04636317932055567,15,X08_DFA_DC_corm_3_WS,X15_DFA_sleeperSharks_smoltYear,29.101247936340954,0.9999999999999856
X16_SAR,X07_DFA_cpue_IntSprJunHW,2.888615267894844,1.450055791989336,1.9920718112038598,0.04636317932055567,16,X08_DFA_DC_corm_3_WS,X15_salmonSharkGoA_predAK,29.101247936340954,0.9999999999999856
X16_SAR,X07_DFA_cpue_IntSprJunHW,2.888615267894844,1.450055791989336,1.9920718112038598,0.04636317932055567,17,X08_DFA_DC_corm_3_WS,X15_salmonSharkGoA_predAK_smoltYear,29.101247936340954,0.9999999999999856
X16_SAR,X07_DFA_cpue_IntSprJunHW,2.888615267894844,1.450055791989336,1.9920718112038598,0.04636317932055567,18,X08_commonMurre_JSOES,X11_ssl_seak_pup_pred,29.101247936340954,0.9999999999999856
X16_SAR,X07_DFA_cpue_IntSprJunHW,2.888615267894844,1.450055791989336,1.9920718112038598,0.04636317932055567,19,X08_commonMurre_JSOES,X15_ArrowtoothFlounderBiomass_predAK,29.101247936340954,0.9999999999999856
X16_SAR,X07_DFA_cpue_IntSprJunHW,2.888615267894844,1.450055791989336,1.9920718112038598,0.04636317932055567,20,X08_commonMurre_JSOES,X15_ArrowtoothFlounderBiomass_predAK_smoltYear,29.101247936340954,0.9999999999999856
X16_SAR,X07_DFA_cpue_IntSprJunHW,1.5328177703244743,0.779180341292794,1.9672182280436725,0.04915805745125423,21,X08_commonMurre_JSOES,X15_sablefishBiomass_predAK,20.07262922111371,0.9926444550280505
X16_SAR,X15_sablefishBiomass_predAK,-3.2186379769243123,0.6603948937333184,-4.8738080918961,1.094673333978946e-6,21,X08_commonMurre_JSOES,X15_sablefishBiomass_predAK,20.07262922111371,0.9926444550280505
X16_SAR,X07_DFA_cpue_IntSprJunHW,2.888615267894844,1.450055791989336,1.9920718112038598,0.04636317932055567,22,X08_commonMurre_JSOES,X15_sablefishBiomass_predAK_smoltYear,29.101247936340954,0.9999999999999856
X16_SAR,X07_DFA_cpue_IntSprJunHW,2.888615267894844,1.450055791989336,1.9920718112038598,0.04636317932055567,23,X08_commonMurre_JSOES,X15_sablefishRecruitment_predAK,29.101247936340954,0.9999999999999856
X16_SAR,X07_DFA_cpue_IntSprJunHW,1.4389264867836127,0.9361395858590782,1.5370853967927616,0.12427239854516858,24,X08_commonMurre_JSOES,X15_sablefishRecruitment_predAK_smoltYear,22.694040658431373,0.9595712380866074
X16_SAR,X15_sablefishRecruitment_predAK_smoltYear,-2.6994425273571916,0.6997552214269378,-3.85769544077499,1.1446114705182531e-4,24,X08_commonMurre_JSOES,X15_sablefishRecruitment_predAK_smoltYear,22.694040658431373,0.9595712380866074
X16_SAR,X07_DFA_cpue_IntSprJunHW,2.888615267894844,1.450055791989336,1.9920718112038598,0.04636317932055567,25,X08_commonMurre_JSOES,X15_PacificCodBiomass_predAK,29.101247936340954,0.9999999999999856
X16_SAR,X07_DFA_cpue_IntSprJunHW,2.444286544747666,1.1942731841868035,2.0466728861638246,0.0406902131614828,26,X08_commonMurre_JSOES,X15_PacificCodBiomass_predAK_smoltYear,27.727863913857618,1
X16_SAR,X15_PacificCodBiomass_predAK_smoltYear,-2.5403538620724175,1.2401447083644657,-2.0484334166314353,0.040517550017728166,26,X08_commonMurre_JSOES,X15_PacificCodBiomass_predAK_smoltYear,27.727863913857618,1
X16_SAR,X07_DFA_cpue_IntSprJunHW,2.257157485418357,0.46360710921031023,4.868686093410234,1.1234269812199216e-6,27,X08_commonMurre_JSOES,X15_spinyDogfishGoA_predAK,14.479777837659746,1
X16_SAR,X15_spinyDogfishGoA_predAK,8.452909034976996,2.35289210303719,3.592561267074552,3.274436341111908e-4,27,X08_commonMurre_JSOES,X15_spinyDogfishGoA_predAK,14.479777837659746,1
X16_SAR,X12_egoa.krill,6.162883511188269,2.1222686279369243,2.9039130249874456,0.003685305222423274,27,X08_commonMurre_JSOES,X15_spinyDogfishGoA_predAK,14.479777837659746,1
X16_SAR,ak_alt_int,-1.3388237190327497,0.4737220214452421,-2.8261800347559003,0.004710677977025179,27,X08_commonMurre_JSOES,X15_spinyDogfishGoA_predAK,14.479777837659746,1
X16_SAR,X07_DFA_cpue_IntSprJunHW,2.888615267894844,1.450055791989336,1.9920718112038598,0.04636317932055567,28,X08_commonMurre_JSOES,X15_spinyDogfishGoA_predAK_smoltYear,29.101247936340954,0.9999999999999856
X16_SAR,X07_DFA_cpue_IntSprJunHW,2.0331165935220628,0.5828187294868978,3.488420139332136,4.858839430170736e-4,29,X08_commonMurre_JSOES,X15_halibutBiomassAge8plus_2yrLead_predAK,16.116510873879342,1
X16_SAR,X15_halibutBiomassAge8plus_2yrLead_predAK,-2.51207391327339,0.3784208654054483,-6.63830708854254,3.1730618132996824e-11,29,X08_commonMurre_JSOES,X15_halibutBiomassAge8plus_2yrLead_predAK,16.116510873879342,1
X16_SAR,X07_DFA_cpue_IntSprJunHW,2.2427636762833973,0.6437122131786189,3.484109250015223,4.937778881233257e-4,30,X08_commonMurre_JSOES,X15_halibutBiomassAge8plus_smoltYear_predAK,17.865966545392496,1
X16_SAR,X15_halibutBiomassAge8plus_smoltYear_predAK,-1.5308259943961104,0.26315458882720855,-5.817211857176752,5.983728401659505e-9,30,X08_commonMurre_JSOES,X15_halibutBiomassAge8plus_smoltYear_predAK,17.865966545392496,1
X16_SAR,X07_DFA_cpue_IntSprJunHW,0.9308400677613088,0.9736994090850911,0.9559829851760372,0.3390808308039628,31,X08_commonMurre_JSOES,X15_DFA_sleeperSharks,22.369781418553643,0.8798428756864547
X16_SAR,X15_DFA_sleeperSharks,-0.8682781044925728,0.21824354965178694,-3.9784823234314706,6.935656655016054e-5,31,X08_commonMurre_JSOES,X15_DFA_sleeperSharks,22.369781418553643,0.8798428756864547
X16_SAR,X07_DFA_cpue_IntSprJunHW,2.888615267894844,1.450055791989336,1.9920718112038598,0.04636317932055567,32,X08_commonMurre_JSOES,X15_DFA_sleeperSharks_smoltYear,29.101247936340954,0.9999999999999856
X16_SAR,X07_DFA_cpue_IntSprJunHW,2.888615267894844,1.450055791989336,1.9920718112038598,0.04636317932055567,33,X08_commonMurre_JSOES,X15_salmonSharkGoA_predAK,29.101247936340954,0.9999999999999856
X16_SAR,X07_DFA_cpue_IntSprJunHW,2.888615267894844,1.450055791989336,1.9920718112038598,0.04636317932055567,34,X08_commonMurre_JSOES,X15_salmonSharkGoA_predAK_smoltYear,29.101247936340954,0.9999999999999856
X07_DFA_cpue_IntSprJunHW,X08_Large_gulls_7_WS,-0.43492086212159964,0.2555978741285286,-1.701582470529069,0.0888336658779687,35,X08_Large_gulls_7_WS,X11_ssl_seak_pup_pred,27.67807183560361,0.43333034503610146
X07_DFA_cpue_IntSprJunHW,X09_DFA_HakeAge5Plus,-0.5564595987411945,0.25840608129203546,-2.153430739551042,0.03128484190287706,35,X08_Large_gulls_7_WS,X11_ssl_seak_pup_pred,27.67807183560361,0.43333034503610146
X07_DFA_cpue_IntSprJunHW,ncc_alt_int,0.09618743459288023,0.04724744237969382,2.0358230995847517,0.041768122001592856,35,X08_Large_gulls_7_WS,X11_ssl_seak_pup_pred,27.67807183560361,0.43333034503610146
X16_SAR,X07_DFA_cpue_IntSprJunHW,2.888615267894831,1.450055795451374,1.9920718064477385,0.046363179842322966,35,X08_Large_gulls_7_WS,X11_ssl_seak_pup_pred,27.67807183560361,0.43333034503610146
X07_DFA_cpue_IntSprJunHW,X08_Large_gulls_7_WS,-0.43492086212159964,0.2555978741285286,-1.701582470529069,0.0888336658779687,36,X08_Large_gulls_7_WS,X15_ArrowtoothFlounderBiomass_predAK,27.67807183560361,0.43333034503610146
X07_DFA_cpue_IntSprJunHW,X09_DFA_HakeAge5Plus,-0.5564595987411945,0.25840608129203546,-2.153430739551042,0.03128484190287706,36,X08_Large_gulls_7_WS,X15_ArrowtoothFlounderBiomass_predAK,27.67807183560361,0.43333034503610146
X07_DFA_cpue_IntSprJunHW,ncc_alt_int,0.09618743459288023,0.04724744237969382,2.0358230995847517,0.041768122001592856,36,X08_Large_gulls_7_WS,X15_ArrowtoothFlounderBiomass_predAK,27.67807183560361,0.43333034503610146
X16_SAR,X07_DFA_cpue_IntSprJunHW,2.888615267894831,1.450055795451374,1.9920718064477385,0.046363179842322966,36,X08_Large_gulls_7_WS,X15_ArrowtoothFlounderBiomass_predAK,27.67807183560361,0.43333034503610146
X07_DFA_cpue_IntSprJunHW,X08_Large_gulls_7_WS,-0.43492086212159964,0.2555978741285286,-1.701582470529069,0.0888336658779687,37,X08_Large_gulls_7_WS,X15_ArrowtoothFlounderBiomass_predAK_smoltYear,27.67807183560361,0.43333034503610146
X07_DFA_cpue_IntSprJunHW,X09_DFA_HakeAge5Plus,-0.5564595987411945,0.25840608129203546,-2.153430739551042,0.03128484190287706,37,X08_Large_gulls_7_WS,X15_ArrowtoothFlounderBiomass_predAK_smoltYear,27.67807183560361,0.43333034503610146
X07_DFA_cpue_IntSprJunHW,ncc_alt_int,0.09618743459288023,0.04724744237969382,2.0358230995847517,0.041768122001592856,37,X08_Large_gulls_7_WS,X15_ArrowtoothFlounderBiomass_predAK_smoltYear,27.67807183560361,0.43333034503610146
X16_SAR,X07_DFA_cpue_IntSprJunHW,2.888615267894831,1.450055795451374,1.9920718064477385,0.046363179842322966,37,X08_Large_gulls_7_WS,X15_ArrowtoothFlounderBiomass_predAK_smoltYear,27.67807183560361,0.43333034503610146
X07_DFA_cpue_IntSprJunHW,X08_Large_gulls_7_WS,-0.43492086212158354,0.25559787420371843,-1.7015824700284472,0.08883366597188158,38,X08_Large_gulls_7_WS,X15_sablefishBiomass_predAK,18.649453120373323,0.8558303277051478
X07_DFA_cpue_IntSprJunHW,X09_DFA_HakeAge5Plus,-0.5564595987412181,0.258406081448228,-2.1534307382495,0.03128484200507198,38,X08_Large_gulls_7_WS,X15_sablefishBiomass_predAK,18.649453120373323,0.8558303277051478
X07_DFA_cpue_IntSprJunHW,ncc_alt_int,0.09618743459288472,0.04724744238195657,2.035823099487348,0.04176812201137725,38,X08_Large_gulls_7_WS,X15_sablefishBiomass_predAK,18.649453120373323,0.8558303277051478
X16_SAR,X07_DFA_cpue_IntSprJunHW,1.5328177643964318,0.7791803409139825,1.9672182213920193,0.049158058217770195,38,X08_Large_gulls_7_WS,X15_sablefishBiomass_predAK,18.649453120373323,0.8558303277051478
X16_SAR,X15_sablefishBiomass_predAK,-3.2186380028965504,0.6603948938585886,-4.873808130299933,1.09467312103817e-6,38,X08_Large_gulls_7_WS,X15_sablefishBiomass_predAK,18.649453120373323,0.8558303277051478
X07_DFA_cpue_IntSprJunHW,X08_Large_gulls_7_WS,-0.43492086212159964,0.2555978741285286,-1.701582470529069,0.0888336658779687,39,X08_Large_gulls_7_WS,X15_sablefishBiomass_predAK_smoltYear,27.67807183560361,0.43333034503610146
X07_DFA_cpue_IntSprJunHW,X09_DFA_HakeAge5Plus,-0.5564595987411945,0.25840608129203546,-2.153430739551042,0.03128484190287706,39,X08_Large_gulls_7_WS,X15_sablefishBiomass_predAK_smoltYear,27.67807183560361,0.43333034503610146
X07_DFA_cpue_IntSprJunHW,ncc_alt_int,0.09618743459288023,0.04724744237969382,2.0358230995847517,0.041768122001592856,39,X08_Large_gulls_7_WS,X15_sablefishBiomass_predAK_smoltYear,27.67807183560361,0.43333034503610146
X16_SAR,X07_DFA_cpue_IntSprJunHW,2.888615267894831,1.450055795451374,1.9920718064477385,0.046363179842322966,39,X08_Large_gulls_7_WS,X15_sablefishBiomass_predAK_smoltYear,27.67807183560361,0.43333034503610146
X07_DFA_cpue_IntSprJunHW,X08_Large_gulls_7_WS,-0.43492086212159964,0.2555978741285286,-1.701582470529069,0.0888336658779687,40,X08_Large_gulls_7_WS,X15_sablefishRecruitment_predAK,27.67807183560361,0.43333034503610146
X07_DFA_cpue_IntSprJunHW,X09_DFA_HakeAge5Plus,-0.5564595987411945,0.25840608129203546,-2.153430739551042,0.03128484190287706,40,X08_Large_gulls_7_WS,X15_sablefishRecruitment_predAK,27.67807183560361,0.43333034503610146
X07_DFA_cpue_IntSprJunHW,ncc_alt_int,0.09618743459288023,0.04724744237969382,2.0358230995847517,0.041768122001592856,40,X08_Large_gulls_7_WS,X15_sablefishRecruitment_predAK,27.67807183560361,0.43333034503610146
X16_SAR,X07_DFA_cpue_IntSprJunHW,2.888615267894831,1.450055795451374,1.9920718064477385,0.046363179842322966,40,X08_Large_gulls_7_WS,X15_sablefishRecruitment_predAK,27.67807183560361,0.43333034503610146
X07_DFA_cpue_IntSprJunHW,X08_Large_gulls_7_WS,-0.43492086212158354,0.25559787403570944,-1.7015824711469274,0.08883366576206297,41,X08_Large_gulls_7_WS,X15_sablefishRecruitment_predAK_smoltYear,21.270864557694615,0.9301026067272353
X07_DFA_cpue_IntSprJunHW,X09_DFA_HakeAge5Plus,-0.5564595987412181,0.2584060812553217,-2.1534307398570873,0.03128484187884695,41,X08_Large_gulls_7_WS,X15_sablefishRecruitment_predAK_smoltYear,21.270864557694615,0.9301026067272353
X07_DFA_cpue_IntSprJunHW,ncc_alt_int,0.09618743459288472,0.04724744235884629,2.035823100483136,0.04176812191134882,41,X08_Large_gulls_7_WS,X15_sablefishRecruitment_predAK_smoltYear,21.270864557694615,0.9301026067272353
X16_SAR,X07_DFA_cpue_IntSprJunHW,1.4389264867836127,0.9361395866823902,1.5370853954409325,0.1242723988761647,41,X08_Large_gulls_7_WS,X15_sablefishRecruitment_predAK_smoltYear,21.270864557694615,0.9301026067272353
X16_SAR,X15_sablefishRecruitment_predAK_smoltYear,-2.6994425273571916,0.6997552218042536,-3.8576954386948774,1.1446114802571294e-4,41,X08_Large_gulls_7_WS,X15_sablefishRecruitment_predAK_smoltYear,21.270864557694615,0.9301026067272353
X07_DFA_cpue_IntSprJunHW,X08_Large_gulls_7_WS,-0.43492086212159964,0.2555978741285286,-1.701582470529069,0.0888336658779687,42,X08_Large_gulls_7_WS,X15_PacificCodBiomass_predAK,27.67807183560361,0.43333034503610146
X07_DFA_cpue_IntSprJunHW,X09_DFA_HakeAge5Plus,-0.5564595987411945,0.25840608129203546,-2.153430739551042,0.03128484190287706,42,X08_Large_gulls_7_WS,X15_PacificCodBiomass_predAK,27.67807183560361,0.43333034503610146
X07_DFA_cpue_IntSprJunHW,ncc_alt_int,0.09618743459288023,0.04724744237969382,2.0358230995847517,0.041768122001592856,42,X08_Large_gulls_7_WS,X15_PacificCodBiomass_predAK,27.67807183560361,0.43333034503610146
X16_SAR,X07_DFA_cpue_IntSprJunHW,2.888615267894831,1.450055795451374,1.9920718064477385,0.046363179842322966,42,X08_Large_gulls_7_WS,X15_PacificCodBiomass_predAK,27.67807183560361,0.43333034503610146
X07_DFA_cpue_IntSprJunHW,X08_Large_gulls_7_WS,-0.43492086212182707,0.25559787467438166,-1.7015824668960706,0.08883366655949221,43,X08_Large_gulls_7_WS,X15_PacificCodBiomass_predAK_smoltYear,26.304687813121788,0.4329440733186145
X07_DFA_cpue_IntSprJunHW,X09_DFA_HakeAge5Plus,-0.5564595987414437,0.25840608201407006,-2.1534307335349205,0.031284842375252975,43,X08_Large_gulls_7_WS,X15_PacificCodBiomass_predAK_smoltYear,26.304687813121788,0.4329440733186145
X07_DFA_cpue_IntSprJunHW,ncc_alt_int,0.09618743459171986,0.047247442491021786,2.035823094763233,0.04176812248592232,43,X08_Large_gulls_7_WS,X15_PacificCodBiomass_predAK_smoltYear,26.304687813121788,0.4329440733186145
X16_SAR,X07_DFA_cpue_IntSprJunHW,2.444286544747837,1.1942731909547257,2.0466728745655134,0.04069021430103259,43,X08_Large_gulls_7_WS,X15_PacificCodBiomass_predAK_smoltYear,26.304687813121788,0.4329440733186145
X16_SAR,X15_PacificCodBiomass_predAK_smoltYear,-2.540353862072425,1.2401447107895156,-2.0484334126258177,0.040517550409869374,43,X08_Large_gulls_7_WS,X15_PacificCodBiomass_predAK_smoltYear,26.304687813121788,0.4329440733186145
X07_DFA_cpue_IntSprJunHW,X08_Large_gulls_7_WS,-0.43492086212158354,0.25559787425715136,-1.7015824696727302,0.08883366603861131,44,X08_Large_gulls_7_WS,X15_spinyDogfishGoA_predAK,13.049745839348532,0.26192398489037494
X07_DFA_cpue_IntSprJunHW,X09_DFA_HakeAge5Plus,-0.5564595987412181,0.25840608238275753,-2.153430730461585,0.031284842616565944,44,X08_Large_gulls_7_WS,X15_spinyDogfishGoA_predAK,13.049745839348532,0.26192398489037494
X07_DFA_cpue_IntSprJunHW,ncc_alt_int,0.09618743459288472,0.04724744244258982,2.03582309687475,0.04176812227381688,44,X08_Large_gulls_7_WS,X15_spinyDogfishGoA_predAK,13.049745839348532,0.26192398489037494
X16_SAR,X07_DFA_cpue_IntSprJunHW,2.2571574719974707,0.46360730380928145,4.8686840208324655,1.1234387620184805e-6,44,X08_Large_gulls_7_WS,X15_spinyDogfishGoA_predAK,13.049745839348532,0.26192398489037494
X16_SAR,X15_spinyDogfishGoA_predAK,8.45290941558102,2.3528926681964317,3.592560565909897,3.274445154655137e-4,44,X08_Large_gulls_7_WS,X15_spinyDogfishGoA_predAK,13.049745839348532,0.26192398489037494
X16_SAR,X12_egoa.krill,6.162883292052497,2.1222691165326815,2.9039122531836514,0.0036853143070598726,44,X08_Large_gulls_7_WS,X15_spinyDogfishGoA_predAK,13.049745839348532,0.26192398489037494
X16_SAR,ak_alt_int,-1.338823696980713,0.47372213570031274,-2.8261793065707255,0.004710688686386577,44,X08_Large_gulls_7_WS,X15_spinyDogfishGoA_predAK,13.049745839348532,0.26192398489037494
X07_DFA_cpue_IntSprJunHW,X08_Large_gulls_7_WS,-0.43492086212159964,0.2555978741285286,-1.701582470529069,0.0888336658779687,45,X08_Large_gulls_7_WS,X15_spinyDogfishGoA_predAK_smoltYear,27.67807183560361,0.43333034503610146
X07_DFA_cpue_IntSprJunHW,X09_DFA_HakeAge5Plus,-0.5564595987411945,0.25840608129203546,-2.153430739551042,0.03128484190287706,45,X08_Large_gulls_7_WS,X15_spinyDogfishGoA_predAK_smoltYear,27.67807183560361,0.43333034503610146
X07_DFA_cpue_IntSprJunHW,ncc_alt_int,0.09618743459288023,0.04724744237969382,2.0358230995847517,0.041768122001592856,45,X08_Large_gulls_7_WS,X15_spinyDogfishGoA_predAK_smoltYear,27.67807183560361,0.43333034503610146
X16_SAR,X07_DFA_cpue_IntSprJunHW,2.888615267894831,1.450055795451374,1.9920718064477385,0.046363179842322966,45,X08_Large_gulls_7_WS,X15_spinyDogfishGoA_predAK_smoltYear,27.67807183560361,0.43333034503610146
X07_DFA_cpue_IntSprJunHW,X08_Large_gulls_7_WS,-0.43492086212158354,0.2555978743112247,-1.7015824693127495,0.08883366610614107,46,X08_Large_gulls_7_WS,X15_halibutBiomassAge8plus_2yrLead_predAK,14.693334773140784,0.7703604460659955
X07_DFA_cpue_IntSprJunHW,X09_DFA_HakeAge5Plus,-0.5564595987412181,0.25840608151135436,-2.153430737723436,0.0312848420463776,46,X08_Large_gulls_7_WS,X15_halibutBiomassAge8plus_2yrLead_predAK,14.693334773140784,0.7703604460659955
X07_DFA_cpue_IntSprJunHW,ncc_alt_int,0.09618743459288472,0.04724744239284844,2.035823099018033,0.04176812205852065,46,X08_Large_gulls_7_WS,X15_halibutBiomassAge8plus_2yrLead_predAK,14.693334773140784,0.7703604460659955
X16_SAR,X07_DFA_cpue_IntSprJunHW,2.0331165935234465,0.5828187311571474,3.4884201293373502,4.8588396118209864e-4,46,X08_Large_gulls_7_WS,X15_halibutBiomassAge8plus_2yrLead_predAK,14.693334773140784,0.7703604460659955
X16_SAR,X15_halibutBiomassAge8plus_2yrLead_predAK,-2.5120739132711294,0.3784208650403198,-6.638307094941697,3.1730618132996824e-11,46,X08_Large_gulls_7_WS,X15_halibutBiomassAge8plus_2yrLead_predAK,14.693334773140784,0.7703604460659955
X07_DFA_cpue_IntSprJunHW,X08_Large_gulls_7_WS,-0.43492086212158354,0.25559787338960094,-1.701582475448242,0.0888336649551682,47,X08_Large_gulls_7_WS,X15_halibutBiomassAge8plus_smoltYear_predAK,16.44279044465683,0.680234843967022
X07_DFA_cpue_IntSprJunHW,X09_DFA_HakeAge5Plus,-0.5564595987412181,0.2584060805734817,-2.153430745539211,0.031284841432696275,47,X08_Large_gulls_7_WS,X15_halibutBiomassAge8plus_smoltYear_predAK,16.44279044465683,0.680234843967022
X07_DFA_cpue_IntSprJunHW,ncc_alt_int,0.09618743459288472,0.047247442239904666,2.0358231056081566,0.04176812139653219,47,X08_Large_gulls_7_WS,X15_halibutBiomassAge8plus_smoltYear_predAK,16.44279044465683,0.680234843967022
X16_SAR,X07_DFA_cpue_IntSprJunHW,2.242763676658209,0.6437122136738784,3.484109247916884,4.937778919946734e-4,47,X08_Large_gulls_7_WS,X15_halibutBiomassAge8plus_smoltYear_predAK,16.44279044465683,0.680234843967022
X16_SAR,X15_halibutBiomassAge8plus_smoltYear_predAK,-1.5308259943857594,0.263154588800629,-5.817211857724978,5.983728401659505e-9,47,X08_Large_gulls_7_WS,X15_halibutBiomassAge8plus_smoltYear_predAK,16.44279044465683,0.680234843967022
X07_DFA_cpue_IntSprJunHW,X08_Large_gulls_7_WS,-0.43492086212158354,0.25559787399261685,-1.7015824714338061,0.08883366570824669,48,X08_Large_gulls_7_WS,X15_DFA_sleeperSharks,20.946605317816704,0.9763876903984674
X07_DFA_cpue_IntSprJunHW,X09_DFA_HakeAge5Plus,-0.5564595987412181,0.25840608119692743,-2.153430740343717,0.03128484184063751,48,X08_Large_gulls_7_WS,X15_DFA_sleeperSharks,20.946605317816704,0.9763876903984674
X07_DFA_cpue_IntSprJunHW,ncc_alt_int,0.09618743459288472,0.047247442347726376,2.035823100962277,0.04176812186321821,48,X08_Large_gulls_7_WS,X15_DFA_sleeperSharks,20.946605317816704,0.9763876903984674
X16_SAR,X07_DFA_cpue_IntSprJunHW,0.9308400677517893,0.9736994070514122,0.9559829871629367,0.3390808298001231,48,X08_Large_gulls_7_WS,X15_DFA_sleeperSharks,20.946605317816704,0.9763876903984674
X16_SAR,X15_DFA_sleeperSharks,-0.8682781045034315,0.21824354937843143,-3.978482328464374,6.93565650824457e-5,48,X08_Large_gulls_7_WS,X15_DFA_sleeperSharks,20.946605317816704,0.9763876903984674
X07_DFA_cpue_IntSprJunHW,X08_Large_gulls_7_WS,-0.43492086212159964,0.2555978741285286,-1.701582470529069,0.0888336658779687,49,X08_Large_gulls_7_WS,X15_DFA_sleeperSharks_smoltYear,27.67807183560361,0.43333034503610146
X07_DFA_cpue_IntSprJunHW,X09_DFA_HakeAge5Plus,-0.5564595987411945,0.25840608129203546,-2.153430739551042,0.03128484190287706,49,X08_Large_gulls_7_WS,X15_DFA_sleeperSharks_smoltYear,27.67807183560361,0.43333034503610146
X07_DFA_cpue_IntSprJunHW,ncc_alt_int,0.09618743459288023,0.04724744237969382,2.0358230995847517,0.041768122001592856,49,X08_Large_gulls_7_WS,X15_DFA_sleeperSharks_smoltYear,27.67807183560361,0.43333034503610146
X16_SAR,X07_DFA_cpue_IntSprJunHW,2.888615267894831,1.450055795451374,1.9920718064477385,0.046363179842322966,49,X08_Large_gulls_7_WS,X15_DFA_sleeperSharks_smoltYear,27.67807183560361,0.43333034503610146
X07_DFA_cpue_IntSprJunHW,X08_Large_gulls_7_WS,-0.43492086212159964,0.2555978741285286,-1.701582470529069,0.0888336658779687,50,X08_Large_gulls_7_WS,X15_salmonSharkGoA_predAK,27.67807183560361,0.43333034503610146
X07_DFA_cpue_IntSprJunHW,X09_DFA_HakeAge5Plus,-0.5564595987411945,0.25840608129203546,-2.153430739551042,0.03128484190287706,50,X08_Large_gulls_7_WS,X15_salmonSharkGoA_predAK,27.67807183560361,0.43333034503610146
X07_DFA_cpue_IntSprJunHW,ncc_alt_int,0.09618743459288023,0.04724744237969382,2.0358230995847517,0.041768122001592856,50,X08_Large_gulls_7_WS,X15_salmonSharkGoA_predAK,27.67807183560361,0.43333034503610146
X16_SAR,X07_DFA_cpue_IntSprJunHW,2.888615267894831,1.450055795451374,1.9920718064477385,0.046363179842322966,50,X08_Large_gulls_7_WS,X15_salmonSharkGoA_predAK,27.67807183560361,0.43333034503610146
X07_DFA_cpue_IntSprJunHW,X08_Large_gulls_7_WS,-0.43492086212159964,0.2555978741285286,-1.701582470529069,0.0888336658779687,51,X08_Large_gulls_7_WS,X15_salmonSharkGoA_predAK_smoltYear,27.67807183560361,0.43333034503610146
X07_DFA_cpue_IntSprJunHW,X09_DFA_HakeAge5Plus,-0.5564595987411945,0.25840608129203546,-2.153430739551042,0.03128484190287706,51,X08_Large_gulls_7_WS,X15_salmonSharkGoA_predAK_smoltYear,27.67807183560361,0.43333034503610146
X07_DFA_cpue_IntSprJunHW,ncc_alt_int,0.09618743459288023,0.04724744237969382,2.0358230995847517,0.041768122001592856,51,X08_Large_gulls_7_WS,X15_salmonSharkGoA_predAK_smoltYear,27.67807183560361,0.43333034503610146
X16_SAR,X07_DFA_cpue_IntSprJunHW,2.888615267894831,1.450055795451374,1.9920718064477385,0.046363179842322966,51,X08_Large_gulls_7_WS,X15_salmonSharkGoA_predAK_smoltYear,27.67807183560361,0.43333034503610146
X16_SAR,X07_DFA_cpue_IntSprJunHW,2.888615267894844,1.450055791989336,1.9920718112038598,0.04636317932055567,52,X09_DFA_ChinAbundSnakeFall,X11_ssl_seak_pup_pred,29.101247936340954,0.9999999999999856
X16_SAR,X07_DFA_cpue_IntSprJunHW,2.888615267894844,1.450055791989336,1.9920718112038598,0.04636317932055567,53,X09_DFA_ChinAbundSnakeFall,X15_ArrowtoothFlounderBiomass_predAK,29.101247936340954,0.9999999999999856
X16_SAR,X07_DFA_cpue_IntSprJunHW,2.888615267894844,1.450055791989336,1.9920718112038598,0.04636317932055567,54,X09_DFA_ChinAbundSnakeFall,X15_ArrowtoothFlounderBiomass_predAK_smoltYear,29.101247936340954,0.9999999999999856
X16_SAR,X07_DFA_cpue_IntSprJunHW,1.5328177703244743,0.779180341292794,1.9672182280436725,0.04915805745125423,55,X09_DFA_ChinAbundSnakeFall,X15_sablefishBiomass_predAK,20.07262922111371,0.9926444550280505
X16_SAR,X15_sablefishBiomass_predAK,-3.2186379769243123,0.6603948937333184,-4.8738080918961,1.094673333978946e-6,55,X09_DFA_ChinAbundSnakeFall,X15_sablefishBiomass_predAK,20.07262922111371,0.9926444550280505
X16_SAR,X07_DFA_cpue_IntSprJunHW,2.888615267894844,1.450055791989336,1.9920718112038598,0.04636317932055567,56,X09_DFA_ChinAbundSnakeFall,X15_sablefishBiomass_predAK_smoltYear,29.101247936340954,0.9999999999999856
X16_SAR,X07_DFA_cpue_IntSprJunHW,2.888615267894844,1.450055791989336,1.9920718112038598,0.04636317932055567,57,X09_DFA_ChinAbundSnakeFall,X15_sablefishRecruitment_predAK,29.101247936340954,0.9999999999999856
X16_SAR,X07_DFA_cpue_IntSprJunHW,1.4389264867836127,0.9361395858590782,1.5370853967927616,0.12427239854516858,58,X09_DFA_ChinAbundSnakeFall,X15_sablefishRecruitment_predAK_smoltYear,22.694040658431373,0.9595712380866074
X16_SAR,X15_sablefishRecruitment_predAK_smoltYear,-2.6994425273571916,0.6997552214269378,-3.85769544077499,1.1446114705182531e-4,58,X09_DFA_ChinAbundSnakeFall,X15_sablefishRecruitment_predAK_smoltYear,22.694040658431373,0.9595712380866074
X16_SAR,X07_DFA_cpue_IntSprJunHW,2.888615267894844,1.450055791989336,1.9920718112038598,0.04636317932055567,59,X09_DFA_ChinAbundSnakeFall,X15_PacificCodBiomass_predAK,29.101247936340954,0.9999999999999856
X16_SAR,X07_DFA_cpue_IntSprJunHW,2.444286544747666,1.1942731841868035,2.0466728861638246,0.0406902131614828,60,X09_DFA_ChinAbundSnakeFall,X15_PacificCodBiomass_predAK_smoltYear,27.727863913857618,1
X16_SAR,X15_PacificCodBiomass_predAK_smoltYear,-2.5403538620724175,1.2401447083644657,-2.0484334166314353,0.040517550017728166,60,X09_DFA_ChinAbundSnakeFall,X15_PacificCodBiomass_predAK_smoltYear,27.727863913857618,1
X16_SAR,X07_DFA_cpue_IntSprJunHW,2.257157485418357,0.46360710921031023,4.868686093410234,1.1234269812199216e-6,61,X09_DFA_ChinAbundSnakeFall,X15_spinyDogfishGoA_predAK,14.479777837659746,1
X16_SAR,X15_spinyDogfishGoA_predAK,8.452909034976996,2.35289210303719,3.592561267074552,3.274436341111908e-4,61,X09_DFA_ChinAbundSnakeFall,X15_spinyDogfishGoA_predAK,14.479777837659746,1
X16_SAR,X12_egoa.krill,6.162883511188269,2.1222686279369243,2.9039130249874456,0.003685305222423274,61,X09_DFA_ChinAbundSnakeFall,X15_spinyDogfishGoA_predAK,14.479777837659746,1
X16_SAR,ak_alt_int,-1.3388237190327497,0.4737220214452421,-2.8261800347559003,0.004710677977025179,61,X09_DFA_ChinAbundSnakeFall,X15_spinyDogfishGoA_predAK,14.479777837659746,1
X16_SAR,X07_DFA_cpue_IntSprJunHW,2.888615267894844,1.450055791989336,1.9920718112038598,0.04636317932055567,62,X09_DFA_ChinAbundSnakeFall,X15_spinyDogfishGoA_predAK_smoltYear,29.101247936340954,0.9999999999999856
X16_SAR,X07_DFA_cpue_IntSprJunHW,2.0331165935220628,0.5828187294868978,3.488420139332136,4.858839430170736e-4,63,X09_DFA_ChinAbundSnakeFall,X15_halibutBiomassAge8plus_2yrLead_predAK,16.116510873879342,1
X16_SAR,X15_halibutBiomassAge8plus_2yrLead_predAK,-2.51207391327339,0.3784208654054483,-6.63830708854254,3.1730618132996824e-11,63,X09_DFA_ChinAbundSnakeFall,X15_halibutBiomassAge8plus_2yrLead_predAK,16.116510873879342,1
X16_SAR,X07_DFA_cpue_IntSprJunHW,2.2427636762833973,0.6437122131786189,3.484109250015223,4.937778881233257e-4,64,X09_DFA_ChinAbundSnakeFall,X15_halibutBiomassAge8plus_smoltYear_predAK,17.865966545392496,1
X16_SAR,X15_halibutBiomassAge8plus_smoltYear_predAK,-1.5308259943961104,0.26315458882720855,-5.817211857176752,5.983728401659505e-9,64,X09_DFA_ChinAbundSnakeFall,X15_halibutBiomassAge8plus_smoltYear_predAK,17.865966545392496,1
X16_SAR,X07_DFA_cpue_IntSprJunHW,0.9308400677613088,0.9736994090850911,0.9559829851760372,0.3390808308039628,65,X09_DFA_ChinAbundSnakeFall,X15_DFA_sleeperSharks,22.369781418553643,0.8798428756864547
X16_SAR,X15_DFA_sleeperSharks,-0.8682781044925728,0.21824354965178694,-3.9784823234314706,6.935656655016054e-5,65,X09_DFA_ChinAbundSnakeFall,X15_DFA_sleeperSharks,22.369781418553643,0.8798428756864547
X16_SAR,X07_DFA_cpue_IntSprJunHW,2.888615267894844,1.450055791989336,1.9920718112038598,0.04636317932055567,66,X09_DFA_ChinAbundSnakeFall,X15_DFA_sleeperSharks_smoltYear,29.101247936340954,0.9999999999999856
X16_SAR,X07_DFA_cpue_IntSprJunHW,2.888615267894844,1.450055791989336,1.9920718112038598,0.04636317932055567,67,X09_DFA_ChinAbundSnakeFall,X15_salmonSharkGoA_predAK,29.101247936340954,0.9999999999999856
X16_SAR,X07_DFA_cpue_IntSprJunHW,2.888615267894844,1.450055791989336,1.9920718112038598,0.04636317932055567,68,X09_DFA_ChinAbundSnakeFall,X15_salmonSharkGoA_predAK_smoltYear,29.101247936340954,0.9999999999999856
X16_SAR,X07_DFA_cpue_IntSprJunHW,2.888615267894844,1.450055791989336,1.9920718112038598,0.04636317932055567,69,X09_DFA_ChinAbundSnakeFall,X11_ssl_seak_pup_pred,29.101247936340954,0.9999999999999856
X16_SAR,X07_DFA_cpue_IntSprJunHW,2.888615267894844,1.450055791989336,1.9920718112038598,0.04636317932055567,70,X09_DFA_ChinAbundSnakeFall,X15_ArrowtoothFlounderBiomass_predAK,29.101247936340954,0.9999999999999856
X16_SAR,X07_DFA_cpue_IntSprJunHW,2.888615267894844,1.450055791989336,1.9920718112038598,0.04636317932055567,71,X09_DFA_ChinAbundSnakeFall,X15_ArrowtoothFlounderBiomass_predAK_smoltYear,29.101247936340954,0.9999999999999856
X16_SAR,X07_DFA_cpue_IntSprJunHW,1.5328177703244743,0.779180341292794,1.9672182280436725,0.04915805745125423,72,X09_DFA_ChinAbundSnakeFall,X15_sablefishBiomass_predAK,20.07262922111371,0.9926444550280505
X16_SAR,X15_sablefishBiomass_predAK,-3.2186379769243123,0.6603948937333184,-4.8738080918961,1.094673333978946e-6,72,X09_DFA_ChinAbundSnakeFall,X15_sablefishBiomass_predAK,20.07262922111371,0.9926444550280505
X16_SAR,X07_DFA_cpue_IntSprJunHW,2.888615267894844,1.450055791989336,1.9920718112038598,0.04636317932055567,73,X09_DFA_ChinAbundSnakeFall,X15_sablefishBiomass_predAK_smoltYear,29.101247936340954,0.9999999999999856
X16_SAR,X07_DFA_cpue_IntSprJunHW,2.888615267894844,1.450055791989336,1.9920718112038598,0.04636317932055567,74,X09_DFA_ChinAbundSnakeFall,X15_sablefishRecruitment_predAK,29.101247936340954,0.9999999999999856
X16_SAR,X07_DFA_cpue_IntSprJunHW,1.4389264867836127,0.9361395858590782,1.5370853967927616,0.12427239854516858,75,X09_DFA_ChinAbundSnakeFall,X15_sablefishRecruitment_predAK_smoltYear,22.694040658431373,0.9595712380866074
X16_SAR,X15_sablefishRecruitment_predAK_smoltYear,-2.6994425273571916,0.6997552214269378,-3.85769544077499,1.1446114705182531e-4,75,X09_DFA_ChinAbundSnakeFall,X15_sablefishRecruitment_predAK_smoltYear,22.694040658431373,0.9595712380866074
X16_SAR,X07_DFA_cpue_IntSprJunHW,2.888615267894844,1.450055791989336,1.9920718112038598,0.04636317932055567,76,X09_DFA_ChinAbundSnakeFall,X15_PacificCodBiomass_predAK,29.101247936340954,0.9999999999999856
X16_SAR,X07_DFA_cpue_IntSprJunHW,2.444286544747666,1.1942731841868035,2.0466728861638246,0.0406902131614828,77,X09_DFA_ChinAbundSnakeFall,X15_PacificCodBiomass_predAK_smoltYear,27.727863913857618,1
X16_SAR,X15_PacificCodBiomass_predAK_smoltYear,-2.5403538620724175,1.2401447083644657,-2.0484334166314353,0.040517550017728166,77,X09_DFA_ChinAbundSnakeFall,X15_PacificCodBiomass_predAK_smoltYear,27.727863913857618,1
X16_SAR,X07_DFA_cpue_IntSprJunHW,2.257157485418357,0.46360710921031023,4.868686093410234,1.1234269812199216e-6,78,X09_DFA_ChinAbundSnakeFall,X15_spinyDogfishGoA_predAK,14.479777837659746,1
X16_SAR,X15_spinyDogfishGoA_predAK,8.452909034976996,2.35289210303719,3.592561267074552,3.274436341111908e-4,78,X09_DFA_ChinAbundSnakeFall,X15_spinyDogfishGoA_predAK,14.479777837659746,1
X16_SAR,X12_egoa.krill,6.162883511188269,2.1222686279369243,2.9039130249874456,0.003685305222423274,78,X09_DFA_ChinAbundSnakeFall,X15_spinyDogfishGoA_predAK,14.479777837659746,1
X16_SAR,ak_alt_int,-1.3388237190327497,0.4737220214452421,-2.8261800347559003,0.004710677977025179,78,X09_DFA_ChinAbundSnakeFall,X15_spinyDogfishGoA_predAK,14.479777837659746,1
X16_SAR,X07_DFA_cpue_IntSprJunHW,2.888615267894844,1.450055791989336,1.9920718112038598,0.04636317932055567,79,X09_DFA_ChinAbundSnakeFall,X15_spinyDogfishGoA_predAK_smoltYear,29.101247936340954,0.9999999999999856
X16_SAR,X07_DFA_cpue_IntSprJunHW,2.0331165935220628,0.5828187294868978,3.488420139332136,4.858839430170736e-4,80,X09_DFA_ChinAbundSnakeFall,X15_halibutBiomassAge8plus_2yrLead_predAK,16.116510873879342,1
X16_SAR,X15_halibutBiomassAge8plus_2yrLead_predAK,-2.51207391327339,0.3784208654054483,-6.63830708854254,3.1730618132996824e-11,80,X09_DFA_ChinAbundSnakeFall,X15_halibutBiomassAge8plus_2yrLead_predAK,16.116510873879342,1
X16_SAR,X07_DFA_cpue_IntSprJunHW,2.2427636762833973,0.6437122131786189,3.484109250015223,4.937778881233257e-4,81,X09_DFA_ChinAbundSnakeFall,X15_halibutBiomassAge8plus_smoltYear_predAK,17.865966545392496,1
X16_SAR,X15_halibutBiomassAge8plus_smoltYear_predAK,-1.5308259943961104,0.26315458882720855,-5.817211857176752,5.983728401659505e-9,81,X09_DFA_ChinAbundSnakeFall,X15_halibutBiomassAge8plus_smoltYear_predAK,17.865966545392496,1
X16_SAR,X07_DFA_cpue_IntSprJunHW,0.9308400677613088,0.9736994090850911,0.9559829851760372,0.3390808308039628,82,X09_DFA_ChinAbundSnakeFall,X15_DFA_sleeperSharks,22.369781418553643,0.8798428756864547
X16_SAR,X15_DFA_sleeperSharks,-0.8682781044925728,0.21824354965178694,-3.9784823234314706,6.935656655016054e-5,82,X09_DFA_ChinAbundSnakeFall,X15_DFA_sleeperSharks,22.369781418553643,0.8798428756864547
X16_SAR,X07_DFA_cpue_IntSprJunHW,2.888615267894844,1.450055791989336,1.9920718112038598,0.04636317932055567,83,X09_DFA_ChinAbundSnakeFall,X15_DFA_sleeperSharks_smoltYear,29.101247936340954,0.9999999999999856
X16_SAR,X07_DFA_cpue_IntSprJunHW,2.888615267894844,1.450055791989336,1.9920718112038598,0.04636317932055567,84,X09_DFA_ChinAbundSnakeFall,X15_salmonSharkGoA_predAK,29.101247936340954,0.9999999999999856
X16_SAR,X07_DFA_cpue_IntSprJunHW,2.888615267894844,1.450055791989336,1.9920718112038598,0.04636317932055567,85,X09_DFA_ChinAbundSnakeFall,X15_salmonSharkGoA_predAK_smoltYear,29.101247936340954,0.9999999999999856
X07_DFA_cpue_IntSprJunHW,X09_DFA_HakeAge5Plus,-0.16473220054288762,0.054154378238193204,-3.0418999516221517,0.0023509001888610825,86,X09_DFA_HakeAge5Plus,X11_ssl_seak_pup_pred,26.90014181120486,0.4681742011902641
X07_DFA_cpue_IntSprJunHW,X12_DFA_biomassEuphShelfSum,0.13403362019395185,0.07655109148613641,1.750904103284088,0.07996242988501834,86,X09_DFA_HakeAge5Plus,X11_ssl_seak_pup_pred,26.90014181120486,0.4681742011902641
X16_SAR,X07_DFA_cpue_IntSprJunHW,2.888615267894844,1.4500557922919641,1.9920718107881124,0.046363179366164964,86,X09_DFA_HakeAge5Plus,X11_ssl_seak_pup_pred,26.90014181120486,0.4681742011902641
X07_DFA_cpue_IntSprJunHW,X09_DFA_HakeAge5Plus,-0.16473220054288762,0.054154378238193204,-3.0418999516221517,0.0023509001888610825,87,X09_DFA_HakeAge5Plus,X15_ArrowtoothFlounderBiomass_predAK,26.90014181120486,0.4681742011902641
X07_DFA_cpue_IntSprJunHW,X12_DFA_biomassEuphShelfSum,0.13403362019395185,0.07655109148613641,1.750904103284088,0.07996242988501834,87,X09_DFA_HakeAge5Plus,X15_ArrowtoothFlounderBiomass_predAK,26.90014181120486,0.4681742011902641
X16_SAR,X07_DFA_cpue_IntSprJunHW,2.888615267894844,1.4500557922919641,1.9920718107881124,0.046363179366164964,87,X09_DFA_HakeAge5Plus,X15_ArrowtoothFlounderBiomass_predAK,26.90014181120486,0.4681742011902641
X07_DFA_cpue_IntSprJunHW,X09_DFA_HakeAge5Plus,-0.16473220054288762,0.054154378238193204,-3.0418999516221517,0.0023509001888610825,88,X09_DFA_HakeAge5Plus,X15_ArrowtoothFlounderBiomass_predAK_smoltYear,26.90014181120486,0.4681742011902641
X07_DFA_cpue_IntSprJunHW,X12_DFA_biomassEuphShelfSum,0.13403362019395185,0.07655109148613641,1.750904103284088,0.07996242988501834,88,X09_DFA_HakeAge5Plus,X15_ArrowtoothFlounderBiomass_predAK_smoltYear,26.90014181120486,0.4681742011902641
X16_SAR,X07_DFA_cpue_IntSprJunHW,2.888615267894844,1.4500557922919641,1.9920718107881124,0.046363179366164964,88,X09_DFA_HakeAge5Plus,X15_ArrowtoothFlounderBiomass_predAK_smoltYear,26.90014181120486,0.4681742011902641
X07_DFA_cpue_IntSprJunHW,X09_DFA_HakeAge5Plus,-0.16473220054288815,0.05415437823735296,-3.041899951669359,0.0023509001884924885,89,X09_DFA_HakeAge5Plus,X15_sablefishBiomass_predAK,17.87152309597385,0.4641680146364551
X07_DFA_cpue_IntSprJunHW,X12_DFA_biomassEuphShelfSum,0.1340336201939555,0.07655109148303234,1.7509041033551331,0.07996242987277857,89,X09_DFA_HakeAge5Plus,X15_sablefishBiomass_predAK,17.87152309597385,0.4641680146364551
X16_SAR,X07_DFA_cpue_IntSprJunHW,1.5328177643964327,0.7791803420841474,1.9672182184376725,0.049158058558220086,89,X09_DFA_HakeAge5Plus,X15_sablefishBiomass_predAK,17.87152309597385,0.4641680146364551
X16_SAR,X15_sablefishBiomass_predAK,-3.218638002896551,0.6603948940620712,-4.873808128798204,1.0946731292538203e-6,89,X09_DFA_HakeAge5Plus,X15_sablefishBiomass_predAK,17.87152309597385,0.4641680146364551
X07_DFA_cpue_IntSprJunHW,X09_DFA_HakeAge5Plus,-0.16473220054288762,0.054154378238193204,-3.0418999516221517,0.0023509001888610825,90,X09_DFA_HakeAge5Plus,X15_sablefishBiomass_predAK_smoltYear,26.90014181120486,0.4681742011902641
X07_DFA_cpue_IntSprJunHW,X12_DFA_biomassEuphShelfSum,0.13403362019395185,0.07655109148613641,1.750904103284088,0.07996242988501834,90,X09_DFA_HakeAge5Plus,X15_sablefishBiomass_predAK_smoltYear,26.90014181120486,0.4681742011902641
X16_SAR,X07_DFA_cpue_IntSprJunHW,2.888615267894844,1.4500557922919641,1.9920718107881124,0.046363179366164964,90,X09_DFA_HakeAge5Plus,X15_sablefishBiomass_predAK_smoltYear,26.90014181120486,0.4681742011902641
X07_DFA_cpue_IntSprJunHW,X09_DFA_HakeAge5Plus,-0.16473220054288762,0.054154378238193204,-3.0418999516221517,0.0023509001888610825,91,X09_DFA_HakeAge5Plus,X15_sablefishRecruitment_predAK,26.90014181120486,0.4681742011902641
X07_DFA_cpue_IntSprJunHW,X12_DFA_biomassEuphShelfSum,0.13403362019395185,0.07655109148613641,1.750904103284088,0.07996242988501834,91,X09_DFA_HakeAge5Plus,X15_sablefishRecruitment_predAK,26.90014181120486,0.4681742011902641
X16_SAR,X07_DFA_cpue_IntSprJunHW,2.888615267894844,1.4500557922919641,1.9920718107881124,0.046363179366164964,91,X09_DFA_HakeAge5Plus,X15_sablefishRecruitment_predAK,26.90014181120486,0.4681742011902641
X07_DFA_cpue_IntSprJunHW,X09_DFA_HakeAge5Plus,-0.164732200542688,0.054154378237432445,-3.041899951661198,0.0023509001885562153,92,X09_DFA_HakeAge5Plus,X15_sablefishRecruitment_predAK_smoltYear,20.492934533294644,1
X07_DFA_cpue_IntSprJunHW,X12_DFA_biomassEuphShelfSum,0.13403362019413406,0.07655109148637826,1.7509041032809365,0.07996242988556146,92,X09_DFA_HakeAge5Plus,X15_sablefishRecruitment_predAK_smoltYear,20.492934533294644,1
X16_SAR,X07_DFA_cpue_IntSprJunHW,1.4389264867835987,0.9361395858165555,1.5370853968625662,0.1242723985280767,92,X09_DFA_HakeAge5Plus,X15_sablefishRecruitment_predAK_smoltYear,20.492934533294644,1
X16_SAR,X15_sablefishRecruitment_predAK_smoltYear,-2.6994425273571876,0.6997552214521068,-3.85769544063623,1.1446114711688438e-4,92,X09_DFA_HakeAge5Plus,X15_sablefishRecruitment_predAK_smoltYear,20.492934533294644,1
X07_DFA_cpue_IntSprJunHW,X09_DFA_HakeAge5Plus,-0.16473220054288762,0.054154378238193204,-3.0418999516221517,0.0023509001888610825,93,X09_DFA_HakeAge5Plus,X15_PacificCodBiomass_predAK,26.90014181120486,0.4681742011902641
X07_DFA_cpue_IntSprJunHW,X12_DFA_biomassEuphShelfSum,0.13403362019395185,0.07655109148613641,1.750904103284088,0.07996242988501834,93,X09_DFA_HakeAge5Plus,X15_PacificCodBiomass_predAK,26.90014181120486,0.4681742011902641
X16_SAR,X07_DFA_cpue_IntSprJunHW,2.888615267894844,1.4500557922919641,1.9920718107881124,0.046363179366164964,93,X09_DFA_HakeAge5Plus,X15_PacificCodBiomass_predAK,26.90014181120486,0.4681742011902641
X07_DFA_cpue_IntSprJunHW,X09_DFA_HakeAge5Plus,-0.1647322005426891,0.05415437823915368,-3.0418999515645355,0.002350900189311167,94,X09_DFA_HakeAge5Plus,X15_PacificCodBiomass_predAK_smoltYear,25.526757788721802,0.5723186431812597
X07_DFA_cpue_IntSprJunHW,X12_DFA_biomassEuphShelfSum,0.13403362019413315,0.0765510914919766,1.7509041031528774,0.07996242990762359,94,X09_DFA_HakeAge5Plus,X15_PacificCodBiomass_predAK_smoltYear,25.526757788721802,0.5723186431812597
X16_SAR,X07_DFA_cpue_IntSprJunHW,2.4442865447476443,1.1942731840684773,2.046672886366587,0.04069021314156118,94,X09_DFA_HakeAge5Plus,X15_PacificCodBiomass_predAK_smoltYear,25.526757788721802,0.5723186431812597
X16_SAR,X15_PacificCodBiomass_predAK_smoltYear,-2.5403538620724166,1.240144708116559,-2.0484334170409193,0.04051754997764068,94,X09_DFA_HakeAge5Plus,X15_PacificCodBiomass_predAK_smoltYear,25.526757788721802,0.5723186431812597
X07_DFA_cpue_IntSprJunHW,X09_DFA_HakeAge5Plus,-0.16473220054315438,0.05415437822819198,-3.0418999521888552,0.0023509001844352895,95,X09_DFA_HakeAge5Plus,X15_spinyDogfishGoA_predAK,12.27358239719814,0.27396427748070007
X07_DFA_cpue_IntSprJunHW,X12_DFA_biomassEuphShelfSum,0.13403362019373632,0.07655109150505583,1.7509041028485406,0.0799624299600552,95,X09_DFA_HakeAge5Plus,X15_spinyDogfishGoA_predAK,12.27358239719814,0.27396427748070007
X16_SAR,X07_DFA_cpue_IntSprJunHW,2.2571574719994167,0.4636072308725757,4.868684786799206,1.123434408167867e-6,95,X09_DFA_HakeAge5Plus,X15_spinyDogfishGoA_predAK,12.27358239719814,0.27396427748070007
X16_SAR,X15_spinyDogfishGoA_predAK,8.452909415609803,2.3528910710601814,3.592563004542762,3.274414501472922e-4,95,X09_DFA_HakeAge5Plus,X15_spinyDogfishGoA_predAK,12.27358239719814,0.27396427748070007
X16_SAR,X12_egoa.krill,6.162883292071736,2.1222676974848422,2.9039141948848104,0.0036852914520031366,95,X09_DFA_HakeAge5Plus,X15_spinyDogfishGoA_predAK,12.27358239719814,0.27396427748070007
X16_SAR,ak_alt_int,-1.3388236969767928,0.47372181466382507,-2.8261812218356126,0.004710660518785659,95,X09_DFA_HakeAge5Plus,X15_spinyDogfishGoA_predAK,12.27358239719814,0.27396427748070007
X07_DFA_cpue_IntSprJunHW,X09_DFA_HakeAge5Plus,-0.16473220054288762,0.054154378238193204,-3.0418999516221517,0.0023509001888610825,96,X09_DFA_HakeAge5Plus,X15_spinyDogfishGoA_predAK_smoltYear,26.90014181120486,0.4681742011902641
X07_DFA_cpue_IntSprJunHW,X12_DFA_biomassEuphShelfSum,0.13403362019395185,0.07655109148613641,1.750904103284088,0.07996242988501834,96,X09_DFA_HakeAge5Plus,X15_spinyDogfishGoA_predAK_smoltYear,26.90014181120486,0.4681742011902641
X16_SAR,X07_DFA_cpue_IntSprJunHW,2.888615267894844,1.4500557922919641,1.9920718107881124,0.046363179366164964,96,X09_DFA_HakeAge5Plus,X15_spinyDogfishGoA_predAK_smoltYear,26.90014181120486,0.4681742011902641
X07_DFA_cpue_IntSprJunHW,X09_DFA_HakeAge5Plus,-0.16473220054268567,0.054154378232853635,-3.041899951918351,0.002350900186547822,97,X09_DFA_HakeAge5Plus,X15_halibutBiomassAge8plus_2yrLead_predAK,13.915404748742624,0.5109861432862672
X07_DFA_cpue_IntSprJunHW,X12_DFA_biomassEuphShelfSum,0.13403362019413761,0.0765510914868201,1.750904103270877,0.07996242988729452,97,X09_DFA_HakeAge5Plus,X15_halibutBiomassAge8plus_2yrLead_predAK,13.915404748742624,0.5109861432862672
X16_SAR,X07_DFA_cpue_IntSprJunHW,2.033116593523158,0.5828187294954461,3.48842013928285,4.858839431067796e-4,97,X09_DFA_HakeAge5Plus,X15_halibutBiomassAge8plus_2yrLead_predAK,13.915404748742624,0.5109861432862672
X16_SAR,X15_halibutBiomassAge8plus_2yrLead_predAK,-2.512073913271605,0.3784208653660594,-6.638307089228788,3.1730618132996824e-11,97,X09_DFA_HakeAge5Plus,X15_halibutBiomassAge8plus_2yrLead_predAK,13.915404748742624,0.5109861432862672
X07_DFA_cpue_IntSprJunHW,X09_DFA_HakeAge5Plus,-0.16473220054288762,0.054154378239534964,-3.041899951546784,0.002350900189449723,98,X09_DFA_HakeAge5Plus,X15_halibutBiomassAge8plus_smoltYear_predAK,15.664860420256524,0.5332958179963407
X07_DFA_cpue_IntSprJunHW,X12_DFA_biomassEuphShelfSum,0.13403362019395185,0.07655109148923231,1.7509041032132773,0.07996242989721791,98,X09_DFA_HakeAge5Plus,X15_halibutBiomassAge8plus_smoltYear_predAK,15.664860420256524,0.5332958179963407
X16_SAR,X07_DFA_cpue_IntSprJunHW,2.242763676658209,0.643712213505179,3.4841092488299736,4.93777890310021e-4,98,X09_DFA_HakeAge5Plus,X15_halibutBiomassAge8plus_smoltYear_predAK,15.664860420256524,0.5332958179963407
X16_SAR,X15_halibutBiomassAge8plus_smoltYear_predAK,-1.5308259943857594,0.26315458882890014,-5.817211857100024,5.983728401659505e-9,98,X09_DFA_HakeAge5Plus,X15_halibutBiomassAge8plus_smoltYear_predAK,15.664860420256524,0.5332958179963407
X07_DFA_cpue_IntSprJunHW,X09_DFA_HakeAge5Plus,-0.16473220054289153,0.054154378236968566,-3.041899951691013,0.0023509001883232905,99,X09_DFA_HakeAge5Plus,X15_DFA_sleeperSharks,20.168675293417614,0.5108788095569319
X07_DFA_cpue_IntSprJunHW,X12_DFA_biomassEuphShelfSum,0.13403362019395285,0.07655109148865175,1.7509041032265693,0.07996242989492797,99,X09_DFA_HakeAge5Plus,X15_DFA_sleeperSharks,20.168675293417614,0.5108788095569319
X16_SAR,X07_DFA_cpue_IntSprJunHW,0.9308400677517752,0.9736994089467763,0.9559829853020442,0.3390808307403004,99,X09_DFA_HakeAge5Plus,X15_DFA_sleeperSharks,20.168675293417614,0.5108788095569319
X16_SAR,X15_DFA_sleeperSharks,-0.8682781045034462,0.2182435496575556,-3.9784823233761326,6.935656656636979e-5,99,X09_DFA_HakeAge5Plus,X15_DFA_sleeperSharks,20.168675293417614,0.5108788095569319
X07_DFA_cpue_IntSprJunHW,X09_DFA_HakeAge5Plus,-0.16473220054288762,0.054154378238193204,-3.0418999516221517,0.0023509001888610825,100,X09_DFA_HakeAge5Plus,X15_DFA_sleeperSharks_smoltYear,26.90014181120486,0.4681742011902641
X07_DFA_cpue_IntSprJunHW,X12_DFA_biomassEuphShelfSum,0.13403362019395185,0.07655109148613641,1.750904103284088,0.07996242988501834,100,X09_DFA_HakeAge5Plus,X15_DFA_sleeperSharks_smoltYear,26.90014181120486,0.4681742011902641
X16_SAR,X07_DFA_cpue_IntSprJunHW,2.888615267894844,1.4500557922919641,1.9920718107881124,0.046363179366164964,100,X09_DFA_HakeAge5Plus,X15_DFA_sleeperSharks_smoltYear,26.90014181120486,0.4681742011902641
X07_DFA_cpue_IntSprJunHW,X09_DFA_HakeAge5Plus,-0.16473220054288762,0.054154378238193204,-3.0418999516221517,0.0023509001888610825,101,X09_DFA_HakeAge5Plus,X15_salmonSharkGoA_predAK,26.90014181120486,0.4681742011902641
X07_DFA_cpue_IntSprJunHW,X12_DFA_biomassEuphShelfSum,0.13403362019395185,0.07655109148613641,1.750904103284088,0.07996242988501834,101,X09_DFA_HakeAge5Plus,X15_salmonSharkGoA_predAK,26.90014181120486,0.4681742011902641
X16_SAR,X07_DFA_cpue_IntSprJunHW,2.888615267894844,1.4500557922919641,1.9920718107881124,0.046363179366164964,101,X09_DFA_HakeAge5Plus,X15_salmonSharkGoA_predAK,26.90014181120486,0.4681742011902641
X07_DFA_cpue_IntSprJunHW,X09_DFA_HakeAge5Plus,-0.16473220054288762,0.054154378238193204,-3.0418999516221517,0.0023509001888610825,102,X09_DFA_HakeAge5Plus,X15_salmonSharkGoA_predAK_smoltYear,26.90014181120486,0.4681742011902641
X07_DFA_cpue_IntSprJunHW,X12_DFA_biomassEuphShelfSum,0.13403362019395185,0.07655109148613641,1.750904103284088,0.07996242988501834,102,X09_DFA_HakeAge5Plus,X15_salmonSharkGoA_predAK_smoltYear,26.90014181120486,0.4681742011902641
X16_SAR,X07_DFA_cpue_IntSprJunHW,2.888615267894844,1.4500557922919641,1.9920718107881124,0.046363179366164964,102,X09_DFA_HakeAge5Plus,X15_salmonSharkGoA_predAK_smoltYear,26.90014181120486,0.4681742011902641
X07_DFA_cpue_IntSprJunHW,X09_DFA_HakeAge5Plus,-0.11939771632764203,0.055939522030655636,-2.1344071596144567,0.032809466026681555,103,X09_DFA_HakeAge5Plus,X11_ssl_seak_pup_pred,27.495386175912028,0.3707608897375547
X16_SAR,X07_DFA_cpue_IntSprJunHW,2.8886152678947994,1.4500557917138739,1.9920718115822562,0.04636317927904399,103,X09_DFA_HakeAge5Plus,X11_ssl_seak_pup_pred,27.495386175912028,0.3707608897375547
X07_DFA_cpue_IntSprJunHW,X09_DFA_HakeAge5Plus,-0.11939771632764203,0.055939522030655636,-2.1344071596144567,0.032809466026681555,104,X09_DFA_HakeAge5Plus,X15_ArrowtoothFlounderBiomass_predAK,27.495386175912028,0.3707608897375547
X16_SAR,X07_DFA_cpue_IntSprJunHW,2.8886152678947994,1.4500557917138739,1.9920718115822562,0.04636317927904399,104,X09_DFA_HakeAge5Plus,X15_ArrowtoothFlounderBiomass_predAK,27.495386175912028,0.3707608897375547
X07_DFA_cpue_IntSprJunHW,X09_DFA_HakeAge5Plus,-0.11939771632764203,0.055939522030655636,-2.1344071596144567,0.032809466026681555,105,X09_DFA_HakeAge5Plus,X15_ArrowtoothFlounderBiomass_predAK_smoltYear,27.495386175912028,0.3707608897375547
X16_SAR,X07_DFA_cpue_IntSprJunHW,2.8886152678947994,1.4500557917138739,1.9920718115822562,0.04636317927904399,105,X09_DFA_HakeAge5Plus,X15_ArrowtoothFlounderBiomass_predAK_smoltYear,27.495386175912028,0.3707608897375547
X07_DFA_cpue_IntSprJunHW,X09_DFA_HakeAge5Plus,-0.11939771632764203,0.055939522029052065,-2.134407159675642,0.032809466021677336,106,X09_DFA_HakeAge5Plus,X15_sablefishBiomass_predAK,18.46676746068207,0.9890572414673323
X16_SAR,X07_DFA_cpue_IntSprJunHW,1.5328177643964318,0.7791803415501534,1.967218219785861,0.04915805840285903,106,X09_DFA_HakeAge5Plus,X15_sablefishBiomass_predAK,18.46676746068207,0.9890572414673323
X16_SAR,X15_sablefishBiomass_predAK,-3.2186380028965504,0.6603948935750147,-4.873808132392749,1.0946731094918505e-6,106,X09_DFA_HakeAge5Plus,X15_sablefishBiomass_predAK,18.46676746068207,0.9890572414673323
X07_DFA_cpue_IntSprJunHW,X09_DFA_HakeAge5Plus,-0.11939771632764203,0.055939522030655636,-2.1344071596144567,0.032809466026681555,107,X09_DFA_HakeAge5Plus,X15_sablefishBiomass_predAK_smoltYear,27.495386175912028,0.3707608897375547
X16_SAR,X07_DFA_cpue_IntSprJunHW,2.8886152678947994,1.4500557917138739,1.9920718115822562,0.04636317927904399,107,X09_DFA_HakeAge5Plus,X15_sablefishBiomass_predAK_smoltYear,27.495386175912028,0.3707608897375547
X07_DFA_cpue_IntSprJunHW,X09_DFA_HakeAge5Plus,-0.11939771632764203,0.055939522030655636,-2.1344071596144567,0.032809466026681555,108,X09_DFA_HakeAge5Plus,X15_sablefishRecruitment_predAK,27.495386175912028,0.3707608897375547
X16_SAR,X07_DFA_cpue_IntSprJunHW,2.8886152678947994,1.4500557917138739,1.9920718115822562,0.04636317927904399,108,X09_DFA_HakeAge5Plus,X15_sablefishRecruitment_predAK,27.495386175912028,0.3707608897375547
X07_DFA_cpue_IntSprJunHW,X09_DFA_HakeAge5Plus,-0.11939771632764203,0.055939522030513104,-2.134407159619895,0.0328094660262368,109,X09_DFA_HakeAge5Plus,X15_sablefishRecruitment_predAK_smoltYear,21.08817889800267,0.9545077249828325
X16_SAR,X07_DFA_cpue_IntSprJunHW,1.4389264867836127,0.9361395863912213,1.5370853959190143,0.12427239875910612,109,X09_DFA_HakeAge5Plus,X15_sablefishRecruitment_predAK_smoltYear,21.08817889800267,0.9545077249828325
X16_SAR,X15_sablefishRecruitment_predAK_smoltYear,-2.6994425273571916,0.6997552215900655,-3.8576954398756795,1.1446114747304392e-4,109,X09_DFA_HakeAge5Plus,X15_sablefishRecruitment_predAK_smoltYear,21.08817889800267,0.9545077249828325
X07_DFA_cpue_IntSprJunHW,X09_DFA_HakeAge5Plus,-0.11939771632764203,0.055939522030655636,-2.1344071596144567,0.032809466026681555,110,X09_DFA_HakeAge5Plus,X15_PacificCodBiomass_predAK,27.495386175912028,0.3707608897375547
X16_SAR,X07_DFA_cpue_IntSprJunHW,2.8886152678947994,1.4500557917138739,1.9920718115822562,0.04636317927904399,110,X09_DFA_HakeAge5Plus,X15_PacificCodBiomass_predAK,27.495386175912028,0.3707608897375547
X07_DFA_cpue_IntSprJunHW,X09_DFA_HakeAge5Plus,-0.11939771632778735,0.05593952202762938,-2.134407159732523,0.03280946601702528,111,X09_DFA_HakeAge5Plus,X15_PacificCodBiomass_predAK_smoltYear,26.122002153428742,0.600961239859269
X16_SAR,X07_DFA_cpue_IntSprJunHW,2.444286544747688,1.1942731839459706,2.0466728865765678,0.04069021312093035,111,X09_DFA_HakeAge5Plus,X15_PacificCodBiomass_predAK_smoltYear,26.122002153428742,0.600961239859269
X16_SAR,X15_PacificCodBiomass_predAK_smoltYear,-2.5403538620724184,1.2401447086512096,-2.0484334161578013,0.040517550064095964,111,X09_DFA_HakeAge5Plus,X15_PacificCodBiomass_predAK_smoltYear,26.122002153428742,0.600961239859269
X07_DFA_cpue_IntSprJunHW,X09_DFA_HakeAge5Plus,-0.11939771632764203,0.05593952193651036,-2.134407163206628,0.03280946573288901,112,X09_DFA_HakeAge5Plus,X15_spinyDogfishGoA_predAK,12.873916077180048,1
X16_SAR,X07_DFA_cpue_IntSprJunHW,2.2571574719974707,0.46360731775228303,4.868683874406672,1.1234395942416597e-6,112,X09_DFA_HakeAge5Plus,X15_spinyDogfishGoA_predAK,12.873916077180048,1
X16_SAR,X15_spinyDogfishGoA_predAK,8.45290941558102,2.352892995478924,3.59256006619224,3.2744514360505406e-4,112,X09_DFA_HakeAge5Plus,X15_spinyDogfishGoA_predAK,12.873916077180048,1
X16_SAR,X12_egoa.krill,6.162883292052497,2.1222694216165294,2.9039118357358404,0.0036853192207026986,112,X09_DFA_HakeAge5Plus,X15_spinyDogfishGoA_predAK,12.873916077180048,1
X16_SAR,ak_alt_int,-1.338823696980713,0.473722202186387,-2.8261789099214525,0.00471069451988515,112,X09_DFA_HakeAge5Plus,X15_spinyDogfishGoA_predAK,12.873916077180048,1
X07_DFA_cpue_IntSprJunHW,X09_DFA_HakeAge5Plus,-0.11939771632764203,0.055939522030655636,-2.1344071596144567,0.032809466026681555,113,X09_DFA_HakeAge5Plus,X15_spinyDogfishGoA_predAK_smoltYear,27.495386175912028,0.3707608897375547
X16_SAR,X07_DFA_cpue_IntSprJunHW,2.8886152678947994,1.4500557917138739,1.9920718115822562,0.04636317927904399,113,X09_DFA_HakeAge5Plus,X15_spinyDogfishGoA_predAK_smoltYear,27.495386175912028,0.3707608897375547
X07_DFA_cpue_IntSprJunHW,X09_DFA_HakeAge5Plus,-0.11939771632764203,0.055939522033240985,-2.134407159515811,0.032809466034749546,114,X09_DFA_HakeAge5Plus,X15_halibutBiomassAge8plus_2yrLead_predAK,14.510649113450164,0.8869901472738166
X16_SAR,X07_DFA_cpue_IntSprJunHW,2.0331165935234465,0.5828187294118592,3.488420139783649,4.858839421966188e-4,114,X09_DFA_HakeAge5Plus,X15_halibutBiomassAge8plus_2yrLead_predAK,14.510649113450164,0.8869901472738166
X16_SAR,X15_halibutBiomassAge8plus_2yrLead_predAK,-2.5120739132711294,0.3784208653690248,-6.638307089175512,3.1730618132996824e-11,114,X09_DFA_HakeAge5Plus,X15_halibutBiomassAge8plus_2yrLead_predAK,14.510649113450164,0.8869901472738166
X07_DFA_cpue_IntSprJunHW,X09_DFA_HakeAge5Plus,-0.11939771632764203,0.055939522029845576,-2.1344071596453653,0.03280946602415358,115,X09_DFA_HakeAge5Plus,X15_halibutBiomassAge8plus_smoltYear_predAK,16.260104784963712,0.8853005138420122
X16_SAR,X07_DFA_cpue_IntSprJunHW,2.242763676658209,0.6437122132167383,3.4841092503911666,4.937778874296583e-4,115,X09_DFA_HakeAge5Plus,X15_halibutBiomassAge8plus_smoltYear_predAK,16.260104784963712,0.8853005138420122
X16_SAR,X15_halibutBiomassAge8plus_smoltYear_predAK,-1.5308259943857594,0.2631545888221388,-5.817211857249488,5.983728401659505e-9,115,X09_DFA_HakeAge5Plus,X15_halibutBiomassAge8plus_smoltYear_predAK,16.260104784963712,0.8853005138420122
X07_DFA_cpue_IntSprJunHW,X09_DFA_HakeAge5Plus,-0.11939771632764203,0.05593952203075903,-2.1344071596105114,0.032809466027004186,116,X09_DFA_HakeAge5Plus,X15_DFA_sleeperSharks,20.763919658124777,0.9427857147254118
X16_SAR,X07_DFA_cpue_IntSprJunHW,0.9308400677517893,0.9736994087512625,0.9559829854940152,0.33908083064331107,116,X09_DFA_HakeAge5Plus,X15_DFA_sleeperSharks,20.763919658124777,0.9427857147254118
X16_SAR,X15_DFA_sleeperSharks,-0.8682781045034315,0.21824354962570794,-3.9784823239566336,6.935656639694976e-5,116,X09_DFA_HakeAge5Plus,X15_DFA_sleeperSharks,20.763919658124777,0.9427857147254118
X07_DFA_cpue_IntSprJunHW,X09_DFA_HakeAge5Plus,-0.11939771632764203,0.055939522030655636,-2.1344071596144567,0.032809466026681555,117,X09_DFA_HakeAge5Plus,X15_DFA_sleeperSharks_smoltYear,27.495386175912028,0.3707608897375547
X16_SAR,X07_DFA_cpue_IntSprJunHW,2.8886152678947994,1.4500557917138739,1.9920718115822562,0.04636317927904399,117,X09_DFA_HakeAge5Plus,X15_DFA_sleeperSharks_smoltYear,27.495386175912028,0.3707608897375547
X07_DFA_cpue_IntSprJunHW,X09_DFA_HakeAge5Plus,-0.11939771632764203,0.055939522030655636,-2.1344071596144567,0.032809466026681555,118,X09_DFA_HakeAge5Plus,X15_salmonSharkGoA_predAK,27.495386175912028,0.3707608897375547
X16_SAR,X07_DFA_cpue_IntSprJunHW,2.8886152678947994,1.4500557917138739,1.9920718115822562,0.04636317927904399,118,X09_DFA_HakeAge5Plus,X15_salmonSharkGoA_predAK,27.495386175912028,0.3707608897375547
X07_DFA_cpue_IntSprJunHW,X09_DFA_HakeAge5Plus,-0.11939771632764203,0.055939522030655636,-2.1344071596144567,0.032809466026681555,119,X09_DFA_HakeAge5Plus,X15_salmonSharkGoA_predAK_smoltYear,27.495386175912028,0.3707608897375547
X16_SAR,X07_DFA_cpue_IntSprJunHW,2.8886152678947994,1.4500557917138739,1.9920718115822562,0.04636317927904399,119,X09_DFA_HakeAge5Plus,X15_salmonSharkGoA_predAK_smoltYear,27.495386175912028,0.3707608897375547
X16_SAR,X07_DFA_cpue_IntSprJunHW,2.888615267894844,1.450055791989336,1.9920718112038598,0.04636317932055567,120,X09_canaryRockfish,X11_ssl_seak_pup_pred,29.101247936340954,0.9999999999999856
X16_SAR,X07_DFA_cpue_IntSprJunHW,2.888615267894844,1.450055791989336,1.9920718112038598,0.04636317932055567,121,X09_canaryRockfish,X15_ArrowtoothFlounderBiomass_predAK,29.101247936340954,0.9999999999999856
X16_SAR,X07_DFA_cpue_IntSprJunHW,2.888615267894844,1.450055791989336,1.9920718112038598,0.04636317932055567,122,X09_canaryRockfish,X15_ArrowtoothFlounderBiomass_predAK_smoltYear,29.101247936340954,0.9999999999999856
X16_SAR,X07_DFA_cpue_IntSprJunHW,1.5328177703244743,0.779180341292794,1.9672182280436725,0.04915805745125423,123,X09_canaryRockfish,X15_sablefishBiomass_predAK,20.07262922111371,0.9926444550280505
X16_SAR,X15_sablefishBiomass_predAK,-3.2186379769243123,0.6603948937333184,-4.8738080918961,1.094673333978946e-6,123,X09_canaryRockfish,X15_sablefishBiomass_predAK,20.07262922111371,0.9926444550280505
X16_SAR,X07_DFA_cpue_IntSprJunHW,2.888615267894844,1.450055791989336,1.9920718112038598,0.04636317932055567,124,X09_canaryRockfish,X15_sablefishBiomass_predAK_smoltYear,29.101247936340954,0.9999999999999856
X16_SAR,X07_DFA_cpue_IntSprJunHW,2.888615267894844,1.450055791989336,1.9920718112038598,0.04636317932055567,125,X09_canaryRockfish,X15_sablefishRecruitment_predAK,29.101247936340954,0.9999999999999856
X16_SAR,X07_DFA_cpue_IntSprJunHW,1.4389264867836127,0.9361395858590782,1.5370853967927616,0.12427239854516858,126,X09_canaryRockfish,X15_sablefishRecruitment_predAK_smoltYear,22.694040658431373,0.9595712380866074
X16_SAR,X15_sablefishRecruitment_predAK_smoltYear,-2.6994425273571916,0.6997552214269378,-3.85769544077499,1.1446114705182531e-4,126,X09_canaryRockfish,X15_sablefishRecruitment_predAK_smoltYear,22.694040658431373,0.9595712380866074
X16_SAR,X07_DFA_cpue_IntSprJunHW,2.888615267894844,1.450055791989336,1.9920718112038598,0.04636317932055567,127,X09_canaryRockfish,X15_PacificCodBiomass_predAK,29.101247936340954,0.9999999999999856
X16_SAR,X07_DFA_cpue_IntSprJunHW,2.444286544747666,1.1942731841868035,2.0466728861638246,0.0406902131614828,128,X09_canaryRockfish,X15_PacificCodBiomass_predAK_smoltYear,27.727863913857618,1
X16_SAR,X15_PacificCodBiomass_predAK_smoltYear,-2.5403538620724175,1.2401447083644657,-2.0484334166314353,0.040517550017728166,128,X09_canaryRockfish,X15_PacificCodBiomass_predAK_smoltYear,27.727863913857618,1
X16_SAR,X07_DFA_cpue_IntSprJunHW,2.257157485418357,0.46360710921031023,4.868686093410234,1.1234269812199216e-6,129,X09_canaryRockfish,X15_spinyDogfishGoA_predAK,14.479777837659746,1
X16_SAR,X15_spinyDogfishGoA_predAK,8.452909034976996,2.35289210303719,3.592561267074552,3.274436341111908e-4,129,X09_canaryRockfish,X15_spinyDogfishGoA_predAK,14.479777837659746,1
X16_SAR,X12_egoa.krill,6.162883511188269,2.1222686279369243,2.9039130249874456,0.003685305222423274,129,X09_canaryRockfish,X15_spinyDogfishGoA_predAK,14.479777837659746,1
X16_SAR,ak_alt_int,-1.3388237190327497,0.4737220214452421,-2.8261800347559003,0.004710677977025179,129,X09_canaryRockfish,X15_spinyDogfishGoA_predAK,14.479777837659746,1
X16_SAR,X07_DFA_cpue_IntSprJunHW,2.888615267894844,1.450055791989336,1.9920718112038598,0.04636317932055567,130,X09_canaryRockfish,X15_spinyDogfishGoA_predAK_smoltYear,29.101247936340954,0.9999999999999856
X16_SAR,X07_DFA_cpue_IntSprJunHW,2.0331165935220628,0.5828187294868978,3.488420139332136,4.858839430170736e-4,131,X09_canaryRockfish,X15_halibutBiomassAge8plus_2yrLead_predAK,16.116510873879342,1
X16_SAR,X15_halibutBiomassAge8plus_2yrLead_predAK,-2.51207391327339,0.3784208654054483,-6.63830708854254,3.1730618132996824e-11,131,X09_canaryRockfish,X15_halibutBiomassAge8plus_2yrLead_predAK,16.116510873879342,1
X16_SAR,X07_DFA_cpue_IntSprJunHW,2.2427636762833973,0.6437122131786189,3.484109250015223,4.937778881233257e-4,132,X09_canaryRockfish,X15_halibutBiomassAge8plus_smoltYear_predAK,17.865966545392496,1
X16_SAR,X15_halibutBiomassAge8plus_smoltYear_predAK,-1.5308259943961104,0.26315458882720855,-5.817211857176752,5.983728401659505e-9,132,X09_canaryRockfish,X15_halibutBiomassAge8plus_smoltYear_predAK,17.865966545392496,1
X16_SAR,X07_DFA_cpue_IntSprJunHW,0.9308400677613088,0.9736994090850911,0.9559829851760372,0.3390808308039628,133,X09_canaryRockfish,X15_DFA_sleeperSharks,22.369781418553643,0.8798428756864547
X16_SAR,X15_DFA_sleeperSharks,-0.8682781044925728,0.21824354965178694,-3.9784823234314706,6.935656655016054e-5,133,X09_canaryRockfish,X15_DFA_sleeperSharks,22.369781418553643,0.8798428756864547
X16_SAR,X07_DFA_cpue_IntSprJunHW,2.888615267894844,1.450055791989336,1.9920718112038598,0.04636317932055567,134,X09_canaryRockfish,X15_DFA_sleeperSharks_smoltYear,29.101247936340954,0.9999999999999856
X16_SAR,X07_DFA_cpue_IntSprJunHW,2.888615267894844,1.450055791989336,1.9920718112038598,0.04636317932055567,135,X09_canaryRockfish,X15_salmonSharkGoA_predAK,29.101247936340954,0.9999999999999856
X16_SAR,X07_DFA_cpue_IntSprJunHW,2.888615267894844,1.450055791989336,1.9920718112038598,0.04636317932055567,136,X09_canaryRockfish,X15_salmonSharkGoA_predAK_smoltYear,29.101247936340954,0.9999999999999856
X16_SAR,X07_DFA_cpue_IntSprJunHW,2.888615267894844,1.450055791989336,1.9920718112038598,0.04636317932055567,137,X10_DFA_ssl.est.wholerange_2yrLead,X11_ssl_seak_pup_pred,29.101247936340954,0.9999999999999856
X16_SAR,X07_DFA_cpue_IntSprJunHW,2.888615267894844,1.450055791989336,1.9920718112038598,0.04636317932055567,138,X10_DFA_ssl.est.wholerange_2yrLead,X15_ArrowtoothFlounderBiomass_predAK,29.101247936340954,0.9999999999999856
X16_SAR,X07_DFA_cpue_IntSprJunHW,2.888615267894844,1.450055791989336,1.9920718112038598,0.04636317932055567,139,X10_DFA_ssl.est.wholerange_2yrLead,X15_ArrowtoothFlounderBiomass_predAK_smoltYear,29.101247936340954,0.9999999999999856
X16_SAR,X07_DFA_cpue_IntSprJunHW,1.5328177703244743,0.779180341292794,1.9672182280436725,0.04915805745125423,140,X10_DFA_ssl.est.wholerange_2yrLead,X15_sablefishBiomass_predAK,20.07262922111371,0.9926444550280505
X16_SAR,X15_sablefishBiomass_predAK,-3.2186379769243123,0.6603948937333184,-4.8738080918961,1.094673333978946e-6,140,X10_DFA_ssl.est.wholerange_2yrLead,X15_sablefishBiomass_predAK,20.07262922111371,0.9926444550280505
X16_SAR,X07_DFA_cpue_IntSprJunHW,2.888615267894844,1.450055791989336,1.9920718112038598,0.04636317932055567,141,X10_DFA_ssl.est.wholerange_2yrLead,X15_sablefishBiomass_predAK_smoltYear,29.101247936340954,0.9999999999999856
X16_SAR,X07_DFA_cpue_IntSprJunHW,2.888615267894844,1.450055791989336,1.9920718112038598,0.04636317932055567,142,X10_DFA_ssl.est.wholerange_2yrLead,X15_sablefishRecruitment_predAK,29.101247936340954,0.9999999999999856
X16_SAR,X07_DFA_cpue_IntSprJunHW,1.4389264867836127,0.9361395858590782,1.5370853967927616,0.12427239854516858,143,X10_DFA_ssl.est.wholerange_2yrLead,X15_sablefishRecruitment_predAK_smoltYear,22.694040658431373,0.9595712380866074
X16_SAR,X15_sablefishRecruitment_predAK_smoltYear,-2.6994425273571916,0.6997552214269378,-3.85769544077499,1.1446114705182531e-4,143,X10_DFA_ssl.est.wholerange_2yrLead,X15_sablefishRecruitment_predAK_smoltYear,22.694040658431373,0.9595712380866074
X16_SAR,X07_DFA_cpue_IntSprJunHW,2.888615267894844,1.450055791989336,1.9920718112038598,0.04636317932055567,144,X10_DFA_ssl.est.wholerange_2yrLead,X15_PacificCodBiomass_predAK,29.101247936340954,0.9999999999999856
X16_SAR,X07_DFA_cpue_IntSprJunHW,2.444286544747666,1.1942731841868035,2.0466728861638246,0.0406902131614828,145,X10_DFA_ssl.est.wholerange_2yrLead,X15_PacificCodBiomass_predAK_smoltYear,27.727863913857618,1
X16_SAR,X15_PacificCodBiomass_predAK_smoltYear,-2.5403538620724175,1.2401447083644657,-2.0484334166314353,0.040517550017728166,145,X10_DFA_ssl.est.wholerange_2yrLead,X15_PacificCodBiomass_predAK_smoltYear,27.727863913857618,1
X16_SAR,X07_DFA_cpue_IntSprJunHW,2.257157485418357,0.46360710921031023,4.868686093410234,1.1234269812199216e-6,146,X10_DFA_ssl.est.wholerange_2yrLead,X15_spinyDogfishGoA_predAK,14.479777837659746,1
X16_SAR,X15_spinyDogfishGoA_predAK,8.452909034976996,2.35289210303719,3.592561267074552,3.274436341111908e-4,146,X10_DFA_ssl.est.wholerange_2yrLead,X15_spinyDogfishGoA_predAK,14.479777837659746,1
X16_SAR,X12_egoa.krill,6.162883511188269,2.1222686279369243,2.9039130249874456,0.003685305222423274,146,X10_DFA_ssl.est.wholerange_2yrLead,X15_spinyDogfishGoA_predAK,14.479777837659746,1
X16_SAR,ak_alt_int,-1.3388237190327497,0.4737220214452421,-2.8261800347559003,0.004710677977025179,146,X10_DFA_ssl.est.wholerange_2yrLead,X15_spinyDogfishGoA_predAK,14.479777837659746,1
X16_SAR,X07_DFA_cpue_IntSprJunHW,2.888615267894844,1.450055791989336,1.9920718112038598,0.04636317932055567,147,X10_DFA_ssl.est.wholerange_2yrLead,X15_spinyDogfishGoA_predAK_smoltYear,29.101247936340954,0.9999999999999856
X16_SAR,X07_DFA_cpue_IntSprJunHW,2.0331165935220628,0.5828187294868978,3.488420139332136,4.858839430170736e-4,148,X10_DFA_ssl.est.wholerange_2yrLead,X15_halibutBiomassAge8plus_2yrLead_predAK,16.116510873879342,1
X16_SAR,X15_halibutBiomassAge8plus_2yrLead_predAK,-2.51207391327339,0.3784208654054483,-6.63830708854254,3.1730618132996824e-11,148,X10_DFA_ssl.est.wholerange_2yrLead,X15_halibutBiomassAge8plus_2yrLead_predAK,16.116510873879342,1
X16_SAR,X07_DFA_cpue_IntSprJunHW,2.2427636762833973,0.6437122131786189,3.484109250015223,4.937778881233257e-4,149,X10_DFA_ssl.est.wholerange_2yrLead,X15_halibutBiomassAge8plus_smoltYear_predAK,17.865966545392496,1
X16_SAR,X15_halibutBiomassAge8plus_smoltYear_predAK,-1.5308259943961104,0.26315458882720855,-5.817211857176752,5.983728401659505e-9,149,X10_DFA_ssl.est.wholerange_2yrLead,X15_halibutBiomassAge8plus_smoltYear_predAK,17.865966545392496,1
X16_SAR,X07_DFA_cpue_IntSprJunHW,0.9308400677613088,0.9736994090850911,0.9559829851760372,0.3390808308039628,150,X10_DFA_ssl.est.wholerange_2yrLead,X15_DFA_sleeperSharks,22.369781418553643,0.8798428756864547
X16_SAR,X15_DFA_sleeperSharks,-0.8682781044925728,0.21824354965178694,-3.9784823234314706,6.935656655016054e-5,150,X10_DFA_ssl.est.wholerange_2yrLead,X15_DFA_sleeperSharks,22.369781418553643,0.8798428756864547
X16_SAR,X07_DFA_cpue_IntSprJunHW,2.888615267894844,1.450055791989336,1.9920718112038598,0.04636317932055567,151,X10_DFA_ssl.est.wholerange_2yrLead,X15_DFA_sleeperSharks_smoltYear,29.101247936340954,0.9999999999999856
X16_SAR,X07_DFA_cpue_IntSprJunHW,2.888615267894844,1.450055791989336,1.9920718112038598,0.04636317932055567,152,X10_DFA_ssl.est.wholerange_2yrLead,X15_salmonSharkGoA_predAK,29.101247936340954,0.9999999999999856
X16_SAR,X07_DFA_cpue_IntSprJunHW,2.888615267894844,1.450055791989336,1.9920718112038598,0.04636317932055567,153,X10_DFA_ssl.est.wholerange_2yrLead,X15_salmonSharkGoA_predAK_smoltYear,29.101247936340954,0.9999999999999856
X07_DFA_cpue_IntSprJunHW,X10_DFA_ssl.est.wholerange_2yrLead,4.612861363531649,1.1136008370523098,4.142293369446315,3.438501156161067e-5,154,X10_DFA_ssl.est.wholerange_2yrLead,X11_ssl_seak_pup_pred,24.8671375281816,0.4891530103721897
X07_DFA_cpue_IntSprJunHW,X09_DFA_HakeAge5Plus_2yrLead,3.9845053228023057,0.9613150863335911,4.144848426335443,3.400385576757259e-5,154,X10_DFA_ssl.est.wholerange_2yrLead,X11_ssl_seak_pup_pred,24.8671375281816,0.4891530103721897
X07_DFA_cpue_IntSprJunHW,ncc_alt_int,-0.8999410528611841,0.22157096683528094,-4.061637974122364,4.872960435253759e-5,154,X10_DFA_ssl.est.wholerange_2yrLead,X11_ssl_seak_pup_pred,24.8671375281816,0.4891530103721897
X16_SAR,X07_DFA_cpue_IntSprJunHW,2.888615267894844,1.450055788808757,1.9920718155733066,0.04636317884120844,154,X10_DFA_ssl.est.wholerange_2yrLead,X11_ssl_seak_pup_pred,24.8671375281816,0.4891530103721897
X07_DFA_cpue_IntSprJunHW,X10_DFA_ssl.est.wholerange_2yrLead,4.612861363531649,1.1136008370523098,4.142293369446315,3.438501156161067e-5,155,X10_DFA_ssl.est.wholerange_2yrLead,X15_ArrowtoothFlounderBiomass_predAK,24.8671375281816,0.4891530103721897
X07_DFA_cpue_IntSprJunHW,X09_DFA_HakeAge5Plus_2yrLead,3.9845053228023057,0.9613150863335911,4.144848426335443,3.400385576757259e-5,155,X10_DFA_ssl.est.wholerange_2yrLead,X15_ArrowtoothFlounderBiomass_predAK,24.8671375281816,0.4891530103721897
X07_DFA_cpue_IntSprJunHW,ncc_alt_int,-0.8999410528611841,0.22157096683528094,-4.061637974122364,4.872960435253759e-5,155,X10_DFA_ssl.est.wholerange_2yrLead,X15_ArrowtoothFlounderBiomass_predAK,24.8671375281816,0.4891530103721897
X16_SAR,X07_DFA_cpue_IntSprJunHW,2.888615267894844,1.450055788808757,1.9920718155733066,0.04636317884120844,155,X10_DFA_ssl.est.wholerange_2yrLead,X15_ArrowtoothFlounderBiomass_predAK,24.8671375281816,0.4891530103721897
X07_DFA_cpue_IntSprJunHW,X10_DFA_ssl.est.wholerange_2yrLead,4.612861363531649,1.1136008370523098,4.142293369446315,3.438501156161067e-5,156,X10_DFA_ssl.est.wholerange_2yrLead,X15_ArrowtoothFlounderBiomass_predAK_smoltYear,24.8671375281816,0.4891530103721897
X07_DFA_cpue_IntSprJunHW,X09_DFA_HakeAge5Plus_2yrLead,3.9845053228023057,0.9613150863335911,4.144848426335443,3.400385576757259e-5,156,X10_DFA_ssl.est.wholerange_2yrLead,X15_ArrowtoothFlounderBiomass_predAK_smoltYear,24.8671375281816,0.4891530103721897
X07_DFA_cpue_IntSprJunHW,ncc_alt_int,-0.8999410528611841,0.22157096683528094,-4.061637974122364,4.872960435253759e-5,156,X10_DFA_ssl.est.wholerange_2yrLead,X15_ArrowtoothFlounderBiomass_predAK_smoltYear,24.8671375281816,0.4891530103721897
X16_SAR,X07_DFA_cpue_IntSprJunHW,2.888615267894844,1.450055788808757,1.9920718155733066,0.04636317884120844,156,X10_DFA_ssl.est.wholerange_2yrLead,X15_ArrowtoothFlounderBiomass_predAK_smoltYear,24.8671375281816,0.4891530103721897
X07_DFA_cpue_IntSprJunHW,X10_DFA_ssl.est.wholerange_2yrLead,4.612861363531649,1.1136010376297607,4.142292623352681,3.438512345188549e-5,157,X10_DFA_ssl.est.wholerange_2yrLead,X15_sablefishBiomass_predAK,15.838518812892126,0.6303693083111255
X07_DFA_cpue_IntSprJunHW,X09_DFA_HakeAge5Plus_2yrLead,3.9845053228023057,0.9613152474615277,4.144847731609258,3.4003958857109495e-5,157,X10_DFA_ssl.est.wholerange_2yrLead,X15_sablefishBiomass_predAK,15.838518812892126,0.6303693083111255
X07_DFA_cpue_IntSprJunHW,ncc_alt_int,-0.8999410528611841,0.22157100419369574,-4.061637289301908,4.872974732772484e-5,157,X10_DFA_ssl.est.wholerange_2yrLead,X15_sablefishBiomass_predAK,15.838518812892126,0.6303693083111255
X16_SAR,X07_DFA_cpue_IntSprJunHW,1.5328177643964318,0.7791803525472502,1.967218192021186,0.04915806160237457,157,X10_DFA_ssl.est.wholerange_2yrLead,X15_sablefishBiomass_predAK,15.838518812892126,0.6303693083111255
X16_SAR,X15_sablefishBiomass_predAK,-3.2186380028965504,0.6603950262080479,-4.873807153542318,1.0946785362619949e-06,157,X10_DFA_ssl.est.wholerange_2yrLead,X15_sablefishBiomass_predAK,15.838518812892126,0.6303693083111255
X07_DFA_cpue_IntSprJunHW,X10_DFA_ssl.est.wholerange_2yrLead,4.612861363531649,1.1136008370523098,4.142293369446315,3.438501156161067e-5,158,X10_DFA_ssl.est.wholerange_2yrLead,X15_sablefishBiomass_predAK_smoltYear,24.8671375281816,0.4891530103721897
X07_DFA_cpue_IntSprJunHW,X09_DFA_HakeAge5Plus_2yrLead,3.9845053228023057,0.9613150863335911,4.144848426335443,3.400385576757259e-5,158,X10_DFA_ssl.est.wholerange_2yrLead,X15_sablefishBiomass_predAK_smoltYear,24.8671375281816,0.4891530103721897
X07_DFA_cpue_IntSprJunHW,ncc_alt_int,-0.8999410528611841,0.22157096683528094,-4.061637974122364,4.872960435253759e-5,158,X10_DFA_ssl.est.wholerange_2yrLead,X15_sablefishBiomass_predAK_smoltYear,24.8671375281816,0.4891530103721897
X16_SAR,X07_DFA_cpue_IntSprJunHW,2.888615267894844,1.450055788808757,1.9920718155733066,0.04636317884120844,158,X10_DFA_ssl.est.wholerange_2yrLead,X15_sablefishBiomass_predAK_smoltYear,24.8671375281816,0.4891530103721897
X07_DFA_cpue_IntSprJunHW,X10_DFA_ssl.est.wholerange_2yrLead,4.612861363531649,1.1136008370523098,4.142293369446315,3.438501156161067e-5,159,X10_DFA_ssl.est.wholerange_2yrLead,X15_sablefishRecruitment_predAK,24.8671375281816,0.4891530103721897
X07_DFA_cpue_IntSprJunHW,X09_DFA_HakeAge5Plus_2yrLead,3.9845053228023057,0.9613150863335911,4.144848426335443,3.400385576757259e-5,159,X10_DFA_ssl.est.wholerange_2yrLead,X15_sablefishRecruitment_predAK,24.8671375281816,0.4891530103721897
X07_DFA_cpue_IntSprJunHW,ncc_alt_int,-0.8999410528611841,0.22157096683528094,-4.061637974122364,4.872960435253759e-5,159,X10_DFA_ssl.est.wholerange_2yrLead,X15_sablefishRecruitment_predAK,24.8671375281816,0.4891530103721897
X16_SAR,X07_DFA_cpue_IntSprJunHW,2.888615267894844,1.450055788808757,1.9920718155733066,0.04636317884120844,159,X10_DFA_ssl.est.wholerange_2yrLead,X15_sablefishRecruitment_predAK,24.8671375281816,0.4891530103721897
X07_DFA_cpue_IntSprJunHW,X10_DFA_ssl.est.wholerange_2yrLead,4.612861363531649,1.1136007561004322,4.142293670565387,3.438496640328914e-5,160,X10_DFA_ssl.est.wholerange_2yrLead,X15_sablefishRecruitment_predAK_smoltYear,18.459930250278646,0.5180787389212143
X07_DFA_cpue_IntSprJunHW,X09_DFA_HakeAge5Plus_2yrLead,3.9845053228023057,0.9613150011386012,4.144848793665942,3.400380125984093e-5,160,X10_DFA_ssl.est.wholerange_2yrLead,X15_sablefishRecruitment_predAK_smoltYear,18.459930250278646,0.5180787389212143
X07_DFA_cpue_IntSprJunHW,ncc_alt_int,-0.8999410528611841,0.22157094790126872,-4.061638321203531,4.872953189005713e-5,160,X10_DFA_ssl.est.wholerange_2yrLead,X15_sablefishRecruitment_predAK_smoltYear,18.459930250278646,0.5180787389212143
X16_SAR,X07_DFA_cpue_IntSprJunHW,1.4389264867836127,0.9361395812334071,1.5370854043878377,0.12427239668550971,160,X10_DFA_ssl.est.wholerange_2yrLead,X15_sablefishRecruitment_predAK_smoltYear,18.459930250278646,0.5180787389212143
X16_SAR,X15_sablefishRecruitment_predAK_smoltYear,-2.6994425273571916,0.6997552096339552,-3.857695505788776,1.1446111661506109e-4,160,X10_DFA_ssl.est.wholerange_2yrLead,X15_sablefishRecruitment_predAK_smoltYear,18.459930250278646,0.5180787389212143
X07_DFA_cpue_IntSprJunHW,X10_DFA_ssl.est.wholerange_2yrLead,4.612861363531649,1.1136008370523098,4.142293369446315,3.438501156161067e-5,161,X10_DFA_ssl.est.wholerange_2yrLead,X15_PacificCodBiomass_predAK,24.8671375281816,0.4891530103721897
X07_DFA_cpue_IntSprJunHW,X09_DFA_HakeAge5Plus_2yrLead,3.9845053228023057,0.9613150863335911,4.144848426335443,3.400385576757259e-5,161,X10_DFA_ssl.est.wholerange_2yrLead,X15_PacificCodBiomass_predAK,24.8671375281816,0.4891530103721897
X07_DFA_cpue_IntSprJunHW,ncc_alt_int,-0.8999410528611841,0.22157096683528094,-4.061637974122364,4.872960435253759e-5,161,X10_DFA_ssl.est.wholerange_2yrLead,X15_PacificCodBiomass_predAK,24.8671375281816,0.4891530103721897
X16_SAR,X07_DFA_cpue_IntSprJunHW,2.888615267894844,1.450055788808757,1.9920718155733066,0.04636317884120844,161,X10_DFA_ssl.est.wholerange_2yrLead,X15_PacificCodBiomass_predAK,24.8671375281816,0.4891530103721897
X07_DFA_cpue_IntSprJunHW,X10_DFA_ssl.est.wholerange_2yrLead,4.61286136355515,1.1136006864758516,4.142293929571118,3.438492756080436e-5,162,X10_DFA_ssl.est.wholerange_2yrLead,X15_PacificCodBiomass_predAK_smoltYear,23.493753505698614,0.43413789783205314
X07_DFA_cpue_IntSprJunHW,X09_DFA_HakeAge5Plus_2yrLead,3.9845053228055107,0.9613149364626736,4.14484907252892,3.40037598798304e-5,162,X10_DFA_ssl.est.wholerange_2yrLead,X15_PacificCodBiomass_predAK_smoltYear,23.493753505698614,0.43413789783205314
X07_DFA_cpue_IntSprJunHW,ncc_alt_int,-0.8999410528595837,0.22157093274077422,-4.061638599104808,4.872947387069004e-5,162,X10_DFA_ssl.est.wholerange_2yrLead,X15_PacificCodBiomass_predAK_smoltYear,23.493753505698614,0.43413789783205314
X16_SAR,X07_DFA_cpue_IntSprJunHW,2.444286544748178,1.194272936579952,2.046673310497933,0.040690171470102676,162,X10_DFA_ssl.est.wholerange_2yrLead,X15_PacificCodBiomass_predAK_smoltYear,23.493753505698614,0.43413789783205314
X16_SAR,X15_PacificCodBiomass_predAK_smoltYear,-2.5403538620725157,1.2401447745781913,-2.0484333072616967,0.040517560724787405,162,X10_DFA_ssl.est.wholerange_2yrLead,X15_PacificCodBiomass_predAK_smoltYear,23.493753505698614,0.43413789783205314
X07_DFA_cpue_IntSprJunHW,X10_DFA_ssl.est.wholerange_2yrLead,4.6128613635482045,1.1136011671507529,4.1422921415847815,3.438519570209131e-5,163,X10_DFA_ssl.est.wholerange_2yrLead,X15_spinyDogfishGoA_predAK,10.219787639324835,0.3231486299338323
X07_DFA_cpue_IntSprJunHW,X09_DFA_HakeAge5Plus_2yrLead,3.9845053228530563,0.9613153265674711,4.144847390585527,3.400400946151905e-5,163,X10_DFA_ssl.est.wholerange_2yrLead,X15_spinyDogfishGoA_predAK,10.219787639324835,0.3231486299338323
X07_DFA_cpue_IntSprJunHW,ncc_alt_int,-0.8999410528451697,0.22157104379126122,-4.061636563363355,4.872989888782264e-5,163,X10_DFA_ssl.est.wholerange_2yrLead,X15_spinyDogfishGoA_predAK,10.219787639324835,0.3231486299338323
X16_SAR,X07_DFA_cpue_IntSprJunHW,2.2571574719978216,0.4636075263242801,4.868681684039368,1.123452044726747e-6,163,X10_DFA_ssl.est.wholerange_2yrLead,X15_spinyDogfishGoA_predAK,10.219787639324835,0.3231486299338323
X16_SAR,X15_spinyDogfishGoA_predAK,8.452909415601388,2.3528967341721803,3.592554357714035,3.274523191789669e-4,163,X10_DFA_ssl.est.wholerange_2yrLead,X15_spinyDogfishGoA_predAK,10.219787639324835,0.3231486299338323
X16_SAR,X12_egoa.krill,6.162883292067218,2.1222727275324647,2.9039073122485592,0.003685372465587422,163,X10_DFA_ssl.est.wholerange_2yrLead,X15_spinyDogfishGoA_predAK,10.219787639324835,0.3231486299338323
X16_SAR,ak_alt_int,-1.3388236969758258,0.4737229396433974,-2.8261745103237916,0.004710759224959338,163,X10_DFA_ssl.est.wholerange_2yrLead,X15_spinyDogfishGoA_predAK,10.219787639324835,0.3231486299338323
X07_DFA_cpue_IntSprJunHW,X10_DFA_ssl.est.wholerange_2yrLead,4.612861363531649,1.1136008370523098,4.142293369446315,3.438501156161067e-5,164,X10_DFA_ssl.est.wholerange_2yrLead,X15_spinyDogfishGoA_predAK_smoltYear,24.8671375281816,0.4891530103721897
X07_DFA_cpue_IntSprJunHW,X09_DFA_HakeAge5Plus_2yrLead,3.9845053228023057,0.9613150863335911,4.144848426335443,3.400385576757259e-5,164,X10_DFA_ssl.est.wholerange_2yrLead,X15_spinyDogfishGoA_predAK_smoltYear,24.8671375281816,0.4891530103721897
X07_DFA_cpue_IntSprJunHW,ncc_alt_int,-0.8999410528611841,0.22157096683528094,-4.061637974122364,4.872960435253759e-5,164,X10_DFA_ssl.est.wholerange_2yrLead,X15_spinyDogfishGoA_predAK_smoltYear,24.8671375281816,0.4891530103721897
X16_SAR,X07_DFA_cpue_IntSprJunHW,2.888615267894844,1.450055788808757,1.9920718155733066,0.04636317884120844,164,X10_DFA_ssl.est.wholerange_2yrLead,X15_spinyDogfishGoA_predAK_smoltYear,24.8671375281816,0.4891530103721897
X07_DFA_cpue_IntSprJunHW,X10_DFA_ssl.est.wholerange_2yrLead,4.612861363531649,1.1136008099670789,4.142293470196037,3.438499645236348e-5,165,X10_DFA_ssl.est.wholerange_2yrLead,X15_halibutBiomassAge8plus_2yrLead_predAK,11.882400465739465,0.8619789832626122
X07_DFA_cpue_IntSprJunHW,X09_DFA_HakeAge5Plus_2yrLead,3.9845053228023057,0.9613150482752745,4.144848590429362,3.400383141793917e-5,165,X10_DFA_ssl.est.wholerange_2yrLead,X15_halibutBiomassAge8plus_2yrLead_predAK,11.882400465739465,0.8619789832626122
X07_DFA_cpue_IntSprJunHW,ncc_alt_int,-0.8999410528611841,0.22157095780328298,-4.061638139688765,4.872956978618781e-5,165,X10_DFA_ssl.est.wholerange_2yrLead,X15_halibutBiomassAge8plus_2yrLead_predAK,11.882400465739465,0.8619789832626122
X16_SAR,X07_DFA_cpue_IntSprJunHW,2.0331165935234465,0.5828187247946561,3.4884201674195903,4.858838919699071e-4,165,X10_DFA_ssl.est.wholerange_2yrLead,X15_halibutBiomassAge8plus_2yrLead_predAK,11.882400465739465,0.8619789832626122
X16_SAR,X15_halibutBiomassAge8plus_2yrLead_predAK,-2.5120739132711294,0.37842088245911265,-6.638306789379024,3.1730618132996824e-11,165,X10_DFA_ssl.est.wholerange_2yrLead,X15_halibutBiomassAge8plus_2yrLead_predAK,11.882400465739465,0.8619789832626122
X07_DFA_cpue_IntSprJunHW,X10_DFA_ssl.est.wholerange_2yrLead,4.612861363531649,1.113600672617023,4.142293981101116,3.438491983298597e-5,166,X10_DFA_ssl.est.wholerange_2yrLead,X15_halibutBiomassAge8plus_smoltYear_predAK,13.631856137231296,0.775349139366988
X07_DFA_cpue_IntSprJunHW,X09_DFA_HakeAge5Plus_2yrLead,3.9845053228023057,0.9613149305817937,4.144849097881855,3.4003756117728656e-5,166,X10_DFA_ssl.est.wholerange_2yrLead,X15_halibutBiomassAge8plus_smoltYear_predAK,13.631856137231296,0.775349139366988
X07_DFA_cpue_IntSprJunHW,ncc_alt_int,-0.8999410528611841,0.22157093050782709,-4.0616386400444044,4.872946532330502e-5,166,X10_DFA_ssl.est.wholerange_2yrLead,X15_halibutBiomassAge8plus_smoltYear_predAK,13.631856137231296,0.775349139366988
X16_SAR,X07_DFA_cpue_IntSprJunHW,2.242763676658209,0.643712137090556,3.484109662426176,4.937771272439662e-4,166,X10_DFA_ssl.est.wholerange_2yrLead,X15_halibutBiomassAge8plus_smoltYear_predAK,13.631856137231296,0.775349139366988
X16_SAR,X15_halibutBiomassAge8plus_smoltYear_predAK,-1.5308259943857594,0.26315458396831903,-5.81721196454649,5.983724626901221e-9,166,X10_DFA_ssl.est.wholerange_2yrLead,X15_halibutBiomassAge8plus_smoltYear_predAK,13.631856137231296,0.775349139366988
X07_DFA_cpue_IntSprJunHW,X10_DFA_ssl.est.wholerange_2yrLead,4.612861363531649,1.1136010009251696,4.1422927598837695,3.438510297648634e-5,167,X10_DFA_ssl.est.wholerange_2yrLead,X15_DFA_sleeperSharks,18.13567101030482,0.48068838686516924
X07_DFA_cpue_IntSprJunHW,X09_DFA_HakeAge5Plus_2yrLead,3.9845053228023057,0.9613152068385775,4.144847906760907,3.4003932866566444e-5,167,X10_DFA_ssl.est.wholerange_2yrLead,X15_DFA_sleeperSharks,18.13567101030482,0.48068838686516924
X07_DFA_cpue_IntSprJunHW,ncc_alt_int,-0.8999410528611841,0.2215709967779381,-4.061637425240809,4.872971894664957e-5,167,X10_DFA_ssl.est.wholerange_2yrLead,X15_DFA_sleeperSharks,18.13567101030482,0.48068838686516924
X16_SAR,X07_DFA_cpue_IntSprJunHW,0.9308400677517893,0.9736996205130958,0.9559827775852254,0.3390809356849134,167,X10_DFA_ssl.est.wholerange_2yrLead,X15_DFA_sleeperSharks,18.13567101030482,0.48068838686516924
X16_SAR,X15_DFA_sleeperSharks,-0.8682781045034315,0.21824356931767336,-3.9784819649809418,6.935667109275734e-5,167,X10_DFA_ssl.est.wholerange_2yrLead,X15_DFA_sleeperSharks,18.13567101030482,0.48068838686516924
X07_DFA_cpue_IntSprJunHW,X10_DFA_ssl.est.wholerange_2yrLead,4.612861363531649,1.1136008370523098,4.142293369446315,3.438501156161067e-5,168,X10_DFA_ssl.est.wholerange_2yrLead,X15_DFA_sleeperSharks_smoltYear,24.8671375281816,0.4891530103721897
X07_DFA_cpue_IntSprJunHW,X09_DFA_HakeAge5Plus_2yrLead,3.9845053228023057,0.9613150863335911,4.144848426335443,3.400385576757259e-5,168,X10_DFA_ssl.est.wholerange_2yrLead,X15_DFA_sleeperSharks_smoltYear,24.8671375281816,0.4891530103721897
X07_DFA_cpue_IntSprJunHW,ncc_alt_int,-0.8999410528611841,0.22157096683528094,-4.061637974122364,4.872960435253759e-5,168,X10_DFA_ssl.est.wholerange_2yrLead,X15_DFA_sleeperSharks_smoltYear,24.8671375281816,0.4891530103721897
X16_SAR,X07_DFA_cpue_IntSprJunHW,2.888615267894844,1.450055788808757,1.9920718155733066,0.04636317884120844,168,X10_DFA_ssl.est.wholerange_2yrLead,X15_DFA_sleeperSharks_smoltYear,24.8671375281816,0.4891530103721897
X07_DFA_cpue_IntSprJunHW,X10_DFA_ssl.est.wholerange_2yrLead,4.612861363531649,1.1136008370523098,4.142293369446315,3.438501156161067e-5,169,X10_DFA_ssl.est.wholerange_2yrLead,X15_salmonSharkGoA_predAK,24.8671375281816,0.4891530103721897
X07_DFA_cpue_IntSprJunHW,X09_DFA_HakeAge5Plus_2yrLead,3.9845053228023057,0.9613150863335911,4.144848426335443,3.400385576757259e-5,169,X10_DFA_ssl.est.wholerange_2yrLead,X15_salmonSharkGoA_predAK,24.8671375281816,0.4891530103721897
X07_DFA_cpue_IntSprJunHW,ncc_alt_int,-0.8999410528611841,0.22157096683528094,-4.061637974122364,4.872960435253759e-5,169,X10_DFA_ssl.est.wholerange_2yrLead,X15_salmonSharkGoA_predAK,24.8671375281816,0.4891530103721897
X16_SAR,X07_DFA_cpue_IntSprJunHW,2.888615267894844,1.450055788808757,1.9920718155733066,0.04636317884120844,169,X10_DFA_ssl.est.wholerange_2yrLead,X15_salmonSharkGoA_predAK,24.8671375281816,0.4891530103721897
X07_DFA_cpue_IntSprJunHW,X10_DFA_ssl.est.wholerange_2yrLead,4.612861363531649,1.1136008370523098,4.142293369446315,3.438501156161067e-5,170,X10_DFA_ssl.est.wholerange_2yrLead,X15_salmonSharkGoA_predAK_smoltYear,24.8671375281816,0.4891530103721897
X07_DFA_cpue_IntSprJunHW,X09_DFA_HakeAge5Plus_2yrLead,3.9845053228023057,0.9613150863335911,4.144848426335443,3.400385576757259e-5,170,X10_DFA_ssl.est.wholerange_2yrLead,X15_salmonSharkGoA_predAK_smoltYear,24.8671375281816,0.4891530103721897
X07_DFA_cpue_IntSprJunHW,ncc_alt_int,-0.8999410528611841,0.22157096683528094,-4.061637974122364,4.872960435253759e-5,170,X10_DFA_ssl.est.wholerange_2yrLead,X15_salmonSharkGoA_predAK_smoltYear,24.8671375281816,0.4891530103721897
X16_SAR,X07_DFA_cpue_IntSprJunHW,2.888615267894844,1.450055788808757,1.9920718155733066,0.04636317884120844,170,X10_DFA_ssl.est.wholerange_2yrLead,X15_salmonSharkGoA_predAK_smoltYear,24.8671375281816,0.4891530103721897
X16_SAR,X07_DFA_cpue_IntSprJunHW,2.888615267894844,1.450055791989336,1.9920718112038598,0.04636317932055567,171,X10_DFA_ssl.est.wholerange_smoltYear,X11_ssl_seak_pup_pred,29.101247936340954,0.9999999999999856
X16_SAR,X07_DFA_cpue_IntSprJunHW,2.888615267894844,1.450055791989336,1.9920718112038598,0.04636317932055567,172,X10_DFA_ssl.est.wholerange_smoltYear,X15_ArrowtoothFlounderBiomass_predAK,29.101247936340954,0.9999999999999856
X16_SAR,X07_DFA_cpue_IntSprJunHW,2.888615267894844,1.450055791989336,1.9920718112038598,0.04636317932055567,173,X10_DFA_ssl.est.wholerange_smoltYear,X15_ArrowtoothFlounderBiomass_predAK_smoltYear,29.101247936340954,0.9999999999999856
X16_SAR,X07_DFA_cpue_IntSprJunHW,1.5328177703244743,0.779180341292794,1.9672182280436725,0.04915805745125423,174,X10_DFA_ssl.est.wholerange_smoltYear,X15_sablefishBiomass_predAK,20.07262922111371,0.9926444550280505
X16_SAR,X15_sablefishBiomass_predAK,-3.2186379769243123,0.6603948937333184,-4.8738080918961,1.094673333978946e-6,174,X10_DFA_ssl.est.wholerange_smoltYear,X15_sablefishBiomass_predAK,20.07262922111371,0.9926444550280505
X16_SAR,X07_DFA_cpue_IntSprJunHW,2.888615267894844,1.450055791989336,1.9920718112038598,0.04636317932055567,175,X10_DFA_ssl.est.wholerange_smoltYear,X15_sablefishBiomass_predAK_smoltYear,29.101247936340954,0.9999999999999856
X16_SAR,X07_DFA_cpue_IntSprJunHW,2.888615267894844,1.450055791989336,1.9920718112038598,0.04636317932055567,176,X10_DFA_ssl.est.wholerange_smoltYear,X15_sablefishRecruitment_predAK,29.101247936340954,0.9999999999999856
X16_SAR,X07_DFA_cpue_IntSprJunHW,1.4389264867836127,0.9361395858590782,1.5370853967927616,0.12427239854516858,177,X10_DFA_ssl.est.wholerange_smoltYear,X15_sablefishRecruitment_predAK_smoltYear,22.694040658431373,0.9595712380866074
X16_SAR,X15_sablefishRecruitment_predAK_smoltYear,-2.6994425273571916,0.6997552214269378,-3.85769544077499,1.1446114705182531e-4,177,X10_DFA_ssl.est.wholerange_smoltYear,X15_sablefishRecruitment_predAK_smoltYear,22.694040658431373,0.9595712380866074
X16_SAR,X07_DFA_cpue_IntSprJunHW,2.888615267894844,1.450055791989336,1.9920718112038598,0.04636317932055567,178,X10_DFA_ssl.est.wholerange_smoltYear,X15_PacificCodBiomass_predAK,29.101247936340954,0.9999999999999856
X16_SAR,X07_DFA_cpue_IntSprJunHW,2.444286544747666,1.1942731841868035,2.0466728861638246,0.0406902131614828,179,X10_DFA_ssl.est.wholerange_smoltYear,X15_PacificCodBiomass_predAK_smoltYear,27.727863913857618,1
X16_SAR,X15_PacificCodBiomass_predAK_smoltYear,-2.5403538620724175,1.2401447083644657,-2.0484334166314353,0.040517550017728166,179,X10_DFA_ssl.est.wholerange_smoltYear,X15_PacificCodBiomass_predAK_smoltYear,27.727863913857618,1
X16_SAR,X07_DFA_cpue_IntSprJunHW,2.257157485418357,0.46360710921031023,4.868686093410234,1.1234269812199216e-6,180,X10_DFA_ssl.est.wholerange_smoltYear,X15_spinyDogfishGoA_predAK,14.479777837659746,1
X16_SAR,X15_spinyDogfishGoA_predAK,8.452909034976996,2.35289210303719,3.592561267074552,3.274436341111908e-4,180,X10_DFA_ssl.est.wholerange_smoltYear,X15_spinyDogfishGoA_predAK,14.479777837659746,1
X16_SAR,X12_egoa.krill,6.162883511188269,2.1222686279369243,2.9039130249874456,0.003685305222423274,180,X10_DFA_ssl.est.wholerange_smoltYear,X15_spinyDogfishGoA_predAK,14.479777837659746,1
X16_SAR,ak_alt_int,-1.3388237190327497,0.4737220214452421,-2.8261800347559003,0.004710677977025179,180,X10_DFA_ssl.est.wholerange_smoltYear,X15_spinyDogfishGoA_predAK,14.479777837659746,1
X16_SAR,X07_DFA_cpue_IntSprJunHW,2.888615267894844,1.450055791989336,1.9920718112038598,0.04636317932055567,181,X10_DFA_ssl.est.wholerange_smoltYear,X15_spinyDogfishGoA_predAK_smoltYear,29.101247936340954,0.9999999999999856
X16_SAR,X07_DFA_cpue_IntSprJunHW,2.0331165935220628,0.5828187294868978,3.488420139332136,4.858839430170736e-4,182,X10_DFA_ssl.est.wholerange_smoltYear,X15_halibutBiomassAge8plus_2yrLead_predAK,16.116510873879342,1
X16_SAR,X15_halibutBiomassAge8plus_2yrLead_predAK,-2.51207391327339,0.3784208654054483,-6.63830708854254,3.1730618132996824e-11,182,X10_DFA_ssl.est.wholerange_smoltYear,X15_halibutBiomassAge8plus_2yrLead_predAK,16.116510873879342,1
X16_SAR,X07_DFA_cpue_IntSprJunHW,2.2427636762833973,0.6437122131786189,3.484109250015223,4.937778881233257e-4,183,X10_DFA_ssl.est.wholerange_smoltYear,X15_halibutBiomassAge8plus_smoltYear_predAK,17.865966545392496,1
X16_SAR,X15_halibutBiomassAge8plus_smoltYear_predAK,-1.5308259943961104,0.26315458882720855,-5.817211857176752,5.983728401659505e-9,183,X10_DFA_ssl.est.wholerange_smoltYear,X15_halibutBiomassAge8plus_smoltYear_predAK,17.865966545392496,1
X16_SAR,X07_DFA_cpue_IntSprJunHW,0.9308400677613088,0.9736994090850911,0.9559829851760372,0.3390808308039628,184,X10_DFA_ssl.est.wholerange_smoltYear,X15_DFA_sleeperSharks,22.369781418553643,0.8798428756864547
X16_SAR,X15_DFA_sleeperSharks,-0.8682781044925728,0.21824354965178694,-3.9784823234314706,6.935656655016054e-5,184,X10_DFA_ssl.est.wholerange_smoltYear,X15_DFA_sleeperSharks,22.369781418553643,0.8798428756864547
X16_SAR,X07_DFA_cpue_IntSprJunHW,2.888615267894844,1.450055791989336,1.9920718112038598,0.04636317932055567,185,X10_DFA_ssl.est.wholerange_smoltYear,X15_DFA_sleeperSharks_smoltYear,29.101247936340954,0.9999999999999856
X16_SAR,X07_DFA_cpue_IntSprJunHW,2.888615267894844,1.450055791989336,1.9920718112038598,0.04636317932055567,186,X10_DFA_ssl.est.wholerange_smoltYear,X15_salmonSharkGoA_predAK,29.101247936340954,0.9999999999999856
X16_SAR,X07_DFA_cpue_IntSprJunHW,2.888615267894844,1.450055791989336,1.9920718112038598,0.04636317932055567,187,X10_DFA_ssl.est.wholerange_smoltYear,X15_salmonSharkGoA_predAK_smoltYear,29.101247936340954,0.9999999999999856
X16_SAR,X07_DFA_cpue_IntSprJunHW,2.888615267894844,1.450055791989336,1.9920718112038598,0.04636317932055567,188,X10_DFA_ssl.est.wholerange_smoltYear,X11_ssl_seak_pup_pred,29.101247936340954,0.9999999999999856
X16_SAR,X07_DFA_cpue_IntSprJunHW,2.888615267894844,1.450055791989336,1.9920718112038598,0.04636317932055567,189,X10_DFA_ssl.est.wholerange_smoltYear,X15_ArrowtoothFlounderBiomass_predAK,29.101247936340954,0.9999999999999856
X16_SAR,X07_DFA_cpue_IntSprJunHW,2.888615267894844,1.450055791989336,1.9920718112038598,0.04636317932055567,190,X10_DFA_ssl.est.wholerange_smoltYear,X15_ArrowtoothFlounderBiomass_predAK_smoltYear,29.101247936340954,0.9999999999999856
X16_SAR,X07_DFA_cpue_IntSprJunHW,1.5328177703244743,0.779180341292794,1.9672182280436725,0.04915805745125423,191,X10_DFA_ssl.est.wholerange_smoltYear,X15_sablefishBiomass_predAK,20.07262922111371,0.9926444550280505
X16_SAR,X15_sablefishBiomass_predAK,-3.2186379769243123,0.6603948937333184,-4.8738080918961,1.094673333978946e-6,191,X10_DFA_ssl.est.wholerange_smoltYear,X15_sablefishBiomass_predAK,20.07262922111371,0.9926444550280505
X16_SAR,X07_DFA_cpue_IntSprJunHW,2.888615267894844,1.450055791989336,1.9920718112038598,0.04636317932055567,192,X10_DFA_ssl.est.wholerange_smoltYear,X15_sablefishBiomass_predAK_smoltYear,29.101247936340954,0.9999999999999856
X16_SAR,X07_DFA_cpue_IntSprJunHW,2.888615267894844,1.450055791989336,1.9920718112038598,0.04636317932055567,193,X10_DFA_ssl.est.wholerange_smoltYear,X15_sablefishRecruitment_predAK,29.101247936340954,0.9999999999999856
X16_SAR,X07_DFA_cpue_IntSprJunHW,1.4389264867836127,0.9361395858590782,1.5370853967927616,0.12427239854516858,194,X10_DFA_ssl.est.wholerange_smoltYear,X15_sablefishRecruitment_predAK_smoltYear,22.694040658431373,0.9595712380866074
X16_SAR,X15_sablefishRecruitment_predAK_smoltYear,-2.6994425273571916,0.6997552214269378,-3.85769544077499,1.1446114705182531e-4,194,X10_DFA_ssl.est.wholerange_smoltYear,X15_sablefishRecruitment_predAK_smoltYear,22.694040658431373,0.9595712380866074
X16_SAR,X07_DFA_cpue_IntSprJunHW,2.888615267894844,1.450055791989336,1.9920718112038598,0.04636317932055567,195,X10_DFA_ssl.est.wholerange_smoltYear,X15_PacificCodBiomass_predAK,29.101247936340954,0.9999999999999856
X16_SAR,X07_DFA_cpue_IntSprJunHW,2.444286544747666,1.1942731841868035,2.0466728861638246,0.0406902131614828,196,X10_DFA_ssl.est.wholerange_smoltYear,X15_PacificCodBiomass_predAK_smoltYear,27.727863913857618,1
X16_SAR,X15_PacificCodBiomass_predAK_smoltYear,-2.5403538620724175,1.2401447083644657,-2.0484334166314353,0.040517550017728166,196,X10_DFA_ssl.est.wholerange_smoltYear,X15_PacificCodBiomass_predAK_smoltYear,27.727863913857618,1
X16_SAR,X07_DFA_cpue_IntSprJunHW,2.257157485418357,0.46360710921031023,4.868686093410234,1.1234269812199216e-6,197,X10_DFA_ssl.est.wholerange_smoltYear,X15_spinyDogfishGoA_predAK,14.479777837659746,1
X16_SAR,X15_spinyDogfishGoA_predAK,8.452909034976996,2.35289210303719,3.592561267074552,3.274436341111908e-4,197,X10_DFA_ssl.est.wholerange_smoltYear,X15_spinyDogfishGoA_predAK,14.479777837659746,1
X16_SAR,X12_egoa.krill,6.162883511188269,2.1222686279369243,2.9039130249874456,0.003685305222423274,197,X10_DFA_ssl.est.wholerange_smoltYear,X15_spinyDogfishGoA_predAK,14.479777837659746,1
X16_SAR,ak_alt_int,-1.3388237190327497,0.4737220214452421,-2.8261800347559003,0.004710677977025179,197,X10_DFA_ssl.est.wholerange_smoltYear,X15_spinyDogfishGoA_predAK,14.479777837659746,1
X16_SAR,X07_DFA_cpue_IntSprJunHW,2.888615267894844,1.450055791989336,1.9920718112038598,0.04636317932055567,198,X10_DFA_ssl.est.wholerange_smoltYear,X15_spinyDogfishGoA_predAK_smoltYear,29.101247936340954,0.9999999999999856
X16_SAR,X07_DFA_cpue_IntSprJunHW,2.0331165935220628,0.5828187294868978,3.488420139332136,4.858839430170736e-4,199,X10_DFA_ssl.est.wholerange_smoltYear,X15_halibutBiomassAge8plus_2yrLead_predAK,16.116510873879342,1
X16_SAR,X15_halibutBiomassAge8plus_2yrLead_predAK,-2.51207391327339,0.3784208654054483,-6.63830708854254,3.1730618132996824e-11,199,X10_DFA_ssl.est.wholerange_smoltYear,X15_halibutBiomassAge8plus_2yrLead_predAK,16.116510873879342,1
X16_SAR,X07_DFA_cpue_IntSprJunHW,2.2427636762833973,0.6437122131786189,3.484109250015223,4.937778881233257e-4,200,X10_DFA_ssl.est.wholerange_smoltYear,X15_halibutBiomassAge8plus_smoltYear_predAK,17.865966545392496,1
X16_SAR,X15_halibutBiomassAge8plus_smoltYear_predAK,-1.5308259943961104,0.26315458882720855,-5.817211857176752,5.983728401659505e-9,200,X10_DFA_ssl.est.wholerange_smoltYear,X15_halibutBiomassAge8plus_smoltYear_predAK,17.865966545392496,1
X16_SAR,X07_DFA_cpue_IntSprJunHW,0.9308400677613088,0.9736994090850911,0.9559829851760372,0.3390808308039628,201,X10_DFA_ssl.est.wholerange_smoltYear,X15_DFA_sleeperSharks,22.369781418553643,0.8798428756864547
X16_SAR,X15_DFA_sleeperSharks,-0.8682781044925728,0.21824354965178694,-3.9784823234314706,6.935656655016054e-5,201,X10_DFA_ssl.est.wholerange_smoltYear,X15_DFA_sleeperSharks,22.369781418553643,0.8798428756864547
X16_SAR,X07_DFA_cpue_IntSprJunHW,2.888615267894844,1.450055791989336,1.9920718112038598,0.04636317932055567,202,X10_DFA_ssl.est.wholerange_smoltYear,X15_DFA_sleeperSharks_smoltYear,29.101247936340954,0.9999999999999856
X16_SAR,X07_DFA_cpue_IntSprJunHW,2.888615267894844,1.450055791989336,1.9920718112038598,0.04636317932055567,203,X10_DFA_ssl.est.wholerange_smoltYear,X15_salmonSharkGoA_predAK,29.101247936340954,0.9999999999999856
X16_SAR,X07_DFA_cpue_IntSprJunHW,2.888615267894844,1.450055791989336,1.9920718112038598,0.04636317932055567,204,X10_DFA_ssl.est.wholerange_smoltYear,X15_salmonSharkGoA_predAK_smoltYear,29.101247936340954,0.9999999999999856
X07_DFA_cpue_IntSprJunHW,X10_Californian_s_l_2yrLead_WS,1.8834219264950318,0.5054753838284181,3.726040845412075,1.945108982390753e-4,205,X10_Californian_s_l_2yrLead_WS,X11_ssl_seak_pup_pred,25.9728547005181,0.4452267552485546
X07_DFA_cpue_IntSprJunHW,X09_DFA_HakeAge5Plus_2yrLead,1.4993697129044847,0.3911622339753486,3.8331147096347147,1.2653091419290163e-4,205,X10_Californian_s_l_2yrLead_WS,X11_ssl_seak_pup_pred,25.9728547005181,0.4452267552485546
X07_DFA_cpue_IntSprJunHW,ncc_alt_int,-0.3672356774732853,0.10084676494540346,-3.641521645955622,2.7103133181038963e-4,205,X10_Californian_s_l_2yrLead_WS,X11_ssl_seak_pup_pred,25.9728547005181,0.4452267552485546
X16_SAR,X07_DFA_cpue_IntSprJunHW,2.8886152678947554,1.4500557978781865,1.9920718031137563,0.04636318020807528,205,X10_Californian_s_l_2yrLead_WS,X11_ssl_seak_pup_pred,25.9728547005181,0.4452267552485546
X07_DFA_cpue_IntSprJunHW,X10_Californian_s_l_2yrLead_WS,1.8834219264950318,0.5054753838284181,3.726040845412075,1.945108982390753e-4,206,X10_Californian_s_l_2yrLead_WS,X15_ArrowtoothFlounderBiomass_predAK,25.9728547005181,0.4452267552485546
X07_DFA_cpue_IntSprJunHW,X09_DFA_HakeAge5Plus_2yrLead,1.4993697129044847,0.3911622339753486,3.8331147096347147,1.2653091419290163e-4,206,X10_Californian_s_l_2yrLead_WS,X15_ArrowtoothFlounderBiomass_predAK,25.9728547005181,0.4452267552485546
X07_DFA_cpue_IntSprJunHW,ncc_alt_int,-0.3672356774732853,0.10084676494540346,-3.641521645955622,2.7103133181038963e-4,206,X10_Californian_s_l_2yrLead_WS,X15_ArrowtoothFlounderBiomass_predAK,25.9728547005181,0.4452267552485546
X16_SAR,X07_DFA_cpue_IntSprJunHW,2.8886152678947554,1.4500557978781865,1.9920718031137563,0.04636318020807528,206,X10_Californian_s_l_2yrLead_WS,X15_ArrowtoothFlounderBiomass_predAK,25.9728547005181,0.4452267552485546
X07_DFA_cpue_IntSprJunHW,X10_Californian_s_l_2yrLead_WS,1.8834219264950318,0.5054753838284181,3.726040845412075,1.945108982390753e-4,207,X10_Californian_s_l_2yrLead_WS,X15_ArrowtoothFlounderBiomass_predAK_smoltYear,25.9728547005181,0.4452267552485546
X07_DFA_cpue_IntSprJunHW,X09_DFA_HakeAge5Plus_2yrLead,1.4993697129044847,0.3911622339753486,3.8331147096347147,1.2653091419290163e-4,207,X10_Californian_s_l_2yrLead_WS,X15_ArrowtoothFlounderBiomass_predAK_smoltYear,25.9728547005181,0.4452267552485546
X07_DFA_cpue_IntSprJunHW,ncc_alt_int,-0.3672356774732853,0.10084676494540346,-3.641521645955622,2.7103133181038963e-4,207,X10_Californian_s_l_2yrLead_WS,X15_ArrowtoothFlounderBiomass_predAK_smoltYear,25.9728547005181,0.4452267552485546
X16_SAR,X07_DFA_cpue_IntSprJunHW,2.8886152678947554,1.4500557978781865,1.9920718031137563,0.04636318020807528,207,X10_Californian_s_l_2yrLead_WS,X15_ArrowtoothFlounderBiomass_predAK_smoltYear,25.9728547005181,0.4452267552485546
X07_DFA_cpue_IntSprJunHW,X10_Californian_s_l_2yrLead_WS,1.883421926492764,0.5054753856637448,3.7260408318787346,1.9451090867672605e-4,208,X10_Californian_s_l_2yrLead_WS,X15_sablefishBiomass_predAK,16.944235985259766,0.44763281431531876
X07_DFA_cpue_IntSprJunHW,X09_DFA_HakeAge5Plus_2yrLead,1.499369712903325,0.39116223322818755,3.8331147169534026,1.2653091042702513e-4,208,X10_Californian_s_l_2yrLead_WS,X15_sablefishBiomass_predAK,16.944235985259766,0.44763281431531876
X07_DFA_cpue_IntSprJunHW,ncc_alt_int,-0.3672356774760481,0.10084676489837674,-3.6415216476811265,2.710313299936207e-4,208,X10_Californian_s_l_2yrLead_WS,X15_sablefishBiomass_predAK,16.944235985259766,0.44763281431531876
X16_SAR,X07_DFA_cpue_IntSprJunHW,1.5328177643964318,0.7791803353378054,1.9672182354703482,0.049158056595427047,208,X10_Californian_s_l_2yrLead_WS,X15_sablefishBiomass_predAK,16.944235985259766,0.44763281431531876
X16_SAR,X15_sablefishBiomass_predAK,-3.2186380028965504,0.6603948915327069,-4.873808147465271,1.0946730257810344e-6,208,X10_Californian_s_l_2yrLead_WS,X15_sablefishBiomass_predAK,16.944235985259766,0.44763281431531876
X07_DFA_cpue_IntSprJunHW,X10_Californian_s_l_2yrLead_WS,1.8834219264950318,0.5054753838284181,3.726040845412075,1.945108982390753e-4,209,X10_Californian_s_l_2yrLead_WS,X15_sablefishBiomass_predAK_smoltYear,25.9728547005181,0.4452267552485546
X07_DFA_cpue_IntSprJunHW,X09_DFA_HakeAge5Plus_2yrLead,1.4993697129044847,0.3911622339753486,3.8331147096347147,1.2653091419290163e-4,209,X10_Californian_s_l_2yrLead_WS,X15_sablefishBiomass_predAK_smoltYear,25.9728547005181,0.4452267552485546
X07_DFA_cpue_IntSprJunHW,ncc_alt_int,-0.3672356774732853,0.10084676494540346,-3.641521645955622,2.7103133181038963e-4,209,X10_Californian_s_l_2yrLead_WS,X15_sablefishBiomass_predAK_smoltYear,25.9728547005181,0.4452267552485546
X16_SAR,X07_DFA_cpue_IntSprJunHW,2.8886152678947554,1.4500557978781865,1.9920718031137563,0.04636318020807528,209,X10_Californian_s_l_2yrLead_WS,X15_sablefishBiomass_predAK_smoltYear,25.9728547005181,0.4452267552485546
X07_DFA_cpue_IntSprJunHW,X10_Californian_s_l_2yrLead_WS,1.8834219264950318,0.5054753838284181,3.726040845412075,1.945108982390753e-4,210,X10_Californian_s_l_2yrLead_WS,X15_sablefishRecruitment_predAK,25.9728547005181,0.4452267552485546
X07_DFA_cpue_IntSprJunHW,X09_DFA_HakeAge5Plus_2yrLead,1.4993697129044847,0.3911622339753486,3.8331147096347147,1.2653091419290163e-4,210,X10_Californian_s_l_2yrLead_WS,X15_sablefishRecruitment_predAK,25.9728547005181,0.4452267552485546
X07_DFA_cpue_IntSprJunHW,ncc_alt_int,-0.3672356774732853,0.10084676494540346,-3.641521645955622,2.7103133181038963e-4,210,X10_Californian_s_l_2yrLead_WS,X15_sablefishRecruitment_predAK,25.9728547005181,0.4452267552485546
X16_SAR,X07_DFA_cpue_IntSprJunHW,2.8886152678947554,1.4500557978781865,1.9920718031137563,0.04636318020807528,210,X10_Californian_s_l_2yrLead_WS,X15_sablefishRecruitment_predAK,25.9728547005181,0.4452267552485546
X07_DFA_cpue_IntSprJunHW,X10_Californian_s_l_2yrLead_WS,1.8834219264913836,0.5054753990803635,3.7260407329772853,1.9451098495570918e-4,211,X10_Californian_s_l_2yrLead_WS,X15_sablefishRecruitment_predAK_smoltYear,19.565647422596072,0.6024539360291179
X07_DFA_cpue_IntSprJunHW,X09_DFA_HakeAge5Plus_2yrLead,1.4993697129027612,0.39116224480188616,3.83311460353786,1.2653096878745274e-4,211,X10_Californian_s_l_2yrLead_WS,X15_sablefishRecruitment_predAK_smoltYear,19.565647422596072,0.6024539360291179
X07_DFA_cpue_IntSprJunHW,ncc_alt_int,-0.3672356774777926,0.10084676774827621,-3.641521544790114,2.710314383356227e-4,211,X10_Californian_s_l_2yrLead_WS,X15_sablefishRecruitment_predAK_smoltYear,19.565647422596072,0.6024539360291179
X16_SAR,X07_DFA_cpue_IntSprJunHW,1.4389264867836877,0.9361395932211716,1.5370853847047234,0.12427240150493168,211,X10_Californian_s_l_2yrLead_WS,X15_sablefishRecruitment_predAK_smoltYear,19.565647422596072,0.6024539360291179
X16_SAR,X15_sablefishRecruitment_predAK_smoltYear,-2.699442527357173,0.6997552395761003,-3.857695340720062,1.1446119389368903e-4,211,X10_Californian_s_l_2yrLead_WS,X15_sablefishRecruitment_predAK_smoltYear,19.565647422596072,0.6024539360291179
X07_DFA_cpue_IntSprJunHW,X10_Californian_s_l_2yrLead_WS,1.8834219264950318,0.5054753838284181,3.726040845412075,1.945108982390753e-4,212,X10_Californian_s_l_2yrLead_WS,X15_PacificCodBiomass_predAK,25.9728547005181,0.4452267552485546
X07_DFA_cpue_IntSprJunHW,X09_DFA_HakeAge5Plus_2yrLead,1.4993697129044847,0.3911622339753486,3.8331147096347147,1.2653091419290163e-4,212,X10_Californian_s_l_2yrLead_WS,X15_PacificCodBiomass_predAK,25.9728547005181,0.4452267552485546
X07_DFA_cpue_IntSprJunHW,ncc_alt_int,-0.3672356774732853,0.10084676494540346,-3.641521645955622,2.7103133181038963e-4,212,X10_Californian_s_l_2yrLead_WS,X15_PacificCodBiomass_predAK,25.9728547005181,0.4452267552485546
X16_SAR,X07_DFA_cpue_IntSprJunHW,2.8886152678947554,1.4500557978781865,1.9920718031137563,0.04636318020807528,212,X10_Californian_s_l_2yrLead_WS,X15_PacificCodBiomass_predAK,25.9728547005181,0.4452267552485546
X07_DFA_cpue_IntSprJunHW,X10_Californian_s_l_2yrLead_WS,1.883421926492764,0.5054754006394399,3.726040721487505,1.9451099381750936e-4,213,X10_Californian_s_l_2yrLead_WS,X15_PacificCodBiomass_predAK_smoltYear,24.599470678025455,0.43882919055838443
X07_DFA_cpue_IntSprJunHW,X09_DFA_HakeAge5Plus_2yrLead,1.499369712903325,0.3911622458457687,3.8331145933099875,1.2653097405035396e-4,213,X10_Californian_s_l_2yrLead_WS,X15_PacificCodBiomass_predAK_smoltYear,24.599470678025455,0.43882919055838443
X07_DFA_cpue_IntSprJunHW,ncc_alt_int,-0.3672356774760481,0.10084676809450967,-3.6415215322705143,2.7103145151863295e-4,213,X10_Californian_s_l_2yrLead_WS,X15_PacificCodBiomass_predAK_smoltYear,24.599470678025455,0.43882919055838443
X16_SAR,X07_DFA_cpue_IntSprJunHW,2.444286544747666,1.1942732549674746,2.0466727648642142,0.04069022507933462,213,X10_Californian_s_l_2yrLead_WS,X15_PacificCodBiomass_predAK_smoltYear,24.599470678025455,0.43882919055838443
X16_SAR,X15_PacificCodBiomass_predAK_smoltYear,-2.540353862072418,1.2401447779164934,-2.0484333017475125,0.040517561264614255,213,X10_Californian_s_l_2yrLead_WS,X15_PacificCodBiomass_predAK_smoltYear,24.599470678025455,0.43882919055838443
X07_DFA_cpue_IntSprJunHW,X10_Californian_s_l_2yrLead_WS,1.883421926492764,0.5054755127323566,3.7260398952105405,1.9451163109529546e-4,214,X10_Californian_s_l_2yrLead_WS,X15_spinyDogfishGoA_predAK,11.334711361407138,0.28352890331617797
X07_DFA_cpue_IntSprJunHW,X09_DFA_HakeAge5Plus_2yrLead,1.499369712903325,0.39116233104145587,3.833113758452421,1.2653140364538018e-4,214,X10_Californian_s_l_2yrLead_WS,X15_spinyDogfishGoA_predAK,11.334711361407138,0.28352890331617797
X07_DFA_cpue_IntSprJunHW,ncc_alt_int,-0.3672356774760481,0.10084679000956431,-3.6415207409300727,2.710322847856439e-4,214,X10_Californian_s_l_2yrLead_WS,X15_spinyDogfishGoA_predAK,11.334711361407138,0.28352890331617797
X16_SAR,X07_DFA_cpue_IntSprJunHW,2.2571574719974707,0.46360716186399303,4.868685511505635,1.1234302887963565e-6,214,X10_Californian_s_l_2yrLead_WS,X15_spinyDogfishGoA_predAK,11.334711361407138,0.28352890331617797
X16_SAR,X15_spinyDogfishGoA_predAK,8.45290941558102,2.3528921814559687,3.5925613090993247,3.274435812867793e-4,214,X10_Californian_s_l_2yrLead_WS,X15_spinyDogfishGoA_predAK,11.334711361407138,0.28352890331617797
X16_SAR,X12_egoa.krill,6.162883292052497,2.1222686416065986,2.903912903027712,0.003685306657967846,214,X10_Californian_s_l_2yrLead_WS,X15_spinyDogfishGoA_predAK,11.334711361407138,0.28352890331617797
X16_SAR,ak_alt_int,-1.338823696980713,0.4737220224283767,-2.82617998234003,0.004710678747900543,214,X10_Californian_s_l_2yrLead_WS,X15_spinyDogfishGoA_predAK,11.334711361407138,0.28352890331617797
X07_DFA_cpue_IntSprJunHW,X10_Californian_s_l_2yrLead_WS,1.8834219264950318,0.5054753838284181,3.726040845412075,1.945108982390753e-4,215,X10_Californian_s_l_2yrLead_WS,X15_spinyDogfishGoA_predAK_smoltYear,25.9728547005181,0.4452267552485546
X07_DFA_cpue_IntSprJunHW,X09_DFA_HakeAge5Plus_2yrLead,1.4993697129044847,0.3911622339753486,3.8331147096347147,1.2653091419290163e-4,215,X10_Californian_s_l_2yrLead_WS,X15_spinyDogfishGoA_predAK_smoltYear,25.9728547005181,0.4452267552485546
X07_DFA_cpue_IntSprJunHW,ncc_alt_int,-0.3672356774732853,0.10084676494540346,-3.641521645955622,2.7103133181038963e-4,215,X10_Californian_s_l_2yrLead_WS,X15_spinyDogfishGoA_predAK_smoltYear,25.9728547005181,0.4452267552485546
X16_SAR,X07_DFA_cpue_IntSprJunHW,2.8886152678947554,1.4500557978781865,1.9920718031137563,0.04636318020807528,215,X10_Californian_s_l_2yrLead_WS,X15_spinyDogfishGoA_predAK_smoltYear,25.9728547005181,0.4452267552485546
X07_DFA_cpue_IntSprJunHW,X10_Californian_s_l_2yrLead_WS,1.883421926492764,0.5054754009188447,3.7260407194279117,1.9451099540579442e-4,216,X10_Californian_s_l_2yrLead_WS,X15_halibutBiomassAge8plus_2yrLead_predAK,12.98811763804909,0.5924218129581494
X07_DFA_cpue_IntSprJunHW,X09_DFA_HakeAge5Plus_2yrLead,1.499369712903325,0.3911622464454007,3.833114587434016,1.2653097707393535e-4,216,X10_Californian_s_l_2yrLead_WS,X15_halibutBiomassAge8plus_2yrLead_predAK,12.98811763804909,0.5924218129581494
X07_DFA_cpue_IntSprJunHW,ncc_alt_int,-0.3672356774760481,0.10084676885199739,-3.641521504918048,2.710314803202607e-4,216,X10_Californian_s_l_2yrLead_WS,X15_halibutBiomassAge8plus_2yrLead_predAK,12.98811763804909,0.5924218129581494
X16_SAR,X07_DFA_cpue_IntSprJunHW,2.0331165935234465,0.5828187185657722,3.4884202047021344,4.858838242114416e-4,216,X10_Californian_s_l_2yrLead_WS,X15_halibutBiomassAge8plus_2yrLead_predAK,12.98811763804909,0.5924218129581494
X16_SAR,X15_halibutBiomassAge8plus_2yrLead_predAK,-2.5120739132711294,0.37842085756876326,-6.638307226008698,3.1730618132996824e-11,216,X10_Californian_s_l_2yrLead_WS,X15_halibutBiomassAge8plus_2yrLead_predAK,12.98811763804909,0.5924218129581494
X07_DFA_cpue_IntSprJunHW,X10_Californian_s_l_2yrLead_WS,1.8834219264926255,0.505475396500828,3.7260407519944256,1.945109702885528e-4,217,X10_Californian_s_l_2yrLead_WS,X15_halibutBiomassAge8plus_smoltYear_predAK,14.737573309562805,0.6683557823204455
X07_DFA_cpue_IntSprJunHW,X09_DFA_HakeAge5Plus_2yrLead,1.4993697129031294,0.3911622450056778,3.8331146015417863,1.2653096981463108e-4,217,X10_Californian_s_l_2yrLead_WS,X15_halibutBiomassAge8plus_smoltYear_predAK,14.737573309562805,0.6683557823204455
X07_DFA_cpue_IntSprJunHW,ncc_alt_int,-0.36723567747661295,0.10084676787734644,-3.641521540117761,2.7103144325568707e-4,217,X10_Californian_s_l_2yrLead_WS,X15_halibutBiomassAge8plus_smoltYear_predAK,14.737573309562805,0.6683557823204455
X16_SAR,X07_DFA_cpue_IntSprJunHW,2.2427636766579178,0.6437122373191183,3.4841091199359546,4.937781281137976e-4,217,X10_Californian_s_l_2yrLead_WS,X15_halibutBiomassAge8plus_smoltYear_predAK,14.737573309562805,0.6683557823204455
X16_SAR,X15_halibutBiomassAge8plus_smoltYear_predAK,-1.5308259943858213,0.2631545845886134,-5.817211950834694,5.983725070990431e-9,217,X10_Californian_s_l_2yrLead_WS,X15_halibutBiomassAge8plus_smoltYear_predAK,14.737573309562805,0.6683557823204455
X07_DFA_cpue_IntSprJunHW,X10_Californian_s_l_2yrLead_WS,1.883421926492764,0.5054753978045098,3.7260407423847925,1.9451097770017967e-4,218,X10_Californian_s_l_2yrLead_WS,X15_DFA_sleeperSharks,19.24138818272938,0.459643928999666
X07_DFA_cpue_IntSprJunHW,X09_DFA_HakeAge5Plus_2yrLead,1.499369712903325,0.3911622430868359,3.8331146203455866,1.2653096013859333e-4,218,X10_Californian_s_l_2yrLead_WS,X15_DFA_sleeperSharks,19.24138818272938,0.459643928999666
X07_DFA_cpue_IntSprJunHW,ncc_alt_int,-0.3672356774760481,0.10084676735457514,-3.641521558989145,2.710314233844713e-4,218,X10_Californian_s_l_2yrLead_WS,X15_DFA_sleeperSharks,19.24138818272938,0.459643928999666
X16_SAR,X07_DFA_cpue_IntSprJunHW,0.9308400677517893,0.9736993360344861,0.9559830568877179,0.3390807945731287,218,X10_Californian_s_l_2yrLead_WS,X15_DFA_sleeperSharks,19.24138818272938,0.459643928999666
X16_SAR,X15_DFA_sleeperSharks,-0.8682781045034315,0.21824354035536883,-3.9784824929507776,6.93565171097088e-5,218,X10_Californian_s_l_2yrLead_WS,X15_DFA_sleeperSharks,19.24138818272938,0.459643928999666
X07_DFA_cpue_IntSprJunHW,X10_Californian_s_l_2yrLead_WS,1.8834219264950318,0.5054753838284181,3.726040845412075,1.945108982390753e-4,219,X10_Californian_s_l_2yrLead_WS,X15_DFA_sleeperSharks_smoltYear,25.9728547005181,0.4452267552485546
X07_DFA_cpue_IntSprJunHW,X09_DFA_HakeAge5Plus_2yrLead,1.4993697129044847,0.3911622339753486,3.8331147096347147,1.2653091419290163e-4,219,X10_Californian_s_l_2yrLead_WS,X15_DFA_sleeperSharks_smoltYear,25.9728547005181,0.4452267552485546
X07_DFA_cpue_IntSprJunHW,ncc_alt_int,-0.3672356774732853,0.10084676494540346,-3.641521645955622,2.7103133181038963e-4,219,X10_Californian_s_l_2yrLead_WS,X15_DFA_sleeperSharks_smoltYear,25.9728547005181,0.4452267552485546
X16_SAR,X07_DFA_cpue_IntSprJunHW,2.8886152678947554,1.4500557978781865,1.9920718031137563,0.04636318020807528,219,X10_Californian_s_l_2yrLead_WS,X15_DFA_sleeperSharks_smoltYear,25.9728547005181,0.4452267552485546
X07_DFA_cpue_IntSprJunHW,X10_Californian_s_l_2yrLead_WS,1.8834219264950318,0.5054753838284181,3.726040845412075,1.945108982390753e-4,220,X10_Californian_s_l_2yrLead_WS,X15_salmonSharkGoA_predAK,25.9728547005181,0.4452267552485546
X07_DFA_cpue_IntSprJunHW,X09_DFA_HakeAge5Plus_2yrLead,1.4993697129044847,0.3911622339753486,3.8331147096347147,1.2653091419290163e-4,220,X10_Californian_s_l_2yrLead_WS,X15_salmonSharkGoA_predAK,25.9728547005181,0.4452267552485546
X07_DFA_cpue_IntSprJunHW,ncc_alt_int,-0.3672356774732853,0.10084676494540346,-3.641521645955622,2.7103133181038963e-4,220,X10_Californian_s_l_2yrLead_WS,X15_salmonSharkGoA_predAK,25.9728547005181,0.4452267552485546
X16_SAR,X07_DFA_cpue_IntSprJunHW,2.8886152678947554,1.4500557978781865,1.9920718031137563,0.04636318020807528,220,X10_Californian_s_l_2yrLead_WS,X15_salmonSharkGoA_predAK,25.9728547005181,0.4452267552485546
X07_DFA_cpue_IntSprJunHW,X10_Californian_s_l_2yrLead_WS,1.8834219264950318,0.5054753838284181,3.726040845412075,1.945108982390753e-4,221,X10_Californian_s_l_2yrLead_WS,X15_salmonSharkGoA_predAK_smoltYear,25.9728547005181,0.4452267552485546
X07_DFA_cpue_IntSprJunHW,X09_DFA_HakeAge5Plus_2yrLead,1.4993697129044847,0.3911622339753486,3.8331147096347147,1.2653091419290163e-4,221,X10_Californian_s_l_2yrLead_WS,X15_salmonSharkGoA_predAK_smoltYear,25.9728547005181,0.4452267552485546
X07_DFA_cpue_IntSprJunHW,ncc_alt_int,-0.3672356774732853,0.10084676494540346,-3.641521645955622,2.7103133181038963e-4,221,X10_Californian_s_l_2yrLead_WS,X15_salmonSharkGoA_predAK_smoltYear,25.9728547005181,0.4452267552485546
X16_SAR,X07_DFA_cpue_IntSprJunHW,2.8886152678947554,1.4500557978781865,1.9920718031137563,0.04636318020807528,221,X10_Californian_s_l_2yrLead_WS,X15_salmonSharkGoA_predAK_smoltYear,25.9728547005181,0.4452267552485546
X07_DFA_cpue_IntSprJunHW,X10_Californian_s_l_smoltYear_WS,-0.3763650527418928,0.2928954144825985,-1.28498103463567,0.19879891149746465,222,X10_Californian_s_l_smoltYear_WS,X11_ssl_seak_pup_pred,20.89993786600727,0.6106432130487893
X07_DFA_cpue_IntSprJunHW,X09_DFA_HakeAge5Plus,0.10696498324049555,0.06574018541023086,1.627086728962116,0.10371867918223687,222,X10_Californian_s_l_smoltYear_WS,X11_ssl_seak_pup_pred,20.89993786600727,0.6106432130487893
X07_DFA_cpue_IntSprJunHW,ncc_alt_int,0.1321658492841531,0.05873952801328208,2.2500325377872965,0.024446879909614028,222,X10_Californian_s_l_smoltYear_WS,X11_ssl_seak_pup_pred,20.89993786600727,0.6106432130487893
X16_SAR,X07_DFA_cpue_IntSprJunHW,2.8886152678949366,1.4500557976658264,1.9920718034056193,0.04636318017605645,222,X10_Californian_s_l_smoltYear_WS,X11_ssl_seak_pup_pred,20.89993786600727,0.6106432130487893
X07_DFA_cpue_IntSprJunHW,X10_Californian_s_l_smoltYear_WS,-0.3763650527418928,0.2928954144825985,-1.28498103463567,0.19879891149746465,223,X10_Californian_s_l_smoltYear_WS,X15_ArrowtoothFlounderBiomass_predAK,20.89993786600727,0.6106432130487893
X07_DFA_cpue_IntSprJunHW,X09_DFA_HakeAge5Plus,0.10696498324049555,0.06574018541023086,1.627086728962116,0.10371867918223687,223,X10_Californian_s_l_smoltYear_WS,X15_ArrowtoothFlounderBiomass_predAK,20.89993786600727,0.6106432130487893
X07_DFA_cpue_IntSprJunHW,ncc_alt_int,0.1321658492841531,0.05873952801328208,2.2500325377872965,0.024446879909614028,223,X10_Californian_s_l_smoltYear_WS,X15_ArrowtoothFlounderBiomass_predAK,20.89993786600727,0.6106432130487893
X16_SAR,X07_DFA_cpue_IntSprJunHW,2.8886152678949366,1.4500557976658264,1.9920718034056193,0.04636318017605645,223,X10_Californian_s_l_smoltYear_WS,X15_ArrowtoothFlounderBiomass_predAK,20.89993786600727,0.6106432130487893
X07_DFA_cpue_IntSprJunHW,X10_Californian_s_l_smoltYear_WS,-0.3763650527418928,0.2928954144825985,-1.28498103463567,0.19879891149746465,224,X10_Californian_s_l_smoltYear_WS,X15_ArrowtoothFlounderBiomass_predAK_smoltYear,20.89993786600727,0.6106432130487893
X07_DFA_cpue_IntSprJunHW,X09_DFA_HakeAge5Plus,0.10696498324049555,0.06574018541023086,1.627086728962116,0.10371867918223687,224,X10_Californian_s_l_smoltYear_WS,X15_ArrowtoothFlounderBiomass_predAK_smoltYear,20.89993786600727,0.6106432130487893
X07_DFA_cpue_IntSprJunHW,ncc_alt_int,0.1321658492841531,0.05873952801328208,2.2500325377872965,0.024446879909614028,224,X10_Californian_s_l_smoltYear_WS,X15_ArrowtoothFlounderBiomass_predAK_smoltYear,20.89993786600727,0.6106432130487893
X16_SAR,X07_DFA_cpue_IntSprJunHW,2.8886152678949366,1.4500557976658264,1.9920718034056193,0.04636318017605645,224,X10_Californian_s_l_smoltYear_WS,X15_ArrowtoothFlounderBiomass_predAK_smoltYear,20.89993786600727,0.6106432130487893
X07_DFA_cpue_IntSprJunHW,X10_Californian_s_l_smoltYear_WS,-0.37636505274180304,0.29289541491874566,-1.284981032721913,0.19879891216623724,225,X10_Californian_s_l_smoltYear_WS,X15_sablefishBiomass_predAK,11.871319150776614,0.7479368851817987
X07_DFA_cpue_IntSprJunHW,X09_DFA_HakeAge5Plus,0.10696498323992461,0.06574018544292311,1.6270867281442896,0.10371867935590617,225,X10_Californian_s_l_smoltYear_WS,X15_sablefishBiomass_predAK,11.871319150776614,0.7479368851817987
X07_DFA_cpue_IntSprJunHW,ncc_alt_int,0.13216584928467284,0.05873952809300686,2.2500325347422674,0.024446880102896307,225,X10_Californian_s_l_smoltYear_WS,X15_sablefishBiomass_predAK,11.871319150776614,0.7479368851817987
X16_SAR,X07_DFA_cpue_IntSprJunHW,1.5328177643965095,0.779180341600526,1.9672182196587835,0.04915805841750309,225,X10_Californian_s_l_smoltYear_WS,X15_sablefishBiomass_predAK,11.871319150776614,0.7479368851817987
X16_SAR,X15_sablefishBiomass_predAK,-3.2186380028962223,0.6603948934134256,-4.873808133584802,1.0946731028305123e-6,225,X10_Californian_s_l_smoltYear_WS,X15_sablefishBiomass_predAK,11.871319150776614,0.7479368851817987
X07_DFA_cpue_IntSprJunHW,X10_Californian_s_l_smoltYear_WS,-0.3763650527418928,0.2928954144825985,-1.28498103463567,0.19879891149746465,226,X10_Californian_s_l_smoltYear_WS,X15_sablefishBiomass_predAK_smoltYear,20.89993786600727,0.6106432130487893
X07_DFA_cpue_IntSprJunHW,X09_DFA_HakeAge5Plus,0.10696498324049555,0.06574018541023086,1.627086728962116,0.10371867918223687,226,X10_Californian_s_l_smoltYear_WS,X15_sablefishBiomass_predAK_smoltYear,20.89993786600727,0.6106432130487893
X07_DFA_cpue_IntSprJunHW,ncc_alt_int,0.1321658492841531,0.05873952801328208,2.2500325377872965,0.024446879909614028,226,X10_Californian_s_l_smoltYear_WS,X15_sablefishBiomass_predAK_smoltYear,20.89993786600727,0.6106432130487893
X16_SAR,X07_DFA_cpue_IntSprJunHW,2.8886152678949366,1.4500557976658264,1.9920718034056193,0.04636318017605645,226,X10_Californian_s_l_smoltYear_WS,X15_sablefishBiomass_predAK_smoltYear,20.89993786600727,0.6106432130487893
X07_DFA_cpue_IntSprJunHW,X10_Californian_s_l_smoltYear_WS,-0.3763650527418928,0.2928954144825985,-1.28498103463567,0.19879891149746465,227,X10_Californian_s_l_smoltYear_WS,X15_sablefishRecruitment_predAK,20.89993786600727,0.6106432130487893
X07_DFA_cpue_IntSprJunHW,X09_DFA_HakeAge5Plus,0.10696498324049555,0.06574018541023086,1.627086728962116,0.10371867918223687,227,X10_Californian_s_l_smoltYear_WS,X15_sablefishRecruitment_predAK,20.89993786600727,0.6106432130487893
X07_DFA_cpue_IntSprJunHW,ncc_alt_int,0.1321658492841531,0.05873952801328208,2.2500325377872965,0.024446879909614028,227,X10_Californian_s_l_smoltYear_WS,X15_sablefishRecruitment_predAK,20.89993786600727,0.6106432130487893
X16_SAR,X07_DFA_cpue_IntSprJunHW,2.8886152678949366,1.4500557976658264,1.9920718034056193,0.04636318017605645,227,X10_Californian_s_l_smoltYear_WS,X15_sablefishRecruitment_predAK,20.89993786600727,0.6106432130487893
X07_DFA_cpue_IntSprJunHW,X10_Californian_s_l_smoltYear_WS,-0.3763650527419017,0.29289541480039366,-1.28498103324148,0.1987989119846718,228,X10_Californian_s_l_smoltYear_WS,X15_sablefishRecruitment_predAK_smoltYear,14.492730588098489,0.8980307432641285
X07_DFA_cpue_IntSprJunHW,X09_DFA_HakeAge5Plus,0.10696498324047868,0.06574018543847385,1.627086728262838,0.10371867933073187,228,X10_Californian_s_l_smoltYear_WS,X15_sablefishRecruitment_predAK_smoltYear,14.492730588098489,0.8980307432641285
X07_DFA_cpue_IntSprJunHW,ncc_alt_int,0.13216584928415398,0.05873952807212315,2.25003253553339,0.02444688005268003,228,X10_Californian_s_l_smoltYear_WS,X15_sablefishRecruitment_predAK_smoltYear,14.492730588098489,0.8980307432641285
X16_SAR,X07_DFA_cpue_IntSprJunHW,1.4389264867836127,0.9361395820526337,1.5370854030427166,0.12427239701486337,228,X10_Californian_s_l_smoltYear_WS,X15_sablefishRecruitment_predAK_smoltYear,14.492730588098489,0.8980307432641285
X16_SAR,X15_sablefishRecruitment_predAK_smoltYear,-2.6994425273571916,0.6997552219052665,-3.8576954381380015,1.1446114828639331e-4,228,X10_Californian_s_l_smoltYear_WS,X15_sablefishRecruitment_predAK_smoltYear,14.492730588098489,0.8980307432641285
X07_DFA_cpue_IntSprJunHW,X10_Californian_s_l_smoltYear_WS,-0.3763650527418928,0.2928954144825985,-1.28498103463567,0.19879891149746465,229,X10_Californian_s_l_smoltYear_WS,X15_PacificCodBiomass_predAK,20.89993786600727,0.6106432130487893
X07_DFA_cpue_IntSprJunHW,X09_DFA_HakeAge5Plus,0.10696498324049555,0.06574018541023086,1.627086728962116,0.10371867918223687,229,X10_Californian_s_l_smoltYear_WS,X15_PacificCodBiomass_predAK,20.89993786600727,0.6106432130487893
X07_DFA_cpue_IntSprJunHW,ncc_alt_int,0.1321658492841531,0.05873952801328208,2.2500325377872965,0.024446879909614028,229,X10_Californian_s_l_smoltYear_WS,X15_PacificCodBiomass_predAK,20.89993786600727,0.6106432130487893
X16_SAR,X07_DFA_cpue_IntSprJunHW,2.8886152678949366,1.4500557976658264,1.9920718034056193,0.04636318017605645,229,X10_Californian_s_l_smoltYear_WS,X15_PacificCodBiomass_predAK,20.89993786600727,0.6106432130487893
X07_DFA_cpue_IntSprJunHW,X10_Californian_s_l_smoltYear_WS,-0.3763650527419017,0.2928954149622137,-1.2849810325315483,0.19879891223276136,230,X10_Californian_s_l_smoltYear_WS,X15_PacificCodBiomass_predAK_smoltYear,19.52655384352375,0.5920375101419837
X07_DFA_cpue_IntSprJunHW,X09_DFA_HakeAge5Plus,0.10696498324047868,0.06574018545583044,1.627086727833258,0.10371867942195534,230,X10_Californian_s_l_smoltYear_WS,X15_PacificCodBiomass_predAK_smoltYear,19.52655384352375,0.5920375101419837
X07_DFA_cpue_IntSprJunHW,ncc_alt_int,0.13216584928415398,0.0587395280990289,2.250032534502758,0.024446880118099035,230,X10_Californian_s_l_smoltYear_WS,X15_PacificCodBiomass_predAK_smoltYear,19.52655384352375,0.5920375101419837
X16_SAR,X07_DFA_cpue_IntSprJunHW,2.444286544747666,1.1942731820114252,2.046672889891856,0.04069021279519869,230,X10_Californian_s_l_smoltYear_WS,X15_PacificCodBiomass_predAK_smoltYear,19.52655384352375,0.5920375101419837
X16_SAR,X15_PacificCodBiomass_predAK_smoltYear,-2.540353862072418,1.2401447087681625,-2.0484334159646216,0.04051755008300795,230,X10_Californian_s_l_smoltYear_WS,X15_PacificCodBiomass_predAK_smoltYear,19.52655384352375,0.5920375101419837
X07_DFA_cpue_IntSprJunHW,X10_Californian_s_l_smoltYear_WS,-0.3763650527415885,0.29289541475765896,-1.2849810334278948,0.19879891191952814,231,X10_Californian_s_l_smoltYear_WS,X15_spinyDogfishGoA_predAK,6.273149875942444,0.3051179100586877
X07_DFA_cpue_IntSprJunHW,X09_DFA_HakeAge5Plus,0.10696498323913135,0.06574018473569954,1.627086745636191,0.10371867564141768,231,X10_Californian_s_l_smoltYear_WS,X15_spinyDogfishGoA_predAK,6.273149875942444,0.3051179100586877
X07_DFA_cpue_IntSprJunHW,ncc_alt_int,0.13216584928596264,0.058739527977590196,2.25003253918529,0.02444687982087701,231,X10_Californian_s_l_smoltYear_WS,X15_spinyDogfishGoA_predAK,6.273149875942444,0.3051179100586877
X16_SAR,X07_DFA_cpue_IntSprJunHW,2.2571574719975946,0.4636072787141601,4.868684284375222,1.1234372641055757e-6,231,X10_Californian_s_l_smoltYear_WS,X15_spinyDogfishGoA_predAK,6.273149875942444,0.3051179100586877
X16_SAR,X15_spinyDogfishGoA_predAK,8.45290941558328,2.3528925307704367,3.59256077574246,3.274442517087195e-4,231,X10_Californian_s_l_smoltYear_WS,X15_spinyDogfishGoA_predAK,6.273149875942444,0.3051179100586877
X16_SAR,X12_egoa.krill,6.162883292055113,2.1222689984791523,2.9039124147181727,0.0036853124056910325,231,X10_Californian_s_l_smoltYear_WS,X15_spinyDogfishGoA_predAK,6.273149875942444,0.3051179100586877
X16_SAR,ak_alt_int,-1.3388236969805947,0.4737221074004588,-2.8261794754046097,0.004710686203358128,231,X10_Californian_s_l_smoltYear_WS,X15_spinyDogfishGoA_predAK,6.273149875942444,0.3051179100586877
X07_DFA_cpue_IntSprJunHW,X10_Californian_s_l_smoltYear_WS,-0.3763650527418928,0.2928954144825985,-1.28498103463567,0.19879891149746465,232,X10_Californian_s_l_smoltYear_WS,X15_spinyDogfishGoA_predAK_smoltYear,20.89993786600727,0.6106432130487893
X07_DFA_cpue_IntSprJunHW,X09_DFA_HakeAge5Plus,0.10696498324049555,0.06574018541023086,1.627086728962116,0.10371867918223687,232,X10_Californian_s_l_smoltYear_WS,X15_spinyDogfishGoA_predAK_smoltYear,20.89993786600727,0.6106432130487893
X07_DFA_cpue_IntSprJunHW,ncc_alt_int,0.1321658492841531,0.05873952801328208,2.2500325377872965,0.024446879909614028,232,X10_Californian_s_l_smoltYear_WS,X15_spinyDogfishGoA_predAK_smoltYear,20.89993786600727,0.6106432130487893
X16_SAR,X07_DFA_cpue_IntSprJunHW,2.8886152678949366,1.4500557976658264,1.9920718034056193,0.04636318017605645,232,X10_Californian_s_l_smoltYear_WS,X15_spinyDogfishGoA_predAK_smoltYear,20.89993786600727,0.6106432130487893
X07_DFA_cpue_IntSprJunHW,X10_Californian_s_l_smoltYear_WS,-0.37636505274188314,0.29289541323454843,-1.2849810401110409,0.1987989095840672,233,X10_Californian_s_l_smoltYear_WS,X15_halibutBiomassAge8plus_2yrLead_predAK,7.915200803544657,0.7197630996586999
X07_DFA_cpue_IntSprJunHW,X09_DFA_HakeAge5Plus,0.10696498324050548,0.0657401851920027,1.627086734363471,0.10371867803523349,233,X10_Californian_s_l_smoltYear_WS,X15_halibutBiomassAge8plus_2yrLead_predAK,7.915200803544657,0.7197630996586999
X07_DFA_cpue_IntSprJunHW,ncc_alt_int,0.132165849284188,0.058739527730433706,2.25003254862247,0.02444687922185529,233,X10_Californian_s_l_smoltYear_WS,X15_halibutBiomassAge8plus_2yrLead_predAK,7.915200803544657,0.7197630996586999
X16_SAR,X07_DFA_cpue_IntSprJunHW,2.033116593523857,0.5828187264083965,3.488420157761366,4.8588390952319926e-4,233,X10_Californian_s_l_smoltYear_WS,X15_halibutBiomassAge8plus_2yrLead_predAK,7.915200803544657,0.7197630996586999
X16_SAR,X15_halibutBiomassAge8plus_2yrLead_predAK,-2.512073913270457,0.37842086570091105,-6.638307083351744,3.1730618132996824e-11,233,X10_Californian_s_l_smoltYear_WS,X15_halibutBiomassAge8plus_2yrLead_predAK,7.915200803544657,0.7197630996586999
X07_DFA_cpue_IntSprJunHW,X10_Californian_s_l_smoltYear_WS,-0.3763650527419017,0.2928954141103493,-1.2849810362688197,0.19879891092675184,234,X10_Californian_s_l_smoltYear_WS,X15_halibutBiomassAge8plus_smoltYear_predAK,9.664656475059182,0.8054115176450973
X07_DFA_cpue_IntSprJunHW,X09_DFA_HakeAge5Plus,0.10696498324047868,0.06574018532897545,1.627086730972952,0.10371867875522622,234,X10_Californian_s_l_smoltYear_WS,X15_halibutBiomassAge8plus_smoltYear_predAK,9.664656475059182,0.8054115176450973
X07_DFA_cpue_IntSprJunHW,ncc_alt_int,0.13216584928415398,0.05873952793568695,2.250032540759613,0.02444687972094739,234,X10_Californian_s_l_smoltYear_WS,X15_halibutBiomassAge8plus_smoltYear_predAK,9.664656475059182,0.8054115176450973
X16_SAR,X07_DFA_cpue_IntSprJunHW,2.242763676658209,0.6437122113627819,3.484109260425755,4.937778689162453e-4,234,X10_Californian_s_l_smoltYear_WS,X15_halibutBiomassAge8plus_smoltYear_predAK,9.664656475059182,0.8054115176450973
X16_SAR,X15_halibutBiomassAge8plus_smoltYear_predAK,-1.5308259943857594,0.26315458877183645,-5.817211858361456,5.983728401659505e-9,234,X10_Californian_s_l_smoltYear_WS,X15_halibutBiomassAge8plus_smoltYear_predAK,9.664656475059182,0.8054115176450973
X07_DFA_cpue_IntSprJunHW,X10_Californian_s_l_smoltYear_WS,-0.3763650527418952,0.29289541531932256,-1.2849810309648302,0.1987989127802594,235,X10_Californian_s_l_smoltYear_WS,X15_DFA_sleeperSharks,14.168471348219867,0.7544726850778796
X07_DFA_cpue_IntSprJunHW,X09_DFA_HakeAge5Plus,0.1069649832404766,0.06574018549047264,1.6270867269758227,0.10371867960403569,235,X10_Californian_s_l_smoltYear_WS,X15_DFA_sleeperSharks,14.168471348219867,0.7544726850778796
X07_DFA_cpue_IntSprJunHW,ncc_alt_int,0.13216584928416014,0.0587395281644414,2.250032531997221,0.02444688027713715,235,X10_Californian_s_l_smoltYear_WS,X15_DFA_sleeperSharks,14.168471348219867,0.7544726850778796
X16_SAR,X07_DFA_cpue_IntSprJunHW,0.930840067751788,0.9736994095555662,0.9559829847043443,0.3390808310422757,235,X10_Californian_s_l_smoltYear_WS,X15_DFA_sleeperSharks,14.168471348219867,0.7544726850778796
X16_SAR,X15_DFA_sleeperSharks,-0.8682781045034281,0.2182435498378957,-3.9784823200885304,6.93565675251584e-5,235,X10_Californian_s_l_smoltYear_WS,X15_DFA_sleeperSharks,14.168471348219867,0.7544726850778796
X07_DFA_cpue_IntSprJunHW,X10_Californian_s_l_smoltYear_WS,-0.3763650527418928,0.2928954144825985,-1.28498103463567,0.19879891149746465,236,X10_Californian_s_l_smoltYear_WS,X15_DFA_sleeperSharks_smoltYear,20.89993786600727,0.6106432130487893
X07_DFA_cpue_IntSprJunHW,X09_DFA_HakeAge5Plus,0.10696498324049555,0.06574018541023086,1.627086728962116,0.10371867918223687,236,X10_Californian_s_l_smoltYear_WS,X15_DFA_sleeperSharks_smoltYear,20.89993786600727,0.6106432130487893
X07_DFA_cpue_IntSprJunHW,ncc_alt_int,0.1321658492841531,0.05873952801328208,2.2500325377872965,0.024446879909614028,236,X10_Californian_s_l_smoltYear_WS,X15_DFA_sleeperSharks_smoltYear,20.89993786600727,0.6106432130487893
X16_SAR,X07_DFA_cpue_IntSprJunHW,2.8886152678949366,1.4500557976658264,1.9920718034056193,0.04636318017605645,236,X10_Californian_s_l_smoltYear_WS,X15_DFA_sleeperSharks_smoltYear,20.89993786600727,0.6106432130487893
X07_DFA_cpue_IntSprJunHW,X10_Californian_s_l_smoltYear_WS,-0.3763650527418928,0.2928954144825985,-1.28498103463567,0.19879891149746465,237,X10_Californian_s_l_smoltYear_WS,X15_salmonSharkGoA_predAK,20.89993786600727,0.6106432130487893
X07_DFA_cpue_IntSprJunHW,X09_DFA_HakeAge5Plus,0.10696498324049555,0.06574018541023086,1.627086728962116,0.10371867918223687,237,X10_Californian_s_l_smoltYear_WS,X15_salmonSharkGoA_predAK,20.89993786600727,0.6106432130487893
X07_DFA_cpue_IntSprJunHW,ncc_alt_int,0.1321658492841531,0.05873952801328208,2.2500325377872965,0.024446879909614028,237,X10_Californian_s_l_smoltYear_WS,X15_salmonSharkGoA_predAK,20.89993786600727,0.6106432130487893
X16_SAR,X07_DFA_cpue_IntSprJunHW,2.8886152678949366,1.4500557976658264,1.9920718034056193,0.04636318017605645,237,X10_Californian_s_l_smoltYear_WS,X15_salmonSharkGoA_predAK,20.89993786600727,0.6106432130487893
X07_DFA_cpue_IntSprJunHW,X10_Californian_s_l_smoltYear_WS,-0.3763650527418928,0.2928954144825985,-1.28498103463567,0.19879891149746465,238,X10_Californian_s_l_smoltYear_WS,X15_salmonSharkGoA_predAK_smoltYear,20.89993786600727,0.6106432130487893
X07_DFA_cpue_IntSprJunHW,X09_DFA_HakeAge5Plus,0.10696498324049555,0.06574018541023086,1.627086728962116,0.10371867918223687,238,X10_Californian_s_l_smoltYear_WS,X15_salmonSharkGoA_predAK_smoltYear,20.89993786600727,0.6106432130487893
X07_DFA_cpue_IntSprJunHW,ncc_alt_int,0.1321658492841531,0.05873952801328208,2.2500325377872965,0.024446879909614028,238,X10_Californian_s_l_smoltYear_WS,X15_salmonSharkGoA_predAK_smoltYear,20.89993786600727,0.6106432130487893
X16_SAR,X07_DFA_cpue_IntSprJunHW,2.8886152678949366,1.4500557976658264,1.9920718034056193,0.04636318017605645,238,X10_Californian_s_l_smoltYear_WS,X15_salmonSharkGoA_predAK_smoltYear,20.89993786600727,0.6106432130487893
X16_SAR,X07_DFA_cpue_IntSprJunHW,2.888615267894844,1.450055791989336,1.9920718112038598,0.04636317932055567,239,X10_Harbor_seal_CR_2yrLead,X11_ssl_seak_pup_pred,29.101247936340954,0.9999999999999856
X16_SAR,X07_DFA_cpue_IntSprJunHW,2.888615267894844,1.450055791989336,1.9920718112038598,0.04636317932055567,240,X10_Harbor_seal_CR_2yrLead,X15_ArrowtoothFlounderBiomass_predAK,29.101247936340954,0.9999999999999856
X16_SAR,X07_DFA_cpue_IntSprJunHW,2.888615267894844,1.450055791989336,1.9920718112038598,0.04636317932055567,241,X10_Harbor_seal_CR_2yrLead,X15_ArrowtoothFlounderBiomass_predAK_smoltYear,29.101247936340954,0.9999999999999856
X16_SAR,X07_DFA_cpue_IntSprJunHW,1.5328177703244743,0.779180341292794,1.9672182280436725,0.04915805745125423,242,X10_Harbor_seal_CR_2yrLead,X15_sablefishBiomass_predAK,20.07262922111371,0.9926444550280505
X16_SAR,X15_sablefishBiomass_predAK,-3.2186379769243123,0.6603948937333184,-4.8738080918961,1.094673333978946e-6,242,X10_Harbor_seal_CR_2yrLead,X15_sablefishBiomass_predAK,20.07262922111371,0.9926444550280505
X16_SAR,X07_DFA_cpue_IntSprJunHW,2.888615267894844,1.450055791989336,1.9920718112038598,0.04636317932055567,243,X10_Harbor_seal_CR_2yrLead,X15_sablefishBiomass_predAK_smoltYear,29.101247936340954,0.9999999999999856
X16_SAR,X07_DFA_cpue_IntSprJunHW,2.888615267894844,1.450055791989336,1.9920718112038598,0.04636317932055567,244,X10_Harbor_seal_CR_2yrLead,X15_sablefishRecruitment_predAK,29.101247936340954,0.9999999999999856
X16_SAR,X07_DFA_cpue_IntSprJunHW,1.4389264867836127,0.9361395858590782,1.5370853967927616,0.12427239854516858,245,X10_Harbor_seal_CR_2yrLead,X15_sablefishRecruitment_predAK_smoltYear,22.694040658431373,0.9595712380866074
X16_SAR,X15_sablefishRecruitment_predAK_smoltYear,-2.6994425273571916,0.6997552214269378,-3.85769544077499,1.1446114705182531e-4,245,X10_Harbor_seal_CR_2yrLead,X15_sablefishRecruitment_predAK_smoltYear,22.694040658431373,0.9595712380866074
X16_SAR,X07_DFA_cpue_IntSprJunHW,2.888615267894844,1.450055791989336,1.9920718112038598,0.04636317932055567,246,X10_Harbor_seal_CR_2yrLead,X15_PacificCodBiomass_predAK,29.101247936340954,0.9999999999999856
X16_SAR,X07_DFA_cpue_IntSprJunHW,2.444286544747666,1.1942731841868035,2.0466728861638246,0.0406902131614828,247,X10_Harbor_seal_CR_2yrLead,X15_PacificCodBiomass_predAK_smoltYear,27.727863913857618,1
X16_SAR,X15_PacificCodBiomass_predAK_smoltYear,-2.5403538620724175,1.2401447083644657,-2.0484334166314353,0.040517550017728166,247,X10_Harbor_seal_CR_2yrLead,X15_PacificCodBiomass_predAK_smoltYear,27.727863913857618,1
X16_SAR,X07_DFA_cpue_IntSprJunHW,2.257157485418357,0.46360710921031023,4.868686093410234,1.1234269812199216e-6,248,X10_Harbor_seal_CR_2yrLead,X15_spinyDogfishGoA_predAK,14.479777837659746,1
X16_SAR,X15_spinyDogfishGoA_predAK,8.452909034976996,2.35289210303719,3.592561267074552,3.274436341111908e-4,248,X10_Harbor_seal_CR_2yrLead,X15_spinyDogfishGoA_predAK,14.479777837659746,1
X16_SAR,X12_egoa.krill,6.162883511188269,2.1222686279369243,2.9039130249874456,0.003685305222423274,248,X10_Harbor_seal_CR_2yrLead,X15_spinyDogfishGoA_predAK,14.479777837659746,1
X16_SAR,ak_alt_int,-1.3388237190327497,0.4737220214452421,-2.8261800347559003,0.004710677977025179,248,X10_Harbor_seal_CR_2yrLead,X15_spinyDogfishGoA_predAK,14.479777837659746,1
X16_SAR,X07_DFA_cpue_IntSprJunHW,2.888615267894844,1.450055791989336,1.9920718112038598,0.04636317932055567,249,X10_Harbor_seal_CR_2yrLead,X15_spinyDogfishGoA_predAK_smoltYear,29.101247936340954,0.9999999999999856
X16_SAR,X07_DFA_cpue_IntSprJunHW,2.0331165935220628,0.5828187294868978,3.488420139332136,4.858839430170736e-4,250,X10_Harbor_seal_CR_2yrLead,X15_halibutBiomassAge8plus_2yrLead_predAK,16.116510873879342,1
X16_SAR,X15_halibutBiomassAge8plus_2yrLead_predAK,-2.51207391327339,0.3784208654054483,-6.63830708854254,3.1730618132996824e-11,250,X10_Harbor_seal_CR_2yrLead,X15_halibutBiomassAge8plus_2yrLead_predAK,16.116510873879342,1
X16_SAR,X07_DFA_cpue_IntSprJunHW,2.2427636762833973,0.6437122131786189,3.484109250015223,4.937778881233257e-4,251,X10_Harbor_seal_CR_2yrLead,X15_halibutBiomassAge8plus_smoltYear_predAK,17.865966545392496,1
X16_SAR,X15_halibutBiomassAge8plus_smoltYear_predAK,-1.5308259943961104,0.26315458882720855,-5.817211857176752,5.983728401659505e-9,251,X10_Harbor_seal_CR_2yrLead,X15_halibutBiomassAge8plus_smoltYear_predAK,17.865966545392496,1
X16_SAR,X07_DFA_cpue_IntSprJunHW,0.9308400677613088,0.9736994090850911,0.9559829851760372,0.3390808308039628,252,X10_Harbor_seal_CR_2yrLead,X15_DFA_sleeperSharks,22.369781418553643,0.8798428756864547
X16_SAR,X15_DFA_sleeperSharks,-0.8682781044925728,0.21824354965178694,-3.9784823234314706,6.935656655016054e-5,252,X10_Harbor_seal_CR_2yrLead,X15_DFA_sleeperSharks,22.369781418553643,0.8798428756864547
X16_SAR,X07_DFA_cpue_IntSprJunHW,2.888615267894844,1.450055791989336,1.9920718112038598,0.04636317932055567,253,X10_Harbor_seal_CR_2yrLead,X15_DFA_sleeperSharks_smoltYear,29.101247936340954,0.9999999999999856
X16_SAR,X07_DFA_cpue_IntSprJunHW,2.888615267894844,1.450055791989336,1.9920718112038598,0.04636317932055567,254,X10_Harbor_seal_CR_2yrLead,X15_salmonSharkGoA_predAK,29.101247936340954,0.9999999999999856
X16_SAR,X07_DFA_cpue_IntSprJunHW,2.888615267894844,1.450055791989336,1.9920718112038598,0.04636317932055567,255,X10_Harbor_seal_CR_2yrLead,X15_salmonSharkGoA_predAK_smoltYear,29.101247936340954,0.9999999999999856
X16_SAR,X07_DFA_cpue_IntSprJunHW,2.888615267894844,1.450055791989336,1.9920718112038598,0.04636317932055567,256,X10_Harbor_seal_CR_smoltYear,X11_ssl_seak_pup_pred,29.101247936340954,0.9999999999999856
X16_SAR,X07_DFA_cpue_IntSprJunHW,2.888615267894844,1.450055791989336,1.9920718112038598,0.04636317932055567,257,X10_Harbor_seal_CR_smoltYear,X15_ArrowtoothFlounderBiomass_predAK,29.101247936340954,0.9999999999999856
X16_SAR,X07_DFA_cpue_IntSprJunHW,2.888615267894844,1.450055791989336,1.9920718112038598,0.04636317932055567,258,X10_Harbor_seal_CR_smoltYear,X15_ArrowtoothFlounderBiomass_predAK_smoltYear,29.101247936340954,0.9999999999999856
X16_SAR,X07_DFA_cpue_IntSprJunHW,1.5328177703244743,0.779180341292794,1.9672182280436725,0.04915805745125423,259,X10_Harbor_seal_CR_smoltYear,X15_sablefishBiomass_predAK,20.07262922111371,0.9926444550280505
X16_SAR,X15_sablefishBiomass_predAK,-3.2186379769243123,0.6603948937333184,-4.8738080918961,1.094673333978946e-6,259,X10_Harbor_seal_CR_smoltYear,X15_sablefishBiomass_predAK,20.07262922111371,0.9926444550280505
X16_SAR,X07_DFA_cpue_IntSprJunHW,2.888615267894844,1.450055791989336,1.9920718112038598,0.04636317932055567,260,X10_Harbor_seal_CR_smoltYear,X15_sablefishBiomass_predAK_smoltYear,29.101247936340954,0.9999999999999856
X16_SAR,X07_DFA_cpue_IntSprJunHW,2.888615267894844,1.450055791989336,1.9920718112038598,0.04636317932055567,261,X10_Harbor_seal_CR_smoltYear,X15_sablefishRecruitment_predAK,29.101247936340954,0.9999999999999856
X16_SAR,X07_DFA_cpue_IntSprJunHW,1.4389264867836127,0.9361395858590782,1.5370853967927616,0.12427239854516858,262,X10_Harbor_seal_CR_smoltYear,X15_sablefishRecruitment_predAK_smoltYear,22.694040658431373,0.9595712380866074
X16_SAR,X15_sablefishRecruitment_predAK_smoltYear,-2.6994425273571916,0.6997552214269378,-3.85769544077499,1.1446114705182531e-4,262,X10_Harbor_seal_CR_smoltYear,X15_sablefishRecruitment_predAK_smoltYear,22.694040658431373,0.9595712380866074
X16_SAR,X07_DFA_cpue_IntSprJunHW,2.888615267894844,1.450055791989336,1.9920718112038598,0.04636317932055567,263,X10_Harbor_seal_CR_smoltYear,X15_PacificCodBiomass_predAK,29.101247936340954,0.9999999999999856
X16_SAR,X07_DFA_cpue_IntSprJunHW,2.444286544747666,1.1942731841868035,2.0466728861638246,0.0406902131614828,264,X10_Harbor_seal_CR_smoltYear,X15_PacificCodBiomass_predAK_smoltYear,27.727863913857618,1
X16_SAR,X15_PacificCodBiomass_predAK_smoltYear,-2.5403538620724175,1.2401447083644657,-2.0484334166314353,0.040517550017728166,264,X10_Harbor_seal_CR_smoltYear,X15_PacificCodBiomass_predAK_smoltYear,27.727863913857618,1
X16_SAR,X07_DFA_cpue_IntSprJunHW,2.257157485418357,0.46360710921031023,4.868686093410234,1.1234269812199216e-6,265,X10_Harbor_seal_CR_smoltYear,X15_spinyDogfishGoA_predAK,14.479777837659746,1
X16_SAR,X15_spinyDogfishGoA_predAK,8.452909034976996,2.35289210303719,3.592561267074552,3.274436341111908e-4,265,X10_Harbor_seal_CR_smoltYear,X15_spinyDogfishGoA_predAK,14.479777837659746,1
X16_SAR,X12_egoa.krill,6.162883511188269,2.1222686279369243,2.9039130249874456,0.003685305222423274,265,X10_Harbor_seal_CR_smoltYear,X15_spinyDogfishGoA_predAK,14.479777837659746,1
X16_SAR,ak_alt_int,-1.3388237190327497,0.4737220214452421,-2.8261800347559003,0.004710677977025179,265,X10_Harbor_seal_CR_smoltYear,X15_spinyDogfishGoA_predAK,14.479777837659746,1
X16_SAR,X07_DFA_cpue_IntSprJunHW,2.888615267894844,1.450055791989336,1.9920718112038598,0.04636317932055567,266,X10_Harbor_seal_CR_smoltYear,X15_spinyDogfishGoA_predAK_smoltYear,29.101247936340954,0.9999999999999856
X16_SAR,X07_DFA_cpue_IntSprJunHW,2.0331165935220628,0.5828187294868978,3.488420139332136,4.858839430170736e-4,267,X10_Harbor_seal_CR_smoltYear,X15_halibutBiomassAge8plus_2yrLead_predAK,16.116510873879342,1
X16_SAR,X15_halibutBiomassAge8plus_2yrLead_predAK,-2.51207391327339,0.3784208654054483,-6.63830708854254,3.1730618132996824e-11,267,X10_Harbor_seal_CR_smoltYear,X15_halibutBiomassAge8plus_2yrLead_predAK,16.116510873879342,1
X16_SAR,X07_DFA_cpue_IntSprJunHW,2.2427636762833973,0.6437122131786189,3.484109250015223,4.937778881233257e-4,268,X10_Harbor_seal_CR_smoltYear,X15_halibutBiomassAge8plus_smoltYear_predAK,17.865966545392496,1
X16_SAR,X15_halibutBiomassAge8plus_smoltYear_predAK,-1.5308259943961104,0.26315458882720855,-5.817211857176752,5.983728401659505e-9,268,X10_Harbor_seal_CR_smoltYear,X15_halibutBiomassAge8plus_smoltYear_predAK,17.865966545392496,1
X16_SAR,X07_DFA_cpue_IntSprJunHW,0.9308400677613088,0.9736994090850911,0.9559829851760372,0.3390808308039628,269,X10_Harbor_seal_CR_smoltYear,X15_DFA_sleeperSharks,22.369781418553643,0.8798428756864547
X16_SAR,X15_DFA_sleeperSharks,-0.8682781044925728,0.21824354965178694,-3.9784823234314706,6.935656655016054e-5,269,X10_Harbor_seal_CR_smoltYear,X15_DFA_sleeperSharks,22.369781418553643,0.8798428756864547
X16_SAR,X07_DFA_cpue_IntSprJunHW,2.888615267894844,1.450055791989336,1.9920718112038598,0.04636317932055567,270,X10_Harbor_seal_CR_smoltYear,X15_DFA_sleeperSharks_smoltYear,29.101247936340954,0.9999999999999856
X16_SAR,X07_DFA_cpue_IntSprJunHW,2.888615267894844,1.450055791989336,1.9920718112038598,0.04636317932055567,271,X10_Harbor_seal_CR_smoltYear,X15_salmonSharkGoA_predAK,29.101247936340954,0.9999999999999856
X16_SAR,X07_DFA_cpue_IntSprJunHW,2.888615267894844,1.450055791989336,1.9920718112038598,0.04636317932055567,272,X10_Harbor_seal_CR_smoltYear,X15_salmonSharkGoA_predAK_smoltYear,29.101247936340954,0.9999999999999856
X07_DFA_cpue_IntSprJunHW,X10_Harbour_s_2yrLead_WS,-1.2699823539511481,0.4840289288565858,-2.6237736594612393,0.008696155363658198,273,X10_Harbour_s_2yrLead_WS,X11_ssl_seak_pup_pred,26.861262888767826,0.26505695126702866
X07_DFA_cpue_IntSprJunHW,X09_DFA_HakeAge5Plus_2yrLead,-1.3123809234285726,0.6221598018145136,-2.109395238331127,0.034910480168625746,273,X10_Harbour_s_2yrLead_WS,X11_ssl_seak_pup_pred,26.861262888767826,0.26505695126702866
X07_DFA_cpue_IntSprJunHW,ncc_alt_int,0.2492170033304707,0.10900970010061733,2.2861910738259095,0.022243082743520715,273,X10_Harbour_s_2yrLead_WS,X11_ssl_seak_pup_pred,26.861262888767826,0.26505695126702866
X16_SAR,X07_DFA_cpue_IntSprJunHW,2.888615267894866,1.4500558087234008,1.9920717882147883,0.0463631818425565,273,X10_Harbour_s_2yrLead_WS,X11_ssl_seak_pup_pred,26.861262888767826,0.26505695126702866
X07_DFA_cpue_IntSprJunHW,X10_Harbour_s_2yrLead_WS,-1.2699823539511481,0.4840289288565858,-2.6237736594612393,0.008696155363658198,274,X10_Harbour_s_2yrLead_WS,X15_ArrowtoothFlounderBiomass_predAK,26.861262888767826,0.26505695126702866
X07_DFA_cpue_IntSprJunHW,X09_DFA_HakeAge5Plus_2yrLead,-1.3123809234285726,0.6221598018145136,-2.109395238331127,0.034910480168625746,274,X10_Harbour_s_2yrLead_WS,X15_ArrowtoothFlounderBiomass_predAK,26.861262888767826,0.26505695126702866
X07_DFA_cpue_IntSprJunHW,ncc_alt_int,0.2492170033304707,0.10900970010061733,2.2861910738259095,0.022243082743520715,274,X10_Harbour_s_2yrLead_WS,X15_ArrowtoothFlounderBiomass_predAK,26.861262888767826,0.26505695126702866
X16_SAR,X07_DFA_cpue_IntSprJunHW,2.888615267894866,1.4500558087234008,1.9920717882147883,0.0463631818425565,274,X10_Harbour_s_2yrLead_WS,X15_ArrowtoothFlounderBiomass_predAK,26.861262888767826,0.26505695126702866
X07_DFA_cpue_IntSprJunHW,X10_Harbour_s_2yrLead_WS,-1.2699823539511481,0.4840289288565858,-2.6237736594612393,0.008696155363658198,275,X10_Harbour_s_2yrLead_WS,X15_ArrowtoothFlounderBiomass_predAK_smoltYear,26.861262888767826,0.26505695126702866
X07_DFA_cpue_IntSprJunHW,X09_DFA_HakeAge5Plus_2yrLead,-1.3123809234285726,0.6221598018145136,-2.109395238331127,0.034910480168625746,275,X10_Harbour_s_2yrLead_WS,X15_ArrowtoothFlounderBiomass_predAK_smoltYear,26.861262888767826,0.26505695126702866
X07_DFA_cpue_IntSprJunHW,ncc_alt_int,0.2492170033304707,0.10900970010061733,2.2861910738259095,0.022243082743520715,275,X10_Harbour_s_2yrLead_WS,X15_ArrowtoothFlounderBiomass_predAK_smoltYear,26.861262888767826,0.26505695126702866
X16_SAR,X07_DFA_cpue_IntSprJunHW,2.888615267894866,1.4500558087234008,1.9920717882147883,0.0463631818425565,275,X10_Harbour_s_2yrLead_WS,X15_ArrowtoothFlounderBiomass_predAK_smoltYear,26.861262888767826,0.26505695126702866
X07_DFA_cpue_IntSprJunHW,X10_Harbour_s_2yrLead_WS,-1.2699823539511423,0.48402894036710603,-2.6237735970661986,0.00869615695662862,276,X10_Harbour_s_2yrLead_WS,X15_sablefishBiomass_predAK,17.832644173541567,0.5578502047438368
X07_DFA_cpue_IntSprJunHW,X09_DFA_HakeAge5Plus_2yrLead,-1.3123809234290607,0.622159818588452,-2.1093951814608873,0.034910485073388786,276,X10_Harbour_s_2yrLead_WS,X15_sablefishBiomass_predAK,17.832644173541567,0.5578502047438368
X07_DFA_cpue_IntSprJunHW,ncc_alt_int,0.2492170033289679,0.10900970313105472,2.2861910102566902,0.022243086460841832,276,X10_Harbour_s_2yrLead_WS,X15_sablefishBiomass_predAK,17.832644173541567,0.5578502047438368
X16_SAR,X07_DFA_cpue_IntSprJunHW,1.5328177643964318,0.7791804109792168,1.9672180444963945,0.0491580786026804,276,X10_Harbour_s_2yrLead_WS,X15_sablefishBiomass_predAK,17.832644173541567,0.5578502047438368
X16_SAR,X15_sablefishBiomass_predAK,-3.2186380028965504,0.6603949412068479,-4.873807780863078,1.094675058377348e-6,276,X10_Harbour_s_2yrLead_WS,X15_sablefishBiomass_predAK,17.832644173541567,0.5578502047438368
X07_DFA_cpue_IntSprJunHW,X10_Harbour_s_2yrLead_WS,-1.2699823539511481,0.4840289288565858,-2.6237736594612393,0.008696155363658198,277,X10_Harbour_s_2yrLead_WS,X15_sablefishBiomass_predAK_smoltYear,26.861262888767826,0.26505695126702866
X07_DFA_cpue_IntSprJunHW,X09_DFA_HakeAge5Plus_2yrLead,-1.3123809234285726,0.6221598018145136,-2.109395238331127,0.034910480168625746,277,X10_Harbour_s_2yrLead_WS,X15_sablefishBiomass_predAK_smoltYear,26.861262888767826,0.26505695126702866
X07_DFA_cpue_IntSprJunHW,ncc_alt_int,0.2492170033304707,0.10900970010061733,2.2861910738259095,0.022243082743520715,277,X10_Harbour_s_2yrLead_WS,X15_sablefishBiomass_predAK_smoltYear,26.861262888767826,0.26505695126702866
X16_SAR,X07_DFA_cpue_IntSprJunHW,2.888615267894866,1.4500558087234008,1.9920717882147883,0.0463631818425565,277,X10_Harbour_s_2yrLead_WS,X15_sablefishBiomass_predAK_smoltYear,26.861262888767826,0.26505695126702866
X07_DFA_cpue_IntSprJunHW,X10_Harbour_s_2yrLead_WS,-1.2699823539511481,0.4840289288565858,-2.6237736594612393,0.008696155363658198,278,X10_Harbour_s_2yrLead_WS,X15_sablefishRecruitment_predAK,26.861262888767826,0.26505695126702866
X07_DFA_cpue_IntSprJunHW,X09_DFA_HakeAge5Plus_2yrLead,-1.3123809234285726,0.6221598018145136,-2.109395238331127,0.034910480168625746,278,X10_Harbour_s_2yrLead_WS,X15_sablefishRecruitment_predAK,26.861262888767826,0.26505695126702866
X07_DFA_cpue_IntSprJunHW,ncc_alt_int,0.2492170033304707,0.10900970010061733,2.2861910738259095,0.022243082743520715,278,X10_Harbour_s_2yrLead_WS,X15_sablefishRecruitment_predAK,26.861262888767826,0.26505695126702866
X16_SAR,X07_DFA_cpue_IntSprJunHW,2.888615267894866,1.4500558087234008,1.9920717882147883,0.0463631818425565,278,X10_Harbour_s_2yrLead_WS,X15_sablefishRecruitment_predAK,26.861262888767826,0.26505695126702866
X07_DFA_cpue_IntSprJunHW,X10_Harbour_s_2yrLead_WS,-1.2699823539511195,0.4840289174178549,-2.6237737214670642,0.008696153780624938,279,X10_Harbour_s_2yrLead_WS,X15_sablefishRecruitment_predAK_smoltYear,20.454055610857893,0.22827859379162807
X07_DFA_cpue_IntSprJunHW,X09_DFA_HakeAge5Plus_2yrLead,-1.312380923429055,0.622159789566101,-2.109395279859407,0.03491047658702762,279,X10_Harbour_s_2yrLead_WS,X15_sablefishRecruitment_predAK_smoltYear,20.454055610857893,0.22827859379162807
X07_DFA_cpue_IntSprJunHW,ncc_alt_int,0.24921700332893088,0.10900969790002846,2.286191119963335,0.02224308004555442,279,X10_Harbour_s_2yrLead_WS,X15_sablefishRecruitment_predAK_smoltYear,20.454055610857893,0.22827859379162807
X16_SAR,X07_DFA_cpue_IntSprJunHW,1.4389264867836626,0.9361395919666173,1.5370853867645997,0.1242724010005698,279,X10_Harbour_s_2yrLead_WS,X15_sablefishRecruitment_predAK_smoltYear,20.454055610857893,0.22827859379162807
X16_SAR,X15_sablefishRecruitment_predAK_smoltYear,-2.6994425273574016,0.6997552246902417,-3.857695422784953,1.1446115547419922e-4,279,X10_Harbour_s_2yrLead_WS,X15_sablefishRecruitment_predAK_smoltYear,20.454055610857893,0.22827859379162807
X07_DFA_cpue_IntSprJunHW,X10_Harbour_s_2yrLead_WS,-1.2699823539511481,0.4840289288565858,-2.6237736594612393,0.008696155363658198,280,X10_Harbour_s_2yrLead_WS,X15_PacificCodBiomass_predAK,26.861262888767826,0.26505695126702866
X07_DFA_cpue_IntSprJunHW,X09_DFA_HakeAge5Plus_2yrLead,-1.3123809234285726,0.6221598018145136,-2.109395238331127,0.034910480168625746,280,X10_Harbour_s_2yrLead_WS,X15_PacificCodBiomass_predAK,26.861262888767826,0.26505695126702866
X07_DFA_cpue_IntSprJunHW,ncc_alt_int,0.2492170033304707,0.10900970010061733,2.2861910738259095,0.022243082743520715,280,X10_Harbour_s_2yrLead_WS,X15_PacificCodBiomass_predAK,26.861262888767826,0.26505695126702866
X16_SAR,X07_DFA_cpue_IntSprJunHW,2.888615267894866,1.4500558087234008,1.9920717882147883,0.0463631818425565,280,X10_Harbour_s_2yrLead_WS,X15_PacificCodBiomass_predAK,26.861262888767826,0.26505695126702866
X07_DFA_cpue_IntSprJunHW,X10_Harbour_s_2yrLead_WS,-1.2699823539509483,0.48402890988697306,-2.623773762289334,0.008696152738416396,281,X10_Harbour_s_2yrLead_WS,X15_PacificCodBiomass_predAK_smoltYear,25.487878866277995,0.37360894874507034
X07_DFA_cpue_IntSprJunHW,X09_DFA_HakeAge5Plus_2yrLead,-1.3123809234287431,0.6221597818543368,-2.1093953060051773,0.03491047433209116,281,X10_Harbour_s_2yrLead_WS,X15_PacificCodBiomass_predAK_smoltYear,25.487878866277995,0.37360894874507034
X07_DFA_cpue_IntSprJunHW,ncc_alt_int,0.24921700333046537,0.10900969588112744,2.2861911623185405,0.022243077568760317,281,X10_Harbour_s_2yrLead_WS,X15_PacificCodBiomass_predAK_smoltYear,25.487878866277995,0.37360894874507034
X16_SAR,X07_DFA_cpue_IntSprJunHW,2.444286544747796,1.1942731276243221,2.046672983097285,0.04069020363764064,281,X10_Harbour_s_2yrLead_WS,X15_PacificCodBiomass_predAK_smoltYear,25.487878866277995,0.37360894874507034
X16_SAR,X15_PacificCodBiomass_predAK_smoltYear,-2.540353862072388,1.2401445670051223,-2.048433650124514,0.04051752715927237,281,X10_Harbour_s_2yrLead_WS,X15_PacificCodBiomass_predAK_smoltYear,25.487878866277995,0.37360894874507034
X07_DFA_cpue_IntSprJunHW,X10_Harbour_s_2yrLead_WS,-1.269982353953289,0.4840289470277179,-2.6237735609654838,0.008696157878294475,282,X10_Harbour_s_2yrLead_WS,X15_spinyDogfishGoA_predAK,12.156913978594687,0.37937055848993084
X07_DFA_cpue_IntSprJunHW,X09_DFA_HakeAge5Plus_2yrLead,-1.3123809234322652,0.6221598117544699,-2.109395204636241,0.034910483074634735,282,X10_Harbour_s_2yrLead_WS,X15_spinyDogfishGoA_predAK,12.156913978594687,0.37937055848993084
X07_DFA_cpue_IntSprJunHW,ncc_alt_int,0.2492170033140823,0.10900970092543266,2.286191056377244,0.02224308376386186,282,X10_Harbour_s_2yrLead_WS,X15_spinyDogfishGoA_predAK,12.156913978594687,0.37937055848993084
X16_SAR,X07_DFA_cpue_IntSprJunHW,2.257157472001303,0.46360692109810886,4.868688039977819,1.1234159169593028e-6,282,X10_Harbour_s_2yrLead_WS,X15_spinyDogfishGoA_predAK,12.156913978594687,0.37937055848993084
X16_SAR,X15_spinyDogfishGoA_predAK,8.452909415608534,2.3528917349810756,3.592561990820424,3.274427243749045e-4,282,X10_Harbour_s_2yrLead_WS,X15_spinyDogfishGoA_predAK,12.156913978594687,0.37937055848993084
X16_SAR,X12_egoa.krill,6.162883292065798,2.1222682980744776,2.903913373091116,0.003685301125021523,282,X10_Harbour_s_2yrLead_WS,X15_spinyDogfishGoA_predAK,12.156913978594687,0.37937055848993084
X16_SAR,ak_alt_int,-1.3388236969782192,0.47372193783386773,-2.826180487017553,0.004710671325660165,282,X10_Harbour_s_2yrLead_WS,X15_spinyDogfishGoA_predAK,12.156913978594687,0.37937055848993084
X07_DFA_cpue_IntSprJunHW,X10_Harbour_s_2yrLead_WS,-1.2699823539511481,0.4840289288565858,-2.6237736594612393,0.008696155363658198,283,X10_Harbour_s_2yrLead_WS,X15_spinyDogfishGoA_predAK_smoltYear,26.861262888767826,0.26505695126702866
X07_DFA_cpue_IntSprJunHW,X09_DFA_HakeAge5Plus_2yrLead,-1.3123809234285726,0.6221598018145136,-2.109395238331127,0.034910480168625746,283,X10_Harbour_s_2yrLead_WS,X15_spinyDogfishGoA_predAK_smoltYear,26.861262888767826,0.26505695126702866
X07_DFA_cpue_IntSprJunHW,ncc_alt_int,0.2492170033304707,0.10900970010061733,2.2861910738259095,0.022243082743520715,283,X10_Harbour_s_2yrLead_WS,X15_spinyDogfishGoA_predAK_smoltYear,26.861262888767826,0.26505695126702866
X16_SAR,X07_DFA_cpue_IntSprJunHW,2.888615267894866,1.4500558087234008,1.9920717882147883,0.0463631818425565,283,X10_Harbour_s_2yrLead_WS,X15_spinyDogfishGoA_predAK_smoltYear,26.861262888767826,0.26505695126702866
X07_DFA_cpue_IntSprJunHW,X10_Harbour_s_2yrLead_WS,-1.2699823539515036,0.48402886604330375,-2.6237739999537224,0.00869614667075358,284,X10_Harbour_s_2yrLead_WS,X15_halibutBiomassAge8plus_2yrLead_predAK,13.876525826308324,0.7689834601011191
X07_DFA_cpue_IntSprJunHW,X09_DFA_HakeAge5Plus_2yrLead,-1.3123809234287667,0.6221597286183115,-2.109395486498771,0.03491045876546206,284,X10_Harbour_s_2yrLead_WS,X15_halibutBiomassAge8plus_2yrLead_predAK,13.876525826308324,0.7689834601011191
X07_DFA_cpue_IntSprJunHW,ncc_alt_int,0.2492170033303182,0.10900968711328607,2.2861913461995775,0.022243066816000745,284,X10_Harbour_s_2yrLead_WS,X15_halibutBiomassAge8plus_2yrLead_predAK,13.876525826308324,0.7689834601011191
X16_SAR,X07_DFA_cpue_IntSprJunHW,2.033116593523793,0.5828187078424222,3.4884202688865824,4.858837075603084e-4,284,X10_Harbour_s_2yrLead_WS,X15_halibutBiomassAge8plus_2yrLead_predAK,13.876525826308324,0.7689834601011191
X16_SAR,X15_halibutBiomassAge8plus_2yrLead_predAK,-2.5120739132700467,0.37842083919115327,-6.638307548388244,3.1730618132996824e-11,284,X10_Harbour_s_2yrLead_WS,X15_halibutBiomassAge8plus_2yrLead_predAK,13.876525826308324,0.7689834601011191
X07_DFA_cpue_IntSprJunHW,X10_Harbour_s_2yrLead_WS,-1.2699823539505188,0.484028866044374,-2.6237739999458864,0.008696146670953642,285,X10_Harbour_s_2yrLead_WS,X15_halibutBiomassAge8plus_smoltYear_predAK,15.625981497779854,0.6914120073302884
X07_DFA_cpue_IntSprJunHW,X09_DFA_HakeAge5Plus_2yrLead,-1.312380923428482,0.6221597165711213,-2.1093955273435947,0.034910455242810334,285,X10_Harbour_s_2yrLead_WS,X15_halibutBiomassAge8plus_smoltYear_predAK,15.625981497779854,0.6914120073302884
X07_DFA_cpue_IntSprJunHW,ncc_alt_int,0.24921700333119162,0.10900968578174365,2.2861913741331885,0.02224306518253516,285,X10_Harbour_s_2yrLead_WS,X15_halibutBiomassAge8plus_smoltYear_predAK,15.625981497779854,0.6914120073302884
X16_SAR,X07_DFA_cpue_IntSprJunHW,2.242763676658684,0.6437121458990486,3.484109614750705,4.937772152029396e-4,285,X10_Harbour_s_2yrLead_WS,X15_halibutBiomassAge8plus_smoltYear_predAK,15.625981497779854,0.6914120073302884
X16_SAR,X15_halibutBiomassAge8plus_smoltYear_predAK,-1.5308259943853304,0.26315457912945855,-5.817212071511181,5.9837208521429375e-9,285,X10_Harbour_s_2yrLead_WS,X15_halibutBiomassAge8plus_smoltYear_predAK,15.625981497779854,0.6914120073302884
X07_DFA_cpue_IntSprJunHW,X10_Harbour_s_2yrLead_WS,-1.2699823539511423,0.48402889701142604,-2.6237738320841677,0.008696150956527315,286,X10_Harbour_s_2yrLead_WS,X15_DFA_sleeperSharks,20.129796370962715,0.4273849821292274
X07_DFA_cpue_IntSprJunHW,X09_DFA_HakeAge5Plus_2yrLead,-1.3123809234290607,0.6221597620737079,-2.109395373070722,0.0349104685480377,286,X10_Harbour_s_2yrLead_WS,X15_DFA_sleeperSharks,20.129796370962715,0.4273849821292274
X07_DFA_cpue_IntSprJunHW,ncc_alt_int,0.2492170033289679,0.10900969324404307,2.2861912176107015,0.022243074335455804,286,X10_Harbour_s_2yrLead_WS,X15_DFA_sleeperSharks,20.129796370962715,0.4273849821292274
X16_SAR,X07_DFA_cpue_IntSprJunHW,0.9308400677517893,0.973699424851595,0.9559829696866279,0.33908083862966465,286,X10_Harbour_s_2yrLead_WS,X15_DFA_sleeperSharks,20.129796370962715,0.4273849821292274
X16_SAR,X15_DFA_sleeperSharks,-0.8682781045034315,0.21824355410189905,-3.978482242357673,6.935659019546847e-5,286,X10_Harbour_s_2yrLead_WS,X15_DFA_sleeperSharks,20.129796370962715,0.4273849821292274
X07_DFA_cpue_IntSprJunHW,X10_Harbour_s_2yrLead_WS,-1.2699823539511481,0.4840289288565858,-2.6237736594612393,0.008696155363658198,287,X10_Harbour_s_2yrLead_WS,X15_DFA_sleeperSharks_smoltYear,26.861262888767826,0.26505695126702866
X07_DFA_cpue_IntSprJunHW,X09_DFA_HakeAge5Plus_2yrLead,-1.3123809234285726,0.6221598018145136,-2.109395238331127,0.034910480168625746,287,X10_Harbour_s_2yrLead_WS,X15_DFA_sleeperSharks_smoltYear,26.861262888767826,0.26505695126702866
X07_DFA_cpue_IntSprJunHW,ncc_alt_int,0.2492170033304707,0.10900970010061733,2.2861910738259095,0.022243082743520715,287,X10_Harbour_s_2yrLead_WS,X15_DFA_sleeperSharks_smoltYear,26.861262888767826,0.26505695126702866
X16_SAR,X07_DFA_cpue_IntSprJunHW,2.888615267894866,1.4500558087234008,1.9920717882147883,0.0463631818425565,287,X10_Harbour_s_2yrLead_WS,X15_DFA_sleeperSharks_smoltYear,26.861262888767826,0.26505695126702866
X07_DFA_cpue_IntSprJunHW,X10_Harbour_s_2yrLead_WS,-1.2699823539511481,0.4840289288565858,-2.6237736594612393,0.008696155363658198,288,X10_Harbour_s_2yrLead_WS,X15_salmonSharkGoA_predAK,26.861262888767826,0.26505695126702866
X07_DFA_cpue_IntSprJunHW,X09_DFA_HakeAge5Plus_2yrLead,-1.3123809234285726,0.6221598018145136,-2.109395238331127,0.034910480168625746,288,X10_Harbour_s_2yrLead_WS,X15_salmonSharkGoA_predAK,26.861262888767826,0.26505695126702866
X07_DFA_cpue_IntSprJunHW,ncc_alt_int,0.2492170033304707,0.10900970010061733,2.2861910738259095,0.022243082743520715,288,X10_Harbour_s_2yrLead_WS,X15_salmonSharkGoA_predAK,26.861262888767826,0.26505695126702866
X16_SAR,X07_DFA_cpue_IntSprJunHW,2.888615267894866,1.4500558087234008,1.9920717882147883,0.0463631818425565,288,X10_Harbour_s_2yrLead_WS,X15_salmonSharkGoA_predAK,26.861262888767826,0.26505695126702866
X07_DFA_cpue_IntSprJunHW,X10_Harbour_s_2yrLead_WS,-1.2699823539511481,0.4840289288565858,-2.6237736594612393,0.008696155363658198,289,X10_Harbour_s_2yrLead_WS,X15_salmonSharkGoA_predAK_smoltYear,26.861262888767826,0.26505695126702866
X07_DFA_cpue_IntSprJunHW,X09_DFA_HakeAge5Plus_2yrLead,-1.3123809234285726,0.6221598018145136,-2.109395238331127,0.034910480168625746,289,X10_Harbour_s_2yrLead_WS,X15_salmonSharkGoA_predAK_smoltYear,26.861262888767826,0.26505695126702866
X07_DFA_cpue_IntSprJunHW,ncc_alt_int,0.2492170033304707,0.10900970010061733,2.2861910738259095,0.022243082743520715,289,X10_Harbour_s_2yrLead_WS,X15_salmonSharkGoA_predAK_smoltYear,26.861262888767826,0.26505695126702866
X16_SAR,X07_DFA_cpue_IntSprJunHW,2.888615267894866,1.4500558087234008,1.9920717882147883,0.0463631818425565,289,X10_Harbour_s_2yrLead_WS,X15_salmonSharkGoA_predAK_smoltYear,26.861262888767826,0.26505695126702866
X16_SAR,X07_DFA_cpue_IntSprJunHW,2.888615267894844,1.450055791989336,1.9920718112038598,0.04636317932055567,290,X10_Harbour_s_smoltYear_WS,X11_ssl_seak_pup_pred,29.101247936340954,0.9999999999999856
X16_SAR,X07_DFA_cpue_IntSprJunHW,2.888615267894844,1.450055791989336,1.9920718112038598,0.04636317932055567,291,X10_Harbour_s_smoltYear_WS,X15_ArrowtoothFlounderBiomass_predAK,29.101247936340954,0.9999999999999856
X16_SAR,X07_DFA_cpue_IntSprJunHW,2.888615267894844,1.450055791989336,1.9920718112038598,0.04636317932055567,292,X10_Harbour_s_smoltYear_WS,X15_ArrowtoothFlounderBiomass_predAK_smoltYear,29.101247936340954,0.9999999999999856
X16_SAR,X07_DFA_cpue_IntSprJunHW,1.5328177703244743,0.779180341292794,1.9672182280436725,0.04915805745125423,293,X10_Harbour_s_smoltYear_WS,X15_sablefishBiomass_predAK,20.07262922111371,0.9926444550280505
X16_SAR,X15_sablefishBiomass_predAK,-3.2186379769243123,0.6603948937333184,-4.8738080918961,1.094673333978946e-6,293,X10_Harbour_s_smoltYear_WS,X15_sablefishBiomass_predAK,20.07262922111371,0.9926444550280505
X16_SAR,X07_DFA_cpue_IntSprJunHW,2.888615267894844,1.450055791989336,1.9920718112038598,0.04636317932055567,294,X10_Harbour_s_smoltYear_WS,X15_sablefishBiomass_predAK_smoltYear,29.101247936340954,0.9999999999999856
X16_SAR,X07_DFA_cpue_IntSprJunHW,2.888615267894844,1.450055791989336,1.9920718112038598,0.04636317932055567,295,X10_Harbour_s_smoltYear_WS,X15_sablefishRecruitment_predAK,29.101247936340954,0.9999999999999856
X16_SAR,X07_DFA_cpue_IntSprJunHW,1.4389264867836127,0.9361395858590782,1.5370853967927616,0.12427239854516858,296,X10_Harbour_s_smoltYear_WS,X15_sablefishRecruitment_predAK_smoltYear,22.694040658431373,0.9595712380866074
X16_SAR,X15_sablefishRecruitment_predAK_smoltYear,-2.6994425273571916,0.6997552214269378,-3.85769544077499,1.1446114705182531e-4,296,X10_Harbour_s_smoltYear_WS,X15_sablefishRecruitment_predAK_smoltYear,22.694040658431373,0.9595712380866074
X16_SAR,X07_DFA_cpue_IntSprJunHW,2.888615267894844,1.450055791989336,1.9920718112038598,0.04636317932055567,297,X10_Harbour_s_smoltYear_WS,X15_PacificCodBiomass_predAK,29.101247936340954,0.9999999999999856
X16_SAR,X07_DFA_cpue_IntSprJunHW,2.444286544747666,1.1942731841868035,2.0466728861638246,0.0406902131614828,298,X10_Harbour_s_smoltYear_WS,X15_PacificCodBiomass_predAK_smoltYear,27.727863913857618,1
X16_SAR,X15_PacificCodBiomass_predAK_smoltYear,-2.5403538620724175,1.2401447083644657,-2.0484334166314353,0.040517550017728166,298,X10_Harbour_s_smoltYear_WS,X15_PacificCodBiomass_predAK_smoltYear,27.727863913857618,1
X16_SAR,X07_DFA_cpue_IntSprJunHW,2.257157485418357,0.46360710921031023,4.868686093410234,1.1234269812199216e-6,299,X10_Harbour_s_smoltYear_WS,X15_spinyDogfishGoA_predAK,14.479777837659746,1
X16_SAR,X15_spinyDogfishGoA_predAK,8.452909034976996,2.35289210303719,3.592561267074552,3.274436341111908e-4,299,X10_Harbour_s_smoltYear_WS,X15_spinyDogfishGoA_predAK,14.479777837659746,1
X16_SAR,X12_egoa.krill,6.162883511188269,2.1222686279369243,2.9039130249874456,0.003685305222423274,299,X10_Harbour_s_smoltYear_WS,X15_spinyDogfishGoA_predAK,14.479777837659746,1
X16_SAR,ak_alt_int,-1.3388237190327497,0.4737220214452421,-2.8261800347559003,0.004710677977025179,299,X10_Harbour_s_smoltYear_WS,X15_spinyDogfishGoA_predAK,14.479777837659746,1
X16_SAR,X07_DFA_cpue_IntSprJunHW,2.888615267894844,1.450055791989336,1.9920718112038598,0.04636317932055567,300,X10_Harbour_s_smoltYear_WS,X15_spinyDogfishGoA_predAK_smoltYear,29.101247936340954,0.9999999999999856
X16_SAR,X07_DFA_cpue_IntSprJunHW,2.0331165935220628,0.5828187294868978,3.488420139332136,4.858839430170736e-4,301,X10_Harbour_s_smoltYear_WS,X15_halibutBiomassAge8plus_2yrLead_predAK,16.116510873879342,1
X16_SAR,X15_halibutBiomassAge8plus_2yrLead_predAK,-2.51207391327339,0.3784208654054483,-6.63830708854254,3.1730618132996824e-11,301,X10_Harbour_s_smoltYear_WS,X15_halibutBiomassAge8plus_2yrLead_predAK,16.116510873879342,1
X16_SAR,X07_DFA_cpue_IntSprJunHW,2.2427636762833973,0.6437122131786189,3.484109250015223,4.937778881233257e-4,302,X10_Harbour_s_smoltYear_WS,X15_halibutBiomassAge8plus_smoltYear_predAK,17.865966545392496,1
X16_SAR,X15_halibutBiomassAge8plus_smoltYear_predAK,-1.5308259943961104,0.26315458882720855,-5.817211857176752,5.983728401659505e-9,302,X10_Harbour_s_smoltYear_WS,X15_halibutBiomassAge8plus_smoltYear_predAK,17.865966545392496,1
X16_SAR,X07_DFA_cpue_IntSprJunHW,0.9308400677613088,0.9736994090850911,0.9559829851760372,0.3390808308039628,303,X10_Harbour_s_smoltYear_WS,X15_DFA_sleeperSharks,22.369781418553643,0.8798428756864547
X16_SAR,X15_DFA_sleeperSharks,-0.8682781044925728,0.21824354965178694,-3.9784823234314706,6.935656655016054e-5,303,X10_Harbour_s_smoltYear_WS,X15_DFA_sleeperSharks,22.369781418553643,0.8798428756864547
X16_SAR,X07_DFA_cpue_IntSprJunHW,2.888615267894844,1.450055791989336,1.9920718112038598,0.04636317932055567,304,X10_Harbour_s_smoltYear_WS,X15_DFA_sleeperSharks_smoltYear,29.101247936340954,0.9999999999999856
X16_SAR,X07_DFA_cpue_IntSprJunHW,2.888615267894844,1.450055791989336,1.9920718112038598,0.04636317932055567,305,X10_Harbour_s_smoltYear_WS,X15_salmonSharkGoA_predAK,29.101247936340954,0.9999999999999856
X16_SAR,X07_DFA_cpue_IntSprJunHW,2.888615267894844,1.450055791989336,1.9920718112038598,0.04636317932055567,306,X10_Harbour_s_smoltYear_WS,X15_salmonSharkGoA_predAK_smoltYear,29.101247936340954,0.9999999999999856
X16_SAR,X07_DFA_cpue_IntSprJunHW,2.888615267894844,1.450055791989336,1.9920718112038598,0.04636317932055567,307,X10_Northern_f_s_2yrLead_WS,X11_ssl_seak_pup_pred,29.101247936340954,0.9999999999999856
X16_SAR,X07_DFA_cpue_IntSprJunHW,2.888615267894844,1.450055791989336,1.9920718112038598,0.04636317932055567,308,X10_Northern_f_s_2yrLead_WS,X15_ArrowtoothFlounderBiomass_predAK,29.101247936340954,0.9999999999999856
X16_SAR,X07_DFA_cpue_IntSprJunHW,2.888615267894844,1.450055791989336,1.9920718112038598,0.04636317932055567,309,X10_Northern_f_s_2yrLead_WS,X15_ArrowtoothFlounderBiomass_predAK_smoltYear,29.101247936340954,0.9999999999999856
X16_SAR,X07_DFA_cpue_IntSprJunHW,1.5328177703244743,0.779180341292794,1.9672182280436725,0.04915805745125423,310,X10_Northern_f_s_2yrLead_WS,X15_sablefishBiomass_predAK,20.07262922111371,0.9926444550280505
X16_SAR,X15_sablefishBiomass_predAK,-3.2186379769243123,0.6603948937333184,-4.8738080918961,1.094673333978946e-6,310,X10_Northern_f_s_2yrLead_WS,X15_sablefishBiomass_predAK,20.07262922111371,0.9926444550280505
X16_SAR,X07_DFA_cpue_IntSprJunHW,2.888615267894844,1.450055791989336,1.9920718112038598,0.04636317932055567,311,X10_Northern_f_s_2yrLead_WS,X15_sablefishBiomass_predAK_smoltYear,29.101247936340954,0.9999999999999856
X16_SAR,X07_DFA_cpue_IntSprJunHW,2.888615267894844,1.450055791989336,1.9920718112038598,0.04636317932055567,312,X10_Northern_f_s_2yrLead_WS,X15_sablefishRecruitment_predAK,29.101247936340954,0.9999999999999856
X16_SAR,X07_DFA_cpue_IntSprJunHW,1.4389264867836127,0.9361395858590782,1.5370853967927616,0.12427239854516858,313,X10_Northern_f_s_2yrLead_WS,X15_sablefishRecruitment_predAK_smoltYear,22.694040658431373,0.9595712380866074
X16_SAR,X15_sablefishRecruitment_predAK_smoltYear,-2.6994425273571916,0.6997552214269378,-3.85769544077499,1.1446114705182531e-4,313,X10_Northern_f_s_2yrLead_WS,X15_sablefishRecruitment_predAK_smoltYear,22.694040658431373,0.9595712380866074
X16_SAR,X07_DFA_cpue_IntSprJunHW,2.888615267894844,1.450055791989336,1.9920718112038598,0.04636317932055567,314,X10_Northern_f_s_2yrLead_WS,X15_PacificCodBiomass_predAK,29.101247936340954,0.9999999999999856
X16_SAR,X07_DFA_cpue_IntSprJunHW,2.444286544747666,1.1942731841868035,2.0466728861638246,0.0406902131614828,315,X10_Northern_f_s_2yrLead_WS,X15_PacificCodBiomass_predAK_smoltYear,27.727863913857618,1
X16_SAR,X15_PacificCodBiomass_predAK_smoltYear,-2.5403538620724175,1.2401447083644657,-2.0484334166314353,0.040517550017728166,315,X10_Northern_f_s_2yrLead_WS,X15_PacificCodBiomass_predAK_smoltYear,27.727863913857618,1
X16_SAR,X07_DFA_cpue_IntSprJunHW,2.257157485418357,0.46360710921031023,4.868686093410234,1.1234269812199216e-6,316,X10_Northern_f_s_2yrLead_WS,X15_spinyDogfishGoA_predAK,14.479777837659746,1
X16_SAR,X15_spinyDogfishGoA_predAK,8.452909034976996,2.35289210303719,3.592561267074552,3.274436341111908e-4,316,X10_Northern_f_s_2yrLead_WS,X15_spinyDogfishGoA_predAK,14.479777837659746,1
X16_SAR,X12_egoa.krill,6.162883511188269,2.1222686279369243,2.9039130249874456,0.003685305222423274,316,X10_Northern_f_s_2yrLead_WS,X15_spinyDogfishGoA_predAK,14.479777837659746,1
X16_SAR,ak_alt_int,-1.3388237190327497,0.4737220214452421,-2.8261800347559003,0.004710677977025179,316,X10_Northern_f_s_2yrLead_WS,X15_spinyDogfishGoA_predAK,14.479777837659746,1
X16_SAR,X07_DFA_cpue_IntSprJunHW,2.888615267894844,1.450055791989336,1.9920718112038598,0.04636317932055567,317,X10_Northern_f_s_2yrLead_WS,X15_spinyDogfishGoA_predAK_smoltYear,29.101247936340954,0.9999999999999856
X16_SAR,X07_DFA_cpue_IntSprJunHW,2.0331165935220628,0.5828187294868978,3.488420139332136,4.858839430170736e-4,318,X10_Northern_f_s_2yrLead_WS,X15_halibutBiomassAge8plus_2yrLead_predAK,16.116510873879342,1
X16_SAR,X15_halibutBiomassAge8plus_2yrLead_predAK,-2.51207391327339,0.3784208654054483,-6.63830708854254,3.1730618132996824e-11,318,X10_Northern_f_s_2yrLead_WS,X15_halibutBiomassAge8plus_2yrLead_predAK,16.116510873879342,1
X16_SAR,X07_DFA_cpue_IntSprJunHW,2.2427636762833973,0.6437122131786189,3.484109250015223,4.937778881233257e-4,319,X10_Northern_f_s_2yrLead_WS,X15_halibutBiomassAge8plus_smoltYear_predAK,17.865966545392496,1
X16_SAR,X15_halibutBiomassAge8plus_smoltYear_predAK,-1.5308259943961104,0.26315458882720855,-5.817211857176752,5.983728401659505e-9,319,X10_Northern_f_s_2yrLead_WS,X15_halibutBiomassAge8plus_smoltYear_predAK,17.865966545392496,1
X16_SAR,X07_DFA_cpue_IntSprJunHW,0.9308400677613088,0.9736994090850911,0.9559829851760372,0.3390808308039628,320,X10_Northern_f_s_2yrLead_WS,X15_DFA_sleeperSharks,22.369781418553643,0.8798428756864547
X16_SAR,X15_DFA_sleeperSharks,-0.8682781044925728,0.21824354965178694,-3.9784823234314706,6.935656655016054e-5,320,X10_Northern_f_s_2yrLead_WS,X15_DFA_sleeperSharks,22.369781418553643,0.8798428756864547
X16_SAR,X07_DFA_cpue_IntSprJunHW,2.888615267894844,1.450055791989336,1.9920718112038598,0.04636317932055567,321,X10_Northern_f_s_2yrLead_WS,X15_DFA_sleeperSharks_smoltYear,29.101247936340954,0.9999999999999856
X16_SAR,X07_DFA_cpue_IntSprJunHW,2.888615267894844,1.450055791989336,1.9920718112038598,0.04636317932055567,322,X10_Northern_f_s_2yrLead_WS,X15_salmonSharkGoA_predAK,29.101247936340954,0.9999999999999856
X16_SAR,X07_DFA_cpue_IntSprJunHW,2.888615267894844,1.450055791989336,1.9920718112038598,0.04636317932055567,323,X10_Northern_f_s_2yrLead_WS,X15_salmonSharkGoA_predAK_smoltYear,29.101247936340954,0.9999999999999856
X16_SAR,X07_DFA_cpue_IntSprJunHW,2.888615267894844,1.450055791989336,1.9920718112038598,0.04636317932055567,324,X10_Northern_f_s_smoltYear_WS,X11_ssl_seak_pup_pred,29.101247936340954,0.9999999999999856
X16_SAR,X07_DFA_cpue_IntSprJunHW,2.888615267894844,1.450055791989336,1.9920718112038598,0.04636317932055567,325,X10_Northern_f_s_smoltYear_WS,X15_ArrowtoothFlounderBiomass_predAK,29.101247936340954,0.9999999999999856
X16_SAR,X07_DFA_cpue_IntSprJunHW,2.888615267894844,1.450055791989336,1.9920718112038598,0.04636317932055567,326,X10_Northern_f_s_smoltYear_WS,X15_ArrowtoothFlounderBiomass_predAK_smoltYear,29.101247936340954,0.9999999999999856
X16_SAR,X07_DFA_cpue_IntSprJunHW,1.5328177703244743,0.779180341292794,1.9672182280436725,0.04915805745125423,327,X10_Northern_f_s_smoltYear_WS,X15_sablefishBiomass_predAK,20.07262922111371,0.9926444550280505
X16_SAR,X15_sablefishBiomass_predAK,-3.2186379769243123,0.6603948937333184,-4.8738080918961,1.094673333978946e-6,327,X10_Northern_f_s_smoltYear_WS,X15_sablefishBiomass_predAK,20.07262922111371,0.9926444550280505
X16_SAR,X07_DFA_cpue_IntSprJunHW,2.888615267894844,1.450055791989336,1.9920718112038598,0.04636317932055567,328,X10_Northern_f_s_smoltYear_WS,X15_sablefishBiomass_predAK_smoltYear,29.101247936340954,0.9999999999999856
X16_SAR,X07_DFA_cpue_IntSprJunHW,2.888615267894844,1.450055791989336,1.9920718112038598,0.04636317932055567,329,X10_Northern_f_s_smoltYear_WS,X15_sablefishRecruitment_predAK,29.101247936340954,0.9999999999999856
X16_SAR,X07_DFA_cpue_IntSprJunHW,1.4389264867836127,0.9361395858590782,1.5370853967927616,0.12427239854516858,330,X10_Northern_f_s_smoltYear_WS,X15_sablefishRecruitment_predAK_smoltYear,22.694040658431373,0.9595712380866074
X16_SAR,X15_sablefishRecruitment_predAK_smoltYear,-2.6994425273571916,0.6997552214269378,-3.85769544077499,1.1446114705182531e-4,330,X10_Northern_f_s_smoltYear_WS,X15_sablefishRecruitment_predAK_smoltYear,22.694040658431373,0.9595712380866074
X16_SAR,X07_DFA_cpue_IntSprJunHW,2.888615267894844,1.450055791989336,1.9920718112038598,0.04636317932055567,331,X10_Northern_f_s_smoltYear_WS,X15_PacificCodBiomass_predAK,29.101247936340954,0.9999999999999856
X16_SAR,X07_DFA_cpue_IntSprJunHW,2.444286544747666,1.1942731841868035,2.0466728861638246,0.0406902131614828,332,X10_Northern_f_s_smoltYear_WS,X15_PacificCodBiomass_predAK_smoltYear,27.727863913857618,1
X16_SAR,X15_PacificCodBiomass_predAK_smoltYear,-2.5403538620724175,1.2401447083644657,-2.0484334166314353,0.040517550017728166,332,X10_Northern_f_s_smoltYear_WS,X15_PacificCodBiomass_predAK_smoltYear,27.727863913857618,1
X16_SAR,X07_DFA_cpue_IntSprJunHW,2.257157485418357,0.46360710921031023,4.868686093410234,1.1234269812199216e-6,333,X10_Northern_f_s_smoltYear_WS,X15_spinyDogfishGoA_predAK,14.479777837659746,1
X16_SAR,X15_spinyDogfishGoA_predAK,8.452909034976996,2.35289210303719,3.592561267074552,3.274436341111908e-4,333,X10_Northern_f_s_smoltYear_WS,X15_spinyDogfishGoA_predAK,14.479777837659746,1
X16_SAR,X12_egoa.krill,6.162883511188269,2.1222686279369243,2.9039130249874456,0.003685305222423274,333,X10_Northern_f_s_smoltYear_WS,X15_spinyDogfishGoA_predAK,14.479777837659746,1
X16_SAR,ak_alt_int,-1.3388237190327497,0.4737220214452421,-2.8261800347559003,0.004710677977025179,333,X10_Northern_f_s_smoltYear_WS,X15_spinyDogfishGoA_predAK,14.479777837659746,1
X16_SAR,X07_DFA_cpue_IntSprJunHW,2.888615267894844,1.450055791989336,1.9920718112038598,0.04636317932055567,334,X10_Northern_f_s_smoltYear_WS,X15_spinyDogfishGoA_predAK_smoltYear,29.101247936340954,0.9999999999999856
X16_SAR,X07_DFA_cpue_IntSprJunHW,2.0331165935220628,0.5828187294868978,3.488420139332136,4.858839430170736e-4,335,X10_Northern_f_s_smoltYear_WS,X15_halibutBiomassAge8plus_2yrLead_predAK,16.116510873879342,1
X16_SAR,X15_halibutBiomassAge8plus_2yrLead_predAK,-2.51207391327339,0.3784208654054483,-6.63830708854254,3.1730618132996824e-11,335,X10_Northern_f_s_smoltYear_WS,X15_halibutBiomassAge8plus_2yrLead_predAK,16.116510873879342,1
X16_SAR,X07_DFA_cpue_IntSprJunHW,2.2427636762833973,0.6437122131786189,3.484109250015223,4.937778881233257e-4,336,X10_Northern_f_s_smoltYear_WS,X15_halibutBiomassAge8plus_smoltYear_predAK,17.865966545392496,1
X16_SAR,X15_halibutBiomassAge8plus_smoltYear_predAK,-1.5308259943961104,0.26315458882720855,-5.817211857176752,5.983728401659505e-9,336,X10_Northern_f_s_smoltYear_WS,X15_halibutBiomassAge8plus_smoltYear_predAK,17.865966545392496,1
X16_SAR,X07_DFA_cpue_IntSprJunHW,0.9308400677613088,0.9736994090850911,0.9559829851760372,0.3390808308039628,337,X10_Northern_f_s_smoltYear_WS,X15_DFA_sleeperSharks,22.369781418553643,0.8798428756864547
X16_SAR,X15_DFA_sleeperSharks,-0.8682781044925728,0.21824354965178694,-3.9784823234314706,6.935656655016054e-5,337,X10_Northern_f_s_smoltYear_WS,X15_DFA_sleeperSharks,22.369781418553643,0.8798428756864547
X16_SAR,X07_DFA_cpue_IntSprJunHW,2.888615267894844,1.450055791989336,1.9920718112038598,0.04636317932055567,338,X10_Northern_f_s_smoltYear_WS,X15_DFA_sleeperSharks_smoltYear,29.101247936340954,0.9999999999999856
X16_SAR,X07_DFA_cpue_IntSprJunHW,2.888615267894844,1.450055791989336,1.9920718112038598,0.04636317932055567,339,X10_Northern_f_s_smoltYear_WS,X15_salmonSharkGoA_predAK,29.101247936340954,0.9999999999999856
X16_SAR,X07_DFA_cpue_IntSprJunHW,2.888615267894844,1.450055791989336,1.9920718112038598,0.04636317932055567,340,X10_Northern_f_s_smoltYear_WS,X15_salmonSharkGoA_predAK_smoltYear,29.101247936340954,0.9999999999999856
X16_SAR,X07_DFA_cpue_IntSprJunHW,2.888615267894844,1.450055791989336,1.9920718112038598,0.04636317932055567,341,X11_DFA_Harbour_p_WS,X11_ssl_seak_pup_pred,29.101247936340954,0.9999999999999856
X16_SAR,X07_DFA_cpue_IntSprJunHW,2.888615267894844,1.450055791989336,1.9920718112038598,0.04636317932055567,342,X11_DFA_Harbour_p_WS,X15_ArrowtoothFlounderBiomass_predAK,29.101247936340954,0.9999999999999856
X16_SAR,X07_DFA_cpue_IntSprJunHW,2.888615267894844,1.450055791989336,1.9920718112038598,0.04636317932055567,343,X11_DFA_Harbour_p_WS,X15_ArrowtoothFlounderBiomass_predAK_smoltYear,29.101247936340954,0.9999999999999856
X16_SAR,X07_DFA_cpue_IntSprJunHW,1.5328177703244743,0.779180341292794,1.9672182280436725,0.04915805745125423,344,X11_DFA_Harbour_p_WS,X15_sablefishBiomass_predAK,20.07262922111371,0.9926444550280505
X16_SAR,X15_sablefishBiomass_predAK,-3.2186379769243123,0.6603948937333184,-4.8738080918961,1.094673333978946e-6,344,X11_DFA_Harbour_p_WS,X15_sablefishBiomass_predAK,20.07262922111371,0.9926444550280505
X16_SAR,X07_DFA_cpue_IntSprJunHW,2.888615267894844,1.450055791989336,1.9920718112038598,0.04636317932055567,345,X11_DFA_Harbour_p_WS,X15_sablefishBiomass_predAK_smoltYear,29.101247936340954,0.9999999999999856
X16_SAR,X07_DFA_cpue_IntSprJunHW,2.888615267894844,1.450055791989336,1.9920718112038598,0.04636317932055567,346,X11_DFA_Harbour_p_WS,X15_sablefishRecruitment_predAK,29.101247936340954,0.9999999999999856
X16_SAR,X07_DFA_cpue_IntSprJunHW,1.4389264867836127,0.9361395858590782,1.5370853967927616,0.12427239854516858,347,X11_DFA_Harbour_p_WS,X15_sablefishRecruitment_predAK_smoltYear,22.694040658431373,0.9595712380866074
X16_SAR,X15_sablefishRecruitment_predAK_smoltYear,-2.6994425273571916,0.6997552214269378,-3.85769544077499,1.1446114705182531e-4,347,X11_DFA_Harbour_p_WS,X15_sablefishRecruitment_predAK_smoltYear,22.694040658431373,0.9595712380866074
X16_SAR,X07_DFA_cpue_IntSprJunHW,2.888615267894844,1.450055791989336,1.9920718112038598,0.04636317932055567,348,X11_DFA_Harbour_p_WS,X15_PacificCodBiomass_predAK,29.101247936340954,0.9999999999999856
X16_SAR,X07_DFA_cpue_IntSprJunHW,2.444286544747666,1.1942731841868035,2.0466728861638246,0.0406902131614828,349,X11_DFA_Harbour_p_WS,X15_PacificCodBiomass_predAK_smoltYear,27.727863913857618,1
X16_SAR,X15_PacificCodBiomass_predAK_smoltYear,-2.5403538620724175,1.2401447083644657,-2.0484334166314353,0.040517550017728166,349,X11_DFA_Harbour_p_WS,X15_PacificCodBiomass_predAK_smoltYear,27.727863913857618,1
X16_SAR,X07_DFA_cpue_IntSprJunHW,2.257157485418357,0.46360710921031023,4.868686093410234,1.1234269812199216e-6,350,X11_DFA_Harbour_p_WS,X15_spinyDogfishGoA_predAK,14.479777837659746,1
X16_SAR,X15_spinyDogfishGoA_predAK,8.452909034976996,2.35289210303719,3.592561267074552,3.274436341111908e-4,350,X11_DFA_Harbour_p_WS,X15_spinyDogfishGoA_predAK,14.479777837659746,1
X16_SAR,X12_egoa.krill,6.162883511188269,2.1222686279369243,2.9039130249874456,0.003685305222423274,350,X11_DFA_Harbour_p_WS,X15_spinyDogfishGoA_predAK,14.479777837659746,1
X16_SAR,ak_alt_int,-1.3388237190327497,0.4737220214452421,-2.8261800347559003,0.004710677977025179,350,X11_DFA_Harbour_p_WS,X15_spinyDogfishGoA_predAK,14.479777837659746,1
X16_SAR,X07_DFA_cpue_IntSprJunHW,2.888615267894844,1.450055791989336,1.9920718112038598,0.04636317932055567,351,X11_DFA_Harbour_p_WS,X15_spinyDogfishGoA_predAK_smoltYear,29.101247936340954,0.9999999999999856
X16_SAR,X07_DFA_cpue_IntSprJunHW,2.0331165935220628,0.5828187294868978,3.488420139332136,4.858839430170736e-4,352,X11_DFA_Harbour_p_WS,X15_halibutBiomassAge8plus_2yrLead_predAK,16.116510873879342,1
X16_SAR,X15_halibutBiomassAge8plus_2yrLead_predAK,-2.51207391327339,0.3784208654054483,-6.63830708854254,3.1730618132996824e-11,352,X11_DFA_Harbour_p_WS,X15_halibutBiomassAge8plus_2yrLead_predAK,16.116510873879342,1
X16_SAR,X07_DFA_cpue_IntSprJunHW,2.2427636762833973,0.6437122131786189,3.484109250015223,4.937778881233257e-4,353,X11_DFA_Harbour_p_WS,X15_halibutBiomassAge8plus_smoltYear_predAK,17.865966545392496,1
X16_SAR,X15_halibutBiomassAge8plus_smoltYear_predAK,-1.5308259943961104,0.26315458882720855,-5.817211857176752,5.983728401659505e-9,353,X11_DFA_Harbour_p_WS,X15_halibutBiomassAge8plus_smoltYear_predAK,17.865966545392496,1
X16_SAR,X07_DFA_cpue_IntSprJunHW,0.9308400677613088,0.9736994090850911,0.9559829851760372,0.3390808308039628,354,X11_DFA_Harbour_p_WS,X15_DFA_sleeperSharks,22.369781418553643,0.8798428756864547
X16_SAR,X15_DFA_sleeperSharks,-0.8682781044925728,0.21824354965178694,-3.9784823234314706,6.935656655016054e-5,354,X11_DFA_Harbour_p_WS,X15_DFA_sleeperSharks,22.369781418553643,0.8798428756864547
X16_SAR,X07_DFA_cpue_IntSprJunHW,2.888615267894844,1.450055791989336,1.9920718112038598,0.04636317932055567,355,X11_DFA_Harbour_p_WS,X15_DFA_sleeperSharks_smoltYear,29.101247936340954,0.9999999999999856
X16_SAR,X07_DFA_cpue_IntSprJunHW,2.888615267894844,1.450055791989336,1.9920718112038598,0.04636317932055567,356,X11_DFA_Harbour_p_WS,X15_salmonSharkGoA_predAK,29.101247936340954,0.9999999999999856
X16_SAR,X07_DFA_cpue_IntSprJunHW,2.888615267894844,1.450055791989336,1.9920718112038598,0.04636317932055567,357,X11_DFA_Harbour_p_WS,X15_salmonSharkGoA_predAK_smoltYear,29.101247936340954,0.9999999999999856
