lhs,term,est,se,z,pvalue,pair_id,model_type,ncc_predator,ak_predator,aic,cfi,term_type
x07_dfa_cpue_intsprjunhw,x08_dfa_dc_corm_3_ws,-0.235311958949036,0.19839231776517216,-1.1860941068674036,0.2355851375562663,1,Baseline DAG 1A (Main Effects),x08_dfa_dc_corm_3_ws,x10_dfa_ssl.est.wholerange_2yrlead,137.84343139325802,1,Main Predator Effect
x16_sar,x07_dfa_cpue_intsprjunhw,0.5706615843335975,0.17314485632467277,3.295862184109707,9.812013613326176e-4,1,Baseline DAG 1A (Main Effects),x08_dfa_dc_corm_3_ws,x10_dfa_ssl.est.wholerange_2yrlead,137.84343139325802,1,Stage Link (CPUE -> SAR)
x16_sar,x10_dfa_ssl.est.wholerange_2yrlead,0.1316461242672939,0.17314485632749846,0.7603236218481079,0.44706116538495255,1,Baseline DAG 1A (Main Effects),x08_dfa_dc_corm_3_ws,x10_dfa_ssl.est.wholerange_2yrlead,137.84343139325802,1,Main Predator Effect
x07_dfa_cpue_intsprjunhw,x08_dfa_dc_corm_3_ws,2.1814371504636245,0.8038926642839784,2.713592557044435,0.006655797212859804,1,Thermal Moderation (Pred*SST),x08_dfa_dc_corm_3_ws,x10_dfa_ssl.est.wholerange_2yrlead,123.86312116433169,0.9608913301182598,Main Predator Effect
x07_dfa_cpue_intsprjunhw,ncc_sst_int,-0.1329228412956978,0.043237815232830476,-3.0742265903104533,0.0021104907017246433,1,Thermal Moderation (Pred*SST),x08_dfa_dc_corm_3_ws,x10_dfa_ssl.est.wholerange_2yrlead,123.86312116433169,0.9608913301182598,Thermal Interaction (Pred*SST)
x16_sar,x07_dfa_cpue_intsprjunhw,0.2434112192498373,0.16844614479832906,1.4450388255620787,0.14844698035884507,1,Thermal Moderation (Pred*SST),x08_dfa_dc_corm_3_ws,x10_dfa_ssl.est.wholerange_2yrlead,123.86312116433169,0.9608913301182598,Stage Link (CPUE -> SAR)
x16_sar,x10_dfa_ssl.est.wholerange_2yrlead,3.088865314731147,0.8506956258171444,3.6309876540908577,2.823386918515691e-4,1,Thermal Moderation (Pred*SST),x08_dfa_dc_corm_3_ws,x10_dfa_ssl.est.wholerange_2yrlead,123.86312116433169,0.9608913301182598,Main Predator Effect
x16_sar,ak_sst_int,-0.16186774114375826,0.04592416734523252,-3.5246744905993834,4.240034614841903e-4,1,Thermal Moderation (Pred*SST),x08_dfa_dc_corm_3_ws,x10_dfa_ssl.est.wholerange_2yrlead,123.86312116433169,0.9608913301182598,Thermal Interaction (Pred*SST)
x07_dfa_cpue_intsprjunhw,x08_dfa_dc_corm_3_ws,-0.23531195894903606,0.19839231776083768,-1.1860941068933177,0.2355851375460336,2,Baseline DAG 1A (Main Effects),x08_dfa_dc_corm_3_ws,x10_californian_s_l_2yrlead_ws,136.3241198722502,1,Main Predator Effect
x16_sar,x07_dfa_cpue_intsprjunhw,0.5536888363122207,0.16422508011875062,3.371524227065988,7.475346353558177e-4,2,Baseline DAG 1A (Main Effects),x08_dfa_dc_corm_3_ws,x10_californian_s_l_2yrlead_ws,136.3241198722502,1,Stage Link (CPUE -> SAR)
x16_sar,x10_californian_s_l_2yrlead_ws,0.24271463440319502,0.16422508012353598,1.4779389008098909,0.1394241328625696,2,Baseline DAG 1A (Main Effects),x08_dfa_dc_corm_3_ws,x10_californian_s_l_2yrlead_ws,136.3241198722502,1,Main Predator Effect
x07_dfa_cpue_intsprjunhw,x08_dfa_dc_corm_3_ws,2.1814371504636623,0.8038926672365894,2.7135925470777496,0.006655797413080311,2,Thermal Moderation (Pred*SST),x08_dfa_dc_corm_3_ws,x10_californian_s_l_2yrlead_ws,123.41944046053811,0.8420035865333273,Main Predator Effect
x07_dfa_cpue_intsprjunhw,ncc_sst_int,-0.13292284129551174,0.04323781524315951,-3.074226589571751,0.002110490706950685,2,Thermal Moderation (Pred*SST),x08_dfa_dc_corm_3_ws,x10_californian_s_l_2yrlead_ws,123.41944046053811,0.8420035865333273,Thermal Interaction (Pred*SST)
x16_sar,x07_dfa_cpue_intsprjunhw,0.21018407008624723,0.171708579144376,1.2240743656117512,0.2209241752833011,2,Thermal Moderation (Pred*SST),x08_dfa_dc_corm_3_ws,x10_californian_s_l_2yrlead_ws,123.41944046053811,0.8420035865333273,Stage Link (CPUE -> SAR)
x16_sar,x10_californian_s_l_2yrlead_ws,2.9284074758106833,0.8275194371817114,3.538777875458709,4.0198395050627944e-4,2,Thermal Moderation (Pred*SST),x08_dfa_dc_corm_3_ws,x10_californian_s_l_2yrlead_ws,123.41944046053811,0.8420035865333273,Main Predator Effect
x16_sar,ak_sst_int,-0.14987729425425347,0.045549410781915094,-3.2904332170584443,0.0010003324370411182,2,Thermal Moderation (Pred*SST),x08_dfa_dc_corm_3_ws,x10_californian_s_l_2yrlead_ws,123.41944046053811,0.8420035865333273,Thermal Interaction (Pred*SST)
x07_dfa_cpue_intsprjunhw,x08_dfa_dc_corm_3_ws,-0.23531195894903606,0.19839231776316718,-1.1860941068793907,0.23558513755153299,3,Baseline DAG 1A (Main Effects),x08_dfa_dc_corm_3_ws,x10_harbour_s_2yrlead_ws,131.76657849960267,1,Main Predator Effect
x16_sar,x07_dfa_cpue_intsprjunhw,0.4756678195233593,0.15119599767597713,3.146034464104972,0.0016550050235291103,3,Baseline DAG 1A (Main Effects),x08_dfa_dc_corm_3_ws,x10_harbour_s_2yrlead_ws,131.76657849960267,1,Stage Link (CPUE -> SAR)
x16_sar,x10_harbour_s_2yrlead_ws,-0.4184638390405873,0.15119599767364145,-2.7676912450013855,0.005645491157695304,3,Baseline DAG 1A (Main Effects),x08_dfa_dc_corm_3_ws,x10_harbour_s_2yrlead_ws,131.76657849960267,1,Main Predator Effect
x07_dfa_cpue_intsprjunhw,x08_dfa_dc_corm_3_ws,2.1814371504636263,0.8038926796824335,2.7135925050659404,0.006655798257054979,3,Thermal Moderation (Pred*SST),x08_dfa_dc_corm_3_ws,x10_harbour_s_2yrlead_ws,115.64113910720829,1,Main Predator Effect
x07_dfa_cpue_intsprjunhw,ncc_sst_int,-0.13292284129566526,0.04323781617609135,-3.0742265232434627,0.0021104911762055423,3,Thermal Moderation (Pred*SST),x08_dfa_dc_corm_3_ws,x10_harbour_s_2yrlead_ws,115.64113910720829,1,Thermal Interaction (Pred*SST)
x16_sar,x07_dfa_cpue_intsprjunhw,0.1660588794224109,0.14082262214709312,1.17920598899911,0.23831616187359295,3,Thermal Moderation (Pred*SST),x08_dfa_dc_corm_3_ws,x10_harbour_s_2yrlead_ws,115.64113910720829,1,Stage Link (CPUE -> SAR)
x16_sar,x10_harbour_s_2yrlead_ws,2.0381908526467494,0.6285317496910593,3.242781058631607,0.0011836913421823247,3,Thermal Moderation (Pred*SST),x08_dfa_dc_corm_3_ws,x10_harbour_s_2yrlead_ws,115.64113910720829,1,Main Predator Effect
x16_sar,ak_sst_int,-0.14108014573453564,0.035460276794273375,-3.97854045395718,6.93396146755898e-5,3,Thermal Moderation (Pred*SST),x08_dfa_dc_corm_3_ws,x10_harbour_s_2yrlead_ws,115.64113910720829,1,Thermal Interaction (Pred*SST)
x07_dfa_cpue_intsprjunhw,x08_dfa_dc_corm_3_ws,-0.23531195894903603,0.19839231776235364,-1.1860941068842543,0.23558513754961252,4,Baseline DAG 1A (Main Effects),x08_dfa_dc_corm_3_ws,x10_northern_f_s_2yrlead_ws,135.6064494845296,0.8935457336705034,Main Predator Effect
x16_sar,x07_dfa_cpue_intsprjunhw,0.4828811891928544,0.16537886460619075,2.9198482547495876,0.003502018632681514,4,Baseline DAG 1A (Main Effects),x08_dfa_dc_corm_3_ws,x10_northern_f_s_2yrlead_ws,135.6064494845296,0.8935457336705034,Stage Link (CPUE -> SAR)
x16_sar,x10_northern_f_s_2yrlead_ws,0.285445800103465,0.1653788646078389,1.7260113665693588,0.08434536786361946,4,Baseline DAG 1A (Main Effects),x08_dfa_dc_corm_3_ws,x10_northern_f_s_2yrlead_ws,135.6064494845296,0.8935457336705034,Main Predator Effect
x07_dfa_cpue_intsprjunhw,x08_dfa_dc_corm_3_ws,2.1814371504636627,0.8038927055700479,2.7135924176806467,0.006655800012537405,4,Thermal Moderation (Pred*SST),x08_dfa_dc_corm_3_ws,x10_northern_f_s_2yrlead_ws,124.96014373646199,0.6126989220721084,Main Predator Effect
x07_dfa_cpue_intsprjunhw,ncc_sst_int,-0.13292284129555437,0.043237817477968454,-3.074226430676903,0.002110491831089245,4,Thermal Moderation (Pred*SST),x08_dfa_dc_corm_3_ws,x10_northern_f_s_2yrlead_ws,124.96014373646199,0.6126989220721084,Thermal Interaction (Pred*SST)
x16_sar,x07_dfa_cpue_intsprjunhw,0.13714407807290896,0.19034889871017727,0.7204878988121846,0.47122464779903606,4,Thermal Moderation (Pred*SST),x08_dfa_dc_corm_3_ws,x10_northern_f_s_2yrlead_ws,124.96014373646199,0.6126989220721084,Stage Link (CPUE -> SAR)
x16_sar,x10_northern_f_s_2yrlead_ws,2.612291863386326,0.8508356838686288,3.0702659901481875,0.0021386820851183597,4,Thermal Moderation (Pred*SST),x08_dfa_dc_corm_3_ws,x10_northern_f_s_2yrlead_ws,124.96014373646199,0.6126989220721084,Main Predator Effect
x16_sar,ak_sst_int,-0.14206853648403017,0.05120048086682714,-2.77475004294494,0.005524414892339902,4,Thermal Moderation (Pred*SST),x08_dfa_dc_corm_3_ws,x10_northern_f_s_2yrlead_ws,124.96014373646199,0.6126989220721084,Thermal Interaction (Pred*SST)
x07_dfa_cpue_intsprjunhw,x08_dfa_dc_corm_3_ws,-0.235311958949036,0.1983923177593207,-1.1860941069023867,0.2355851375424527,5,Baseline DAG 1A (Main Effects),x08_dfa_dc_corm_3_ws,x15_arrowtoothflounderbiomass_predak,129.36418882275552,0.7839183396460034,Main Predator Effect
x16_sar,x07_dfa_cpue_intsprjunhw,0.4017704666727321,0.1545706392396882,2.599267678835942,0.009342289188983166,5,Baseline DAG 1A (Main Effects),x08_dfa_dc_corm_3_ws,x15_arrowtoothflounderbiomass_predak,129.36418882275552,0.7839183396460034,Stage Link (CPUE -> SAR)
x16_sar,x15_arrowtoothflounderbiomass_predak,-1.0414980241962677,0.27988268545973716,-3.7211949088079392,1.9828231981922073e-4,5,Baseline DAG 1A (Main Effects),x08_dfa_dc_corm_3_ws,x15_arrowtoothflounderbiomass_predak,129.36418882275552,0.7839183396460034,Main Predator Effect
x16_sar,x13_pollock_age1plus,-1.0194527453542352,0.2978013514700331,-3.4232643348390575,6.187387694494006e-4,5,Baseline DAG 1A (Main Effects),x08_dfa_dc_corm_3_ws,x15_arrowtoothflounderbiomass_predak,129.36418882275552,0.7839183396460034,Prey Effect
x07_dfa_cpue_intsprjunhw,x08_dfa_dc_corm_3_ws,2.1814371504636627,0.8038927158997184,2.713592382812169,0.006655800713009974,5,Thermal Moderation (Pred*SST),x08_dfa_dc_corm_3_ws,x15_arrowtoothflounderbiomass_predak,122.74242676117609,0.7578222038342359,Main Predator Effect
x07_dfa_cpue_intsprjunhw,ncc_sst_int,-0.13292284129555437,0.04323781795230123,-3.07422639695165,0.002110492069686387,5,Thermal Moderation (Pred*SST),x08_dfa_dc_corm_3_ws,x15_arrowtoothflounderbiomass_predak,122.74242676117609,0.7578222038342359,Thermal Interaction (Pred*SST)
x16_sar,x07_dfa_cpue_intsprjunhw,0.2118202347828972,0.17902124889845633,1.1832128090171294,0.23672481777626708,5,Thermal Moderation (Pred*SST),x08_dfa_dc_corm_3_ws,x15_arrowtoothflounderbiomass_predak,122.74242676117609,0.7578222038342359,Stage Link (CPUE -> SAR)
x16_sar,x15_arrowtoothflounderbiomass_predak,2.4390770819265453,0.7582642749537721,3.216658310950024,0.0012969295836737782,5,Thermal Moderation (Pred*SST),x08_dfa_dc_corm_3_ws,x15_arrowtoothflounderbiomass_predak,122.74242676117609,0.7578222038342359,Main Predator Effect
x16_sar,ak_sst_int,-0.15111819922214553,0.04239775364669741,-3.5642973088013346,3.6483224620753596e-4,5,Thermal Moderation (Pred*SST),x08_dfa_dc_corm_3_ws,x15_arrowtoothflounderbiomass_predak,122.74242676117609,0.7578222038342359,Thermal Interaction (Pred*SST)
x07_dfa_cpue_intsprjunhw,x08_dfa_dc_corm_3_ws,0.03306434878242863,0.29789334437855736,0.11099391579696076,0.911621171411932,5,AltPrey Moderation (Pred*Prey),x08_dfa_dc_corm_3_ws,x15_arrowtoothflounderbiomass_predak,126.96054250347538,0.6967188458812581,Main Predator Effect
x07_dfa_cpue_intsprjunhw,ncc_alt_int,-0.0450873111930472,0.03814251659280541,-1.1820748922883537,0.23717598581828803,5,AltPrey Moderation (Pred*Prey),x08_dfa_dc_corm_3_ws,x15_arrowtoothflounderbiomass_predak,126.96054250347538,0.6967188458812581,AltPrey Interaction (Pred*Prey)
x16_sar,x07_dfa_cpue_intsprjunhw,0.3578181877902564,0.14707227378057708,2.4329411560203353,0.014976734622259347,5,AltPrey Moderation (Pred*Prey),x08_dfa_dc_corm_3_ws,x15_arrowtoothflounderbiomass_predak,126.96054250347538,0.6967188458812581,Stage Link (CPUE -> SAR)
x16_sar,x15_arrowtoothflounderbiomass_predak,0.19281817160232131,0.16736722345296476,1.1520665015782439,0.24929374718126884,5,AltPrey Moderation (Pred*Prey),x08_dfa_dc_corm_3_ws,x15_arrowtoothflounderbiomass_predak,126.96054250347538,0.6967188458812581,Main Predator Effect
x16_sar,ak_alt_int,-0.27041703279300705,0.06646851437948709,-4.0683477781543544,4.7347676869646804e-5,5,AltPrey Moderation (Pred*Prey),x08_dfa_dc_corm_3_ws,x15_arrowtoothflounderbiomass_predak,126.96054250347538,0.6967188458812581,AltPrey Interaction (Pred*Prey)
x07_dfa_cpue_intsprjunhw,x08_dfa_dc_corm_3_ws,-0.23531195894903606,0.19839231776148716,-1.1860941068894348,0.23558513754756683,6,Baseline DAG 1A (Main Effects),x08_dfa_dc_corm_3_ws,x15_sablefishbiomass_predak,138.03222243360165,0.7863944021825152,Main Predator Effect
x16_sar,x07_dfa_cpue_intsprjunhw,0.5144959061035621,0.18157711302187002,2.83348433919419,0.004604356402307497,6,Baseline DAG 1A (Main Effects),x08_dfa_dc_corm_3_ws,x15_sablefishbiomass_predak,138.03222243360165,0.7863944021825152,Stage Link (CPUE -> SAR)
x16_sar,x15_sablefishbiomass_predak,0.31584596615860905,0.2049766535351677,1.5408875143159637,0.12334416510792123,6,Baseline DAG 1A (Main Effects),x08_dfa_dc_corm_3_ws,x15_sablefishbiomass_predak,138.03222243360165,0.7863944021825152,Main Predator Effect
x16_sar,x13_pollock_age1plus,-0.25687765365132903,0.21996717005538818,-1.1677999657250975,0.24288746195349487,6,Baseline DAG 1A (Main Effects),x08_dfa_dc_corm_3_ws,x15_sablefishbiomass_predak,138.03222243360165,0.7863944021825152,Prey Effect
x07_dfa_cpue_intsprjunhw,x08_dfa_dc_corm_3_ws,2.1814371504636627,0.8038927067168176,2.7135924138096508,0.006655800090301867,6,Thermal Moderation (Pred*SST),x08_dfa_dc_corm_3_ws,x15_sablefishbiomass_predak,124.41889368993293,0.97607570139103506,Main Predator Effect
x07_dfa_cpue_intsprjunhw,ncc_sst_int,-0.13292284129555437,0.04323781732170137,-3.074226441787556,0.0021104917524843447,6,Thermal Moderation (Pred*SST),x08_dfa_dc_corm_3_ws,x15_sablefishbiomass_predak,124.41889368993293,0.97607570139103506,Thermal Interaction (Pred*SST)
x16_sar,x07_dfa_cpue_intsprjunhw,0.24485943910224908,0.17849928782049862,1.3717670366757047,0.1701359719634672,6,Thermal Moderation (Pred*SST),x08_dfa_dc_corm_3_ws,x15_sablefishbiomass_predak,124.41889368993293,0.97607570139103506,Stage Link (CPUE -> SAR)
x16_sar,x15_sablefishbiomass_predak,2.9945209701483098,0.8652534485893159,3.460859907614919,5.384529404832694e-4,6,Thermal Moderation (Pred*SST),x08_dfa_dc_corm_3_ws,x15_sablefishbiomass_predak,124.41889368993293,0.97607570139103506,Main Predator Effect
x16_sar,ak_sst_int,-0.15899629628492945,0.04820753906338261,-3.2981624736305934,9.731980453968614e-4,6,Thermal Moderation (Pred*SST),x08_dfa_dc_corm_3_ws,x15_sablefishbiomass_predak,124.41889368993293,0.97607570139103506,Thermal Interaction (Pred*SST)
x07_dfa_cpue_intsprjunhw,x08_dfa_dc_corm_3_ws,0.03306434878243121,0.29789334448951577,0.11099391575562675,0.9116211714447093,6,AltPrey Moderation (Pred*Prey),x08_dfa_dc_corm_3_ws,x15_sablefishbiomass_predak,139.4256281546331,0.5743513151288155,Main Predator Effect
x07_dfa_cpue_intsprjunhw,ncc_alt_int,-0.04508731119303575,0.03814251660200238,-1.1820748920030302,0.23717598593149103,6,AltPrey Moderation (Pred*Prey),x08_dfa_dc_corm_3_ws,x15_sablefishbiomass_predak,139.4256281546331,0.5743513151288155,AltPrey Interaction (Pred*Prey)
x16_sar,x07_dfa_cpue_intsprjunhw,0.5437962311767576,0.18286855070295668,2.9737001200390947,0.0029423247342477143,6,AltPrey Moderation (Pred*Prey),x08_dfa_dc_corm_3_ws,x15_sablefishbiomass_predak,139.4256281546331,0.5743513151288155,Stage Link (CPUE -> SAR)
x16_sar,x15_sablefishbiomass_predak,0.49183826866038227,0.4425958143526408,1.111258291901756,0.2664571865913423,6,AltPrey Moderation (Pred*Prey),x08_dfa_dc_corm_3_ws,x15_sablefishbiomass_predak,139.4256281546331,0.5743513151288155,Main Predator Effect
x16_sar,ak_alt_int,-0.035370954806725904,0.04637184438618692,-0.7627679095995172,0.4456018223791527,6,AltPrey Moderation (Pred*Prey),x08_dfa_dc_corm_3_ws,x15_sablefishbiomass_predak,139.4256281546331,0.5743513151288155,AltPrey Interaction (Pred*Prey)
x07_dfa_cpue_intsprjunhw,x08_dfa_dc_corm_3_ws,-0.23531195894903606,0.1983923177670155,-1.1860941068563835,0.23558513756061794,7,Baseline DAG 1A (Main Effects),x08_dfa_dc_corm_3_ws,x15_sablefishrecruitment_predak,138.39310440503073,0.7496726045910306,Main Predator Effect
x16_sar,x07_dfa_cpue_intsprjunhw,0.46392331106939533,0.18643227178764676,2.4884281386530605,0.012830916470774945,7,Baseline DAG 1A (Main Effects),x08_dfa_dc_corm_3_ws,x15_sablefishrecruitment_predak,138.39310440503073,0.7496726045910306,Stage Link (CPUE -> SAR)
x16_sar,x15_sablefishrecruitment_predak,0.47871946968305723,0.3401495418280646,1.4073794340873624,0.15931490622486133,7,Baseline DAG 1A (Main Effects),x08_dfa_dc_corm_3_ws,x15_sablefishrecruitment_predak,138.39310440503073,0.7496726045910306,Main Predator Effect
x16_sar,x13_pollock_age1plus,-0.5044711075037218,0.36156245885528776,-1.3952530058039903,0.16293955793669235,7,Baseline DAG 1A (Main Effects),x08_dfa_dc_corm_3_ws,x15_sablefishrecruitment_predak,138.39310440503073,0.7496726045910306,Prey Effect
x07_dfa_cpue_intsprjunhw,x08_dfa_dc_corm_3_ws,2.1814371504636627,0.8038926948054969,2.7135924540170935,0.00665579928257487,7,Thermal Moderation (Pred*SST),x08_dfa_dc_corm_3_ws,x15_sablefishrecruitment_predak,126.39945943850108,0.9865701909609618,Main Predator Effect
x07_dfa_cpue_intsprjunhw,ncc_sst_int,-0.13292284129555437,0.043237817822311,-3.0742264061940077,0.002110492004299136,7,Thermal Moderation (Pred*SST),x08_dfa_dc_corm_3_ws,x15_sablefishrecruitment_predak,126.39945943850108,0.9865701909609618,Thermal Interaction (Pred*SST)
x16_sar,x07_dfa_cpue_intsprjunhw,0.2500871759877118,0.18324098386070017,1.3647993517532524,0.172316122619399,7,Thermal Moderation (Pred*SST),x08_dfa_dc_corm_3_ws,x15_sablefishrecruitment_predak,126.39945943850108,0.9865701909609618,Stage Link (CPUE -> SAR)
x16_sar,x15_sablefishrecruitment_predak,2.8444327861193868,0.9201023548367346,3.091430829588639,0.0019919438573363646,7,Thermal Moderation (Pred*SST),x08_dfa_dc_corm_3_ws,x15_sablefishrecruitment_predak,126.39945943850108,0.9865701909609618,Main Predator Effect
x16_sar,ak_sst_int,-0.15372460244418396,0.05027041046904938,-3.0579539934098916,0.0022285378722548543,7,Thermal Moderation (Pred*SST),x08_dfa_dc_corm_3_ws,x15_sablefishrecruitment_predak,126.39945943850108,0.9865701909609618,Thermal Interaction (Pred*SST)
x07_dfa_cpue_intsprjunhw,x08_dfa_dc_corm_3_ws,0.033064348782428934,0.2978933444910458,0.11099391575504902,0.9116211714451674,7,AltPrey Moderation (Pred*Prey),x08_dfa_dc_corm_3_ws,x15_sablefishrecruitment_predak,139.46408838743145,0.6032317665632976,Main Predator Effect
x07_dfa_cpue_intsprjunhw,ncc_alt_int,-0.04508731119304587,0.03814251660338536,-1.1820748919604356,0.2371759859483904,7,AltPrey Moderation (Pred*Prey),x08_dfa_dc_corm_3_ws,x15_sablefishrecruitment_predak,139.46408838743145,0.6032317665632976,AltPrey Interaction (Pred*Prey)
x16_sar,x07_dfa_cpue_intsprjunhw,0.4751263751918323,0.18830028442538907,2.523237692612692,0.01162797746040467,7,AltPrey Moderation (Pred*Prey),x08_dfa_dc_corm_3_ws,x15_sablefishrecruitment_predak,139.46408838743145,0.6032317665632976,Stage Link (CPUE -> SAR)
x16_sar,x15_sablefishrecruitment_predak,1.0156977832485785,0.7952610332348083,1.2771879179306955,0.20153591147689087,7,AltPrey Moderation (Pred*Prey),x08_dfa_dc_corm_3_ws,x15_sablefishrecruitment_predak,139.46408838743145,0.6032317665632976,Main Predator Effect
x16_sar,ak_alt_int,-0.09391396232014997,0.07701684727211278,-1.2193950498692447,0.22269428784567857,7,AltPrey Moderation (Pred*Prey),x08_dfa_dc_corm_3_ws,x15_sablefishrecruitment_predak,139.46408838743145,0.6032317665632976,AltPrey Interaction (Pred*Prey)
x07_dfa_cpue_intsprjunhw,x08_dfa_dc_corm_3_ws,-0.23531195894903606,0.19839231776267938,-1.186094106882307,0.23558513755038146,8,Baseline DAG 1A (Main Effects),x08_dfa_dc_corm_3_ws,x15_pacificcodbiomass_predak,140.2912844477292,0.7026428847157578,Main Predator Effect
x16_sar,x07_dfa_cpue_intsprjunhw,0.5150682727977668,0.19054786224061163,2.7030913217350694,0.00686978691717921,8,Baseline DAG 1A (Main Effects),x08_dfa_dc_corm_3_ws,x15_pacificcodbiomass_predak,140.2912844477292,0.7026428847157578,Stage Link (CPUE -> SAR)
x16_sar,x15_pacificcodbiomass_predak,0.017846651522054238,0.2514097824979252,0.0709863050862053,0.9434086549511089,8,Baseline DAG 1A (Main Effects),x08_dfa_dc_corm_3_ws,x15_pacificcodbiomass_predak,140.2912844477292,0.7026428847157578,Main Predator Effect
x16_sar,x13_pollock_age1plus,-0.05220352426745694,0.2676669173854461,-0.19503166389547774,0.8453681593614624,8,Baseline DAG 1A (Main Effects),x08_dfa_dc_corm_3_ws,x15_pacificcodbiomass_predak,140.2912844477292,0.7026428847157578,Prey Effect
x07_dfa_cpue_intsprjunhw,x08_dfa_dc_corm_3_ws,2.1814371504636627,0.8038926965935409,2.713592447981434,0.006655799403824991,8,Thermal Moderation (Pred*SST),x08_dfa_dc_corm_3_ws,x15_pacificcodbiomass_predak,125.24750553884667,0.9736907311224077,Main Predator Effect
x07_dfa_cpue_intsprjunhw,ncc_sst_int,-0.13292284129555437,0.04323781661217191,-3.074226492235391,0.0021104913955793947,8,Thermal Moderation (Pred*SST),x08_dfa_dc_corm_3_ws,x15_pacificcodbiomass_predak,125.24750553884667,0.9736907311224077,Thermal Interaction (Pred*SST)
x16_sar,x07_dfa_cpue_intsprjunhw,0.18058268111065762,0.1810520628428955,0.997407476474625,0.318566763780993,8,Thermal Moderation (Pred*SST),x08_dfa_dc_corm_3_ws,x15_pacificcodbiomass_predak,125.24750553884667,0.9736907311224077,Stage Link (CPUE -> SAR)
x16_sar,x15_pacificcodbiomass_predak,2.688029697989839,0.8053564278532859,3.3376895061915683,8.447809256764138e-4,8,Thermal Moderation (Pred*SST),x08_dfa_dc_corm_3_ws,x15_pacificcodbiomass_predak,125.24750553884667,0.9736907311224077,Main Predator Effect
x16_sar,ak_sst_int,-0.1533671133146506,0.04606448823420677,-3.329400134326524,8.703326944110579e-4,8,Thermal Moderation (Pred*SST),x08_dfa_dc_corm_3_ws,x15_pacificcodbiomass_predak,125.24750553884667,0.9736907311224077,Thermal Interaction (Pred*SST)
x07_dfa_cpue_intsprjunhw,x08_dfa_dc_corm_3_ws,0.03306434878242849,0.29789334440778154,0.11099391578607148,0.9116211714205671,8,AltPrey Moderation (Pred*Prey),x08_dfa_dc_corm_3_ws,x15_pacificcodbiomass_predak,140.378089644233,0.3943784714062727,Main Predator Effect
x07_dfa_cpue_intsprjunhw,ncc_alt_int,-0.04508731119304748,0.0381425165952156,-1.1820748922136668,0.23717598584792032,8,AltPrey Moderation (Pred*Prey),x08_dfa_dc_corm_3_ws,x15_pacificcodbiomass_predak,140.378089644233,0.3943784714062727,AltPrey Interaction (Pred*Prey)
x16_sar,x07_dfa_cpue_intsprjunhw,0.4744308558771797,0.18972154331968202,2.500669389336353,0.012395883762778004,8,AltPrey Moderation (Pred*Prey),x08_dfa_dc_corm_3_ws,x15_pacificcodbiomass_predak,140.378089644233,0.3943784714062727,Stage Link (CPUE -> SAR)
x16_sar,x15_pacificcodbiomass_predak,0.15939508972709684,0.2243212967768235,0.7105660140939649,0.4773532097344535,8,AltPrey Moderation (Pred*Prey),x08_dfa_dc_corm_3_ws,x15_pacificcodbiomass_predak,140.378089644233,0.3943784714062727,Main Predator Effect
x16_sar,ak_alt_int,-0.04442285107866957,0.05732804287951918,-0.7748886731059141,0.4384054457906994,8,AltPrey Moderation (Pred*Prey),x08_dfa_dc_corm_3_ws,x15_pacificcodbiomass_predak,140.378089644233,0.3943784714062727,AltPrey Interaction (Pred*Prey)
x07_dfa_cpue_intsprjunhw,x08_dfa_dc_corm_3_ws,-0.23531195894903606,0.1983923177630041,-1.1860941068803659,0.23558513755114796,9,Baseline DAG 1A (Main Effects),x08_dfa_dc_corm_3_ws,x15_spinydogfishgoa_predak,133.59766695328653,1,Main Predator Effect
x16_sar,x07_dfa_cpue_intsprjunhw,0.5953730300386414,0.15471529952778112,3.8481845806835318,1.1899638276324787e-4,9,Baseline DAG 1A (Main Effects),x08_dfa_dc_corm_3_ws,x15_spinydogfishgoa_predak,133.59766695328653,1,Stage Link (CPUE -> SAR)
x16_sar,x15_spinydogfishgoa_predak,0.2325874013398021,0.1564893508857979,1.4862826129909548,0.1372043837134107,9,Baseline DAG 1A (Main Effects),x08_dfa_dc_corm_3_ws,x15_spinydogfishgoa_predak,133.59766695328653,1,Main Predator Effect
x16_sar,x12_egoa.krill,0.3880495468835114,0.15047569330690064,2.5788188002700894,0.009913877435884233,9,Baseline DAG 1A (Main Effects),x08_dfa_dc_corm_3_ws,x15_spinydogfishgoa_predak,133.59766695328653,1,Prey Effect
x07_dfa_cpue_intsprjunhw,x08_dfa_dc_corm_3_ws,2.1814371504636627,0.8038926745473277,2.7135925223998725,0.006655797908833971,9,Thermal Moderation (Pred*SST),x08_dfa_dc_corm_3_ws,x15_spinydogfishgoa_predak,123.34509808102302,0.9953215652943999,Main Predator Effect
x07_dfa_cpue_intsprjunhw,ncc_sst_int,-0.13292284129555437,0.0432378160243638,-3.074226534028789,0.0021104910999023563,9,Thermal Moderation (Pred*SST),x08_dfa_dc_corm_3_ws,x15_spinydogfishgoa_predak,123.34509808102302,0.9953215652943999,Thermal Interaction (Pred*SST)
x16_sar,x07_dfa_cpue_intsprjunhw,0.25088565589682676,0.1707531565733907,1.4692885386806576,0.14175454418967792,9,Thermal Moderation (Pred*SST),x08_dfa_dc_corm_3_ws,x15_spinydogfishgoa_predak,123.34509808102302,0.9953215652943999,Stage Link (CPUE -> SAR)
x16_sar,x15_spinydogfishgoa_predak,3.2809770159412457,0.8858909568313978,3.7035901435053016,2.1256959746085435e-4,9,Thermal Moderation (Pred*SST),x08_dfa_dc_corm_3_ws,x15_spinydogfishgoa_predak,123.34509808102302,0.9953215652943999,Main Predator Effect
x16_sar,ak_sst_int,-0.17057242740395187,0.0479771129800002,-3.555287444558344,3.7756607997496694e-4,9,Thermal Moderation (Pred*SST),x08_dfa_dc_corm_3_ws,x15_spinydogfishgoa_predak,123.34509808102302,0.9953215652943999,Thermal Interaction (Pred*SST)
x07_dfa_cpue_intsprjunhw,x08_dfa_dc_corm_3_ws,0.033064348782428934,0.2978933443779436,0.11099391579719046,0.9116211714117499,9,AltPrey Moderation (Pred*Prey),x08_dfa_dc_corm_3_ws,x15_spinydogfishgoa_predak,134.1674662099541,1,Main Predator Effect
x07_dfa_cpue_intsprjunhw,ncc_alt_int,-0.04508731119304587,0.038142516591230496,-1.182074892337127,0.23717598579893728,9,AltPrey Moderation (Pred*Prey),x08_dfa_dc_corm_3_ws,x15_spinydogfishgoa_predak,134.1674662099541,1,AltPrey Interaction (Pred*Prey)
x16_sar,x07_dfa_cpue_intsprjunhw,0.5969971139326327,0.15449163386898965,3.8642682388801184,1.1142272533248843e-4,9,AltPrey Moderation (Pred*Prey),x08_dfa_dc_corm_3_ws,x15_spinydogfishgoa_predak,134.1674662099541,1,Stage Link (CPUE -> SAR)
x16_sar,x15_spinydogfishgoa_predak,-0.17425331285860593,0.20402008223909288,-0.8540988266752926,0.3930502339842037,9,AltPrey Moderation (Pred*Prey),x08_dfa_dc_corm_3_ws,x15_spinydogfishgoa_predak,134.1674662099541,1,Main Predator Effect
x16_sar,ak_alt_int,0.08565949326507352,0.03298874553840753,2.5966277852349213,0.009414388032221721,9,AltPrey Moderation (Pred*Prey),x08_dfa_dc_corm_3_ws,x15_spinydogfishgoa_predak,134.1674662099541,1,AltPrey Interaction (Pred*Prey)
x07_dfa_cpue_intsprjunhw,x08_dfa_dc_corm_3_ws,-0.23531195894903603,0.19839231775715263,-1.1860941069153488,0.23558513753733434,10,Baseline DAG 1A (Main Effects),x08_dfa_dc_corm_3_ws,x15_halibutbiomassage8plus_2yrlead_predak,139.16377473352827,0.33887074703801356,Main Predator Effect
x16_sar,x07_dfa_cpue_intsprjunhw,0.5132119250933033,0.18591182858199123,2.760512491366118,0.005771075099681777,10,Baseline DAG 1A (Main Effects),x08_dfa_dc_corm_3_ws,x15_halibutbiomassage8plus_2yrlead_predak,139.16377473352827,0.33887074703801356,Stage Link (CPUE -> SAR)
x16_sar,x15_halibutbiomassage8plus_2yrlead_predak,-0.22042665301390313,0.20468785167210032,-1.0768917217765106,0.28152864182259707,10,Baseline DAG 1A (Main Effects),x08_dfa_dc_corm_3_ws,x15_halibutbiomassage8plus_2yrlead_predak,139.16377473352827,0.33887074703801356,Main Predator Effect
x16_sar,x13_pollock_age1plus,-0.19359342770965024,0.22067261460317694,-0.8772879591687366,0.3803302506266051,10,Baseline DAG 1A (Main Effects),x08_dfa_dc_corm_3_ws,x15_halibutbiomassage8plus_2yrlead_predak,139.16377473352827,0.33887074703801356,Prey Effect
x07_dfa_cpue_intsprjunhw,x08_dfa_dc_corm_3_ws,2.1814371504636427,0.8038926458008634,2.7135926194354294,0.0066557959594881755,10,Thermal Moderation (Pred*SST),x08_dfa_dc_corm_3_ws,x15_halibutbiomassage8plus_2yrlead_predak,122.93269891865236,0.8602437887156398,Main Predator Effect
x07_dfa_cpue_intsprjunhw,ncc_sst_int,-0.13292284129554865,0.043237814440944024,-3.0742266466104597,0.002110490303417256,10,Thermal Moderation (Pred*SST),x08_dfa_dc_corm_3_ws,x15_halibutbiomassage8plus_2yrlead_predak,122.93269891865236,0.8602437887156398,Thermal Interaction (Pred*SST)
x16_sar,x07_dfa_cpue_intsprjunhw,0.17992986057858673,0.174649477288688,1.0302341774614676,0.3029000894874565,10,Thermal Moderation (Pred*SST),x08_dfa_dc_corm_3_ws,x15_halibutbiomassage8plus_2yrlead_predak,122.93269891865236,0.8602437887156398,Stage Link (CPUE -> SAR)
x16_sar,x15_halibutbiomassage8plus_2yrlead_predak,2.803619679586934,0.7950300422760082,3.526432374254368,4.2119871680257326e-4,10,Thermal Moderation (Pred*SST),x08_dfa_dc_corm_3_ws,x15_halibutbiomassage8plus_2yrlead_predak,122.93269891865236,0.8602437887156398,Main Predator Effect
x16_sar,ak_sst_int,-0.1737637688318645,0.04646324075090327,-3.739811645154916,1.8415819839878722e-4,10,Thermal Moderation (Pred*SST),x08_dfa_dc_corm_3_ws,x15_halibutbiomassage8plus_2yrlead_predak,122.93269891865236,0.8602437887156398,Thermal Interaction (Pred*SST)
x07_dfa_cpue_intsprjunhw,x08_dfa_dc_corm_3_ws,0.033064348782428934,0.297893344421358,0.11099391578101443,0.9116211714245772,10,AltPrey Moderation (Pred*Prey),x08_dfa_dc_corm_3_ws,x15_halibutbiomassage8plus_2yrlead_predak,139.68426486783198,0.38929319713723154,Main Predator Effect
x07_dfa_cpue_intsprjunhw,ncc_alt_int,-0.04508731119304587,0.03814251659798324,-1.1820748921278528,0.2371759858819673,10,AltPrey Moderation (Pred*Prey),x08_dfa_dc_corm_3_ws,x15_halibutbiomassage8plus_2yrlead_predak,139.68426486783198,0.38929319713723154,AltPrey Interaction (Pred*Prey)
x16_sar,x07_dfa_cpue_intsprjunhw,0.5022742454189847,0.1880401498118618,2.6711010702848346,0.00756028788483043,10,AltPrey Moderation (Pred*Prey),x08_dfa_dc_corm_3_ws,x15_halibutbiomassage8plus_2yrlead_predak,139.68426486783198,0.38929319713723154,Stage Link (CPUE -> SAR)
x16_sar,x15_halibutbiomassage8plus_2yrlead_predak,0.006982158498256002,0.22058522124815036,0.031652884353486795,0.9747488688793229,10,AltPrey Moderation (Pred*Prey),x08_dfa_dc_corm_3_ws,x15_halibutbiomassage8plus_2yrlead_predak,139.68426486783198,0.38929319713723154,Main Predator Effect
x16_sar,ak_alt_int,-0.04985627098314144,0.052693371182948985,-0.9461583091740844,0.34406784690796766,10,AltPrey Moderation (Pred*Prey),x08_dfa_dc_corm_3_ws,x15_halibutbiomassage8plus_2yrlead_predak,139.68426486783198,0.38929319713723154,AltPrey Interaction (Pred*Prey)
x07_dfa_cpue_intsprjunhw,x08_dfa_dc_corm_3_ws,-0.23531195894903606,0.19839231774956723,-1.1860941069606985,0.2355851375194271,11,Baseline DAG 1A (Main Effects),x08_dfa_dc_corm_3_ws,x15_dfa_sleepersharks,132.0964442843499,0.4775295418693457,Main Predator Effect
x16_sar,x07_dfa_cpue_intsprjunhw,0.45897970684345857,0.16143255038072882,2.8431670425882696,0.004466765299295794,11,Baseline DAG 1A (Main Effects),x08_dfa_dc_corm_3_ws,x15_dfa_sleepersharks,132.0964442843499,0.4775295418693457,Stage Link (CPUE -> SAR)
x16_sar,x15_dfa_sleepersharks,-0.5117022475225245,0.1636677168944464,-3.126470248574034,0.0017691840446880658,11,Baseline DAG 1A (Main Effects),x08_dfa_dc_corm_3_ws,x15_dfa_sleepersharks,132.0964442843499,0.4775295418693457,Main Predator Effect
x16_sar,x13_pollock_age1plus,-0.3273512127951793,0.18098954382630775,-1.8086747216144823,0.07050155238389677,11,Baseline DAG 1A (Main Effects),x08_dfa_dc_corm_3_ws,x15_dfa_sleepersharks,132.0964442843499,0.4775295418693457,Prey Effect
x07_dfa_cpue_intsprjunhw,x08_dfa_dc_corm_3_ws,2.1814371504628816,0.8038926705885117,2.713592535762144,0.0066557976403993635,11,Thermal Moderation (Pred*SST),x08_dfa_dc_corm_3_ws,x15_dfa_sleepersharks,120.42626790409918,0.8650949329845091,Main Predator Effect
x07_dfa_cpue_intsprjunhw,ncc_sst_int,-0.1329228412984395,0.04323781564413275,-3.074226561130101,0.002110490908167728,11,Thermal Moderation (Pred*SST),x08_dfa_dc_corm_3_ws,x15_dfa_sleepersharks,120.42626790409918,0.8650949329845091,Thermal Interaction (Pred*SST)
x16_sar,x07_dfa_cpue_intsprjunhw,0.2540518220609232,0.164537536429421,1.5440356503082788,0.12257969634990507,11,Thermal Moderation (Pred*SST),x08_dfa_dc_corm_3_ws,x15_dfa_sleepersharks,120.42626790409918,0.8650949329845091,Stage Link (CPUE -> SAR)
x16_sar,x15_dfa_sleepersharks,2.029716862241842,0.7502191842240199,2.7054984795426886,0.006820196048659799,11,Thermal Moderation (Pred*SST),x08_dfa_dc_corm_3_ws,x15_dfa_sleepersharks,120.42626790409918,0.8650949329845091,Main Predator Effect
x16_sar,ak_sst_int,-0.1335690559151656,0.041055694275760134,-3.253362493836249,0.0011404790750195737,11,Thermal Moderation (Pred*SST),x08_dfa_dc_corm_3_ws,x15_dfa_sleepersharks,120.42626790409918,0.8650949329845091,Thermal Interaction (Pred*SST)
x07_dfa_cpue_intsprjunhw,x08_dfa_dc_corm_3_ws,0.033064348782428706,0.2978933444576115,0.11099391576750574,0.9116211714352895,11,AltPrey Moderation (Pred*Prey),x08_dfa_dc_corm_3_ws,x15_dfa_sleepersharks,132.50640612211737,0.42590164374948014,Main Predator Effect
x07_dfa_cpue_intsprjunhw,ncc_alt_int,-0.045087311193044176,0.03814251660310615,-1.1820748919690443,0.2371759859449749,11,AltPrey Moderation (Pred*Prey),x08_dfa_dc_corm_3_ws,x15_dfa_sleepersharks,132.50640612211737,0.42590164374948014,AltPrey Interaction (Pred*Prey)
x16_sar,x07_dfa_cpue_intsprjunhw,0.44857050006393384,0.16207162182448284,2.7677300628836674,0.005644818838097976,11,AltPrey Moderation (Pred*Prey),x08_dfa_dc_corm_3_ws,x15_dfa_sleepersharks,132.50640612211737,0.42590164374948014,Stage Link (CPUE -> SAR)
x16_sar,x15_dfa_sleepersharks,-0.15639947635768395,0.18529552475982672,-0.8440542563583402,0.39863908771499146,11,AltPrey Moderation (Pred*Prey),x08_dfa_dc_corm_3_ws,x15_dfa_sleepersharks,132.50640612211737,0.42590164374948014,Main Predator Effect
x16_sar,ak_alt_int,-0.07991894334826025,0.04249991251176332,-1.880449596834815,0.06004682954969587,11,AltPrey Moderation (Pred*Prey),x08_dfa_dc_corm_3_ws,x15_dfa_sleepersharks,132.50640612211737,0.42590164374948014,AltPrey Interaction (Pred*Prey)
x07_dfa_cpue_intsprjunhw,x08_dfa_dc_corm_3_ws,-0.23531195894903606,0.19839231776658034,-1.186094106858985,0.23558513755959054,12,Baseline DAG 1A (Main Effects),x08_dfa_dc_corm_3_ws,x15_salmonsharkgoa_predak,139.36069845812207,0.7406524130958414,Main Predator Effect
x16_sar,x07_dfa_cpue_intsprjunhw,0.5154985878804056,0.1866760112574539,2.761461338326201,0.00575433290693339,12,Baseline DAG 1A (Main Effects),x08_dfa_dc_corm_3_ws,x15_salmonsharkgoa_predak,139.36069845812207,0.7406524130958414,Stage Link (CPUE -> SAR)
x16_sar,x15_salmonsharkgoa_predak,-0.16433801900559708,0.16824448144438267,-0.9767810367077213,0.3286775661474963,12,Baseline DAG 1A (Main Effects),x08_dfa_dc_corm_3_ws,x15_salmonsharkgoa_predak,139.36069845812207,0.7406524130958414,Main Predator Effect
x16_sar,x13_pollock_age1plus,-0.05137579169464506,0.18723696954593025,-0.2743891434433962,0.7837855852487938,12,Baseline DAG 1A (Main Effects),x08_dfa_dc_corm_3_ws,x15_salmonsharkgoa_predak,139.36069845812207,0.7406524130958414,Prey Effect
x07_dfa_cpue_intsprjunhw,x08_dfa_dc_corm_3_ws,2.1814371504638403,0.8038927209872428,2.7135923656391188,0.006655801057999344,12,Thermal Moderation (Pred*SST),x08_dfa_dc_corm_3_ws,x15_salmonsharkgoa_predak,125.78397885665748,0.9789292700904414,Main Predator Effect
x07_dfa_cpue_intsprjunhw,ncc_sst_int,-0.1329228412948063,0.04323781856642263,-3.0742263532700687,0.002110492378722073,12,Thermal Moderation (Pred*SST),x08_dfa_dc_corm_3_ws,x15_salmonsharkgoa_predak,125.78397885665748,0.9789292700904414,Thermal Interaction (Pred*SST)
x16_sar,x07_dfa_cpue_intsprjunhw,0.1930171782611372,0.18339273704900555,1.0524799474995559,0.29257940584820985,12,Thermal Moderation (Pred*SST),x08_dfa_dc_corm_3_ws,x15_salmonsharkgoa_predak,125.78397885665748,0.9789292700904414,Stage Link (CPUE -> SAR)
x16_sar,x15_salmonsharkgoa_predak,2.696383779635958,0.9625346727836867,2.801336778692776,0.005089137808983457,12,Thermal Moderation (Pred*SST),x08_dfa_dc_corm_3_ws,x15_salmonsharkgoa_predak,125.78397885665748,0.9789292700904414,Main Predator Effect
x16_sar,ak_sst_int,-0.15207555450121168,0.0505358960620153,-3.0092580987302897,0.0026188653464334077,12,Thermal Moderation (Pred*SST),x08_dfa_dc_corm_3_ws,x15_salmonsharkgoa_predak,125.78397885665748,0.9789292700904414,Thermal Interaction (Pred*SST)
x07_dfa_cpue_intsprjunhw,x08_dfa_dc_corm_3_ws,0.033064348782428934,0.2978933443903817,0.11099391579255609,0.911621171415425,12,AltPrey Moderation (Pred*Prey),x08_dfa_dc_corm_3_ws,x15_salmonsharkgoa_predak,139.94603421328236,0.5203061680460921,Main Predator Effect
x07_dfa_cpue_intsprjunhw,ncc_alt_int,-0.04508731119304587,0.03814251659744314,-1.182074892144591,0.2371759858753264,12,AltPrey Moderation (Pred*Prey),x08_dfa_dc_corm_3_ws,x15_salmonsharkgoa_predak,139.94603421328236,0.5203061680460921,AltPrey Interaction (Pred*Prey)
x16_sar,x07_dfa_cpue_intsprjunhw,0.5081466546536137,0.18657060682864576,2.723615811146055,0.0064571572156624235,12,AltPrey Moderation (Pred*Prey),x08_dfa_dc_corm_3_ws,x15_salmonsharkgoa_predak,139.94603421328236,0.5203061680460921,Stage Link (CPUE -> SAR)
x16_sar,x15_salmonsharkgoa_predak,-0.08136246534793647,0.2912079783108809,-0.27939641564723017,0.7799406215045124,12,AltPrey Moderation (Pred*Prey),x08_dfa_dc_corm_3_ws,x15_salmonsharkgoa_predak,139.94603421328236,0.5203061680460921,Main Predator Effect
x16_sar,ak_alt_int,-0.014213947316658567,0.039113732089723276,-0.3634004365539215,0.716305775710375,12,AltPrey Moderation (Pred*Prey),x08_dfa_dc_corm_3_ws,x15_salmonsharkgoa_predak,139.94603421328236,0.5203061680460921,AltPrey Interaction (Pred*Prey)
x07_dfa_cpue_intsprjunhw,x08_dfa_dc_corm_3_ws,-0.23531195894903587,0.19839231776278762,-1.1860941068816588,0.23558513755063748,13,Baseline DAG 1A (Main Effects),x08_dfa_dc_corm_3_ws,x11_ssl_seak_pup_pred,135.3861717777659,0.846254409361118,Main Predator Effect
x16_sar,x07_dfa_cpue_intsprjunhw,0.617685494617446,0.157622724455445,3.9187591557716432,8.90059963079004e-5,13,Baseline DAG 1A (Main Effects),x08_dfa_dc_corm_3_ws,x11_ssl_seak_pup_pred,135.3861717777659,0.846254409361118,Stage Link (CPUE -> SAR)
x16_sar,x11_ssl_seak_pup_pred,0.12035410853061673,0.1631190909130374,0.7378296915275253,0.46061794801349043,13,Baseline DAG 1A (Main Effects),x08_dfa_dc_corm_3_ws,x11_ssl_seak_pup_pred,135.3861717777659,0.846254409361118,Main Predator Effect
x16_sar,x13_stka_herr_matbiom,0.3172234492995172,0.16397239171544026,1.9346150042748094,0.0530375574121158,13,Baseline DAG 1A (Main Effects),x08_dfa_dc_corm_3_ws,x11_ssl_seak_pup_pred,135.3861717777659,0.846254409361118,Prey Effect
x07_dfa_cpue_intsprjunhw,x08_dfa_dc_corm_3_ws,2.1814371504636627,0.8038927473599295,2.7135922766161746,0.006655802846381009,13,Thermal Moderation (Pred*SST),x08_dfa_dc_corm_3_ws,x11_ssl_seak_pup_pred,123.93611253844188,0.7244095491996851,Main Predator Effect
x07_dfa_cpue_intsprjunhw,ncc_sst_int,-0.13292284129555437,0.04323782009634159,-3.074226244509518,0.0021104931481743527,13,Thermal Moderation (Pred*SST),x08_dfa_dc_corm_3_ws,x11_ssl_seak_pup_pred,123.93611253844188,0.7244095491996851,Thermal Interaction (Pred*SST)
x16_sar,x07_dfa_cpue_intsprjunhw,0.23810903720727675,0.17262696426798446,1.379327025861606,0.16779394749220544,13,Thermal Moderation (Pred*SST),x08_dfa_dc_corm_3_ws,x11_ssl_seak_pup_pred,123.93611253844188,0.7244095491996851,Stage Link (CPUE -> SAR)
x16_sar,x11_ssl_seak_pup_pred,2.7828880506213975,0.7923239858606629,3.512310746971117,4.442282607937109e-4,13,Thermal Moderation (Pred*SST),x08_dfa_dc_corm_3_ws,x11_ssl_seak_pup_pred,123.93611253844188,0.7244095491996851,Main Predator Effect
x16_sar,ak_sst_int,-0.14635502344775217,0.044409144554720316,-3.2956055541086946,9.820980138897095e-4,13,Thermal Moderation (Pred*SST),x08_dfa_dc_corm_3_ws,x11_ssl_seak_pup_pred,123.93611253844188,0.7244095491996851,Thermal Interaction (Pred*SST)
x07_dfa_cpue_intsprjunhw,x08_dfa_dc_corm_3_ws,0.033064348782428934,0.2978933443871739,0.11099391579375129,0.9116211714144771,13,AltPrey Moderation (Pred*Prey),x08_dfa_dc_corm_3_ws,x11_ssl_seak_pup_pred,135.09443191958763,0.6062647288976123,Main Predator Effect
x07_dfa_cpue_intsprjunhw,ncc_alt_int,-0.04508731119304587,0.038142516596321924,-1.1820748921793385,0.2371759858615401,13,AltPrey Moderation (Pred*Prey),x08_dfa_dc_corm_3_ws,x11_ssl_seak_pup_pred,135.09443191958763,0.6062647288976123,AltPrey Interaction (Pred*Prey)
x16_sar,x07_dfa_cpue_intsprjunhw,0.6200369218056664,0.1544219161003463,4.015213238273475,5.939207220695408e-5,13,AltPrey Moderation (Pred*Prey),x08_dfa_dc_corm_3_ws,x11_ssl_seak_pup_pred,135.09443191958763,0.6062647288976123,Stage Link (CPUE -> SAR)
x16_sar,x11_ssl_seak_pup_pred,-0.17088654328045658,0.2318163288131171,-0.7371635300903235,0.4610229087246067,13,AltPrey Moderation (Pred*Prey),x08_dfa_dc_corm_3_ws,x11_ssl_seak_pup_pred,135.09443191958763,0.6062647288976123,Main Predator Effect
x16_sar,ak_alt_int,0.0633447986052863,0.02878359125837929,2.200726032990959,0.027755424699041242,13,AltPrey Moderation (Pred*Prey),x08_dfa_dc_corm_3_ws,x11_ssl_seak_pup_pred,135.09443191958763,0.6062647288976123,AltPrey Interaction (Pred*Prey)
x07_dfa_cpue_intsprjunhw,x08_large_gulls_7_ws,0.1964266169890975,0.2001475064560798,0.9814092639330543,0.3263909596039394,14,Baseline DAG 1A (Main Effects),x08_large_gulls_7_ws,x10_dfa_ssl.est.wholerange_2yrlead,138.26622277554384,0.9895935277446202,Main Predator Effect
x16_sar,x07_dfa_cpue_intsprjunhw,0.5706615843335915,0.17314485632357385,3.2958621841305913,9.81201361259565e-4,14,Baseline DAG 1A (Main Effects),x08_large_gulls_7_ws,x10_dfa_ssl.est.wholerange_2yrlead,138.26622277554384,0.9895935277446202,Stage Link (CPUE -> SAR)
x16_sar,x10_dfa_ssl.est.wholerange_2yrlead,0.131646124267288,0.17314485632713947,0.7603236218496502,0.44706116538403085,14,Baseline DAG 1A (Main Effects),x08_large_gulls_7_ws,x10_dfa_ssl.est.wholerange_2yrlead,138.26622277554384,0.9895935277446202,Main Predator Effect
x07_dfa_cpue_intsprjunhw,x08_large_gulls_7_ws,2.942749874792989,0.692388639461371,4.250141765876227,2.136352587633894e-5,14,Thermal Moderation (Pred*SST),x08_large_gulls_7_ws,x10_dfa_ssl.est.wholerange_2yrlead,119.66618427986731,0.9007734600785254,Main Predator Effect
x07_dfa_cpue_intsprjunhw,ncc_sst_int,-0.1654512484701031,0.04066818002045091,-4.068321926058707,4.735292924973322e-5,14,Thermal Moderation (Pred*SST),x08_large_gulls_7_ws,x10_dfa_ssl.est.wholerange_2yrlead,119.66618427986731,0.9007734600785254,Thermal Interaction (Pred*SST)
x16_sar,x07_dfa_cpue_intsprjunhw,0.24341121924980968,0.16844614255057236,1.4450388448446105,0.148446974942942,14,Thermal Moderation (Pred*SST),x08_large_gulls_7_ws,x10_dfa_ssl.est.wholerange_2yrlead,119.66618427986731,0.9007734600785254,Stage Link (CPUE -> SAR)
x16_sar,x10_dfa_ssl.est.wholerange_2yrlead,3.088865314731312,0.8506956283645387,3.630987643218117,2.823387037473868e-4,14,Thermal Moderation (Pred*SST),x08_large_gulls_7_ws,x10_dfa_ssl.est.wholerange_2yrlead,119.66618427986731,0.9007734600785254,Main Predator Effect
x16_sar,ak_sst_int,-0.16186774114339794,0.045924167667264926,-3.524674465875588,4.2400350105409323e-4,14,Thermal Moderation (Pred*SST),x08_large_gulls_7_ws,x10_dfa_ssl.est.wholerange_2yrlead,119.66618427986731,0.9007734600785254,Thermal Interaction (Pred*SST)
x07_dfa_cpue_intsprjunhw,x08_large_gulls_7_ws,0.1964266169890975,0.20014750645530077,0.9814092639368741,0.32639095960205644,15,Baseline DAG 1A (Main Effects),x08_large_gulls_7_ws,x10_californian_s_l_2yrlead_ws,136.74691125453603,1,Main Predator Effect
x16_sar,x07_dfa_cpue_intsprjunhw,0.5536888363122154,0.16422508011829312,3.3715242270753487,7.475346353305046e-4,15,Baseline DAG 1A (Main Effects),x08_large_gulls_7_ws,x10_californian_s_l_2yrlead_ws,136.74691125453603,1,Stage Link (CPUE -> SAR)
x16_sar,x10_californian_s_l_2yrlead_ws,0.24271463440318952,0.16422508012421416,1.477938900803754,0.1394241328642123,15,Baseline DAG 1A (Main Effects),x08_large_gulls_7_ws,x10_californian_s_l_2yrlead_ws,136.74691125453603,1,Main Predator Effect
x07_dfa_cpue_intsprjunhw,x08_large_gulls_7_ws,2.9427498747928675,0.692388628290403,4.2501418344476525,2.1363519336015102e-5,15,Thermal Moderation (Pred*SST),x08_large_gulls_7_ws,x10_californian_s_l_2yrlead_ws,119.22250357591804,0.977542935565669,Main Predator Effect
x07_dfa_cpue_intsprjunhw,ncc_sst_int,-0.16545124847039855,0.04066817925130408,-4.0683220030091,4.7352913614906456e-5,15,Thermal Moderation (Pred*SST),x08_large_gulls_7_ws,x10_californian_s_l_2yrlead_ws,119.22250357591804,0.977542935565669,Thermal Interaction (Pred*SST)
x16_sar,x07_dfa_cpue_intsprjunhw,0.21018407008623213,0.17170858543094278,1.2240743207960518,0.22092419218794168,15,Thermal Moderation (Pred*SST),x08_large_gulls_7_ws,x10_californian_s_l_2yrlead_ws,119.22250357591804,0.977542935565669,Stage Link (CPUE -> SAR)
x16_sar,x10_californian_s_l_2yrlead_ws,2.9284074758105367,0.8275194648602414,3.538777757094948,4.019841307396632e-4,15,Thermal Moderation (Pred*SST),x08_large_gulls_7_ws,x10_californian_s_l_2yrlead_ws,119.22250357591804,0.977542935565669,Main Predator Effect
x16_sar,ak_sst_int,-0.1498772942546209,0.04554941208038107,-3.290433123266934,0.0010003327705145892,15,Thermal Moderation (Pred*SST),x08_large_gulls_7_ws,x10_californian_s_l_2yrlead_ws,119.22250357591804,0.977542935565669,Thermal Interaction (Pred*SST)
x07_dfa_cpue_intsprjunhw,x08_large_gulls_7_ws,0.19642661698909747,0.20014750645546683,0.9814092639360598,0.3263909596024579,16,Baseline DAG 1A (Main Effects),x08_large_gulls_7_ws,x10_harbour_s_2yrlead_ws,132.1893698818885,1,Main Predator Effect
x16_sar,x07_dfa_cpue_intsprjunhw,0.47566781952335063,0.15119599767625022,3.146034464099232,0.0016550050235615288,16,Baseline DAG 1A (Main Effects),x08_large_gulls_7_ws,x10_harbour_s_2yrlead_ws,132.1893698818885,1,Stage Link (CPUE -> SAR)
x16_sar,x10_harbour_s_2yrlead_ws,-0.41846383904059575,0.15119599767674025,-2.767691244944717,0.005645491158676963,16,Baseline DAG 1A (Main Effects),x08_large_gulls_7_ws,x10_harbour_s_2yrlead_ws,132.1893698818885,1,Main Predator Effect
x07_dfa_cpue_intsprjunhw,x08_large_gulls_7_ws,2.9427498747929737,0.6923886411262701,4.250141755656427,2.1363526851114756e-5,16,Thermal Moderation (Pred*SST),x08_large_gulls_7_ws,x10_harbour_s_2yrlead_ws,111.4442022227019,1,Main Predator Effect
x07_dfa_cpue_intsprjunhw,ncc_sst_int,-0.1654512484701798,0.040668180057792956,-4.0683219223250084,4.735293000845964e-5,16,Thermal Moderation (Pred*SST),x08_large_gulls_7_ws,x10_harbour_s_2yrlead_ws,111.4442022227019,1,Thermal Interaction (Pred*SST)
x16_sar,x07_dfa_cpue_intsprjunhw,0.1660588794224077,0.14082262132317308,1.1792059958983443,0.2383161591270151,16,Thermal Moderation (Pred*SST),x08_large_gulls_7_ws,x10_harbour_s_2yrlead_ws,111.4442022227019,1,Stage Link (CPUE -> SAR)
x16_sar,x10_harbour_s_2yrlead_ws,2.0381908526466908,0.6285317416143951,3.242781100301412,0.001183691169072576,16,Thermal Moderation (Pred*SST),x08_large_gulls_7_ws,x10_harbour_s_2yrlead_ws,111.4442022227019,1,Main Predator Effect
x16_sar,ak_sst_int,-0.1410801457347811,0.03546027629304566,-3.9785405102004012,6.933959827604141e-5,16,Thermal Moderation (Pred*SST),x08_large_gulls_7_ws,x10_harbour_s_2yrlead_ws,111.4442022227019,1,Thermal Interaction (Pred*SST)
x07_dfa_cpue_intsprjunhw,x08_large_gulls_7_ws,0.19642661698909747,0.20014750645391088,0.9814092639436892,0.3263909595986969,17,Baseline DAG 1A (Main Effects),x08_large_gulls_7_ws,x10_northern_f_s_2yrlead_ws,136.0292408668154,1,Main Predator Effect
x16_sar,x07_dfa_cpue_intsprjunhw,0.48288118919284706,0.16537886460401097,2.9198482547880285,0.003502018632249637,17,Baseline DAG 1A (Main Effects),x08_large_gulls_7_ws,x10_northern_f_s_2yrlead_ws,136.0292408668154,1,Stage Link (CPUE -> SAR)
x16_sar,x10_northern_f_s_2yrlead_ws,0.28544580010345755,0.1653788646089132,1.7260113665581016,0.08434536786564473,17,Baseline DAG 1A (Main Effects),x08_large_gulls_7_ws,x10_northern_f_s_2yrlead_ws,136.0292408668154,1,Main Predator Effect
x07_dfa_cpue_intsprjunhw,x08_large_gulls_7_ws,2.9427498747928675,0.6923886279580537,4.250141836487738,2.1363519141504028e-5,17,Thermal Moderation (Pred*SST),x08_large_gulls_7_ws,x10_northern_f_s_2yrlead_ws,120.76320685207185,1,Main Predator Effect
x07_dfa_cpue_intsprjunhw,ncc_sst_int,-0.16545124847039855,0.04066817948834641,-4.0683219792961,4.735291843305234e-5,17,Thermal Moderation (Pred*SST),x08_large_gulls_7_ws,x10_northern_f_s_2yrlead_ws,120.76320685207185,1,Thermal Interaction (Pred*SST)
x16_sar,x07_dfa_cpue_intsprjunhw,0.13714407807290896,0.19034889632241478,0.7204879078500829,0.4712246422363342,17,Thermal Moderation (Pred*SST),x08_large_gulls_7_ws,x10_northern_f_s_2yrlead_ws,120.76320685207185,1,Stage Link (CPUE -> SAR)
x16_sar,x10_northern_f_s_2yrlead_ws,2.612291863386326,0.8508356754078418,3.0702660206791905,0.002138681866475478,17,Thermal Moderation (Pred*SST),x08_large_gulls_7_ws,x10_northern_f_s_2yrlead_ws,120.76320685207185,1,Main Predator Effect
x16_sar,ak_sst_int,-0.14206853648403017,0.0512004805966735,-2.7747500575855994,0.005524414643664599,17,Thermal Moderation (Pred*SST),x08_large_gulls_7_ws,x10_northern_f_s_2yrlead_ws,120.76320685207185,1,Thermal Interaction (Pred*SST)
x07_dfa_cpue_intsprjunhw,x08_large_gulls_7_ws,0.19642661698909755,0.2001475064632019,0.9814092638981318,0.32639095962115383,18,Baseline DAG 1A (Main Effects),x08_large_gulls_7_ws,x15_arrowtoothflounderbiomass_predak,129.7869802050414,0.8325790062904183,Main Predator Effect
x16_sar,x07_dfa_cpue_intsprjunhw,0.40177046667274185,0.15457063922613282,2.599267679063953,0.009342289182777241,18,Baseline DAG 1A (Main Effects),x08_large_gulls_7_ws,x15_arrowtoothflounderbiomass_predak,129.7869802050414,0.8325790062904183,Stage Link (CPUE -> SAR)
x16_sar,x15_arrowtoothflounderbiomass_predak,-1.0414980241962566,0.2798826854229741,-3.7211949092966843,1.9828231943552765e-4,18,Baseline DAG 1A (Main Effects),x08_large_gulls_7_ws,x15_arrowtoothflounderbiomass_predak,129.7869802050414,0.8325790062904183,Main Predator Effect
x16_sar,x13_pollock_age1plus,-1.0194527453542241,0.29780135142415254,-3.423264335366423,6.187387682488055e-4,18,Baseline DAG 1A (Main Effects),x08_large_gulls_7_ws,x15_arrowtoothflounderbiomass_predak,129.7869802050414,0.8325790062904183,Prey Effect
x07_dfa_cpue_intsprjunhw,x08_large_gulls_7_ws,2.9427498747928817,0.6923886479988399,4.250141713469878,2.136353087478504e-5,18,Thermal Moderation (Pred*SST),x08_large_gulls_7_ws,x15_arrowtoothflounderbiomass_predak,118.54548987673115,1,Main Predator Effect
x07_dfa_cpue_intsprjunhw,ncc_sst_int,-0.16545124847036394,0.040668180466296076,-4.068321881464118,4.7352938310707415e-5,18,Thermal Moderation (Pred*SST),x08_large_gulls_7_ws,x15_arrowtoothflounderbiomass_predak,118.54548987673115,1,Thermal Interaction (Pred*SST)
x16_sar,x07_dfa_cpue_intsprjunhw,0.21182023478290127,0.17902125045343326,1.1832127987397767,0.23672482184835197,18,Thermal Moderation (Pred*SST),x08_large_gulls_7_ws,x15_arrowtoothflounderbiomass_predak,118.54548987673115,1,Stage Link (CPUE -> SAR)
x16_sar,x15_arrowtoothflounderbiomass_predak,2.4390770819265475,0.7582642803968647,3.2166582878597016,0.0012969296880427361,18,Thermal Moderation (Pred*SST),x08_large_gulls_7_ws,x15_arrowtoothflounderbiomass_predak,118.54548987673115,1,Main Predator Effect
x16_sar,ak_sst_int,-0.1511181992221249,0.042397753962615164,-3.564297282242252,3.648322831451001e-4,18,Thermal Moderation (Pred*SST),x08_large_gulls_7_ws,x15_arrowtoothflounderbiomass_predak,118.54548987673115,1,Thermal Interaction (Pred*SST)
x07_dfa_cpue_intsprjunhw,x08_large_gulls_7_ws,0.5160864235596163,0.18501253665141498,2.78946731340689,0.005279482537201563,18,AltPrey Moderation (Pred*Prey),x08_large_gulls_7_ws,x15_arrowtoothflounderbiomass_predak,118.54187946442067,0.9854945944923039,Main Predator Effect
x07_dfa_cpue_intsprjunhw,ncc_alt_int,-0.12081986300792517,0.0338901359627259,-3.5650450957413984,3.637936327312019e-4,18,AltPrey Moderation (Pred*Prey),x08_large_gulls_7_ws,x15_arrowtoothflounderbiomass_predak,118.54187946442067,0.9854945944923039,AltPrey Interaction (Pred*Prey)
x16_sar,x07_dfa_cpue_intsprjunhw,0.3578181877902324,0.14707227377366022,2.4329411561345937,0.01497673461753335,18,AltPrey Moderation (Pred*Prey),x08_large_gulls_7_ws,x15_arrowtoothflounderbiomass_predak,118.54187946442067,0.9854945944923039,Stage Link (CPUE -> SAR)
x16_sar,x15_arrowtoothflounderbiomass_predak,0.1928181716022969,0.16736722344493118,1.1520665016333966,0.24929374715860697,18,AltPrey Moderation (Pred*Prey),x08_large_gulls_7_ws,x15_arrowtoothflounderbiomass_predak,118.54187946442067,0.9854945944923039,Main Predator Effect
x16_sar,ak_alt_int,-0.27041703279312174,0.06646851438238816,-4.068347777978514,4.7347676905395986e-5,18,AltPrey Moderation (Pred*Prey),x08_large_gulls_7_ws,x15_arrowtoothflounderbiomass_predak,118.54187946442067,0.9854945944923039,AltPrey Interaction (Pred*Prey)
x07_dfa_cpue_intsprjunhw,x08_large_gulls_7_ws,0.19642661698909755,0.20014750645663532,0.9814092639303306,0.32639095960528186,19,Baseline DAG 1A (Main Effects),x08_large_gulls_7_ws,x15_sablefishbiomass_predak,138.45501381588744,0.6247287272305616,Main Predator Effect
x16_sar,x07_dfa_cpue_intsprjunhw,0.5144959061035621,0.1815771130250805,2.833484339144091,0.004604356403029142,19,Baseline DAG 1A (Main Effects),x08_large_gulls_7_ws,x15_sablefishbiomass_predak,138.45501381588744,0.6247287272305616,Stage Link (CPUE -> SAR)
x16_sar,x15_sablefishbiomass_predak,0.31584596615860894,0.2049766535399702,1.540887514279861,0.12334416511670954,19,Baseline DAG 1A (Main Effects),x08_large_gulls_7_ws,x15_sablefishbiomass_predak,138.45501381588744,0.6247287272305616,Main Predator Effect
x16_sar,x13_pollock_age1plus,-0.25687765365132903,0.21996717007150654,-1.1677999656395257,0.24288746198801991,19,Baseline DAG 1A (Main Effects),x08_large_gulls_7_ws,x15_sablefishbiomass_predak,138.45501381588744,0.6247287272305616,Prey Effect
x07_dfa_cpue_intsprjunhw,x08_large_gulls_7_ws,2.942749874792632,0.6923886422763234,4.250141748596475,2.1363527524353998e-5,19,Thermal Moderation (Pred*SST),x08_large_gulls_7_ws,x15_sablefishbiomass_predak,120.22195680547964,1,Main Predator Effect
x07_dfa_cpue_intsprjunhw,ncc_sst_int,-0.165451248470907,0.040668179944402465,-4.068321933686132,4.7352927700083924e-5,19,Thermal Moderation (Pred*SST),x08_large_gulls_7_ws,x15_sablefishbiomass_predak,120.22195680547964,1,Thermal Interaction (Pred*SST)
x16_sar,x07_dfa_cpue_intsprjunhw,0.24485943910215183,0.17849929077298268,1.37176701398532,0.17013597902934663,19,Thermal Moderation (Pred*SST),x08_large_gulls_7_ws,x15_sablefishbiomass_predak,120.22195680547964,1,Stage Link (CPUE -> SAR)
x16_sar,x15_sablefishbiomass_predak,2.9945209701471627,0.8652534609558965,3.4608598581494707,5.384530394181297e-4,19,Thermal Moderation (Pred*SST),x08_large_gulls_7_ws,x15_sablefishbiomass_predak,120.22195680547964,1,Main Predator Effect
x16_sar,ak_sst_int,-0.1589962962871086,0.04820753991289837,-3.2981624155554075,9.731982466905098e-4,19,Thermal Moderation (Pred*SST),x08_large_gulls_7_ws,x15_sablefishbiomass_predak,120.22195680547964,1,Thermal Interaction (Pred*SST)
x07_dfa_cpue_intsprjunhw,x08_large_gulls_7_ws,0.5160864235596163,0.18501253665216763,2.789467313395542,0.005279482537386748,19,AltPrey Moderation (Pred*Prey),x08_large_gulls_7_ws,x15_sablefishbiomass_predak,131.006965115578,0.6824805479345551,Main Predator Effect
x07_dfa_cpue_intsprjunhw,ncc_alt_int,-0.12081986300792517,0.03389013596245645,-3.5650450957697433,3.637936326919e-4,19,AltPrey Moderation (Pred*Prey),x08_large_gulls_7_ws,x15_sablefishbiomass_predak,131.006965115578,0.6824805479345551,AltPrey Interaction (Pred*Prey)
x16_sar,x07_dfa_cpue_intsprjunhw,0.5437962311767576,0.18286855067800464,2.97370012044485,0.002942324730357271,19,AltPrey Moderation (Pred*Prey),x08_large_gulls_7_ws,x15_sablefishbiomass_predak,131.006965115578,0.6824805479345551,Stage Link (CPUE -> SAR)
x16_sar,x15_sablefishbiomass_predak,0.49183826866038255,0.4425958138530564,1.1112582931561004,0.26645718605157986,19,AltPrey Moderation (Pred*Prey),x08_large_gulls_7_ws,x15_sablefishbiomass_predak,131.006965115578,0.6824805479345551,Main Predator Effect
x16_sar,ak_alt_int,-0.03537095480672672,0.046371844340312336,-0.7627679103541234,0.4456018219290405,19,AltPrey Moderation (Pred*Prey),x08_large_gulls_7_ws,x15_sablefishbiomass_predak,131.006965115578,0.6824805479345551,AltPrey Interaction (Pred*Prey)
x07_dfa_cpue_intsprjunhw,x08_large_gulls_7_ws,0.1964266169890975,0.2001475064510714,0.9814092639576125,0.3263909595918335,20,Baseline DAG 1A (Main Effects),x08_large_gulls_7_ws,x15_sablefishrecruitment_predak,138.81589578731655,0.613541262604071,Main Predator Effect
x16_sar,x07_dfa_cpue_intsprjunhw,0.46392331106939533,0.18643227178731264,2.4884281386575204,0.012830916470613962,20,Baseline DAG 1A (Main Effects),x08_large_gulls_7_ws,x15_sablefishrecruitment_predak,138.81589578731655,0.613541262604071,Stage Link (CPUE -> SAR)
x16_sar,x15_sablefishrecruitment_predak,0.47871946968305723,0.34014954184637725,1.4073794340115935,0.15931490624731692,20,Baseline DAG 1A (Main Effects),x08_large_gulls_7_ws,x15_sablefishrecruitment_predak,138.81589578731655,0.613541262604071,Main Predator Effect
x16_sar,x13_pollock_age1plus,-0.5044711075037218,0.36156245884790966,-1.3952530058324621,0.16293955792810944,20,Baseline DAG 1A (Main Effects),x08_large_gulls_7_ws,x15_sablefishrecruitment_predak,138.81589578731655,0.613541262604071,Prey Effect
x07_dfa_cpue_intsprjunhw,x08_large_gulls_7_ws,2.9427498747928675,0.6923886434574915,4.2501417413463605,2.1363528216022942e-5,20,Thermal Moderation (Pred*SST),x08_large_gulls_7_ws,x15_sablefishrecruitment_predak,122.2025225540259,1,Main Predator Effect
x07_dfa_cpue_intsprjunhw,ncc_sst_int,-0.16545124847039855,0.04066818002050358,-4.068321926060703,4.735292924951118e-5,20,Thermal Moderation (Pred*SST),x08_large_gulls_7_ws,x15_sablefishrecruitment_predak,122.2025225540259,1,Thermal Interaction (Pred*SST)
x16_sar,x07_dfa_cpue_intsprjunhw,0.2500871759877118,0.1832409850003869,1.3647993432647383,0.17231612528807894,20,Thermal Moderation (Pred*SST),x08_large_gulls_7_ws,x15_sablefishrecruitment_predak,122.2025225540259,1,Stage Link (CPUE -> SAR)
x16_sar,x15_sablefishrecruitment_predak,2.8444327861193868,0.9201023530720169,3.0914308355178735,0.0019919438175555193,20,Thermal Moderation (Pred*SST),x08_large_gulls_7_ws,x15_sablefishrecruitment_predak,122.2025225540259,1,Main Predator Effect
x16_sar,ak_sst_int,-0.15372460244418396,0.05027041054794753,-3.057953988610509,0.002228537907946082,20,Thermal Moderation (Pred*SST),x08_large_gulls_7_ws,x15_sablefishrecruitment_predak,122.2025225540259,1,Thermal Interaction (Pred*SST)
x07_dfa_cpue_intsprjunhw,x08_large_gulls_7_ws,0.5160864235596163,0.18501253663334097,2.789467313679395,0.0052794825327586725,20,AltPrey Moderation (Pred*Prey),x08_large_gulls_7_ws,x15_sablefishrecruitment_predak,131.04542534837685,0.75577805892252925,Main Predator Effect
x07_dfa_cpue_intsprjunhw,ncc_alt_int,-0.12081986300792517,0.03389013596291824,-3.5650450957211657,3.6379363275917953e-4,20,AltPrey Moderation (Pred*Prey),x08_large_gulls_7_ws,x15_sablefishrecruitment_predak,131.04542534837685,0.75577805892252925,AltPrey Interaction (Pred*Prey)
x16_sar,x07_dfa_cpue_intsprjunhw,0.4751263751918323,0.18830028462146464,2.523237689985265,0.01162797754729139,20,AltPrey Moderation (Pred*Prey),x08_large_gulls_7_ws,x15_sablefishrecruitment_predak,131.04542534837685,0.75577805892252925,Stage Link (CPUE -> SAR)
x16_sar,x15_sablefishrecruitment_predak,1.0156977832485785,0.7952610362048362,1.2771879131608357,0.2015359131604686,20,AltPrey Moderation (Pred*Prey),x08_large_gulls_7_ws,x15_sablefishrecruitment_predak,131.04542534837685,0.75577805892252925,Main Predator Effect
x16_sar,ak_alt_int,-0.09391396232014997,0.07701684759052971,-1.219395044827802,0.22269428975823113,20,AltPrey Moderation (Pred*Prey),x08_large_gulls_7_ws,x15_sablefishrecruitment_predak,131.04542534837685,0.75577805892252925,AltPrey Interaction (Pred*Prey)
x07_dfa_cpue_intsprjunhw,x08_large_gulls_7_ws,0.1964266169890975,0.20014750645229723,0.9814092639516018,0.3263909595947967,21,Baseline DAG 1A (Main Effects),x08_large_gulls_7_ws,x15_pacificcodbiomass_predak,140.71407583001496,0.6680665988740182,Main Predator Effect
x16_sar,x07_dfa_cpue_intsprjunhw,0.5150682727977668,0.19054786223806863,2.703091321771144,0.0068697869164335845,21,Baseline DAG 1A (Main Effects),x08_large_gulls_7_ws,x15_pacificcodbiomass_predak,140.71407583001496,0.6680665988740182,Stage Link (CPUE -> SAR)
x16_sar,x15_pacificcodbiomass_predak,0.017846651522054238,0.2514097824794653,0.07098630509141751,0.9434086549469607,21,Baseline DAG 1A (Main Effects),x08_large_gulls_7_ws,x15_pacificcodbiomass_predak,140.71407583001496,0.6680665988740182,Main Predator Effect
x16_sar,x13_pollock_age1plus,-0.05220352426745694,0.2676669173800563,-0.19503166389940496,0.8453681593583879,21,Baseline DAG 1A (Main Effects),x08_large_gulls_7_ws,x15_pacificcodbiomass_predak,140.71407583001496,0.6680665988740182,Prey Effect
x07_dfa_cpue_intsprjunhw,x08_large_gulls_7_ws,2.9427498747928675,0.6923886484480863,4.250141710712215,2.13635311379079e-5,21,Thermal Moderation (Pred*SST),x08_large_gulls_7_ws,x15_pacificcodbiomass_predak,121.0505686543745,1,Main Predator Effect
x07_dfa_cpue_intsprjunhw,ncc_sst_int,-0.16545124847039855,0.0406681803549877,-4.068321892599923,4.735293604807289e-5,21,Thermal Moderation (Pred*SST),x08_large_gulls_7_ws,x15_pacificcodbiomass_predak,121.0505686543745,1,Thermal Interaction (Pred*SST)
x16_sar,x07_dfa_cpue_intsprjunhw,0.18058268111065762,0.18105206240739083,0.9974074788738002,0.3185667626169226,21,Thermal Moderation (Pred*SST),x08_large_gulls_7_ws,x15_pacificcodbiomass_predak,121.0505686543745,1,Stage Link (CPUE -> SAR)
x16_sar,x15_pacificcodbiomass_predak,2.688029697989839,0.8053564210300492,3.337689534469539,8.447808397096246e-4,21,Thermal Moderation (Pred*SST),x08_large_gulls_7_ws,x15_pacificcodbiomass_predak,121.0505686543745,1,Main Predator Effect
x16_sar,ak_sst_int,-0.1533671133146506,0.04606448791045486,-3.329400157726321,8.703326212811113e-4,21,Thermal Moderation (Pred*SST),x08_large_gulls_7_ws,x15_pacificcodbiomass_predak,121.0505686543745,1,Thermal Interaction (Pred*SST)
x07_dfa_cpue_intsprjunhw,x08_large_gulls_7_ws,0.5160864235596164,0.18501253665387382,2.7894673133698182,0.0052794825378059684,21,AltPrey Moderation (Pred*Prey),x08_large_gulls_7_ws,x15_pacificcodbiomass_predak,131.95942660517812,0.750256622648902,Main Predator Effect
x07_dfa_cpue_intsprjunhw,ncc_alt_int,-0.12081986300792341,0.033890135964911125,-3.565045095511474,3.6379363305005796e-4,21,AltPrey Moderation (Pred*Prey),x08_large_gulls_7_ws,x15_pacificcodbiomass_predak,131.95942660517812,0.750256622648902,AltPrey Interaction (Pred*Prey)
x16_sar,x07_dfa_cpue_intsprjunhw,0.47443085587717343,0.18972154332880375,2.500669389216089,0.012395883766987081,21,AltPrey Moderation (Pred*Prey),x08_large_gulls_7_ws,x15_pacificcodbiomass_predak,131.95942660517812,0.750256622648902,Stage Link (CPUE -> SAR)
x16_sar,x15_pacificcodbiomass_predak,0.15939508972709093,0.2243212967946584,0.7105660140374442,0.47735320976948903,21,AltPrey Moderation (Pred*Prey),x08_large_gulls_7_ws,x15_pacificcodbiomass_predak,131.95942660517812,0.750256622648902,Main Predator Effect
x16_sar,ak_alt_int,-0.04442285107869816,0.05732804288279658,-0.7748886730621131,0.438405445816584,21,AltPrey Moderation (Pred*Prey),x08_large_gulls_7_ws,x15_pacificcodbiomass_predak,131.95942660517812,0.750256622648902,AltPrey Interaction (Pred*Prey)
x07_dfa_cpue_intsprjunhw,x08_large_gulls_7_ws,0.1964266169890975,0.20014750645265666,0.9814092639498393,0.32639095959566533,22,Baseline DAG 1A (Main Effects),x08_large_gulls_7_ws,x15_spinydogfishgoa_predak,134.0204583355723,1,Main Predator Effect
x16_sar,x07_dfa_cpue_intsprjunhw,0.5953730300386414,0.15471529952742655,3.848184580692351,1.1899638275880697e-4,22,Baseline DAG 1A (Main Effects),x08_large_gulls_7_ws,x15_spinydogfishgoa_predak,134.0204583355723,1,Stage Link (CPUE -> SAR)
x16_sar,x15_spinydogfishgoa_predak,0.2325874013398021,0.15648935088515276,1.4862826129970823,0.13720438371179067,22,Baseline DAG 1A (Main Effects),x08_large_gulls_7_ws,x15_spinydogfishgoa_predak,134.0204583355723,1,Main Predator Effect
x16_sar,x12_egoa.krill,0.3880495468835114,0.15047569330659147,2.578818800275388,0.009913877435732354,22,Baseline DAG 1A (Main Effects),x08_large_gulls_7_ws,x15_spinydogfishgoa_predak,134.0204583355723,1,Prey Effect
x07_dfa_cpue_intsprjunhw,x08_large_gulls_7_ws,2.9427498747928365,0.6923886458038153,4.250141726943698,2.136352958959087e-5,22,Thermal Moderation (Pred*SST),x08_large_gulls_7_ws,x15_spinydogfishgoa_predak,119.14816119649396,1,Main Predator Effect
x07_dfa_cpue_intsprjunhw,ncc_sst_int,-0.16545124847036546,0.040668180260215334,-4.06832190207985,4.7352934121835943e-5,22,Thermal Moderation (Pred*SST),x08_large_gulls_7_ws,x15_spinydogfishgoa_predak,119.14816119649396,1,Thermal Interaction (Pred*SST)
x16_sar,x07_dfa_cpue_intsprjunhw,0.2508856558968401,0.17075315636066266,1.4692885405112077,0.14175454369338025,22,Thermal Moderation (Pred*SST),x08_large_gulls_7_ws,x15_spinydogfishgoa_predak,119.14816119649396,1,Stage Link (CPUE -> SAR)
x16_sar,x15_spinydogfishgoa_predak,3.2809770159413296,0.8858909314897891,3.703590249449513,2.1256950864301238e-4,22,Thermal Moderation (Pred*SST),x08_large_gulls_7_ws,x15_spinydogfishgoa_predak,119.14816119649396,1,Main Predator Effect
x16_sar,ak_sst_int,-0.17057242740388875,0.04797711144986802,-3.555287557945675,3.7756591713966614e-4,22,Thermal Moderation (Pred*SST),x08_large_gulls_7_ws,x15_spinydogfishgoa_predak,119.14816119649396,1,Thermal Interaction (Pred*SST)
x07_dfa_cpue_intsprjunhw,x08_large_gulls_7_ws,0.5160864235596163,0.18501253664452802,2.789467313510726,0.005279482535508695,22,AltPrey Moderation (Pred*Prey),x08_large_gulls_7_ws,x15_spinydogfishgoa_predak,125.74880317089924,0.7599017590515833,Main Predator Effect
x07_dfa_cpue_intsprjunhw,ncc_alt_int,-0.12081986300792517,0.033890135962847075,-3.5650450957286517,3.637936327489655e-4,22,AltPrey Moderation (Pred*Prey),x08_large_gulls_7_ws,x15_spinydogfishgoa_predak,125.74880317089924,0.7599017590515833,AltPrey Interaction (Pred*Prey)
x16_sar,x07_dfa_cpue_intsprjunhw,0.5969971139326327,0.15449163387258696,3.8642682387901393,1.1142272537356668e-4,22,AltPrey Moderation (Pred*Prey),x08_large_gulls_7_ws,x15_spinydogfishgoa_predak,125.74880317089924,0.7599017590515833,Stage Link (CPUE -> SAR)
x16_sar,x15_spinydogfishgoa_predak,-0.17425331285860593,0.20402008221688617,-0.8540988267682575,0.3930502339326982,22,AltPrey Moderation (Pred*Prey),x08_large_gulls_7_ws,x15_spinydogfishgoa_predak,125.74880317089924,0.7599017590515833,Main Predator Effect
x16_sar,ak_alt_int,0.08565949326507352,0.032988745538299516,2.596627785243423,0.009414388031988796,22,AltPrey Moderation (Pred*Prey),x08_large_gulls_7_ws,x15_spinydogfishgoa_predak,125.74880317089924,0.7599017590515833,AltPrey Interaction (Pred*Prey)
x07_dfa_cpue_intsprjunhw,x08_large_gulls_7_ws,0.19642661698909755,0.20014750644740092,0.9814092639756108,0.3263909595829615,23,Baseline DAG 1A (Main Effects),x08_large_gulls_7_ws,x15_halibutbiomassage8plus_2yrlead_predak,139.58656611581412,0.7456836077417024,Main Predator Effect
x16_sar,x07_dfa_cpue_intsprjunhw,0.5132119250933035,0.18591182859673983,2.7605124911471246,0.0057710751035509045,23,Baseline DAG 1A (Main Effects),x08_large_gulls_7_ws,x15_halibutbiomassage8plus_2yrlead_predak,139.58656611581412,0.7456836077417024,Stage Link (CPUE -> SAR)
x16_sar,x15_halibutbiomassage8plus_2yrlead_predak,-0.22042665301390307,0.20468785162587766,-1.0768917220196943,0.2815286417139422,23,Baseline DAG 1A (Main Effects),x08_large_gulls_7_ws,x15_halibutbiomassage8plus_2yrlead_predak,139.58656611581412,0.7456836077417024,Main Predator Effect
x16_sar,x13_pollock_age1plus,-0.1935934277096501,0.22067261459730722,-0.8772879591920711,0.3803302506139339,23,Baseline DAG 1A (Main Effects),x08_large_gulls_7_ws,x15_halibutbiomassage8plus_2yrlead_predak,139.58656611581412,0.7456836077417024,Prey Effect
x07_dfa_cpue_intsprjunhw,x08_large_gulls_7_ws,2.9427498747928706,0.6923886411469686,4.250141755529223,2.136352686332721e-5,23,Thermal Moderation (Pred*SST),x08_large_gulls_7_ws,x15_halibutbiomassage8plus_2yrlead_predak,118.73576203422022,1,Main Predator Effect
x07_dfa_cpue_intsprjunhw,ncc_sst_int,-0.16545124847037887,0.040668180108177264,-4.068321917289609,4.735293103164118e-5,23,Thermal Moderation (Pred*SST),x08_large_gulls_7_ws,x15_halibutbiomassage8plus_2yrlead_predak,118.73576203422022,1,Thermal Interaction (Pred*SST)
x16_sar,x07_dfa_cpue_intsprjunhw,0.17992986057860796,0.17464947718684506,1.0302341780623472,0.3029000892054552,23,Thermal Moderation (Pred*SST),x08_large_gulls_7_ws,x15_halibutbiomassage8plus_2yrlead_predak,118.73576203422022,1,Stage Link (CPUE -> SAR)
x16_sar,x15_halibutbiomassage8plus_2yrlead_predak,2.803619679586902,0.795030042385731,3.5264323737676415,4.211987175768428e-4,23,Thermal Moderation (Pred*SST),x08_large_gulls_7_ws,x15_halibutbiomassage8plus_2yrlead_predak,118.73576203422022,1,Main Predator Effect
x16_sar,ak_sst_int,-0.17376376883185946,0.04646324050033093,-3.7398116653232965,1.8415818362305103e-4,23,Thermal Moderation (Pred*SST),x08_large_gulls_7_ws,x15_halibutbiomassage8plus_2yrlead_predak,118.73576203422022,1,Thermal Interaction (Pred*SST)
x07_dfa_cpue_intsprjunhw,x08_large_gulls_7_ws,0.5160864235596163,0.1850125366489927,2.7894673134434114,0.0052794825366062614,23,AltPrey Moderation (Pred*Prey),x08_large_gulls_7_ws,x15_halibutbiomassage8plus_2yrlead_predak,131.26560182877728,0.7350537591680466,Main Predator Effect
x07_dfa_cpue_intsprjunhw,ncc_alt_int,-0.12081986300792517,0.03389013596367067,-3.565045095642014,3.637936328690916e-4,23,AltPrey Moderation (Pred*Prey),x08_large_gulls_7_ws,x15_halibutbiomassage8plus_2yrlead_predak,131.26560182877728,0.7350537591680466,AltPrey Interaction (Pred*Prey)
x16_sar,x07_dfa_cpue_intsprjunhw,0.5022742454189847,0.18804014979590827,2.6711010705114537,0.007560287879726069,23,AltPrey Moderation (Pred*Prey),x08_large_gulls_7_ws,x15_halibutbiomassage8plus_2yrlead_predak,131.26560182877728,0.7350537591680466,Stage Link (CPUE -> SAR)
x16_sar,x15_halibutbiomassage8plus_2yrlead_predak,0.006982158498256002,0.22058522126124352,0.03165288435160799,0.9747488688808212,23,AltPrey Moderation (Pred*Prey),x08_large_gulls_7_ws,x15_halibutbiomassage8plus_2yrlead_predak,131.26560182877728,0.7350537591680466,Main Predator Effect
x16_sar,ak_alt_int,-0.04985627098314144,0.05269337118224472,-0.9461583091867302,0.3440678469015186,23,AltPrey Moderation (Pred*Prey),x08_large_gulls_7_ws,x15_halibutbiomassage8plus_2yrlead_predak,131.26560182877728,0.7350537591680466,AltPrey Interaction (Pred*Prey)
x07_dfa_cpue_intsprjunhw,x08_large_gulls_7_ws,0.19642661698909755,0.20014750645427157,0.9814092639419211,0.32639095959956865,24,Baseline DAG 1A (Main Effects),x08_large_gulls_7_ws,x15_dfa_sleepersharks,132.51923566663564,0.8807046310410104,Main Predator Effect
x16_sar,x07_dfa_cpue_intsprjunhw,0.458979706843468,0.16143255037728402,2.8431670426489983,0.004466765298444697,24,Baseline DAG 1A (Main Effects),x08_large_gulls_7_ws,x15_dfa_sleepersharks,132.51923566663564,0.8807046310410104,Stage Link (CPUE -> SAR)
x16_sar,x15_dfa_sleepersharks,-0.5117022475225151,0.16366771688114712,-3.1264702488280274,0.0017691840431597328,24,Baseline DAG 1A (Main Effects),x08_large_gulls_7_ws,x15_dfa_sleepersharks,132.51923566663564,0.8807046310410104,Main Predator Effect
x16_sar,x13_pollock_age1plus,-0.32735121279517004,0.18098954382051446,-1.808674721672325,0.0705015523749053,24,Baseline DAG 1A (Main Effects),x08_large_gulls_7_ws,x15_dfa_sleepersharks,132.51923566663564,0.8807046310410104,Prey Effect
x07_dfa_cpue_intsprjunhw,x08_large_gulls_7_ws,2.9427498747928675,0.692388640822836,4.2501417575188665,2.1363526673479072e-5,24,Thermal Moderation (Pred*SST),x08_large_gulls_7_ws,x15_dfa_sleepersharks,116.22933101967533,1,Main Predator Effect
x07_dfa_cpue_intsprjunhw,ncc_sst_int,-0.16545124847039855,0.04066818005278613,-4.068321922831255,4.7352929905652985e-5,24,Thermal Moderation (Pred*SST),x08_large_gulls_7_ws,x15_dfa_sleepersharks,116.22933101967533,1,Thermal Interaction (Pred*SST)
x16_sar,x07_dfa_cpue_intsprjunhw,0.2540518220609529,0.16453753721192171,1.5440356429653994,0.12257969812866554,24,Thermal Moderation (Pred*SST),x08_large_gulls_7_ws,x15_dfa_sleepersharks,116.22933101967533,1,Stage Link (CPUE -> SAR)
x16_sar,x15_dfa_sleepersharks,2.0297168622419646,0.7502191788184135,2.705498499036968,0.006820195648356009,24,Thermal Moderation (Pred*SST),x08_large_gulls_7_ws,x15_dfa_sleepersharks,116.22933101967533,1,Main Predator Effect
x16_sar,ak_sst_int,-0.13356905591471196,0.04105569403629964,-3.253362512800687,0.00114047899889691,24,Thermal Moderation (Pred*SST),x08_large_gulls_7_ws,x15_dfa_sleepersharks,116.22933101967533,1,Thermal Interaction (Pred*SST)
x07_dfa_cpue_intsprjunhw,x08_large_gulls_7_ws,0.5160864235596163,0.1850125366435232,2.7894673135258756,0.005279482535261781,24,AltPrey Moderation (Pred*Prey),x08_large_gulls_7_ws,x15_dfa_sleepersharks,124.08774308306255,0.8993816994342644,Main Predator Effect
x07_dfa_cpue_intsprjunhw,ncc_alt_int,-0.12081986300792517,0.03389013596284559,-3.565045095728808,3.6379363274874343e-4,24,AltPrey Moderation (Pred*Prey),x08_large_gulls_7_ws,x15_dfa_sleepersharks,124.08774308306255,0.8993816994342644,AltPrey Interaction (Pred*Prey)
x16_sar,x07_dfa_cpue_intsprjunhw,0.44857050006393406,0.16207162183027277,2.767730062784793,0.005644818839810384,24,AltPrey Moderation (Pred*Prey),x08_large_gulls_7_ws,x15_dfa_sleepersharks,124.08774308306255,0.8993816994342644,Stage Link (CPUE -> SAR)
x16_sar,x15_dfa_sleepersharks,-0.15639947635768375,0.18529552472799551,-0.844054256503336,0.39863908763397116,24,AltPrey Moderation (Pred*Prey),x08_large_gulls_7_ws,x15_dfa_sleepersharks,124.08774308306255,0.8993816994342644,Main Predator Effect
x16_sar,ak_alt_int,-0.0799189433482604,0.04249991250859822,-1.8804495969748616,0.06004682953062557,24,AltPrey Moderation (Pred*Prey),x08_large_gulls_7_ws,x15_dfa_sleepersharks,124.08774308306255,0.8993816994342644,AltPrey Interaction (Pred*Prey)
x07_dfa_cpue_intsprjunhw,x08_large_gulls_7_ws,0.1964266169890975,0.20014750645062857,0.981409263959784,0.32639095959076325,25,Baseline DAG 1A (Main Effects),x08_large_gulls_7_ws,x15_salmonsharkgoa_predak,139.78348984040787,0.6111234842603833,Main Predator Effect
x16_sar,x07_dfa_cpue_intsprjunhw,0.5154985878804056,0.18667601125075828,2.761461338425248,0.00575433290518812,25,Baseline DAG 1A (Main Effects),x08_large_gulls_7_ws,x15_salmonsharkgoa_predak,139.78348984040787,0.6111234842603833,Stage Link (CPUE -> SAR)
x16_sar,x15_salmonsharkgoa_predak,-0.16433801900559708,0.16824448144538048,-0.9767810367019283,0.3286775661503649,25,Baseline DAG 1A (Main Effects),x08_large_gulls_7_ws,x15_salmonsharkgoa_predak,139.78348984040787,0.6111234842603833,Main Predator Effect
x16_sar,x13_pollock_age1plus,-0.05137579169464506,0.1872369695244207,-0.27438914347491766,0.7837855852245725,25,Baseline DAG 1A (Main Effects),x08_large_gulls_7_ws,x15_salmonsharkgoa_predak,139.78348984040787,0.6111234842603833,Prey Effect
x07_dfa_cpue_intsprjunhw,x08_large_gulls_7_ws,2.9427498747928675,0.6923886480920043,4.25014171289798,2.1363530929408014e-5,25,Thermal Moderation (Pred*SST),x08_large_gulls_7_ws,x15_salmonsharkgoa_predak,121.58704197212899,1,Main Predator Effect
x07_dfa_cpue_intsprjunhw,ncc_sst_int,-0.16545124847039855,0.0406681802798672,-4.068321900114751,4.735293452107214e-5,25,Thermal Moderation (Pred*SST),x08_large_gulls_7_ws,x15_salmonsharkgoa_predak,121.58704197212899,1,Thermal Interaction (Pred*SST)
x16_sar,x07_dfa_cpue_intsprjunhw,0.19301717826115183,0.18339273316455224,1.0524799697922813,0.29257939562549673,25,Thermal Moderation (Pred*SST),x08_large_gulls_7_ws,x15_salmonsharkgoa_predak,121.58704197212899,1,Stage Link (CPUE -> SAR)
x16_sar,x15_salmonsharkgoa_predak,2.69638377963602,0.9625346607054593,2.801336813845011,0.005089137254571385,25,Thermal Moderation (Pred*SST),x08_large_gulls_7_ws,x15_salmonsharkgoa_predak,121.58704197212899,1,Main Predator Effect
x16_sar,ak_sst_int,-0.15207555450106042,0.05053589571740837,-3.009258119247585,0.0026188651695633336,25,Thermal Moderation (Pred*SST),x08_large_gulls_7_ws,x15_salmonsharkgoa_predak,121.58704197212899,1,Thermal Interaction (Pred*SST)
x07_dfa_cpue_intsprjunhw,x08_large_gulls_7_ws,0.5160864235596158,0.18501253665213166,2.7894673133960817,0.0052794825373778664,25,AltPrey Moderation (Pred*Prey),x08_large_gulls_7_ws,x15_salmonsharkgoa_predak,131.52737117422743,0.7227764466607871,Main Predator Effect
x07_dfa_cpue_intsprjunhw,ncc_alt_int,-0.12081986300792528,0.0338901359641363,-3.565045095593036,3.6379363293703726e-4,25,AltPrey Moderation (Pred*Prey),x08_large_gulls_7_ws,x15_salmonsharkgoa_predak,131.52737117422743,0.7227764466607871,AltPrey Interaction (Pred*Prey)
x16_sar,x07_dfa_cpue_intsprjunhw,0.5081466546536141,0.18657060682391158,2.723615811215168,0.006457157214311282,25,AltPrey Moderation (Pred*Prey),x08_large_gulls_7_ws,x15_salmonsharkgoa_predak,131.52737117422743,0.7227764466607871,Stage Link (CPUE -> SAR)
x16_sar,x15_salmonsharkgoa_predak,-0.08136246534793648,0.291207978351789,-0.27939641560798134,0.7799406215346296,25,AltPrey Moderation (Pred*Prey),x08_large_gulls_7_ws,x15_salmonsharkgoa_predak,131.52737117422743,0.7227764466607871,Main Predator Effect
x16_sar,ak_alt_int,-0.014213947316658726,0.03911373209502759,-0.36340043650464393,0.7163057757471807,25,AltPrey Moderation (Pred*Prey),x08_large_gulls_7_ws,x15_salmonsharkgoa_predak,131.52737117422743,0.7227764466607871,AltPrey Interaction (Pred*Prey)
x07_dfa_cpue_intsprjunhw,x08_large_gulls_7_ws,0.1964266169890975,0.20014750644506332,0.9814092639870727,0.32639095957731157,26,Baseline DAG 1A (Main Effects),x08_large_gulls_7_ws,x11_ssl_seak_pup_pred,135.8089631600517,0.951297630736777,Main Predator Effect
x16_sar,x07_dfa_cpue_intsprjunhw,0.6176854946174458,0.15762272446321313,3.9187591555785137,8.900599637917672e-5,26,Baseline DAG 1A (Main Effects),x08_large_gulls_7_ws,x11_ssl_seak_pup_pred,135.8089631600517,0.951297630736777,Stage Link (CPUE -> SAR)
x16_sar,x11_ssl_seak_pup_pred,0.12035410853061682,0.16311909091282026,0.737829691528508,0.46061794801289313,26,Baseline DAG 1A (Main Effects),x08_large_gulls_7_ws,x11_ssl_seak_pup_pred,135.8089631600517,0.951297630736777,Main Predator Effect
x16_sar,x13_stka_herr_matbiom,0.317223449299517,0.16397239171018657,1.9346150043367936,0.05303755740450389,26,Baseline DAG 1A (Main Effects),x08_large_gulls_7_ws,x11_ssl_seak_pup_pred,135.8089631600517,0.951297630736777,Prey Effect
x07_dfa_cpue_intsprjunhw,x08_large_gulls_7_ws,2.9427498747928675,0.6923886272356474,4.250141840922139,2.1363518718509056e-5,26,Thermal Moderation (Pred*SST),x08_large_gulls_7_ws,x11_ssl_seak_pup_pred,119.73917565394044,0.962837344981711,Main Predator Effect
x07_dfa_cpue_intsprjunhw,ncc_sst_int,-0.16545124847039855,0.040668179295078766,-4.0683219986300125,4.735291450463919e-5,26,Thermal Moderation (Pred*SST),x08_large_gulls_7_ws,x11_ssl_seak_pup_pred,119.73917565394044,0.962837344981711,Thermal Interaction (Pred*SST)
x16_sar,x07_dfa_cpue_intsprjunhw,0.23810903720727675,0.17262696358227061,1.379327031340609,0.16779394580367213,26,Thermal Moderation (Pred*SST),x08_large_gulls_7_ws,x11_ssl_seak_pup_pred,119.73917565394044,0.962837344981711,Stage Link (CPUE -> SAR)
x16_sar,x11_ssl_seak_pup_pred,2.7828880506213975,0.7923239412797329,3.512310944594931,4.4422793043952247e-4,26,Thermal Moderation (Pred*SST),x08_large_gulls_7_ws,x11_ssl_seak_pup_pred,119.73917565394044,0.962837344981711,Main Predator Effect
x16_sar,ak_sst_int,-0.14635502344775217,0.044409142142006315,-3.29560573315637,9.820973880414474e-4,26,Thermal Moderation (Pred*SST),x08_large_gulls_7_ws,x11_ssl_seak_pup_pred,119.73917565394044,0.962837344981711,Thermal Interaction (Pred*SST)
x07_dfa_cpue_intsprjunhw,x08_large_gulls_7_ws,0.5160864235596122,0.1850125366395528,2.7894673135857158,0.005279482534286117,26,AltPrey Moderation (Pred*Prey),x08_large_gulls_7_ws,x11_ssl_seak_pup_pred,126.67576888053276,0.759540489089406,Main Predator Effect
x07_dfa_cpue_intsprjunhw,ncc_alt_int,-0.12081986300794331,0.03389013596375059,-3.565045095634143,3.637936328799718e-4,26,AltPrey Moderation (Pred*Prey),x08_large_gulls_7_ws,x11_ssl_seak_pup_pred,126.67576888053276,0.759540489089406,AltPrey Interaction (Pred*Prey)
x16_sar,x07_dfa_cpue_intsprjunhw,0.620036921805674,0.15442191610497671,4.015213238153127,5.9392072237374194e-5,26,AltPrey Moderation (Pred*Prey),x08_large_gulls_7_ws,x11_ssl_seak_pup_pred,126.67576888053276,0.759540489089406,Stage Link (CPUE -> SAR)
x16_sar,x11_ssl_seak_pup_pred,-0.17088654328044803,0.2318163288034528,-0.7371635301210187,0.46102290870594254,26,AltPrey Moderation (Pred*Prey),x08_large_gulls_7_ws,x11_ssl_seak_pup_pred,126.67576888053276,0.759540489089406,Main Predator Effect
x16_sar,ak_alt_int,0.06334479860532784,0.028783591258278556,2.200726033000104,0.027755424698393316,26,AltPrey Moderation (Pred*Prey),x08_large_gulls_7_ws,x11_ssl_seak_pup_pred,126.67576888053276,0.759540489089406,AltPrey Interaction (Pred*Prey)
x07_dfa_cpue_intsprjunhw,x09_dfa_hakeage5plus,-0.6032598273727121,0.16279813429062395,-3.7055696614789504,2.1091614873380848e-4,27,Baseline DAG 1A (Main Effects),x09_dfa_hakeage5plus,x10_dfa_ssl.est.wholerange_2yrlead,128.35212836275758,0.6884035052214091,Main Predator Effect
x16_sar,x07_dfa_cpue_intsprjunhw,0.5706615843335977,0.1731448563255102,3.2958621840937683,9.812013613881287e-4,27,Baseline DAG 1A (Main Effects),x09_dfa_hakeage5plus,x10_dfa_ssl.est.wholerange_2yrlead,128.35212836275758,0.6884035052214091,Stage Link (CPUE -> SAR)
x16_sar,x10_dfa_ssl.est.wholerange_2yrlead,0.13164612426729383,0.17314485632688836,0.7603236218507865,0.44706116538335205,27,Baseline DAG 1A (Main Effects),x09_dfa_hakeage5plus,x10_dfa_ssl.est.wholerange_2yrlead,128.35212836275758,0.6884035052214091,Main Predator Effect
x07_dfa_cpue_intsprjunhw,x09_dfa_hakeage5plus,-0.5666237183572453,1.4890543019142644,-0.3805258932658253,0.7035550795217134,27,Thermal Moderation (Pred*SST),x09_dfa_hakeage5plus,x10_dfa_ssl.est.wholerange_2yrlead,122.33977980118055,0.9439051297200917,Main Predator Effect
x07_dfa_cpue_intsprjunhw,ncc_sst_int,-0.001773449864730831,0.0716488084941734,-0.024751979858465487,0.9802527938311032,27,Thermal Moderation (Pred*SST),x09_dfa_hakeage5plus,x10_dfa_ssl.est.wholerange_2yrlead,122.33977980118055,0.9439051297200917,Thermal Interaction (Pred*SST)
x16_sar,x07_dfa_cpue_intsprjunhw,0.24341121924981457,0.1684461458274536,1.4450388167334551,0.14844698283854907,27,Thermal Moderation (Pred*SST),x09_dfa_hakeage5plus,x10_dfa_ssl.est.wholerange_2yrlead,122.33977980118055,0.9439051297200917,Stage Link (CPUE -> SAR)
x16_sar,x10_dfa_ssl.est.wholerange_2yrlead,3.088865314731478,0.8506956385872617,3.630987599585103,2.8233875148608867e-4,27,Thermal Moderation (Pred*SST),x09_dfa_hakeage5plus,x10_dfa_ssl.est.wholerange_2yrlead,122.33977980118055,0.9439051297200917,Main Predator Effect
x16_sar,ak_sst_int,-0.1618677411430602,0.04592416850301017,-3.524674401724886,4.2400360372552015e-4,27,Thermal Moderation (Pred*SST),x09_dfa_hakeage5plus,x10_dfa_ssl.est.wholerange_2yrlead,122.33977980118055,0.9439051297200917,Thermal Interaction (Pred*SST)
x07_dfa_cpue_intsprjunhw,x09_dfa_hakeage5plus,-0.6032598273727118,0.16279813429373913,-3.7055696614080413,2.1091614879287235e-4,28,Baseline DAG 1A (Main Effects),x09_dfa_hakeage5plus,x10_californian_s_l_2yrlead_ws,126.8328168417498,0.7540126490401946,Main Predator Effect
x16_sar,x07_dfa_cpue_intsprjunhw,0.5536888363122207,0.16422508012370668,3.3715242269642407,7.475346356320411e-4,28,Baseline DAG 1A (Main Effects),x09_dfa_hakeage5plus,x10_californian_s_l_2yrlead_ws,126.8328168417498,0.7540126490401946,Stage Link (CPUE -> SAR)
x16_sar,x10_californian_s_l_2yrlead_ws,0.24271463440319502,0.16422508012346942,1.4779389008104897,0.1394241328624093,28,Baseline DAG 1A (Main Effects),x09_dfa_hakeage5plus,x10_californian_s_l_2yrlead_ws,126.8328168417498,0.7540126490401946,Main Predator Effect
x07_dfa_cpue_intsprjunhw,x09_dfa_hakeage5plus,-0.5666237183572453,1.4890543814851669,-0.3805258729315856,0.7035550946129592,28,Thermal Moderation (Pred*SST),x09_dfa_hakeage5plus,x10_californian_s_l_2yrlead_ws,121.89609909738215,0.9050946898845187,Main Predator Effect
x07_dfa_cpue_intsprjunhw,ncc_sst_int,-0.001773449864730831,0.07164881237549979,-0.024751978517612662,0.9802527949006212,28,Thermal Moderation (Pred*SST),x09_dfa_hakeage5plus,x10_californian_s_l_2yrlead_ws,121.89609909738215,0.9050946898845187,Thermal Interaction (Pred*SST)
x16_sar,x07_dfa_cpue_intsprjunhw,0.21018407008623213,0.17170858069587275,1.2240743545513693,0.22092417945531628,28,Thermal Moderation (Pred*SST),x09_dfa_hakeage5plus,x10_californian_s_l_2yrlead_ws,121.89609909738215,0.9050946898845187,Stage Link (CPUE -> SAR)
x16_sar,x10_californian_s_l_2yrlead_ws,2.9284074758105367,0.8275194294344508,3.538777908588672,4.0198390005907747e-4,28,Thermal Moderation (Pred*SST),x09_dfa_hakeage5plus,x10_californian_s_l_2yrlead_ws,121.89609909738215,0.9050946898845187,Main Predator Effect
x16_sar,ak_sst_int,-0.1498772942546209,0.04554941015476144,-3.2904332623713177,0.0010003322759324362,28,Thermal Moderation (Pred*SST),x09_dfa_hakeage5plus,x10_californian_s_l_2yrlead_ws,121.89609909738215,0.9050946898845187,Thermal Interaction (Pred*SST)
x07_dfa_cpue_intsprjunhw,x09_dfa_hakeage5plus,-0.6032598273727121,0.16279813428655251,-3.7055696615716234,2.10916148656759e-4,29,Baseline DAG 1A (Main Effects),x09_dfa_hakeage5plus,x10_harbour_s_2yrlead_ws,122.27527546910221,0.7342318779971604,Main Predator Effect
x16_sar,x07_dfa_cpue_intsprjunhw,0.4756678195233684,0.15119599768173694,3.146034463985184,0.0016550050242067904,29,Baseline DAG 1A (Main Effects),x09_dfa_hakeage5plus,x10_harbour_s_2yrlead_ws,122.27527546910221,0.7342318779971604,Stage Link (CPUE -> SAR)
x16_sar,x10_harbour_s_2yrlead_ws,-0.4184638390405785,0.15119599767617717,-2.7676912449549103,0.0056454911585002154,29,Baseline DAG 1A (Main Effects),x09_dfa_hakeage5plus,x10_harbour_s_2yrlead_ws,122.27527546910221,0.7342318779971604,Main Predator Effect
x07_dfa_cpue_intsprjunhw,x09_dfa_hakeage5plus,-0.566623718357266,1.4890543522842878,-0.3805258803938455,0.7035550890747733,29,Thermal Moderation (Pred*SST),x09_dfa_hakeage5plus,x10_harbour_s_2yrlead_ws,114.11779774405488,0.9414329368525189,Main Predator Effect
x07_dfa_cpue_intsprjunhw,ncc_sst_int,-0.0017734498651522717,0.0716488105993108,-0.024751979137101414,0.9802527944064923,29,Thermal Moderation (Pred*SST),x09_dfa_hakeage5plus,x10_harbour_s_2yrlead_ws,114.11779774405488,0.9414329368525189,Thermal Interaction (Pred*SST)
x16_sar,x07_dfa_cpue_intsprjunhw,0.1660588794224053,0.14082262181179964,1.1792059918067161,0.2383161607558879,29,Thermal Moderation (Pred*SST),x09_dfa_hakeage5plus,x10_harbour_s_2yrlead_ws,114.11779774405488,0.9414329368525189,Stage Link (CPUE -> SAR)
x16_sar,x10_harbour_s_2yrlead_ws,2.0381908526467605,0.6285317407719142,3.2427811046481305,0.0011836911510150205,29,Thermal Moderation (Pred*SST),x09_dfa_hakeage5plus,x10_harbour_s_2yrlead_ws,114.11779774405488,0.9414329368525189,Main Predator Effect
x16_sar,ak_sst_int,-0.1410801457344788,0.03546027634965673,-3.978540503840278,6.933960013055795e-5,29,Thermal Moderation (Pred*SST),x09_dfa_hakeage5plus,x10_harbour_s_2yrlead_ws,114.11779774405488,0.9414329368525189,Thermal Interaction (Pred*SST)
x07_dfa_cpue_intsprjunhw,x09_dfa_hakeage5plus,-0.6032598273727118,0.1627981342878701,-3.705569661541631,2.10916148681628e-4,30,Baseline DAG 1A (Main Effects),x09_dfa_hakeage5plus,x10_northern_f_s_2yrlead_ws,126.11514645402914,0.8322822390140884,Main Predator Effect
x16_sar,x07_dfa_cpue_intsprjunhw,0.48288118919285217,0.16537886460725448,2.9198482547307933,0.0035020186328929004,30,Baseline DAG 1A (Main Effects),x09_dfa_hakeage5plus,x10_northern_f_s_2yrlead_ws,126.11514645402914,0.8322822390140884,Stage Link (CPUE -> SAR)
x16_sar,x10_northern_f_s_2yrlead_ws,0.2854458001034628,0.16537886460821422,1.7260113665654286,0.08434536786432645,30,Baseline DAG 1A (Main Effects),x09_dfa_hakeage5plus,x10_northern_f_s_2yrlead_ws,126.11514645402914,0.8322822390140884,Main Predator Effect
x07_dfa_cpue_intsprjunhw,x09_dfa_hakeage5plus,-0.5666237183572453,1.4890543305664448,-0.38052588594379794,0.7035550849558243,30,Thermal Moderation (Pred*SST),x09_dfa_hakeage5plus,x10_northern_f_s_2yrlead_ws,123.4368023734051,0.7528719564052269,Main Predator Effect
x07_dfa_cpue_intsprjunhw,ncc_sst_int,-0.001773449864730831,0.07164880978390423,-0.024751979412911802,0.9802527941864947,30,Thermal Moderation (Pred*SST),x09_dfa_hakeage5plus,x10_northern_f_s_2yrlead_ws,123.4368023734051,0.7528719564052269,Thermal Interaction (Pred*SST)
x16_sar,x07_dfa_cpue_intsprjunhw,0.13714407807290896,0.19034889730875662,0.7204879041166892,0.47122464453418655,30,Thermal Moderation (Pred*SST),x09_dfa_hakeage5plus,x10_northern_f_s_2yrlead_ws,123.4368023734051,0.7528719564052269,Stage Link (CPUE -> SAR)
x16_sar,x10_northern_f_s_2yrlead_ws,2.612291863386326,0.8508356727308117,3.070266030339334,0.002138681797295927,30,Thermal Moderation (Pred*SST),x09_dfa_hakeage5plus,x10_northern_f_s_2yrlead_ws,123.4368023734051,0.7528719564052269,Main Predator Effect
x16_sar,ak_sst_int,-0.14206853648403017,0.05120048050675466,-2.774750062458646,0.005524414560894808,30,Thermal Moderation (Pred*SST),x09_dfa_hakeage5plus,x10_northern_f_s_2yrlead_ws,123.4368023734051,0.7528719564052269,Thermal Interaction (Pred*SST)
x07_dfa_cpue_intsprjunhw,x09_dfa_hakeage5plus,-0.6032598273727118,0.1627981342938584,-3.705569661405327,2.109161487950928e-4,31,Baseline DAG 1A (Main Effects),x09_dfa_hakeage5plus,x15_arrowtoothflounderbiomass_predak,119.87288579225515,0.9110964182275858,Main Predator Effect
x16_sar,x07_dfa_cpue_intsprjunhw,0.40177046667273164,0.15457063921789085,2.5992676792024842,0.009342289179006702,31,Baseline DAG 1A (Main Effects),x09_dfa_hakeage5plus,x15_arrowtoothflounderbiomass_predak,119.87288579225515,0.9110964182275858,Stage Link (CPUE -> SAR)
x16_sar,x15_arrowtoothflounderbiomass_predak,-1.0414980241962677,0.27988268545401496,-3.721194908884019,1.9828231975949073e-4,31,Baseline DAG 1A (Main Effects),x09_dfa_hakeage5plus,x15_arrowtoothflounderbiomass_predak,119.87288579225515,0.9110964182275858,Main Predator Effect
x16_sar,x13_pollock_age1plus,-1.019452745354235,0.2978013513980552,-3.423264335666452,6.187387675660183e-4,31,Baseline DAG 1A (Main Effects),x09_dfa_hakeage5plus,x15_arrowtoothflounderbiomass_predak,119.87288579225515,0.9110964182275858,Prey Effect
x07_dfa_cpue_intsprjunhw,x09_dfa_hakeage5plus,-0.5666237183572453,1.4890542495667254,-0.3805259066431714,0.7035550695935913,31,Thermal Moderation (Pred*SST),x09_dfa_hakeage5plus,x15_arrowtoothflounderbiomass_predak,121.2190853980627,0.646911455609031,Main Predator Effect
x07_dfa_cpue_intsprjunhw,ncc_sst_int,-0.001773449864730831,0.07164880585965919,-0.024751980768591513,0.9802527931051501,31,Thermal Moderation (Pred*SST),x09_dfa_hakeage5plus,x15_arrowtoothflounderbiomass_predak,121.2190853980627,0.646911455609031,Thermal Interaction (Pred*SST)
x16_sar,x07_dfa_cpue_intsprjunhw,0.2118202347828972,0.1790212488701564,1.1832128092041732,0.2367248177021568,31,Thermal Moderation (Pred*SST),x09_dfa_hakeage5plus,x15_arrowtoothflounderbiomass_predak,121.2190853980627,0.646911455609031,Stage Link (CPUE -> SAR)
x16_sar,x15_arrowtoothflounderbiomass_predak,2.4390770819265453,0.7582642841530313,3.2166582719255388,0.0012969297600657903,31,Thermal Moderation (Pred*SST),x09_dfa_hakeage5plus,x15_arrowtoothflounderbiomass_predak,121.2190853980627,0.646911455609031,Main Predator Effect
x16_sar,ak_sst_int,-0.15111819922214553,0.04239775406359475,-3.56429727375358,3.648322949509897e-4,31,Thermal Moderation (Pred*SST),x09_dfa_hakeage5plus,x15_arrowtoothflounderbiomass_predak,121.2190853980627,0.646911455609031,Thermal Interaction (Pred*SST)
x07_dfa_cpue_intsprjunhw,x09_dfa_hakeage5plus,-0.6677512703187711,0.2916742624359978,-2.289373305487645,0.02205767178288509,31,AltPrey Moderation (Pred*Prey),x09_dfa_hakeage5plus,x15_arrowtoothflounderbiomass_predak,118.75656573911351,0.796787580429723,Main Predator Effect
x07_dfa_cpue_intsprjunhw,ncc_alt_int,0.009444027748774331,0.03546373295208452,0.26630100563678033,0.7900073986703764,31,AltPrey Moderation (Pred*Prey),x09_dfa_hakeage5plus,x15_arrowtoothflounderbiomass_predak,118.75656573911351,0.796787580429723,AltPrey Interaction (Pred*Prey)
x16_sar,x07_dfa_cpue_intsprjunhw,0.35781818779023283,0.14707227377892165,2.43294115604756,0.014976734621133359,31,AltPrey Moderation (Pred*Prey),x09_dfa_hakeage5plus,x15_arrowtoothflounderbiomass_predak,118.75656573911351,0.796787580429723,Stage Link (CPUE -> SAR)
x16_sar,x15_arrowtoothflounderbiomass_predak,0.1928181716022973,0.1673672234312674,1.1520665017274534,0.24929374711995966,31,AltPrey Moderation (Pred*Prey),x09_dfa_hakeage5plus,x15_arrowtoothflounderbiomass_predak,118.75656573911351,0.796787580429723,Main Predator Effect
x16_sar,ak_alt_int,-0.2704170327931216,0.06646851438076369,-4.068347778077941,4.7347676885189927e-5,31,AltPrey Moderation (Pred*Prey),x09_dfa_hakeage5plus,x15_arrowtoothflounderbiomass_predak,118.75656573911351,0.796787580429723,AltPrey Interaction (Pred*Prey)
x07_dfa_cpue_intsprjunhw,x09_dfa_hakeage5plus,-0.6032598273727118,0.1627981342836803,-3.7055696616369977,2.1091614860235808e-4,32,Baseline DAG 1A (Main Effects),x09_dfa_hakeage5plus,x15_sablefishbiomass_predak,128.54091940310116,0.671732683477769,Main Predator Effect
x16_sar,x07_dfa_cpue_intsprjunhw,0.5144959061035621,0.18157711302815757,2.833484339096074,0.004604356403721033,32,Baseline DAG 1A (Main Effects),x09_dfa_hakeage5plus,x15_sablefishbiomass_predak,128.54091940310116,0.671732683477769,Stage Link (CPUE -> SAR)
x16_sar,x15_sablefishbiomass_predak,0.31584596615860905,0.20497665352863914,1.5408875143650413,0.12334416509597479,32,Baseline DAG 1A (Main Effects),x09_dfa_hakeage5plus,x15_sablefishbiomass_predak,128.54091940310116,0.671732683477769,Main Predator Effect
x16_sar,x13_pollock_age1plus,-0.25687765365132903,0.21996717005692443,-1.1677999657169418,0.24288746195678534,32,Baseline DAG 1A (Main Effects),x09_dfa_hakeage5plus,x15_sablefishbiomass_predak,128.54091940310116,0.671732683477769,Prey Effect
x07_dfa_cpue_intsprjunhw,x09_dfa_hakeage5plus,-0.5666237183572366,1.4890543654927357,-0.3805258770184243,0.7035550915798736,32,Thermal Moderation (Pred*SST),x09_dfa_hakeage5plus,x15_sablefishbiomass_predak,122.89555232680647,0.6429207701290237,Main Predator Effect
x07_dfa_cpue_intsprjunhw,ncc_sst_int,-0.0017734498645354318,0.07164881148293477,-0.02475197882323324,0.980252794656846,32,Thermal Moderation (Pred*SST),x09_dfa_hakeage5plus,x15_sablefishbiomass_predak,122.89555232680647,0.6429207701290237,Thermal Interaction (Pred*SST)
x16_sar,x07_dfa_cpue_intsprjunhw,0.2448594391021882,0.1784992926754904,1.3717669993647525,0.17013598358225202,32,Thermal Moderation (Pred*SST),x09_dfa_hakeage5plus,x15_sablefishbiomass_predak,122.89555232680647,0.6429207701290237,Stage Link (CPUE -> SAR)
x16_sar,x15_sablefishbiomass_predak,2.994520970147803,0.8652534580943253,3.4608598695959865,5.384530165242207e-4,32,Thermal Moderation (Pred*SST),x09_dfa_hakeage5plus,x15_sablefishbiomass_predak,122.89555232680647,0.6429207701290237,Main Predator Effect
x16_sar,ak_sst_int,-0.1589962962858142,0.04820753990878027,-3.2981624158103005,9.731982458069943e-4,32,Thermal Moderation (Pred*SST),x09_dfa_hakeage5plus,x15_sablefishbiomass_predak,122.89555232680647,0.6429207701290237,Thermal Interaction (Pred*SST)
x07_dfa_cpue_intsprjunhw,x09_dfa_hakeage5plus,-0.6677512703187707,0.29167426234465044,-2.2893733062046357,0.02205767174126194,32,AltPrey Moderation (Pred*Prey),x09_dfa_hakeage5plus,x15_sablefishbiomass_predak,131.22165139027072,0.6127062181537053,Main Predator Effect
x07_dfa_cpue_intsprjunhw,ncc_alt_int,0.00944402774877465,0.03546373294657329,0.2663010056781737,0.7900073986384997,32,AltPrey Moderation (Pred*Prey),x09_dfa_hakeage5plus,x15_sablefishbiomass_predak,131.22165139027072,0.6127062181537053,AltPrey Interaction (Pred*Prey)
x16_sar,x07_dfa_cpue_intsprjunhw,0.543796231176764,0.18286855063970237,2.973700121067734,0.002942324724384937,32,AltPrey Moderation (Pred*Prey),x09_dfa_hakeage5plus,x15_sablefishbiomass_predak,131.22165139027072,0.6127062181537053,Stage Link (CPUE -> SAR)
x16_sar,x15_sablefishbiomass_predak,0.4918382686603895,0.44259581481125665,1.1112582907502913,0.2664571870868344,32,AltPrey Moderation (Pred*Prey),x09_dfa_hakeage5plus,x15_sablefishbiomass_predak,131.22165139027072,0.6127062181537053,Main Predator Effect
x16_sar,ak_alt_int,-0.03537095480668516,0.0463718444186044,-0.7627679090654053,0.4456018226977432,32,AltPrey Moderation (Pred*Prey),x09_dfa_hakeage5plus,x15_sablefishbiomass_predak,131.22165139027072,0.6127062181537053,AltPrey Interaction (Pred*Prey)
x07_dfa_cpue_intsprjunhw,x09_dfa_hakeage5plus,-0.6032598273727118,0.16279813429397744,-3.7055696614026172,2.1091614879731324e-4,33,Baseline DAG 1A (Main Effects),x09_dfa_hakeage5plus,x15_sablefishrecruitment_predak,128.90180137453027,0.7280461012138728,Main Predator Effect
x16_sar,x07_dfa_cpue_intsprjunhw,0.4639233110693981,0.1864322717968888,2.4884281385297164,0.012830916475225607,33,Baseline DAG 1A (Main Effects),x09_dfa_hakeage5plus,x15_sablefishrecruitment_predak,128.90180137453027,0.7280461012138728,Stage Link (CPUE -> SAR)
x16_sar,x15_sablefishrecruitment_predak,0.478719469683056,0.3401495419411719,1.407379433619374,0.1593149063635586,33,Baseline DAG 1A (Main Effects),x09_dfa_hakeage5plus,x15_sablefishrecruitment_predak,128.90180137453027,0.7280461012138728,Main Predator Effect
x16_sar,x13_pollock_age1plus,-0.5044711075037241,0.36156245902148343,-1.3952530051626553,0.1629395581300217,33,Baseline DAG 1A (Main Effects),x09_dfa_hakeage5plus,x15_sablefishrecruitment_predak,128.90180137453027,0.7280461012138728,Prey Effect
x07_dfa_cpue_intsprjunhw,x09_dfa_hakeage5plus,-0.5666237183572453,1.4890543375067293,-0.3805258841702173,0.7035550862721038,33,Thermal Moderation (Pred*SST),x09_dfa_hakeage5plus,x15_sablefishrecruitment_predak,124.87611807537951,0.6976158511374266,Main Predator Effect
x07_dfa_cpue_intsprjunhw,ncc_sst_int,-0.001773449864730831,0.07164881004074657,-0.024751979324182397,0.980252794257269,33,Thermal Moderation (Pred*SST),x09_dfa_hakeage5plus,x15_sablefishrecruitment_predak,124.87611807537951,0.6976158511374266,Thermal Interaction (Pred*SST)
x16_sar,x07_dfa_cpue_intsprjunhw,0.2500871759877118,0.183240986015553,1.3647993357036676,0.17231612766518278,33,Thermal Moderation (Pred*SST),x09_dfa_hakeage5plus,x15_sablefishrecruitment_predak,124.87611807537951,0.6976158511374266,Stage Link (CPUE -> SAR)
x16_sar,x15_sablefishrecruitment_predak,2.8444327861193868,0.9201023616224365,3.0914308067895147,0.0019919440103020047,33,Thermal Moderation (Pred*SST),x09_dfa_hakeage5plus,x15_sablefishrecruitment_predak,124.87611807537951,0.6976158511374266,Main Predator Effect
x16_sar,ak_sst_int,-0.15372460244418396,0.050270410870548676,-3.05795396898665,0.002228538053882234,33,Thermal Moderation (Pred*SST),x09_dfa_hakeage5plus,x15_sablefishrecruitment_predak,124.87611807537951,0.6976158511374266,Thermal Interaction (Pred*SST)
x07_dfa_cpue_intsprjunhw,x09_dfa_hakeage5plus,-0.667751270318771,0.291674262407053,-2.289373305714834,0.022057671769696086,33,AltPrey Moderation (Pred*Prey),x09_dfa_hakeage5plus,x15_sablefishrecruitment_predak,131.2601116230697,0.6381674768096101,Main Predator Effect
x07_dfa_cpue_intsprjunhw,ncc_alt_int,0.009444027748773318,0.035463732956021884,0.26630100560718567,0.7900073986931668,33,AltPrey Moderation (Pred*Prey),x09_dfa_hakeage5plus,x15_sablefishrecruitment_predak,131.2601116230697,0.6381674768096101,AltPrey Interaction (Pred*Prey)
x16_sar,x07_dfa_cpue_intsprjunhw,0.47512637519182466,0.1883002846379054,2.5232376897649167,0.011627977554578006,33,AltPrey Moderation (Pred*Prey),x09_dfa_hakeage5plus,x15_sablefishrecruitment_predak,131.2601116230697,0.6381674768096101,Stage Link (CPUE -> SAR)
x16_sar,x15_sablefishrecruitment_predak,1.0156977832485707,0.7952610395524269,1.2771879077846007,0.20153591505807333,33,AltPrey Moderation (Pred*Prey),x09_dfa_hakeage5plus,x15_sablefishrecruitment_predak,131.2601116230697,0.6381674768096101,Main Predator Effect
x16_sar,ak_alt_int,-0.09391396232017916,0.07701684785814672,-1.2193950405910452,0.22269429136551322,33,AltPrey Moderation (Pred*Prey),x09_dfa_hakeage5plus,x15_sablefishrecruitment_predak,131.2601116230697,0.6381674768096101,AltPrey Interaction (Pred*Prey)
x07_dfa_cpue_intsprjunhw,x09_dfa_hakeage5plus,-0.603259827372712,0.1627981342785297,-3.705569661754236,2.1091614850465845e-4,34,Baseline DAG 1A (Main Effects),x09_dfa_hakeage5plus,x15_pacificcodbiomass_predak,130.7999814172287,0.6615792518188244,Main Predator Effect
x16_sar,x07_dfa_cpue_intsprjunhw,0.5150682727977605,0.19054786224365522,2.70309132169186,0.006869786918072274,34,Baseline DAG 1A (Main Effects),x09_dfa_hakeage5plus,x15_pacificcodbiomass_predak,130.7999814172287,0.6615792518188244,Stage Link (CPUE -> SAR)
x16_sar,x15_pacificcodbiomass_predak,0.017846651522047455,0.2514097824839454,0.07098630509012556,0.943408654947989,34,Baseline DAG 1A (Main Effects),x09_dfa_hakeage5plus,x15_pacificcodbiomass_predak,130.7999814172287,0.6615792518188244,Main Predator Effect
x16_sar,x13_pollock_age1plus,-0.052203524267463663,0.2676669173734584,-0.19503166390423757,0.8453681593546047,34,Baseline DAG 1A (Main Effects),x09_dfa_hakeage5plus,x15_pacificcodbiomass_predak,130.7999814172287,0.6615792518188244,Prey Effect
x07_dfa_cpue_intsprjunhw,x09_dfa_hakeage5plus,-0.5666237183572453,1.489054241660674,-0.3805259086635527,0.7035550680941465,34,Thermal Moderation (Pred*SST),x09_dfa_hakeage5plus,x15_pacificcodbiomass_predak,123.72416417571475,0.8357722606492471,Main Predator Effect
x07_dfa_cpue_intsprjunhw,ncc_sst_int,-0.001773449864730831,0.07164880554457569,-0.02475198087744107,0.9802527930183274,34,Thermal Moderation (Pred*SST),x09_dfa_hakeage5plus,x15_pacificcodbiomass_predak,123.72416417571475,0.8357722606492471,Thermal Interaction (Pred*SST)
x16_sar,x07_dfa_cpue_intsprjunhw,0.18058268111065762,0.18105206272254623,0.9974074771376236,0.3185667634593088,34,Thermal Moderation (Pred*SST),x09_dfa_hakeage5plus,x15_pacificcodbiomass_predak,123.72416417571475,0.8357722606492471,Stage Link (CPUE -> SAR)
x16_sar,x15_pacificcodbiomass_predak,2.688029697989839,0.8053564311987177,3.337689492326884,8.447809678258089e-4,34,Thermal Moderation (Pred*SST),x09_dfa_hakeage5plus,x15_pacificcodbiomass_predak,123.72416417571475,0.8357722606492471,Main Predator Effect
x16_sar,ak_sst_int,-0.1533671133146506,0.04606448823879006,-3.329400133995258,8.703326954464519e-4,34,Thermal Moderation (Pred*SST),x09_dfa_hakeage5plus,x15_pacificcodbiomass_predak,123.72416417571475,0.8357722606492471,Thermal Interaction (Pred*SST)
x07_dfa_cpue_intsprjunhw,x09_dfa_hakeage5plus,-0.6677512703187709,0.2916742624096439,-2.289373305694498,0.022057671770876697,34,AltPrey Moderation (Pred*Prey),x09_dfa_hakeage5plus,x15_pacificcodbiomass_predak,132.17411287987113,0.5398709954512444,Main Predator Effect
x07_dfa_cpue_intsprjunhw,ncc_alt_int,0.009444027748773762,0.03546373295361703,0.2663010056252565,0.7900073986792506,34,AltPrey Moderation (Pred*Prey),x09_dfa_hakeage5plus,x15_pacificcodbiomass_predak,132.17411287987113,0.5398709954512444,AltPrey Interaction (Pred*Prey)
x16_sar,x07_dfa_cpue_intsprjunhw,0.4744308558771736,0.18972154335365532,2.500669388888528,0.012395883778451022,34,AltPrey Moderation (Pred*Prey),x09_dfa_hakeage5plus,x15_pacificcodbiomass_predak,132.17411287987113,0.5398709954512444,Stage Link (CPUE -> SAR)
x16_sar,x15_pacificcodbiomass_predak,0.15939508972709115,0.2243212967627383,0.7105660141385561,0.4773532097068127,34,AltPrey Moderation (Pred*Prey),x09_dfa_hakeage5plus,x15_pacificcodbiomass_predak,132.17411287987113,0.5398709954512444,Main Predator Effect
x16_sar,ak_alt_int,-0.044422851078697194,0.0573280428875948,-0.77488867299724,0.4384054458549209,34,AltPrey Moderation (Pred*Prey),x09_dfa_hakeage5plus,x15_pacificcodbiomass_predak,132.17411287987113,0.5398709954512444,AltPrey Interaction (Pred*Prey)
x07_dfa_cpue_intsprjunhw,x09_dfa_hakeage5plus,-0.603259827372712,0.16279813428966658,-3.7055696615007414,2.1091614871560083e-4,35,Baseline DAG 1A (Main Effects),x09_dfa_hakeage5plus,x15_spinydogfishgoa_predak,124.10636392278604,0.7586457672582247,Main Predator Effect
x16_sar,x07_dfa_cpue_intsprjunhw,0.5953730300386484,0.15471529952633223,3.848184580719615,1.1899638274570634e-4,35,Baseline DAG 1A (Main Effects),x09_dfa_hakeage5plus,x15_spinydogfishgoa_predak,124.10636392278604,0.7586457672582247,Stage Link (CPUE -> SAR)
x16_sar,x15_spinydogfishgoa_predak,0.23258740133980885,0.15648935088257446,1.4862826130216131,0.13720438370530474,35,Baseline DAG 1A (Main Effects),x09_dfa_hakeage5plus,x15_spinydogfishgoa_predak,124.10636392278604,0.7586457672582247,Main Predator Effect
x16_sar,x12_egoa.krill,0.3880495468835181,0.15047569330839253,2.5788188002445662,0.009913877436616758,35,Baseline DAG 1A (Main Effects),x09_dfa_hakeage5plus,x15_spinydogfishgoa_predak,124.10636392278604,0.7586457672582247,Prey Effect
x07_dfa_cpue_intsprjunhw,x09_dfa_hakeage5plus,-0.5666237183572453,1.4890543614008283,-0.38052587806411176,0.7035550908038068,35,Thermal Moderation (Pred*SST),x09_dfa_hakeage5plus,x15_spinydogfishgoa_predak,121.82175671788752,0.8499351918146947,Main Predator Effect
x07_dfa_cpue_intsprjunhw,ncc_sst_int,-0.0017734498647246138,0.07164881150841167,-0.02475197881707233,0.9802527946617603,35,Thermal Moderation (Pred*SST),x09_dfa_hakeage5plus,x15_spinydogfishgoa_predak,121.82175671788752,0.8499351918146947,Thermal Interaction (Pred*SST)
x16_sar,x07_dfa_cpue_intsprjunhw,0.25088565589685197,0.17075315750628933,1.4692885306534442,0.1417545463660117,35,Thermal Moderation (Pred*SST),x09_dfa_hakeage5plus,x15_spinydogfishgoa_predak,121.82175671788752,0.8499351918146947,Stage Link (CPUE -> SAR)
x16_sar,x15_spinydogfishgoa_predak,3.280977015941449,0.8858909190234211,3.703590301567034,2.1256946495062934e-4,35,Thermal Moderation (Pred*SST),x09_dfa_hakeage5plus,x15_spinydogfishgoa_predak,121.82175671788752,0.8499351918146947,Main Predator Effect
x16_sar,ak_sst_int,-0.17057242740372763,0.04797711081905698,-3.5552876046878295,3.775658500133616e-4,35,Thermal Moderation (Pred*SST),x09_dfa_hakeage5plus,x15_spinydogfishgoa_predak,121.82175671788752,0.8499351918146947,Thermal Interaction (Pred*SST)
x07_dfa_cpue_intsprjunhw,x09_dfa_hakeage5plus,-0.6677512703187708,0.2916742624580029,-2.2893733053149243,0.02205767179291196,35,AltPrey Moderation (Pred*Prey),x09_dfa_hakeage5plus,x15_spinydogfishgoa_predak,125.96348944559224,0.702222851428851,Main Predator Effect
x07_dfa_cpue_intsprjunhw,ncc_alt_int,0.009444027748773762,0.035463732954684773,0.2663010056172387,0.7900073986854252,35,AltPrey Moderation (Pred*Prey),x09_dfa_hakeage5plus,x15_spinydogfishgoa_predak,125.96348944559224,0.702222851428851,AltPrey Interaction (Pred*Prey)
x16_sar,x07_dfa_cpue_intsprjunhw,0.5969971139326252,0.15449163388707124,3.864268238427799,1.1142272553898991e-4,35,AltPrey Moderation (Pred*Prey),x09_dfa_hakeage5plus,x15_spinydogfishgoa_predak,125.96348944559224,0.702222851428851,Stage Link (CPUE -> SAR)
x16_sar,x15_spinydogfishgoa_predak,-0.1742533128586134,0.20402008222415347,-0.8540988267378707,0.3930502339495334,35,AltPrey Moderation (Pred*Prey),x09_dfa_hakeage5plus,x15_spinydogfishgoa_predak,125.96348944559224,0.702222851428851,Main Predator Effect
x16_sar,ak_alt_int,0.08565949326503668,0.03298874553906643,2.59662778518194,0.00941438803367367,35,AltPrey Moderation (Pred*Prey),x09_dfa_hakeage5plus,x15_spinydogfishgoa_predak,125.96348944559224,0.702222851428851,AltPrey Interaction (Pred*Prey)
x07_dfa_cpue_intsprjunhw,x09_dfa_hakeage5plus,-0.6032598273727121,0.16279813429134327,-3.7055696614625777,2.109161487473532e-4,36,Baseline DAG 1A (Main Effects),x09_dfa_hakeage5plus,x15_halibutbiomassage8plus_2yrlead_predak,129.67247170302778,0.6926019066655751,Main Predator Effect
x16_sar,x07_dfa_cpue_intsprjunhw,0.5132119250932967,0.18591182858894978,2.7605124912627588,0.005771075101507872,36,Baseline DAG 1A (Main Effects),x09_dfa_hakeage5plus,x15_halibutbiomassage8plus_2yrlead_predak,129.67247170302778,0.6926019066655751,Stage Link (CPUE -> SAR)
x16_sar,x15_halibutbiomassage8plus_2yrlead_predak,-0.2204266530139101,0.20468785162963174,-1.0768917219999778,0.2815286417227514,36,Baseline DAG 1A (Main Effects),x09_dfa_hakeage5plus,x15_halibutbiomassage8plus_2yrlead_predak,129.67247170302778,0.6926019066655751,Main Predator Effect
x16_sar,x13_pollock_age1plus,-0.19359342770965704,0.22067261460091114,-0.8772879591777751,0.3803302506216968,36,Baseline DAG 1A (Main Effects),x09_dfa_hakeage5plus,x15_halibutbiomassage8plus_2yrlead_predak,129.67247170302778,0.6926019066655751,Prey Effect
x07_dfa_cpue_intsprjunhw,x09_dfa_hakeage5plus,-0.5666237183572512,1.489054304277613,-0.3805258926618786,0.7035550799699379,36,Thermal Moderation (Pred*SST),x09_dfa_hakeage5plus,x15_halibutbiomassage8plus_2yrlead_predak,121.40935755554284,0.6100763666317792,Main Predator Effect
x07_dfa_cpue_intsprjunhw,ncc_sst_int,-0.001773449864717802,0.07164880873460372,-0.024751979775223972,0.9802527938975001,36,Thermal Moderation (Pred*SST),x09_dfa_hakeage5plus,x15_halibutbiomassage8plus_2yrlead_predak,121.40935755554284,0.6100763666317792,Thermal Interaction (Pred*SST)
x16_sar,x07_dfa_cpue_intsprjunhw,0.17992986057856505,0.17464947788726282,1.0302341739304297,0.30290009114462313,36,Thermal Moderation (Pred*SST),x09_dfa_hakeage5plus,x15_halibutbiomassage8plus_2yrlead_predak,121.40935755554284,0.6100763666317792,Stage Link (CPUE -> SAR)
x16_sar,x15_halibutbiomassage8plus_2yrlead_predak,2.8036196795868693,0.7950300539882527,3.526432322303498,4.211987994346966e-4,36,Thermal Moderation (Pred*SST),x09_dfa_hakeage5plus,x15_halibutbiomassage8plus_2yrlead_predak,121.40935755554284,0.6100763666317792,Main Predator Effect
x16_sar,ak_sst_int,-0.17376376883189196,0.046463241205892555,-3.739811608533563,1.841582252282148e-4,36,Thermal Moderation (Pred*SST),x09_dfa_hakeage5plus,x15_halibutbiomassage8plus_2yrlead_predak,121.40935755554284,0.6100763666317792,Thermal Interaction (Pred*SST)
x07_dfa_cpue_intsprjunhw,x09_dfa_hakeage5plus,-0.6677512703187709,0.2916742624688661,-2.2893733052296588,0.022057671797861778,36,AltPrey Moderation (Pred*Prey),x09_dfa_hakeage5plus,x15_halibutbiomassage8plus_2yrlead_predak,131.48028810347023,0.6171966883473335,Main Predator Effect
x07_dfa_cpue_intsprjunhw,ncc_alt_int,0.009444027748773762,0.035463732957311755,0.2663010055975124,0.790007398700616,36,AltPrey Moderation (Pred*Prey),x09_dfa_hakeage5plus,x15_halibutbiomassage8plus_2yrlead_predak,131.48028810347023,0.6171966883473335,AltPrey Interaction (Pred*Prey)
x16_sar,x07_dfa_cpue_intsprjunhw,0.5022742454189847,0.1880401498137243,2.671101070258378,0.007560287885426176,36,AltPrey Moderation (Pred*Prey),x09_dfa_hakeage5plus,x15_halibutbiomassage8plus_2yrlead_predak,131.48028810347023,0.6171966883473335,Stage Link (CPUE -> SAR)
x16_sar,x15_halibutbiomassage8plus_2yrlead_predak,0.006982158498256002,0.22058522126439536,0.03165288435115572,0.9747488688811818,36,AltPrey Moderation (Pred*Prey),x09_dfa_hakeage5plus,x15_halibutbiomassage8plus_2yrlead_predak,131.48028810347023,0.6171966883473335,Main Predator Effect
x16_sar,ak_alt_int,-0.04985627098314144,0.052693371181973224,-0.9461583091916052,0.3440678468990326,36,AltPrey Moderation (Pred*Prey),x09_dfa_hakeage5plus,x15_halibutbiomassage8plus_2yrlead_predak,131.48028810347023,0.6171966883473335,AltPrey Interaction (Pred*Prey)
x07_dfa_cpue_intsprjunhw,x09_dfa_hakeage5plus,-0.6032598273727119,0.16279813428427603,-3.705569661623439,2.109161486134603e-4,37,Baseline DAG 1A (Main Effects),x09_dfa_hakeage5plus,x15_dfa_sleepersharks,122.60514125384944,0.8830640220779753,Main Predator Effect
x16_sar,x07_dfa_cpue_intsprjunhw,0.4589797068434587,0.16143255037955287,2.843167042608981,0.004466765299005582,37,Baseline DAG 1A (Main Effects),x09_dfa_hakeage5plus,x15_dfa_sleepersharks,122.60514125384944,0.8830640220779753,Stage Link (CPUE -> SAR)
x16_sar,x15_dfa_sleepersharks,-0.5117022475225245,0.16366771687595272,-3.1264702489273106,0.0017691840425624328,37,Baseline DAG 1A (Main Effects),x09_dfa_hakeage5plus,x15_dfa_sleepersharks,122.60514125384944,0.8830640220779753,Main Predator Effect
x16_sar,x13_pollock_age1plus,-0.32735121279517926,0.18098954381708207,-1.8086747217066765,0.07050155236956535,37,Baseline DAG 1A (Main Effects),x09_dfa_hakeage5plus,x15_dfa_sleepersharks,122.60514125384944,0.8830640220779753,Prey Effect
x07_dfa_cpue_intsprjunhw,x09_dfa_hakeage5plus,-0.5666237183572453,1.4890542281306485,-0.38052591212113346,0.7035550655280707,37,Thermal Moderation (Pred*SST),x09_dfa_hakeage5plus,x15_dfa_sleepersharks,118.90292654099551,0.6370745390093622,Main Predator Effect
x07_dfa_cpue_intsprjunhw,ncc_sst_int,-0.001773449864730831,0.07164880504626883,-0.02475198104958744,0.9802527928810165,37,Thermal Moderation (Pred*SST),x09_dfa_hakeage5plus,x15_dfa_sleepersharks,118.90292654099551,0.6370745390093622,Thermal Interaction (Pred*SST)
x16_sar,x07_dfa_cpue_intsprjunhw,0.2540518220609529,0.16453753740847982,1.54403564112088,0.12257969857548723,37,Thermal Moderation (Pred*SST),x09_dfa_hakeage5plus,x15_dfa_sleepersharks,118.90292654099551,0.6370745390093622,Stage Link (CPUE -> SAR)
x16_sar,x15_dfa_sleepersharks,2.0297168622419646,0.7502191948231136,2.7054984413195804,0.006820196833549508,37,Thermal Moderation (Pred*SST),x09_dfa_hakeage5plus,x15_dfa_sleepersharks,118.90292654099551,0.6370745390093622,Main Predator Effect
x16_sar,ak_sst_int,-0.13356905591471196,0.041055694974898665,-3.2533624384236024,0.001140479297444097,37,Thermal Moderation (Pred*SST),x09_dfa_hakeage5plus,x15_dfa_sleepersharks,118.90292654099551,0.6370745390093622,Thermal Interaction (Pred*SST)
x07_dfa_cpue_intsprjunhw,x09_dfa_hakeage5plus,-0.6677512703187709,0.29167426240530503,-2.289373305728554,0.022057671768899834,37,AltPrey Moderation (Pred*Prey),x09_dfa_hakeage5plus,x15_dfa_sleepersharks,124.30242935775567,0.7016007367821637,Main Predator Effect
x07_dfa_cpue_intsprjunhw,ncc_alt_int,0.009444027748773762,0.03546373295241294,0.26630100563429815,0.7900073986722878,37,AltPrey Moderation (Pred*Prey),x09_dfa_hakeage5plus,x15_dfa_sleepersharks,124.30242935775567,0.7016007367821637,AltPrey Interaction (Pred*Prey)
x16_sar,x07_dfa_cpue_intsprjunhw,0.44857050006393406,0.16207162183893217,2.7677300626369146,0.005644818842371446,37,AltPrey Moderation (Pred*Prey),x09_dfa_hakeage5plus,x15_dfa_sleepersharks,124.30242935775567,0.7016007367821637,Stage Link (CPUE -> SAR)
x16_sar,x15_dfa_sleepersharks,-0.15639947635768375,0.1852955247380812,-0.8440542564573938,0.3986390876596426,37,AltPrey Moderation (Pred*Prey),x09_dfa_hakeage5plus,x15_dfa_sleepersharks,124.30242935775567,0.7016007367821637,Main Predator Effect
x16_sar,ak_alt_int,-0.0799189433482604,0.04249991251072376,-1.8804495968808148,0.06004682954343199,37,AltPrey Moderation (Pred*Prey),x09_dfa_hakeage5plus,x15_dfa_sleepersharks,124.30242935775567,0.7016007367821637,AltPrey Interaction (Pred*Prey)
x07_dfa_cpue_intsprjunhw,x09_dfa_hakeage5plus,-0.6032598273727118,0.16279813428056641,-3.7055696617078753,2.109161485432942e-4,38,Baseline DAG 1A (Main Effects),x09_dfa_hakeage5plus,x15_salmonsharkgoa_predak,129.86939542762167,0.6729564991193809,Main Predator Effect
x16_sar,x07_dfa_cpue_intsprjunhw,0.5154985878804056,0.18667601125584374,2.7614613383500197,0.005754332906513726,38,Baseline DAG 1A (Main Effects),x09_dfa_hakeage5plus,x15_salmonsharkgoa_predak,129.86939542762167,0.6729564991193809,Stage Link (CPUE -> SAR)
x16_sar,x15_salmonsharkgoa_predak,-0.16433801900559708,0.16824448144547346,-0.9767810367013884,0.3286775661506325,38,Baseline DAG 1A (Main Effects),x09_dfa_hakeage5plus,x15_salmonsharkgoa_predak,129.86939542762167,0.6729564991193809,Main Predator Effect
x16_sar,x13_pollock_age1plus,-0.05137579169464506,0.18723696953575958,-0.27438914345830095,0.783785585237341,38,Baseline DAG 1A (Main Effects),x09_dfa_hakeage5plus,x15_salmonsharkgoa_predak,129.86939542762167,0.6729564991193809,Prey Effect
x07_dfa_cpue_intsprjunhw,x09_dfa_hakeage5plus,-0.5666237183572453,1.4890544344731012,-0.3805258593905897,0.7035551046625357,38,Thermal Moderation (Pred*SST),x09_dfa_hakeage5plus,x15_salmonsharkgoa_predak,124.26063749350942,0.6835501773930486,Main Predator Effect
x07_dfa_cpue_intsprjunhw,ncc_sst_int,-0.001773449864730831,0.07164881476240782,-0.02475197769302545,0.9802527955583451,38,Thermal Moderation (Pred*SST),x09_dfa_hakeage5plus,x15_salmonsharkgoa_predak,124.26063749350942,0.6835501773930486,Thermal Interaction (Pred*SST)
x16_sar,x07_dfa_cpue_intsprjunhw,0.19301717826115183,0.1833927325331069,1.0524799734161085,0.29257939396372845,38,Thermal Moderation (Pred*SST),x09_dfa_hakeage5plus,x15_salmonsharkgoa_predak,124.26063749350942,0.6835501773930486,Stage Link (CPUE -> SAR)
x16_sar,x15_salmonsharkgoa_predak,2.69638377963602,0.9625346666685676,2.80133679649013,0.005089137528288212,38,Thermal Moderation (Pred*SST),x09_dfa_hakeage5plus,x15_salmonsharkgoa_predak,124.26063749350942,0.6835501773930486,Main Predator Effect
x16_sar,ak_sst_int,-0.15207555450106042,0.050535895644107195,-3.0092581236124465,0.002618865131935877,38,Thermal Moderation (Pred*SST),x09_dfa_hakeage5plus,x15_salmonsharkgoa_predak,124.26063749350942,0.6835501773930486,Thermal Interaction (Pred*SST)
x07_dfa_cpue_intsprjunhw,x09_dfa_hakeage5plus,-0.6677512703187714,0.29167426233838867,-2.289373306253787,0.02205767173840867,38,AltPrey Moderation (Pred*Prey),x09_dfa_hakeage5plus,x15_salmonsharkgoa_predak,131.74205744892055,0.6433856989636857,Main Predator Effect
x07_dfa_cpue_intsprjunhw,ncc_alt_int,0.009444027748770432,0.03546373294743532,0.26630100567158166,0.7900073986435763,38,AltPrey Moderation (Pred*Prey),x09_dfa_hakeage5plus,x15_salmonsharkgoa_predak,131.74205744892055,0.6433856989636857,AltPrey Interaction (Pred*Prey)
x16_sar,x07_dfa_cpue_intsprjunhw,0.5081466546536135,0.1865706068417355,2.723615810954966,0.006457157219398102,38,AltPrey Moderation (Pred*Prey),x09_dfa_hakeage5plus,x15_salmonsharkgoa_predak,131.74205744892055,0.6433856989636857,Stage Link (CPUE -> SAR)
x16_sar,x15_salmonsharkgoa_predak,-0.08136246534793697,0.2912079784156478,-0.2793964155467144,0.7799406215816422,38,AltPrey Moderation (Pred*Prey),x09_dfa_hakeage5plus,x15_salmonsharkgoa_predak,131.74205744892055,0.6433856989636857,Main Predator Effect
x16_sar,ak_alt_int,-0.01421394731666053,0.03911373210244258,-0.36340043643579834,0.7163057757986016,38,AltPrey Moderation (Pred*Prey),x09_dfa_hakeage5plus,x15_salmonsharkgoa_predak,131.74205744892055,0.6433856989636857,AltPrey Interaction (Pred*Prey)
x07_dfa_cpue_intsprjunhw,x09_dfa_hakeage5plus,-0.6032598273727118,0.1627981342961338,-3.7055696613535347,2.1091614883816945e-4,39,Baseline DAG 1A (Main Effects),x09_dfa_hakeage5plus,x11_ssl_seak_pup_pred,125.89486874726546,0.6635516106320434,Main Predator Effect
x16_sar,x07_dfa_cpue_intsprjunhw,0.6176854946174458,0.1576227244651831,3.918759155529537,8.900599639716233e-5,39,Baseline DAG 1A (Main Effects),x09_dfa_hakeage5plus,x11_ssl_seak_pup_pred,125.89486874726546,0.6635516106320434,Stage Link (CPUE -> SAR)
x16_sar,x11_ssl_seak_pup_pred,0.12035410853061682,0.1631190909082552,0.7378296915491569,0.4606179480003436,39,Baseline DAG 1A (Main Effects),x09_dfa_hakeage5plus,x11_ssl_seak_pup_pred,125.89486874726546,0.6635516106320434,Main Predator Effect
x16_sar,x13_stka_herr_matbiom,0.317223449299517,0.16397239170840164,1.934615004357853,0.05303755740191751,39,Baseline DAG 1A (Main Effects),x09_dfa_hakeage5plus,x11_ssl_seak_pup_pred,125.89486874726546,0.6635516106320434,Prey Effect
x07_dfa_cpue_intsprjunhw,x09_dfa_hakeage5plus,-0.5666237183572453,1.489054339799494,-0.3805258835843043,0.7035550867069444,39,Thermal Moderation (Pred*SST),x09_dfa_hakeage5plus,x11_ssl_seak_pup_pred,122.41277117530029,0.8753754789727817,Main Predator Effect
x07_dfa_cpue_intsprjunhw,ncc_sst_int,-0.001773449864730831,0.07164881026562567,-0.024751979246495092,0.9802527943192354,39,Thermal Moderation (Pred*SST),x09_dfa_hakeage5plus,x11_ssl_seak_pup_pred,122.41277117530029,0.8753754789727817,Thermal Interaction (Pred*SST)
x16_sar,x07_dfa_cpue_intsprjunhw,0.23810903720727675,0.17262696450557682,1.3793270239631914,0.16779394807726367,39,Thermal Moderation (Pred*SST),x09_dfa_hakeage5plus,x11_ssl_seak_pup_pred,122.41277117530029,0.8753754789727817,Stage Link (CPUE -> SAR)
x16_sar,x11_ssl_seak_pup_pred,2.7828880506213975,0.7923239390661322,3.5123109544076527,4.4422791403642137e-4,39,Thermal Moderation (Pred*SST),x09_dfa_hakeage5plus,x11_ssl_seak_pup_pred,122.41277117530029,0.8753754789727817,Main Predator Effect
x16_sar,ak_sst_int,-0.14635502344775217,0.04440914221755728,-3.2956057275497272,9.820974076391042e-4,39,Thermal Moderation (Pred*SST),x09_dfa_hakeage5plus,x11_ssl_seak_pup_pred,122.41277117530029,0.8753754789727817,Thermal Interaction (Pred*SST)
x07_dfa_cpue_intsprjunhw,x09_dfa_hakeage5plus,-0.6677512703187714,0.29167426237611566,-2.2893733059576653,0.02205767175559914,39,AltPrey Moderation (Pred*Prey),x09_dfa_hakeage5plus,x11_ssl_seak_pup_pred,126.89045515522582,0.6803542149890639,Main Predator Effect
x07_dfa_cpue_intsprjunhw,ncc_alt_int,0.00944402774877243,0.03546373295173873,0.2663010056393233,0.790007398668418,39,AltPrey Moderation (Pred*Prey),x09_dfa_hakeage5plus,x11_ssl_seak_pup_pred,126.89045515522582,0.6803542149890639,AltPrey Interaction (Pred*Prey)
x16_sar,x07_dfa_cpue_intsprjunhw,0.6200369218056574,0.1544219160989294,4.015213238310259,5.939207219762821e-5,39,AltPrey Moderation (Pred*Prey),x09_dfa_hakeage5plus,x11_ssl_seak_pup_pred,126.89045515522582,0.6803542149890639,Stage Link (CPUE -> SAR)
x16_sar,x11_ssl_seak_pup_pred,-0.17088654328046488,0.23181632879364608,-0.7371635301522761,0.4610229086869362,39,AltPrey Moderation (Pred*Prey),x09_dfa_hakeage5plus,x11_ssl_seak_pup_pred,126.89045515522582,0.6803542149890639,Main Predator Effect
x16_sar,ak_alt_int,0.06334479860524143,0.02878359125745349,2.2007260330601848,0.02775542469413761,39,AltPrey Moderation (Pred*Prey),x09_dfa_hakeage5plus,x11_ssl_seak_pup_pred,126.89045515522582,0.6803542149890639,AltPrey Interaction (Pred*Prey)
x07_dfa_cpue_intsprjunhw,x11_dfa_harbour_p_ws,0.25800350182876286,0.19721331440014012,1.3082458586202816,0.19078993228452434,40,Baseline DAG 1A (Main Effects),x11_dfa_harbour_p_ws,x10_dfa_ssl.est.wholerange_2yrlead,137.55732662355226,1,Main Predator Effect
x16_sar,x07_dfa_cpue_intsprjunhw,0.5706615843335915,0.17314485632267657,3.295862184147671,9.81201361200057e-4,40,Baseline DAG 1A (Main Effects),x11_dfa_harbour_p_ws,x10_dfa_ssl.est.wholerange_2yrlead,137.55732662355226,1,Stage Link (CPUE -> SAR)
x16_sar,x10_dfa_ssl.est.wholerange_2yrlead,0.131646124267288,0.1731448563224013,0.7603236218704567,0.44706116537159724,40,Baseline DAG 1A (Main Effects),x11_dfa_harbour_p_ws,x10_dfa_ssl.est.wholerange_2yrlead,137.55732662355226,1,Main Predator Effect
x07_dfa_cpue_intsprjunhw,x11_dfa_harbour_p_ws,2.7746949529775393,0.6583070741833245,4.214894631688017,2.4989483249360234e-5,40,Thermal Moderation (Pred*SST),x11_dfa_harbour_p_ws,x10_dfa_ssl.est.wholerange_2yrlead,119.6126026779445,0.9935400966613881,Main Predator Effect
x07_dfa_cpue_intsprjunhw,ncc_sst_int,-0.1473814408090506,0.03748455628289649,-3.9317909940499423,8.431535585384786e-5,40,Thermal Moderation (Pred*SST),x11_dfa_harbour_p_ws,x10_dfa_ssl.est.wholerange_2yrlead,119.6126026779445,0.9935400966613881,Thermal Interaction (Pred*SST)
x16_sar,x07_dfa_cpue_intsprjunhw,0.24341121924980139,0.16844614692432958,1.4450388073236728,0.1484469854814836,40,Thermal Moderation (Pred*SST),x11_dfa_harbour_p_ws,x10_dfa_ssl.est.wholerange_2yrlead,119.6126026779445,0.9935400966613881,Stage Link (CPUE -> SAR)
x16_sar,x10_dfa_ssl.est.wholerange_2yrlead,3.0888653147313785,0.850695654800872,3.6309875303811325,2.823388272019667e-4,40,Thermal Moderation (Pred*SST),x11_dfa_harbour_p_ws,x10_dfa_ssl.est.wholerange_2yrlead,119.6126026779445,0.9935400966613881,Main Predator Effect
x16_sar,ak_sst_int,-0.161867741143265,0.04592416919688253,-3.5246743484747256,4.2400368895090246e-4,40,Thermal Moderation (Pred*SST),x11_dfa_harbour_p_ws,x10_dfa_ssl.est.wholerange_2yrlead,119.6126026779445,0.9935400966613881,Thermal Interaction (Pred*SST)
x07_dfa_cpue_intsprjunhw,x11_dfa_harbour_p_ws,0.25800350182876286,0.19721331440019355,1.3082458586199273,0.1907899322846447,41,Baseline DAG 1A (Main Effects),x11_dfa_harbour_p_ws,x10_californian_s_l_2yrlead_ws,136.03801510254442,1,Main Predator Effect
x16_sar,x07_dfa_cpue_intsprjunhw,0.5536888363122207,0.16422508012002998,3.371524227039723,7.47534635427094e-4,41,Baseline DAG 1A (Main Effects),x11_dfa_harbour_p_ws,x10_californian_s_l_2yrlead_ws,136.03801510254442,1,Stage Link (CPUE -> SAR)
x16_sar,x10_californian_s_l_2yrlead_ws,0.24271463440319502,0.16422508012357243,1.477938900809563,0.1394241328626573,41,Baseline DAG 1A (Main Effects),x11_dfa_harbour_p_ws,x10_californian_s_l_2yrlead_ws,136.03801510254442,1,Main Predator Effect
x07_dfa_cpue_intsprjunhw,x11_dfa_harbour_p_ws,2.7746949529775216,0.6583070696848098,4.214894660490302,2.4989480060133573e-5,41,Thermal Moderation (Pred*SST),x11_dfa_harbour_p_ws,x10_californian_s_l_2yrlead_ws,119.16892197418207,1,Main Predator Effect
x07_dfa_cpue_intsprjunhw,ncc_sst_int,-0.14738144080905258,0.037484556113446595,-3.9317910118237567,8.431534961861331e-5,41,Thermal Moderation (Pred*SST),x11_dfa_harbour_p_ws,x10_californian_s_l_2yrlead_ws,119.16892197418207,1,Thermal Interaction (Pred*SST)
x16_sar,x07_dfa_cpue_intsprjunhw,0.21018407008622425,0.17170858049179674,1.2240743560061382,0.22092417890657234,41,Thermal Moderation (Pred*SST),x11_dfa_harbour_p_ws,x10_californian_s_l_2yrlead_ws,119.16892197418207,1,Stage Link (CPUE -> SAR)
x16_sar,x10_californian_s_l_2yrlead_ws,2.9284074758105194,0.8275194293057747,3.538777909138917,4.019838992213032e-4,41,Thermal Moderation (Pred*SST),x11_dfa_harbour_p_ws,x10_californian_s_l_2yrlead_ws,119.16892197418207,1,Main Predator Effect
x16_sar,ak_sst_int,-0.14987729425465166,0.045549410149818274,-3.290433262729081,0.0010003322746603427,41,Thermal Moderation (Pred*SST),x11_dfa_harbour_p_ws,x10_californian_s_l_2yrlead_ws,119.16892197418207,1,Thermal Interaction (Pred*SST)
x07_dfa_cpue_intsprjunhw,x11_dfa_harbour_p_ws,0.25800350182876153,0.19721331439708406,1.3082458586405477,0.19078993227765273,42,Baseline DAG 1A (Main Effects),x11_dfa_harbour_p_ws,x10_harbour_s_2yrlead_ws,131.48047372989694,0.9030632799704148,Main Predator Effect
x16_sar,x07_dfa_cpue_intsprjunhw,0.475667819523368,0.15119599767670577,3.146034464089868,0.0016550050236145974,42,Baseline DAG 1A (Main Effects),x11_dfa_harbour_p_ws,x10_harbour_s_2yrlead_ws,131.48047372989694,0.9030632799704148,Stage Link (CPUE -> SAR)
x16_sar,x10_harbour_s_2yrlead_ws,-0.4184638390405784,0.1511959976760312,-2.7676912449575815,0.00564549115845403,42,Baseline DAG 1A (Main Effects),x11_dfa_harbour_p_ws,x10_harbour_s_2yrlead_ws,131.48047372989694,0.9030632799704148,Main Predator Effect
x07_dfa_cpue_intsprjunhw,x11_dfa_harbour_p_ws,2.774694952977677,0.6583070839206475,4.214894569343779,2.4989490152504956e-5,42,Thermal Moderation (Pred*SST),x11_dfa_harbour_p_ws,x10_harbour_s_2yrlead_ws,111.39062062056104,0.8071359357520738,Main Predator Effect
x07_dfa_cpue_intsprjunhw,ncc_sst_int,-0.14738144080873156,0.03748455601380513,-3.9317910222666814,8.431534595532142e-5,42,Thermal Moderation (Pred*SST),x11_dfa_harbour_p_ws,x10_harbour_s_2yrlead_ws,111.39062062056104,0.8071359357520738,Thermal Interaction (Pred*SST)
x16_sar,x07_dfa_cpue_intsprjunhw,0.16605887942241096,0.14082262082659006,1.1792060000566031,0.23831615747161683,42,Thermal Moderation (Pred*SST),x11_dfa_harbour_p_ws,x10_harbour_s_2yrlead_ws,111.39062062056104,0.8071359357520738,Stage Link (CPUE -> SAR)
x16_sar,x10_harbour_s_2yrlead_ws,2.0381908526467982,0.6285317463486063,3.2427810758763873,0.0011836912705420755,42,Thermal Moderation (Pred*SST),x11_dfa_harbour_p_ws,x10_harbour_s_2yrlead_ws,111.39062062056104,0.8071359357520738,Main Predator Effect
x16_sar,ak_sst_int,-0.14108014573433375,0.035460276389893595,-3.978540499321728,6.933960144817064e-5,42,Thermal Moderation (Pred*SST),x11_dfa_harbour_p_ws,x10_harbour_s_2yrlead_ws,111.39062062056104,0.8071359357520738,Thermal Interaction (Pred*SST)
x07_dfa_cpue_intsprjunhw,x11_dfa_harbour_p_ws,0.25800350182876286,0.19721331440460985,1.308245858590631,0.19078993229457808,43,Baseline DAG 1A (Main Effects),x11_dfa_harbour_p_ws,x10_northern_f_s_2yrlead_ws,135.32034471482385,0.8875050614011816,Main Predator Effect
x16_sar,x07_dfa_cpue_intsprjunhw,0.48288118919285217,0.16537886460660198,2.9198482547423135,0.0035020186327634484,43,Baseline DAG 1A (Main Effects),x11_dfa_harbour_p_ws,x10_northern_f_s_2yrlead_ws,135.32034471482385,0.8875050614011816,Stage Link (CPUE -> SAR)
x16_sar,x10_northern_f_s_2yrlead_ws,0.2854458001034628,0.16537886460696236,1.726011366578494,0.0843453678619761,43,Baseline DAG 1A (Main Effects),x11_dfa_harbour_p_ws,x10_northern_f_s_2yrlead_ws,135.32034471482385,0.8875050614011816,Main Predator Effect
x07_dfa_cpue_intsprjunhw,x11_dfa_harbour_p_ws,2.7746949529775415,0.6583070667962129,4.21489467898494,2.4989478012438227e-5,43,Thermal Moderation (Pred*SST),x11_dfa_harbour_p_ws,x10_northern_f_s_2yrlead_ws,120.70962525019559,0.9428121100640198,Main Predator Effect
x07_dfa_cpue_intsprjunhw,ncc_sst_int,-0.1473814408089951,0.03748455583530951,-3.9317910409962886,8.431533938479951e-5,43,Thermal Moderation (Pred*SST),x11_dfa_harbour_p_ws,x10_northern_f_s_2yrlead_ws,120.70962525019559,0.9428121100640198,Thermal Interaction (Pred*SST)
x16_sar,x07_dfa_cpue_intsprjunhw,0.13714407807290896,0.1903488970081782,0.7204879052544059,0.4712246438339376,43,Thermal Moderation (Pred*SST),x11_dfa_harbour_p_ws,x10_northern_f_s_2yrlead_ws,120.70962525019559,0.9428121100640198,Stage Link (CPUE -> SAR)
x16_sar,x10_northern_f_s_2yrlead_ws,2.612291863386326,0.850835676020626,3.0702660184679402,0.002138681882311033,43,Thermal Moderation (Pred*SST),x11_dfa_harbour_p_ws,x10_northern_f_s_2yrlead_ws,120.70962525019559,0.9428121100640198,Main Predator Effect
x16_sar,ak_sst_int,-0.14206853648403017,0.0512004803858559,-2.7747500690106124,0.0055244144496080505,43,Thermal Moderation (Pred*SST),x11_dfa_harbour_p_ws,x10_northern_f_s_2yrlead_ws,120.70962525019559,0.9428121100640198,Thermal Interaction (Pred*SST)
x07_dfa_cpue_intsprjunhw,x11_dfa_harbour_p_ws,0.25800350182876286,0.19721331468216108,1.3082458567494508,0.19078993291886936,44,Baseline DAG 1A (Main Effects),x11_dfa_harbour_p_ws,x15_arrowtoothflounderbiomass_predak,129.0780840530499,0.9210138138023605,Main Predator Effect
x16_sar,x07_dfa_cpue_intsprjunhw,0.40177046667273164,0.1545706392299875,2.599267678999066,0.009342289184543162,44,Baseline DAG 1A (Main Effects),x11_dfa_harbour_p_ws,x15_arrowtoothflounderbiomass_predak,129.0780840530499,0.9210138138023605,Stage Link (CPUE -> SAR)
x16_sar,x15_arrowtoothflounderbiomass_predak,-1.0414980241962677,0.2798826853868354,-3.721194909777208,1.9828231905805183e-4,44,Baseline DAG 1A (Main Effects),x11_dfa_harbour_p_ws,x15_arrowtoothflounderbiomass_predak,129.0780840530499,0.9210138138023605,Main Predator Effect
x16_sar,x13_pollock_age1plus,-1.019452745354235,0.29780135138192776,-3.423264335851839,6.187387671439115e-4,44,Baseline DAG 1A (Main Effects),x11_dfa_harbour_p_ws,x15_arrowtoothflounderbiomass_predak,129.0780840530499,0.9210138138023605,Prey Effect
x07_dfa_cpue_intsprjunhw,x11_dfa_harbour_p_ws,2.7746949529773235,0.6583069568758289,4.214895382763959,2.4989400086550262e-5,44,Thermal Moderation (Pred*SST),x11_dfa_harbour_p_ws,x15_arrowtoothflounderbiomass_predak,118.49190827456741,0.9838565392796031,Main Predator Effect
x07_dfa_cpue_intsprjunhw,ncc_sst_int,-0.14738144080930182,0.037484548780215954,-3.931791781020146,8.431507978157171e-5,44,Thermal Moderation (Pred*SST),x11_dfa_harbour_p_ws,x15_arrowtoothflounderbiomass_predak,118.49190827456741,0.9838565392796031,Thermal Interaction (Pred*SST)
x16_sar,x07_dfa_cpue_intsprjunhw,0.21182023478315123,0.1790212608184471,1.183212730235248,0.23672484899116442,44,Thermal Moderation (Pred*SST),x11_dfa_harbour_p_ws,x15_arrowtoothflounderbiomass_predak,118.49190827456741,0.9838565392796031,Stage Link (CPUE -> SAR)
x16_sar,x15_arrowtoothflounderbiomass_predak,2.439077081926597,0.7582643961115741,3.2166577969825987,0.001296931906823895,44,Thermal Moderation (Pred*SST),x11_dfa_harbour_p_ws,x15_arrowtoothflounderbiomass_predak,118.49190827456741,0.9838565392796031,Main Predator Effect
x16_sar,ak_sst_int,-0.15111819922215008,0.04239775636169041,-3.5642970805572354,3.648325636422811e-4,44,Thermal Moderation (Pred*SST),x11_dfa_harbour_p_ws,x15_arrowtoothflounderbiomass_predak,118.49190827456741,0.9838565392796031,Thermal Interaction (Pred*SST)
x07_dfa_cpue_intsprjunhw,x11_dfa_harbour_p_ws,0.6534948046263089,0.20002889773466298,3.2670019783499757,0.0010869292079225268,44,AltPrey Moderation (Pred*Prey),x11_dfa_harbour_p_ws,x15_arrowtoothflounderbiomass_predak,118.67789923629823,0.9712218156701954,Main Predator Effect
x07_dfa_cpue_intsprjunhw,ncc_alt_int,-0.10473088591732108,0.030964772539410615,-3.382259171580355,7.189228311559326e-4,44,AltPrey Moderation (Pred*Prey),x11_dfa_harbour_p_ws,x15_arrowtoothflounderbiomass_predak,118.67789923629823,0.9712218156701954,AltPrey Interaction (Pred*Prey)
x16_sar,x07_dfa_cpue_intsprjunhw,0.3578181877902324,0.1470722737685625,2.4329411562189227,0.01497673461404525,44,AltPrey Moderation (Pred*Prey),x11_dfa_harbour_p_ws,x15_arrowtoothflounderbiomass_predak,118.67789923629823,0.9712218156701954,Stage Link (CPUE -> SAR)
x16_sar,x15_arrowtoothflounderbiomass_predak,0.1928181716022969,0.16736722332199094,1.1520665024796517,0.24929374681088579,44,AltPrey Moderation (Pred*Prey),x11_dfa_harbour_p_ws,x15_arrowtoothflounderbiomass_predak,118.67789923629823,0.9712218156701954,Main Predator Effect
x16_sar,ak_alt_int,-0.27041703279312174,0.06646851436482946,-4.068347779053231,4.7347676686904094e-5,44,AltPrey Moderation (Pred*Prey),x11_dfa_harbour_p_ws,x15_arrowtoothflounderbiomass_predak,118.67789923629823,0.9712218156701954,AltPrey Interaction (Pred*Prey)
x07_dfa_cpue_intsprjunhw,x11_dfa_harbour_p_ws,0.25800350182876136,0.19721331438545023,1.3082458587177217,0.19078993225148544,45,Baseline DAG 1A (Main Effects),x11_dfa_harbour_p_ws,x15_sablefishbiomass_predak,137.74611766389597,0.36569223597754064,Main Predator Effect
x16_sar,x07_dfa_cpue_intsprjunhw,0.514495906103555,0.18157711301799231,2.8334843392546616,0.004604356401436416,45,Baseline DAG 1A (Main Effects),x11_dfa_harbour_p_ws,x15_sablefishbiomass_predak,137.74611766389597,0.36569223597754064,Stage Link (CPUE -> SAR)
x16_sar,x15_sablefishbiomass_predak,0.31584596615860167,0.20497665352865033,1.5408875143649212,0.12334416509600388,45,Baseline DAG 1A (Main Effects),x11_dfa_harbour_p_ws,x15_sablefishbiomass_predak,137.74611766389597,0.36569223597754064,Main Predator Effect
x16_sar,x13_pollock_age1plus,-0.2568776536513361,0.21996717005785638,-1.1677999657120262,0.24288746195876865,45,Baseline DAG 1A (Main Effects),x11_dfa_harbour_p_ws,x15_sablefishbiomass_predak,137.74611766389597,0.36569223597754064,Prey Effect
x07_dfa_cpue_intsprjunhw,x11_dfa_harbour_p_ws,2.774694952977596,0.658307068853494,4.21489466581302,2.498947947082719e-5,45,Thermal Moderation (Pred*SST),x11_dfa_harbour_p_ws,x15_sablefishbiomass_predak,120.16837520362145,1,Main Predator Effect
x07_dfa_cpue_intsprjunhw,ncc_sst_int,-0.14738144080881457,0.03748455576489016,-3.9317910483778262,8.431533679531533e-5,45,Thermal Moderation (Pred*SST),x11_dfa_harbour_p_ws,x15_sablefishbiomass_predak,120.16837520362145,1,Thermal Interaction (Pred*SST)
x16_sar,x07_dfa_cpue_intsprjunhw,0.24485943910224672,0.1784992893456166,1.3717670249551597,0.1701359756132932,45,Thermal Moderation (Pred*SST),x11_dfa_harbour_p_ws,x15_sablefishbiomass_predak,120.16837520362145,1,Stage Link (CPUE -> SAR)
x16_sar,x15_sablefishbiomass_predak,2.9945209701487188,0.8652534524580607,3.4608598921411002,5.384529714320685e-4,45,Thermal Moderation (Pred*SST),x11_dfa_harbour_p_ws,x15_sablefishbiomass_predak,120.16837520362145,1,Main Predator Effect
x16_sar,ak_sst_int,-0.1589962962840348,0.04820753877278709,-3.298162493493391,9.731979765508214e-4,45,Thermal Moderation (Pred*SST),x11_dfa_harbour_p_ws,x15_sablefishbiomass_predak,120.16837520362145,1,Thermal Interaction (Pred*SST)
x07_dfa_cpue_intsprjunhw,x11_dfa_harbour_p_ws,0.6534948046263089,0.20002889772637716,3.2670019784853053,0.0010869292074029424,45,AltPrey Moderation (Pred*Prey),x11_dfa_harbour_p_ws,x15_sablefishbiomass_predak,131.1429848874564,0.529869184342993,Main Predator Effect
x07_dfa_cpue_intsprjunhw,ncc_alt_int,-0.10473088591732108,0.030964772540507765,-3.382259171460514,7.189228314696816e-4,45,AltPrey Moderation (Pred*Prey),x11_dfa_harbour_p_ws,x15_sablefishbiomass_predak,131.1429848874564,0.529869184342993,AltPrey Interaction (Pred*Prey)
x16_sar,x07_dfa_cpue_intsprjunhw,0.5437962311767576,0.1828685506593476,2.97370012074824,0.0029423247274482645,45,AltPrey Moderation (Pred*Prey),x11_dfa_harbour_p_ws,x15_sablefishbiomass_predak,131.1429848874564,0.529869184342993,Stage Link (CPUE -> SAR)
x16_sar,x15_sablefishbiomass_predak,0.49183826866038255,0.44259581394928293,1.1112582929144972,0.26645718615554514,45,AltPrey Moderation (Pred*Prey),x11_dfa_harbour_p_ws,x15_sablefishbiomass_predak,131.1429848874564,0.529869184342993,Main Predator Effect
x16_sar,ak_alt_int,-0.03537095480672672,0.046371844354928395,-0.7627679101137046,0.44560182207244714,45,AltPrey Moderation (Pred*Prey),x11_dfa_harbour_p_ws,x15_sablefishbiomass_predak,131.1429848874564,0.529869184342993,AltPrey Interaction (Pred*Prey)
x07_dfa_cpue_intsprjunhw,x11_dfa_harbour_p_ws,0.25800350182876153,0.1972133144020562,1.3082458586075643,0.19078993228883645,46,Baseline DAG 1A (Main Effects),x11_dfa_harbour_p_ws,x15_sablefishrecruitment_predak,138.1069996353251,0.37377865407724264,Main Predator Effect
x16_sar,x07_dfa_cpue_intsprjunhw,0.4639233110693955,0.18643227181877983,2.488428138237509,0.012830916485769395,46,Baseline DAG 1A (Main Effects),x11_dfa_harbour_p_ws,x15_sablefishrecruitment_predak,138.1069996353251,0.37377865407724264,Stage Link (CPUE -> SAR)
x16_sar,x15_sablefishrecruitment_predak,0.47871946968305745,0.3401495419065409,1.407379433762665,0.15931490632109147,46,Baseline DAG 1A (Main Effects),x11_dfa_harbour_p_ws,x15_sablefishrecruitment_predak,138.1069996353251,0.37377865407724264,Main Predator Effect
x16_sar,x13_pollock_age1plus,-0.504471107503722,0.3615624589717799,-1.395253005354453,0.16293955807220462,46,Baseline DAG 1A (Main Effects),x11_dfa_harbour_p_ws,x15_sablefishrecruitment_predak,138.1069996353251,0.37377865407724264,Prey Effect
x07_dfa_cpue_intsprjunhw,x11_dfa_harbour_p_ws,2.7746949529775438,0.6583070690900409,4.214894664298418,2.498947963847087e-5,46,Thermal Moderation (Pred*SST),x11_dfa_harbour_p_ws,x15_sablefishrecruitment_predak,122.14894095215925,0.912065359548017,Main Predator Effect
x07_dfa_cpue_intsprjunhw,ncc_sst_int,-0.14738144080899532,0.037484555910205414,-3.931791033140392,8.43153421405951e-5,46,Thermal Moderation (Pred*SST),x11_dfa_harbour_p_ws,x15_sablefishrecruitment_predak,122.14894095215925,0.912065359548017,Thermal Interaction (Pred*SST)
x16_sar,x07_dfa_cpue_intsprjunhw,0.25008717598770025,0.18324098439375122,1.3647993477829656,0.17231612386760609,46,Thermal Moderation (Pred*SST),x11_dfa_harbour_p_ws,x15_sablefishrecruitment_predak,122.14894095215925,0.912065359548017,Stage Link (CPUE -> SAR)
x16_sar,x15_sablefishrecruitment_predak,2.844432786119796,0.9201023715824641,3.091430773325492,0.001991944234821519,46,Thermal Moderation (Pred*SST),x11_dfa_harbour_p_ws,x15_sablefishrecruitment_predak,122.14894095215925,0.912065359548017,Main Predator Effect
x16_sar,ak_sst_int,-0.15372460244327452,0.05027041119828,-3.057953949032631,0.0022285382022737554,46,Thermal Moderation (Pred*SST),x11_dfa_harbour_p_ws,x15_sablefishrecruitment_predak,122.14894095215925,0.912065359548017,Thermal Interaction (Pred*SST)
x07_dfa_cpue_intsprjunhw,x11_dfa_harbour_p_ws,0.6534948046263089,0.20002889775688978,3.2670019779869532,0.0010869292093163008,46,AltPrey Moderation (Pred*Prey),x11_dfa_harbour_p_ws,x15_sablefishrecruitment_predak,131.18144512025526,0.6021890569931716,Main Predator Effect
x07_dfa_cpue_intsprjunhw,ncc_alt_int,-0.10473088591732108,0.03096477254424889,-3.382259171051874,7.189228325390484e-4,46,AltPrey Moderation (Pred*Prey),x11_dfa_harbour_p_ws,x15_sablefishrecruitment_predak,131.18144512025526,0.6021890569931716,AltPrey Interaction (Pred*Prey)
x16_sar,x07_dfa_cpue_intsprjunhw,0.4751263751918323,0.18830028455931655,2.523237690818054,0.011627977519751642,46,AltPrey Moderation (Pred*Prey),x11_dfa_harbour_p_ws,x15_sablefishrecruitment_predak,131.18144512025526,0.6021890569931716,Stage Link (CPUE -> SAR)
x16_sar,x15_sablefishrecruitment_predak,1.0156977832485785,0.7952610363680485,1.2771879128987171,0.20153591325298637,46,AltPrey Moderation (Pred*Prey),x11_dfa_harbour_p_ws,x15_sablefishrecruitment_predak,131.18144512025526,0.6021890569931716,Main Predator Effect
x16_sar,ak_alt_int,-0.09391396232014997,0.07701684758628877,-1.219395044894948,0.22269428973275818,46,AltPrey Moderation (Pred*Prey),x11_dfa_harbour_p_ws,x15_sablefishrecruitment_predak,131.18144512025526,0.6021890569931716,AltPrey Interaction (Pred*Prey)
x07_dfa_cpue_intsprjunhw,x11_dfa_harbour_p_ws,0.25800350182876286,0.1972133144092954,1.3082458585595487,0.1907899323051172,47,Baseline DAG 1A (Main Effects),x11_dfa_harbour_p_ws,x15_pacificcodbiomass_predak,140.00517967802344,0.2606464006427176,Main Predator Effect
x16_sar,x07_dfa_cpue_intsprjunhw,0.5150682727977668,0.19054786223894207,2.7030913217587536,0.006869786916689824,47,Baseline DAG 1A (Main Effects),x11_dfa_harbour_p_ws,x15_pacificcodbiomass_predak,140.00517967802344,0.2606464006427176,Stage Link (CPUE -> SAR)
x16_sar,x15_pacificcodbiomass_predak,0.017846651522054238,0.2514097825624737,0.07098630506797984,0.9434086549656142,47,Baseline DAG 1A (Main Effects),x11_dfa_harbour_p_ws,x15_pacificcodbiomass_predak,140.00517967802344,0.2606464006427176,Main Predator Effect
x16_sar,x13_pollock_age1plus,-0.05220352426745694,0.2676669174275395,-0.19503166386480703,0.8453681593854732,47,Baseline DAG 1A (Main Effects),x11_dfa_harbour_p_ws,x15_pacificcodbiomass_predak,140.00517967802344,0.2606464006427176,Prey Effect
x07_dfa_cpue_intsprjunhw,x11_dfa_harbour_p_ws,2.7746949529775415,0.6583070775015295,4.214894610442792,2.4989485601700778e-5,47,Thermal Moderation (Pred*SST),x11_dfa_harbour_p_ws,x15_pacificcodbiomass_predak,120.99698705252263,0.9719200327911284,Main Predator Effect
x07_dfa_cpue_intsprjunhw,ncc_sst_int,-0.1473814408089951,0.0374845562439735,-3.931790998131131,8.431535442210425e-5,47,Thermal Moderation (Pred*SST),x11_dfa_harbour_p_ws,x15_pacificcodbiomass_predak,120.99698705252263,0.9719200327911284,Thermal Interaction (Pred*SST)
x16_sar,x07_dfa_cpue_intsprjunhw,0.18058268111065762,0.18105206346829636,0.9974074730293204,0.3185667654526414,47,Thermal Moderation (Pred*SST),x11_dfa_harbour_p_ws,x15_pacificcodbiomass_predak,120.99698705252263,0.9719200327911284,Stage Link (CPUE -> SAR)
x16_sar,x15_pacificcodbiomass_predak,2.688029697989839,0.8053564316985878,3.3376894902552405,8.447809741238821e-4,47,Thermal Moderation (Pred*SST),x11_dfa_harbour_p_ws,x15_pacificcodbiomass_predak,120.99698705252263,0.9719200327911284,Main Predator Effect
x16_sar,ak_sst_int,-0.1533671133146506,0.04606448811495419,-3.3294001429457354,8.703326674739387e-4,47,Thermal Moderation (Pred*SST),x11_dfa_harbour_p_ws,x15_pacificcodbiomass_predak,120.99698705252263,0.9719200327911284,Thermal Interaction (Pred*SST)
x07_dfa_cpue_intsprjunhw,x11_dfa_harbour_p_ws,0.6534948046263089,0.2000288976955616,3.267001978988605,0.0010869292054707103,47,AltPrey Moderation (Pred*Prey),x11_dfa_harbour_p_ws,x15_pacificcodbiomass_predak,132.09544637705653,0.5254008555040419,Main Predator Effect
x07_dfa_cpue_intsprjunhw,ncc_alt_int,-0.10473088591732108,0.030964772538755903,-3.382259171651869,7.18922830968749e-4,47,AltPrey Moderation (Pred*Prey),x11_dfa_harbour_p_ws,x15_pacificcodbiomass_predak,132.09544637705653,0.5254008555040419,AltPrey Interaction (Pred*Prey)
x16_sar,x07_dfa_cpue_intsprjunhw,0.4744308558771736,0.18972154332340418,2.50066938928726,0.012395883764496185,47,AltPrey Moderation (Pred*Prey),x11_dfa_harbour_p_ws,x15_pacificcodbiomass_predak,132.09544637705653,0.5254008555040419,Stage Link (CPUE -> SAR)
x16_sar,x15_pacificcodbiomass_predak,0.15939508972709115,0.22432129671968745,0.7105660142749252,0.47735320962228145,47,AltPrey Moderation (Pred*Prey),x11_dfa_harbour_p_ws,x15_pacificcodbiomass_predak,132.09544637705653,0.5254008555040419,Main Predator Effect
x16_sar,ak_alt_int,-0.044422851078697194,0.05732804287189405,-0.774888673209463,0.438405445729507,47,AltPrey Moderation (Pred*Prey),x11_dfa_harbour_p_ws,x15_pacificcodbiomass_predak,132.09544637705653,0.5254008555040419,AltPrey Interaction (Pred*Prey)
x07_dfa_cpue_intsprjunhw,x11_dfa_harbour_p_ws,0.25800350182876286,0.19721331439513765,1.3082458586534664,0.19078993227327246,48,Baseline DAG 1A (Main Effects),x11_dfa_harbour_p_ws,x15_spinydogfishgoa_predak,133.31156218358072,1,Main Predator Effect
x16_sar,x07_dfa_cpue_intsprjunhw,0.5953730300386414,0.15471529952589788,3.848184580730373,1.1899638274037727e-4,48,Baseline DAG 1A (Main Effects),x11_dfa_harbour_p_ws,x15_spinydogfishgoa_predak,133.31156218358072,1,Stage Link (CPUE -> SAR)
x16_sar,x15_spinydogfishgoa_predak,0.2325874013398021,0.15648935087770668,1.4862826130678024,0.1372043836930925,48,Baseline DAG 1A (Main Effects),x11_dfa_harbour_p_ws,x15_spinydogfishgoa_predak,133.31156218358072,1,Main Predator Effect
x16_sar,x12_egoa.krill,0.3880495468835114,0.15047569330679314,2.5788188002719314,0.009913877435831386,48,Baseline DAG 1A (Main Effects),x11_dfa_harbour_p_ws,x15_spinydogfishgoa_predak,133.31156218358072,1,Prey Effect
x07_dfa_cpue_intsprjunhw,x11_dfa_harbour_p_ws,2.7746949529775415,0.658307070030483,4.214894658277115,2.4989480305270817e-5,48,Thermal Moderation (Pred*SST),x11_dfa_harbour_p_ws,x15_spinydogfishgoa_predak,119.09457959468364,1,Main Predator Effect
x07_dfa_cpue_intsprjunhw,ncc_sst_int,-0.1473814408089951,0.03748455608405886,-3.9317910149047313,8.431534853792222e-5,48,Thermal Moderation (Pred*SST),x11_dfa_harbour_p_ws,x15_spinydogfishgoa_predak,119.09457959468364,1,Thermal Interaction (Pred*SST)
x16_sar,x07_dfa_cpue_intsprjunhw,0.25088565589682676,0.17075315718349038,1.4692885334309014,0.14175454561298917,48,Thermal Moderation (Pred*SST),x11_dfa_harbour_p_ws,x15_spinydogfishgoa_predak,119.09457959468364,1,Stage Link (CPUE -> SAR)
x16_sar,x15_spinydogfishgoa_predak,3.2809770159412457,0.8858909407543992,3.7035902107174277,2.1256954111392723e-4,48,Thermal Moderation (Pred*SST),x11_dfa_harbour_p_ws,x15_spinydogfishgoa_predak,119.09457959468364,1,Main Predator Effect
x16_sar,ak_sst_int,-0.17057242740395187,0.04797711193734313,-3.5552875218232196,3.77565969015059e-4,48,Thermal Moderation (Pred*SST),x11_dfa_harbour_p_ws,x15_spinydogfishgoa_predak,119.09457959468364,1,Thermal Interaction (Pred*SST)
x07_dfa_cpue_intsprjunhw,x11_dfa_harbour_p_ws,0.6534948046263114,0.2000288977227982,3.2670019785437714,0.0010869292071784553,48,AltPrey Moderation (Pred*Prey),x11_dfa_harbour_p_ws,x15_spinydogfishgoa_predak,125.88482294277748,0.7290003436358451,Main Predator Effect
x07_dfa_cpue_intsprjunhw,ncc_alt_int,-0.10473088591730921,0.030964772540927277,-3.382259171414308,7.189228315904739e-4,48,AltPrey Moderation (Pred*Prey),x11_dfa_harbour_p_ws,x15_spinydogfishgoa_predak,125.88482294277748,0.7290003436358451,AltPrey Interaction (Pred*Prey)
x16_sar,x07_dfa_cpue_intsprjunhw,0.5969971139326204,0.154491633864458,3.8642682389933887,1.1142272528097408e-4,48,AltPrey Moderation (Pred*Prey),x11_dfa_harbour_p_ws,x15_spinydogfishgoa_predak,125.88482294277748,0.7290003436358451,Stage Link (CPUE -> SAR)
x16_sar,x15_spinydogfishgoa_predak,-0.17425331285861814,0.2040200821932789,-0.8540988268671456,0.39305023387791116,48,AltPrey Moderation (Pred*Prey),x11_dfa_harbour_p_ws,x15_spinydogfishgoa_predak,125.88482294277748,0.7290003436358451,Main Predator Effect
x16_sar,ak_alt_int,0.08565949326501379,0.03298874553769047,2.596627785289552,0.009414388030724696,48,AltPrey Moderation (Pred*Prey),x11_dfa_harbour_p_ws,x15_spinydogfishgoa_predak,125.88482294277748,0.7290003436358451,AltPrey Interaction (Pred*Prey)
x07_dfa_cpue_intsprjunhw,x11_dfa_harbour_p_ws,0.25800350182876286,0.19721331440333342,1.3082458585990984,0.19078993229170704,49,Baseline DAG 1A (Main Effects),x11_dfa_harbour_p_ws,x15_halibutbiomassage8plus_2yrlead_predak,138.87766996382254,0.39208128992917723,Main Predator Effect
x16_sar,x07_dfa_cpue_intsprjunhw,0.5132119250933032,0.18591182859411842,2.760512491186047,0.005771075102863232,49,Baseline DAG 1A (Main Effects),x11_dfa_harbour_p_ws,x15_halibutbiomassage8plus_2yrlead_predak,138.87766996382254,0.39208128992917723,Stage Link (CPUE -> SAR)
x16_sar,x15_halibutbiomassage8plus_2yrlead_predak,-0.22042665301390316,0.2046878516413934,-1.0768917219380643,0.2815286417504146,49,Baseline DAG 1A (Main Effects),x11_dfa_harbour_p_ws,x15_halibutbiomassage8plus_2yrlead_predak,138.87766996382254,0.39208128992917723,Main Predator Effect
x16_sar,x13_pollock_age1plus,-0.19359342770965,0.22067261461678964,-0.877287959114618,0.38033025065599246,49,Baseline DAG 1A (Main Effects),x11_dfa_harbour_p_ws,x15_halibutbiomassage8plus_2yrlead_predak,138.87766996382254,0.39208128992917723,Prey Effect
x07_dfa_cpue_intsprjunhw,x11_dfa_harbour_p_ws,2.774694952977422,0.6583070657458658,4.21489468570974,2.498947726770062e-5,49,Thermal Moderation (Pred*SST),x11_dfa_harbour_p_ws,x15_halibutbiomassage8plus_2yrlead_predak,118.68218043234174,1,Main Predator Effect
x07_dfa_cpue_intsprjunhw,ncc_sst_int,-0.14738144080928464,0.03748455580647532,-3.931791044028459,8.431533832098381e-5,49,Thermal Moderation (Pred*SST),x11_dfa_harbour_p_ws,x15_halibutbiomassage8plus_2yrlead_predak,118.68218043234174,1,Thermal Interaction (Pred*SST)
x16_sar,x07_dfa_cpue_intsprjunhw,0.17992986057856422,0.17464947654365495,1.03023418185619,0.30290008742495056,49,Thermal Moderation (Pred*SST),x11_dfa_harbour_p_ws,x15_halibutbiomassage8plus_2yrlead_predak,118.68218043234174,1,Stage Link (CPUE -> SAR)
x16_sar,x15_halibutbiomassage8plus_2yrlead_predak,2.8036196795861046,0.7950300388055126,3.5264323896470424,4.21198692319269e-4,49,Thermal Moderation (Pred*SST),x11_dfa_harbour_p_ws,x15_halibutbiomassage8plus_2yrlead_predak,118.68218043234174,1,Main Predator Effect
x16_sar,ak_sst_int,-0.17376376883359174,0.046463240427683045,-3.7398116712079847,1.8415817931183298e-4,49,Thermal Moderation (Pred*SST),x11_dfa_harbour_p_ws,x15_halibutbiomassage8plus_2yrlead_predak,118.68218043234174,1,Thermal Interaction (Pred*SST)
x07_dfa_cpue_intsprjunhw,x11_dfa_harbour_p_ws,0.6534948046263113,0.20002889772633065,3.2670019784860767,0.0010869292074000558,49,AltPrey Moderation (Pred*Prey),x11_dfa_harbour_p_ws,x15_halibutbiomassage8plus_2yrlead_predak,131.40162160065552,0.602490147450044,Main Predator Effect
x07_dfa_cpue_intsprjunhw,ncc_alt_int,-0.10473088591730943,0.03096477254159817,-3.382259171341034,7.189228317823204e-4,49,AltPrey Moderation (Pred*Prey),x11_dfa_harbour_p_ws,x15_halibutbiomassage8plus_2yrlead_predak,131.40162160065552,0.602490147450044,AltPrey Interaction (Pred*Prey)
x16_sar,x07_dfa_cpue_intsprjunhw,0.5022742454189894,0.1880401498090432,2.671101070324897,0.007560287883928041,49,AltPrey Moderation (Pred*Prey),x11_dfa_harbour_p_ws,x15_halibutbiomassage8plus_2yrlead_predak,131.40162160065552,0.602490147450044,Stage Link (CPUE -> SAR)
x16_sar,x15_halibutbiomassage8plus_2yrlead_predak,0.006982158498260855,0.22058522133815536,0.031652884340593525,0.9747488688896051,49,AltPrey Moderation (Pred*Prey),x11_dfa_harbour_p_ws,x15_halibutbiomassage8plus_2yrlead_predak,131.40162160065552,0.602490147450044,Main Predator Effect
x16_sar,ak_alt_int,-0.049856270983116825,0.05269337118719768,-0.9461583090973281,0.344067846947111,49,AltPrey Moderation (Pred*Prey),x11_dfa_harbour_p_ws,x15_halibutbiomassage8plus_2yrlead_predak,131.40162160065552,0.602490147450044,AltPrey Interaction (Pred*Prey)
x07_dfa_cpue_intsprjunhw,x11_dfa_harbour_p_ws,0.25800350182876286,0.19721331441312667,1.3082458585341332,0.19078993231373498,50,Baseline DAG 1A (Main Effects),x11_dfa_harbour_p_ws,x15_dfa_sleepersharks,131.81033951464414,0.7481105350151114,Main Predator Effect
x16_sar,x07_dfa_cpue_intsprjunhw,0.45897970684345857,0.16143255037555077,2.843167042679466,0.004466765298017705,50,Baseline DAG 1A (Main Effects),x11_dfa_harbour_p_ws,x15_dfa_sleepersharks,131.81033951464414,0.7481105350151114,Stage Link (CPUE -> SAR)
x16_sar,x15_dfa_sleepersharks,-0.5117022475225245,0.16366771687931475,-3.126470248863087,0.0017691840429487904,50,Baseline DAG 1A (Main Effects),x11_dfa_harbour_p_ws,x15_dfa_sleepersharks,131.81033951464414,0.7481105350151114,Main Predator Effect
x16_sar,x13_pollock_age1plus,-0.3273512127951793,0.1809895438248524,-1.808674721629026,0.07050155238163613,50,Baseline DAG 1A (Main Effects),x11_dfa_harbour_p_ws,x15_dfa_sleepersharks,131.81033951464414,0.7481105350151114,Prey Effect
x07_dfa_cpue_intsprjunhw,x11_dfa_harbour_p_ws,2.7746949529775415,0.6583070668335105,4.214894678746138,2.4989478038861535e-5,50,Thermal Moderation (Pred*SST),x11_dfa_harbour_p_ws,x15_dfa_sleepersharks,116.17574941790724,1,Main Predator Effect
x07_dfa_cpue_intsprjunhw,ncc_sst_int,-0.1473814408089951,0.03748455566424266,-3.9317910589396554,8.431533309027905e-5,50,Thermal Moderation (Pred*SST),x11_dfa_harbour_p_ws,x15_dfa_sleepersharks,116.17574941790724,1,Thermal Interaction (Pred*SST)
x16_sar,x07_dfa_cpue_intsprjunhw,0.2540518220609529,0.164537539557998,1.5440356209496005,0.12257970346183633,50,Thermal Moderation (Pred*SST),x11_dfa_harbour_p_ws,x15_dfa_sleepersharks,116.17574941790724,1,Stage Link (CPUE -> SAR)
x16_sar,x15_dfa_sleepersharks,2.0297168622419646,0.7502191854041617,2.7054984752869333,0.00682019613604945,50,Thermal Moderation (Pred*SST),x11_dfa_harbour_p_ws,x15_dfa_sleepersharks,116.17574941790724,1,Main Predator Effect
x16_sar,ak_sst_int,-0.13356905591471196,0.04105569449318342,-3.2533624765959996,0.0011404791442213291,50,Thermal Moderation (Pred*SST),x11_dfa_harbour_p_ws,x15_dfa_sleepersharks,116.17574941790724,1,Thermal Interaction (Pred*SST)
x07_dfa_cpue_intsprjunhw,x11_dfa_harbour_p_ws,0.6534948046263089,0.2000288977140378,3.267001978686839,0.001086929206629117,50,AltPrey Moderation (Pred*Prey),x11_dfa_harbour_p_ws,x15_dfa_sleepersharks,124.2237628549409,0.863847580363331,Main Predator Effect
x07_dfa_cpue_intsprjunhw,ncc_alt_int,-0.10473088591732108,0.030964772541570502,-3.3822591713444323,7.189228317734386e-4,50,AltPrey Moderation (Pred*Prey),x11_dfa_harbour_p_ws,x15_dfa_sleepersharks,124.2237628549409,0.863847580363331,AltPrey Interaction (Pred*Prey)
x16_sar,x07_dfa_cpue_intsprjunhw,0.44857050006393406,0.16207162182939422,2.7677300627997963,0.005644818839550592,50,AltPrey Moderation (Pred*Prey),x11_dfa_harbour_p_ws,x15_dfa_sleepersharks,124.2237628549409,0.863847580363331,Stage Link (CPUE -> SAR)
x16_sar,x15_dfa_sleepersharks,-0.15639947635768375,0.185295524755035,-0.8440542563801663,0.39863908770279544,50,AltPrey Moderation (Pred*Prey),x11_dfa_harbour_p_ws,x15_dfa_sleepersharks,124.2237628549409,0.863847580363331,Main Predator Effect
x16_sar,ak_alt_int,-0.0799189433482604,0.042499912509602666,-1.880449596930419,0.06004682953667739,50,AltPrey Moderation (Pred*Prey),x11_dfa_harbour_p_ws,x15_dfa_sleepersharks,124.2237628549409,0.863847580363331,AltPrey Interaction (Pred*Prey)
x07_dfa_cpue_intsprjunhw,x11_dfa_harbour_p_ws,0.25800350182876175,0.19721331439886364,1.3082458586287438,0.19078993228165508,51,Baseline DAG 1A (Main Effects),x11_dfa_harbour_p_ws,x15_salmonsharkgoa_predak,139.07459368841631,0.32024936821493233,Main Predator Effect
x16_sar,x07_dfa_cpue_intsprjunhw,0.5154985878804057,0.18667601125541589,2.7614613383563493,0.005754332906402038,51,Baseline DAG 1A (Main Effects),x11_dfa_harbour_p_ws,x15_salmonsharkgoa_predak,139.07459368841631,0.32024936821493233,Stage Link (CPUE -> SAR)
x16_sar,x15_salmonsharkgoa_predak,-0.16433801900559697,0.1682444814439431,-0.9767810367102726,0.3286775661462331,51,Baseline DAG 1A (Main Effects),x11_dfa_harbour_p_ws,x15_salmonsharkgoa_predak,139.07459368841631,0.32024936821493233,Main Predator Effect
x16_sar,x13_pollock_age1plus,-0.051375791694645005,0.1872369695473431,-0.2743891434413254,0.783785585250385,51,Baseline DAG 1A (Main Effects),x11_dfa_harbour_p_ws,x15_salmonsharkgoa_predak,139.07459368841631,0.32024936821493233,Prey Effect
x07_dfa_cpue_intsprjunhw,x11_dfa_harbour_p_ws,2.774694952977574,0.658307062113828,4.214894708964555,2.4989474692871383e-5,51,Thermal Moderation (Pred*SST),x11_dfa_harbour_p_ws,x15_salmonsharkgoa_predak,121.53346037031605,0.9554148501982169,Main Predator Effect
x07_dfa_cpue_intsprjunhw,ncc_sst_int,-0.14738144080895005,0.037484555777743143,-3.9317910470332786,8.431533726693807e-5,51,Thermal Moderation (Pred*SST),x11_dfa_harbour_p_ws,x15_salmonsharkgoa_predak,121.53346037031605,0.9554148501982169,Thermal Interaction (Pred*SST)
x16_sar,x07_dfa_cpue_intsprjunhw,0.19301717826121376,0.18339272954849692,1.0524799905449453,0.2925793861090056,51,Thermal Moderation (Pred*SST),x11_dfa_harbour_p_ws,x15_salmonsharkgoa_predak,121.53346037031605,0.9554148501982169,Stage Link (CPUE -> SAR)
x16_sar,x15_salmonsharkgoa_predak,2.6963837796360526,0.96253463315829,2.80133689401764,0.005089135990109517,51,Thermal Moderation (Pred*SST),x11_dfa_harbour_p_ws,x15_salmonsharkgoa_predak,121.53346037031605,0.9554148501982169,Main Predator Effect
x16_sar,ak_sst_int,-0.1520755545010556,0.05053589458359068,-3.009258186762869,0.0026188645875457883,51,Thermal Moderation (Pred*SST),x11_dfa_harbour_p_ws,x15_salmonsharkgoa_predak,121.53346037031605,0.9554148501982169,Thermal Interaction (Pred*SST)
x07_dfa_cpue_intsprjunhw,x11_dfa_harbour_p_ws,0.6534948046263109,0.2000288977257412,3.267001978495702,0.0010869292073629744,51,AltPrey Moderation (Pred*Prey),x11_dfa_harbour_p_ws,x15_salmonsharkgoa_predak,131.6633909461059,0.5332993584648138,Main Predator Effect
x07_dfa_cpue_intsprjunhw,ncc_alt_int,-0.10473088591731121,0.030964772537697943,-3.38225917176711,7.189228306672124e-4,51,AltPrey Moderation (Pred*Prey),x11_dfa_harbour_p_ws,x15_salmonsharkgoa_predak,131.6633909461059,0.5332993584648138,AltPrey Interaction (Pred*Prey)
x16_sar,x07_dfa_cpue_intsprjunhw,0.5081466546536033,0.18657060683277357,2.72361581108574,0.00645715721684148,51,AltPrey Moderation (Pred*Prey),x11_dfa_harbour_p_ws,x15_salmonsharkgoa_predak,131.6633909461059,0.5332993584648138,Stage Link (CPUE -> SAR)
x16_sar,x15_salmonsharkgoa_predak,-0.0813624653479469,0.2912079784393275,-0.2793964155240293,0.7799406215990494,51,AltPrey Moderation (Pred*Prey),x11_dfa_harbour_p_ws,x15_salmonsharkgoa_predak,131.6633909461059,0.5332993584648138,Main Predator Effect
x16_sar,ak_alt_int,-0.014213947316710841,0.0391137321123423,-0.36340043634510766,0.7163057758663385,51,AltPrey Moderation (Pred*Prey),x11_dfa_harbour_p_ws,x15_salmonsharkgoa_predak,131.6633909461059,0.5332993584648138,AltPrey Interaction (Pred*Prey)
x07_dfa_cpue_intsprjunhw,x11_dfa_harbour_p_ws,0.25800350182876286,0.19721331440407827,1.3082458585941572,0.19078993229338237,52,Baseline DAG 1A (Main Effects),x11_dfa_harbour_p_ws,x11_ssl_seak_pup_pred,135.1000670080602,1,Main Predator Effect
x16_sar,x07_dfa_cpue_intsprjunhw,0.6176854946174458,0.157622724461209,3.9187591556283397,8.900599636074702e-5,52,Baseline DAG 1A (Main Effects),x11_dfa_harbour_p_ws,x11_ssl_seak_pup_pred,135.1000670080602,1,Stage Link (CPUE -> SAR)
x16_sar,x11_ssl_seak_pup_pred,0.12035410853061682,0.16311909090818888,0.7378296915494569,0.4606179480001613,52,Baseline DAG 1A (Main Effects),x11_dfa_harbour_p_ws,x11_ssl_seak_pup_pred,135.1000670080602,1,Main Predator Effect
x16_sar,x13_stka_herr_matbiom,0.317223449299517,0.16397239170646885,1.934615004380657,0.053037557399117086,52,Baseline DAG 1A (Main Effects),x11_dfa_harbour_p_ws,x11_ssl_seak_pup_pred,135.1000670080602,1,Prey Effect
x07_dfa_cpue_intsprjunhw,x11_dfa_harbour_p_ws,2.774694952977562,0.6583070717567236,4.214894647224671,2.4989481528958635e-5,52,Thermal Moderation (Pred*SST),x11_dfa_harbour_p_ws,x11_ssl_seak_pup_pred,119.6855940520756,1,Main Predator Effect
x07_dfa_cpue_intsprjunhw,ncc_sst_int,-0.1473814408089359,0.03748455618582292,-3.9317910042290216,8.431535228292653e-5,52,Thermal Moderation (Pred*SST),x11_dfa_harbour_p_ws,x11_ssl_seak_pup_pred,119.6855940520756,1,Thermal Interaction (Pred*SST)
x16_sar,x07_dfa_cpue_intsprjunhw,0.23810903720733181,0.17262696644609252,1.3793270084583678,0.1677939528555803,52,Thermal Moderation (Pred*SST),x11_dfa_harbour_p_ws,x11_ssl_seak_pup_pred,119.6855940520756,1,Stage Link (CPUE -> SAR)
x16_sar,x11_ssl_seak_pup_pred,2.782888050621992,0.7923239549795948,3.512310883865251,4.442280319572056e-4,52,Thermal Moderation (Pred*SST),x11_dfa_harbour_p_ws,x11_ssl_seak_pup_pred,119.6855940520756,1,Main Predator Effect
x16_sar,ak_sst_int,-0.14635502344641826,0.044409142713360765,-3.295605690726078,9.820975363534767e-4,52,Thermal Moderation (Pred*SST),x11_dfa_harbour_p_ws,x11_ssl_seak_pup_pred,119.6855940520756,1,Thermal Interaction (Pred*SST)
x07_dfa_cpue_intsprjunhw,x11_dfa_harbour_p_ws,0.6534948046263097,0.2000288977234504,3.267001978533111,0.0010869292072193115,52,AltPrey Moderation (Pred*Prey),x11_dfa_harbour_p_ws,x11_ssl_seak_pup_pred,126.81178865241094,0.6526165539529591,Main Predator Effect
x07_dfa_cpue_intsprjunhw,ncc_alt_int,-0.10473088591731913,0.03096477254203481,-3.3822591712936534,7.189228319062213e-4,52,AltPrey Moderation (Pred*Prey),x11_dfa_harbour_p_ws,x11_ssl_seak_pup_pred,126.81178865241094,0.6526165539529591,AltPrey Interaction (Pred*Prey)
x16_sar,x07_dfa_cpue_intsprjunhw,0.6200369218056656,0.15442191610993983,4.015213238024024,5.9392072269792706e-5,52,AltPrey Moderation (Pred*Prey),x11_dfa_harbour_p_ws,x11_ssl_seak_pup_pred,126.81178865241094,0.6526165539529591,Stage Link (CPUE -> SAR)
x16_sar,x11_ssl_seak_pup_pred,-0.17088654328045622,0.23181632880191277,-0.7371635301259511,0.4610229087029434,52,AltPrey Moderation (Pred*Prey),x11_dfa_harbour_p_ws,x11_ssl_seak_pup_pred,126.81178865241094,0.6526165539529591,Main Predator Effect
x16_sar,ak_alt_int,0.06334479860528705,0.028783591256904714,2.2007260331037277,0.027755424691053188,52,AltPrey Moderation (Pred*Prey),x11_dfa_harbour_p_ws,x11_ssl_seak_pup_pred,126.81178865241094,0.6526165539529591,AltPrey Interaction (Pred*Prey)
