indicator,shortName,labelLisa,labelCam,LisaReconcile,shiftPoorFitting,labelDoug,shiftPoorFitting_20may25,shiftPoorFitting_21may25,labelDoug_29may25,shiftPoorFitting_29may25,labelDoug_30may25,labelLisa_15jul25,shiftPoorFitting_22jul25,labelLisa_23jul25,shiftPoorFitting_24jul25,shiftPoorFitting_28jul25,labelTestNHL_13sep25,labelLisa_21aug25,labelLisa_08Sep25,labelLisa_16sep25,labelTestZooPreyNCC_17sep25,labelLisa_25sep25,labelDoug_02feb26,Lisa_03feb26,Lisa_04feb26,shiftLisa_04feb26,Lisa_04mar26,Lisa_05mar26,shiftLisa_05mar26,Doug_01apr26,Lisa_01apr26,Lisa_07apr26,Doug_07apr26,shiftDoug_07apr26,Doug_09apr26,shiftDoug_09apr26,shiftDoug_2step_09apr26,shiftDoug_2step_b_09apr26,Doug_12jun26,shiftDoug_step1_12jun26,shiftDoug_step2_12jun26,Doug_12jun26b,shiftDoug_step1_12jun26b,shiftDoug_step2_12jun26b,Doug_23jun26,shiftDoug_step1_23jun26,shiftDoug_step2_23jun26,Doug_26jun26,Lisa_26jun26,shiftLisa_step1_26jun26,shiftLisa_step2_26jun26,SEMnode.for.AIC.analysis
Cassins_auklet,cassAuk_JSOES_2026,,,,,,,,,,,,,,,,,,,,,,,,01.ZooPreyNCC_JSOES,01.ZooPreyNCC_JSOES,01.ZooPreyNCC_JSOES,01.ZooPreyNCC_JSOES,01.ZooPreyNCC_JSOES,01.ZooPreyNCC_JSOES,01.ZooPreyNCC_JSOES,01.ZooPreyNCC_JSOES,01.ZooPreyNCC_JSOES,01.ZooPreyNCC_JSOES,01.ZooPreyNCC_JSOES,01.ZooPreyNCC_JSOES,01.ZooPreyNCC_JSOES,01.ZooPreyNCC_JSOES,01.ZooPreyNCC_JSOES,01.ZooPreyNCC_JSOES,01.ZooPreyNCC_JSOES,01.ZooPreyNCC_JSOES,01.ZooPreyNCC_JSOES,01.ZooPreyNCC_JSOES,01.ZooPreyNCC_JSOES,01.ZooPreyNCC_JSOES,01.ZooPreyNCC_JSOES,01.ZooPreyNCC_JSOES,01.ZooPreyNCC_JSOES,01.ZooPreyNCC_JSOES,01.ZooPreyNCC_JSOES,PreyNCC
Cassin_s_aukl_WS_2026,Cassin_s_aukl_WS_2026,,,,,,,,,,,,,,,,,,,,,,,,,,,,,01.ZooPreyNCC_JSOES,01.ZooPreyNCC_JSOES,01.ZooPreyNCC_JSOES,01.ZooPreyNCC_JSOES,01.ZooPreyNCC_JSOES_0,01.ZooPreyNCC_JSOES,01.ZooPreyNCC_JSOES_0,01.ZooPreyNCC_JSOES,01.ZooPreyNCC_JSOES_0,01.ZooPreyNCC_JSOES,01.ZooPreyNCC_JSOES,01.ZooPreyNCC_JSOES_0,01.ZooPreyNCC_JSOES,01.ZooPreyNCC_JSOES,01.ZooPreyNCC_JSOES_0,01.ZooPreyNCC_JSOES,01.ZooPreyNCC_JSOES,01.ZooPreyNCC_JSOES_0,01.ZooPreyNCC_JSOES,01.ZooPreyNCC_JSOES,01.ZooPreyNCC_JSOES,01.ZooPreyNCC_JSOES_0,PreyNCC
Habitat compression index - 43.5-48N,habCompInd,NA,NA,,,,,,,,,,,,,,01.ZooPreyNCC,01.ZooPreyNCC,,,,01.ZooPreyNCC,01.ZooPreyNCC,01.ZooPreyNCC_JSOES,01.ZooPreyNCC_JSOES,01.ZooPreyNCC_JSOES_0,01.ZooPreyNCC_JSOES,01.ZooPreyNCC_JSOES,01.ZooPreyNCC_JSOES_0,01.ZooPreyNCC_JSOES,01.ZooPreyNCC_JSOES,01.ZooPreyNCC_JSOES,01.ZooPreyNCC_JSOES,01.ZooPreyNCC_JSOES_1,01.ZooPreyNCC_JSOES,01.ZooPreyNCC_JSOES_1,01.ZooPreyNCC_JSOES,01.ZooPreyNCC_JSOES_1,01.ZooPreyNCC_JSOES,01.ZooPreyNCC_JSOES,01.ZooPreyNCC_JSOES_1,01.ZooPreyNCC_JSOES,01.ZooPreyNCC_JSOES,01.ZooPreyNCC_JSOES_1,01.ZooPreyNCC_JSOES,01.ZooPreyNCC_JSOES,01.ZooPreyNCC_JSOES_1,01.ZooPreyNCC_JSOES,01.ZooPreyNCC_JSOES,01.ZooPreyNCC_JSOES,01.ZooPreyNCC_JSOES_1,PreyNCC
sumPrey_planktonJun_2026,sumPrey_planktonJun_2026,,,,,,,,,,,,,,,,,,,,,,01.ZooPreyNCC,01.ZooPreyNCC_JSOES,01.ZooPreyNCC_JSOES,01.ZooPreyNCC_JSOES,01.ZooPreyNCC_JSOES,01.ZooPreyNCC_JSOES,01.ZooPreyNCC_JSOES,01.ZooPreyNCC_JSOES,01.ZooPreyNCC_JSOES,01.ZooPreyNCC_JSOES,01.ZooPreyNCC_JSOES,01.ZooPreyNCC_JSOES,01.ZooPreyNCC_JSOES,01.ZooPreyNCC_JSOES,01.ZooPreyNCC_JSOES,01.ZooPreyNCC_JSOES,01.ZooPreyNCC_JSOES,01.ZooPreyNCC_JSOES,01.ZooPreyNCC_JSOES,01.ZooPreyNCC_JSOES,01.ZooPreyNCC_JSOES,01.ZooPreyNCC_JSOES,01.ZooPreyNCC_JSOES,01.ZooPreyNCC_JSOES,01.ZooPreyNCC_JSOES,01.ZooPreyNCC_JSOES,01.ZooPreyNCC_JSOES,01.ZooPreyNCC_JSOES,01.ZooPreyNCC_JSOES,PreyNCC
sumPreyOfPrey_planktonJun_2026,sumPreyOfPrey_planktonJun_2026,,,,,,,,,,,,,,,,,,,,,,01.ZooPreyNCC,01.ZooPreyNCC_JSOES,01.ZooPreyNCC_JSOES,01.ZooPreyNCC_JSOES,01.ZooPreyNCC_JSOES,01.ZooPreyNCC_JSOES,01.ZooPreyNCC_JSOES,01.ZooPreyNCC_JSOES,01.ZooPreyNCC_JSOES,01.ZooPreyNCC_JSOES,01.ZooPreyNCC_JSOES,01.ZooPreyNCC_JSOES,01.ZooPreyNCC_JSOES,01.ZooPreyNCC_JSOES,01.ZooPreyNCC_JSOES,01.ZooPreyNCC_JSOES,01.ZooPreyNCC_JSOES,01.ZooPreyNCC_JSOES,01.ZooPreyNCC_JSOES,01.ZooPreyNCC_JSOES,01.ZooPreyNCC_JSOES,01.ZooPreyNCC_JSOES,01.ZooPreyNCC_JSOES,01.ZooPreyNCC_JSOES,01.ZooPreyNCC_JSOES,01.ZooPreyNCC_JSOES,01.ZooPreyNCC_JSOES,01.ZooPreyNCC_JSOES,01.ZooPreyNCC_JSOES,PreyNCC
copeLogBiomassNorth_2026,copeLogBiomassNorth_2026,,,,,,,,,,,,,,,,,,,,,,01.ZooPreyNCCb,01.ZooPreyNCC_NHL,01.ZooPreyNCC_NHL,01.ZooPreyNCC_NHL,01.ZooPreyNCC_NHL,01.ZooPreyNCC_NHL,01.ZooPreyNCC_NHL,01.ZooPreyNCC_NHL,01.ZooPreyNCC_NHL,01.ZooPreyNCC_NHL,01.ZooPreyNCC_NHL,01.ZooPreyNCC_NHL,01.ZooPreyNCC_NHL,01.ZooPreyNCC_NHL,01.ZooPreyNCC_NHL,01.ZooPreyNCC_NHL,01.ZooPreyNCC_NHL,01.ZooPreyNCC_NHL,01.ZooPreyNCC_NHL,01.ZooPreyNCC_NHL,01.ZooPreyNCC_NHL,01.ZooPreyNCC_NHL,01.ZooPreyNCC_NHL,01.ZooPreyNCC_NHL,01.ZooPreyNCC_NHL,01.ZooPreyNCC_NHL,01.ZooPreyNCC_NHL,01.ZooPreyNCC_NHL,01.ZooPreyNCC_NHL,PreyNCC
copeLogBiomassSouth_2026,copeLogBiomassSouth_2026,,,,,,,,,,,,,,,,,,,,,,01.ZooPreyNCCb,01.ZooPreyNCC_NHL,01.ZooPreyNCC_NHL,01.ZooPreyNCC_NHL,01.ZooPreyNCC_NHL,01.ZooPreyNCC_NHL,01.ZooPreyNCC_NHL,01.ZooPreyNCC_NHL,01.ZooPreyNCC_NHL,01.ZooPreyNCC_NHL,01.ZooPreyNCC_NHL,01.ZooPreyNCC_NHL,01.ZooPreyNCC_NHL,01.ZooPreyNCC_NHL,01.ZooPreyNCC_NHL,01.ZooPreyNCC_NHL,01.ZooPreyNCC_NHL,01.ZooPreyNCC_NHL,01.ZooPreyNCC_NHL,01.ZooPreyNCC_NHL,01.ZooPreyNCC_NHL,01.ZooPreyNCC_NHL,01.ZooPreyNCC_NHL,01.ZooPreyNCC_NHL,01.ZooPreyNCC_NHL,01.ZooPreyNCC_NHL,01.ZooPreyNCC_NHL,01.ZooPreyNCC_NHL,01.ZooPreyNCC_NHL,PreyNCC
Epac_adult_density,Epac_NHL_2026,,,,,,,,,,,,,,,,,,,,,,01.ZooPreyNCCb,01.ZooPreyNCC_NHL,01.ZooPreyNCC_NHL,01.ZooPreyNCC_NHL,01.ZooPreyNCC_NHL,01.ZooPreyNCC_NHL,01.ZooPreyNCC_NHL,01.ZooPreyNCC_NHL,01.ZooPreyNCC_NHL,01.ZooPreyNCC_NHL,01.ZooPreyNCC_NHL,01.ZooPreyNCC_NHL,01.ZooPreyNCC_NHL,01.ZooPreyNCC_NHL,01.ZooPreyNCC_NHL,01.ZooPreyNCC_NHL,01.ZooPreyNCC_NHL,01.ZooPreyNCC_NHL,01.ZooPreyNCC_NHL,01.ZooPreyNCC_NHL,01.ZooPreyNCC_NHL,01.ZooPreyNCC_NHL,01.ZooPreyNCC_NHL,01.ZooPreyNCC_NHL,01.ZooPreyNCC_NHL,01.ZooPreyNCC_NHL,01.ZooPreyNCC_NHL,01.ZooPreyNCC_NHL,01.ZooPreyNCC_NHL,PreyNCC
NHLlogSum_win_05_2026,NHLlogSum_win_05_2026,,,,,,,,,,,,,,,,,,,,,,01.ZooPreyNCCb,01.ZooPreyNCC_NHL,01.ZooPreyNCC_NHL,01.ZooPreyNCC_NHL,01.ZooPreyNCC_NHL,01.ZooPreyNCC_NHL,01.ZooPreyNCC_NHL,01.ZooPreyNCC_NHL,01.ZooPreyNCC_NHL,01.ZooPreyNCC_NHL,01.ZooPreyNCC_NHL,01.ZooPreyNCC_NHL_0,01.ZooPreyNCC_NHL,01.ZooPreyNCC_NHL_0,01.ZooPreyNCC_NHL,01.ZooPreyNCC_NHL_0,01.ZooPreyNCC_NHL,01.ZooPreyNCC_NHL,01.ZooPreyNCC_NHL_0,01.ZooPreyNCC_NHL,01.ZooPreyNCC_NHL,01.ZooPreyNCC_NHL_0,01.ZooPreyNCC_NHL,01.ZooPreyNCC_NHL,01.ZooPreyNCC_NHL_0,01.ZooPreyNCC_NHL,01.ZooPreyNCC_NHL,01.ZooPreyNCC_NHL,01.ZooPreyNCC_NHL_0,PreyNCC
NHLlogSum_win_15_2026,NHLlogSum_win_15_2026,,,,,,,,,,,,,,,,,,,,,,01.ZooPreyNCCb,01.ZooPreyNCC_NHL,01.ZooPreyNCC_NHL,01.ZooPreyNCC_NHL_0,01.ZooPreyNCC_NHL,01.ZooPreyNCC_NHL,01.ZooPreyNCC_NHL_0,01.ZooPreyNCC_NHL,01.ZooPreyNCC_NHL,01.ZooPreyNCC_NHL,01.ZooPreyNCC_NHL,01.ZooPreyNCC_NHL_1,01.ZooPreyNCC_NHL,01.ZooPreyNCC_NHL_1,01.ZooPreyNCC_NHL,01.ZooPreyNCC_NHL_1,01.ZooPreyNCC_NHL,01.ZooPreyNCC_NHL,01.ZooPreyNCC_NHL_1,01.ZooPreyNCC_NHL,01.ZooPreyNCC_NHL,01.ZooPreyNCC_NHL_1,01.ZooPreyNCC_NHL,01.ZooPreyNCC_NHL,01.ZooPreyNCC_NHL_1,01.ZooPreyNCC_NHL,01.ZooPreyNCC_NHL,01.ZooPreyNCC_NHL,01.ZooPreyNCC_NHL_1,PreyNCC
NHLlogSum_win_25_2026,NHLlogSum_win_25_2026,,,,,,,,,,,,,,,,,,,,,,01.ZooPreyNCCb,01.ZooPreyNCC_NHL,01.ZooPreyNCC_NHL,01.ZooPreyNCC_NHL,01.ZooPreyNCC_NHL,01.ZooPreyNCC_NHL,01.ZooPreyNCC_NHL,01.ZooPreyNCC_NHL,01.ZooPreyNCC_NHL,01.ZooPreyNCC_NHL,01.ZooPreyNCC_NHL,01.ZooPreyNCC_NHL_2,01.ZooPreyNCC_NHL,01.ZooPreyNCC_NHL_2,01.ZooPreyNCC_NHL,01.ZooPreyNCC_NHL_2,01.ZooPreyNCC_NHL,01.ZooPreyNCC_NHL,01.ZooPreyNCC_NHL_2,01.ZooPreyNCC_NHL,01.ZooPreyNCC_NHL,01.ZooPreyNCC_NHL_2,01.ZooPreyNCC_NHL,01.ZooPreyNCC_NHL,01.ZooPreyNCC_NHL_2,01.ZooPreyNCC_NHL,01.ZooPreyNCC_NHL,01.ZooPreyNCC_NHL,01.ZooPreyNCC_NHL_2,PreyNCC
Tspin_adult_density,Tspin_NHL_2026,,,,,,,,,,,,,,,,,,,,,,01.ZooPreyNCCb,01.ZooPreyNCC_NHL,01.ZooPreyNCC_NHL,01.ZooPreyNCC_NHL,01.ZooPreyNCC_NHL,01.ZooPreyNCC_NHL,01.ZooPreyNCC_NHL,01.ZooPreyNCC_NHL,01.ZooPreyNCC_NHL,01.ZooPreyNCC_NHL,01.ZooPreyNCC_NHL,01.ZooPreyNCC_NHL,01.ZooPreyNCC_NHL,01.ZooPreyNCC_NHL,01.ZooPreyNCC_NHL,01.ZooPreyNCC_NHL,01.ZooPreyNCC_NHL,01.ZooPreyNCC_NHL,01.ZooPreyNCC_NHL,01.ZooPreyNCC_NHL,01.ZooPreyNCC_NHL,01.ZooPreyNCC_NHL,01.ZooPreyNCC_NHL,01.ZooPreyNCC_NHL,01.ZooPreyNCC_NHL,01.ZooPreyNCC_NHL,01.ZooPreyNCC_NHL,01.ZooPreyNCC_NHL,01.ZooPreyNCC_NHL,PreyNCC
Red_necked_phal_WS_2026,Red_necked_phal_WS_2026,,,,,,,,,,,,,,,,,,,,,,,,,,,,,ecosystem_indicator_b,01.ZooPreyNCC_WPbirds,01.ZooPreyNCC_WPbirds,01.ZooPreyNCC_WPbirds,01.ZooPreyNCC_WPbirds_0,01.ZooPreyNCC_WPbirds,01.ZooPreyNCC_WPbirds_0,01.ZooPreyNCC_WPbirds,01.ZooPreyNCC_WPbirds_0,01.ZooPreyNCC_WPbirds,01.ZooPreyNCC_WPbirds,01.ZooPreyNCC_WPbirds_0,01.ZooPreyNCC_WPbirds,01.ZooPreyNCC_WPbirds,01.ZooPreyNCC_WPbirds_0,01.ZooPreyNCC_WPbirds,01.ZooPreyNCC_WPbirds,01.ZooPreyNCC_WPbirds_0,01.ZooPreyNCC_WPbirds,01.ZooPreyNCC_WPbirds,01.ZooPreyNCC_WPbirds,01.ZooPreyNCC_WPbirds_0,PreyNCC
Red_phal_WS_2026,Red_phal_WS_2026,,,,,,,,,,,,,,,,,,,,,,,,,,,,,ecosystem_indicator_b,01.ZooPreyNCC_WPbirds,01.ZooPreyNCC_WPbirds,01.ZooPreyNCC_WPbirds,01.ZooPreyNCC_WPbirds,01.ZooPreyNCC_WPbirds,01.ZooPreyNCC_WPbirds,01.ZooPreyNCC_WPbirds,01.ZooPreyNCC_WPbirds,01.ZooPreyNCC_WPbirds,01.ZooPreyNCC_WPbirds,01.ZooPreyNCC_WPbirds,01.ZooPreyNCC_WPbirds,01.ZooPreyNCC_WPbirds,01.ZooPreyNCC_WPbirds,01.ZooPreyNCC_WPbirds,01.ZooPreyNCC_WPbirds,01.ZooPreyNCC_WPbirds,01.ZooPreyNCC_WPbirds,01.ZooPreyNCC_WPbirds,01.ZooPreyNCC_WPbirds,01.ZooPreyNCC_WPbirds,PreyNCC
Sabine_gull_WS_2026,Sabine_gull_WS_2026,,,,,,,,,,,,,,,,,,,,,,,,,,,,,ecosystem_indicator_b,01.ZooPreyNCC_WPbirds,01.ZooPreyNCC_WPbirds,01.ZooPreyNCC_WPbirds,01.ZooPreyNCC_WPbirds_1,01.ZooPreyNCC_WPbirds,01.ZooPreyNCC_WPbirds_1,01.ZooPreyNCC_WPbirds,01.ZooPreyNCC_WPbirds_1,01.ZooPreyNCC_WPbirds,01.ZooPreyNCC_WPbirds,01.ZooPreyNCC_WPbirds_1,01.ZooPreyNCC_WPbirds,01.ZooPreyNCC_WPbirds,01.ZooPreyNCC_WPbirds_1,01.ZooPreyNCC_WPbirds,01.ZooPreyNCC_WPbirds,01.ZooPreyNCC_WPbirds_1,01.ZooPreyNCC_WPbirds,01.ZooPreyNCC_WPbirds,01.ZooPreyNCC_WPbirds,01.ZooPreyNCC_WPbirds_1,PreyNCC
Moon.jelly__2025,MoonJelly__2025,,,,,,,,,,,02.CompJellyNCC,02.CompJellyNCC_1,02.CompJellyNCC,02.CompJellyNCC_0,02.CompJellyNCC_0,,02.CompJellyNCC,02.CompJellyNCC,02.CompJellyNCC,,02.CompJellyNCC,02.CompJellyNCC,02.CompJellyNCC,02.CompJellyNCC,02.CompJellyNCC,02.CompJellyNCC,02.CompJellyNCC,02.CompJellyNCC,02.CompJellyNCC,02.CompJellyNCC,02.CompJellyNCC,02.CompJellyNCC,02.CompJellyNCC,02.CompJellyNCC,02.CompJellyNCC,02.CompJellyNCC,02.CompJellyNCC,02.CompJellyNCC,02.CompJellyNCC,02.CompJellyNCC,02.CompJellyNCC,02.CompJellyNCC,02.CompJellyNCC,02.CompJellyNCC,02.CompJellyNCC,02.CompJellyNCC,02.CompJellyNCC,02.CompJellyNCC,02.CompJellyNCC,02.CompJellyNCC,PreyNCC
Pyrosoma.atlanticum__2025,PyrosomaAtlanticum__2025,,,,,,,,,,,02.CompJellyNCC,02.CompJellyNCC,02.CompJellyNCC,02.CompJellyNCC,02.CompJellyNCC,,02.CompJellyNCC,02.CompJellyNCC,02.CompJellyNCC,,02.CompJellyNCC,02.CompJellyNCC,02.CompJellyNCC,02.CompJellyNCC,02.CompJellyNCC,02.CompJellyNCC,02.CompJellyNCC,02.CompJellyNCC,02.CompJellyNCC,02.CompJellyNCC,02.CompJellyNCC,02.CompJellyNCC,02.CompJellyNCC,02.CompJellyNCC,02.CompJellyNCC,02.CompJellyNCC,02.CompJellyNCC,02.CompJellyNCC,02.CompJellyNCC,02.CompJellyNCC,02.CompJellyNCC,02.CompJellyNCC,02.CompJellyNCC,02.CompJellyNCC,02.CompJellyNCC,02.CompJellyNCC,02.CompJellyNCC,02.CompJellyNCC,02.CompJellyNCC,02.CompJellyNCC,PreyNCC
Sea.nettle__2025,SeaNettle__2025,,,,,,,,,,,02.CompJellyNCC,02.CompJellyNCC,02.CompJellyNCC,02.CompJellyNCC,02.CompJellyNCC,,02.CompJellyNCC,02.CompJellyNCC,02.CompJellyNCC,,02.CompJellyNCC,02.CompJellyNCC,02.CompJellyNCC,02.CompJellyNCC,02.CompJellyNCC,02.CompJellyNCC,02.CompJellyNCC,02.CompJellyNCC,02.CompJellyNCC,02.CompJellyNCC,02.CompJellyNCC,02.CompJellyNCC,02.CompJellyNCC,02.CompJellyNCC,02.CompJellyNCC,02.CompJellyNCC,02.CompJellyNCC,02.CompJellyNCC,02.CompJellyNCC,02.CompJellyNCC,02.CompJellyNCC,02.CompJellyNCC,02.CompJellyNCC,02.CompJellyNCC,02.CompJellyNCC,02.CompJellyNCC,02.CompJellyNCC,02.CompJellyNCC,02.CompJellyNCC,02.CompJellyNCC,PreyNCC
YH Common murre diet - Flatfish - NoCC,comMurreDietFlat_Yaquina_NCC,NA,Prey_NCC,,,,,,,,,,,,,,,,NA,,,03.FishPreyNCC,03.FishPreyNCC,03.FishPreyNCC,03.FishPreyNCC,03.FishPreyNCC,03.FishPreyNCC,03.FishPreyNCC,03.FishPreyNCC,03.FishPreyNCC,03.FishPreyNCC,03.FishPreyNCC,03.FishPreyNCC,03.FishPreyNCC,03.FishPreyNCC,03.FishPreyNCC,03.FishPreyNCC,03.FishPreyNCC,03.FishPreyNCC,03.FishPreyNCC,03.FishPreyNCC,,,,,,,,,,,PreyNCC
YH Common murre diet - Herring/Sardines - NoCC,comMurreDietHerrSard_Yaquina_NCC,05.ForageFishNCC,Prey_NCC,05.ForageFishNCC,05.ForageFishNCC,05.ForageFishNCC,05.ForageFishNCC,05.ForageFishNCC,05.ForageFishNCC,05.ForageFishNCC,05.ForageFishNCC,03.FishPreyNCC,03.FishPreyNCC,03.FishPreyNCC,03.FishPreyNCC,03.FishPreyNCC,,03.FishPreyNCC,NA,,,03.FishPreyNCC,03.FishPreyNCC,05.ForageFishNCC,05.ForageFishNCC,05.ForageFishNCC_7,03.FishPreyNCC,03.FishPreyNCC,03.FishPreyNCC_5,03.FishPreyNCC,03.FishPreyNCC,03.FishPreyNCC,03.FishPreyNCC,03.FishPreyNCC_6,03.FishPreyNCC,03.FishPreyNCC_0,03.FishPreyNCC_b,03.FishPreyNCC_b,03.FishPreyNCC,03.FishPreyNCC_b,03.FishPreyNCC_b,03.FishPreyNCC,03.FishPreyNCC,03.FishPreyNCC,03.FishPreyNCC,03.FishPreyNCC,03.FishPreyNCC,03.FishPreyNCC,03.FishPreyNCC,03.FishPreyNCC,03.FishPreyNCC,PreyNCC
YH Common murre diet - Rockfish - NoCC,comMurreDietRock_Yaquina_NCC,03.FishPreyNCC,Prey_NCC,03.FishPreyNCC,03.FishPreyNCC_1,03.FishPreyNCC,03.FishPreyNCC_1,03.FishPreyNCC_1,03.FishPreyNCC,03.FishPreyNCC_1,03.FishPreyNCC,03.FishPreyNCC,03.FishPreyNCC_1,03.FishPreyNCC,03.FishPreyNCC_1,03.FishPreyNCC_1,,03.FishPreyNCC,NA,,,03.FishPreyNCC,03.FishPreyNCC,03.FishPreyNCC,03.FishPreyNCC,03.FishPreyNCC_2,03.FishPreyNCC,03.FishPreyNCC,03.FishPreyNCC_6,03.FishPreyNCC,03.FishPreyNCC,03.FishPreyNCC,03.FishPreyNCC,03.FishPreyNCC_7,03.FishPreyNCC,03.FishPreyNCC_1,03.FishPreyNCC_b,03.FishPreyNCC_b,03.FishPreyNCC,03.FishPreyNCC_b,03.FishPreyNCC_b,03.FishPreyNCC,03.FishPreyNCC,03.FishPreyNCC,03.FishPreyNCC,03.FishPreyNCC,03.FishPreyNCC,03.FishPreyNCC,03.FishPreyNCC,03.FishPreyNCC,03.FishPreyNCC,PreyNCC
YH Common murre diet - Sandlance - NoCC,comMurreDietSLance_Yaquina_NCC,05.ForageFishNCC,Prey_NCC,05.ForageFishNCC,05.ForageFishNCC_2,05.ForageFishNCC,05.ForageFishNCC_1,05.ForageFishNCC_2,05.ForageFishNCC,05.ForageFishNCC_2,05.ForageFishNCC,03.FishPreyNCC,03.FishPreyNCC_2,03.FishPreyNCC,03.FishPreyNCC_2,03.FishPreyNCC_2,,03.FishPreyNCC,NA,,,03.FishPreyNCC,03.FishPreyNCC,05.ForageFishNCC,05.ForageFishNCC,05.ForageFishNCC_8,03.FishPreyNCC,03.FishPreyNCC,03.FishPreyNCC_7,03.FishPreyNCC,03.FishPreyNCC,03.FishPreyNCC,03.FishPreyNCC,03.FishPreyNCC_8,03.FishPreyNCC,03.FishPreyNCC_2,03.FishPreyNCC_b,03.FishPreyNCC_b,03.FishPreyNCC,03.FishPreyNCC_b,03.FishPreyNCC_b,03.FishPreyNCC,03.FishPreyNCC,03.FishPreyNCC,03.FishPreyNCC,03.FishPreyNCC,03.FishPreyNCC,03.FishPreyNCC,03.FishPreyNCC,03.FishPreyNCC,03.FishPreyNCC,PreyNCC
YH Common murre diet - Smelt - NoCC,comMurreDietSmelt_Yaquina_NCC,05.ForageFishNCC,Prey_NCC,05.ForageFishNCC,05.ForageFishNCC,05.ForageFishNCC,05.ForageFishNCC,05.ForageFishNCC,05.ForageFishNCC,05.ForageFishNCC,05.ForageFishNCC,03.FishPreyNCC,03.FishPreyNCC,03.FishPreyNCC,03.FishPreyNCC,03.FishPreyNCC,,03.FishPreyNCC,NA,,,03.FishPreyNCC,03.FishPreyNCC,05.ForageFishNCC,05.ForageFishNCC,05.ForageFishNCC_9,03.FishPreyNCC,03.FishPreyNCC,03.FishPreyNCC_8,03.FishPreyNCC,03.FishPreyNCC,03.FishPreyNCC,03.FishPreyNCC,03.FishPreyNCC_9,03.FishPreyNCC,03.FishPreyNCC_3,03.FishPreyNCC_b,03.FishPreyNCC_b,03.FishPreyNCC,03.FishPreyNCC_b,03.FishPreyNCC_b,03.FishPreyNCC,03.FishPreyNCC,03.FishPreyNCC,03.FishPreyNCC,03.FishPreyNCC,03.FishPreyNCC,03.FishPreyNCC,03.FishPreyNCC,03.FishPreyNCC,03.FishPreyNCC,PreyNCC
HakeAge1_2025,HakeAge1_2025,,,,,,,,04.CompFishNCC,04.CompFishNCC_0,04.CompFishNCC,,,,,,,,,,,01.ZooPreyNCC,01.ZooPreyNCC,01.ZooPreyNCC_JSOES,01.ZooPreyNCC_JSOES,01.ZooPreyNCC_JSOES_1,03.FishPreyNCC,03.FishPreyNCC,03.FishPreyNCC_1,03.FishPreyNCC,03.FishPreyNCC,03.FishPreyNCC,03.FishPreyNCC,03.FishPreyNCC_1,03.FishPreyNCC,03.FishPreyNCC_4,03.FishPreyNCC_b,03.FishPreyNCC_b_0,03.FishPreyNCC,03.FishPreyNCC_b,03.FishPreyNCC_b_0,03.FishPreyNCC,03.FishPreyNCC,03.FishPreyNCC_0,03.FishPreyNCC,03.FishPreyNCC,03.FishPreyNCC_0,03.FishPreyNCC,03.FishPreyNCC,03.FishPreyNCC,03.FishPreyNCC_0,PreyNCC
IchNear_2026,IchNear_2026,,,,,,,,,,,,,,,,,,,,,,,,,,,03.FishPreyNCC,03.FishPreyNCC_2,03.FishPreyNCC,03.FishPreyNCC,03.FishPreyNCC,03.FishPreyNCC,03.FishPreyNCC_2,03.FishPreyNCC,03.FishPreyNCC_5,03.FishPreyNCC_b,03.FishPreyNCC_b,03.FishPreyNCC,03.FishPreyNCC_b,03.FishPreyNCC_b,03.FishPreyNCC,03.FishPreyNCC,03.FishPreyNCC,03.FishPreyNCC,03.FishPreyNCC,03.FishPreyNCC,03.FishPreyNCC,03.FishPreyNCC,03.FishPreyNCC,03.FishPreyNCC,PreyNCC
lag_log_abund_anchovy,lagAbundAnchovy,NA,Prey_WCVI,,,,,,,,,,,,,,,,,,,05.ForageFishNCC,05.ForageFishNCC,05.ForageFishNCC,05.ForageFishNCC,05.ForageFishNCC_13,03.FishPreyNCC,03.FishPreyNCC,03.FishPreyNCC_10,03.FishPreyNCC,03.FishPreyNCC,03.FishPreyNCC,03.FishPreyNCC,03.FishPreyNCC_3,03.FishPreyNCC,03.FishPreyNCC_6,03.FishPreyNCC_b,03.FishPreyNCC_b,03.FishPreyNCC,03.FishPreyNCC_b,03.FishPreyNCC_b,03.FishPreyNCC,03.FishPreyNCC,03.FishPreyNCC,03.FishPreyNCC,03.FishPreyNCC,03.FishPreyNCC,03.FishPreyNCC,03.FishPreyNCC,03.FishPreyNCC,03.FishPreyNCC,PreyNCC
lag_log_abund_pacific_herring,lagAbundHerring,NA,Prey_WCVI,,,,,,,,,,,,,,,,,,,05.ForageFishNCC,05.ForageFishNCC,05.ForageFishNCC,05.ForageFishNCC,05.ForageFishNCC,03.FishPreyNCC,03.FishPreyNCC,03.FishPreyNCC,03.FishPreyNCC,03.FishPreyNCC,03.FishPreyNCC,03.FishPreyNCC,03.FishPreyNCC,03.FishPreyNCC,03.FishPreyNCC,03.FishPreyNCC,03.FishPreyNCC,03.FishPreyNCC,03.FishPreyNCC,03.FishPreyNCC,,,,,,,,,,,PreyNCC
lag_log_abund_pacific_sardine,lagAbundSardine,NA,Prey_WCVI,,,,,,,,,,,,,,,,,,,05.ForageFishNCC,05.ForageFishNCC,05.ForageFishNCC,05.ForageFishNCC,05.ForageFishNCC,03.FishPreyNCC,03.FishPreyNCC,03.FishPreyNCC,03.FishPreyNCC,03.FishPreyNCC,03.FishPreyNCC,03.FishPreyNCC,03.FishPreyNCC,03.FishPreyNCC,03.FishPreyNCC,03.FishPreyNCC,03.FishPreyNCC,03.FishPreyNCC,03.FishPreyNCC,03.FishPreyNCC,,,,,,,,,,,PreyNCC
DI Rhinoceros auklet diet - Anchovy - NoCC,rhinoAukDietAnch_NCC,NA,Prey_NCC,,,,,,,,,,,,,,,,,,,05.ForageFishNCC,05.ForageFishNCC,05.ForageFishNCC,05.ForageFishNCC,05.ForageFishNCC_0,03.FishPreyNCC,03.FishPreyNCC,03.FishPreyNCC,03.FishPreyNCC,03.FishPreyNCC,03.FishPreyNCC,03.FishPreyNCC,03.FishPreyNCC,03.FishPreyNCC,03.FishPreyNCC,03.FishPreyNCC,03.FishPreyNCC,03.FishPreyNCC,03.FishPreyNCC,03.FishPreyNCC,,,,,,,,,,,PreyNCC
DI Rhinoceros auklet diet - Herring - NoCC,rhinoAukDietHerr_NCC,NA,Prey_NCC,,,,,,,,,,,,,,,,,,,05.ForageFishNCC,05.ForageFishNCC,05.ForageFishNCC,05.ForageFishNCC,05.ForageFishNCC_1,03.FishPreyNCC,03.FishPreyNCC,03.FishPreyNCC,03.FishPreyNCC,03.FishPreyNCC,03.FishPreyNCC,03.FishPreyNCC,03.FishPreyNCC,03.FishPreyNCC,03.FishPreyNCC,03.FishPreyNCC,03.FishPreyNCC,03.FishPreyNCC,03.FishPreyNCC,03.FishPreyNCC,,,,,,,,,,,PreyNCC
DI Rhinoceros auklet diet - Rockfish - NoCC,rhinoAukDietRock_NCC,NA,Prey_NCC,,,,,,,,,,,,,,,,,,,03.FishPreyNCC,03.FishPreyNCC,03.FishPreyNCC,03.FishPreyNCC,03.FishPreyNCC_0,03.FishPreyNCC,03.FishPreyNCC,03.FishPreyNCC_0,03.FishPreyNCC,03.FishPreyNCC,03.FishPreyNCC,03.FishPreyNCC,03.FishPreyNCC_0,03.FishPreyNCC,03.FishPreyNCC_7,03.FishPreyNCC_b,03.FishPreyNCC_b,03.FishPreyNCC,03.FishPreyNCC_b,03.FishPreyNCC_b,03.FishPreyNCC,03.FishPreyNCC,03.FishPreyNCC,03.FishPreyNCC,03.FishPreyNCC,03.FishPreyNCC,03.FishPreyNCC,03.FishPreyNCC,03.FishPreyNCC,03.FishPreyNCC,PreyNCC
DI Rhinoceros auklet diet - Sandlance - NoCC,rhinoAukDietSLance_NCC,NA,Prey_NCC,,,,,,,,,,,,,,,,,,,05.ForageFishNCC,05.ForageFishNCC,05.ForageFishNCC,05.ForageFishNCC,05.ForageFishNCC_2,03.FishPreyNCC,03.FishPreyNCC,03.FishPreyNCC,03.FishPreyNCC,03.FishPreyNCC,03.FishPreyNCC,03.FishPreyNCC,03.FishPreyNCC,03.FishPreyNCC,03.FishPreyNCC,03.FishPreyNCC,03.FishPreyNCC,03.FishPreyNCC,03.FishPreyNCC,03.FishPreyNCC,,,,,,,,,,,PreyNCC
DI Rhinoceros auklet diet - Smelt - NoCC,rhinoAukDietSmelt_NCC,NA,Prey_NCC,,,,,,,,,,,,,,,,,,,05.ForageFishNCC,05.ForageFishNCC,05.ForageFishNCC,05.ForageFishNCC,05.ForageFishNCC_3,03.FishPreyNCC,03.FishPreyNCC,03.FishPreyNCC,03.FishPreyNCC,03.FishPreyNCC,03.FishPreyNCC,03.FishPreyNCC,03.FishPreyNCC,03.FishPreyNCC,03.FishPreyNCC,03.FishPreyNCC,03.FishPreyNCC,03.FishPreyNCC,03.FishPreyNCC,03.FishPreyNCC,,,,,,,,,,,PreyNCC
Surfsmelt - NCC,surfSmelt_NCC,05.ForageFishNCC,Prey_NCC,05.ForageFishNCC,05.ForageFishNCC,05.ForageFishNCC,05.ForageFishNCC,05.ForageFishNCC,05.ForageFishNCC,05.ForageFishNCC,05.ForageFishNCC,,,,,,,,,,,03.FishPreyNCC,03.FishPreyNCC,05.ForageFishNCC,05.ForageFishNCC,05.ForageFishNCC_5,03.FishPreyNCC,03.FishPreyNCC,03.FishPreyNCC_3,03.FishPreyNCC,03.FishPreyNCC,03.FishPreyNCC,03.FishPreyNCC,03.FishPreyNCC_4,03.FishPreyNCC,03.FishPreyNCC_8,03.FishPreyNCC_b,03.FishPreyNCC_b,03.FishPreyNCC,03.FishPreyNCC_b,03.FishPreyNCC_b,03.FishPreyNCC,03.FishPreyNCC,03.FishPreyNCC,03.FishPreyNCC,03.FishPreyNCC,03.FishPreyNCC,03.FishPreyNCC,03.FishPreyNCC,03.FishPreyNCC,03.FishPreyNCC,PreyNCC
Whitebait smelt - NCC,whiteBaitSmelt_NCC,05.ForageFishNCC,Prey_NCC,05.ForageFishNCC,05.ForageFishNCC_1,05.ForageFishNCC,05.ForageFishNCC_0,05.ForageFishNCC_1,05.ForageFishNCC,05.ForageFishNCC_1,05.ForageFishNCC,,,,,,,,,,,03.FishPreyNCC,03.FishPreyNCC,05.ForageFishNCC,05.ForageFishNCC,05.ForageFishNCC_6,03.FishPreyNCC,03.FishPreyNCC,03.FishPreyNCC_4,03.FishPreyNCC,03.FishPreyNCC,03.FishPreyNCC,03.FishPreyNCC,03.FishPreyNCC_5,03.FishPreyNCC,03.FishPreyNCC_9,03.FishPreyNCC_b,03.FishPreyNCC_b,03.FishPreyNCC,03.FishPreyNCC_b,03.FishPreyNCC_b,03.FishPreyNCC,03.FishPreyNCC,03.FishPreyNCC,03.FishPreyNCC,03.FishPreyNCC,03.FishPreyNCC,03.FishPreyNCC,03.FishPreyNCC,03.FishPreyNCC,03.FishPreyNCC,PreyNCC
YOY rockfish - NCC,yoyRock_JSOES_NCC,03.FishPreyNCC,Prey_NCC,03.FishPreyNCC,03.FishPreyNCC_2,03.FishPreyNCC,03.FishPreyNCC_2,03.FishPreyNCC_2,03.FishPreyNCC,03.FishPreyNCC_2,03.FishPreyNCC,03.FishPreyNCC,03.FishPreyNCC_3,03.FishPreyNCC,03.FishPreyNCC_3,03.FishPreyNCC_3,,03.FishPreyNCC,NA,,,03.FishPreyNCC,03.FishPreyNCC,03.FishPreyNCC,03.FishPreyNCC,03.FishPreyNCC_3,03.FishPreyNCC,03.FishPreyNCC,03.FishPreyNCC_9,03.FishPreyNCC,03.FishPreyNCC,03.FishPreyNCC,03.FishPreyNCC,03.FishPreyNCC_10,03.FishPreyNCC,03.FishPreyNCC_10,03.FishPreyNCC_b,03.FishPreyNCC_b,03.FishPreyNCC,03.FishPreyNCC_b,03.FishPreyNCC_b,03.FishPreyNCC,03.FishPreyNCC,03.FishPreyNCC,03.FishPreyNCC,03.FishPreyNCC,03.FishPreyNCC,03.FishPreyNCC,03.FishPreyNCC,03.FishPreyNCC,03.FishPreyNCC,PreyNCC
California.market.squid__2025,CaliforniaMarketSquid__2025,,,,,,,,,,,04.CompFishNCC,04.CompFishNCC_0,04.CompFishNCC,04.CompFishNCC,04.CompFishNCC,,04.CompFishNCC,04.CompFishNCC,04.CompFishNCC,,04.CompFishNCC,04.CompFishNCC,04.CompFishNCC,04.CompFishNCC,04.CompFishNCC_0,04.CompFishNCC,04.CompFishNCC,04.CompFishNCC_0,04.CompFishNCC,04.CompFishNCC,04.CompFishNCC,04.CompFishNCC,04.CompFishNCC_0,04.CompFishNCC,04.CompFishNCC_0,04.CompFishNCC,04.CompFishNCC_0,04.CompFishNCC,04.CompFishNCC,04.CompFishNCC_0,04.CompFishNCC,04.CompFishNCC,04.CompFishNCC_0,04.CompFishNCC,04.CompFishNCC,04.CompFishNCC_0,04.CompFishNCC,04.CompFishNCC,04.CompFishNCC,04.CompFishNCC_0,PreyNCC
marketsquid_gam,marketsquid_GAM_2025,,,,,,,,,,,05.ForageFishNCC,05.ForageFishNCC,05.ForageFishNCC,05.ForageFishNCC,05.ForageFishNCC,,05.ForageFishNCC,05.ForageFishNCC,05.ForageFishNCC,,04.CompFishNCC,04.CompFishNCC,04.CompFishNCC,04.CompFishNCC,04.CompFishNCC,04.CompFishNCC,04.CompFishNCC,04.CompFishNCC,04.CompFishNCC,04.CompFishNCC,04.CompFishNCC,04.CompFishNCC,04.CompFishNCC,04.CompFishNCC,04.CompFishNCC,04.CompFishNCC,04.CompFishNCC,04.CompFishNCC,04.CompFishNCC,04.CompFishNCC,04.CompFishNCC,04.CompFishNCC,04.CompFishNCC,04.CompFishNCC,04.CompFishNCC,04.CompFishNCC,04.CompFishNCC,04.CompFishNCC,04.CompFishNCC,04.CompFishNCC,PreyNCC
Pacific.pompano__2025,PacificPompano__2025,,,,,,,,,,,04.CompFishNCC,04.CompFishNCC_1,04.CompFishNCC,04.CompFishNCC_0,04.CompFishNCC_0,,04.CompFishNCC,04.CompFishNCC,04.CompFishNCC,,04.CompFishNCC,04.CompFishNCC,04.CompFishNCC,04.CompFishNCC,04.CompFishNCC_1,04.CompFishNCC,04.CompFishNCC,04.CompFishNCC_1,04.CompFishNCC,04.CompFishNCC,04.CompFishNCC,04.CompFishNCC,04.CompFishNCC_1,04.CompFishNCC,04.CompFishNCC_1,04.CompFishNCC,04.CompFishNCC_1,04.CompFishNCC,04.CompFishNCC,04.CompFishNCC_1,04.CompFishNCC,04.CompFishNCC,04.CompFishNCC_1,04.CompFishNCC,04.CompFishNCC,04.CompFishNCC_1,04.CompFishNCC,04.CompFishNCC,04.CompFishNCC,04.CompFishNCC_1,PreyNCC
Sablefish__2025,Sablefish__JSOES_2025,,,,,,,,,,,04.CompFishNCC,04.CompFishNCC_2,04.CompFishNCC,04.CompFishNCC_1,04.CompFishNCC_1,,04.CompFishNCC,NA,,,04.CompFishNCC,04.CompFishNCC,04.CompFishNCC,04.CompFishNCC,04.CompFishNCC_2,04.CompFishNCC,04.CompFishNCC,04.CompFishNCC_2,04.CompFishNCC,04.CompFishNCC,04.CompFishNCC,04.CompFishNCC,04.CompFishNCC_2,04.CompFishNCC,04.CompFishNCC_2,04.CompFishNCC,04.CompFishNCC_2,04.CompFishNCC,04.CompFishNCC,04.CompFishNCC_2,04.CompFishNCC,04.CompFishNCC,04.CompFishNCC_2,04.CompFishNCC,04.CompFishNCC,04.CompFishNCC_2,04.CompFishNCC,04.CompFishNCC,04.CompFishNCC,04.CompFishNCC_2,PreyNCC
log_abund_anchovy,abundAnchovy,,,,,,,,,,,,,,,,,,,,,,,,,,05.ForageFishNCC,05.ForageFishNCC,05.ForageFishNCC_3,05.ForageFishNCC,05.ForageFishNCC,05.ForageFishNCC,05.ForageFishNCC,05.ForageFishNCC_2,05.ForageFishNCC,05.ForageFishNCC_0,05.ForageFishNCC,05.ForageFishNCC_0,05.ForageFishNCC,05.ForageFishNCC,05.ForageFishNCC_0,,,,,,,,,,,PreyNCC
log_abund_pacific_herring,abundHerring,,,,,,,,,,,,,,,,,,,,,,,,,,05.ForageFishNCC,05.ForageFishNCC,05.ForageFishNCC,05.ForageFishNCC,05.ForageFishNCC,05.ForageFishNCC,05.ForageFishNCC,05.ForageFishNCC,05.ForageFishNCC,05.ForageFishNCC,05.ForageFishNCC,05.ForageFishNCC,05.ForageFishNCC,05.ForageFishNCC,05.ForageFishNCC,05.ForageFishNCC,05.ForageFishNCC,05.ForageFishNCC,05.ForageFishNCC,05.ForageFishNCC,05.ForageFishNCC,05.ForageFishNCC,05.ForageFishNCC,05.ForageFishNCC,05.ForageFishNCC,PreyNCC
log_abund_pacific_sardine,abundSardine,,,,,,,,,,,,,,,,,,,,,,,,,,05.ForageFishNCC,05.ForageFishNCC,05.ForageFishNCC,05.ForageFishNCC,05.ForageFishNCC,05.ForageFishNCC,05.ForageFishNCC,05.ForageFishNCC,05.ForageFishNCC,05.ForageFishNCC,05.ForageFishNCC,05.ForageFishNCC,05.ForageFishNCC,05.ForageFishNCC,05.ForageFishNCC,05.ForageFishNCC,05.ForageFishNCC,05.ForageFishNCC,05.ForageFishNCC,05.ForageFishNCC,05.ForageFishNCC,05.ForageFishNCC,05.ForageFishNCC,05.ForageFishNCC,05.ForageFishNCC,PreyNCC
anchovy_gam,anchovy_GAM_2025,,,,,,,,,,,05.ForageFishNCC,05.ForageFishNCC_0,05.ForageFishNCC,05.ForageFishNCC_0,05.ForageFishNCC_0,,05.ForageFishNCC,05.ForageFishNCC,05.ForageFishNCC,,05.ForageFishNCC,05.ForageFishNCC,05.ForageFishNCC,05.ForageFishNCC,05.ForageFishNCC_10,05.ForageFishNCC,05.ForageFishNCC,05.ForageFishNCC_1,05.ForageFishNCC,05.ForageFishNCC,05.ForageFishNCC,05.ForageFishNCC,05.ForageFishNCC_0,05.ForageFishNCC,05.ForageFishNCC_1,05.ForageFishNCC,05.ForageFishNCC_1,05.ForageFishNCC,05.ForageFishNCC,05.ForageFishNCC_1,05.ForageFishNCC,05.ForageFishNCC,05.ForageFishNCC_0,05.ForageFishNCC,05.ForageFishNCC,05.ForageFishNCC_0,05.ForageFishNCC,05.ForageFishNCC,05.ForageFishNCC,05.ForageFishNCC_0,PreyNCC
herring_gam,herring_GAM_2025,,,,,,,,,,,05.ForageFishNCC,05.ForageFishNCC_1,05.ForageFishNCC,05.ForageFishNCC_1,05.ForageFishNCC_1,,05.ForageFishNCC,05.ForageFishNCC,05.ForageFishNCC,,05.ForageFishNCC,05.ForageFishNCC,05.ForageFishNCC,05.ForageFishNCC,05.ForageFishNCC_11,05.ForageFishNCC,05.ForageFishNCC,05.ForageFishNCC_2,05.ForageFishNCC,05.ForageFishNCC,05.ForageFishNCC,05.ForageFishNCC,05.ForageFishNCC_1,05.ForageFishNCC,05.ForageFishNCC_2,05.ForageFishNCC,05.ForageFishNCC_2,05.ForageFishNCC,05.ForageFishNCC,05.ForageFishNCC_2,05.ForageFishNCC,05.ForageFishNCC,05.ForageFishNCC_1,05.ForageFishNCC,05.ForageFishNCC,05.ForageFishNCC_1,05.ForageFishNCC,05.ForageFishNCC,05.ForageFishNCC,05.ForageFishNCC_1,PreyNCC
Pacific herring - NCC,herring_NCC,05.ForageFishNCC,Prey_NCC,05.ForageFishNCC,05.ForageFishNCC,05.ForageFishNCC,05.ForageFishNCC,05.ForageFishNCC_0,05.ForageFishNCC,05.ForageFishNCC_0,05.ForageFishNCC,,,,,,,,,,,05.ForageFishNCC,05.ForageFishNCC,05.ForageFishNCC,05.ForageFishNCC,05.ForageFishNCC_4,05.ForageFishNCC,05.ForageFishNCC,05.ForageFishNCC_0,05.ForageFishNCC,05.ForageFishNCC,05.ForageFishNCC,05.ForageFishNCC,05.ForageFishNCC_3,05.ForageFishNCC,05.ForageFishNCC_3,05.ForageFishNCC,05.ForageFishNCC_3,05.ForageFishNCC,05.ForageFishNCC,05.ForageFishNCC_3,05.ForageFishNCC,05.ForageFishNCC,05.ForageFishNCC_2,05.ForageFishNCC,05.ForageFishNCC,05.ForageFishNCC_2,05.ForageFishNCC,05.ForageFishNCC,05.ForageFishNCC,05.ForageFishNCC_2,PreyNCC
sardine_gam,sardine_GAM_2025,,,,,,,,,,,05.ForageFishNCC,05.ForageFishNCC,05.ForageFishNCC,05.ForageFishNCC,05.ForageFishNCC,,05.ForageFishNCC,05.ForageFishNCC,05.ForageFishNCC,,05.ForageFishNCC,05.ForageFishNCC,05.ForageFishNCC,05.ForageFishNCC,05.ForageFishNCC,05.ForageFishNCC,05.ForageFishNCC,05.ForageFishNCC,05.ForageFishNCC,05.ForageFishNCC,05.ForageFishNCC,05.ForageFishNCC,05.ForageFishNCC,05.ForageFishNCC,05.ForageFishNCC,05.ForageFishNCC,05.ForageFishNCC,05.ForageFishNCC,05.ForageFishNCC,05.ForageFishNCC,05.ForageFishNCC,05.ForageFishNCC,05.ForageFishNCC,05.ForageFishNCC,05.ForageFishNCC,05.ForageFishNCC,05.ForageFishNCC,05.ForageFishNCC,05.ForageFishNCC,05.ForageFishNCC,PreyNCC
Pacific sardine - NCC,sardine_NCC,05.ForageFishNCC,Prey_NCC,05.ForageFishNCC,05.ForageFishNCC,05.ForageFishNCC,05.ForageFishNCC,05.ForageFishNCC,05.ForageFishNCC,05.ForageFishNCC,05.ForageFishNCC,,,,,,,,,,,05.ForageFishNCC,05.ForageFishNCC,05.ForageFishNCC,05.ForageFishNCC,05.ForageFishNCC,05.ForageFishNCC,05.ForageFishNCC,05.ForageFishNCC,05.ForageFishNCC,05.ForageFishNCC,05.ForageFishNCC,05.ForageFishNCC,05.ForageFishNCC,05.ForageFishNCC,05.ForageFishNCC,05.ForageFishNCC,05.ForageFishNCC,05.ForageFishNCC,05.ForageFishNCC,05.ForageFishNCC,05.ForageFishNCC,05.ForageFishNCC,05.ForageFishNCC,05.ForageFishNCC,05.ForageFishNCC,05.ForageFishNCC,05.ForageFishNCC,05.ForageFishNCC,05.ForageFishNCC,05.ForageFishNCC,PreyNCC
IGF_mu_2025,IGF_mu_2025,,,,,06.Cond1NCC,06.Cond1NCC,06.Cond1NCC,06.Cond1NCC,06.Cond1NCC,06.Cond1NCC,06.Cond1NCC,06.Cond1NCC,06.Cond1NCC,06.Cond1NCC,06.Cond1NCC,,06.Cond1NCC,06.Cond1NCC,06.Cond1NCC,,06.Cond1NCC,06.Cond1NCC,06.Cond1NCC,06.Cond1NCC,06.Cond1NCC,06.Cond1NCC,06.Cond1NCC,06.Cond1NCC,06.Cond1NCC,06.Cond1NCC,06.Cond1NCC,06.Cond1NCC,06.Cond1NCC,06.Cond1NCC,06.Cond1NCC,06.Cond1NCC,06.Cond1NCC,06.Cond1NCC,06.Cond1NCC,06.Cond1NCC,06.Cond1NCC,06.Cond1NCC,06.Cond1NCC,06.Cond1NCC,06.Cond1NCC,06.Cond1NCC,06.Cond1NCC,06.Cond1NCC,06.Cond1NCC,06.Cond1NCC,Growth
Lmu_IntSprJunH_2025,Lmu_IntSprJunH_2025,,,,,06.Cond1NCC,06.Cond1NCC_0,06.Cond1NCC_0,06.Cond1NCC,06.Cond1NCC_0,06.Cond1NCC,06.Cond1NCC,06.Cond1NCC_0,06.Cond1NCC,06.Cond1NCC_0,06.Cond1NCC_0,,06.Cond1NCC,06.Cond1NCC,06.Cond1NCC,,06.Cond1NCC,06.Cond1NCC,06.Cond1NCC,06.Cond1NCC,06.Cond1NCC_0,06.Cond1NCC,06.Cond1NCC,06.Cond1NCC_0,06.Cond1NCC,06.Cond1NCC,06.Cond1NCC,06.Cond1NCC,06.Cond1NCC_0,06.Cond1NCC,06.Cond1NCC_0,06.Cond1NCC,06.Cond1NCC_0,06.Cond1NCC,06.Cond1NCC,06.Cond1NCC_0,06.Cond1NCC,06.Cond1NCC,06.Cond1NCC_0,06.Cond1NCC,06.Cond1NCC,06.Cond1NCC_0,06.Cond1NCC,06.Cond1NCC,06.Cond1NCC,06.Cond1NCC_0,Growth
Lmu_IntSprMayW_2025,Lmu_IntSprMayW_2025,,,,,06.Cond1NCC,06.Cond1NCC_1,06.Cond1NCC_1,06.Cond1NCC,06.Cond1NCC_1,06.Cond1NCC,06.Cond1NCC,06.Cond1NCC_1,06.Cond1NCC,06.Cond1NCC_1,06.Cond1NCC_1,,06.Cond1NCC,06.Cond1NCC,06.Cond1NCC,,06.Cond1NCC,06.Cond1NCC,06.Cond1NCC,06.Cond1NCC,06.Cond1NCC_1,06.Cond1NCC,06.Cond1NCC,06.Cond1NCC_1,06.Cond1NCC,06.Cond1NCC,06.Cond1NCC,06.Cond1NCC,06.Cond1NCC_1,06.Cond1NCC,06.Cond1NCC_1,06.Cond1NCC,06.Cond1NCC_1,06.Cond1NCC,06.Cond1NCC,06.Cond1NCC_1,06.Cond1NCC,06.Cond1NCC,06.Cond1NCC_1,06.Cond1NCC,06.Cond1NCC,06.Cond1NCC_1,06.Cond1NCC,06.Cond1NCC,06.Cond1NCC,06.Cond1NCC_1,Growth
StomFull.Jun_2025,StomFull_Jun_2025,,,,,,,,,,,,,,,,,NA,NA,,,06.Cond1NCC,06.Cond1NCC,07.Cond2NCC,07.Cond2NCC,07.Cond2NCC,07.Cond2NCC,06.Cond1NCC,06.Cond1NCC,06.Cond1NCC,06.Cond1NCC,06.Cond1NCC,06.Cond1NCC,06.Cond1NCC,06.Cond1NCC,06.Cond1NCC,06.Cond1NCC,06.Cond1NCC,06.Cond1NCC,06.Cond1NCC,06.Cond1NCC,06.Cond1NCC,06.Cond1NCC,06.Cond1NCC,06.Cond1NCC,06.Cond1NCC,06.Cond1NCC,06.Cond1NCC,06.Cond1NCC,06.Cond1NCC,06.Cond1NCC,Growth
StomFull.May_2025,StomFull_May_2025,,,,,,,,,,,,,,,,,NA,NA,,,06.Cond1NCC,06.Cond1NCC,06.Cond1NCC,06.Cond1NCC,06.Cond1NCC_2,06.Cond1NCC,06.Cond1NCC,06.Cond1NCC_2,06.Cond1NCC,06.Cond1NCC,06.Cond1NCC,06.Cond1NCC,06.Cond1NCC_2,06.Cond1NCC,06.Cond1NCC_2,06.Cond1NCC,06.Cond1NCC_2,06.Cond1NCC,06.Cond1NCC,06.Cond1NCC_2,06.Cond1NCC,06.Cond1NCC,06.Cond1NCC_2,06.Cond1NCC,06.Cond1NCC,06.Cond1NCC_2,06.Cond1NCC,06.Cond1NCC,06.Cond1NCC,06.Cond1NCC_2,Growth
abund.sdmTMB.junIntSpr_2025,abund_sdmTMB_junIntSpr_2025,,,,,07.Cond2NCC,07.Cond2NCC_0,07.Cond2NCC_0,07.Cond2NCC,07.Cond2NCC_0,07.Cond2NCC,07.Cond2NCC,07.Cond2NCC,07.Cond2NCC,07.Cond2NCC,07.Cond2NCC,,07.Cond2NCC,07.Cond2NCC,07.Cond2NCC,,07.Cond2NCC,07.Cond2NCC,07.Cond2NCC,07.Cond2NCC,07.Cond2NCC_0,07.Cond2NCC,07.Cond2NCC,07.Cond2NCC,07.Cond2NCC,07.Cond2NCC,07.Cond2NCC,07.Cond2NCC,07.Cond2NCC,07.Cond2NCC,07.Cond2NCC,07.Cond2NCC,07.Cond2NCC,07.Cond2NCC,07.Cond2NCC,07.Cond2NCC,07.Cond2NCC,07.Cond2NCC,07.Cond2NCC,07.Cond2NCC,07.Cond2NCC,07.Cond2NCC,07.Cond2NCC,07.Cond2NCC,07.Cond2NCC,07.Cond2NCC,Abundance
cpue_IntSprJunHW_2025,cpue_IntSprJunHW_2025,,,,,07.Cond2NCC,07.Cond2NCC_1,07.Cond2NCC_1,07.Cond2NCC,07.Cond2NCC_1,07.Cond2NCC,07.Cond2NCC,07.Cond2NCC,07.Cond2NCC,07.Cond2NCC,07.Cond2NCC,,07.Cond2NCC,07.Cond2NCC,07.Cond2NCC,,07.Cond2NCC,07.Cond2NCC,07.Cond2NCC,07.Cond2NCC,07.Cond2NCC_1,07.Cond2NCC,07.Cond2NCC,07.Cond2NCC,07.Cond2NCC,07.Cond2NCC,07.Cond2NCC,07.Cond2NCC,07.Cond2NCC,07.Cond2NCC,07.Cond2NCC,07.Cond2NCC,07.Cond2NCC,07.Cond2NCC,07.Cond2NCC,07.Cond2NCC,07.Cond2NCC,07.Cond2NCC,07.Cond2NCC,07.Cond2NCC,07.Cond2NCC,07.Cond2NCC,07.Cond2NCC,07.Cond2NCC,07.Cond2NCC,07.Cond2NCC,Abundance
murre,commonMurre_JSOES_2026,,,,,,,,,,,,,,,,,,,,,,,,08.PredBirdNCC,08.PredBirdNCC_0,08.PredBirdNCC,08.PredBirdNCC,08.PredBirdNCC_0,08.PredBirdNCC,08.PredBirdNCC,08.PredBirdNCC,08.PredBirdNCC,08.PredBirdNCC_0,08.PredBirdNCC,08.PredBirdNCC_0,08.PredBirdNCC,08.PredBirdNCC_0,08.PredBirdNCC,08.PredBirdNCC_b,08.PredBirdNCC_b_0,08.PredBirdNCC,08.PredBirdNCC_b,08.PredBirdNCC_b_0,08.PredBirdNCC,08.PredBirdNCC_b,08.PredBirdNCC_b_0,08.PredBirdNCC,08.PredBirdNCC,08.PredBirdNCC_b,08.PredBirdNCC_b_0,PredNCC
shearwater,sootyShear_JSOES_2026,,,,,,,,,,,,,,,,,,,,,,,,08.PredBirdNCC,08.PredBirdNCC_1,08.PredBirdNCC,08.PredBirdNCC,08.PredBirdNCC_1,08.PredBirdNCC,08.PredBirdNCC,08.PredBirdNCC,08.PredBirdNCC,08.PredBirdNCC_1,08.PredBirdNCC,08.PredBirdNCC_1,08.PredBirdNCC,08.PredBirdNCC_1,08.PredBirdNCC,08.PredBirdNCC,08.PredBirdNCC,08.PredBirdNCC,08.PredBirdNCC,08.PredBirdNCC,08.PredBirdNCC,08.PredBirdNCC,08.PredBirdNCC,08.PredBirdNCC,08.PredBirdNCC,08.PredBirdNCC,08.PredBirdNCC,PredNCC
Black_legged_kitt_WS_2026,Black_legged_kitt_WS_2026,,,,,,,,,,,,,,,,,,,,,,,,,,,,,fish_eaters_ess,08.PredBirdNCC_ess,08.PredBirdNCC_ess,08.PredBirdNCC_ess,08.PredBirdNCC_ess,08.PredBirdNCC_ess,08.PredBirdNCC_ess,08.PredBirdNCC_ess,08.PredBirdNCC_ess,,,,,,,,,,,,,,PredNCC
Common_loon_WS_2026,Common_loon_WS_2026,,,,,,,,,,,,,,,,,,,,,,,,,,,,,fish_eaters_ess_b,08.PredBirdNCC_ess_b,08.PredBirdNCC_ess_b,08.PredBirdNCC_ess,08.PredBirdNCC_ess_2,08.PredBirdNCC_ess,08.PredBirdNCC_ess_0,08.PredBirdNCC_ess,08.PredBirdNCC_ess_0,,,,,,,,,,,,,,PredNCC
Marbled_mrlt_WS_2026,Marbled_mrlt_WS_2026,,,,,,,,,,,,,,,,,,,,,,,,,,,,,fish_eaters_ess,08.PredBirdNCC_ess,08.PredBirdNCC_ess,08.PredBirdNCC_ess,08.PredBirdNCC_ess,08.PredBirdNCC_ess,08.PredBirdNCC_ess,08.PredBirdNCC_ess,08.PredBirdNCC_ess,,,,,,,,,,,,,,PredNCC
Northern_fulm_WS_2026,Northern_fulm_WS_2026,,,,,,,,,,,,,,,,,,,,,,,,,,,,,fish_eaters_ess,08.PredBirdNCC_ess,08.PredBirdNCC_ess,08.PredBirdNCC_ess,08.PredBirdNCC_ess_0,08.PredBirdNCC_ess,08.PredBirdNCC_ess_1,08.PredBirdNCC_ess,08.PredBirdNCC_ess_1,,,,,,,,,,,,,,PredNCC
Pelagic_corm_WS_2026,Pelagic_corm_WS_2026,,,,,,,,,,,,,,,,,,,,,,,,,,,,,fish_eaters_ess,08.PredBirdNCC_ess,08.PredBirdNCC_ess,08.PredBirdNCC_ess,08.PredBirdNCC_ess,08.PredBirdNCC_ess,08.PredBirdNCC_ess,08.PredBirdNCC_ess,08.PredBirdNCC_ess,,,,,,,,,,,,,,PredNCC
Pigeon_guil_WS_2026,Pigeon_guil_WS_2026,,,,,,,,,,,,,,,,,,,,,,,,,,,,,fish_eaters_ess,08.PredBirdNCC_ess,08.PredBirdNCC_ess,08.PredBirdNCC_ess,08.PredBirdNCC_ess_1,08.PredBirdNCC_ess,08.PredBirdNCC_ess_2,08.PredBirdNCC_ess,08.PredBirdNCC_ess_2,,,,,,,,,,,,,,PredNCC
Red_throated_loon_WS_2026,Red_throated_loon_WS_2026,,,,,,,,,,,,,,,,,,,,,,,,,,,,,fish_eaters_ess,08.PredBirdNCC_ess,08.PredBirdNCC_ess,08.PredBirdNCC_ess,08.PredBirdNCC_ess,08.PredBirdNCC_ess,08.PredBirdNCC_ess,08.PredBirdNCC_ess,08.PredBirdNCC_ess,,,,,,,,,,,,,,PredNCC
Sooty_shrw_WS_2026,Sooty_shrw_WS_2026,,,,,,,,,,,,,,,,,,,,,,,,,,,,,fish_eaters_ess_b,08.PredBirdNCC_ess_b,08.PredBirdNCC_ess_b,08.PredBirdNCC_ess,08.PredBirdNCC_ess_3,08.PredBirdNCC_ess,08.PredBirdNCC_ess_3,08.PredBirdNCC_ess,08.PredBirdNCC_ess_3,,,,,,,,,,,,,,PredNCC
Tufted_puff_WS_2026,Tufted_puff_WS_2026,,,,,,,,,,,,,,,,,,,,,,,,,,,,,fish_eaters_ess_b,08.PredBirdNCC_ess_b,08.PredBirdNCC_ess_b,08.PredBirdNCC_ess,08.PredBirdNCC_ess,08.PredBirdNCC_ess,08.PredBirdNCC_ess,08.PredBirdNCC_ess,08.PredBirdNCC_ess,,,,,,,,,,,,,,PredNCC
Antarctic_skua_WS_2026,Antarctic_skua_WS_2026,,,,,,,,,,,,,,,,,,,,,,,,,,,,,fish_eaters_ess_II,08.PredBirdNCC_ess_II,08.PredBirdNCC_ess_II,08.PredBirdNCC_ess_II,08.PredBirdNCC_ess_II,08.PredBirdNCC_ess_II,08.PredBirdNCC_ess_II,08.PredBirdNCC_ess_II,08.PredBirdNCC_ess_II,,,,,,,,,,,,,,PredNCC
Brandt_s_corm_WS_2026,Brandt_s_corm_WS_2026,,,,,,,,,,,,,,,,,,,,,,,,,,,,,fish_eaters_ess_II,08.PredBirdNCC_ess_II,08.PredBirdNCC_ess_II,08.PredBirdNCC_ess_II,08.PredBirdNCC_ess_II,08.PredBirdNCC_ess_II,08.PredBirdNCC_ess_II,08.PredBirdNCC_ess_II,08.PredBirdNCC_ess_II,,,,,,,,,,,,,,PredNCC
Common_tern_WS_2026,Common_tern_WS_2026,,,,,,,,,,,,,,,,,,,,,,,,,,,,,fish_eaters_ess_II,08.PredBirdNCC_ess_II,08.PredBirdNCC_ess_II,08.PredBirdNCC_ess_II,08.PredBirdNCC_ess_II,08.PredBirdNCC_ess_II,08.PredBirdNCC_ess_II,08.PredBirdNCC_ess_II,08.PredBirdNCC_ess_II,,,,,,,,,,,,,,PredNCC
Fork_tailed_s_p_WS_2026,Fork_tailed_s_p_WS_2026,,,,,,,,,,,,,,,,,,,,,,,,,,,,,fish_eaters_ess_II_b,08.PredBirdNCC_ess_II_b,08.PredBirdNCC_ess_II_b,08.PredBirdNCC_ess_II,08.PredBirdNCC_ess_II,08.PredBirdNCC_ess_II,08.PredBirdNCC_ess_II,08.PredBirdNCC_ess_II,08.PredBirdNCC_ess_II,,,,,,,,,,,,,,PredNCC
Herring_gull_WS_2026,Herring_gull_WS_2026,,,,,,,,,,,,,,,,,,,,,,,,,,,,,fish_eaters_ess_II,08.PredBirdNCC_ess_II,08.PredBirdNCC_ess_II,08.PredBirdNCC_ess_II,08.PredBirdNCC_ess_II,08.PredBirdNCC_ess_II,08.PredBirdNCC_ess_II,08.PredBirdNCC_ess_II,08.PredBirdNCC_ess_II,,,,,,,,,,,,,,PredNCC
Lesser_s_p_WS_2026,Lesser_s_p_WS_2026,,,,,,,,,,,,,,,,,,,,,,,,,,,,,fish_eaters_ess_II,08.PredBirdNCC_ess_II,08.PredBirdNCC_ess_II,08.PredBirdNCC_ess_II,08.PredBirdNCC_ess_II,08.PredBirdNCC_ess_II,08.PredBirdNCC_ess_II,08.PredBirdNCC_ess_II,08.PredBirdNCC_ess_II,,,,,,,,,,,,,,PredNCC
Pacific_loon_WS_2026,Pacific_loon_WS_2026,,,,,,,,,,,,,,,,,,,,,,,,,,,,,fish_eaters_ess_II_b,08.PredBirdNCC_ess_II_b,08.PredBirdNCC_ess_II_b,08.PredBirdNCC_ess_II,08.PredBirdNCC_ess_II,08.PredBirdNCC_ess_II,08.PredBirdNCC_ess_II,08.PredBirdNCC_ess_II,08.PredBirdNCC_ess_II,,,,,,,,,,,,,,PredNCC
Parasitic_jaeg_WS_2026,Parasitic_jaeg_WS_2026,,,,,,,,,,,,,,,,,,,,,,,,,,,,,fish_eaters_ess_II,08.PredBirdNCC_ess_II,08.PredBirdNCC_ess_II,08.PredBirdNCC_ess_II,08.PredBirdNCC_ess_II,08.PredBirdNCC_ess_II,08.PredBirdNCC_ess_II,08.PredBirdNCC_ess_II,08.PredBirdNCC_ess_II,,,,,,,,,,,,,,PredNCC
Pomarine_jaeg_WS_2026,Pomarine_jaeg_WS_2026,,,,,,,,,,,,,,,,,,,,,,,,,,,,,fish_eaters_ess_II,08.PredBirdNCC_ess_II,08.PredBirdNCC_ess_II,08.PredBirdNCC_ess_II,08.PredBirdNCC_ess_II,08.PredBirdNCC_ess_II,08.PredBirdNCC_ess_II,08.PredBirdNCC_ess_II,08.PredBirdNCC_ess_II,,,,,,,,,,,,,,PredNCC
Short_billed_gull_WS_2026,Short_billed_gull_WS_2026,,,,,,,,,,,,,,,,,,,,,,,,,,,,,fish_eaters_ess_II,08.PredBirdNCC_ess_II,08.PredBirdNCC_ess_II,08.PredBirdNCC_ess_II,08.PredBirdNCC_ess_II,08.PredBirdNCC_ess_II,08.PredBirdNCC_ess_II,08.PredBirdNCC_ess_II,08.PredBirdNCC_ess_II,,,,,,,,,,,,,,PredNCC
Short_tailed_shrw_WS_2026,Short_tailed_shrw_WS_2026,,,,,,,,,,,,,,,,,,,,,,,,,,,,,fish_eaters_ess_II,08.PredBirdNCC_ess_II,08.PredBirdNCC_ess_II,08.PredBirdNCC_ess_II,08.PredBirdNCC_ess_II_0,08.PredBirdNCC_ess_II,08.PredBirdNCC_ess_II_0,08.PredBirdNCC_ess_II,08.PredBirdNCC_ess_II_0,,,,,,,,,,,,,,PredNCC
Black_footed_alba_WS_2026,Black_footed_alba_WS_2026,,,,,,,,,,,,,,,,,,,,,,,,,,,,,fish_eaters_hump,08.PredBirdNCC_hump,08.PredBirdNCC_hump,08.PredBirdNCC_hump,08.PredBirdNCC_hump,08.PredBirdNCC_hump,08.PredBirdNCC_hump,08.PredBirdNCC_hump,08.PredBirdNCC_hump,,,,,,,,,,,,,,PredNCC
Bonaparte_s_gull_WS_2026,Bonaparte_s_gull_WS_2026,,,,,,,,,,,,,,,,,,,,,,,,,,,,,fish_eaters_hump,08.PredBirdNCC_hump,08.PredBirdNCC_hump,08.PredBirdNCC_hump,08.PredBirdNCC_hump,08.PredBirdNCC_hump,08.PredBirdNCC_hump,08.PredBirdNCC_hump,08.PredBirdNCC_hump,,,,,,,,,,,,,,PredNCC
Brown_peli_WS_2026,Brown_peli_WS_2026,,,,,,,,,,,,,,,,,,,,,,,,,,,,,fish_eaters_hump,08.PredBirdNCC_hump,08.PredBirdNCC_hump,08.PredBirdNCC_hump,08.PredBirdNCC_hump,08.PredBirdNCC_hump,08.PredBirdNCC_hump,08.PredBirdNCC_hump,08.PredBirdNCC_hump,,,,,,,,,,,,,,PredNCC
California_gull_WS_2026,California_gull_WS_2026,,,,,,,,,,,,,,,,,,,,,,,,,,,,,fish_eaters_hump,08.PredBirdNCC_hump,08.PredBirdNCC_hump,08.PredBirdNCC_hump,08.PredBirdNCC_hump,08.PredBirdNCC_hump,08.PredBirdNCC_hump,08.PredBirdNCC_hump,08.PredBirdNCC_hump,,,,,,,,,,,,,,PredNCC
Common_murre_WS_2026,Common_murre_WS_2026,,,,,,,,,,,,,,,,,,,,,,,,,,,,,fish_eaters_hump,08.PredBirdNCC_hump,08.PredBirdNCC_hump,08.PredBirdNCC_hump,08.PredBirdNCC_hump_0,08.PredBirdNCC_hump,08.PredBirdNCC_hump_0,08.PredBirdNCC_hump,08.PredBirdNCC_hump_0,,,,,,,,,,,,,,PredNCC
DC_corm_WS_2026,DC_corm_WS_2026,,,,,,,,,,,,,,,,,,,,,,,,,,,,,fish_eaters_hump,08.PredBirdNCC_hump,08.PredBirdNCC_hump,08.PredBirdNCC_hump,08.PredBirdNCC_hump,08.PredBirdNCC_hump,08.PredBirdNCC_hump,08.PredBirdNCC_hump,08.PredBirdNCC_hump,,,,,,,,,,,,,,PredNCC
Pink_footed_shrw_WS_2026,Pink_footed_shrw_WS_2026,,,,,,,,,,,,,,,,,,,,,,,,,,,,,fish_eaters_hump,08.PredBirdNCC_hump,08.PredBirdNCC_hump,08.PredBirdNCC_hump,08.PredBirdNCC_hump,08.PredBirdNCC_hump,08.PredBirdNCC_hump,08.PredBirdNCC_hump,08.PredBirdNCC_hump,,,,,,,,,,,,,,PredNCC
Ancient_mrlt_WS_2026,Ancient_mrlt_WS_2026,,,,,,,,,,,,,,,,,,,,,,,,,,,,,fish_eaters_secular,08.PredBirdNCC_secular,08.PredBirdNCC_secular,08.PredBirdNCC_secular,08.PredBirdNCC_secular_0,08.PredBirdNCC_secular,08.PredBirdNCC_secular_0,08.PredBirdNCC_secular,08.PredBirdNCC_secular_0,,,,,,,,,,,,,,PredNCC
Arctic_tern_WS_2026,Arctic_tern_WS_2026,,,,,,,,,,,,,,,,,,,,,,,,,,,,,fish_eaters_secular,08.PredBirdNCC_secular,08.PredBirdNCC_secular,08.PredBirdNCC_secular,08.PredBirdNCC_secular,08.PredBirdNCC_secular,08.PredBirdNCC_secular,08.PredBirdNCC_secular,08.PredBirdNCC_secular,,,,,,,,,,,,,,PredNCC
Caspian_tern_WS_2026,Caspian_tern_WS_2026,,,,,,,,,,,,,,,,,,,,,,,,,,,,,fish_eaters_secular,08.PredBirdNCC_secular,08.PredBirdNCC_secular,08.PredBirdNCC_secular,08.PredBirdNCC_secular,08.PredBirdNCC_secular,08.PredBirdNCC_secular,08.PredBirdNCC_secular,08.PredBirdNCC_secular,,,,,,,,,,,,,,PredNCC
G_W_western_gull_WS_2026,G_W_western_gull_WS_2026,,,,,,,,,,,,,,,,,,,,,,,,,,,,,fish_eaters_secular,08.PredBirdNCC_secular,08.PredBirdNCC_secular,08.PredBirdNCC_secular,08.PredBirdNCC_secular_1,08.PredBirdNCC_secular,08.PredBirdNCC_secular_1,08.PredBirdNCC_secular,08.PredBirdNCC_secular_1,,,,,,,,,,,,,,PredNCC
Heerman_s_gull_WS_2026,Heerman_s_gull_WS_2026,,,,,,,,,,,,,,,,,,,,,,,,,,,,,fish_eaters_secular,08.PredBirdNCC_secular,08.PredBirdNCC_secular,08.PredBirdNCC_secular,08.PredBirdNCC_secular,08.PredBirdNCC_secular,08.PredBirdNCC_secular,08.PredBirdNCC_secular,08.PredBirdNCC_secular,,,,,,,,,,,,,,PredNCC
Rhinoceros_aukl_WS_2026,Rhinoceros_aukl_WS_2026,,,,,,,,,,,,,,,,,,,,,,,,,,,,,fish_eaters_secular,08.PredBirdNCC_secular,08.PredBirdNCC_secular,08.PredBirdNCC_secular,08.PredBirdNCC_secular_2,08.PredBirdNCC_secular,08.PredBirdNCC_secular_2,08.PredBirdNCC_secular,08.PredBirdNCC_secular_2,,,,,,,,,,,,,,PredNCC
Western_grebe_WS_2026,Western_grebe_WS_2026,,,,,,,,,,,,,,,,,,,,,,,,,,,,,fish_eaters_secular,08.PredBirdNCC_secular,08.PredBirdNCC_secular,08.PredBirdNCC_secular,08.PredBirdNCC_secular_3,08.PredBirdNCC_secular,08.PredBirdNCC_secular_3,08.PredBirdNCC_secular,08.PredBirdNCC_secular_3,,,,,,,,,,,,,,PredNCC
Brown_peli_1_WS_2026,Brown_peli_1_WS_2026,,,,,,,,,,,,,,,,,,,,,,,,,,,,,,,,,,,,,,08.PredBirdNCC,08.PredBirdNCC,08.PredBirdNCC,08.PredBirdNCC,08.PredBirdNCC,08.PredBirdNCC,08.PredBirdNCC,08.PredBirdNCC,08.PredBirdNCC,08.PredBirdNCC,08.PredBirdNCC,08.PredBirdNCC,08.PredBirdNCC,PredNCC
Caspian_tern_2_WS_2026,Caspian_tern_2_WS_2026,,,,,,,,,,,,,,,,,,,,,,,,,,,,,,,,,,,,,,08.PredBirdNCC,08.PredBirdNCC,08.PredBirdNCC,08.PredBirdNCC,08.PredBirdNCC,08.PredBirdNCC,08.PredBirdNCC,08.PredBirdNCC,08.PredBirdNCC,08.PredBirdNCC,08.PredBirdNCC,08.PredBirdNCC,08.PredBirdNCC,PredNCC
DC_corm_3_WS_2026,DC_corm_3_WS_2026,,,,,,,,,,,,,,,,,,,,,,,,,,,,,,,,,,,,,,08.PredBirdNCC,08.PredBirdNCC,08.PredBirdNCC,08.PredBirdNCC,08.PredBirdNCC,08.PredBirdNCC,08.PredBirdNCC,08.PredBirdNCC,08.PredBirdNCC,08.PredBirdNCC,08.PredBirdNCC,08.PredBirdNCC,08.PredBirdNCC,PredNCC
Cormorants_4_WS_2026,Cormorants_4_WS_2026,,,,,,,,,,,,,,,,,,,,,,,,,,,,,,,,,,,,,,08.PredBirdNCC,08.PredBirdNCC,08.PredBirdNCC,08.PredBirdNCC,08.PredBirdNCC,08.PredBirdNCC,08.PredBirdNCC,08.PredBirdNCC,08.PredBirdNCC,08.PredBirdNCC,08.PredBirdNCC,08.PredBirdNCC,08.PredBirdNCC,PredNCC
Fish_eating_alcids_5_WS_2026,Fish_eating_alcids_5_WS_2026,,,,,,,,,,,,,,,,,,,,,,,,,,,,,,,,,,,,,,08.PredBirdNCC,08.PredBirdNCC,08.PredBirdNCC,08.PredBirdNCC,08.PredBirdNCC,08.PredBirdNCC,08.PredBirdNCC,08.PredBirdNCC,08.PredBirdNCC,08.PredBirdNCC,08.PredBirdNCC,08.PredBirdNCC,08.PredBirdNCC,PredNCC
Western_grebe_6_WS_2026,Western_grebe_6_WS_2026,,,,,,,,,,,,,,,,,,,,,,,,,,,,,,,,,,,,,,08.PredBirdNCC,08.PredBirdNCC,08.PredBirdNCC,08.PredBirdNCC,08.PredBirdNCC,08.PredBirdNCC,08.PredBirdNCC,08.PredBirdNCC,08.PredBirdNCC,08.PredBirdNCC,08.PredBirdNCC,08.PredBirdNCC,08.PredBirdNCC,PredNCC
Large_gulls_7_WS_2026,Large_gulls_7_WS_2026,,,,,,,,,,,,,,,,,,,,,,,,,,,,,,,,,,,,,,08.PredBirdNCC,08.PredBirdNCC_b,08.PredBirdNCC_b_1,08.PredBirdNCC,08.PredBirdNCC_b,08.PredBirdNCC_b_1,08.PredBirdNCC,08.PredBirdNCC_b,08.PredBirdNCC_b_1,08.PredBirdNCC,08.PredBirdNCC,08.PredBirdNCC_b,08.PredBirdNCC_b_1,PredNCC
Loons_8_WS_2026,Loons_8_WS_2026,,,,,,,,,,,,,,,,,,,,,,,,,,,,,,,,,,,,,,08.PredBirdNCC,08.PredBirdNCC_b,08.PredBirdNCC_b_2,08.PredBirdNCC,08.PredBirdNCC_b,08.PredBirdNCC_b_2,08.PredBirdNCC,08.PredBirdNCC_b,08.PredBirdNCC_b_2,08.PredBirdNCC,08.PredBirdNCC,08.PredBirdNCC_b,08.PredBirdNCC_b_2,PredNCC
Common_murre_9_WS_2026,Common_murre_9_WS_2026,,,,,,,,,,,,,,,,,,,,,,,,,,,,,,,,,,,,,,08.PredBirdNCC,08.PredBirdNCC,08.PredBirdNCC,08.PredBirdNCC,08.PredBirdNCC,08.PredBirdNCC,08.PredBirdNCC,08.PredBirdNCC,08.PredBirdNCC,08.PredBirdNCC,08.PredBirdNCC,08.PredBirdNCC,08.PredBirdNCC,PredNCC
Sooty_shrw_10_WS_2026,Sooty_shrw_10_WS_2026,,,,,,,,,,,,,,,,,,,,,,,,,,,,,,,,,,,,,,08.PredBirdNCC,08.PredBirdNCC,08.PredBirdNCC,08.PredBirdNCC,08.PredBirdNCC,08.PredBirdNCC,08.PredBirdNCC,08.PredBirdNCC,08.PredBirdNCC,08.PredBirdNCC,08.PredBirdNCC,08.PredBirdNCC,08.PredBirdNCC,PredNCC
Shearwaters_11_WS_2026,Shearwaters_11_WS_2026,,,,,,,,,,,,,,,,,,,,,,,,,,,,,,,,,,,,,,08.PredBirdNCC,08.PredBirdNCC,08.PredBirdNCC,08.PredBirdNCC,08.PredBirdNCC,08.PredBirdNCC,08.PredBirdNCC,08.PredBirdNCC,08.PredBirdNCC,08.PredBirdNCC,08.PredBirdNCC,08.PredBirdNCC,08.PredBirdNCC,PredNCC
hbllout_s_bigskate_all,hblloutBigskate,NA,FishPred_WCVI,,,,,,,,,,,,,,,,,,,09.PredFishNCC,09.PredFishNCC,09.PredFishNCC,09.PredFishNCC,,09.PredFishAK,09.PredFishAK,,09.PredFishAK,09.PredFishAK,09.PredFishAK,09.PredFishAK,,09.PredFishAK,,09.PredFishAK,,09.PredFishAK,09.PredFishAK,,09.PredFishAK,,,09.PredFishAK,,,09.PredFishAK,09.PredFishAK,,,PredAK
hbllout_s_lingcod_all,hblloutLincod,NA,FishPred_WCVI,,,,,,,,,,,,,,,,,,,09.PredFishNCC,09.PredFishNCC,09.PredFishNCC,09.PredFishNCC,,09.PredFishAK,09.PredFishAK,,09.PredFishAK,09.PredFishAK,09.PredFishAK,09.PredFishAK,,09.PredFishAK,,09.PredFishAK,,09.PredFishAK,09.PredFishAK,,09.PredFishAK,,,09.PredFishAK,,,09.PredFishAK,09.PredFishAK,,,PredAK
hbllout_s_longnoseskate_all,hblloutLongnoseSkate,NA,FishPred_WCVI,,,,,,,,,,,,,,,,,,,09.PredFishNCC,09.PredFishNCC,09.PredFishNCC,09.PredFishNCC,,09.PredFishAK,09.PredFishAK,,09.PredFishAK,09.PredFishAK,09.PredFishAK,09.PredFishAK,,09.PredFishAK,,09.PredFishAK,,09.PredFishAK,09.PredFishAK,,09.PredFishAK,,,09.PredFishAK,,,09.PredFishAK,09.PredFishAK,,,PredAK
blackRockfish_2025,blackRockfish_SA_2025,,,,,,,,,,,09.PredFishNCC,09.PredFishNCC,09.PredFishNCC,09.PredFishNCC,09.PredFishNCC,,09.PredFishNCC,NA,,,09.PredFishNCC,09.PredFishNCC,09.PredFishNCC,09.PredFishNCC,09.PredFishNCC,09.PredFishNCC,09.PredFishNCC,09.PredFishNCC,09.PredFishNCC,09.PredFishNCC,09.PredFishNCC,09.PredFishNCC,09.PredFishNCC,09.PredFishNCC,09.PredFishNCC,09.PredFishNCC,09.PredFishNCC,09.PredFishNCC,09.PredFishNCC,09.PredFishNCC,09.PredFishNCC,09.PredFishNCC,09.PredFishNCC,09.PredFishNCC,09.PredFishNCC,09.PredFishNCC,09.PredFishNCC,09.PredFishNCC,09.PredFishNCC,09.PredFishNCC,PredNCC
canary rockfish,canaryRockfish_2025,,,,,,,,,,,09.PredFishNCC,09.PredFishNCC_3,09.PredFishNCC,09.PredFishNCC_2,09.PredFishNCC_2,,09.PredFishNCC,09.PredFishNCC,09.PredFishNCC,,09.PredFishNCC,09.PredFishNCC,09.PredFishNCC,09.PredFishNCC,09.PredFishNCC_1,09.PredFishNCC,09.PredFishNCC,09.PredFishNCC_2,09.PredFishNCC,09.PredFishNCC,09.PredFishNCC,09.PredFishNCC,09.PredFishNCC_0,09.PredFishNCC,09.PredFishNCC_0,09.PredFishNCC_b,09.PredFishNCC_b_0,09.PredFishNCC,09.PredFishNCC_b,09.PredFishNCC_b_0,09.PredFishNCC,09.PredFishNCC_b,09.PredFishNCC_b_0,09.PredFishNCC,09.PredFishNCC_b,09.PredFishNCC_b_0,09.PredFishNCC,09.PredFishNCC,09.PredFishNCC_b,09.PredFishNCC_b_0,PredNCC
chilipepper,chilipepper_2025,,,,,,,,,,,09.PredFishNCC,09.PredFishNCC_4,09.PredFishNCC,09.PredFishNCC_3,09.PredFishNCC_3,,09.PredFishNCC,09.PredFishNCC,09.PredFishNCC,,09.PredFishNCC,09.PredFishNCC,09.PredFishNCC,09.PredFishNCC,09.PredFishNCC_2,09.PredFishNCC,09.PredFishNCC,09.PredFishNCC_3,09.PredFishNCC,09.PredFishNCC,09.PredFishNCC,09.PredFishNCC,09.PredFishNCC_1,09.PredFishNCC,09.PredFishNCC_1,09.PredFishNCC_b,09.PredFishNCC_b_1,09.PredFishNCC,09.PredFishNCC_b,09.PredFishNCC_b_1,09.PredFishNCC,09.PredFishNCC_b,09.PredFishNCC_b_1,09.PredFishNCC,09.PredFishNCC_b,09.PredFishNCC_b_1,09.PredFishNCC,09.PredFishNCC,09.PredFishNCC_b,09.PredFishNCC_b_1,PredNCC
Chinook abundance Snake fall,ChinAbundSnakeFall,NA,NA,,,,,,,,,,,,,,,,,,,,,,,,09.PredFishNCC,09.PredFishNCC,09.PredFishNCC,09.PredFishNCC,09.PredFishNCC,09.PredFishNCC,09.PredFishNCC,09.PredFishNCC,09.PredFishNCC,09.PredFishNCC,09.PredFishNCC,09.PredFishNCC,09.PredFishNCC,09.PredFishNCC,09.PredFishNCC,09.PredFishNCC,09.PredFishNCC,09.PredFishNCC,09.PredFishNCC,09.PredFishNCC,09.PredFishNCC,09.PredFishNCC,09.PredFishNCC,09.PredFishNCC,09.PredFishNCC,PredNCC
Chinook abundance Snake spr-sum,ChinAbundSnakeSprSum,NA,NA,,,,,,,,,,,,,,,,,,,,,,,,09.PredFishNCC,09.PredFishNCC,09.PredFishNCC,09.PredFishNCC,09.PredFishNCC,09.PredFishNCC,09.PredFishNCC,09.PredFishNCC,09.PredFishNCC,09.PredFishNCC,09.PredFishNCC,09.PredFishNCC,09.PredFishNCC,09.PredFishNCC,09.PredFishNCC,09.PredFishNCC,09.PredFishNCC,09.PredFishNCC,09.PredFishNCC,09.PredFishNCC,09.PredFishNCC,09.PredFishNCC,09.PredFishNCC,09.PredFishNCC,09.PredFishNCC,PredNCC
Chinook abundance Upper Columbia spr,ChinAbundUpColSpr,NA,NA,,,,,,,,,,,,,,,,,,,,,,,,09.PredFishNCC,09.PredFishNCC,09.PredFishNCC,09.PredFishNCC,09.PredFishNCC,09.PredFishNCC,09.PredFishNCC,09.PredFishNCC,09.PredFishNCC,09.PredFishNCC,09.PredFishNCC,09.PredFishNCC,09.PredFishNCC,09.PredFishNCC,09.PredFishNCC,09.PredFishNCC,09.PredFishNCC,09.PredFishNCC,09.PredFishNCC,09.PredFishNCC,09.PredFishNCC,09.PredFishNCC,09.PredFishNCC,09.PredFishNCC,09.PredFishNCC,PredNCC
darkblotched rockfish,darkblotchedRockfish_2025,,,,,,,,,,,09.PredFishNCC,09.PredFishNCC_5,09.PredFishNCC,09.PredFishNCC_4,09.PredFishNCC_4,,09.PredFishNCC,09.PredFishNCC,09.PredFishNCC,,09.PredFishNCC,09.PredFishNCC,09.PredFishNCC,09.PredFishNCC,09.PredFishNCC_3,09.PredFishNCC,09.PredFishNCC,09.PredFishNCC_4,09.PredFishNCC,09.PredFishNCC,09.PredFishNCC,09.PredFishNCC,09.PredFishNCC_2,09.PredFishNCC,09.PredFishNCC_2,09.PredFishNCC_b,09.PredFishNCC_b,09.PredFishNCC,09.PredFishNCC_b,09.PredFishNCC_b,09.PredFishNCC,09.PredFishNCC_b,09.PredFishNCC_b,09.PredFishNCC,09.PredFishNCC_b,09.PredFishNCC_b,09.PredFishNCC,09.PredFishNCC,09.PredFishNCC_b,09.PredFishNCC_b,PredNCC
greenstriped rockfish,greestripedRockfish_2025,,,,,,,,,,,09.PredFishNCC,09.PredFishNCC_6,09.PredFishNCC,09.PredFishNCC_5,09.PredFishNCC_5,,09.PredFishNCC,09.PredFishNCC,09.PredFishNCC,,09.PredFishNCC,09.PredFishNCC,09.PredFishNCC,09.PredFishNCC,09.PredFishNCC_4,09.PredFishNCC,09.PredFishNCC,09.PredFishNCC_5,09.PredFishNCC,09.PredFishNCC,09.PredFishNCC,09.PredFishNCC,09.PredFishNCC_3,09.PredFishNCC,09.PredFishNCC_3,09.PredFishNCC_b,09.PredFishNCC_b,09.PredFishNCC,09.PredFishNCC_b,09.PredFishNCC_b,09.PredFishNCC,09.PredFishNCC_b,09.PredFishNCC_b,09.PredFishNCC,09.PredFishNCC_b,09.PredFishNCC_b,09.PredFishNCC,09.PredFishNCC,09.PredFishNCC_b,09.PredFishNCC_b,PredNCC
HakeAge5Plus_2025,HakeAge5Plus_2025,,,,,,,,09.PredFishNCC,09.PredFishNCC_0,09.PredFishNCC,09.PredFishNCC,09.PredFishNCC_0,09.PredFishNCC,09.PredFishNCC,09.PredFishNCC,,09.PredFishNCC,09.PredFishNCC,09.PredFishNCC,,09.PredFishNCC,09.PredFishNCC,09.PredFishNCC,09.PredFishNCC,09.PredFishNCC_0,09.PredFishNCC,09.PredFishNCC,09.PredFishNCC_0,09.PredFishNCC,09.PredFishNCC,09.PredFishNCC,09.PredFishNCC,09.PredFishNCC_4,09.PredFishNCC,09.PredFishNCC_4,09.PredFishNCC_b,09.PredFishNCC_b,09.PredFishNCC,09.PredFishNCC_b,09.PredFishNCC_b,09.PredFishNCC,09.PredFishNCC_b,09.PredFishNCC_b,09.PredFishNCC,09.PredFishNCC_b,09.PredFishNCC_b,09.PredFishNCC,09.PredFishNCC,09.PredFishNCC_b,09.PredFishNCC_b,PredNCC
hakeFisheryWA.cpue,hakeFisheryWA_2025,,,,,,,,,,,09.PredFishNCC,09.PredFishNCC,09.PredFishNCC,09.PredFishNCC,09.PredFishNCC,,09.PredFishNCC,NA,,,09.PredFishNCC,09.PredFishNCC,09.PredFishNCC,09.PredFishNCC,09.PredFishNCC,09.PredFishNCC,09.PredFishNCC,09.PredFishNCC,09.PredFishNCC,09.PredFishNCC,09.PredFishNCC,09.PredFishNCC,09.PredFishNCC_5,09.PredFishNCC,09.PredFishNCC_5,09.PredFishNCC_b,09.PredFishNCC_b,09.PredFishNCC,09.PredFishNCC_b,09.PredFishNCC_b,09.PredFishNCC,09.PredFishNCC_b,09.PredFishNCC_b,09.PredFishNCC,09.PredFishNCC_b,09.PredFishNCC_b,09.PredFishNCC,09.PredFishNCC,09.PredFishNCC_b,09.PredFishNCC_b,PredNCC
iphc20_bigskate_all,iphc20bigSkate,09.PredFishNCC,FishPred_WCVI,09.PredFishNCC,09.PredFishNCC_1,09.PredFishNCC,09.PredFishNCC_0,09.PredFishNCC_1,09.PredFishNCC,09.PredFishNCC,09.PredFishNCC,09.PredFishNCC,09.PredFishNCC_1,09.PredFishNCC,09.PredFishNCC_0,09.PredFishNCC_0,,09.PredFishNCC,09.PredFishNCC,09.PredFishNCC,,09.PredFishNCC,09.PredFishNCC,09.PredFishNCC,09.PredFishNCC,09.PredFishNCC_5,09.PredFishNCC,09.PredFishNCC,09.PredFishNCC_6,09.PredFishNCC,09.PredFishNCC,09.PredFishNCC,09.PredFishNCC,09.PredFishNCC_6,09.PredFishNCC,09.PredFishNCC_6,09.PredFishNCC_b,09.PredFishNCC_b,09.PredFishNCC,09.PredFishNCC_b,09.PredFishNCC_b,09.PredFishNCC,09.PredFishNCC_b,09.PredFishNCC_b,09.PredFishNCC,09.PredFishNCC_b,09.PredFishNCC_b,09.PredFishNCC,09.PredFishNCC,09.PredFishNCC_b,09.PredFishNCC_b,PredNCC
iphc20_pacifichalibut_all,iphc20halibut,09.PredFishNCC,FishPred_WCVI,09.PredFishNCC,09.PredFishNCC,09.PredFishNCC,09.PredFishNCC,09.PredFishNCC,09.PredFishNCC,09.PredFishNCC,09.PredFishNCC,09.PredFishNCC,09.PredFishNCC,09.PredFishNCC,09.PredFishNCC,09.PredFishNCC,,09.PredFishNCC,09.PredFishNCC,09.PredFishNCC,,09.PredFishNCC,09.PredFishNCC,09.PredFishNCC,09.PredFishNCC,09.PredFishNCC,09.PredFishNCC,09.PredFishNCC,09.PredFishNCC,09.PredFishNCC,09.PredFishNCC,09.PredFishNCC,09.PredFishNCC,09.PredFishNCC,09.PredFishNCC,09.PredFishNCC,09.PredFishNCC,09.PredFishNCC,09.PredFishNCC,09.PredFishNCC,09.PredFishNCC,09.PredFishNCC,09.PredFishNCC,09.PredFishNCC,09.PredFishNCC,09.PredFishNCC,09.PredFishNCC,09.PredFishNCC,09.PredFishNCC,09.PredFishNCC,09.PredFishNCC,PredNCC
iphc20_longnoseskate_all,iphc20longnoseSkate,09.PredFishNCC,FishPred_WCVI,09.PredFishNCC,09.PredFishNCC,09.PredFishNCC,09.PredFishNCC,09.PredFishNCC,09.PredFishNCC,09.PredFishNCC,09.PredFishNCC,09.PredFishNCC,09.PredFishNCC,09.PredFishNCC,09.PredFishNCC,09.PredFishNCC,,09.PredFishNCC,09.PredFishNCC,09.PredFishNCC,,09.PredFishNCC,09.PredFishNCC,09.PredFishNCC,09.PredFishNCC,09.PredFishNCC,09.PredFishNCC,09.PredFishNCC,09.PredFishNCC,09.PredFishNCC,09.PredFishNCC,09.PredFishNCC,09.PredFishNCC,09.PredFishNCC,09.PredFishNCC,09.PredFishNCC,09.PredFishNCC,09.PredFishNCC,09.PredFishNCC,09.PredFishNCC,09.PredFishNCC,09.PredFishNCC,09.PredFishNCC,09.PredFishNCC,09.PredFishNCC,09.PredFishNCC,09.PredFishNCC,09.PredFishNCC,09.PredFishNCC,09.PredFishNCC,09.PredFishNCC,PredNCC
Jack mackerel - NCC,jackMack_NCC,04.CompFishNCC,Comp_NCC,04.CompFishNCC,04.CompFishNCC,04.CompFishNCC,04.CompFishNCC,04.CompFishNCC,04.CompFishNCC,04.CompFishNCC,04.CompFishNCC,,,,,,,,,,,09.PredFishNCC,09.PredFishNCC,09.PredFishNCC,09.PredFishNCC,09.PredFishNCC,09.PredFishNCC,09.PredFishNCC,09.PredFishNCC,09.PredFishNCC,09.PredFishNCC,09.PredFishNCC,09.PredFishNCC,09.PredFishNCC,09.PredFishNCC,09.PredFishNCC,09.PredFishNCC,09.PredFishNCC,09.PredFishNCC,09.PredFishNCC,09.PredFishNCC,09.PredFishNCC,09.PredFishNCC,09.PredFishNCC,09.PredFishNCC,09.PredFishNCC,09.PredFishNCC,09.PredFishNCC,09.PredFishNCC,09.PredFishNCC,09.PredFishNCC,PredNCC
jackmackerel_gam,jackmackerel_GAM_2025,,,,,,,,,,,05.ForageFishNCC,05.ForageFishNCC_2,05.ForageFishNCC,05.ForageFishNCC_2,05.ForageFishNCC_2,,05.ForageFishNCC,05.ForageFishNCC,05.ForageFishNCC,,05.ForageFishNCC,05.ForageFishNCC,05.ForageFishNCC,05.ForageFishNCC,05.ForageFishNCC_12,09.PredFishNCC,09.PredFishNCC,09.PredFishNCC_7,09.PredFishNCC,09.PredFishNCC,09.PredFishNCC,09.PredFishNCC,09.PredFishNCC_7,09.PredFishNCC,09.PredFishNCC_7,09.PredFishNCC_b,09.PredFishNCC_b,09.PredFishNCC,09.PredFishNCC_b,09.PredFishNCC_b,09.PredFishNCC,09.PredFishNCC_b,09.PredFishNCC_b,09.PredFishNCC,09.PredFishNCC_b,09.PredFishNCC_b,09.PredFishNCC,09.PredFishNCC,09.PredFishNCC_b,09.PredFishNCC_b,PredNCC
lingcod,lingcod_2025,,,,,,,,,,,09.PredFishNCC,09.PredFishNCC,09.PredFishNCC,09.PredFishNCC,09.PredFishNCC,,09.PredFishNCC,09.PredFishNCC,09.PredFishNCC,,09.PredFishNCC,09.PredFishNCC,09.PredFishNCC,09.PredFishNCC,09.PredFishNCC,09.PredFishNCC,09.PredFishNCC,09.PredFishNCC,09.PredFishNCC,09.PredFishNCC,09.PredFishNCC,09.PredFishNCC,09.PredFishNCC,09.PredFishNCC,09.PredFishNCC,09.PredFishNCC,09.PredFishNCC,09.PredFishNCC,09.PredFishNCC,09.PredFishNCC,09.PredFishNCC,09.PredFishNCC,09.PredFishNCC,09.PredFishNCC,09.PredFishNCC,09.PredFishNCC,09.PredFishNCC,09.PredFishNCC,09.PredFishNCC,09.PredFishNCC,PredNCC
lingcodSA_2026,lingcodSA_2026,,,,,,,,,,,,,,,,,,,,,,,,,,,,,,,09.PredFishNCC,09.PredFishNCC,09.PredFishNCC,09.PredFishNCC,09.PredFishNCC,09.PredFishNCC,09.PredFishNCC,09.PredFishNCC,09.PredFishNCC,09.PredFishNCC,09.PredFishNCC,09.PredFishNCC,09.PredFishNCC,09.PredFishNCC,09.PredFishNCC,09.PredFishNCC,09.PredFishNCC,09.PredFishNCC,09.PredFishNCC,09.PredFishNCC,PredNCC
pacificmackerel_gam,pacificmackerel_GAM_2025,,,,,,,,,,,05.ForageFishNCC,05.ForageFishNCC_3,05.ForageFishNCC,05.ForageFishNCC_3,05.ForageFishNCC_3,,05.ForageFishNCC,05.ForageFishNCC,05.ForageFishNCC,,05.ForageFishNCC,05.ForageFishNCC,05.ForageFishNCC,05.ForageFishNCC,05.ForageFishNCC_14,09.PredFishNCC,09.PredFishNCC,09.PredFishNCC_8,09.PredFishNCC,09.PredFishNCC,09.PredFishNCC,09.PredFishNCC,09.PredFishNCC_9,09.PredFishNCC,09.PredFishNCC_8,09.PredFishNCC_b,09.PredFishNCC_b,09.PredFishNCC,09.PredFishNCC_b,09.PredFishNCC_b,09.PredFishNCC,09.PredFishNCC_b,09.PredFishNCC_b,09.PredFishNCC,09.PredFishNCC_b,09.PredFishNCC_b,09.PredFishNCC,09.PredFishNCC,09.PredFishNCC_b,09.PredFishNCC_b,PredNCC
Pacific spiny dogfish,PacificSpinyDogfish_2025,,,,,,,,,,,09.PredFishNCC,09.PredFishNCC_2,09.PredFishNCC,09.PredFishNCC_1,09.PredFishNCC_1,,09.PredFishNCC,09.PredFishNCC,09.PredFishNCC,,,,,,,09.PredFishNCC,09.PredFishNCC,09.PredFishNCC_1,,09.PredFishNCC,09.PredFishNCC,09.PredFishNCC,09.PredFishNCC_8,09.PredFishNCC,09.PredFishNCC_9,09.PredFishNCC_b,09.PredFishNCC_b,09.PredFishNCC,09.PredFishNCC_b,09.PredFishNCC_b,09.PredFishNCC,09.PredFishNCC_b,09.PredFishNCC_b,09.PredFishNCC,09.PredFishNCC_b,09.PredFishNCC_b,09.PredFishNCC,09.PredFishNCC,09.PredFishNCC_b,09.PredFishNCC_b,PredNCC
Pacific spiny dogfish - NCC,spinyDog_NCC,NA,FishPred_NCC,,,,,,,,,,,,,,,,,,,,,,,,,,,,09.PredFishNCC,09.PredFishNCC,09.PredFishNCC,,09.PredFishNCC,,,,09.PredFishNCC,,,09.PredFishNCC,,,09.PredFishNCC,,,09.PredFishNCC,09.PredFishNCC,,,PredNCC
stripetail rockfish,stripetailRockfish_2025,,,,,,,,,,,09.PredFishNCC,09.PredFishNCC,09.PredFishNCC,09.PredFishNCC,09.PredFishNCC,,09.PredFishNCC,09.PredFishNCC,09.PredFishNCC,,,,,,,,,,,09.PredFishNCC,09.PredFishNCC,09.PredFishNCC,09.PredFishNCC,09.PredFishNCC,09.PredFishNCC,09.PredFishNCC,09.PredFishNCC,09.PredFishNCC,09.PredFishNCC,09.PredFishNCC,09.PredFishNCC,09.PredFishNCC,09.PredFishNCC,09.PredFishNCC,09.PredFishNCC,09.PredFishNCC,09.PredFishNCC,09.PredFishNCC,09.PredFishNCC,09.PredFishNCC,PredNCC
synwcvi_arrowtoothflounder_mature,synWCVIarrowtoothFloundMature,NA,FishPred_WCVI,,,,,,,,,,,,,,,,,,,,,,,,,,,,09.PredFishNCC,09.PredFishNCC,09.PredFishNCC,,09.PredFishNCC,,,,09.PredFishNCC,,,09.PredFishNCC,,,09.PredFishNCC,,,09.PredFishNCC,09.PredFishNCC,,,PredNCC
synwcvi_bigskate_all,synWCVIbigSkate,NA,FishPred_WCVI,,,,,,,,,,,,,,,,,,,,,,,,,,,,09.PredFishNCC,09.PredFishNCC,09.PredFishNCC,,09.PredFishNCC,,,,09.PredFishNCC,,,09.PredFishNCC,,,09.PredFishNCC,,,09.PredFishNCC,09.PredFishNCC,,,PredNCC
synwcvi_canaryrockfish_mature,synWCVIcanaryRockMature,NA,FishPred_WCVI,,,,,,,,,,,,,,,,,,,,,,,,,,,,09.PredFishNCC,09.PredFishNCC,09.PredFishNCC,,09.PredFishNCC,,,,09.PredFishNCC,,,09.PredFishNCC,,,09.PredFishNCC,,,09.PredFishNCC,09.PredFishNCC,,,PredNCC
synwcvi_pacificcod_mature,synWCVIcodMature,NA,FishPred_WCVI,,,,,,,,,,,,,,,,,,,,,,,,,,,,09.PredFishNCC,09.PredFishNCC,09.PredFishNCC,,09.PredFishNCC,,,,09.PredFishNCC,,,09.PredFishNCC,,,09.PredFishNCC,,,09.PredFishNCC,09.PredFishNCC,,,PredNCC
synwcvi_lingcod_immature,synWCVIlingcodImmature,NA,FishPred_WCVI,,,,,,,,,,,,,,,,,,,,,,,,,,,,09.PredFishNCC,09.PredFishNCC,09.PredFishNCC,,09.PredFishNCC,,,,09.PredFishNCC,,,09.PredFishNCC,,,09.PredFishNCC,,,09.PredFishNCC,09.PredFishNCC,,,PredNCC
synwcvi_longnoseskate_all,synWCVIlongnoseSkate,NA,FishPred_WCVI,,,,,,,,,,,,,,,,,,,,,,,,,,,,09.PredFishNCC,09.PredFishNCC,09.PredFishNCC,,09.PredFishNCC,,,,09.PredFishNCC,,,09.PredFishNCC,,,09.PredFishNCC,,,09.PredFishNCC,09.PredFishNCC,,,PredNCC
synwcvi_northpacific_spiny_dogfish_mature,synWCVIspinyDogMature,NA,FishPred_WCVI,,,,,,,,,,,,,,,,,,,,,,,,,,,,09.PredFishNCC,09.PredFishNCC,09.PredFishNCC,,09.PredFishNCC,,,,09.PredFishNCC,,,09.PredFishNCC,,,09.PredFishNCC,,,09.PredFishNCC,09.PredFishNCC,,,PredNCC
synwcvi_yellowtailrockfish_mature,synWCVIyellowTailRockMature,NA,FishPred_WCVI,,,,,,,,,,,,,,,,,,,,,,,,,,,,09.PredFishNCC,09.PredFishNCC,09.PredFishNCC,,09.PredFishNCC,,,,09.PredFishNCC,,,09.PredFishNCC,,,09.PredFishNCC,,,09.PredFishNCC,09.PredFishNCC,,,PredNCC
AllSeaLionsBonn_2yrLead_2025,AllSeaLionsBonn_2yrLead_2025,,,,,,,,,,,,,,,,,,,,,,,,,,,,,,,,,,10.PredMammalNCC,10.PredMammalNCC,10.PredMammalNCC,10.PredMammalNCC,10.PredMammalNCC,10.PredMammalNCC,10.PredMammalNCC,10.PredMammalNCC,10.PredMammalNCC,10.PredMammalNCC,10.PredMammalNCC,10.PredMammalNCC,10.PredMammalNCC,10.PredMammalNCC,10.PredMammalNCC,10.PredMammalNCC,10.PredMammalNCC,PredAK
AllSeaLionsEMB_2yrLead_2025,AllSeaLionsEMB_2yrLead_2025,,,,,10.PredMammalNCC,10.PredMammalNCC,10.PredMammalNCC,10.PredMammalNCC,10.PredMammalNCC,10.PredMammalNCC,10.PredMammalNCC,10.PredMammalNCC,10.PredMammalNCC,10.PredMammalNCC,10.PredMammalNCC,,10.PredMammalNCC,10.PredMammalNCC,10.PredMammalNCC,,10.PredMammalNCC,10.PredMammalNCC,10.PredMammalNCC,10.PredMammalNCC,10.PredMammalNCC,10.PredMammalNCC,10.PredMammalNCC,10.PredMammalNCC,10.PredMammalNCC,10.PredMammalNCC,10.PredMammalNCC,10.PredMammalNCC,10.PredMammalNCC,10.PredMammalNCC,10.PredMammalNCC,10.PredMammalNCC,10.PredMammalNCC,10.PredMammalNCC,10.PredMammalNCC,10.PredMammalNCC,10.PredMammalNCC,10.PredMammalNCC,10.PredMammalNCC,10.PredMammalNCC,10.PredMammalNCC,10.PredMammalNCC,10.PredMammalNCC,10.PredMammalNCC,10.PredMammalNCC,10.PredMammalNCC,PredAK
Californian_s_l_2yrLead_WS_2026,Californian_s_l_2yrLead_WS_2026,,,,,,,,,,,,,,,,,,,,,,,,,,,,,fish_eaters_mammals_b,10.PredMammalNCC,10.PredMammalNCC,10.PredMammalNCC,10.PredMammalNCC_0,10.PredMammalNCC,10.PredMammalNCC,10.PredMammalNCC,10.PredMammalNCC,10.PredMammalNCC,10.PredMammalNCC,10.PredMammalNCC,10.PredMammalNCC,10.PredMammalNCC,10.PredMammalNCC,10.PredMammalNCC,10.PredMammalNCC,10.PredMammalNCC,10.PredMammalNCC,10.PredMammalNCC,10.PredMammalNCC,10.PredMammalNCC_0,PredAK
Harbor_seal_CR_2yrLead_2025,Harbor_seal_CR_2yrLead_2025,,,,,10.PredMammalNCC,10.PredMammalNCC,,10.PredMammalNCC,,10.PredMammalNCC,10.PredMammalNCC,,10.PredMammalNCC,,10.PredMammalNCC_0,,10.PredMammalNCC,10.PredMammalNCC,10.PredMammalNCC,,10.PredMammalNCC,10.PredMammalNCC,10.PredMammalNCC,10.PredMammalNCC,10.PredMammalNCC_0,10.PredMammalNCC,10.PredMammalNCC,10.PredMammalNCC_0,10.PredMammalNCC,11.PredMammalSmolt,11.PredMammalSmolt,11.PredMammalSmolt,11.PredMammalSmolt_0,10.PredMammalNCC,10.PredMammalNCC_0,10.PredMammalNCC,10.PredMammalNCC_0,10.PredMammalNCC,10.PredMammalNCC,10.PredMammalNCC_0,10.PredMammalNCC,10.PredMammalNCC,10.PredMammalNCC_0,10.PredMammalNCC,10.PredMammalNCC,10.PredMammalNCC_0,10.PredMammalNCC,10.PredMammalNCC,10.PredMammalNCC,10.PredMammalNCC_1,PredAK
Harbour_s_2yrLead_WS_2026,Harbour_s_2yrLead_WS_2026,,,,,,,,,,,,,,,,,,,,,,,,,,,,,fish_eaters_mammals,11.PredMammalSmolt,11.PredMammalSmolt,11.PredMammalSmolt,11.PredMammalSmolt,10.PredMammalNCC,10.PredMammalNCC_1,10.PredMammalNCC,10.PredMammalNCC_1,10.PredMammalNCC,10.PredMammalNCC,10.PredMammalNCC_1,10.PredMammalNCC,10.PredMammalNCC,10.PredMammalNCC_1,10.PredMammalNCC,10.PredMammalNCC,10.PredMammalNCC_1,10.PredMammalNCC,10.PredMammalNCC,10.PredMammalNCC,10.PredMammalNCC_2,PredAK
Killer.whales.BC_2yrLead_2025,Killer.whales.BC_2yrLead_2025,11.PredMammalBC,MammalPred,10.PredMammalNCC,10.PredMammalNCC,10.PredMammalNCC,10.PredMammalNCC,10.PredMammalNCC,10.PredMammalNCC,10.PredMammalNCC,10.PredMammalNCC,10.PredMammalNCC,10.PredMammalNCC,10.PredMammalNCC,10.PredMammalNCC,10.PredMammalNCC,,10.PredMammalNCC,10.PredMammalNCC,10.PredMammalNCC,,10.PredMammalNCC,10.PredMammalNCC,10.PredMammalNCC,10.PredMammalNCC,10.PredMammalNCC,10.PredMammalNCC,10.PredMammalNCC,10.PredMammalNCC,10.PredMammalNCC,10.PredMammalNCC,10.PredMammalNCC,10.PredMammalNCC,10.PredMammalNCC,10.PredMammalNCC,10.PredMammalNCC,10.PredMammalNCC,10.PredMammalNCC,10.PredMammalNCC,10.PredMammalNCC,10.PredMammalNCC,10.PredMammalNCC,10.PredMammalNCC,10.PredMammalNCC,10.PredMammalNCC,10.PredMammalNCC,10.PredMammalNCC,,,,,PredAK
Killer.whales.NR.BC_2yrLead_2026,Killer.whales.NR.BC_2yrLead_2026,,,,,,,,,,,,,,,,,,,,,,,,,,,,,,,,,,,,,,,,,,,,,,,10.PredMammalNCC,10.PredMammalNCC,10.PredMammalNCC,10.PredMammalNCC,PredAK
Northern_f_s_2yrLead_WS_2026,Northern_f_s_2yrLead_WS_2026,,,,,,,,,,,,,,,,,,,,,,,,,,,,,fish_eaters_mammals_b,10.PredMammalNCC,10.PredMammalNCC,10.PredMammalNCC,10.PredMammalNCC_1,10.PredMammalNCC,10.PredMammalNCC_2,10.PredMammalNCC,10.PredMammalNCC_2,10.PredMammalNCC,10.PredMammalNCC,10.PredMammalNCC_2,10.PredMammalNCC,10.PredMammalNCC,10.PredMammalNCC_2,10.PredMammalNCC,10.PredMammalNCC,10.PredMammalNCC_2,10.PredMammalNCC,10.PredMammalNCC,10.PredMammalNCC,10.PredMammalNCC_3,PredAK
ssl.est.wholerange_2yrLead,ssl.est.wholerange_2yrLead,11.PredMammalBC,MammalPred,10.PredMammalNCC,10.PredMammalNCC,10.PredMammalNCC,10.PredMammalNCC,10.PredMammalNCC,10.PredMammalNCC,10.PredMammalNCC,10.PredMammalNCC,10.PredMammalNCC,10.PredMammalNCC,10.PredMammalNCC,10.PredMammalNCC,10.PredMammalNCC,,10.PredMammalNCC,10.PredMammalNCC,10.PredMammalNCC,,10.PredMammalNCC,10.PredMammalNCC,10.PredMammalNCC,10.PredMammalNCC,10.PredMammalNCC,10.PredMammalNCC,10.PredMammalNCC,10.PredMammalNCC,10.PredMammalNCC,10.PredMammalNCC,10.PredMammalNCC,10.PredMammalNCC,10.PredMammalNCC,10.PredMammalNCC,10.PredMammalNCC,10.PredMammalNCC,10.PredMammalNCC,10.PredMammalNCC,10.PredMammalNCC,10.PredMammalNCC,10.PredMammalNCC,10.PredMammalNCC,10.PredMammalNCC,10.PredMammalNCC,10.PredMammalNCC,10.PredMammalNCC,10.PredMammalNCC,10.PredMammalNCC,10.PredMammalNCC,10.PredMammalNCC,PredAK
Steller_s_l_2yrLead_WS_2026,Steller_s_l_2yrLead_WS_2026,,,,,,,,,,,,,,,,,,,,,,,,,,,,,fish_eaters_mammals,10.PredMammalNCC,10.PredMammalNCC,10.PredMammalNCC,10.PredMammalNCC,10.PredMammalNCC,10.PredMammalNCC,10.PredMammalNCC,10.PredMammalNCC,10.PredMammalNCC,10.PredMammalNCC,10.PredMammalNCC,10.PredMammalNCC,10.PredMammalNCC,10.PredMammalNCC,10.PredMammalNCC,10.PredMammalNCC,10.PredMammalNCC,10.PredMammalNCC,10.PredMammalNCC,10.PredMammalNCC,10.PredMammalNCC,PredAK
Harbor_seal_CR_2025,Harbor_seal_CR_2025,,,,,10.PredMammalNCC,10.PredMammalNCC,,10.PredMammalNCC,,10.PredMammalNCC,10.PredMammalNCC,,10.PredMammalNCC,,10.PredMammalNCC_0,,10.PredMammalNCC,10.PredMammalNCC,10.PredMammalNCC,,10.PredMammalNCC,10.PredMammalNCC,10.PredMammalNCC,10.PredMammalNCC,10.PredMammalNCC_0,10.PredMammalNCC,10.PredMammalNCC,10.PredMammalNCC_0,10.PredMammalNCC,11.PredMammalSmolt,11.PredMammalSmolt,11.PredMammalSmolt,11.PredMammalSmolt_0,11.PredMammalSmolt,11.PredMammalSmolt_0,11.PredMammalSmolt,11.PredMammalSmolt_0,11.PredMammalSmolt,11.PredMammalSmolt,11.PredMammalSmolt_0,11.PredMammalSmolt,11.PredMammalSmolt,11.PredMammalSmolt_0,11.PredMammalSmolt,11.PredMammalSmolt,11.PredMammalSmolt_0,11.PredMammalSmolt,11.PredMammalSmolt,11.PredMammalSmolt,11.PredMammalSmolt_0,PredNCC
Harbour_p_WS_2026,Harbour_p_WS_2026,,,,,,,,,,,,,,,,,,,,,,,,,,,,,fish_eaters_mammals_b,11.PredMammalSmolt,11.PredMammalSmolt,11.PredMammalSmolt,11.PredMammalSmolt,11.PredMammalSmolt,11.PredMammalSmolt,11.PredMammalSmolt,11.PredMammalSmolt,11.PredMammalSmolt,11.PredMammalSmolt,11.PredMammalSmolt,11.PredMammalSmolt,11.PredMammalSmolt,11.PredMammalSmolt,11.PredMammalSmolt,11.PredMammalSmolt,11.PredMammalSmolt,11.PredMammalSmolt,11.PredMammalSmolt,11.PredMammalSmolt,11.PredMammalSmolt,PredNCC
Harbour_s_WS_2026,Harbour_s_WS_2026,,,,,,,,,,,,,,,,,,,,,,,,,,,,,fish_eaters_mammals,11.PredMammalSmolt,11.PredMammalSmolt,11.PredMammalSmolt,11.PredMammalSmolt,11.PredMammalSmolt,11.PredMammalSmolt,11.PredMammalSmolt,11.PredMammalSmolt,11.PredMammalSmolt,11.PredMammalSmolt,11.PredMammalSmolt,11.PredMammalSmolt,11.PredMammalSmolt,11.PredMammalSmolt,11.PredMammalSmolt,11.PredMammalSmolt,11.PredMammalSmolt,11.PredMammalSmolt,11.PredMammalSmolt,11.PredMammalSmolt,11.PredMammalSmolt,PredNCC
log_biomass_amphipod_wcvi_shelf_summer,biomassAmphShelfSum,12.ZooPreyAK,Prey_WCVI,12.ZooPreyAK,12.ZooPreyAK,12.ZooPreyAK,12.ZooPreyAK,12.ZooPreyAK,12.ZooPreyAK,12.ZooPreyAK,12.ZooPreyAK,12.ZooPreyAK,12.ZooPreyAK,12.ZooPreyAK,12.ZooPreyAK,12.ZooPreyAK,,12.ZooPreyAK,12.ZooPreyAK,12.ZooPreyAK,,12.ZooPreyAK,12.ZooPreyAK,12.ZooPreyAK,12.ZooPreyAK,12.ZooPreyAK,12.ZooPreyAK,12.ZooPreyAK,12.ZooPreyAK,12.ZooPreyAK,12.ZooPreyAK,12.ZooPreyAK,12.ZooPreyAK,12.ZooPreyAK,12.ZooPreyAK,12.ZooPreyAK,12.ZooPreyAK,12.ZooPreyAK,12.ZooPreyAK,12.ZooPreyAK,12.ZooPreyAK,12.ZooPreyAK,12.ZooPreyAK,12.ZooPreyAK,12.ZooPreyAK,12.ZooPreyAK,12.ZooPreyAK,12.ZooPreyAK,12.ZooPreyAK,12.ZooPreyAK,12.ZooPreyAK,PreyAK
log_biomass_decapod_larvae_wcvi_shelf_summer,biomassDecaShelfSum,12.ZooPreyAK,Prey_WCVI,12.ZooPreyAK,12.ZooPreyAK,12.ZooPreyAK,12.ZooPreyAK,12.ZooPreyAK,12.ZooPreyAK,12.ZooPreyAK,12.ZooPreyAK,12.ZooPreyAK,12.ZooPreyAK,12.ZooPreyAK,12.ZooPreyAK,12.ZooPreyAK,,12.ZooPreyAK,12.ZooPreyAK,12.ZooPreyAK,,12.ZooPreyAK,12.ZooPreyAK,12.ZooPreyAK,12.ZooPreyAK,12.ZooPreyAK,12.ZooPreyAK,12.ZooPreyAK,12.ZooPreyAK,12.ZooPreyAK,12.ZooPreyAK,12.ZooPreyAK,12.ZooPreyAK,12.ZooPreyAK,12.ZooPreyAK,12.ZooPreyAK,12.ZooPreyAK,12.ZooPreyAK,12.ZooPreyAK,12.ZooPreyAK,12.ZooPreyAK,12.ZooPreyAK,12.ZooPreyAK,12.ZooPreyAK,12.ZooPreyAK,12.ZooPreyAK,12.ZooPreyAK,12.ZooPreyAK,12.ZooPreyAK,12.ZooPreyAK,12.ZooPreyAK,PreyAK
log_biomass_euphusiid_wcvi_shelf_summer,biomassEuphShelfSum,12.ZooPreyAK,Prey_WCVI,12.ZooPreyAK,12.ZooPreyAK,12.ZooPreyAK,12.ZooPreyAK,12.ZooPreyAK,12.ZooPreyAK,12.ZooPreyAK,12.ZooPreyAK,12.ZooPreyAK,12.ZooPreyAK,12.ZooPreyAK,12.ZooPreyAK,12.ZooPreyAK,,12.ZooPreyAK,12.ZooPreyAK,12.ZooPreyAK,,12.ZooPreyAK,12.ZooPreyAK,12.ZooPreyAK,12.ZooPreyAK,12.ZooPreyAK,12.ZooPreyAK,12.ZooPreyAK,12.ZooPreyAK,12.ZooPreyAK,12.ZooPreyAK,12.ZooPreyAK,12.ZooPreyAK,12.ZooPreyAK,12.ZooPreyAK,12.ZooPreyAK,12.ZooPreyAK,12.ZooPreyAK,12.ZooPreyAK,12.ZooPreyAK,12.ZooPreyAK,12.ZooPreyAK,12.ZooPreyAK,12.ZooPreyAK,12.ZooPreyAK,12.ZooPreyAK,12.ZooPreyAK,12.ZooPreyAK,12.ZooPreyAK,12.ZooPreyAK,12.ZooPreyAK,PreyAK
log_biomass_mysid_wcvi_shelf_summer,biomassMysidShelfSum,12.ZooPreyAK,Prey_WCVI,12.ZooPreyAK,12.ZooPreyAK_3,12.ZooPreyAK,12.ZooPreyAK_2,12.ZooPreyAK,12.ZooPreyAK,12.ZooPreyAK,12.ZooPreyAK,12.ZooPreyAK,12.ZooPreyAK,12.ZooPreyAK,12.ZooPreyAK,12.ZooPreyAK,,12.ZooPreyAK,12.ZooPreyAK,12.ZooPreyAK,,12.ZooPreyAK,12.ZooPreyAK,12.ZooPreyAK,12.ZooPreyAK,12.ZooPreyAK,12.ZooPreyAK,12.ZooPreyAK,12.ZooPreyAK,12.ZooPreyAK,12.ZooPreyAK,12.ZooPreyAK,12.ZooPreyAK,12.ZooPreyAK,12.ZooPreyAK,12.ZooPreyAK,12.ZooPreyAK,12.ZooPreyAK,12.ZooPreyAK,12.ZooPreyAK,12.ZooPreyAK,12.ZooPreyAK,12.ZooPreyAK,12.ZooPreyAK,12.ZooPreyAK,12.ZooPreyAK,12.ZooPreyAK,12.ZooPreyAK,12.ZooPreyAK,12.ZooPreyAK,12.ZooPreyAK,PreyAK
Copepod biomass,copepodBiomass_WGoA,12.ZooPreyAK,Prey_AK,12.ZooPreyAK,12.ZooPreyAK_2,12.ZooPreyAK,12.ZooPreyAK_1,12.ZooPreyAK_2,12.ZooPreyAK,12.ZooPreyAK_2,12.ZooPreyAK,12.ZooPreyAK,12.ZooPreyAK_2,12.ZooPreyAK,12.ZooPreyAK_1,12.ZooPreyAK_1,,12.ZooPreyAK,12.ZooPreyAK,12.ZooPreyAK,,12.ZooPreyAK,12.ZooPreyAK,12.ZooPreyAK,12.ZooPreyAK,12.ZooPreyAK_2,12.ZooPreyAK,12.ZooPreyAK,12.ZooPreyAK_2,12.ZooPreyAK,12.ZooPreyAK,12.ZooPreyAK,12.ZooPreyAK,12.ZooPreyAK_0,12.ZooPreyAK,12.ZooPreyAK_0,12.ZooPreyAK,12.ZooPreyAK_0,12.ZooPreyAK,12.ZooPreyAK,12.ZooPreyAK_0,12.ZooPreyAK,12.ZooPreyAK,12.ZooPreyAK_0,12.ZooPreyAK,12.ZooPreyAK,12.ZooPreyAK_0,12.ZooPreyAK,12.ZooPreyAK,12.ZooPreyAK,12.ZooPreyAK_0,PreyAK
Copepod Community Size,copepodCom_EGoA,12.ZooPreyAK,ZooPrey_NCC,12.ZooPreyAK,12.ZooPreyAK_1,12.ZooPreyAK,12.ZooPreyAK_0,12.ZooPreyAK_0,12.ZooPreyAK,12.ZooPreyAK_0,12.ZooPreyAK,12.ZooPreyAK,12.ZooPreyAK_0,12.ZooPreyAK,12.ZooPreyAK_0,12.ZooPreyAK_0,,12.ZooPreyAK,12.ZooPreyAK,12.ZooPreyAK,,12.ZooPreyAK,12.ZooPreyAK,12.ZooPreyAK,12.ZooPreyAK,12.ZooPreyAK_0,12.ZooPreyAK,12.ZooPreyAK,12.ZooPreyAK_0,12.ZooPreyAK,12.ZooPreyAK,12.ZooPreyAK,12.ZooPreyAK,12.ZooPreyAK_2,12.ZooPreyAK,12.ZooPreyAK_1,12.ZooPreyAK,12.ZooPreyAK_1,12.ZooPreyAK,12.ZooPreyAK,12.ZooPreyAK_1,12.ZooPreyAK,12.ZooPreyAK,12.ZooPreyAK_1,12.ZooPreyAK,12.ZooPreyAK,12.ZooPreyAK_1,12.ZooPreyAK,12.ZooPreyAK,12.ZooPreyAK,12.ZooPreyAK_1,PreyAK
Copepod Community Size,copepodCom_WGoA,12.ZooPreyAK,Prey_AK,12.ZooPreyAK,12.ZooPreyAK,12.ZooPreyAK,12.ZooPreyAK,12.ZooPreyAK_1,12.ZooPreyAK,12.ZooPreyAK_1,12.ZooPreyAK,12.ZooPreyAK,12.ZooPreyAK_1,12.ZooPreyAK,12.ZooPreyAK,12.ZooPreyAK,,12.ZooPreyAK,12.ZooPreyAK,12.ZooPreyAK,,12.ZooPreyAK,12.ZooPreyAK,12.ZooPreyAK,12.ZooPreyAK,12.ZooPreyAK_1,12.ZooPreyAK,12.ZooPreyAK,12.ZooPreyAK_1,12.ZooPreyAK,12.ZooPreyAK,12.ZooPreyAK,12.ZooPreyAK,12.ZooPreyAK_1,12.ZooPreyAK,12.ZooPreyAK_2,12.ZooPreyAK,12.ZooPreyAK_2,12.ZooPreyAK,12.ZooPreyAK,12.ZooPreyAK_2,12.ZooPreyAK,12.ZooPreyAK,12.ZooPreyAK_2,12.ZooPreyAK,12.ZooPreyAK,12.ZooPreyAK_2,12.ZooPreyAK,12.ZooPreyAK,12.ZooPreyAK,12.ZooPreyAK_2,PreyAK
Crested Auklet reproductive success,crestedAuk_WAI,12.ZooPreyAK,11. BirdPred_AK,11. BirdPred_AK,11. BirdPred_AK_1,11. BirdPred_AK,11. BirdPred_AK_0,11. BirdPred_AK_0,11. BirdPred_AK,11. BirdPred_AK_0,11. BirdPred_AK,11. BirdPred_AK,11. BirdPred_AK_0,11. BirdPred_AK,11. BirdPred_AK_0,11. BirdPred_AK_0,,11. BirdPred_AK,12.ZooPreyAK,12.ZooPreyAK,,12.ZooPreyAK,12.ZooPreyAK,12.ZooPreyAK,12.ZooPreyAK,12.ZooPreyAK,12.ZooPreyAK,12.ZooPreyAK,12.ZooPreyAK,12.ZooPreyAK,12.ZooPreyAK,12.ZooPreyAK,12.ZooPreyAK,12.ZooPreyAK,12.ZooPreyAK,12.ZooPreyAK,12.ZooPreyAK,12.ZooPreyAK,12.ZooPreyAK,12.ZooPreyAK,12.ZooPreyAK,12.ZooPreyAK,12.ZooPreyAK,12.ZooPreyAK,12.ZooPreyAK,12.ZooPreyAK,12.ZooPreyAK,12.ZooPreyAK,12.ZooPreyAK,12.ZooPreyAK,12.ZooPreyAK,PreyAK
Least Auklet reproductive success,leastAuk_WAI,12.ZooPreyAK,11. BirdPred_AK,11. BirdPred_AK,11. BirdPred_AK_2,11. BirdPred_AK,11. BirdPred_AK_1,11. BirdPred_AK_1,11. BirdPred_AK,11. BirdPred_AK_1,11. BirdPred_AK,11. BirdPred_AK,11. BirdPred_AK_1,11. BirdPred_AK,11. BirdPred_AK_1,11. BirdPred_AK_1,,11. BirdPred_AK,12.ZooPreyAK,12.ZooPreyAK,,12.ZooPreyAK,12.ZooPreyAK,12.ZooPreyAK,12.ZooPreyAK,12.ZooPreyAK,12.ZooPreyAK,12.ZooPreyAK,12.ZooPreyAK,12.ZooPreyAK,12.ZooPreyAK,12.ZooPreyAK,12.ZooPreyAK,12.ZooPreyAK,12.ZooPreyAK,12.ZooPreyAK,12.ZooPreyAK,12.ZooPreyAK,12.ZooPreyAK,12.ZooPreyAK,12.ZooPreyAK,12.ZooPreyAK,12.ZooPreyAK,12.ZooPreyAK,12.ZooPreyAK,12.ZooPreyAK,12.ZooPreyAK,12.ZooPreyAK,12.ZooPreyAK,12.ZooPreyAK,12.ZooPreyAK,PreyAK
Zooplankton Density Icy Strait (#/m3),zoop_EGoA,12.ZooPreyAK,Prey_AK,12.ZooPreyAK,12.ZooPreyAK,12.ZooPreyAK,12.ZooPreyAK,12.ZooPreyAK,12.ZooPreyAK,12.ZooPreyAK,12.ZooPreyAK,12.ZooPreyAK,12.ZooPreyAK,12.ZooPreyAK,12.ZooPreyAK,12.ZooPreyAK,,12.ZooPreyAK,12.ZooPreyAK,12.ZooPreyAK,,12.ZooPreyAK,12.ZooPreyAK,12.ZooPreyAK,12.ZooPreyAK,12.ZooPreyAK,12.ZooPreyAK,12.ZooPreyAK,12.ZooPreyAK,12.ZooPreyAK,12.ZooPreyAK,12.ZooPreyAK,12.ZooPreyAK,12.ZooPreyAK,12.ZooPreyAK,12.ZooPreyAK,12.ZooPreyAK,12.ZooPreyAK,12.ZooPreyAK,12.ZooPreyAK,12.ZooPreyAK,12.ZooPreyAK,12.ZooPreyAK,12.ZooPreyAK,12.ZooPreyAK,12.ZooPreyAK,12.ZooPreyAK,12.ZooPreyAK,12.ZooPreyAK,12.ZooPreyAK,12.ZooPreyAK,PreyAK
Ammodytes in tufted puffin chick diets,ammod_EAI,13.ForageFishAK,Prey_AK,13.FishPreyAK,13.FishPreyAK,13.FishPreyAK,13.FishPreyAK,13.FishPreyAK,13.FishPreyAK,13.FishPreyAK,13.FishPreyAK,13.FishPreyAK,13.FishPreyAK,13.FishPreyAK,13.FishPreyAK,13.FishPreyAK,,13.FishPreyAK,13.FishPreyAK,13.FishPreyAK,,13.FishPreyAK,13.FishPreyAK,13.FishPreyAK,13.FishPreyAK,13.FishPreyAK,13.FishPreyAK,13.FishPreyAK,13.FishPreyAK,13.FishPreyAK,13.FishPreyAK,13.FishPreyAK,13.FishPreyAK,13.FishPreyAK_0,13.FishPreyAK,13.FishPreyAK_0,13.FishPreyAK_b,13.FishPreyAK_b,13.FishPreyAK,13.FishPreyAK_b,13.FishPreyAK_b,13.FishPreyAK,13.FishPreyAK_b,13.FishPreyAK_b,13.FishPreyAK,13.FishPreyAK_b,13.FishPreyAK_b,13.FishPreyAK,13.FishPreyAK,13.FishPreyAK_b,13.FishPreyAK_b,PreyAK
Ammodytes in tufted puffin chick diets,ammod_WAI,13.ForageFishAK,Prey_AK,13.FishPreyAK,13.FishPreyAK_1,13.FishPreyAK,13.FishPreyAK_0,13.FishPreyAK_0,13.FishPreyAK,13.FishPreyAK_0,13.FishPreyAK,13.FishPreyAK,13.FishPreyAK_0,13.FishPreyAK,13.FishPreyAK_0,13.FishPreyAK_0,,13.FishPreyAK,13.FishPreyAK,13.FishPreyAK,,13.FishPreyAK,13.FishPreyAK,13.FishPreyAK,13.FishPreyAK,13.FishPreyAK_0,13.FishPreyAK,13.FishPreyAK,13.FishPreyAK_0,13.FishPreyAK,13.FishPreyAK,13.FishPreyAK,13.FishPreyAK,13.FishPreyAK_1,13.FishPreyAK,13.FishPreyAK_1,13.FishPreyAK_b,13.FishPreyAK_b_0,13.FishPreyAK,13.FishPreyAK_b,13.FishPreyAK_b_0,13.FishPreyAK,13.FishPreyAK_b,13.FishPreyAK_b_0,13.FishPreyAK,13.FishPreyAK_b,13.FishPreyAK_b_0,13.FishPreyAK,13.FishPreyAK,13.FishPreyAK_b,13.FishPreyAK_b_0,PreyAK
Capelin,capelin_WGoA,13.ForageFishAK,Prey_AK,13.FishPreyAK,13.FishPreyAK,13.FishPreyAK,13.FishPreyAK,13.FishPreyAK,13.FishPreyAK,13.FishPreyAK,13.FishPreyAK,13.FishPreyAK,13.FishPreyAK,13.FishPreyAK,13.FishPreyAK,13.FishPreyAK,,13.FishPreyAK,13.FishPreyAK,13.FishPreyAK,,13.FishPreyAK,13.FishPreyAK,13.FishPreyAK,13.FishPreyAK,13.FishPreyAK,13.FishPreyAK,13.FishPreyAK,13.FishPreyAK,13.FishPreyAK,13.FishPreyAK,13.FishPreyAK,13.FishPreyAK,13.FishPreyAK_2,13.FishPreyAK,13.FishPreyAK_2,13.FishPreyAK_b,13.FishPreyAK_b,13.FishPreyAK,13.FishPreyAK_b,13.FishPreyAK_b,13.FishPreyAK,13.FishPreyAK_b,13.FishPreyAK_b,13.FishPreyAK,13.FishPreyAK_b,13.FishPreyAK_b,13.FishPreyAK,13.FishPreyAK,13.FishPreyAK_b,13.FishPreyAK_b,PreyAK
est_log_abund_herring_recruits,estAbundHerringRecruits,13.ForageFishAK,Prey_WCVI,13.FishPreyAK,13.FishPreyAK,13.FishPreyAK,13.FishPreyAK,13.FishPreyAK,13.FishPreyAK,13.FishPreyAK,13.FishPreyAK,13.FishPreyAK,13.FishPreyAK,13.FishPreyAK,13.FishPreyAK,13.FishPreyAK,,13.FishPreyAK,13.FishPreyAK,13.FishPreyAK,,13.FishPreyAK,13.FishPreyAK,13.FishPreyAK,13.FishPreyAK,13.FishPreyAK,13.FishPreyAK,13.FishPreyAK,13.FishPreyAK,13.FishPreyAK,13.FishPreyAK,13.FishPreyAK,13.FishPreyAK,13.FishPreyAK,13.FishPreyAK,13.FishPreyAK,13.FishPreyAK,13.FishPreyAK_0,13.FishPreyAK,13.FishPreyAK,13.FishPreyAK_0,13.FishPreyAK,13.FishPreyAK,13.FishPreyAK_0,13.FishPreyAK,13.FishPreyAK,13.FishPreyAK_0,13.FishPreyAK,13.FishPreyAK,13.FishPreyAK_b,13.FishPreyAK_b,PreyAK
Gadids in tufted puffin chick diets,gadid_EAI,13.ForageFishAK,Prey_AK,13.FishPreyAK,13.FishPreyAK,13.FishPreyAK,13.FishPreyAK,13.FishPreyAK,13.FishPreyAK,13.FishPreyAK,13.FishPreyAK,13.FishPreyAK,13.FishPreyAK,13.FishPreyAK,13.FishPreyAK,13.FishPreyAK,,13.FishPreyAK,13.FishPreyAK,13.FishPreyAK,,13.FishPreyAK,13.FishPreyAK,13.FishPreyAK,13.FishPreyAK,13.FishPreyAK,13.FishPreyAK,13.FishPreyAK,13.FishPreyAK,13.FishPreyAK,13.FishPreyAK,13.FishPreyAK,13.FishPreyAK,13.FishPreyAK_3,13.FishPreyAK,13.FishPreyAK_3,13.FishPreyAK_b,13.FishPreyAK_b,13.FishPreyAK,13.FishPreyAK_b,13.FishPreyAK_b,13.FishPreyAK,13.FishPreyAK_b,13.FishPreyAK_b,13.FishPreyAK,13.FishPreyAK_b,13.FishPreyAK_b,13.FishPreyAK,13.FishPreyAK,13.FishPreyAK_b,13.FishPreyAK_b,PreyAK
Gadids in tufted puffin chick diets,gadid_WAI,13.ForageFishAK,NA,13.FishPreyAK,13.FishPreyAK_2,13.FishPreyAK,13.FishPreyAK_1,13.FishPreyAK_1,13.FishPreyAK,13.FishPreyAK_1,13.FishPreyAK,13.FishPreyAK,13.FishPreyAK_1,13.FishPreyAK,13.FishPreyAK_1,13.FishPreyAK_1,,13.FishPreyAK,13.FishPreyAK,13.FishPreyAK,,13.FishPreyAK,13.FishPreyAK,13.FishPreyAK,13.FishPreyAK,13.FishPreyAK_1,13.FishPreyAK,13.FishPreyAK,13.FishPreyAK_1,13.FishPreyAK,13.FishPreyAK,13.FishPreyAK,13.FishPreyAK,13.FishPreyAK_4,13.FishPreyAK,13.FishPreyAK_4,13.FishPreyAK_b,13.FishPreyAK_b_1,13.FishPreyAK,13.FishPreyAK_b,13.FishPreyAK_b_1,13.FishPreyAK,13.FishPreyAK_b,13.FishPreyAK_b_1,13.FishPreyAK,13.FishPreyAK_b,13.FishPreyAK_b_1,13.FishPreyAK,13.FishPreyAK,13.FishPreyAK_b,13.FishPreyAK_b_1,PreyAK
Hexagrammids in tufted puffin chick diets,hexagram_EAI,13.ForageFishAK,Prey_AK,13.FishPreyAK,13.FishPreyAK_3,13.FishPreyAK,13.FishPreyAK_2,13.FishPreyAK_2,13.FishPreyAK,13.FishPreyAK_2,13.FishPreyAK,13.FishPreyAK,13.FishPreyAK_2,13.FishPreyAK,13.FishPreyAK_2,13.FishPreyAK_2,,13.FishPreyAK,13.FishPreyAK,13.FishPreyAK,,13.FishPreyAK,13.FishPreyAK,13.FishPreyAK,13.FishPreyAK,13.FishPreyAK_2,13.FishPreyAK,13.FishPreyAK,13.FishPreyAK_2,13.FishPreyAK,13.FishPreyAK,13.FishPreyAK,13.FishPreyAK,13.FishPreyAK_5,13.FishPreyAK,13.FishPreyAK_5,13.FishPreyAK_b,13.FishPreyAK_b_2,13.FishPreyAK,13.FishPreyAK_b,13.FishPreyAK_b_2,13.FishPreyAK,13.FishPreyAK_b,13.FishPreyAK_b_2,13.FishPreyAK,13.FishPreyAK_b,13.FishPreyAK_b_2,13.FishPreyAK,13.FishPreyAK,13.FishPreyAK_b,13.FishPreyAK_b_2,PreyAK
Hexagrammids in tufted puffin chick diets,hexagram_WAI,13.ForageFishAK,NA,13.FishPreyAK,13.FishPreyAK_4,13.FishPreyAK,13.FishPreyAK_3,13.FishPreyAK_3,13.FishPreyAK,13.FishPreyAK_3,13.FishPreyAK,13.FishPreyAK,13.FishPreyAK_3,13.FishPreyAK,13.FishPreyAK_3,13.FishPreyAK_3,,13.FishPreyAK,13.FishPreyAK,13.FishPreyAK,,13.FishPreyAK,13.FishPreyAK,13.FishPreyAK,13.FishPreyAK,13.FishPreyAK_3,13.FishPreyAK,13.FishPreyAK,13.FishPreyAK_3,13.FishPreyAK,13.FishPreyAK,13.FishPreyAK,13.FishPreyAK,13.FishPreyAK_6,13.FishPreyAK,13.FishPreyAK_6,13.FishPreyAK_b,13.FishPreyAK_b_3,13.FishPreyAK,13.FishPreyAK_b,13.FishPreyAK_b_3,13.FishPreyAK,13.FishPreyAK_b,13.FishPreyAK_b_3,13.FishPreyAK,13.FishPreyAK_b,13.FishPreyAK_b_3,13.FishPreyAK,13.FishPreyAK,13.FishPreyAK_b,13.FishPreyAK_b_3,PreyAK
Rhinoceros Auklet Chick Growth,rhinoAuk_EGoA,13.ForageFishAK,11. BirdPred_AK,11. BirdPred_AK,11. BirdPred_AK,11. BirdPred_AK,11. BirdPred_AK,11. BirdPred_AK,11. BirdPred_AK,11. BirdPred_AK,11. BirdPred_AK,11. BirdPred_AK,11. BirdPred_AK,11. BirdPred_AK,11. BirdPred_AK,11. BirdPred_AK,,11. BirdPred_AK,11. BirdPred_AK,11. BirdPred_AK,,13.FishPreyAK,13.FishPreyAK,13.FishPreyAK,13.FishPreyAK,13.FishPreyAK,13.FishPreyAK,13.FishPreyAK,13.FishPreyAK,13.FishPreyAK,13.FishPreyAK,13.FishPreyAK,13.FishPreyAK,13.FishPreyAK,13.FishPreyAK,13.FishPreyAK,13.FishPreyAK,13.FishPreyAK,13.FishPreyAK,13.FishPreyAK,13.FishPreyAK,13.FishPreyAK,13.FishPreyAK,13.FishPreyAK,13.FishPreyAK,13.FishPreyAK,13.FishPreyAK,13.FishPreyAK,13.FishPreyAK,13.FishPreyAK,13.FishPreyAK,PreyAK
Sitka Herring Mature Biomass (tons),sitkaHerring_EGoA,13.ForageFishAK,Prey_AK,13.FishPreyAK,13.FishPreyAK_5,13.FishPreyAK,13.FishPreyAK_4,13.FishPreyAK_4,13.FishPreyAK,13.FishPreyAK_4,13.FishPreyAK,13.FishPreyAK,13.FishPreyAK_4,13.FishPreyAK,13.FishPreyAK_4,13.FishPreyAK_4,,13.FishPreyAK,13.FishPreyAK,13.FishPreyAK,,13.FishPreyAK,13.FishPreyAK,13.FishPreyAK,13.FishPreyAK,13.FishPreyAK,13.FishPreyAK,13.FishPreyAK,13.FishPreyAK,13.FishPreyAK,13.FishPreyAK,13.FishPreyAK,13.FishPreyAK,13.FishPreyAK,13.FishPreyAK,13.FishPreyAK,13.FishPreyAK,13.FishPreyAK,13.FishPreyAK,13.FishPreyAK,13.FishPreyAK,13.FishPreyAK,13.FishPreyAK,13.FishPreyAK,13.FishPreyAK,13.FishPreyAK,13.FishPreyAK,13.FishPreyAK,13.FishPreyAK,13.FishPreyAK,13.FishPreyAK,PreyAK
WGOA_DFA_lowerTrophic_2026,WGOA_DFA_lowerTrophic_2026,,,,,,,,,,,,,,,,,,,,,,,,,,,,,13.FishPreyAK,13.FishPreyAK,13.FishPreyAK,13.FishPreyAK,13.FishPreyAK,13.FishPreyAK,13.FishPreyAK,13.FishPreyAK,13.FishPreyAK,13.FishPreyAK,13.FishPreyAK,13.FishPreyAK,13.FishPreyAK,13.FishPreyAK,13.FishPreyAK,13.FishPreyAK,13.FishPreyAK,13.FishPreyAK,13.FishPreyAK,13.FishPreyAK,13.FishPreyAK,13.FishPreyAK,PreyAK
WGOA_DFA_midTrophic_2026,WGOA_DFA_midTrophic_2026,,,,,,,,,,,,,,,,,,,,,,,,,,,,,13.FishPreyAK,13.FishPreyAK,13.FishPreyAK,13.FishPreyAK,13.FishPreyAK,13.FishPreyAK,13.FishPreyAK,13.FishPreyAK,13.FishPreyAK,13.FishPreyAK,13.FishPreyAK,13.FishPreyAK,13.FishPreyAK,13.FishPreyAK,13.FishPreyAK,13.FishPreyAK,13.FishPreyAK,13.FishPreyAK,13.FishPreyAK,13.FishPreyAK,13.FishPreyAK,13.FishPreyAK,PreyAK
WGOA_DFA_seabirds_2026,WGOA_DFA_seabirds_2026,,,,,,,,,,,,,,,,,,,,,,,,,,,,,13.FishPreyAK,13.FishPreyAK,13.FishPreyAK,13.FishPreyAK,13.FishPreyAK,13.FishPreyAK,13.FishPreyAK,13.FishPreyAK,13.FishPreyAK_1,13.FishPreyAK,13.FishPreyAK,13.FishPreyAK_1,13.FishPreyAK,13.FishPreyAK,13.FishPreyAK_1,13.FishPreyAK,13.FishPreyAK,13.FishPreyAK_1,13.FishPreyAK,13.FishPreyAK,13.FishPreyAK_b,13.FishPreyAK_b,PreyAK
pinkSalmon_2025,pinkSalmon_2025,,,,,,,,14.CompAK,14.CompAK_1,14.CompAK,14.CompAK,14.CompAK_1,14.CompAK,14.CompAK_1,14.CompAK_1,,14.CompAK,14.CompAK,14.CompAK,,14.CompAK,14.CompAK,14.CompAK,14.CompAK,14.CompAK_1,14.CompAK,14.CompAK,14.CompAK_1,14.CompAK,14.CompAK,14.CompAK,14.CompAK,14.CompAK_0,14.CompAK,14.CompAK_0,14.CompAK,14.CompAK_0,14.CompAK,14.CompAK,14.CompAK_0,14.CompAK,14.CompAK,14.CompAK_0,14.CompAK,14.CompAK,14.CompAK_0,14.CompAK,14.CompAK,14.CompAK,14.CompAK_0,PreyAK
pinkSalmonAsia_2025,pinkSalmonAsia_2025,,,,,,,,14.CompAK,14.CompAK,14.CompAK,14.CompAK,14.CompAK,14.CompAK,14.CompAK,14.CompAK,,14.CompAK,14.CompAK,14.CompAK,,14.CompAK,14.CompAK,14.CompAK,14.CompAK,14.CompAK,14.CompAK,14.CompAK,14.CompAK,14.CompAK,14.CompAK,14.CompAK,14.CompAK,14.CompAK,14.CompAK,14.CompAK,14.CompAK,14.CompAK,14.CompAK,14.CompAK,14.CompAK,14.CompAK,14.CompAK,14.CompAK,14.CompAK,14.CompAK,14.CompAK,14.CompAK,14.CompAK,14.CompAK,14.CompAK,PreyAK
pinkSalmonNorthAmerica_2025,pinkSalmonNorthAmerica_2025,,,,,,,,14.CompAK,14.CompAK_0,14.CompAK,14.CompAK,14.CompAK_0,14.CompAK,14.CompAK_0,14.CompAK_0,,14.CompAK,14.CompAK,14.CompAK,,14.CompAK,14.CompAK,14.CompAK,14.CompAK,14.CompAK_0,14.CompAK,14.CompAK,14.CompAK_0,14.CompAK,14.CompAK,14.CompAK,14.CompAK,14.CompAK_1,14.CompAK,14.CompAK_1,14.CompAK,14.CompAK_1,14.CompAK,14.CompAK,14.CompAK_1,14.CompAK,14.CompAK,14.CompAK_1,14.CompAK,14.CompAK,14.CompAK_1,14.CompAK,14.CompAK,14.CompAK,14.CompAK_1,PreyAK
pollockBiomassGoAage3plus_predAK_2026,pollockBiomassGoAage3plus_predAK_2026,,,,,,,,,,,,,,,,,,,,,,,,,,,,,,,,,,,,,,,,,,,,09.PredFishAK,09.PredFishAK_b,09.PredFishAK_b,15.PredFishAK,13.FishPreyAK,13.FishPreyAK_b,13.FishPreyAK_b,PreyAK
pollockBiomassAIage1plus_predAK_2026,pollockBiomassAIage1plus_predAK_2026,,,,,,,,,,,,,,,,,,,,,,,,,,,,,,,,,,,,,,,,,,,,,,,15.PredFishAK,13.FishPreyAK,13.FishPreyAK,13.FishPreyAK,PreyAK
ArrowtoothFlounderBiomass_predAK_2026,ArrowtoothFlounderBiomass_predAK_2026,,,,,,,,,,,,,,,,,,,,,,,,,,,,,,,,,,,,,,,,,,,,09.PredFishAK,09.PredFishAK,09.PredFishAK,15.PredFishAK,15.PredFishAK,15.PredFishAK,15.PredFishAK,PredAK
sablefishBiomass_predAK_2026,sablefishBiomass_predAK_2026,,,,,,,,,,,,,,,,,,,,,,,,,,,,,,,,,,,,,,,,,,,,09.PredFishAK,09.PredFishAK,09.PredFishAK,15.PredFishAK,15.PredFishAK,15.PredFishAK,15.PredFishAK,PredAK
sablefishRecruitment_predAK_2026,sablefishRecruitment_predAK_2026,,,,,,,,,,,,,,,,,,,,,,,,,,,,,,,,,,,,,,,,,,,,09.PredFishAK,09.PredFishAK,09.PredFishAK,15.PredFishAK,15.PredFishAK,15.PredFishAK,15.PredFishAK,PredAK
PacificCodBiomass_predAK_2026,PacificCodBiomass_predAK_2026,,,,,,,,,,,,,,,,,,,,,,,,,,,,,,,,,,,,,,,,,,,,09.PredFishAK,09.PredFishAK,09.PredFishAK,15.PredFishAK,15.PredFishAK,15.PredFishAK,15.PredFishAK,PredAK
spinyDogfishBSAI_predAK_2026,spinyDogfishBSAI_predAK_2026,,,,,,,,,,,,,,,,,,,,,,,,,,,,,,,,,,,,,,,,,,,,,,,15.PredFishAK,15.PredFishAK,15.PredFishAK_b,15.PredFishAK_b_0,PredAK
sleeperSharkBSAI_predAK_2026,sleeperSharkBSAI_predAK_2026,,,,,,,,,,,,,,,,,,,,,,,,,,,,,,,,,,,,,,,,,,,,,,,15.PredFishAK,15.PredFishAK,15.PredFishAK_b,15.PredFishAK_b,PredAK
salmonSharkBSAI_predAK_2026,salmonSharkBSAI_predAK_2026,,,,,,,,,,,,,,,,,,,,,,,,,,,,,,,,,,,,,,,,,,,,,,,15.PredFishAK,15.PredFishAK,15.PredFishAK_b,15.PredFishAK_b_1,PredAK
spinyDogfishGoA_predAK_2026,spinyDogfishGoA_predAK_2026,,,,,,,,,,,,,,,,,,,,,,,,,,,,,,,,,,,,,,,,,,,,,,,15.PredFishAK,15.PredFishAK,15.PredFishAK,15.PredFishAK,PredAK
sleeperSharkGoA_predAK_2026,sleeperSharkGoA_predAK_2026,,,,,,,,,,,,,,,,,,,,,,,,,,,,,,,,,,,,,,,,,,,,,,,15.PredFishAK,15.PredFishAK,15.PredFishAK_b,15.PredFishAK_b,PredAK
salmonSharkGoA_predAK_2026,salmonSharkGoA_predAK_2026,,,,,,,,,,,,,,,,,,,,,,,,,,,,,,,,,,,,,,,,,,,,,,,15.PredFishAK,15.PredFishAK,15.PredFishAK_b,15.PredFishAK_b_2,PredAK
sharkCatchGoA_predAK_2026,sharkCatchGoA_predAK_2026,,,,,,,,,,,,,,,,,,,,,,,,,,,,,,,,,,,,,,,,,,,,09.PredFishAK,09.PredFishAK_b,09.PredFishAK_b,15.PredFishAK,15.PredFishAK,15.PredFishAK_b,15.PredFishAK_b_3,PredAK
halibutBiomassAge8plus_2yrLead_predAK_2026,halibutBiomassAge8plus_2yrLead_predAK_2026,,,,,,,,,,,,,,,,,,,,,,,,,,,,,,,,,,,,,,,,,,,,09.PredFishAK,09.PredFishAK,09.PredFishAK,15.PredFishAK,15.PredFishAK,15.PredFishAK,15.PredFishAK,PredAK
SAR_2025,SAR_2025,,,,,SAR,SAR,SAR,SAR,SAR,SAR,SAR,SAR,SAR,SAR,SAR,,SAR,SAR,SAR,,SAR,SAR,SAR,SAR,SAR,SAR,SAR,SAR,SAR,SAR,SAR,SAR,SAR,SAR,SAR,SAR,SAR,SAR,SAR,SAR,SAR,SAR,SAR,SAR,SAR,SAR,SAR,SAR,SAR,SAR,SAR
sar.UCsprCh_2025,sar_UCsprCh_2025,,,,,SAR,SAR,SAR,SAR,SAR,SAR,SAR,SAR,SAR,SAR,SAR,,SAR,SAR,SAR,,SAR,SAR,SAR,SAR,SAR,SAR,SAR,SAR,SAR,SAR,SAR,SAR,SAR,SAR,SAR,SAR,SAR,SAR,SAR,SAR,SAR,SAR,SAR,SAR,SAR,SAR,SAR,SAR,SAR,SAR,SAR
AllPinnDayBonn,AllPinnDayBonn,NA,NA,10.PredMammalNCC,10.PredMammalNCC,10.PredMammalNCC,10.PredMammalNCC,,10.PredMammalNCC,,10.PredMammalNCC,,,,,,,,,,,,,,,,,,,,,,,,,,,,,,,,,,,,,,,,,
AllSeaLionsBonn_2025,AllSeaLionsBonn_2025,,,,,10.PredMammalNCC,10.PredMammalNCC,10.PredMammalNCC,10.PredMammalNCC,10.PredMammalNCC,10.PredMammalNCC,10.PredMammalNCC,10.PredMammalNCC,10.PredMammalNCC,10.PredMammalNCC,10.PredMammalNCC,,10.PredMammalNCC,10.PredMammalNCC,10.PredMammalNCC,,10.PredMammalNCC,10.PredMammalNCC,10.PredMammalNCC,10.PredMammalNCC,10.PredMammalNCC,10.PredMammalNCC,10.PredMammalNCC,10.PredMammalNCC,10.PredMammalNCC,10.PredMammalNCC,10.PredMammalNCC,10.PredMammalNCC,10.PredMammalNCC,,,,,,,,,,,,,,,,,,
AllSeaLionsEMB_2025,AllSeaLionsEMB_2025,,,,,10.PredMammalNCC,10.PredMammalNCC,10.PredMammalNCC,10.PredMammalNCC,10.PredMammalNCC,10.PredMammalNCC,10.PredMammalNCC,10.PredMammalNCC,10.PredMammalNCC,10.PredMammalNCC,10.PredMammalNCC,,10.PredMammalNCC,10.PredMammalNCC,10.PredMammalNCC,,10.PredMammalNCC,10.PredMammalNCC,10.PredMammalNCC,10.PredMammalNCC,10.PredMammalNCC,10.PredMammalNCC,10.PredMammalNCC,10.PredMammalNCC,10.PredMammalNCC,10.PredMammalNCC,10.PredMammalNCC,10.PredMammalNCC,10.PredMammalNCC,,,,,,,,,,,,,,,,,,
Apex predator biomass,ApexBio_CAI,NA,Pred_AK,,,,,,,,,,,,,,,,,,,,,,,,,,,,,,,,,,,,,,,,,,,,,,,,,
Apex predator biomass,ApexBio_EAI,NA,Pred_AK,,,,,,,,,,,,,,,,,,,,,,,,,,,,,,,,,,,,,,,,,,,,,,,,,
Apex predator biomass biennial or triennial,ApexBio_WAI,NA,Pred_AK,,,,,,,,,,,,,,,,,,,,,,,,,,,,,,,,,,,,,,,,,,,,,,,,,
Apex Fish Biomass,ApexFish_EGoA,NA,Pred_AK,,,,,,,,,,,,,,,,,,,,,,,,,,,,,,,,,,,,,,,,,,,,,,,,,
Apex Fish Biomass,ApexFish_WGoA,NA,Pred_AK,,,,,,,,,,,,,,,,,,,,,,,,,,,,,,,,,,,,,,,,,,,,,,,,,
log_biomass_amphipod_wcvi_shelf_fall,biomassAmphShelfFall,NA,Prey_WCVI,,,,,,,,,,,,,,,,,,,,,,,,,,,,,,,,,,,,,,,,,,,,,,,,,
log_biomass_decapod_larvae_wcvi_shelf_fall,biomassDecaShelfFall,NA,Prey_WCVI,,,,,,,,,,,,,,,,,,,,,,,,,,,,,,,,,,,,,,,,,,,,,,,,,
log_biomass_euphusiid_wcvi_inlet_fall,biomassEuphInletFall,NA,Prey_WCVI,,,,,,,,,,,,,,,,,,,,,,,,,,,,,,,,,,,,,,,,,,,,,,,,,
log_biomass_euphusiid_wcvi_inlet_summer,biomassEuphInletSum,NA,Prey_WCVI,,,,,,,,,,,,,,,,,,,,,,,,,,,,,,,,,,,,,,,,,,,,,,,,,
log_biomass_euphusiid_wcvi_shelf_fall,biomassEuphShelfFall,NA,Prey_WCVI,,,,,,,,,,,,,,,,,,,,,,,,,,,,,,,,,,,,,,,,,,,,,,,,,
log_biomass_mysid_wcvi_shelf_fall,biomassMysidShelfFall,NA,Prey_WCVI,,,,,,,,,,,,,,,,,,,,,,,,,,,,,,,,,,,,,,,,,,,,,,,,,
Black_scot_WS_2026,Black_scot_WS_2026,,,,,,,,,,,,,,,,,,,,,,,,,,,,,,,,,,,,,,,,,,,,,,,,,,,
Bonneville pinnipeds,BonnPinn,NA,NA,10.PredMammalNCC,10.PredMammalNCC,10.PredMammalNCC,10.PredMammalNCC,,10.PredMammalNCC,,10.PredMammalNCC,,,,,,,,,,,,,,,,,,,,,,,,,,,,,,,,,,,,,,,,,
Brant_WS_2026,Brant_WS_2026,,,,,,,,,,,,,,,,,,,,,,,,,,,,,,,,,,,,,,,,,,,,,,,,,,,
Bullers_shrw_WS_2026,Bullers_shrw_WS_2026,,,,,,,,,,,,,,,,,,,,,,,,,,,,,fish_eaters_ess_II,08.PredBirdNCC_ess_II,,,,,,,,,,,,,,,,,,,,,PredNCC
Californian_s_l_WS_2026,Californian_s_l_WS_2026,,,,,,,,,,,,,,,,,,,,,,,,,,,,,fish_eaters_mammals_b,10.PredMammalNCC,10.PredMammalNCC,10.PredMammalNCC,10.PredMammalNCC_0,,,,,,,,,,,,,,,,,,
CanMagM_planktonJun_2025b,CanMagM_planktonJun_2025b,,,,,,,,,,,,,,,,,,,,,01.ZooPreyNCC,,,,,,,,,,,,,,,,,,,,,,,,,,,,,,
CanMagM_planktonJun_2026,CanMagM_planktonJun_2026,,,,,,,,,,,,,,,,,,,,,,,,,,,,,,,,,,,,,,,,,,,,,,,,,,,
CanMagM_planktonJuneNCC,CanMagM_planktonJuneNCC,,,,,,,,,,,,,,,,,,,,01.ZooPreyNCC,,,,,,,,,,,,,,,,,,,,,,,,,,,,,,,
Cassin's auklet density - NWFSC,cassAuk_NWFSC,08.PredBirdNCC,BirdPred_NCC,08.PredBirdNCC,08.PredBirdNCC,08.PredBirdNCC,08.PredBirdNCC,08.PredBirdNCC,08.PredBirdNCC,08.PredBirdNCC,08.PredBirdNCC,08.PredBirdNCC,08.PredBirdNCC,08.PredBirdNCC,08.PredBirdNCC,08.PredBirdNCC,01.ZooPreyNCC,08.PredBirdNCC,01.ZooPreyNCC,01.ZooPreyNCC,01.ZooPreyNCC,01.ZooPreyNCC,01.ZooPreyNCC,01.ZooPreyNCC_JSOES,,,,,,,,,,,,,,,,,,,,,,,,,,,,
Pacific chub mackerel - NCC,chubMack_NCC,04.CompFishNCC,Comp_NCC,04.CompFishNCC,04.CompFishNCC_2,04.CompFishNCC,04.CompFishNCC_1,04.CompFishNCC_1,04.CompFishNCC,04.CompFishNCC_1,04.CompFishNCC,,,,,,,,,,,,,,,,,,,,,,,,,,,,,,,,,,,,,,,,,
Common murre density - NWFSC,commonMurre_NWFSC,08.PredBirdNCC,BirdPred_NCC,08.PredBirdNCC,08.PredBirdNCC_1,08.PredBirdNCC,08.PredBirdNCC_0,08.PredBirdNCC_0,08.PredBirdNCC,08.PredBirdNCC_0,08.PredBirdNCC,08.PredBirdNCC,08.PredBirdNCC_0,08.PredBirdNCC,08.PredBirdNCC_0,08.PredBirdNCC_0,,08.PredBirdNCC,08.PredBirdNCC,08.PredBirdNCC,,08.PredBirdNCC,08.PredBirdNCC,08.PredBirdNCC,,,,,,,,,,,,,,,,,,,,,,,,,,,,
copeBiomassNH05north,copeBiomassNH05north,,,,,,,,,,,,,,,,01.ZooPreyNCC,NA,NA,01.ZooPreyNCC,01.ZooPreyNCC,,,,,,,,,,,,,,,,,,,,,,,,,,,,,,,
copeBiomassNH05south,copeBiomassNH05south,,,,,,,,,,,,,,,,01.ZooPreyNCC,NA,NA,01.ZooPreyNCC,01.ZooPreyNCC,,,,,,,,,,,,,,,,,,,,,,,,,,,,,,,
copeBiomassNorth_2025b,copeBiomassNorth_2025b,,,,,,,,,,,,,,,,,,,,,01.ZooPreyNCC,,,,,,,,,,,,,,,,,,,,,,,,,,,,,,
copeBiomassSouth_2025b,copeBiomassSouth_2025b,,,,,,,,,,,,,,,,,,,,,01.ZooPreyNCC,,,,,,,,,,,,,,,,,,,,,,,,,,,,,,
copeCIaxis1,copeCIaxis1,,,,,,,,,,,,,,,,01.ZooPreyNCC,NA,NA,01.ZooPreyNCC,01.ZooPreyNCC,,,,,,,,,,,,,,,,,,,,,,,,,,,,,,,
copeCIaxis1_2025b,copeCIaxis1_2025b,,,,,,,,,,,,,,,,,,,,,01.ZooPreyNCC,,,,,,,,,,,,,,,,,,,,,,,,,,,,,,
copeCIaxis1_2026,copeCIaxis1_2026,,,,,,,,,,,,,,,,,,,,,,,,,,,,,,,,,,,,,,,,,,,,,,,,,,,
copeCIaxis2,copeCIaxis2,,,,,,,,,,,,,,,,01.ZooPreyNCC,NA,NA,01.ZooPreyNCC,01.ZooPreyNCC,,,,,,,,,,,,,,,,,,,,,,,,,,,,,,,
copeCIaxis2_2025b,copeCIaxis2_2025b,,,,,,,,,,,,,,,,,,,,,01.ZooPreyNCC,,,,,,,,,,,,,,,,,,,,,,,,,,,,,,
copeLogBiomassNorth_2025b,copeLogBiomassNorth_2025b,,,,,,,,,,,,,,,,,,,,,01.ZooPreyNCC,,,,,,,,,,,,,,,,,,,,,,,,,,,,,,
copeLogBiomassSouth_2025b,copeLogBiomassSouth_2025b,,,,,,,,,,,,,,,,,,,,,01.ZooPreyNCC,,,,,,,,,,,,,,,,,,,,,,,,,,,,,,
cpue_IntSprJunH,cpue_IntSprJunH,07.Cond2NCC,NA,07.Cond2NCC,07.Cond2NCC,07.Cond2NCC,07.Cond2NCC,,07.Cond2NCC,,07.Cond2NCC,,,,,,,,,,,,,,,,,,,,,,,,,,,,,,,,,,,,,,,,,
Crab landing WA,crabLandingWA,NA,ZooPrey_NCC,,,,,,,,,,,,,,,,,,,,,,,,,,,,,,,,,,,,,,,,,,,,,,,,,
CrabMegalopae,CrabMegalopae,01.ZooPreyNCC,NA,01.ZooPreyNCC,01.ZooPreyNCC,01.ZooPreyNCC,01.ZooPreyNCC,01.ZooPreyNCC,01.ZooPreyNCC,01.ZooPreyNCC,01.ZooPreyNCC,,,,,,,,,,,,,,,,,,,,,,,,,,,,,,,,,,,,,,,,,
CrabMegalopae_2025,CrabMegalopae_2025,,,,,,,,,,,01.ZooPreyNCC,01.ZooPreyNCC,01.ZooPreyNCC,01.ZooPreyNCC,01.ZooPreyNCC,01.ZooPreyNCC,01.ZooPreyNCC,01.ZooPreyNCC,01.ZooPreyNCC,01.ZooPreyNCC,,,,,,,,,,,,,,,,,,,,,,,,,,,,,,,
CSL_Bonn,CSL_Bonn,NA,NA,10.PredMammalNCC,10.PredMammalNCC_1,10.PredMammalNCC,10.PredMammalNCC,,10.PredMammalNCC,,10.PredMammalNCC,,,,,,,,,,,,,,,,,,,,,,,,,,,,,,,,,,,,,,,,,
CSL_EMB,CSL_EMB,NA,NA,10.PredMammalNCC,10.PredMammalNCC,10.PredMammalNCC,10.PredMammalNCC,,10.PredMammalNCC,,10.PredMammalNCC,,,,,,,,,,,,,,,,,,,,,,,,,,,,,,,,,,,,,,,,,
CSLspring.EastMooringBasin,CSLspring_EastMooringBasin,10.PredMammalNCC,MammalPred,10.PredMammalNCC,10.PredMammalNCC_2,10.PredMammalNCC,10.PredMammalNCC,10.PredMammalNCC,10.PredMammalNCC,10.PredMammalNCC,10.PredMammalNCC,,,,,,,,,,,,,,,,,,,,,,,,,,,,,,,,,,,,,,,,,
Dall_s_p_WS_2026,Dall_s_p_WS_2026,,,,,,,,,,,,,,,,,,,,,,,,,,,,,fish_eaters_mammals,,,,,,,,,,,,,,,,,,,,,,
DecapodAll_planktonJun_2025b,DecapodAll_planktonJun_2025b,,,,,,,,,,,,,,,,,,,,,01.ZooPreyNCC,,,,,,,,,,,,,,,,,,,,,,,,,,,,,,
DecapodAll_planktonJun_2026,DecapodAll_planktonJun_2026,,,,,,,,,,,,,,,,,,,,,,,,,,,,,,,,,,,,,,,,,,,,,,,,,,,
DecapodAll_planktonJuneNCC,DecapodAll_planktonJuneNCC,,,,,,,,,,,,,,,,,,,,01.ZooPreyNCC,,,,,,,,,,,,,,,,,,,,,,,,,,,,,,,
Phacellophora Egg yolk jelly - NCC,eggJel_NCC,02.CompJellyNCC,JellyComp_NCC,02.CompJellyNCC,02.CompJellyNCC,02.CompJellyNCC,02.CompJellyNCC,02.CompJellyNCC,02.CompJellyNCC,02.CompJellyNCC,02.CompJellyNCC,,,,,,,,,,,,,,,,,,,,,,,,,,,,,,,,,,,,,,,,,
Eggyolk.jelly__2025,EggyolkJelly__2025,,,,,,,,,,,02.CompJellyNCC,02.CompJellyNCC_0,02.CompJellyNCC,02.CompJellyNCC,02.CompJellyNCC,,02.CompJellyNCC,02.CompJellyNCC,02.CompJellyNCC,,02.CompJellyNCC,02.CompJellyNCC,,,,,,,,,,,,,,,,,,,,,,,,,,,,,
Elephant_s_WS_2026,Elephant_s_WS_2026,,,,,,,,,,,,,,,,,,,,,,,,,,,,,,,,,,,,,,,,,,,,,,,,,,,
Fish_planktonJuneNCC,Fish_planktonJuneNCC,,,,,,,,,,,,,,,,,,,,01.ZooPreyNCC,,,,,,,,,,,,,,,,,,,,,,,,,,,,,,,
Flesh_footed_shrw_WS_2026,Flesh_footed_shrw_WS_2026,,,,,,,,,,,,,,,,,,,,,,,,,,,,,fish_eaters_ess,08.PredBirdNCC_ess,,,,,,,,,,,,,,,,,,,,,PredNCC
Gray_wh_WS_2026,Gray_wh_WS_2026,,,,,,,,,,,,,,,,,,,,,,,,,,,,,,,,,,,,,,,,,,,,,,,,,,,
Great_scaup_WS_2026,Great_scaup_WS_2026,,,,,,,,,,,,,,,,,,,,,,,,,,,,,,,,,,,,,,,,,,,,,,,,,,,
Guadelupe_f_s_WS_2026,Guadelupe_f_s_WS_2026,,,,,,,,,,,,,,,,,,,,,,,,,,,,,fish_eaters_mammals_b_0,10.PredMammalNCC,,,,,,,,,,,,,,,,,,,,,PredAK
Pacific hake - NCC,hake_NCC,09.PredFishNCC,FishPred_NCC,09.PredFishNCC,09.PredFishNCC,09.PredFishNCC,09.PredFishNCC,09.PredFishNCC_0,09.PredFishNCC,09.PredFishNCC,09.PredFishNCC,,,,,,,,,,,03.FishPreyNCC,03.FishPreyNCC,,,,,,,,,,,,,,,,,,,,,,,,,,,,,
HakeAge1,HakeAge1,04.CompFishNCC,Comp_NCC,04.CompFishNCC,04.CompFishNCC_1,04.CompFishNCC,04.CompFishNCC_0,04.CompFishNCC_0,,,,,,,,,,,,,,,,,,,,,,,,,,,,,,,,,,,,,,,,,,,,
HakeAge2to4_2025,HakeAge2to4_2025,,,,,,,,,,,,,,,,,,,,,,,,,,,,,,,,,,,,,,,,,,,,,,,,,,,
HakeAge5Plus,HakeAge5Plus,09.PredFishNCC,FishPred_NCC,09.PredFishNCC,09.PredFishNCC,09.PredFishNCC,09.PredFishNCC,09.PredFishNCC,,,,,,,,,,,,,,,,,,,,,,,,,,,,,,,,,,,,,,,,,,,,
Harbor.seal.CR,Harbor_seal_CR,10.PredMammalNCC,MammalPred,10.PredMammalNCC,10.PredMammalNCC,10.PredMammalNCC,10.PredMammalNCC,,10.PredMammalNCC,,10.PredMammalNCC,,,,,,,,,,,,,,,,,,,,,,,,,,,,,,,,,,,,,,,,,
HS_DesSands,HS_DesSands,NA,NA,,,,,,,,,,,,,,,,,,,,,,,,,,,,,,,,,,,,,,,,,,,,,,,,,
Humpback_wh_WS_2026,Humpback_wh_WS_2026,,,,,,,,,,,,,,,,,,,,,,,,,,,,,,,,,,,,,,,,,,,,,,,,,,,
Hyperiid_planktonJuneNCC,Hyperiid_planktonJuneNCC,,,,,,,,,,,,,,,,,,,,01.ZooPreyNCC,,,,,,,,,,,,,,,,,,,,,,,,,,,,,,,
IchNear,IchNear,01.ZooPreyNCC,NA,03.FishPreyNCC,03.FishPreyNCC,03.FishPreyNCC,03.FishPreyNCC_0,03.FishPreyNCC_0,,,,,,,,,,,,,,,,,,,,,,,,,,,,,,,,,,,,,,,,,,,,
Ich.nearshore_2025,IchNear_2025,,,,,,,,03.FishPreyNCC,03.FishPreyNCC_0,03.FishPreyNCC,03.FishPreyNCC,03.FishPreyNCC_0,03.FishPreyNCC,03.FishPreyNCC_0,03.FishPreyNCC_0,,03.FishPreyNCC,03.FishPreyNCC,03.FishPreyNCC,,03.FishPreyNCC,03.FishPreyNCC,03.FishPreyNCC,03.FishPreyNCC,03.FishPreyNCC_1,03.FishPreyNCC,,,,,,,,,,,,,,,,,,,,,,,,,
IGF.mu,IGF_mu,06.Cond1NCC,NA,06.Cond1NCC,06.Cond1NCC,06.Cond1NCC,06.Cond1NCC,,06.Cond1NCC,,06.Cond1NCC,,,,,,,,,,,,,,,,,,,,,,,,,,,,,,,,,,,,,,,,,
Insect_planktonJuneNCC,Insect_planktonJuneNCC,,,,,,,,,,,,,,,,,,,,01.ZooPreyNCC,,,,,,,,,,,,,,,,,,,,,,,,,,,,,,,
jackMackerel_BRT,jackMackerel_BRT,04.CompFishNCC,Comp_NCC,04.CompFishNCC,04.CompFishNCC,04.CompFishNCC,04.CompFishNCC,04.CompFishNCC,04.CompFishNCC,04.CompFishNCC,04.CompFishNCC,,,,,,,,,,,,,,,,,,,,,,,,,,,,,,,,,,,,,,,,,
Juvenile chum - NCC,juvChum_NCC,04.CompFishNCC,NA,04.CompFishNCC,04.CompFishNCC,04.CompFishNCC,NA,NA,04.CompFishNCC,,04.CompFishNCC,,,,,,,,,,,,,,,,,,,,,,,,,,,,,,,,,,,,,,,,,
Killer_wh_WS_2026,Killer_wh_WS_2026,,,,,,,,,,,,,,,,,,,,,,,,,,,,,fish_eaters_mammals_b,,,,,,,,,,,,,,,,,,,,,,
Killer.whales.BC,Killer_whales_BC,11.PredMammalBC,MammalPred,10.PredMammalNCC,10.PredMammalNCC,10.PredMammalNCC,10.PredMammalNCC,10.PredMammalNCC,10.PredMammalNCC,10.PredMammalNCC,,,,,,,,,,,,,,,,,,,,,,,,,,,,,,,,,,,,,,,,,,
Killer.whales.BC_2025,Killer_whales_BC_2025,11.PredMammalBC,MammalPred,10.PredMammalNCC,10.PredMammalNCC,10.PredMammalNCC,10.PredMammalNCC,10.PredMammalNCC,10.PredMammalNCC,10.PredMammalNCC,10.PredMammalNCC,10.PredMammalNCC,10.PredMammalNCC,10.PredMammalNCC,10.PredMammalNCC,10.PredMammalNCC,,10.PredMammalNCC,10.PredMammalNCC,10.PredMammalNCC,,10.PredMammalNCC,10.PredMammalNCC,10.PredMammalNCC,10.PredMammalNCC,10.PredMammalNCC,10.PredMammalNCC,10.PredMammalNCC,10.PredMammalNCC,10.PredMammalNCC,10.PredMammalNCC,10.PredMammalNCC,10.PredMammalNCC,10.PredMammalNCC,,,,,,,,,,,,,,,,,,
Black-legged kittiwake Reproductive Success,kittiwake_WGoA,NA,BirdPred_AK,,,,,,,,,,,,,,,,,,,,,,,,,,,,,,,,,,,,,,,,,,,,,,,,,
Krill_adult_NHLdensity,krill_NHL_2025,,,,,,,,,,,,,01.ZooPreyNCC,01.ZooPreyNCC,01.ZooPreyNCC,01.ZooPreyNCC,01.ZooPreyNCC,NA,,01.ZooPreyNCC,01.ZooPreyNCC,01.ZooPreyNCC,,,,,,,,,,,,,,,,,,,,,,,,,,,,,
LarCop_planktonJuneNCC,LarCop_planktonJuneNCC,,,,,,,,,,,,,,,,,,,,01.ZooPreyNCC,,,,,,,,,,,,,,,,,,,,,,,,,,,,,,,
Laysan_alba_WS_2026,Laysan_alba_WS_2026,,,,,,,,,,,,,,,,,,,,,,,,,,,,,fish_eaters_ess_0,08.PredBirdNCC_ess_0,,,,,,,,,,,,,,,,,,,,,PredNCC
Lmu_IntSprJunH,Lmu_IntSprJunH,06.Cond1NCC,NA,06.Cond1NCC,06.Cond1NCC_1,06.Cond1NCC,06.Cond1NCC,,06.Cond1NCC,,06.Cond1NCC,,,,,,,,,,,,,,,,,,,,,,,,,,,,,,,,,,,,,,,,,
Lmu_IntSprMayH,Lmu_IntSprMayH,06.Cond1NCC,NA,06.Cond1NCC,06.Cond1NCC_2,06.Cond1NCC,06.Cond1NCC,,06.Cond1NCC,,06.Cond1NCC,,,,,,,,,,,,,,,,,,,,,,,,,,,,,,,,,,,,,,,,,
Long_tailed_jaeg_WS_2026,Long_tailed_jaeg_WS_2026,,,,,,,,,,,,,,,,,,,,,,,,,,,,,fish_eaters_ess_II,08.PredBirdNCC_ess_II,,,,,,,,,,,,,,,,,,,,,PredNCC
Manx_shrw_WS_2026,Manx_shrw_WS_2026,,,,,,,,,,,,,,,,,,,,,,,,,,,,,fish_eaters_ess_II,08.PredBirdNCC_ess_II,,,,,,,,,,,,,,,,,,,,,PredNCC
CA Market Squid - NCC,marketSquid_NCC,04.CompFishNCC,Prey_NCC,04.CompFishNCC,04.CompFishNCC,04.CompFishNCC,04.CompFishNCC,04.CompFishNCC,04.CompFishNCC,04.CompFishNCC,04.CompFishNCC,,,,,,,,,,,04.CompFishNCC,04.CompFishNCC,,,,,,,,,,,,,,,,,,,,,,,,,,,,,
Minke_wh_WS_2026,Minke_wh_WS_2026,,,,,,,,,,,,,,,,,,,,,,,,,,,,,fish_eaters_mammals,,,,,,,,,,,,,,,,,,,,,,
Aurelia Moon Jelly - NCC,moonJel_NCC,02.CompJellyNCC,JellyComp_NCC,02.CompJellyNCC,02.CompJellyNCC,02.CompJellyNCC,02.CompJellyNCC,02.CompJellyNCC_0,02.CompJellyNCC,02.CompJellyNCC_0,02.CompJellyNCC,,,,,,,,,,,,,,,,,,,,,,,,,,,,,,,,,,,,,,,,,
Motile Epifauna Biomass,motEpi_EGoA,NA,NA,,,,,,,,,,,,,,,,,,,,,,,,,,,,,,,,,,,,,,,,,,,,,,,,,
Motile epifauna biomass,motEpi_WGoA,NA,NA,,,,,,,,,,,,,,,,,,,,,,,,,,,,,,,,,,,,,,,,,,,,,,,,,
muCanMagM_NHLbiomass,muCanMagM_NHLbiomass,,,,,,,,,,,,,,,,01.ZooPreyNCCb,NA,NA,01.ZooPreyNCCb,01.ZooPreyNCC,,,,,,,,,,,,,,,,,,,,,,,,,,,,,,,
muCanMagM_NHLdensity,muCanMagM_NHLdensity,,,,,,,,,,,,,,,,01.ZooPreyNCCb,NA,NA,,,,,,,,,,,,,,,,,,,,,,,,,,,,,,,,,
muDecapodAll_NHLbiomass,muDecapodAll_NHLbiomass,,,,,,,,,,,,,,,,01.ZooPreyNCCb,NA,NA,01.ZooPreyNCCb,01.ZooPreyNCC,,,,,,,,,,,,,,,,,,,,,,,,,,,,,,,
muDecapodAll_NHLdensity,muDecapodAll_NHLdensity,,,,,,,,,,,,,,,,01.ZooPreyNCCb,NA,NA,,,,,,,,,,,,,,,,,,,,,,,,,,,,,,,,,
muFish_NHLbiomass,muFish_NHLbiomass,,,,,,,,,,,,,,,,01.ZooPreyNCCb,NA,NA,01.ZooPreyNCCb,01.ZooPreyNCC,,,,,,,,,,,,,,,,,,,,,,,,,,,,,,,
muFish_NHLdensity,muFish_NHLdensity,,,,,,,,,,,,,,,,01.ZooPreyNCCb,NA,NA,,,,,,,,,,,,,,,,,,,,,,,,,,,,,,,,,
muLarCop_NHLbiomass,muLarCop_NHLbiomass,,,,,,,,,,,,,,,,01.ZooPreyNCCb,NA,NA,01.ZooPreyNCCb,01.ZooPreyNCC,,,,,,,,,,,,,,,,,,,,,,,,,,,,,,,
muLarCop_NHLdensity,muLarCop_NHLdensity,,,,,,,,,,,,,,,,01.ZooPreyNCCb,NA,NA,,,,,,,,,,,,,,,,,,,,,,,,,,,,,,,,,
muPteropod_NHLbiomass,muPteropod_NHLbiomass,,,,,,,,,,,,,,,,01.ZooPreyNCCb,NA,NA,01.ZooPreyNCCb,01.ZooPreyNCC,,,,,,,,,,,,,,,,,,,,,,,,,,,,,,,
muPteropod_NHLdensity,muPteropod_NHLdensity,,,,,,,,,,,,,,,,01.ZooPreyNCCb,NA,NA,,,,,,,,,,,,,,,,,,,,,,,,,,,,,,,,,
NHLsum_win_05_2025b,NHLsum_win_05_2025b,,,,,,,,,,,,,,,,,,,,,01.ZooPreyNCC,,,,,,,,,,,,,,,,,,,,,,,,,,,,,,
NHLsum_win_15_2025b,NHLsum_win_15_2025b,,,,,,,,,,,,,,,,,,,,,01.ZooPreyNCC,,,,,,,,,,,,,,,,,,,,,,,,,,,,,,
NHLsum_win_25_2025b,NHLsum_win_25_2025b,,,,,,,,,,,,,,,,,,,,,01.ZooPreyNCC,,,,,,,,,,,,,,,,,,,,,,,,,,,,,,
Northern anchovy - NCC,northAnch_NCC,05.ForageFishNCC,Prey_NCC,05.ForageFishNCC,05.ForageFishNCC,05.ForageFishNCC,05.ForageFishNCC,05.ForageFishNCC,05.ForageFishNCC,05.ForageFishNCC,05.ForageFishNCC,,,,,,,,,,,,,,,,,,,,,,,,,,,,,,,,,,,,,,,,,
Northern_f_s_WS_2026,Northern_f_s_WS_2026,,,,,,,,,,,,,,,,,,,,,,,,,,,,,fish_eaters_mammals_b,10.PredMammalNCC,10.PredMammalNCC,10.PredMammalNCC,10.PredMammalNCC_1,,,,,,,,,,,,,,,,,,
Northern_right_wh_d_WS_2026,Northern_right_wh_d_WS_2026,,,,,,,,,,,,,,,,,,,,,,,,,,,,,fish_eaters_mammals,,,,,,,,,,,,,,,,,,,,,,
Pacific_white_sided_d_WS_2026,Pacific_white_sided_d_WS_2026,,,,,,,,,,,,,,,,,,,,,,,,,,,,,fish_eaters_mammals_0,,,,,,,,,,,,,,,,,,,,,,
Parakeet_aukl_WS_2026,Parakeet_aukl_WS_2026,,,,,,,,,,,,,,,,,,,,,,,,,,,,,01.ZooPreyNCC_JSOES,01.ZooPreyNCC_JSOES,,,,,,,,,,,,,,,,,,,,,PreyNCC
Pelagic forager biomass,pelag_CAI,NA,Prey_AK,,,,,,,,,,,,,,,,,,,,,,,,,,,,,,,,,,,,,,,,,,,,,,,,,
Pelagic forager biomass,pelag_EAI,NA,Prey_AK,,,,,,,,,,,,,,,,,,,,,,,,,,,,,,,,,,,,,,,,,,,,,,,,,
Pelagic forager biomass,pelag_WAI,NA,Prey_AK,,,,,,,,,,,,,,,,,,,,,,,,,,,,,,,,,,,,,,,,,,,,,,,,,
pinkSalmon,pinkSalmon,14.CompAK,Comp_AK,14.CompAK,14.CompAK_1,14.CompAK,14.CompAK_0,14.CompAK_0,,,,,,,,,,,,,,,,,,,,,,,,,,,,,,,,,,,,,,,,,,,,
pinkSalmonAsia,pinkSalmonAsia,14.CompAK,Comp_AK,14.CompAK,14.CompAK,14.CompAK,14.CompAK,14.CompAK,,,,,,,,,,,,,,,,,,,,,,,,,,,,,,,,,,,,,,,,,,,,
pinkSalmonNorthAmerica,pinkSalmonNorthAmerica,14.CompAK,Comp_AK,14.CompAK,14.CompAK_2,14.CompAK,14.CompAK_1,14.CompAK_1,,,,,,,,,,,,,,,,,,,,,,,,,,,,,,,,,,,,,,,,,,,,
PlanktonJuneNCC,PlanktonJuneNCC,01.ZooPreyNCC,ZooPrey_NCC,01.ZooPreyNCC,01.ZooPreyNCC,01.ZooPreyNCC,01.ZooPreyNCC,01.ZooPreyNCC,01.ZooPreyNCC,01.ZooPreyNCC,01.ZooPreyNCC,,,,,,,,,,,,,,,,,,,,,,,,,,,,,,,,,,,,,,,,,
PlanktonJuneNCC_Burke_2025,PlanktonJuneNCC_Burke_2025,,,,,,,,,,,01.ZooPreyNCC,01.ZooPreyNCC,01.ZooPreyNCC,01.ZooPreyNCC,01.ZooPreyNCC,01.ZooPreyNCC,01.ZooPreyNCC,01.ZooPreyNCC,,,,,,,,,,,,,,,,,,,,,,,,,,,,,,,,,
PlanktonJuneNCC_IGF,PlanktonJuneNCC_IGF,,,,,,,,,,,01.ZooPreyNCC,01.ZooPreyNCC,01.ZooPreyNCC,01.ZooPreyNCC,01.ZooPreyNCC,01.ZooPreyNCC,01.ZooPreyNCC,01.ZooPreyNCC,,,,,,,,,,,,,,,,,,,,,,,,,,,,,,,,,
PlanktonJuneNCC_Ruz1_2025,PlanktonJuneNCC_Ruz1_2025,,,,,,,,,,,01.ZooPreyNCC,01.ZooPreyNCC,01.ZooPreyNCC,01.ZooPreyNCC,01.ZooPreyNCC,01.ZooPreyNCC,01.ZooPreyNCC,01.ZooPreyNCC,,,,,,,,,,,,,,,,,,,,,,,,,,,,,,,,,
PlanktonJuneNCC_Ruz2_2025,PlanktonJuneNCC_Ruz2_2025,,,,,,,,,,,01.ZooPreyNCC,01.ZooPreyNCC,01.ZooPreyNCC,01.ZooPreyNCC,01.ZooPreyNCC,01.ZooPreyNCC,01.ZooPreyNCC,01.ZooPreyNCC,,,,,,,,,,,,,,,,,,,,,,,,,,,,,,,,,
Pacific Pompano - NCC,pompano_NCC,04.CompFishNCC,Comp_NCC,04.CompFishNCC,04.CompFishNCC,04.CompFishNCC,04.CompFishNCC,04.CompFishNCC,04.CompFishNCC,04.CompFishNCC,04.CompFishNCC,,,,,,,,,,,,,,,,,,,,,,,,,,,,,,,,,,,,,,,,,
model_pred_seal_abund,predSealAbund,11.PredMammalBC,MammalPred,10.PredMammalNCC,10.PredMammalNCC,10.PredMammalNCC,10.PredMammalNCC,10.PredMammalNCC,10.PredMammalNCC,10.PredMammalNCC,10.PredMammalNCC,,,,,,,,,,,,,,,,,,,,,,,,,,,,,,,,,,,,,,,,,
Pteropod_planktonJuneNCC,Pteropod_planktonJuneNCC,,,,,,,,,,,,,,,,,,,,01.ZooPreyNCC,,,,,,,,,,,,,,,,,,,,,,,,,,,,,,,
Red_necked_grebe_WS_2026,Red_necked_grebe_WS_2026,,,,,,,,,,,,,,,,,,,,,,,,,,,,,fish_eaters_secular,08.PredBirdNCC_secular,,,,,,,,,,,,,,,,,,,,,PredNCC
Ring_billed_gull_WS_2026,Ring_billed_gull_WS_2026,,,,,,,,,,,,,,,,,,,,,,,,,,,,,fish_eaters_ess,08.PredBirdNCC_ess,,,,,,,,,,,,,,,,,,,,,PredNCC
Risso_s_d_WS_2026,Risso_s_d_WS_2026,,,,,,,,,,,,,,,,,,,,,,,,,,,,,,,,,,,,,,,,,,,,,,,,,,,
sablefish,sablefish_WCGFS_2025,,,,,,,,,,,09.PredFishNCC,09.PredFishNCC,09.PredFishNCC,09.PredFishNCC,09.PredFishNCC,,09.PredFishNCC,NA,,,,,,,,,,,,,,,,,,,,,,,,,,,,,,,,,
Scripp_s_mrlt_WS_2026,Scripp_s_mrlt_WS_2026,,,,,,,,,,,,,,,,,,,,,,,,,,,,,fish_eaters_hump,08.PredBirdNCC_hump,,,,,,,,,,,,,,,,,,,,,PredNCC
obs_seal_count,sealCount,NA,MammalPred,,,,,,,,,,,,,,,,,,,,,,,,,,,,,,,,,,,,,,,,,,,,,,,,,
Chrysaora Sea Nettle - NCC,seaNet_NCC,02.CompJellyNCC,JellyComp_NCC,02.CompJellyNCC,02.CompJellyNCC,02.CompJellyNCC,02.CompJellyNCC,02.CompJellyNCC,02.CompJellyNCC,02.CompJellyNCC,02.CompJellyNCC,,,,,,,,,,,,,,,,,,,,,,,,,,,,,,,,,,,,,,,,,
Sooty shearwater density - NWFSC,sootyShear_NWFSC,08.PredBirdNCC,BirdPred_NCC,08.PredBirdNCC,08.PredBirdNCC_2,08.PredBirdNCC,08.PredBirdNCC_1,08.PredBirdNCC,08.PredBirdNCC,08.PredBirdNCC,08.PredBirdNCC,08.PredBirdNCC,08.PredBirdNCC,08.PredBirdNCC,08.PredBirdNCC_1,08.PredBirdNCC_1,,08.PredBirdNCC,08.PredBirdNCC,08.PredBirdNCC,,08.PredBirdNCC,08.PredBirdNCC,08.PredBirdNCC,,,,,,,,,,,,,,,,,,,,,,,,,,,,
spotted ratfish,spottedRatfish_2025,,,,,,,,,,,09.PredFishNCC,09.PredFishNCC_7,09.PredFishNCC,09.PredFishNCC,09.PredFishNCC,,09.PredFishNCC,09.PredFishNCC,09.PredFishNCC,,,,,,,,,,,,,,,,,,,,,,,,,,,,,,,,
SSL_Bonn,SSL_Bonn,NA,NA,10.PredMammalNCC,10.PredMammalNCC,10.PredMammalNCC,10.PredMammalNCC,,10.PredMammalNCC,,10.PredMammalNCC,,,,,,,,,,,,,,,,,,,,,,,,,,,,,,,,,,,,,,,,,
Steller sea lion non-pup counts,SSL_CAI,NA,MammalPred,,,,,,,,,,,,,,,,,,,,,,,,,,,,,,,,,,,,,,,,,,,,,,,,,
Steller sea lion non-pup counts,SSL_EAI,NA,MammalPred,,,,,,,,,,,,,,,,,,,,,,,,,,,,,,,,,,,,,,,,,,,,,,,,,
Steller Sea Lion Non-pups,SSL_EGoA,NA,MammalPred,,,,,,,,,,,,,,,,,,,,,,,,,,,,,,,,,,,,,,,,,,,,,,,,,
SSL_EMB,SSL_EMB,NA,NA,10.PredMammalNCC,10.PredMammalNCC_3,10.PredMammalNCC,10.PredMammalNCC,,10.PredMammalNCC,,10.PredMammalNCC,,,,,,,,,,,,,,,,,,,,,,,,,,,,,,,,,,,,,,,,,
ssl.est.wholerange,ssl_est_wholerange,11.PredMammalBC,MammalPred,10.PredMammalNCC,10.PredMammalNCC,10.PredMammalNCC,10.PredMammalNCC,10.PredMammalNCC,10.PredMammalNCC,10.PredMammalNCC,10.PredMammalNCC,10.PredMammalNCC,10.PredMammalNCC,10.PredMammalNCC,10.PredMammalNCC,10.PredMammalNCC,,10.PredMammalNCC,10.PredMammalNCC,10.PredMammalNCC,,10.PredMammalNCC,10.PredMammalNCC,10.PredMammalNCC,10.PredMammalNCC,10.PredMammalNCC,10.PredMammalNCC,10.PredMammalNCC,10.PredMammalNCC,10.PredMammalNCC,10.PredMammalNCC,10.PredMammalNCC,10.PredMammalNCC,10.PredMammalNCC,,,,,,,,,,,,,,,,,,
Steller sea lion non-pup counts,SSL_WAI,NA,MammalPred,,,,,,,,,,,,,,,,,,,,,,,,,,,,,,,,,,,,,,,,,,,,,,,,,
Steller Sea Lion Non-pups,SSL_WGoA,NA,MammalPred,,,,,,,,,,,,,,,,,,,,,,,,,,,,,,,,,,,,,,,,,,,,,,,,,
Steller_s_l_WS_2026,Steller_s_l_WS_2026,,,,,,,,,,,,,,,,,,,,,,,,,,,,,fish_eaters_mammals,10.PredMammalNCC,10.PredMammalNCC,10.PredMammalNCC,10.PredMammalNCC,,,,,,,,,,,,,,,,,,
Subyearling Chinook - NCC,subYearChin_NCC,NA,NA,,,,,,,,,,,,,,,,,,,,,,,,,,,,,,,,,,,,,,,,,,,,,,,,,
sumAll_planktonJun_2025b,sumAll_planktonJun_2025b,,,,,,,,,,,,,,,,,,,,,01.ZooPreyNCC,,,,,,,,,,,,,,,,,,,,,,,,,,,,,,
sumPrey_planktonJun_2025b,sumPrey_planktonJun_2025b,,,,,,,,,,,,,,,,,,,,,01.ZooPreyNCC,,,,,,,,,,,,,,,,,,,,,,,,,,,,,,
sumPreyOfPrey_planktonJun_2025b,sumPreyOfPrey_planktonJun_2025b,,,,,,,,,,,,,,,,,,,,,01.ZooPreyNCC,,,,,,,,,,,,,,,,,,,,,,,,,,,,,,
Surf_scot_WS_2026,Surf_scot_WS_2026,,,,,,,,,,,,,,,,,,,,,,,,,,,,,,,,,,,,,,,,,,,,,,,,,,,
Thayer_s_gull_WS_2026,Thayer_s_gull_WS_2026,,,,,,,,,,,,,,,,,,,,,,,,,,,,,fish_eaters_hump,08.PredBirdNCC_hump,,,,,,,,,,,,,,,,,,,,,PredNCC
Aequorea Water Jelly - NCC,waterJel_NCC,02.CompJellyNCC,JellyComp_NCC,02.CompJellyNCC,02.CompJellyNCC,02.CompJellyNCC,02.CompJellyNCC,02.CompJellyNCC,02.CompJellyNCC,02.CompJellyNCC,02.CompJellyNCC,,,,,,,,,,,,,,,,,,,,,,,,,,,,,,,,,,,,,,,,,
Water.jelly__2025,WaterJelly__2025,,,,,,,,,,,02.CompJellyNCC,02.CompJellyNCC,02.CompJellyNCC,02.CompJellyNCC,02.CompJellyNCC,,02.CompJellyNCC,02.CompJellyNCC,02.CompJellyNCC,,02.CompJellyNCC,02.CompJellyNCC,,,,,,,,,,,,,,,,,,,,,,,,,,,,,
White_winged_scot_WS_2026,White_winged_scot_WS_2026,,,,,,,,,,,,,,,,,,,,,,,,,,,,,,,,,,,,,,,,,,,,,,,,,,,
YOY Pacific hake - NCC,yoyHake_JSOES_NCC,04.CompFishNCC,Comp_NCC,04.CompFishNCC,04.CompFishNCC,04.CompFishNCC,04.CompFishNCC,04.CompFishNCC,04.CompFishNCC,,04.CompFishNCC,,,,,,,,NA,,,03.FishPreyNCC,03.FishPreyNCC,,,,,,,,,,,,,,,,,,,,,,,,,,,,,
