modNum,lhs,op,rhs,est,se,z,pvalue,ci.lower,ci.upper,model_id,path_label,H_code,AIC,var_name,LisaName,is_significant,is_positive,is_negative,Series_Type,is_competitor,Expected_Sign,Match_Status
24831,Growth,~,PreyNCC,0.909520455366166,0.0848460717197426,10.7196530956722,0,0.743225210565768,1.07581570016656,DAG1A_long,PreyNCC -> Growth,H1a,138.536060658724,04.CompFishNCC_smoothed,X04_marketsquid_GAM,1,1,0,Single-Series Straggler,TRUE,Negative (-),Flipped
24831,Abundance,~,Growth,-0.0251180600435995,0.180703867916936,-0.139001230760293,0.889449176484411,-0.379291133027877,0.329055012940678,DAG1A_long,Growth -> CPUE,H1b,138.536060658724,06.Cond1NCC_DFA1,X06_DFA_IGF_mu,0,0,1,Multi-Taxa DFA,FALSE,Positive (+),NS
24831,Abundance,~,PredNCC,-0.606208758740121,0.180703867916936,-3.35470826235317,7.9448724005226e-4,-0.960381831724399,-0.252035685755844,DAG1A_long,PredNCC -> CPUE,H2a,138.536060658724,09.PredFishNCC_b_DFA1,X09_DFA_HakeAge5Plus,1,0,1,Multi-Taxa DFA,FALSE,Negative (-),Supported
24831,logSAR,~,Abundance,0.432419939002519,0.119956395063595,3.60480938738841,3.1238211537609e-4,0.197309724962615,0.667530153042422,DAG1A_long,CPUE -> SAR,H4a,138.536060658724,07.Cond2NCC_DFA1,X07_DFA_cpue_IntSprJunHW,1,1,0,Multi-Taxa DFA,FALSE,Positive (+),Supported
24831,logSAR,~,PreyAK,-0.407120371562843,0.125665528838358,-3.23971398780741,0.00119649649784481,-0.653420282184203,-0.160820460941483,DAG1A_long,PreyAK -> SAR,H1e,138.536060658724,12.ZooPreyAK_DFA1,X12_DFA_biomassEuphShelfSum,1,0,1,Multi-Taxa DFA,FALSE,Positive (+),Flipped
24831,logSAR,~,PredAK,-0.428978517688532,0.121080484005896,-3.54292040712064,3.9572211741223e-4,-0.666291905570765,-0.191665129806298,DAG1A_long,PredAK -> SAR,H2c,138.536060658724,15.PredFishAK_b_DFA1,X15_DFA_sleeperSharks,1,0,1,Multi-Taxa DFA,FALSE,Negative (-),Supported
25011,Growth,~,PreyNCC,0.909520455366166,0.0848460717197429,10.7196530956722,0,0.743225210565768,1.07581570016656,DAG1A_long,PreyNCC -> Growth,H1a,139.918357604366,04.CompFishNCC_smoothed,X04_marketsquid_GAM,1,1,0,Single-Series Straggler,TRUE,Negative (-),Flipped
25011,Abundance,~,Growth,-0.0251180600435995,0.180703867916937,-0.139001230760292,0.889449176484411,-0.379291133027878,0.329055012940679,DAG1A_long,Growth -> CPUE,H1b,139.918357604366,06.Cond1NCC_DFA1,X06_DFA_IGF_mu,0,0,1,Multi-Taxa DFA,FALSE,Positive (+),NS
25011,Abundance,~,PredNCC,-0.606208758740121,0.180703867916936,-3.35470826235316,7.9448724005226e-4,-0.9603818317244,-0.252035685755843,DAG1A_long,PredNCC -> CPUE,H2a,139.918357604366,09.PredFishNCC_b_DFA1,X09_DFA_HakeAge5Plus,1,0,1,Multi-Taxa DFA,FALSE,Negative (-),Supported
25011,logSAR,~,Abundance,0.34638850915104,0.125537781560957,2.75923713836576,0.0057936476116458,0.100338978592508,0.592438039709572,DAG1A_long,CPUE -> SAR,H4a,139.918357604366,07.Cond2NCC_DFA1,X07_DFA_cpue_IntSprJunHW,1,1,0,Multi-Taxa DFA,FALSE,Positive (+),Supported
25011,logSAR,~,PreyAK,-0.340842443821793,0.137395073815718,-2.48074719388375,0.013110732196397,-0.610131840153821,-0.0715530474897637,DAG1A_long,PreyAK -> SAR,H1e,139.918357604366,12.ZooPreyAK_0_smoothed,X12_copepodBiomass_WGoA,1,0,1,Single-Series Straggler,FALSE,Positive (+),Flipped
25011,logSAR,~,PredAK,-0.248797269125274,0.130636060918466,-1.90450682128693,0.0568442091353922,-0.504839243607649,0.00724470535710031,DAG1A_long,PredAK -> SAR,H2c,139.918357604366,10.PredMammalNCC_2_smoothed,X10_Harbour_s_2yrLead_WS,0,0,1,Single-Series Straggler,FALSE,Negative (-),NS
35729,Growth,~,PreyNCC,-0.933812356559096,0.0730281003956546,-12.7870278906318,0,-1.07694480319395,-0.790679909924238,DAG1A_long,PreyNCC -> Growth,H1a,139.684660107776,05.ForageFishNCC_DFA1,X05_DFA_abundSardine,1,0,1,Multi-Taxa DFA,TRUE,Negative (-),Supported
35729,Abundance,~,Growth,-0.118558617310201,0.170663585159862,-0.694691941453978,0.487248379324291,-0.453053097696014,0.215935863075613,DAG1A_long,Growth -> CPUE,H1b,139.684660107776,06.Cond1NCC_DFA1,X06_DFA_IGF_mu,0,0,1,Multi-Taxa DFA,FALSE,Positive (+),NS
35729,Abundance,~,PredNCC,0.528507469453769,0.170663585159862,3.09677936836211,0.00195635422528651,0.194012989067956,0.863001949839582,DAG1A_long,PredNCC -> CPUE,H2a,139.684660107776,08.PredBirdNCC_b_2_smoothed,X08_Loons_8_WS,1,1,0,Single-Series Straggler,FALSE,Negative (-),Flipped
35729,logSAR,~,Abundance,0.458478200436322,0.135172891105158,3.3917910365596,6.9437374976533e-4,0.193544202184057,0.723412198688587,DAG1A_long,CPUE -> SAR,H4a,139.684660107776,07.Cond2NCC_DFA1,X07_DFA_cpue_IntSprJunHW,1,1,0,Multi-Taxa DFA,FALSE,Positive (+),Supported
35729,logSAR,~,PreyAK,-0.406252754424657,0.144540841654891,-2.81064334324713,0.00494425595099401,-0.68954759836335,-0.122957910485964,DAG1A_long,PreyAK -> SAR,H1e,139.684660107776,12.ZooPreyAK_DFA1,X12_DFA_biomassEuphShelfSum,1,0,1,Multi-Taxa DFA,FALSE,Positive (+),Flipped
35729,logSAR,~,PredAK,0.311350588810118,0.147761673362181,2.1071133110882,0.0351077587795423,0.0217430307248724,0.600958146895364,DAG1A_long,PredAK -> SAR,H2c,139.684660107776,10.PredMammalNCC_DFA1,X10_DFA_ssl.est.wholerange_2yrLead,1,1,0,Multi-Taxa DFA,FALSE,Negative (-),Flipped
35731,Growth,~,PreyNCC,-0.933812356559096,0.0730281003956548,-12.7870278906318,0,-1.07694480319395,-0.790679909924237,DAG1A_long,PreyNCC -> Growth,H1a,136.78154157285,05.ForageFishNCC_DFA1,X05_DFA_abundSardine,1,0,1,Multi-Taxa DFA,TRUE,Negative (-),Supported
35731,Abundance,~,Growth,-0.118558617310201,0.170663585159861,-0.69469194145398,0.48724837932429,-0.453053097696014,0.215935863075612,DAG1A_long,Growth -> CPUE,H1b,136.78154157285,06.Cond1NCC_DFA1,X06_DFA_IGF_mu,0,0,1,Multi-Taxa DFA,FALSE,Positive (+),NS
35731,Abundance,~,PredNCC,0.528507469453769,0.170663585159861,3.09677936836211,0.00195635422528651,0.194012989067957,0.863001949839582,DAG1A_long,PredNCC -> CPUE,H2a,136.78154157285,08.PredBirdNCC_b_2_smoothed,X08_Loons_8_WS,1,1,0,Single-Series Straggler,FALSE,Negative (-),Flipped
35731,logSAR,~,Abundance,0.386664358921121,0.124816694637548,3.09785770280127,0.00194924999123169,0.142028132762194,0.631300585080048,DAG1A_long,CPUE -> SAR,H4a,136.78154157285,07.Cond2NCC_DFA1,X07_DFA_cpue_IntSprJunHW,1,1,0,Multi-Taxa DFA,FALSE,Positive (+),Supported
35731,logSAR,~,PreyAK,-0.452933918657967,0.135534144528796,-3.3418436382408,8.3223928499642e-4,-0.718575960609855,-0.18729187670608,DAG1A_long,PreyAK -> SAR,H1e,136.78154157285,12.ZooPreyAK_DFA1,X12_DFA_biomassEuphShelfSum,1,0,1,Multi-Taxa DFA,FALSE,Positive (+),Flipped
35731,logSAR,~,PredAK,0.388143998383677,0.135484310567818,2.86486307349506,0.00417189593543354,0.122599629200515,0.653688367566839,DAG1A_long,PredAK -> SAR,H2c,136.78154157285,10.PredMammalNCC_0_smoothed,X10_Californian_s_l_2yrLead_WS,1,1,0,Single-Series Straggler,FALSE,Negative (-),Flipped
35735,Growth,~,PreyNCC,-0.933812356559096,0.073028100395655,-12.7870278906318,0,-1.07694480319395,-0.790679909924237,DAG1A_long,PreyNCC -> Growth,H1a,135.705061544276,05.ForageFishNCC_DFA1,X05_DFA_abundSardine,1,0,1,Multi-Taxa DFA,TRUE,Negative (-),Supported
35735,Abundance,~,Growth,-0.118558617310201,0.170663585159862,-0.69469194145398,0.48724837932429,-0.453053097696014,0.215935863075612,DAG1A_long,Growth -> CPUE,H1b,135.705061544276,06.Cond1NCC_DFA1,X06_DFA_IGF_mu,0,0,1,Multi-Taxa DFA,FALSE,Positive (+),NS
35735,Abundance,~,PredNCC,0.528507469453769,0.170663585159861,3.09677936836211,0.00195635422528651,0.194012989067957,0.863001949839582,DAG1A_long,PredNCC -> CPUE,H2a,135.705061544276,08.PredBirdNCC_b_2_smoothed,X08_Loons_8_WS,1,1,0,Single-Series Straggler,FALSE,Negative (-),Flipped
35735,logSAR,~,Abundance,0.350831346376866,0.123861271699531,2.83245393465628,0.00461922213361965,0.108067714766455,0.593594977987277,DAG1A_long,CPUE -> SAR,H4a,135.705061544276,07.Cond2NCC_DFA1,X07_DFA_cpue_IntSprJunHW,1,1,0,Multi-Taxa DFA,FALSE,Positive (+),Supported
35735,logSAR,~,PreyAK,-0.297164126164088,0.121506224081496,-2.44566999271393,0.0144583271664374,-0.535311949261273,-0.0590163030669034,DAG1A_long,PreyAK -> SAR,H1e,135.705061544276,12.ZooPreyAK_DFA1,X12_DFA_biomassEuphShelfSum,1,0,1,Multi-Taxa DFA,FALSE,Positive (+),Flipped
35735,logSAR,~,PredAK,-0.380228173434516,0.122716245752358,-3.09843387974741,0.00194546376462079,-0.620747595427104,-0.139708751441927,DAG1A_long,PredAK -> SAR,H2c,135.705061544276,10.PredMammalNCC_2_smoothed,X10_Harbour_s_2yrLead_WS,1,0,1,Single-Series Straggler,FALSE,Negative (-),Supported
35739,Growth,~,PreyNCC,-0.933812356559096,0.073028100395655,-12.7870278906317,0,-1.07694480319395,-0.790679909924237,DAG1A_long,PreyNCC -> Growth,H1a,138.18938191062,05.ForageFishNCC_DFA1,X05_DFA_abundSardine,1,0,1,Multi-Taxa DFA,TRUE,Negative (-),Supported
35739,Abundance,~,Growth,-0.118558617310201,0.170663585159861,-0.69469194145398,0.48724837932429,-0.453053097696014,0.215935863075612,DAG1A_long,Growth -> CPUE,H1b,138.18938191062,06.Cond1NCC_DFA1,X06_DFA_IGF_mu,0,0,1,Multi-Taxa DFA,FALSE,Positive (+),NS
35739,Abundance,~,PredNCC,0.528507469453769,0.170663585159862,3.09677936836211,0.00195635422528651,0.194012989067957,0.863001949839582,DAG1A_long,PredNCC -> CPUE,H2a,138.18938191062,08.PredBirdNCC_b_2_smoothed,X08_Loons_8_WS,1,1,0,Single-Series Straggler,FALSE,Negative (-),Flipped
35739,logSAR,~,Abundance,0.483931381279449,0.129358785858018,3.74100126303446,1.8328859965044e-4,0.230392819913905,0.737469942644993,DAG1A_long,CPUE -> SAR,H4a,138.18938191062,07.Cond2NCC_DFA1,X07_DFA_cpue_IntSprJunHW,1,1,0,Multi-Taxa DFA,FALSE,Positive (+),Supported
35739,logSAR,~,PreyAK,-0.42663991360201,0.141319302630285,-3.01897833955615,0.00253628664217365,-0.703620657077685,-0.149659170126335,DAG1A_long,PreyAK -> SAR,H1e,138.18938191062,12.ZooPreyAK_DFA1,X12_DFA_biomassEuphShelfSum,1,0,1,Multi-Taxa DFA,FALSE,Positive (+),Flipped
35739,logSAR,~,PredAK,-0.363850480309955,0.142465448693783,-2.55395594964236,0.0106506730047198,-0.643077628791109,-0.0846233318288018,DAG1A_long,PredAK -> SAR,H2c,138.18938191062,15.PredFishAK_0_smoothed,X15_ArrowtoothFlounderBiomass_predAK,1,0,1,Single-Series Straggler,FALSE,Negative (-),Supported
35751,Growth,~,PreyNCC,-0.933812356559095,0.073028100395655,-12.7870278906317,0,-1.07694480319395,-0.790679909924236,DAG1A_long,PreyNCC -> Growth,H1a,133.747806137055,05.ForageFishNCC_DFA1,X05_DFA_abundSardine,1,0,1,Multi-Taxa DFA,TRUE,Negative (-),Supported
35751,Abundance,~,Growth,-0.118558617310201,0.170663585159862,-0.694691941453979,0.487248379324291,-0.453053097696015,0.215935863075613,DAG1A_long,Growth -> CPUE,H1b,133.747806137055,06.Cond1NCC_DFA1,X06_DFA_IGF_mu,0,0,1,Multi-Taxa DFA,FALSE,Positive (+),NS
35751,Abundance,~,PredNCC,0.528507469453769,0.170663585159862,3.09677936836211,0.00195635422528651,0.194012989067956,0.863001949839582,DAG1A_long,PredNCC -> CPUE,H2a,133.747806137055,08.PredBirdNCC_b_2_smoothed,X08_Loons_8_WS,1,1,0,Single-Series Straggler,FALSE,Negative (-),Flipped
35751,logSAR,~,Abundance,0.432419939002518,0.117193102101966,3.68980708972343,2.2442417043055e-4,0.202725679646139,0.662114198358897,DAG1A_long,CPUE -> SAR,H4a,133.747806137055,07.Cond2NCC_DFA1,X07_DFA_cpue_IntSprJunHW,1,1,0,Multi-Taxa DFA,FALSE,Positive (+),Supported
35751,logSAR,~,PreyAK,-0.407120371562843,0.121575165692255,-3.34871327745826,8.1187766871249e-4,-0.645403317734152,-0.168837425391533,DAG1A_long,PreyAK -> SAR,H1e,133.747806137055,12.ZooPreyAK_DFA1,X12_DFA_biomassEuphShelfSum,1,0,1,Multi-Taxa DFA,FALSE,Positive (+),Flipped
35751,logSAR,~,PredAK,-0.428978517688532,0.121392892060724,-3.53380260084706,4.096268881375e-4,-0.666904214106708,-0.191052821270355,DAG1A_long,PredAK -> SAR,H2c,133.747806137055,15.PredFishAK_b_DFA1,X15_DFA_sleeperSharks,1,0,1,Multi-Taxa DFA,FALSE,Negative (-),Supported
35785,Growth,~,PreyNCC,-0.933812356559096,0.0730281003956549,-12.7870278906318,0,-1.07694480319395,-0.790679909924237,DAG1A_long,PreyNCC -> Growth,H1a,137.2731839171,05.ForageFishNCC_DFA1,X05_DFA_abundSardine,1,0,1,Multi-Taxa DFA,TRUE,Negative (-),Supported
35785,Abundance,~,Growth,-0.0251180600435997,0.171221478999572,-0.146699235343379,0.883369422182526,-0.360705992262442,0.310469872175243,DAG1A_long,Growth -> CPUE,H1b,137.2731839171,06.Cond1NCC_DFA1,X06_DFA_IGF_mu,0,0,1,Multi-Taxa DFA,FALSE,Positive (+),NS
35785,Abundance,~,PredNCC,-0.606208758740122,0.171221478999572,-3.54049481573299,3.9937748156515e-4,-0.941796690958965,-0.270620826521279,DAG1A_long,PredNCC -> CPUE,H2a,137.2731839171,09.PredFishNCC_b_DFA1,X09_DFA_HakeAge5Plus,1,0,1,Multi-Taxa DFA,FALSE,Negative (-),Supported
35785,logSAR,~,Abundance,0.458478200436322,0.1373330293066,3.33844088891942,8.4249953683013e-4,0.189310409107603,0.727645991765042,DAG1A_long,CPUE -> SAR,H4a,137.2731839171,07.Cond2NCC_DFA1,X07_DFA_cpue_IntSprJunHW,1,1,0,Multi-Taxa DFA,FALSE,Positive (+),Supported
35785,logSAR,~,PreyAK,-0.406252754424658,0.147244074762333,-2.75904314031238,0.00579708815574875,-0.694845837895753,-0.117659670953562,DAG1A_long,PreyAK -> SAR,H1e,137.2731839171,12.ZooPreyAK_DFA1,X12_DFA_biomassEuphShelfSum,1,0,1,Multi-Taxa DFA,FALSE,Positive (+),Flipped
35785,logSAR,~,PredAK,0.311350588810118,0.146007956822415,2.13242206511255,0.0329721650605925,0.0251802519819058,0.597520925638329,DAG1A_long,PredAK -> SAR,H2c,137.2731839171,10.PredMammalNCC_DFA1,X10_DFA_ssl.est.wholerange_2yrLead,1,1,0,Multi-Taxa DFA,FALSE,Negative (-),Flipped
35787,Growth,~,PreyNCC,-0.933812356559096,0.073028100395655,-12.7870278906318,0,-1.07694480319395,-0.790679909924237,DAG1A_long,PreyNCC -> Growth,H1a,134.370065382173,05.ForageFishNCC_DFA1,X05_DFA_abundSardine,1,0,1,Multi-Taxa DFA,TRUE,Negative (-),Supported
35787,Abundance,~,Growth,-0.0251180600435995,0.171221478999572,-0.146699235343378,0.883369422182527,-0.360705992262443,0.310469872175244,DAG1A_long,Growth -> CPUE,H1b,134.370065382173,06.Cond1NCC_DFA1,X06_DFA_IGF_mu,0,0,1,Multi-Taxa DFA,FALSE,Positive (+),NS
35787,Abundance,~,PredNCC,-0.606208758740121,0.171221478999572,-3.540494815733,3.9937748156515e-4,-0.941796690958964,-0.270620826521279,DAG1A_long,PredNCC -> CPUE,H2a,134.370065382173,09.PredFishNCC_b_DFA1,X09_DFA_HakeAge5Plus,1,0,1,Multi-Taxa DFA,FALSE,Negative (-),Supported
35787,logSAR,~,Abundance,0.386664358921121,0.128489945020782,3.00929663296675,0.00261853318008276,0.134828694304858,0.638500023537384,DAG1A_long,CPUE -> SAR,H4a,134.370065382173,07.Cond2NCC_DFA1,X07_DFA_cpue_IntSprJunHW,1,1,0,Multi-Taxa DFA,FALSE,Positive (+),Supported
35787,logSAR,~,PreyAK,-0.452933918657967,0.140875576761725,-3.21513444040093,0.0013038344304257,-0.729044975412256,-0.176822861903679,DAG1A_long,PreyAK -> SAR,H1e,134.370065382173,12.ZooPreyAK_DFA1,X12_DFA_biomassEuphShelfSum,1,0,1,Multi-Taxa DFA,FALSE,Positive (+),Flipped
35787,logSAR,~,PredAK,0.388143998383677,0.135648437996208,2.86139674084952,0.00421778873615053,0.122277945351995,0.654010051415359,DAG1A_long,PredAK -> SAR,H2c,134.370065382173,10.PredMammalNCC_0_smoothed,X10_Californian_s_l_2yrLead_WS,1,1,0,Single-Series Straggler,FALSE,Negative (-),Flipped
35791,Growth,~,PreyNCC,-0.933812356559096,0.0730281003956544,-12.7870278906318,0,-1.07694480319395,-0.790679909924238,DAG1A_long,PreyNCC -> Growth,H1a,133.2935853536,05.ForageFishNCC_DFA1,X05_DFA_abundSardine,1,0,1,Multi-Taxa DFA,TRUE,Negative (-),Supported
35791,Abundance,~,Growth,-0.0251180600435995,0.171221478999572,-0.146699235343378,0.883369422182527,-0.360705992262442,0.310469872175243,DAG1A_long,Growth -> CPUE,H1b,133.2935853536,06.Cond1NCC_DFA1,X06_DFA_IGF_mu,0,0,1,Multi-Taxa DFA,FALSE,Positive (+),NS
35791,Abundance,~,PredNCC,-0.606208758740122,0.171221478999572,-3.54049481573299,3.9937748156515e-4,-0.941796690958964,-0.270620826521279,DAG1A_long,PredNCC -> CPUE,H2a,133.2935853536,09.PredFishNCC_b_DFA1,X09_DFA_HakeAge5Plus,1,0,1,Multi-Taxa DFA,FALSE,Negative (-),Supported
35791,logSAR,~,Abundance,0.350831346376866,0.125235577929356,2.8013712411242,0.00508859430253628,0.105374124052269,0.596288568701463,DAG1A_long,CPUE -> SAR,H4a,133.2935853536,07.Cond2NCC_DFA1,X07_DFA_cpue_IntSprJunHW,1,1,0,Multi-Taxa DFA,FALSE,Positive (+),Supported
35791,logSAR,~,PreyAK,-0.297164126164088,0.12520752661057,-2.37337270536738,0.0176264676297211,-0.542566368914146,-0.0517618834140295,DAG1A_long,PreyAK -> SAR,H1e,133.2935853536,12.ZooPreyAK_DFA1,X12_DFA_biomassEuphShelfSum,1,0,1,Multi-Taxa DFA,FALSE,Positive (+),Flipped
35791,logSAR,~,PredAK,-0.380228173434516,0.120676741756672,-3.15079913411314,0.00162824426801467,-0.616750241049233,-0.143706105819799,DAG1A_long,PredAK -> SAR,H2c,133.2935853536,10.PredMammalNCC_2_smoothed,X10_Harbour_s_2yrLead_WS,1,0,1,Single-Series Straggler,FALSE,Negative (-),Supported
35793,Growth,~,PreyNCC,-0.933812356559096,0.073028100395655,-12.7870278906317,0,-1.07694480319395,-0.790679909924237,DAG1A_long,PreyNCC -> Growth,H1a,139.560811514069,05.ForageFishNCC_DFA1,X05_DFA_abundSardine,1,0,1,Multi-Taxa DFA,TRUE,Negative (-),Supported
35793,Abundance,~,Growth,-0.0251180600435995,0.171221478999573,-0.146699235343378,0.883369422182527,-0.360705992262443,0.310469872175244,DAG1A_long,Growth -> CPUE,H1b,139.560811514069,06.Cond1NCC_DFA1,X06_DFA_IGF_mu,0,0,1,Multi-Taxa DFA,FALSE,Positive (+),NS
35793,Abundance,~,PredNCC,-0.606208758740121,0.171221478999572,-3.54049481573299,3.9937748156515e-4,-0.941796690958964,-0.270620826521279,DAG1A_long,PredNCC -> CPUE,H2a,139.560811514069,09.PredFishNCC_b_DFA1,X09_DFA_HakeAge5Plus,1,0,1,Multi-Taxa DFA,FALSE,Negative (-),Supported
35793,logSAR,~,Abundance,0.382893506657132,0.144626878086273,2.6474574555134,0.0081099563664071,0.0994300344115714,0.666356978902692,DAG1A_long,CPUE -> SAR,H4a,139.560811514069,07.Cond2NCC_DFA1,X07_DFA_cpue_IntSprJunHW,1,1,0,Multi-Taxa DFA,FALSE,Positive (+),Supported
35793,logSAR,~,PreyAK,-0.250828653696949,0.14488627930961,-1.73121053899761,0.0834142203445438,-0.534800542997796,0.0331432356038983,DAG1A_long,PreyAK -> SAR,H1e,139.560811514069,12.ZooPreyAK_DFA1,X12_DFA_biomassEuphShelfSum,0,0,1,Multi-Taxa DFA,FALSE,Positive (+),NS
35793,logSAR,~,PredAK,0.199090172123297,0.142946078080437,1.39276414433188,0.163691124351723,-0.0810789926456096,0.479259336892203,DAG1A_long,PredAK -> SAR,H2c,139.560811514069,10.PredMammalNCC_3_smoothed,X10_Northern_f_s_2yrLead_WS,0,1,0,Single-Series Straggler,FALSE,Negative (-),NS
35795,Growth,~,PreyNCC,-0.933812356559096,0.0730281003956551,-12.7870278906317,0,-1.07694480319395,-0.790679909924236,DAG1A_long,PreyNCC -> Growth,H1a,135.777905719944,05.ForageFishNCC_DFA1,X05_DFA_abundSardine,1,0,1,Multi-Taxa DFA,TRUE,Negative (-),Supported
35795,Abundance,~,Growth,-0.0251180600435995,0.171221478999573,-0.146699235343378,0.883369422182527,-0.360705992262443,0.310469872175244,DAG1A_long,Growth -> CPUE,H1b,135.777905719944,06.Cond1NCC_DFA1,X06_DFA_IGF_mu,0,0,1,Multi-Taxa DFA,FALSE,Positive (+),NS
35795,Abundance,~,PredNCC,-0.606208758740122,0.171221478999573,-3.54049481573299,3.9937748156515e-4,-0.941796690958965,-0.270620826521279,DAG1A_long,PredNCC -> CPUE,H2a,135.777905719944,09.PredFishNCC_b_DFA1,X09_DFA_HakeAge5Plus,1,0,1,Multi-Taxa DFA,FALSE,Negative (-),Supported
35795,logSAR,~,Abundance,0.483931381279449,0.135096504165255,3.58211623808923,3.4082207318064e-4,0.219147098678284,0.748715663880615,DAG1A_long,CPUE -> SAR,H4a,135.777905719944,07.Cond2NCC_DFA1,X07_DFA_cpue_IntSprJunHW,1,1,0,Multi-Taxa DFA,FALSE,Positive (+),Supported
35795,logSAR,~,PreyAK,-0.42663991360201,0.142906354866989,-2.98545095492156,0.00283160541422678,-0.706731222303208,-0.146548604900812,DAG1A_long,PreyAK -> SAR,H1e,135.777905719944,12.ZooPreyAK_DFA1,X12_DFA_biomassEuphShelfSum,1,0,1,Multi-Taxa DFA,FALSE,Positive (+),Flipped
35795,logSAR,~,PredAK,-0.363850480309956,0.144706172451422,-2.51440884757075,0.0119232120201025,-0.647469366655385,-0.0802315939645258,DAG1A_long,PredAK -> SAR,H2c,135.777905719944,15.PredFishAK_0_smoothed,X15_ArrowtoothFlounderBiomass_predAK,1,0,1,Single-Series Straggler,FALSE,Negative (-),Supported
35803,Growth,~,PreyNCC,-0.933812356559095,0.0730281003956547,-12.7870278906318,0,-1.07694480319395,-0.790679909924237,DAG1A_long,PreyNCC -> Growth,H1a,138.923014180831,05.ForageFishNCC_DFA1,X05_DFA_abundSardine,1,0,1,Multi-Taxa DFA,TRUE,Negative (-),Supported
35803,Abundance,~,Growth,-0.0251180600435993,0.171221478999573,-0.146699235343376,0.883369422182528,-0.360705992262443,0.310469872175244,DAG1A_long,Growth -> CPUE,H1b,138.923014180831,06.Cond1NCC_DFA1,X06_DFA_IGF_mu,0,0,1,Multi-Taxa DFA,FALSE,Positive (+),NS
35803,Abundance,~,PredNCC,-0.606208758740122,0.171221478999572,-3.540494815733,3.9937748156515e-4,-0.941796690958965,-0.270620826521279,DAG1A_long,PredNCC -> CPUE,H2a,138.923014180831,09.PredFishNCC_b_DFA1,X09_DFA_HakeAge5Plus,1,0,1,Multi-Taxa DFA,FALSE,Negative (-),Supported
35803,logSAR,~,Abundance,0.465440221891349,0.144250714596595,3.22660600464253,0.0012526782083635,0.182714016537857,0.748166427244841,DAG1A_long,CPUE -> SAR,H4a,138.923014180831,07.Cond2NCC_DFA1,X07_DFA_cpue_IntSprJunHW,1,1,0,Multi-Taxa DFA,FALSE,Positive (+),Supported
35803,logSAR,~,PreyAK,-0.340598152754144,0.14462945177187,-2.35497091762044,0.018524155405705,-0.624066669330782,-0.0571296361775048,DAG1A_long,PreyAK -> SAR,H1e,138.923014180831,12.ZooPreyAK_DFA1,X12_DFA_biomassEuphShelfSum,1,0,1,Multi-Taxa DFA,FALSE,Positive (+),Flipped
35803,logSAR,~,PredAK,0.235680718635854,0.145131460250421,1.62391199143999,0.104394592939395,-0.0487717164786774,0.520133153750386,DAG1A_long,PredAK -> SAR,H2c,138.923014180831,15.PredFishAK_4_smoothed,X15_spinyDogfishGoA_predAK,0,1,0,Single-Series Straggler,FALSE,Negative (-),NS
35807,Growth,~,PreyNCC,-0.933812356559096,0.0730281003956547,-12.7870278906318,0,-1.07694480319395,-0.790679909924238,DAG1A_long,PreyNCC -> Growth,H1a,131.336329946379,05.ForageFishNCC_DFA1,X05_DFA_abundSardine,1,0,1,Multi-Taxa DFA,TRUE,Negative (-),Supported
35807,Abundance,~,Growth,-0.0251180600435993,0.171221478999572,-0.146699235343377,0.883369422182528,-0.360705992262442,0.310469872175244,DAG1A_long,Growth -> CPUE,H1b,131.336329946379,06.Cond1NCC_DFA1,X06_DFA_IGF_mu,0,0,1,Multi-Taxa DFA,FALSE,Positive (+),NS
35807,Abundance,~,PredNCC,-0.606208758740121,0.171221478999572,-3.540494815733,3.9937748156515e-4,-0.941796690958964,-0.270620826521279,DAG1A_long,PredNCC -> CPUE,H2a,131.336329946379,09.PredFishNCC_b_DFA1,X09_DFA_HakeAge5Plus,1,0,1,Multi-Taxa DFA,FALSE,Negative (-),Supported
35807,logSAR,~,Abundance,0.432419939002518,0.12018586347713,3.59792679847744,3.2076386231172e-4,0.196859975136495,0.667979902868541,DAG1A_long,CPUE -> SAR,H4a,131.336329946379,07.Cond2NCC_DFA1,X07_DFA_cpue_IntSprJunHW,1,1,0,Multi-Taxa DFA,FALSE,Positive (+),Supported
35807,logSAR,~,PreyAK,-0.407120371562842,0.12568595169384,-3.23918756293904,0.00119870717022819,-0.653460310245409,-0.160780432880276,DAG1A_long,PreyAK -> SAR,H1e,131.336329946379,12.ZooPreyAK_DFA1,X12_DFA_biomassEuphShelfSum,1,0,1,Multi-Taxa DFA,FALSE,Positive (+),Flipped
35807,logSAR,~,PredAK,-0.428978517688532,0.121080420823441,-3.54292225589525,3.9571934327109e-4,-0.66629178173543,-0.191665253641634,DAG1A_long,PredAK -> SAR,H2c,131.336329946379,15.PredFishAK_b_DFA1,X15_DFA_sleeperSharks,1,0,1,Multi-Taxa DFA,FALSE,Negative (-),Supported
35811,Growth,~,PreyNCC,-0.933812356559096,0.0730281003956548,-12.7870278906318,0,-1.07694480319395,-0.790679909924237,DAG1A_long,PreyNCC -> Growth,H1a,138.979801891627,05.ForageFishNCC_DFA1,X05_DFA_abundSardine,1,0,1,Multi-Taxa DFA,TRUE,Negative (-),Supported
35811,Abundance,~,Growth,-0.0251180600435995,0.171221478999572,-0.146699235343378,0.883369422182527,-0.360705992262442,0.310469872175243,DAG1A_long,Growth -> CPUE,H1b,138.979801891627,06.Cond1NCC_DFA1,X06_DFA_IGF_mu,0,0,1,Multi-Taxa DFA,FALSE,Positive (+),NS
35811,Abundance,~,PredNCC,-0.606208758740121,0.171221478999572,-3.54049481573299,3.9937748156515e-4,-0.941796690958964,-0.270620826521279,DAG1A_long,PredNCC -> CPUE,H2a,138.979801891627,09.PredFishNCC_b_DFA1,X09_DFA_HakeAge5Plus,1,0,1,Multi-Taxa DFA,FALSE,Negative (-),Supported
35811,logSAR,~,Abundance,0.458984156386882,0.144078001743429,3.1856643681402,0.00144422038153813,0.176596462005263,0.741371850768502,DAG1A_long,CPUE -> SAR,H4a,138.979801891627,07.Cond2NCC_DFA1,X07_DFA_cpue_IntSprJunHW,1,1,0,Multi-Taxa DFA,FALSE,Positive (+),Supported
35811,logSAR,~,PreyAK,-0.338351661140096,0.144464199689102,-2.34211425300009,0.0191748440228696,-0.621496289586138,-0.0552070326940546,DAG1A_long,PreyAK -> SAR,H1e,138.979801891627,12.ZooPreyAK_DFA1,X12_DFA_biomassEuphShelfSum,1,0,1,Multi-Taxa DFA,FALSE,Positive (+),Flipped
35811,logSAR,~,PredAK,0.231102390194847,0.144440455225463,1.59998381225059,0.109602174562975,-0.0519956999576311,0.514200480347325,DAG1A_long,PredAK -> SAR,H2c,138.979801891627,15.PredFishAK_b_3_smoothed,X15_sharkCatchGoA_predAK,0,1,0,Single-Series Straggler,FALSE,Negative (-),NS
35925,Growth,~,PreyNCC,-0.933812356559097,0.073028100395655,-12.7870278906318,0,-1.07694480319396,-0.790679909924238,DAG1A_long,PreyNCC -> Growth,H1a,138.456502480136,05.ForageFishNCC_DFA1,X05_DFA_abundSardine,1,0,1,Multi-Taxa DFA,TRUE,Negative (-),Supported
35925,Abundance,~,Growth,-0.118558617310201,0.170663585159861,-0.694691941453982,0.487248379324289,-0.453053097696014,0.215935863075612,DAG1A_long,Growth -> CPUE,H1b,138.456502480136,06.Cond1NCC_DFA1,X06_DFA_IGF_mu,0,0,1,Multi-Taxa DFA,FALSE,Positive (+),NS
35925,Abundance,~,PredNCC,0.528507469453769,0.170663585159861,3.09677936836212,0.00195635422528628,0.194012989067957,0.863001949839582,DAG1A_long,PredNCC -> CPUE,H2a,138.456502480136,08.PredBirdNCC_b_2_smoothed,X08_Loons_8_WS,1,1,0,Single-Series Straggler,FALSE,Negative (-),Flipped
35925,logSAR,~,Abundance,0.340874592042211,0.133272934734238,2.55771805972425,0.010536147701933,0.0796644398491484,0.602084744235274,DAG1A_long,CPUE -> SAR,H4a,138.456502480136,07.Cond2NCC_DFA1,X07_DFA_cpue_IntSprJunHW,1,1,0,Multi-Taxa DFA,FALSE,Positive (+),Supported
35925,logSAR,~,PreyAK,-0.455754668612923,0.136731224630318,-3.33321572921733,8.584834942209e-4,-0.723742944450401,-0.187766392775444,DAG1A_long,PreyAK -> SAR,H1e,138.456502480136,12.ZooPreyAK_0_smoothed,X12_copepodBiomass_WGoA,1,0,1,Single-Series Straggler,FALSE,Positive (+),Flipped
35925,logSAR,~,PredAK,-0.0389676434709321,0.14066957571313,-0.277015433318713,0.781768255637296,-0.314674945589197,0.236739658647332,DAG1A_long,PredAK -> SAR,H2c,138.456502480136,10.PredMammalNCC_DFA1,X10_DFA_ssl.est.wholerange_2yrLead,0,0,1,Multi-Taxa DFA,FALSE,Negative (-),NS
35927,Growth,~,PreyNCC,-0.933812356559095,0.0730281003956544,-12.7870278906319,0,-1.07694480319395,-0.790679909924238,DAG1A_long,PreyNCC -> Growth,H1a,138.52622078890101,05.ForageFishNCC_DFA1,X05_DFA_abundSardine,1,0,1,Multi-Taxa DFA,TRUE,Negative (-),Supported
35927,Abundance,~,Growth,-0.118558617310201,0.170663585159862,-0.69469194145398,0.48724837932429,-0.453053097696014,0.215935863075612,DAG1A_long,Growth -> CPUE,H1b,138.52622078890101,06.Cond1NCC_DFA1,X06_DFA_IGF_mu,0,0,1,Multi-Taxa DFA,FALSE,Positive (+),NS
35927,Abundance,~,PredNCC,0.528507469453769,0.170663585159862,3.09677936836211,0.00195635422528651,0.194012989067956,0.863001949839582,DAG1A_long,PredNCC -> CPUE,H2a,138.52622078890101,08.PredBirdNCC_b_2_smoothed,X08_Loons_8_WS,1,1,0,Single-Series Straggler,FALSE,Negative (-),Flipped
35927,logSAR,~,Abundance,0.356785160694666,0.130116697689377,2.74203977683484,0.00610589470692813,0.1017611194362,0.611809201953131,DAG1A_long,CPUE -> SAR,H4a,138.52622078890101,07.Cond2NCC_DFA1,X07_DFA_cpue_IntSprJunHW,1,1,0,Multi-Taxa DFA,FALSE,Positive (+),Supported
35927,logSAR,~,PreyAK,-0.436048505453071,0.144607163727507,-3.01540044222668,0.00256640176990941,-0.719473338265471,-0.15262367264067,DAG1A_long,PreyAK -> SAR,H1e,138.52622078890101,12.ZooPreyAK_0_smoothed,X12_copepodBiomass_WGoA,1,0,1,Single-Series Straggler,FALSE,Positive (+),Flipped
35927,logSAR,~,PredAK,0.00423004062355133,0.145475998724601,0.0290772406488796,0.976802987452825,-0.280897677491661,0.289357758738764,DAG1A_long,PredAK -> SAR,H2c,138.52622078890101,10.PredMammalNCC_0_smoothed,X10_Californian_s_l_2yrLead_WS,0,1,0,Single-Series Straggler,FALSE,Negative (-),NS
35931,Growth,~,PreyNCC,-0.933812356559096,0.0730281003956548,-12.7870278906318,0,-1.07694480319395,-0.790679909924237,DAG1A_long,PreyNCC -> Growth,H1a,135.130103082697,05.ForageFishNCC_DFA1,X05_DFA_abundSardine,1,0,1,Multi-Taxa DFA,TRUE,Negative (-),Supported
35931,Abundance,~,Growth,-0.118558617310201,0.170663585159862,-0.69469194145398,0.48724837932429,-0.453053097696014,0.215935863075612,DAG1A_long,Growth -> CPUE,H1b,135.130103082697,06.Cond1NCC_DFA1,X06_DFA_IGF_mu,0,0,1,Multi-Taxa DFA,FALSE,Positive (+),NS
35931,Abundance,~,PredNCC,0.528507469453769,0.170663585159861,3.09677936836212,0.00195635422528628,0.194012989067957,0.863001949839582,DAG1A_long,PredNCC -> CPUE,H2a,135.130103082697,08.PredBirdNCC_b_2_smoothed,X08_Loons_8_WS,1,1,0,Single-Series Straggler,FALSE,Negative (-),Flipped
35931,logSAR,~,Abundance,0.34638850915104,0.121422999734639,2.85274214858838,0.00433437756386446,0.10840380277633101,0.584373215525749,DAG1A_long,CPUE -> SAR,H4a,135.130103082697,07.Cond2NCC_DFA1,X07_DFA_cpue_IntSprJunHW,1,1,0,Multi-Taxa DFA,FALSE,Positive (+),Supported
35931,logSAR,~,PreyAK,-0.340842443821793,0.130159032202269,-2.61866147938253,0.00882755002671298,-0.595949459200829,-0.0857354284427558,DAG1A_long,PreyAK -> SAR,H1e,135.130103082697,12.ZooPreyAK_0_smoothed,X12_copepodBiomass_WGoA,1,0,1,Single-Series Straggler,FALSE,Positive (+),Flipped
35931,logSAR,~,PredAK,-0.248797269125274,0.132293680429306,-1.8806436431272,0.0600204107040025,-0.508088118148964,0.0104935798984158,DAG1A_long,PredAK -> SAR,H2c,135.130103082697,10.PredMammalNCC_2_smoothed,X10_Harbour_s_2yrLead_WS,0,0,1,Single-Series Straggler,FALSE,Negative (-),NS
35933,Growth,~,PreyNCC,-0.933812356559096,0.0730281003956544,-12.7870278906318,0,-1.07694480319395,-0.790679909924238,DAG1A_long,PreyNCC -> Growth,H1a,137.507185228857,05.ForageFishNCC_DFA1,X05_DFA_abundSardine,1,0,1,Multi-Taxa DFA,TRUE,Negative (-),Supported
35933,Abundance,~,Growth,-0.118558617310201,0.170663585159861,-0.694691941453982,0.487248379324289,-0.453053097696013,0.215935863075611,DAG1A_long,Growth -> CPUE,H1b,137.507185228857,06.Cond1NCC_DFA1,X06_DFA_IGF_mu,0,0,1,Multi-Taxa DFA,FALSE,Positive (+),NS
35933,Abundance,~,PredNCC,0.528507469453769,0.170663585159862,3.09677936836211,0.00195635422528651,0.194012989067956,0.863001949839583,DAG1A_long,PredNCC -> CPUE,H2a,137.507185228857,08.PredBirdNCC_b_2_smoothed,X08_Loons_8_WS,1,1,0,Single-Series Straggler,FALSE,Negative (-),Flipped
35933,logSAR,~,Abundance,0.339416891427573,0.126440657083548,2.68439676965057,0.00726608183787825,0.0915977573622387,0.587236025492907,DAG1A_long,CPUE -> SAR,H4a,137.507185228857,07.Cond2NCC_DFA1,X07_DFA_cpue_IntSprJunHW,1,1,0,Multi-Taxa DFA,FALSE,Positive (+),Supported
35933,logSAR,~,PreyAK,-0.399790962215416,0.132139750034859,-3.02551625918734,0.00248209059044857,-0.658780113209864,-0.140801811220968,DAG1A_long,PreyAK -> SAR,H1e,137.507185228857,12.ZooPreyAK_0_smoothed,X12_copepodBiomass_WGoA,1,0,1,Single-Series Straggler,FALSE,Positive (+),Flipped
35933,logSAR,~,PredAK,0.1358626328393,0.133095993395307,1.02078679735893,0.307355460889251,-0.125000720702081,0.396725986380682,DAG1A_long,PredAK -> SAR,H2c,137.507185228857,10.PredMammalNCC_3_smoothed,X10_Northern_f_s_2yrLead_WS,0,1,0,Single-Series Straggler,FALSE,Negative (-),NS
35935,Growth,~,PreyNCC,-0.933812356559096,0.0730281003956548,-12.7870278906318,0,-1.07694480319395,-0.790679909924237,DAG1A_long,PreyNCC -> Growth,H1a,138.329791026199,05.ForageFishNCC_DFA1,X05_DFA_abundSardine,1,0,1,Multi-Taxa DFA,TRUE,Negative (-),Supported
35935,Abundance,~,Growth,-0.118558617310201,0.170663585159862,-0.69469194145398,0.48724837932429,-0.453053097696014,0.215935863075612,DAG1A_long,Growth -> CPUE,H1b,138.329791026199,06.Cond1NCC_DFA1,X06_DFA_IGF_mu,0,0,1,Multi-Taxa DFA,FALSE,Positive (+),NS
35935,Abundance,~,PredNCC,0.528507469453769,0.170663585159861,3.09677936836212,0.00195635422528628,0.194012989067957,0.863001949839582,DAG1A_long,PredNCC -> CPUE,H2a,138.329791026199,08.PredBirdNCC_b_2_smoothed,X08_Loons_8_WS,1,1,0,Single-Series Straggler,FALSE,Negative (-),Flipped
35935,logSAR,~,Abundance,0.380805068280303,0.130193529226992,2.92491547422738,0.00344549796600457,0.125630439975236,0.63597969658537,DAG1A_long,CPUE -> SAR,H4a,138.329791026199,07.Cond2NCC_DFA1,X07_DFA_cpue_IntSprJunHW,1,1,0,Multi-Taxa DFA,FALSE,Positive (+),Supported
35935,logSAR,~,PreyAK,-0.417781366903627,0.130619836788998,-3.19845267896412,0.00138167206827888,-0.673791542676564,-0.161771191130691,DAG1A_long,PreyAK -> SAR,H1e,138.329791026199,12.ZooPreyAK_0_smoothed,X12_copepodBiomass_WGoA,1,0,1,Single-Series Straggler,FALSE,Positive (+),Flipped
35935,logSAR,~,PredAK,-0.0626726911766939,0.132519092720127,-0.472933295046438,0.636260769963025,-0.322405340172066,0.197059957818678,DAG1A_long,PredAK -> SAR,H2c,138.329791026199,15.PredFishAK_0_smoothed,X15_ArrowtoothFlounderBiomass_predAK,0,0,1,Single-Series Straggler,FALSE,Negative (-),NS
35937,Growth,~,PreyNCC,-0.933812356559096,0.0730281003956547,-12.7870278906318,0,-1.07694480319395,-0.790679909924237,DAG1A_long,PreyNCC -> Growth,H1a,138.315264171199,05.ForageFishNCC_DFA1,X05_DFA_abundSardine,1,0,1,Multi-Taxa DFA,TRUE,Negative (-),Supported
35937,Abundance,~,Growth,-0.118558617310201,0.170663585159861,-0.69469194145398,0.48724837932429,-0.453053097696014,0.215935863075612,DAG1A_long,Growth -> CPUE,H1b,138.315264171199,06.Cond1NCC_DFA1,X06_DFA_IGF_mu,0,0,1,Multi-Taxa DFA,FALSE,Positive (+),NS
35937,Abundance,~,PredNCC,0.528507469453769,0.170663585159862,3.09677936836211,0.00195635422528651,0.194012989067956,0.863001949839582,DAG1A_long,PredNCC -> CPUE,H2a,138.315264171199,08.PredBirdNCC_b_2_smoothed,X08_Loons_8_WS,1,1,0,Single-Series Straggler,FALSE,Negative (-),Flipped
35937,logSAR,~,Abundance,0.378073816567494,0.130577625071235,2.89539510587085,0.003786815652006,0.122146374241098,0.63400125889389,DAG1A_long,CPUE -> SAR,H4a,138.315264171199,07.Cond2NCC_DFA1,X07_DFA_cpue_IntSprJunHW,1,1,0,Multi-Taxa DFA,FALSE,Positive (+),Supported
35937,logSAR,~,PreyAK,-0.421221347930751,0.129483607238159,-3.25308629343325,0.00114158823272148,-0.675004554705872,-0.167438141155629,DAG1A_long,PreyAK -> SAR,H1e,138.315264171199,12.ZooPreyAK_0_smoothed,X12_copepodBiomass_WGoA,1,0,1,Single-Series Straggler,FALSE,Positive (+),Flipped
35937,logSAR,~,PredAK,0.0631551789415747,0.131860267995243,0.478955335839703,0.631970403349549,-0.1952861973209,0.32159655520405,DAG1A_long,PredAK -> SAR,H2c,138.315264171199,15.PredFishAK_1_smoothed,X15_sablefishBiomass_predAK,0,1,0,Single-Series Straggler,FALSE,Negative (-),NS
35939,Growth,~,PreyNCC,-0.933812356559096,0.0730281003956549,-12.7870278906318,0,-1.07694480319395,-0.790679909924237,DAG1A_long,PreyNCC -> Growth,H1a,138.527023000947,05.ForageFishNCC_DFA1,X05_DFA_abundSardine,1,0,1,Multi-Taxa DFA,TRUE,Negative (-),Supported
35939,Abundance,~,Growth,-0.118558617310201,0.170663585159861,-0.694691941453981,0.48724837932429,-0.453053097696014,0.215935863075612,DAG1A_long,Growth -> CPUE,H1b,138.527023000947,06.Cond1NCC_DFA1,X06_DFA_IGF_mu,0,0,1,Multi-Taxa DFA,FALSE,Positive (+),NS
35939,Abundance,~,PredNCC,0.528507469453769,0.170663585159861,3.09677936836211,0.00195635422528651,0.194012989067957,0.863001949839582,DAG1A_long,PredNCC -> CPUE,H2a,138.527023000947,08.PredBirdNCC_b_2_smoothed,X08_Loons_8_WS,1,1,0,Single-Series Straggler,FALSE,Negative (-),Flipped
35939,logSAR,~,Abundance,0.355667240979331,0.129962562179862,2.73668997451054,0.00620607498393744,0.100945299768255,0.610389182190407,DAG1A_long,CPUE -> SAR,H4a,138.527023000947,07.Cond2NCC_DFA1,X07_DFA_cpue_IntSprJunHW,1,1,0,Multi-Taxa DFA,FALSE,Positive (+),Supported
35939,logSAR,~,PreyAK,-0.438352934910261,0.128327366495184,-3.41589597669107,6.3572526760769e-4,-0.689869951471695,-0.186835918348828,DAG1A_long,PreyAK -> SAR,H1e,138.527023000947,12.ZooPreyAK_0_smoothed,X12_copepodBiomass_WGoA,1,0,1,Single-Series Straggler,FALSE,Positive (+),Flipped
35939,logSAR,~,PredAK,-6.9892881953656e-4,0.129762454820288,-0.00538621761205526,0.995702440905885,-0.255028666812808,0.253630809173734,DAG1A_long,PredAK -> SAR,H2c,138.527023000947,15.PredFishAK_2_smoothed,X15_sablefishRecruitment_predAK,0,0,1,Single-Series Straggler,FALSE,Negative (-),NS
35941,Growth,~,PreyNCC,-0.933812356559096,0.073028100395655,-12.7870278906317,0,-1.07694480319395,-0.790679909924237,DAG1A_long,PreyNCC -> Growth,H1a,138.48291350823,05.ForageFishNCC_DFA1,X05_DFA_abundSardine,1,0,1,Multi-Taxa DFA,TRUE,Negative (-),Supported
35941,Abundance,~,Growth,-0.118558617310201,0.170663585159861,-0.694691941453981,0.487248379324289,-0.453053097696014,0.215935863075612,DAG1A_long,Growth -> CPUE,H1b,138.48291350823,06.Cond1NCC_DFA1,X06_DFA_IGF_mu,0,0,1,Multi-Taxa DFA,FALSE,Positive (+),NS
35941,Abundance,~,PredNCC,0.528507469453769,0.170663585159861,3.09677936836211,0.00195635422528651,0.194012989067957,0.863001949839582,DAG1A_long,PredNCC -> CPUE,H2a,138.48291350823,08.PredBirdNCC_b_2_smoothed,X08_Loons_8_WS,1,1,0,Single-Series Straggler,FALSE,Negative (-),Flipped
35941,logSAR,~,Abundance,0.347814134022185,0.130416053253886,2.66695798058758,0.00765412409481425,0.0922033666387119,0.603424901405659,DAG1A_long,CPUE -> SAR,H4a,138.48291350823,07.Cond2NCC_DFA1,X07_DFA_cpue_IntSprJunHW,1,1,0,Multi-Taxa DFA,FALSE,Positive (+),Supported
35941,logSAR,~,PreyAK,-0.437874156638798,0.128491631283107,-3.40780292277578,6.5488174270944e-4,-0.689713126268488,-0.186035187009109,DAG1A_long,PreyAK -> SAR,H1e,138.48291350823,12.ZooPreyAK_0_smoothed,X12_copepodBiomass_WGoA,1,0,1,Single-Series Straggler,FALSE,Positive (+),Flipped
35941,logSAR,~,PredAK,0.0280686954660549,0.130713994919364,0.214733667067326,0.829974972286778,-0.22812602685125,0.28426341778336,DAG1A_long,PredAK -> SAR,H2c,138.48291350823,15.PredFishAK_3_smoothed,X15_PacificCodBiomass_predAK,0,1,0,Single-Series Straggler,FALSE,Negative (-),NS
35943,Growth,~,PreyNCC,-0.933812356559096,0.0730281003956551,-12.7870278906317,0,-1.07694480319396,-0.790679909924236,DAG1A_long,PreyNCC -> Growth,H1a,138.373144717717,05.ForageFishNCC_DFA1,X05_DFA_abundSardine,1,0,1,Multi-Taxa DFA,TRUE,Negative (-),Supported
35943,Abundance,~,Growth,-0.118558617310201,0.170663585159861,-0.694691941453981,0.487248379324289,-0.453053097696014,0.215935863075612,DAG1A_long,Growth -> CPUE,H1b,138.373144717717,06.Cond1NCC_DFA1,X06_DFA_IGF_mu,0,0,1,Multi-Taxa DFA,FALSE,Positive (+),NS
35943,Abundance,~,PredNCC,0.528507469453769,0.170663585159861,3.09677936836211,0.00195635422528651,0.194012989067957,0.863001949839582,DAG1A_long,PredNCC -> CPUE,H2a,138.373144717717,08.PredBirdNCC_b_2_smoothed,X08_Loons_8_WS,1,1,0,Single-Series Straggler,FALSE,Negative (-),Flipped
35943,logSAR,~,Abundance,0.375006035475639,0.129180220446278,2.9029679170705,0.00369644502773991,0.12181745588599,0.628194615065288,DAG1A_long,CPUE -> SAR,H4a,138.373144717717,07.Cond2NCC_DFA1,X07_DFA_cpue_IntSprJunHW,1,1,0,Multi-Taxa DFA,FALSE,Positive (+),Supported
35943,logSAR,~,PreyAK,-0.424815852394769,0.129059507831322,-3.29162771138097,9.96093779136e-4,-0.677767839606625,-0.171863865182912,DAG1A_long,PreyAK -> SAR,H1e,138.373144717717,12.ZooPreyAK_0_smoothed,X12_copepodBiomass_WGoA,1,0,1,Single-Series Straggler,FALSE,Positive (+),Flipped
35943,logSAR,~,PredAK,0.0537592962893459,0.130030591948018,0.413435757570321,0.679287381073837,-0.201095980817192,0.308614573395884,DAG1A_long,PredAK -> SAR,H2c,138.373144717717,15.PredFishAK_4_smoothed,X15_spinyDogfishGoA_predAK,0,1,0,Single-Series Straggler,FALSE,Negative (-),NS
35945,Growth,~,PreyNCC,-0.933812356559096,0.0730281003956544,-12.7870278906318,0,-1.07694480319395,-0.790679909924238,DAG1A_long,PreyNCC -> Growth,H1a,137.897503157517,05.ForageFishNCC_DFA1,X05_DFA_abundSardine,1,0,1,Multi-Taxa DFA,TRUE,Negative (-),Supported
35945,Abundance,~,Growth,-0.118558617310201,0.170663585159861,-0.694691941453981,0.487248379324289,-0.453053097696014,0.215935863075612,DAG1A_long,Growth -> CPUE,H1b,137.897503157517,06.Cond1NCC_DFA1,X06_DFA_IGF_mu,0,0,1,Multi-Taxa DFA,FALSE,Positive (+),NS
35945,Abundance,~,PredNCC,0.528507469453769,0.170663585159861,3.09677936836211,0.00195635422528651,0.194012989067957,0.863001949839582,DAG1A_long,PredNCC -> CPUE,H2a,137.897503157517,08.PredBirdNCC_b_2_smoothed,X08_Loons_8_WS,1,1,0,Single-Series Straggler,FALSE,Negative (-),Flipped
35945,logSAR,~,Abundance,0.308701054823781,0.133842180659222,2.3064556577255,0.0210851850976252,0.046375201119402,0.571026908528159,DAG1A_long,CPUE -> SAR,H4a,137.897503157517,07.Cond2NCC_DFA1,X07_DFA_cpue_IntSprJunHW,1,1,0,Multi-Taxa DFA,FALSE,Positive (+),Supported
35945,logSAR,~,PreyAK,-0.494398025962605,0.136917276642634,-3.61092506428555,3.0510681463669e-4,-0.762750957043475,-0.226045094881735,DAG1A_long,PreyAK -> SAR,H1e,137.897503157517,12.ZooPreyAK_0_smoothed,X12_copepodBiomass_WGoA,1,0,1,Single-Series Straggler,FALSE,Positive (+),Flipped
35945,logSAR,~,PredAK,0.117771621025103,0.142504286256452,0.826442657403021,0.408553033825395,-0.161531647680129,0.397074889730335,DAG1A_long,PredAK -> SAR,H2c,137.897503157517,15.PredFishAK_5_smoothed,X15_halibutBiomassAge8plus_2yrLead_predAK,0,1,0,Single-Series Straggler,FALSE,Negative (-),NS
35947,Growth,~,PreyNCC,-0.933812356559096,0.073028100395655,-12.7870278906317,0,-1.07694480319395,-0.790679909924237,DAG1A_long,PreyNCC -> Growth,H1a,138.215392320426,05.ForageFishNCC_DFA1,X05_DFA_abundSardine,1,0,1,Multi-Taxa DFA,TRUE,Negative (-),Supported
35947,Abundance,~,Growth,-0.118558617310201,0.170663585159861,-0.694691941453981,0.487248379324289,-0.453053097696013,0.215935863075612,DAG1A_long,Growth -> CPUE,H1b,138.215392320426,06.Cond1NCC_DFA1,X06_DFA_IGF_mu,0,0,1,Multi-Taxa DFA,FALSE,Positive (+),NS
35947,Abundance,~,PredNCC,0.528507469453769,0.170663585159862,3.09677936836211,0.00195635422528651,0.194012989067956,0.863001949839582,DAG1A_long,PredNCC -> CPUE,H2a,138.215392320426,08.PredBirdNCC_b_2_smoothed,X08_Loons_8_WS,1,1,0,Single-Series Straggler,FALSE,Negative (-),Flipped
35947,logSAR,~,Abundance,0.386143441037549,0.129515508881882,2.98144557644995,0.0028689103448658,0.132297708189684,0.639989173885415,DAG1A_long,CPUE -> SAR,H4a,138.215392320426,07.Cond2NCC_DFA1,X07_DFA_cpue_IntSprJunHW,1,1,0,Multi-Taxa DFA,FALSE,Positive (+),Supported
35947,logSAR,~,PreyAK,-0.376599380117476,0.155387443968402,-2.42361525809033,0.0153668760851511,-0.681153173945281,-0.0720455862896723,DAG1A_long,PreyAK -> SAR,H1e,138.215392320426,12.ZooPreyAK_0_smoothed,X12_copepodBiomass_WGoA,1,0,1,Single-Series Straggler,FALSE,Positive (+),Flipped
35947,logSAR,~,PredAK,-0.0927507399187925,0.156144094466251,-0.594007350939807,0.552507196377272,-0.398787541471264,0.213286061633679,DAG1A_long,PredAK -> SAR,H2c,138.215392320426,15.PredFishAK_b_DFA1,X15_DFA_sleeperSharks,0,0,1,Multi-Taxa DFA,FALSE,Negative (-),NS
35949,Growth,~,PreyNCC,-0.933812356559096,0.0730281003956548,-12.7870278906318,0,-1.07694480319395,-0.790679909924237,DAG1A_long,PreyNCC -> Growth,H1a,138.470745416266,05.ForageFishNCC_DFA1,X05_DFA_abundSardine,1,0,1,Multi-Taxa DFA,TRUE,Negative (-),Supported
35949,Abundance,~,Growth,-0.118558617310201,0.170663585159862,-0.694691941453979,0.487248379324291,-0.453053097696015,0.215935863075613,DAG1A_long,Growth -> CPUE,H1b,138.470745416266,06.Cond1NCC_DFA1,X06_DFA_IGF_mu,0,0,1,Multi-Taxa DFA,FALSE,Positive (+),NS
35949,Abundance,~,PredNCC,0.528507469453769,0.170663585159862,3.09677936836211,0.00195635422528651,0.194012989067956,0.863001949839583,DAG1A_long,PredNCC -> CPUE,H2a,138.470745416266,08.PredBirdNCC_b_2_smoothed,X08_Loons_8_WS,1,1,0,Single-Series Straggler,FALSE,Negative (-),Flipped
35949,logSAR,~,Abundance,0.35789790284013,0.128085107346915,2.79421948619502,0.00520251548185691,0.106855705484231,0.60894010019603,DAG1A_long,CPUE -> SAR,H4a,138.470745416266,07.Cond2NCC_DFA1,X07_DFA_cpue_IntSprJunHW,1,1,0,Multi-Taxa DFA,FALSE,Positive (+),Supported
35949,logSAR,~,PreyAK,-0.428770759438169,0.133237841677714,-3.21808544809148,0.00129049366718781,-0.689912130504339,-0.167629388372,DAG1A_long,PreyAK -> SAR,H1e,138.470745416266,12.ZooPreyAK_0_smoothed,X12_copepodBiomass_WGoA,1,0,1,Single-Series Straggler,FALSE,Positive (+),Flipped
35949,logSAR,~,PredAK,-0.0316296848208969,0.13299400677078,-0.237827896075135,0.81201458140752,-0.292293148251302,0.229033778609508,DAG1A_long,PredAK -> SAR,H2c,138.470745416266,15.PredFishAK_b_2_smoothed,X15_salmonSharkGoA_predAK,0,0,1,Single-Series Straggler,FALSE,Negative (-),NS
35951,Growth,~,PreyNCC,-0.933812356559096,0.0730281003956548,-12.7870278906318,0,-1.07694480319395,-0.790679909924237,DAG1A_long,PreyNCC -> Growth,H1a,136.883136661683,05.ForageFishNCC_DFA1,X05_DFA_abundSardine,1,0,1,Multi-Taxa DFA,TRUE,Negative (-),Supported
35951,Abundance,~,Growth,-0.118558617310201,0.170663585159862,-0.694691941453977,0.487248379324292,-0.453053097696014,0.215935863075613,DAG1A_long,Growth -> CPUE,H1b,136.883136661683,06.Cond1NCC_DFA1,X06_DFA_IGF_mu,0,0,1,Multi-Taxa DFA,FALSE,Positive (+),NS
35951,Abundance,~,PredNCC,0.528507469453769,0.170663585159862,3.09677936836211,0.00195635422528651,0.194012989067956,0.863001949839583,DAG1A_long,PredNCC -> CPUE,H2a,136.883136661683,08.PredBirdNCC_b_2_smoothed,X08_Loons_8_WS,1,1,0,Single-Series Straggler,FALSE,Negative (-),Flipped
35951,logSAR,~,Abundance,0.396562522662126,0.123890281840933,3.20091710802051,0.00136990935407133,0.15374203221938,0.639383013104871,DAG1A_long,CPUE -> SAR,H4a,136.883136661683,07.Cond2NCC_DFA1,X07_DFA_cpue_IntSprJunHW,1,1,0,Multi-Taxa DFA,FALSE,Positive (+),Supported
35951,logSAR,~,PreyAK,-0.442309380088887,0.124370914677747,-3.55637313784287,3.7600992390429e-4,-0.686071893581575,-0.198546866596199,DAG1A_long,PreyAK -> SAR,H1e,136.883136661683,12.ZooPreyAK_0_smoothed,X12_copepodBiomass_WGoA,1,0,1,Single-Series Straggler,FALSE,Positive (+),Flipped
35951,logSAR,~,PredAK,0.166516187665093,0.12414256792744,1.34133029826175,0.179813236893846,-0.0767987744210071,0.409831149751192,DAG1A_long,PredAK -> SAR,H2c,136.883136661683,15.PredFishAK_b_3_smoothed,X15_sharkCatchGoA_predAK,0,1,0,Single-Series Straggler,FALSE,Negative (-),NS
35981,Growth,~,PreyNCC,-0.933812356559096,0.0730281003956546,-12.7870278906318,0,-1.07694480319395,-0.790679909924238,DAG1A_long,PreyNCC -> Growth,H1a,136.04502628946,05.ForageFishNCC_DFA1,X05_DFA_abundSardine,1,0,1,Multi-Taxa DFA,TRUE,Negative (-),Supported
35981,Abundance,~,Growth,-0.0251180600435995,0.171221478999573,-0.146699235343378,0.883369422182527,-0.360705992262443,0.310469872175244,DAG1A_long,Growth -> CPUE,H1b,136.04502628946,06.Cond1NCC_DFA1,X06_DFA_IGF_mu,0,0,1,Multi-Taxa DFA,FALSE,Positive (+),NS
35981,Abundance,~,PredNCC,-0.606208758740122,0.171221478999572,-3.54049481573299,3.9937748156515e-4,-0.941796690958965,-0.270620826521279,DAG1A_long,PredNCC -> CPUE,H2a,136.04502628946,09.PredFishNCC_b_DFA1,X09_DFA_HakeAge5Plus,1,0,1,Multi-Taxa DFA,FALSE,Negative (-),Supported
35981,logSAR,~,Abundance,0.340874592042211,0.145131707225532,2.34872584742973,0.0188377710788894,0.0564216728653563,0.625327511219066,DAG1A_long,CPUE -> SAR,H4a,136.04502628946,07.Cond2NCC_DFA1,X07_DFA_cpue_IntSprJunHW,1,1,0,Multi-Taxa DFA,FALSE,Positive (+),Supported
35981,logSAR,~,PreyAK,-0.455754668612923,0.14929659307844,-3.05267963062941,0.00226807938393914,-0.748370614061197,-0.163138723164648,DAG1A_long,PreyAK -> SAR,H1e,136.04502628946,12.ZooPreyAK_0_smoothed,X12_copepodBiomass_WGoA,1,0,1,Single-Series Straggler,FALSE,Positive (+),Flipped
35981,logSAR,~,PredAK,-0.038967643470932,0.146188180185038,-0.266558099441477,0.789809420394143,-0.325491211599059,0.247555924657195,DAG1A_long,PredAK -> SAR,H2c,136.04502628946,10.PredMammalNCC_DFA1,X10_DFA_ssl.est.wholerange_2yrLead,0,0,1,Multi-Taxa DFA,FALSE,Negative (-),NS
35983,Growth,~,PreyNCC,-0.933812356559096,0.0730281003956551,-12.7870278906317,0,-1.07694480319395,-0.790679909924237,DAG1A_long,PreyNCC -> Growth,H1a,136.114744598225,05.ForageFishNCC_DFA1,X05_DFA_abundSardine,1,0,1,Multi-Taxa DFA,TRUE,Negative (-),Supported
35983,Abundance,~,Growth,-0.0251180600435995,0.171221478999573,-0.146699235343378,0.883369422182527,-0.360705992262443,0.310469872175244,DAG1A_long,Growth -> CPUE,H1b,136.114744598225,06.Cond1NCC_DFA1,X06_DFA_IGF_mu,0,0,1,Multi-Taxa DFA,FALSE,Positive (+),NS
35983,Abundance,~,PredNCC,-0.606208758740121,0.171221478999573,-3.54049481573299,3.9937748156515e-4,-0.941796690958965,-0.270620826521278,DAG1A_long,PredNCC -> CPUE,H2a,136.114744598225,09.PredFishNCC_b_DFA1,X09_DFA_HakeAge5Plus,1,0,1,Multi-Taxa DFA,FALSE,Negative (-),Supported
35983,logSAR,~,Abundance,0.356785160694666,0.137099364843089,2.60238376088035,0.00925781926822511,0.0880753432988942,0.625494978090437,DAG1A_long,CPUE -> SAR,H4a,136.114744598225,07.Cond2NCC_DFA1,X07_DFA_cpue_IntSprJunHW,1,1,0,Multi-Taxa DFA,FALSE,Positive (+),Supported
35983,logSAR,~,PreyAK,-0.436048505453071,0.153844771394555,-2.83434075464787,0.00459203381059914,-0.737578716596196,-0.134518294309946,DAG1A_long,PreyAK -> SAR,H1e,136.114744598225,12.ZooPreyAK_0_smoothed,X12_copepodBiomass_WGoA,1,0,1,Single-Series Straggler,FALSE,Positive (+),Flipped
35983,logSAR,~,PredAK,0.00423004062355134,0.146280183728076,0.0289173865915747,0.976930478925493,-0.282473851135379,0.290933932382482,DAG1A_long,PredAK -> SAR,H2c,136.114744598225,10.PredMammalNCC_0_smoothed,X10_Californian_s_l_2yrLead_WS,0,1,0,Single-Series Straggler,FALSE,Negative (-),NS
35987,Growth,~,PreyNCC,-0.933812356559096,0.0730281003956548,-12.7870278906318,0,-1.07694480319395,-0.790679909924237,DAG1A_long,PreyNCC -> Growth,H1a,132.718626892021,05.ForageFishNCC_DFA1,X05_DFA_abundSardine,1,0,1,Multi-Taxa DFA,TRUE,Negative (-),Supported
35987,Abundance,~,Growth,-0.0251180600435995,0.171221478999573,-0.146699235343378,0.883369422182527,-0.360705992262443,0.310469872175244,DAG1A_long,Growth -> CPUE,H1b,132.718626892021,06.Cond1NCC_DFA1,X06_DFA_IGF_mu,0,0,1,Multi-Taxa DFA,FALSE,Positive (+),NS
35987,Abundance,~,PredNCC,-0.606208758740121,0.171221478999573,-3.54049481573299,3.9937748156515e-4,-0.941796690958965,-0.270620826521278,DAG1A_long,PredNCC -> CPUE,H2a,132.718626892021,09.PredFishNCC_b_DFA1,X09_DFA_HakeAge5Plus,1,0,1,Multi-Taxa DFA,FALSE,Negative (-),Supported
35987,logSAR,~,Abundance,0.34638850915104,0.125611938209623,2.75760818667554,0.00582259423434883,0.100193634231907,0.592583384070173,DAG1A_long,CPUE -> SAR,H4a,132.718626892021,07.Cond2NCC_DFA1,X07_DFA_cpue_IntSprJunHW,1,1,0,Multi-Taxa DFA,FALSE,Positive (+),Supported
35987,logSAR,~,PreyAK,-0.340842443821793,0.137228397434956,-2.48376028717631,0.0130003287571796,-0.609805160450456,-0.0718797271931295,DAG1A_long,PreyAK -> SAR,H1e,132.718626892021,12.ZooPreyAK_0_smoothed,X12_copepodBiomass_WGoA,1,0,1,Single-Series Straggler,FALSE,Positive (+),Flipped
35987,logSAR,~,PredAK,-0.248797269125274,0.1306052988555,-1.90495539848302,0.0567858690658645,-0.504778951072146,0.00718441282159676,DAG1A_long,PredAK -> SAR,H2c,132.718626892021,10.PredMammalNCC_2_smoothed,X10_Harbour_s_2yrLead_WS,0,0,1,Single-Series Straggler,FALSE,Negative (-),NS
35989,Growth,~,PreyNCC,-0.933812356559096,0.0730281003956546,-12.7870278906318,0,-1.07694480319395,-0.790679909924238,DAG1A_long,PreyNCC -> Growth,H1a,135.095709038181,05.ForageFishNCC_DFA1,X05_DFA_abundSardine,1,0,1,Multi-Taxa DFA,TRUE,Negative (-),Supported
35989,Abundance,~,Growth,-0.0251180600435995,0.171221478999573,-0.146699235343378,0.883369422182527,-0.360705992262443,0.310469872175244,DAG1A_long,Growth -> CPUE,H1b,135.095709038181,06.Cond1NCC_DFA1,X06_DFA_IGF_mu,0,0,1,Multi-Taxa DFA,FALSE,Positive (+),NS
35989,Abundance,~,PredNCC,-0.606208758740122,0.171221478999572,-3.54049481573299,3.9937748156515e-4,-0.941796690958965,-0.270620826521279,DAG1A_long,PredNCC -> CPUE,H2a,135.095709038181,09.PredFishNCC_b_DFA1,X09_DFA_HakeAge5Plus,1,0,1,Multi-Taxa DFA,FALSE,Negative (-),Supported
35989,logSAR,~,Abundance,0.339416891427573,0.132700623138372,2.55776411142885,0.0105347526192343,0.0793284493503412,0.599505333504804,DAG1A_long,CPUE -> SAR,H4a,135.095709038181,07.Cond2NCC_DFA1,X07_DFA_cpue_IntSprJunHW,1,1,0,Multi-Taxa DFA,FALSE,Positive (+),Supported
35989,logSAR,~,PreyAK,-0.399790962215415,0.136827782571867,-2.92185515763533,0.00347953313562011,-0.667968488140752,-0.131613436290079,DAG1A_long,PreyAK -> SAR,H1e,135.095709038181,12.ZooPreyAK_0_smoothed,X12_copepodBiomass_WGoA,1,0,1,Single-Series Straggler,FALSE,Positive (+),Flipped
35989,logSAR,~,PredAK,0.1358626328393,0.133303925828803,1.01919453605428,0.308110620144085,-0.125408260782951,0.397133526461552,DAG1A_long,PredAK -> SAR,H2c,135.095709038181,10.PredMammalNCC_3_smoothed,X10_Northern_f_s_2yrLead_WS,0,1,0,Single-Series Straggler,FALSE,Negative (-),NS
35991,Growth,~,PreyNCC,-0.933812356559096,0.0730281003956544,-12.7870278906319,0,-1.07694480319395,-0.790679909924238,DAG1A_long,PreyNCC -> Growth,H1a,135.918314835523,05.ForageFishNCC_DFA1,X05_DFA_abundSardine,1,0,1,Multi-Taxa DFA,TRUE,Negative (-),Supported
35991,Abundance,~,Growth,-0.0251180600435992,0.171221478999573,-0.146699235343376,0.883369422182528,-0.360705992262443,0.310469872175244,DAG1A_long,Growth -> CPUE,H1b,135.918314835523,06.Cond1NCC_DFA1,X06_DFA_IGF_mu,0,0,1,Multi-Taxa DFA,FALSE,Positive (+),NS
35991,Abundance,~,PredNCC,-0.606208758740121,0.171221478999573,-3.54049481573299,3.9937748156515e-4,-0.941796690958965,-0.270620826521278,DAG1A_long,PredNCC -> CPUE,H2a,135.918314835523,09.PredFishNCC_b_DFA1,X09_DFA_HakeAge5Plus,1,0,1,Multi-Taxa DFA,FALSE,Negative (-),Supported
35991,logSAR,~,Abundance,0.380805068280303,0.146054979146744,2.60727207319445,0.00912668095905,0.0945425693899363,0.667067567170669,DAG1A_long,CPUE -> SAR,H4a,135.918314835523,07.Cond2NCC_DFA1,X07_DFA_cpue_IntSprJunHW,1,1,0,Multi-Taxa DFA,FALSE,Positive (+),Supported
35991,logSAR,~,PreyAK,-0.417781366903627,0.141885488475344,-2.9444968008566,0.00323480290664846,-0.695871814244175,-0.139690919563079,DAG1A_long,PreyAK -> SAR,H1e,135.918314835523,12.ZooPreyAK_0_smoothed,X12_copepodBiomass_WGoA,1,0,1,Single-Series Straggler,FALSE,Positive (+),Flipped
35991,logSAR,~,PredAK,-0.0626726911766939,0.141872153359409,-0.44175470444805,0.658666719072709,-0.340737002170278,0.21539161981689,DAG1A_long,PredAK -> SAR,H2c,135.918314835523,15.PredFishAK_0_smoothed,X15_ArrowtoothFlounderBiomass_predAK,0,0,1,Single-Series Straggler,FALSE,Negative (-),NS
35993,Growth,~,PreyNCC,-0.933812356559096,0.0730281003956549,-12.7870278906318,0,-1.07694480319395,-0.790679909924237,DAG1A_long,PreyNCC -> Growth,H1a,135.903787980523,05.ForageFishNCC_DFA1,X05_DFA_abundSardine,1,0,1,Multi-Taxa DFA,TRUE,Negative (-),Supported
35993,Abundance,~,Growth,-0.0251180600435995,0.171221478999572,-0.146699235343378,0.883369422182527,-0.360705992262442,0.310469872175243,DAG1A_long,Growth -> CPUE,H1b,135.903787980523,06.Cond1NCC_DFA1,X06_DFA_IGF_mu,0,0,1,Multi-Taxa DFA,FALSE,Positive (+),NS
35993,Abundance,~,PredNCC,-0.606208758740121,0.171221478999572,-3.540494815733,3.9937748156515e-4,-0.941796690958964,-0.270620826521279,DAG1A_long,PredNCC -> CPUE,H2a,135.903787980523,09.PredFishNCC_b_DFA1,X09_DFA_HakeAge5Plus,1,0,1,Multi-Taxa DFA,FALSE,Negative (-),Supported
35993,logSAR,~,Abundance,0.378073816567494,0.143770500535856,2.62970369553109,0.00854593176732288,0.0962888134779205,0.659858819657068,DAG1A_long,CPUE -> SAR,H4a,135.903787980523,07.Cond2NCC_DFA1,X07_DFA_cpue_IntSprJunHW,1,1,0,Multi-Taxa DFA,FALSE,Positive (+),Supported
35993,logSAR,~,PreyAK,-0.421221347930751,0.13930521485012,-3.02372993275196,0.00249679215343446,-0.6942545518956,-0.148188143965901,DAG1A_long,PreyAK -> SAR,H1e,135.903787980523,12.ZooPreyAK_0_smoothed,X12_copepodBiomass_WGoA,1,0,1,Single-Series Straggler,FALSE,Positive (+),Flipped
35993,logSAR,~,PredAK,0.0631551789415747,0.13855005829291,0.45582932060597,0.648512717990673,-0.208397945368454,0.334708303251604,DAG1A_long,PredAK -> SAR,H2c,135.903787980523,15.PredFishAK_1_smoothed,X15_sablefishBiomass_predAK,0,1,0,Single-Series Straggler,FALSE,Negative (-),NS
35995,Growth,~,PreyNCC,-0.933812356559096,0.0730281003956549,-12.7870278906318,0,-1.07694480319395,-0.790679909924237,DAG1A_long,PreyNCC -> Growth,H1a,136.11554681027,05.ForageFishNCC_DFA1,X05_DFA_abundSardine,1,0,1,Multi-Taxa DFA,TRUE,Negative (-),Supported
35995,Abundance,~,Growth,-0.0251180600435996,0.171221478999573,-0.146699235343378,0.883369422182527,-0.360705992262443,0.310469872175244,DAG1A_long,Growth -> CPUE,H1b,136.11554681027,06.Cond1NCC_DFA1,X06_DFA_IGF_mu,0,0,1,Multi-Taxa DFA,FALSE,Positive (+),NS
35995,Abundance,~,PredNCC,-0.606208758740122,0.171221478999572,-3.540494815733,3.9937748156515e-4,-0.941796690958964,-0.270620826521279,DAG1A_long,PredNCC -> CPUE,H2a,136.11554681027,09.PredFishNCC_b_DFA1,X09_DFA_HakeAge5Plus,1,0,1,Multi-Taxa DFA,FALSE,Negative (-),Supported
35995,logSAR,~,Abundance,0.355667240979331,0.14515119237953,2.45032255780138,0.0142728291392709,0.071176131602407,0.640158350356254,DAG1A_long,CPUE -> SAR,H4a,136.11554681027,07.Cond2NCC_DFA1,X07_DFA_cpue_IntSprJunHW,1,1,0,Multi-Taxa DFA,FALSE,Positive (+),Supported
35995,logSAR,~,PreyAK,-0.438352934910261,0.136741478127195,-3.20570569306346,0.00134731712998581,-0.706361307232335,-0.170344562588187,DAG1A_long,PreyAK -> SAR,H1e,136.11554681027,12.ZooPreyAK_0_smoothed,X12_copepodBiomass_WGoA,1,0,1,Single-Series Straggler,FALSE,Positive (+),Flipped
35995,logSAR,~,PredAK,-6.989288195365e-4,0.138306673306715,-0.00505347141122056,0.995967930344082,-0.271775027322245,0.270377169683172,DAG1A_long,PredAK -> SAR,H2c,136.11554681027,15.PredFishAK_2_smoothed,X15_sablefishRecruitment_predAK,0,0,1,Single-Series Straggler,FALSE,Negative (-),NS
35997,Growth,~,PreyNCC,-0.933812356559096,0.0730281003956548,-12.7870278906318,0,-1.07694480319395,-0.790679909924237,DAG1A_long,PreyNCC -> Growth,H1a,136.071437317554,05.ForageFishNCC_DFA1,X05_DFA_abundSardine,1,0,1,Multi-Taxa DFA,TRUE,Negative (-),Supported
35997,Abundance,~,Growth,-0.0251180600435995,0.171221478999572,-0.146699235343378,0.883369422182527,-0.360705992262443,0.310469872175244,DAG1A_long,Growth -> CPUE,H1b,136.071437317554,06.Cond1NCC_DFA1,X06_DFA_IGF_mu,0,0,1,Multi-Taxa DFA,FALSE,Positive (+),NS
35997,Abundance,~,PredNCC,-0.606208758740121,0.171221478999572,-3.540494815733,3.9937748156515e-4,-0.941796690958964,-0.270620826521279,DAG1A_long,PredNCC -> CPUE,H2a,136.071437317554,09.PredFishNCC_b_DFA1,X09_DFA_HakeAge5Plus,1,0,1,Multi-Taxa DFA,FALSE,Negative (-),Supported
35997,logSAR,~,Abundance,0.347814134022185,0.141360142734627,2.46048233465023,0.0138750402454659,0.070753345412875,0.624874922631496,DAG1A_long,CPUE -> SAR,H4a,136.071437317554,07.Cond2NCC_DFA1,X07_DFA_cpue_IntSprJunHW,1,1,0,Multi-Taxa DFA,FALSE,Positive (+),Supported
35997,logSAR,~,PreyAK,-0.437874156638798,0.134349768900599,-3.25921034492263,0.0011172280028533,-0.701194865015252,-0.174553448262344,DAG1A_long,PreyAK -> SAR,H1e,136.071437317554,12.ZooPreyAK_0_smoothed,X12_copepodBiomass_WGoA,1,0,1,Single-Series Straggler,FALSE,Positive (+),Flipped
35997,logSAR,~,PredAK,0.0280686954660549,0.135210291552546,0.207592892107231,0.835546854744068,-0.236938606316095,0.293075997248205,DAG1A_long,PredAK -> SAR,H2c,136.071437317554,15.PredFishAK_3_smoothed,X15_PacificCodBiomass_predAK,0,1,0,Single-Series Straggler,FALSE,Negative (-),NS
35999,Growth,~,PreyNCC,-0.933812356559096,0.0730281003956547,-12.7870278906318,0,-1.07694480319395,-0.790679909924237,DAG1A_long,PreyNCC -> Growth,H1a,135.961668527041,05.ForageFishNCC_DFA1,X05_DFA_abundSardine,1,0,1,Multi-Taxa DFA,TRUE,Negative (-),Supported
35999,Abundance,~,Growth,-0.0251180600435995,0.171221478999573,-0.146699235343378,0.883369422182527,-0.360705992262443,0.310469872175244,DAG1A_long,Growth -> CPUE,H1b,135.961668527041,06.Cond1NCC_DFA1,X06_DFA_IGF_mu,0,0,1,Multi-Taxa DFA,FALSE,Positive (+),NS
35999,Abundance,~,PredNCC,-0.606208758740121,0.171221478999573,-3.54049481573299,3.9937748156515e-4,-0.941796690958965,-0.270620826521278,DAG1A_long,PredNCC -> CPUE,H2a,135.961668527041,09.PredFishNCC_b_DFA1,X09_DFA_HakeAge5Plus,1,0,1,Multi-Taxa DFA,FALSE,Negative (-),Supported
35999,logSAR,~,Abundance,0.375006035475639,0.142734636251964,2.62729527550451,0.00860666138556043,0.0952512890753647,0.654760781875913,DAG1A_long,CPUE -> SAR,H4a,135.961668527041,07.Cond2NCC_DFA1,X07_DFA_cpue_IntSprJunHW,1,1,0,Multi-Taxa DFA,FALSE,Positive (+),Supported
35999,logSAR,~,PreyAK,-0.424815852394769,0.138370063143976,-3.07014279492481,0.00213956449503372,-0.696016192695494,-0.153615512094043,DAG1A_long,PreyAK -> SAR,H1e,135.961668527041,12.ZooPreyAK_0_smoothed,X12_copepodBiomass_WGoA,1,0,1,Single-Series Straggler,FALSE,Positive (+),Flipped
35999,logSAR,~,PredAK,0.0537592962893459,0.137110473417071,0.392087452909725,0.694993597936535,-0.21497229351135,0.322490886090041,DAG1A_long,PredAK -> SAR,H2c,135.961668527041,15.PredFishAK_4_smoothed,X15_spinyDogfishGoA_predAK,0,1,0,Single-Series Straggler,FALSE,Negative (-),NS
36001,Growth,~,PreyNCC,-0.933812356559096,0.0730281003956545,-12.7870278906318,0,-1.07694480319395,-0.790679909924238,DAG1A_long,PreyNCC -> Growth,H1a,135.486026966841,05.ForageFishNCC_DFA1,X05_DFA_abundSardine,1,0,1,Multi-Taxa DFA,TRUE,Negative (-),Supported
36001,Abundance,~,Growth,-0.0251180600435995,0.171221478999573,-0.146699235343378,0.883369422182527,-0.360705992262443,0.310469872175244,DAG1A_long,Growth -> CPUE,H1b,135.486026966841,06.Cond1NCC_DFA1,X06_DFA_IGF_mu,0,0,1,Multi-Taxa DFA,FALSE,Positive (+),NS
36001,Abundance,~,PredNCC,-0.606208758740122,0.171221478999573,-3.54049481573299,3.9937748156515e-4,-0.941796690958965,-0.270620826521278,DAG1A_long,PredNCC -> CPUE,H2a,135.486026966841,09.PredFishNCC_b_DFA1,X09_DFA_HakeAge5Plus,1,0,1,Multi-Taxa DFA,FALSE,Negative (-),Supported
36001,logSAR,~,Abundance,0.30870105482378,0.143127692768554,2.1568226864592,0.0310194827599786,0.0281759318071005,0.58922617784046,DAG1A_long,CPUE -> SAR,H4a,135.486026966841,07.Cond2NCC_DFA1,X07_DFA_cpue_IntSprJunHW,1,1,0,Multi-Taxa DFA,FALSE,Positive (+),Supported
36001,logSAR,~,PreyAK,-0.494398025962606,0.149054650254428,-3.31689098675348,9.1025125450361e-4,-0.786539772189499,-0.202256279735712,DAG1A_long,PreyAK -> SAR,H1e,135.486026966841,12.ZooPreyAK_0_smoothed,X12_copepodBiomass_WGoA,1,0,1,Single-Series Straggler,FALSE,Positive (+),Flipped
36001,logSAR,~,PredAK,0.117771621025102,0.145428770798647,0.809823395868227,0.418041684071957,-0.167263532056176,0.402806774106381,DAG1A_long,PredAK -> SAR,H2c,135.486026966841,15.PredFishAK_5_smoothed,X15_halibutBiomassAge8plus_2yrLead_predAK,0,1,0,Single-Series Straggler,FALSE,Negative (-),NS
36003,Growth,~,PreyNCC,-0.933812356559096,0.0730281003956547,-12.7870278906318,0,-1.07694480319395,-0.790679909924237,DAG1A_long,PreyNCC -> Growth,H1a,135.80391612975,05.ForageFishNCC_DFA1,X05_DFA_abundSardine,1,0,1,Multi-Taxa DFA,TRUE,Negative (-),Supported
36003,Abundance,~,Growth,-0.0251180600435995,0.171221478999572,-0.146699235343378,0.883369422182527,-0.360705992262442,0.310469872175243,DAG1A_long,Growth -> CPUE,H1b,135.80391612975,06.Cond1NCC_DFA1,X06_DFA_IGF_mu,0,0,1,Multi-Taxa DFA,FALSE,Positive (+),NS
36003,Abundance,~,PredNCC,-0.606208758740121,0.171221478999573,-3.54049481573299,3.9937748156515e-4,-0.941796690958965,-0.270620826521278,DAG1A_long,PredNCC -> CPUE,H2a,135.80391612975,09.PredFishNCC_b_DFA1,X09_DFA_HakeAge5Plus,1,0,1,Multi-Taxa DFA,FALSE,Negative (-),Supported
36003,logSAR,~,Abundance,0.386143441037549,0.138863070350145,2.78074969870595,0.00542335342482669,0.113976824368613,0.658310057706486,DAG1A_long,CPUE -> SAR,H4a,135.80391612975,07.Cond2NCC_DFA1,X07_DFA_cpue_IntSprJunHW,1,1,0,Multi-Taxa DFA,FALSE,Positive (+),Supported
36003,logSAR,~,PreyAK,-0.376599380117476,0.167946686608913,-2.2423745756559,0.0249371735659858,-0.705768837193782,-0.0474299230411713,DAG1A_long,PreyAK -> SAR,H1e,135.80391612975,12.ZooPreyAK_0_smoothed,X12_copepodBiomass_WGoA,1,0,1,Single-Series Straggler,FALSE,Positive (+),Flipped
36003,logSAR,~,PredAK,-0.0927507399187925,0.159765237797146,-0.580543935574759,0.561547867336877,-0.405884851982677,0.220383372145092,DAG1A_long,PredAK -> SAR,H2c,135.80391612975,15.PredFishAK_b_DFA1,X15_DFA_sleeperSharks,0,0,1,Multi-Taxa DFA,FALSE,Negative (-),NS
36005,Growth,~,PreyNCC,-0.933812356559096,0.0730281003956549,-12.7870278906318,0,-1.07694480319395,-0.790679909924237,DAG1A_long,PreyNCC -> Growth,H1a,136.05926922559,05.ForageFishNCC_DFA1,X05_DFA_abundSardine,1,0,1,Multi-Taxa DFA,TRUE,Negative (-),Supported
36005,Abundance,~,Growth,-0.0251180600435995,0.171221478999573,-0.146699235343378,0.883369422182527,-0.360705992262443,0.310469872175244,DAG1A_long,Growth -> CPUE,H1b,136.05926922559,06.Cond1NCC_DFA1,X06_DFA_IGF_mu,0,0,1,Multi-Taxa DFA,FALSE,Positive (+),NS
36005,Abundance,~,PredNCC,-0.606208758740121,0.171221478999572,-3.54049481573299,3.9937748156515e-4,-0.941796690958965,-0.270620826521278,DAG1A_long,PredNCC -> CPUE,H2a,136.05926922559,09.PredFishNCC_b_DFA1,X09_DFA_HakeAge5Plus,1,0,1,Multi-Taxa DFA,FALSE,Negative (-),Supported
36005,logSAR,~,Abundance,0.35789790284013,0.134348439226487,2.66395281479065,0.00772283945275709,0.0945798005770482,0.621216005103213,DAG1A_long,CPUE -> SAR,H4a,136.05926922559,07.Cond2NCC_DFA1,X07_DFA_cpue_IntSprJunHW,1,1,0,Multi-Taxa DFA,FALSE,Positive (+),Supported
36005,logSAR,~,PreyAK,-0.428770759438169,0.139941754467462,-3.06392299474753,0.00218455132900397,-0.703051558127742,-0.154489960748596,DAG1A_long,PreyAK -> SAR,H1e,136.05926922559,12.ZooPreyAK_0_smoothed,X12_copepodBiomass_WGoA,1,0,1,Single-Series Straggler,FALSE,Positive (+),Flipped
36005,logSAR,~,PredAK,-0.0316296848208969,0.133124441486573,-0.237594873395861,0.812195327108926,-0.292548795596589,0.229289425954795,DAG1A_long,PredAK -> SAR,H2c,136.05926922559,15.PredFishAK_b_2_smoothed,X15_salmonSharkGoA_predAK,0,0,1,Single-Series Straggler,FALSE,Negative (-),NS
36007,Growth,~,PreyNCC,-0.933812356559096,0.0730281003956551,-12.7870278906317,0,-1.07694480319395,-0.790679909924236,DAG1A_long,PreyNCC -> Growth,H1a,134.471660471007,05.ForageFishNCC_DFA1,X05_DFA_abundSardine,1,0,1,Multi-Taxa DFA,TRUE,Negative (-),Supported
36007,Abundance,~,Growth,-0.0251180600435995,0.171221478999573,-0.146699235343378,0.883369422182527,-0.360705992262443,0.310469872175244,DAG1A_long,Growth -> CPUE,H1b,134.471660471007,06.Cond1NCC_DFA1,X06_DFA_IGF_mu,0,0,1,Multi-Taxa DFA,FALSE,Positive (+),NS
36007,Abundance,~,PredNCC,-0.606208758740121,0.171221478999572,-3.54049481573299,3.9937748156515e-4,-0.941796690958964,-0.270620826521279,DAG1A_long,PredNCC -> CPUE,H2a,134.471660471007,09.PredFishNCC_b_DFA1,X09_DFA_HakeAge5Plus,1,0,1,Multi-Taxa DFA,FALSE,Negative (-),Supported
36007,logSAR,~,Abundance,0.396562522662125,0.134187720734767,2.95528175373039,0.00312383624744528,0.133559422854464,0.659565622469787,DAG1A_long,CPUE -> SAR,H4a,134.471660471007,07.Cond2NCC_DFA1,X07_DFA_cpue_IntSprJunHW,1,1,0,Multi-Taxa DFA,FALSE,Positive (+),Supported
36007,logSAR,~,PreyAK,-0.442309380088887,0.129967785944169,-3.40322316699996,6.6595861448703e-4,-0.697041559689869,-0.187577200487905,DAG1A_long,PreyAK -> SAR,H1e,134.471660471007,12.ZooPreyAK_0_smoothed,X12_copepodBiomass_WGoA,1,0,1,Single-Series Straggler,FALSE,Positive (+),Flipped
36007,logSAR,~,PredAK,0.166516187665092,0.128318123334748,1.29768253569837,0.194396447316964,-0.0849827126347829,0.418015087964968,DAG1A_long,PredAK -> SAR,H2c,134.471660471007,15.PredFishAK_b_3_smoothed,X15_sharkCatchGoA_predAK,0,1,0,Single-Series Straggler,FALSE,Negative (-),NS
36127,Growth,~,PreyNCC,-0.933812356559096,0.0730281003956548,-12.7870278906318,0,-1.07694480319395,-0.790679909924237,DAG1A_long,PreyNCC -> Growth,H1a,139.093385551713,05.ForageFishNCC_DFA1,X05_DFA_abundSardine,1,0,1,Multi-Taxa DFA,TRUE,Negative (-),Supported
36127,Abundance,~,Growth,-0.118558617310201,0.170663585159862,-0.694691941453979,0.487248379324291,-0.453053097696014,0.215935863075613,DAG1A_long,Growth -> CPUE,H1b,139.093385551713,06.Cond1NCC_DFA1,X06_DFA_IGF_mu,0,0,1,Multi-Taxa DFA,FALSE,Positive (+),NS
36127,Abundance,~,PredNCC,0.528507469453769,0.170663585159862,3.09677936836211,0.00195635422528651,0.194012989067957,0.863001949839582,DAG1A_long,PredNCC -> CPUE,H2a,139.093385551713,08.PredBirdNCC_b_2_smoothed,X08_Loons_8_WS,1,1,0,Single-Series Straggler,FALSE,Negative (-),Flipped
36127,logSAR,~,Abundance,0.460846001722272,0.132431716841846,3.47987636732542,5.0164521637219e-4,0.201284606301447,0.720407397143097,DAG1A_long,CPUE -> SAR,H4a,139.093385551713,07.Cond2NCC_DFA1,X07_DFA_cpue_IntSprJunHW,1,1,0,Multi-Taxa DFA,FALSE,Positive (+),Supported
36127,logSAR,~,PreyAK,0.172248991505789,0.13021442594102,1.32281035884464,0.185898451489526,-0.0829665936061677,0.427464576617745,DAG1A_long,PreyAK -> SAR,H1e,139.093385551713,12.ZooPreyAK_1_smoothed,X12_copepodCom_EGoA,0,1,0,Single-Series Straggler,FALSE,Positive (+),NS
36127,logSAR,~,PredAK,-0.379989723874684,0.131866118586691,-2.88163273437728,0.00395620564541854,-0.638442567085686,-0.121536880663682,DAG1A_long,PredAK -> SAR,H2c,139.093385551713,10.PredMammalNCC_2_smoothed,X10_Harbour_s_2yrLead_WS,1,0,1,Single-Series Straggler,FALSE,Negative (-),Supported
36183,Growth,~,PreyNCC,-0.933812356559096,0.073028100395655,-12.7870278906318,0,-1.07694480319395,-0.790679909924237,DAG1A_long,PreyNCC -> Growth,H1a,136.681909361037,05.ForageFishNCC_DFA1,X05_DFA_abundSardine,1,0,1,Multi-Taxa DFA,TRUE,Negative (-),Supported
36183,Abundance,~,Growth,-0.0251180600435995,0.171221478999573,-0.146699235343378,0.883369422182527,-0.360705992262443,0.310469872175244,DAG1A_long,Growth -> CPUE,H1b,136.681909361037,06.Cond1NCC_DFA1,X06_DFA_IGF_mu,0,0,1,Multi-Taxa DFA,FALSE,Positive (+),NS
36183,Abundance,~,PredNCC,-0.606208758740121,0.171221478999572,-3.540494815733,3.9937748156515e-4,-0.941796690958964,-0.270620826521279,DAG1A_long,PredNCC -> CPUE,H2a,136.681909361037,09.PredFishNCC_b_DFA1,X09_DFA_HakeAge5Plus,1,0,1,Multi-Taxa DFA,FALSE,Negative (-),Supported
36183,logSAR,~,Abundance,0.460846001722272,0.130633658978845,3.52777381667693,4.1907007924479e-4,0.204808734955048,0.716883268489495,DAG1A_long,CPUE -> SAR,H4a,136.681909361037,07.Cond2NCC_DFA1,X07_DFA_cpue_IntSprJunHW,1,1,0,Multi-Taxa DFA,FALSE,Positive (+),Supported
36183,logSAR,~,PreyAK,0.172248991505789,0.130906708941155,1.31581484936129,0.18823619399999,-0.084323443353542707,0.42882142636512,DAG1A_long,PreyAK -> SAR,H1e,136.681909361037,12.ZooPreyAK_1_smoothed,X12_copepodCom_EGoA,0,1,0,Single-Series Straggler,FALSE,Positive (+),NS
36183,logSAR,~,PredAK,-0.379989723874684,0.129765078641911,-2.92828955102222,0.00340832476398112,-0.634324604463837,-0.125654843285531,DAG1A_long,PredAK -> SAR,H2c,136.681909361037,10.PredMammalNCC_2_smoothed,X10_Harbour_s_2yrLead_WS,1,0,1,Single-Series Straggler,FALSE,Negative (-),Supported
36199,Growth,~,PreyNCC,-0.933812356559096,0.0730281003956545,-12.7870278906318,0,-1.07694480319395,-0.790679909924238,DAG1A_long,PreyNCC -> Growth,H1a,139.290902947137,05.ForageFishNCC_DFA1,X05_DFA_abundSardine,1,0,1,Multi-Taxa DFA,TRUE,Negative (-),Supported
36199,Abundance,~,Growth,-0.0251180600435999,0.171221478999572,-0.14669923534338,0.883369422182525,-0.360705992262442,0.310469872175243,DAG1A_long,Growth -> CPUE,H1b,139.290902947137,06.Cond1NCC_DFA1,X06_DFA_IGF_mu,0,0,1,Multi-Taxa DFA,FALSE,Positive (+),NS
36199,Abundance,~,PredNCC,-0.606208758740122,0.171221478999572,-3.540494815733,3.9937748156515e-4,-0.941796690958964,-0.270620826521279,DAG1A_long,PredNCC -> CPUE,H2a,139.290902947137,09.PredFishNCC_b_DFA1,X09_DFA_HakeAge5Plus,1,0,1,Multi-Taxa DFA,FALSE,Negative (-),Supported
36199,logSAR,~,Abundance,0.551099977826755,0.137857005111311,3.99762041386126,6.39824450188176e-5,0.28090521279203,0.821294742861479,DAG1A_long,CPUE -> SAR,H4a,139.290902947137,07.Cond2NCC_DFA1,X07_DFA_cpue_IntSprJunHW,1,1,0,Multi-Taxa DFA,FALSE,Positive (+),Supported
36199,logSAR,~,PreyAK,0.12768908062807,0.138649886208034,0.920946162454699,0.357078535860541,-0.144059702800254,0.399437864056393,DAG1A_long,PreyAK -> SAR,H1e,139.290902947137,12.ZooPreyAK_1_smoothed,X12_copepodCom_EGoA,0,1,0,Single-Series Straggler,FALSE,Positive (+),NS
36199,logSAR,~,PredAK,-0.310391353474678,0.137375564965763,-2.25943641106797,0.0238562516280276,-0.579642513163415,-0.0411401937859404,DAG1A_long,PredAK -> SAR,H2c,139.290902947137,15.PredFishAK_b_DFA1,X15_DFA_sleeperSharks,1,0,1,Multi-Taxa DFA,FALSE,Negative (-),Supported
36323,Growth,~,PreyNCC,-0.933812356559096,0.0730281003956547,-12.7870278906318,0,-1.07694480319395,-0.790679909924237,DAG1A_long,PreyNCC -> Growth,H1a,139.586376941264,05.ForageFishNCC_DFA1,X05_DFA_abundSardine,1,0,1,Multi-Taxa DFA,TRUE,Negative (-),Supported
36323,Abundance,~,Growth,-0.118558617310201,0.170663585159862,-0.694691941453979,0.487248379324291,-0.453053097696014,0.215935863075613,DAG1A_long,Growth -> CPUE,H1b,139.586376941264,06.Cond1NCC_DFA1,X06_DFA_IGF_mu,0,0,1,Multi-Taxa DFA,FALSE,Positive (+),NS
36323,Abundance,~,PredNCC,0.528507469453769,0.170663585159862,3.09677936836211,0.00195635422528651,0.194012989067956,0.863001949839583,DAG1A_long,PredNCC -> CPUE,H2a,139.586376941264,08.PredBirdNCC_b_2_smoothed,X08_Loons_8_WS,1,1,0,Single-Series Straggler,FALSE,Negative (-),Flipped
36323,logSAR,~,Abundance,0.33670482472615,0.138274717661546,2.43504257625968,0.0148900375555319,0.0656913581370756,0.607718291315224,DAG1A_long,CPUE -> SAR,H4a,139.586376941264,07.Cond2NCC_DFA1,X07_DFA_cpue_IntSprJunHW,1,1,0,Multi-Taxa DFA,FALSE,Positive (+),Supported
36323,logSAR,~,PreyAK,-0.176670705983174,0.139360997812605,-1.26771986966352,0.20489800648358,-0.449813242545444,0.0964718305790965,DAG1A_long,PreyAK -> SAR,H1e,139.586376941264,12.ZooPreyAK_2_smoothed,X12_copepodCom_WGoA,0,0,1,Single-Series Straggler,FALSE,Positive (+),NS
36323,logSAR,~,PredAK,-0.428516308626625,0.138658044741457,-3.0904539972826,0.00199850760336839,-0.700281082486625,-0.156751534766626,DAG1A_long,PredAK -> SAR,H2c,139.586376941264,10.PredMammalNCC_2_smoothed,X10_Harbour_s_2yrLead_WS,1,0,1,Single-Series Straggler,FALSE,Negative (-),Supported
36379,Growth,~,PreyNCC,-0.933812356559096,0.0730281003956549,-12.7870278906318,0,-1.07694480319395,-0.790679909924237,DAG1A_long,PreyNCC -> Growth,H1a,137.174900750588,05.ForageFishNCC_DFA1,X05_DFA_abundSardine,1,0,1,Multi-Taxa DFA,TRUE,Negative (-),Supported
36379,Abundance,~,Growth,-0.0251180600435995,0.171221478999573,-0.146699235343378,0.883369422182527,-0.360705992262443,0.310469872175244,DAG1A_long,Growth -> CPUE,H1b,137.174900750588,06.Cond1NCC_DFA1,X06_DFA_IGF_mu,0,0,1,Multi-Taxa DFA,FALSE,Positive (+),NS
36379,Abundance,~,PredNCC,-0.606208758740121,0.171221478999572,-3.54049481573299,3.9937748156515e-4,-0.941796690958964,-0.270620826521279,DAG1A_long,PredNCC -> CPUE,H2a,137.174900750588,09.PredFishNCC_b_DFA1,X09_DFA_HakeAge5Plus,1,0,1,Multi-Taxa DFA,FALSE,Negative (-),Supported
36379,logSAR,~,Abundance,0.33670482472615,0.149310203363268,2.25506909200944,0.0241289923266237,0.0440622036097937,0.629347445842506,DAG1A_long,CPUE -> SAR,H4a,137.174900750588,07.Cond2NCC_DFA1,X07_DFA_cpue_IntSprJunHW,1,1,0,Multi-Taxa DFA,FALSE,Positive (+),Supported
36379,logSAR,~,PreyAK,-0.176670705983174,0.153365500286771,-1.15195859337873,0.249338088770874,-0.477261563016212,0.123920151049864,DAG1A_long,PreyAK -> SAR,H1e,137.174900750588,12.ZooPreyAK_2_smoothed,X12_copepodCom_WGoA,0,0,1,Single-Series Straggler,FALSE,Positive (+),NS
36379,logSAR,~,PredAK,-0.428516308626625,0.136539636121483,-3.13840230426104,0.00169871551504874,-0.696129077886936,-0.160903539366315,DAG1A_long,PredAK -> SAR,H2c,137.174900750588,10.PredMammalNCC_2_smoothed,X10_Harbour_s_2yrLead_WS,1,0,1,Single-Series Straggler,FALSE,Negative (-),Supported
36395,Growth,~,PreyNCC,-0.933812356559096,0.073028100395655,-12.7870278906318,0,-1.07694480319395,-0.790679909924237,DAG1A_long,PreyNCC -> Growth,H1a,139.168452942485,05.ForageFishNCC_DFA1,X05_DFA_abundSardine,1,0,1,Multi-Taxa DFA,TRUE,Negative (-),Supported
36395,Abundance,~,Growth,-0.0251180600435995,0.171221478999573,-0.146699235343378,0.883369422182527,-0.360705992262443,0.310469872175244,DAG1A_long,Growth -> CPUE,H1b,139.168452942485,06.Cond1NCC_DFA1,X06_DFA_IGF_mu,0,0,1,Multi-Taxa DFA,FALSE,Positive (+),NS
36395,Abundance,~,PredNCC,-0.606208758740121,0.171221478999572,-3.54049481573299,3.9937748156515e-4,-0.941796690958965,-0.270620826521278,DAG1A_long,PredNCC -> CPUE,H2a,139.168452942485,09.PredFishNCC_b_DFA1,X09_DFA_HakeAge5Plus,1,0,1,Multi-Taxa DFA,FALSE,Negative (-),Supported
36395,logSAR,~,Abundance,0.45470140272686,0.155240748940351,2.929008046087,0.00340045619861451,0.150435125870747,0.758967679582972,DAG1A_long,CPUE -> SAR,H4a,139.168452942485,07.Cond2NCC_DFA1,X07_DFA_cpue_IntSprJunHW,1,1,0,Multi-Taxa DFA,FALSE,Positive (+),Supported
36395,logSAR,~,PreyAK,-0.167520306951956,0.168702962661217,-0.992989715825942,0.320714966276403,-0.498172037853146,0.163131423949234,DAG1A_long,PreyAK -> SAR,H1e,139.168452942485,12.ZooPreyAK_2_smoothed,X12_copepodCom_WGoA,0,0,1,Single-Series Straggler,FALSE,Positive (+),NS
36395,logSAR,~,PredAK,-0.378134620340048,0.150123202120218,-2.51882863541134,0.0117745946499559,-0.672370689739502,-0.0838985509405946,DAG1A_long,PredAK -> SAR,H2c,139.168452942485,15.PredFishAK_b_DFA1,X15_DFA_sleeperSharks,1,0,1,Multi-Taxa DFA,FALSE,Negative (-),Supported
36575,Growth,~,PreyNCC,-0.933812356559096,0.0730281003956549,-12.7870278906318,0,-1.07694480319395,-0.790679909924237,DAG1A_long,PreyNCC -> Growth,H1a,138.130139186873,05.ForageFishNCC_DFA1,X05_DFA_abundSardine,1,0,1,Multi-Taxa DFA,TRUE,Negative (-),Supported
36575,Abundance,~,Growth,-0.0251180600435995,0.171221478999572,-0.146699235343378,0.883369422182527,-0.360705992262442,0.310469872175243,DAG1A_long,Growth -> CPUE,H1b,138.130139186873,06.Cond1NCC_DFA1,X06_DFA_IGF_mu,0,0,1,Multi-Taxa DFA,FALSE,Positive (+),NS
36575,Abundance,~,PredNCC,-0.606208758740121,0.171221478999572,-3.54049481573299,3.9937748156515e-4,-0.941796690958964,-0.270620826521279,DAG1A_long,PredNCC -> CPUE,H2a,138.130139186873,09.PredFishNCC_b_DFA1,X09_DFA_HakeAge5Plus,1,0,1,Multi-Taxa DFA,FALSE,Negative (-),Supported
36575,logSAR,~,Abundance,0.397795909798462,0.150007074471249,2.65184766252278,0.00800526508938626,0.103787446408597,0.691804373188328,DAG1A_long,CPUE -> SAR,H4a,138.130139186873,07.Cond2NCC_DFA1,X07_DFA_cpue_IntSprJunHW,1,1,0,Multi-Taxa DFA,FALSE,Positive (+),Supported
36575,logSAR,~,PreyAK,-0.0745008285890231,0.1571464620432,-0.474085306282892,0.635439076285418,-0.382502234491585,0.233500577313539,DAG1A_long,PreyAK -> SAR,H1e,138.130139186873,13.FishPreyAK_DFA1,X13_DFA_WGOA_DFA_midTrophic,0,0,1,Multi-Taxa DFA,TRUE,Negative (-),NS
36575,logSAR,~,PredAK,-0.400326161235901,0.142736982550025,-2.80464217530729,0.00503724664555527,-0.680085506295873,-0.12056681617593,DAG1A_long,PredAK -> SAR,H2c,138.130139186873,10.PredMammalNCC_2_smoothed,X10_Harbour_s_2yrLead_WS,1,0,1,Single-Series Straggler,FALSE,Negative (-),Supported
36591,Growth,~,PreyNCC,-0.933812356559096,0.0730281003956549,-12.7870278906318,0,-1.07694480319395,-0.790679909924237,DAG1A_long,PreyNCC -> Growth,H1a,139.427201164295,05.ForageFishNCC_DFA1,X05_DFA_abundSardine,1,0,1,Multi-Taxa DFA,TRUE,Negative (-),Supported
36591,Abundance,~,Growth,-0.0251180600435995,0.171221478999572,-0.146699235343378,0.883369422182527,-0.360705992262443,0.310469872175244,DAG1A_long,Growth -> CPUE,H1b,139.427201164295,06.Cond1NCC_DFA1,X06_DFA_IGF_mu,0,0,1,Multi-Taxa DFA,FALSE,Positive (+),NS
36591,Abundance,~,PredNCC,-0.606208758740121,0.171221478999573,-3.54049481573299,3.9937748156515e-4,-0.941796690958965,-0.270620826521278,DAG1A_long,PredNCC -> CPUE,H2a,139.427201164295,09.PredFishNCC_b_DFA1,X09_DFA_HakeAge5Plus,1,0,1,Multi-Taxa DFA,FALSE,Negative (-),Supported
36591,logSAR,~,Abundance,0.475994178744861,0.156688095838169,3.03784519301631,0.00238276327289921,0.168891154095889,0.783097203393833,DAG1A_long,CPUE -> SAR,H4a,139.427201164295,07.Cond2NCC_DFA1,X07_DFA_cpue_IntSprJunHW,1,1,0,Multi-Taxa DFA,FALSE,Positive (+),Supported
36591,logSAR,~,PreyAK,-0.15571672407694,0.191842162385486,-0.81169187284307,0.416968458922111,-0.531720453068777,0.220287004914898,DAG1A_long,PreyAK -> SAR,H1e,139.427201164295,13.FishPreyAK_DFA1,X13_DFA_WGOA_DFA_midTrophic,0,0,1,Multi-Taxa DFA,TRUE,Negative (-),NS
36591,logSAR,~,PredAK,-0.404924969368078,0.174168659421173,-2.32490145307309,0.0200772302700927,-0.746289269069201,-0.0635606696669559,DAG1A_long,PredAK -> SAR,H2c,139.427201164295,15.PredFishAK_b_DFA1,X15_DFA_sleeperSharks,1,0,1,Multi-Taxa DFA,FALSE,Negative (-),Supported
36715,Growth,~,PreyNCC,-0.933812356559096,0.0730281003956548,-12.7870278906318,0,-1.07694480319395,-0.790679909924237,DAG1A_long,PreyNCC -> Growth,H1a,139.589610368748,05.ForageFishNCC_DFA1,X05_DFA_abundSardine,1,0,1,Multi-Taxa DFA,TRUE,Negative (-),Supported
36715,Abundance,~,Growth,-0.118558617310201,0.170663585159862,-0.69469194145398,0.48724837932429,-0.453053097696015,0.215935863075612,DAG1A_long,Growth -> CPUE,H1b,139.589610368748,06.Cond1NCC_DFA1,X06_DFA_IGF_mu,0,0,1,Multi-Taxa DFA,FALSE,Positive (+),NS
36715,Abundance,~,PredNCC,0.528507469453769,0.170663585159861,3.09677936836211,0.00195635422528651,0.194012989067957,0.863001949839582,DAG1A_long,PredNCC -> CPUE,H2a,139.589610368748,08.PredBirdNCC_b_2_smoothed,X08_Loons_8_WS,1,1,0,Single-Series Straggler,FALSE,Negative (-),Flipped
36715,logSAR,~,Abundance,0.409357017174488,0.1332265946363,3.07263739865158,0.00212176130886732,0.148237689904424,0.670476344444553,DAG1A_long,CPUE -> SAR,H4a,139.589610368748,07.Cond2NCC_DFA1,X07_DFA_cpue_IntSprJunHW,1,1,0,Multi-Taxa DFA,FALSE,Positive (+),Supported
36715,logSAR,~,PreyAK,-0.168812778383666,0.152351843339055,-1.10804552596044,0.267842154955243,-0.467416904306502,0.12979134753917,DAG1A_long,PreyAK -> SAR,H1e,139.589610368748,13.FishPreyAK_b_DFA1,X13_DFA_WGOA_DFA_seabirds,0,0,1,Multi-Taxa DFA,FALSE,Positive (+),NS
36715,logSAR,~,PredAK,-0.28938060718614,0.154469011530711,-1.87338938935727,0.061014634155234,-0.592134306513836,0.013373092141556,DAG1A_long,PredAK -> SAR,H2c,139.589610368748,10.PredMammalNCC_2_smoothed,X10_Harbour_s_2yrLead_WS,0,0,1,Single-Series Straggler,FALSE,Negative (-),NS
36721,Growth,~,PreyNCC,-0.933812356559096,0.0730281003956548,-12.7870278906318,0,-1.07694480319395,-0.790679909924237,DAG1A_long,PreyNCC -> Growth,H1a,135.25500226555,05.ForageFishNCC_DFA1,X05_DFA_abundSardine,1,0,1,Multi-Taxa DFA,TRUE,Negative (-),Supported
36721,Abundance,~,Growth,-0.118558617310201,0.170663585159862,-0.69469194145398,0.48724837932429,-0.453053097696014,0.215935863075612,DAG1A_long,Growth -> CPUE,H1b,135.25500226555,06.Cond1NCC_DFA1,X06_DFA_IGF_mu,0,0,1,Multi-Taxa DFA,FALSE,Positive (+),NS
36721,Abundance,~,PredNCC,0.528507469453769,0.170663585159862,3.09677936836211,0.00195635422528651,0.194012989067956,0.863001949839583,DAG1A_long,PredNCC -> CPUE,H2a,135.25500226555,08.PredBirdNCC_b_2_smoothed,X08_Loons_8_WS,1,1,0,Single-Series Straggler,FALSE,Negative (-),Flipped
36721,logSAR,~,Abundance,0.492208792137324,0.12196209753211,4.03575210739333,5.44276598917204e-5,0.253167473495427,0.731250110779221,DAG1A_long,CPUE -> SAR,H4a,135.25500226555,07.Cond2NCC_DFA1,X07_DFA_cpue_IntSprJunHW,1,1,0,Multi-Taxa DFA,FALSE,Positive (+),Supported
36721,logSAR,~,PreyAK,-0.517134169767504,0.138998929677986,-3.72041835836817,1.9889303142561e-4,-0.789567065825971,-0.244701273709036,DAG1A_long,PreyAK -> SAR,H1e,135.25500226555,13.FishPreyAK_b_DFA1,X13_DFA_WGOA_DFA_seabirds,1,0,1,Multi-Taxa DFA,FALSE,Positive (+),Flipped
36721,logSAR,~,PredAK,0.425503941382522,0.141201557331821,3.0134507679869,0.00258294946205817,0.148753974451186,0.702253908313858,DAG1A_long,PredAK -> SAR,H2c,135.25500226555,15.PredFishAK_1_smoothed,X15_sablefishBiomass_predAK,1,1,0,Single-Series Straggler,FALSE,Negative (-),Flipped
36771,Growth,~,PreyNCC,-0.933812356559096,0.0730281003956547,-12.7870278906318,0,-1.07694480319395,-0.790679909924237,DAG1A_long,PreyNCC -> Growth,H1a,137.178134178072,05.ForageFishNCC_DFA1,X05_DFA_abundSardine,1,0,1,Multi-Taxa DFA,TRUE,Negative (-),Supported
36771,Abundance,~,Growth,-0.0251180600435995,0.171221478999573,-0.146699235343378,0.883369422182527,-0.360705992262443,0.310469872175244,DAG1A_long,Growth -> CPUE,H1b,137.178134178072,06.Cond1NCC_DFA1,X06_DFA_IGF_mu,0,0,1,Multi-Taxa DFA,FALSE,Positive (+),NS
36771,Abundance,~,PredNCC,-0.606208758740121,0.171221478999573,-3.54049481573299,3.9937748156515e-4,-0.941796690958965,-0.270620826521278,DAG1A_long,PredNCC -> CPUE,H2a,137.178134178072,09.PredFishNCC_b_DFA1,X09_DFA_HakeAge5Plus,1,0,1,Multi-Taxa DFA,FALSE,Negative (-),Supported
36771,logSAR,~,Abundance,0.409357017174488,0.136321162271019,3.00288678848445,0.00267431896054759,0.14217244879265,0.676541585556327,DAG1A_long,CPUE -> SAR,H4a,137.178134178072,07.Cond2NCC_DFA1,X07_DFA_cpue_IntSprJunHW,1,1,0,Multi-Taxa DFA,FALSE,Positive (+),Supported
36771,logSAR,~,PreyAK,-0.168812778383666,0.158876545450182,-1.06254059027611,0.28799034121867,-0.480205085454164,0.142579528686832,DAG1A_long,PreyAK -> SAR,H1e,137.178134178072,13.FishPreyAK_b_DFA1,X13_DFA_WGOA_DFA_seabirds,0,0,1,Multi-Taxa DFA,FALSE,Positive (+),NS
36771,logSAR,~,PredAK,-0.28938060718614,0.153194819917102,-1.88897122854893,0.0588956840447756,-0.589636936841759,0.0108757224694787,DAG1A_long,PredAK -> SAR,H2c,137.178134178072,10.PredMammalNCC_2_smoothed,X10_Harbour_s_2yrLead_WS,0,0,1,Single-Series Straggler,FALSE,Negative (-),NS
36775,Growth,~,PreyNCC,-0.933812356559095,0.0730281003956552,-12.7870278906317,0,-1.07694480319395,-0.790679909924236,DAG1A_long,PreyNCC -> Growth,H1a,139.051711436957,05.ForageFishNCC_DFA1,X05_DFA_abundSardine,1,0,1,Multi-Taxa DFA,TRUE,Negative (-),Supported
36775,Abundance,~,Growth,-0.0251180600435996,0.171221478999572,-0.146699235343378,0.883369422182527,-0.360705992262443,0.310469872175244,DAG1A_long,Growth -> CPUE,H1b,139.051711436957,06.Cond1NCC_DFA1,X06_DFA_IGF_mu,0,0,1,Multi-Taxa DFA,FALSE,Positive (+),NS
36775,Abundance,~,PredNCC,-0.606208758740122,0.171221478999572,-3.540494815733,3.9937748156515e-4,-0.941796690958964,-0.270620826521279,DAG1A_long,PredNCC -> CPUE,H2a,139.051711436957,09.PredFishNCC_b_DFA1,X09_DFA_HakeAge5Plus,1,0,1,Multi-Taxa DFA,FALSE,Negative (-),Supported
36775,logSAR,~,Abundance,0.478245015046451,0.148915042967375,3.21152924188611,0.00132030532818961,0.186376894074162,0.770113136018741,DAG1A_long,CPUE -> SAR,H4a,139.051711436957,07.Cond2NCC_DFA1,X07_DFA_cpue_IntSprJunHW,1,1,0,Multi-Taxa DFA,FALSE,Positive (+),Supported
36775,logSAR,~,PreyAK,-0.302481232192632,0.141686366918071,-2.13486476343585,0.0327720583057458,-0.580181408452378,-0.0247810559328863,DAG1A_long,PreyAK -> SAR,H1e,139.051711436957,13.FishPreyAK_b_DFA1,X13_DFA_WGOA_DFA_seabirds,1,0,1,Multi-Taxa DFA,FALSE,Positive (+),Flipped
36775,logSAR,~,PredAK,-0.175962046938023,0.14353398150093,-1.22592604969216,0.220226504885189,-0.457283481237485,0.105359387361438,DAG1A_long,PredAK -> SAR,H2c,139.051711436957,15.PredFishAK_0_smoothed,X15_ArrowtoothFlounderBiomass_predAK,0,0,1,Single-Series Straggler,FALSE,Negative (-),NS
36777,Growth,~,PreyNCC,-0.933812356559096,0.0730281003956552,-12.7870278906317,0,-1.07694480319396,-0.790679909924236,DAG1A_long,PreyNCC -> Growth,H1a,132.843526074874,05.ForageFishNCC_DFA1,X05_DFA_abundSardine,1,0,1,Multi-Taxa DFA,TRUE,Negative (-),Supported
36777,Abundance,~,Growth,-0.0251180600435995,0.171221478999572,-0.146699235343378,0.883369422182527,-0.360705992262442,0.310469872175243,DAG1A_long,Growth -> CPUE,H1b,132.843526074874,06.Cond1NCC_DFA1,X06_DFA_IGF_mu,0,0,1,Multi-Taxa DFA,FALSE,Positive (+),NS
36777,Abundance,~,PredNCC,-0.606208758740122,0.171221478999572,-3.540494815733,3.9937748156515e-4,-0.941796690958964,-0.270620826521279,DAG1A_long,PredNCC -> CPUE,H2a,132.843526074874,09.PredFishNCC_b_DFA1,X09_DFA_HakeAge5Plus,1,0,1,Multi-Taxa DFA,FALSE,Negative (-),Supported
36777,logSAR,~,Abundance,0.492208792137324,0.126140525579718,3.90206707856357,9.53747171954511e-5,0.244977905010123,0.739439679264525,DAG1A_long,CPUE -> SAR,H4a,132.843526074874,07.Cond2NCC_DFA1,X07_DFA_cpue_IntSprJunHW,1,1,0,Multi-Taxa DFA,FALSE,Positive (+),Supported
36777,logSAR,~,PreyAK,-0.517134169767503,0.140472972614201,-3.68137841852165,2.3197640381722e-4,-0.792456136892619,-0.241812202642388,DAG1A_long,PreyAK -> SAR,H1e,132.843526074874,13.FishPreyAK_b_DFA1,X13_DFA_WGOA_DFA_seabirds,1,0,1,Multi-Taxa DFA,FALSE,Positive (+),Flipped
36777,logSAR,~,PredAK,0.425503941382521,0.141546650848392,3.00610391579149,0.00264618548837059,0.148077603587408,0.702930279177635,DAG1A_long,PredAK -> SAR,H2c,132.843526074874,15.PredFishAK_1_smoothed,X15_sablefishBiomass_predAK,1,1,0,Single-Series Straggler,FALSE,Negative (-),Flipped
36779,Growth,~,PreyNCC,-0.933812356559096,0.0730281003956548,-12.7870278906318,0,-1.07694480319395,-0.790679909924237,DAG1A_long,PreyNCC -> Growth,H1a,138.320159078604,05.ForageFishNCC_DFA1,X05_DFA_abundSardine,1,0,1,Multi-Taxa DFA,TRUE,Negative (-),Supported
36779,Abundance,~,Growth,-0.0251180600435995,0.171221478999572,-0.146699235343378,0.883369422182527,-0.360705992262443,0.310469872175244,DAG1A_long,Growth -> CPUE,H1b,138.320159078604,06.Cond1NCC_DFA1,X06_DFA_IGF_mu,0,0,1,Multi-Taxa DFA,FALSE,Positive (+),NS
36779,Abundance,~,PredNCC,-0.606208758740121,0.171221478999572,-3.540494815733,3.9937748156515e-4,-0.941796690958964,-0.270620826521279,DAG1A_long,PredNCC -> CPUE,H2a,138.320159078604,09.PredFishNCC_b_DFA1,X09_DFA_HakeAge5Plus,1,0,1,Multi-Taxa DFA,FALSE,Negative (-),Supported
36779,logSAR,~,Abundance,0.472968872808727,0.143782694873636,3.28947008000091,0.00100376227777699,0.191159969256288,0.754777776361165,DAG1A_long,CPUE -> SAR,H4a,138.320159078604,07.Cond2NCC_DFA1,X07_DFA_cpue_IntSprJunHW,1,1,0,Multi-Taxa DFA,FALSE,Positive (+),Supported
36779,logSAR,~,PreyAK,-0.402943519716366,0.149746836073393,-2.6908316080807,0.00712741608497414,-0.696441925219039,-0.109445114213692,DAG1A_long,PreyAK -> SAR,H1e,138.320159078604,13.FishPreyAK_b_DFA1,X13_DFA_WGOA_DFA_seabirds,1,0,1,Multi-Taxa DFA,FALSE,Positive (+),Flipped
36779,logSAR,~,PredAK,0.231580393480512,0.153450393707457,1.50915476907804,0.131259235952869,-0.069176851599596,0.532337638560621,DAG1A_long,PredAK -> SAR,H2c,138.320159078604,15.PredFishAK_2_smoothed,X15_sablefishRecruitment_predAK,0,1,0,Single-Series Straggler,FALSE,Negative (-),NS
36781,Growth,~,PreyNCC,-0.933812356559096,0.0730281003956548,-12.7870278906318,0,-1.07694480319395,-0.790679909924237,DAG1A_long,PreyNCC -> Growth,H1a,139.86011777492,05.ForageFishNCC_DFA1,X05_DFA_abundSardine,1,0,1,Multi-Taxa DFA,TRUE,Negative (-),Supported
36781,Abundance,~,Growth,-0.0251180600435995,0.171221478999573,-0.146699235343378,0.883369422182527,-0.360705992262443,0.310469872175244,DAG1A_long,Growth -> CPUE,H1b,139.86011777492,06.Cond1NCC_DFA1,X06_DFA_IGF_mu,0,0,1,Multi-Taxa DFA,FALSE,Positive (+),NS
36781,Abundance,~,PredNCC,-0.606208758740121,0.171221478999572,-3.54049481573299,3.9937748156515e-4,-0.941796690958965,-0.270620826521278,DAG1A_long,PredNCC -> CPUE,H2a,139.86011777492,09.PredFishNCC_b_DFA1,X09_DFA_HakeAge5Plus,1,0,1,Multi-Taxa DFA,FALSE,Negative (-),Supported
36781,logSAR,~,Abundance,0.449854241090477,0.147565231848058,3.04851105817171,0.0022997844855992,0.16063170129798,0.739076780882974,DAG1A_long,CPUE -> SAR,H4a,139.86011777492,07.Cond2NCC_DFA1,X07_DFA_cpue_IntSprJunHW,1,1,0,Multi-Taxa DFA,FALSE,Positive (+),Supported
36781,logSAR,~,PreyAK,-0.371385925224206,0.158400684166337,-2.3445979869267,0.0190476047729655,-0.681845561316731,-0.0609262891316807,DAG1A_long,PreyAK -> SAR,H1e,139.86011777492,13.FishPreyAK_b_DFA1,X13_DFA_WGOA_DFA_seabirds,1,0,1,Multi-Taxa DFA,FALSE,Positive (+),Flipped
36781,logSAR,~,PredAK,-0.132455870403379,0.161509236935518,-0.8201132821664,0.412151531098706,-0.44900815796754,0.184096417160783,DAG1A_long,PredAK -> SAR,H2c,139.86011777492,15.PredFishAK_3_smoothed,X15_PacificCodBiomass_predAK,0,0,1,Single-Series Straggler,FALSE,Negative (-),NS
36787,Growth,~,PreyNCC,-0.933812356559096,0.0730281003956547,-12.7870278906318,0,-1.07694480319395,-0.790679909924237,DAG1A_long,PreyNCC -> Growth,H1a,139.028369818118,05.ForageFishNCC_DFA1,X05_DFA_abundSardine,1,0,1,Multi-Taxa DFA,TRUE,Negative (-),Supported
36787,Abundance,~,Growth,-0.0251180600435995,0.171221478999572,-0.146699235343378,0.883369422182527,-0.360705992262442,0.310469872175243,DAG1A_long,Growth -> CPUE,H1b,139.028369818118,06.Cond1NCC_DFA1,X06_DFA_IGF_mu,0,0,1,Multi-Taxa DFA,FALSE,Positive (+),NS
36787,Abundance,~,PredNCC,-0.606208758740121,0.171221478999572,-3.54049481573299,3.9937748156515e-4,-0.941796690958964,-0.270620826521279,DAG1A_long,PredNCC -> CPUE,H2a,139.028369818118,09.PredFishNCC_b_DFA1,X09_DFA_HakeAge5Plus,1,0,1,Multi-Taxa DFA,FALSE,Negative (-),Supported
36787,logSAR,~,Abundance,0.477599309569913,0.145132570132385,3.29077965844787,9.9910137531811e-4,0.193144699126704,0.762053920013122,DAG1A_long,CPUE -> SAR,H4a,139.028369818118,07.Cond2NCC_DFA1,X07_DFA_cpue_IntSprJunHW,1,1,0,Multi-Taxa DFA,FALSE,Positive (+),Supported
36787,logSAR,~,PreyAK,-0.184119290784353,0.174613421015069,-1.05443951395044,0.291681739461727,-0.526355307191217,0.158116725622511,DAG1A_long,PreyAK -> SAR,H1e,139.028369818118,13.FishPreyAK_b_DFA1,X13_DFA_WGOA_DFA_seabirds,0,0,1,Multi-Taxa DFA,FALSE,Positive (+),NS
36787,logSAR,~,PredAK,-0.212927996127333,0.168289088347121,-1.26525134944066,0.205781240377576,-0.542768548278769,0.116912556024103,DAG1A_long,PredAK -> SAR,H2c,139.028369818118,15.PredFishAK_b_DFA1,X15_DFA_sleeperSharks,0,0,1,Multi-Taxa DFA,FALSE,Negative (-),NS
36789,Growth,~,PreyNCC,-0.933812356559096,0.0730281003956548,-12.7870278906318,0,-1.07694480319395,-0.790679909924237,DAG1A_long,PreyNCC -> Growth,H1a,138.429406591298,05.ForageFishNCC_DFA1,X05_DFA_abundSardine,1,0,1,Multi-Taxa DFA,TRUE,Negative (-),Supported
36789,Abundance,~,Growth,-0.0251180600435995,0.171221478999572,-0.146699235343378,0.883369422182527,-0.360705992262442,0.310469872175243,DAG1A_long,Growth -> CPUE,H1b,138.429406591298,06.Cond1NCC_DFA1,X06_DFA_IGF_mu,0,0,1,Multi-Taxa DFA,FALSE,Positive (+),NS
36789,Abundance,~,PredNCC,-0.606208758740121,0.171221478999572,-3.54049481573299,3.9937748156515e-4,-0.941796690958964,-0.270620826521279,DAG1A_long,PredNCC -> CPUE,H2a,138.429406591298,09.PredFishNCC_b_DFA1,X09_DFA_HakeAge5Plus,1,0,1,Multi-Taxa DFA,FALSE,Negative (-),Supported
36789,logSAR,~,Abundance,0.410201227958628,0.139667884228278,2.93697602870664,0.00331429721548027,0.136457205074293,0.683945250842964,DAG1A_long,CPUE -> SAR,H4a,138.429406591298,07.Cond2NCC_DFA1,X07_DFA_cpue_IntSprJunHW,1,1,0,Multi-Taxa DFA,FALSE,Positive (+),Supported
36789,logSAR,~,PreyAK,-0.347245280291238,0.141239217691592,-2.45856133987854,0.0139494944350125,-0.624069060171371,-0.0704215004111049,DAG1A_long,PreyAK -> SAR,H1e,138.429406591298,13.FishPreyAK_b_DFA1,X13_DFA_WGOA_DFA_seabirds,1,0,1,Multi-Taxa DFA,FALSE,Positive (+),Flipped
36789,logSAR,~,PredAK,-0.201345056756487,0.13612355242701,-1.47913460357603,0.139104343468833,-0.468142316961076,0.0654522034481024,DAG1A_long,PredAK -> SAR,H2c,138.429406591298,15.PredFishAK_b_2_smoothed,X15_salmonSharkGoA_predAK,0,0,1,Single-Series Straggler,FALSE,Negative (-),NS
36791,Growth,~,PreyNCC,-0.933812356559096,0.0730281003956546,-12.7870278906318,0,-1.07694480319395,-0.790679909924237,DAG1A_long,PreyNCC -> Growth,H1a,139.46613910559,05.ForageFishNCC_DFA1,X05_DFA_abundSardine,1,0,1,Multi-Taxa DFA,TRUE,Negative (-),Supported
36791,Abundance,~,Growth,-0.0251180600435995,0.171221478999572,-0.146699235343378,0.883369422182527,-0.360705992262442,0.310469872175243,DAG1A_long,Growth -> CPUE,H1b,139.46613910559,06.Cond1NCC_DFA1,X06_DFA_IGF_mu,0,0,1,Multi-Taxa DFA,FALSE,Positive (+),NS
36791,Abundance,~,PredNCC,-0.606208758740121,0.171221478999572,-3.540494815733,3.9937748156515e-4,-0.941796690958964,-0.270620826521279,DAG1A_long,PredNCC -> CPUE,H2a,139.46613910559,09.PredFishNCC_b_DFA1,X09_DFA_HakeAge5Plus,1,0,1,Multi-Taxa DFA,FALSE,Negative (-),Supported
36791,logSAR,~,Abundance,0.461780883503265,0.147790350518233,3.12456721216244,0.00178066836098756,0.172117119224978,0.751444647781552,DAG1A_long,CPUE -> SAR,H4a,139.46613910559,07.Cond2NCC_DFA1,X07_DFA_cpue_IntSprJunHW,1,1,0,Multi-Taxa DFA,FALSE,Positive (+),Supported
36791,logSAR,~,PreyAK,-0.310482239440511,0.142476467980038,-2.1791825965535,0.029318106262932,-0.589730985325859,-0.0312334935551628,DAG1A_long,PreyAK -> SAR,H1e,139.46613910559,13.FishPreyAK_b_DFA1,X13_DFA_WGOA_DFA_seabirds,1,0,1,Multi-Taxa DFA,FALSE,Positive (+),Flipped
36791,logSAR,~,PredAK,0.147702005058544,0.142515764154663,1.0363906472708,0.300019931890204,-0.1316237599138,0.427027770030888,DAG1A_long,PredAK -> SAR,H2c,139.46613910559,15.PredFishAK_b_3_smoothed,X15_sharkCatchGoA_predAK,0,1,0,Single-Series Straggler,FALSE,Negative (-),NS
36929,Growth,~,PreyNCC,-0.933812356559095,0.0730281003956548,-12.7870278906318,0,-1.07694480319395,-0.790679909924237,DAG1A_long,PreyNCC -> Growth,H1a,139.893058186059,05.ForageFishNCC_DFA1,X05_DFA_abundSardine,1,0,1,Multi-Taxa DFA,TRUE,Negative (-),Supported
36929,Abundance,~,Growth,-0.118558617310201,0.170663585159862,-0.69469194145398,0.48724837932429,-0.453053097696014,0.215935863075612,DAG1A_long,Growth -> CPUE,H1b,139.893058186059,06.Cond1NCC_DFA1,X06_DFA_IGF_mu,0,0,1,Multi-Taxa DFA,FALSE,Positive (+),NS
36929,Abundance,~,PredNCC,0.528507469453769,0.170663585159862,3.09677936836211,0.00195635422528651,0.194012989067956,0.863001949839582,DAG1A_long,PredNCC -> CPUE,H2a,139.893058186059,08.PredBirdNCC_b_2_smoothed,X08_Loons_8_WS,1,1,0,Single-Series Straggler,FALSE,Negative (-),Flipped
36929,logSAR,~,Abundance,0.469952860340047,0.13170981141968,3.56809303175288,3.5958883721365e-4,0.211806373546912,0.728099347133182,DAG1A_long,CPUE -> SAR,H4a,139.893058186059,07.Cond2NCC_DFA1,X07_DFA_cpue_IntSprJunHW,1,1,0,Multi-Taxa DFA,FALSE,Positive (+),Supported
36929,logSAR,~,PreyAK,-0.366629041035271,0.134361402301965,-2.72867828672483,0.00635887063173524,-0.629972550459418,-0.103285531611123,DAG1A_long,PreyAK -> SAR,H1e,139.893058186059,13.FishPreyAK_b_0_smoothed,X13_ammod_WAI,1,0,1,Single-Series Straggler,FALSE,Positive (+),Flipped
36929,logSAR,~,PredAK,-0.222726235819348,0.134315854244922,-1.65822744508784,0.0972715672062805,-0.485980472692126,0.0405280010534304,DAG1A_long,PredAK -> SAR,H2c,139.893058186059,15.PredFishAK_b_2_smoothed,X15_salmonSharkGoA_predAK,0,0,1,Single-Series Straggler,FALSE,Negative (-),NS
36961,Growth,~,PreyNCC,-0.933812356559095,0.0730281003956547,-12.7870278906318,0,-1.07694480319395,-0.790679909924237,DAG1A_long,PreyNCC -> Growth,H1a,139.3037743137,05.ForageFishNCC_DFA1,X05_DFA_abundSardine,1,0,1,Multi-Taxa DFA,TRUE,Negative (-),Supported
36961,Abundance,~,Growth,-0.0251180600435995,0.171221478999572,-0.146699235343378,0.883369422182527,-0.360705992262442,0.310469872175243,DAG1A_long,Growth -> CPUE,H1b,139.3037743137,06.Cond1NCC_DFA1,X06_DFA_IGF_mu,0,0,1,Multi-Taxa DFA,FALSE,Positive (+),NS
36961,Abundance,~,PredNCC,-0.606208758740122,0.171221478999572,-3.540494815733,3.9937748156515e-4,-0.941796690958964,-0.270620826521279,DAG1A_long,PredNCC -> CPUE,H2a,139.3037743137,09.PredFishNCC_b_DFA1,X09_DFA_HakeAge5Plus,1,0,1,Multi-Taxa DFA,FALSE,Negative (-),Supported
36961,logSAR,~,Abundance,0.427897490312158,0.14159638604361,3.02195205872253,0.00251150321120508,0.150373673325653,0.705421307298664,DAG1A_long,CPUE -> SAR,H4a,139.3037743137,07.Cond2NCC_DFA1,X07_DFA_cpue_IntSprJunHW,1,1,0,Multi-Taxa DFA,FALSE,Positive (+),Supported
36961,logSAR,~,PreyAK,-0.452089485254253,0.192576775915853,-2.34758050706901,0.0188957891395194,-0.829533030308165,-0.0746459402003405,DAG1A_long,PreyAK -> SAR,H1e,139.3037743137,13.FishPreyAK_b_0_smoothed,X13_ammod_WAI,1,0,1,Single-Series Straggler,FALSE,Positive (+),Flipped
36961,logSAR,~,PredAK,-0.184273410473097,0.197675046461672,-0.932203703864192,0.351231261691948,-0.571709382180257,0.203162561234062,DAG1A_long,PredAK -> SAR,H2c,139.3037743137,10.PredMammalNCC_DFA1,X10_DFA_ssl.est.wholerange_2yrLead,0,0,1,Multi-Taxa DFA,FALSE,Negative (-),NS
36963,Growth,~,PreyNCC,-0.933812356559096,0.0730281003956547,-12.7870278906318,0,-1.07694480319395,-0.790679909924238,DAG1A_long,PreyNCC -> Growth,H1a,140.01561452424,05.ForageFishNCC_DFA1,X05_DFA_abundSardine,1,0,1,Multi-Taxa DFA,TRUE,Negative (-),Supported
36963,Abundance,~,Growth,-0.0251180600435993,0.171221478999572,-0.146699235343377,0.883369422182528,-0.360705992262442,0.310469872175243,DAG1A_long,Growth -> CPUE,H1b,140.01561452424,06.Cond1NCC_DFA1,X06_DFA_IGF_mu,0,0,1,Multi-Taxa DFA,FALSE,Positive (+),NS
36963,Abundance,~,PredNCC,-0.606208758740121,0.171221478999572,-3.54049481573299,3.9937748156515e-4,-0.941796690958964,-0.270620826521279,DAG1A_long,PredNCC -> CPUE,H2a,140.01561452424,09.PredFishNCC_b_DFA1,X09_DFA_HakeAge5Plus,1,0,1,Multi-Taxa DFA,FALSE,Negative (-),Supported
36963,logSAR,~,Abundance,0.48187920388384,0.139036233186448,3.46585341705595,5.2855135769824e-4,0.209373194292289,0.754385213475391,DAG1A_long,CPUE -> SAR,H4a,140.01561452424,07.Cond2NCC_DFA1,X07_DFA_cpue_IntSprJunHW,1,1,0,Multi-Taxa DFA,FALSE,Positive (+),Supported
36963,logSAR,~,PreyAK,-0.297100754074139,0.167071551619501,-1.77828452057939,0.0753571373662303,-0.624554978089586,0.0303534699413081,DAG1A_long,PreyAK -> SAR,H1e,140.01561452424,13.FishPreyAK_b_0_smoothed,X13_ammod_WAI,0,0,1,Single-Series Straggler,FALSE,Positive (+),NS
36963,logSAR,~,PredAK,0.0426521691603707,0.166529369511669,0.256124005545953,0.797855086315798,-0.283739397450662,0.369043735771404,DAG1A_long,PredAK -> SAR,H2c,140.01561452424,10.PredMammalNCC_0_smoothed,X10_Californian_s_l_2yrLead_WS,0,1,0,Single-Series Straggler,FALSE,Negative (-),NS
36967,Growth,~,PreyNCC,-0.933812356559096,0.0730281003956551,-12.7870278906317,0,-1.07694480319396,-0.790679909924237,DAG1A_long,PreyNCC -> Growth,H1a,137.97238819654,05.ForageFishNCC_DFA1,X05_DFA_abundSardine,1,0,1,Multi-Taxa DFA,TRUE,Negative (-),Supported
36967,Abundance,~,Growth,-0.0251180600435996,0.171221478999572,-0.146699235343378,0.883369422182526,-0.360705992262443,0.310469872175243,DAG1A_long,Growth -> CPUE,H1b,137.97238819654,06.Cond1NCC_DFA1,X06_DFA_IGF_mu,0,0,1,Multi-Taxa DFA,FALSE,Positive (+),NS
36967,Abundance,~,PredNCC,-0.606208758740122,0.171221478999572,-3.540494815733,3.9937748156515e-4,-0.941796690958966,-0.270620826521279,DAG1A_long,PredNCC -> CPUE,H2a,137.97238819654,09.PredFishNCC_b_DFA1,X09_DFA_HakeAge5Plus,1,0,1,Multi-Taxa DFA,FALSE,Negative (-),Supported
36967,logSAR,~,Abundance,0.441823660497143,0.135002204935154,3.27271440277116,0.00106520049990011,0.177224200990745,0.70642312000354,DAG1A_long,CPUE -> SAR,H4a,137.97238819654,07.Cond2NCC_DFA1,X07_DFA_cpue_IntSprJunHW,1,1,0,Multi-Taxa DFA,FALSE,Positive (+),Supported
36967,logSAR,~,PreyAK,-0.117015081648135,0.19316201000587,-0.605787243799022,0.544656041449215,-0.495605664441007,0.261575501144736,DAG1A_long,PreyAK -> SAR,H1e,137.97238819654,13.FishPreyAK_b_0_smoothed,X13_ammod_WAI,0,0,1,Single-Series Straggler,FALSE,Positive (+),NS
36967,logSAR,~,PredAK,-0.287226270108991,0.192718806326782,-1.49039045842759,0.1361215998821,-0.664948189653034,0.0904956494350518,DAG1A_long,PredAK -> SAR,H2c,137.97238819654,10.PredMammalNCC_2_smoothed,X10_Harbour_s_2yrLead_WS,0,0,1,Single-Series Straggler,FALSE,Negative (-),NS
36969,Growth,~,PreyNCC,-0.933812356559096,0.0730281003956546,-12.7870278906318,0,-1.07694480319395,-0.790679909924237,DAG1A_long,PreyNCC -> Growth,H1a,139.463880409949,05.ForageFishNCC_DFA1,X05_DFA_abundSardine,1,0,1,Multi-Taxa DFA,TRUE,Negative (-),Supported
36969,Abundance,~,Growth,-0.0251180600435995,0.171221478999573,-0.146699235343378,0.883369422182527,-0.360705992262443,0.310469872175244,DAG1A_long,Growth -> CPUE,H1b,139.463880409949,06.Cond1NCC_DFA1,X06_DFA_IGF_mu,0,0,1,Multi-Taxa DFA,FALSE,Positive (+),NS
36969,Abundance,~,PredNCC,-0.606208758740121,0.171221478999572,-3.54049481573299,3.9937748156515e-4,-0.941796690958964,-0.270620826521279,DAG1A_long,PredNCC -> CPUE,H2a,139.463880409949,09.PredFishNCC_b_DFA1,X09_DFA_HakeAge5Plus,1,0,1,Multi-Taxa DFA,FALSE,Negative (-),Supported
36969,logSAR,~,Abundance,0.455410499604974,0.143412942009028,3.1755188424787,0.00149568807658951,0.174326298350348,0.7364947008596,DAG1A_long,CPUE -> SAR,H4a,139.463880409949,07.Cond2NCC_DFA1,X07_DFA_cpue_IntSprJunHW,1,1,0,Multi-Taxa DFA,FALSE,Positive (+),Supported
36969,logSAR,~,PreyAK,-0.268358219141062,0.15553239910672,-1.72541683072043,0.0844523803065367,-0.573196119819342,0.0364796815372192,DAG1A_long,PreyAK -> SAR,H1e,139.463880409949,13.FishPreyAK_b_0_smoothed,X13_ammod_WAI,0,0,1,Single-Series Straggler,FALSE,Positive (+),NS
36969,logSAR,~,PredAK,0.123101641069168,0.158845566328398,0.774976877948655,0.438353322592542,-0.188229948038361,0.434433230176696,DAG1A_long,PredAK -> SAR,H2c,139.463880409949,10.PredMammalNCC_3_smoothed,X10_Northern_f_s_2yrLead_WS,0,1,0,Single-Series Straggler,FALSE,Negative (-),NS
36973,Growth,~,PreyNCC,-0.933812356559096,0.0730281003956548,-12.7870278906318,0,-1.07694480319395,-0.790679909924237,DAG1A_long,PreyNCC -> Growth,H1a,139.145241687848,05.ForageFishNCC_DFA1,X05_DFA_abundSardine,1,0,1,Multi-Taxa DFA,TRUE,Negative (-),Supported
36973,Abundance,~,Growth,-0.0251180600435995,0.171221478999572,-0.146699235343378,0.883369422182526,-0.360705992262442,0.310469872175243,DAG1A_long,Growth -> CPUE,H1b,139.145241687848,06.Cond1NCC_DFA1,X06_DFA_IGF_mu,0,0,1,Multi-Taxa DFA,FALSE,Positive (+),NS
36973,Abundance,~,PredNCC,-0.606208758740122,0.171221478999572,-3.540494815733,3.9937748156515e-4,-0.941796690958964,-0.270620826521279,DAG1A_long,PredNCC -> CPUE,H2a,139.145241687848,09.PredFishNCC_b_DFA1,X09_DFA_HakeAge5Plus,1,0,1,Multi-Taxa DFA,FALSE,Negative (-),Supported
36973,logSAR,~,Abundance,0.516550297223447,0.14258516103925,3.62274933421194,2.9148826460834e-4,0.237088516856672,0.796012077590221,DAG1A_long,CPUE -> SAR,H4a,139.145241687848,07.Cond2NCC_DFA1,X07_DFA_cpue_IntSprJunHW,1,1,0,Multi-Taxa DFA,FALSE,Positive (+),Supported
36973,logSAR,~,PreyAK,-0.3062882383303,0.136981161068731,-2.23598804346985,0.0253525543729367,-0.574766380585492,-0.0378100960751079,DAG1A_long,PreyAK -> SAR,H1e,139.145241687848,13.FishPreyAK_b_0_smoothed,X13_ammod_WAI,1,0,1,Single-Series Straggler,FALSE,Positive (+),Flipped
36973,logSAR,~,PredAK,0.138774160986813,0.14281892404611,0.971679081842188,0.331210226470183,-0.141145786454324,0.41869410842795,DAG1A_long,PredAK -> SAR,H2c,139.145241687848,15.PredFishAK_1_smoothed,X15_sablefishBiomass_predAK,0,1,0,Single-Series Straggler,FALSE,Negative (-),NS
36975,Growth,~,PreyNCC,-0.933812356559096,0.073028100395655,-12.7870278906318,0,-1.07694480319395,-0.790679909924237,DAG1A_long,PreyNCC -> Growth,H1a,140.020380559573,05.ForageFishNCC_DFA1,X05_DFA_abundSardine,1,0,1,Multi-Taxa DFA,TRUE,Negative (-),Supported
36975,Abundance,~,Growth,-0.0251180600435995,0.171221478999572,-0.146699235343378,0.883369422182527,-0.360705992262443,0.310469872175244,DAG1A_long,Growth -> CPUE,H1b,140.020380559573,06.Cond1NCC_DFA1,X06_DFA_IGF_mu,0,0,1,Multi-Taxa DFA,FALSE,Positive (+),NS
36975,Abundance,~,PredNCC,-0.606208758740121,0.171221478999572,-3.540494815733,3.9937748156515e-4,-0.941796690958964,-0.270620826521279,DAG1A_long,PredNCC -> CPUE,H2a,140.020380559573,09.PredFishNCC_b_DFA1,X09_DFA_HakeAge5Plus,1,0,1,Multi-Taxa DFA,FALSE,Negative (-),Supported
36975,logSAR,~,Abundance,0.467250661425627,0.147409566029006,3.16974450174886,0.00152573032730818,0.178333221032097,0.756168101819157,DAG1A_long,CPUE -> SAR,H4a,140.020380559573,07.Cond2NCC_DFA1,X07_DFA_cpue_IntSprJunHW,1,1,0,Multi-Taxa DFA,FALSE,Positive (+),Supported
36975,logSAR,~,PreyAK,-0.332060917049095,0.144626347896994,-2.2959918567922,0.02167634698645,-0.615523350142764,-0.0485984839554258,DAG1A_long,PreyAK -> SAR,H1e,140.020380559573,13.FishPreyAK_b_0_smoothed,X13_ammod_WAI,1,0,1,Single-Series Straggler,FALSE,Positive (+),Flipped
36975,logSAR,~,PredAK,-0.0375641996246266,0.153347203419877,-0.24496175206908,0.806486046634608,-0.338119195457523,0.26299079620827,DAG1A_long,PredAK -> SAR,H2c,140.020380559573,15.PredFishAK_2_smoothed,X15_sablefishRecruitment_predAK,0,0,1,Single-Series Straggler,FALSE,Negative (-),NS
36977,Growth,~,PreyNCC,-0.933812356559096,0.0730281003956549,-12.7870278906318,0,-1.07694480319395,-0.790679909924237,DAG1A_long,PreyNCC -> Growth,H1a,139.850201263037,05.ForageFishNCC_DFA1,X05_DFA_abundSardine,1,0,1,Multi-Taxa DFA,TRUE,Negative (-),Supported
36977,Abundance,~,Growth,-0.0251180600435995,0.171221478999572,-0.146699235343378,0.883369422182527,-0.360705992262442,0.310469872175243,DAG1A_long,Growth -> CPUE,H1b,139.850201263037,06.Cond1NCC_DFA1,X06_DFA_IGF_mu,0,0,1,Multi-Taxa DFA,FALSE,Positive (+),NS
36977,Abundance,~,PredNCC,-0.606208758740121,0.171221478999572,-3.540494815733,3.9937748156515e-4,-0.941796690958964,-0.270620826521279,DAG1A_long,PredNCC -> CPUE,H2a,139.850201263037,09.PredFishNCC_b_DFA1,X09_DFA_HakeAge5Plus,1,0,1,Multi-Taxa DFA,FALSE,Negative (-),Supported
36977,logSAR,~,Abundance,0.458149371230788,0.146406307471159,3.12930077360937,0.00175222849504819,0.17119828147782,0.745100460983757,DAG1A_long,CPUE -> SAR,H4a,139.850201263037,07.Cond2NCC_DFA1,X07_DFA_cpue_IntSprJunHW,1,1,0,Multi-Taxa DFA,FALSE,Positive (+),Supported
36977,logSAR,~,PreyAK,-0.327937674126841,0.138938597367569,-2.36030649754773,0.018259841673542,-0.600252321029787,-0.0556230272238937,DAG1A_long,PreyAK -> SAR,H1e,139.850201263037,13.FishPreyAK_b_0_smoothed,X13_ammod_WAI,1,0,1,Single-Series Straggler,FALSE,Positive (+),Flipped
36977,logSAR,~,PredAK,0.069921239482024,0.14658222552512,0.47701035532471,0.633354747769291,-0.217374643320938,0.357217122284986,DAG1A_long,PredAK -> SAR,H2c,139.850201263037,15.PredFishAK_3_smoothed,X15_PacificCodBiomass_predAK,0,1,0,Single-Series Straggler,FALSE,Negative (-),NS
36979,Growth,~,PreyNCC,-0.933812356559096,0.073028100395655,-12.7870278906317,0,-1.07694480319395,-0.790679909924237,DAG1A_long,PreyNCC -> Growth,H1a,139.713745209283,05.ForageFishNCC_DFA1,X05_DFA_abundSardine,1,0,1,Multi-Taxa DFA,TRUE,Negative (-),Supported
36979,Abundance,~,Growth,-0.0251180600435995,0.171221478999572,-0.146699235343378,0.883369422182527,-0.360705992262443,0.310469872175244,DAG1A_long,Growth -> CPUE,H1b,139.713745209283,06.Cond1NCC_DFA1,X06_DFA_IGF_mu,0,0,1,Multi-Taxa DFA,FALSE,Positive (+),NS
36979,Abundance,~,PredNCC,-0.606208758740121,0.171221478999572,-3.540494815733,3.9937748156515e-4,-0.941796690958964,-0.270620826521279,DAG1A_long,PredNCC -> CPUE,H2a,139.713745209283,09.PredFishNCC_b_DFA1,X09_DFA_HakeAge5Plus,1,0,1,Multi-Taxa DFA,FALSE,Negative (-),Supported
36979,logSAR,~,Abundance,0.443174444457337,0.144585410302805,3.06513944615294,0.0021756853037973,0.159792247573892,0.726556641340782,DAG1A_long,CPUE -> SAR,H4a,139.713745209283,07.Cond2NCC_DFA1,X07_DFA_cpue_IntSprJunHW,1,1,0,Multi-Taxa DFA,FALSE,Positive (+),Supported
36979,logSAR,~,PreyAK,-0.395821192110902,0.178261050612092,-2.22045809082678,0.0263876875173759,-0.745206431156875,-0.0464359530649303,DAG1A_long,PreyAK -> SAR,H1e,139.713745209283,13.FishPreyAK_b_0_smoothed,X13_ammod_WAI,1,0,1,Single-Series Straggler,FALSE,Positive (+),Flipped
36979,logSAR,~,PredAK,-0.116939640245474,0.185169958186794,-0.631525985049414,0.527696664316834,-0.479866089310377,0.24598680881943,DAG1A_long,PredAK -> SAR,H2c,139.713745209283,15.PredFishAK_4_smoothed,X15_spinyDogfishGoA_predAK,0,0,1,Single-Series Straggler,FALSE,Negative (-),NS
36981,Growth,~,PreyNCC,-0.933812356559096,0.073028100395655,-12.7870278906318,0,-1.07694480319395,-0.790679909924237,DAG1A_long,PreyNCC -> Growth,H1a,139.260279431109,05.ForageFishNCC_DFA1,X05_DFA_abundSardine,1,0,1,Multi-Taxa DFA,TRUE,Negative (-),Supported
36981,Abundance,~,Growth,-0.0251180600435995,0.171221478999573,-0.146699235343378,0.883369422182527,-0.360705992262443,0.310469872175244,DAG1A_long,Growth -> CPUE,H1b,139.260279431109,06.Cond1NCC_DFA1,X06_DFA_IGF_mu,0,0,1,Multi-Taxa DFA,FALSE,Positive (+),NS
36981,Abundance,~,PredNCC,-0.606208758740121,0.171221478999572,-3.54049481573299,3.9937748156515e-4,-0.941796690958965,-0.270620826521278,DAG1A_long,PredNCC -> CPUE,H2a,139.260279431109,09.PredFishNCC_b_DFA1,X09_DFA_HakeAge5Plus,1,0,1,Multi-Taxa DFA,FALSE,Negative (-),Supported
36981,logSAR,~,Abundance,0.432622094272502,0.140238381487736,3.08490507151449,0.00203617130370315,0.15775991730635,0.707484271238654,DAG1A_long,CPUE -> SAR,H4a,139.260279431109,07.Cond2NCC_DFA1,X07_DFA_cpue_IntSprJunHW,1,1,0,Multi-Taxa DFA,FALSE,Positive (+),Supported
36981,logSAR,~,PreyAK,-0.422419700122268,0.170781904408363,-2.47344530783662,0.0133817284768818,-0.757146081973821,-0.0876933182707145,DAG1A_long,PreyAK -> SAR,H1e,139.260279431109,13.FishPreyAK_b_0_smoothed,X13_ammod_WAI,1,0,1,Single-Series Straggler,FALSE,Positive (+),Flipped
36981,logSAR,~,PredAK,0.166070515557046,0.174675594933114,0.950736796520646,0.341738003987337,-0.176287359489963,0.508428390604056,DAG1A_long,PredAK -> SAR,H2c,139.260279431109,15.PredFishAK_5_smoothed,X15_halibutBiomassAge8plus_2yrLead_predAK,0,1,0,Single-Series Straggler,FALSE,Negative (-),NS
36983,Growth,~,PreyNCC,-0.933812356559096,0.0730281003956546,-12.7870278906318,0,-1.07694480319395,-0.790679909924237,DAG1A_long,PreyNCC -> Growth,H1a,139.406814180305,05.ForageFishNCC_DFA1,X05_DFA_abundSardine,1,0,1,Multi-Taxa DFA,TRUE,Negative (-),Supported
36983,Abundance,~,Growth,-0.0251180600435995,0.171221478999572,-0.146699235343378,0.883369422182527,-0.360705992262442,0.310469872175243,DAG1A_long,Growth -> CPUE,H1b,139.406814180305,06.Cond1NCC_DFA1,X06_DFA_IGF_mu,0,0,1,Multi-Taxa DFA,FALSE,Positive (+),NS
36983,Abundance,~,PredNCC,-0.606208758740121,0.171221478999572,-3.54049481573299,3.9937748156515e-4,-0.941796690958964,-0.270620826521279,DAG1A_long,PredNCC -> CPUE,H2a,139.406814180305,09.PredFishNCC_b_DFA1,X09_DFA_HakeAge5Plus,1,0,1,Multi-Taxa DFA,FALSE,Negative (-),Supported
36983,logSAR,~,Abundance,0.50616651120545,0.137334452976911,3.68564843150136,2.2812108091518e-4,0.236995929534194,0.775337092876706,DAG1A_long,CPUE -> SAR,H4a,139.406814180305,07.Cond2NCC_DFA1,X07_DFA_cpue_IntSprJunHW,1,1,0,Multi-Taxa DFA,FALSE,Positive (+),Supported
36983,logSAR,~,PreyAK,-0.183344319744397,0.211494171857822,-0.866900104782324,0.385996746113039,-0.597865279525854,0.231176640037059,DAG1A_long,PreyAK -> SAR,H1e,139.406814180305,13.FishPreyAK_b_0_smoothed,X13_ammod_WAI,0,0,1,Single-Series Straggler,FALSE,Positive (+),NS
36983,logSAR,~,PredAK,-0.17921966607543,0.210908862548,-0.849749336800119,0.395464462253535,-0.592593440689818,0.234154108538958,DAG1A_long,PredAK -> SAR,H2c,139.406814180305,15.PredFishAK_b_DFA1,X15_DFA_sleeperSharks,0,0,1,Multi-Taxa DFA,FALSE,Negative (-),NS
36985,Growth,~,PreyNCC,-0.933812356559096,0.0730281003956545,-12.7870278906318,0,-1.07694480319395,-0.790679909924238,DAG1A_long,PreyNCC -> Growth,H1a,137.481581995383,05.ForageFishNCC_DFA1,X05_DFA_abundSardine,1,0,1,Multi-Taxa DFA,TRUE,Negative (-),Supported
36985,Abundance,~,Growth,-0.0251180600435995,0.171221478999573,-0.146699235343378,0.883369422182527,-0.360705992262443,0.310469872175244,DAG1A_long,Growth -> CPUE,H1b,137.481581995383,06.Cond1NCC_DFA1,X06_DFA_IGF_mu,0,0,1,Multi-Taxa DFA,FALSE,Positive (+),NS
36985,Abundance,~,PredNCC,-0.606208758740121,0.171221478999572,-3.54049481573299,3.9937748156515e-4,-0.941796690958965,-0.270620826521278,DAG1A_long,PredNCC -> CPUE,H2a,137.481581995383,09.PredFishNCC_b_DFA1,X09_DFA_HakeAge5Plus,1,0,1,Multi-Taxa DFA,FALSE,Negative (-),Supported
36985,logSAR,~,Abundance,0.469952860340047,0.131894495807062,3.56309683330155,3.6650540603333e-4,0.211444398799137,0.728461321880957,DAG1A_long,CPUE -> SAR,H4a,137.481581995383,07.Cond2NCC_DFA1,X07_DFA_cpue_IntSprJunHW,1,1,0,Multi-Taxa DFA,FALSE,Positive (+),Supported
36985,logSAR,~,PreyAK,-0.366629041035271,0.134731395652899,-2.72118491208833,0.00650483639506194,-0.630697724101768,-0.102560357968773,DAG1A_long,PreyAK -> SAR,H1e,137.481581995383,13.FishPreyAK_b_0_smoothed,X13_ammod_WAI,1,0,1,Single-Series Straggler,FALSE,Positive (+),Flipped
36985,logSAR,~,PredAK,-0.222726235819348,0.13435841389833,-1.65770218147921,0.0973775933025123,-0.486063888080001,0.0406114164413048,DAG1A_long,PredAK -> SAR,H2c,137.481581995383,15.PredFishAK_b_2_smoothed,X15_salmonSharkGoA_predAK,0,0,1,Single-Series Straggler,FALSE,Negative (-),NS
36987,Growth,~,PreyNCC,-0.933812356559096,0.0730281003956548,-12.7870278906318,0,-1.07694480319395,-0.790679909924237,DAG1A_long,PreyNCC -> Growth,H1a,140.034952076182,05.ForageFishNCC_DFA1,X05_DFA_abundSardine,1,0,1,Multi-Taxa DFA,TRUE,Negative (-),Supported
36987,Abundance,~,Growth,-0.0251180600435995,0.171221478999572,-0.146699235343378,0.883369422182527,-0.360705992262442,0.310469872175243,DAG1A_long,Growth -> CPUE,H1b,140.034952076182,06.Cond1NCC_DFA1,X06_DFA_IGF_mu,0,0,1,Multi-Taxa DFA,FALSE,Positive (+),NS
36987,Abundance,~,PredNCC,-0.606208758740121,0.171221478999572,-3.540494815733,3.9937748156515e-4,-0.941796690958964,-0.270620826521279,DAG1A_long,PredNCC -> CPUE,H2a,140.034952076182,09.PredFishNCC_b_DFA1,X09_DFA_HakeAge5Plus,1,0,1,Multi-Taxa DFA,FALSE,Negative (-),Supported
36987,logSAR,~,Abundance,0.468809624727813,0.144247720976036,3.25003141509387,0.00115392260581904,0.186089286762799,0.751529962692828,DAG1A_long,CPUE -> SAR,H4a,140.034952076182,07.Cond2NCC_DFA1,X07_DFA_cpue_IntSprJunHW,1,1,0,Multi-Taxa DFA,FALSE,Positive (+),Supported
36987,logSAR,~,PreyAK,-0.340353347362054,0.16263688967757,-2.09271923508135,0.0363742251519361,-0.659115793687706,-0.0215909010364023,DAG1A_long,PreyAK -> SAR,H1e,140.034952076182,13.FishPreyAK_b_0_smoothed,X13_ammod_WAI,1,0,1,Single-Series Straggler,FALSE,Positive (+),Flipped
36987,logSAR,~,PredAK,-0.0366826951313565,0.168328213561223,-0.217923628815882,0.827488616430606,-0.36659993129332,0.293234541030607,DAG1A_long,PredAK -> SAR,H2c,140.034952076182,15.PredFishAK_b_3_smoothed,X15_sharkCatchGoA_predAK,0,0,1,Single-Series Straggler,FALSE,Negative (-),NS
37107,Growth,~,PreyNCC,-0.933812356559096,0.073028100395655,-12.7870278906318,0,-1.07694480319395,-0.790679909924237,DAG1A_long,PreyNCC -> Growth,H1a,139.959377053394,05.ForageFishNCC_DFA1,X05_DFA_abundSardine,1,0,1,Multi-Taxa DFA,TRUE,Negative (-),Supported
37107,Abundance,~,Growth,-0.118558617310201,0.170663585159862,-0.694691941453979,0.487248379324291,-0.453053097696014,0.215935863075613,DAG1A_long,Growth -> CPUE,H1b,139.959377053394,06.Cond1NCC_DFA1,X06_DFA_IGF_mu,0,0,1,Multi-Taxa DFA,FALSE,Positive (+),NS
37107,Abundance,~,PredNCC,0.528507469453769,0.170663585159862,3.0967793683621,0.00195635422528651,0.194012989067955,0.863001949839584,DAG1A_long,PredNCC -> CPUE,H2a,139.959377053394,08.PredBirdNCC_b_2_smoothed,X08_Loons_8_WS,1,1,0,Single-Series Straggler,FALSE,Negative (-),Flipped
37107,logSAR,~,Abundance,0.447483419637376,0.13511646112239,3.31183496015368,9.2686207831493e-4,0.182660022118986,0.712306817155765,DAG1A_long,CPUE -> SAR,H4a,139.959377053394,07.Cond2NCC_DFA1,X07_DFA_cpue_IntSprJunHW,1,1,0,Multi-Taxa DFA,FALSE,Positive (+),Supported
37107,logSAR,~,PreyAK,0.11935536999845,0.132582228325219,0.900236566439932,0.367994370415167,-0.140501022509045,0.379211762505945,DAG1A_long,PreyAK -> SAR,H1e,139.959377053394,13.FishPreyAK_b_1_smoothed,X13_gadid_WAI,0,1,0,Single-Series Straggler,FALSE,Positive (+),NS
37107,logSAR,~,PredAK,-0.366553210672685,0.134256035104862,-2.73025499662928,0.00632853536793965,-0.629690204185359,-0.10341621716001,DAG1A_long,PredAK -> SAR,H2c,139.959377053394,10.PredMammalNCC_2_smoothed,X10_Harbour_s_2yrLead_WS,1,0,1,Single-Series Straggler,FALSE,Negative (-),Supported
37163,Growth,~,PreyNCC,-0.933812356559096,0.0730281003956547,-12.7870278906318,0,-1.07694480319395,-0.790679909924237,DAG1A_long,PreyNCC -> Growth,H1a,137.547900862718,05.ForageFishNCC_DFA1,X05_DFA_abundSardine,1,0,1,Multi-Taxa DFA,TRUE,Negative (-),Supported
37163,Abundance,~,Growth,-0.0251180600435996,0.171221478999573,-0.146699235343378,0.883369422182526,-0.360705992262443,0.310469872175244,DAG1A_long,Growth -> CPUE,H1b,137.547900862718,06.Cond1NCC_DFA1,X06_DFA_IGF_mu,0,0,1,Multi-Taxa DFA,FALSE,Positive (+),NS
37163,Abundance,~,PredNCC,-0.606208758740122,0.171221478999572,-3.540494815733,3.9937748156515e-4,-0.941796690958964,-0.270620826521279,DAG1A_long,PredNCC -> CPUE,H2a,137.547900862718,09.PredFishNCC_b_DFA1,X09_DFA_HakeAge5Plus,1,0,1,Multi-Taxa DFA,FALSE,Negative (-),Supported
37163,logSAR,~,Abundance,0.447483419637376,0.133159998412602,3.36049432991753,7.780312769694e-4,0.186494618567266,0.708472220707486,DAG1A_long,CPUE -> SAR,H4a,137.547900862718,07.Cond2NCC_DFA1,X07_DFA_cpue_IntSprJunHW,1,1,0,Multi-Taxa DFA,FALSE,Positive (+),Supported
37163,logSAR,~,PreyAK,0.11935536999845,0.133165141584144,0.896295896798433,0.37009474999271,-0.141643511502648,0.380354251499549,DAG1A_long,PreyAK -> SAR,H1e,137.547900862718,13.FishPreyAK_b_1_smoothed,X13_gadid_WAI,0,1,0,Single-Series Straggler,FALSE,Positive (+),NS
37163,logSAR,~,PredAK,-0.366553210672685,0.131950718443189,-2.77795539878401,0.00547021262756009,-0.62517186655552,-0.10793455478985,DAG1A_long,PredAK -> SAR,H2c,137.547900862718,10.PredMammalNCC_2_smoothed,X10_Harbour_s_2yrLead_WS,1,0,1,Single-Series Straggler,FALSE,Negative (-),Supported
37179,Growth,~,PreyNCC,-0.933812356559096,0.0730281003956551,-12.7870278906317,0,-1.07694480319395,-0.790679909924237,DAG1A_long,PreyNCC -> Growth,H1a,137.847865947788,05.ForageFishNCC_DFA1,X05_DFA_abundSardine,1,0,1,Multi-Taxa DFA,TRUE,Negative (-),Supported
37179,Abundance,~,Growth,-0.0251180600435995,0.171221478999573,-0.146699235343378,0.883369422182527,-0.360705992262443,0.310469872175244,DAG1A_long,Growth -> CPUE,H1b,137.847865947788,06.Cond1NCC_DFA1,X06_DFA_IGF_mu,0,0,1,Multi-Taxa DFA,FALSE,Positive (+),NS
37179,Abundance,~,PredNCC,-0.606208758740121,0.171221478999573,-3.54049481573299,3.9937748156515e-4,-0.941796690958965,-0.270620826521278,DAG1A_long,PredNCC -> CPUE,H2a,137.847865947788,09.PredFishNCC_b_DFA1,X09_DFA_HakeAge5Plus,1,0,1,Multi-Taxa DFA,FALSE,Negative (-),Supported
37179,logSAR,~,Abundance,0.559324539713084,0.134114416892236,4.17050271457776,3.03928434655099e-5,0.296465112796711,0.822183966629457,DAG1A_long,CPUE -> SAR,H4a,137.847865947788,07.Cond2NCC_DFA1,X07_DFA_cpue_IntSprJunHW,1,1,0,Multi-Taxa DFA,FALSE,Positive (+),Supported
37179,logSAR,~,PreyAK,0.210129915569245,0.136509978219835,1.53930077719925,0.123730884312935,-0.0574247252719787,0.477684556410468,DAG1A_long,PreyAK -> SAR,H1e,137.847865947788,13.FishPreyAK_b_1_smoothed,X13_gadid_WAI,0,1,0,Single-Series Straggler,FALSE,Positive (+),NS
37179,logSAR,~,PredAK,-0.363990105112,0.135200919660392,-2.69221619221452,0.00709789178055531,-0.628979038323062,-0.0990011719009394,DAG1A_long,PredAK -> SAR,H2c,137.847865947788,15.PredFishAK_b_DFA1,X15_DFA_sleeperSharks,1,0,1,Multi-Taxa DFA,FALSE,Negative (-),Supported
37303,Growth,~,PreyNCC,-0.933812356559096,0.0730281003956546,-12.7870278906318,0,-1.07694480319395,-0.790679909924237,DAG1A_long,PreyNCC -> Growth,H1a,135.659206164054,05.ForageFishNCC_DFA1,X05_DFA_abundSardine,1,0,1,Multi-Taxa DFA,TRUE,Negative (-),Supported
37303,Abundance,~,Growth,-0.118558617310201,0.170663585159861,-0.694691941453981,0.487248379324289,-0.453053097696014,0.215935863075612,DAG1A_long,Growth -> CPUE,H1b,135.659206164054,06.Cond1NCC_DFA1,X06_DFA_IGF_mu,0,0,1,Multi-Taxa DFA,FALSE,Positive (+),NS
37303,Abundance,~,PredNCC,0.528507469453769,0.170663585159862,3.09677936836211,0.00195635422528651,0.194012989067956,0.863001949839582,DAG1A_long,PredNCC -> CPUE,H2a,135.659206164054,08.PredBirdNCC_b_2_smoothed,X08_Loons_8_WS,1,1,0,Single-Series Straggler,FALSE,Negative (-),Flipped
37303,logSAR,~,Abundance,0.375575979076859,0.122754156233961,3.05957851529717,0.00221648680897446,0.134982253905692,0.616169704248026,DAG1A_long,CPUE -> SAR,H4a,135.659206164054,07.Cond2NCC_DFA1,X07_DFA_cpue_IntSprJunHW,1,1,0,Multi-Taxa DFA,FALSE,Positive (+),Supported
37303,logSAR,~,PreyAK,-0.292514135591271,0.120403530310402,-2.42944816349791,0.0151218271282114,-0.528500718611135,-0.0565275525714059,DAG1A_long,PreyAK -> SAR,H1e,135.659206164054,13.FishPreyAK_b_2_smoothed,X13_hexagram_EAI,1,0,1,Single-Series Straggler,FALSE,Positive (+),Flipped
37303,logSAR,~,PredAK,-0.379534008813329,0.122598653215118,-3.09574370403057,0.00196319971258641,-0.619822953668076,-0.139245063958582,DAG1A_long,PredAK -> SAR,H2c,135.659206164054,10.PredMammalNCC_2_smoothed,X10_Harbour_s_2yrLead_WS,1,0,1,Single-Series Straggler,FALSE,Negative (-),Supported
37305,Growth,~,PreyNCC,-0.933812356559096,0.0730281003956548,-12.7870278906318,0,-1.07694480319395,-0.790679909924238,DAG1A_long,PreyNCC -> Growth,H1a,138.295144784662,05.ForageFishNCC_DFA1,X05_DFA_abundSardine,1,0,1,Multi-Taxa DFA,TRUE,Negative (-),Supported
37305,Abundance,~,Growth,-0.118558617310201,0.170663585159862,-0.694691941453982,0.487248379324289,-0.453053097696014,0.215935863075612,DAG1A_long,Growth -> CPUE,H1b,138.295144784662,06.Cond1NCC_DFA1,X06_DFA_IGF_mu,0,0,1,Multi-Taxa DFA,FALSE,Positive (+),NS
37305,Abundance,~,PredNCC,0.528507469453769,0.170663585159861,3.09677936836211,0.00195635422528651,0.194012989067956,0.863001949839582,DAG1A_long,PredNCC -> CPUE,H2a,138.295144784662,08.PredBirdNCC_b_2_smoothed,X08_Loons_8_WS,1,1,0,Single-Series Straggler,FALSE,Negative (-),Flipped
37305,logSAR,~,Abundance,0.352442484422271,0.128595588503806,2.74070431593258,0.00613076516159894,0.100399762384078,0.604485206460465,DAG1A_long,CPUE -> SAR,H4a,138.295144784662,07.Cond2NCC_DFA1,X07_DFA_cpue_IntSprJunHW,1,1,0,Multi-Taxa DFA,FALSE,Positive (+),Supported
37305,logSAR,~,PreyAK,-0.365543546265182,0.129831447152215,-2.81552392955012,0.00486977701314628,-0.620008506744238,-0.111078585786126,DAG1A_long,PreyAK -> SAR,H1e,138.295144784662,13.FishPreyAK_b_2_smoothed,X13_hexagram_EAI,1,0,1,Single-Series Straggler,FALSE,Positive (+),Flipped
37305,logSAR,~,PredAK,0.333627200844875,0.131006574026085,2.54664472622912,0.0108764100712722,0.0768590340157677,0.590395367673982,DAG1A_long,PredAK -> SAR,H2c,138.295144784662,10.PredMammalNCC_3_smoothed,X10_Northern_f_s_2yrLead_WS,1,1,0,Single-Series Straggler,FALSE,Negative (-),Flipped
37359,Growth,~,PreyNCC,-0.933812356559096,0.0730281003956546,-12.7870278906318,0,-1.07694480319395,-0.790679909924237,DAG1A_long,PreyNCC -> Growth,H1a,133.247729973378,05.ForageFishNCC_DFA1,X05_DFA_abundSardine,1,0,1,Multi-Taxa DFA,TRUE,Negative (-),Supported
37359,Abundance,~,Growth,-0.0251180600435995,0.171221478999572,-0.146699235343378,0.883369422182527,-0.360705992262442,0.310469872175243,DAG1A_long,Growth -> CPUE,H1b,133.247729973378,06.Cond1NCC_DFA1,X06_DFA_IGF_mu,0,0,1,Multi-Taxa DFA,FALSE,Positive (+),NS
37359,Abundance,~,PredNCC,-0.606208758740121,0.171221478999572,-3.54049481573299,3.9937748156515e-4,-0.941796690958965,-0.270620826521278,DAG1A_long,PredNCC -> CPUE,H2a,133.247729973378,09.PredFishNCC_b_DFA1,X09_DFA_HakeAge5Plus,1,0,1,Multi-Taxa DFA,FALSE,Negative (-),Supported
37359,logSAR,~,Abundance,0.375575979076859,0.122233380700299,3.07261385494789,0.00212192869582295,0.1360029551957,0.615149002958019,DAG1A_long,CPUE -> SAR,H4a,133.247729973378,07.Cond2NCC_DFA1,X07_DFA_cpue_IntSprJunHW,1,1,0,Multi-Taxa DFA,FALSE,Positive (+),Supported
37359,logSAR,~,PreyAK,-0.292514135591271,0.122189126689222,-2.39394570954956,0.0166682157940403,-0.532000423204548,-0.0530278479779941,DAG1A_long,PreyAK -> SAR,H1e,133.247729973378,13.FishPreyAK_b_2_smoothed,X13_hexagram_EAI,1,0,1,Single-Series Straggler,FALSE,Positive (+),Flipped
37359,logSAR,~,PredAK,-0.379534008813329,0.120560686371895,-3.14807438672485,0.00164349864463986,-0.615828612053671,-0.143239405572987,DAG1A_long,PredAK -> SAR,H2c,133.247729973378,10.PredMammalNCC_2_smoothed,X10_Harbour_s_2yrLead_WS,1,0,1,Single-Series Straggler,FALSE,Negative (-),Supported
37361,Growth,~,PreyNCC,-0.933812356559096,0.0730281003956548,-12.7870278906318,0,-1.07694480319395,-0.790679909924237,DAG1A_long,PreyNCC -> Growth,H1a,135.883668593986,05.ForageFishNCC_DFA1,X05_DFA_abundSardine,1,0,1,Multi-Taxa DFA,TRUE,Negative (-),Supported
37361,Abundance,~,Growth,-0.0251180600435995,0.171221478999572,-0.146699235343378,0.883369422182527,-0.360705992262442,0.310469872175243,DAG1A_long,Growth -> CPUE,H1b,135.883668593986,06.Cond1NCC_DFA1,X06_DFA_IGF_mu,0,0,1,Multi-Taxa DFA,FALSE,Positive (+),NS
37361,Abundance,~,PredNCC,-0.606208758740121,0.171221478999572,-3.540494815733,3.9937748156515e-4,-0.941796690958964,-0.270620826521279,DAG1A_long,PredNCC -> CPUE,H2a,135.883668593986,09.PredFishNCC_b_DFA1,X09_DFA_HakeAge5Plus,1,0,1,Multi-Taxa DFA,FALSE,Negative (-),Supported
37361,logSAR,~,Abundance,0.352442484422271,0.133640593251801,2.6372412441945,0.00835833658232787,0.0905117347761742,0.614373234068369,DAG1A_long,CPUE -> SAR,H4a,135.883668593986,07.Cond2NCC_DFA1,X07_DFA_cpue_IntSprJunHW,1,1,0,Multi-Taxa DFA,FALSE,Positive (+),Supported
37361,logSAR,~,PreyAK,-0.365543546265182,0.133121073855113,-2.74594799815868,0.00603363264785406,-0.6264560566045,-0.104631035925863,DAG1A_long,PreyAK -> SAR,H1e,135.883668593986,13.FishPreyAK_b_2_smoothed,X13_hexagram_EAI,1,0,1,Single-Series Straggler,FALSE,Positive (+),Flipped
37361,logSAR,~,PredAK,0.333627200844874,0.134453406046214,2.48135923555705,0.0130882393667853,0.0701033673955557,0.597151034294193,DAG1A_long,PredAK -> SAR,H2c,135.883668593986,10.PredMammalNCC_3_smoothed,X10_Northern_f_s_2yrLead_WS,1,1,0,Single-Series Straggler,FALSE,Negative (-),Flipped
37371,Growth,~,PreyNCC,-0.933812356559096,0.0730281003956545,-12.7870278906318,0,-1.07694480319395,-0.790679909924238,DAG1A_long,PreyNCC -> Growth,H1a,139.726019561278,05.ForageFishNCC_DFA1,X05_DFA_abundSardine,1,0,1,Multi-Taxa DFA,TRUE,Negative (-),Supported
37371,Abundance,~,Growth,-0.0251180600435995,0.171221478999572,-0.146699235343378,0.883369422182527,-0.360705992262442,0.310469872175243,DAG1A_long,Growth -> CPUE,H1b,139.726019561278,06.Cond1NCC_DFA1,X06_DFA_IGF_mu,0,0,1,Multi-Taxa DFA,FALSE,Positive (+),NS
37371,Abundance,~,PredNCC,-0.606208758740121,0.171221478999572,-3.540494815733,3.9937748156515e-4,-0.941796690958964,-0.270620826521279,DAG1A_long,PredNCC -> CPUE,H2a,139.726019561278,09.PredFishNCC_b_DFA1,X09_DFA_HakeAge5Plus,1,0,1,Multi-Taxa DFA,FALSE,Negative (-),Supported
37371,logSAR,~,Abundance,0.487085051552262,0.144857005813025,3.36252326091132,7.7233618894934e-4,0.203170537250424,0.7709995658541,DAG1A_long,CPUE -> SAR,H4a,139.726019561278,07.Cond2NCC_DFA1,X07_DFA_cpue_IntSprJunHW,1,1,0,Multi-Taxa DFA,FALSE,Positive (+),Supported
37371,logSAR,~,PreyAK,-0.301606888714297,0.140639167728058,-2.14454403838259,0.0319893207753628,-0.577254592276979,-0.0259591851516145,DAG1A_long,PreyAK -> SAR,H1e,139.726019561278,13.FishPreyAK_b_2_smoothed,X13_hexagram_EAI,1,0,1,Single-Series Straggler,FALSE,Positive (+),Flipped
37371,logSAR,~,PredAK,0.188349907601373,0.14447447477137,1.30368985870643,0.192339348555016,-0.0948148596358518,0.471514674838598,DAG1A_long,PredAK -> SAR,H2c,139.726019561278,15.PredFishAK_4_smoothed,X15_spinyDogfishGoA_predAK,0,1,0,Single-Series Straggler,FALSE,Negative (-),NS
37375,Growth,~,PreyNCC,-0.933812356559096,0.0730281003956549,-12.7870278906318,0,-1.07694480319395,-0.790679909924237,DAG1A_long,PreyNCC -> Growth,H1a,138.426375760243,05.ForageFishNCC_DFA1,X05_DFA_abundSardine,1,0,1,Multi-Taxa DFA,TRUE,Negative (-),Supported
37375,Abundance,~,Growth,-0.0251180600435995,0.171221478999573,-0.146699235343378,0.883369422182527,-0.360705992262443,0.310469872175244,DAG1A_long,Growth -> CPUE,H1b,138.426375760243,06.Cond1NCC_DFA1,X06_DFA_IGF_mu,0,0,1,Multi-Taxa DFA,FALSE,Positive (+),NS
37375,Abundance,~,PredNCC,-0.606208758740121,0.171221478999573,-3.54049481573299,3.9937748156515e-4,-0.941796690958965,-0.270620826521278,DAG1A_long,PredNCC -> CPUE,H2a,138.426375760243,09.PredFishNCC_b_DFA1,X09_DFA_HakeAge5Plus,1,0,1,Multi-Taxa DFA,FALSE,Negative (-),Supported
37375,logSAR,~,Abundance,0.485930908081781,0.136699440264662,3.55473955958399,3.7835366311211e-4,0.21800492845626,0.753856887707302,DAG1A_long,CPUE -> SAR,H4a,138.426375760243,07.Cond2NCC_DFA1,X07_DFA_cpue_IntSprJunHW,1,1,0,Multi-Taxa DFA,FALSE,Positive (+),Supported
37375,logSAR,~,PreyAK,-0.193151186504245,0.144106440785117,-1.3403369443581,0.180135825639637,-0.475594620383329,0.0892922473748378,DAG1A_long,PreyAK -> SAR,H1e,138.426375760243,13.FishPreyAK_b_2_smoothed,X13_hexagram_EAI,0,0,1,Single-Series Straggler,FALSE,Positive (+),NS
37375,logSAR,~,PredAK,-0.255182696763693,0.14211849090285,-1.79556294991995,0.0725640527727611,-0.533729820470463,0.0233644269430771,DAG1A_long,PredAK -> SAR,H2c,138.426375760243,15.PredFishAK_b_DFA1,X15_DFA_sleeperSharks,0,0,1,Multi-Taxa DFA,FALSE,Negative (-),NS
37377,Growth,~,PreyNCC,-0.933812356559096,0.0730281003956549,-12.7870278906318,0,-1.07694480319395,-0.790679909924237,DAG1A_long,PreyNCC -> Growth,H1a,139.489541706556,05.ForageFishNCC_DFA1,X05_DFA_abundSardine,1,0,1,Multi-Taxa DFA,TRUE,Negative (-),Supported
37377,Abundance,~,Growth,-0.0251180600435995,0.171221478999573,-0.146699235343378,0.883369422182527,-0.360705992262443,0.310469872175244,DAG1A_long,Growth -> CPUE,H1b,139.489541706556,06.Cond1NCC_DFA1,X06_DFA_IGF_mu,0,0,1,Multi-Taxa DFA,FALSE,Positive (+),NS
37377,Abundance,~,PredNCC,-0.606208758740122,0.171221478999572,-3.54049481573299,3.9937748156515e-4,-0.941796690958965,-0.270620826521279,DAG1A_long,PredNCC -> CPUE,H2a,139.489541706556,09.PredFishNCC_b_DFA1,X09_DFA_HakeAge5Plus,1,0,1,Multi-Taxa DFA,FALSE,Negative (-),Supported
37377,logSAR,~,Abundance,0.426630544000428,0.139347301066976,3.06163478398028,0.00220131859746209,0.153514852566294,0.699746235434561,DAG1A_long,CPUE -> SAR,H4a,139.489541706556,07.Cond2NCC_DFA1,X07_DFA_cpue_IntSprJunHW,1,1,0,Multi-Taxa DFA,FALSE,Positive (+),Supported
37377,logSAR,~,PreyAK,-0.313298678457063,0.140823946008351,-2.22475429312628,0.0260977372952549,-0.589308540794245,-0.0372888161198814,DAG1A_long,PreyAK -> SAR,H1e,139.489541706556,13.FishPreyAK_b_2_smoothed,X13_hexagram_EAI,1,0,1,Single-Series Straggler,FALSE,Positive (+),Flipped
37377,logSAR,~,PredAK,-0.19444727692572,0.138881161234524,-1.40009829409018,0.161483885842755,-0.466649351076488,0.0777547972250476,DAG1A_long,PredAK -> SAR,H2c,139.489541706556,15.PredFishAK_b_2_smoothed,X15_salmonSharkGoA_predAK,0,0,1,Single-Series Straggler,FALSE,Negative (-),NS
37379,Growth,~,PreyNCC,-0.933812356559096,0.0730281003956548,-12.7870278906318,0,-1.07694480319395,-0.790679909924237,DAG1A_long,PreyNCC -> Growth,H1a,138.981378045559,05.ForageFishNCC_DFA1,X05_DFA_abundSardine,1,0,1,Multi-Taxa DFA,TRUE,Negative (-),Supported
37379,Abundance,~,Growth,-0.0251180600435995,0.171221478999572,-0.146699235343378,0.883369422182527,-0.360705992262442,0.310469872175243,DAG1A_long,Growth -> CPUE,H1b,138.981378045559,06.Cond1NCC_DFA1,X06_DFA_IGF_mu,0,0,1,Multi-Taxa DFA,FALSE,Positive (+),NS
37379,Abundance,~,PredNCC,-0.606208758740121,0.171221478999572,-3.54049481573299,3.9937748156515e-4,-0.941796690958964,-0.270620826521279,DAG1A_long,PredNCC -> CPUE,H2a,138.981378045559,09.PredFishNCC_b_DFA1,X09_DFA_HakeAge5Plus,1,0,1,Multi-Taxa DFA,FALSE,Negative (-),Supported
37379,logSAR,~,Abundance,0.486579722195165,0.141659283465579,3.43485940554962,5.9286132787983e-4,0.208932628526879,0.76422681586345,DAG1A_long,CPUE -> SAR,H4a,138.981378045559,07.Cond2NCC_DFA1,X07_DFA_cpue_IntSprJunHW,1,1,0,Multi-Taxa DFA,FALSE,Positive (+),Supported
37379,logSAR,~,PreyAK,-0.330949687563302,0.141030042520296,-2.34666090748483,0.0189424851783602,-0.607363491641235,-0.0545358834853694,DAG1A_long,PreyAK -> SAR,H1e,138.981378045559,13.FishPreyAK_b_2_smoothed,X13_hexagram_EAI,1,0,1,Single-Series Straggler,FALSE,Positive (+),Flipped
37379,logSAR,~,PredAK,0.227688864632243,0.144351154274878,1.57732624845293,0.114720475710807,-0.0552341988733022,0.510611928137789,DAG1A_long,PredAK -> SAR,H2c,138.981378045559,15.PredFishAK_b_3_smoothed,X15_sharkCatchGoA_predAK,0,1,0,Single-Series Straggler,FALSE,Negative (-),NS
37555,Growth,~,PreyNCC,-0.933812356559096,0.073028100395655,-12.7870278906317,0,-1.07694480319395,-0.790679909924237,DAG1A_long,PreyNCC -> Growth,H1a,138.291048857467,05.ForageFishNCC_DFA1,X05_DFA_abundSardine,1,0,1,Multi-Taxa DFA,TRUE,Negative (-),Supported
37555,Abundance,~,Growth,-0.0251180600435995,0.171221478999573,-0.146699235343378,0.883369422182527,-0.360705992262443,0.310469872175244,DAG1A_long,Growth -> CPUE,H1b,138.291048857467,06.Cond1NCC_DFA1,X06_DFA_IGF_mu,0,0,1,Multi-Taxa DFA,FALSE,Positive (+),NS
37555,Abundance,~,PredNCC,-0.606208758740121,0.171221478999573,-3.54049481573299,3.9937748156515e-4,-0.941796690958965,-0.270620826521278,DAG1A_long,PredNCC -> CPUE,H2a,138.291048857467,09.PredFishNCC_b_DFA1,X09_DFA_HakeAge5Plus,1,0,1,Multi-Taxa DFA,FALSE,Negative (-),Supported
37555,logSAR,~,Abundance,0.41990412707604,0.136489017835797,3.07646822970919,0.00209468623943354,0.152390567832633,0.687417686319447,DAG1A_long,CPUE -> SAR,H4a,138.291048857467,07.Cond2NCC_DFA1,X07_DFA_cpue_IntSprJunHW,1,1,0,Multi-Taxa DFA,FALSE,Positive (+),Supported
37555,logSAR,~,PreyAK,0.0363555328848191,0.147627782185291,0.246264844913734,0.805477221737985,-0.252989603315875,0.325700669085513,DAG1A_long,PreyAK -> SAR,H1e,138.291048857467,13.FishPreyAK_b_3_smoothed,X13_hexagram_WAI,0,1,0,Single-Series Straggler,FALSE,Positive (+),NS
37555,logSAR,~,PredAK,-0.360592158800435,0.144762211796092,-2.49092739276707,0.0127410153935639,-0.644320880243135,-0.0768634373577349,DAG1A_long,PredAK -> SAR,H2c,138.291048857467,10.PredMammalNCC_2_smoothed,X10_Harbour_s_2yrLead_WS,1,0,1,Single-Series Straggler,FALSE,Negative (-),Supported
37571,Growth,~,PreyNCC,-0.933812356559096,0.0730281003956546,-12.7870278906318,0,-1.07694480319395,-0.790679909924238,DAG1A_long,PreyNCC -> Growth,H1a,138.561156371651,05.ForageFishNCC_DFA1,X05_DFA_abundSardine,1,0,1,Multi-Taxa DFA,TRUE,Negative (-),Supported
37571,Abundance,~,Growth,-0.0251180600435995,0.171221478999573,-0.146699235343378,0.883369422182527,-0.360705992262443,0.310469872175244,DAG1A_long,Growth -> CPUE,H1b,138.561156371651,06.Cond1NCC_DFA1,X06_DFA_IGF_mu,0,0,1,Multi-Taxa DFA,FALSE,Positive (+),NS
37571,Abundance,~,PredNCC,-0.606208758740122,0.171221478999572,-3.540494815733,3.9937748156515e-4,-0.941796690958965,-0.270620826521279,DAG1A_long,PredNCC -> CPUE,H2a,138.561156371651,09.PredFishNCC_b_DFA1,X09_DFA_HakeAge5Plus,1,0,1,Multi-Taxa DFA,FALSE,Negative (-),Supported
37571,logSAR,~,Abundance,0.452318475863061,0.137249445283317,3.29559420024877,9.8213770123645e-4,0.183314506209659,0.721322445516464,DAG1A_long,CPUE -> SAR,H4a,138.561156371651,07.Cond2NCC_DFA1,X07_DFA_cpue_IntSprJunHW,1,1,0,Multi-Taxa DFA,FALSE,Positive (+),Supported
37571,logSAR,~,PreyAK,0.188457351019612,0.137765643639454,1.36795608862268,0.171325821451358,-0.0815583488206963,0.458473050859921,DAG1A_long,PreyAK -> SAR,H1e,138.561156371651,13.FishPreyAK_b_3_smoothed,X13_hexagram_WAI,0,1,0,Single-Series Straggler,FALSE,Positive (+),NS
37571,logSAR,~,PredAK,-0.328421087339873,0.135027455745221,-2.43225413325984,0.0150051750178828,-0.593070037524582,-0.0637721371551652,DAG1A_long,PredAK -> SAR,H2c,138.561156371651,15.PredFishAK_b_DFA1,X15_DFA_sleeperSharks,1,0,1,Multi-Taxa DFA,FALSE,Negative (-),Supported
37695,Growth,~,PreyNCC,-0.933812356559096,0.0730281003956548,-12.7870278906318,0,-1.07694480319395,-0.790679909924237,DAG1A_long,PreyNCC -> Growth,H1a,139.597558990311,05.ForageFishNCC_DFA1,X05_DFA_abundSardine,1,0,1,Multi-Taxa DFA,TRUE,Negative (-),Supported
37695,Abundance,~,Growth,-0.118558617310201,0.170663585159861,-0.694691941453981,0.487248379324289,-0.453053097696014,0.215935863075612,DAG1A_long,Growth -> CPUE,H1b,139.597558990311,06.Cond1NCC_DFA1,X06_DFA_IGF_mu,0,0,1,Multi-Taxa DFA,FALSE,Positive (+),NS
37695,Abundance,~,PredNCC,0.528507469453769,0.170663585159862,3.09677936836211,0.00195635422528651,0.194012989067956,0.863001949839582,DAG1A_long,PredNCC -> CPUE,H2a,139.597558990311,08.PredBirdNCC_b_2_smoothed,X08_Loons_8_WS,1,1,0,Single-Series Straggler,FALSE,Negative (-),Flipped
37695,logSAR,~,Abundance,0.387789652705048,0.137061009686389,2.82932143570484,0.00466468224752403,0.119155010035031,0.656424295375065,DAG1A_long,CPUE -> SAR,H4a,139.597558990311,07.Cond2NCC_DFA1,X07_DFA_cpue_IntSprJunHW,1,1,0,Multi-Taxa DFA,FALSE,Positive (+),Supported
37695,logSAR,~,PreyAK,-0.159268042874588,0.143407035296855,-1.11060132123156,0.266739993824173,-0.440340667186087,0.121804581436911,DAG1A_long,PreyAK -> SAR,H1e,139.597558990311,13.FishPreyAK_b_4_smoothed,X13_pollockBiomassGoAage3plus_predAK,0,0,1,Single-Series Straggler,FALSE,Positive (+),NS
37695,logSAR,~,PredAK,-0.435104840464349,0.144375002377339,-3.01371313108039,0.00258071701128237,-0.718074645391818,-0.15213503553688,DAG1A_long,PredAK -> SAR,H2c,139.597558990311,10.PredMammalNCC_2_smoothed,X10_Harbour_s_2yrLead_WS,1,0,1,Single-Series Straggler,FALSE,Negative (-),Supported
37711,Growth,~,PreyNCC,-0.933812356559096,0.0730281003956551,-12.7870278906317,0,-1.07694480319395,-0.790679909924237,DAG1A_long,PreyNCC -> Growth,H1a,135.383725314577,05.ForageFishNCC_DFA1,X05_DFA_abundSardine,1,0,1,Multi-Taxa DFA,TRUE,Negative (-),Supported
37711,Abundance,~,Growth,-0.118558617310201,0.170663585159862,-0.694691941453978,0.487248379324292,-0.453053097696015,0.215935863075613,DAG1A_long,Growth -> CPUE,H1b,135.383725314577,06.Cond1NCC_DFA1,X06_DFA_IGF_mu,0,0,1,Multi-Taxa DFA,FALSE,Positive (+),NS
37711,Abundance,~,PredNCC,0.528507469453769,0.170663585159862,3.09677936836211,0.00195635422528651,0.194012989067956,0.863001949839583,DAG1A_long,PredNCC -> CPUE,H2a,135.383725314577,08.PredBirdNCC_b_2_smoothed,X08_Loons_8_WS,1,1,0,Single-Series Straggler,FALSE,Negative (-),Flipped
37711,logSAR,~,Abundance,0.457718067720235,0.12123015131213,3.77561244266497,1.5961500081895e-4,0.220111337308119,0.69532479813235,DAG1A_long,CPUE -> SAR,H4a,135.383725314577,07.Cond2NCC_DFA1,X07_DFA_cpue_IntSprJunHW,1,1,0,Multi-Taxa DFA,FALSE,Positive (+),Supported
37711,logSAR,~,PreyAK,-0.542390927361443,0.184782957348591,-2.93528653910559,0.00333239804644103,-0.904558868721483,-0.180222986001403,DAG1A_long,PreyAK -> SAR,H1e,135.383725314577,13.FishPreyAK_b_4_smoothed,X13_pollockBiomassGoAage3plus_predAK,1,0,1,Single-Series Straggler,FALSE,Positive (+),Flipped
37711,logSAR,~,PredAK,-0.724722014284169,0.183919726656862,-3.94042568166861,8.13371470111957e-5,-1.08519805457807,-0.364245973990269,DAG1A_long,PredAK -> SAR,H2c,135.383725314577,15.PredFishAK_b_DFA1,X15_DFA_sleeperSharks,1,0,1,Multi-Taxa DFA,FALSE,Negative (-),Supported
37751,Growth,~,PreyNCC,-0.933812356559096,0.073028100395655,-12.7870278906317,0,-1.07694480319395,-0.790679909924237,DAG1A_long,PreyNCC -> Growth,H1a,137.186082799635,05.ForageFishNCC_DFA1,X05_DFA_abundSardine,1,0,1,Multi-Taxa DFA,TRUE,Negative (-),Supported
37751,Abundance,~,Growth,-0.0251180600435995,0.171221478999573,-0.146699235343378,0.883369422182527,-0.360705992262443,0.310469872175244,DAG1A_long,Growth -> CPUE,H1b,137.186082799635,06.Cond1NCC_DFA1,X06_DFA_IGF_mu,0,0,1,Multi-Taxa DFA,FALSE,Positive (+),NS
37751,Abundance,~,PredNCC,-0.606208758740121,0.171221478999572,-3.54049481573299,3.9937748156515e-4,-0.941796690958964,-0.270620826521279,DAG1A_long,PredNCC -> CPUE,H2a,137.186082799635,09.PredFishNCC_b_DFA1,X09_DFA_HakeAge5Plus,1,0,1,Multi-Taxa DFA,FALSE,Negative (-),Supported
37751,logSAR,~,Abundance,0.387789652705048,0.134268892485958,2.88815708184681,0.00387506300960583,0.124627459188489,0.650951846221606,DAG1A_long,CPUE -> SAR,H4a,137.186082799635,07.Cond2NCC_DFA1,X07_DFA_cpue_IntSprJunHW,1,1,0,Multi-Taxa DFA,FALSE,Positive (+),Supported
37751,logSAR,~,PreyAK,-0.159268042874588,0.14317647282023,-1.11238976444519,0.265970603576339,-0.439888773035716,0.12135268728654,DAG1A_long,PreyAK -> SAR,H1e,137.186082799635,13.FishPreyAK_b_4_smoothed,X13_pollockBiomassGoAage3plus_predAK,0,0,1,Single-Series Straggler,FALSE,Positive (+),NS
37751,logSAR,~,PredAK,-0.435104840464349,0.140618418451744,-3.0942236817552,0.00197328651333106,-0.71071187619275,-0.159497804735948,DAG1A_long,PredAK -> SAR,H2c,137.186082799635,10.PredMammalNCC_2_smoothed,X10_Harbour_s_2yrLead_WS,1,0,1,Single-Series Straggler,FALSE,Negative (-),Supported
37767,Growth,~,PreyNCC,-0.933812356559096,0.0730281003956544,-12.7870278906319,0,-1.07694480319395,-0.790679909924238,DAG1A_long,PreyNCC -> Growth,H1a,132.972249123901,05.ForageFishNCC_DFA1,X05_DFA_abundSardine,1,0,1,Multi-Taxa DFA,TRUE,Negative (-),Supported
37767,Abundance,~,Growth,-0.0251180600435996,0.171221478999573,-0.146699235343378,0.883369422182527,-0.360705992262443,0.310469872175244,DAG1A_long,Growth -> CPUE,H1b,132.972249123901,06.Cond1NCC_DFA1,X06_DFA_IGF_mu,0,0,1,Multi-Taxa DFA,FALSE,Positive (+),NS
37767,Abundance,~,PredNCC,-0.606208758740122,0.171221478999572,-3.54049481573299,3.9937748156515e-4,-0.941796690958965,-0.270620826521279,DAG1A_long,PredNCC -> CPUE,H2a,132.972249123901,09.PredFishNCC_b_DFA1,X09_DFA_HakeAge5Plus,1,0,1,Multi-Taxa DFA,FALSE,Negative (-),Supported
37767,logSAR,~,Abundance,0.457718067720235,0.123650822642785,3.70169852442094,2.141609931292e-4,0.215366908681626,0.700069226758844,DAG1A_long,CPUE -> SAR,H4a,132.972249123901,07.Cond2NCC_DFA1,X07_DFA_cpue_IntSprJunHW,1,1,0,Multi-Taxa DFA,FALSE,Positive (+),Supported
37767,logSAR,~,PreyAK,-0.542390927361443,0.189993527583698,-2.85478634066891,0.00430657904811316,-0.914771398721208,-0.170010456001677,DAG1A_long,PreyAK -> SAR,H1e,132.972249123901,13.FishPreyAK_b_4_smoothed,X13_pollockBiomassGoAage3plus_predAK,1,0,1,Single-Series Straggler,FALSE,Positive (+),Flipped
37767,logSAR,~,PredAK,-0.724722014284169,0.186510549007264,-3.88568913737926,1.0204001226621e-4,-1.0902759730752,-0.359168055493139,DAG1A_long,PredAK -> SAR,H2c,132.972249123901,15.PredFishAK_b_DFA1,X15_DFA_sleeperSharks,1,0,1,Multi-Taxa DFA,FALSE,Negative (-),Supported
37901,Growth,~,PreyNCC,-0.933812356559096,0.0730281003956546,-12.7870278906318,0,-1.07694480319395,-0.790679909924237,DAG1A_long,PreyNCC -> Growth,H1a,139.934000546758,05.ForageFishNCC_DFA1,X05_DFA_abundSardine,1,0,1,Multi-Taxa DFA,TRUE,Negative (-),Supported
37901,Abundance,~,Growth,-0.118558617310201,0.170663585159862,-0.69469194145398,0.48724837932429,-0.453053097696014,0.215935863075612,DAG1A_long,Growth -> CPUE,H1b,139.934000546758,06.Cond1NCC_DFA1,X06_DFA_IGF_mu,0,0,1,Multi-Taxa DFA,FALSE,Positive (+),NS
37901,Abundance,~,PredNCC,0.528507469453769,0.170663585159862,3.09677936836211,0.00195635422528651,0.194012989067956,0.863001949839582,DAG1A_long,PredNCC -> CPUE,H2a,139.934000546758,08.PredBirdNCC_b_2_smoothed,X08_Loons_8_WS,1,1,0,Single-Series Straggler,FALSE,Negative (-),Flipped
37901,logSAR,~,Abundance,0.509498280022055,0.13436761436079,3.79182351674417,1.4954517454968e-4,0.24614259518634,0.772853964857769,DAG1A_long,CPUE -> SAR,H4a,139.934000546758,07.Cond2NCC_DFA1,X07_DFA_cpue_IntSprJunHW,1,1,0,Multi-Taxa DFA,FALSE,Positive (+),Supported
37901,logSAR,~,PreyAK,0.494004417562611,0.168470152266248,2.93229637960968,0.0033646547965136,0.163808986650786,0.824199848474437,DAG1A_long,PreyAK -> SAR,H1e,139.934000546758,14.CompAK_smoothed,X14_pinkSalmonAsia,1,1,0,Single-Series Straggler,TRUE,Negative (-),Flipped
37901,logSAR,~,PredAK,0.334201480568703,0.170897989395192,1.95556121959914,0.0505168650165411,-7.52423676181e-4,0.669155384813587,DAG1A_long,PredAK -> SAR,H2c,139.934000546758,15.PredFishAK_3_smoothed,X15_PacificCodBiomass_predAK,0,1,0,Single-Series Straggler,FALSE,Negative (-),NS
37947,Growth,~,PreyNCC,-0.933812356559096,0.0730281003956545,-12.7870278906318,0,-1.07694480319395,-0.790679909924238,DAG1A_long,PreyNCC -> Growth,H1a,138.14938792858501,05.ForageFishNCC_DFA1,X05_DFA_abundSardine,1,0,1,Multi-Taxa DFA,TRUE,Negative (-),Supported
37947,Abundance,~,Growth,-0.0251180600435995,0.171221478999572,-0.146699235343378,0.883369422182527,-0.360705992262442,0.310469872175243,DAG1A_long,Growth -> CPUE,H1b,138.14938792858501,06.Cond1NCC_DFA1,X06_DFA_IGF_mu,0,0,1,Multi-Taxa DFA,FALSE,Positive (+),NS
37947,Abundance,~,PredNCC,-0.606208758740121,0.171221478999573,-3.54049481573299,3.9937748156515e-4,-0.941796690958965,-0.270620826521278,DAG1A_long,PredNCC -> CPUE,H2a,138.14938792858501,09.PredFishNCC_b_DFA1,X09_DFA_HakeAge5Plus,1,0,1,Multi-Taxa DFA,FALSE,Negative (-),Supported
37947,logSAR,~,Abundance,0.460839191366701,0.136798518060656,3.36874403246361,7.5511518843063e-4,0.192719022829363,0.728959359904038,DAG1A_long,CPUE -> SAR,H4a,138.14938792858501,07.Cond2NCC_DFA1,X07_DFA_cpue_IntSprJunHW,1,1,0,Multi-Taxa DFA,FALSE,Positive (+),Supported
37947,logSAR,~,PreyAK,0.0815324024896982,0.171773109424381,0.47465172379377,0.635035232815993,-0.255136705494546,0.418201510473942,DAG1A_long,PreyAK -> SAR,H1e,138.14938792858501,14.CompAK_smoothed,X14_pinkSalmonAsia,0,1,0,Single-Series Straggler,TRUE,Negative (-),NS
37947,logSAR,~,PredAK,-0.318543465137416,0.170194224756513,-1.87164673532922,0.0612554931193825,-0.652118016036897,0.0150310857620659,DAG1A_long,PredAK -> SAR,H2c,138.14938792858501,10.PredMammalNCC_2_smoothed,X10_Harbour_s_2yrLead_WS,0,0,1,Single-Series Straggler,FALSE,Negative (-),NS
37955,Growth,~,PreyNCC,-0.933812356559096,0.0730281003956547,-12.7870278906318,0,-1.07694480319395,-0.790679909924237,DAG1A_long,PreyNCC -> Growth,H1a,138.991900052474,05.ForageFishNCC_DFA1,X05_DFA_abundSardine,1,0,1,Multi-Taxa DFA,TRUE,Negative (-),Supported
37955,Abundance,~,Growth,-0.0251180600435995,0.171221478999572,-0.146699235343378,0.883369422182527,-0.360705992262442,0.310469872175243,DAG1A_long,Growth -> CPUE,H1b,138.991900052474,06.Cond1NCC_DFA1,X06_DFA_IGF_mu,0,0,1,Multi-Taxa DFA,FALSE,Positive (+),NS
37955,Abundance,~,PredNCC,-0.606208758740121,0.171221478999572,-3.54049481573299,3.9937748156515e-4,-0.941796690958964,-0.270620826521279,DAG1A_long,PredNCC -> CPUE,H2a,138.991900052474,09.PredFishNCC_b_DFA1,X09_DFA_HakeAge5Plus,1,0,1,Multi-Taxa DFA,FALSE,Negative (-),Supported
37955,logSAR,~,Abundance,0.521684937847657,0.146267336871375,3.56665369730781,3.6156878286086e-4,0.235006225465174,0.80836365023014,DAG1A_long,CPUE -> SAR,H4a,138.991900052474,07.Cond2NCC_DFA1,X07_DFA_cpue_IntSprJunHW,1,1,0,Multi-Taxa DFA,FALSE,Positive (+),Supported
37955,logSAR,~,PreyAK,0.505412323932583,0.201809242995861,2.50440622257796,0.0122657116161742,0.109873475913403,0.900951171951763,DAG1A_long,PreyAK -> SAR,H1e,138.991900052474,14.CompAK_smoothed,X14_pinkSalmonAsia,1,1,0,Single-Series Straggler,TRUE,Negative (-),Flipped
37955,logSAR,~,PredAK,-0.296701227346668,0.212498933417385,-1.39624807793221,0.162639803341427,-0.713191483597917,0.119789028904581,DAG1A_long,PredAK -> SAR,H2c,138.991900052474,15.PredFishAK_2_smoothed,X15_sablefishRecruitment_predAK,0,0,1,Single-Series Straggler,FALSE,Negative (-),NS
37957,Growth,~,PreyNCC,-0.933812356559096,0.0730281003956547,-12.7870278906318,0,-1.07694480319395,-0.790679909924237,DAG1A_long,PreyNCC -> Growth,H1a,137.522524356082,05.ForageFishNCC_DFA1,X05_DFA_abundSardine,1,0,1,Multi-Taxa DFA,TRUE,Negative (-),Supported
37957,Abundance,~,Growth,-0.0251180600435995,0.171221478999572,-0.146699235343378,0.883369422182527,-0.360705992262442,0.310469872175243,DAG1A_long,Growth -> CPUE,H1b,137.522524356082,06.Cond1NCC_DFA1,X06_DFA_IGF_mu,0,0,1,Multi-Taxa DFA,FALSE,Positive (+),NS
37957,Abundance,~,PredNCC,-0.606208758740121,0.171221478999572,-3.540494815733,3.9937748156515e-4,-0.941796690958964,-0.270620826521279,DAG1A_long,PredNCC -> CPUE,H2a,137.522524356082,09.PredFishNCC_b_DFA1,X09_DFA_HakeAge5Plus,1,0,1,Multi-Taxa DFA,FALSE,Negative (-),Supported
37957,logSAR,~,Abundance,0.509498280022055,0.139692424868344,3.6472863900977,2.6502447642884e-4,0.235706158367034,0.783290401677075,DAG1A_long,CPUE -> SAR,H4a,137.522524356082,07.Cond2NCC_DFA1,X07_DFA_cpue_IntSprJunHW,1,1,0,Multi-Taxa DFA,FALSE,Positive (+),Supported
37957,logSAR,~,PreyAK,0.494004417562611,0.168953571635365,2.92390632989262,0.00345668748418371,0.162861502097887,0.825147333027335,DAG1A_long,PreyAK -> SAR,H1e,137.522524356082,14.CompAK_smoothed,X14_pinkSalmonAsia,1,1,0,Single-Series Straggler,TRUE,Negative (-),Flipped
37957,logSAR,~,PredAK,0.334201480568703,0.177016210240774,1.88797105143155,0.0590298368532143,-0.0127439161829847,0.681146877320391,DAG1A_long,PredAK -> SAR,H2c,137.522524356082,15.PredFishAK_3_smoothed,X15_PacificCodBiomass_predAK,0,1,0,Single-Series Straggler,FALSE,Negative (-),NS
37963,Growth,~,PreyNCC,-0.933812356559096,0.0730281003956553,-12.7870278906317,0,-1.07694480319396,-0.790679909924237,DAG1A_long,PreyNCC -> Growth,H1a,139.681559969154,05.ForageFishNCC_DFA1,X05_DFA_abundSardine,1,0,1,Multi-Taxa DFA,TRUE,Negative (-),Supported
37963,Abundance,~,Growth,-0.0251180600435999,0.171221478999572,-0.14669923534338,0.883369422182525,-0.360705992262443,0.310469872175243,DAG1A_long,Growth -> CPUE,H1b,139.681559969154,06.Cond1NCC_DFA1,X06_DFA_IGF_mu,0,0,1,Multi-Taxa DFA,FALSE,Positive (+),NS
37963,Abundance,~,PredNCC,-0.606208758740122,0.171221478999572,-3.540494815733,3.9937748156515e-4,-0.941796690958964,-0.270620826521279,DAG1A_long,PredNCC -> CPUE,H2a,139.681559969154,09.PredFishNCC_b_DFA1,X09_DFA_HakeAge5Plus,1,0,1,Multi-Taxa DFA,FALSE,Negative (-),Supported
37963,logSAR,~,Abundance,0.550936792400705,0.139514636921035,3.94895334682722,7.84936462201458e-5,0.277493128719295,0.824380456082115,DAG1A_long,CPUE -> SAR,H4a,139.681559969154,07.Cond2NCC_DFA1,X07_DFA_cpue_IntSprJunHW,1,1,0,Multi-Taxa DFA,FALSE,Positive (+),Supported
37963,logSAR,~,PreyAK,0.132310684056432,0.197116988393717,0.671229228564296,0.502074511389566,-0.254031513936253,0.518652882049116,DAG1A_long,PreyAK -> SAR,H1e,139.681559969154,14.CompAK_smoothed,X14_pinkSalmonAsia,0,1,0,Single-Series Straggler,TRUE,Negative (-),NS
37963,logSAR,~,PredAK,-0.230444267777873,0.195212553046011,-1.18047873552249,0.237809863009654,-0.613053841078169,0.152165305522423,DAG1A_long,PredAK -> SAR,H2c,139.681559969154,15.PredFishAK_b_DFA1,X15_DFA_sleeperSharks,0,0,1,Multi-Taxa DFA,FALSE,Negative (-),NS
38143,Growth,~,PreyNCC,-0.933812356559096,0.0730281003956548,-12.7870278906318,0,-1.07694480319395,-0.790679909924237,DAG1A_long,PreyNCC -> Growth,H1a,138.342900640387,05.ForageFishNCC_DFA1,X05_DFA_abundSardine,1,0,1,Multi-Taxa DFA,TRUE,Negative (-),Supported
38143,Abundance,~,Growth,-0.0251180600435995,0.171221478999573,-0.146699235343378,0.883369422182527,-0.360705992262443,0.310469872175244,DAG1A_long,Growth -> CPUE,H1b,138.342900640387,06.Cond1NCC_DFA1,X06_DFA_IGF_mu,0,0,1,Multi-Taxa DFA,FALSE,Positive (+),NS
38143,Abundance,~,PredNCC,-0.606208758740121,0.171221478999572,-3.54049481573299,3.9937748156515e-4,-0.941796690958965,-0.270620826521278,DAG1A_long,PredNCC -> CPUE,H2a,138.342900640387,09.PredFishNCC_b_DFA1,X09_DFA_HakeAge5Plus,1,0,1,Multi-Taxa DFA,FALSE,Negative (-),Supported
38143,logSAR,~,Abundance,0.43101109624136,0.139235245598105,3.09556028281409,0.00196441437144745,0.158115029490485,0.703907162992235,DAG1A_long,CPUE -> SAR,H4a,138.342900640387,07.Cond2NCC_DFA1,X07_DFA_cpue_IntSprJunHW,1,1,0,Multi-Taxa DFA,FALSE,Positive (+),Supported
38143,logSAR,~,PreyAK,-0.00665383021479522,0.17146600561562,-0.0388055357731449,0.969045431251875,-0.342721025794353,0.329413365364763,DAG1A_long,PreyAK -> SAR,H1e,138.342900640387,14.CompAK_0_smoothed,X14_pinkSalmon,0,0,1,Single-Series Straggler,TRUE,Negative (-),NS
38143,logSAR,~,PredAK,-0.376575221156511,0.168531762975426,-2.23444657854449,0.0254537038428277,-0.706891406839386,-0.0462590354736352,DAG1A_long,PredAK -> SAR,H2c,138.342900640387,10.PredMammalNCC_2_smoothed,X10_Harbour_s_2yrLead_WS,1,0,1,Single-Series Straggler,FALSE,Negative (-),Supported
38283,Growth,~,PreyNCC,-0.933812356559096,0.0730281003956548,-12.7870278906318,0,-1.07694480319395,-0.790679909924237,DAG1A_long,PreyNCC -> Growth,H1a,139.685924668538,05.ForageFishNCC_DFA1,X05_DFA_abundSardine,1,0,1,Multi-Taxa DFA,TRUE,Negative (-),Supported
38283,Abundance,~,Growth,-0.118558617310201,0.170663585159862,-0.69469194145398,0.48724837932429,-0.453053097696014,0.215935863075612,DAG1A_long,Growth -> CPUE,H1b,139.685924668538,06.Cond1NCC_DFA1,X06_DFA_IGF_mu,0,0,1,Multi-Taxa DFA,FALSE,Positive (+),NS
38283,Abundance,~,PredNCC,0.528507469453769,0.170663585159861,3.09677936836212,0.00195635422528628,0.194012989067957,0.863001949839582,DAG1A_long,PredNCC -> CPUE,H2a,139.685924668538,08.PredBirdNCC_b_2_smoothed,X08_Loons_8_WS,1,1,0,Single-Series Straggler,FALSE,Negative (-),Flipped
38283,logSAR,~,Abundance,0.451342990065439,0.133630288087182,3.37755007884871,7.3134634784111e-4,0.18943243817085,0.713253541960028,DAG1A_long,CPUE -> SAR,H4a,139.685924668538,07.Cond2NCC_DFA1,X07_DFA_cpue_IntSprJunHW,1,1,0,Multi-Taxa DFA,FALSE,Positive (+),Supported
38283,logSAR,~,PreyAK,-0.147176152524397,0.139692164620898,-1.05357485814476,0.292077604995309,-0.420967764103798,0.126615459055004,DAG1A_long,PreyAK -> SAR,H1e,139.685924668538,14.CompAK_1_smoothed,X14_pinkSalmonNorthAmerica,0,0,1,Single-Series Straggler,TRUE,Negative (-),NS
38283,logSAR,~,PredAK,-0.31850373016072,0.142205589846675,-2.23974128235133,0.0251077238267485,-0.597221564660479,-0.0397858956609617,DAG1A_long,PredAK -> SAR,H2c,139.685924668538,10.PredMammalNCC_2_smoothed,X10_Harbour_s_2yrLead_WS,1,0,1,Single-Series Straggler,FALSE,Negative (-),Supported
38339,Growth,~,PreyNCC,-0.933812356559096,0.0730281003956549,-12.7870278906318,0,-1.07694480319395,-0.790679909924237,DAG1A_long,PreyNCC -> Growth,H1a,137.274448477862,05.ForageFishNCC_DFA1,X05_DFA_abundSardine,1,0,1,Multi-Taxa DFA,TRUE,Negative (-),Supported
38339,Abundance,~,Growth,-0.0251180600435995,0.171221478999572,-0.146699235343378,0.883369422182527,-0.360705992262442,0.310469872175243,DAG1A_long,Growth -> CPUE,H1b,137.274448477862,06.Cond1NCC_DFA1,X06_DFA_IGF_mu,0,0,1,Multi-Taxa DFA,FALSE,Positive (+),NS
38339,Abundance,~,PredNCC,-0.606208758740121,0.171221478999572,-3.54049481573299,3.9937748156515e-4,-0.941796690958964,-0.270620826521279,DAG1A_long,PredNCC -> CPUE,H2a,137.274448477862,09.PredFishNCC_b_DFA1,X09_DFA_HakeAge5Plus,1,0,1,Multi-Taxa DFA,FALSE,Negative (-),Supported
38339,logSAR,~,Abundance,0.451342990065439,0.131007146349951,3.44517839400758,5.7068262022164e-4,0.194573701502168,0.70811227862871,DAG1A_long,CPUE -> SAR,H4a,137.274448477862,07.Cond2NCC_DFA1,X07_DFA_cpue_IntSprJunHW,1,1,0,Multi-Taxa DFA,FALSE,Positive (+),Supported
38339,logSAR,~,PreyAK,-0.147176152524397,0.13957314064680101,-1.05447331658773,0.291666270921368,-0.42073448140127,0.126382176352475,DAG1A_long,PreyAK -> SAR,H1e,137.274448477862,14.CompAK_1_smoothed,X14_pinkSalmonNorthAmerica,0,0,1,Single-Series Straggler,TRUE,Negative (-),NS
38339,logSAR,~,PredAK,-0.31850373016072,0.139673163345937,-2.2803502299999,0.0225869249182418,-0.592258099925537,-0.0447493603959039,DAG1A_long,PredAK -> SAR,H2c,137.274448477862,10.PredMammalNCC_2_smoothed,X10_Harbour_s_2yrLead_WS,1,0,1,Single-Series Straggler,FALSE,Negative (-),Supported
38341,Growth,~,PreyNCC,-0.933812356559096,0.0730281003956548,-12.7870278906318,0,-1.07694480319395,-0.790679909924237,DAG1A_long,PreyNCC -> Growth,H1a,139.683407198374,05.ForageFishNCC_DFA1,X05_DFA_abundSardine,1,0,1,Multi-Taxa DFA,TRUE,Negative (-),Supported
38341,Abundance,~,Growth,-0.0251180600435995,0.171221478999572,-0.146699235343378,0.883369422182527,-0.360705992262443,0.310469872175244,DAG1A_long,Growth -> CPUE,H1b,139.683407198374,06.Cond1NCC_DFA1,X06_DFA_IGF_mu,0,0,1,Multi-Taxa DFA,FALSE,Positive (+),NS
38341,Abundance,~,PredNCC,-0.606208758740122,0.171221478999572,-3.54049481573299,3.9937748156515e-4,-0.941796690958965,-0.270620826521279,DAG1A_long,PredNCC -> CPUE,H2a,139.683407198374,09.PredFishNCC_b_DFA1,X09_DFA_HakeAge5Plus,1,0,1,Multi-Taxa DFA,FALSE,Negative (-),Supported
38341,logSAR,~,Abundance,0.463531181424866,0.140992614315273,3.28762739577527,0.00101035464330312,0.187190735280785,0.739871627568947,DAG1A_long,CPUE -> SAR,H4a,139.683407198374,07.Cond2NCC_DFA1,X07_DFA_cpue_IntSprJunHW,1,1,0,Multi-Taxa DFA,FALSE,Positive (+),Supported
38341,logSAR,~,PreyAK,-0.234887394609552,0.13851272885959,-1.69578201616154,0.0899271694879293,-0.506367354574709,0.0365925653556055,DAG1A_long,PreyAK -> SAR,H1e,139.683407198374,14.CompAK_1_smoothed,X14_pinkSalmonNorthAmerica,0,0,1,Single-Series Straggler,TRUE,Negative (-),NS
38341,logSAR,~,PredAK,0.21244315774095,0.141890281024028,1.4972354428206,0.134332006086187,-0.0656566828224112,0.490542998304311,DAG1A_long,PredAK -> SAR,H2c,139.683407198374,10.PredMammalNCC_3_smoothed,X10_Northern_f_s_2yrLead_WS,0,1,0,Single-Series Straggler,FALSE,Negative (-),NS
38349,Growth,~,PreyNCC,-0.933812356559096,0.0730281003956548,-12.7870278906318,0,-1.07694480319395,-0.790679909924237,DAG1A_long,PreyNCC -> Growth,H1a,138.697652275967,05.ForageFishNCC_DFA1,X05_DFA_abundSardine,1,0,1,Multi-Taxa DFA,TRUE,Negative (-),Supported
38349,Abundance,~,Growth,-0.0251180600435998,0.171221478999573,-0.146699235343379,0.883369422182526,-0.360705992262443,0.310469872175244,DAG1A_long,Growth -> CPUE,H1b,138.697652275967,06.Cond1NCC_DFA1,X06_DFA_IGF_mu,0,0,1,Multi-Taxa DFA,FALSE,Positive (+),NS
38349,Abundance,~,PredNCC,-0.606208758740122,0.171221478999572,-3.54049481573299,3.9937748156515e-4,-0.941796690958965,-0.270620826521279,DAG1A_long,PredNCC -> CPUE,H2a,138.697652275967,09.PredFishNCC_b_DFA1,X09_DFA_HakeAge5Plus,1,0,1,Multi-Taxa DFA,FALSE,Negative (-),Supported
38349,logSAR,~,Abundance,0.426095808024068,0.150354857284611,2.83393443829686,0.0045978763923733,0.131405702845571,0.720785913202566,DAG1A_long,CPUE -> SAR,H4a,138.697652275967,07.Cond2NCC_DFA1,X07_DFA_cpue_IntSprJunHW,1,1,0,Multi-Taxa DFA,FALSE,Positive (+),Supported
38349,logSAR,~,PreyAK,-0.455880541889601,0.179288239809722,-2.54272417629525,0.0109992018282672,-0.807279034768237,-0.104482049010965,DAG1A_long,PreyAK -> SAR,H1e,138.697652275967,14.CompAK_1_smoothed,X14_pinkSalmonNorthAmerica,1,0,1,Single-Series Straggler,TRUE,Negative (-),Supported
38349,logSAR,~,PredAK,0.328320718282311,0.189722544921696,1.73053085714098,0.0835354730484532,-0.0435286368194965,0.700170073384118,DAG1A_long,PredAK -> SAR,H2c,138.697652275967,15.PredFishAK_3_smoothed,X15_PacificCodBiomass_predAK,0,1,0,Single-Series Straggler,FALSE,Negative (-),NS
38355,Growth,~,PreyNCC,-0.933812356559096,0.0730281003956551,-12.7870278906317,0,-1.07694480319395,-0.790679909924237,DAG1A_long,PreyNCC -> Growth,H1a,138.424797018564,05.ForageFishNCC_DFA1,X05_DFA_abundSardine,1,0,1,Multi-Taxa DFA,TRUE,Negative (-),Supported
38355,Abundance,~,Growth,-0.0251180600435995,0.171221478999572,-0.146699235343378,0.883369422182527,-0.360705992262442,0.310469872175243,DAG1A_long,Growth -> CPUE,H1b,138.424797018564,06.Cond1NCC_DFA1,X06_DFA_IGF_mu,0,0,1,Multi-Taxa DFA,FALSE,Positive (+),NS
38355,Abundance,~,PredNCC,-0.606208758740121,0.171221478999572,-3.54049481573299,3.9937748156515e-4,-0.941796690958964,-0.270620826521279,DAG1A_long,PredNCC -> CPUE,H2a,138.424797018564,09.PredFishNCC_b_DFA1,X09_DFA_HakeAge5Plus,1,0,1,Multi-Taxa DFA,FALSE,Negative (-),Supported
38355,logSAR,~,Abundance,0.536686181501797,0.134264724275351,3.99722402439199,6.40896421042481e-5,0.27353215752791,0.799840205475685,DAG1A_long,CPUE -> SAR,H4a,138.424797018564,07.Cond2NCC_DFA1,X07_DFA_cpue_IntSprJunHW,1,1,0,Multi-Taxa DFA,FALSE,Positive (+),Supported
38355,logSAR,~,PreyAK,-0.18561426889842,0.140161543951924,-1.32428812971757,0.185407371277459,-0.460325847061719,0.089097309264879,DAG1A_long,PreyAK -> SAR,H1e,138.424797018564,14.CompAK_1_smoothed,X14_pinkSalmonNorthAmerica,0,0,1,Single-Series Straggler,TRUE,Negative (-),NS
38355,logSAR,~,PredAK,-0.269008792839355,0.140195487595509,-1.91881206344884,0.0550081226001822,-0.543786899321584,0.00576931364287453,DAG1A_long,PredAK -> SAR,H2c,138.424797018564,15.PredFishAK_b_DFA1,X15_DFA_sleeperSharks,0,0,1,Multi-Taxa DFA,FALSE,Negative (-),NS
69,Growth,~,PreyNCC,0.931964089545521,0.0831748114064867,11.204883711619,0,0.768944454767896,1.09498372432315,DAG1A_short,PreyNCC -> Growth,H1a,99.5303528510518,01.ZooPreyNCC_JSOES_DFA1,X01_DFA_sumPreyOfPrey_planktonJun,1,1,0,Multi-Taxa DFA,FALSE,Positive (+),Supported
69,Abundance,~,Growth,0.178761614373988,0.201141246002826,0.888736735634403,0.3741445832231,-0.215467983597062,0.572991212345039,DAG1A_short,Growth -> CPUE,H1b,99.5303528510518,06.Cond1NCC_DFA1,X06_DFA_IGF_mu,0,1,0,Multi-Taxa DFA,FALSE,Positive (+),NS
69,Abundance,~,PredNCC,0.757750459960748,0.201141246002826,3.76725547354967,1.6505207548767e-4,0.363520861989697,1.1519800579318,DAG1A_short,PredNCC -> CPUE,H2a,99.5303528510518,08.PredBirdNCC_b_0_smoothed,X08_commonMurre_JSOES,1,1,0,Single-Series Straggler,FALSE,Negative (-),Flipped
69,logSAR,~,Abundance,0.259784739423948,0.12740848305668,2.03899091482297,0.0414509342933029,0.0100687013079729,0.509500777539922,DAG1A_short,CPUE -> SAR,H4a,99.5303528510518,07.Cond2NCC_DFA1,X07_DFA_cpue_IntSprJunHW,1,1,0,Multi-Taxa DFA,FALSE,Positive (+),Supported
69,logSAR,~,PreyAK,-0.605895246505269,0.142169062912538,-4.26179390995925,2.02792419183861e-5,-0.884541489529654,-0.327249003480885,DAG1A_short,PreyAK -> SAR,H1e,99.5303528510518,12.ZooPreyAK_DFA1,X12_DFA_biomassEuphShelfSum,1,0,1,Multi-Taxa DFA,FALSE,Positive (+),Flipped
69,logSAR,~,PredAK,0.571557590867047,0.131452456423402,4.34801757546537,1.37373598094737e-5,0.313915510597858,0.829199671136236,DAG1A_short,PredAK -> SAR,H2c,99.5303528510518,10.PredMammalNCC_0_smoothed,X10_Californian_s_l_2yrLead_WS,1,1,0,Single-Series Straggler,FALSE,Negative (-),Flipped
109,Growth,~,PreyNCC,0.931964089545521,0.083174811406487,11.2048837116189,0,0.768944454767895,1.09498372432315,DAG1A_short,PreyNCC -> Growth,H1a,91.1359970404758,01.ZooPreyNCC_JSOES_DFA1,X01_DFA_sumPreyOfPrey_planktonJun,1,1,0,Multi-Taxa DFA,FALSE,Positive (+),Supported
109,Abundance,~,Growth,0.178761614373988,0.201141246002827,0.888736735634401,0.374144583223101,-0.215467983597063,0.57299121234504,DAG1A_short,Growth -> CPUE,H1b,91.1359970404758,06.Cond1NCC_DFA1,X06_DFA_IGF_mu,0,1,0,Multi-Taxa DFA,FALSE,Positive (+),NS
109,Abundance,~,PredNCC,0.757750459960747,0.201141246002826,3.76725547354966,1.6505207548767e-4,0.363520861989697,1.1519800579318,DAG1A_short,PredNCC -> CPUE,H2a,91.1359970404758,08.PredBirdNCC_b_0_smoothed,X08_commonMurre_JSOES,1,1,0,Single-Series Straggler,FALSE,Negative (-),Flipped
109,logSAR,~,Abundance,0.284091678372629,0.102439708971996,2.77325737473827,0.00554982079463295,0.0833135382007527,0.484869818544505,DAG1A_short,CPUE -> SAR,H4a,91.1359970404758,07.Cond2NCC_DFA1,X07_DFA_cpue_IntSprJunHW,1,1,0,Multi-Taxa DFA,FALSE,Positive (+),Supported
109,logSAR,~,PreyAK,-0.547635483863064,0.107833589745122,-5.07852409585423,3.80378195830033e-7,-0.758985436087171,-0.336285531638956,DAG1A_short,PreyAK -> SAR,H1e,91.1359970404758,12.ZooPreyAK_DFA1,X12_DFA_biomassEuphShelfSum,1,0,1,Multi-Taxa DFA,FALSE,Positive (+),Flipped
109,logSAR,~,PredAK,-0.621786837284738,0.0997704701739702,-6.23217306885019,4.60008919844768e-10,-0.817333365546347,-0.426240309023129,DAG1A_short,PredAK -> SAR,H2c,91.1359970404758,15.PredFishAK_b_DFA1,X15_DFA_sleeperSharks,1,0,1,Multi-Taxa DFA,FALSE,Negative (-),Supported
110,Growth,~,PreyNCC,0.929044831571231,0.0848762879696963,10.9458702046787,0,0.762690364009176,1.09539929913329,DAG1A_short,PreyNCC -> Growth,H1a,91.3810546568376,01.ZooPreyNCC_JSOES_DFA1,X01_DFA_sumPreyOfPrey_planktonJun,1,1,0,Multi-Taxa DFA,FALSE,Positive (+),Supported
110,Abundance,~,Growth,0.211889820039067,0.19809886590711,1.06961652238041,0.284791955021927,-0.176376822517098,0.600156462595233,DAG1A_short,Growth -> CPUE,H1b,91.3810546568376,06.Cond1NCC_0_smoothed,X06_Lmu_IntSprJunH,0,1,0,Single-Series Straggler,FALSE,Positive (+),NS
110,Abundance,~,PredNCC,0.749435006183567,0.19809886590711,3.78313627769571,1.5486456689584e-4,0.361168363627402,1.13770164873973,DAG1A_short,PredNCC -> CPUE,H2a,91.3810546568376,08.PredBirdNCC_b_0_smoothed,X08_commonMurre_JSOES,1,1,0,Single-Series Straggler,FALSE,Negative (-),Flipped
110,logSAR,~,Abundance,0.284091678372629,0.104347449395549,2.72255507938411,0.00647792340325304,0.0795744356787367,0.488608921066521,DAG1A_short,CPUE -> SAR,H4a,91.3810546568376,07.Cond2NCC_DFA1,X07_DFA_cpue_IntSprJunHW,1,1,0,Multi-Taxa DFA,FALSE,Positive (+),Supported
110,logSAR,~,PreyAK,-0.547635483863063,0.10743993348885,-5.09713163513731,3.44838550825344e-7,-0.758213884002587,-0.337057083723539,DAG1A_short,PreyAK -> SAR,H1e,91.3810546568376,12.ZooPreyAK_DFA1,X12_DFA_biomassEuphShelfSum,1,0,1,Multi-Taxa DFA,FALSE,Positive (+),Flipped
110,logSAR,~,PredAK,-0.621786837284738,0.10026648646762,-6.20134263391725,5.598348451485441e-10,-0.818305539617646,-0.425268134951831,DAG1A_short,PredAK -> SAR,H2c,91.3810546568376,15.PredFishAK_b_DFA1,X15_DFA_sleeperSharks,1,0,1,Multi-Taxa DFA,FALSE,Negative (-),Supported
237,Growth,~,PreyNCC,0.931964089545521,0.0831748114064869,11.2048837116189,0,0.768944454767895,1.09498372432315,DAG1A_short,PreyNCC -> Growth,H1a,93.4392848809804,01.ZooPreyNCC_JSOES_DFA1,X01_DFA_sumPreyOfPrey_planktonJun,1,1,0,Multi-Taxa DFA,FALSE,Positive (+),Supported
237,Abundance,~,Growth,-0.217025742774578,0.176878616042904,-1.22697558150238,0.219831768833633,-0.563701459853959,0.129649974304803,DAG1A_short,Growth -> CPUE,H1b,93.4392848809804,06.Cond1NCC_DFA1,X06_DFA_IGF_mu,0,0,1,Multi-Taxa DFA,FALSE,Positive (+),NS
237,Abundance,~,PredNCC,0.608417898312649,0.176878616042905,3.43974818394705,5.8225566106484e-4,0.261742181233268,0.955093615392031,DAG1A_short,PredNCC -> CPUE,H2a,93.4392848809804,08.PredBirdNCC_b_2_smoothed,X08_Loons_8_WS,1,1,0,Single-Series Straggler,FALSE,Negative (-),Flipped
237,logSAR,~,Abundance,0.284091678372629,0.0934159177243883,3.0411485033076,0.0023567756024685,0.100999844050071,0.467183512695187,DAG1A_short,CPUE -> SAR,H4a,93.4392848809804,07.Cond2NCC_DFA1,X07_DFA_cpue_IntSprJunHW,1,1,0,Multi-Taxa DFA,FALSE,Positive (+),Supported
237,logSAR,~,PreyAK,-0.547635483863063,0.0995747889094557,-5.4997403445267,3.80350935191842e-8,-0.742798483893775,-0.352472483832352,DAG1A_short,PreyAK -> SAR,H1e,93.4392848809804,12.ZooPreyAK_DFA1,X12_DFA_biomassEuphShelfSum,1,0,1,Multi-Taxa DFA,FALSE,Positive (+),Flipped
237,logSAR,~,PredAK,-0.621786837284738,0.0978555671529948,-6.35412838916553,2.09611661361464e-10,-0.813580224591349,-0.429993449978128,DAG1A_short,PredAK -> SAR,H2c,93.4392848809804,15.PredFishAK_b_DFA1,X15_DFA_sleeperSharks,1,0,1,Multi-Taxa DFA,FALSE,Negative (-),Supported
238,Growth,~,PreyNCC,0.929044831571232,0.0848762879696965,10.9458702046787,0,0.762690364009177,1.09539929913329,DAG1A_short,PreyNCC -> Growth,H1a,94.8222996798854,01.ZooPreyNCC_JSOES_DFA1,X01_DFA_sumPreyOfPrey_planktonJun,1,1,0,Multi-Taxa DFA,FALSE,Positive (+),Supported
238,Abundance,~,Growth,-0.168091536496466,0.179757012363227,-0.935104195861971,0.34973460442841803,-0.520408806696913,0.18422573370398,DAG1A_short,Growth -> CPUE,H1b,94.8222996798854,06.Cond1NCC_0_smoothed,X06_Lmu_IntSprJunH,0,0,1,Single-Series Straggler,FALSE,Positive (+),NS
238,Abundance,~,PredNCC,0.626234951004435,0.179757012363227,3.48378593286268,4.9437473005231e-4,0.273917680803988,0.978552221204882,DAG1A_short,PredNCC -> CPUE,H2a,94.8222996798854,08.PredBirdNCC_b_2_smoothed,X08_Loons_8_WS,1,1,0,Single-Series Straggler,FALSE,Negative (-),Flipped
238,logSAR,~,Abundance,0.284091678372629,0.0920381722120616,3.0866723180689,0.00202410590412572,0.103700175634093,0.464483181111165,DAG1A_short,CPUE -> SAR,H4a,94.8222996798854,07.Cond2NCC_DFA1,X07_DFA_cpue_IntSprJunHW,1,1,0,Multi-Taxa DFA,FALSE,Positive (+),Supported
238,logSAR,~,PreyAK,-0.547635483863063,0.0992892225682538,-5.51555818141899,3.47674697920297e-8,-0.742238784149822,-0.353032183576304,DAG1A_short,PreyAK -> SAR,H1e,94.8222996798854,12.ZooPreyAK_DFA1,X12_DFA_biomassEuphShelfSum,1,0,1,Multi-Taxa DFA,FALSE,Positive (+),Flipped
238,logSAR,~,PredAK,-0.621786837284739,0.098054165162021,-6.34125879565975,2.27895258220201e-10,-0.813969469536443,-0.429604205033036,DAG1A_short,PredAK -> SAR,H2c,94.8222996798854,15.PredFishAK_b_DFA1,X15_DFA_sleeperSharks,1,0,1,Multi-Taxa DFA,FALSE,Negative (-),Supported
365,Growth,~,PreyNCC,0.931964089545521,0.0831748114064872,11.2048837116189,0,0.768944454767895,1.09498372432315,DAG1A_short,PreyNCC -> Growth,H1a,91.8573012280875,01.ZooPreyNCC_JSOES_DFA1,X01_DFA_sumPreyOfPrey_planktonJun,1,1,0,Multi-Taxa DFA,FALSE,Positive (+),Supported
365,Abundance,~,Growth,-0.07110225561335,0.180222998975192,-0.39452376232590203,0.69319438709442,-0.424332842790526,0.282128331563826,DAG1A_short,Growth -> CPUE,H1b,91.8573012280875,06.Cond1NCC_DFA1,X06_DFA_IGF_mu,0,0,1,Multi-Taxa DFA,FALSE,Positive (+),NS
365,Abundance,~,PredNCC,-0.656794558312735,0.180222998975192,-3.64434374107349,2.680749438122e-4,-1.01002514548991,-0.30356397113556,DAG1A_short,PredNCC -> CPUE,H2a,91.8573012280875,09.PredFishNCC_b_DFA1,X09_DFA_HakeAge5Plus,1,0,1,Multi-Taxa DFA,FALSE,Negative (-),Supported
365,logSAR,~,Abundance,0.284091678372629,0.0985903937333396,2.88153508282988,0.00395743176116459,0.0908580574336601,0.477325299311598,DAG1A_short,CPUE -> SAR,H4a,91.8573012280875,07.Cond2NCC_DFA1,X07_DFA_cpue_IntSprJunHW,1,1,0,Multi-Taxa DFA,FALSE,Positive (+),Supported
365,logSAR,~,PreyAK,-0.547635483863063,0.105345095764222,-5.19849054092423,2.00913346848353e-7,-0.754108077508861,-0.341162890217266,DAG1A_short,PreyAK -> SAR,H1e,91.8573012280875,12.ZooPreyAK_DFA1,X12_DFA_biomassEuphShelfSum,1,0,1,Multi-Taxa DFA,FALSE,Positive (+),Flipped
365,logSAR,~,PredAK,-0.621786837284738,0.100074548089991,-6.21323652369234,5.190423646439511e-10,-0.817929347310243,-0.425644327259234,DAG1A_short,PredAK -> SAR,H2c,91.8573012280875,15.PredFishAK_b_DFA1,X15_DFA_sleeperSharks,1,0,1,Multi-Taxa DFA,FALSE,Negative (-),Supported
366,Growth,~,PreyNCC,0.92904483157123,0.084876287969697,10.9458702046786,0,0.762690364009174,1.09539929913329,DAG1A_short,PreyNCC -> Growth,H1a,92.7937279418789,01.ZooPreyNCC_JSOES_DFA1,X01_DFA_sumPreyOfPrey_planktonJun,1,1,0,Multi-Taxa DFA,FALSE,Positive (+),Supported
366,Abundance,~,Growth,0.00807264429062226,0.180943254735326,0.0446142316961772,0.964414798702362,-0.346569618236074,0.362714906817318,DAG1A_short,Growth -> CPUE,H1b,92.7937279418789,06.Cond1NCC_0_smoothed,X06_Lmu_IntSprJunH,0,1,0,Single-Series Straggler,FALSE,Positive (+),NS
366,Abundance,~,PredNCC,-0.670704449934558,0.180943254735326,-3.70671153735809,2.0996786548432e-4,-1.02534671246125,-0.316062187407862,DAG1A_short,PredNCC -> CPUE,H2a,92.7937279418789,09.PredFishNCC_b_DFA1,X09_DFA_HakeAge5Plus,1,0,1,Multi-Taxa DFA,FALSE,Negative (-),Supported
366,logSAR,~,Abundance,0.284091678372629,0.0995487721037481,2.85379389789513,0.00432005480453457,0.0889796703440976,0.479203686401161,DAG1A_short,CPUE -> SAR,H4a,92.7937279418789,07.Cond2NCC_DFA1,X07_DFA_cpue_IntSprJunHW,1,1,0,Multi-Taxa DFA,FALSE,Positive (+),Supported
366,logSAR,~,PreyAK,-0.547635483863062,0.10474548983247,-5.22824882234979,1.71123111014637e-7,-0.75293287147771,-0.342338096248415,DAG1A_short,PreyAK -> SAR,H1e,92.7937279418789,12.ZooPreyAK_DFA1,X12_DFA_biomassEuphShelfSum,1,0,1,Multi-Taxa DFA,FALSE,Positive (+),Flipped
366,logSAR,~,PredAK,-0.62178683728474,0.101416275656325,-6.13103600246396,8.73086491992581e-10,-0.820559085017324,-0.423014589552156,DAG1A_short,PredAK -> SAR,H2c,92.7937279418789,15.PredFishAK_b_DFA1,X15_DFA_sleeperSharks,1,0,1,Multi-Taxa DFA,FALSE,Negative (-),Supported
3289,Growth,~,PreyNCC,0.931964089545521,0.0831748114064865,11.204883711619,0,0.768944454767896,1.09498372432315,DAG1A_short,PreyNCC -> Growth,H1a,92.9917680799595,01.ZooPreyNCC_JSOES_DFA1,X01_DFA_sumPreyOfPrey_planktonJun,1,1,0,Multi-Taxa DFA,FALSE,Positive (+),Supported
3289,Abundance,~,Growth,0.178761614373988,0.201141246002826,0.888736735634403,0.3741445832231,-0.215467983597062,0.572991212345039,DAG1A_short,Growth -> CPUE,H1b,92.9917680799595,06.Cond1NCC_DFA1,X06_DFA_IGF_mu,0,1,0,Multi-Taxa DFA,FALSE,Positive (+),NS
3289,Abundance,~,PredNCC,0.757750459960748,0.201141246002826,3.76725547354967,1.6505207548767e-4,0.363520861989697,1.1519800579318,DAG1A_short,PredNCC -> CPUE,H2a,92.9917680799595,08.PredBirdNCC_b_0_smoothed,X08_commonMurre_JSOES,1,1,0,Single-Series Straggler,FALSE,Negative (-),Flipped
3289,logSAR,~,Abundance,0.3662462454906,0.10322231970391,3.54813035147015,3.8797616002983e-4,0.163934216470256,0.568558274510943,DAG1A_short,CPUE -> SAR,H4a,92.9917680799595,07.Cond2NCC_DFA1,X07_DFA_cpue_IntSprJunHW,1,1,0,Multi-Taxa DFA,FALSE,Positive (+),Supported
3289,logSAR,~,PreyAK,-0.86021814819086,0.137882635495408,-6.23877071322375,4.41022773856048e-10,-1.13046314785532,-0.589973148526395,DAG1A_short,PreyAK -> SAR,H1e,92.9917680799595,13.FishPreyAK_b_DFA1,X13_DFA_WGOA_DFA_seabirds,1,0,1,Multi-Taxa DFA,FALSE,Positive (+),Flipped
3289,logSAR,~,PredAK,0.759877644989951,0.133500391877165,5.69195066999595,1.25596144595619e-8,0.498221684988724,1.02153360499118,DAG1A_short,PredAK -> SAR,H2c,92.9917680799595,15.PredFishAK_1_smoothed,X15_sablefishBiomass_predAK,1,1,0,Single-Series Straggler,FALSE,Negative (-),Flipped
3290,Growth,~,PreyNCC,0.929044831571231,0.084876287969696207,10.9458702046787,0,0.762690364009176,1.09539929913329,DAG1A_short,PreyNCC -> Growth,H1a,93.2368256963213,01.ZooPreyNCC_JSOES_DFA1,X01_DFA_sumPreyOfPrey_planktonJun,1,1,0,Multi-Taxa DFA,FALSE,Positive (+),Supported
3290,Abundance,~,Growth,0.211889820039067,0.19809886590711,1.06961652238042,0.284791955021927,-0.176376822517098,0.600156462595233,DAG1A_short,Growth -> CPUE,H1b,93.2368256963213,06.Cond1NCC_0_smoothed,X06_Lmu_IntSprJunH,0,1,0,Single-Series Straggler,FALSE,Positive (+),NS
3290,Abundance,~,PredNCC,0.749435006183567,0.19809886590711,3.78313627769571,1.5486456689584e-4,0.361168363627401,1.13770164873973,DAG1A_short,PredNCC -> CPUE,H2a,93.2368256963213,08.PredBirdNCC_b_0_smoothed,X08_commonMurre_JSOES,1,1,0,Single-Series Straggler,FALSE,Negative (-),Flipped
3290,logSAR,~,Abundance,0.3662462454906,0.105342415463009,3.47672154545579,5.0758467951106e-4,0.159778905138646,0.572713585842553,DAG1A_short,CPUE -> SAR,H4a,93.2368256963213,07.Cond2NCC_DFA1,X07_DFA_cpue_IntSprJunHW,1,1,0,Multi-Taxa DFA,FALSE,Positive (+),Supported
3290,logSAR,~,PreyAK,-0.86021814819086,0.138160244669042,-6.22623497990672,4.77777373220079e-10,-1.13100725183742,-0.589429044544295,DAG1A_short,PreyAK -> SAR,H1e,93.2368256963213,13.FishPreyAK_b_DFA1,X13_DFA_WGOA_DFA_seabirds,1,0,1,Multi-Taxa DFA,FALSE,Positive (+),Flipped
3290,logSAR,~,PredAK,0.759877644989951,0.133526528995158,5.69083650049425,1.26418513435311e-8,0.498170457178797,1.0215848328011,DAG1A_short,PredAK -> SAR,H2c,93.2368256963213,15.PredFishAK_1_smoothed,X15_sablefishBiomass_predAK,1,1,0,Single-Series Straggler,FALSE,Negative (-),Flipped
3417,Growth,~,PreyNCC,0.931964089545521,0.0831748114064869,11.2048837116189,0,0.768944454767895,1.09498372432315,DAG1A_short,PreyNCC -> Growth,H1a,95.2950559204641,01.ZooPreyNCC_JSOES_DFA1,X01_DFA_sumPreyOfPrey_planktonJun,1,1,0,Multi-Taxa DFA,FALSE,Positive (+),Supported
3417,Abundance,~,Growth,-0.217025742774578,0.176878616042905,-1.22697558150237,0.219831768833635,-0.56370145985396,0.129649974304804,DAG1A_short,Growth -> CPUE,H1b,95.2950559204641,06.Cond1NCC_DFA1,X06_DFA_IGF_mu,0,0,1,Multi-Taxa DFA,FALSE,Positive (+),NS
3417,Abundance,~,PredNCC,0.608417898312649,0.176878616042905,3.43974818394705,5.8225566106484e-4,0.261742181233267,0.955093615392031,DAG1A_short,PredNCC -> CPUE,H2a,95.2950559204641,08.PredBirdNCC_b_2_smoothed,X08_Loons_8_WS,1,1,0,Single-Series Straggler,FALSE,Negative (-),Flipped
3417,logSAR,~,Abundance,0.3662462454906,0.0999576074956184,3.66401572293188,2.4829153344896e-4,0.170332934818397,0.562159556162803,DAG1A_short,CPUE -> SAR,H4a,95.2950559204641,07.Cond2NCC_DFA1,X07_DFA_cpue_IntSprJunHW,1,1,0,Multi-Taxa DFA,FALSE,Positive (+),Supported
3417,logSAR,~,PreyAK,-0.86021814819086,0.134386505159303,-6.40107536966716,1.5428636146452801e-10,-1.1236108583113,-0.596825438070421,DAG1A_short,PreyAK -> SAR,H1e,95.2950559204641,13.FishPreyAK_b_DFA1,X13_DFA_WGOA_DFA_seabirds,1,0,1,Multi-Taxa DFA,FALSE,Positive (+),Flipped
3417,logSAR,~,PredAK,0.759877644989951,0.134210912293811,5.66181715035544,1.49778376368204e-8,0.496829090561816,1.02292619941808,DAG1A_short,PredAK -> SAR,H2c,95.2950559204641,15.PredFishAK_1_smoothed,X15_sablefishBiomass_predAK,1,1,0,Single-Series Straggler,FALSE,Negative (-),Flipped
3418,Growth,~,PreyNCC,0.929044831571231,0.0848762879696968,10.9458702046787,0,0.762690364009175,1.09539929913329,DAG1A_short,PreyNCC -> Growth,H1a,96.6780707193692,01.ZooPreyNCC_JSOES_DFA1,X01_DFA_sumPreyOfPrey_planktonJun,1,1,0,Multi-Taxa DFA,FALSE,Positive (+),Supported
3418,Abundance,~,Growth,-0.168091536496466,0.179757012363228,-0.93510419586197,0.349734604428419,-0.520408806696914,0.184225733703981,DAG1A_short,Growth -> CPUE,H1b,96.6780707193692,06.Cond1NCC_0_smoothed,X06_Lmu_IntSprJunH,0,0,1,Single-Series Straggler,FALSE,Positive (+),NS
3418,Abundance,~,PredNCC,0.626234951004435,0.179757012363227,3.48378593286268,4.9437473005231e-4,0.273917680803988,0.978552221204882,DAG1A_short,PredNCC -> CPUE,H2a,96.6780707193692,08.PredBirdNCC_b_2_smoothed,X08_Loons_8_WS,1,1,0,Single-Series Straggler,FALSE,Negative (-),Flipped
3418,logSAR,~,Abundance,0.3662462454906,0.0985317634231325,3.71703735695666,2.015726475264e-4,0.173127537848039,0.55936495313316,DAG1A_short,CPUE -> SAR,H4a,96.6780707193692,07.Cond2NCC_DFA1,X07_DFA_cpue_IntSprJunHW,1,1,0,Multi-Taxa DFA,FALSE,Positive (+),Supported
3418,logSAR,~,PreyAK,-0.86021814819086,0.13455391695106,-6.3931111608125,1.62543978277085e-10,-1.12393897939373,-0.596497316987989,DAG1A_short,PreyAK -> SAR,H1e,96.6780707193692,13.FishPreyAK_b_DFA1,X13_DFA_WGOA_DFA_seabirds,1,0,1,Multi-Taxa DFA,FALSE,Positive (+),Flipped
3418,logSAR,~,PredAK,0.759877644989951,0.133977202362974,5.6716936283777,1.4139267090485e-8,0.497287153609087,1.02246813637081,DAG1A_short,PredAK -> SAR,H2c,96.6780707193692,15.PredFishAK_1_smoothed,X15_sablefishBiomass_predAK,1,1,0,Single-Series Straggler,FALSE,Negative (-),Flipped
3545,Growth,~,PreyNCC,0.93196408954552,0.0831748114064869,11.2048837116189,0,0.768944454767895,1.09498372432315,DAG1A_short,PreyNCC -> Growth,H1a,93.7130722675713,01.ZooPreyNCC_JSOES_DFA1,X01_DFA_sumPreyOfPrey_planktonJun,1,1,0,Multi-Taxa DFA,FALSE,Positive (+),Supported
3545,Abundance,~,Growth,-0.0711022556133497,0.180222998975192,-0.394523762325901,0.693194387094421,-0.424332842790525,0.282128331563826,DAG1A_short,Growth -> CPUE,H1b,93.7130722675713,06.Cond1NCC_DFA1,X06_DFA_IGF_mu,0,0,1,Multi-Taxa DFA,FALSE,Positive (+),NS
3545,Abundance,~,PredNCC,-0.656794558312735,0.180222998975192,-3.64434374107349,2.680749438122e-4,-1.01002514548991,-0.303563971135559,DAG1A_short,PredNCC -> CPUE,H2a,93.7130722675713,09.PredFishNCC_b_DFA1,X09_DFA_HakeAge5Plus,1,0,1,Multi-Taxa DFA,FALSE,Negative (-),Supported
3545,logSAR,~,Abundance,0.3662462454906,0.110555816948423,3.31277227738693,9.2376161000284e-4,0.149560825990288,0.582931664990913,DAG1A_short,CPUE -> SAR,H4a,93.7130722675713,07.Cond2NCC_DFA1,X07_DFA_cpue_IntSprJunHW,1,1,0,Multi-Taxa DFA,FALSE,Positive (+),Supported
3545,logSAR,~,PreyAK,-0.860218148190859,0.145687676787704,-5.90453610873602,3.5364040584795504e-9,-1.14576074768607,-0.574675548695648,DAG1A_short,PreyAK -> SAR,H1e,93.7130722675713,13.FishPreyAK_b_DFA1,X13_DFA_WGOA_DFA_seabirds,1,0,1,Multi-Taxa DFA,FALSE,Positive (+),Flipped
3545,logSAR,~,PredAK,0.75987764498995,0.133555561646344,5.68959941183216,1.27337740352118e-8,0.498113554228098,1.0216417357518,DAG1A_short,PredAK -> SAR,H2c,93.7130722675713,15.PredFishAK_1_smoothed,X15_sablefishBiomass_predAK,1,1,0,Single-Series Straggler,FALSE,Negative (-),Flipped
3546,Growth,~,PreyNCC,0.929044831571232,0.084876287969696207,10.9458702046788,0,0.762690364009178,1.09539929913329,DAG1A_short,PreyNCC -> Growth,H1a,94.6494989813627,01.ZooPreyNCC_JSOES_DFA1,X01_DFA_sumPreyOfPrey_planktonJun,1,1,0,Multi-Taxa DFA,FALSE,Positive (+),Supported
3546,Abundance,~,Growth,0.00807264429062215,0.180943254735326,0.0446142316961766,0.964414798702363,-0.346569618236074,0.362714906817319,DAG1A_short,Growth -> CPUE,H1b,94.6494989813627,06.Cond1NCC_0_smoothed,X06_Lmu_IntSprJunH,0,1,0,Single-Series Straggler,FALSE,Positive (+),NS
3546,Abundance,~,PredNCC,-0.670704449934559,0.180943254735326,-3.7067115373581,2.0996786548432e-4,-1.02534671246125,-0.316062187407863,DAG1A_short,PredNCC -> CPUE,H2a,94.6494989813627,09.PredFishNCC_b_DFA1,X09_DFA_HakeAge5Plus,1,0,1,Multi-Taxa DFA,FALSE,Negative (-),Supported
3546,logSAR,~,Abundance,0.366246245490598,0.112024072755421,3.26935306387416,0.00107793706535486,0.146683097488478,0.585809393492718,DAG1A_short,CPUE -> SAR,H4a,94.6494989813627,07.Cond2NCC_DFA1,X07_DFA_cpue_IntSprJunHW,1,1,0,Multi-Taxa DFA,FALSE,Positive (+),Supported
3546,logSAR,~,PreyAK,-0.860218148190859,0.147312938580693,-5.83939303959822,5.239134015511131e-9,-1.14894620226578,-0.57149009411594,DAG1A_short,PreyAK -> SAR,H1e,94.6494989813627,13.FishPreyAK_b_DFA1,X13_DFA_WGOA_DFA_seabirds,1,0,1,Multi-Taxa DFA,FALSE,Positive (+),Flipped
3546,logSAR,~,PredAK,0.75987764498995,0.133769247798996,5.68051071148846,1.34293141051955e-8,0.497694737064904,1.022060552915,DAG1A_short,PredAK -> SAR,H2c,94.6494989813627,15.PredFishAK_1_smoothed,X15_sablefishBiomass_predAK,1,1,0,Single-Series Straggler,FALSE,Negative (-),Flipped
6509,Growth,~,PreyNCC,0.931964089545521,0.083174811406487,11.2048837116189,0,0.768944454767895,1.09498372432315,DAG1A_short,PreyNCC -> Growth,H1a,96.324370515648,01.ZooPreyNCC_JSOES_DFA1,X01_DFA_sumPreyOfPrey_planktonJun,1,1,0,Multi-Taxa DFA,FALSE,Positive (+),Supported
6509,Abundance,~,Growth,0.178761614373988,0.201141246002826,0.888736735634402,0.374144583223101,-0.215467983597063,0.572991212345039,DAG1A_short,Growth -> CPUE,H1b,96.324370515648,06.Cond1NCC_DFA1,X06_DFA_IGF_mu,0,1,0,Multi-Taxa DFA,FALSE,Positive (+),NS
6509,Abundance,~,PredNCC,0.757750459960748,0.201141246002826,3.76725547354966,1.6505207548767e-4,0.363520861989697,1.1519800579318,DAG1A_short,PredNCC -> CPUE,H2a,96.324370515648,08.PredBirdNCC_b_0_smoothed,X08_commonMurre_JSOES,1,1,0,Single-Series Straggler,FALSE,Negative (-),Flipped
6509,logSAR,~,Abundance,0.320616001761069,0.110406608965201,2.90395660881247,0.00368479224526808,0.104223024534079,0.537008978988059,DAG1A_short,CPUE -> SAR,H4a,96.324370515648,07.Cond2NCC_DFA1,X07_DFA_cpue_IntSprJunHW,1,1,0,Multi-Taxa DFA,FALSE,Positive (+),Supported
6509,logSAR,~,PreyAK,-0.614149142684756,0.148653246014453,-4.13142100257297,3.60527592424553e-5,-0.905504151058055,-0.322794134311456,DAG1A_short,PreyAK -> SAR,H1e,96.324370515648,13.FishPreyAK_b_4_smoothed,X13_pollockBiomassGoAage3plus_predAK,1,0,1,Single-Series Straggler,FALSE,Positive (+),Flipped
6509,logSAR,~,PredAK,-0.849656607628965,0.146741636847439,-5.79015353707903,7.032211257751441e-9,-1.1372649308824,-0.562048284375529,DAG1A_short,PredAK -> SAR,H2c,96.324370515648,15.PredFishAK_b_DFA1,X15_DFA_sleeperSharks,1,0,1,Multi-Taxa DFA,FALSE,Negative (-),Supported
6510,Growth,~,PreyNCC,0.929044831571231,0.0848762879696963,10.9458702046787,0,0.762690364009176,1.09539929913329,DAG1A_short,PreyNCC -> Growth,H1a,96.5694281320098,01.ZooPreyNCC_JSOES_DFA1,X01_DFA_sumPreyOfPrey_planktonJun,1,1,0,Multi-Taxa DFA,FALSE,Positive (+),Supported
6510,Abundance,~,Growth,0.211889820039067,0.198098865907111,1.06961652238041,0.284791955021928,-0.176376822517099,0.600156462595234,DAG1A_short,Growth -> CPUE,H1b,96.5694281320098,06.Cond1NCC_0_smoothed,X06_Lmu_IntSprJunH,0,1,0,Single-Series Straggler,FALSE,Positive (+),NS
6510,Abundance,~,PredNCC,0.749435006183567,0.19809886590711,3.78313627769571,1.5486456689584e-4,0.361168363627402,1.13770164873973,DAG1A_short,PredNCC -> CPUE,H2a,96.5694281320098,08.PredBirdNCC_b_0_smoothed,X08_commonMurre_JSOES,1,1,0,Single-Series Straggler,FALSE,Negative (-),Flipped
6510,logSAR,~,Abundance,0.320616001761069,0.11270719475283,2.84468087830763,0.0044455937239134,0.0997139592469805,0.541518044275157,DAG1A_short,CPUE -> SAR,H4a,96.5694281320098,07.Cond2NCC_DFA1,X07_DFA_cpue_IntSprJunHW,1,1,0,Multi-Taxa DFA,FALSE,Positive (+),Supported
6510,logSAR,~,PreyAK,-0.614149142684756,0.148432544433471,-4.13756393538093,3.51012657890948e-5,-0.905071583907999,-0.323226701461512,DAG1A_short,PreyAK -> SAR,H1e,96.5694281320098,13.FishPreyAK_b_4_smoothed,X13_pollockBiomassGoAage3plus_predAK,1,0,1,Single-Series Straggler,FALSE,Positive (+),Flipped
6510,logSAR,~,PredAK,-0.849656607628965,0.147257566888496,-5.76986721689033,7.93340193538938e-9,-1.13827613518141,-0.561037080076516,DAG1A_short,PredAK -> SAR,H2c,96.5694281320098,15.PredFishAK_b_DFA1,X15_DFA_sleeperSharks,1,0,1,Multi-Taxa DFA,FALSE,Negative (-),Supported
6637,Growth,~,PreyNCC,0.931964089545521,0.0831748114064868,11.2048837116189,0,0.768944454767895,1.09498372432315,DAG1A_short,PreyNCC -> Growth,H1a,98.6276583561527,01.ZooPreyNCC_JSOES_DFA1,X01_DFA_sumPreyOfPrey_planktonJun,1,1,0,Multi-Taxa DFA,FALSE,Positive (+),Supported
6637,Abundance,~,Growth,-0.217025742774578,0.176878616042904,-1.22697558150238,0.219831768833633,-0.563701459853959,0.129649974304803,DAG1A_short,Growth -> CPUE,H1b,98.6276583561527,06.Cond1NCC_DFA1,X06_DFA_IGF_mu,0,0,1,Multi-Taxa DFA,FALSE,Positive (+),NS
6637,Abundance,~,PredNCC,0.608417898312649,0.176878616042904,3.43974818394706,5.8225566106462e-4,0.261742181233268,0.95509361539203,DAG1A_short,PredNCC -> CPUE,H2a,98.6276583561527,08.PredBirdNCC_b_2_smoothed,X08_Loons_8_WS,1,1,0,Single-Series Straggler,FALSE,Negative (-),Flipped
6637,logSAR,~,Abundance,0.320616001761069,0.106291971133226,3.01637083537768,0.00255820182716793,0.112287566494175,0.528944437027963,DAG1A_short,CPUE -> SAR,H4a,98.6276583561527,07.Cond2NCC_DFA1,X07_DFA_cpue_IntSprJunHW,1,1,0,Multi-Taxa DFA,FALSE,Positive (+),Supported
6637,logSAR,~,PreyAK,-0.614149142684756,0.144918079321015,-4.23790561924523,2.25614568842847e-5,-0.898183358862664,-0.330114926506847,DAG1A_short,PreyAK -> SAR,H1e,98.6276583561527,13.FishPreyAK_b_4_smoothed,X13_pollockBiomassGoAage3plus_predAK,1,0,1,Single-Series Straggler,FALSE,Positive (+),Flipped
6637,logSAR,~,PredAK,-0.849656607628965,0.143846549499899,-5.90668744285423,3.49055095938411e-9,-1.13159066394913,-0.567722551308804,DAG1A_short,PredAK -> SAR,H2c,98.6276583561527,15.PredFishAK_b_DFA1,X15_DFA_sleeperSharks,1,0,1,Multi-Taxa DFA,FALSE,Negative (-),Supported
6765,Growth,~,PreyNCC,0.931964089545521,0.0831748114064879,11.2048837116188,0,0.768944454767893,1.09498372432315,DAG1A_short,PreyNCC -> Growth,H1a,97.0456747032598,01.ZooPreyNCC_JSOES_DFA1,X01_DFA_sumPreyOfPrey_planktonJun,1,1,0,Multi-Taxa DFA,FALSE,Positive (+),Supported
6765,Abundance,~,Growth,-0.07110225561335,0.180222998975192,-0.39452376232590203,0.693194387094419,-0.424332842790525,0.282128331563825,DAG1A_short,Growth -> CPUE,H1b,97.0456747032598,06.Cond1NCC_DFA1,X06_DFA_IGF_mu,0,0,1,Multi-Taxa DFA,FALSE,Positive (+),NS
6765,Abundance,~,PredNCC,-0.656794558312736,0.180222998975193,-3.64434374107348,2.680749438122e-4,-1.01002514548991,-0.303563971135559,DAG1A_short,PredNCC -> CPUE,H2a,97.0456747032598,09.PredFishNCC_b_DFA1,X09_DFA_HakeAge5Plus,1,0,1,Multi-Taxa DFA,FALSE,Negative (-),Supported
6765,logSAR,~,Abundance,0.320616001761069,0.11002759941779,2.91395980151893,0.00356875857259542,0.1049658695968,0.536266133925339,DAG1A_short,CPUE -> SAR,H4a,97.0456747032598,07.Cond2NCC_DFA1,X07_DFA_cpue_IntSprJunHW,1,1,0,Multi-Taxa DFA,FALSE,Positive (+),Supported
6765,logSAR,~,PreyAK,-0.614149142684756,0.150374763632182,-4.08412374424055,4.42434505489864e-5,-0.908878263587557,-0.319420021781955,DAG1A_short,PreyAK -> SAR,H1e,97.0456747032598,13.FishPreyAK_b_4_smoothed,X13_pollockBiomassGoAage3plus_predAK,1,0,1,Single-Series Straggler,FALSE,Positive (+),Flipped
6765,logSAR,~,PredAK,-0.849656607628965,0.148745329490678,-5.71215654661759,1.11553395409913e-8,-1.14119209629924,-0.558121118958693,DAG1A_short,PredAK -> SAR,H2c,97.0456747032598,15.PredFishAK_b_DFA1,X15_DFA_sleeperSharks,1,0,1,Multi-Taxa DFA,FALSE,Negative (-),Supported
6766,Growth,~,PreyNCC,0.929044831571231,0.0848762879696966,10.9458702046787,0,0.762690364009176,1.09539929913329,DAG1A_short,PreyNCC -> Growth,H1a,97.9821014170513,01.ZooPreyNCC_JSOES_DFA1,X01_DFA_sumPreyOfPrey_planktonJun,1,1,0,Multi-Taxa DFA,FALSE,Positive (+),Supported
6766,Abundance,~,Growth,0.00807264429062193,0.180943254735326,0.0446142316961754,0.964414798702363,-0.346569618236074,0.362714906817318,DAG1A_short,Growth -> CPUE,H1b,97.9821014170513,06.Cond1NCC_0_smoothed,X06_Lmu_IntSprJunH,0,1,0,Single-Series Straggler,FALSE,Positive (+),NS
6766,Abundance,~,PredNCC,-0.670704449934558,0.180943254735326,-3.70671153735809,2.0996786548432e-4,-1.02534671246125,-0.316062187407862,DAG1A_short,PredNCC -> CPUE,H2a,97.9821014170513,09.PredFishNCC_b_DFA1,X09_DFA_HakeAge5Plus,1,0,1,Multi-Taxa DFA,FALSE,Negative (-),Supported
6766,logSAR,~,Abundance,0.320616001761069,0.111453136668343,2.87668890571597,0.00401871573017254,0.102171867927095,0.539060135595043,DAG1A_short,CPUE -> SAR,H4a,97.9821014170513,07.Cond2NCC_DFA1,X07_DFA_cpue_IntSprJunHW,1,1,0,Multi-Taxa DFA,FALSE,Positive (+),Supported
6766,logSAR,~,PreyAK,-0.614149142684756,0.149997948335168,-4.09438361991757,4.23292965163746e-5,-0.908139719176585,-0.320158566192926,DAG1A_short,PreyAK -> SAR,H1e,97.9821014170513,13.FishPreyAK_b_4_smoothed,X13_pollockBiomassGoAage3plus_predAK,1,0,1,Single-Series Straggler,FALSE,Positive (+),Flipped
6766,logSAR,~,PredAK,-0.849656607628965,0.150476420927401,-5.64644349189361,1.6380097056512e-8,-1.14458497316916,-0.55472824208877,DAG1A_short,PredAK -> SAR,H2c,97.9821014170513,15.PredFishAK_b_DFA1,X15_DFA_sleeperSharks,1,0,1,Multi-Taxa DFA,FALSE,Negative (-),Supported
116589,Growth,~,PreyNCC,0.90584961267822794,0.0971803746731614,9.3213224966954,0,0.715379578314723,1.09631964704173,DAG1A_short,PreyNCC -> Growth,H1a,97.0497177787311,04.CompFishNCC_smoothed,X04_marketsquid_GAM,1,1,0,Single-Series Straggler,TRUE,Negative (-),Flipped
116589,Abundance,~,Growth,0.178761614373988,0.198911827102249,0.898697764623605,0.368813668015983,-0.211098402845478,0.568621631593455,DAG1A_short,Growth -> CPUE,H1b,97.0497177787311,06.Cond1NCC_DFA1,X06_DFA_IGF_mu,0,1,0,Multi-Taxa DFA,FALSE,Positive (+),NS
116589,Abundance,~,PredNCC,0.757750459960748,0.198911827102249,3.80947915968431,1.3925984366514e-4,0.367890442741281,1.14761047718021,DAG1A_short,PredNCC -> CPUE,H2a,97.0497177787311,08.PredBirdNCC_b_0_smoothed,X08_commonMurre_JSOES,1,1,0,Single-Series Straggler,FALSE,Negative (-),Flipped
116589,logSAR,~,Abundance,0.284091678372629,0.101756549484396,2.79187609851288,0.00524034179998578,0.0846525061921446,0.483530850553113,DAG1A_short,CPUE -> SAR,H4a,97.0497177787311,07.Cond2NCC_DFA1,X07_DFA_cpue_IntSprJunHW,1,1,0,Multi-Taxa DFA,FALSE,Positive (+),Supported
116589,logSAR,~,PreyAK,-0.547635483863063,0.107366104236927,-5.10063662787453,3.38512913700129e-7,-0.758069181327813,-0.337201786398314,DAG1A_short,PreyAK -> SAR,H1e,97.0497177787311,12.ZooPreyAK_DFA1,X12_DFA_biomassEuphShelfSum,1,0,1,Multi-Taxa DFA,FALSE,Positive (+),Flipped
116589,logSAR,~,PredAK,-0.621786837284738,0.0994706886582693,-6.25095538868623,4.0794945199706903e-10,-0.816745804572343,-0.426827869997134,DAG1A_short,PredAK -> SAR,H2c,97.0497177787311,15.PredFishAK_b_DFA1,X15_DFA_sleeperSharks,1,0,1,Multi-Taxa DFA,FALSE,Negative (-),Supported
116717,Growth,~,PreyNCC,0.90584961267822794,0.0971803746731615,9.3213224966954,0,0.715379578314723,1.09631964704173,DAG1A_short,PreyNCC -> Growth,H1a,99.3530056192358,04.CompFishNCC_smoothed,X04_marketsquid_GAM,1,1,0,Single-Series Straggler,TRUE,Negative (-),Flipped
116717,Abundance,~,Growth,-0.217025742774578,0.177069766299991,-1.22565103749498,0.220330022865685,-0.564076107473486,0.130024621924329,DAG1A_short,Growth -> CPUE,H1b,99.3530056192358,06.Cond1NCC_DFA1,X06_DFA_IGF_mu,0,0,1,Multi-Taxa DFA,FALSE,Positive (+),NS
116717,Abundance,~,PredNCC,0.608417898312649,0.177069766299991,3.43603490887241,5.9029490673201e-4,0.261367533613742,0.955468263011556,DAG1A_short,PredNCC -> CPUE,H2a,99.3530056192358,08.PredBirdNCC_b_2_smoothed,X08_Loons_8_WS,1,1,0,Single-Series Straggler,FALSE,Negative (-),Flipped
116717,logSAR,~,Abundance,0.284091678372629,0.0925141954187556,3.07079013211668,0.00213493154434197,0.102767187293168,0.46541616945209,DAG1A_short,CPUE -> SAR,H4a,99.3530056192358,07.Cond2NCC_DFA1,X07_DFA_cpue_IntSprJunHW,1,1,0,Multi-Taxa DFA,FALSE,Positive (+),Supported
116717,logSAR,~,PreyAK,-0.547635483863063,0.0997137220291614,-5.49207744650137,3.97233115290163e-8,-0.743070787804658,-0.352200179921469,DAG1A_short,PreyAK -> SAR,H1e,99.3530056192358,12.ZooPreyAK_DFA1,X12_DFA_biomassEuphShelfSum,1,0,1,Multi-Taxa DFA,FALSE,Positive (+),Flipped
116717,logSAR,~,PredAK,-0.621786837284738,0.0979371600075616,-6.34883467354711,2.16952011911076e-10,-0.813740143647696,-0.429833530921781,DAG1A_short,PredAK -> SAR,H2c,99.3530056192358,15.PredFishAK_b_DFA1,X15_DFA_sleeperSharks,1,0,1,Multi-Taxa DFA,FALSE,Negative (-),Supported
116845,Growth,~,PreyNCC,0.90584961267823,0.0971803746731614,9.32132249669543,0,0.715379578314725,1.09631964704173,DAG1A_short,PreyNCC -> Growth,H1a,97.7710219663429,04.CompFishNCC_smoothed,X04_marketsquid_GAM,1,1,0,Single-Series Straggler,TRUE,Negative (-),Flipped
116845,Abundance,~,Growth,-0.0711022556133494,0.184512105422259,-0.385352795420282,0.699976050880927,-0.432739336952635,0.290534825725936,DAG1A_short,Growth -> CPUE,H1b,97.7710219663429,06.Cond1NCC_DFA1,X06_DFA_IGF_mu,0,0,1,Multi-Taxa DFA,FALSE,Positive (+),NS
116845,Abundance,~,PredNCC,-0.656794558312735,0.184512105422259,-3.55962855016829,3.7137971024425e-4,-1.01843163965202,-0.295157476973449,DAG1A_short,PredNCC -> CPUE,H2a,97.7710219663429,09.PredFishNCC_b_DFA1,X09_DFA_HakeAge5Plus,1,0,1,Multi-Taxa DFA,FALSE,Negative (-),Supported
116845,logSAR,~,Abundance,0.284091678372629,0.0984659264626026,2.88517752870103,0.00391192997529566,0.0911020088015583,0.477081347943699,DAG1A_short,CPUE -> SAR,H4a,97.7710219663429,07.Cond2NCC_DFA1,X07_DFA_cpue_IntSprJunHW,1,1,0,Multi-Taxa DFA,FALSE,Positive (+),Supported
116845,logSAR,~,PreyAK,-0.547635483863063,0.10544384478475,-5.19362211213929,2.06241557387798e-7,-0.754301622032606,-0.34096934569352,DAG1A_short,PreyAK -> SAR,H1e,97.7710219663429,12.ZooPreyAK_DFA1,X12_DFA_biomassEuphShelfSum,1,0,1,Multi-Taxa DFA,FALSE,Positive (+),Flipped
116845,logSAR,~,PredAK,-0.621786837284739,0.100187394907202,-6.20623819853449,5.42679012838221e-10,-0.818150523007747,-0.425423151561731,DAG1A_short,PredAK -> SAR,H2c,97.7710219663429,15.PredFishAK_b_DFA1,X15_DFA_sleeperSharks,1,0,1,Multi-Taxa DFA,FALSE,Negative (-),Supported
119769,Growth,~,PreyNCC,0.90584961267822794,0.0971803746731613,9.32132249669541,0,0.715379578314723,1.09631964704173,DAG1A_short,PreyNCC -> Growth,H1a,98.9054888182148,04.CompFishNCC_smoothed,X04_marketsquid_GAM,1,1,0,Single-Series Straggler,TRUE,Negative (-),Flipped
119769,Abundance,~,Growth,0.178761614373988,0.198911827102249,0.898697764623602,0.368813668015985,-0.211098402845479,0.568621631593455,DAG1A_short,Growth -> CPUE,H1b,98.9054888182148,06.Cond1NCC_DFA1,X06_DFA_IGF_mu,0,1,0,Multi-Taxa DFA,FALSE,Positive (+),NS
119769,Abundance,~,PredNCC,0.757750459960748,0.198911827102249,3.80947915968431,1.3925984366514e-4,0.367890442741281,1.14761047718021,DAG1A_short,PredNCC -> CPUE,H2a,98.9054888182148,08.PredBirdNCC_b_0_smoothed,X08_commonMurre_JSOES,1,1,0,Single-Series Straggler,FALSE,Negative (-),Flipped
119769,logSAR,~,Abundance,0.366246245490599,0.102718451865144,3.5655350994915,3.6311455856674e-4,0.164921779287206,0.567570711693992,DAG1A_short,CPUE -> SAR,H4a,98.9054888182148,07.Cond2NCC_DFA1,X07_DFA_cpue_IntSprJunHW,1,1,0,Multi-Taxa DFA,FALSE,Positive (+),Supported
119769,logSAR,~,PreyAK,-0.860218148190859,0.137167789468975,-6.27128388903159,3.58083118712216e-10,-1.12906207538902,-0.591374220992696,DAG1A_short,PreyAK -> SAR,H1e,98.9054888182148,13.FishPreyAK_b_DFA1,X13_DFA_WGOA_DFA_seabirds,1,0,1,Multi-Taxa DFA,FALSE,Positive (+),Flipped
119769,logSAR,~,PredAK,0.75987764498995,0.133509279413764,5.69157176434894,1.25875230239103e-8,0.498204265737079,1.02155102424282,DAG1A_short,PredAK -> SAR,H2c,98.9054888182148,15.PredFishAK_1_smoothed,X15_sablefishBiomass_predAK,1,1,0,Single-Series Straggler,FALSE,Negative (-),Flipped
152365,Growth,~,PreyNCC,-0.946279175744328,0.0741817545849181,-12.7562253149606,0,-1.09167274304076,-0.800885608447899,DAG1A_short,PreyNCC -> Growth,H1a,97.9679280556563,05.ForageFishNCC_DFA1,X05_DFA_abundSardine,1,0,1,Multi-Taxa DFA,TRUE,Negative (-),Supported
152365,Abundance,~,Growth,-0.188016915844793,0.223502249739308,-0.841230529285924,0.400218800611015,-0.626073275797514,0.250039444107928,DAG1A_short,Growth -> CPUE,H1b,97.9679280556563,06.Cond1NCC_DFA1,X06_DFA_IGF_mu,0,0,1,Multi-Taxa DFA,FALSE,Positive (+),NS
152365,Abundance,~,PredNCC,0.125746376842009,0.223502249739309,0.562617946748538,0.573695068617046,-0.312309983110713,0.56380273679473,DAG1A_short,PredNCC -> CPUE,H2a,97.9679280556563,08.PredBirdNCC_DFA1,X08_DFA_DC_corm_3_WS,0,1,0,Multi-Taxa DFA,FALSE,Negative (-),NS
152365,logSAR,~,Abundance,0.284091678372629,0.0927605826220721,3.0626336137849,0.00219398504190149,0.102284277248416,0.465899079496843,DAG1A_short,CPUE -> SAR,H4a,97.9679280556563,07.Cond2NCC_DFA1,X07_DFA_cpue_IntSprJunHW,1,1,0,Multi-Taxa DFA,FALSE,Positive (+),Supported
152365,logSAR,~,PreyAK,-0.547635483863062,0.09775384702843,-5.60218856352315,2.1166211228163e-8,-0.739229503389023,-0.356041464337102,DAG1A_short,PreyAK -> SAR,H1e,97.9679280556563,12.ZooPreyAK_DFA1,X12_DFA_biomassEuphShelfSum,1,0,1,Multi-Taxa DFA,FALSE,Positive (+),Flipped
152365,logSAR,~,PredAK,-0.621786837284739,0.098641018932914007,-6.30353218175511,2.90937718361306e-10,-0.815119681791584,-0.428453992777894,DAG1A_short,PredAK -> SAR,H2c,97.9679280556563,15.PredFishAK_b_DFA1,X15_DFA_sleeperSharks,1,0,1,Multi-Taxa DFA,FALSE,Negative (-),Supported
152385,Growth,~,PreyNCC,-0.946279175744328,0.0741817545849155,-12.7562253149611,0,-1.09167274304075,-0.800885608447904,DAG1A_short,PreyNCC -> Growth,H1a,98.4567966960299,05.ForageFishNCC_DFA1,X05_DFA_abundSardine,1,0,1,Multi-Taxa DFA,TRUE,Negative (-),Supported
152385,Abundance,~,Growth,0.178761614373988,0.196423988663291,0.910080360298661,0.36278013123355,-0.206222329105767,0.563745557853743,DAG1A_short,Growth -> CPUE,H1b,98.4567966960299,06.Cond1NCC_DFA1,X06_DFA_IGF_mu,0,1,0,Multi-Taxa DFA,FALSE,Positive (+),NS
152385,Abundance,~,PredNCC,0.757750459960748,0.19642398866329,3.85772870776839,1.1444557374407e-4,0.372766516480995,1.1427344034405,DAG1A_short,PredNCC -> CPUE,H2a,98.4567966960299,08.PredBirdNCC_b_0_smoothed,X08_commonMurre_JSOES,1,1,0,Single-Series Straggler,FALSE,Negative (-),Flipped
152385,logSAR,~,Abundance,0.402069531388182,0.135730635848715,2.96226072230538,0.00305389069055151,0.13604237352598,0.668096689250384,DAG1A_short,CPUE -> SAR,H4a,98.4567966960299,07.Cond2NCC_DFA1,X07_DFA_cpue_IntSprJunHW,1,1,0,Multi-Taxa DFA,FALSE,Positive (+),Supported
152385,logSAR,~,PreyAK,-0.59535048148576,0.157953461415147,-3.7691512180351,1.6380362982837e-4,-0.904933577092884,-0.285767385878635,DAG1A_short,PreyAK -> SAR,H1e,98.4567966960299,12.ZooPreyAK_DFA1,X12_DFA_biomassEuphShelfSum,1,0,1,Multi-Taxa DFA,FALSE,Positive (+),Flipped
152385,logSAR,~,PredAK,0.533765673289407,0.149860005163069,3.56176201054172,3.6837423426439e-4,0.240045460446804,0.827485886132009,DAG1A_short,PredAK -> SAR,H2c,98.4567966960299,10.PredMammalNCC_DFA1,X10_DFA_ssl.est.wholerange_2yrLead,1,1,0,Multi-Taxa DFA,FALSE,Negative (-),Flipped
152389,Growth,~,PreyNCC,-0.946279175744327,0.0741817545849146,-12.7562253149612,0,-1.09167274304075,-0.800885608447905,DAG1A_short,PreyNCC -> Growth,H1a,95.1821523255863,05.ForageFishNCC_DFA1,X05_DFA_abundSardine,1,0,1,Multi-Taxa DFA,TRUE,Negative (-),Supported
152389,Abundance,~,Growth,0.178761614373988,0.196423988663291,0.91008036029866,0.362780131233551,-0.206222329105767,0.563745557853743,DAG1A_short,Growth -> CPUE,H1b,95.1821523255863,06.Cond1NCC_DFA1,X06_DFA_IGF_mu,0,1,0,Multi-Taxa DFA,FALSE,Positive (+),NS
152389,Abundance,~,PredNCC,0.757750459960748,0.196423988663291,3.85772870776838,1.1444557374407e-4,0.372766516480994,1.1427344034405,DAG1A_short,PredNCC -> CPUE,H2a,95.1821523255863,08.PredBirdNCC_b_0_smoothed,X08_commonMurre_JSOES,1,1,0,Single-Series Straggler,FALSE,Negative (-),Flipped
152389,logSAR,~,Abundance,0.259784739423947,0.12703468302524001,2.0449906532402,0.0408557795939817,0.0108013359070147,0.50876814294088,DAG1A_short,CPUE -> SAR,H4a,95.1821523255863,07.Cond2NCC_DFA1,X07_DFA_cpue_IntSprJunHW,1,1,0,Multi-Taxa DFA,FALSE,Positive (+),Supported
152389,logSAR,~,PreyAK,-0.605895246505268,0.142375919345336,-4.25560199569742,2.084872936714e-5,-0.884946920687907,-0.32684357232263,DAG1A_short,PreyAK -> SAR,H1e,95.1821523255863,12.ZooPreyAK_DFA1,X12_DFA_biomassEuphShelfSum,1,0,1,Multi-Taxa DFA,FALSE,Positive (+),Flipped
152389,logSAR,~,PredAK,0.571557590867047,0.131771263920951,4.33749797839022,1.44113859561479e-5,0.313290659384662,0.829824522349432,DAG1A_short,PredAK -> SAR,H2c,95.1821523255863,10.PredMammalNCC_0_smoothed,X10_Californian_s_l_2yrLead_WS,1,1,0,Single-Series Straggler,FALSE,Negative (-),Flipped
152429,Growth,~,PreyNCC,-0.946279175744328,0.0741817545849155,-12.7562253149611,0,-1.09167274304075,-0.800885608447904,DAG1A_short,PreyNCC -> Growth,H1a,86.7877965150101,05.ForageFishNCC_DFA1,X05_DFA_abundSardine,1,0,1,Multi-Taxa DFA,TRUE,Negative (-),Supported
152429,Abundance,~,Growth,0.178761614373988,0.19642398866329,0.910080360298665,0.362780131233548,-0.206222329105765,0.563745557853741,DAG1A_short,Growth -> CPUE,H1b,86.7877965150101,06.Cond1NCC_DFA1,X06_DFA_IGF_mu,0,1,0,Multi-Taxa DFA,FALSE,Positive (+),NS
152429,Abundance,~,PredNCC,0.757750459960748,0.19642398866329,3.85772870776839,1.1444557374407e-4,0.372766516480995,1.1427344034405,DAG1A_short,PredNCC -> CPUE,H2a,86.7877965150101,08.PredBirdNCC_b_0_smoothed,X08_commonMurre_JSOES,1,1,0,Single-Series Straggler,FALSE,Negative (-),Flipped
152429,logSAR,~,Abundance,0.284091678372629,0.102060849269226,2.7835519732275,0.00537672473975292,0.0840560895733744,0.484127267171884,DAG1A_short,CPUE -> SAR,H4a,86.7877965150101,07.Cond2NCC_DFA1,X07_DFA_cpue_IntSprJunHW,1,1,0,Multi-Taxa DFA,FALSE,Positive (+),Supported
152429,logSAR,~,PreyAK,-0.547635483863063,0.107845711256429,-5.0779532860693,3.81522465175976e-7,-0.75900919381277,-0.336261773913357,DAG1A_short,PreyAK -> SAR,H1e,86.7877965150101,12.ZooPreyAK_DFA1,X12_DFA_biomassEuphShelfSum,1,0,1,Multi-Taxa DFA,FALSE,Positive (+),Flipped
152429,logSAR,~,PredAK,-0.621786837284738,0.099935756177726,-6.22186553708515,4.91277907244125e-10,-0.817657320160858,-0.425916354408619,DAG1A_short,PredAK -> SAR,H2c,86.7877965150101,15.PredFishAK_b_DFA1,X15_DFA_sleeperSharks,1,0,1,Multi-Taxa DFA,FALSE,Negative (-),Supported
152430,Growth,~,PreyNCC,-0.921036780010378,0.0893518326228321,-10.3079786163784,0,-1.09616315390378,-0.745910406116976,DAG1A_short,PreyNCC -> Growth,H1a,93.3337603277106,05.ForageFishNCC_DFA1,X05_DFA_abundSardine,1,0,1,Multi-Taxa DFA,TRUE,Negative (-),Supported
152430,Abundance,~,Growth,0.211889820039067,0.191756803585388,1.10499244917125,0.269162860985567,-0.163946608778813,0.587726248856948,DAG1A_short,Growth -> CPUE,H1b,93.3337603277106,06.Cond1NCC_0_smoothed,X06_Lmu_IntSprJunH,0,1,0,Single-Series Straggler,FALSE,Positive (+),NS
152430,Abundance,~,PredNCC,0.749435006183567,0.191756803585387,3.9082577106572,9.29641134952419e-5,0.373598577365687,1.12527143500145,DAG1A_short,PredNCC -> CPUE,H2a,93.3337603277106,08.PredBirdNCC_b_0_smoothed,X08_commonMurre_JSOES,1,1,0,Single-Series Straggler,FALSE,Negative (-),Flipped
152430,logSAR,~,Abundance,0.284091678372629,0.103694344517392,2.73970272626566,0.00614947772119567,0.0808544977180529,0.487328859027205,DAG1A_short,CPUE -> SAR,H4a,93.3337603277106,07.Cond2NCC_DFA1,X07_DFA_cpue_IntSprJunHW,1,1,0,Multi-Taxa DFA,FALSE,Positive (+),Supported
152430,logSAR,~,PreyAK,-0.547635483863063,0.107496516806091,-5.09444864014454,3.49757632189807e-7,-0.758324785266506,-0.336946182459621,DAG1A_short,PreyAK -> SAR,H1e,93.3337603277106,12.ZooPreyAK_DFA1,X12_DFA_biomassEuphShelfSum,1,0,1,Multi-Taxa DFA,FALSE,Positive (+),Flipped
152430,logSAR,~,PredAK,-0.621786837284738,0.100397171343824,-6.1932704772662,5.892848431443551e-10,-0.818561677268329,-0.425011997301147,DAG1A_short,PredAK -> SAR,H2c,93.3337603277106,15.PredFishAK_b_DFA1,X15_DFA_sleeperSharks,1,0,1,Multi-Taxa DFA,FALSE,Negative (-),Supported
152493,Growth,~,PreyNCC,-0.946279175744328,0.0741817545849161,-12.756225314961,0,-1.09167274304075,-0.800885608447903,DAG1A_short,PreyNCC -> Growth,H1a,96.651617879712,05.ForageFishNCC_DFA1,X05_DFA_abundSardine,1,0,1,Multi-Taxa DFA,TRUE,Negative (-),Supported
152493,Abundance,~,Growth,-0.177032579398974,0.215809046648251,-0.820320473809981,0.412033437801935,-0.600010538367471,0.245945379569523,DAG1A_short,Growth -> CPUE,H1b,96.651617879712,06.Cond1NCC_DFA1,X06_DFA_IGF_mu,0,0,1,Multi-Taxa DFA,FALSE,Positive (+),NS
152493,Abundance,~,PredNCC,0.28183723409589,0.215809046648252,1.30595653181888,0.191567340133606,-0.141140724872608,0.704815193064388,DAG1A_short,PredNCC -> CPUE,H2a,96.651617879712,08.PredBirdNCC_b_1_smoothed,X08_Large_gulls_7_WS,0,1,0,Single-Series Straggler,FALSE,Negative (-),NS
152493,logSAR,~,Abundance,0.284091678372629,0.0927177106155379,3.06404975367263,0.00218362591173604,0.102368304837168,0.46581505190809,DAG1A_short,CPUE -> SAR,H4a,96.651617879712,07.Cond2NCC_DFA1,X07_DFA_cpue_IntSprJunHW,1,1,0,Multi-Taxa DFA,FALSE,Positive (+),Supported
152493,logSAR,~,PreyAK,-0.547635483863063,0.0983456863717552,-5.56847487741307,2.56978671675512e-8,-0.740389487186575,-0.354881480539552,DAG1A_short,PreyAK -> SAR,H1e,96.651617879712,12.ZooPreyAK_DFA1,X12_DFA_biomassEuphShelfSum,1,0,1,Multi-Taxa DFA,FALSE,Positive (+),Flipped
152493,logSAR,~,PredAK,-0.621786837284738,0.0977864768899053,-6.35861784840442,2.0357715513341601e-10,-0.813444810164011,-0.430128864405466,DAG1A_short,PredAK -> SAR,H2c,96.651617879712,15.PredFishAK_b_DFA1,X15_DFA_sleeperSharks,1,0,1,Multi-Taxa DFA,FALSE,Negative (-),Supported
152517,Growth,~,PreyNCC,-0.946279175744328,0.0741817545849154,-12.7562253149611,0,-1.09167274304075,-0.800885608447905,DAG1A_short,PreyNCC -> Growth,H1a,97.4854401660909,05.ForageFishNCC_DFA1,X05_DFA_abundSardine,1,0,1,Multi-Taxa DFA,TRUE,Negative (-),Supported
152517,Abundance,~,Growth,-0.217025742774578,0.176816756264824,-1.2274048419344,0.219670467452799,-0.563580216916829,0.129528731367673,DAG1A_short,Growth -> CPUE,H1b,97.4854401660909,06.Cond1NCC_DFA1,X06_DFA_IGF_mu,0,0,1,Multi-Taxa DFA,FALSE,Positive (+),NS
152517,Abundance,~,PredNCC,0.608417898312649,0.176816756264823,3.44095158832913,5.7967223762012e-4,0.261863424170398,0.9549723724549,DAG1A_short,PredNCC -> CPUE,H2a,97.4854401660909,08.PredBirdNCC_b_2_smoothed,X08_Loons_8_WS,1,1,0,Single-Series Straggler,FALSE,Negative (-),Flipped
152517,logSAR,~,Abundance,0.259784739423948,0.115786084155804,2.24366115598466,0.0248542111719077,0.0328481845676487,0.486721294280247,DAG1A_short,CPUE -> SAR,H4a,97.4854401660909,07.Cond2NCC_DFA1,X07_DFA_cpue_IntSprJunHW,1,1,0,Multi-Taxa DFA,FALSE,Positive (+),Supported
152517,logSAR,~,PreyAK,-0.605895246505269,0.131117615298146,-4.62100569116921,3.81884298072954e-6,-0.862881050228414,-0.348909442782124,DAG1A_short,PreyAK -> SAR,H1e,97.4854401660909,12.ZooPreyAK_DFA1,X12_DFA_biomassEuphShelfSum,1,0,1,Multi-Taxa DFA,FALSE,Positive (+),Flipped
152517,logSAR,~,PredAK,0.571557590867048,0.12916740459311,4.42493671423924,9.647055987827e-6,0.318394129888038,0.824721051846057,DAG1A_short,PredAK -> SAR,H2c,97.4854401660909,10.PredMammalNCC_0_smoothed,X10_Californian_s_l_2yrLead_WS,1,1,0,Single-Series Straggler,FALSE,Negative (-),Flipped
152557,Growth,~,PreyNCC,-0.946279175744328,0.074181754584917,-12.7562253149608,0,-1.09167274304075,-0.800885608447902,DAG1A_short,PreyNCC -> Growth,H1a,89.0910843555151,05.ForageFishNCC_DFA1,X05_DFA_abundSardine,1,0,1,Multi-Taxa DFA,TRUE,Negative (-),Supported
152557,Abundance,~,Growth,-0.217025742774578,0.176816756264823,-1.2274048419344,0.219670467452798,-0.563580216916827,0.129528731367672,DAG1A_short,Growth -> CPUE,H1b,89.0910843555151,06.Cond1NCC_DFA1,X06_DFA_IGF_mu,0,0,1,Multi-Taxa DFA,FALSE,Positive (+),NS
152557,Abundance,~,PredNCC,0.608417898312649,0.176816756264824,3.44095158832913,5.7967223762012e-4,0.261863424170398,0.954972372454901,DAG1A_short,PredNCC -> CPUE,H2a,89.0910843555151,08.PredBirdNCC_b_2_smoothed,X08_Loons_8_WS,1,1,0,Single-Series Straggler,FALSE,Negative (-),Flipped
152557,logSAR,~,Abundance,0.284091678372629,0.0928849948878042,3.05853145296271,0.00222424728810999,0.102040433688346,0.466142923056913,DAG1A_short,CPUE -> SAR,H4a,89.0910843555151,07.Cond2NCC_DFA1,X07_DFA_cpue_IntSprJunHW,1,1,0,Multi-Taxa DFA,FALSE,Positive (+),Supported
152557,logSAR,~,PreyAK,-0.547635483863063,0.0995133426586919,-5.50313625521884,3.73093846928185e-8,-0.742678051455292,-0.352592916270833,DAG1A_short,PreyAK -> SAR,H1e,89.0910843555151,12.ZooPreyAK_DFA1,X12_DFA_biomassEuphShelfSum,1,0,1,Multi-Taxa DFA,FALSE,Positive (+),Flipped
152557,logSAR,~,PredAK,-0.621786837284739,0.09781499792101,-6.3567637939006,2.06048511586232e-10,-0.813500710357779,-0.430072964211699,DAG1A_short,PredAK -> SAR,H2c,89.0910843555151,15.PredFishAK_b_DFA1,X15_DFA_sleeperSharks,1,0,1,Multi-Taxa DFA,FALSE,Negative (-),Supported
152558,Growth,~,PreyNCC,-0.921036780010377,0.0893518326228324,-10.3079786163784,0,-1.09616315390378,-0.745910406116974,DAG1A_short,PreyNCC -> Growth,H1a,96.7750053507585,05.ForageFishNCC_DFA1,X05_DFA_abundSardine,1,0,1,Multi-Taxa DFA,TRUE,Negative (-),Supported
152558,Abundance,~,Growth,-0.168091536496467,0.179693958601559,-0.93543231950931,0.3495655474513,-0.520285223594954,0.184102150602021,DAG1A_short,Growth -> CPUE,H1b,96.7750053507585,06.Cond1NCC_0_smoothed,X06_Lmu_IntSprJunH,0,0,1,Single-Series Straggler,FALSE,Positive (+),NS
152558,Abundance,~,PredNCC,0.626234951004435,0.179693958601559,3.48500837689822,4.9212163462497e-4,0.274041263905948,0.978428638102922,DAG1A_short,PredNCC -> CPUE,H2a,96.7750053507585,08.PredBirdNCC_b_2_smoothed,X08_Loons_8_WS,1,1,0,Single-Series Straggler,FALSE,Negative (-),Flipped
152558,logSAR,~,Abundance,0.284091678372629,0.0915935489352602,3.10165597550358,0.00192441461043535,0.104571621243312,0.463611735501946,DAG1A_short,CPUE -> SAR,H4a,96.7750053507585,07.Cond2NCC_DFA1,X07_DFA_cpue_IntSprJunHW,1,1,0,Multi-Taxa DFA,FALSE,Positive (+),Supported
152558,logSAR,~,PreyAK,-0.547635483863064,0.0992242195193767,-5.5191714937714504,3.40601675752339e-8,-0.742111380515138,-0.353159587210989,DAG1A_short,PreyAK -> SAR,H1e,96.7750053507585,12.ZooPreyAK_DFA1,X12_DFA_biomassEuphShelfSum,1,0,1,Multi-Taxa DFA,FALSE,Positive (+),Flipped
152558,logSAR,~,PredAK,-0.621786837284738,0.0980133042298696,-6.34390241376281,2.24016805105975e-10,-0.81388938358105,-0.429684290988427,DAG1A_short,PredAK -> SAR,H2c,96.7750053507585,15.PredFishAK_b_DFA1,X15_DFA_sleeperSharks,1,0,1,Multi-Taxa DFA,FALSE,Negative (-),Supported
152621,Growth,~,PreyNCC,-0.946279175744328,0.0741817545849155,-12.7562253149611,0,-1.09167274304075,-0.800885608447904,DAG1A_short,PreyNCC -> Growth,H1a,97.6681087882903,05.ForageFishNCC_DFA1,X05_DFA_abundSardine,1,0,1,Multi-Taxa DFA,TRUE,Negative (-),Supported
152621,Abundance,~,Growth,-0.310187160144439,0.256742754982782,-1.20816324560061,0.226984476237398,-0.813393713202283,0.193019392913404,DAG1A_short,Growth -> CPUE,H1b,97.6681087882903,06.Cond1NCC_DFA1,X06_DFA_IGF_mu,0,0,1,Multi-Taxa DFA,FALSE,Positive (+),NS
152621,Abundance,~,PredNCC,0.21165033519496,0.256742754982782,0.824367313535894,0.409730881483284,-0.291556217862884,0.714856888252804,DAG1A_short,PredNCC -> CPUE,H2a,97.6681087882903,09.PredFishNCC_DFA1,X09_DFA_ChinAbundSnakeFall,0,1,0,Multi-Taxa DFA,FALSE,Negative (-),NS
152621,logSAR,~,Abundance,0.284091678372629,0.0922570862478452,3.07934804714542,0.00207454167489485,0.103271112008247,0.464912244737011,DAG1A_short,CPUE -> SAR,H4a,97.6681087882903,07.Cond2NCC_DFA1,X07_DFA_cpue_IntSprJunHW,1,1,0,Multi-Taxa DFA,FALSE,Positive (+),Supported
152621,logSAR,~,PreyAK,-0.547635483863063,0.0979982951208348,-5.58821439891187,2.29416297070628e-8,-0.739708612846227,-0.3555623548799,DAG1A_short,PreyAK -> SAR,H1e,97.6681087882903,12.ZooPreyAK_DFA1,X12_DFA_biomassEuphShelfSum,1,0,1,Multi-Taxa DFA,FALSE,Positive (+),Flipped
152621,logSAR,~,PredAK,-0.621786837284738,0.0980379709294693,-6.34230626551896,2.26350715948342e-10,-0.813937729423883,-0.429635945145594,DAG1A_short,PredAK -> SAR,H2c,97.6681087882903,15.PredFishAK_b_DFA1,X15_DFA_sleeperSharks,1,0,1,Multi-Taxa DFA,FALSE,Negative (-),Supported
152641,Growth,~,PreyNCC,-0.946279175744328,0.0741817545849157,-12.756225314961,0,-1.09167274304075,-0.800885608447904,DAG1A_short,PreyNCC -> Growth,H1a,99.1781008836415,05.ForageFishNCC_DFA1,X05_DFA_abundSardine,1,0,1,Multi-Taxa DFA,TRUE,Negative (-),Supported
152641,Abundance,~,Growth,-0.07110225561335,0.177874032052612,-0.399733759857197,0.689352623808652,-0.419728952221392,0.277524440994692,DAG1A_short,Growth -> CPUE,H1b,99.1781008836415,06.Cond1NCC_DFA1,X06_DFA_IGF_mu,0,0,1,Multi-Taxa DFA,FALSE,Positive (+),NS
152641,Abundance,~,PredNCC,-0.656794558312735,0.177874032052611,-3.69247017528939,2.2208639246135e-4,-1.00542125492078,-0.308167861704694,DAG1A_short,PredNCC -> CPUE,H2a,99.1781008836415,09.PredFishNCC_b_DFA1,X09_DFA_HakeAge5Plus,1,0,1,Multi-Taxa DFA,FALSE,Negative (-),Supported
152641,logSAR,~,Abundance,0.402069531388182,0.131387689527867,3.06017658757067,0.00221206523797601,0.144554391901633,0.659584670874732,DAG1A_short,CPUE -> SAR,H4a,99.1781008836415,07.Cond2NCC_DFA1,X07_DFA_cpue_IntSprJunHW,1,1,0,Multi-Taxa DFA,FALSE,Positive (+),Supported
152641,logSAR,~,PreyAK,-0.59535048148576,0.154596454297931,-3.85099699853679,1.1763794081542e-4,-0.898353964047296,-0.292346998924224,DAG1A_short,PreyAK -> SAR,H1e,99.1781008836415,12.ZooPreyAK_DFA1,X12_DFA_biomassEuphShelfSum,1,0,1,Multi-Taxa DFA,FALSE,Positive (+),Flipped
152641,logSAR,~,PredAK,0.533765673289407,0.150073491170998,3.55669525060371,3.7554938473394e-4,0.239627035560061,0.827904311018753,DAG1A_short,PredAK -> SAR,H2c,99.1781008836415,10.PredMammalNCC_DFA1,X10_DFA_ssl.est.wholerange_2yrLead,1,1,0,Multi-Taxa DFA,FALSE,Negative (-),Flipped
152645,Growth,~,PreyNCC,-0.946279175744328,0.0741817545849147,-12.7562253149612,0,-1.09167274304075,-0.800885608447906,DAG1A_short,PreyNCC -> Growth,H1a,95.903456513198,05.ForageFishNCC_DFA1,X05_DFA_abundSardine,1,0,1,Multi-Taxa DFA,TRUE,Negative (-),Supported
152645,Abundance,~,Growth,-0.07110225561335,0.177874032052611,-0.399733759857197,0.689352623808651,-0.419728952221392,0.277524440994692,DAG1A_short,Growth -> CPUE,H1b,95.903456513198,06.Cond1NCC_DFA1,X06_DFA_IGF_mu,0,0,1,Multi-Taxa DFA,FALSE,Positive (+),NS
152645,Abundance,~,PredNCC,-0.656794558312735,0.177874032052611,-3.69247017528938,2.2208639246135e-4,-1.00542125492078,-0.308167861704694,DAG1A_short,PredNCC -> CPUE,H2a,95.903456513198,09.PredFishNCC_b_DFA1,X09_DFA_HakeAge5Plus,1,0,1,Multi-Taxa DFA,FALSE,Negative (-),Supported
152645,logSAR,~,Abundance,0.259784739423948,0.122531847866639,2.12014055077902,0.0339941941026649,0.0196267306461938,0.499942748201702,DAG1A_short,CPUE -> SAR,H4a,95.903456513198,07.Cond2NCC_DFA1,X07_DFA_cpue_IntSprJunHW,1,1,0,Multi-Taxa DFA,FALSE,Positive (+),Supported
152645,logSAR,~,PreyAK,-0.605895246505269,0.138906274991074,-4.36189975250724,1.28937949706032e-5,-0.878146542714391,-0.333643950296147,DAG1A_short,PreyAK -> SAR,H1e,95.903456513198,12.ZooPreyAK_DFA1,X12_DFA_biomassEuphShelfSum,1,0,1,Multi-Taxa DFA,FALSE,Positive (+),Flipped
152645,logSAR,~,PredAK,0.571557590867048,0.131488822691951,4.34681503085688,1.38128608053734e-5,0.313844234021251,0.829270947712845,DAG1A_short,PredAK -> SAR,H2c,95.903456513198,10.PredMammalNCC_0_smoothed,X10_Californian_s_l_2yrLead_WS,1,1,0,Single-Series Straggler,FALSE,Negative (-),Flipped
152685,Growth,~,PreyNCC,-0.946279175744329,0.0741817545849194,-12.7562253149604,0,-1.09167274304076,-0.800885608447898,DAG1A_short,PreyNCC -> Growth,H1a,87.509100702622,05.ForageFishNCC_DFA1,X05_DFA_abundSardine,1,0,1,Multi-Taxa DFA,TRUE,Negative (-),Supported
152685,Abundance,~,Growth,-0.0711022556133502,0.17787403205261,-0.399733759857203,0.689352623808647,-0.419728952221388,0.277524440994688,DAG1A_short,Growth -> CPUE,H1b,87.509100702622,06.Cond1NCC_DFA1,X06_DFA_IGF_mu,0,0,1,Multi-Taxa DFA,FALSE,Positive (+),NS
152685,Abundance,~,PredNCC,-0.656794558312735,0.177874032052611,-3.6924701752894,2.2208639246135e-4,-1.00542125492078,-0.308167861704695,DAG1A_short,PredNCC -> CPUE,H2a,87.509100702622,09.PredFishNCC_b_DFA1,X09_DFA_HakeAge5Plus,1,0,1,Multi-Taxa DFA,FALSE,Negative (-),Supported
152685,logSAR,~,Abundance,0.284091678372628,0.0987264936493299,2.87756272780944,0.00400760224560703,0.0905913065000187,0.477592050245237,DAG1A_short,CPUE -> SAR,H4a,87.509100702622,07.Cond2NCC_DFA1,X07_DFA_cpue_IntSprJunHW,1,1,0,Multi-Taxa DFA,FALSE,Positive (+),Supported
152685,logSAR,~,PreyAK,-0.547635483863061,0.105337040365046,-5.19888808310188,2.00484184587069e-7,-0.754092289216593,-0.341178678509528,DAG1A_short,PreyAK -> SAR,H1e,87.509100702622,12.ZooPreyAK_DFA1,X12_DFA_biomassEuphShelfSum,1,0,1,Multi-Taxa DFA,FALSE,Positive (+),Flipped
152685,logSAR,~,PredAK,-0.62178683728474,0.100008494267286,-6.21734025534801,5.05652408833157e-10,-0.817799884196702,-0.425773790372779,DAG1A_short,PredAK -> SAR,H2c,87.509100702622,15.PredFishAK_b_DFA1,X15_DFA_sleeperSharks,1,0,1,Multi-Taxa DFA,FALSE,Negative (-),Supported
152686,Growth,~,PreyNCC,-0.921036780010379,0.0893518326228324,-10.3079786163784,0,-1.09616315390378,-0.745910406116976,DAG1A_short,PreyNCC -> Growth,H1a,94.7464336127521,05.ForageFishNCC_DFA1,X05_DFA_abundSardine,1,0,1,Multi-Taxa DFA,TRUE,Negative (-),Supported
152686,Abundance,~,Growth,0.00807264429062081,0.178188633769613,0.04530392382411,0.963865059892178,-0.341170660352219,0.357315948933461,DAG1A_short,Growth -> CPUE,H1b,94.7464336127521,06.Cond1NCC_0_smoothed,X06_Lmu_IntSprJunH,0,1,0,Single-Series Straggler,FALSE,Positive (+),NS
152686,Abundance,~,PredNCC,-0.670704449934559,0.178188633769614,-3.76401365084676,1.6720774985046e-4,-1.0199477545774,-0.321461145291719,DAG1A_short,PredNCC -> CPUE,H2a,94.7464336127521,09.PredFishNCC_b_DFA1,X09_DFA_HakeAge5Plus,1,0,1,Multi-Taxa DFA,FALSE,Negative (-),Supported
152686,logSAR,~,Abundance,0.28409167837263,0.0995305396994458,2.85431666733152,0.00431295168918622,0.0890154051998819,0.479167951545377,DAG1A_short,CPUE -> SAR,H4a,94.7464336127521,07.Cond2NCC_DFA1,X07_DFA_cpue_IntSprJunHW,1,1,0,Multi-Taxa DFA,FALSE,Positive (+),Supported
152686,logSAR,~,PreyAK,-0.547635483863064,0.104748469073649,-5.22810012123441,1.71260766457237e-7,-0.752938710683124,-0.342332257043004,DAG1A_short,PreyAK -> SAR,H1e,94.7464336127521,12.ZooPreyAK_DFA1,X12_DFA_biomassEuphShelfSum,1,0,1,Multi-Taxa DFA,FALSE,Positive (+),Flipped
152686,logSAR,~,PredAK,-0.621786837284737,0.101421971069801,-6.13069171034755,8.74978089981937e-10,-0.820570247822611,-0.423003426746864,DAG1A_short,PredAK -> SAR,H2c,94.7464336127521,15.PredFishAK_b_DFA1,X15_DFA_sleeperSharks,1,0,1,Multi-Taxa DFA,FALSE,Negative (-),Supported
152749,Growth,~,PreyNCC,-0.946279175744328,0.0741817545849167,-12.7562253149609,0,-1.09167274304075,-0.800885608447902,DAG1A_short,PreyNCC -> Growth,H1a,96.6696787810055,05.ForageFishNCC_DFA1,X05_DFA_abundSardine,1,0,1,Multi-Taxa DFA,TRUE,Negative (-),Supported
152749,Abundance,~,Growth,-0.290581471473714,0.221784091333705,-1.31019979713736,0.190128254358231,-0.725270302831717,0.144107359884289,DAG1A_short,Growth -> CPUE,H1b,96.6696787810055,06.Cond1NCC_DFA1,X06_DFA_IGF_mu,0,0,1,Multi-Taxa DFA,FALSE,Positive (+),NS
152749,Abundance,~,PredNCC,-0.29709739112244,0.221784091333705,-1.3395793599795,0.180382137796945,-0.731786222480442,0.137591440235563,DAG1A_short,PredNCC -> CPUE,H2a,96.6696787810055,09.PredFishNCC_b_0_smoothed,X09_canaryRockfish,0,0,1,Single-Series Straggler,FALSE,Negative (-),NS
152749,logSAR,~,Abundance,0.284091678372629,0.0919473646493636,3.08972072724431,0.00200344778906647,0.103878155186505,0.464305201558753,DAG1A_short,CPUE -> SAR,H4a,96.6696787810055,07.Cond2NCC_DFA1,X07_DFA_cpue_IntSprJunHW,1,1,0,Multi-Taxa DFA,FALSE,Positive (+),Supported
152749,logSAR,~,PreyAK,-0.547635483863063,0.0980723522217275,-5.58399458621058,2.35056025754687e-8,-0.739853762096776,-0.355417205629351,DAG1A_short,PreyAK -> SAR,H1e,96.6696787810055,12.ZooPreyAK_DFA1,X12_DFA_biomassEuphShelfSum,1,0,1,Multi-Taxa DFA,FALSE,Positive (+),Flipped
152749,logSAR,~,PredAK,-0.621786837284738,0.0980832192452797,-6.33938039625123,2.30691021840812e-10,-0.814026414493232,-0.429547260076244,DAG1A_short,PredAK -> SAR,H2c,96.6696787810055,15.PredFishAK_b_DFA1,X15_DFA_sleeperSharks,1,0,1,Multi-Taxa DFA,FALSE,Negative (-),Supported
152813,Growth,~,PreyNCC,-0.946279175744326,0.0741817545849187,-12.7562253149605,0,-1.09167274304076,-0.800885608447896,DAG1A_short,PreyNCC -> Growth,H1a,97.8889619315158,05.ForageFishNCC_DFA1,X05_DFA_abundSardine,1,0,1,Multi-Taxa DFA,TRUE,Negative (-),Supported
152813,Abundance,~,Growth,-0.156539486498782,0.226916723358423,-0.689854340314625,0.490285791984057,-0.60128809177113,0.288209118773567,DAG1A_short,Growth -> CPUE,H1b,97.8889619315158,06.Cond1NCC_DFA1,X06_DFA_IGF_mu,0,0,1,Multi-Taxa DFA,FALSE,Positive (+),NS
152813,Abundance,~,PredNCC,-0.144685214187053,0.226916723358424,-0.63761371152234,0.523725167842034,-0.589433819459403,0.300063391085297,DAG1A_short,PredNCC -> CPUE,H2a,97.8889619315158,09.PredFishNCC_b_1_smoothed,X09_chilipepper,0,0,1,Single-Series Straggler,FALSE,Negative (-),NS
152813,logSAR,~,Abundance,0.284091678372629,0.0929192800690379,3.05740292177848,0.00223263946257402,0.101973235967925,0.466210120777334,DAG1A_short,CPUE -> SAR,H4a,97.8889619315158,07.Cond2NCC_DFA1,X07_DFA_cpue_IntSprJunHW,1,1,0,Multi-Taxa DFA,FALSE,Positive (+),Supported
152813,logSAR,~,PreyAK,-0.547635483863063,0.0977966497263027,-5.59973665146706,2.14677682297548e-8,-0.739313395135295,-0.355957572590831,DAG1A_short,PreyAK -> SAR,H1e,97.8889619315158,12.ZooPreyAK_DFA1,X12_DFA_biomassEuphShelfSum,1,0,1,Multi-Taxa DFA,FALSE,Positive (+),Flipped
152813,logSAR,~,PredAK,-0.621786837284739,0.0984944640577896,-6.31291152485401,2.73834066533141e-10,-0.814832439514581,-0.428741235054896,DAG1A_short,PredAK -> SAR,H2c,97.8889619315158,15.PredFishAK_b_DFA1,X15_DFA_sleeperSharks,1,0,1,Multi-Taxa DFA,FALSE,Negative (-),Supported
152877,Growth,~,PreyNCC,-0.946279175744328,0.0741817545849157,-12.756225314961,0,-1.09167274304075,-0.800885608447904,DAG1A_short,PreyNCC -> Growth,H1a,98.1435148782408,05.ForageFishNCC_DFA1,X05_DFA_abundSardine,1,0,1,Multi-Taxa DFA,TRUE,Negative (-),Supported
152877,Abundance,~,Growth,-0.015482500914605,0.453703611218077,-0.0341247028495949,0.972777709928509,-0.904725238557799,0.873760236728589,DAG1A_short,Growth -> CPUE,H1b,98.1435148782408,06.Cond1NCC_DFA1,X06_DFA_IGF_mu,0,0,1,Multi-Taxa DFA,FALSE,Positive (+),NS
152877,Abundance,~,PredNCC,0.194630875111375,0.453703611218078,0.42898242442647,0.667936015180442,-0.694611862531819,1.08387361275457,DAG1A_short,PredNCC -> CPUE,H2a,98.1435148782408,11.PredMammalSmolt_DFA1,X11_DFA_Harbour_p_WS,0,1,0,Multi-Taxa DFA,FALSE,Negative (-),NS
152877,logSAR,~,Abundance,0.284091678372629,0.0934199504305807,3.04101722451388,0.00235780342181524,0.100991940091174,0.467191416654084,DAG1A_short,CPUE -> SAR,H4a,98.1435148782408,07.Cond2NCC_DFA1,X07_DFA_cpue_IntSprJunHW,1,1,0,Multi-Taxa DFA,FALSE,Positive (+),Supported
152877,logSAR,~,PreyAK,-0.547635483863063,0.0978754885477881,-5.5952260569885,2.20334492873064e-8,-0.739467916385991,-0.355803051340136,DAG1A_short,PreyAK -> SAR,H1e,98.1435148782408,12.ZooPreyAK_DFA1,X12_DFA_biomassEuphShelfSum,1,0,1,Multi-Taxa DFA,FALSE,Positive (+),Flipped
152877,logSAR,~,PredAK,-0.621786837284738,0.0988541313094176,-6.28994285872099,3.17582848907705e-10,-0.81553737437419,-0.428036300195287,DAG1A_short,PredAK -> SAR,H2c,98.1435148782408,15.PredFishAK_b_DFA1,X15_DFA_sleeperSharks,1,0,1,Multi-Taxa DFA,FALSE,Negative (-),Supported
153025,Growth,~,PreyNCC,-0.946279175744328,0.0741817545849155,-12.7562253149611,0,-1.09167274304075,-0.800885608447904,DAG1A_short,PreyNCC -> Growth,H1a,96.4595412942114,05.ForageFishNCC_DFA1,X05_DFA_abundSardine,1,0,1,Multi-Taxa DFA,TRUE,Negative (-),Supported
153025,Abundance,~,Growth,0.178761614373988,0.196423988663291,0.910080360298662,0.36278013123355,-0.206222329105766,0.563745557853742,DAG1A_short,Growth -> CPUE,H1b,96.4595412942114,06.Cond1NCC_DFA1,X06_DFA_IGF_mu,0,1,0,Multi-Taxa DFA,FALSE,Positive (+),NS
153025,Abundance,~,PredNCC,0.757750459960748,0.196423988663291,3.85772870776838,1.1444557374407e-4,0.372766516480994,1.1427344034405,DAG1A_short,PredNCC -> CPUE,H2a,96.4595412942114,08.PredBirdNCC_b_0_smoothed,X08_commonMurre_JSOES,1,1,0,Single-Series Straggler,FALSE,Negative (-),Flipped
153025,logSAR,~,Abundance,0.245634681740027,0.131599078244699,1.86653801087639,0.0619661311801045,-0.012294772018251,0.503564135498305,DAG1A_short,CPUE -> SAR,H4a,96.4595412942114,07.Cond2NCC_DFA1,X07_DFA_cpue_IntSprJunHW,0,1,0,Multi-Taxa DFA,FALSE,Positive (+),NS
153025,logSAR,~,PreyAK,-0.591843578197075,0.130927187305241,-4.52040244947189,6.17221817966751e-6,-0.848456149912476,-0.335231006481673,DAG1A_short,PreyAK -> SAR,H1e,96.4595412942114,12.ZooPreyAK_0_smoothed,X12_copepodBiomass_WGoA,1,0,1,Single-Series Straggler,FALSE,Positive (+),Flipped
153025,logSAR,~,PredAK,0.0405906143478037,0.127866355861331,0.317445617921759,0.750905497627903,-0.210022837974787,0.291204066670394,DAG1A_short,PredAK -> SAR,H2c,96.4595412942114,10.PredMammalNCC_DFA1,X10_DFA_ssl.est.wholerange_2yrLead,0,1,0,Multi-Taxa DFA,FALSE,Negative (-),NS
153029,Growth,~,PreyNCC,-0.946279175744328,0.0741817545849157,-12.756225314961,0,-1.09167274304075,-0.800885608447904,DAG1A_short,PreyNCC -> Growth,H1a,96.1156727927348,05.ForageFishNCC_DFA1,X05_DFA_abundSardine,1,0,1,Multi-Taxa DFA,TRUE,Negative (-),Supported
153029,Abundance,~,Growth,0.178761614373988,0.196423988663291,0.910080360298664,0.362780131233549,-0.206222329105765,0.563745557853742,DAG1A_short,Growth -> CPUE,H1b,96.1156727927348,06.Cond1NCC_DFA1,X06_DFA_IGF_mu,0,1,0,Multi-Taxa DFA,FALSE,Positive (+),NS
153029,Abundance,~,PredNCC,0.757750459960748,0.196423988663291,3.85772870776838,1.1444557374407e-4,0.372766516480994,1.1427344034405,DAG1A_short,PredNCC -> CPUE,H2a,96.1156727927348,08.PredBirdNCC_b_0_smoothed,X08_commonMurre_JSOES,1,1,0,Single-Series Straggler,FALSE,Negative (-),Flipped
153029,logSAR,~,Abundance,0.240520380450605,0.125170492446101,1.92154217619759,0.0546633905037297,-0.0048092766708954,0.485850037572104,DAG1A_short,CPUE -> SAR,H4a,96.1156727927348,07.Cond2NCC_DFA1,X07_DFA_cpue_IntSprJunHW,0,1,0,Multi-Taxa DFA,FALSE,Positive (+),NS
153029,logSAR,~,PreyAK,-0.572069139622469,0.133561905986416,-4.28317592054018,1.84244382577248e-5,-0.83384566506237,-0.310292614182569,DAG1A_short,PreyAK -> SAR,H1e,96.1156727927348,12.ZooPreyAK_0_smoothed,X12_copepodBiomass_WGoA,1,0,1,Single-Series Straggler,FALSE,Positive (+),Flipped
153029,logSAR,~,PredAK,0.0848592697661655,0.127243800647353,0.666902979433524,0.504834107703299,-0.164533996758642,0.334252536290973,DAG1A_short,PredAK -> SAR,H2c,96.1156727927348,10.PredMammalNCC_0_smoothed,X10_Californian_s_l_2yrLead_WS,0,1,0,Single-Series Straggler,FALSE,Negative (-),NS
153037,Growth,~,PreyNCC,-0.946279175744328,0.0741817545849159,-12.756225314961,0,-1.09167274304075,-0.800885608447903,DAG1A_short,PreyNCC -> Growth,H1a,95.899901136624507,05.ForageFishNCC_DFA1,X05_DFA_abundSardine,1,0,1,Multi-Taxa DFA,TRUE,Negative (-),Supported
153037,Abundance,~,Growth,0.178761614373988,0.196423988663291,0.910080360298664,0.362780131233549,-0.206222329105765,0.563745557853742,DAG1A_short,Growth -> CPUE,H1b,95.899901136624507,06.Cond1NCC_DFA1,X06_DFA_IGF_mu,0,1,0,Multi-Taxa DFA,FALSE,Positive (+),NS
153037,Abundance,~,PredNCC,0.757750459960748,0.196423988663291,3.85772870776838,1.1444557374407e-4,0.372766516480994,1.1427344034405,DAG1A_short,PredNCC -> CPUE,H2a,95.899901136624507,08.PredBirdNCC_b_0_smoothed,X08_commonMurre_JSOES,1,1,0,Single-Series Straggler,FALSE,Negative (-),Flipped
153037,logSAR,~,Abundance,0.240919240572906,0.123272790441253,1.95435861969652,0.0506588208179291,-6.9098896570324e-4,0.482529470111516,DAG1A_short,CPUE -> SAR,H4a,95.899901136624507,07.Cond2NCC_DFA1,X07_DFA_cpue_IntSprJunHW,0,1,0,Multi-Taxa DFA,FALSE,Positive (+),NS
153037,logSAR,~,PreyAK,-0.535895251119066,0.146852884429812,-3.64919799294237,2.6306030138445e-4,-0.823721615627319,-0.248068886610812,DAG1A_short,PreyAK -> SAR,H1e,95.899901136624507,12.ZooPreyAK_0_smoothed,X12_copepodBiomass_WGoA,1,0,1,Single-Series Straggler,FALSE,Positive (+),Flipped
153037,logSAR,~,PredAK,-0.116976345523658,0.142275758177434,-0.822180440449841,0.410974209108279,-0.395831707424558,0.161879016377243,DAG1A_short,PredAK -> SAR,H2c,95.899901136624507,10.PredMammalNCC_2_smoothed,X10_Harbour_s_2yrLead_WS,0,0,1,Single-Series Straggler,FALSE,Negative (-),NS
153041,Growth,~,PreyNCC,-0.946279175744328,0.0741817545849152,-12.7562253149611,0,-1.09167274304075,-0.800885608447905,DAG1A_short,PreyNCC -> Growth,H1a,96.0863298744171,05.ForageFishNCC_DFA1,X05_DFA_abundSardine,1,0,1,Multi-Taxa DFA,TRUE,Negative (-),Supported
153041,Abundance,~,Growth,0.178761614373988,0.196423988663291,0.910080360298663,0.362780131233549,-0.206222329105766,0.563745557853742,DAG1A_short,Growth -> CPUE,H1b,96.0863298744171,06.Cond1NCC_DFA1,X06_DFA_IGF_mu,0,1,0,Multi-Taxa DFA,FALSE,Positive (+),NS
153041,Abundance,~,PredNCC,0.757750459960748,0.196423988663291,3.85772870776838,1.1444557374407e-4,0.372766516480994,1.1427344034405,DAG1A_short,PredNCC -> CPUE,H2a,96.0863298744171,08.PredBirdNCC_b_0_smoothed,X08_commonMurre_JSOES,1,1,0,Single-Series Straggler,FALSE,Negative (-),Flipped
153041,logSAR,~,Abundance,0.193863833594509,0.131675261526972,1.47228743916182,0.140943273782234,-0.064214936653249,0.451942603842268,DAG1A_short,CPUE -> SAR,H4a,96.0863298744171,07.Cond2NCC_DFA1,X07_DFA_cpue_IntSprJunHW,0,1,0,Multi-Taxa DFA,FALSE,Positive (+),NS
153041,logSAR,~,PreyAK,-0.583692605384917,0.129262010141196,-4.51557735136049,6.31444921372903e-6,-0.837041489830913,-0.330343720938921,DAG1A_short,PreyAK -> SAR,H1e,96.0863298744171,12.ZooPreyAK_0_smoothed,X12_copepodBiomass_WGoA,1,0,1,Single-Series Straggler,FALSE,Positive (+),Flipped
153041,logSAR,~,PredAK,0.0959437043674165,0.135416097788109,0.70851033174463,0.47862839845888,-0.169466970224232,0.361354378959065,DAG1A_short,PredAK -> SAR,H2c,96.0863298744171,10.PredMammalNCC_3_smoothed,X10_Northern_f_s_2yrLead_WS,0,1,0,Single-Series Straggler,FALSE,Negative (-),NS
153045,Growth,~,PreyNCC,-0.946279175744328,0.0741817545849157,-12.756225314961,0,-1.09167274304075,-0.800885608447904,DAG1A_short,PreyNCC -> Growth,H1a,96.5281402842059,05.ForageFishNCC_DFA1,X05_DFA_abundSardine,1,0,1,Multi-Taxa DFA,TRUE,Negative (-),Supported
153045,Abundance,~,Growth,0.178761614373988,0.196423988663291,0.910080360298662,0.36278013123355,-0.206222329105766,0.563745557853742,DAG1A_short,Growth -> CPUE,H1b,96.5281402842059,06.Cond1NCC_DFA1,X06_DFA_IGF_mu,0,1,0,Multi-Taxa DFA,FALSE,Positive (+),NS
153045,Abundance,~,PredNCC,0.757750459960748,0.196423988663291,3.85772870776838,1.1444557374407e-4,0.372766516480994,1.1427344034405,DAG1A_short,PredNCC -> CPUE,H2a,96.5281402842059,08.PredBirdNCC_b_0_smoothed,X08_commonMurre_JSOES,1,1,0,Single-Series Straggler,FALSE,Negative (-),Flipped
153045,logSAR,~,Abundance,0.242315932560738,0.133791301803647,1.81114862695904,0.0701178480142102,-0.0199102004191392,0.504542065540615,DAG1A_short,CPUE -> SAR,H4a,96.5281402842059,07.Cond2NCC_DFA1,X07_DFA_cpue_IntSprJunHW,0,1,0,Multi-Taxa DFA,FALSE,Positive (+),NS
153045,logSAR,~,PreyAK,-0.599023276897046,0.12855075587109,-4.65981917288563,3.16487293661183e-6,-0.85097812858978406,-0.347068425204308,DAG1A_short,PreyAK -> SAR,H1e,96.5281402842059,12.ZooPreyAK_0_smoothed,X12_copepodBiomass_WGoA,1,0,1,Single-Series Straggler,FALSE,Positive (+),Flipped
153045,logSAR,~,PredAK,-0.0232824240531783,0.127911107536839,-0.182020346016258,0.855566758807774,-0.273983588048013,0.227418739941657,DAG1A_short,PredAK -> SAR,H2c,96.5281402842059,15.PredFishAK_0_smoothed,X15_ArrowtoothFlounderBiomass_predAK,0,0,1,Single-Series Straggler,FALSE,Negative (-),NS
153049,Growth,~,PreyNCC,-0.946279175744328,0.0741817545849157,-12.756225314961,0,-1.09167274304075,-0.800885608447904,DAG1A_short,PreyNCC -> Growth,H1a,96.3983438107986,05.ForageFishNCC_DFA1,X05_DFA_abundSardine,1,0,1,Multi-Taxa DFA,TRUE,Negative (-),Supported
153049,Abundance,~,Growth,0.178761614373988,0.196423988663291,0.910080360298664,0.362780131233549,-0.206222329105765,0.563745557853742,DAG1A_short,Growth -> CPUE,H1b,96.3983438107986,06.Cond1NCC_DFA1,X06_DFA_IGF_mu,0,1,0,Multi-Taxa DFA,FALSE,Positive (+),NS
153049,Abundance,~,PredNCC,0.757750459960748,0.196423988663291,3.85772870776838,1.1444557374407e-4,0.372766516480994,1.1427344034405,DAG1A_short,PredNCC -> CPUE,H2a,96.3983438107986,08.PredBirdNCC_b_0_smoothed,X08_commonMurre_JSOES,1,1,0,Single-Series Straggler,FALSE,Negative (-),Flipped
153049,logSAR,~,Abundance,0.252647363242155,0.130378187593857,1.93780392184297,0.052647149122655,-0.00288918881141187,0.508183915295722,DAG1A_short,CPUE -> SAR,H4a,96.3983438107986,07.Cond2NCC_DFA1,X07_DFA_cpue_IntSprJunHW,0,1,0,Multi-Taxa DFA,FALSE,Positive (+),NS
153049,logSAR,~,PreyAK,-0.591135690145179,0.127343467829169,-4.64205742330017,3.44956955111719e-6,-0.840724300756785,-0.341547079533574,DAG1A_short,PreyAK -> SAR,H1e,96.3983438107986,12.ZooPreyAK_0_smoothed,X12_copepodBiomass_WGoA,1,0,1,Single-Series Straggler,FALSE,Positive (+),Flipped
153049,logSAR,~,PredAK,0.0517623152348086,0.124635476896277,0.415309641554832,0.677915243999049,-0.192518730677869,0.296043361147486,DAG1A_short,PredAK -> SAR,H2c,96.3983438107986,15.PredFishAK_1_smoothed,X15_sablefishBiomass_predAK,0,1,0,Single-Series Straggler,FALSE,Negative (-),NS
153053,Growth,~,PreyNCC,-0.946279175744328,0.0741817545849157,-12.756225314961,0,-1.09167274304075,-0.800885608447904,DAG1A_short,PreyNCC -> Growth,H1a,96.5514141997543,05.ForageFishNCC_DFA1,X05_DFA_abundSardine,1,0,1,Multi-Taxa DFA,TRUE,Negative (-),Supported
153053,Abundance,~,Growth,0.178761614373988,0.196423988663291,0.910080360298662,0.36278013123355,-0.206222329105766,0.563745557853743,DAG1A_short,Growth -> CPUE,H1b,96.5514141997543,06.Cond1NCC_DFA1,X06_DFA_IGF_mu,0,1,0,Multi-Taxa DFA,FALSE,Positive (+),NS
153053,Abundance,~,PredNCC,0.757750459960748,0.196423988663291,3.85772870776838,1.1444557374407e-4,0.372766516480994,1.1427344034405,DAG1A_short,PredNCC -> CPUE,H2a,96.5514141997543,08.PredBirdNCC_b_0_smoothed,X08_commonMurre_JSOES,1,1,0,Single-Series Straggler,FALSE,Negative (-),Flipped
153053,logSAR,~,Abundance,0.226809515381893,0.130306729532204,1.74058175042939,0.081756918843237,-0.0285869814444289,0.482206012208214,DAG1A_short,CPUE -> SAR,H4a,96.5514141997543,07.Cond2NCC_DFA1,X07_DFA_cpue_IntSprJunHW,0,1,0,Multi-Taxa DFA,FALSE,Positive (+),NS
153053,logSAR,~,PreyAK,-0.608507535395366,0.125388366897145,-4.85298238148772,1.21618499204779e-6,-0.854264218594065,-0.362750852196666,DAG1A_short,PreyAK -> SAR,H1e,96.5514141997543,12.ZooPreyAK_0_smoothed,X12_copepodBiomass_WGoA,1,0,1,Single-Series Straggler,FALSE,Positive (+),Flipped
153053,logSAR,~,PredAK,-0.0114022452277971,0.12343763970462,-0.0923725150212049,0.926402075881268,-0.253335573385485,0.23053108292989,DAG1A_short,PredAK -> SAR,H2c,96.5514141997543,15.PredFishAK_2_smoothed,X15_sablefishRecruitment_predAK,0,0,1,Single-Series Straggler,FALSE,Negative (-),NS
153057,Growth,~,PreyNCC,-0.946279175744328,0.0741817545849155,-12.7562253149611,0,-1.09167274304075,-0.800885608447904,DAG1A_short,PreyNCC -> Growth,H1a,96.2882620396324,05.ForageFishNCC_DFA1,X05_DFA_abundSardine,1,0,1,Multi-Taxa DFA,TRUE,Negative (-),Supported
153057,Abundance,~,Growth,0.178761614373988,0.196423988663291,0.910080360298664,0.362780131233549,-0.206222329105765,0.563745557853742,DAG1A_short,Growth -> CPUE,H1b,96.2882620396324,06.Cond1NCC_DFA1,X06_DFA_IGF_mu,0,1,0,Multi-Taxa DFA,FALSE,Positive (+),NS
153057,Abundance,~,PredNCC,0.757750459960748,0.196423988663291,3.85772870776838,1.1444557374407e-4,0.372766516480994,1.1427344034405,DAG1A_short,PredNCC -> CPUE,H2a,96.2882620396324,08.PredBirdNCC_b_0_smoothed,X08_commonMurre_JSOES,1,1,0,Single-Series Straggler,FALSE,Negative (-),Flipped
153057,logSAR,~,Abundance,0.247621323867925,0.125025043080284,1.98057379359523,0.0476390902441368,0.00257674226499932,0.49266590547085,DAG1A_short,CPUE -> SAR,H4a,96.2882620396324,07.Cond2NCC_DFA1,X07_DFA_cpue_IntSprJunHW,1,1,0,Multi-Taxa DFA,FALSE,Positive (+),Supported
153057,logSAR,~,PreyAK,-0.613659650276604,0.125729870875679,-4.88077849760449,1.05667874228388e-6,-0.860085668973807,-0.367233631579401,DAG1A_short,PreyAK -> SAR,H1e,96.2882620396324,12.ZooPreyAK_0_smoothed,X12_copepodBiomass_WGoA,1,0,1,Single-Series Straggler,FALSE,Positive (+),Flipped
153057,logSAR,~,PredAK,-0.0647400970951116,0.121073448892702,-0.534717542840343,0.592845188876291,-0.302039696408859,0.172559502218636,DAG1A_short,PredAK -> SAR,H2c,96.2882620396324,15.PredFishAK_3_smoothed,X15_PacificCodBiomass_predAK,0,0,1,Single-Series Straggler,FALSE,Negative (-),NS
153061,Growth,~,PreyNCC,-0.946279175744328,0.0741817545849154,-12.7562253149611,0,-1.09167274304075,-0.800885608447904,DAG1A_short,PreyNCC -> Growth,H1a,96.1252174388284,05.ForageFishNCC_DFA1,X05_DFA_abundSardine,1,0,1,Multi-Taxa DFA,TRUE,Negative (-),Supported
153061,Abundance,~,Growth,0.178761614373988,0.196423988663291,0.910080360298662,0.36278013123355,-0.206222329105766,0.563745557853742,DAG1A_short,Growth -> CPUE,H1b,96.1252174388284,06.Cond1NCC_DFA1,X06_DFA_IGF_mu,0,1,0,Multi-Taxa DFA,FALSE,Positive (+),NS
153061,Abundance,~,PredNCC,0.757750459960748,0.196423988663291,3.85772870776838,1.1444557374407e-4,0.372766516480994,1.1427344034405,DAG1A_short,PredNCC -> CPUE,H2a,96.1252174388284,08.PredBirdNCC_b_0_smoothed,X08_commonMurre_JSOES,1,1,0,Single-Series Straggler,FALSE,Negative (-),Flipped
153061,logSAR,~,Abundance,0.257896635188518,0.126433181822061,2.0397860076912,0.0413716440563414,0.0100921523664733,0.505701118010562,DAG1A_short,CPUE -> SAR,H4a,96.1252174388284,07.Cond2NCC_DFA1,X07_DFA_cpue_IntSprJunHW,1,1,0,Multi-Taxa DFA,FALSE,Positive (+),Supported
153061,logSAR,~,PreyAK,-0.594769827237703,0.123637092890619,-4.81060993373477,1.50470414794768e-6,-0.83709407645655,-0.352445578018855,DAG1A_short,PreyAK -> SAR,H1e,96.1252174388284,12.ZooPreyAK_0_smoothed,X12_copepodBiomass_WGoA,1,0,1,Single-Series Straggler,FALSE,Positive (+),Flipped
153061,logSAR,~,PredAK,0.0814537947990578,0.119755496134749,0.680167486487683,0.496398416878196,-0.153262664575776,0.316170254173892,DAG1A_short,PredAK -> SAR,H2c,96.1252174388284,15.PredFishAK_4_smoothed,X15_spinyDogfishGoA_predAK,0,1,0,Single-Series Straggler,FALSE,Negative (-),NS
153065,Growth,~,PreyNCC,-0.946279175744328,0.0741817545849157,-12.756225314961,0,-1.09167274304075,-0.800885608447904,DAG1A_short,PreyNCC -> Growth,H1a,95.8121917227326,05.ForageFishNCC_DFA1,X05_DFA_abundSardine,1,0,1,Multi-Taxa DFA,TRUE,Negative (-),Supported
153065,Abundance,~,Growth,0.178761614373988,0.196423988663291,0.910080360298664,0.362780131233549,-0.206222329105765,0.563745557853742,DAG1A_short,Growth -> CPUE,H1b,95.8121917227326,06.Cond1NCC_DFA1,X06_DFA_IGF_mu,0,1,0,Multi-Taxa DFA,FALSE,Positive (+),NS
153065,Abundance,~,PredNCC,0.757750459960748,0.196423988663291,3.85772870776838,1.1444557374407e-4,0.372766516480994,1.1427344034405,DAG1A_short,PredNCC -> CPUE,H2a,95.8121917227326,08.PredBirdNCC_b_0_smoothed,X08_commonMurre_JSOES,1,1,0,Single-Series Straggler,FALSE,Negative (-),Flipped
153065,logSAR,~,Abundance,0.275608909459093,0.126025224590419,2.18693448359105,0.0287473071321491,0.0286040081183009,0.522613810799885,DAG1A_short,CPUE -> SAR,H4a,95.8121917227326,07.Cond2NCC_DFA1,X07_DFA_cpue_IntSprJunHW,1,1,0,Multi-Taxa DFA,FALSE,Positive (+),Supported
153065,logSAR,~,PreyAK,-0.558730627687377,0.129147651934869,-4.32629334963949,1.51639447203422e-5,-0.811855374167634,-0.30560588120712,DAG1A_short,PreyAK -> SAR,H1e,95.8121917227326,12.ZooPreyAK_0_smoothed,X12_copepodBiomass_WGoA,1,0,1,Single-Series Straggler,FALSE,Positive (+),Flipped
153065,logSAR,~,PredAK,-0.113561997010096,0.123905945579332,-0.916517738346841,0.359395408116395,-0.356413187815965,0.129289193795774,DAG1A_short,PredAK -> SAR,H2c,95.8121917227326,15.PredFishAK_5_smoothed,X15_halibutBiomassAge8plus_2yrLead_predAK,0,0,1,Single-Series Straggler,FALSE,Negative (-),NS
153069,Growth,~,PreyNCC,-0.946279175744328,0.0741817545849153,-12.7562253149611,0,-1.09167274304075,-0.800885608447905,DAG1A_short,PreyNCC -> Growth,H1a,95.8341264791283,05.ForageFishNCC_DFA1,X05_DFA_abundSardine,1,0,1,Multi-Taxa DFA,TRUE,Negative (-),Supported
153069,Abundance,~,Growth,0.178761614373988,0.196423988663291,0.910080360298663,0.362780131233549,-0.206222329105766,0.563745557853742,DAG1A_short,Growth -> CPUE,H1b,95.8341264791283,06.Cond1NCC_DFA1,X06_DFA_IGF_mu,0,1,0,Multi-Taxa DFA,FALSE,Positive (+),NS
153069,Abundance,~,PredNCC,0.757750459960748,0.196423988663291,3.85772870776838,1.1444557374407e-4,0.372766516480994,1.1427344034405,DAG1A_short,PredNCC -> CPUE,H2a,95.8341264791283,08.PredBirdNCC_b_0_smoothed,X08_commonMurre_JSOES,1,1,0,Single-Series Straggler,FALSE,Negative (-),Flipped
153069,logSAR,~,Abundance,0.260900537327822,0.124814671301857,2.09030344435111,0.0365905500775978,0.0162682768339784,0.505532797821666,DAG1A_short,CPUE -> SAR,H4a,95.8341264791283,07.Cond2NCC_DFA1,X07_DFA_cpue_IntSprJunHW,1,1,0,Multi-Taxa DFA,FALSE,Positive (+),Supported
153069,logSAR,~,PreyAK,-0.519005871965277,0.153603336988053,-3.37887107234945,7.2784133058978e-4,-0.820062880367031,-0.217948863563524,DAG1A_short,PreyAK -> SAR,H1e,95.8341264791283,12.ZooPreyAK_0_smoothed,X12_copepodBiomass_WGoA,1,0,1,Single-Series Straggler,FALSE,Positive (+),Flipped
153069,logSAR,~,PredAK,-0.128559441665605,0.146517172505525,-0.877435999256378,0.380249867062769,-0.415727822893077,0.158608939561867,DAG1A_short,PredAK -> SAR,H2c,95.8341264791283,15.PredFishAK_b_DFA1,X15_DFA_sleeperSharks,0,0,1,Multi-Taxa DFA,FALSE,Negative (-),NS
153073,Growth,~,PreyNCC,-0.946279175744328,0.0741817545849156,-12.756225314961,0,-1.09167274304075,-0.800885608447904,DAG1A_short,PreyNCC -> Growth,H1a,96.4325162832231,05.ForageFishNCC_DFA1,X05_DFA_abundSardine,1,0,1,Multi-Taxa DFA,TRUE,Negative (-),Supported
153073,Abundance,~,Growth,0.178761614373988,0.196423988663291,0.910080360298662,0.36278013123355,-0.206222329105766,0.563745557853743,DAG1A_short,Growth -> CPUE,H1b,96.4325162832231,06.Cond1NCC_DFA1,X06_DFA_IGF_mu,0,1,0,Multi-Taxa DFA,FALSE,Positive (+),NS
153073,Abundance,~,PredNCC,0.757750459960748,0.196423988663291,3.85772870776837,1.1444557374407e-4,0.372766516480993,1.1427344034405,DAG1A_short,PredNCC -> CPUE,H2a,96.4325162832231,08.PredBirdNCC_b_0_smoothed,X08_commonMurre_JSOES,1,1,0,Single-Series Straggler,FALSE,Negative (-),Flipped
153073,logSAR,~,Abundance,0.250038333296921,0.125728739363256,1.98871264090631,0.0467329299190637,0.00361453232331657,0.496462134270526,DAG1A_short,CPUE -> SAR,H4a,96.4325162832231,07.Cond2NCC_DFA1,X07_DFA_cpue_IntSprJunHW,1,1,0,Multi-Taxa DFA,FALSE,Positive (+),Supported
153073,logSAR,~,PreyAK,-0.613152885631212,0.128451848177178,-4.7734064891419,1.81135672638888e-6,-0.864913881806088,-0.361391889456336,DAG1A_short,PreyAK -> SAR,H1e,96.4325162832231,12.ZooPreyAK_0_smoothed,X12_copepodBiomass_WGoA,1,0,1,Single-Series Straggler,FALSE,Positive (+),Flipped
153073,logSAR,~,PredAK,-0.0475302350443786,0.124558974342089,-0.38158820185723,0.702766836767832,-0.291661338706122,0.196600868617365,DAG1A_short,PredAK -> SAR,H2c,96.4325162832231,15.PredFishAK_b_0_smoothed,X15_spinyDogfishBSAI_predAK,0,0,1,Single-Series Straggler,FALSE,Negative (-),NS
153077,Growth,~,PreyNCC,-0.946279175744328,0.0741817545849159,-12.756225314961,0,-1.09167274304075,-0.800885608447903,DAG1A_short,PreyNCC -> Growth,H1a,95.8831820002138,05.ForageFishNCC_DFA1,X05_DFA_abundSardine,1,0,1,Multi-Taxa DFA,TRUE,Negative (-),Supported
153077,Abundance,~,Growth,0.178761614373988,0.196423988663291,0.910080360298664,0.362780131233549,-0.206222329105765,0.563745557853742,DAG1A_short,Growth -> CPUE,H1b,95.8831820002138,06.Cond1NCC_DFA1,X06_DFA_IGF_mu,0,1,0,Multi-Taxa DFA,FALSE,Positive (+),NS
153077,Abundance,~,PredNCC,0.757750459960748,0.19642398866329,3.85772870776839,1.1444557374407e-4,0.372766516480994,1.1427344034405,DAG1A_short,PredNCC -> CPUE,H2a,95.8831820002138,08.PredBirdNCC_b_0_smoothed,X08_commonMurre_JSOES,1,1,0,Single-Series Straggler,FALSE,Negative (-),Flipped
153077,logSAR,~,Abundance,0.216378137245671,0.12797960169133,1.69072363397057,0.090889598258858,-0.0344572728251165,0.467213547316459,DAG1A_short,CPUE -> SAR,H4a,95.8831820002138,07.Cond2NCC_DFA1,X07_DFA_cpue_IntSprJunHW,0,1,0,Multi-Taxa DFA,FALSE,Positive (+),NS
153077,logSAR,~,PreyAK,-0.586699521933199,0.12432492030256,-4.71908222828853,2.36911049289468e-6,-0.830371888107029,-0.343027155759369,DAG1A_short,PreyAK -> SAR,H1e,95.8831820002138,12.ZooPreyAK_0_smoothed,X12_copepodBiomass_WGoA,1,0,1,Single-Series Straggler,FALSE,Positive (+),Flipped
153077,logSAR,~,PredAK,-0.10112662624271,0.125290556933877,-0.807136856260286,0.419587640027526,-0.346691605436074,0.144438352950654,DAG1A_short,PredAK -> SAR,H2c,95.8831820002138,15.PredFishAK_b_1_smoothed,X15_salmonSharkBSAI_predAK,0,0,1,Single-Series Straggler,FALSE,Negative (-),NS
153081,Growth,~,PreyNCC,-0.94627917574433,0.0741817545849158,-12.756225314961,0,-1.09167274304075,-0.800885608447906,DAG1A_short,PreyNCC -> Growth,H1a,96.3705146103239,05.ForageFishNCC_DFA1,X05_DFA_abundSardine,1,0,1,Multi-Taxa DFA,TRUE,Negative (-),Supported
153081,Abundance,~,Growth,0.178761614373988,0.19642398866329,0.910080360298666,0.362780131233548,-0.206222329105764,0.563745557853741,DAG1A_short,Growth -> CPUE,H1b,96.3705146103239,06.Cond1NCC_DFA1,X06_DFA_IGF_mu,0,1,0,Multi-Taxa DFA,FALSE,Positive (+),NS
153081,Abundance,~,PredNCC,0.757750459960748,0.196423988663291,3.85772870776838,1.1444557374407e-4,0.372766516480994,1.1427344034405,DAG1A_short,PredNCC -> CPUE,H2a,96.3705146103239,08.PredBirdNCC_b_0_smoothed,X08_commonMurre_JSOES,1,1,0,Single-Series Straggler,FALSE,Negative (-),Flipped
153081,logSAR,~,Abundance,0.231731849058316,0.125297396358942,1.84945462389713,0.064392194175358,-0.0138465351618497,0.477310233278482,DAG1A_short,CPUE -> SAR,H4a,96.3705146103239,07.Cond2NCC_DFA1,X07_DFA_cpue_IntSprJunHW,0,1,0,Multi-Taxa DFA,FALSE,Positive (+),NS
153081,logSAR,~,PreyAK,-0.589966252220478,0.130704953939702,-4.51372526012018,6.36987246305232e-6,-0.846143254543261,-0.333789249897695,DAG1A_short,PreyAK -> SAR,H1e,96.3705146103239,12.ZooPreyAK_0_smoothed,X12_copepodBiomass_WGoA,1,0,1,Single-Series Straggler,FALSE,Positive (+),Flipped
153081,logSAR,~,PredAK,-0.0540033878374824,0.124521023691579,-0.433688916429413,0.664514356257445,-0.298060109591037,0.190053333916072,DAG1A_short,PredAK -> SAR,H2c,96.3705146103239,15.PredFishAK_b_2_smoothed,X15_salmonSharkGoA_predAK,0,0,1,Single-Series Straggler,FALSE,Negative (-),NS
153085,Growth,~,PreyNCC,-0.946279175744328,0.0741817545849154,-12.7562253149611,0,-1.09167274304075,-0.800885608447904,DAG1A_short,PreyNCC -> Growth,H1a,96.2222838945108,05.ForageFishNCC_DFA1,X05_DFA_abundSardine,1,0,1,Multi-Taxa DFA,TRUE,Negative (-),Supported
153085,Abundance,~,Growth,0.178761614373988,0.196423988663291,0.910080360298663,0.362780131233549,-0.206222329105766,0.563745557853742,DAG1A_short,Growth -> CPUE,H1b,96.2222838945108,06.Cond1NCC_DFA1,X06_DFA_IGF_mu,0,1,0,Multi-Taxa DFA,FALSE,Positive (+),NS
153085,Abundance,~,PredNCC,0.757750459960748,0.196423988663291,3.85772870776838,1.1444557374407e-4,0.372766516480994,1.1427344034405,DAG1A_short,PredNCC -> CPUE,H2a,96.2222838945108,08.PredBirdNCC_b_0_smoothed,X08_commonMurre_JSOES,1,1,0,Single-Series Straggler,FALSE,Negative (-),Flipped
153085,logSAR,~,Abundance,0.254764118234018,0.12630596011531,2.01703956013978,0.043691385093948,0.00720898537525699,0.502319251092778,DAG1A_short,CPUE -> SAR,H4a,96.2222838945108,07.Cond2NCC_DFA1,X07_DFA_cpue_IntSprJunHW,1,1,0,Multi-Taxa DFA,FALSE,Positive (+),Supported
153085,logSAR,~,PreyAK,-0.607195342033403,0.123963050098614,-4.89819620887329,9.6720429887398e-7,-0.850158455640422,-0.364232228426385,DAG1A_short,PreyAK -> SAR,H1e,96.2222838945108,12.ZooPreyAK_0_smoothed,X12_copepodBiomass_WGoA,1,0,1,Single-Series Straggler,FALSE,Positive (+),Flipped
153085,logSAR,~,PredAK,0.0725050977301162,0.120734398869382,0.600533886026608,0.548150484580813,-0.164129975748965,0.309140171209198,DAG1A_short,PredAK -> SAR,H2c,96.2222838945108,15.PredFishAK_b_3_smoothed,X15_sharkCatchGoA_predAK,0,1,0,Single-Series Straggler,FALSE,Negative (-),NS
153153,Growth,~,PreyNCC,-0.946279175744328,0.0741817545849154,-12.7562253149611,0,-1.09167274304075,-0.800885608447904,DAG1A_short,PreyNCC -> Growth,H1a,98.7628291347158,05.ForageFishNCC_DFA1,X05_DFA_abundSardine,1,0,1,Multi-Taxa DFA,TRUE,Negative (-),Supported
153153,Abundance,~,Growth,-0.217025742774578,0.176816756264824,-1.22740484193439,0.2196704674528,-0.56358021691683,0.129528731367674,DAG1A_short,Growth -> CPUE,H1b,98.7628291347158,06.Cond1NCC_DFA1,X06_DFA_IGF_mu,0,0,1,Multi-Taxa DFA,FALSE,Positive (+),NS
153153,Abundance,~,PredNCC,0.608417898312649,0.176816756264824,3.44095158832913,5.7967223762012e-4,0.261863424170398,0.954972372454901,DAG1A_short,PredNCC -> CPUE,H2a,98.7628291347158,08.PredBirdNCC_b_2_smoothed,X08_Loons_8_WS,1,1,0,Single-Series Straggler,FALSE,Negative (-),Flipped
153153,logSAR,~,Abundance,0.245634681740027,0.124001527246939,1.9809004549667,0.0476024380623947,0.00259615430806395,0.48867320917199,DAG1A_short,CPUE -> SAR,H4a,98.7628291347158,07.Cond2NCC_DFA1,X07_DFA_cpue_IntSprJunHW,1,1,0,Multi-Taxa DFA,FALSE,Positive (+),Supported
153153,logSAR,~,PreyAK,-0.591843578197075,0.125186851691992,-4.72768162309281,2.27097900551421e-6,-0.837205298851336,-0.346481857542814,DAG1A_short,PreyAK -> SAR,H1e,98.7628291347158,12.ZooPreyAK_0_smoothed,X12_copepodBiomass_WGoA,1,0,1,Single-Series Straggler,FALSE,Positive (+),Flipped
153153,logSAR,~,PredAK,0.0405906143478047,0.126027256544089,0.322078060420243,0.747393558671432,-0.206418269549,0.28759949824461,DAG1A_short,PredAK -> SAR,H2c,98.7628291347158,10.PredMammalNCC_DFA1,X10_DFA_ssl.est.wholerange_2yrLead,0,1,0,Multi-Taxa DFA,FALSE,Negative (-),NS
153157,Growth,~,PreyNCC,-0.946279175744327,0.0741817545849154,-12.7562253149611,0,-1.09167274304075,-0.800885608447904,DAG1A_short,PreyNCC -> Growth,H1a,98.4189606332395,05.ForageFishNCC_DFA1,X05_DFA_abundSardine,1,0,1,Multi-Taxa DFA,TRUE,Negative (-),Supported
153157,Abundance,~,Growth,-0.217025742774578,0.176816756264824,-1.22740484193439,0.219670467452801,-0.56358021691683,0.129528731367674,DAG1A_short,Growth -> CPUE,H1b,98.4189606332395,06.Cond1NCC_DFA1,X06_DFA_IGF_mu,0,0,1,Multi-Taxa DFA,FALSE,Positive (+),NS
153157,Abundance,~,PredNCC,0.608417898312649,0.176816756264824,3.44095158832913,5.7967223762012e-4,0.261863424170398,0.9549723724549,DAG1A_short,PredNCC -> CPUE,H2a,98.4189606332395,08.PredBirdNCC_b_2_smoothed,X08_Loons_8_WS,1,1,0,Single-Series Straggler,FALSE,Negative (-),Flipped
153157,logSAR,~,Abundance,0.240520380450605,0.11990579535932,2.0059112216373,0.0448657207795817,0.00550934000870823,0.475531420892502,DAG1A_short,CPUE -> SAR,H4a,98.4189606332395,07.Cond2NCC_DFA1,X07_DFA_cpue_IntSprJunHW,1,1,0,Multi-Taxa DFA,FALSE,Positive (+),Supported
153157,logSAR,~,PreyAK,-0.57206913962247,0.129274022818758,-4.42524435419258,9.63331777792398e-6,-0.825441568483844,-0.318696710761096,DAG1A_short,PreyAK -> SAR,H1e,98.4189606332395,12.ZooPreyAK_0_smoothed,X12_copepodBiomass_WGoA,1,0,1,Single-Series Straggler,FALSE,Positive (+),Flipped
153157,logSAR,~,PredAK,0.0848592697661653,0.127499609124865,0.665564940540795,0.505689221939176,-0.165035372161504,0.334753911693835,DAG1A_short,PredAK -> SAR,H2c,98.4189606332395,10.PredMammalNCC_0_smoothed,X10_Californian_s_l_2yrLead_WS,0,1,0,Single-Series Straggler,FALSE,Negative (-),NS
153165,Growth,~,PreyNCC,-0.946279175744328,0.0741817545849154,-12.7562253149611,0,-1.09167274304075,-0.800885608447904,DAG1A_short,PreyNCC -> Growth,H1a,98.2031889771291,05.ForageFishNCC_DFA1,X05_DFA_abundSardine,1,0,1,Multi-Taxa DFA,TRUE,Negative (-),Supported
153165,Abundance,~,Growth,-0.217025742774578,0.176816756264823,-1.2274048419344,0.219670467452799,-0.563580216916829,0.129528731367673,DAG1A_short,Growth -> CPUE,H1b,98.2031889771291,06.Cond1NCC_DFA1,X06_DFA_IGF_mu,0,0,1,Multi-Taxa DFA,FALSE,Positive (+),NS
153165,Abundance,~,PredNCC,0.608417898312649,0.176816756264824,3.44095158832913,5.7967223762012e-4,0.261863424170398,0.9549723724549,DAG1A_short,PredNCC -> CPUE,H2a,98.2031889771291,08.PredBirdNCC_b_2_smoothed,X08_Loons_8_WS,1,1,0,Single-Series Straggler,FALSE,Negative (-),Flipped
153165,logSAR,~,Abundance,0.240919240572906,0.118565521306214,2.03195024926931,0.0421586927536035,0.00853508900451155,0.473303392141301,DAG1A_short,CPUE -> SAR,H4a,98.2031889771291,07.Cond2NCC_DFA1,X07_DFA_cpue_IntSprJunHW,1,1,0,Multi-Taxa DFA,FALSE,Positive (+),Supported
153165,logSAR,~,PreyAK,-0.535895251119066,0.142818249317207,-3.75228833626727,1.7522776091771e-4,-0.815813876115854,-0.255976626122278,DAG1A_short,PreyAK -> SAR,H1e,98.2031889771291,12.ZooPreyAK_0_smoothed,X12_copepodBiomass_WGoA,1,0,1,Single-Series Straggler,FALSE,Positive (+),Flipped
153165,logSAR,~,PredAK,-0.116976345523658,0.143138382166851,-0.81722556698526,0.413799534201226,-0.397522419376016,0.163569728328701,DAG1A_short,PredAK -> SAR,H2c,98.2031889771291,10.PredMammalNCC_2_smoothed,X10_Harbour_s_2yrLead_WS,0,0,1,Single-Series Straggler,FALSE,Negative (-),NS
153169,Growth,~,PreyNCC,-0.946279175744328,0.0741817545849155,-12.7562253149611,0,-1.09167274304075,-0.800885608447904,DAG1A_short,PreyNCC -> Growth,H1a,98.3896177149216,05.ForageFishNCC_DFA1,X05_DFA_abundSardine,1,0,1,Multi-Taxa DFA,TRUE,Negative (-),Supported
153169,Abundance,~,Growth,-0.217025742774578,0.176816756264823,-1.2274048419344,0.219670467452799,-0.563580216916829,0.129528731367673,DAG1A_short,Growth -> CPUE,H1b,98.3896177149216,06.Cond1NCC_DFA1,X06_DFA_IGF_mu,0,0,1,Multi-Taxa DFA,FALSE,Positive (+),NS
153169,Abundance,~,PredNCC,0.608417898312649,0.176816756264823,3.44095158832913,5.7967223762012e-4,0.261863424170399,0.9549723724549,DAG1A_short,PredNCC -> CPUE,H2a,98.3896177149216,08.PredBirdNCC_b_2_smoothed,X08_Loons_8_WS,1,1,0,Single-Series Straggler,FALSE,Negative (-),Flipped
153169,logSAR,~,Abundance,0.193863833594509,0.120741650300714,1.60560861236931,0.108359931981592,-0.0427854524288191,0.430513119617838,DAG1A_short,CPUE -> SAR,H4a,98.3896177149216,07.Cond2NCC_DFA1,X07_DFA_cpue_IntSprJunHW,0,1,0,Multi-Taxa DFA,FALSE,Positive (+),NS
153169,logSAR,~,PreyAK,-0.583692605384917,0.127960785220521,-4.56149596440042,5.07904525659519e-6,-0.834491135850604,-0.33289407491923,DAG1A_short,PreyAK -> SAR,H1e,98.3896177149216,12.ZooPreyAK_0_smoothed,X12_copepodBiomass_WGoA,1,0,1,Single-Series Straggler,FALSE,Positive (+),Flipped
153169,logSAR,~,PredAK,0.0959437043674165,0.129884468086584,0.738684969656711,0.460098314696222,-0.158625175233431,0.350512583968264,DAG1A_short,PredAK -> SAR,H2c,98.3896177149216,10.PredMammalNCC_3_smoothed,X10_Northern_f_s_2yrLead_WS,0,1,0,Single-Series Straggler,FALSE,Negative (-),NS
153173,Growth,~,PreyNCC,-0.946279175744328,0.0741817545849154,-12.7562253149611,0,-1.09167274304075,-0.800885608447904,DAG1A_short,PreyNCC -> Growth,H1a,98.8314281247104,05.ForageFishNCC_DFA1,X05_DFA_abundSardine,1,0,1,Multi-Taxa DFA,TRUE,Negative (-),Supported
153173,Abundance,~,Growth,-0.217025742774578,0.176816756264824,-1.22740484193439,0.2196704674528,-0.56358021691683,0.129528731367673,DAG1A_short,Growth -> CPUE,H1b,98.8314281247104,06.Cond1NCC_DFA1,X06_DFA_IGF_mu,0,0,1,Multi-Taxa DFA,FALSE,Positive (+),NS
153173,Abundance,~,PredNCC,0.608417898312649,0.176816756264823,3.44095158832913,5.7967223762012e-4,0.261863424170398,0.9549723724549,DAG1A_short,PredNCC -> CPUE,H2a,98.8314281247104,08.PredBirdNCC_b_2_smoothed,X08_Loons_8_WS,1,1,0,Single-Series Straggler,FALSE,Negative (-),Flipped
153173,logSAR,~,Abundance,0.242315932560738,0.125000034956938,1.93852691836618,0.0525589699742113,-0.00267963402110785,0.487311499142584,DAG1A_short,CPUE -> SAR,H4a,98.8314281247104,07.Cond2NCC_DFA1,X07_DFA_cpue_IntSprJunHW,0,1,0,Multi-Taxa DFA,FALSE,Positive (+),NS
153173,logSAR,~,PreyAK,-0.599023276897046,0.122947609586493,-4.87218319178167,1.10371754402649e-6,-0.839996163671863,-0.358050390122229,DAG1A_short,PreyAK -> SAR,H1e,98.8314281247104,12.ZooPreyAK_0_smoothed,X12_copepodBiomass_WGoA,1,0,1,Single-Series Straggler,FALSE,Positive (+),Flipped
153173,logSAR,~,PredAK,-0.0232824240531783,0.125004176021747,-0.186253170047119,0.852246229689536,-0.268286106972907,0.221721258866551,DAG1A_short,PredAK -> SAR,H2c,98.8314281247104,15.PredFishAK_0_smoothed,X15_ArrowtoothFlounderBiomass_predAK,0,0,1,Single-Series Straggler,FALSE,Negative (-),NS
153177,Growth,~,PreyNCC,-0.946279175744328,0.0741817545849152,-12.7562253149611,0,-1.09167274304075,-0.800885608447905,DAG1A_short,PreyNCC -> Growth,H1a,98.7016316513032,05.ForageFishNCC_DFA1,X05_DFA_abundSardine,1,0,1,Multi-Taxa DFA,TRUE,Negative (-),Supported
153177,Abundance,~,Growth,-0.217025742774578,0.176816756264823,-1.2274048419344,0.219670467452799,-0.563580216916829,0.129528731367673,DAG1A_short,Growth -> CPUE,H1b,98.7016316513032,06.Cond1NCC_DFA1,X06_DFA_IGF_mu,0,0,1,Multi-Taxa DFA,FALSE,Positive (+),NS
153177,Abundance,~,PredNCC,0.608417898312649,0.176816756264824,3.44095158832912,5.7967223762012e-4,0.261863424170397,0.954972372454901,DAG1A_short,PredNCC -> CPUE,H2a,98.7016316513032,08.PredBirdNCC_b_2_smoothed,X08_Loons_8_WS,1,1,0,Single-Series Straggler,FALSE,Negative (-),Flipped
153177,logSAR,~,Abundance,0.252647363242155,0.123864136492799,2.03971359584656,0.0413788599706477,0.00987811674011629,0.495416609744194,DAG1A_short,CPUE -> SAR,H4a,98.7016316513032,07.Cond2NCC_DFA1,X07_DFA_cpue_IntSprJunHW,1,1,0,Multi-Taxa DFA,FALSE,Positive (+),Supported
153177,logSAR,~,PreyAK,-0.591135690145179,0.122404220792501,-4.82937341799079,1.36963348218444e-6,-0.83104355445417,-0.351227825836189,DAG1A_short,PreyAK -> SAR,H1e,98.7016316513032,12.ZooPreyAK_0_smoothed,X12_copepodBiomass_WGoA,1,0,1,Single-Series Straggler,FALSE,Positive (+),Flipped
153177,logSAR,~,PredAK,0.0517623152348084,0.123855793778488,0.417924052284415,0.676002646351171,-0.190990579847648,0.294515210317264,DAG1A_short,PredAK -> SAR,H2c,98.7016316513032,15.PredFishAK_1_smoothed,X15_sablefishBiomass_predAK,0,1,0,Single-Series Straggler,FALSE,Negative (-),NS
153181,Growth,~,PreyNCC,-0.946279175744328,0.0741817545849157,-12.756225314961,0,-1.09167274304075,-0.800885608447904,DAG1A_short,PreyNCC -> Growth,H1a,98.854702040259,05.ForageFishNCC_DFA1,X05_DFA_abundSardine,1,0,1,Multi-Taxa DFA,TRUE,Negative (-),Supported
153181,Abundance,~,Growth,-0.217025742774578,0.176816756264823,-1.2274048419344,0.219670467452799,-0.563580216916829,0.129528731367673,DAG1A_short,Growth -> CPUE,H1b,98.854702040259,06.Cond1NCC_DFA1,X06_DFA_IGF_mu,0,0,1,Multi-Taxa DFA,FALSE,Positive (+),NS
153181,Abundance,~,PredNCC,0.608417898312649,0.176816756264823,3.44095158832913,5.7967223762012e-4,0.261863424170398,0.9549723724549,DAG1A_short,PredNCC -> CPUE,H2a,98.854702040259,08.PredBirdNCC_b_2_smoothed,X08_Loons_8_WS,1,1,0,Single-Series Straggler,FALSE,Negative (-),Flipped
153181,logSAR,~,Abundance,0.226809515381893,0.122563107522927,1.85055291078896,0.0642338994456491,-0.0134097611963548,0.46702879196014,DAG1A_short,CPUE -> SAR,H4a,98.854702040259,07.Cond2NCC_DFA1,X07_DFA_cpue_IntSprJunHW,0,1,0,Multi-Taxa DFA,FALSE,Positive (+),NS
153181,logSAR,~,PreyAK,-0.608507535395366,0.120960435098296,-5.03063282552576,4.88863571845854e-7,-0.84558563174232,-0.371429439048411,DAG1A_short,PreyAK -> SAR,H1e,98.854702040259,12.ZooPreyAK_0_smoothed,X12_copepodBiomass_WGoA,1,0,1,Single-Series Straggler,FALSE,Positive (+),Flipped
153181,logSAR,~,PredAK,-0.0114022452277971,0.121443572705507,-0.0938892439820334,0.925197138152182,-0.249427273884462,0.226622783428867,DAG1A_short,PredAK -> SAR,H2c,98.854702040259,15.PredFishAK_2_smoothed,X15_sablefishRecruitment_predAK,0,0,1,Single-Series Straggler,FALSE,Negative (-),NS
153185,Growth,~,PreyNCC,-0.946279175744328,0.0741817545849156,-12.756225314961,0,-1.09167274304075,-0.800885608447904,DAG1A_short,PreyNCC -> Growth,H1a,98.591549880137,05.ForageFishNCC_DFA1,X05_DFA_abundSardine,1,0,1,Multi-Taxa DFA,TRUE,Negative (-),Supported
153185,Abundance,~,Growth,-0.217025742774578,0.176816756264823,-1.2274048419344,0.219670467452799,-0.563580216916829,0.129528731367672,DAG1A_short,Growth -> CPUE,H1b,98.591549880137,06.Cond1NCC_DFA1,X06_DFA_IGF_mu,0,0,1,Multi-Taxa DFA,FALSE,Positive (+),NS
153185,Abundance,~,PredNCC,0.608417898312649,0.176816756264824,3.44095158832913,5.7967223762012e-4,0.261863424170398,0.954972372454901,DAG1A_short,PredNCC -> CPUE,H2a,98.591549880137,08.PredBirdNCC_b_2_smoothed,X08_Loons_8_WS,1,1,0,Single-Series Straggler,FALSE,Negative (-),Flipped
153185,logSAR,~,Abundance,0.247621323867925,0.119909097057581,2.06507537746712,0.0389158687578386,0.0126038122163486,0.482638835519501,DAG1A_short,CPUE -> SAR,H4a,98.591549880137,07.Cond2NCC_DFA1,X07_DFA_cpue_IntSprJunHW,1,1,0,Multi-Taxa DFA,FALSE,Positive (+),Supported
153185,logSAR,~,PreyAK,-0.613659650276604,0.122046512769204,-5.02808016675631,4.95414769652314e-7,-0.852866419742951,-0.374452880810257,DAG1A_short,PreyAK -> SAR,H1e,98.591549880137,12.ZooPreyAK_0_smoothed,X12_copepodBiomass_WGoA,1,0,1,Single-Series Straggler,FALSE,Positive (+),Flipped
153185,logSAR,~,PredAK,-0.0647400970951116,0.121461332451867,-0.533009936481365,0.594026701986761,-0.302799934215017,0.173319740024794,DAG1A_short,PredAK -> SAR,H2c,98.591549880137,15.PredFishAK_3_smoothed,X15_PacificCodBiomass_predAK,0,0,1,Single-Series Straggler,FALSE,Negative (-),NS
153189,Growth,~,PreyNCC,-0.946279175744328,0.0741817545849155,-12.7562253149611,0,-1.09167274304075,-0.800885608447904,DAG1A_short,PreyNCC -> Growth,H1a,98.4285052793332,05.ForageFishNCC_DFA1,X05_DFA_abundSardine,1,0,1,Multi-Taxa DFA,TRUE,Negative (-),Supported
153189,Abundance,~,Growth,-0.217025742774578,0.176816756264823,-1.2274048419344,0.219670467452799,-0.563580216916829,0.129528731367673,DAG1A_short,Growth -> CPUE,H1b,98.4285052793332,06.Cond1NCC_DFA1,X06_DFA_IGF_mu,0,0,1,Multi-Taxa DFA,FALSE,Positive (+),NS
153189,Abundance,~,PredNCC,0.608417898312649,0.176816756264824,3.44095158832913,5.7967223762012e-4,0.261863424170398,0.954972372454901,DAG1A_short,PredNCC -> CPUE,H2a,98.4285052793332,08.PredBirdNCC_b_2_smoothed,X08_Loons_8_WS,1,1,0,Single-Series Straggler,FALSE,Negative (-),Flipped
153189,logSAR,~,Abundance,0.257896635188518,0.119622923150053,2.15591316778822,0.0310904460698562,0.0234400140890111,0.492353256288024,DAG1A_short,CPUE -> SAR,H4a,98.4285052793332,07.Cond2NCC_DFA1,X07_DFA_cpue_IntSprJunHW,1,1,0,Multi-Taxa DFA,FALSE,Positive (+),Supported
153189,logSAR,~,PreyAK,-0.594769827237703,0.119491806683336,-4.97749463956049,6.4412565259353e-7,-0.828969464784663,-0.360570189690742,DAG1A_short,PreyAK -> SAR,H1e,98.4285052793332,12.ZooPreyAK_0_smoothed,X12_copepodBiomass_WGoA,1,0,1,Single-Series Straggler,FALSE,Positive (+),Flipped
153189,logSAR,~,PredAK,0.0814537947990578,0.118517588164883,0.68727178860355,0.491911473138317,-0.150836409538663,0.313743999136779,DAG1A_short,PredAK -> SAR,H2c,98.4285052793332,15.PredFishAK_4_smoothed,X15_spinyDogfishGoA_predAK,0,1,0,Single-Series Straggler,FALSE,Negative (-),NS
153193,Growth,~,PreyNCC,-0.946279175744328,0.0741817545849153,-12.7562253149611,0,-1.09167274304075,-0.800885608447905,DAG1A_short,PreyNCC -> Growth,H1a,98.1154795632372,05.ForageFishNCC_DFA1,X05_DFA_abundSardine,1,0,1,Multi-Taxa DFA,TRUE,Negative (-),Supported
153193,Abundance,~,Growth,-0.217025742774578,0.176816756264823,-1.2274048419344,0.219670467452799,-0.563580216916829,0.129528731367673,DAG1A_short,Growth -> CPUE,H1b,98.1154795632372,06.Cond1NCC_DFA1,X06_DFA_IGF_mu,0,0,1,Multi-Taxa DFA,FALSE,Positive (+),NS
153193,Abundance,~,PredNCC,0.608417898312649,0.176816756264823,3.44095158832913,5.7967223762012e-4,0.261863424170398,0.9549723724549,DAG1A_short,PredNCC -> CPUE,H2a,98.1154795632372,08.PredBirdNCC_b_2_smoothed,X08_Loons_8_WS,1,1,0,Single-Series Straggler,FALSE,Negative (-),Flipped
153193,logSAR,~,Abundance,0.275608909459093,0.121403612149328,2.27018706099197,0.0231962357298656,0.0376622020533403,0.513555616864846,DAG1A_short,CPUE -> SAR,H4a,98.1154795632372,07.Cond2NCC_DFA1,X07_DFA_cpue_IntSprJunHW,1,1,0,Multi-Taxa DFA,FALSE,Positive (+),Supported
153193,logSAR,~,PreyAK,-0.558730627687377,0.124679420653398,-4.48133801680566,7.41765210898748e-6,-0.803097801781356,-0.314363453593397,DAG1A_short,PreyAK -> SAR,H1e,98.1154795632372,12.ZooPreyAK_0_smoothed,X12_copepodBiomass_WGoA,1,0,1,Single-Series Straggler,FALSE,Positive (+),Flipped
153193,logSAR,~,PredAK,-0.113561997010096,0.124853373767595,-0.909562902332799,0.36305307048315,-0.3582701129429,0.131146118922709,DAG1A_short,PredAK -> SAR,H2c,98.1154795632372,15.PredFishAK_5_smoothed,X15_halibutBiomassAge8plus_2yrLead_predAK,0,0,1,Single-Series Straggler,FALSE,Negative (-),NS
153197,Growth,~,PreyNCC,-0.946279175744328,0.0741817545849158,-12.756225314961,0,-1.09167274304075,-0.800885608447904,DAG1A_short,PreyNCC -> Growth,H1a,98.1374143196332,05.ForageFishNCC_DFA1,X05_DFA_abundSardine,1,0,1,Multi-Taxa DFA,TRUE,Negative (-),Supported
153197,Abundance,~,Growth,-0.217025742774578,0.176816756264823,-1.2274048419344,0.219670467452799,-0.563580216916829,0.129528731367673,DAG1A_short,Growth -> CPUE,H1b,98.1374143196332,06.Cond1NCC_DFA1,X06_DFA_IGF_mu,0,0,1,Multi-Taxa DFA,FALSE,Positive (+),NS
153197,Abundance,~,PredNCC,0.608417898312649,0.176816756264824,3.44095158832913,5.7967223762012e-4,0.261863424170398,0.9549723724549,DAG1A_short,PredNCC -> CPUE,H2a,98.1374143196332,08.PredBirdNCC_b_2_smoothed,X08_Loons_8_WS,1,1,0,Single-Series Straggler,FALSE,Negative (-),Flipped
153197,logSAR,~,Abundance,0.260900537327822,0.119454596434848,2.18409793439903,0.0289550524472144,0.0267738305277531,0.495027244127892,DAG1A_short,CPUE -> SAR,H4a,98.1374143196332,07.Cond2NCC_DFA1,X07_DFA_cpue_IntSprJunHW,1,1,0,Multi-Taxa DFA,FALSE,Positive (+),Supported
153197,logSAR,~,PreyAK,-0.519005871965277,0.149049296502722,-3.48210883340733,4.9748145711481e-4,-0.811137125031645,-0.22687461889891,DAG1A_short,PreyAK -> SAR,H1e,98.1374143196332,12.ZooPreyAK_0_smoothed,X12_copepodBiomass_WGoA,1,0,1,Single-Series Straggler,FALSE,Positive (+),Flipped
153197,logSAR,~,PredAK,-0.128559441665605,0.146676238681098,-0.87648444507169,0.380766728928598,-0.416039586868357,0.158920703537148,DAG1A_short,PredAK -> SAR,H2c,98.1374143196332,15.PredFishAK_b_DFA1,X15_DFA_sleeperSharks,0,0,1,Multi-Taxa DFA,FALSE,Negative (-),NS
153201,Growth,~,PreyNCC,-0.946279175744328,0.0741817545849157,-12.756225314961,0,-1.09167274304075,-0.800885608447904,DAG1A_short,PreyNCC -> Growth,H1a,98.7358041237277,05.ForageFishNCC_DFA1,X05_DFA_abundSardine,1,0,1,Multi-Taxa DFA,TRUE,Negative (-),Supported
153201,Abundance,~,Growth,-0.217025742774578,0.176816756264824,-1.22740484193439,0.2196704674528,-0.56358021691683,0.129528731367673,DAG1A_short,Growth -> CPUE,H1b,98.7358041237277,06.Cond1NCC_DFA1,X06_DFA_IGF_mu,0,0,1,Multi-Taxa DFA,FALSE,Positive (+),NS
153201,Abundance,~,PredNCC,0.608417898312649,0.176816756264824,3.44095158832913,5.7967223762012e-4,0.261863424170398,0.954972372454901,DAG1A_short,PredNCC -> CPUE,H2a,98.7358041237277,08.PredBirdNCC_b_2_smoothed,X08_Loons_8_WS,1,1,0,Single-Series Straggler,FALSE,Negative (-),Flipped
153201,logSAR,~,Abundance,0.250038333296921,0.122158253494478,2.04683945737832,0.0406738501045079,0.01061255603343,0.489464110560413,DAG1A_short,CPUE -> SAR,H4a,98.7358041237277,07.Cond2NCC_DFA1,X07_DFA_cpue_IntSprJunHW,1,1,0,Multi-Taxa DFA,FALSE,Positive (+),Supported
153201,logSAR,~,PreyAK,-0.613152885631212,0.124687649794568,-4.91751096954212,8.76515466874395e-7,-0.857536188545508,-0.368769582716917,DAG1A_short,PreyAK -> SAR,H1e,98.7358041237277,12.ZooPreyAK_0_smoothed,X12_copepodBiomass_WGoA,1,0,1,Single-Series Straggler,FALSE,Positive (+),Flipped
153201,logSAR,~,PredAK,-0.0475302350443786,0.126589383486058,-0.375467782016755,0.707312602927454,-0.295640867502181,0.200580397413424,DAG1A_short,PredAK -> SAR,H2c,98.7358041237277,15.PredFishAK_b_0_smoothed,X15_spinyDogfishBSAI_predAK,0,0,1,Single-Series Straggler,FALSE,Negative (-),NS
153205,Growth,~,PreyNCC,-0.946279175744328,0.0741817545849151,-12.7562253149611,0,-1.09167274304075,-0.800885608447905,DAG1A_short,PreyNCC -> Growth,H1a,98.1864698407185,05.ForageFishNCC_DFA1,X05_DFA_abundSardine,1,0,1,Multi-Taxa DFA,TRUE,Negative (-),Supported
153205,Abundance,~,Growth,-0.217025742774578,0.176816756264823,-1.2274048419344,0.219670467452799,-0.563580216916829,0.129528731367673,DAG1A_short,Growth -> CPUE,H1b,98.1864698407185,06.Cond1NCC_DFA1,X06_DFA_IGF_mu,0,0,1,Multi-Taxa DFA,FALSE,Positive (+),NS
153205,Abundance,~,PredNCC,0.608417898312649,0.176816756264824,3.44095158832912,5.7967223762012e-4,0.261863424170397,0.954972372454901,DAG1A_short,PredNCC -> CPUE,H2a,98.1864698407185,08.PredBirdNCC_b_2_smoothed,X08_Loons_8_WS,1,1,0,Single-Series Straggler,FALSE,Negative (-),Flipped
153205,logSAR,~,Abundance,0.216378137245671,0.118105375957012,1.83207695240247,0.0669399565926907,-0.0151041460106353,0.447860420501978,DAG1A_short,CPUE -> SAR,H4a,98.1864698407185,07.Cond2NCC_DFA1,X07_DFA_cpue_IntSprJunHW,0,1,0,Multi-Taxa DFA,FALSE,Positive (+),NS
153205,logSAR,~,PreyAK,-0.586699521933199,0.12214524456126,-4.80329401312837,1.56076443946773e-6,-0.826099802156105,-0.347299241710293,DAG1A_short,PreyAK -> SAR,H1e,98.1864698407185,12.ZooPreyAK_0_smoothed,X12_copepodBiomass_WGoA,1,0,1,Single-Series Straggler,FALSE,Positive (+),Flipped
153205,logSAR,~,PredAK,-0.10112662624271,0.120943145446251,-0.836150125495557,0.403070452226056,-0.33817083549435,0.135917583008931,DAG1A_short,PredAK -> SAR,H2c,98.1864698407185,15.PredFishAK_b_1_smoothed,X15_salmonSharkBSAI_predAK,0,0,1,Single-Series Straggler,FALSE,Negative (-),NS
153209,Growth,~,PreyNCC,-0.946279175744328,0.0741817545849155,-12.7562253149611,0,-1.09167274304075,-0.800885608447904,DAG1A_short,PreyNCC -> Growth,H1a,98.6738024508285,05.ForageFishNCC_DFA1,X05_DFA_abundSardine,1,0,1,Multi-Taxa DFA,TRUE,Negative (-),Supported
153209,Abundance,~,Growth,-0.217025742774578,0.176816756264823,-1.2274048419344,0.219670467452799,-0.563580216916829,0.129528731367672,DAG1A_short,Growth -> CPUE,H1b,98.6738024508285,06.Cond1NCC_DFA1,X06_DFA_IGF_mu,0,0,1,Multi-Taxa DFA,FALSE,Positive (+),NS
153209,Abundance,~,PredNCC,0.608417898312649,0.176816756264824,3.44095158832913,5.7967223762012e-4,0.261863424170398,0.954972372454901,DAG1A_short,PredNCC -> CPUE,H2a,98.6738024508285,08.PredBirdNCC_b_2_smoothed,X08_Loons_8_WS,1,1,0,Single-Series Straggler,FALSE,Negative (-),Flipped
153209,logSAR,~,Abundance,0.231731849058316,0.11931851874564,1.94212810797891,0.05212159353991,-0.00212815037180525,0.465591848488438,DAG1A_short,CPUE -> SAR,H4a,98.6738024508285,07.Cond2NCC_DFA1,X07_DFA_cpue_IntSprJunHW,0,1,0,Multi-Taxa DFA,FALSE,Positive (+),NS
153209,logSAR,~,PreyAK,-0.589966252220479,0.12584569052258399,-4.68801315142854,2.75870293919844e-6,-0.836619273254317,-0.343313231186641,DAG1A_short,PreyAK -> SAR,H1e,98.6738024508285,12.ZooPreyAK_0_smoothed,X12_copepodBiomass_WGoA,1,0,1,Single-Series Straggler,FALSE,Positive (+),Flipped
153209,logSAR,~,PredAK,-0.0540033878374828,0.124034498913763,-0.435390059301399,0.663279324642237,-0.297106538548932,0.189099762873966,DAG1A_short,PredAK -> SAR,H2c,98.6738024508285,15.PredFishAK_b_2_smoothed,X15_salmonSharkGoA_predAK,0,0,1,Single-Series Straggler,FALSE,Negative (-),NS
153213,Growth,~,PreyNCC,-0.946279175744328,0.0741817545849161,-12.756225314961,0,-1.09167274304075,-0.800885608447903,DAG1A_short,PreyNCC -> Growth,H1a,98.5255717350154,05.ForageFishNCC_DFA1,X05_DFA_abundSardine,1,0,1,Multi-Taxa DFA,TRUE,Negative (-),Supported
153213,Abundance,~,Growth,-0.217025742774578,0.176816756264823,-1.2274048419344,0.219670467452799,-0.563580216916828,0.129528731367672,DAG1A_short,Growth -> CPUE,H1b,98.5255717350154,06.Cond1NCC_DFA1,X06_DFA_IGF_mu,0,0,1,Multi-Taxa DFA,FALSE,Positive (+),NS
153213,Abundance,~,PredNCC,0.608417898312649,0.176816756264824,3.44095158832913,5.7967223762012e-4,0.261863424170398,0.9549723724549,DAG1A_short,PredNCC -> CPUE,H2a,98.5255717350154,08.PredBirdNCC_b_2_smoothed,X08_Loons_8_WS,1,1,0,Single-Series Straggler,FALSE,Negative (-),Flipped
153213,logSAR,~,Abundance,0.254764118234017,0.119729229818056,2.12783560556736,0.0333507161281976,0.0200991398939083,0.489429096574126,DAG1A_short,CPUE -> SAR,H4a,98.5255717350154,07.Cond2NCC_DFA1,X07_DFA_cpue_IntSprJunHW,1,1,0,Multi-Taxa DFA,FALSE,Positive (+),Supported
153213,logSAR,~,PreyAK,-0.607195342033404,0.120467659821607,-5.0403182309058,4.64758370233298e-7,-0.843307616585576,-0.371083067481231,DAG1A_short,PreyAK -> SAR,H1e,98.5255717350154,12.ZooPreyAK_0_smoothed,X12_copepodBiomass_WGoA,1,0,1,Single-Series Straggler,FALSE,Positive (+),Flipped
153213,logSAR,~,PredAK,0.0725050977301165,0.11971301696734,0.605657593191365,0.544742149423324,-0.162128104006503,0.307138299466736,DAG1A_short,PredAK -> SAR,H2c,98.5255717350154,15.PredFishAK_b_3_smoothed,X15_sharkCatchGoA_predAK,0,1,0,Single-Series Straggler,FALSE,Negative (-),NS
153281,Growth,~,PreyNCC,-0.946279175744328,0.0741817545849154,-12.7562253149611,0,-1.09167274304075,-0.800885608447905,DAG1A_short,PreyNCC -> Growth,H1a,97.180845481823,05.ForageFishNCC_DFA1,X05_DFA_abundSardine,1,0,1,Multi-Taxa DFA,TRUE,Negative (-),Supported
153281,Abundance,~,Growth,-0.0711022556133503,0.177874032052611,-0.399733759857199,0.68935262380865,-0.419728952221392,0.277524440994691,DAG1A_short,Growth -> CPUE,H1b,97.180845481823,06.Cond1NCC_DFA1,X06_DFA_IGF_mu,0,0,1,Multi-Taxa DFA,FALSE,Positive (+),NS
153281,Abundance,~,PredNCC,-0.656794558312735,0.177874032052611,-3.69247017528939,2.2208639246135e-4,-1.00542125492078,-0.308167861704694,DAG1A_short,PredNCC -> CPUE,H2a,97.180845481823,09.PredFishNCC_b_DFA1,X09_DFA_HakeAge5Plus,1,0,1,Multi-Taxa DFA,FALSE,Negative (-),Supported
153281,logSAR,~,Abundance,0.245634681740027,0.137618960315671,1.78488982315074,0.074279189704024,-0.0240935240685353,0.515362887548589,DAG1A_short,CPUE -> SAR,H4a,97.180845481823,07.Cond2NCC_DFA1,X07_DFA_cpue_IntSprJunHW,0,1,0,Multi-Taxa DFA,FALSE,Positive (+),NS
153281,logSAR,~,PreyAK,-0.591843578197075,0.138435939618929,-4.27521624677982,1.90951861571698e-5,-0.863173034016138,-0.320514122378013,DAG1A_short,PreyAK -> SAR,H1e,97.180845481823,12.ZooPreyAK_0_smoothed,X12_copepodBiomass_WGoA,1,0,1,Single-Series Straggler,FALSE,Positive (+),Flipped
153281,logSAR,~,PredAK,0.0405906143478048,0.129784787382788,0.312753252259732,0.754468134107263,-0.213782894663649,0.294964123359258,DAG1A_short,PredAK -> SAR,H2c,97.180845481823,10.PredMammalNCC_DFA1,X10_DFA_ssl.est.wholerange_2yrLead,0,1,0,Multi-Taxa DFA,FALSE,Negative (-),NS
153285,Growth,~,PreyNCC,-0.946279175744328,0.0741817545849154,-12.7562253149611,0,-1.09167274304075,-0.800885608447904,DAG1A_short,PreyNCC -> Growth,H1a,96.8369769803465,05.ForageFishNCC_DFA1,X05_DFA_abundSardine,1,0,1,Multi-Taxa DFA,TRUE,Negative (-),Supported
153285,Abundance,~,Growth,-0.07110225561335,0.177874032052611,-0.399733759857197,0.689352623808651,-0.419728952221392,0.277524440994692,DAG1A_short,Growth -> CPUE,H1b,96.8369769803465,06.Cond1NCC_DFA1,X06_DFA_IGF_mu,0,0,1,Multi-Taxa DFA,FALSE,Positive (+),NS
153285,Abundance,~,PredNCC,-0.656794558312735,0.177874032052611,-3.69247017528938,2.2208639246135e-4,-1.00542125492078,-0.308167861704694,DAG1A_short,PredNCC -> CPUE,H2a,96.8369769803465,09.PredFishNCC_b_DFA1,X09_DFA_HakeAge5Plus,1,0,1,Multi-Taxa DFA,FALSE,Negative (-),Supported
153285,logSAR,~,Abundance,0.240520380450605,0.129452019222041,1.85798863467749,0.0631706282893136,-0.0132009149505828,0.494241675851792,DAG1A_short,CPUE -> SAR,H4a,96.8369769803465,07.Cond2NCC_DFA1,X07_DFA_cpue_IntSprJunHW,0,1,0,Multi-Taxa DFA,FALSE,Positive (+),NS
153285,logSAR,~,PreyAK,-0.572069139622469,0.139716637518791,-4.09449547156135,4.23088682464101e-5,-0.845908717200337,-0.298229562044601,DAG1A_short,PreyAK -> SAR,H1e,96.8369769803465,12.ZooPreyAK_0_smoothed,X12_copepodBiomass_WGoA,1,0,1,Single-Series Straggler,FALSE,Positive (+),Flipped
153285,logSAR,~,PredAK,0.0848592697661655,0.127727842818967,0.664375659161796,0.506449907731819,-0.165482701982003,0.335201241514334,DAG1A_short,PredAK -> SAR,H2c,96.8369769803465,10.PredMammalNCC_0_smoothed,X10_Californian_s_l_2yrLead_WS,0,1,0,Single-Series Straggler,FALSE,Negative (-),NS
153293,Growth,~,PreyNCC,-0.946279175744328,0.0741817545849144,-12.7562253149612,0,-1.09167274304075,-0.800885608447907,DAG1A_short,PreyNCC -> Growth,H1a,96.6212053242361,05.ForageFishNCC_DFA1,X05_DFA_abundSardine,1,0,1,Multi-Taxa DFA,TRUE,Negative (-),Supported
153293,Abundance,~,Growth,-0.0711022556133499,0.177874032052612,-0.399733759857196,0.689352623808652,-0.419728952221392,0.277524440994692,DAG1A_short,Growth -> CPUE,H1b,96.6212053242361,06.Cond1NCC_DFA1,X06_DFA_IGF_mu,0,0,1,Multi-Taxa DFA,FALSE,Positive (+),NS
153293,Abundance,~,PredNCC,-0.656794558312735,0.177874032052611,-3.69247017528938,2.2208639246135e-4,-1.00542125492078,-0.308167861704694,DAG1A_short,PredNCC -> CPUE,H2a,96.6212053242361,09.PredFishNCC_b_DFA1,X09_DFA_HakeAge5Plus,1,0,1,Multi-Taxa DFA,FALSE,Negative (-),Supported
153293,logSAR,~,Abundance,0.240919240572907,0.127756155682733,1.8857740301078,0.0593254119525761,-0.00947822336854187,0.491316704514355,DAG1A_short,CPUE -> SAR,H4a,96.6212053242361,07.Cond2NCC_DFA1,X07_DFA_cpue_IntSprJunHW,0,1,0,Multi-Taxa DFA,FALSE,Positive (+),NS
153293,logSAR,~,PreyAK,-0.535895251119066,0.154779958965209,-3.46230387126232,5.3557209979526e-4,-0.839258396219464,-0.232532106018669,DAG1A_short,PreyAK -> SAR,H1e,96.6212053242361,12.ZooPreyAK_0_smoothed,X12_copepodBiomass_WGoA,1,0,1,Single-Series Straggler,FALSE,Positive (+),Flipped
153293,logSAR,~,PredAK,-0.116976345523658,0.143115803550885,-0.817354496298281,0.413725871878593,-0.397478166101902,0.163525475054587,DAG1A_short,PredAK -> SAR,H2c,96.6212053242361,10.PredMammalNCC_2_smoothed,X10_Harbour_s_2yrLead_WS,0,0,1,Single-Series Straggler,FALSE,Negative (-),NS
153297,Growth,~,PreyNCC,-0.946279175744328,0.0741817545849156,-12.756225314961,0,-1.09167274304075,-0.800885608447904,DAG1A_short,PreyNCC -> Growth,H1a,96.8076340620287,05.ForageFishNCC_DFA1,X05_DFA_abundSardine,1,0,1,Multi-Taxa DFA,TRUE,Negative (-),Supported
153297,Abundance,~,Growth,-0.07110225561335,0.177874032052611,-0.399733759857197,0.689352623808651,-0.419728952221391,0.277524440994691,DAG1A_short,Growth -> CPUE,H1b,96.8076340620287,06.Cond1NCC_DFA1,X06_DFA_IGF_mu,0,0,1,Multi-Taxa DFA,FALSE,Positive (+),NS
153297,Abundance,~,PredNCC,-0.656794558312735,0.177874032052611,-3.69247017528939,2.2208639246135e-4,-1.00542125492078,-0.308167861704694,DAG1A_short,PredNCC -> CPUE,H2a,96.8076340620287,09.PredFishNCC_b_DFA1,X09_DFA_HakeAge5Plus,1,0,1,Multi-Taxa DFA,FALSE,Negative (-),Supported
153297,logSAR,~,Abundance,0.193863833594509,0.136730749982616,1.41785102194757,0.156234264351072,-0.0741235119505678,0.461851179139587,DAG1A_short,CPUE -> SAR,H4a,96.8076340620287,07.Cond2NCC_DFA1,X07_DFA_cpue_IntSprJunHW,0,1,0,Multi-Taxa DFA,FALSE,Positive (+),NS
153297,logSAR,~,PreyAK,-0.583692605384917,0.132555302447121,-4.40338933719957,1.06572657290194e-5,-0.843496224141088,-0.323888986628746,DAG1A_short,PreyAK -> SAR,H1e,96.8076340620287,12.ZooPreyAK_0_smoothed,X12_copepodBiomass_WGoA,1,0,1,Single-Series Straggler,FALSE,Positive (+),Flipped
153297,logSAR,~,PredAK,0.0959437043674165,0.136481685697167,0.70297860022261,0.482069085809252,-0.171555484148346,0.363442892883179,DAG1A_short,PredAK -> SAR,H2c,96.8076340620287,10.PredMammalNCC_3_smoothed,X10_Northern_f_s_2yrLead_WS,0,1,0,Single-Series Straggler,FALSE,Negative (-),NS
153301,Growth,~,PreyNCC,-0.946279175744328,0.0741817545849155,-12.756225314961,0,-1.09167274304075,-0.800885608447904,DAG1A_short,PreyNCC -> Growth,H1a,97.2494444718176,05.ForageFishNCC_DFA1,X05_DFA_abundSardine,1,0,1,Multi-Taxa DFA,TRUE,Negative (-),Supported
153301,Abundance,~,Growth,-0.07110225561335,0.177874032052611,-0.399733759857198,0.68935262380865,-0.419728952221391,0.277524440994691,DAG1A_short,Growth -> CPUE,H1b,97.2494444718176,06.Cond1NCC_DFA1,X06_DFA_IGF_mu,0,0,1,Multi-Taxa DFA,FALSE,Positive (+),NS
153301,Abundance,~,PredNCC,-0.656794558312735,0.177874032052612,-3.69247017528938,2.2208639246135e-4,-1.00542125492078,-0.308167861704693,DAG1A_short,PredNCC -> CPUE,H2a,97.2494444718176,09.PredFishNCC_b_DFA1,X09_DFA_HakeAge5Plus,1,0,1,Multi-Taxa DFA,FALSE,Negative (-),Supported
153301,logSAR,~,Abundance,0.242315932560738,0.144402231783327,1.67806224023137,0.0933349491740534,-0.0407072410217871,0.525339106143263,DAG1A_short,CPUE -> SAR,H4a,97.2494444718176,07.Cond2NCC_DFA1,X07_DFA_cpue_IntSprJunHW,0,1,0,Multi-Taxa DFA,FALSE,Positive (+),NS
153301,logSAR,~,PreyAK,-0.599023276897046,0.137308538443267,-4.36260762577814,1.28521324991304e-5,-0.868143067015682,-0.32990348677841,DAG1A_short,PreyAK -> SAR,H1e,97.2494444718176,12.ZooPreyAK_0_smoothed,X12_copepodBiomass_WGoA,1,0,1,Single-Series Straggler,FALSE,Positive (+),Flipped
153301,logSAR,~,PredAK,-0.0232824240531783,0.133997397018371,-0.17375280842199,0.862059733562178,-0.2859124962313,0.239347648124943,DAG1A_short,PredAK -> SAR,H2c,97.2494444718176,15.PredFishAK_0_smoothed,X15_ArrowtoothFlounderBiomass_predAK,0,0,1,Single-Series Straggler,FALSE,Negative (-),NS
153305,Growth,~,PreyNCC,-0.946279175744328,0.0741817545849155,-12.756225314961,0,-1.09167274304075,-0.800885608447904,DAG1A_short,PreyNCC -> Growth,H1a,97.1196479984102,05.ForageFishNCC_DFA1,X05_DFA_abundSardine,1,0,1,Multi-Taxa DFA,TRUE,Negative (-),Supported
153305,Abundance,~,Growth,-0.07110225561335,0.177874032052611,-0.399733759857198,0.68935262380865,-0.419728952221391,0.277524440994691,DAG1A_short,Growth -> CPUE,H1b,97.1196479984102,06.Cond1NCC_DFA1,X06_DFA_IGF_mu,0,0,1,Multi-Taxa DFA,FALSE,Positive (+),NS
153305,Abundance,~,PredNCC,-0.656794558312735,0.177874032052611,-3.69247017528939,2.2208639246135e-4,-1.00542125492078,-0.308167861704694,DAG1A_short,PredNCC -> CPUE,H2a,97.1196479984102,09.PredFishNCC_b_DFA1,X09_DFA_HakeAge5Plus,1,0,1,Multi-Taxa DFA,FALSE,Negative (-),Supported
153305,logSAR,~,Abundance,0.252647363242155,0.141705525837895,1.78290410164507,0.0746019153037383,-0.0250903638104293,0.530385090294739,DAG1A_short,CPUE -> SAR,H4a,97.1196479984102,07.Cond2NCC_DFA1,X07_DFA_cpue_IntSprJunHW,0,1,0,Multi-Taxa DFA,FALSE,Positive (+),NS
153305,logSAR,~,PreyAK,-0.591135690145179,0.136062612927135,-4.34458575671884,1.39538725223431e-5,-0.857813511124778,-0.324457869165581,DAG1A_short,PreyAK -> SAR,H1e,97.1196479984102,12.ZooPreyAK_0_smoothed,X12_copepodBiomass_WGoA,1,0,1,Single-Series Straggler,FALSE,Positive (+),Flipped
153305,logSAR,~,PredAK,0.0517623152348084,0.131481788471776,0.393684295265878,0.693814137526395,-0.205937254792786,0.309461885262403,DAG1A_short,PredAK -> SAR,H2c,97.1196479984102,15.PredFishAK_1_smoothed,X15_sablefishBiomass_predAK,0,1,0,Single-Series Straggler,FALSE,Negative (-),NS
153309,Growth,~,PreyNCC,-0.946279175744328,0.0741817545849157,-12.756225314961,0,-1.09167274304075,-0.800885608447904,DAG1A_short,PreyNCC -> Growth,H1a,97.272718387366,05.ForageFishNCC_DFA1,X05_DFA_abundSardine,1,0,1,Multi-Taxa DFA,TRUE,Negative (-),Supported
153309,Abundance,~,Growth,-0.0711022556133501,0.177874032052612,-0.399733759857198,0.689352623808651,-0.419728952221392,0.277524440994692,DAG1A_short,Growth -> CPUE,H1b,97.272718387366,06.Cond1NCC_DFA1,X06_DFA_IGF_mu,0,0,1,Multi-Taxa DFA,FALSE,Positive (+),NS
153309,Abundance,~,PredNCC,-0.656794558312735,0.177874032052612,-3.69247017528938,2.2208639246135e-4,-1.00542125492078,-0.308167861704693,DAG1A_short,PredNCC -> CPUE,H2a,97.272718387366,09.PredFishNCC_b_DFA1,X09_DFA_HakeAge5Plus,1,0,1,Multi-Taxa DFA,FALSE,Negative (-),Supported
153309,logSAR,~,Abundance,0.226809515381893,0.143947050673517,1.57564544963352,0.115107535607631,-0.0553215196189618,0.508940550382747,DAG1A_short,CPUE -> SAR,H4a,97.272718387366,07.Cond2NCC_DFA1,X07_DFA_cpue_IntSprJunHW,0,1,0,Multi-Taxa DFA,FALSE,Positive (+),NS
153309,logSAR,~,PreyAK,-0.608507535395366,0.133067591826192,-4.57292062661039,4.80972377370215e-6,-0.869315222884179,-0.347699847906553,DAG1A_short,PreyAK -> SAR,H1e,97.272718387366,12.ZooPreyAK_0_smoothed,X12_copepodBiomass_WGoA,1,0,1,Single-Series Straggler,FALSE,Positive (+),Flipped
153309,logSAR,~,PredAK,-0.0114022452277971,0.132350507726098,-0.0861518812711644,0.931345681604725,-0.270804473706539,0.247999983250945,DAG1A_short,PredAK -> SAR,H2c,97.272718387366,15.PredFishAK_2_smoothed,X15_sablefishRecruitment_predAK,0,0,1,Single-Series Straggler,FALSE,Negative (-),NS
153313,Growth,~,PreyNCC,-0.946279175744328,0.0741817545849156,-12.756225314961,0,-1.09167274304075,-0.800885608447904,DAG1A_short,PreyNCC -> Growth,H1a,97.0095662272441,05.ForageFishNCC_DFA1,X05_DFA_abundSardine,1,0,1,Multi-Taxa DFA,TRUE,Negative (-),Supported
153313,Abundance,~,Growth,-0.0711022556133502,0.177874032052611,-0.3997337598572,0.689352623808649,-0.41972895222139,0.27752444099469,DAG1A_short,Growth -> CPUE,H1b,97.0095662272441,06.Cond1NCC_DFA1,X06_DFA_IGF_mu,0,0,1,Multi-Taxa DFA,FALSE,Positive (+),NS
153313,Abundance,~,PredNCC,-0.656794558312735,0.177874032052611,-3.69247017528939,2.2208639246135e-4,-1.00542125492078,-0.308167861704695,DAG1A_short,PredNCC -> CPUE,H2a,97.0095662272441,09.PredFishNCC_b_DFA1,X09_DFA_HakeAge5Plus,1,0,1,Multi-Taxa DFA,FALSE,Negative (-),Supported
153313,logSAR,~,Abundance,0.247621323867925,0.1341739171156,1.84552504086604,0.0649611993110568,-0.0153547213433138,0.510597369079163,DAG1A_short,CPUE -> SAR,H4a,97.0095662272441,07.Cond2NCC_DFA1,X07_DFA_cpue_IntSprJunHW,0,1,0,Multi-Taxa DFA,FALSE,Positive (+),NS
153313,logSAR,~,PreyAK,-0.613659650276604,0.129425853246791,-4.74139930224349,2.12247144548705e-6,-0.867329661308682,-0.359989639244527,DAG1A_short,PreyAK -> SAR,H1e,97.0095662272441,12.ZooPreyAK_0_smoothed,X12_copepodBiomass_WGoA,1,0,1,Single-Series Straggler,FALSE,Positive (+),Flipped
153313,logSAR,~,PredAK,-0.0647400970951113,0.126113644574496,-0.513347285407082,0.607708412882083,-0.311918298420209,0.182438104229987,DAG1A_short,PredAK -> SAR,H2c,97.0095662272441,15.PredFishAK_3_smoothed,X15_PacificCodBiomass_predAK,0,0,1,Single-Series Straggler,FALSE,Negative (-),NS
153317,Growth,~,PreyNCC,-0.946279175744328,0.0741817545849154,-12.7562253149611,0,-1.09167274304075,-0.800885608447904,DAG1A_short,PreyNCC -> Growth,H1a,96.8465216264401,05.ForageFishNCC_DFA1,X05_DFA_abundSardine,1,0,1,Multi-Taxa DFA,TRUE,Negative (-),Supported
153317,Abundance,~,Growth,-0.07110225561335,0.177874032052611,-0.399733759857197,0.689352623808651,-0.419728952221392,0.277524440994692,DAG1A_short,Growth -> CPUE,H1b,96.8465216264401,06.Cond1NCC_DFA1,X06_DFA_IGF_mu,0,0,1,Multi-Taxa DFA,FALSE,Positive (+),NS
153317,Abundance,~,PredNCC,-0.656794558312735,0.177874032052611,-3.69247017528939,2.2208639246135e-4,-1.00542125492078,-0.308167861704694,DAG1A_short,PredNCC -> CPUE,H2a,96.8465216264401,09.PredFishNCC_b_DFA1,X09_DFA_HakeAge5Plus,1,0,1,Multi-Taxa DFA,FALSE,Negative (-),Supported
153317,logSAR,~,Abundance,0.257896635188518,0.13514248293861,1.90833133727216,0.0563484051794654,-0.00697776415247703,0.522771034529512,DAG1A_short,CPUE -> SAR,H4a,96.8465216264401,07.Cond2NCC_DFA1,X07_DFA_cpue_IntSprJunHW,0,1,0,Multi-Taxa DFA,FALSE,Positive (+),NS
153317,logSAR,~,PreyAK,-0.594769827237703,0.130015729947369,-4.57459899258704,4.77132971088423e-6,-0.849595975358231,-0.339943679117174,DAG1A_short,PreyAK -> SAR,H1e,96.8465216264401,12.ZooPreyAK_0_smoothed,X12_copepodBiomass_WGoA,1,0,1,Single-Series Straggler,FALSE,Positive (+),Flipped
153317,logSAR,~,PredAK,0.0814537947990578,0.124241978099289,0.655606068457503,0.51207761994948,-0.162056007643562,0.324963597241678,DAG1A_short,PredAK -> SAR,H2c,96.8465216264401,15.PredFishAK_4_smoothed,X15_spinyDogfishGoA_predAK,0,1,0,Single-Series Straggler,FALSE,Negative (-),NS
153321,Growth,~,PreyNCC,-0.946279175744328,0.0741817545849154,-12.7562253149611,0,-1.09167274304075,-0.800885608447904,DAG1A_short,PreyNCC -> Growth,H1a,96.5334959103442,05.ForageFishNCC_DFA1,X05_DFA_abundSardine,1,0,1,Multi-Taxa DFA,TRUE,Negative (-),Supported
153321,Abundance,~,Growth,-0.0711022556133498,0.177874032052611,-0.399733759857198,0.68935262380865,-0.41972895222139,0.27752444099469,DAG1A_short,Growth -> CPUE,H1b,96.5334959103442,06.Cond1NCC_DFA1,X06_DFA_IGF_mu,0,0,1,Multi-Taxa DFA,FALSE,Positive (+),NS
153321,Abundance,~,PredNCC,-0.656794558312735,0.177874032052611,-3.69247017528938,2.2208639246135e-4,-1.00542125492078,-0.308167861704694,DAG1A_short,PredNCC -> CPUE,H2a,96.5334959103442,09.PredFishNCC_b_DFA1,X09_DFA_HakeAge5Plus,1,0,1,Multi-Taxa DFA,FALSE,Negative (-),Supported
153321,logSAR,~,Abundance,0.275608909459093,0.136089282227017,2.02520657724785,0.0428461565900451,0.00887881761223352,0.542339001305953,DAG1A_short,CPUE -> SAR,H4a,96.5334959103442,07.Cond2NCC_DFA1,X07_DFA_cpue_IntSprJunHW,1,1,0,Multi-Taxa DFA,FALSE,Positive (+),Supported
153321,logSAR,~,PreyAK,-0.558730627687377,0.138820304956959,-4.02484800664146,5.70121263867573e-5,-0.830813425725884,-0.28664782964887,DAG1A_short,PreyAK -> SAR,H1e,96.5334959103442,12.ZooPreyAK_0_smoothed,X12_copepodBiomass_WGoA,1,0,1,Single-Series Straggler,FALSE,Positive (+),Flipped
153321,logSAR,~,PredAK,-0.113561997010095,0.129867555672205,-0.874444709629663,0.3818761181445,-0.368097728887867,0.140973734867677,DAG1A_short,PredAK -> SAR,H2c,96.5334959103442,15.PredFishAK_5_smoothed,X15_halibutBiomassAge8plus_2yrLead_predAK,0,0,1,Single-Series Straggler,FALSE,Negative (-),NS
153325,Growth,~,PreyNCC,-0.946279175744331,0.0741817545849157,-12.7562253149611,0,-1.09167274304075,-0.800885608447907,DAG1A_short,PreyNCC -> Growth,H1a,96.5554306667402,05.ForageFishNCC_DFA1,X05_DFA_abundSardine,1,0,1,Multi-Taxa DFA,TRUE,Negative (-),Supported
153325,Abundance,~,Growth,-0.0711022556133504,0.177874032052611,-0.399733759857201,0.689352623808648,-0.41972895222139,0.27752444099469,DAG1A_short,Growth -> CPUE,H1b,96.5554306667402,06.Cond1NCC_DFA1,X06_DFA_IGF_mu,0,0,1,Multi-Taxa DFA,FALSE,Positive (+),NS
153325,Abundance,~,PredNCC,-0.656794558312735,0.177874032052611,-3.69247017528939,2.2208639246135e-4,-1.00542125492078,-0.308167861704694,DAG1A_short,PredNCC -> CPUE,H2a,96.5554306667402,09.PredFishNCC_b_DFA1,X09_DFA_HakeAge5Plus,1,0,1,Multi-Taxa DFA,FALSE,Negative (-),Supported
153325,logSAR,~,Abundance,0.260900537327823,0.129957842071785,2.00757825128943,0.0446881275959246,0.00618784735857975,0.515613227297066,DAG1A_short,CPUE -> SAR,H4a,96.5554306667402,07.Cond2NCC_DFA1,X07_DFA_cpue_IntSprJunHW,1,1,0,Multi-Taxa DFA,FALSE,Positive (+),Supported
153325,logSAR,~,PreyAK,-0.519005871965277,0.161488351975178,-3.21389044855106,0.00130949624729881,-0.835517225759354,-0.2024945181712,DAG1A_short,PreyAK -> SAR,H1e,96.5554306667402,12.ZooPreyAK_0_smoothed,X12_copepodBiomass_WGoA,1,0,1,Single-Series Straggler,FALSE,Positive (+),Flipped
153325,logSAR,~,PredAK,-0.128559441665603,0.148070130697935,-0.86823345842698,0.38526654123211,-0.418771565019694,0.161652681688488,DAG1A_short,PredAK -> SAR,H2c,96.5554306667402,15.PredFishAK_b_DFA1,X15_DFA_sleeperSharks,0,0,1,Multi-Taxa DFA,FALSE,Negative (-),NS
153329,Growth,~,PreyNCC,-0.946279175744328,0.0741817545849157,-12.756225314961,0,-1.09167274304075,-0.800885608447904,DAG1A_short,PreyNCC -> Growth,H1a,97.1538204708348,05.ForageFishNCC_DFA1,X05_DFA_abundSardine,1,0,1,Multi-Taxa DFA,TRUE,Negative (-),Supported
153329,Abundance,~,Growth,-0.07110225561335,0.177874032052611,-0.399733759857197,0.689352623808651,-0.419728952221392,0.277524440994692,DAG1A_short,Growth -> CPUE,H1b,97.1538204708348,06.Cond1NCC_DFA1,X06_DFA_IGF_mu,0,0,1,Multi-Taxa DFA,FALSE,Positive (+),NS
153329,Abundance,~,PredNCC,-0.656794558312735,0.177874032052611,-3.69247017528939,2.2208639246135e-4,-1.00542125492078,-0.308167861704695,DAG1A_short,PredNCC -> CPUE,H2a,97.1538204708348,09.PredFishNCC_b_DFA1,X09_DFA_HakeAge5Plus,1,0,1,Multi-Taxa DFA,FALSE,Negative (-),Supported
153329,logSAR,~,Abundance,0.250038333296921,0.135647609536236,1.84329332563821,0.0652861951104902,-0.0158260959830527,0.515902762576896,DAG1A_short,CPUE -> SAR,H4a,97.1538204708348,07.Cond2NCC_DFA1,X07_DFA_cpue_IntSprJunHW,0,1,0,Multi-Taxa DFA,FALSE,Positive (+),NS
153329,logSAR,~,PreyAK,-0.613152885631212,0.131184513842659,-4.67397307556148,2.95428078600501e-6,-0.870269808092221,-0.356035963170204,DAG1A_short,PreyAK -> SAR,H1e,97.1538204708348,12.ZooPreyAK_0_smoothed,X12_copepodBiomass_WGoA,1,0,1,Single-Series Straggler,FALSE,Positive (+),Flipped
153329,logSAR,~,PredAK,-0.0475302350443786,0.130435162583453,-0.364397407132978,0.715561271387277,-0.303178456025572,0.208117985936815,DAG1A_short,PredAK -> SAR,H2c,97.1538204708348,15.PredFishAK_b_0_smoothed,X15_spinyDogfishBSAI_predAK,0,0,1,Single-Series Straggler,FALSE,Negative (-),NS
153333,Growth,~,PreyNCC,-0.946279175744328,0.0741817545849153,-12.7562253149611,0,-1.09167274304075,-0.800885608447905,DAG1A_short,PreyNCC -> Growth,H1a,96.6044861878256,05.ForageFishNCC_DFA1,X05_DFA_abundSardine,1,0,1,Multi-Taxa DFA,TRUE,Negative (-),Supported
153333,Abundance,~,Growth,-0.07110225561335,0.177874032052611,-0.399733759857198,0.68935262380865,-0.419728952221391,0.277524440994691,DAG1A_short,Growth -> CPUE,H1b,96.6044861878256,06.Cond1NCC_DFA1,X06_DFA_IGF_mu,0,0,1,Multi-Taxa DFA,FALSE,Positive (+),NS
153333,Abundance,~,PredNCC,-0.656794558312735,0.177874032052611,-3.69247017528939,2.2208639246135e-4,-1.00542125492078,-0.308167861704694,DAG1A_short,PredNCC -> CPUE,H2a,96.6044861878256,09.PredFishNCC_b_DFA1,X09_DFA_HakeAge5Plus,1,0,1,Multi-Taxa DFA,FALSE,Negative (-),Supported
153333,logSAR,~,Abundance,0.216378137245671,0.131423453396618,1.64641950620999,0.0996774198156525,-0.0412070981355786,0.473963372626921,DAG1A_short,CPUE -> SAR,H4a,96.6044861878256,07.Cond2NCC_DFA1,X07_DFA_cpue_IntSprJunHW,0,1,0,Multi-Taxa DFA,FALSE,Positive (+),NS
153333,logSAR,~,PreyAK,-0.586699521933199,0.128875799876908,-4.55244136209875,5.30269433252073e-6,-0.839291448170731,-0.334107595695667,DAG1A_short,PreyAK -> SAR,H1e,96.6044861878256,12.ZooPreyAK_0_smoothed,X12_copepodBiomass_WGoA,1,0,1,Single-Series Straggler,FALSE,Positive (+),Flipped
153333,logSAR,~,PredAK,-0.10112662624271,0.12487989852465,-0.809791066756418,0.41806026773549,-0.345886729744041,0.143633477258622,DAG1A_short,PredAK -> SAR,H2c,96.6044861878256,15.PredFishAK_b_1_smoothed,X15_salmonSharkBSAI_predAK,0,0,1,Single-Series Straggler,FALSE,Negative (-),NS
153337,Growth,~,PreyNCC,-0.946279175744328,0.0741817545849155,-12.7562253149611,0,-1.09167274304075,-0.800885608447904,DAG1A_short,PreyNCC -> Growth,H1a,97.0918187979356,05.ForageFishNCC_DFA1,X05_DFA_abundSardine,1,0,1,Multi-Taxa DFA,TRUE,Negative (-),Supported
153337,Abundance,~,Growth,-0.07110225561335,0.177874032052611,-0.399733759857198,0.68935262380865,-0.419728952221391,0.277524440994691,DAG1A_short,Growth -> CPUE,H1b,97.0918187979356,06.Cond1NCC_DFA1,X06_DFA_IGF_mu,0,0,1,Multi-Taxa DFA,FALSE,Positive (+),NS
153337,Abundance,~,PredNCC,-0.656794558312735,0.177874032052611,-3.69247017528938,2.2208639246135e-4,-1.00542125492078,-0.308167861704694,DAG1A_short,PredNCC -> CPUE,H2a,97.0918187979356,09.PredFishNCC_b_DFA1,X09_DFA_HakeAge5Plus,1,0,1,Multi-Taxa DFA,FALSE,Negative (-),Supported
153337,logSAR,~,Abundance,0.231731849058316,0.128877784975168,1.79807442456406,0.0721652145400558,-0.0208639679003106,0.484327666016943,DAG1A_short,CPUE -> SAR,H4a,97.0918187979356,07.Cond2NCC_DFA1,X07_DFA_cpue_IntSprJunHW,0,1,0,Multi-Taxa DFA,FALSE,Positive (+),NS
153337,logSAR,~,PreyAK,-0.589966252220479,0.135710089336657,-4.34725417324679,1.37852437682717e-5,-0.85595313965904,-0.323979364781917,DAG1A_short,PreyAK -> SAR,H1e,97.0918187979356,12.ZooPreyAK_0_smoothed,X12_copepodBiomass_WGoA,1,0,1,Single-Series Straggler,FALSE,Positive (+),Flipped
153337,logSAR,~,PredAK,-0.0540033878374828,0.124314210373654,-0.434410415954569,0.663990435318287,-0.29765476293638,0.189647987261414,DAG1A_short,PredAK -> SAR,H2c,97.0918187979356,15.PredFishAK_b_2_smoothed,X15_salmonSharkGoA_predAK,0,0,1,Single-Series Straggler,FALSE,Negative (-),NS
153341,Growth,~,PreyNCC,-0.946279175744328,0.0741817545849157,-12.756225314961,0,-1.09167274304075,-0.800885608447904,DAG1A_short,PreyNCC -> Growth,H1a,96.9435880821225,05.ForageFishNCC_DFA1,X05_DFA_abundSardine,1,0,1,Multi-Taxa DFA,TRUE,Negative (-),Supported
153341,Abundance,~,Growth,-0.07110225561335,0.177874032052611,-0.399733759857198,0.689352623808651,-0.419728952221391,0.277524440994691,DAG1A_short,Growth -> CPUE,H1b,96.9435880821225,06.Cond1NCC_DFA1,X06_DFA_IGF_mu,0,0,1,Multi-Taxa DFA,FALSE,Positive (+),NS
153341,Abundance,~,PredNCC,-0.656794558312735,0.177874032052611,-3.69247017528939,2.2208639246135e-4,-1.00542125492078,-0.308167861704694,DAG1A_short,PredNCC -> CPUE,H2a,96.9435880821225,09.PredFishNCC_b_DFA1,X09_DFA_HakeAge5Plus,1,0,1,Multi-Taxa DFA,FALSE,Negative (-),Supported
153341,logSAR,~,Abundance,0.254764118234018,0.135091258614274,1.885866789956,0.0593129077697458,-0.0100098832761463,0.519538119744182,DAG1A_short,CPUE -> SAR,H4a,96.9435880821225,07.Cond2NCC_DFA1,X07_DFA_cpue_IntSprJunHW,0,1,0,Multi-Taxa DFA,FALSE,Positive (+),NS
153341,logSAR,~,PreyAK,-0.607195342033403,0.128789976181653,-4.71461646345038,2.4216646121733e-6,-0.859619056919214,-0.354771627147592,DAG1A_short,PreyAK -> SAR,H1e,96.9435880821225,12.ZooPreyAK_0_smoothed,X12_copepodBiomass_WGoA,1,0,1,Single-Series Straggler,FALSE,Positive (+),Flipped
153341,logSAR,~,PredAK,0.0725050977301162,0.125336194466694,0.578484914422571,0.562936779392211,-0.173149329383913,0.318159524844145,DAG1A_short,PredAK -> SAR,H2c,96.9435880821225,15.PredFishAK_b_3_smoothed,X15_sharkCatchGoA_predAK,0,1,0,Single-Series Straggler,FALSE,Negative (-),NS
155609,Growth,~,PreyNCC,-0.946279175744328,0.0741817545849153,-12.7562253149611,0,-1.09167274304075,-0.800885608447905,DAG1A_short,PreyNCC -> Growth,H1a,88.643567554494,05.ForageFishNCC_DFA1,X05_DFA_abundSardine,1,0,1,Multi-Taxa DFA,TRUE,Negative (-),Supported
155609,Abundance,~,Growth,0.178761614373988,0.19642398866329,0.910080360298666,0.362780131233547,-0.206222329105764,0.563745557853741,DAG1A_short,Growth -> CPUE,H1b,88.643567554494,06.Cond1NCC_DFA1,X06_DFA_IGF_mu,0,1,0,Multi-Taxa DFA,FALSE,Positive (+),NS
155609,Abundance,~,PredNCC,0.757750459960748,0.19642398866329,3.85772870776839,1.1444557374407e-4,0.372766516480995,1.1427344034405,DAG1A_short,PredNCC -> CPUE,H2a,88.643567554494,08.PredBirdNCC_b_0_smoothed,X08_commonMurre_JSOES,1,1,0,Single-Series Straggler,FALSE,Negative (-),Flipped
155609,logSAR,~,Abundance,0.3662462454906,0.103145338556975,3.55077845120742,3.8409359376223e-4,0.164085096745739,0.56840739423546,DAG1A_short,CPUE -> SAR,H4a,88.643567554494,07.Cond2NCC_DFA1,X07_DFA_cpue_IntSprJunHW,1,1,0,Multi-Taxa DFA,FALSE,Positive (+),Supported
155609,logSAR,~,PreyAK,-0.86021814819086,0.13814713350791,-6.22682589459307,4.759794780540011e-10,-1.13098155443381,-0.58945474194791,DAG1A_short,PreyAK -> SAR,H1e,88.643567554494,13.FishPreyAK_b_DFA1,X13_DFA_WGOA_DFA_seabirds,1,0,1,Multi-Taxa DFA,FALSE,Positive (+),Flipped
155609,logSAR,~,PredAK,0.759877644989951,0.133500277671977,5.69195553927642,1.25592560795695e-8,0.498221908826779,1.02153338115312,DAG1A_short,PredAK -> SAR,H2c,88.643567554494,15.PredFishAK_1_smoothed,X15_sablefishBiomass_predAK,1,1,0,Single-Series Straggler,FALSE,Negative (-),Flipped
155610,Growth,~,PreyNCC,-0.921036780010378,0.0893518326228322,-10.3079786163784,0,-1.09616315390378,-0.745910406116976,DAG1A_short,PreyNCC -> Growth,H1a,95.1895313671943,05.ForageFishNCC_DFA1,X05_DFA_abundSardine,1,0,1,Multi-Taxa DFA,TRUE,Negative (-),Supported
155610,Abundance,~,Growth,0.211889820039067,0.191756803585387,1.10499244917125,0.269162860985566,-0.163946608778812,0.587726248856947,DAG1A_short,Growth -> CPUE,H1b,95.1895313671943,06.Cond1NCC_0_smoothed,X06_Lmu_IntSprJunH,0,1,0,Single-Series Straggler,FALSE,Positive (+),NS
155610,Abundance,~,PredNCC,0.749435006183567,0.191756803585387,3.9082577106572,9.29641134952419e-5,0.373598577365687,1.12527143500145,DAG1A_short,PredNCC -> CPUE,H2a,95.1895313671943,08.PredBirdNCC_b_0_smoothed,X08_commonMurre_JSOES,1,1,0,Single-Series Straggler,FALSE,Negative (-),Flipped
155610,logSAR,~,Abundance,0.3662462454906,0.105003278348642,3.48795057878626,4.8673803827248e-4,0.160443601668628,0.572048889312571,DAG1A_short,CPUE -> SAR,H4a,95.1895313671943,07.Cond2NCC_DFA1,X07_DFA_cpue_IntSprJunHW,1,1,0,Multi-Taxa DFA,FALSE,Positive (+),Supported
155610,logSAR,~,PreyAK,-0.86021814819086,0.138428773520494,-6.21415711715097,5.16008791251465e-10,-1.13153355871508,-0.588902737666639,DAG1A_short,PreyAK -> SAR,H1e,95.1895313671943,13.FishPreyAK_b_DFA1,X13_DFA_WGOA_DFA_seabirds,1,0,1,Multi-Taxa DFA,FALSE,Positive (+),Flipped
155610,logSAR,~,PredAK,0.759877644989951,0.133520821117545,5.69107977789468,1.26238506314991e-8,0.498181644413348,1.02157364556655,DAG1A_short,PredAK -> SAR,H2c,95.1895313671943,15.PredFishAK_1_smoothed,X15_sablefishBiomass_predAK,1,1,0,Single-Series Straggler,FALSE,Negative (-),Flipped
155673,Growth,~,PreyNCC,-0.946279175744328,0.0741817545849156,-12.756225314961,0,-1.09167274304075,-0.800885608447904,DAG1A_short,PreyNCC -> Growth,H1a,98.5073889191959,05.ForageFishNCC_DFA1,X05_DFA_abundSardine,1,0,1,Multi-Taxa DFA,TRUE,Negative (-),Supported
155673,Abundance,~,Growth,-0.177032579398974,0.215809046648252,-0.820320473809979,0.412033437801936,-0.600010538367472,0.245945379569524,DAG1A_short,Growth -> CPUE,H1b,98.5073889191959,06.Cond1NCC_DFA1,X06_DFA_IGF_mu,0,0,1,Multi-Taxa DFA,FALSE,Positive (+),NS
155673,Abundance,~,PredNCC,0.28183723409589,0.215809046648252,1.30595653181888,0.191567340133606,-0.141140724872608,0.704815193064387,DAG1A_short,PredNCC -> CPUE,H2a,98.5073889191959,08.PredBirdNCC_b_1_smoothed,X08_Large_gulls_7_WS,0,1,0,Single-Series Straggler,FALSE,Negative (-),NS
155673,logSAR,~,Abundance,0.3662462454906,0.0979161339894295,3.74040753620989,1.8372212433481e-4,0.17433414936592,0.55815834161528,DAG1A_short,CPUE -> SAR,H4a,98.5073889191959,07.Cond2NCC_DFA1,X07_DFA_cpue_IntSprJunHW,1,1,0,Multi-Taxa DFA,FALSE,Positive (+),Supported
155673,logSAR,~,PreyAK,-0.86021814819086,0.133509382768424,-6.44312879255034,1.17035270363886e-10,-1.12189173001514,-0.598544566366575,DAG1A_short,PreyAK -> SAR,H1e,98.5073889191959,13.FishPreyAK_b_DFA1,X13_DFA_WGOA_DFA_seabirds,1,0,1,Multi-Taxa DFA,FALSE,Positive (+),Flipped
155673,logSAR,~,PredAK,0.759877644989951,0.134325197062556,5.65700003876465,1.54041728261944e-8,0.496605096531095,1.02315019344881,DAG1A_short,PredAK -> SAR,H2c,98.5073889191959,15.PredFishAK_1_smoothed,X15_sablefishBiomass_predAK,1,1,0,Single-Series Straggler,FALSE,Negative (-),Flipped
155737,Growth,~,PreyNCC,-0.946279175744328,0.0741817545849153,-12.7562253149611,0,-1.09167274304075,-0.800885608447905,DAG1A_short,PreyNCC -> Growth,H1a,90.9468553949987,05.ForageFishNCC_DFA1,X05_DFA_abundSardine,1,0,1,Multi-Taxa DFA,TRUE,Negative (-),Supported
155737,Abundance,~,Growth,-0.217025742774578,0.176816756264824,-1.22740484193439,0.2196704674528,-0.56358021691683,0.129528731367673,DAG1A_short,Growth -> CPUE,H1b,90.9468553949987,06.Cond1NCC_DFA1,X06_DFA_IGF_mu,0,0,1,Multi-Taxa DFA,FALSE,Positive (+),NS
155737,Abundance,~,PredNCC,0.608417898312649,0.176816756264824,3.44095158832913,5.7967223762012e-4,0.261863424170398,0.9549723724549,DAG1A_short,PredNCC -> CPUE,H2a,90.9468553949987,08.PredBirdNCC_b_2_smoothed,X08_Loons_8_WS,1,1,0,Single-Series Straggler,FALSE,Negative (-),Flipped
155737,logSAR,~,Abundance,0.3662462454906,0.0990587252265421,3.69726386699419,2.1793578079121e-4,0.172094711692128,0.560397779289071,DAG1A_short,CPUE -> SAR,H4a,90.9468553949987,07.Cond2NCC_DFA1,X07_DFA_cpue_IntSprJunHW,1,1,0,Multi-Taxa DFA,FALSE,Positive (+),Supported
155737,logSAR,~,PreyAK,-0.86021814819086,0.134234481119168,-6.40832475395939,1.47127199312536e-10,-1.12331289666785,-0.597123399713868,DAG1A_short,PreyAK -> SAR,H1e,90.9468553949987,13.FishPreyAK_b_DFA1,X13_DFA_WGOA_DFA_seabirds,1,0,1,Multi-Taxa DFA,FALSE,Positive (+),Flipped
155737,logSAR,~,PredAK,0.759877644989951,0.134196523654694,5.66242421409677,1.49249299585819e-8,0.496857291776272,1.02289799820363,DAG1A_short,PredAK -> SAR,H2c,90.9468553949987,15.PredFishAK_1_smoothed,X15_sablefishBiomass_predAK,1,1,0,Single-Series Straggler,FALSE,Negative (-),Flipped
155738,Growth,~,PreyNCC,-0.921036780010378,0.0893518326228325,-10.3079786163784,0,-1.09616315390378,-0.745910406116975,DAG1A_short,PreyNCC -> Growth,H1a,98.6307763902422,05.ForageFishNCC_DFA1,X05_DFA_abundSardine,1,0,1,Multi-Taxa DFA,TRUE,Negative (-),Supported
155738,Abundance,~,Growth,-0.168091536496466,0.179693958601559,-0.935432319509309,0.3495655474513,-0.520285223594953,0.184102150602021,DAG1A_short,Growth -> CPUE,H1b,98.6307763902422,06.Cond1NCC_0_smoothed,X06_Lmu_IntSprJunH,0,0,1,Single-Series Straggler,FALSE,Positive (+),NS
155738,Abundance,~,PredNCC,0.626234951004435,0.179693958601559,3.48500837689822,4.9212163462497e-4,0.274041263905948,0.978428638102922,DAG1A_short,PredNCC -> CPUE,H2a,98.6307763902422,08.PredBirdNCC_b_2_smoothed,X08_Loons_8_WS,1,1,0,Single-Series Straggler,FALSE,Negative (-),Flipped
155738,logSAR,~,Abundance,0.3662462454906,0.0978358386992643,3.74347734286202,1.814909746618e-4,0.174491525242772,0.558000965738428,DAG1A_short,CPUE -> SAR,H4a,98.6307763902422,07.Cond2NCC_DFA1,X07_DFA_cpue_IntSprJunHW,1,1,0,Multi-Taxa DFA,FALSE,Positive (+),Supported
155738,logSAR,~,PreyAK,-0.86021814819086,0.134436706634409,-6.39868507438347,1.56720636468322e-10,-1.12370925139448,-0.596727044987242,DAG1A_short,PreyAK -> SAR,H1e,98.6307763902422,13.FishPreyAK_b_DFA1,X13_DFA_WGOA_DFA_seabirds,1,0,1,Multi-Taxa DFA,FALSE,Positive (+),Flipped
155738,logSAR,~,PredAK,0.759877644989951,0.133953666782929,5.67269014159447,1.40572355977753e-8,0.497333282498331,1.02242200748157,DAG1A_short,PredAK -> SAR,H2c,98.6307763902422,15.PredFishAK_1_smoothed,X15_sablefishBiomass_predAK,1,1,0,Single-Series Straggler,FALSE,Negative (-),Flipped
155801,Growth,~,PreyNCC,-0.946279175744328,0.0741817545849155,-12.7562253149611,0,-1.09167274304075,-0.800885608447904,DAG1A_short,PreyNCC -> Growth,H1a,99.5238798277741,05.ForageFishNCC_DFA1,X05_DFA_abundSardine,1,0,1,Multi-Taxa DFA,TRUE,Negative (-),Supported
155801,Abundance,~,Growth,-0.310187160144439,0.256742754982783,-1.2081632456006,0.2269844762374,-0.813393713202285,0.193019392913407,DAG1A_short,Growth -> CPUE,H1b,99.5238798277741,06.Cond1NCC_DFA1,X06_DFA_IGF_mu,0,0,1,Multi-Taxa DFA,FALSE,Positive (+),NS
155801,Abundance,~,PredNCC,0.21165033519496,0.256742754982782,0.824367313535894,0.409730881483283,-0.291556217862883,0.714856888252804,DAG1A_short,PredNCC -> CPUE,H2a,99.5238798277741,09.PredFishNCC_DFA1,X09_DFA_ChinAbundSnakeFall,0,1,0,Multi-Taxa DFA,FALSE,Negative (-),NS
155801,logSAR,~,Abundance,0.3662462454906,0.0966861669633565,3.78799012302768,1.5187088544932e-4,0.176744840439195,0.555747650542004,DAG1A_short,CPUE -> SAR,H4a,99.5238798277741,07.Cond2NCC_DFA1,X07_DFA_cpue_IntSprJunHW,1,1,0,Multi-Taxa DFA,FALSE,Positive (+),Supported
155801,logSAR,~,PreyAK,-0.86021814819086,0.133711741969761,-6.43337776861361,1.2479905997508901e-10,-1.1222883467617,-0.598147949620015,DAG1A_short,PreyAK -> SAR,H1e,99.5238798277741,13.FishPreyAK_b_DFA1,X13_DFA_WGOA_DFA_seabirds,1,0,1,Multi-Taxa DFA,FALSE,Positive (+),Flipped
155801,logSAR,~,PredAK,0.759877644989951,0.133557296557299,5.68952550386454,1.27392862925291e-8,0.49811015386511,1.02164513611479,DAG1A_short,PredAK -> SAR,H2c,99.5238798277741,15.PredFishAK_1_smoothed,X15_sablefishBiomass_predAK,1,1,0,Single-Series Straggler,FALSE,Negative (-),Flipped
155865,Growth,~,PreyNCC,-0.946279175744328,0.0741817545849153,-12.7562253149611,0,-1.09167274304075,-0.800885608447905,DAG1A_short,PreyNCC -> Growth,H1a,89.3648717421056,05.ForageFishNCC_DFA1,X05_DFA_abundSardine,1,0,1,Multi-Taxa DFA,TRUE,Negative (-),Supported
155865,Abundance,~,Growth,-0.07110225561335,0.177874032052611,-0.399733759857198,0.68935262380865,-0.419728952221391,0.277524440994691,DAG1A_short,Growth -> CPUE,H1b,89.3648717421056,06.Cond1NCC_DFA1,X06_DFA_IGF_mu,0,0,1,Multi-Taxa DFA,FALSE,Positive (+),NS
155865,Abundance,~,PredNCC,-0.656794558312735,0.177874032052611,-3.69247017528939,2.2208639246135e-4,-1.00542125492078,-0.308167861704695,DAG1A_short,PredNCC -> CPUE,H2a,89.3648717421056,09.PredFishNCC_b_DFA1,X09_DFA_HakeAge5Plus,1,0,1,Multi-Taxa DFA,FALSE,Negative (-),Supported
155865,logSAR,~,Abundance,0.3662462454906,0.110503379751112,3.31434428807066,9.1858326142713e-4,0.149663601008468,0.582828889972731,DAG1A_short,CPUE -> SAR,H4a,89.3648717421056,07.Cond2NCC_DFA1,X07_DFA_cpue_IntSprJunHW,1,1,0,Multi-Taxa DFA,FALSE,Positive (+),Supported
155865,logSAR,~,PreyAK,-0.86021814819086,0.145495017581382,-5.91235468052851,3.3725136017182e-9,-1.14538314258039,-0.57505315380133,DAG1A_short,PreyAK -> SAR,H1e,89.3648717421056,13.FishPreyAK_b_DFA1,X13_DFA_WGOA_DFA_seabirds,1,0,1,Multi-Taxa DFA,FALSE,Positive (+),Flipped
155865,logSAR,~,PredAK,0.759877644989951,0.133555678840514,5.68959441924862,1.27341461819697e-8,0.498113324531745,1.02164196544816,DAG1A_short,PredAK -> SAR,H2c,89.3648717421056,15.PredFishAK_1_smoothed,X15_sablefishBiomass_predAK,1,1,0,Single-Series Straggler,FALSE,Negative (-),Flipped
155866,Growth,~,PreyNCC,-0.921036780010378,0.0893518326228325,-10.3079786163784,0,-1.09616315390378,-0.745910406116975,DAG1A_short,PreyNCC -> Growth,H1a,96.6022046522358,05.ForageFishNCC_DFA1,X05_DFA_abundSardine,1,0,1,Multi-Taxa DFA,TRUE,Negative (-),Supported
155866,Abundance,~,Growth,0.00807264429062193,0.178188633769613,0.0453039238241163,0.963865059892173,-0.341170660352218,0.357315948933462,DAG1A_short,Growth -> CPUE,H1b,96.6022046522358,06.Cond1NCC_0_smoothed,X06_Lmu_IntSprJunH,0,1,0,Single-Series Straggler,FALSE,Positive (+),NS
155866,Abundance,~,PredNCC,-0.670704449934558,0.178188633769614,-3.76401365084675,1.6720774985046e-4,-1.0199477545774,-0.321461145291718,DAG1A_short,PredNCC -> CPUE,H2a,96.6022046522358,09.PredFishNCC_b_DFA1,X09_DFA_HakeAge5Plus,1,0,1,Multi-Taxa DFA,FALSE,Negative (-),Supported
155866,logSAR,~,Abundance,0.3662462454906,0.112024417534873,3.26934300173074,0.00107797540275234,0.146682421733171,0.585810069248028,DAG1A_short,CPUE -> SAR,H4a,96.6022046522358,07.Cond2NCC_DFA1,X07_DFA_cpue_IntSprJunHW,1,1,0,Multi-Taxa DFA,FALSE,Positive (+),Supported
155866,logSAR,~,PreyAK,-0.86021814819086,0.14733267009193,-5.83861099954351,5.2637809666578e-9,-1.14898487531716,-0.571451421064554,DAG1A_short,PreyAK -> SAR,H1e,96.6022046522358,13.FishPreyAK_b_DFA1,X13_DFA_WGOA_DFA_seabirds,1,0,1,Multi-Taxa DFA,FALSE,Positive (+),Flipped
155866,logSAR,~,PredAK,0.759877644989951,0.133768542838166,5.68054064780579,1.34269637630524e-8,0.497696118762743,1.02205917121716,DAG1A_short,PredAK -> SAR,H2c,96.6022046522358,15.PredFishAK_1_smoothed,X15_sablefishBiomass_predAK,1,1,0,Single-Series Straggler,FALSE,Negative (-),Flipped
155929,Growth,~,PreyNCC,-0.946279175744328,0.0741817545849161,-12.756225314961,0,-1.09167274304075,-0.800885608447903,DAG1A_short,PreyNCC -> Growth,H1a,98.5254498204893,05.ForageFishNCC_DFA1,X05_DFA_abundSardine,1,0,1,Multi-Taxa DFA,TRUE,Negative (-),Supported
155929,Abundance,~,Growth,-0.290581471473714,0.221784091333705,-1.31019979713736,0.190128254358231,-0.725270302831716,0.144107359884289,DAG1A_short,Growth -> CPUE,H1b,98.5254498204893,06.Cond1NCC_DFA1,X06_DFA_IGF_mu,0,0,1,Multi-Taxa DFA,FALSE,Positive (+),NS
155929,Abundance,~,PredNCC,-0.29709739112244,0.221784091333705,-1.3395793599795,0.180382137796945,-0.731786222480442,0.137591440235563,DAG1A_short,PredNCC -> CPUE,H2a,98.5254498204893,09.PredFishNCC_b_0_smoothed,X09_canaryRockfish,0,0,1,Single-Series Straggler,FALSE,Negative (-),NS
155929,logSAR,~,Abundance,0.366246245490598,0.0958382257850434,3.82150485874035,1.3263980021927e-4,0.178406774609695,0.554085716371501,DAG1A_short,CPUE -> SAR,H4a,98.5254498204893,07.Cond2NCC_DFA1,X07_DFA_cpue_IntSprJunHW,1,1,0,Multi-Taxa DFA,FALSE,Positive (+),Supported
155929,logSAR,~,PreyAK,-0.860218148190859,0.133497948867101,-6.44368063697529,1.16610276990059e-10,-1.12186931998035,-0.59856697640137,DAG1A_short,PreyAK -> SAR,H1e,98.5254498204893,13.FishPreyAK_b_DFA1,X13_DFA_WGOA_DFA_seabirds,1,0,1,Multi-Taxa DFA,FALSE,Positive (+),Flipped
155929,logSAR,~,PredAK,0.75987764498995,0.133702559164634,5.68334405667043,1.3208616422844e-8,0.497825444386432,1.02192984559347,DAG1A_short,PredAK -> SAR,H2c,98.5254498204893,15.PredFishAK_1_smoothed,X15_sablefishBiomass_predAK,1,1,0,Single-Series Straggler,FALSE,Negative (-),Flipped
156909,Growth,~,PreyNCC,-0.946279175744328,0.0741817545849155,-12.7562253149611,0,-1.09167274304075,-0.800885608447904,DAG1A_short,PreyNCC -> Growth,H1a,95.927247999974,05.ForageFishNCC_DFA1,X05_DFA_abundSardine,1,0,1,Multi-Taxa DFA,TRUE,Negative (-),Supported
156909,Abundance,~,Growth,0.178761614373988,0.196423988663291,0.910080360298664,0.362780131233549,-0.206222329105765,0.563745557853742,DAG1A_short,Growth -> CPUE,H1b,95.927247999974,06.Cond1NCC_DFA1,X06_DFA_IGF_mu,0,1,0,Multi-Taxa DFA,FALSE,Positive (+),NS
156909,Abundance,~,PredNCC,0.757750459960748,0.196423988663291,3.85772870776838,1.1444557374407e-4,0.372766516480994,1.1427344034405,DAG1A_short,PredNCC -> CPUE,H2a,95.927247999974,08.PredBirdNCC_b_0_smoothed,X08_commonMurre_JSOES,1,1,0,Single-Series Straggler,FALSE,Negative (-),Flipped
156909,logSAR,~,Abundance,0.530365609809973,0.117725143757071,4.50511753805456,6.63362147346191e-6,0.299628567971314,0.761102651648631,DAG1A_short,CPUE -> SAR,H4a,95.927247999974,07.Cond2NCC_DFA1,X07_DFA_cpue_IntSprJunHW,1,1,0,Multi-Taxa DFA,FALSE,Positive (+),Supported
156909,logSAR,~,PreyAK,0.426295207877151,0.131383431292042,3.2446648994086,0.00117588911982058,0.168788414379455,0.683802001374846,DAG1A_short,PreyAK -> SAR,H1e,95.927247999974,13.FishPreyAK_b_1_smoothed,X13_gadid_WAI,1,1,0,Single-Series Straggler,FALSE,Positive (+),Supported
156909,logSAR,~,PredAK,-0.619657793575427,0.131377071382365,-4.71663576494221,2.39776386679047e-6,-0.877152121879209,-0.362163465271645,DAG1A_short,PredAK -> SAR,H2c,95.927247999974,15.PredFishAK_b_DFA1,X15_DFA_sleeperSharks,1,0,1,Multi-Taxa DFA,FALSE,Negative (-),Supported
157037,Growth,~,PreyNCC,-0.946279175744327,0.0741817545849164,-12.7562253149609,0,-1.09167274304075,-0.800885608447901,DAG1A_short,PreyNCC -> Growth,H1a,98.2305358404787,05.ForageFishNCC_DFA1,X05_DFA_abundSardine,1,0,1,Multi-Taxa DFA,TRUE,Negative (-),Supported
157037,Abundance,~,Growth,-0.217025742774578,0.176816756264824,-1.2274048419344,0.2196704674528,-0.56358021691683,0.129528731367673,DAG1A_short,Growth -> CPUE,H1b,98.2305358404787,06.Cond1NCC_DFA1,X06_DFA_IGF_mu,0,0,1,Multi-Taxa DFA,FALSE,Positive (+),NS
157037,Abundance,~,PredNCC,0.608417898312649,0.176816756264824,3.44095158832913,5.7967223762012e-4,0.261863424170398,0.954972372454901,DAG1A_short,PredNCC -> CPUE,H2a,98.2305358404787,08.PredBirdNCC_b_2_smoothed,X08_Loons_8_WS,1,1,0,Single-Series Straggler,FALSE,Negative (-),Flipped
157037,logSAR,~,Abundance,0.530365609809973,0.116977609024684,4.53390708044013,5.79025093028207e-6,0.301093709123985,0.759637510495962,DAG1A_short,CPUE -> SAR,H4a,98.2305358404787,07.Cond2NCC_DFA1,X07_DFA_cpue_IntSprJunHW,1,1,0,Multi-Taxa DFA,FALSE,Positive (+),Supported
157037,logSAR,~,PreyAK,0.426295207877151,0.132362866133329,3.22065561384674,0.00127897736527771,0.16686875736533,0.685721658388973,DAG1A_short,PreyAK -> SAR,H1e,98.2305358404787,13.FishPreyAK_b_1_smoothed,X13_gadid_WAI,1,1,0,Single-Series Straggler,FALSE,Positive (+),Supported
157037,logSAR,~,PredAK,-0.619657793575426,0.131797449669751,-4.70159168578846,2.5814130544255e-6,-0.87797604818237,-0.361339538968483,DAG1A_short,PredAK -> SAR,H2c,98.2305358404787,15.PredFishAK_b_DFA1,X15_DFA_sleeperSharks,1,0,1,Multi-Taxa DFA,FALSE,Negative (-),Supported
157165,Growth,~,PreyNCC,-0.946279175744328,0.0741817545849154,-12.7562253149611,0,-1.09167274304075,-0.800885608447904,DAG1A_short,PreyNCC -> Growth,H1a,96.6485521875858,05.ForageFishNCC_DFA1,X05_DFA_abundSardine,1,0,1,Multi-Taxa DFA,TRUE,Negative (-),Supported
157165,Abundance,~,Growth,-0.07110225561335,0.177874032052611,-0.399733759857197,0.689352623808651,-0.419728952221392,0.277524440994692,DAG1A_short,Growth -> CPUE,H1b,96.6485521875858,06.Cond1NCC_DFA1,X06_DFA_IGF_mu,0,0,1,Multi-Taxa DFA,FALSE,Positive (+),NS
157165,Abundance,~,PredNCC,-0.656794558312735,0.177874032052611,-3.69247017528939,2.2208639246135e-4,-1.00542125492078,-0.308167861704694,DAG1A_short,PredNCC -> CPUE,H2a,96.6485521875858,09.PredFishNCC_b_DFA1,X09_DFA_HakeAge5Plus,1,0,1,Multi-Taxa DFA,FALSE,Negative (-),Supported
157165,logSAR,~,Abundance,0.530365609809973,0.116973527419982,4.53406528389751,5.78591328981304e-6,0.3011017089222,0.759629510697745,DAG1A_short,CPUE -> SAR,H4a,96.6485521875858,07.Cond2NCC_DFA1,X07_DFA_cpue_IntSprJunHW,1,1,0,Multi-Taxa DFA,FALSE,Positive (+),Supported
157165,logSAR,~,PreyAK,0.426295207877151,0.131814338613218,3.23405793604917,0.00122044695169521,0.167943851549276,0.684646564205026,DAG1A_short,PreyAK -> SAR,H1e,96.6485521875858,13.FishPreyAK_b_1_smoothed,X13_gadid_WAI,1,1,0,Single-Series Straggler,FALSE,Positive (+),Supported
157165,logSAR,~,PredAK,-0.619657793575427,0.131372038779377,-4.71681644993017,2.39563632642437e-6,-0.877142258158604,-0.36217332899225,DAG1A_short,PredAK -> SAR,H2c,96.6485521875858,15.PredFishAK_b_DFA1,X15_DFA_sleeperSharks,1,0,1,Multi-Taxa DFA,FALSE,Negative (-),Supported
158829,Growth,~,PreyNCC,-0.946279175744329,0.0741817545849125,-12.7562253149616,0,-1.09167274304075,-0.800885608447912,DAG1A_short,PreyNCC -> Growth,H1a,91.9761699901826,05.ForageFishNCC_DFA1,X05_DFA_abundSardine,1,0,1,Multi-Taxa DFA,TRUE,Negative (-),Supported
158829,Abundance,~,Growth,0.178761614373989,0.196423988663291,0.910080360298662,0.36278013123355,-0.206222329105766,0.563745557853744,DAG1A_short,Growth -> CPUE,H1b,91.9761699901826,06.Cond1NCC_DFA1,X06_DFA_IGF_mu,0,1,0,Multi-Taxa DFA,FALSE,Positive (+),NS
158829,Abundance,~,PredNCC,0.757750459960747,0.196423988663291,3.85772870776837,1.1444557374407e-4,0.372766516480993,1.1427344034405,DAG1A_short,PredNCC -> CPUE,H2a,91.9761699901826,08.PredBirdNCC_b_0_smoothed,X08_commonMurre_JSOES,1,1,0,Single-Series Straggler,FALSE,Negative (-),Flipped
158829,logSAR,~,Abundance,0.320616001761069,0.109881129275836,2.91784407271809,0.00352460552459699,0.10525294579984,0.535979057722297,DAG1A_short,CPUE -> SAR,H4a,91.9761699901826,07.Cond2NCC_DFA1,X07_DFA_cpue_IntSprJunHW,1,1,0,Multi-Taxa DFA,FALSE,Positive (+),Supported
158829,logSAR,~,PreyAK,-0.614149142684754,0.148511612685751,-4.13536107768411,3.54396956616654e-5,-0.905226554834789,-0.32307173053472,DAG1A_short,PreyAK -> SAR,H1e,91.9761699901826,13.FishPreyAK_b_4_smoothed,X13_pollockBiomassGoAage3plus_predAK,1,0,1,Single-Series Straggler,FALSE,Positive (+),Flipped
158829,logSAR,~,PredAK,-0.849656607628966,0.146848063153327,-5.78595719537561,7.210057439976941e-9,-1.13747352260895,-0.561839692648981,DAG1A_short,PredAK -> SAR,H2c,91.9761699901826,15.PredFishAK_b_DFA1,X15_DFA_sleeperSharks,1,0,1,Multi-Taxa DFA,FALSE,Negative (-),Supported
158830,Growth,~,PreyNCC,-0.92103678001038,0.0893518326228325,-10.3079786163784,0,-1.09616315390378,-0.745910406116978,DAG1A_short,PreyNCC -> Growth,H1a,98.5221338028829,05.ForageFishNCC_DFA1,X05_DFA_abundSardine,1,0,1,Multi-Taxa DFA,TRUE,Negative (-),Supported
158830,Abundance,~,Growth,0.211889820039068,0.191756803585387,1.10499244917125,0.269162860985565,-0.163946608778812,0.587726248856947,DAG1A_short,Growth -> CPUE,H1b,98.5221338028829,06.Cond1NCC_0_smoothed,X06_Lmu_IntSprJunH,0,1,0,Single-Series Straggler,FALSE,Positive (+),NS
158830,Abundance,~,PredNCC,0.749435006183567,0.191756803585387,3.90825771065719,9.29641134952419e-5,0.373598577365686,1.12527143500145,DAG1A_short,PredNCC -> CPUE,H2a,98.5221338028829,08.PredBirdNCC_b_0_smoothed,X08_commonMurre_JSOES,1,1,0,Single-Series Straggler,FALSE,Negative (-),Flipped
158830,logSAR,~,Abundance,0.320616001761069,0.111839091366169,2.86676150391234,0.00414695395310383,0.101415410619693,0.539816592902445,DAG1A_short,CPUE -> SAR,H4a,98.5221338028829,07.Cond2NCC_DFA1,X07_DFA_cpue_IntSprJunHW,1,1,0,Multi-Taxa DFA,FALSE,Positive (+),Supported
158830,logSAR,~,PreyAK,-0.614149142684755,0.148295014320659,-4.14140114890699,3.45190636503734e-5,-0.904802029840098,-0.323496255529412,DAG1A_short,PreyAK -> SAR,H1e,98.5221338028829,13.FishPreyAK_b_4_smoothed,X13_pollockBiomassGoAage3plus_predAK,1,0,1,Single-Series Straggler,FALSE,Positive (+),Flipped
158830,logSAR,~,PredAK,-0.849656607628965,0.147304377871203,-5.76803364508194,8.02017963152934e-9,-1.1383678830216,-0.560945332236327,DAG1A_short,PredAK -> SAR,H2c,98.5221338028829,15.PredFishAK_b_DFA1,X15_DFA_sleeperSharks,1,0,1,Multi-Taxa DFA,FALSE,Negative (-),Supported
158957,Growth,~,PreyNCC,-0.946279175744328,0.0741817545849155,-12.7562253149611,0,-1.09167274304075,-0.800885608447904,DAG1A_short,PreyNCC -> Growth,H1a,94.2794578306873,05.ForageFishNCC_DFA1,X05_DFA_abundSardine,1,0,1,Multi-Taxa DFA,TRUE,Negative (-),Supported
158957,Abundance,~,Growth,-0.217025742774578,0.176816756264823,-1.2274048419344,0.219670467452799,-0.563580216916829,0.129528731367673,DAG1A_short,Growth -> CPUE,H1b,94.2794578306873,06.Cond1NCC_DFA1,X06_DFA_IGF_mu,0,0,1,Multi-Taxa DFA,FALSE,Positive (+),NS
158957,Abundance,~,PredNCC,0.608417898312649,0.176816756264824,3.44095158832913,5.7967223762012e-4,0.261863424170398,0.9549723724549,DAG1A_short,PredNCC -> CPUE,H2a,94.2794578306873,08.PredBirdNCC_b_2_smoothed,X08_Loons_8_WS,1,1,0,Single-Series Straggler,FALSE,Negative (-),Flipped
158957,logSAR,~,Abundance,0.320616001761069,0.105786437850588,3.03078549836326,0.0024391846414118,0.113278393521132,0.527953610001006,DAG1A_short,CPUE -> SAR,H4a,94.2794578306873,07.Cond2NCC_DFA1,X07_DFA_cpue_IntSprJunHW,1,1,0,Multi-Taxa DFA,FALSE,Positive (+),Supported
158957,logSAR,~,PreyAK,-0.614149142684756,0.144963726664477,-4.2365711534598,2.26959021196738e-5,-0.89827282601184,-0.330025459357672,DAG1A_short,PreyAK -> SAR,H1e,94.2794578306873,13.FishPreyAK_b_4_smoothed,X13_pollockBiomassGoAage3plus_predAK,1,0,1,Single-Series Straggler,FALSE,Positive (+),Flipped
158957,logSAR,~,PredAK,-0.849656607628965,0.143780042812167,-5.90941963161709,3.4331513187879603e-9,-1.13146031323644,-0.567852902021491,DAG1A_short,PredAK -> SAR,H2c,94.2794578306873,15.PredFishAK_b_DFA1,X15_DFA_sleeperSharks,1,0,1,Multi-Taxa DFA,FALSE,Negative (-),Supported
159085,Growth,~,PreyNCC,-0.946279175744332,0.0741817545849186,-12.7562253149606,0,-1.09167274304076,-0.800885608447902,DAG1A_short,PreyNCC -> Growth,H1a,92.6974741777941,05.ForageFishNCC_DFA1,X05_DFA_abundSardine,1,0,1,Multi-Taxa DFA,TRUE,Negative (-),Supported
159085,Abundance,~,Growth,-0.0711022556133505,0.17787403205261,-0.399733759857203,0.689352623808646,-0.419728952221389,0.277524440994688,DAG1A_short,Growth -> CPUE,H1b,92.6974741777941,06.Cond1NCC_DFA1,X06_DFA_IGF_mu,0,0,1,Multi-Taxa DFA,FALSE,Positive (+),NS
159085,Abundance,~,PredNCC,-0.656794558312735,0.177874032052611,-3.69247017528938,2.2208639246135e-4,-1.00542125492078,-0.308167861704694,DAG1A_short,PredNCC -> CPUE,H2a,92.6974741777941,09.PredFishNCC_b_DFA1,X09_DFA_HakeAge5Plus,1,0,1,Multi-Taxa DFA,FALSE,Negative (-),Supported
159085,logSAR,~,Abundance,0.320616001761069,0.110238266666395,2.90839117355976,0.00363293595961278,0.104552969376813,0.536679034145324,DAG1A_short,CPUE -> SAR,H4a,92.6974741777941,07.Cond2NCC_DFA1,X07_DFA_cpue_IntSprJunHW,1,1,0,Multi-Taxa DFA,FALSE,Positive (+),Supported
159085,logSAR,~,PreyAK,-0.614149142684757,0.150443481020746,-4.08225825750513,4.46001947873587e-5,-0.909012947194255,-0.31928533817526,DAG1A_short,PreyAK -> SAR,H1e,92.6974741777941,13.FishPreyAK_b_4_smoothed,X13_pollockBiomassGoAage3plus_predAK,1,0,1,Single-Series Straggler,FALSE,Positive (+),Flipped
159085,logSAR,~,PredAK,-0.849656607628962,0.148697252927334,-5.71400339214185,1.10348796766857e-8,-1.14109786796658,-0.558215347291344,DAG1A_short,PredAK -> SAR,H2c,92.6974741777941,15.PredFishAK_b_DFA1,X15_DFA_sleeperSharks,1,0,1,Multi-Taxa DFA,FALSE,Negative (-),Supported
24769,Growth,~,PreyNCC,0.909520455366166,0.0848460717197426,10.7196530956722,0,0.743225210565768,1.07581570016656,DAG1B_long,PreyNCC -> Growth,H1a,132.409460816718,04.CompFishNCC_smoothed,X04_marketsquid_GAM,1,1,0,Single-Series Straggler,TRUE,Negative (-),Flipped
24769,Abundance,~,PredNCC,0.544747250511556,0.171178565765414,3.18233330251223,0.00146093587632135,0.209243426686124,0.880251074336988,DAG1B_long,PredNCC -> CPUE,H2a,132.409460816718,08.PredBirdNCC_b_2_smoothed,X08_Loons_8_WS,1,1,0,Single-Series Straggler,FALSE,Negative (-),Flipped
24769,logSAR,~,Growth,0.659578509849052,0.139280071768516,4.73562729738735,2.18378582084178e-6,0.386594585418607,0.932562434279496,DAG1B_long,Growth -> SAR,H1c,132.409460816718,06.Cond1NCC_DFA1,X06_DFA_IGF_mu,1,1,0,Multi-Taxa DFA,FALSE,Positive (+),Supported
24769,logSAR,~,Abundance,0.279862480571794,0.0979985289951526,2.85578246369021,0.00429309165777747,0.0877888932033905,0.471936067940197,DAG1B_long,CPUE -> SAR,H4a,132.409460816718,07.Cond2NCC_DFA1,X07_DFA_cpue_IntSprJunHW,1,1,0,Multi-Taxa DFA,FALSE,Positive (+),Supported
24769,logSAR,~,PreyAK,-0.772506457885791,0.135912251168117,-5.68386183913795,1.31686674897935e-8,-1.03888957523306,-0.506123340538521,DAG1B_long,PreyAK -> SAR,H1e,132.409460816718,12.ZooPreyAK_DFA1,X12_DFA_biomassEuphShelfSum,1,0,1,Multi-Taxa DFA,FALSE,Positive (+),Flipped
24769,logSAR,~,PredAK,0.438044778901644,0.122474777204168,3.57661217192022,3.4807599238462e-4,0.197998626566907,0.67809093123638,DAG1B_long,PredAK -> SAR,H2c,132.409460816718,15.PredFishAK_3_smoothed,X15_PacificCodBiomass_predAK,1,1,0,Single-Series Straggler,FALSE,Negative (-),Flipped
24773,Growth,~,PreyNCC,0.909520455366166,0.0848460717197424,10.7196530956723,0,0.743225210565769,1.07581570016656,DAG1B_long,PreyNCC -> Growth,H1a,135.634555714858,04.CompFishNCC_smoothed,X04_marketsquid_GAM,1,1,0,Single-Series Straggler,TRUE,Negative (-),Flipped
24773,Abundance,~,PredNCC,0.544747250511556,0.171178565765414,3.18233330251223,0.00146093587632135,0.209243426686124,0.880251074336988,DAG1B_long,PredNCC -> CPUE,H2a,135.634555714858,08.PredBirdNCC_b_2_smoothed,X08_Loons_8_WS,1,1,0,Single-Series Straggler,FALSE,Negative (-),Flipped
24773,logSAR,~,Growth,0.940473151754942,0.168465231835542,5.58259494560304,2.36956172461333e-8,0.610287364710089,1.27065893879979,DAG1B_long,Growth -> SAR,H1c,135.634555714858,06.Cond1NCC_DFA1,X06_DFA_IGF_mu,1,1,0,Multi-Taxa DFA,FALSE,Positive (+),Supported
24773,logSAR,~,Abundance,0.344979744870886,0.105861762996685,3.25877573833425,0.00111894080742569,0.13749450205747,0.552464987684303,DAG1B_long,CPUE -> SAR,H4a,135.634555714858,07.Cond2NCC_DFA1,X07_DFA_cpue_IntSprJunHW,1,1,0,Multi-Taxa DFA,FALSE,Positive (+),Supported
24773,logSAR,~,PreyAK,-0.707185585389284,0.128540313768323,-5.50166375557394,3.76223947551324e-8,-0.959119970936675,-0.455251199841893,DAG1B_long,PreyAK -> SAR,H1e,135.634555714858,12.ZooPreyAK_DFA1,X12_DFA_biomassEuphShelfSum,1,0,1,Multi-Taxa DFA,FALSE,Positive (+),Flipped
24773,logSAR,~,PredAK,0.535252848013634,0.14651406233454,3.65325238741572,2.5893948611099e-4,0.248090562609279,0.822415133417989,DAG1B_long,PredAK -> SAR,H2c,135.634555714858,15.PredFishAK_5_smoothed,X15_halibutBiomassAge8plus_2yrLead_predAK,1,1,0,Single-Series Straggler,FALSE,Negative (-),Flipped
24815,Growth,~,PreyNCC,0.909520455366166,0.0848460717197429,10.7196530956722,0,0.743225210565768,1.07581570016656,DAG1B_long,PreyNCC -> Growth,H1a,137.716625352325,04.CompFishNCC_smoothed,X04_marketsquid_GAM,1,1,0,Single-Series Straggler,TRUE,Negative (-),Flipped
24815,Abundance,~,PredNCC,-0.613080028554731,0.161262322344078,-3.8017561674861,1.4367408690096e-4,-0.929148372412413,-0.29701168469704903,DAG1B_long,PredNCC -> CPUE,H2a,137.716625352325,09.PredFishNCC_b_DFA1,X09_DFA_HakeAge5Plus,1,0,1,Multi-Taxa DFA,FALSE,Negative (-),Supported
24815,logSAR,~,Growth,0.288539281210341,0.161062395862232,1.79147515883936,0.0732170774483329,-0.0271372139433674,0.60421577636405,DAG1B_long,Growth -> SAR,H1c,137.716625352325,06.Cond1NCC_DFA1,X06_DFA_IGF_mu,0,1,0,Multi-Taxa DFA,FALSE,Positive (+),NS
24815,logSAR,~,Abundance,0.391276941965279,0.121185578768534,3.22874178546132,0.00124336104117417,0.153757572133311,0.628796311797246,DAG1B_long,CPUE -> SAR,H4a,137.716625352325,07.Cond2NCC_DFA1,X07_DFA_cpue_IntSprJunHW,1,1,0,Multi-Taxa DFA,FALSE,Positive (+),Supported
24815,logSAR,~,PreyAK,-0.439309952193131,0.143164497427794,-3.0685676972023,0.00215087589767182,-0.719907211016384,-0.158712693369877,DAG1B_long,PreyAK -> SAR,H1e,137.716625352325,12.ZooPreyAK_DFA1,X12_DFA_biomassEuphShelfSum,1,0,1,Multi-Taxa DFA,FALSE,Positive (+),Flipped
24815,logSAR,~,PredAK,-0.229794645504637,0.133642913916259,-1.71946748817994,0.085529282701919,-0.491729943569491,0.0321406525602168,DAG1B_long,PredAK -> SAR,H2c,137.716625352325,10.PredMammalNCC_2_smoothed,X10_Harbour_s_2yrLead_WS,0,0,1,Single-Series Straggler,FALSE,Negative (-),NS
24821,Growth,~,PreyNCC,0.909520455366166,0.0848460717197428,10.7196530956722,0,0.743225210565768,1.07581570016656,DAG1B_long,PreyNCC -> Growth,H1a,138.241356938453,04.CompFishNCC_smoothed,X04_marketsquid_GAM,1,1,0,Single-Series Straggler,TRUE,Negative (-),Flipped
24821,Abundance,~,PredNCC,-0.613080028554731,0.161262322344078,-3.8017561674861,1.4367408690096e-4,-0.929148372412412,-0.29701168469704903,DAG1B_long,PredNCC -> CPUE,H2a,138.241356938453,09.PredFishNCC_b_DFA1,X09_DFA_HakeAge5Plus,1,0,1,Multi-Taxa DFA,FALSE,Negative (-),Supported
24821,logSAR,~,Growth,0.562799447845508,0.169591189625549,3.31856536349646,9.048114344845e-4,0.230406824084129,0.895192071606887,DAG1B_long,Growth -> SAR,H1c,138.241356938453,06.Cond1NCC_DFA1,X06_DFA_IGF_mu,1,1,0,Multi-Taxa DFA,FALSE,Positive (+),Supported
24821,logSAR,~,Abundance,0.363762626042543,0.13059770306595,2.78536771706352,0.00534670510227264,0.107795831569626,0.619729420515461,DAG1B_long,CPUE -> SAR,H4a,138.241356938453,07.Cond2NCC_DFA1,X07_DFA_cpue_IntSprJunHW,1,1,0,Multi-Taxa DFA,FALSE,Positive (+),Supported
24821,logSAR,~,PreyAK,-0.659137512155334,0.179787675784984,-3.66619963953273,2.4618176308299e-4,-1.01151488155807,-0.306760142752602,DAG1B_long,PreyAK -> SAR,H1e,138.241356938453,12.ZooPreyAK_DFA1,X12_DFA_biomassEuphShelfSum,1,0,1,Multi-Taxa DFA,FALSE,Positive (+),Flipped
24821,logSAR,~,PredAK,-0.213061584114717,0.161118603009511,-1.32238971872254,0.186038410678505,-0.528848243252766,0.102725075023332,DAG1B_long,PredAK -> SAR,H2c,138.241356938453,15.PredFishAK_1_smoothed,X15_sablefishBiomass_predAK,0,0,1,Single-Series Straggler,FALSE,Negative (-),NS
24823,Growth,~,PreyNCC,0.909520455366166,0.0848460717197429,10.7196530956722,0,0.743225210565768,1.07581570016656,DAG1B_long,PreyNCC -> Growth,H1a,136.849323464852,04.CompFishNCC_smoothed,X04_marketsquid_GAM,1,1,0,Single-Series Straggler,TRUE,Negative (-),Flipped
24823,Abundance,~,PredNCC,-0.613080028554731,0.161262322344078,-3.8017561674861,1.4367408690096e-4,-0.929148372412413,-0.29701168469704903,DAG1B_long,PredNCC -> CPUE,H2a,136.849323464852,09.PredFishNCC_b_DFA1,X09_DFA_HakeAge5Plus,1,0,1,Multi-Taxa DFA,FALSE,Negative (-),Supported
24823,logSAR,~,Growth,0.64009069751974,0.174846802119789,3.66086591095449,2.5136429120564e-4,0.297397262552953,0.982784132486528,DAG1B_long,Growth -> SAR,H1c,136.849323464852,06.Cond1NCC_DFA1,X06_DFA_IGF_mu,1,1,0,Multi-Taxa DFA,FALSE,Positive (+),Supported
24823,logSAR,~,Abundance,0.366599608369918,0.122262757855081,2.99845688745589,0.00271350544778315,0.126969006323418,0.606230210416417,DAG1B_long,CPUE -> SAR,H4a,136.849323464852,07.Cond2NCC_DFA1,X07_DFA_cpue_IntSprJunHW,1,1,0,Multi-Taxa DFA,FALSE,Positive (+),Supported
24823,logSAR,~,PreyAK,-0.60889336762589,0.145294129783552,-4.19076371862354,2.78017065129532e-5,-0.893664629166741,-0.32412210608504,DAG1B_long,PreyAK -> SAR,H1e,136.849323464852,12.ZooPreyAK_DFA1,X12_DFA_biomassEuphShelfSum,1,0,1,Multi-Taxa DFA,FALSE,Positive (+),Flipped
24823,logSAR,~,PredAK,-0.277263195294882,0.153452366603141,-1.80683557661864,0.0707879198102592,-0.578024307179476,0.0234979165897121,DAG1B_long,PredAK -> SAR,H2c,136.849323464852,15.PredFishAK_2_smoothed,X15_sablefishRecruitment_predAK,0,0,1,Single-Series Straggler,FALSE,Negative (-),NS
24825,Growth,~,PreyNCC,0.909520455366166,0.0848460717197429,10.7196530956722,0,0.743225210565768,1.07581570016656,DAG1B_long,PreyNCC -> Growth,H1a,129.545066312372,04.CompFishNCC_smoothed,X04_marketsquid_GAM,1,1,0,Single-Series Straggler,TRUE,Negative (-),Flipped
24825,Abundance,~,PredNCC,-0.613080028554731,0.161262322344078,-3.8017561674861,1.4367408690096e-4,-0.929148372412413,-0.29701168469704903,DAG1B_long,PredNCC -> CPUE,H2a,129.545066312372,09.PredFishNCC_b_DFA1,X09_DFA_HakeAge5Plus,1,0,1,Multi-Taxa DFA,FALSE,Negative (-),Supported
24825,logSAR,~,Growth,0.659578509849052,0.139616333918946,4.72422166758774,2.30998346939515e-6,0.385935523714399,0.933221495983705,DAG1B_long,Growth -> SAR,H1c,129.545066312372,06.Cond1NCC_DFA1,X06_DFA_IGF_mu,1,1,0,Multi-Taxa DFA,FALSE,Positive (+),Supported
24825,logSAR,~,Abundance,0.279862480571794,0.109613740237466,2.55316970268055,0.0106747471433835,0.0650234974956314,0.494701463647956,DAG1B_long,CPUE -> SAR,H4a,129.545066312372,07.Cond2NCC_DFA1,X07_DFA_cpue_IntSprJunHW,1,1,0,Multi-Taxa DFA,FALSE,Positive (+),Supported
24825,logSAR,~,PreyAK,-0.772506457885791,0.14318015317912,-5.39534593819982,6.83916538957163e-8,-1.05313440141779,-0.491878514353789,DAG1B_long,PreyAK -> SAR,H1e,129.545066312372,12.ZooPreyAK_DFA1,X12_DFA_biomassEuphShelfSum,1,0,1,Multi-Taxa DFA,FALSE,Positive (+),Flipped
24825,logSAR,~,PredAK,0.438044778901644,0.130873405272669,3.34708780587619,8.1665338518743e-4,0.181537618033097,0.69455193977019,DAG1B_long,PredAK -> SAR,H2c,129.545066312372,15.PredFishAK_3_smoothed,X15_PacificCodBiomass_predAK,1,1,0,Single-Series Straggler,FALSE,Negative (-),Flipped
24827,Growth,~,PreyNCC,0.909520455366166,0.0848460717197426,10.7196530956722,0,0.743225210565768,1.07581570016656,DAG1B_long,PreyNCC -> Growth,H1a,137.741993462727,04.CompFishNCC_smoothed,X04_marketsquid_GAM,1,1,0,Single-Series Straggler,TRUE,Negative (-),Flipped
24827,Abundance,~,PredNCC,-0.613080028554731,0.161262322344078,-3.8017561674861,1.4367408690096e-4,-0.929148372412413,-0.29701168469704903,DAG1B_long,PredNCC -> CPUE,H2a,137.741993462727,09.PredFishNCC_b_DFA1,X09_DFA_HakeAge5Plus,1,0,1,Multi-Taxa DFA,FALSE,Negative (-),Supported
24827,logSAR,~,Growth,0.769228944490295,0.228458344544884,3.36704245153614,7.5978991421643e-4,0.32145881721468,1.21699907176591,DAG1B_long,Growth -> SAR,H1c,137.741993462727,06.Cond1NCC_DFA1,X06_DFA_IGF_mu,1,1,0,Multi-Taxa DFA,FALSE,Positive (+),Supported
24827,logSAR,~,Abundance,0.380393344476033,0.120441587982943,3.15832222778319,0.00158680056568694,0.144332169788653,0.616454519163413,DAG1B_long,CPUE -> SAR,H4a,137.741993462727,07.Cond2NCC_DFA1,X07_DFA_cpue_IntSprJunHW,1,1,0,Multi-Taxa DFA,FALSE,Positive (+),Supported
24827,logSAR,~,PreyAK,-0.596559193184107,0.143840025353943,-4.14737964426919,3.36302155630186e-5,-0.878480462413163,-0.314637923955051,DAG1B_long,PreyAK -> SAR,H1e,137.741993462727,12.ZooPreyAK_DFA1,X12_DFA_biomassEuphShelfSum,1,0,1,Multi-Taxa DFA,FALSE,Positive (+),Flipped
24827,logSAR,~,PredAK,-0.349106490506413,0.201974813013158,-1.72846547199759,0.0839048061860865,-0.744969849796415,0.0467568687835887,DAG1B_long,PredAK -> SAR,H2c,137.741993462727,15.PredFishAK_4_smoothed,X15_spinyDogfishGoA_predAK,0,0,1,Single-Series Straggler,FALSE,Negative (-),NS
24829,Growth,~,PreyNCC,0.909520455366166,0.0848460717197426,10.7196530956722,0,0.743225210565768,1.07581570016656,DAG1B_long,PreyNCC -> Growth,H1a,132.770161210512,04.CompFishNCC_smoothed,X04_marketsquid_GAM,1,1,0,Single-Series Straggler,TRUE,Negative (-),Flipped
24829,Abundance,~,PredNCC,-0.613080028554731,0.161262322344078,-3.8017561674861,1.4367408690096e-4,-0.929148372412413,-0.29701168469704903,DAG1B_long,PredNCC -> CPUE,H2a,132.770161210512,09.PredFishNCC_b_DFA1,X09_DFA_HakeAge5Plus,1,0,1,Multi-Taxa DFA,FALSE,Negative (-),Supported
24829,logSAR,~,Growth,0.940473151754943,0.167574816767382,5.61225827303428,1.99703071857016e-8,0.612032546174976,1.26891375733491,DAG1B_long,Growth -> SAR,H1c,132.770161210512,06.Cond1NCC_DFA1,X06_DFA_IGF_mu,1,1,0,Multi-Taxa DFA,FALSE,Positive (+),Supported
24829,logSAR,~,Abundance,0.344979744870886,0.108173925554655,3.18912106685623,0.00142706097818168,0.132962746717446,0.556996743024326,DAG1B_long,CPUE -> SAR,H4a,132.770161210512,07.Cond2NCC_DFA1,X07_DFA_cpue_IntSprJunHW,1,1,0,Multi-Taxa DFA,FALSE,Positive (+),Supported
24829,logSAR,~,PreyAK,-0.707185585389284,0.129571628098366,-5.4578737318359,4.81870126023409e-8,-0.9611413098803,-0.453229860898268,DAG1B_long,PreyAK -> SAR,H1e,132.770161210512,12.ZooPreyAK_DFA1,X12_DFA_biomassEuphShelfSum,1,0,1,Multi-Taxa DFA,FALSE,Positive (+),Flipped
24829,logSAR,~,PredAK,0.535252848013633,0.1430283347655,3.74228539324882,1.8235424664769e-4,0.254922463104515,0.815583232922752,DAG1B_long,PredAK -> SAR,H2c,132.770161210512,15.PredFishAK_5_smoothed,X15_halibutBiomassAge8plus_2yrLead_predAK,1,1,0,Single-Series Straggler,FALSE,Negative (-),Flipped
24831,Growth,~,PreyNCC,0.909520455366167,0.0848460717197425,10.7196530956722,0,0.74322521056577,1.07581570016657,DAG1B_long,PreyNCC -> Growth,H1a,138.428852066584,04.CompFishNCC_smoothed,X04_marketsquid_GAM,1,1,0,Single-Series Straggler,TRUE,Negative (-),Flipped
24831,Abundance,~,PredNCC,-0.613080028554731,0.161262322344078,-3.8017561674861,1.4367408690096e-4,-0.929148372412413,-0.29701168469704903,DAG1B_long,PredNCC -> CPUE,H2a,138.428852066584,09.PredFishNCC_b_DFA1,X09_DFA_HakeAge5Plus,1,0,1,Multi-Taxa DFA,FALSE,Negative (-),Supported
24831,logSAR,~,Growth,0.105622177884792,0.198637947220663,0.531732125521106,0.594911538455507,-0.283701044630675,0.49494540040026,DAG1B_long,Growth -> SAR,H1c,138.428852066584,06.Cond1NCC_DFA1,X06_DFA_IGF_mu,0,1,0,Multi-Taxa DFA,FALSE,Positive (+),NS
24831,logSAR,~,Abundance,0.434540971406558,0.124935585417773,3.4781201044802,5.0494362183539e-4,0.189671723600296,0.679410219212821,DAG1B_long,CPUE -> SAR,H4a,138.428852066584,07.Cond2NCC_DFA1,X07_DFA_cpue_IntSprJunHW,1,1,0,Multi-Taxa DFA,FALSE,Positive (+),Supported
24831,logSAR,~,PreyAK,-0.437226130036653,0.139903909692069,-3.12518878849773,0.00177690979966338,-0.711432754329453,-0.163019505743853,DAG1B_long,PreyAK -> SAR,H1e,138.428852066584,12.ZooPreyAK_DFA1,X12_DFA_biomassEuphShelfSum,1,0,1,Multi-Taxa DFA,FALSE,Positive (+),Flipped
24831,logSAR,~,PredAK,-0.345501560310666,0.172289773927807,-2.00535152164886,0.0449254804480206,-0.683183312113717,-0.00781980850761538,DAG1B_long,PredAK -> SAR,H2c,138.428852066584,15.PredFishAK_b_DFA1,X15_DFA_sleeperSharks,1,0,1,Multi-Taxa DFA,FALSE,Negative (-),Supported
35689,Growth,~,PreyNCC,-0.933812356559096,0.0730281003956549,-12.7870278906318,0,-1.07694480319395,-0.790679909924237,DAG1B_long,PreyNCC -> Growth,H1a,132.371957127067,05.ForageFishNCC_DFA1,X05_DFA_abundSardine,1,0,1,Multi-Taxa DFA,TRUE,Negative (-),Supported
35689,Abundance,~,PredNCC,-0.228482154412768,0.19872467397496,-1.1497422531515,0.250250045856401,-0.617975358243153,0.161011049417618,DAG1B_long,PredNCC -> CPUE,H2a,132.371957127067,08.PredBirdNCC_DFA1,X08_DFA_DC_corm_3_WS,0,0,1,Multi-Taxa DFA,FALSE,Negative (-),NS
35689,logSAR,~,Growth,0.659578509849052,0.131811897701367,5.00393759100103,5.6170948936618e-7,0.401231937620495,0.917925082077609,DAG1B_long,Growth -> SAR,H1c,132.371957127067,06.Cond1NCC_DFA1,X06_DFA_IGF_mu,1,1,0,Multi-Taxa DFA,FALSE,Positive (+),Supported
35689,logSAR,~,Abundance,0.279862480571794,0.0960435348267771,2.91391274880241,0.00356929649817395,0.0916206113633922,0.468104349780195,DAG1B_long,CPUE -> SAR,H4a,132.371957127067,07.Cond2NCC_DFA1,X07_DFA_cpue_IntSprJunHW,1,1,0,Multi-Taxa DFA,FALSE,Positive (+),Supported
35689,logSAR,~,PreyAK,-0.772506457885791,0.130785951745925,-5.90664706394861,3.4914062752022805e-9,-1.0288422129916,-0.516170702779985,DAG1B_long,PreyAK -> SAR,H1e,132.371957127067,12.ZooPreyAK_DFA1,X12_DFA_biomassEuphShelfSum,1,0,1,Multi-Taxa DFA,FALSE,Positive (+),Flipped
35689,logSAR,~,PredAK,0.438044778901644,0.113653120123631,3.85422572143326,1.1609645084109e-4,0.215288756728722,0.660800801074565,DAG1B_long,PredAK -> SAR,H2c,132.371957127067,15.PredFishAK_3_smoothed,X15_PacificCodBiomass_predAK,1,1,0,Single-Series Straggler,FALSE,Negative (-),Flipped
35693,Growth,~,PreyNCC,-0.933812356559096,0.0730281003956553,-12.7870278906317,0,-1.07694480319396,-0.790679909924237,DAG1B_long,PreyNCC -> Growth,H1a,135.597052025207,05.ForageFishNCC_DFA1,X05_DFA_abundSardine,1,0,1,Multi-Taxa DFA,TRUE,Negative (-),Supported
35693,Abundance,~,PredNCC,-0.228482154412768,0.19872467397496,-1.1497422531515,0.250250045856401,-0.617975358243154,0.161011049417618,DAG1B_long,PredNCC -> CPUE,H2a,135.597052025207,08.PredBirdNCC_DFA1,X08_DFA_DC_corm_3_WS,0,0,1,Multi-Taxa DFA,FALSE,Negative (-),NS
35693,logSAR,~,Growth,0.940473151754943,0.159386240666502,5.90059184420303,3.6219991450536802e-9,0.628081860417366,1.25286444309252,DAG1B_long,Growth -> SAR,H1c,135.597052025207,06.Cond1NCC_DFA1,X06_DFA_IGF_mu,1,1,0,Multi-Taxa DFA,FALSE,Positive (+),Supported
35693,logSAR,~,Abundance,0.344979744870886,0.104450521789259,3.30280537580198,9.5722799077813e-4,0.140260483997523,0.54969900574425,DAG1B_long,CPUE -> SAR,H4a,135.597052025207,07.Cond2NCC_DFA1,X07_DFA_cpue_IntSprJunHW,1,1,0,Multi-Taxa DFA,FALSE,Positive (+),Supported
35693,logSAR,~,PreyAK,-0.707185585389284,0.127238595248857,-5.5579487026413,2.72963576186669e-8,-0.956568649520512,-0.457802521258056,DAG1B_long,PreyAK -> SAR,H1e,135.597052025207,12.ZooPreyAK_DFA1,X12_DFA_biomassEuphShelfSum,1,0,1,Multi-Taxa DFA,FALSE,Positive (+),Flipped
35693,logSAR,~,PredAK,0.535252848013633,0.136829775894632,3.91181557167654,9.16048571817374e-5,0.267071415247467,0.803434280779798,DAG1B_long,PredAK -> SAR,H2c,135.597052025207,15.PredFishAK_5_smoothed,X15_halibutBiomassAge8plus_2yrLead_predAK,1,1,0,Single-Series Straggler,FALSE,Negative (-),Flipped
35717,Growth,~,PreyNCC,-0.933812356559096,0.0730281003956542,-12.7870278906319,0,-1.07694480319395,-0.790679909924238,DAG1B_long,PreyNCC -> Growth,H1a,132.721178598632,05.ForageFishNCC_DFA1,X05_DFA_abundSardine,1,0,1,Multi-Taxa DFA,TRUE,Negative (-),Supported
35717,Abundance,~,PredNCC,0.195734489446292,0.200175757111219,0.977813159150636,0.32816674147647,-0.196602785069736,0.588071763962319,DAG1B_long,PredNCC -> CPUE,H2a,132.721178598632,08.PredBirdNCC_b_1_smoothed,X08_Large_gulls_7_WS,0,1,0,Single-Series Straggler,FALSE,Negative (-),NS
35717,logSAR,~,Growth,0.659578509849051,0.13189693947687,5.00071125581134,5.71192024345635e-7,0.401065258803327,0.918091760894776,DAG1B_long,Growth -> SAR,H1c,132.721178598632,06.Cond1NCC_DFA1,X06_DFA_IGF_mu,1,1,0,Multi-Taxa DFA,FALSE,Positive (+),Supported
35717,logSAR,~,Abundance,0.279862480571795,0.096044663595437,2.91387850292903,0.00356968805714764,0.0916183990174729,0.468106562126116,DAG1B_long,CPUE -> SAR,H4a,132.721178598632,07.Cond2NCC_DFA1,X07_DFA_cpue_IntSprJunHW,1,1,0,Multi-Taxa DFA,FALSE,Positive (+),Supported
35717,logSAR,~,PreyAK,-0.772506457885791,0.130819786564752,-5.90511938729866,3.52391471558633e-9,-1.02890852801792,-0.51610438775366,DAG1B_long,PreyAK -> SAR,H1e,132.721178598632,12.ZooPreyAK_DFA1,X12_DFA_biomassEuphShelfSum,1,0,1,Multi-Taxa DFA,FALSE,Positive (+),Flipped
35717,logSAR,~,PredAK,0.438044778901644,0.113810197736493,3.84890622820864,1.1864641180015e-4,0.214980890264736,0.661108667538552,DAG1B_long,PredAK -> SAR,H2c,132.721178598632,15.PredFishAK_3_smoothed,X15_PacificCodBiomass_predAK,1,1,0,Single-Series Straggler,FALSE,Negative (-),Flipped
35721,Growth,~,PreyNCC,-0.933812356559096,0.0730281003956546,-12.7870278906318,0,-1.07694480319395,-0.790679909924237,DAG1B_long,PreyNCC -> Growth,H1a,135.946273496772,05.ForageFishNCC_DFA1,X05_DFA_abundSardine,1,0,1,Multi-Taxa DFA,TRUE,Negative (-),Supported
35721,Abundance,~,PredNCC,0.195734489446292,0.20017575711122,0.977813159150634,0.328166741476471,-0.196602785069736,0.58807176396232,DAG1B_long,PredNCC -> CPUE,H2a,135.946273496772,08.PredBirdNCC_b_1_smoothed,X08_Large_gulls_7_WS,0,1,0,Single-Series Straggler,FALSE,Negative (-),NS
35721,logSAR,~,Growth,0.940473151754943,0.158513918047853,5.93306356525126,2.9733366879725104e-9,0.629791581332817,1.25115472217707,DAG1B_long,Growth -> SAR,H1c,135.946273496772,06.Cond1NCC_DFA1,X06_DFA_IGF_mu,1,1,0,Multi-Taxa DFA,FALSE,Positive (+),Supported
35721,logSAR,~,Abundance,0.344979744870886,0.102608632434779,3.36209280530237,7.7354120787842e-4,0.143870520795811,0.546088968945961,DAG1B_long,CPUE -> SAR,H4a,135.946273496772,07.Cond2NCC_DFA1,X07_DFA_cpue_IntSprJunHW,1,1,0,Multi-Taxa DFA,FALSE,Positive (+),Supported
35721,logSAR,~,PreyAK,-0.707185585389284,0.126803497095176,-5.5770195742984,2.44674347449347e-8,-0.955715872809557,-0.458655297969011,DAG1B_long,PreyAK -> SAR,H1e,135.946273496772,12.ZooPreyAK_DFA1,X12_DFA_biomassEuphShelfSum,1,0,1,Multi-Taxa DFA,FALSE,Positive (+),Flipped
35721,logSAR,~,PredAK,0.535252848013633,0.13460110091765,3.97658595928651,6.99117346487643e-5,0.271439537935598,0.799066158091668,DAG1B_long,PredAK -> SAR,H2c,135.946273496772,15.PredFishAK_5_smoothed,X15_halibutBiomassAge8plus_2yrLead_predAK,1,1,0,Single-Series Straggler,FALSE,Negative (-),Flipped
35729,Growth,~,PreyNCC,-0.933812356559096,0.0730281003956551,-12.7870278906317,0,-1.07694480319396,-0.790679909924236,DAG1B_long,PreyNCC -> Growth,H1a,134.718638094441,05.ForageFishNCC_DFA1,X05_DFA_abundSardine,1,0,1,Multi-Taxa DFA,TRUE,Negative (-),Supported
35729,Abundance,~,PredNCC,0.544747250511556,0.171178565765414,3.18233330251223,0.00146093587632135,0.209243426686124,0.880251074336988,DAG1B_long,PredNCC -> CPUE,H2a,134.718638094441,08.PredBirdNCC_b_2_smoothed,X08_Loons_8_WS,1,1,0,Single-Series Straggler,FALSE,Negative (-),Flipped
35729,logSAR,~,Growth,0.715071766911034,0.208872058618517,3.423491737672,6.1822131143052e-4,0.305690054642003,1.12445347918007,DAG1B_long,Growth -> SAR,H1c,134.718638094441,06.Cond1NCC_DFA1,X06_DFA_IGF_mu,1,1,0,Multi-Taxa DFA,FALSE,Positive (+),Supported
35729,logSAR,~,Abundance,0.412224212076232,0.118909928712357,3.46669295440755,5.2690340283878e-4,0.179165034395787,0.645283389756677,DAG1B_long,CPUE -> SAR,H4a,134.718638094441,07.Cond2NCC_DFA1,X07_DFA_cpue_IntSprJunHW,1,1,0,Multi-Taxa DFA,FALSE,Positive (+),Supported
35729,logSAR,~,PreyAK,-0.538857838173045,0.139792096813619,-3.85470888881144,1.1586741738489e-4,-0.812845313251074,-0.264870363095016,DAG1B_long,PreyAK -> SAR,H1e,134.718638094441,12.ZooPreyAK_DFA1,X12_DFA_biomassEuphShelfSum,1,0,1,Multi-Taxa DFA,FALSE,Positive (+),Flipped
35729,logSAR,~,PredAK,-0.286945325866635,0.194702314865904,-1.47376432614199,0.14054505646163,-0.668554850710384,0.094664198977115,DAG1B_long,PredAK -> SAR,H2c,134.718638094441,10.PredMammalNCC_DFA1,X10_DFA_ssl.est.wholerange_2yrLead,0,0,1,Multi-Taxa DFA,FALSE,Negative (-),NS
35731,Growth,~,PreyNCC,-0.933812356559096,0.0730281003956552,-12.7870278906317,0,-1.07694480319396,-0.790679909924236,DAG1B_long,PreyNCC -> Growth,H1a,135.640428056093,05.ForageFishNCC_DFA1,X05_DFA_abundSardine,1,0,1,Multi-Taxa DFA,TRUE,Negative (-),Supported
35731,Abundance,~,PredNCC,0.544747250511556,0.171178565765414,3.18233330251223,0.00146093587632135,0.209243426686124,0.880251074336988,DAG1B_long,PredNCC -> CPUE,H2a,135.640428056093,08.PredBirdNCC_b_2_smoothed,X08_Loons_8_WS,1,1,0,Single-Series Straggler,FALSE,Negative (-),Flipped
35731,logSAR,~,Growth,0.358596309203467,0.194493413783305,1.84374525711702,0.0652202740777721,-0.0226037770420574,0.739796395448992,DAG1B_long,Growth -> SAR,H1c,135.640428056093,06.Cond1NCC_DFA1,X06_DFA_IGF_mu,0,1,0,Multi-Taxa DFA,FALSE,Positive (+),NS
35731,logSAR,~,Abundance,0.42653016830481,0.119494987809387,3.569439824415,3.5774537790778e-4,0.192324295865359,0.66073604074426,DAG1B_long,CPUE -> SAR,H4a,135.640428056093,07.Cond2NCC_DFA1,X07_DFA_cpue_IntSprJunHW,1,1,0,Multi-Taxa DFA,FALSE,Positive (+),Supported
35731,logSAR,~,PreyAK,-0.510559615987986,0.142448341859991,-3.58417380870466,3.3814686324129e-4,-0.789753235691017,-0.231365996284956,DAG1B_long,PreyAK -> SAR,H1e,135.640428056093,12.ZooPreyAK_DFA1,X12_DFA_biomassEuphShelfSum,1,0,1,Multi-Taxa DFA,FALSE,Positive (+),Flipped
35731,logSAR,~,PredAK,0.0983191837024622,0.178306653307257,0.551405019828615,0.581356060314242,-0.251155434983632,0.447793802388556,DAG1B_long,PredAK -> SAR,H2c,135.640428056093,10.PredMammalNCC_0_smoothed,X10_Californian_s_l_2yrLead_WS,0,1,0,Single-Series Straggler,FALSE,Negative (-),NS
35735,Growth,~,PreyNCC,-0.933812356559096,0.0730281003956548,-12.7870278906318,0,-1.07694480319395,-0.790679909924237,DAG1B_long,PreyNCC -> Growth,H1a,133.381289144325,05.ForageFishNCC_DFA1,X05_DFA_abundSardine,1,0,1,Multi-Taxa DFA,TRUE,Negative (-),Supported
35735,Abundance,~,PredNCC,0.544747250511556,0.171178565765414,3.18233330251223,0.00146093587632135,0.209243426686124,0.880251074336988,DAG1B_long,PredNCC -> CPUE,H2a,133.381289144325,08.PredBirdNCC_b_2_smoothed,X08_Loons_8_WS,1,1,0,Single-Series Straggler,FALSE,Negative (-),Flipped
35735,logSAR,~,Growth,0.288539281210341,0.154345421536993,1.86943855112141,0.0615618253078516,-0.0139721861808191,0.5910507486015,DAG1B_long,Growth -> SAR,H1c,133.381289144325,06.Cond1NCC_DFA1,X06_DFA_IGF_mu,0,1,0,Multi-Taxa DFA,FALSE,Positive (+),NS
35735,logSAR,~,Abundance,0.391276941965279,0.118915282959014,3.29038397949353,0.00100050751413305,0.158207270154222,0.624346613776335,DAG1B_long,CPUE -> SAR,H4a,133.381289144325,07.Cond2NCC_DFA1,X07_DFA_cpue_IntSprJunHW,1,1,0,Multi-Taxa DFA,FALSE,Positive (+),Supported
35735,logSAR,~,PreyAK,-0.439309952193131,0.141736367207042,-3.09948646808061,0.0019385643301062,-0.717108127218477,-0.161511777167785,DAG1B_long,PreyAK -> SAR,H1e,133.381289144325,12.ZooPreyAK_DFA1,X12_DFA_biomassEuphShelfSum,1,0,1,Multi-Taxa DFA,FALSE,Positive (+),Flipped
35735,logSAR,~,PredAK,-0.229794645504637,0.132982681817286,-1.72800429623135,0.0839874541343555,-0.490435912434067,0.0308466214247933,DAG1B_long,PredAK -> SAR,H2c,133.381289144325,10.PredMammalNCC_2_smoothed,X10_Harbour_s_2yrLead_WS,0,0,1,Single-Series Straggler,FALSE,Negative (-),NS
35737,Growth,~,PreyNCC,-0.933812356559096,0.0730281003956551,-12.7870278906317,0,-1.07694480319395,-0.790679909924237,DAG1B_long,PreyNCC -> Growth,H1a,135.539596306821,05.ForageFishNCC_DFA1,X05_DFA_abundSardine,1,0,1,Multi-Taxa DFA,TRUE,Negative (-),Supported
35737,Abundance,~,PredNCC,0.544747250511556,0.171178565765414,3.18233330251223,0.00146093587632135,0.209243426686124,0.880251074336988,DAG1B_long,PredNCC -> CPUE,H2a,135.539596306821,08.PredBirdNCC_b_2_smoothed,X08_Loons_8_WS,1,1,0,Single-Series Straggler,FALSE,Negative (-),Flipped
35737,logSAR,~,Growth,0.422867369962021,0.142864209086134,2.95992518117026,0.00307713763196449,0.142858665473399,0.702876074450644,DAG1B_long,Growth -> SAR,H1c,135.539596306821,06.Cond1NCC_DFA1,X06_DFA_IGF_mu,1,1,0,Multi-Taxa DFA,FALSE,Positive (+),Supported
35737,logSAR,~,Abundance,0.426504720366314,0.120177725754484,3.54894983815586,3.8677075128035e-4,0.190960706143595,0.662048734589034,DAG1B_long,CPUE -> SAR,H4a,135.539596306821,07.Cond2NCC_DFA1,X07_DFA_cpue_IntSprJunHW,1,1,0,Multi-Taxa DFA,FALSE,Positive (+),Supported
35737,logSAR,~,PreyAK,-0.489270306028874,0.14626367675019,-3.34512516641108,8.2245444999196e-4,-0.775941844705654,-0.202598767352094,DAG1B_long,PreyAK -> SAR,H1e,135.539596306821,12.ZooPreyAK_DFA1,X12_DFA_biomassEuphShelfSum,1,0,1,Multi-Taxa DFA,FALSE,Positive (+),Flipped
35737,logSAR,~,PredAK,0.0654886602482547,0.123525151123233,0.530164583105193,0.595997824466938,-0.176616187138149,0.307593507634659,DAG1B_long,PredAK -> SAR,H2c,135.539596306821,10.PredMammalNCC_3_smoothed,X10_Northern_f_s_2yrLead_WS,0,1,0,Single-Series Straggler,FALSE,Negative (-),NS
35739,Growth,~,PreyNCC,-0.933812356559096,0.0730281003956547,-12.7870278906318,0,-1.07694480319395,-0.790679909924238,DAG1B_long,PreyNCC -> Growth,H1a,135.695500501786,05.ForageFishNCC_DFA1,X05_DFA_abundSardine,1,0,1,Multi-Taxa DFA,TRUE,Negative (-),Supported
35739,Abundance,~,PredNCC,0.544747250511556,0.171178565765414,3.18233330251222,0.00146093587632135,0.209243426686123,0.880251074336988,DAG1B_long,PredNCC -> CPUE,H2a,135.695500501786,08.PredBirdNCC_b_2_smoothed,X08_Loons_8_WS,1,1,0,Single-Series Straggler,FALSE,Negative (-),Flipped
35739,logSAR,~,Growth,0.526791499103565,0.280546082515076,1.87773607238039,0.060417279403761,-0.0230687186297867,1.07665171683692,DAG1B_long,Growth -> SAR,H1c,135.695500501786,06.Cond1NCC_DFA1,X06_DFA_IGF_mu,0,1,0,Multi-Taxa DFA,FALSE,Positive (+),NS
35739,logSAR,~,Abundance,0.426365228603343,0.119748700790812,3.56049982828754,3.7014955332614e-4,0.191662087857888,0.661068369348799,DAG1B_long,CPUE -> SAR,H4a,135.695500501786,07.Cond2NCC_DFA1,X07_DFA_cpue_IntSprJunHW,1,1,0,Multi-Taxa DFA,FALSE,Positive (+),Supported
35739,logSAR,~,PreyAK,-0.520958571507569,0.143786065046281,-3.62315062547879,2.9103622570536e-4,-0.802774080477013,-0.239143062538124,DAG1B_long,PreyAK -> SAR,H1e,135.695500501786,12.ZooPreyAK_DFA1,X12_DFA_biomassEuphShelfSum,1,0,1,Multi-Taxa DFA,FALSE,Positive (+),Flipped
35739,logSAR,~,PredAK,0.0850560533477431,0.261302710911395,0.325507734118322,0.744796830093911,-0.427087849101272,0.597199955796758,DAG1B_long,PredAK -> SAR,H2c,135.695500501786,15.PredFishAK_0_smoothed,X15_ArrowtoothFlounderBiomass_predAK,0,1,0,Single-Series Straggler,FALSE,Negative (-),NS
35741,Growth,~,PreyNCC,-0.933812356559095,0.0730281003956551,-12.7870278906317,0,-1.07694480319395,-0.790679909924236,DAG1B_long,PreyNCC -> Growth,H1a,133.906020730453,05.ForageFishNCC_DFA1,X05_DFA_abundSardine,1,0,1,Multi-Taxa DFA,TRUE,Negative (-),Supported
35741,Abundance,~,PredNCC,0.544747250511556,0.171178565765414,3.18233330251223,0.00146093587632135,0.209243426686125,0.880251074336988,DAG1B_long,PredNCC -> CPUE,H2a,133.906020730453,08.PredBirdNCC_b_2_smoothed,X08_Loons_8_WS,1,1,0,Single-Series Straggler,FALSE,Negative (-),Flipped
35741,logSAR,~,Growth,0.562799447845508,0.173843617195698,3.23738919451933,0.00120628774643228,0.222072219199772,0.903526676491245,DAG1B_long,Growth -> SAR,H1c,133.906020730453,06.Cond1NCC_DFA1,X06_DFA_IGF_mu,1,1,0,Multi-Taxa DFA,FALSE,Positive (+),Supported
35741,logSAR,~,Abundance,0.363762626042543,0.118109645332566,3.07987230863561,0.0020708935988869,0.132271974963915,0.595253277121172,DAG1B_long,CPUE -> SAR,H4a,133.906020730453,07.Cond2NCC_DFA1,X07_DFA_cpue_IntSprJunHW,1,1,0,Multi-Taxa DFA,FALSE,Positive (+),Supported
35741,logSAR,~,PreyAK,-0.659137512155334,0.174467748188186,-3.77799059711809,1.5809884670758e-4,-1.00108801506798,-0.317187009242686,DAG1B_long,PreyAK -> SAR,H1e,133.906020730453,12.ZooPreyAK_DFA1,X12_DFA_biomassEuphShelfSum,1,0,1,Multi-Taxa DFA,FALSE,Positive (+),Flipped
35741,logSAR,~,PredAK,-0.213061584114717,0.155719381300189,-1.36824062833891,0.171236768163102,-0.518265963157948,0.0921427949285135,DAG1B_long,PredAK -> SAR,H2c,133.906020730453,15.PredFishAK_1_smoothed,X15_sablefishBiomass_predAK,0,0,1,Single-Series Straggler,FALSE,Negative (-),NS
35743,Growth,~,PreyNCC,-0.933812356559096,0.0730281003956551,-12.7870278906317,0,-1.07694480319395,-0.790679909924236,DAG1B_long,PreyNCC -> Growth,H1a,132.513987256852,05.ForageFishNCC_DFA1,X05_DFA_abundSardine,1,0,1,Multi-Taxa DFA,TRUE,Negative (-),Supported
35743,Abundance,~,PredNCC,0.544747250511556,0.171178565765414,3.18233330251223,0.00146093587632135,0.209243426686124,0.880251074336988,DAG1B_long,PredNCC -> CPUE,H2a,132.513987256852,08.PredBirdNCC_b_2_smoothed,X08_Loons_8_WS,1,1,0,Single-Series Straggler,FALSE,Negative (-),Flipped
35743,logSAR,~,Growth,0.64009069751974,0.177673647191246,3.60262035275695,3.1502546398609e-4,0.291856748023022,0.988324647016458,DAG1B_long,Growth -> SAR,H1c,132.513987256852,06.Cond1NCC_DFA1,X06_DFA_IGF_mu,1,1,0,Multi-Taxa DFA,FALSE,Positive (+),Supported
35743,logSAR,~,Abundance,0.366599608369918,0.11235263272335,3.26293740950965,0.00110263869332727,0.146392494663895,0.586806722075941,DAG1B_long,CPUE -> SAR,H4a,132.513987256852,07.Cond2NCC_DFA1,X07_DFA_cpue_IntSprJunHW,1,1,0,Multi-Taxa DFA,FALSE,Positive (+),Supported
35743,logSAR,~,PreyAK,-0.60889336762589,0.143039619655515,-4.25681618206409,2.0735870672306e-5,-0.889245870513008,-0.328540864738773,DAG1B_long,PreyAK -> SAR,H1e,132.513987256852,12.ZooPreyAK_DFA1,X12_DFA_biomassEuphShelfSum,1,0,1,Multi-Taxa DFA,FALSE,Positive (+),Flipped
35743,logSAR,~,PredAK,-0.277263195294882,0.149788980473691,-1.85102531853858,0.0641659107816486,-0.570844202304289,0.0163178117145251,DAG1B_long,PredAK -> SAR,H2c,132.513987256852,15.PredFishAK_2_smoothed,X15_sablefishRecruitment_predAK,0,0,1,Single-Series Straggler,FALSE,Negative (-),NS
35745,Growth,~,PreyNCC,-0.933812356559096,0.0730281003956548,-12.7870278906318,0,-1.07694480319395,-0.790679909924237,DAG1B_long,PreyNCC -> Growth,H1a,125.209730104372,05.ForageFishNCC_DFA1,X05_DFA_abundSardine,1,0,1,Multi-Taxa DFA,TRUE,Negative (-),Supported
35745,Abundance,~,PredNCC,0.544747250511556,0.171178565765414,3.18233330251223,0.00146093587632135,0.209243426686124,0.880251074336988,DAG1B_long,PredNCC -> CPUE,H2a,125.209730104372,08.PredBirdNCC_b_2_smoothed,X08_Loons_8_WS,1,1,0,Single-Series Straggler,FALSE,Negative (-),Flipped
35745,logSAR,~,Growth,0.659578509849052,0.132115756770908,4.99242880614744,5.96246950035351e-7,0.400636384787818,0.918520634910286,DAG1B_long,Growth -> SAR,H1c,125.209730104372,06.Cond1NCC_DFA1,X06_DFA_IGF_mu,1,1,0,Multi-Taxa DFA,FALSE,Positive (+),Supported
35745,logSAR,~,Abundance,0.279862480571794,0.0980416670889807,2.85452592638797,0.00431011135652537,0.0877043440931259,0.472020617050462,DAG1B_long,CPUE -> SAR,H4a,125.209730104372,07.Cond2NCC_DFA1,X07_DFA_cpue_IntSprJunHW,1,1,0,Multi-Taxa DFA,FALSE,Positive (+),Supported
35745,logSAR,~,PreyAK,-0.772506457885791,0.131760212308817,-5.86297217004482,4.546544474237631e-9,-1.03075172860642,-0.514261187165158,DAG1B_long,PreyAK -> SAR,H1e,125.209730104372,12.ZooPreyAK_DFA1,X12_DFA_biomassEuphShelfSum,1,0,1,Multi-Taxa DFA,FALSE,Positive (+),Flipped
35745,logSAR,~,PredAK,0.438044778901643,0.115890960983058,3.77980107495769,1.5695370352375e-4,0.210902669241112,0.665186888562174,DAG1B_long,PredAK -> SAR,H2c,125.209730104372,15.PredFishAK_3_smoothed,X15_PacificCodBiomass_predAK,1,1,0,Single-Series Straggler,FALSE,Negative (-),Flipped
35747,Growth,~,PreyNCC,-0.933812356559096,0.0730281003956549,-12.7870278906318,0,-1.07694480319396,-0.790679909924237,DAG1B_long,PreyNCC -> Growth,H1a,133.406657254726,05.ForageFishNCC_DFA1,X05_DFA_abundSardine,1,0,1,Multi-Taxa DFA,TRUE,Negative (-),Supported
35747,Abundance,~,PredNCC,0.544747250511556,0.171178565765414,3.18233330251223,0.00146093587632135,0.209243426686124,0.880251074336988,DAG1B_long,PredNCC -> CPUE,H2a,133.406657254726,08.PredBirdNCC_b_2_smoothed,X08_Loons_8_WS,1,1,0,Single-Series Straggler,FALSE,Negative (-),Flipped
35747,logSAR,~,Growth,0.769228944490296,0.206364535116343,3.72752490662518,1.9336945643999e-4,0.364761887975912,1.17369600100468,DAG1B_long,Growth -> SAR,H1c,133.406657254726,06.Cond1NCC_DFA1,X06_DFA_IGF_mu,1,1,0,Multi-Taxa DFA,FALSE,Positive (+),Supported
35747,logSAR,~,Abundance,0.380393344476033,0.11405071561105,3.33529993598023,8.5207440967738e-4,0.156858049467356,0.60392863948471,DAG1B_long,CPUE -> SAR,H4a,133.406657254726,07.Cond2NCC_DFA1,X07_DFA_cpue_IntSprJunHW,1,1,0,Multi-Taxa DFA,FALSE,Positive (+),Supported
35747,logSAR,~,PreyAK,-0.596559193184106,0.139919780097943,-4.26358012259966,2.01177316496715e-5,-0.870796922900839,-0.322321463467373,DAG1B_long,PreyAK -> SAR,H1e,133.406657254726,12.ZooPreyAK_DFA1,X12_DFA_biomassEuphShelfSum,1,0,1,Multi-Taxa DFA,FALSE,Positive (+),Flipped
35747,logSAR,~,PredAK,-0.349106490506412,0.180366701017719,-1.93553737212346,0.0529243872065135,-0.702618728511445,0.00440574749861977,DAG1B_long,PredAK -> SAR,H2c,133.406657254726,15.PredFishAK_4_smoothed,X15_spinyDogfishGoA_predAK,0,0,1,Single-Series Straggler,FALSE,Negative (-),NS
35749,Growth,~,PreyNCC,-0.933812356559096,0.0730281003956543,-12.7870278906319,0,-1.07694480319395,-0.790679909924239,DAG1B_long,PreyNCC -> Growth,H1a,128.434825002512,05.ForageFishNCC_DFA1,X05_DFA_abundSardine,1,0,1,Multi-Taxa DFA,TRUE,Negative (-),Supported
35749,Abundance,~,PredNCC,0.544747250511556,0.171178565765414,3.18233330251223,0.00146093587632135,0.209243426686125,0.880251074336988,DAG1B_long,PredNCC -> CPUE,H2a,128.434825002512,08.PredBirdNCC_b_2_smoothed,X08_Loons_8_WS,1,1,0,Single-Series Straggler,FALSE,Negative (-),Flipped
35749,logSAR,~,Growth,0.940473151754943,0.159876470386806,5.88249884100868,4.0411816115693e-9,0.62712102782142,1.25382527568847,DAG1B_long,Growth -> SAR,H1c,128.434825002512,06.Cond1NCC_DFA1,X06_DFA_IGF_mu,1,1,0,Multi-Taxa DFA,FALSE,Positive (+),Supported
35749,logSAR,~,Abundance,0.344979744870886,0.105997396339407,3.25460583735709,0.00113549841603944,0.137228665590631,0.552730824151141,DAG1B_long,CPUE -> SAR,H4a,128.434825002512,07.Cond2NCC_DFA1,X07_DFA_cpue_IntSprJunHW,1,1,0,Multi-Taxa DFA,FALSE,Positive (+),Supported
35749,logSAR,~,PreyAK,-0.707185585389283,0.127422377987332,-5.54993241029917,2.85780061837215e-8,-0.956928857068903,-0.457442313709664,DAG1B_long,PreyAK -> SAR,H1e,128.434825002512,12.ZooPreyAK_DFA1,X12_DFA_biomassEuphShelfSum,1,0,1,Multi-Taxa DFA,FALSE,Positive (+),Flipped
35749,logSAR,~,PredAK,0.535252848013634,0.138704595094675,3.85894099361517,1.138794266926e-4,0.26339683713786,0.807108858889408,DAG1B_long,PredAK -> SAR,H2c,128.434825002512,15.PredFishAK_5_smoothed,X15_halibutBiomassAge8plus_2yrLead_predAK,1,1,0,Single-Series Straggler,FALSE,Negative (-),Flipped
35751,Growth,~,PreyNCC,-0.933812356559096,0.0730281003956548,-12.7870278906318,0,-1.07694480319395,-0.790679909924237,DAG1B_long,PreyNCC -> Growth,H1a,134.093515858584,05.ForageFishNCC_DFA1,X05_DFA_abundSardine,1,0,1,Multi-Taxa DFA,TRUE,Negative (-),Supported
35751,Abundance,~,PredNCC,0.544747250511556,0.171178565765414,3.18233330251223,0.00146093587632135,0.209243426686124,0.880251074336988,DAG1B_long,PredNCC -> CPUE,H2a,134.093515858584,08.PredBirdNCC_b_2_smoothed,X08_Loons_8_WS,1,1,0,Single-Series Straggler,FALSE,Negative (-),Flipped
35751,logSAR,~,Growth,0.105622177884792,0.192807859706933,0.54781054073904,0.58382200012706,-0.272274283077049,0.483518638846633,DAG1B_long,Growth -> SAR,H1c,134.093515858584,06.Cond1NCC_DFA1,X06_DFA_IGF_mu,0,1,0,Multi-Taxa DFA,FALSE,Positive (+),NS
35751,logSAR,~,Abundance,0.434540971406558,0.115706495910884,3.75554516611788,1.7296456370652e-4,0.207760406643895,0.661321536169221,DAG1B_long,CPUE -> SAR,H4a,134.093515858584,07.Cond2NCC_DFA1,X07_DFA_cpue_IntSprJunHW,1,1,0,Multi-Taxa DFA,FALSE,Positive (+),Supported
35751,logSAR,~,PreyAK,-0.437226130036653,0.140051235773435,-3.12190126436277,0.00179687190698341,-0.711721508142913,-0.162730751930394,DAG1B_long,PreyAK -> SAR,H1e,134.093515858584,12.ZooPreyAK_DFA1,X12_DFA_biomassEuphShelfSum,1,0,1,Multi-Taxa DFA,FALSE,Positive (+),Flipped
35751,logSAR,~,PredAK,-0.345501560310666,0.168680354463272,-2.04826200069371,0.0405343342093898,-0.676108979958129,-0.0148941406632022,DAG1B_long,PredAK -> SAR,H2c,134.093515858584,15.PredFishAK_b_DFA1,X15_DFA_sleeperSharks,1,0,1,Multi-Taxa DFA,FALSE,Negative (-),Supported
35753,Growth,~,PreyNCC,-0.933812356559096,0.0730281003956546,-12.7870278906318,0,-1.07694480319395,-0.790679909924237,DAG1B_long,PreyNCC -> Growth,H1a,135.152834298575,05.ForageFishNCC_DFA1,X05_DFA_abundSardine,1,0,1,Multi-Taxa DFA,TRUE,Negative (-),Supported
35753,Abundance,~,PredNCC,0.544747250511556,0.171178565765414,3.18233330251222,0.00146093587632135,0.209243426686123,0.880251074336989,DAG1B_long,PredNCC -> CPUE,H2a,135.152834298575,08.PredBirdNCC_b_2_smoothed,X08_Loons_8_WS,1,1,0,Single-Series Straggler,FALSE,Negative (-),Flipped
35753,logSAR,~,Growth,0.473468292756612,0.14126501593778,3.351631609663,8.0336843286543e-4,0.196593949243086,0.750342636270139,DAG1B_long,Growth -> SAR,H1c,135.152834298575,06.Cond1NCC_DFA1,X06_DFA_IGF_mu,1,1,0,Multi-Taxa DFA,FALSE,Positive (+),Supported
35753,logSAR,~,Abundance,0.424492558062292,0.118687684467171,3.57655101258383,3.4815740078908e-4,0.191868971098182,0.657116145026401,DAG1B_long,CPUE -> SAR,H4a,135.152834298575,07.Cond2NCC_DFA1,X07_DFA_cpue_IntSprJunHW,1,1,0,Multi-Taxa DFA,FALSE,Positive (+),Supported
35753,logSAR,~,PreyAK,-0.595571662682736,0.164143538382208,-3.62835886537274,2.8522860550017e-4,-0.917287086206832,-0.273856239158639,DAG1B_long,PreyAK -> SAR,H1e,135.152834298575,12.ZooPreyAK_DFA1,X12_DFA_biomassEuphShelfSum,1,0,1,Multi-Taxa DFA,FALSE,Positive (+),Flipped
35753,logSAR,~,PredAK,0.11713636681076,0.142328697134545,0.822998939560513,0.410508596465606,-0.161822753539458,0.396095487160978,DAG1B_long,PredAK -> SAR,H2c,135.152834298575,15.PredFishAK_b_2_smoothed,X15_salmonSharkGoA_predAK,0,1,0,Single-Series Straggler,FALSE,Negative (-),NS
35755,Growth,~,PreyNCC,-0.933812356559096,0.073028100395655,-12.7870278906317,0,-1.07694480319395,-0.790679909924237,DAG1B_long,PreyNCC -> Growth,H1a,135.783440186055,05.ForageFishNCC_DFA1,X05_DFA_abundSardine,1,0,1,Multi-Taxa DFA,TRUE,Negative (-),Supported
35755,Abundance,~,PredNCC,0.544747250511556,0.171178565765414,3.18233330251223,0.00146093587632135,0.209243426686124,0.880251074336988,DAG1B_long,PredNCC -> CPUE,H2a,135.783440186055,08.PredBirdNCC_b_2_smoothed,X08_Loons_8_WS,1,1,0,Single-Series Straggler,FALSE,Negative (-),Flipped
35755,logSAR,~,Growth,0.448901083841974,0.178704766100899,2.5119704059181,0.0120059156391099,0.0986461784185578,0.79915598926539,DAG1B_long,Growth -> SAR,H1c,135.783440186055,06.Cond1NCC_DFA1,X06_DFA_IGF_mu,1,1,0,Multi-Taxa DFA,FALSE,Positive (+),Supported
35755,logSAR,~,Abundance,0.438532374355449,0.12113562575432,3.62017673681608,2.9440185478013e-4,0.201110910632258,0.675953838078639,DAG1B_long,CPUE -> SAR,H4a,135.783440186055,07.Cond2NCC_DFA1,X07_DFA_cpue_IntSprJunHW,1,1,0,Multi-Taxa DFA,FALSE,Positive (+),Supported
35755,logSAR,~,PreyAK,-0.514343987350253,0.143594120721319,-3.58192929325059,3.4106611363049e-4,-0.795783292355734,-0.232904682344772,DAG1B_long,PreyAK -> SAR,H1e,135.783440186055,12.ZooPreyAK_DFA1,X12_DFA_biomassEuphShelfSum,1,0,1,Multi-Taxa DFA,FALSE,Positive (+),Flipped
35755,logSAR,~,PredAK,6.0420337514821e-4,0.156303360792467,0.00386558146980893,0.996915719907971,-0.305744754440656,0.306953161190953,DAG1B_long,PredAK -> SAR,H2c,135.783440186055,15.PredFishAK_b_3_smoothed,X15_sharkCatchGoA_predAK,0,1,0,Single-Series Straggler,FALSE,Negative (-),NS
35773,Growth,~,PreyNCC,-0.933812356559096,0.0730281003956545,-12.7870278906318,0,-1.07694480319395,-0.790679909924238,DAG1B_long,PreyNCC -> Growth,H1a,133.155335039279,05.ForageFishNCC_DFA1,X05_DFA_abundSardine,1,0,1,Multi-Taxa DFA,TRUE,Negative (-),Supported
35773,Abundance,~,PredNCC,-0.144072520094237,0.2019945449917,-0.713249558794556,0.475691344309781,-0.539974553351524,0.25182951316305,DAG1B_long,PredNCC -> CPUE,H2a,133.155335039279,09.PredFishNCC_DFA1,X09_DFA_ChinAbundSnakeFall,0,0,1,Multi-Taxa DFA,FALSE,Negative (-),NS
35773,logSAR,~,Growth,0.659578509849052,0.132187460582905,4.98972071133314,6.04666515746644e-7,0.400495847898751,0.918661171799353,DAG1B_long,Growth -> SAR,H1c,133.155335039279,06.Cond1NCC_DFA1,X06_DFA_IGF_mu,1,1,0,Multi-Taxa DFA,FALSE,Positive (+),Supported
35773,logSAR,~,Abundance,0.279862480571794,0.0962759669600336,2.90687789911236,0.00365055660328073,0.0911650527533598,0.468559908390228,DAG1B_long,CPUE -> SAR,H4a,133.155335039279,07.Cond2NCC_DFA1,X07_DFA_cpue_IntSprJunHW,1,1,0,Multi-Taxa DFA,FALSE,Positive (+),Supported
35773,logSAR,~,PreyAK,-0.772506457885791,0.130723956762005,-5.90944825279587,3.4325549069791404e-9,-1.02872070505589,-0.516292210715691,DAG1B_long,PreyAK -> SAR,H1e,133.155335039279,12.ZooPreyAK_DFA1,X12_DFA_biomassEuphShelfSum,1,0,1,Multi-Taxa DFA,FALSE,Positive (+),Flipped
35773,logSAR,~,PredAK,0.438044778901644,0.11380327312825,3.84914042329865,1.1853304504749e-4,0.214994462247499,0.661095095555788,DAG1B_long,PredAK -> SAR,H2c,133.155335039279,15.PredFishAK_3_smoothed,X15_PacificCodBiomass_predAK,1,1,0,Single-Series Straggler,FALSE,Negative (-),Flipped
35777,Growth,~,PreyNCC,-0.933812356559096,0.073028100395655,-12.7870278906317,0,-1.07694480319395,-0.790679909924237,DAG1B_long,PreyNCC -> Growth,H1a,136.380429937419,05.ForageFishNCC_DFA1,X05_DFA_abundSardine,1,0,1,Multi-Taxa DFA,TRUE,Negative (-),Supported
35777,Abundance,~,PredNCC,-0.144072520094237,0.2019945449917,-0.713249558794555,0.475691344309782,-0.539974553351524,0.25182951316305,DAG1B_long,PredNCC -> CPUE,H2a,136.380429937419,09.PredFishNCC_DFA1,X09_DFA_ChinAbundSnakeFall,0,0,1,Multi-Taxa DFA,FALSE,Negative (-),NS
35777,logSAR,~,Growth,0.940473151754943,0.158515657077418,5.93299847532173,2.97451618891387e-9,0.629788172897502,1.25115813061238,DAG1B_long,Growth -> SAR,H1c,136.380429937419,06.Cond1NCC_DFA1,X06_DFA_IGF_mu,1,1,0,Multi-Taxa DFA,FALSE,Positive (+),Supported
35777,logSAR,~,Abundance,0.344979744870886,0.102993685801308,3.3495232468562,8.0950762398734e-4,0.143115830065287,0.546843659676485,DAG1B_long,CPUE -> SAR,H4a,136.380429937419,07.Cond2NCC_DFA1,X07_DFA_cpue_IntSprJunHW,1,1,0,Multi-Taxa DFA,FALSE,Positive (+),Supported
35777,logSAR,~,PreyAK,-0.707185585389284,0.126820105749102,-5.57628919493542,2.45703335455261e-8,-0.955748425173085,-0.458622745605483,DAG1B_long,PreyAK -> SAR,H1e,136.380429937419,12.ZooPreyAK_DFA1,X12_DFA_biomassEuphShelfSum,1,0,1,Multi-Taxa DFA,FALSE,Positive (+),Flipped
35777,logSAR,~,PredAK,0.535252848013633,0.134773416784915,3.97150165650133,7.14210040209107e-5,0.271101805041795,0.799403890985472,DAG1B_long,PredAK -> SAR,H2c,136.380429937419,15.PredFishAK_5_smoothed,X15_halibutBiomassAge8plus_2yrLead_predAK,1,1,0,Single-Series Straggler,FALSE,Negative (-),Flipped
35785,Growth,~,PreyNCC,-0.933812356559096,0.0730281003956547,-12.7870278906318,0,-1.07694480319395,-0.790679909924237,DAG1B_long,PreyNCC -> Growth,H1a,131.854243590096,05.ForageFishNCC_DFA1,X05_DFA_abundSardine,1,0,1,Multi-Taxa DFA,TRUE,Negative (-),Supported
35785,Abundance,~,PredNCC,-0.613080028554731,0.161262322344078,-3.8017561674861,1.4367408690096e-4,-0.929148372412413,-0.29701168469704903,DAG1B_long,PredNCC -> CPUE,H2a,131.854243590096,09.PredFishNCC_b_DFA1,X09_DFA_HakeAge5Plus,1,0,1,Multi-Taxa DFA,FALSE,Negative (-),Supported
35785,logSAR,~,Growth,0.715071766911034,0.207827695354912,3.44069526291907,5.802216112658e-4,0.307736969025444,1.12240656479662,DAG1B_long,Growth -> SAR,H1c,131.854243590096,06.Cond1NCC_DFA1,X06_DFA_IGF_mu,1,1,0,Multi-Taxa DFA,FALSE,Positive (+),Supported
35785,logSAR,~,Abundance,0.412224212076232,0.12214472400932,3.37488348694274,7.3846948572309e-4,0.172824952116381,0.651623472036084,DAG1B_long,CPUE -> SAR,H4a,131.854243590096,07.Cond2NCC_DFA1,X07_DFA_cpue_IntSprJunHW,1,1,0,Multi-Taxa DFA,FALSE,Positive (+),Supported
35785,logSAR,~,PreyAK,-0.538857838173045,0.14208949051005,-3.79238349183138,1.4920825913522e-4,-0.817348122154389,-0.260367554191701,DAG1B_long,PreyAK -> SAR,H1e,131.854243590096,12.ZooPreyAK_DFA1,X12_DFA_biomassEuphShelfSum,1,0,1,Multi-Taxa DFA,FALSE,Positive (+),Flipped
35785,logSAR,~,PredAK,-0.286945325866635,0.192986030150404,-1.48687097010599,0.13704889276999,-0.665190994480787,0.0913003427475182,DAG1B_long,PredAK -> SAR,H2c,131.854243590096,10.PredMammalNCC_DFA1,X10_DFA_ssl.est.wholerange_2yrLead,0,0,1,Multi-Taxa DFA,FALSE,Negative (-),NS
35787,Growth,~,PreyNCC,-0.933812356559095,0.0730281003956549,-12.7870278906318,0,-1.07694480319395,-0.790679909924237,DAG1B_long,PreyNCC -> Growth,H1a,132.776033551748,05.ForageFishNCC_DFA1,X05_DFA_abundSardine,1,0,1,Multi-Taxa DFA,TRUE,Negative (-),Supported
35787,Abundance,~,PredNCC,-0.613080028554731,0.161262322344078,-3.80175616748611,1.4367408690096e-4,-0.929148372412413,-0.29701168469704903,DAG1B_long,PredNCC -> CPUE,H2a,132.776033551748,09.PredFishNCC_b_DFA1,X09_DFA_HakeAge5Plus,1,0,1,Multi-Taxa DFA,FALSE,Negative (-),Supported
35787,logSAR,~,Growth,0.358596309203468,0.198882678552154,1.80305450335852,0.0713796553864054,-0.0312065779076119,0.748399196314547,DAG1B_long,Growth -> SAR,H1c,132.776033551748,06.Cond1NCC_DFA1,X06_DFA_IGF_mu,0,1,0,Multi-Taxa DFA,FALSE,Positive (+),NS
35787,logSAR,~,Abundance,0.42653016830481,0.127064335597056,3.35680477374401,7.8848765911976e-4,0.177488646815069,0.675571689794551,DAG1B_long,CPUE -> SAR,H4a,132.776033551748,07.Cond2NCC_DFA1,X07_DFA_cpue_IntSprJunHW,1,1,0,Multi-Taxa DFA,FALSE,Positive (+),Supported
35787,logSAR,~,PreyAK,-0.510559615987986,0.144873001579579,-3.52418746364923,4.2478360402187e-4,-0.794505481416175,-0.226613750559798,DAG1B_long,PreyAK -> SAR,H1e,132.776033551748,12.ZooPreyAK_DFA1,X12_DFA_biomassEuphShelfSum,1,0,1,Multi-Taxa DFA,FALSE,Positive (+),Flipped
35787,logSAR,~,PredAK,0.0983191837024619,0.18295306644981,0.537401124836757,0.590990566514551,-0.260262237400329,0.456900604805253,DAG1B_long,PredAK -> SAR,H2c,132.776033551748,10.PredMammalNCC_0_smoothed,X10_Californian_s_l_2yrLead_WS,0,1,0,Single-Series Straggler,FALSE,Negative (-),NS
35791,Growth,~,PreyNCC,-0.933812356559096,0.0730281003956547,-12.7870278906318,0,-1.07694480319395,-0.790679909924237,DAG1B_long,PreyNCC -> Growth,H1a,130.516894639979,05.ForageFishNCC_DFA1,X05_DFA_abundSardine,1,0,1,Multi-Taxa DFA,TRUE,Negative (-),Supported
35791,Abundance,~,PredNCC,-0.613080028554731,0.161262322344078,-3.8017561674861,1.4367408690096e-4,-0.929148372412413,-0.29701168469704903,DAG1B_long,PredNCC -> CPUE,H2a,130.516894639979,09.PredFishNCC_b_DFA1,X09_DFA_HakeAge5Plus,1,0,1,Multi-Taxa DFA,FALSE,Negative (-),Supported
35791,logSAR,~,Growth,0.288539281210341,0.153355367855475,1.88150754189619,0.0599029103166333,-0.0120317166222821,0.589110279042963,DAG1B_long,Growth -> SAR,H1c,130.516894639979,06.Cond1NCC_DFA1,X06_DFA_IGF_mu,0,1,0,Multi-Taxa DFA,FALSE,Positive (+),NS
35791,logSAR,~,Abundance,0.391276941965279,0.118815012117057,3.29316081354931,9.9067793831908e-4,0.158403797393157,0.624150086537401,DAG1B_long,CPUE -> SAR,H4a,130.516894639979,07.Cond2NCC_DFA1,X07_DFA_cpue_IntSprJunHW,1,1,0,Multi-Taxa DFA,FALSE,Positive (+),Supported
35791,logSAR,~,PreyAK,-0.439309952193131,0.143077548688532,-3.07043247679252,0.00213749012210229,-0.719736794618929,-0.158883109767333,DAG1B_long,PreyAK -> SAR,H1e,130.516894639979,12.ZooPreyAK_DFA1,X12_DFA_biomassEuphShelfSum,1,0,1,Multi-Taxa DFA,FALSE,Positive (+),Flipped
35791,logSAR,~,PredAK,-0.229794645504637,0.128211474166492,-1.79230951830592,0.0730833994434608,-0.481084517275748,0.0214952262664747,DAG1B_long,PredAK -> SAR,H2c,130.516894639979,10.PredMammalNCC_2_smoothed,X10_Harbour_s_2yrLead_WS,0,0,1,Single-Series Straggler,FALSE,Negative (-),NS
35793,Growth,~,PreyNCC,-0.933812356559096,0.0730281003956545,-12.7870278906318,0,-1.07694480319395,-0.790679909924238,DAG1B_long,PreyNCC -> Growth,H1a,132.675201802475,05.ForageFishNCC_DFA1,X05_DFA_abundSardine,1,0,1,Multi-Taxa DFA,TRUE,Negative (-),Supported
35793,Abundance,~,PredNCC,-0.613080028554731,0.161262322344078,-3.8017561674861,1.4367408690096e-4,-0.929148372412413,-0.29701168469704903,DAG1B_long,PredNCC -> CPUE,H2a,132.675201802475,09.PredFishNCC_b_DFA1,X09_DFA_HakeAge5Plus,1,0,1,Multi-Taxa DFA,FALSE,Negative (-),Supported
35793,logSAR,~,Growth,0.422867369962021,0.143399789395506,2.94887023017673,0.00318937867852664,0.1418089473562,0.703925792567842,DAG1B_long,Growth -> SAR,H1c,132.675201802475,06.Cond1NCC_DFA1,X06_DFA_IGF_mu,1,1,0,Multi-Taxa DFA,FALSE,Positive (+),Supported
35793,logSAR,~,Abundance,0.426504720366314,0.125668637320804,3.39388354532359,6.8908988858673e-4,0.180198717231313,0.672810723501316,DAG1B_long,CPUE -> SAR,H4a,132.675201802475,07.Cond2NCC_DFA1,X07_DFA_cpue_IntSprJunHW,1,1,0,Multi-Taxa DFA,FALSE,Positive (+),Supported
35793,logSAR,~,PreyAK,-0.489270306028874,0.147624897618661,-3.31428040880162,9.1879316025389e-4,-0.778609788582863,-0.199930823474885,DAG1B_long,PreyAK -> SAR,H1e,132.675201802475,12.ZooPreyAK_DFA1,X12_DFA_biomassEuphShelfSum,1,0,1,Multi-Taxa DFA,FALSE,Positive (+),Flipped
35793,logSAR,~,PredAK,0.0654886602482547,0.124639725050292,0.52542365784127,0.599288710945766,-0.178800711893293,0.309778032389802,DAG1B_long,PredAK -> SAR,H2c,132.675201802475,10.PredMammalNCC_3_smoothed,X10_Northern_f_s_2yrLead_WS,0,1,0,Single-Series Straggler,FALSE,Negative (-),NS
35795,Growth,~,PreyNCC,-0.933812356559096,0.0730281003956549,-12.7870278906318,0,-1.07694480319395,-0.790679909924237,DAG1B_long,PreyNCC -> Growth,H1a,132.831105997441,05.ForageFishNCC_DFA1,X05_DFA_abundSardine,1,0,1,Multi-Taxa DFA,TRUE,Negative (-),Supported
35795,Abundance,~,PredNCC,-0.613080028554731,0.161262322344078,-3.8017561674861,1.4367408690096e-4,-0.929148372412413,-0.29701168469704903,DAG1B_long,PredNCC -> CPUE,H2a,132.831105997441,09.PredFishNCC_b_DFA1,X09_DFA_HakeAge5Plus,1,0,1,Multi-Taxa DFA,FALSE,Negative (-),Supported
35795,logSAR,~,Growth,0.526791499103565,0.285977331514109,1.84207432216555,0.0654642792150968,-0.0337137710589588,1.08729676926609,DAG1B_long,Growth -> SAR,H1c,132.831105997441,06.Cond1NCC_DFA1,X06_DFA_IGF_mu,0,1,0,Multi-Taxa DFA,FALSE,Positive (+),NS
35795,logSAR,~,Abundance,0.426365228603343,0.128731728042973,3.31204463021747,9.2616769334985e-4,0.174055677971512,0.678674779235174,DAG1B_long,CPUE -> SAR,H4a,132.831105997441,07.Cond2NCC_DFA1,X07_DFA_cpue_IntSprJunHW,1,1,0,Multi-Taxa DFA,FALSE,Positive (+),Supported
35795,logSAR,~,PreyAK,-0.520958571507569,0.147224210927672,-3.53853872420143,4.0234826187113e-4,-0.809512722578135,-0.232404420437003,DAG1B_long,PreyAK -> SAR,H1e,132.831105997441,12.ZooPreyAK_DFA1,X12_DFA_biomassEuphShelfSum,1,0,1,Multi-Taxa DFA,FALSE,Positive (+),Flipped
35795,logSAR,~,PredAK,0.0850560533477428,0.271054653636679,0.313796690839153,0.753675457866248,-0.446201305622127,0.616313412317612,DAG1B_long,PredAK -> SAR,H2c,132.831105997441,15.PredFishAK_0_smoothed,X15_ArrowtoothFlounderBiomass_predAK,0,1,0,Single-Series Straggler,FALSE,Negative (-),NS
35797,Growth,~,PreyNCC,-0.933812356559096,0.0730281003956552,-12.7870278906317,0,-1.07694480319396,-0.790679909924236,DAG1B_long,PreyNCC -> Growth,H1a,131.041626226107,05.ForageFishNCC_DFA1,X05_DFA_abundSardine,1,0,1,Multi-Taxa DFA,TRUE,Negative (-),Supported
35797,Abundance,~,PredNCC,-0.613080028554731,0.161262322344078,-3.8017561674861,1.4367408690096e-4,-0.929148372412413,-0.29701168469704903,DAG1B_long,PredNCC -> CPUE,H2a,131.041626226107,09.PredFishNCC_b_DFA1,X09_DFA_HakeAge5Plus,1,0,1,Multi-Taxa DFA,FALSE,Negative (-),Supported
35797,logSAR,~,Growth,0.562799447845508,0.177450572895864,3.1715842820963,0.00151609867251712,0.215002715933614,0.910596179757402,DAG1B_long,Growth -> SAR,H1c,131.041626226107,06.Cond1NCC_DFA1,X06_DFA_IGF_mu,1,1,0,Multi-Taxa DFA,FALSE,Positive (+),Supported
35797,logSAR,~,Abundance,0.363762626042543,0.133518200163556,2.72444225279357,0.0064410193073261,0.102071762441363,0.625453489643724,DAG1B_long,CPUE -> SAR,H4a,131.041626226107,07.Cond2NCC_DFA1,X07_DFA_cpue_IntSprJunHW,1,1,0,Multi-Taxa DFA,FALSE,Positive (+),Supported
35797,logSAR,~,PreyAK,-0.659137512155334,0.189850643362792,-3.47187399779186,5.1683885823661e-4,-1.03123793558817,-0.287037088722503,DAG1B_long,PreyAK -> SAR,H1e,131.041626226107,12.ZooPreyAK_DFA1,X12_DFA_biomassEuphShelfSum,1,0,1,Multi-Taxa DFA,FALSE,Positive (+),Flipped
35797,logSAR,~,PredAK,-0.213061584114717,0.169861884208491,-1.25432250506065,0.209724807147321,-0.545984759509472,0.119861591280038,DAG1B_long,PredAK -> SAR,H2c,131.041626226107,15.PredFishAK_1_smoothed,X15_sablefishBiomass_predAK,0,0,1,Single-Series Straggler,FALSE,Negative (-),NS
35799,Growth,~,PreyNCC,-0.933812356559096,0.0730281003956547,-12.7870278906318,0,-1.07694480319395,-0.790679909924237,DAG1B_long,PreyNCC -> Growth,H1a,129.649592752507,05.ForageFishNCC_DFA1,X05_DFA_abundSardine,1,0,1,Multi-Taxa DFA,TRUE,Negative (-),Supported
35799,Abundance,~,PredNCC,-0.613080028554731,0.161262322344078,-3.8017561674861,1.4367408690096e-4,-0.929148372412413,-0.29701168469704903,DAG1B_long,PredNCC -> CPUE,H2a,129.649592752507,09.PredFishNCC_b_DFA1,X09_DFA_HakeAge5Plus,1,0,1,Multi-Taxa DFA,FALSE,Negative (-),Supported
35799,logSAR,~,Growth,0.640090697519741,0.180725554553177,3.54178300408203,3.9743227303379e-4,0.285875119509486,0.994306275529997,DAG1B_long,Growth -> SAR,H1c,129.649592752507,06.Cond1NCC_DFA1,X06_DFA_IGF_mu,1,1,0,Multi-Taxa DFA,FALSE,Positive (+),Supported
35799,logSAR,~,Abundance,0.366599608369917,0.124227234878778,2.95104055666738,0.00316705328755895,0.123118702108515,0.61008051463132,DAG1B_long,CPUE -> SAR,H4a,129.649592752507,07.Cond2NCC_DFA1,X07_DFA_cpue_IntSprJunHW,1,1,0,Multi-Taxa DFA,FALSE,Positive (+),Supported
35799,logSAR,~,PreyAK,-0.60889336762589,0.149869209789901,-4.06283164153255,4.84809970051625e-5,-0.902631621205574,-0.315155114046206,DAG1B_long,PreyAK -> SAR,H1e,129.649592752507,12.ZooPreyAK_DFA1,X12_DFA_biomassEuphShelfSum,1,0,1,Multi-Taxa DFA,FALSE,Positive (+),Flipped
35799,logSAR,~,PredAK,-0.277263195294881,0.159812812094022,-1.73492470135473,0.0827541432970968,-0.590490551267232,0.0359641606774699,DAG1B_long,PredAK -> SAR,H2c,129.649592752507,15.PredFishAK_2_smoothed,X15_sablefishRecruitment_predAK,0,0,1,Single-Series Straggler,FALSE,Negative (-),NS
35801,Growth,~,PreyNCC,-0.933812356559096,0.0730281003956551,-12.7870278906317,0,-1.07694480319395,-0.790679909924237,DAG1B_long,PreyNCC -> Growth,H1a,122.345335600027,05.ForageFishNCC_DFA1,X05_DFA_abundSardine,1,0,1,Multi-Taxa DFA,TRUE,Negative (-),Supported
35801,Abundance,~,PredNCC,-0.613080028554731,0.161262322344078,-3.8017561674861,1.4367408690096e-4,-0.929148372412413,-0.29701168469704903,DAG1B_long,PredNCC -> CPUE,H2a,122.345335600027,09.PredFishNCC_b_DFA1,X09_DFA_HakeAge5Plus,1,0,1,Multi-Taxa DFA,FALSE,Negative (-),Supported
35801,logSAR,~,Growth,0.659578509849052,0.133501852239955,4.94059444706079,7.78847547344697e-7,0.397919687589352,0.921237332108751,DAG1B_long,Growth -> SAR,H1c,122.345335600027,06.Cond1NCC_DFA1,X06_DFA_IGF_mu,1,1,0,Multi-Taxa DFA,FALSE,Positive (+),Supported
35801,logSAR,~,Abundance,0.279862480571794,0.110545623594053,2.53164685740531,0.0113528265444289,0.0631970396789293,0.496527921464658,DAG1B_long,CPUE -> SAR,H4a,122.345335600027,07.Cond2NCC_DFA1,X07_DFA_cpue_IntSprJunHW,1,1,0,Multi-Taxa DFA,FALSE,Positive (+),Supported
35801,logSAR,~,PreyAK,-0.772506457885791,0.141231215269738,-5.46979969272641,4.50544479502213e-8,-1.0493145533073,-0.495698362464281,DAG1B_long,PreyAK -> SAR,H1e,122.345335600027,12.ZooPreyAK_DFA1,X12_DFA_biomassEuphShelfSum,1,0,1,Multi-Taxa DFA,FALSE,Positive (+),Flipped
35801,logSAR,~,PredAK,0.438044778901644,0.126089404719955,3.47408079112232,5.1260666370733e-4,0.190914086818437,0.68517547098485,DAG1B_long,PredAK -> SAR,H2c,122.345335600027,15.PredFishAK_3_smoothed,X15_PacificCodBiomass_predAK,1,1,0,Single-Series Straggler,FALSE,Negative (-),Flipped
35803,Growth,~,PreyNCC,-0.933812356559096,0.0730281003956548,-12.7870278906318,0,-1.07694480319395,-0.790679909924237,DAG1B_long,PreyNCC -> Growth,H1a,130.542262750381,05.ForageFishNCC_DFA1,X05_DFA_abundSardine,1,0,1,Multi-Taxa DFA,TRUE,Negative (-),Supported
35803,Abundance,~,PredNCC,-0.613080028554731,0.161262322344078,-3.80175616748611,1.4367408690096e-4,-0.929148372412412,-0.29701168469704903,DAG1B_long,PredNCC -> CPUE,H2a,130.542262750381,09.PredFishNCC_b_DFA1,X09_DFA_HakeAge5Plus,1,0,1,Multi-Taxa DFA,FALSE,Negative (-),Supported
35803,logSAR,~,Growth,0.769228944490295,0.207812267109785,3.70155696383371,2.1428053512795e-4,0.3619243854095,1.17653350357109,DAG1B_long,Growth -> SAR,H1c,130.542262750381,06.Cond1NCC_DFA1,X06_DFA_IGF_mu,1,1,0,Multi-Taxa DFA,FALSE,Positive (+),Supported
35803,logSAR,~,Abundance,0.380393344476033,0.121305638724307,3.13582574129599,0.00171370997059817,0.142638661454764,0.618148027497302,DAG1B_long,CPUE -> SAR,H4a,130.542262750381,07.Cond2NCC_DFA1,X07_DFA_cpue_IntSprJunHW,1,1,0,Multi-Taxa DFA,FALSE,Positive (+),Supported
35803,logSAR,~,PreyAK,-0.596559193184107,0.143709180414991,-4.15115576792948,3.30800520182972e-5,-0.878224011045257,-0.314894375322956,DAG1B_long,PreyAK -> SAR,H1e,130.542262750381,12.ZooPreyAK_DFA1,X12_DFA_biomassEuphShelfSum,1,0,1,Multi-Taxa DFA,FALSE,Positive (+),Flipped
35803,logSAR,~,PredAK,-0.349106490506413,0.185113247539418,-1.88590765462139,0.0593073998384757,-0.711921788744921,0.0137088077320945,DAG1B_long,PredAK -> SAR,H2c,130.542262750381,15.PredFishAK_4_smoothed,X15_spinyDogfishGoA_predAK,0,0,1,Single-Series Straggler,FALSE,Negative (-),NS
35805,Growth,~,PreyNCC,-0.933812356559096,0.0730281003956548,-12.7870278906318,0,-1.07694480319395,-0.790679909924237,DAG1B_long,PreyNCC -> Growth,H1a,125.570430498167,05.ForageFishNCC_DFA1,X05_DFA_abundSardine,1,0,1,Multi-Taxa DFA,TRUE,Negative (-),Supported
35805,Abundance,~,PredNCC,-0.613080028554731,0.161262322344078,-3.8017561674861,1.4367408690096e-4,-0.929148372412413,-0.29701168469704903,DAG1B_long,PredNCC -> CPUE,H2a,125.570430498167,09.PredFishNCC_b_DFA1,X09_DFA_HakeAge5Plus,1,0,1,Multi-Taxa DFA,FALSE,Negative (-),Supported
35805,logSAR,~,Growth,0.940473151754943,0.158666193559366,5.9273694708196,3.0782585369593103e-9,0.629493126814524,1.25145317669536,DAG1B_long,Growth -> SAR,H1c,125.570430498167,06.Cond1NCC_DFA1,X06_DFA_IGF_mu,1,1,0,Multi-Taxa DFA,FALSE,Positive (+),Supported
35805,logSAR,~,Abundance,0.344979744870886,0.108063753322418,3.19237241225192,0.00141109269472728,0.133178680324725,0.556780809417047,DAG1B_long,CPUE -> SAR,H4a,125.570430498167,07.Cond2NCC_DFA1,X07_DFA_cpue_IntSprJunHW,1,1,0,Multi-Taxa DFA,FALSE,Positive (+),Supported
35805,logSAR,~,PreyAK,-0.707185585389284,0.129904420480486,-5.44389161487784,5.21289458266239e-8,-0.961793570963584,-0.452577599814984,DAG1B_long,PreyAK -> SAR,H1e,125.570430498167,12.ZooPreyAK_DFA1,X12_DFA_biomassEuphShelfSum,1,0,1,Multi-Taxa DFA,FALSE,Positive (+),Flipped
35805,logSAR,~,PredAK,0.535252848013633,0.13645010134282,3.92270025999361,8.75620592513116e-5,0.267815563694866,0.8026901323324,DAG1B_long,PredAK -> SAR,H2c,125.570430498167,15.PredFishAK_5_smoothed,X15_halibutBiomassAge8plus_2yrLead_predAK,1,1,0,Single-Series Straggler,FALSE,Negative (-),Flipped
35807,Growth,~,PreyNCC,-0.933812356559096,0.0730281003956549,-12.7870278906318,0,-1.07694480319395,-0.790679909924237,DAG1B_long,PreyNCC -> Growth,H1a,131.229121354239,05.ForageFishNCC_DFA1,X05_DFA_abundSardine,1,0,1,Multi-Taxa DFA,TRUE,Negative (-),Supported
35807,Abundance,~,PredNCC,-0.613080028554731,0.161262322344078,-3.8017561674861,1.4367408690096e-4,-0.929148372412413,-0.29701168469704903,DAG1B_long,PredNCC -> CPUE,H2a,131.229121354239,09.PredFishNCC_b_DFA1,X09_DFA_HakeAge5Plus,1,0,1,Multi-Taxa DFA,FALSE,Negative (-),Supported
35807,logSAR,~,Growth,0.105622177884792,0.19540573475545,0.540527523498624,0.588833285062739,-0.277366024608476,0.48861038037806,DAG1B_long,Growth -> SAR,H1c,131.229121354239,06.Cond1NCC_DFA1,X06_DFA_IGF_mu,0,1,0,Multi-Taxa DFA,FALSE,Positive (+),NS
35807,logSAR,~,Abundance,0.434540971406558,0.12139639529318,3.57952120701042,3.4422431432523e-4,0.196608408778937,0.672473534034179,DAG1B_long,CPUE -> SAR,H4a,131.229121354239,07.Cond2NCC_DFA1,X07_DFA_cpue_IntSprJunHW,1,1,0,Multi-Taxa DFA,FALSE,Positive (+),Supported
35807,logSAR,~,PreyAK,-0.437226130036653,0.141651174677108,-3.08663963453395,0.00202432844544775,-0.714857330771577,-0.15959492930173,DAG1B_long,PreyAK -> SAR,H1e,131.229121354239,12.ZooPreyAK_DFA1,X12_DFA_biomassEuphShelfSum,1,0,1,Multi-Taxa DFA,FALSE,Positive (+),Flipped
35807,logSAR,~,PredAK,-0.345501560310666,0.170769661793723,-2.02320222855513,0.0430523020176381,-0.680203947078449,-0.0107991735428828,DAG1B_long,PredAK -> SAR,H2c,131.229121354239,15.PredFishAK_b_DFA1,X15_DFA_sleeperSharks,1,0,1,Multi-Taxa DFA,FALSE,Negative (-),Supported
35809,Growth,~,PreyNCC,-0.933812356559096,0.0730281003956547,-12.7870278906318,0,-1.07694480319395,-0.790679909924237,DAG1B_long,PreyNCC -> Growth,H1a,132.28843979423,05.ForageFishNCC_DFA1,X05_DFA_abundSardine,1,0,1,Multi-Taxa DFA,TRUE,Negative (-),Supported
35809,Abundance,~,PredNCC,-0.613080028554731,0.161262322344078,-3.8017561674861,1.4367408690096e-4,-0.929148372412413,-0.29701168469704903,DAG1B_long,PredNCC -> CPUE,H2a,132.28843979423,09.PredFishNCC_b_DFA1,X09_DFA_HakeAge5Plus,1,0,1,Multi-Taxa DFA,FALSE,Negative (-),Supported
35809,logSAR,~,Growth,0.473468292756612,0.141569997574894,3.34441125144566,8.2457406725722e-4,0.195996196218396,0.750940389294828,DAG1B_long,Growth -> SAR,H1c,132.28843979423,06.Cond1NCC_DFA1,X06_DFA_IGF_mu,1,1,0,Multi-Taxa DFA,FALSE,Positive (+),Supported
35809,logSAR,~,Abundance,0.424492558062292,0.123621207298218,3.43381663502336,5.9514664942694e-4,0.182199444032425,0.666785672092158,DAG1B_long,CPUE -> SAR,H4a,132.28843979423,07.Cond2NCC_DFA1,X07_DFA_cpue_IntSprJunHW,1,1,0,Multi-Taxa DFA,FALSE,Positive (+),Supported
35809,logSAR,~,PreyAK,-0.595571662682736,0.167826141879183,-3.5487419064396,3.8707627278666e-4,-0.924504856430244,-0.266638468935227,DAG1B_long,PreyAK -> SAR,H1e,132.28843979423,12.ZooPreyAK_DFA1,X12_DFA_biomassEuphShelfSum,1,0,1,Multi-Taxa DFA,FALSE,Positive (+),Flipped
35809,logSAR,~,PredAK,0.11713636681076,0.143046738801439,0.818867789592572,0.412861849007873,-0.163230089345968,0.397502822967488,DAG1B_long,PredAK -> SAR,H2c,132.28843979423,15.PredFishAK_b_2_smoothed,X15_salmonSharkGoA_predAK,0,1,0,Single-Series Straggler,FALSE,Negative (-),NS
35811,Growth,~,PreyNCC,-0.933812356559096,0.0730281003956551,-12.7870278906317,0,-1.07694480319395,-0.790679909924237,DAG1B_long,PreyNCC -> Growth,H1a,132.91904568171,05.ForageFishNCC_DFA1,X05_DFA_abundSardine,1,0,1,Multi-Taxa DFA,TRUE,Negative (-),Supported
35811,Abundance,~,PredNCC,-0.613080028554731,0.161262322344078,-3.80175616748611,1.4367408690096e-4,-0.929148372412413,-0.29701168469704903,DAG1B_long,PredNCC -> CPUE,H2a,132.91904568171,09.PredFishNCC_b_DFA1,X09_DFA_HakeAge5Plus,1,0,1,Multi-Taxa DFA,FALSE,Negative (-),Supported
35811,logSAR,~,Growth,0.448901083841974,0.177751734628754,2.52543855495719,0.0115553986662715,0.100514085780095,0.797288081903852,DAG1B_long,Growth -> SAR,H1c,132.91904568171,06.Cond1NCC_DFA1,X06_DFA_IGF_mu,1,1,0,Multi-Taxa DFA,FALSE,Positive (+),Supported
35811,logSAR,~,Abundance,0.438532374355449,0.126525775125553,3.46595287735079,5.2835587338528e-4,0.190546411993351,0.686518336717546,DAG1B_long,CPUE -> SAR,H4a,132.91904568171,07.Cond2NCC_DFA1,X07_DFA_cpue_IntSprJunHW,1,1,0,Multi-Taxa DFA,FALSE,Positive (+),Supported
35811,logSAR,~,PreyAK,-0.514343987350253,0.146576499990143,-3.50904809014296,4.4971358281165e-4,-0.80162864831087,-0.227059326389636,DAG1B_long,PreyAK -> SAR,H1e,132.91904568171,12.ZooPreyAK_DFA1,X12_DFA_biomassEuphShelfSum,1,0,1,Multi-Taxa DFA,FALSE,Positive (+),Flipped
35811,logSAR,~,PredAK,6.0420337514821e-4,0.157533745690949,0.00383539014131962,0.996939808924267,-0.308156264528804,0.309364671279101,DAG1B_long,PredAK -> SAR,H2c,132.91904568171,15.PredFishAK_b_3_smoothed,X15_sharkCatchGoA_predAK,0,1,0,Single-Series Straggler,FALSE,Negative (-),NS
35829,Growth,~,PreyNCC,-0.933812356550682,0.0730280944533392,-12.7870289310005,0,-1.07694479153882,-0.790679921562548,DAG1B_long,PreyNCC -> Growth,H1a,133.655599982961,05.ForageFishNCC_DFA1,X05_DFA_abundSardine,1,0,1,Multi-Taxa DFA,TRUE,Negative (-),Supported
35829,Abundance,~,PredNCC,0.0114438759766472,0.204110655954368,0.0560670187606746,0.955288417808932,-0.38860565855476,0.411493410508054,DAG1B_long,PredNCC -> CPUE,H2a,133.655599982961,11.PredMammalSmolt_DFA1,X11_DFA_Harbour_p_WS,0,1,0,Multi-Taxa DFA,FALSE,Negative (-),NS
35829,logSAR,~,Growth,0.659578509850699,0.131809374931855,5.00403336402814,5.61430334888868e-7,0.401236882159526,0.917920137541872,DAG1B_long,Growth -> SAR,H1c,133.655599982961,06.Cond1NCC_DFA1,X06_DFA_IGF_mu,1,1,0,Multi-Taxa DFA,FALSE,Positive (+),Supported
35829,logSAR,~,Abundance,0.279862480570267,0.0958919760060736,2.91851823506631,0.00351699304372088,0.0919176611919833,0.46780729994855,DAG1B_long,CPUE -> SAR,H4a,133.655599982961,07.Cond2NCC_DFA1,X07_DFA_cpue_IntSprJunHW,1,1,0,Multi-Taxa DFA,FALSE,Positive (+),Supported
35829,logSAR,~,PreyAK,-0.772506457884622,0.130698206029153,-5.91061255815793,3.40837846835029e-9,-1.02867023454576,-0.516342681223487,DAG1B_long,PreyAK -> SAR,H1e,133.655599982961,12.ZooPreyAK_DFA1,X12_DFA_biomassEuphShelfSum,1,0,1,Multi-Taxa DFA,FALSE,Positive (+),Flipped
35829,logSAR,~,PredAK,0.438044778900474,0.11364928167426,3.8543558960275,1.1603470283416e-4,0.215296279950077,0.660793277850872,DAG1B_long,PredAK -> SAR,H2c,133.655599982961,15.PredFishAK_3_smoothed,X15_PacificCodBiomass_predAK,1,1,0,Single-Series Straggler,FALSE,Negative (-),Flipped
35833,Growth,~,PreyNCC,-0.93381235640097,0.0730280565221027,-12.7870355706145,0,-1.07694471704525,-0.790679995756693,DAG1B_long,PreyNCC -> Growth,H1a,136.880694881101,05.ForageFishNCC_DFA1,X05_DFA_abundSardine,1,0,1,Multi-Taxa DFA,TRUE,Negative (-),Supported
35833,Abundance,~,PredNCC,0.0114438759766484,0.2041107784543,0.0560669851112769,0.955288444615102,-0.388605898650214,0.411493650603511,DAG1B_long,PredNCC -> CPUE,H2a,136.880694881101,11.PredMammalSmolt_DFA1,X11_DFA_Harbour_p_WS,0,1,0,Multi-Taxa DFA,FALSE,Negative (-),NS
35833,logSAR,~,Growth,0.940473151883767,0.158514820212138,5.93302979888659,2.97394842085907e-9,0.629789813252134,1.2511564905154,DAG1B_long,Growth -> SAR,H1c,136.880694881101,06.Cond1NCC_DFA1,X06_DFA_IGF_mu,1,1,0,Multi-Taxa DFA,FALSE,Positive (+),Supported
35833,logSAR,~,Abundance,0.344979744803246,0.102557597670083,3.36376585100022,7.688674471995e-4,0.143970547028934,0.545988942577558,DAG1B_long,CPUE -> SAR,H4a,136.880694881101,07.Cond2NCC_DFA1,X07_DFA_cpue_IntSprJunHW,1,1,0,Multi-Taxa DFA,FALSE,Positive (+),Supported
35833,logSAR,~,PreyAK,-0.707185585298467,0.126793604465706,-5.57745470111421,2.44063311782838e-8,-0.955696483521268,-0.458674687075667,DAG1B_long,PreyAK -> SAR,H1e,136.880694881101,12.ZooPreyAK_DFA1,X12_DFA_biomassEuphShelfSum,1,0,1,Multi-Taxa DFA,FALSE,Positive (+),Flipped
35833,logSAR,~,PredAK,0.535252847899439,0.13455794054449,3.97786147538772,6.9537861396185e-5,0.271524130598356,0.798981565200521,DAG1B_long,PredAK -> SAR,H2c,136.880694881101,15.PredFishAK_5_smoothed,X15_halibutBiomassAge8plus_2yrLead_predAK,1,1,0,Single-Series Straggler,FALSE,Negative (-),Flipped
35931,Growth,~,PreyNCC,-0.933812356559096,0.0730281003956547,-12.7870278906318,0,-1.07694480319395,-0.790679909924237,DAG1B_long,PreyNCC -> Growth,H1a,134.633081533199,05.ForageFishNCC_DFA1,X05_DFA_abundSardine,1,0,1,Multi-Taxa DFA,TRUE,Negative (-),Supported
35931,Abundance,~,PredNCC,0.544747250511556,0.171178565765414,3.18233330251223,0.00146093587632135,0.209243426686124,0.880251074336988,DAG1B_long,PredNCC -> CPUE,H2a,134.633081533199,08.PredBirdNCC_b_2_smoothed,X08_Loons_8_WS,1,1,0,Single-Series Straggler,FALSE,Negative (-),Flipped
35931,logSAR,~,Growth,-0.150097547330334,0.127877809703068,-1.17375757122256,0.240492143060605,-0.400733448770214,0.100538354109545,DAG1B_long,Growth -> SAR,H1c,134.633081533199,06.Cond1NCC_DFA1,X06_DFA_IGF_mu,0,0,1,Multi-Taxa DFA,FALSE,Positive (+),NS
35931,logSAR,~,Abundance,0.292075248389099,0.121918494095367,2.39565990833706,0.0165904757842485,0.0531193909128209,0.531031105865377,DAG1B_long,CPUE -> SAR,H4a,134.633081533199,07.Cond2NCC_DFA1,X07_DFA_cpue_IntSprJunHW,1,1,0,Multi-Taxa DFA,FALSE,Positive (+),Supported
35931,logSAR,~,PreyAK,-0.390734819032869,0.128076908839156,-3.05078270996974,0.0022824568981179,-0.641760947608835,-0.139708690456903,DAG1B_long,PreyAK -> SAR,H1e,134.633081533199,12.ZooPreyAK_0_smoothed,X12_copepodBiomass_WGoA,1,0,1,Single-Series Straggler,FALSE,Positive (+),Flipped
35931,logSAR,~,PredAK,-0.310943842691047,0.139088586340611,-2.23558130017645,0.0253792106426241,-0.583552462579234,-0.0383352228028602,DAG1B_long,PredAK -> SAR,H2c,134.633081533199,10.PredMammalNCC_2_smoothed,X10_Harbour_s_2yrLead_WS,1,0,1,Single-Series Straggler,FALSE,Negative (-),Supported
35933,Growth,~,PreyNCC,-0.933812356559096,0.073028100395655,-12.7870278906317,0,-1.07694480319395,-0.790679909924237,DAG1B_long,PreyNCC -> Growth,H1a,137.962730370409,05.ForageFishNCC_DFA1,X05_DFA_abundSardine,1,0,1,Multi-Taxa DFA,TRUE,Negative (-),Supported
35933,Abundance,~,PredNCC,0.544747250511556,0.171178565765414,3.18233330251222,0.00146093587632135,0.209243426686124,0.880251074336988,DAG1B_long,PredNCC -> CPUE,H2a,137.962730370409,08.PredBirdNCC_b_2_smoothed,X08_Loons_8_WS,1,1,0,Single-Series Straggler,FALSE,Negative (-),Flipped
35933,logSAR,~,Growth,-0.0205417501947427,0.12982119365704,-0.158231099376651,0.874274698676351,-0.274986614192541,0.233903113803056,DAG1B_long,Growth -> SAR,H1c,137.962730370409,06.Cond1NCC_DFA1,X06_DFA_IGF_mu,0,0,1,Multi-Taxa DFA,FALSE,Positive (+),NS
35933,logSAR,~,Abundance,0.332076885251481,0.12669150754828,2.6211455817189,0.00876348301838381,0.0837660933097673,0.580387677193195,DAG1B_long,CPUE -> SAR,H4a,137.962730370409,07.Cond2NCC_DFA1,X07_DFA_cpue_IntSprJunHW,1,1,0,Multi-Taxa DFA,FALSE,Positive (+),Supported
35933,logSAR,~,PreyAK,-0.409406679365361,0.136885500076923,-2.99086958907477,0.00278184267460446,-0.677697329521885,-0.141116029208837,DAG1B_long,PreyAK -> SAR,H1e,137.962730370409,12.ZooPreyAK_0_smoothed,X12_copepodBiomass_WGoA,1,0,1,Single-Series Straggler,FALSE,Positive (+),Flipped
35933,logSAR,~,PredAK,0.137777260145903,0.133808351572396,1.02966114242398,0.303169102410463,-0.124482289766666,0.400036810058472,DAG1B_long,PredAK -> SAR,H2c,137.962730370409,10.PredMammalNCC_3_smoothed,X10_Northern_f_s_2yrLead_WS,0,1,0,Single-Series Straggler,FALSE,Negative (-),NS
35935,Growth,~,PreyNCC,-0.933812356559096,0.0730281003956551,-12.7870278906317,0,-1.07694480319396,-0.790679909924237,DAG1B_long,PreyNCC -> Growth,H1a,137.853126654375,05.ForageFishNCC_DFA1,X05_DFA_abundSardine,1,0,1,Multi-Taxa DFA,TRUE,Negative (-),Supported
35935,Abundance,~,PredNCC,0.544747250511556,0.171178565765414,3.18233330251223,0.00146093587632135,0.209243426686124,0.880251074336988,DAG1B_long,PredNCC -> CPUE,H2a,137.853126654375,08.PredBirdNCC_b_2_smoothed,X08_Loons_8_WS,1,1,0,Single-Series Straggler,FALSE,Negative (-),Flipped
35935,logSAR,~,Growth,-0.31798132933151,0.272375641631343,-1.16743673342822,0.243034043940491,-0.851827777194931,0.21586511853191,DAG1B_long,Growth -> SAR,H1c,137.853126654375,06.Cond1NCC_DFA1,X06_DFA_IGF_mu,0,0,1,Multi-Taxa DFA,FALSE,Positive (+),NS
35935,logSAR,~,Abundance,0.378432257800656,0.125881391588337,3.00626052052412,0.00264482292481127,0.131709263963732,0.62515525163758,DAG1B_long,CPUE -> SAR,H4a,137.853126654375,07.Cond2NCC_DFA1,X07_DFA_cpue_IntSprJunHW,1,1,0,Multi-Taxa DFA,FALSE,Positive (+),Supported
35935,logSAR,~,PreyAK,-0.486557075967035,0.128876579138902,-3.77537236958027,1.5976881356083e-4,-0.739150529530008,-0.233963622404061,DAG1B_long,PreyAK -> SAR,H1e,137.853126654375,12.ZooPreyAK_0_smoothed,X12_copepodBiomass_WGoA,1,0,1,Single-Series Straggler,FALSE,Positive (+),Flipped
35935,logSAR,~,PredAK,-0.33369343149591,0.271086557593823,-1.23094790998782,0.218342347110017,-0.865013321072747,0.197626458080926,DAG1B_long,PredAK -> SAR,H2c,137.853126654375,15.PredFishAK_0_smoothed,X15_ArrowtoothFlounderBiomass_predAK,0,0,1,Single-Series Straggler,FALSE,Negative (-),NS
35943,Growth,~,PreyNCC,-0.933812356559096,0.0730281003956539,-12.7870278906319,0,-1.07694480319395,-0.790679909924239,DAG1B_long,PreyNCC -> Growth,H1a,138.443145192654,05.ForageFishNCC_DFA1,X05_DFA_abundSardine,1,0,1,Multi-Taxa DFA,TRUE,Negative (-),Supported
35943,Abundance,~,PredNCC,0.544747250511556,0.171178565765414,3.18233330251223,0.00146093587632135,0.209243426686124,0.880251074336988,DAG1B_long,PredNCC -> CPUE,H2a,138.443145192654,08.PredBirdNCC_b_2_smoothed,X08_Loons_8_WS,1,1,0,Single-Series Straggler,FALSE,Negative (-),Flipped
35943,logSAR,~,Growth,-0.165310214596618,0.198644583196285,-0.832190900636194,0.40530119918774,-0.554646443385308,0.224026014192071,DAG1B_long,Growth -> SAR,H1c,138.443145192654,06.Cond1NCC_DFA1,X06_DFA_IGF_mu,0,0,1,Multi-Taxa DFA,FALSE,Positive (+),NS
35943,logSAR,~,Abundance,0.362586859335971,0.127329410944198,2.84762849876746,0.0044046308368817,0.113025799712644,0.612147918959299,DAG1B_long,CPUE -> SAR,H4a,138.443145192654,07.Cond2NCC_DFA1,X07_DFA_cpue_IntSprJunHW,1,1,0,Multi-Taxa DFA,FALSE,Positive (+),Supported
35943,logSAR,~,PreyAK,-0.475083685742287,0.130665321154062,-3.63588197347431,2.7703115926103e-4,-0.731183009232608,-0.218984362251965,DAG1B_long,PreyAK -> SAR,H1e,138.443145192654,12.ZooPreyAK_0_smoothed,X12_copepodBiomass_WGoA,1,0,1,Single-Series Straggler,FALSE,Positive (+),Flipped
35943,logSAR,~,PredAK,0.179829797030556,0.194959523361286,0.922395551292498,0.356322289417918,-0.20228384720066,0.561943441261773,DAG1B_long,PredAK -> SAR,H2c,138.443145192654,15.PredFishAK_4_smoothed,X15_spinyDogfishGoA_predAK,0,1,0,Single-Series Straggler,FALSE,Negative (-),NS
35945,Growth,~,PreyNCC,-0.933812356559096,0.073028100395655,-12.7870278906318,0,-1.07694480319395,-0.790679909924237,DAG1B_long,PreyNCC -> Growth,H1a,137.885490831055,05.ForageFishNCC_DFA1,X05_DFA_abundSardine,1,0,1,Multi-Taxa DFA,TRUE,Negative (-),Supported
35945,Abundance,~,PredNCC,0.544747250511556,0.171178565765414,3.18233330251223,0.00146093587632135,0.209243426686124,0.880251074336988,DAG1B_long,PredNCC -> CPUE,H2a,137.885490831055,08.PredBirdNCC_b_2_smoothed,X08_Loons_8_WS,1,1,0,Single-Series Straggler,FALSE,Negative (-),Flipped
35945,logSAR,~,Growth,0.138900163170864,0.158952881305375,0.873844890574923,0.38220272988004,-0.172641759426541,0.45044208576827,DAG1B_long,Growth -> SAR,H1c,137.885490831055,06.Cond1NCC_DFA1,X06_DFA_IGF_mu,0,1,0,Multi-Taxa DFA,FALSE,Positive (+),NS
35945,logSAR,~,Abundance,0.318522662332618,0.130587172337189,2.43915735850502,0.0147215561819853,0.0625765077088026,0.574468816956434,DAG1B_long,CPUE -> SAR,H4a,137.885490831055,07.Cond2NCC_DFA1,X07_DFA_cpue_IntSprJunHW,1,1,0,Multi-Taxa DFA,FALSE,Positive (+),Supported
35945,logSAR,~,PreyAK,-0.471202534752774,0.135621983576337,-3.47438167712355,5.1203213268546e-4,-0.737016738074276,-0.205388331431272,DAG1B_long,PreyAK -> SAR,H1e,137.885490831055,12.ZooPreyAK_0_smoothed,X12_copepodBiomass_WGoA,1,0,1,Single-Series Straggler,FALSE,Positive (+),Flipped
35945,logSAR,~,PredAK,0.213162640395062,0.170876406115509,1.24746678163964,0.21222639304108,-0.121748961398975,0.5480742421891,DAG1B_long,PredAK -> SAR,H2c,137.885490831055,15.PredFishAK_5_smoothed,X15_halibutBiomassAge8plus_2yrLead_predAK,0,1,0,Single-Series Straggler,FALSE,Negative (-),NS
35947,Growth,~,PreyNCC,-0.933812356559096,0.0730281003956547,-12.7870278906318,0,-1.07694480319395,-0.790679909924237,DAG1B_long,PreyNCC -> Growth,H1a,137.781527752123,05.ForageFishNCC_DFA1,X05_DFA_abundSardine,1,0,1,Multi-Taxa DFA,TRUE,Negative (-),Supported
35947,Abundance,~,PredNCC,0.544747250511556,0.171178565765414,3.18233330251223,0.00146093587632135,0.209243426686124,0.880251074336988,DAG1B_long,PredNCC -> CPUE,H2a,137.781527752123,08.PredBirdNCC_b_2_smoothed,X08_Loons_8_WS,1,1,0,Single-Series Straggler,FALSE,Negative (-),Flipped
35947,logSAR,~,Growth,-0.258740509470249,0.188630671664567,-1.37167782517551,0.170163754493058,-0.628449832312401,0.110968813371903,DAG1B_long,Growth -> SAR,H1c,137.781527752123,06.Cond1NCC_DFA1,X06_DFA_IGF_mu,0,0,1,Multi-Taxa DFA,FALSE,Positive (+),NS
35947,logSAR,~,Abundance,0.376550878805388,0.125753052567145,2.99436770017437,0.00275014295157461,0.130079424827812,0.623022332782964,DAG1B_long,CPUE -> SAR,H4a,137.781527752123,07.Cond2NCC_DFA1,X07_DFA_cpue_IntSprJunHW,1,1,0,Multi-Taxa DFA,FALSE,Positive (+),Supported
35947,logSAR,~,PreyAK,-0.34157235853644,0.159549722888763,-2.14085209520911,0.0322859673328106,-0.65428406914176,-0.0288606479311193,DAG1B_long,PreyAK -> SAR,H1e,137.781527752123,12.ZooPreyAK_0_smoothed,X12_copepodBiomass_WGoA,1,0,1,Single-Series Straggler,FALSE,Positive (+),Flipped
35947,logSAR,~,PredAK,-0.337981039790079,0.222423402537487,-1.51953902302666,0.128626873240727,-0.773922898082407,0.0979608185022501,DAG1B_long,PredAK -> SAR,H2c,137.781527752123,15.PredFishAK_b_DFA1,X15_DFA_sleeperSharks,0,0,1,Multi-Taxa DFA,FALSE,Negative (-),NS
35951,Growth,~,PreyNCC,-0.933812356559096,0.073028100395655,-12.7870278906317,0,-1.07694480319395,-0.790679909924237,DAG1B_long,PreyNCC -> Growth,H1a,135.647960789454,05.ForageFishNCC_DFA1,X05_DFA_abundSardine,1,0,1,Multi-Taxa DFA,TRUE,Negative (-),Supported
35951,Abundance,~,PredNCC,0.544747250511556,0.171178565765414,3.18233330251223,0.00146093587632135,0.209243426686124,0.880251074336988,DAG1B_long,PredNCC -> CPUE,H2a,135.647960789454,08.PredBirdNCC_b_2_smoothed,X08_Loons_8_WS,1,1,0,Single-Series Straggler,FALSE,Negative (-),Flipped
35951,logSAR,~,Growth,-0.253450998943757,0.168728533689953,-1.50212292729033,0.133065364713101,-0.584152848140318,0.0772508502528036,DAG1B_long,Growth -> SAR,H1c,135.647960789454,06.Cond1NCC_DFA1,X06_DFA_IGF_mu,0,0,1,Multi-Taxa DFA,FALSE,Positive (+),NS
35951,logSAR,~,Abundance,0.346756986209598,0.12247065901244,2.83134743460778,0.00463523408596522,0.106718905382329,0.586795067036867,DAG1B_long,CPUE -> SAR,H4a,135.647960789454,07.Cond2NCC_DFA1,X07_DFA_cpue_IntSprJunHW,1,1,0,Multi-Taxa DFA,FALSE,Positive (+),Supported
35951,logSAR,~,PreyAK,-0.571431538662056,0.131081490490511,-4.35936100912295,1.30442771415495e-5,-0.828346539063287,-0.314516538260824,DAG1B_long,PreyAK -> SAR,H1e,135.647960789454,12.ZooPreyAK_0_smoothed,X12_copepodBiomass_WGoA,1,0,1,Single-Series Straggler,FALSE,Positive (+),Flipped
35951,logSAR,~,PredAK,0.321721287223006,0.165150500706067,1.94804911791095,0.051409086233255,-0.00196774618964229,0.645410320635655,DAG1B_long,PredAK -> SAR,H2c,135.647960789454,15.PredFishAK_b_3_smoothed,X15_sharkCatchGoA_predAK,0,1,0,Single-Series Straggler,FALSE,Negative (-),NS
35981,Growth,~,PreyNCC,-0.933812356559096,0.0730281003956547,-12.7870278906318,0,-1.07694480319395,-0.790679909924237,DAG1B_long,PreyNCC -> Growth,H1a,135.911115673423,05.ForageFishNCC_DFA1,X05_DFA_abundSardine,1,0,1,Multi-Taxa DFA,TRUE,Negative (-),Supported
35981,Abundance,~,PredNCC,-0.613080028554731,0.161262322344078,-3.8017561674861,1.4367408690096e-4,-0.929148372412413,-0.29701168469704903,DAG1B_long,PredNCC -> CPUE,H2a,135.911115673423,09.PredFishNCC_b_DFA1,X09_DFA_HakeAge5Plus,1,0,1,Multi-Taxa DFA,FALSE,Negative (-),Supported
35981,logSAR,~,Growth,0.118107684921126,0.209232474198738,0.564480659005839,0.572427059217674,-0.291980428904607,0.528195798746858,DAG1B_long,Growth -> SAR,H1c,135.911115673423,06.Cond1NCC_DFA1,X06_DFA_IGF_mu,0,1,0,Multi-Taxa DFA,FALSE,Positive (+),NS
35981,logSAR,~,Abundance,0.342524798736222,0.144435333209131,2.37147511710499,0.0177172396197134,0.0594367475512833,0.625612849921161,DAG1B_long,CPUE -> SAR,H4a,135.911115673423,07.Cond2NCC_DFA1,X07_DFA_cpue_IntSprJunHW,1,1,0,Multi-Taxa DFA,FALSE,Positive (+),Supported
35981,logSAR,~,PreyAK,-0.443037512124905,0.149130840740784,-2.97079738787891,0.00297027670666861,-0.73532858896102,-0.150746435288791,DAG1B_long,PreyAK -> SAR,H1e,135.911115673423,12.ZooPreyAK_0_smoothed,X12_copepodBiomass_WGoA,1,0,1,Single-Series Straggler,FALSE,Positive (+),Flipped
35981,logSAR,~,PredAK,-0.140595743620951,0.221060385932356,-0.636006053404672,0.524772476514864,-0.573866138456894,0.292674651214991,DAG1B_long,PredAK -> SAR,H2c,135.911115673423,10.PredMammalNCC_DFA1,X10_DFA_ssl.est.wholerange_2yrLead,0,0,1,Multi-Taxa DFA,FALSE,Negative (-),NS
35983,Growth,~,PreyNCC,-0.933812356559096,0.0730281003956557,-12.7870278906316,0,-1.07694480319396,-0.790679909924235,DAG1B_long,PreyNCC -> Growth,H1a,136.123923006749,05.ForageFishNCC_DFA1,X05_DFA_abundSardine,1,0,1,Multi-Taxa DFA,TRUE,Negative (-),Supported
35983,Abundance,~,PredNCC,-0.613080028554731,0.161262322344078,-3.8017561674861,1.4367408690096e-4,-0.929148372412413,-0.297011684697048,DAG1B_long,PredNCC -> CPUE,H2a,136.123923006749,09.PredFishNCC_b_DFA1,X09_DFA_HakeAge5Plus,1,0,1,Multi-Taxa DFA,FALSE,Negative (-),Supported
35983,logSAR,~,Growth,-0.0327417460182665,0.201018985492778,-0.162878874042685,0.870613804759352,-0.42673171779289,0.361248225756357,DAG1B_long,Growth -> SAR,H1c,136.123923006749,06.Cond1NCC_DFA1,X06_DFA_IGF_mu,0,0,1,Multi-Taxa DFA,FALSE,Positive (+),NS
35983,logSAR,~,Abundance,0.351175551822522,0.141816727745874,2.47626325472553,0.0132765643406934,0.0732198730352867,0.629131230609758,DAG1B_long,CPUE -> SAR,H4a,136.123923006749,07.Cond2NCC_DFA1,X07_DFA_cpue_IntSprJunHW,1,1,0,Multi-Taxa DFA,FALSE,Positive (+),Supported
35983,logSAR,~,PreyAK,-0.437913348965466,0.154439703540585,-2.83549721299735,0.00457544142844268,-0.740609605688057,-0.135217092242876,DAG1B_long,PreyAK -> SAR,H1e,136.123923006749,12.ZooPreyAK_0_smoothed,X12_copepodBiomass_WGoA,1,0,1,Single-Series Straggler,FALSE,Positive (+),Flipped
35983,logSAR,~,PredAK,0.031912258547653,0.212858372016278,0.149922496565992,0.880825762620469,-0.38528248441208,0.44910700150738597,DAG1B_long,PredAK -> SAR,H2c,136.123923006749,10.PredMammalNCC_0_smoothed,X10_Californian_s_l_2yrLead_WS,0,1,0,Single-Series Straggler,FALSE,Negative (-),NS
35987,Growth,~,PreyNCC,-0.933812356559096,0.0730281003956547,-12.7870278906318,0,-1.07694480319395,-0.790679909924237,DAG1B_long,PreyNCC -> Growth,H1a,131.768687028853,05.ForageFishNCC_DFA1,X05_DFA_abundSardine,1,0,1,Multi-Taxa DFA,TRUE,Negative (-),Supported
35987,Abundance,~,PredNCC,-0.613080028554731,0.161262322344078,-3.8017561674861,1.4367408690096e-4,-0.929148372412413,-0.29701168469704903,DAG1B_long,PredNCC -> CPUE,H2a,131.768687028853,09.PredFishNCC_b_DFA1,X09_DFA_HakeAge5Plus,1,0,1,Multi-Taxa DFA,FALSE,Negative (-),Supported
35987,logSAR,~,Growth,-0.150097547330334,0.131894354357072,-1.13801343554085,0.255114872156899,-0.408605731634359,0.108410636973691,DAG1B_long,Growth -> SAR,H1c,131.768687028853,06.Cond1NCC_DFA1,X06_DFA_IGF_mu,0,0,1,Multi-Taxa DFA,FALSE,Positive (+),NS
35987,logSAR,~,Abundance,0.292075248389099,0.129283607861395,2.25918237602274,0.0238720426479855,0.038684033189365,0.545466463588833,DAG1B_long,CPUE -> SAR,H4a,131.768687028853,07.Cond2NCC_DFA1,X07_DFA_cpue_IntSprJunHW,1,1,0,Multi-Taxa DFA,FALSE,Positive (+),Supported
35987,logSAR,~,PreyAK,-0.390734819032869,0.13721489616873,-2.84761224869049,0.00440485572222249,-0.659671073665983,-0.121798564399755,DAG1B_long,PreyAK -> SAR,H1e,131.768687028853,12.ZooPreyAK_0_smoothed,X12_copepodBiomass_WGoA,1,0,1,Single-Series Straggler,FALSE,Positive (+),Flipped
35987,logSAR,~,PredAK,-0.310943842691047,0.134194960336391,-2.31710521700363,0.0204980008978937,-0.573961131857155,-0.0479265535249394,DAG1B_long,PredAK -> SAR,H2c,131.768687028853,10.PredMammalNCC_2_smoothed,X10_Harbour_s_2yrLead_WS,1,0,1,Single-Series Straggler,FALSE,Negative (-),Supported
35989,Growth,~,PreyNCC,-0.933812356559096,0.0730281003956548,-12.7870278906318,0,-1.07694480319395,-0.790679909924237,DAG1B_long,PreyNCC -> Growth,H1a,135.098335866063,05.ForageFishNCC_DFA1,X05_DFA_abundSardine,1,0,1,Multi-Taxa DFA,TRUE,Negative (-),Supported
35989,Abundance,~,PredNCC,-0.613080028554731,0.161262322344078,-3.8017561674861,1.4367408690096e-4,-0.929148372412413,-0.29701168469704903,DAG1B_long,PredNCC -> CPUE,H2a,135.098335866063,09.PredFishNCC_b_DFA1,X09_DFA_HakeAge5Plus,1,0,1,Multi-Taxa DFA,FALSE,Negative (-),Supported
35989,logSAR,~,Growth,-0.0205417501947429,0.135327139491336,-0.15179327865759,0.879349983558511,-0.285778069728589,0.244694569339103,DAG1B_long,Growth -> SAR,H1c,135.098335866063,06.Cond1NCC_DFA1,X06_DFA_IGF_mu,0,0,1,Multi-Taxa DFA,FALSE,Positive (+),NS
35989,logSAR,~,Abundance,0.332076885251481,0.1392297200253,2.38510057472742,0.0170744526694242,0.0591916484242984,0.604962122078665,DAG1B_long,CPUE -> SAR,H4a,135.098335866063,07.Cond2NCC_DFA1,X07_DFA_cpue_IntSprJunHW,1,1,0,Multi-Taxa DFA,FALSE,Positive (+),Supported
35989,logSAR,~,PreyAK,-0.409406679365361,0.145198487016032,-2.819634610381,0.00480783609438618,-0.693990484526491,-0.124822874204231,DAG1B_long,PreyAK -> SAR,H1e,135.098335866063,12.ZooPreyAK_0_smoothed,X12_copepodBiomass_WGoA,1,0,1,Single-Series Straggler,FALSE,Positive (+),Flipped
35989,logSAR,~,PredAK,0.137777260145903,0.13379457551589,1.02976716069883,0.303119319860817,-0.124455289192065,0.400009809483871,DAG1B_long,PredAK -> SAR,H2c,135.098335866063,10.PredMammalNCC_3_smoothed,X10_Northern_f_s_2yrLead_WS,0,1,0,Single-Series Straggler,FALSE,Negative (-),NS
35991,Growth,~,PreyNCC,-0.933812356559096,0.0730281003956553,-12.7870278906317,0,-1.07694480319396,-0.790679909924236,DAG1B_long,PreyNCC -> Growth,H1a,134.98873215003,05.ForageFishNCC_DFA1,X05_DFA_abundSardine,1,0,1,Multi-Taxa DFA,TRUE,Negative (-),Supported
35991,Abundance,~,PredNCC,-0.613080028554731,0.161262322344078,-3.8017561674861,1.4367408690096e-4,-0.929148372412413,-0.29701168469704903,DAG1B_long,PredNCC -> CPUE,H2a,134.98873215003,09.PredFishNCC_b_DFA1,X09_DFA_HakeAge5Plus,1,0,1,Multi-Taxa DFA,FALSE,Negative (-),Supported
35991,logSAR,~,Growth,-0.31798132933151,0.273324901273123,-1.16338221600148,0.244674461705787,-0.853688291904797,0.217725633241776,DAG1B_long,Growth -> SAR,H1c,134.98873215003,06.Cond1NCC_DFA1,X06_DFA_IGF_mu,0,0,1,Multi-Taxa DFA,FALSE,Positive (+),NS
35991,logSAR,~,Abundance,0.378432257800656,0.143193189089262,2.64280906241116,0.00822213874608679,0.0977787643542691,0.659085751247042,DAG1B_long,CPUE -> SAR,H4a,134.98873215003,07.Cond2NCC_DFA1,X07_DFA_cpue_IntSprJunHW,1,1,0,Multi-Taxa DFA,FALSE,Positive (+),Supported
35991,logSAR,~,PreyAK,-0.486557075967034,0.139631201094125,-3.48458705614833,4.928970903324e-4,-0.76022920122959,-0.212884950704478,DAG1B_long,PreyAK -> SAR,H1e,134.98873215003,12.ZooPreyAK_0_smoothed,X12_copepodBiomass_WGoA,1,0,1,Single-Series Straggler,FALSE,Positive (+),Flipped
35991,logSAR,~,PredAK,-0.33369343149591,0.280568976938617,-1.1893454334722,0.234303763733794,-0.883598521474849,0.216211658483028,DAG1B_long,PredAK -> SAR,H2c,134.98873215003,15.PredFishAK_0_smoothed,X15_ArrowtoothFlounderBiomass_predAK,0,0,1,Single-Series Straggler,FALSE,Negative (-),NS
35993,Growth,~,PreyNCC,-0.933812356559095,0.0730281003956548,-12.7870278906318,0,-1.07694480319395,-0.790679909924237,DAG1B_long,PreyNCC -> Growth,H1a,135.920019107919,05.ForageFishNCC_DFA1,X05_DFA_abundSardine,1,0,1,Multi-Taxa DFA,TRUE,Negative (-),Supported
35993,Abundance,~,PredNCC,-0.613080028554731,0.161262322344078,-3.80175616748611,1.4367408690096e-4,-0.929148372412412,-0.29701168469705,DAG1B_long,PredNCC -> CPUE,H2a,135.920019107919,09.PredFishNCC_b_DFA1,X09_DFA_HakeAge5Plus,1,0,1,Multi-Taxa DFA,FALSE,Negative (-),Supported
35993,logSAR,~,Growth,-0.0116962339343272,0.140037076951518,-0.0835224084145693,0.933436160303263,-0.286163861259567,0.262771393390913,DAG1B_long,Growth -> SAR,H1c,135.920019107919,06.Cond1NCC_DFA1,X06_DFA_IGF_mu,0,0,1,Multi-Taxa DFA,FALSE,Positive (+),NS
35993,logSAR,~,Abundance,0.37438054412964,0.147906525295086,2.53119693930149,0.0113674003511013,0.0844890814728094,0.66427200678647,DAG1B_long,CPUE -> SAR,H4a,135.920019107919,07.Cond2NCC_DFA1,X07_DFA_cpue_IntSprJunHW,1,1,0,Multi-Taxa DFA,FALSE,Positive (+),Supported
35993,logSAR,~,PreyAK,-0.426733362627684,0.144815994797405,-2.94672810986574,0.00321155447757282,-0.710567496815938,-0.14289922843943,DAG1B_long,PreyAK -> SAR,H1e,135.920019107919,12.ZooPreyAK_0_smoothed,X12_copepodBiomass_WGoA,1,0,1,Single-Series Straggler,FALSE,Positive (+),Flipped
35993,logSAR,~,PredAK,0.0641630664131581,0.141409940042597,0.453738021484417,0.650017397419213,-0.212995323126301,0.341321455952617,DAG1B_long,PredAK -> SAR,H2c,135.920019107919,15.PredFishAK_1_smoothed,X15_sablefishBiomass_predAK,0,1,0,Single-Series Straggler,FALSE,Negative (-),NS
35995,Growth,~,PreyNCC,-0.933812356559096,0.0730281003956548,-12.7870278906318,0,-1.07694480319395,-0.790679909924237,DAG1B_long,PreyNCC -> Growth,H1a,136.136506460296,05.ForageFishNCC_DFA1,X05_DFA_abundSardine,1,0,1,Multi-Taxa DFA,TRUE,Negative (-),Supported
35995,Abundance,~,PredNCC,-0.613080028554731,0.161262322344078,-3.8017561674861,1.4367408690096e-4,-0.929148372412413,-0.29701168469704903,DAG1B_long,PredNCC -> CPUE,H2a,136.136506460296,09.PredFishNCC_b_DFA1,X09_DFA_HakeAge5Plus,1,0,1,Multi-Taxa DFA,FALSE,Negative (-),Supported
35995,logSAR,~,Growth,-0.00675829764736973,0.165502271813619,-0.0408350747896718,0.96742737703046,-0.331136789761622,0.317620194466882,DAG1B_long,Growth -> SAR,H1c,136.136506460296,06.Cond1NCC_DFA1,X06_DFA_IGF_mu,0,0,1,Multi-Taxa DFA,FALSE,Positive (+),NS
35995,logSAR,~,Abundance,0.354471212557714,0.146020831330949,2.42753865545611,0.0152016667735317,0.068275642156457,0.640666782958972,DAG1B_long,CPUE -> SAR,H4a,136.136506460296,07.Cond2NCC_DFA1,X07_DFA_cpue_IntSprJunHW,1,1,0,Multi-Taxa DFA,FALSE,Positive (+),Supported
35995,logSAR,~,PreyAK,-0.441154397507407,0.142224510178297,-3.10181695795162,0.00192336845762742,-0.71990931517572,-0.162399479839093,DAG1B_long,PreyAK -> SAR,H1e,136.136506460296,12.ZooPreyAK_0_smoothed,X12_copepodBiomass_WGoA,1,0,1,Single-Series Straggler,FALSE,Positive (+),Flipped
35995,logSAR,~,PredAK,0.00257362006191247,0.165521024199129,0.0155485991846951,0.987594512626673,-0.321841626052563,0.326988866176388,DAG1B_long,PredAK -> SAR,H2c,136.136506460296,15.PredFishAK_2_smoothed,X15_sablefishRecruitment_predAK,0,1,0,Single-Series Straggler,FALSE,Negative (-),NS
35997,Growth,~,PreyNCC,-0.933812356559095,0.0730281003956548,-12.7870278906318,0,-1.07694480319395,-0.790679909924237,DAG1B_long,PreyNCC -> Growth,H1a,136.093705236442,05.ForageFishNCC_DFA1,X05_DFA_abundSardine,1,0,1,Multi-Taxa DFA,TRUE,Negative (-),Supported
35997,Abundance,~,PredNCC,-0.613080028554731,0.161262322344078,-3.80175616748611,1.4367408690096e-4,-0.929148372412412,-0.29701168469704903,DAG1B_long,PredNCC -> CPUE,H2a,136.093705236442,09.PredFishNCC_b_DFA1,X09_DFA_HakeAge5Plus,1,0,1,Multi-Taxa DFA,FALSE,Negative (-),Supported
35997,logSAR,~,Growth,0.00208788438125487,0.141412792002592,0.014764466153929,0.988220088391602,-0.275076094897079,0.279251863659589,DAG1B_long,Growth -> SAR,H1c,136.093705236442,06.Cond1NCC_DFA1,X06_DFA_IGF_mu,0,1,0,Multi-Taxa DFA,FALSE,Positive (+),NS
35997,logSAR,~,Abundance,0.348410194090217,0.14574458223995,2.39055331413008,0.0168230064524029,0.0627560619580787,0.634064326222356,DAG1B_long,CPUE -> SAR,H4a,136.093705236442,07.Cond2NCC_DFA1,X07_DFA_cpue_IntSprJunHW,1,1,0,Multi-Taxa DFA,FALSE,Positive (+),Supported
35997,logSAR,~,PreyAK,-0.436836065402628,0.142486752185372,-3.06580126715439,0.0021708755318266,-0.716104967960042,-0.157567162845215,DAG1B_long,PreyAK -> SAR,H1e,136.093705236442,12.ZooPreyAK_0_smoothed,X12_copepodBiomass_WGoA,1,0,1,Single-Series Straggler,FALSE,Positive (+),Flipped
35997,logSAR,~,PredAK,0.028506723664513,0.138835947258272,0.205326676753844,0.837316903011737,-0.243606732721203,0.300620180050229,DAG1B_long,PredAK -> SAR,H2c,136.093705236442,15.PredFishAK_3_smoothed,X15_PacificCodBiomass_predAK,0,1,0,Single-Series Straggler,FALSE,Negative (-),NS
35999,Growth,~,PreyNCC,-0.933812356559096,0.0730281003956542,-12.7870278906319,0,-1.07694480319395,-0.790679909924238,DAG1B_long,PreyNCC -> Growth,H1a,135.578750688309,05.ForageFishNCC_DFA1,X05_DFA_abundSardine,1,0,1,Multi-Taxa DFA,TRUE,Negative (-),Supported
35999,Abundance,~,PredNCC,-0.613080028554731,0.161262322344078,-3.80175616748611,1.4367408690096e-4,-0.929148372412412,-0.29701168469705,DAG1B_long,PredNCC -> CPUE,H2a,135.578750688309,09.PredFishNCC_b_DFA1,X09_DFA_HakeAge5Plus,1,0,1,Multi-Taxa DFA,FALSE,Negative (-),Supported
35999,logSAR,~,Growth,-0.165310214596618,0.198958214724464,-0.830879060839762,0.406041953693256,-0.555261149884953,0.224640720691717,DAG1B_long,Growth -> SAR,H1c,135.578750688309,06.Cond1NCC_DFA1,X06_DFA_IGF_mu,0,0,1,Multi-Taxa DFA,FALSE,Positive (+),NS
35999,logSAR,~,Abundance,0.362586859335972,0.14187739267055,2.55563520382649,0.0105994174440447,0.084512279481247,0.640661439190696,DAG1B_long,CPUE -> SAR,H4a,135.578750688309,07.Cond2NCC_DFA1,X07_DFA_cpue_IntSprJunHW,1,1,0,Multi-Taxa DFA,FALSE,Positive (+),Supported
35999,logSAR,~,PreyAK,-0.475083685742287,0.14059414445798,-3.37911431214888,7.2719764143491e-4,-0.750643145317149,-0.199524226167425,DAG1B_long,PreyAK -> SAR,H1e,135.578750688309,12.ZooPreyAK_0_smoothed,X12_copepodBiomass_WGoA,1,0,1,Single-Series Straggler,FALSE,Positive (+),Flipped
35999,logSAR,~,PredAK,0.179829797030556,0.197651339915418,0.909833432485264,0.362910360164725,-0.207559710699747,0.56721930476086,DAG1B_long,PredAK -> SAR,H2c,135.578750688309,15.PredFishAK_4_smoothed,X15_spinyDogfishGoA_predAK,0,1,0,Single-Series Straggler,FALSE,Negative (-),NS
36001,Growth,~,PreyNCC,-0.933812356559097,0.0730281003956548,-12.7870278906318,0,-1.07694480319396,-0.790679909924238,DAG1B_long,PreyNCC -> Growth,H1a,135.021096326709,05.ForageFishNCC_DFA1,X05_DFA_abundSardine,1,0,1,Multi-Taxa DFA,TRUE,Negative (-),Supported
36001,Abundance,~,PredNCC,-0.613080028554731,0.161262322344078,-3.8017561674861,1.4367408690096e-4,-0.929148372412413,-0.297011684697048,DAG1B_long,PredNCC -> CPUE,H2a,135.021096326709,09.PredFishNCC_b_DFA1,X09_DFA_HakeAge5Plus,1,0,1,Multi-Taxa DFA,FALSE,Negative (-),Supported
36001,logSAR,~,Growth,0.138900163170864,0.159404874298747,0.871367100798597,0.383553743199721,-0.173527649414815,0.451327975756543,DAG1B_long,Growth -> SAR,H1c,135.021096326709,06.Cond1NCC_DFA1,X06_DFA_IGF_mu,0,1,0,Multi-Taxa DFA,FALSE,Positive (+),NS
36001,logSAR,~,Abundance,0.318522662332617,0.142688256985726,2.23229766107859,0.0255952963680641,0.0388588176237984,0.598186507041436,DAG1B_long,CPUE -> SAR,H4a,135.021096326709,07.Cond2NCC_DFA1,X07_DFA_cpue_IntSprJunHW,1,1,0,Multi-Taxa DFA,FALSE,Positive (+),Supported
36001,logSAR,~,PreyAK,-0.471202534752774,0.148187366795435,-3.17977534079031,0.00147389271656473,-0.761644436635654,-0.180760632869894,DAG1B_long,PreyAK -> SAR,H1e,135.021096326709,12.ZooPreyAK_0_smoothed,X12_copepodBiomass_WGoA,1,0,1,Single-Series Straggler,FALSE,Positive (+),Flipped
36001,logSAR,~,PredAK,0.213162640395062,0.169879375523626,1.25478822686993,0.209555647563984,-0.1197948173474,0.546120098137524,DAG1B_long,PredAK -> SAR,H2c,135.021096326709,15.PredFishAK_5_smoothed,X15_halibutBiomassAge8plus_2yrLead_predAK,0,1,0,Single-Series Straggler,FALSE,Negative (-),NS
36003,Growth,~,PreyNCC,-0.933812356559096,0.073028100395655,-12.7870278906317,0,-1.07694480319395,-0.790679909924237,DAG1B_long,PreyNCC -> Growth,H1a,134.917133247778,05.ForageFishNCC_DFA1,X05_DFA_abundSardine,1,0,1,Multi-Taxa DFA,TRUE,Negative (-),Supported
36003,Abundance,~,PredNCC,-0.613080028554731,0.161262322344078,-3.8017561674861,1.4367408690096e-4,-0.929148372412413,-0.29701168469704903,DAG1B_long,PredNCC -> CPUE,H2a,134.917133247778,09.PredFishNCC_b_DFA1,X09_DFA_HakeAge5Plus,1,0,1,Multi-Taxa DFA,FALSE,Negative (-),Supported
36003,logSAR,~,Growth,-0.258740509470249,0.191367802917698,-1.35205873467402,0.17635652674171,-0.633814510989495,0.116333492048997,DAG1B_long,Growth -> SAR,H1c,134.917133247778,06.Cond1NCC_DFA1,X06_DFA_IGF_mu,0,0,1,Multi-Taxa DFA,FALSE,Positive (+),NS
36003,logSAR,~,Abundance,0.376550878805388,0.13826961162271,2.72330900757041,0.00646315741474424,0.105547419868536,0.64755433774224,DAG1B_long,CPUE -> SAR,H4a,134.917133247778,07.Cond2NCC_DFA1,X07_DFA_cpue_IntSprJunHW,1,1,0,Multi-Taxa DFA,FALSE,Positive (+),Supported
36003,logSAR,~,PreyAK,-0.34157235853644,0.169117849150285,-2.01972979347026,0.0434114229395104,-0.673037252013877,-0.0101074650590027,DAG1B_long,PreyAK -> SAR,H1e,134.917133247778,12.ZooPreyAK_0_smoothed,X12_copepodBiomass_WGoA,1,0,1,Single-Series Straggler,FALSE,Positive (+),Flipped
36003,logSAR,~,PredAK,-0.337981039790079,0.222515119952195,-1.51891269169794,0.128784473933957,-0.77410266091199,0.0981405813318326,DAG1B_long,PredAK -> SAR,H2c,134.917133247778,15.PredFishAK_b_DFA1,X15_DFA_sleeperSharks,0,0,1,Multi-Taxa DFA,FALSE,Negative (-),NS
36005,Growth,~,PreyNCC,-0.933812356559096,0.073028100395655,-12.7870278906318,0,-1.07694480319395,-0.790679909924237,DAG1B_long,PreyNCC -> Growth,H1a,136.080031979004,05.ForageFishNCC_DFA1,X05_DFA_abundSardine,1,0,1,Multi-Taxa DFA,TRUE,Negative (-),Supported
36005,Abundance,~,PredNCC,-0.613080028554731,0.161262322344078,-3.8017561674861,1.4367408690096e-4,-0.929148372412413,-0.29701168469704903,DAG1B_long,PredNCC -> CPUE,H2a,136.080031979004,09.PredFishNCC_b_DFA1,X09_DFA_HakeAge5Plus,1,0,1,Multi-Taxa DFA,FALSE,Negative (-),Supported
36005,logSAR,~,Growth,0.00641907283373549,0.148694035047895,0.0431696727556547,0.965566280177249,-0.285015880576075,0.297854026243546,DAG1B_long,Growth -> SAR,H1c,136.080031979004,06.Cond1NCC_DFA1,X06_DFA_IGF_mu,0,1,0,Multi-Taxa DFA,FALSE,Positive (+),NS
36005,logSAR,~,Abundance,0.360232972733242,0.143818819537744,2.50476936113845,0.0122531265215984,0.0783532661401981,0.642112679326286,DAG1B_long,CPUE -> SAR,H4a,136.080031979004,07.Cond2NCC_DFA1,X07_DFA_cpue_IntSprJunHW,1,1,0,Multi-Taxa DFA,FALSE,Positive (+),Supported
36005,logSAR,~,PreyAK,-0.42505325805155,0.154791601728398,-2.74597105595794,0.00603320861067425,-0.728439222548478,-0.121667293554622,DAG1B_long,PreyAK -> SAR,H1e,136.080031979004,12.ZooPreyAK_0_smoothed,X12_copepodBiomass_WGoA,1,0,1,Single-Series Straggler,FALSE,Positive (+),Flipped
36005,logSAR,~,PredAK,-0.0334452116573302,0.143994295289103,-0.232267615812008,0.816330163523176,-0.315668844403198,0.248778421088537,DAG1B_long,PredAK -> SAR,H2c,136.080031979004,15.PredFishAK_b_2_smoothed,X15_salmonSharkGoA_predAK,0,0,1,Single-Series Straggler,FALSE,Negative (-),NS
36007,Growth,~,PreyNCC,-0.933812356559096,0.0730281003956547,-12.7870278906318,0,-1.07694480319395,-0.790679909924237,DAG1B_long,PreyNCC -> Growth,H1a,132.783566285109,05.ForageFishNCC_DFA1,X05_DFA_abundSardine,1,0,1,Multi-Taxa DFA,TRUE,Negative (-),Supported
36007,Abundance,~,PredNCC,-0.613080028554731,0.161262322344078,-3.80175616748611,1.4367408690096e-4,-0.929148372412413,-0.29701168469704903,DAG1B_long,PredNCC -> CPUE,H2a,132.783566285109,09.PredFishNCC_b_DFA1,X09_DFA_HakeAge5Plus,1,0,1,Multi-Taxa DFA,FALSE,Negative (-),Supported
36007,logSAR,~,Growth,-0.253450998943757,0.168793890808153,-1.50154130419225,0.133215611840327,-0.584280945738123,0.0773789478506081,DAG1B_long,Growth -> SAR,H1c,132.783566285109,06.Cond1NCC_DFA1,X06_DFA_IGF_mu,0,0,1,Multi-Taxa DFA,FALSE,Positive (+),NS
36007,logSAR,~,Abundance,0.346756986209598,0.13219222756897,2.62312688564598,0.00871268177398221,0.0876649811382935,0.605848991280902,DAG1B_long,CPUE -> SAR,H4a,132.783566285109,07.Cond2NCC_DFA1,X07_DFA_cpue_IntSprJunHW,1,1,0,Multi-Taxa DFA,FALSE,Positive (+),Supported
36007,logSAR,~,PreyAK,-0.571431538662056,0.138272497194955,-4.13264785300272,3.58607936372657e-5,-0.842440653216584,-0.300422424107528,DAG1B_long,PreyAK -> SAR,H1e,132.783566285109,12.ZooPreyAK_0_smoothed,X12_copepodBiomass_WGoA,1,0,1,Single-Series Straggler,FALSE,Positive (+),Flipped
36007,logSAR,~,PredAK,0.321721287223006,0.162190196722886,1.98360501265493,0.0472998899689767,0.00383434300068286,0.63960823144533,DAG1B_long,PredAK -> SAR,H2c,132.783566285109,15.PredFishAK_b_3_smoothed,X15_sharkCatchGoA_predAK,1,1,0,Single-Series Straggler,FALSE,Negative (-),Flipped
36143,Growth,~,PreyNCC,-0.933812356559096,0.0730281003956552,-12.7870278906317,0,-1.07694480319396,-0.790679909924236,DAG1B_long,PreyNCC -> Growth,H1a,137.51521821447,05.ForageFishNCC_DFA1,X05_DFA_abundSardine,1,0,1,Multi-Taxa DFA,TRUE,Negative (-),Supported
36143,Abundance,~,PredNCC,0.544747250511556,0.171178565765414,3.18233330251223,0.00146093587632135,0.209243426686124,0.880251074336988,DAG1B_long,PredNCC -> CPUE,H2a,137.51521821447,08.PredBirdNCC_b_2_smoothed,X08_Loons_8_WS,1,1,0,Single-Series Straggler,FALSE,Negative (-),Flipped
36143,logSAR,~,Growth,-0.693807228316626,0.216408055700459,-3.20601387074498,0.00134587500643102,-1.11795922345386,-0.269655233179387,DAG1B_long,Growth -> SAR,H1c,137.51521821447,06.Cond1NCC_DFA1,X06_DFA_IGF_mu,1,0,1,Multi-Taxa DFA,FALSE,Positive (+),Flipped
36143,logSAR,~,Abundance,0.516406860814574,0.124209285939726,4.15755438015452,3.2167271890593e-5,0.272961133827273,0.759852587801874,DAG1B_long,CPUE -> SAR,H4a,137.51521821447,07.Cond2NCC_DFA1,X07_DFA_cpue_IntSprJunHW,1,1,0,Multi-Taxa DFA,FALSE,Positive (+),Supported
36143,logSAR,~,PreyAK,0.30159383759999,0.151097151751541,1.99602596146829,0.0459310970065021,0.00544886200038636,0.597738813199593,DAG1B_long,PreyAK -> SAR,H1e,137.51521821447,12.ZooPreyAK_1_smoothed,X12_copepodCom_EGoA,1,1,0,Single-Series Straggler,FALSE,Positive (+),Supported
36143,logSAR,~,PredAK,-0.895667072947302,0.19233175302177,-4.65688612969653,3.21027885386016e-6,-1.27263038195343,-0.51870376394118,DAG1B_long,PredAK -> SAR,H2c,137.51521821447,15.PredFishAK_b_DFA1,X15_DFA_sleeperSharks,1,0,1,Multi-Taxa DFA,FALSE,Negative (-),Supported
36183,Growth,~,PreyNCC,-0.933812356559096,0.0730281003956546,-12.7870278906318,0,-1.07694480319395,-0.790679909924237,DAG1B_long,PreyNCC -> Growth,H1a,136.309708382444,05.ForageFishNCC_DFA1,X05_DFA_abundSardine,1,0,1,Multi-Taxa DFA,TRUE,Negative (-),Supported
36183,Abundance,~,PredNCC,-0.613080028554731,0.161262322344078,-3.80175616748611,1.4367408690096e-4,-0.929148372412412,-0.29701168469704903,DAG1B_long,PredNCC -> CPUE,H2a,136.309708382444,09.PredFishNCC_b_DFA1,X09_DFA_HakeAge5Plus,1,0,1,Multi-Taxa DFA,FALSE,Negative (-),Supported
36183,logSAR,~,Growth,-0.107523135814209,0.166721044141378,-0.644928397419525,0.518973588071039,-0.434290377796222,0.219244106167804,DAG1B_long,Growth -> SAR,H1c,136.309708382444,06.Cond1NCC_DFA1,X06_DFA_IGF_mu,0,0,1,Multi-Taxa DFA,FALSE,Positive (+),NS
36183,logSAR,~,Abundance,0.437064707125648,0.132644360634749,3.29501160120297,9.8417616688073e-4,0.177086537529198,0.697042876722098,DAG1B_long,CPUE -> SAR,H4a,136.309708382444,07.Cond2NCC_DFA1,X07_DFA_cpue_IntSprJunHW,1,1,0,Multi-Taxa DFA,FALSE,Positive (+),Supported
36183,logSAR,~,PreyAK,0.209902779975742,0.151781347563163,1.382928688839,0.166686732622657,-0.0875831947730134,0.507388754724497,DAG1B_long,PreyAK -> SAR,H1e,136.309708382444,12.ZooPreyAK_1_smoothed,X12_copepodCom_EGoA,0,1,0,Single-Series Straggler,FALSE,Positive (+),NS
36183,logSAR,~,PredAK,-0.4391392765493,0.145966920327719,-3.00848490578113,0.0026255384404148,-0.725229183325856,-0.153049369772743,DAG1B_long,PredAK -> SAR,H2c,136.309708382444,10.PredMammalNCC_2_smoothed,X10_Harbour_s_2yrLead_WS,1,0,1,Single-Series Straggler,FALSE,Negative (-),Supported
36199,Growth,~,PreyNCC,-0.933812356559096,0.0730281003956546,-12.7870278906318,0,-1.07694480319395,-0.790679909924237,DAG1B_long,PreyNCC -> Growth,H1a,134.650823710124,05.ForageFishNCC_DFA1,X05_DFA_abundSardine,1,0,1,Multi-Taxa DFA,TRUE,Negative (-),Supported
36199,Abundance,~,PredNCC,-0.613080028554731,0.161262322344078,-3.8017561674861,1.4367408690096e-4,-0.929148372412413,-0.29701168469704903,DAG1B_long,PredNCC -> CPUE,H2a,134.650823710124,09.PredFishNCC_b_DFA1,X09_DFA_HakeAge5Plus,1,0,1,Multi-Taxa DFA,FALSE,Negative (-),Supported
36199,logSAR,~,Growth,-0.693807228316626,0.222960903404342,-3.11178873839777,0.0018595752351902,-1.13080256894965,-0.256811887683601,DAG1B_long,Growth -> SAR,H1c,134.650823710124,06.Cond1NCC_DFA1,X06_DFA_IGF_mu,1,0,1,Multi-Taxa DFA,FALSE,Positive (+),Flipped
36199,logSAR,~,Abundance,0.516406860814574,0.128888811525684,4.00660735948883,6.1597133531599e-5,0.263789432214062,0.769024289415085,DAG1B_long,CPUE -> SAR,H4a,134.650823710124,07.Cond2NCC_DFA1,X07_DFA_cpue_IntSprJunHW,1,1,0,Multi-Taxa DFA,FALSE,Positive (+),Supported
36199,logSAR,~,PreyAK,0.30159383759999,0.151148073886725,1.99535349571186,0.0460043391618208,0.00534905644941064,0.597838618750569,DAG1B_long,PreyAK -> SAR,H1e,134.650823710124,12.ZooPreyAK_1_smoothed,X12_copepodCom_EGoA,1,1,0,Single-Series Straggler,FALSE,Positive (+),Supported
36199,logSAR,~,PredAK,-0.895667072947302,0.195557192281834,-4.58007738041401,4.648039306554e-6,-1.27895212673747,-0.512382019157133,DAG1B_long,PredAK -> SAR,H2c,134.650823710124,15.PredFishAK_b_DFA1,X15_DFA_sleeperSharks,1,0,1,Multi-Taxa DFA,FALSE,Negative (-),Supported
36379,Growth,~,PreyNCC,-0.933812356559096,0.0730281003956546,-12.7870278906318,0,-1.07694480319395,-0.790679909924237,DAG1B_long,PreyNCC -> Growth,H1a,137.032223015709,05.ForageFishNCC_DFA1,X05_DFA_abundSardine,1,0,1,Multi-Taxa DFA,TRUE,Negative (-),Supported
36379,Abundance,~,PredNCC,-0.613080028554731,0.161262322344078,-3.80175616748611,1.4367408690096e-4,-0.929148372412413,-0.29701168469704903,DAG1B_long,PredNCC -> CPUE,H2a,137.032223015709,09.PredFishNCC_b_DFA1,X09_DFA_HakeAge5Plus,1,0,1,Multi-Taxa DFA,FALSE,Negative (-),Supported
36379,logSAR,~,Growth,0.068774668300169,0.165418981250173,0.415760439221645,0.677585310022973,-0.255440577309477,0.392989913909815,DAG1B_long,Growth -> SAR,H1c,137.032223015709,06.Cond1NCC_DFA1,X06_DFA_IGF_mu,0,1,0,Multi-Taxa DFA,FALSE,Positive (+),NS
36379,logSAR,~,Abundance,0.341713355642461,0.148442541391578,2.30199073957547,0.0213356944147769,0.0507713207413719,0.63265539054355,DAG1B_long,CPUE -> SAR,H4a,137.032223015709,07.Cond2NCC_DFA1,X07_DFA_cpue_IntSprJunHW,1,1,0,Multi-Taxa DFA,FALSE,Positive (+),Supported
36379,logSAR,~,PreyAK,-0.202335126300341,0.174193104727643,-1.16155646124282,0.245415676134892,-0.543747337921736,0.139077085321053,DAG1B_long,PreyAK -> SAR,H1e,137.032223015709,12.ZooPreyAK_2_smoothed,X12_copepodCom_WGoA,0,0,1,Single-Series Straggler,FALSE,Positive (+),NS
36379,logSAR,~,PredAK,-0.399921978903255,0.142436415288789,-2.80772285719502,0.00498931444843986,-0.679092222956271,-0.120751734850239,DAG1B_long,PredAK -> SAR,H2c,137.032223015709,10.PredMammalNCC_2_smoothed,X10_Harbour_s_2yrLead_WS,1,0,1,Single-Series Straggler,FALSE,Negative (-),Supported
36395,Growth,~,PreyNCC,-0.933812356559096,0.0730281003956556,-12.7870278906316,0,-1.07694480319396,-0.790679909924236,DAG1B_long,PreyNCC -> Growth,H1a,138.120402529594,05.ForageFishNCC_DFA1,X05_DFA_abundSardine,1,0,1,Multi-Taxa DFA,TRUE,Negative (-),Supported
36395,Abundance,~,PredNCC,-0.613080028554731,0.161262322344078,-3.8017561674861,1.4367408690096e-4,-0.929148372412413,-0.29701168469704903,DAG1B_long,PredNCC -> CPUE,H2a,138.120402529594,09.PredFishNCC_b_DFA1,X09_DFA_HakeAge5Plus,1,0,1,Multi-Taxa DFA,FALSE,Negative (-),Supported
36395,logSAR,~,Growth,-0.310441100234072,0.214737176748059,-1.44567934130148,0.148267161335259,-0.731318232802079,0.110436032333934,DAG1B_long,Growth -> SAR,H1c,138.120402529594,06.Cond1NCC_DFA1,X06_DFA_IGF_mu,0,0,1,Multi-Taxa DFA,FALSE,Positive (+),NS
36395,logSAR,~,Abundance,0.453955588831801,0.152106830010064,2.98445236681196,0.00284086429484764,0.155831680209518,0.752079497454083,DAG1B_long,CPUE -> SAR,H4a,138.120402529594,07.Cond2NCC_DFA1,X07_DFA_cpue_IntSprJunHW,1,1,0,Multi-Taxa DFA,FALSE,Positive (+),Supported
36395,logSAR,~,PreyAK,-0.108468051144903,0.177535208469575,-0.61096642226599,0.54122180984562,-0.456430665733079,0.239494563443274,DAG1B_long,PreyAK -> SAR,H1e,138.120402529594,12.ZooPreyAK_2_smoothed,X12_copepodCom_WGoA,0,0,1,Single-Series Straggler,FALSE,Positive (+),NS
36395,logSAR,~,PredAK,-0.626893518391063,0.195303355483754,-3.20984509886318,0.00132806520001028,-1.00968106119904,-0.244105975583081,DAG1B_long,PredAK -> SAR,H2c,138.120402529594,15.PredFishAK_b_DFA1,X15_DFA_sleeperSharks,1,0,1,Multi-Taxa DFA,FALSE,Negative (-),Supported
36575,Growth,~,PreyNCC,-0.933812356559096,0.0730281003956546,-12.7870278906318,0,-1.07694480319395,-0.790679909924237,DAG1B_long,PreyNCC -> Growth,H1a,138.011979667447,05.ForageFishNCC_DFA1,X05_DFA_abundSardine,1,0,1,Multi-Taxa DFA,TRUE,Negative (-),Supported
36575,Abundance,~,PredNCC,-0.613080028554731,0.161262322344078,-3.80175616748611,1.4367408690096e-4,-0.929148372412413,-0.29701168469704903,DAG1B_long,PredNCC -> CPUE,H2a,138.011979667447,09.PredFishNCC_b_DFA1,X09_DFA_HakeAge5Plus,1,0,1,Multi-Taxa DFA,FALSE,Negative (-),Supported
36575,logSAR,~,Growth,0.0798544012939688,0.203131582566676,0.393116620689732,0.694233348789631,-0.31827618465934,0.477984987247278,DAG1B_long,Growth -> SAR,H1c,138.011979667447,06.Cond1NCC_DFA1,X06_DFA_IGF_mu,0,1,0,Multi-Taxa DFA,FALSE,Positive (+),NS
36575,logSAR,~,Abundance,0.39496390118986,0.149757385466196,2.63735841781915,0.00835544966213231,0.101444819257233,0.688482983122486,DAG1B_long,CPUE -> SAR,H4a,138.011979667447,07.Cond2NCC_DFA1,X07_DFA_cpue_IntSprJunHW,1,1,0,Multi-Taxa DFA,FALSE,Positive (+),Supported
36575,logSAR,~,PreyAK,-0.126747867316149,0.214391282250177,-0.591198793093858,0.55438723131985,-0.546947059125858,0.293451324493559,DAG1B_long,PreyAK -> SAR,H1e,138.011979667447,13.FishPreyAK_DFA1,X13_DFA_WGOA_DFA_midTrophic,0,0,1,Multi-Taxa DFA,TRUE,Negative (-),NS
36575,logSAR,~,PredAK,-0.377293594801807,0.145562307065901,-2.59197317222373,0.00954272128085254,-0.662590474157532,-0.0919967154460813,DAG1B_long,PredAK -> SAR,H2c,138.011979667447,10.PredMammalNCC_2_smoothed,X10_Harbour_s_2yrLead_WS,1,0,1,Single-Series Straggler,FALSE,Negative (-),Supported
36581,Growth,~,PreyNCC,-0.933812356559096,0.0730281003956549,-12.7870278906318,0,-1.07694480319395,-0.790679909924237,DAG1B_long,PreyNCC -> Growth,H1a,135.922294618572,05.ForageFishNCC_DFA1,X05_DFA_abundSardine,1,0,1,Multi-Taxa DFA,TRUE,Negative (-),Supported
36581,Abundance,~,PredNCC,-0.613080028554731,0.161262322344078,-3.8017561674861,1.4367408690096e-4,-0.929148372412413,-0.29701168469704903,DAG1B_long,PredNCC -> CPUE,H2a,135.922294618572,09.PredFishNCC_b_DFA1,X09_DFA_HakeAge5Plus,1,0,1,Multi-Taxa DFA,FALSE,Negative (-),Supported
36581,logSAR,~,Growth,0.770405596479537,0.224752704603978,3.42779232773647,6.0851076293411e-4,0.329898390027771,1.2109128029313,DAG1B_long,Growth -> SAR,H1c,135.922294618572,06.Cond1NCC_DFA1,X06_DFA_IGF_mu,1,1,0,Multi-Taxa DFA,FALSE,Positive (+),Supported
36581,logSAR,~,Abundance,0.390753488871507,0.142008152390164,2.75162715868538,0.00592999925652071,0.112422624675711,0.669084353067304,DAG1B_long,CPUE -> SAR,H4a,135.922294618572,07.Cond2NCC_DFA1,X07_DFA_cpue_IntSprJunHW,1,1,0,Multi-Taxa DFA,FALSE,Positive (+),Supported
36581,logSAR,~,PreyAK,-1.07871498025107,0.33388833397631,-3.23076570961478,0.00123459093267164,-1.73312408970272,-0.424305870799421,DAG1B_long,PreyAK -> SAR,H1e,135.922294618572,13.FishPreyAK_DFA1,X13_DFA_WGOA_DFA_midTrophic,1,0,1,Multi-Taxa DFA,TRUE,Negative (-),Supported
36581,logSAR,~,PredAK,0.751335925065307,0.226345317666329,3.31942331660203,9.0203575193026e-4,0.307707254370024,1.19496459576059,DAG1B_long,PredAK -> SAR,H2c,135.922294618572,15.PredFishAK_1_smoothed,X15_sablefishBiomass_predAK,1,1,0,Single-Series Straggler,FALSE,Negative (-),Flipped
36721,Growth,~,PreyNCC,-0.933812356559096,0.0730281003956549,-12.7870278906318,0,-1.07694480319395,-0.790679909924237,DAG1B_long,PreyNCC -> Growth,H1a,134.924628768867,05.ForageFishNCC_DFA1,X05_DFA_abundSardine,1,0,1,Multi-Taxa DFA,TRUE,Negative (-),Supported
36721,Abundance,~,PredNCC,0.544747250511556,0.171178565765414,3.18233330251223,0.00146093587632135,0.209243426686124,0.880251074336988,DAG1B_long,PredNCC -> CPUE,H2a,134.924628768867,08.PredBirdNCC_b_2_smoothed,X08_Loons_8_WS,1,1,0,Single-Series Straggler,FALSE,Negative (-),Flipped
36721,logSAR,~,Growth,-0.134575682511001,0.128889078326303,-1.04412014003468,0.296429808935699,-0.387193634031118,0.118042269009116,DAG1B_long,Growth -> SAR,H1c,134.924628768867,06.Cond1NCC_DFA1,X06_DFA_IGF_mu,0,0,1,Multi-Taxa DFA,FALSE,Positive (+),NS
36721,logSAR,~,Abundance,0.46614074181633,0.119086912633868,3.91429025664204,9.06705134384733e-5,0.232734682023881,0.699546801608779,DAG1B_long,CPUE -> SAR,H4a,134.924628768867,07.Cond2NCC_DFA1,X07_DFA_cpue_IntSprJunHW,1,1,0,Multi-Taxa DFA,FALSE,Positive (+),Supported
36721,logSAR,~,PreyAK,-0.603286433011679,0.142344873016295,-4.2382027552381,2.25316242692397e-5,-0.882277257507545,-0.324295608515813,DAG1B_long,PreyAK -> SAR,H1e,134.924628768867,13.FishPreyAK_b_DFA1,X13_DFA_WGOA_DFA_seabirds,1,0,1,Multi-Taxa DFA,FALSE,Positive (+),Flipped
36721,logSAR,~,PredAK,0.495700359759474,0.150674814566386,3.28986872282543,0.00100234134695332,0.200383149832107,0.791017569686841,DAG1B_long,PredAK -> SAR,H2c,134.924628768867,15.PredFishAK_1_smoothed,X15_sablefishBiomass_predAK,1,1,0,Single-Series Straggler,FALSE,Negative (-),Flipped
36771,Growth,~,PreyNCC,-0.933812356559096,0.0730281003956544,-12.7870278906318,0,-1.07694480319395,-0.790679909924238,DAG1B_long,PreyNCC -> Growth,H1a,137.157761002864,05.ForageFishNCC_DFA1,X05_DFA_abundSardine,1,0,1,Multi-Taxa DFA,TRUE,Negative (-),Supported
36771,Abundance,~,PredNCC,-0.613080028554731,0.161262322344078,-3.8017561674861,1.4367408690096e-4,-0.929148372412413,-0.297011684697048,DAG1B_long,PredNCC -> CPUE,H2a,137.157761002864,09.PredFishNCC_b_DFA1,X09_DFA_HakeAge5Plus,1,0,1,Multi-Taxa DFA,FALSE,Negative (-),Supported
36771,logSAR,~,Growth,-0.03311610311897,0.145578355190559,-0.227479580158888,0.820050845732605,-0.318444436221046,0.252212229983106,DAG1B_long,Growth -> SAR,H1c,137.157761002864,06.Cond1NCC_DFA1,X06_DFA_IGF_mu,0,0,1,Multi-Taxa DFA,FALSE,Positive (+),NS
36771,logSAR,~,Abundance,0.399414995984405,0.139655069542704,2.86001071992786,0.00423626687926726,0.125696089422268,0.673133902546541,DAG1B_long,CPUE -> SAR,H4a,137.157761002864,07.Cond2NCC_DFA1,X07_DFA_cpue_IntSprJunHW,1,1,0,Multi-Taxa DFA,FALSE,Positive (+),Supported
36771,logSAR,~,PreyAK,-0.174211844499971,0.159426406299308,-1.0927414632486,0.27450732931296,-0.486681859031263,0.138258170031322,DAG1B_long,PreyAK -> SAR,H1e,137.157761002864,13.FishPreyAK_b_DFA1,X13_DFA_WGOA_DFA_seabirds,0,0,1,Multi-Taxa DFA,FALSE,Positive (+),NS
36771,logSAR,~,PredAK,-0.304428687100726,0.165442029902382,-1.84009279431806,0.065754615011099,-0.628689107238594,0.0198317330371419,DAG1B_long,PredAK -> SAR,H2c,137.157761002864,10.PredMammalNCC_2_smoothed,X10_Harbour_s_2yrLead_WS,0,0,1,Single-Series Straggler,FALSE,Negative (-),NS
36775,Growth,~,PreyNCC,-0.933812356559096,0.0730281003956551,-12.7870278906317,0,-1.07694480319395,-0.790679909924236,DAG1B_long,PreyNCC -> Growth,H1a,135.746976636595,05.ForageFishNCC_DFA1,X05_DFA_abundSardine,1,0,1,Multi-Taxa DFA,TRUE,Negative (-),Supported
36775,Abundance,~,PredNCC,-0.613080028554731,0.161262322344078,-3.80175616748611,1.4367408690096e-4,-0.929148372412412,-0.29701168469704903,DAG1B_long,PredNCC -> CPUE,H2a,135.746976636595,09.PredFishNCC_b_DFA1,X09_DFA_HakeAge5Plus,1,0,1,Multi-Taxa DFA,FALSE,Negative (-),Supported
36775,logSAR,~,Growth,-0.827322652389482,0.278892925546546,-2.96645262968998,0.00301256764986935,-1.37394274200372,-0.280702562775241,DAG1B_long,Growth -> SAR,H1c,135.746976636595,06.Cond1NCC_DFA1,X06_DFA_IGF_mu,1,0,1,Multi-Taxa DFA,FALSE,Positive (+),Flipped
36775,logSAR,~,Abundance,0.478914211954222,0.138836518224193,3.44948301844384,5.6166105609367e-4,0.206799636495865,0.751028787412579,DAG1B_long,CPUE -> SAR,H4a,135.746976636595,07.Cond2NCC_DFA1,X07_DFA_cpue_IntSprJunHW,1,1,0,Multi-Taxa DFA,FALSE,Positive (+),Supported
36775,logSAR,~,PreyAK,-0.576083531101572,0.133188450824245,-4.32532646439269,1.52306129657109e-5,-0.837128097873777,-0.315038964329367,DAG1B_long,PreyAK -> SAR,H1e,135.746976636595,13.FishPreyAK_b_DFA1,X13_DFA_WGOA_DFA_seabirds,1,0,1,Multi-Taxa DFA,FALSE,Positive (+),Flipped
36775,logSAR,~,PredAK,-0.919447841256911,0.283971261484663,-3.23782004013307,0.00120446760044124,-1.47602128641126,-0.362874396102566,DAG1B_long,PredAK -> SAR,H2c,135.746976636595,15.PredFishAK_0_smoothed,X15_ArrowtoothFlounderBiomass_predAK,1,0,1,Single-Series Straggler,FALSE,Negative (-),Supported
36777,Growth,~,PreyNCC,-0.933812356559096,0.0730281003956549,-12.7870278906318,0,-1.07694480319395,-0.790679909924237,DAG1B_long,PreyNCC -> Growth,H1a,132.060234264521,05.ForageFishNCC_DFA1,X05_DFA_abundSardine,1,0,1,Multi-Taxa DFA,TRUE,Negative (-),Supported
36777,Abundance,~,PredNCC,-0.613080028554731,0.161262322344078,-3.8017561674861,1.4367408690096e-4,-0.929148372412412,-0.29701168469704903,DAG1B_long,PredNCC -> CPUE,H2a,132.060234264521,09.PredFishNCC_b_DFA1,X09_DFA_HakeAge5Plus,1,0,1,Multi-Taxa DFA,FALSE,Negative (-),Supported
36777,logSAR,~,Growth,-0.134575682511001,0.13096431662762,-1.02757518976447,0.304149699766547,-0.391261026361036,0.122109661339035,DAG1B_long,Growth -> SAR,H1c,132.060234264521,06.Cond1NCC_DFA1,X06_DFA_IGF_mu,0,0,1,Multi-Taxa DFA,FALSE,Positive (+),NS
36777,logSAR,~,Abundance,0.466140741816331,0.126169839493003,3.69454969340895,2.2027681281211e-4,0.218852400474845,0.713429083157816,DAG1B_long,CPUE -> SAR,H4a,132.060234264521,07.Cond2NCC_DFA1,X07_DFA_cpue_IntSprJunHW,1,1,0,Multi-Taxa DFA,FALSE,Positive (+),Supported
36777,logSAR,~,PreyAK,-0.603286433011679,0.1451694251706,-4.15574031723767,3.24235932278594e-5,-0.887813278002437,-0.318759588020921,DAG1B_long,PreyAK -> SAR,H1e,132.060234264521,13.FishPreyAK_b_DFA1,X13_DFA_WGOA_DFA_seabirds,1,0,1,Multi-Taxa DFA,FALSE,Positive (+),Flipped
36777,logSAR,~,PredAK,0.495700359759474,0.150414329403306,3.29556606558643,9.822360521734e-4,0.200893691370251,0.790507028148697,DAG1B_long,PredAK -> SAR,H2c,132.060234264521,15.PredFishAK_1_smoothed,X15_sablefishBiomass_predAK,1,1,0,Single-Series Straggler,FALSE,Negative (-),Flipped
36779,Growth,~,PreyNCC,-0.933812356559096,0.0730281003956547,-12.7870278906318,0,-1.07694480319395,-0.790679909924237,DAG1B_long,PreyNCC -> Growth,H1a,137.18250432093,05.ForageFishNCC_DFA1,X05_DFA_abundSardine,1,0,1,Multi-Taxa DFA,TRUE,Negative (-),Supported
36779,Abundance,~,PredNCC,-0.613080028554731,0.161262322344078,-3.8017561674861,1.4367408690096e-4,-0.929148372412413,-0.29701168469704903,DAG1B_long,PredNCC -> CPUE,H2a,137.18250432093,09.PredFishNCC_b_DFA1,X09_DFA_HakeAge5Plus,1,0,1,Multi-Taxa DFA,FALSE,Negative (-),Supported
36779,logSAR,~,Growth,-0.269934912120156,0.182920127784309,-1.47569824813621,0.140024916471519,-0.628451774624866,0.0885819503845527,DAG1B_long,Growth -> SAR,H1c,137.18250432093,06.Cond1NCC_DFA1,X06_DFA_IGF_mu,0,0,1,Multi-Taxa DFA,FALSE,Positive (+),NS
36779,logSAR,~,Abundance,0.445979588857469,0.140713723880553,3.16941074799532,0.0015274836295156,0.170185757921072,0.721773419793866,DAG1B_long,CPUE -> SAR,H4a,137.18250432093,07.Cond2NCC_DFA1,X07_DFA_cpue_IntSprJunHW,1,1,0,Multi-Taxa DFA,FALSE,Positive (+),Supported
36779,logSAR,~,PreyAK,-0.594880024096336,0.1641475333589,-3.62405704139131,2.9001759940317e-4,-0.916603277630867,-0.273156770561806,DAG1B_long,PreyAK -> SAR,H1e,137.18250432093,13.FishPreyAK_b_DFA1,X13_DFA_WGOA_DFA_seabirds,1,0,1,Multi-Taxa DFA,FALSE,Positive (+),Flipped
36779,logSAR,~,PredAK,0.457105030176053,0.202704657594057,2.25502973440042,0.0241314624646833,0.0598112017931783,0.854398858558927,DAG1B_long,PredAK -> SAR,H2c,137.18250432093,15.PredFishAK_2_smoothed,X15_sablefishRecruitment_predAK,1,1,0,Single-Series Straggler,FALSE,Negative (-),Flipped
36787,Growth,~,PreyNCC,-0.933812356559096,0.0730281003956549,-12.7870278906318,0,-1.07694480319395,-0.790679909924237,DAG1B_long,PreyNCC -> Growth,H1a,138.075160680775,05.ForageFishNCC_DFA1,X05_DFA_abundSardine,1,0,1,Multi-Taxa DFA,TRUE,Negative (-),Supported
36787,Abundance,~,PredNCC,-0.613080028554731,0.161262322344078,-3.8017561674861,1.4367408690096e-4,-0.929148372412413,-0.29701168469704903,DAG1B_long,PredNCC -> CPUE,H2a,138.075160680775,09.PredFishNCC_b_DFA1,X09_DFA_HakeAge5Plus,1,0,1,Multi-Taxa DFA,FALSE,Negative (-),Supported
36787,logSAR,~,Growth,-0.299628778230824,0.236347332139336,-1.26774766407848,0.204888077388985,-0.762861037066048,0.163603480604401,DAG1B_long,Growth -> SAR,H1c,138.075160680775,06.Cond1NCC_DFA1,X06_DFA_IGF_mu,0,0,1,Multi-Taxa DFA,FALSE,Positive (+),NS
36787,logSAR,~,Abundance,0.46968974420279,0.142540994287935,3.29512044271284,9.8379504215984e-4,0.190314529077907,0.749064959327672,DAG1B_long,CPUE -> SAR,H4a,138.075160680775,07.Cond2NCC_DFA1,X07_DFA_cpue_IntSprJunHW,1,1,0,Multi-Taxa DFA,FALSE,Positive (+),Supported
36787,logSAR,~,PreyAK,-0.119409896367487,0.202625283373467,-0.589313901895442,0.555650720864094,-0.516548154136705,0.27772836140173,DAG1B_long,PreyAK -> SAR,H1e,138.075160680775,13.FishPreyAK_b_DFA1,X13_DFA_WGOA_DFA_seabirds,0,0,1,Multi-Taxa DFA,FALSE,Positive (+),NS
36787,logSAR,~,PredAK,-0.510450618454304,0.282887894849887,-1.80442722275257,0.0711643586417288,-1.06490070402244,0.0439994671138283,DAG1B_long,PredAK -> SAR,H2c,138.075160680775,15.PredFishAK_b_DFA1,X15_DFA_sleeperSharks,0,0,1,Multi-Taxa DFA,FALSE,Negative (-),NS
36789,Growth,~,PreyNCC,-0.933812356559096,0.0730281003956549,-12.7870278906318,0,-1.07694480319395,-0.790679909924237,DAG1B_long,PreyNCC -> Growth,H1a,137.921974977707,05.ForageFishNCC_DFA1,X05_DFA_abundSardine,1,0,1,Multi-Taxa DFA,TRUE,Negative (-),Supported
36789,Abundance,~,PredNCC,-0.613080028554731,0.161262322344078,-3.8017561674861,1.4367408690096e-4,-0.929148372412413,-0.29701168469704903,DAG1B_long,PredNCC -> CPUE,H2a,137.921974977707,09.PredFishNCC_b_DFA1,X09_DFA_HakeAge5Plus,1,0,1,Multi-Taxa DFA,FALSE,Negative (-),Supported
36789,logSAR,~,Growth,0.107668568590093,0.140844616877293,0.764449298647293,0.444599539964355,-0.168381807905743,0.383718945085929,DAG1B_long,Growth -> SAR,H1c,137.921974977707,06.Cond1NCC_DFA1,X06_DFA_IGF_mu,0,1,0,Multi-Taxa DFA,FALSE,Positive (+),NS
36789,logSAR,~,Abundance,0.439610556717769,0.141932503186692,3.0973212396566,0.00195278132750909,0.161427962236237,0.7177931511993,DAG1B_long,CPUE -> SAR,H4a,137.921974977707,07.Cond2NCC_DFA1,X07_DFA_cpue_IntSprJunHW,1,1,0,Multi-Taxa DFA,FALSE,Positive (+),Supported
36789,logSAR,~,PreyAK,-0.306255838668061,0.140443474067883,-2.1806341711544,0.0292104855774369,-0.581519989704796,-0.0309916876313264,DAG1B_long,PreyAK -> SAR,H1e,137.921974977707,13.FishPreyAK_b_DFA1,X13_DFA_WGOA_DFA_seabirds,1,0,1,Multi-Taxa DFA,FALSE,Positive (+),Flipped
36789,logSAR,~,PredAK,-0.208592013170061,0.138627727770928,-1.50469185727941,0.132403317518172,-0.480297366859702,0.0631133405195802,DAG1B_long,PredAK -> SAR,H2c,137.921974977707,15.PredFishAK_b_2_smoothed,X15_salmonSharkGoA_predAK,0,0,1,Single-Series Straggler,FALSE,Negative (-),NS
36967,Growth,~,PreyNCC,-0.933812356559096,0.0730281003956548,-12.7870278906318,0,-1.07694480319395,-0.790679909924237,DAG1B_long,PreyNCC -> Growth,H1a,137.833061887112,05.ForageFishNCC_DFA1,X05_DFA_abundSardine,1,0,1,Multi-Taxa DFA,TRUE,Negative (-),Supported
36967,Abundance,~,PredNCC,-0.613080028554731,0.161262322344078,-3.8017561674861,1.4367408690096e-4,-0.929148372412413,-0.29701168469704903,DAG1B_long,PredNCC -> CPUE,H2a,137.833061887112,09.PredFishNCC_b_DFA1,X09_DFA_HakeAge5Plus,1,0,1,Multi-Taxa DFA,FALSE,Negative (-),Supported
36967,logSAR,~,Growth,-0.0756473478056793,0.160750358424126,-0.47058898373396,0.637934276015627,-0.390712260818871,0.239417565207513,DAG1B_long,Growth -> SAR,H1c,137.833061887112,06.Cond1NCC_DFA1,X06_DFA_IGF_mu,0,0,1,Multi-Taxa DFA,FALSE,Positive (+),NS
36967,logSAR,~,Abundance,0.42427420433684,0.137263160216408,3.09095465722872,0.0019951409834893,0.155243353908529,0.693305054765151,DAG1B_long,CPUE -> SAR,H4a,137.833061887112,07.Cond2NCC_DFA1,X07_DFA_cpue_IntSprJunHW,1,1,0,Multi-Taxa DFA,FALSE,Positive (+),Supported
36967,logSAR,~,PreyAK,-0.164206543974885,0.210229474128868,-0.781082408426842,0.434754027683412,-0.576248741756261,0.247835653806492,DAG1B_long,PreyAK -> SAR,H1e,137.833061887112,13.FishPreyAK_b_0_smoothed,X13_ammod_WAI,0,0,1,Single-Series Straggler,FALSE,Positive (+),NS
36967,logSAR,~,PredAK,-0.293346288960954,0.192107022838159,-1.52699409228825,0.12676248040865,-0.66986913490096,0.0831765569790522,DAG1B_long,PredAK -> SAR,H2c,137.833061887112,10.PredMammalNCC_2_smoothed,X10_Harbour_s_2yrLead_WS,0,0,1,Single-Series Straggler,FALSE,Negative (-),NS
36983,Growth,~,PreyNCC,-0.933812356559096,0.0730281003956551,-12.7870278906317,0,-1.07694480319395,-0.790679909924237,DAG1B_long,PreyNCC -> Growth,H1a,137.592538131494,05.ForageFishNCC_DFA1,X05_DFA_abundSardine,1,0,1,Multi-Taxa DFA,TRUE,Negative (-),Supported
36983,Abundance,~,PredNCC,-0.613080028554731,0.161262322344078,-3.8017561674861,1.4367408690096e-4,-0.929148372412413,-0.29701168469704903,DAG1B_long,PredNCC -> CPUE,H2a,137.592538131494,09.PredFishNCC_b_DFA1,X09_DFA_HakeAge5Plus,1,0,1,Multi-Taxa DFA,FALSE,Negative (-),Supported
36983,logSAR,~,Growth,-0.384556912705945,0.197225326649095,-1.94983534437314,0.0511957474015119,-0.771111449777319,0.00199762436543016,DAG1B_long,Growth -> SAR,H1c,137.592538131494,06.Cond1NCC_DFA1,X06_DFA_IGF_mu,0,0,1,Multi-Taxa DFA,FALSE,Positive (+),NS
36983,logSAR,~,Abundance,0.46964333837594,0.137528601044279,3.41487759498646,6.381068038086e-4,0.200092233484976,0.739194443266905,DAG1B_long,CPUE -> SAR,H4a,137.592538131494,07.Cond2NCC_DFA1,X07_DFA_cpue_IntSprJunHW,1,1,0,Multi-Taxa DFA,FALSE,Positive (+),Supported
36983,logSAR,~,PreyAK,-0.199667609364381,0.20370610140744,-0.980174908777124,0.326999787762696,-0.598924231554027,0.199589012825265,DAG1B_long,PreyAK -> SAR,H1e,137.592538131494,13.FishPreyAK_b_0_smoothed,X13_ammod_WAI,0,0,1,Single-Series Straggler,FALSE,Positive (+),NS
36983,logSAR,~,PredAK,-0.499390641914535,0.250431416489074,-1.99412138027947,0.0461387912545008,-0.99022719883047,-0.00855408499860033,DAG1B_long,PredAK -> SAR,H2c,137.592538131494,15.PredFishAK_b_DFA1,X15_DFA_sleeperSharks,1,0,1,Multi-Taxa DFA,FALSE,Negative (-),Supported
36985,Growth,~,PreyNCC,-0.933812356559096,0.0730281003956546,-12.7870278906318,0,-1.07694480319395,-0.790679909924237,DAG1B_long,PreyNCC -> Growth,H1a,137.402098005763,05.ForageFishNCC_DFA1,X05_DFA_abundSardine,1,0,1,Multi-Taxa DFA,TRUE,Negative (-),Supported
36985,Abundance,~,PredNCC,-0.613080028554731,0.161262322344078,-3.8017561674861,1.4367408690096e-4,-0.929148372412413,-0.29701168469704903,DAG1B_long,PredNCC -> CPUE,H2a,137.402098005763,09.PredFishNCC_b_DFA1,X09_DFA_HakeAge5Plus,1,0,1,Multi-Taxa DFA,FALSE,Negative (-),Supported
36985,logSAR,~,Growth,-0.0593019640377754,0.161918157613065,-0.366246534125523,0.714181121531277,-0.376655721402464,0.258051793326913,DAG1B_long,Growth -> SAR,H1c,137.402098005763,06.Cond1NCC_DFA1,X06_DFA_IGF_mu,0,0,1,Multi-Taxa DFA,FALSE,Positive (+),NS
36985,logSAR,~,Abundance,0.456781442008051,0.134287782385211,3.40151154404913,6.7014298141532e-4,0.193582224969287,0.719980659046817,DAG1B_long,CPUE -> SAR,H4a,137.402098005763,07.Cond2NCC_DFA1,X07_DFA_cpue_IntSprJunHW,1,1,0,Multi-Taxa DFA,FALSE,Positive (+),Supported
36985,logSAR,~,PreyAK,-0.407199937474859,0.156760496690006,-2.59759279967132,0.00938797490853682,-0.714444865185882,-0.099955009763837,DAG1B_long,PreyAK -> SAR,H1e,137.402098005763,13.FishPreyAK_b_0_smoothed,X13_ammod_WAI,1,0,1,Single-Series Straggler,FALSE,Positive (+),Flipped
36985,logSAR,~,PredAK,-0.223560555364816,0.136253985998063,-1.64076341493594,0.100846535381881,-0.490613460671044,0.043492349941413,DAG1B_long,PredAK -> SAR,H2c,137.402098005763,15.PredFishAK_b_2_smoothed,X15_salmonSharkGoA_predAK,0,0,1,Single-Series Straggler,FALSE,Negative (-),NS
37163,Growth,~,PreyNCC,-0.933812356559096,0.0730281003956548,-12.7870278906318,0,-1.07694480319395,-0.790679909924237,DAG1B_long,PreyNCC -> Growth,H1a,137.47653261247,05.ForageFishNCC_DFA1,X05_DFA_abundSardine,1,0,1,Multi-Taxa DFA,TRUE,Negative (-),Supported
37163,Abundance,~,PredNCC,-0.613080028554731,0.161262322344078,-3.8017561674861,1.4367408690096e-4,-0.929148372412413,-0.29701168469704903,DAG1B_long,PredNCC -> CPUE,H2a,137.47653261247,09.PredFishNCC_b_DFA1,X09_DFA_HakeAge5Plus,1,0,1,Multi-Taxa DFA,FALSE,Negative (-),Supported
37163,logSAR,~,Growth,0.0518299627702949,0.153104330673527,0.338527085042518,0.734966019750868,-0.248249011226929,0.351908936767519,DAG1B_long,Growth -> SAR,H1c,137.47653261247,06.Cond1NCC_DFA1,X06_DFA_IGF_mu,0,1,0,Multi-Taxa DFA,FALSE,Positive (+),NS
37163,logSAR,~,Abundance,0.463595515099748,0.139672639218757,3.31915769396797,9.0289425981038e-4,0.189842172605329,0.737348857594168,DAG1B_long,CPUE -> SAR,H4a,137.47653261247,07.Cond2NCC_DFA1,X07_DFA_cpue_IntSprJunHW,1,1,0,Multi-Taxa DFA,FALSE,Positive (+),Supported
37163,logSAR,~,PreyAK,0.13419846493313,0.139625837963101,0.961129164135037,0.336487227429056,-0.139463148785774,0.407860078652034,DAG1B_long,PreyAK -> SAR,H1e,137.47653261247,13.FishPreyAK_b_1_smoothed,X13_gadid_WAI,0,1,0,Single-Series Straggler,FALSE,Positive (+),NS
37163,logSAR,~,PredAK,-0.338134818777535,0.144895538706877,-2.33364547863396,0.0196142931386847,-0.622124856163542,-0.0541447813915271,DAG1B_long,PredAK -> SAR,H2c,137.47653261247,10.PredMammalNCC_2_smoothed,X10_Harbour_s_2yrLead_WS,1,0,1,Single-Series Straggler,FALSE,Negative (-),Supported
37179,Growth,~,PreyNCC,-0.933812356559096,0.0730281003956549,-12.7870278906318,0,-1.07694480319395,-0.790679909924237,DAG1B_long,PreyNCC -> Growth,H1a,136.729354408072,05.ForageFishNCC_DFA1,X05_DFA_abundSardine,1,0,1,Multi-Taxa DFA,TRUE,Negative (-),Supported
37179,Abundance,~,PredNCC,-0.613080028554731,0.161262322344078,-3.8017561674861,1.4367408690096e-4,-0.929148372412413,-0.29701168469704903,DAG1B_long,PredNCC -> CPUE,H2a,136.729354408072,09.PredFishNCC_b_DFA1,X09_DFA_HakeAge5Plus,1,0,1,Multi-Taxa DFA,FALSE,Negative (-),Supported
37179,logSAR,~,Growth,-0.300157214840055,0.196936052930914,-1.5241354255503,0.127474884861628,-0.686144785842119,0.0858303561620097,DAG1B_long,Growth -> SAR,H1c,136.729354408072,06.Cond1NCC_DFA1,X06_DFA_IGF_mu,0,0,1,Multi-Taxa DFA,FALSE,Positive (+),NS
37179,logSAR,~,Abundance,0.528946782513306,0.137425467901384,3.84897203255569,1.1861454758443e-4,0.259597814868028,0.798295750158583,DAG1B_long,CPUE -> SAR,H4a,136.729354408072,07.Cond2NCC_DFA1,X07_DFA_cpue_IntSprJunHW,1,1,0,Multi-Taxa DFA,FALSE,Positive (+),Supported
37179,logSAR,~,PreyAK,0.183252994809385,0.1357012733542,1.35041470341305,0.176882997081623,-0.0827166136210719,0.449222603239841,DAG1B_long,PreyAK -> SAR,H1e,136.729354408072,13.FishPreyAK_b_1_smoothed,X13_gadid_WAI,0,1,0,Single-Series Straggler,FALSE,Positive (+),NS
37179,logSAR,~,PredAK,-0.618360045044016,0.189455963166231,-3.26387216696609,0.00109900739342672,-0.989686909506177,-0.247033180581856,DAG1B_long,PredAK -> SAR,H2c,136.729354408072,15.PredFishAK_b_DFA1,X15_DFA_sleeperSharks,1,0,1,Multi-Taxa DFA,FALSE,Negative (-),Supported
37303,Growth,~,PreyNCC,-0.933812356559096,0.0730281003956546,-12.7870278906318,0,-1.07694480319395,-0.790679909924237,DAG1B_long,PreyNCC -> Growth,H1a,134.881899427753,05.ForageFishNCC_DFA1,X05_DFA_abundSardine,1,0,1,Multi-Taxa DFA,TRUE,Negative (-),Supported
37303,Abundance,~,PredNCC,0.544747250511556,0.171178565765414,3.18233330251223,0.00146093587632135,0.209243426686124,0.880251074336988,DAG1B_long,PredNCC -> CPUE,H2a,134.881899427753,08.PredBirdNCC_b_2_smoothed,X08_Loons_8_WS,1,1,0,Single-Series Straggler,FALSE,Negative (-),Flipped
37303,logSAR,~,Growth,-0.17638130756719,0.135942454708634,-1.29747037410225,0.19446939223075,-0.442823622766081,0.0900610076317004,DAG1B_long,Growth -> SAR,H1c,134.881899427753,06.Cond1NCC_DFA1,X06_DFA_IGF_mu,0,0,1,Multi-Taxa DFA,FALSE,Positive (+),NS
37303,logSAR,~,Abundance,0.314582269482713,0.123263598217058,2.55211006357901,0.010707268837497,0.0729900563724641,0.556174482592962,DAG1B_long,CPUE -> SAR,H4a,134.881899427753,07.Cond2NCC_DFA1,X07_DFA_cpue_IntSprJunHW,1,1,0,Multi-Taxa DFA,FALSE,Positive (+),Supported
37303,logSAR,~,PreyAK,-0.353913991862338,0.124711399380338,-2.83786400939173,0.00454165279576801,-0.59834384310939,-0.109484140615285,DAG1B_long,PreyAK -> SAR,H1e,134.881899427753,13.FishPreyAK_b_2_smoothed,X13_hexagram_EAI,1,0,1,Single-Series Straggler,FALSE,Positive (+),Flipped
37303,logSAR,~,PredAK,-0.475325274997263,0.132941961729313,-3.57543448896207,3.4964672491577e-4,-0.735886732020819,-0.214763817973707,DAG1B_long,PredAK -> SAR,H2c,134.881899427753,10.PredMammalNCC_2_smoothed,X10_Harbour_s_2yrLead_WS,1,0,1,Single-Series Straggler,FALSE,Negative (-),Supported
37359,Growth,~,PreyNCC,-0.933812356559096,0.0730281003956547,-12.7870278906318,0,-1.07694480319395,-0.790679909924237,DAG1B_long,PreyNCC -> Growth,H1a,132.017504923408,05.ForageFishNCC_DFA1,X05_DFA_abundSardine,1,0,1,Multi-Taxa DFA,TRUE,Negative (-),Supported
37359,Abundance,~,PredNCC,-0.613080028554731,0.161262322344078,-3.8017561674861,1.4367408690096e-4,-0.929148372412413,-0.29701168469704903,DAG1B_long,PredNCC -> CPUE,H2a,132.017504923408,09.PredFishNCC_b_DFA1,X09_DFA_HakeAge5Plus,1,0,1,Multi-Taxa DFA,FALSE,Negative (-),Supported
37359,logSAR,~,Growth,-0.17638130756719,0.14121909916686,-1.24899045956088,0.211668563333173,-0.453165655863425,0.100403040729045,DAG1B_long,Growth -> SAR,H1c,132.017504923408,06.Cond1NCC_DFA1,X06_DFA_IGF_mu,0,0,1,Multi-Taxa DFA,FALSE,Positive (+),NS
37359,logSAR,~,Abundance,0.314582269482713,0.126516094422969,2.48650000553289,0.0129006567618153,0.0666152809490245,0.562549258016402,DAG1B_long,CPUE -> SAR,H4a,132.017504923408,07.Cond2NCC_DFA1,X07_DFA_cpue_IntSprJunHW,1,1,0,Multi-Taxa DFA,FALSE,Positive (+),Supported
37359,logSAR,~,PreyAK,-0.353913991862338,0.129322365081232,-2.73668047781241,0.00620625412706599,-0.607381169817093,-0.100446813907582,DAG1B_long,PreyAK -> SAR,H1e,132.017504923408,13.FishPreyAK_b_2_smoothed,X13_hexagram_EAI,1,0,1,Single-Series Straggler,FALSE,Positive (+),Flipped
37359,logSAR,~,PredAK,-0.475325274997263,0.129443973984643,-3.67205409696132,2.4060873213849e-4,-0.729030802022903,-0.221619747971623,DAG1B_long,PredAK -> SAR,H2c,132.017504923408,10.PredMammalNCC_2_smoothed,X10_Harbour_s_2yrLead_WS,1,0,1,Single-Series Straggler,FALSE,Negative (-),Supported
37361,Growth,~,PreyNCC,-0.933812356559096,0.0730281003956546,-12.7870278906318,0,-1.07694480319395,-0.790679909924237,DAG1B_long,PreyNCC -> Growth,H1a,135.90469307129,05.ForageFishNCC_DFA1,X05_DFA_abundSardine,1,0,1,Multi-Taxa DFA,TRUE,Negative (-),Supported
37361,Abundance,~,PredNCC,-0.613080028554731,0.161262322344078,-3.8017561674861,1.4367408690096e-4,-0.929148372412413,-0.29701168469704903,DAG1B_long,PredNCC -> CPUE,H2a,135.90469307129,09.PredFishNCC_b_DFA1,X09_DFA_HakeAge5Plus,1,0,1,Multi-Taxa DFA,FALSE,Negative (-),Supported
37361,logSAR,~,Growth,0.00550807956675827,0.139709667122451,0.0394251856740207,0.968551400251901,-0.268317836285326,0.279333995418843,DAG1B_long,Growth -> SAR,H1c,135.90469307129,06.Cond1NCC_DFA1,X06_DFA_IGF_mu,0,1,0,Multi-Taxa DFA,FALSE,Positive (+),NS
37361,logSAR,~,Abundance,0.354307649164727,0.140381015290495,2.52390003328831,0.0116060927359107,0.0791659150821899,0.629449383247264,DAG1B_long,CPUE -> SAR,H4a,135.90469307129,07.Cond2NCC_DFA1,X07_DFA_cpue_IntSprJunHW,1,1,0,Multi-Taxa DFA,FALSE,Positive (+),Supported
37361,logSAR,~,PreyAK,-0.36326323506497,0.143429481523406,-2.53269572759133,0.0113189157962801,-0.644379853172099,-0.0821466169578413,DAG1B_long,PreyAK -> SAR,H1e,135.90469307129,13.FishPreyAK_b_2_smoothed,X13_hexagram_EAI,1,0,1,Single-Series Straggler,FALSE,Positive (+),Flipped
37361,logSAR,~,PredAK,0.331857594722379,0.135265828700118,2.45337346402616,0.0141523320972545,0.0667414421311829,0.596973747313576,DAG1B_long,PredAK -> SAR,H2c,135.90469307129,10.PredMammalNCC_3_smoothed,X10_Northern_f_s_2yrLead_WS,1,1,0,Single-Series Straggler,FALSE,Negative (-),Flipped
37375,Growth,~,PreyNCC,-0.933812356559096,0.0730281003956546,-12.7870278906318,0,-1.07694480319395,-0.790679909924237,DAG1B_long,PreyNCC -> Growth,H1a,136.418065083042,05.ForageFishNCC_DFA1,X05_DFA_abundSardine,1,0,1,Multi-Taxa DFA,TRUE,Negative (-),Supported
37375,Abundance,~,PredNCC,-0.613080028554731,0.161262322344078,-3.8017561674861,1.4367408690096e-4,-0.929148372412413,-0.29701168469704903,DAG1B_long,PredNCC -> CPUE,H2a,136.418065083042,09.PredFishNCC_b_DFA1,X09_DFA_HakeAge5Plus,1,0,1,Multi-Taxa DFA,FALSE,Negative (-),Supported
37375,logSAR,~,Growth,-0.395605588803273,0.195535476261175,-2.02319086217821,0.0430534734252599,-0.778848079975062,-0.0123630976314831,DAG1B_long,Growth -> SAR,H1c,136.418065083042,06.Cond1NCC_DFA1,X06_DFA_IGF_mu,1,0,1,Multi-Taxa DFA,FALSE,Positive (+),Flipped
37375,logSAR,~,Abundance,0.447517266894514,0.137704685197961,3.24983326639303,0.0011547268891392,0.177621043404084,0.717413490384943,DAG1B_long,CPUE -> SAR,H4a,136.418065083042,07.Cond2NCC_DFA1,X07_DFA_cpue_IntSprJunHW,1,1,0,Multi-Taxa DFA,FALSE,Positive (+),Supported
37375,logSAR,~,PreyAK,-0.206516588780873,0.140560422292818,-1.46923711107422,0.141768487741155,-0.482009954126537,0.0689767765647916,DAG1B_long,PreyAK -> SAR,H1e,136.418065083042,13.FishPreyAK_b_2_smoothed,X13_hexagram_EAI,0,0,1,Single-Series Straggler,FALSE,Positive (+),NS
37375,logSAR,~,PredAK,-0.592996556418444,0.189280723526945,-3.13289459892638,0.00173091587289154,-0.96397995749894,-0.222013155337948,DAG1B_long,PredAK -> SAR,H2c,136.418065083042,15.PredFishAK_b_DFA1,X15_DFA_sleeperSharks,1,0,1,Multi-Taxa DFA,FALSE,Negative (-),Supported
37515,Growth,~,PreyNCC,-0.933812356559095,0.073028100395655,-12.7870278906317,0,-1.07694480319395,-0.790679909924236,DAG1B_long,PreyNCC -> Growth,H1a,138.424153295205,05.ForageFishNCC_DFA1,X05_DFA_abundSardine,1,0,1,Multi-Taxa DFA,TRUE,Negative (-),Supported
37515,Abundance,~,PredNCC,0.544747250511556,0.171178565765414,3.18233330251222,0.00146093587632135,0.209243426686124,0.880251074336989,DAG1B_long,PredNCC -> CPUE,H2a,138.424153295205,08.PredBirdNCC_b_2_smoothed,X08_Loons_8_WS,1,1,0,Single-Series Straggler,FALSE,Negative (-),Flipped
37515,logSAR,~,Growth,-0.494858572716076,0.188819622110793,-2.62080056714503,0.00877235630631201,-0.864938231627694,-0.124778913804459,DAG1B_long,Growth -> SAR,H1c,138.424153295205,06.Cond1NCC_DFA1,X06_DFA_IGF_mu,1,0,1,Multi-Taxa DFA,FALSE,Positive (+),Flipped
37515,logSAR,~,Abundance,0.380283280007013,0.134354674517971,2.83044323817813,0.00464835583794598,0.116952956797189,0.643613603216836,DAG1B_long,CPUE -> SAR,H4a,138.424153295205,07.Cond2NCC_DFA1,X07_DFA_cpue_IntSprJunHW,1,1,0,Multi-Taxa DFA,FALSE,Positive (+),Supported
37515,logSAR,~,PreyAK,0.255160596055187,0.138323860343822,1.84466075065395,0.0650869037503101,-0.0159491884212523,0.526270380531626,DAG1B_long,PreyAK -> SAR,H1e,138.424153295205,13.FishPreyAK_b_3_smoothed,X13_hexagram_WAI,0,1,0,Single-Series Straggler,FALSE,Positive (+),NS
37515,logSAR,~,PredAK,-0.759157877172197,0.187627654888115,-4.0460873298496,5.20808104131909e-5,-1.12690132325661,-0.39141443108778,DAG1B_long,PredAK -> SAR,H2c,138.424153295205,15.PredFishAK_b_DFA1,X15_DFA_sleeperSharks,1,0,1,Multi-Taxa DFA,FALSE,Negative (-),Supported
37555,Growth,~,PreyNCC,-0.933812356559096,0.0730281003956547,-12.7870278906318,0,-1.07694480319395,-0.790679909924237,DAG1B_long,PreyNCC -> Growth,H1a,138.313445050563,05.ForageFishNCC_DFA1,X05_DFA_abundSardine,1,0,1,Multi-Taxa DFA,TRUE,Negative (-),Supported
37555,Abundance,~,PredNCC,-0.613080028554731,0.161262322344078,-3.8017561674861,1.4367408690096e-4,-0.929148372412414,-0.29701168469704903,DAG1B_long,PredNCC -> CPUE,H2a,138.313445050563,09.PredFishNCC_b_DFA1,X09_DFA_HakeAge5Plus,1,0,1,Multi-Taxa DFA,FALSE,Negative (-),Supported
37555,logSAR,~,Growth,0.00125747048933421,0.148476783643933,0.00846913880051305,0.99324268568741,-0.28975167799312,0.292266618971788,DAG1B_long,Growth -> SAR,H1c,138.313445050563,06.Cond1NCC_DFA1,X06_DFA_IGF_mu,0,1,0,Multi-Taxa DFA,FALSE,Positive (+),NS
37555,logSAR,~,Abundance,0.420195398648693,0.140966728009396,2.98081259728667,0.00287484661472881,0.143905688731822,0.696485108565564,DAG1B_long,CPUE -> SAR,H4a,138.313445050563,07.Cond2NCC_DFA1,X07_DFA_cpue_IntSprJunHW,1,1,0,Multi-Taxa DFA,FALSE,Positive (+),Supported
37555,logSAR,~,PreyAK,0.0365095301543917,0.147670787427108,0.247235968538552,0.804725610284639,-0.25291989477141,0.325938955080193,DAG1B_long,PreyAK -> SAR,H1e,138.313445050563,13.FishPreyAK_b_3_smoothed,X13_hexagram_WAI,0,1,0,Single-Series Straggler,FALSE,Positive (+),NS
37555,logSAR,~,PredAK,-0.359870423605903,0.155467228252997,-2.31476709046535,0.0206256818729296,-0.664580591758046,-0.055160255453761,DAG1B_long,PredAK -> SAR,H2c,138.313445050563,10.PredMammalNCC_2_smoothed,X10_Harbour_s_2yrLead_WS,1,0,1,Single-Series Straggler,FALSE,Negative (-),Supported
37571,Growth,~,PreyNCC,-0.933812356559093,0.0730281003956554,-12.7870278906316,0,-1.07694480319395,-0.790679909924233,DAG1B_long,PreyNCC -> Growth,H1a,135.559758790859,05.ForageFishNCC_DFA1,X05_DFA_abundSardine,1,0,1,Multi-Taxa DFA,TRUE,Negative (-),Supported
37571,Abundance,~,PredNCC,-0.613080028554731,0.161262322344078,-3.80175616748611,1.4367408690096e-4,-0.929148372412412,-0.29701168469705,DAG1B_long,PredNCC -> CPUE,H2a,135.559758790859,09.PredFishNCC_b_DFA1,X09_DFA_HakeAge5Plus,1,0,1,Multi-Taxa DFA,FALSE,Negative (-),Supported
37571,logSAR,~,Growth,-0.494858572716076,0.198473123790642,-2.49332787868082,0.0126551924582639,-0.883858747244894,-0.105858398187259,DAG1B_long,Growth -> SAR,H1c,135.559758790859,06.Cond1NCC_DFA1,X06_DFA_IGF_mu,1,0,1,Multi-Taxa DFA,FALSE,Positive (+),Flipped
37571,logSAR,~,Abundance,0.380283280007012,0.137106430089014,2.77363563299052,0.00554337271018612,0.111559614983686,0.649006945030338,DAG1B_long,CPUE -> SAR,H4a,135.559758790859,07.Cond2NCC_DFA1,X07_DFA_cpue_IntSprJunHW,1,1,0,Multi-Taxa DFA,FALSE,Positive (+),Supported
37571,logSAR,~,PreyAK,0.255160596055185,0.136077815267455,1.87510797078626,0.0607778712174225,-0.0115470209639215,0.521868213074292,DAG1B_long,PreyAK -> SAR,H1e,135.559758790859,13.FishPreyAK_b_3_smoothed,X13_hexagram_WAI,0,1,0,Single-Series Straggler,FALSE,Positive (+),NS
37571,logSAR,~,PredAK,-0.759157877172197,0.192737724943551,-3.9388131067467,8.18856827993208e-5,-1.13691687652374,-0.381398877820651,DAG1B_long,PredAK -> SAR,H2c,135.559758790859,15.PredFishAK_b_DFA1,X15_DFA_sleeperSharks,1,0,1,Multi-Taxa DFA,FALSE,Negative (-),Supported
37711,Growth,~,PreyNCC,-0.933812356559096,0.073028100395655,-12.7870278906318,0,-1.07694480319395,-0.790679909924237,DAG1B_long,PreyNCC -> Growth,H1a,135.60657010611,05.ForageFishNCC_DFA1,X05_DFA_abundSardine,1,0,1,Multi-Taxa DFA,TRUE,Negative (-),Supported
37711,Abundance,~,PredNCC,0.544747250511556,0.171178565765414,3.18233330251222,0.00146093587632135,0.209243426686124,0.880251074336988,DAG1B_long,PredNCC -> CPUE,H2a,135.60657010611,08.PredBirdNCC_b_2_smoothed,X08_Loons_8_WS,1,1,0,Single-Series Straggler,FALSE,Negative (-),Flipped
37711,logSAR,~,Growth,-0.13477287874484,0.183226940817579,-0.735551650556782,0.462003595911067,-0.493891083744746,0.224345326255066,DAG1B_long,Growth -> SAR,H1c,135.60657010611,06.Cond1NCC_DFA1,X06_DFA_IGF_mu,0,0,1,Multi-Taxa DFA,FALSE,Positive (+),NS
37711,logSAR,~,Abundance,0.450366183121733,0.119507455836621,3.76851954523599,1.6421862862325e-4,0.216135873797945,0.684596492445522,DAG1B_long,CPUE -> SAR,H4a,135.60657010611,07.Cond2NCC_DFA1,X07_DFA_cpue_IntSprJunHW,1,1,0,Multi-Taxa DFA,FALSE,Positive (+),Supported
37711,logSAR,~,PreyAK,-0.507897154241311,0.195687835613726,-2.59544571408038,0.0094468324685022,-0.891438264256808,-0.124356044225814,DAG1B_long,PreyAK -> SAR,H1e,135.60657010611,13.FishPreyAK_b_4_smoothed,X13_pollockBiomassGoAage3plus_predAK,1,0,1,Single-Series Straggler,FALSE,Positive (+),Flipped
37711,logSAR,~,PredAK,-0.815733559697812,0.199693965426076,-4.08491842984503,4.40923032798413e-5,-1.20712653986291,-0.424340579532717,DAG1B_long,PredAK -> SAR,H2c,135.60657010611,15.PredFishAK_b_DFA1,X15_DFA_sleeperSharks,1,0,1,Multi-Taxa DFA,FALSE,Negative (-),Supported
37751,Growth,~,PreyNCC,-0.933812356559096,0.0730281003956543,-12.7870278906319,0,-1.07694480319395,-0.790679909924238,DAG1B_long,PreyNCC -> Growth,H1a,135.967869653995,05.ForageFishNCC_DFA1,X05_DFA_abundSardine,1,0,1,Multi-Taxa DFA,TRUE,Negative (-),Supported
37751,Abundance,~,PredNCC,-0.613080028554731,0.161262322344078,-3.8017561674861,1.4367408690096e-4,-0.929148372412413,-0.29701168469704903,DAG1B_long,PredNCC -> CPUE,H2a,135.967869653995,09.PredFishNCC_b_DFA1,X09_DFA_HakeAge5Plus,1,0,1,Multi-Taxa DFA,FALSE,Negative (-),Supported
37751,logSAR,~,Growth,0.250263937286671,0.184658443021937,1.35528023084728,0.175328291089168,-0.111659960477567,0.612187835050909,DAG1B_long,Growth -> SAR,H1c,135.967869653995,06.Cond1NCC_DFA1,X06_DFA_IGF_mu,0,1,0,Multi-Taxa DFA,FALSE,Positive (+),NS
37751,logSAR,~,Abundance,0.409333007665244,0.132029213109099,3.10032149723564,0.00193310692627935,0.150560505064247,0.668105510266241,DAG1B_long,CPUE -> SAR,H4a,135.967869653995,07.Cond2NCC_DFA1,X07_DFA_cpue_IntSprJunHW,1,1,0,Multi-Taxa DFA,FALSE,Positive (+),Supported
37751,logSAR,~,PreyAK,-0.326210319441666,0.181674354154553,-1.79557715209574,0.0725617923136901,-0.682285510499165,0.0298648716158329,DAG1B_long,PreyAK -> SAR,H1e,135.967869653995,13.FishPreyAK_b_4_smoothed,X13_pollockBiomassGoAage3plus_predAK,0,0,1,Single-Series Straggler,FALSE,Positive (+),NS
37751,logSAR,~,PredAK,-0.367163341892343,0.14005242911622,-2.62161352151671,0.00875146108246105,-0.641661058907483,-0.0926656248772031,DAG1B_long,PredAK -> SAR,H2c,135.967869653995,10.PredMammalNCC_2_smoothed,X10_Harbour_s_2yrLead_WS,1,0,1,Single-Series Straggler,FALSE,Negative (-),Supported
37767,Growth,~,PreyNCC,-0.933812356559096,0.0730281003956548,-12.7870278906318,0,-1.07694480319395,-0.790679909924237,DAG1B_long,PreyNCC -> Growth,H1a,132.742175601765,05.ForageFishNCC_DFA1,X05_DFA_abundSardine,1,0,1,Multi-Taxa DFA,TRUE,Negative (-),Supported
37767,Abundance,~,PredNCC,-0.613080028554731,0.161262322344078,-3.80175616748609,1.4367408690096e-4,-0.929148372412413,-0.297011684697048,DAG1B_long,PredNCC -> CPUE,H2a,132.742175601765,09.PredFishNCC_b_DFA1,X09_DFA_HakeAge5Plus,1,0,1,Multi-Taxa DFA,FALSE,Negative (-),Supported
37767,logSAR,~,Growth,-0.13477287874484,0.187051807651015,-0.720510966653084,0.471210449979347,-0.501387684983943,0.231841927494264,DAG1B_long,Growth -> SAR,H1c,132.742175601765,06.Cond1NCC_DFA1,X06_DFA_IGF_mu,0,0,1,Multi-Taxa DFA,FALSE,Positive (+),NS
37767,logSAR,~,Abundance,0.450366183121733,0.125599785690689,3.58572413675001,3.3614415157479e-4,0.204195126702033,0.696537239541434,DAG1B_long,CPUE -> SAR,H4a,132.742175601765,07.Cond2NCC_DFA1,X07_DFA_cpue_IntSprJunHW,1,1,0,Multi-Taxa DFA,FALSE,Positive (+),Supported
37767,logSAR,~,PreyAK,-0.507897154241311,0.198263565774079,-2.56172712448871,0.0104153115201644,-0.896486602604995,-0.119307705877628,DAG1B_long,PreyAK -> SAR,H1e,132.742175601765,13.FishPreyAK_b_4_smoothed,X13_pollockBiomassGoAage3plus_predAK,1,0,1,Single-Series Straggler,FALSE,Positive (+),Flipped
37767,logSAR,~,PredAK,-0.815733559697812,0.205624599135195,-3.96710103328387,7.275215693614e-5,-1.21875036833828,-0.412716751057344,DAG1B_long,PredAK -> SAR,H2c,132.742175601765,15.PredFishAK_b_DFA1,X15_DFA_sleeperSharks,1,0,1,Multi-Taxa DFA,FALSE,Negative (-),Supported
37947,Growth,~,PreyNCC,-0.933812356559096,0.0730281003956548,-12.7870278906318,0,-1.07694480319395,-0.790679909924237,DAG1B_long,PreyNCC -> Growth,H1a,138.087709987379,05.ForageFishNCC_DFA1,X05_DFA_abundSardine,1,0,1,Multi-Taxa DFA,TRUE,Negative (-),Supported
37947,Abundance,~,PredNCC,-0.613080028554731,0.161262322344078,-3.8017561674861,1.4367408690096e-4,-0.929148372412413,-0.29701168469704903,DAG1B_long,PredNCC -> CPUE,H2a,138.087709987379,09.PredFishNCC_b_DFA1,X09_DFA_HakeAge5Plus,1,0,1,Multi-Taxa DFA,FALSE,Negative (-),Supported
37947,logSAR,~,Growth,-0.0544125788400699,0.159462586894466,-0.341224734276264,0.732934404225656,-0.366953506034812,0.258128348354672,DAG1B_long,Growth -> SAR,H1c,138.087709987379,06.Cond1NCC_DFA1,X06_DFA_IGF_mu,0,0,1,Multi-Taxa DFA,FALSE,Positive (+),NS
37947,logSAR,~,Abundance,0.456542145230612,0.138801824323155,3.28916530785434,0.00100484987151539,0.184495568568774,0.728588721892451,DAG1B_long,CPUE -> SAR,H4a,138.087709987379,07.Cond2NCC_DFA1,X07_DFA_cpue_IntSprJunHW,1,1,0,Multi-Taxa DFA,FALSE,Positive (+),Supported
37947,logSAR,~,PreyAK,0.113526595506965,0.184739058122378,0.614524057125811,0.538869080889209,-0.248555304950748,0.475608495964678,DAG1B_long,PreyAK -> SAR,H1e,138.087709987379,14.CompAK_smoothed,X14_pinkSalmonAsia,0,1,0,Single-Series Straggler,TRUE,Negative (-),NS
37947,logSAR,~,PredAK,-0.326528813664435,0.170988097594918,-1.90965814730569,0.0561772430474885,-0.661659326735494,0.00860169940662425,DAG1B_long,PredAK -> SAR,H2c,138.087709987379,10.PredMammalNCC_2_smoothed,X10_Harbour_s_2yrLead_WS,0,0,1,Single-Series Straggler,FALSE,Negative (-),NS
37957,Growth,~,PreyNCC,-0.933812356559096,0.073028100395655,-12.7870278906317,0,-1.07694480319395,-0.790679909924237,DAG1B_long,PreyNCC -> Growth,H1a,136.945794624423,05.ForageFishNCC_DFA1,X05_DFA_abundSardine,1,0,1,Multi-Taxa DFA,TRUE,Negative (-),Supported
37957,Abundance,~,PredNCC,-0.613080028554731,0.161262322344078,-3.8017561674861,1.4367408690096e-4,-0.929148372412413,-0.29701168469704903,DAG1B_long,PredNCC -> CPUE,H2a,136.945794624423,09.PredFishNCC_b_DFA1,X09_DFA_HakeAge5Plus,1,0,1,Multi-Taxa DFA,FALSE,Negative (-),Supported
37957,logSAR,~,Growth,-0.15088159830047,0.156492334266275,-0.964146895807315,0.334972284029201,-0.457600937318973,0.155837740718033,DAG1B_long,Growth -> SAR,H1c,136.945794624423,06.Cond1NCC_DFA1,X06_DFA_IGF_mu,0,0,1,Multi-Taxa DFA,FALSE,Positive (+),NS
37957,logSAR,~,Abundance,0.496691304589371,0.14095712096743,3.52370494786239,4.2555784196451e-4,0.220420424128753,0.772962185049989,DAG1B_long,CPUE -> SAR,H4a,136.945794624423,07.Cond2NCC_DFA1,X07_DFA_cpue_IntSprJunHW,1,1,0,Multi-Taxa DFA,FALSE,Positive (+),Supported
37957,logSAR,~,PreyAK,0.62738731744008,0.191968097086124,3.26818532330719,0.00108239465953308,0.251136760970589,1.00363787390957,DAG1B_long,PreyAK -> SAR,H1e,136.945794624423,14.CompAK_smoothed,X14_pinkSalmonAsia,1,1,0,Single-Series Straggler,TRUE,Negative (-),Flipped
37957,logSAR,~,PredAK,0.384652576913208,0.177022598172934,2.17290097921531,0.0297877707682208,0.0376946600445508,0.731610493781864,DAG1B_long,PredAK -> SAR,H2c,136.945794624423,15.PredFishAK_3_smoothed,X15_PacificCodBiomass_predAK,1,1,0,Single-Series Straggler,FALSE,Negative (-),Flipped
37963,Growth,~,PreyNCC,-0.933812356559095,0.0730281003956548,-12.7870278906318,0,-1.07694480319395,-0.790679909924237,DAG1B_long,PreyNCC -> Growth,H1a,137.578134690433,05.ForageFishNCC_DFA1,X05_DFA_abundSardine,1,0,1,Multi-Taxa DFA,TRUE,Negative (-),Supported
37963,Abundance,~,PredNCC,-0.613080028554731,0.161262322344078,-3.8017561674861,1.4367408690096e-4,-0.929148372412412,-0.29701168469704903,DAG1B_long,PredNCC -> CPUE,H2a,137.578134690433,09.PredFishNCC_b_DFA1,X09_DFA_HakeAge5Plus,1,0,1,Multi-Taxa DFA,FALSE,Negative (-),Supported
37963,logSAR,~,Growth,-0.422059408298094,0.197047984015453,-2.14191183130803,0.0322005776185457,-0.808266360194606,-0.0358524564015827,DAG1B_long,Growth -> SAR,H1c,137.578134690433,06.Cond1NCC_DFA1,X06_DFA_IGF_mu,1,0,1,Multi-Taxa DFA,FALSE,Positive (+),Flipped
37963,logSAR,~,Abundance,0.521608237972709,0.138728703109132,3.75991576568247,1.6997057820966e-4,0.24970497625686,0.793511499688558,DAG1B_long,CPUE -> SAR,H4a,137.578134690433,07.Cond2NCC_DFA1,X07_DFA_cpue_IntSprJunHW,1,1,0,Multi-Taxa DFA,FALSE,Positive (+),Supported
37963,logSAR,~,PreyAK,0.187881756569638,0.188627174322013,0.996048195308789,0.31922672874046,-0.181820711607067,0.557584224746342,DAG1B_long,PreyAK -> SAR,H1e,137.578134690433,14.CompAK_smoothed,X14_pinkSalmonAsia,0,1,0,Single-Series Straggler,TRUE,Negative (-),NS
37963,logSAR,~,PredAK,-0.557472671892358,0.234880276459883,-2.37343330949107,0.0176235753336684,-1.01782955443254,-0.0971157893521751,DAG1B_long,PredAK -> SAR,H2c,137.578134690433,15.PredFishAK_b_DFA1,X15_DFA_sleeperSharks,1,0,1,Multi-Taxa DFA,FALSE,Negative (-),Supported
38143,Growth,~,PreyNCC,-0.933812356559096,0.0730281003956548,-12.7870278906318,0,-1.07694480319395,-0.790679909924237,DAG1B_long,PreyNCC -> Growth,H1a,138.365356348702,05.ForageFishNCC_DFA1,X05_DFA_abundSardine,1,0,1,Multi-Taxa DFA,TRUE,Negative (-),Supported
38143,Abundance,~,PredNCC,-0.613080028554731,0.161262322344078,-3.8017561674861,1.4367408690096e-4,-0.929148372412413,-0.29701168469704903,DAG1B_long,PredNCC -> CPUE,H2a,138.365356348702,09.PredFishNCC_b_DFA1,X09_DFA_HakeAge5Plus,1,0,1,Multi-Taxa DFA,FALSE,Negative (-),Supported
38143,logSAR,~,Growth,6.77744911968379e-5,0.164812416067648,4.1122199900898e-4,0.999671892325176,-0.322958625206423,0.323094174188817,DAG1B_long,Growth -> SAR,H1c,138.365356348702,06.Cond1NCC_DFA1,X06_DFA_IGF_mu,0,1,0,Multi-Taxa DFA,FALSE,Positive (+),NS
38143,logSAR,~,Abundance,0.431013713867492,0.140613643856569,3.06523394207138,0.00217499795914966,0.155416036173675,0.70661139156131,DAG1B_long,CPUE -> SAR,H4a,138.365356348702,07.Cond2NCC_DFA1,X07_DFA_cpue_IntSprJunHW,1,1,0,Multi-Taxa DFA,FALSE,Positive (+),Supported
38143,logSAR,~,PreyAK,-0.00669926081384937,0.189706883843084,-0.0353137465448574,0.971829562010403,-0.378517920765618,0.365119399137919,DAG1B_long,PreyAK -> SAR,H1e,138.365356348702,14.CompAK_0_smoothed,X14_pinkSalmon,0,0,1,Single-Series Straggler,TRUE,Negative (-),NS
38143,logSAR,~,PredAK,-0.376568131907447,0.169237920002688,-2.22508130507316,0.0260757805199103,-0.708268359931185,-0.0448679038837089,DAG1B_long,PredAK -> SAR,H2c,138.365356348702,10.PredMammalNCC_2_smoothed,X10_Harbour_s_2yrLead_WS,1,0,1,Single-Series Straggler,FALSE,Negative (-),Supported
38159,Growth,~,PreyNCC,-0.933812356559096,0.0730281003956546,-12.7870278906318,0,-1.07694480319395,-0.790679909924237,DAG1B_long,PreyNCC -> Growth,H1a,138.337051933708,05.ForageFishNCC_DFA1,X05_DFA_abundSardine,1,0,1,Multi-Taxa DFA,TRUE,Negative (-),Supported
38159,Abundance,~,PredNCC,-0.613080028554731,0.161262322344078,-3.8017561674861,1.4367408690096e-4,-0.929148372412413,-0.29701168469704903,DAG1B_long,PredNCC -> CPUE,H2a,138.337051933708,09.PredFishNCC_b_DFA1,X09_DFA_HakeAge5Plus,1,0,1,Multi-Taxa DFA,FALSE,Negative (-),Supported
38159,logSAR,~,Growth,-0.401310401823329,0.200251156695374,-2.00403537460615,0.0450662712049807,-0.793795456808749,-0.00882534683790909,DAG1B_long,Growth -> SAR,H1c,138.337051933708,06.Cond1NCC_DFA1,X06_DFA_IGF_mu,1,0,1,Multi-Taxa DFA,FALSE,Positive (+),Flipped
38159,logSAR,~,Abundance,0.509652355469797,0.142664314660983,3.57238848888665,3.537401256155e-4,0.230035436855182,0.789269274084413,DAG1B_long,CPUE -> SAR,H4a,138.337051933708,07.Cond2NCC_DFA1,X07_DFA_cpue_IntSprJunHW,1,1,0,Multi-Taxa DFA,FALSE,Positive (+),Supported
38159,logSAR,~,PreyAK,0.0848898173432422,0.202388790594051,0.419439323166435,0.674895090542073,-0.311784923095717,0.481564557782202,DAG1B_long,PreyAK -> SAR,H1e,138.337051933708,14.CompAK_0_smoothed,X14_pinkSalmon,0,1,0,Single-Series Straggler,TRUE,Negative (-),NS
38159,logSAR,~,PredAK,-0.608422485849456,0.242904845962828,-2.50477705966625,0.0122528598418155,-1.08450723560685,-0.132337736092063,DAG1B_long,PredAK -> SAR,H2c,138.337051933708,15.PredFishAK_b_DFA1,X15_DFA_sleeperSharks,1,0,1,Multi-Taxa DFA,FALSE,Negative (-),Supported
38339,Growth,~,PreyNCC,-0.933812356559096,0.0730281003956547,-12.7870278906318,0,-1.07694480319395,-0.790679909924237,DAG1B_long,PreyNCC -> Growth,H1a,137.292519707566,05.ForageFishNCC_DFA1,X05_DFA_abundSardine,1,0,1,Multi-Taxa DFA,TRUE,Negative (-),Supported
38339,Abundance,~,PredNCC,-0.613080028554731,0.161262322344078,-3.8017561674861,1.4367408690096e-4,-0.929148372412413,-0.29701168469704903,DAG1B_long,PredNCC -> CPUE,H2a,137.292519707566,09.PredFishNCC_b_DFA1,X09_DFA_HakeAge5Plus,1,0,1,Multi-Taxa DFA,FALSE,Negative (-),Supported
38339,logSAR,~,Growth,-0.0104822918444778,0.145468840805844,-0.0720586744653345,0.942555213689909,-0.295595980696722,0.274631397007766,DAG1B_long,Growth -> SAR,H1c,137.292519707566,06.Cond1NCC_DFA1,X06_DFA_IGF_mu,0,0,1,Multi-Taxa DFA,FALSE,Positive (+),NS
38339,logSAR,~,Abundance,0.448487507515488,0.135445016523278,3.31121453581432,9.2891962509833e-4,0.183020153244431,0.713954861786545,DAG1B_long,CPUE -> SAR,H4a,137.292519707566,07.Cond2NCC_DFA1,X07_DFA_cpue_IntSprJunHW,1,1,0,Multi-Taxa DFA,FALSE,Positive (+),Supported
38339,logSAR,~,PreyAK,-0.147571913873916,0.139675384726774,-1.05653486591491,0.290723920404541,-0.421330637465169,0.126186809717337,DAG1B_long,PreyAK -> SAR,H1e,137.292519707566,14.CompAK_1_smoothed,X14_pinkSalmonNorthAmerica,0,0,1,Single-Series Straggler,TRUE,Negative (-),NS
38339,logSAR,~,PredAK,-0.323961755545269,0.149702398337241,-2.16403851336748,0.0304613937366789,-0.617373064685529,-0.030550446405008,DAG1B_long,PredAK -> SAR,H2c,137.292519707566,10.PredMammalNCC_2_smoothed,X10_Harbour_s_2yrLead_WS,1,0,1,Single-Series Straggler,FALSE,Negative (-),Supported
38349,Growth,~,PreyNCC,-0.933812356559096,0.0730281003956546,-12.7870278906318,0,-1.07694480319395,-0.790679909924237,DAG1B_long,PreyNCC -> Growth,H1a,137.30136594807001,05.ForageFishNCC_DFA1,X05_DFA_abundSardine,1,0,1,Multi-Taxa DFA,TRUE,Negative (-),Supported
38349,Abundance,~,PredNCC,-0.613080028554731,0.161262322344078,-3.80175616748611,1.4367408690096e-4,-0.929148372412413,-0.29701168469704903,DAG1B_long,PredNCC -> CPUE,H2a,137.30136594807001,09.PredFishNCC_b_DFA1,X09_DFA_HakeAge5Plus,1,0,1,Multi-Taxa DFA,FALSE,Negative (-),Supported
38349,logSAR,~,Growth,0.166085473433402,0.137269110439477,1.20992605620935,0.226307267891521,-0.102957039217823,0.435127986084628,DAG1B_long,Growth -> SAR,H1c,137.30136594807001,06.Cond1NCC_DFA1,X06_DFA_IGF_mu,0,1,0,Multi-Taxa DFA,FALSE,Positive (+),NS
38349,logSAR,~,Abundance,0.451425107313315,0.147462561950374,3.06128620948031,0.00220388316659181,0.162403796822576,0.740446417804055,DAG1B_long,CPUE -> SAR,H4a,137.30136594807001,07.Cond2NCC_DFA1,X07_DFA_cpue_IntSprJunHW,1,1,0,Multi-Taxa DFA,FALSE,Positive (+),Supported
38349,logSAR,~,PreyAK,-0.428079512719115,0.174362845167578,-2.45510740724432,0.0140842499768656,-0.769824409489502,-0.0863346159487287,DAG1B_long,PreyAK -> SAR,H1e,137.30136594807001,14.CompAK_1_smoothed,X14_pinkSalmonNorthAmerica,1,0,1,Single-Series Straggler,TRUE,Negative (-),Supported
38349,logSAR,~,PredAK,0.344141106898311,0.186189559412739,1.84833729659046,0.064553563457493,-0.0207837238480377,0.70906593764466,DAG1B_long,PredAK -> SAR,H2c,137.30136594807001,15.PredFishAK_3_smoothed,X15_PacificCodBiomass_predAK,0,1,0,Single-Series Straggler,FALSE,Negative (-),NS
38355,Growth,~,PreyNCC,-0.933812356559096,0.0730281003956548,-12.7870278906318,0,-1.07694480319395,-0.790679909924237,DAG1B_long,PreyNCC -> Growth,H1a,136.826068086112,05.ForageFishNCC_DFA1,X05_DFA_abundSardine,1,0,1,Multi-Taxa DFA,TRUE,Negative (-),Supported
38355,Abundance,~,PredNCC,-0.613080028554731,0.161262322344078,-3.8017561674861,1.4367408690096e-4,-0.929148372412413,-0.29701168469704903,DAG1B_long,PredNCC -> CPUE,H2a,136.826068086112,09.PredFishNCC_b_DFA1,X09_DFA_HakeAge5Plus,1,0,1,Multi-Taxa DFA,FALSE,Negative (-),Supported
38355,logSAR,~,Growth,-0.354485489095894,0.194361702195986,-1.82384433296662,0.0681756094341246,-0.735427425373925,0.026456447182137,DAG1B_long,Growth -> SAR,H1c,136.826068086112,06.Cond1NCC_DFA1,X06_DFA_IGF_mu,0,0,1,Multi-Taxa DFA,FALSE,Positive (+),NS
38355,logSAR,~,Abundance,0.504851781710128,0.134861579417341,3.74348115965498,1.8148821652319e-4,0.240527943153952,0.769175620266304,DAG1B_long,CPUE -> SAR,H4a,136.826068086112,07.Cond2NCC_DFA1,X07_DFA_cpue_IntSprJunHW,1,1,0,Multi-Taxa DFA,FALSE,Positive (+),Supported
38355,logSAR,~,PreyAK,-0.178376709137956,0.135771799170845,-1.31379793320335,0.188914213342955,-0.444484545629018,0.0877311273531051,DAG1B_long,PreyAK -> SAR,H1e,136.826068086112,14.CompAK_1_smoothed,X14_pinkSalmonNorthAmerica,0,0,1,Single-Series Straggler,TRUE,Negative (-),NS
38355,logSAR,~,PredAK,-0.57787606906696,0.195773357955537,-2.95176052094997,0.00315967878944967,-0.961584799792281,-0.19416733834164,DAG1B_long,PredAK -> SAR,H2c,136.826068086112,15.PredFishAK_b_DFA1,X15_DFA_sleeperSharks,1,0,1,Multi-Taxa DFA,FALSE,Negative (-),Supported
93,Growth,~,PreyNCC,0.931964089545521,0.0831748114064868,11.2048837116189,0,0.768944454767895,1.09498372432315,DAG1B_short,PreyNCC -> Growth,H1a,91.9122099534257,01.ZooPreyNCC_JSOES_DFA1,X01_DFA_sumPreyOfPrey_planktonJun,1,1,0,Multi-Taxa DFA,FALSE,Positive (+),Supported
93,Abundance,~,PredNCC,0.67047203479098,0.170211517107275,3.93905210520166,8.18041646235557e-5,0.336863591506798,1.00408047807516,DAG1B_short,PredNCC -> CPUE,H2a,91.9122099534257,08.PredBirdNCC_b_0_smoothed,X08_commonMurre_JSOES,1,1,0,Single-Series Straggler,FALSE,Negative (-),Flipped
93,logSAR,~,Growth,0.949310657767643,0.157470645170328,6.02849284538602,1.6549572823265602e-9,0.640673864611514,1.25794745092377,DAG1B_short,Growth -> SAR,H1c,91.9122099534257,06.Cond1NCC_DFA1,X06_DFA_IGF_mu,1,1,0,Multi-Taxa DFA,FALSE,Positive (+),Supported
93,logSAR,~,Abundance,0.23061512402969,0.106646569979855,2.16242420242162,0.0305854937225929,0.0215916877944435,0.439638560264936,DAG1B_short,CPUE -> SAR,H4a,91.9122099534257,07.Cond2NCC_DFA1,X07_DFA_cpue_IntSprJunHW,1,1,0,Multi-Taxa DFA,FALSE,Positive (+),Supported
93,logSAR,~,PreyAK,-0.859710597251231,0.131408053192684,-6.54229764739485,6.058087365090609e-11,-1.11726564878742,-0.602155545715048,DAG1B_short,PreyAK -> SAR,H1e,91.9122099534257,12.ZooPreyAK_DFA1,X12_DFA_biomassEuphShelfSum,1,0,1,Multi-Taxa DFA,FALSE,Positive (+),Flipped
93,logSAR,~,PredAK,-0.465898964736431,0.134827478600675,-3.45551937610808,5.4923371414861e-4,-0.7301559669201,-0.201641962552763,DAG1B_short,PredAK -> SAR,H2c,91.9122099534257,15.PredFishAK_2_smoothed,X15_sablefishRecruitment_predAK,1,0,1,Single-Series Straggler,FALSE,Negative (-),Supported
97,Growth,~,PreyNCC,0.931964089545521,0.0831748114064871,11.2048837116189,0,0.768944454767895,1.09498372432315,DAG1B_short,PreyNCC -> Growth,H1a,90.3246633039276,01.ZooPreyNCC_JSOES_DFA1,X01_DFA_sumPreyOfPrey_planktonJun,1,1,0,Multi-Taxa DFA,FALSE,Positive (+),Supported
97,Abundance,~,PredNCC,0.67047203479098,0.170211517107275,3.93905210520167,8.18041646235557e-5,0.336863591506798,1.00408047807516,DAG1B_short,PredNCC -> CPUE,H2a,90.3246633039276,08.PredBirdNCC_b_0_smoothed,X08_commonMurre_JSOES,1,1,0,Single-Series Straggler,FALSE,Negative (-),Flipped
97,logSAR,~,Growth,0.768048148404869,0.122739601673231,6.25754147752281,3.91093601948e-10,0.527482949648545,1.00861334716119,DAG1B_short,Growth -> SAR,H1c,90.3246633039276,06.Cond1NCC_DFA1,X06_DFA_IGF_mu,1,1,0,Multi-Taxa DFA,FALSE,Positive (+),Supported
97,logSAR,~,Abundance,0.227751173691458,0.102393472476892,2.22427434271122,0.0261299918577693,0.0270636553847566,0.42843869199816,DAG1B_short,CPUE -> SAR,H4a,90.3246633039276,07.Cond2NCC_DFA1,X07_DFA_cpue_IntSprJunHW,1,1,0,Multi-Taxa DFA,FALSE,Positive (+),Supported
97,logSAR,~,PreyAK,-0.908231063366056,0.133015562666559,-6.82800602545128,8.610223645177939e-12,-1.16893677557584,-0.64752535115627,DAG1B_short,PreyAK -> SAR,H1e,90.3246633039276,12.ZooPreyAK_DFA1,X12_DFA_biomassEuphShelfSum,1,0,1,Multi-Taxa DFA,FALSE,Positive (+),Flipped
97,logSAR,~,PredAK,0.41910883902315,0.108975762927028,3.84589038668893,1.2011545483381e-4,0.205520268498399,0.632697409547901,DAG1B_short,PredAK -> SAR,H2c,90.3246633039276,15.PredFishAK_3_smoothed,X15_PacificCodBiomass_predAK,1,1,0,Single-Series Straggler,FALSE,Negative (-),Flipped
109,Growth,~,PreyNCC,0.931964089545521,0.0831748114064871,11.2048837116189,0,0.768944454767895,1.09498372432315,DAG1B_short,PreyNCC -> Growth,H1a,90.3780129309045,01.ZooPreyNCC_JSOES_DFA1,X01_DFA_sumPreyOfPrey_planktonJun,1,1,0,Multi-Taxa DFA,FALSE,Positive (+),Supported
109,Abundance,~,PredNCC,0.67047203479098,0.170211517107275,3.93905210520167,8.18041646235557e-5,0.336863591506799,1.00408047807516,DAG1B_short,PredNCC -> CPUE,H2a,90.3780129309045,08.PredBirdNCC_b_0_smoothed,X08_commonMurre_JSOES,1,1,0,Single-Series Straggler,FALSE,Negative (-),Flipped
109,logSAR,~,Growth,-0.3445410534223,0.157994599511501,-2.18071411610002,0.0292045682967135,-0.654204778216671,-0.0348773286279284,DAG1B_short,Growth -> SAR,H1c,90.3780129309045,06.Cond1NCC_DFA1,X06_DFA_IGF_mu,1,0,1,Multi-Taxa DFA,FALSE,Positive (+),Flipped
109,logSAR,~,Abundance,0.233998679208484,0.103382921255394,2.26341717149219,0.0236099852127241,0.0313718769313711,0.436625481485597,DAG1B_short,CPUE -> SAR,H4a,90.3780129309045,07.Cond2NCC_DFA1,X07_DFA_cpue_IntSprJunHW,1,1,0,Multi-Taxa DFA,FALSE,Positive (+),Supported
109,logSAR,~,PreyAK,-0.457845775586294,0.111173239324113,-4.11830921154952,3.81662362605173e-5,-0.675741320706207,-0.23995023046638,DAG1B_short,PreyAK -> SAR,H1e,90.3780129309045,12.ZooPreyAK_DFA1,X12_DFA_biomassEuphShelfSum,1,0,1,Multi-Taxa DFA,FALSE,Positive (+),Flipped
109,logSAR,~,PredAK,-0.898334559187167,0.136730188174128,-6.57012596254988,5.0272674911866495e-11,-1.16632080360784,-0.630348314766492,DAG1B_short,PredAK -> SAR,H2c,90.3780129309045,15.PredFishAK_b_DFA1,X15_DFA_sleeperSharks,1,0,1,Multi-Taxa DFA,FALSE,Negative (-),Supported
110,Growth,~,PreyNCC,0.929044831571231,0.0848762879696963,10.9458702046787,0,0.762690364009176,1.09539929913329,DAG1B_short,PreyNCC -> Growth,H1a,91.930349728763,01.ZooPreyNCC_JSOES_DFA1,X01_DFA_sumPreyOfPrey_planktonJun,1,1,0,Multi-Taxa DFA,FALSE,Positive (+),Supported
110,Abundance,~,PredNCC,0.67047203479098,0.170211517107275,3.93905210520167,8.18041646235557e-5,0.336863591506799,1.00408047807516,DAG1B_short,PredNCC -> CPUE,H2a,91.930349728763,08.PredBirdNCC_b_0_smoothed,X08_commonMurre_JSOES,1,1,0,Single-Series Straggler,FALSE,Negative (-),Flipped
110,logSAR,~,Growth,-0.17469083238843,0.160174020189853,-1.09063150304506,0.275435061741222,-0.488626143219534,0.139244478442675,DAG1B_short,Growth -> SAR,H1c,91.930349728763,06.Cond1NCC_0_smoothed,X06_Lmu_IntSprJunH,0,0,1,Single-Series Straggler,FALSE,Positive (+),NS
110,logSAR,~,Abundance,0.271530004807989,0.105418254284648,2.57573991004262,0.0100025855119166,0.0649140230969938,0.478145986518985,DAG1B_short,CPUE -> SAR,H4a,91.930349728763,07.Cond2NCC_DFA1,X07_DFA_cpue_IntSprJunHW,1,1,0,Multi-Taxa DFA,FALSE,Positive (+),Supported
110,logSAR,~,PreyAK,-0.531267730607667,0.113335357076607,-4.6875727426223,2.76464446602454e-6,-0.753400948652803,-0.309134512562531,DAG1B_short,PreyAK -> SAR,H1e,91.930349728763,12.ZooPreyAK_DFA1,X12_DFA_biomassEuphShelfSum,1,0,1,Multi-Taxa DFA,FALSE,Positive (+),Flipped
110,logSAR,~,PredAK,-0.768683164953188,0.138842293735842,-5.53637615938313,3.08793999259649e-8,-1.04080906020637,-0.496557269700006,DAG1B_short,PredAK -> SAR,H2c,91.930349728763,15.PredFishAK_b_DFA1,X15_DFA_sleeperSharks,1,0,1,Multi-Taxa DFA,FALSE,Negative (-),Supported
113,Growth,~,PreyNCC,0.931964089545521,0.0831748114064871,11.2048837116189,0,0.768944454767895,1.09498372432315,DAG1B_short,PreyNCC -> Growth,H1a,92.1446789199854,01.ZooPreyNCC_JSOES_DFA1,X01_DFA_sumPreyOfPrey_planktonJun,1,1,0,Multi-Taxa DFA,FALSE,Positive (+),Supported
113,Abundance,~,PredNCC,0.67047203479098,0.170211517107274,3.93905210520167,8.18041646235557e-5,0.336863591506799,1.00408047807516,DAG1B_short,PredNCC -> CPUE,H2a,92.1446789199854,08.PredBirdNCC_b_0_smoothed,X08_commonMurre_JSOES,1,1,0,Single-Series Straggler,FALSE,Negative (-),Flipped
113,logSAR,~,Growth,0.690889920168609,0.123791198023855,5.58109083034703,2.39014774638946e-8,0.448263630438788,0.933516209898431,DAG1B_short,Growth -> SAR,H1c,92.1446789199854,06.Cond1NCC_DFA1,X06_DFA_IGF_mu,1,1,0,Multi-Taxa DFA,FALSE,Positive (+),Supported
113,logSAR,~,Abundance,0.167833423896971,0.108190415326278,1.55127811822169,0.12083504837566,-0.044215893614964,0.379882741408906,DAG1B_short,CPUE -> SAR,H4a,92.1446789199854,07.Cond2NCC_DFA1,X07_DFA_cpue_IntSprJunHW,0,1,0,Multi-Taxa DFA,FALSE,Positive (+),NS
113,logSAR,~,PreyAK,-0.86631538890239,0.13449242868501,-6.44136920845823,1.18400400594965e-10,-1.12991570531833,-0.602715072486448,DAG1B_short,PreyAK -> SAR,H1e,92.1446789199854,12.ZooPreyAK_DFA1,X12_DFA_biomassEuphShelfSum,1,0,1,Multi-Taxa DFA,FALSE,Positive (+),Flipped
113,logSAR,~,PredAK,0.405427189042173,0.109801115955113,3.69237767317331,2.2216721034173e-4,0.190220956307845,0.6206334217765,DAG1B_short,PredAK -> SAR,H2c,92.1446789199854,15.PredFishAK_b_0_smoothed,X15_spinyDogfishBSAI_predAK,1,1,0,Single-Series Straggler,FALSE,Negative (-),Flipped
114,Growth,~,PreyNCC,0.929044831571231,0.0848762879696967,10.9458702046787,0,0.762690364009176,1.09539929913329,DAG1B_short,PreyNCC -> Growth,H1a,90.7897673592042,01.ZooPreyNCC_JSOES_DFA1,X01_DFA_sumPreyOfPrey_planktonJun,1,1,0,Multi-Taxa DFA,FALSE,Positive (+),Supported
114,Abundance,~,PredNCC,0.67047203479098,0.170211517107275,3.93905210520167,8.18041646235557e-5,0.336863591506798,1.00408047807516,DAG1B_short,PredNCC -> CPUE,H2a,90.7897673592042,08.PredBirdNCC_b_0_smoothed,X08_commonMurre_JSOES,1,1,0,Single-Series Straggler,FALSE,Negative (-),Flipped
114,logSAR,~,Growth,0.662099155259306,0.116767851782233,5.6702178309668,1.42616074505497e-8,0.433238371214018,0.890959939304594,DAG1B_short,Growth -> SAR,H1c,90.7897673592042,06.Cond1NCC_0_smoothed,X06_Lmu_IntSprJunH,1,1,0,Single-Series Straggler,FALSE,Positive (+),Supported
114,logSAR,~,Abundance,0.055960986602211,0.102306641635969,0.546992704553173,0.584383744230573,-0.144556346383534,0.256478319587956,DAG1B_short,CPUE -> SAR,H4a,90.7897673592042,07.Cond2NCC_DFA1,X07_DFA_cpue_IntSprJunHW,0,1,0,Multi-Taxa DFA,FALSE,Positive (+),NS
114,logSAR,~,PreyAK,-0.791747550433662,0.126937468958898,-6.23730374433434,4.4517700636959003e-10,-1.04054041788177,-0.54295468298555,DAG1B_short,PreyAK -> SAR,H1e,90.7897673592042,12.ZooPreyAK_DFA1,X12_DFA_biomassEuphShelfSum,1,0,1,Multi-Taxa DFA,FALSE,Positive (+),Flipped
114,logSAR,~,PredAK,0.510325936872116,0.103740374909877,4.91926058022688,8.68717553670351e-7,0.306998538306074,0.713653335438157,DAG1B_short,PredAK -> SAR,H2c,90.7897673592042,15.PredFishAK_b_0_smoothed,X15_spinyDogfishBSAI_predAK,1,1,0,Single-Series Straggler,FALSE,Negative (-),Flipped
125,Growth,~,PreyNCC,0.931964089545522,0.083174811406487,11.2048837116189,0,0.768944454767896,1.09498372432315,DAG1B_short,PreyNCC -> Growth,H1a,95.500646734494,01.ZooPreyNCC_JSOES_DFA1,X01_DFA_sumPreyOfPrey_planktonJun,1,1,0,Multi-Taxa DFA,FALSE,Positive (+),Supported
125,Abundance,~,PredNCC,0.670472034790981,0.170211517107275,3.93905210520167,8.18041646235557e-5,0.336863591506799,1.00408047807516,DAG1B_short,PredNCC -> CPUE,H2a,95.500646734494,08.PredBirdNCC_b_0_smoothed,X08_commonMurre_JSOES,1,1,0,Single-Series Straggler,FALSE,Negative (-),Flipped
125,logSAR,~,Growth,0.898024344805184,0.163579305230226,5.48984080560361,4.0229616748988e-8,0.577414797937856,1.21863389167251,DAG1B_short,Growth -> SAR,H1c,95.500646734494,06.Cond1NCC_DFA1,X06_DFA_IGF_mu,1,1,0,Multi-Taxa DFA,FALSE,Positive (+),Supported
125,logSAR,~,Abundance,0.300671074538042,0.113588057106361,2.64703070197337,0.00812019803693387,0.0780425735356957,0.523299575540388,DAG1B_short,CPUE -> SAR,H4a,95.500646734494,07.Cond2NCC_DFA1,X07_DFA_cpue_IntSprJunHW,1,1,0,Multi-Taxa DFA,FALSE,Positive (+),Supported
125,logSAR,~,PreyAK,-0.720150858194154,0.128400151160567,-5.60864494071808,2.03916883378952e-8,-0.971810530078365,-0.468491186309943,DAG1B_short,PreyAK -> SAR,H1e,95.500646734494,12.ZooPreyAK_DFA1,X12_DFA_biomassEuphShelfSum,1,0,1,Multi-Taxa DFA,FALSE,Positive (+),Flipped
125,logSAR,~,PredAK,-0.398181154191066,0.142693920153399,-2.79045634013708,0.00526337984001346,-0.677856098504561,-0.118506209877571,DAG1B_short,PredAK -> SAR,H2c,95.500646734494,15.PredFishAK_b_3_smoothed,X15_sharkCatchGoA_predAK,1,0,1,Single-Series Straggler,FALSE,Negative (-),Supported
221,Growth,~,PreyNCC,0.931964089545521,0.0831748114064868,11.2048837116189,0,0.768944454767895,1.09498372432315,DAG1B_short,PreyNCC -> Growth,H1a,94.803756286521,01.ZooPreyNCC_JSOES_DFA1,X01_DFA_sumPreyOfPrey_planktonJun,1,1,0,Multi-Taxa DFA,FALSE,Positive (+),Supported
221,Abundance,~,PredNCC,0.599206386426604,0.183668996676884,3.26242532636439,0.00110463270974148,0.239221767863305,0.959191004989903,DAG1B_short,PredNCC -> CPUE,H2a,94.803756286521,08.PredBirdNCC_b_2_smoothed,X08_Loons_8_WS,1,1,0,Single-Series Straggler,FALSE,Negative (-),Flipped
221,logSAR,~,Growth,0.949310657767643,0.159190380058723,5.96336699125573,2.47092590832665e-9,0.637303246167302,1.26131806936798,DAG1B_short,Growth -> SAR,H1c,94.803756286521,06.Cond1NCC_DFA1,X06_DFA_IGF_mu,1,1,0,Multi-Taxa DFA,FALSE,Positive (+),Supported
221,logSAR,~,Abundance,0.23061512402969,0.0931732364255863,2.47512196502772,0.0133190682558162,0.047998936312505,0.413231311746874,DAG1B_short,CPUE -> SAR,H4a,94.803756286521,07.Cond2NCC_DFA1,X07_DFA_cpue_IntSprJunHW,1,1,0,Multi-Taxa DFA,FALSE,Positive (+),Supported
221,logSAR,~,PreyAK,-0.859710597251231,0.124011471180251,-6.93250865479725,4.13447054370408e-12,-1.10276861443435,-0.616652580068112,DAG1B_short,PreyAK -> SAR,H1e,94.803756286521,12.ZooPreyAK_DFA1,X12_DFA_biomassEuphShelfSum,1,0,1,Multi-Taxa DFA,FALSE,Positive (+),Flipped
221,logSAR,~,PredAK,-0.465898964736431,0.131750034661788,-3.53623409612322,4.0587486272425e-4,-0.72412428763544,-0.207673641837423,DAG1B_short,PredAK -> SAR,H2c,94.803756286521,15.PredFishAK_2_smoothed,X15_sablefishRecruitment_predAK,1,0,1,Single-Series Straggler,FALSE,Negative (-),Supported
225,Growth,~,PreyNCC,0.931964089545521,0.0831748114064868,11.2048837116189,0,0.768944454767896,1.09498372432315,DAG1B_short,PreyNCC -> Growth,H1a,93.2162096370229,01.ZooPreyNCC_JSOES_DFA1,X01_DFA_sumPreyOfPrey_planktonJun,1,1,0,Multi-Taxa DFA,FALSE,Positive (+),Supported
225,Abundance,~,PredNCC,0.599206386426603,0.183668996676884,3.2624253263644,0.00110463270974148,0.239221767863305,0.959191004989902,DAG1B_short,PredNCC -> CPUE,H2a,93.2162096370229,08.PredBirdNCC_b_2_smoothed,X08_Loons_8_WS,1,1,0,Single-Series Straggler,FALSE,Negative (-),Flipped
225,logSAR,~,Growth,0.768048148404869,0.124030427719511,6.19241715542393,5.92484949990535e-10,0.524952977087529,1.01114331972221,DAG1B_short,Growth -> SAR,H1c,93.2162096370229,06.Cond1NCC_DFA1,X06_DFA_IGF_mu,1,1,0,Multi-Taxa DFA,FALSE,Positive (+),Supported
225,logSAR,~,Abundance,0.227751173691458,0.0897657056096478,2.53717354689829,0.0111751539884206,0.0518136236497232,0.403688723733193,DAG1B_short,CPUE -> SAR,H4a,93.2162096370229,07.Cond2NCC_DFA1,X07_DFA_cpue_IntSprJunHW,1,1,0,Multi-Taxa DFA,FALSE,Positive (+),Supported
225,logSAR,~,PreyAK,-0.908231063366056,0.125474055733961,-7.23839727705744,4.5408121707168897e-13,-1.15415569359879,-0.662306433133321,DAG1B_short,PreyAK -> SAR,H1e,93.2162096370229,12.ZooPreyAK_DFA1,X12_DFA_biomassEuphShelfSum,1,0,1,Multi-Taxa DFA,FALSE,Positive (+),Flipped
225,logSAR,~,PredAK,0.419108839023149,0.106855315693462,3.92220860799714,8.77409742490176e-5,0.209676268707306,0.628541409338992,DAG1B_short,PredAK -> SAR,H2c,93.2162096370229,15.PredFishAK_3_smoothed,X15_PacificCodBiomass_predAK,1,1,0,Single-Series Straggler,FALSE,Negative (-),Flipped
237,Growth,~,PreyNCC,0.931964089545521,0.0831748114064868,11.2048837116189,0,0.768944454767895,1.09498372432315,DAG1B_short,PreyNCC -> Growth,H1a,93.2695592639998,01.ZooPreyNCC_JSOES_DFA1,X01_DFA_sumPreyOfPrey_planktonJun,1,1,0,Multi-Taxa DFA,FALSE,Positive (+),Supported
237,Abundance,~,PredNCC,0.599206386426604,0.183668996676884,3.26242532636439,0.00110463270974148,0.239221767863304,0.959191004989903,DAG1B_short,PredNCC -> CPUE,H2a,93.2695592639998,08.PredBirdNCC_b_2_smoothed,X08_Loons_8_WS,1,1,0,Single-Series Straggler,FALSE,Negative (-),Flipped
237,logSAR,~,Growth,-0.3445410534223,0.149378241570018,-2.30650093213746,0.0210826581057812,-0.637317026973458,-0.0517650798711416,DAG1B_short,Growth -> SAR,H1c,93.2695592639998,06.Cond1NCC_DFA1,X06_DFA_IGF_mu,1,0,1,Multi-Taxa DFA,FALSE,Positive (+),Flipped
237,logSAR,~,Abundance,0.233998679208484,0.0897082507195145,2.60844099992669,0.00909556899616515,0.0581737386821465,0.409823619734822,DAG1B_short,CPUE -> SAR,H4a,93.2695592639998,07.Cond2NCC_DFA1,X07_DFA_cpue_IntSprJunHW,1,1,0,Multi-Taxa DFA,FALSE,Positive (+),Supported
237,logSAR,~,PreyAK,-0.457845775586294,0.107897899361172,-4.24332427505121,2.2023283816619e-5,-0.669321772341718,-0.246369778830869,DAG1B_short,PreyAK -> SAR,H1e,93.2695592639998,12.ZooPreyAK_DFA1,X12_DFA_biomassEuphShelfSum,1,0,1,Multi-Taxa DFA,FALSE,Positive (+),Flipped
237,logSAR,~,PredAK,-0.898334559187167,0.132701562342766,-6.76958540146484,1.2915224445464399e-11,-1.15842484207119,-0.638244276303149,DAG1B_short,PredAK -> SAR,H2c,93.2695592639998,15.PredFishAK_b_DFA1,X15_DFA_sleeperSharks,1,0,1,Multi-Taxa DFA,FALSE,Negative (-),Supported
238,Growth,~,PreyNCC,0.929044831571231,0.084876287969696207,10.9458702046788,0,0.762690364009177,1.09539929913329,DAG1B_short,PreyNCC -> Growth,H1a,94.8218960618582,01.ZooPreyNCC_JSOES_DFA1,X01_DFA_sumPreyOfPrey_planktonJun,1,1,0,Multi-Taxa DFA,FALSE,Positive (+),Supported
238,Abundance,~,PredNCC,0.599206386426604,0.183668996676884,3.26242532636439,0.00110463270974148,0.239221767863304,0.959191004989903,DAG1B_short,PredNCC -> CPUE,H2a,94.8218960618582,08.PredBirdNCC_b_2_smoothed,X08_Loons_8_WS,1,1,0,Single-Series Straggler,FALSE,Negative (-),Flipped
238,logSAR,~,Growth,-0.17469083238843,0.151598734664173,-1.15232381573244,0.249188034005806,-0.471818892432052,0.122437227655193,DAG1B_short,Growth -> SAR,H1c,94.8218960618582,06.Cond1NCC_0_smoothed,X06_Lmu_IntSprJunH,0,0,1,Single-Series Straggler,FALSE,Positive (+),NS
238,logSAR,~,Abundance,0.271530004807989,0.0915709687125865,2.96524115257795,0.00302445744976731,0.0920542041018757,0.451005805514103,DAG1B_short,CPUE -> SAR,H4a,94.8218960618582,07.Cond2NCC_DFA1,X07_DFA_cpue_IntSprJunHW,1,1,0,Multi-Taxa DFA,FALSE,Positive (+),Supported
238,logSAR,~,PreyAK,-0.531267730607667,0.109912433723551,-4.83355442700778,1.34116589145528e-6,-0.746692142158972,-0.315843319056362,DAG1B_short,PreyAK -> SAR,H1e,94.8218960618582,12.ZooPreyAK_DFA1,X12_DFA_biomassEuphShelfSum,1,0,1,Multi-Taxa DFA,FALSE,Positive (+),Flipped
238,logSAR,~,PredAK,-0.768683164953188,0.134874789475523,-5.69923532738997,1.20346006493577e-8,-1.03303289474764,-0.50433343515874,DAG1B_short,PredAK -> SAR,H2c,94.8218960618582,15.PredFishAK_b_DFA1,X15_DFA_sleeperSharks,1,0,1,Multi-Taxa DFA,FALSE,Negative (-),Supported
241,Growth,~,PreyNCC,0.93196408954552,0.0831748114064865,11.204883711619,0,0.768944454767895,1.09498372432314,DAG1B_short,PreyNCC -> Growth,H1a,95.0362252530806,01.ZooPreyNCC_JSOES_DFA1,X01_DFA_sumPreyOfPrey_planktonJun,1,1,0,Multi-Taxa DFA,FALSE,Positive (+),Supported
241,Abundance,~,PredNCC,0.599206386426603,0.183668996676884,3.26242532636439,0.00110463270974148,0.239221767863304,0.959191004989902,DAG1B_short,PredNCC -> CPUE,H2a,95.0362252530806,08.PredBirdNCC_b_2_smoothed,X08_Loons_8_WS,1,1,0,Single-Series Straggler,FALSE,Negative (-),Flipped
241,logSAR,~,Growth,0.690889920168609,0.125819785337603,5.49110712845991,3.99421975494363e-8,0.444287672364346,0.937492167972872,DAG1B_short,Growth -> SAR,H1c,95.0362252530806,06.Cond1NCC_DFA1,X06_DFA_IGF_mu,1,1,0,Multi-Taxa DFA,FALSE,Positive (+),Supported
241,logSAR,~,Abundance,0.167833423896971,0.096608390183197,1.73725515536188,0.082342143291114,-0.0215155414664876,0.357182389260431,DAG1B_short,CPUE -> SAR,H4a,95.0362252530806,07.Cond2NCC_DFA1,X07_DFA_cpue_IntSprJunHW,0,1,0,Multi-Taxa DFA,FALSE,Positive (+),NS
241,logSAR,~,PreyAK,-0.86631538890239,0.127602117994412,-6.78919286387025,1.12763132165128e-11,-1.11641094452247,-0.616219833282313,DAG1B_short,PreyAK -> SAR,H1e,95.0362252530806,12.ZooPreyAK_DFA1,X12_DFA_biomassEuphShelfSum,1,0,1,Multi-Taxa DFA,FALSE,Positive (+),Flipped
241,logSAR,~,PredAK,0.405427189042173,0.10966318306857,3.69702189647978,2.1814353321292e-4,0.190491299797754,0.620363078286592,DAG1B_short,PredAK -> SAR,H2c,95.0362252530806,15.PredFishAK_b_0_smoothed,X15_spinyDogfishBSAI_predAK,1,1,0,Single-Series Straggler,FALSE,Negative (-),Flipped
242,Growth,~,PreyNCC,0.929044831571231,0.0848762879696969,10.9458702046787,0,0.762690364009175,1.09539929913329,DAG1B_short,PreyNCC -> Growth,H1a,93.6813136922994,01.ZooPreyNCC_JSOES_DFA1,X01_DFA_sumPreyOfPrey_planktonJun,1,1,0,Multi-Taxa DFA,FALSE,Positive (+),Supported
242,Abundance,~,PredNCC,0.599206386426604,0.183668996676884,3.2624253263644,0.00110463270974148,0.239221767863305,0.959191004989902,DAG1B_short,PredNCC -> CPUE,H2a,93.6813136922994,08.PredBirdNCC_b_2_smoothed,X08_Loons_8_WS,1,1,0,Single-Series Straggler,FALSE,Negative (-),Flipped
242,logSAR,~,Growth,0.662099155259306,0.11865935911388,5.57983087220178,2.40752564550917e-8,0.429531084967496,0.894667225551116,DAG1B_short,Growth -> SAR,H1c,93.6813136922994,06.Cond1NCC_0_smoothed,X06_Lmu_IntSprJunH,1,1,0,Single-Series Straggler,FALSE,Positive (+),Supported
242,logSAR,~,Abundance,0.055960986602211,0.0913375630100086,0.612683158582618,0.540085860440669,-0.123057347333064,0.234979320537486,DAG1B_short,CPUE -> SAR,H4a,93.6813136922994,07.Cond2NCC_DFA1,X07_DFA_cpue_IntSprJunHW,0,1,0,Multi-Taxa DFA,FALSE,Positive (+),NS
242,logSAR,~,PreyAK,-0.791747550433662,0.120358224907975,-6.57825878571263,4.759903582396419e-11,-1.02764533649646,-0.555849764370859,DAG1B_short,PreyAK -> SAR,H1e,93.6813136922994,12.ZooPreyAK_DFA1,X12_DFA_biomassEuphShelfSum,1,0,1,Multi-Taxa DFA,FALSE,Positive (+),Flipped
242,logSAR,~,PredAK,0.510325936872116,0.103576305538423,4.92705290287464,8.34791582970951e-7,0.307320108365091,0.71333176537914,DAG1B_short,PredAK -> SAR,H2c,93.6813136922994,15.PredFishAK_b_0_smoothed,X15_spinyDogfishBSAI_predAK,1,1,0,Single-Series Straggler,FALSE,Negative (-),Flipped
349,Growth,~,PreyNCC,0.931964089545521,0.0831748114064869,11.2048837116189,0,0.768944454767895,1.09498372432315,DAG1B_short,PreyNCC -> Growth,H1a,91.9434528455194,01.ZooPreyNCC_JSOES_DFA1,X01_DFA_sumPreyOfPrey_planktonJun,1,1,0,Multi-Taxa DFA,FALSE,Positive (+),Supported
349,Abundance,~,PredNCC,-0.669796115977948,0.170351519391499,-3.93184703236273,8.42956995288358e-5,-1.0036789586969601,-0.335913273258933,DAG1B_short,PredNCC -> CPUE,H2a,91.9434528455194,09.PredFishNCC_b_DFA1,X09_DFA_HakeAge5Plus,1,0,1,Multi-Taxa DFA,FALSE,Negative (-),Supported
349,logSAR,~,Growth,0.949310657767643,0.162645697394248,5.83667857789405,5.3251683063138e-9,0.630530948634517,1.26809036690077,DAG1B_short,Growth -> SAR,H1c,91.9434528455194,06.Cond1NCC_DFA1,X06_DFA_IGF_mu,1,1,0,Multi-Taxa DFA,FALSE,Positive (+),Supported
349,logSAR,~,Abundance,0.23061512402969,0.105817555786556,2.17936544003021,0.0293045313765319,0.0232165257559811,0.438013722303398,DAG1B_short,CPUE -> SAR,H4a,91.9434528455194,07.Cond2NCC_DFA1,X07_DFA_cpue_IntSprJunHW,1,1,0,Multi-Taxa DFA,FALSE,Positive (+),Supported
349,logSAR,~,PreyAK,-0.859710597251231,0.13211969524697,-6.50705858535461,7.663647494382529e-11,-1.1186604415837,-0.600760752918762,DAG1B_short,PreyAK -> SAR,H1e,91.9434528455194,12.ZooPreyAK_DFA1,X12_DFA_biomassEuphShelfSum,1,0,1,Multi-Taxa DFA,FALSE,Positive (+),Flipped
349,logSAR,~,PredAK,-0.465898964736431,0.14335501764993,-3.24996621934885,0.00115418717743609,-0.746869636333399,-0.184928293139464,DAG1B_short,PredAK -> SAR,H2c,91.9434528455194,15.PredFishAK_2_smoothed,X15_sablefishRecruitment_predAK,1,0,1,Single-Series Straggler,FALSE,Negative (-),Supported
353,Growth,~,PreyNCC,0.931964089545521,0.0831748114064867,11.2048837116189,0,0.768944454767896,1.09498372432315,DAG1B_short,PreyNCC -> Growth,H1a,90.3559061960213,01.ZooPreyNCC_JSOES_DFA1,X01_DFA_sumPreyOfPrey_planktonJun,1,1,0,Multi-Taxa DFA,FALSE,Positive (+),Supported
353,Abundance,~,PredNCC,-0.669796115977948,0.170351519391499,-3.93184703236274,8.42956995288358e-5,-1.0036789586969601,-0.335913273258934,DAG1B_short,PredNCC -> CPUE,H2a,90.3559061960213,09.PredFishNCC_b_DFA1,X09_DFA_HakeAge5Plus,1,0,1,Multi-Taxa DFA,FALSE,Negative (-),Supported
353,logSAR,~,Growth,0.76804814840487,0.124863777169892,6.15108853674872,7.69529329147645e-10,0.523319642178247,1.01277665463149,DAG1B_short,Growth -> SAR,H1c,90.3559061960213,06.Cond1NCC_DFA1,X06_DFA_IGF_mu,1,1,0,Multi-Taxa DFA,FALSE,Positive (+),Supported
353,logSAR,~,Abundance,0.227751173691458,0.104817229886087,2.17284099130432,0.0297922869529326,0.0223131781554725,0.433189169227443,DAG1B_short,CPUE -> SAR,H4a,90.3559061960213,07.Cond2NCC_DFA1,X07_DFA_cpue_IntSprJunHW,1,1,0,Multi-Taxa DFA,FALSE,Positive (+),Supported
353,logSAR,~,PreyAK,-0.908231063366055,0.136958744235078,-6.63142078615408,3.3247182784634794e-11,-1.17666526943464,-0.63979685729747,DAG1B_short,PreyAK -> SAR,H1e,90.3559061960213,12.ZooPreyAK_DFA1,X12_DFA_biomassEuphShelfSum,1,0,1,Multi-Taxa DFA,FALSE,Positive (+),Flipped
353,logSAR,~,PredAK,0.41910883902315,0.119540199545462,3.50600752396905,4.5488236114343e-4,0.184814353209314,0.653403324836986,DAG1B_short,PredAK -> SAR,H2c,90.3559061960213,15.PredFishAK_3_smoothed,X15_PacificCodBiomass_predAK,1,1,0,Single-Series Straggler,FALSE,Negative (-),Flipped
365,Growth,~,PreyNCC,0.931964089545519,0.0831748114064869,11.2048837116189,0,0.768944454767893,1.09498372432314,DAG1B_short,PreyNCC -> Growth,H1a,90.4092558229983,01.ZooPreyNCC_JSOES_DFA1,X01_DFA_sumPreyOfPrey_planktonJun,1,1,0,Multi-Taxa DFA,FALSE,Positive (+),Supported
365,Abundance,~,PredNCC,-0.669796115977948,0.170351519391499,-3.93184703236273,8.42956995288358e-5,-1.0036789586969601,-0.335913273258933,DAG1B_short,PredNCC -> CPUE,H2a,90.4092558229983,09.PredFishNCC_b_DFA1,X09_DFA_HakeAge5Plus,1,0,1,Multi-Taxa DFA,FALSE,Negative (-),Supported
365,logSAR,~,Growth,-0.344541053422301,0.160948222233082,-2.1406949927247,0.0322986425834944,-0.659993772374891,-0.0290883344697115,DAG1B_short,Growth -> SAR,H1c,90.4092558229983,06.Cond1NCC_DFA1,X06_DFA_IGF_mu,1,0,1,Multi-Taxa DFA,FALSE,Positive (+),Flipped
365,logSAR,~,Abundance,0.233998679208484,0.1029215078273,2.27356442932343,0.0229921881891317,0.0322762306324175,0.43572112778455,DAG1B_short,CPUE -> SAR,H4a,90.4092558229983,07.Cond2NCC_DFA1,X07_DFA_cpue_IntSprJunHW,1,1,0,Multi-Taxa DFA,FALSE,Positive (+),Supported
365,logSAR,~,PreyAK,-0.457845775586294,0.109064484411203,-4.19793645986618,2.69358178450751e-5,-0.671608237024682,-0.244083314147907,DAG1B_short,PreyAK -> SAR,H1e,90.4092558229983,12.ZooPreyAK_DFA1,X12_DFA_biomassEuphShelfSum,1,0,1,Multi-Taxa DFA,FALSE,Positive (+),Flipped
365,logSAR,~,PredAK,-0.898334559187167,0.145863088057799,-6.1587518209624,7.33205274272564e-10,-1.18422095845425,-0.612448159920087,DAG1B_short,PredAK -> SAR,H2c,90.4092558229983,15.PredFishAK_b_DFA1,X15_DFA_sleeperSharks,1,0,1,Multi-Taxa DFA,FALSE,Negative (-),Supported
366,Growth,~,PreyNCC,0.929044831571231,0.0848762879696964,10.9458702046787,0,0.762690364009176,1.09539929913329,DAG1B_short,PreyNCC -> Growth,H1a,91.9615926208567,01.ZooPreyNCC_JSOES_DFA1,X01_DFA_sumPreyOfPrey_planktonJun,1,1,0,Multi-Taxa DFA,FALSE,Positive (+),Supported
366,Abundance,~,PredNCC,-0.669796115977948,0.170351519391499,-3.93184703236273,8.42956995288358e-5,-1.0036789586969601,-0.335913273258933,DAG1B_short,PredNCC -> CPUE,H2a,91.9615926208567,09.PredFishNCC_b_DFA1,X09_DFA_HakeAge5Plus,1,0,1,Multi-Taxa DFA,FALSE,Negative (-),Supported
366,logSAR,~,Growth,-0.17469083238843,0.163107225296091,-1.07101835661364,0.284161175889575,-0.494375119587029,0.14499345481017,DAG1B_short,Growth -> SAR,H1c,91.9615926208567,06.Cond1NCC_0_smoothed,X06_Lmu_IntSprJunH,0,0,1,Single-Series Straggler,FALSE,Positive (+),NS
366,logSAR,~,Abundance,0.271530004807989,0.104908419108038,2.58825752133735,0.00964628347306995,0.065913281681202,0.477146727934777,DAG1B_short,CPUE -> SAR,H4a,91.9615926208567,07.Cond2NCC_DFA1,X07_DFA_cpue_IntSprJunHW,1,1,0,Multi-Taxa DFA,FALSE,Positive (+),Supported
366,logSAR,~,PreyAK,-0.531267730607667,0.111160229684382,-4.77929680530616,1.75909350574877e-6,-0.749137777302256,-0.313397683913078,DAG1B_short,PreyAK -> SAR,H1e,91.9615926208567,12.ZooPreyAK_DFA1,X12_DFA_biomassEuphShelfSum,1,0,1,Multi-Taxa DFA,FALSE,Positive (+),Flipped
366,logSAR,~,PredAK,-0.768683164953188,0.148041481521286,-5.19234985393378,2.07656321471461e-7,-1.05883913695286,-0.478527192953516,DAG1B_short,PredAK -> SAR,H2c,91.9615926208567,15.PredFishAK_b_DFA1,X15_DFA_sleeperSharks,1,0,1,Multi-Taxa DFA,FALSE,Negative (-),Supported
369,Growth,~,PreyNCC,0.931964089545521,0.083174811406488,11.2048837116188,0,0.768944454767893,1.09498372432315,DAG1B_short,PreyNCC -> Growth,H1a,92.1759218120791,01.ZooPreyNCC_JSOES_DFA1,X01_DFA_sumPreyOfPrey_planktonJun,1,1,0,Multi-Taxa DFA,FALSE,Positive (+),Supported
369,Abundance,~,PredNCC,-0.669796115977948,0.170351519391499,-3.93184703236273,8.42956995288358e-5,-1.0036789586969601,-0.335913273258933,DAG1B_short,PredNCC -> CPUE,H2a,92.1759218120791,09.PredFishNCC_b_DFA1,X09_DFA_HakeAge5Plus,1,0,1,Multi-Taxa DFA,FALSE,Negative (-),Supported
369,logSAR,~,Growth,0.690889920168609,0.125434892064824,5.50795642899393,3.63023224814185e-8,0.445042049316884,0.936737791020334,DAG1B_short,Growth -> SAR,H1c,92.1759218120791,06.Cond1NCC_DFA1,X06_DFA_IGF_mu,1,1,0,Multi-Taxa DFA,FALSE,Positive (+),Supported
369,logSAR,~,Abundance,0.167833423896971,0.112520877135142,1.49157585836623,0.135810370928281,-0.0527034427967642,0.388370290590707,DAG1B_short,CPUE -> SAR,H4a,92.1759218120791,07.Cond2NCC_DFA1,X07_DFA_cpue_IntSprJunHW,0,1,0,Multi-Taxa DFA,FALSE,Positive (+),NS
369,logSAR,~,PreyAK,-0.86631538890239,0.138279893083786,-6.26494112471925,3.72966324491131e-10,-1.13733899913266,-0.595291778672121,DAG1B_short,PreyAK -> SAR,H1e,92.1759218120791,12.ZooPreyAK_DFA1,X12_DFA_biomassEuphShelfSum,1,0,1,Multi-Taxa DFA,FALSE,Positive (+),Flipped
369,logSAR,~,PredAK,0.405427189042173,0.122369934305106,3.3131274552401,9.2258926156318e-4,0.165586525013633,0.645267853070713,DAG1B_short,PredAK -> SAR,H2c,92.1759218120791,15.PredFishAK_b_0_smoothed,X15_spinyDogfishBSAI_predAK,1,1,0,Single-Series Straggler,FALSE,Negative (-),Flipped
370,Growth,~,PreyNCC,0.929044831571231,0.0848762879696967,10.9458702046787,0,0.762690364009175,1.09539929913329,DAG1B_short,PreyNCC -> Growth,H1a,90.821010251298,01.ZooPreyNCC_JSOES_DFA1,X01_DFA_sumPreyOfPrey_planktonJun,1,1,0,Multi-Taxa DFA,FALSE,Positive (+),Supported
370,Abundance,~,PredNCC,-0.669796115977948,0.170351519391499,-3.93184703236274,8.42956995288358e-5,-1.0036789586969601,-0.335913273258934,DAG1B_short,PredNCC -> CPUE,H2a,90.821010251298,09.PredFishNCC_b_DFA1,X09_DFA_HakeAge5Plus,1,0,1,Multi-Taxa DFA,FALSE,Negative (-),Supported
370,logSAR,~,Growth,0.662099155259306,0.11830055560624,5.59675440124799,2.18401752238861e-8,0.430234326919998,0.893963983598615,DAG1B_short,Growth -> SAR,H1c,90.821010251298,06.Cond1NCC_0_smoothed,X06_Lmu_IntSprJunH,1,1,0,Single-Series Straggler,FALSE,Positive (+),Supported
370,logSAR,~,Abundance,0.055960986602211,0.106385649402385,0.526020068651817,0.598874263321839,-0.15255105469837,0.264473027902791,DAG1B_short,CPUE -> SAR,H4a,90.821010251298,07.Cond2NCC_DFA1,X07_DFA_cpue_IntSprJunHW,0,1,0,Multi-Taxa DFA,FALSE,Positive (+),NS
370,logSAR,~,PreyAK,-0.791747550433662,0.130444371258197,-6.06961835759477,1.28214572292507e-9,-1.0474138200857,-0.536081280781623,DAG1B_short,PreyAK -> SAR,H1e,90.821010251298,12.ZooPreyAK_DFA1,X12_DFA_biomassEuphShelfSum,1,0,1,Multi-Taxa DFA,FALSE,Positive (+),Flipped
370,logSAR,~,PredAK,0.510325936872116,0.115583050924633,4.41523158274198,1.00901911279649e-5,0.283787319836575,0.736864553907656,DAG1B_short,PredAK -> SAR,H2c,90.821010251298,15.PredFishAK_b_0_smoothed,X15_spinyDogfishBSAI_predAK,1,1,0,Single-Series Straggler,FALSE,Negative (-),Flipped
381,Growth,~,PreyNCC,0.931964089545521,0.083174811406487,11.2048837116189,0,0.768944454767895,1.09498372432315,DAG1B_short,PreyNCC -> Growth,H1a,95.5318896265877,01.ZooPreyNCC_JSOES_DFA1,X01_DFA_sumPreyOfPrey_planktonJun,1,1,0,Multi-Taxa DFA,FALSE,Positive (+),Supported
381,Abundance,~,PredNCC,-0.669796115977948,0.170351519391499,-3.93184703236273,8.42956995288358e-5,-1.0036789586969601,-0.335913273258933,DAG1B_short,PredNCC -> CPUE,H2a,95.5318896265877,09.PredFishNCC_b_DFA1,X09_DFA_HakeAge5Plus,1,0,1,Multi-Taxa DFA,FALSE,Negative (-),Supported
381,logSAR,~,Growth,0.898024344805183,0.163823327759242,5.4816634302835,4.21345240919635e-8,0.576936522569568,1.2191121670408,DAG1B_short,Growth -> SAR,H1c,95.5318896265877,06.Cond1NCC_DFA1,X06_DFA_IGF_mu,1,1,0,Multi-Taxa DFA,FALSE,Positive (+),Supported
381,logSAR,~,Abundance,0.300671074538042,0.10853613628988,2.77023933978085,0.00560151149703159,0.0879441563887462,0.513397992687337,DAG1B_short,CPUE -> SAR,H4a,95.5318896265877,07.Cond2NCC_DFA1,X07_DFA_cpue_IntSprJunHW,1,1,0,Multi-Taxa DFA,FALSE,Positive (+),Supported
381,logSAR,~,PreyAK,-0.720150858194154,0.126530554245963,-5.69151745588857,1.25915280424493e-8,-0.968146187460133,-0.472155528928175,DAG1B_short,PreyAK -> SAR,H1e,95.5318896265877,12.ZooPreyAK_DFA1,X12_DFA_biomassEuphShelfSum,1,0,1,Multi-Taxa DFA,FALSE,Positive (+),Flipped
381,logSAR,~,PredAK,-0.398181154191066,0.146106927269041,-2.72527224843936,0.00642484852961434,-0.684545469530199,-0.111816838851933,DAG1B_short,PredAK -> SAR,H2c,95.5318896265877,15.PredFishAK_b_3_smoothed,X15_sharkCatchGoA_predAK,1,0,1,Single-Series Straggler,FALSE,Negative (-),Supported
1389,Growth,~,PreyNCC,0.931964089545521,0.0831748114064876,11.2048837116188,0,0.768944454767894,1.09498372432315,DAG1B_short,PreyNCC -> Growth,H1a,94.1269874230888,01.ZooPreyNCC_JSOES_DFA1,X01_DFA_sumPreyOfPrey_planktonJun,1,1,0,Multi-Taxa DFA,FALSE,Positive (+),Supported
1389,Abundance,~,PredNCC,0.67047203479098,0.170211517107275,3.93905210520167,8.18041646235557e-5,0.336863591506799,1.00408047807516,DAG1B_short,PredNCC -> CPUE,H2a,94.1269874230888,08.PredBirdNCC_b_0_smoothed,X08_commonMurre_JSOES,1,1,0,Single-Series Straggler,FALSE,Negative (-),Flipped
1389,logSAR,~,Growth,-1.26501755619733,0.170718830306725,-7.40994742012061,1.26343380202343e-13,-1.59962031508131,-0.930414797313341,DAG1B_short,Growth -> SAR,H1c,94.1269874230888,06.Cond1NCC_DFA1,X06_DFA_IGF_mu,1,0,1,Multi-Taxa DFA,FALSE,Positive (+),Flipped
1389,logSAR,~,Abundance,0.270383525408504,0.113549408812867,2.38119712145842,0.0172564749856194,0.0478307736694696,0.492936277147538,DAG1B_short,CPUE -> SAR,H4a,94.1269874230888,07.Cond2NCC_DFA1,X07_DFA_cpue_IntSprJunHW,1,1,0,Multi-Taxa DFA,FALSE,Positive (+),Supported
1389,logSAR,~,PreyAK,0.372099226430516,0.124809657071772,2.98133361761052,0.00286995951340763,0.127476793647047,0.616721659213985,DAG1B_short,PreyAK -> SAR,H1e,94.1269874230888,12.ZooPreyAK_1_smoothed,X12_copepodCom_EGoA,1,1,0,Single-Series Straggler,FALSE,Positive (+),Supported
1389,logSAR,~,PredAK,-1.38567925964631,0.151589298451462,-9.14100977972395,0,-1.68278882505287,-1.08856969423975,DAG1B_short,PredAK -> SAR,H2c,94.1269874230888,15.PredFishAK_b_DFA1,X15_DFA_sleeperSharks,1,0,1,Multi-Taxa DFA,FALSE,Negative (-),Supported
1645,Growth,~,PreyNCC,0.93196408954552,0.083174811406487,11.2048837116189,0,0.768944454767894,1.09498372432315,DAG1B_short,PreyNCC -> Growth,H1a,94.1582303151826,01.ZooPreyNCC_JSOES_DFA1,X01_DFA_sumPreyOfPrey_planktonJun,1,1,0,Multi-Taxa DFA,FALSE,Positive (+),Supported
1645,Abundance,~,PredNCC,-0.669796115977948,0.170351519391499,-3.93184703236272,8.42956995288358e-5,-1.0036789586969601,-0.335913273258932,DAG1B_short,PredNCC -> CPUE,H2a,94.1582303151826,09.PredFishNCC_b_DFA1,X09_DFA_HakeAge5Plus,1,0,1,Multi-Taxa DFA,FALSE,Negative (-),Supported
1645,logSAR,~,Growth,-1.26501755619733,0.173181466120392,-7.3045781661065,2.78221889971064e-13,-1.60444699258314,-0.925588119811517,DAG1B_short,Growth -> SAR,H1c,94.1582303151826,06.Cond1NCC_DFA1,X06_DFA_IGF_mu,1,0,1,Multi-Taxa DFA,FALSE,Positive (+),Flipped
1645,logSAR,~,Abundance,0.270383525408504,0.113757243430653,2.37684667151178,0.0174613447096905,0.0474234253038673,0.49334362551314,DAG1B_short,CPUE -> SAR,H4a,94.1582303151826,07.Cond2NCC_DFA1,X07_DFA_cpue_IntSprJunHW,1,1,0,Multi-Taxa DFA,FALSE,Positive (+),Supported
1645,logSAR,~,PreyAK,0.372099226430515,0.123216288307845,3.01988666872402,0.00252869286259649,0.130599739038436,0.613598713822594,DAG1B_short,PreyAK -> SAR,H1e,94.1582303151826,12.ZooPreyAK_1_smoothed,X12_copepodCom_EGoA,1,1,0,Single-Series Straggler,FALSE,Positive (+),Supported
1645,logSAR,~,PredAK,-1.3856792596463,0.16175853005447,-8.56634428601506,0,-1.70272015274521,-1.0686383665474,DAG1B_short,PredAK -> SAR,H2c,94.1582303151826,15.PredFishAK_b_DFA1,X15_DFA_sleeperSharks,1,0,1,Multi-Taxa DFA,FALSE,Negative (-),Supported
3289,Growth,~,PreyNCC,0.93196408954552,0.0831748114064873,11.2048837116189,0,0.768944454767893,1.09498372432315,DAG1B_short,PreyNCC -> Growth,H1a,92.9980195826726,01.ZooPreyNCC_JSOES_DFA1,X01_DFA_sumPreyOfPrey_planktonJun,1,1,0,Multi-Taxa DFA,FALSE,Positive (+),Supported
3289,Abundance,~,PredNCC,0.67047203479098,0.170211517107275,3.93905210520166,8.18041646235557e-5,0.336863591506798,1.00408047807516,DAG1B_short,PredNCC -> CPUE,H2a,92.9980195826726,08.PredBirdNCC_b_0_smoothed,X08_commonMurre_JSOES,1,1,0,Single-Series Straggler,FALSE,Negative (-),Flipped
3289,logSAR,~,Growth,-0.103133474923932,0.109228565120061,-0.944198752501884,0.345068092600866,-0.31721752864224,0.110950578794375,DAG1B_short,Growth -> SAR,H1c,92.9980195826726,06.Cond1NCC_DFA1,X06_DFA_IGF_mu,0,0,1,Multi-Taxa DFA,FALSE,Positive (+),NS
3289,logSAR,~,Abundance,0.338948923599037,0.106610643174074,3.17931599986316,0.00147623060019275,0.1299959026092,0.547901944588873,DAG1B_short,CPUE -> SAR,H4a,92.9980195826726,07.Cond2NCC_DFA1,X07_DFA_cpue_IntSprJunHW,1,1,0,Multi-Taxa DFA,FALSE,Positive (+),Supported
3289,logSAR,~,PreyAK,-0.927279533587839,0.137227065553891,-6.7572641726692,1.4062084829902199e-11,-1.19623963977758,-0.658319427398094,DAG1B_short,PreyAK -> SAR,H1e,92.9980195826726,13.FishPreyAK_b_DFA1,X13_DFA_WGOA_DFA_seabirds,1,0,1,Multi-Taxa DFA,FALSE,Positive (+),Flipped
3289,logSAR,~,PredAK,0.820359051521626,0.140236928834891,5.84980759588283,4.92141971619731e-9,0.545499721702733,1.09521838134052,DAG1B_short,PredAK -> SAR,H2c,92.9980195826726,15.PredFishAK_1_smoothed,X15_sablefishBiomass_predAK,1,1,0,Single-Series Straggler,FALSE,Negative (-),Flipped
3290,Growth,~,PreyNCC,0.929044831571231,0.0848762879696964,10.9458702046787,0,0.762690364009176,1.09539929913329,DAG1B_short,PreyNCC -> Growth,H1a,94.5999120276957,01.ZooPreyNCC_JSOES_DFA1,X01_DFA_sumPreyOfPrey_planktonJun,1,1,0,Multi-Taxa DFA,FALSE,Positive (+),Supported
3290,Abundance,~,PredNCC,0.67047203479098,0.170211517107275,3.93905210520167,8.18041646235557e-5,0.336863591506799,1.00408047807516,DAG1B_short,PredNCC -> CPUE,H2a,94.5999120276957,08.PredBirdNCC_b_0_smoothed,X08_commonMurre_JSOES,1,1,0,Single-Series Straggler,FALSE,Negative (-),Flipped
3290,logSAR,~,Growth,-0.016331358601419,0.111528537181257,-0.146432106205044,0.883580283383592,-0.234923274725118,0.20226055752228,DAG1B_short,Growth -> SAR,H1c,94.5999120276957,06.Cond1NCC_0_smoothed,X06_Lmu_IntSprJunH,0,0,1,Single-Series Straggler,FALSE,Positive (+),NS
3290,logSAR,~,Abundance,0.365214736721508,0.108911286499965,3.35332313535408,7.9847426738233e-4,0.151752537671654,0.578676935771362,DAG1B_short,CPUE -> SAR,H4a,94.5999120276957,07.Cond2NCC_DFA1,X07_DFA_cpue_IntSprJunHW,1,1,0,Multi-Taxa DFA,FALSE,Positive (+),Supported
3290,logSAR,~,PreyAK,-0.869228306040738,0.140231399580663,-6.1985283512823,5.69935432181978e-10,-1.14407679872048,-0.594379813360993,DAG1B_short,PreyAK -> SAR,H1e,94.5999120276957,13.FishPreyAK_b_DFA1,X13_DFA_WGOA_DFA_seabirds,1,0,1,Multi-Taxa DFA,FALSE,Positive (+),Flipped
3290,logSAR,~,PredAK,0.771762203791031,0.143263893531819,5.38699727311002,7.16445207604721e-8,0.490970132183685,1.05255427539838,DAG1B_short,PredAK -> SAR,H2c,94.5999120276957,15.PredFishAK_1_smoothed,X15_sablefishBiomass_predAK,1,1,0,Single-Series Straggler,FALSE,Negative (-),Flipped
3417,Growth,~,PreyNCC,0.931964089545521,0.0831748114064869,11.2048837116189,0,0.768944454767895,1.09498372432315,DAG1B_short,PreyNCC -> Growth,H1a,95.8895659157678,01.ZooPreyNCC_JSOES_DFA1,X01_DFA_sumPreyOfPrey_planktonJun,1,1,0,Multi-Taxa DFA,FALSE,Positive (+),Supported
3417,Abundance,~,PredNCC,0.599206386426604,0.183668996676884,3.26242532636439,0.00110463270974148,0.239221767863304,0.959191004989903,DAG1B_short,PredNCC -> CPUE,H2a,95.8895659157678,08.PredBirdNCC_b_2_smoothed,X08_Loons_8_WS,1,1,0,Single-Series Straggler,FALSE,Negative (-),Flipped
3417,logSAR,~,Growth,-0.103133474923933,0.101917745891309,-1.01192853140532,0.311572226256056,-0.302888586256404,0.0966216364085384,DAG1B_short,Growth -> SAR,H1c,95.8895659157678,06.Cond1NCC_DFA1,X06_DFA_IGF_mu,0,0,1,Multi-Taxa DFA,FALSE,Positive (+),NS
3417,logSAR,~,Abundance,0.338948923599037,0.0968565137452822,3.49949539264257,4.6613966044373e-4,0.149113644990175,0.528784202207899,DAG1B_short,CPUE -> SAR,H4a,95.8895659157678,07.Cond2NCC_DFA1,X07_DFA_cpue_IntSprJunHW,1,1,0,Multi-Taxa DFA,FALSE,Positive (+),Supported
3417,logSAR,~,PreyAK,-0.927279533587839,0.133513960873199,-6.94518781049792,3.77964326503388e-12,-1.1889620883326,-0.665596978843079,DAG1B_short,PreyAK -> SAR,H1e,95.8895659157678,13.FishPreyAK_b_DFA1,X13_DFA_WGOA_DFA_seabirds,1,0,1,Multi-Taxa DFA,FALSE,Positive (+),Flipped
3417,logSAR,~,PredAK,0.820359051521626,0.139836595754383,5.86655479630346,4.44943260013986e-9,0.546284360122348,1.0944337429209,DAG1B_short,PredAK -> SAR,H2c,95.8895659157678,15.PredFishAK_1_smoothed,X15_sablefishBiomass_predAK,1,1,0,Single-Series Straggler,FALSE,Negative (-),Flipped
3545,Growth,~,PreyNCC,0.931964089545519,0.0831748114064868,11.2048837116189,0,0.768944454767894,1.09498372432314,DAG1B_short,PreyNCC -> Growth,H1a,93.0292624747661,01.ZooPreyNCC_JSOES_DFA1,X01_DFA_sumPreyOfPrey_planktonJun,1,1,0,Multi-Taxa DFA,FALSE,Positive (+),Supported
3545,Abundance,~,PredNCC,-0.669796115977948,0.170351519391499,-3.93184703236274,8.42956995288358e-5,-1.0036789586969601,-0.335913273258934,DAG1B_short,PredNCC -> CPUE,H2a,93.0292624747661,09.PredFishNCC_b_DFA1,X09_DFA_HakeAge5Plus,1,0,1,Multi-Taxa DFA,FALSE,Negative (-),Supported
3545,logSAR,~,Growth,-0.103133474923932,0.104477549828005,-0.987135275412897,0.32357632664407,-0.30790570977981,0.101638759931946,DAG1B_short,Growth -> SAR,H1c,93.0292624747661,06.Cond1NCC_DFA1,X06_DFA_IGF_mu,0,0,1,Multi-Taxa DFA,FALSE,Positive (+),NS
3545,logSAR,~,Abundance,0.338948923599035,0.112299872279642,3.0182485226252602,0.00254240313599463,0.118845218462489,0.559052628735582,DAG1B_short,CPUE -> SAR,H4a,93.0292624747661,07.Cond2NCC_DFA1,X07_DFA_cpue_IntSprJunHW,1,1,0,Multi-Taxa DFA,FALSE,Positive (+),Supported
3545,logSAR,~,PreyAK,-0.927279533587838,0.148406767520412,-6.24822943778694,4.1513148474337005e-10,-1.21815145298985,-0.636407614185823,DAG1B_short,PreyAK -> SAR,H1e,93.0292624747661,13.FishPreyAK_b_DFA1,X13_DFA_WGOA_DFA_seabirds,1,0,1,Multi-Taxa DFA,FALSE,Positive (+),Flipped
3545,logSAR,~,PredAK,0.820359051521627,0.141094967819611,5.81423323736428,6.0912437316318305e-9,0.543817996195351,1.0969001068479,DAG1B_short,PredAK -> SAR,H2c,93.0292624747661,15.PredFishAK_1_smoothed,X15_sablefishBiomass_predAK,1,1,0,Single-Series Straggler,FALSE,Negative (-),Flipped
3546,Growth,~,PreyNCC,0.929044831571231,0.0848762879696967,10.9458702046787,0,0.762690364009176,1.09539929913329,DAG1B_short,PreyNCC -> Growth,H1a,94.6311549197894,01.ZooPreyNCC_JSOES_DFA1,X01_DFA_sumPreyOfPrey_planktonJun,1,1,0,Multi-Taxa DFA,FALSE,Positive (+),Supported
3546,Abundance,~,PredNCC,-0.669796115977948,0.170351519391499,-3.93184703236274,8.42956995288358e-5,-1.0036789586969601,-0.335913273258934,DAG1B_short,PredNCC -> CPUE,H2a,94.6311549197894,09.PredFishNCC_b_DFA1,X09_DFA_HakeAge5Plus,1,0,1,Multi-Taxa DFA,FALSE,Negative (-),Supported
3546,logSAR,~,Growth,-0.016331358601419,0.106715509898863,-0.153036410704468,0.878369561882961,-0.225489914595017,0.192827197392179,DAG1B_short,Growth -> SAR,H1c,94.6311549197894,06.Cond1NCC_0_smoothed,X06_Lmu_IntSprJunH,0,0,1,Single-Series Straggler,FALSE,Positive (+),NS
3546,logSAR,~,Abundance,0.365214736721508,0.114764184325122,3.18230586370807,0.00146107430333142,0.140281068729154,0.590148404713863,DAG1B_short,CPUE -> SAR,H4a,94.6311549197894,07.Cond2NCC_DFA1,X07_DFA_cpue_IntSprJunHW,1,1,0,Multi-Taxa DFA,FALSE,Positive (+),Supported
3546,logSAR,~,PreyAK,-0.869228306040738,0.151658588115309,-5.73148093255259,9.9557542210249e-9,-1.16647367669294,-0.571982935388539,DAG1B_short,PreyAK -> SAR,H1e,94.6311549197894,13.FishPreyAK_b_DFA1,X13_DFA_WGOA_DFA_seabirds,1,0,1,Multi-Taxa DFA,FALSE,Positive (+),Flipped
3546,logSAR,~,PredAK,0.771762203791031,0.144141778568532,5.35418815735022,8.59413957776667e-8,0.489249509129161,1.0542748984529,DAG1B_short,PredAK -> SAR,H2c,94.6311549197894,15.PredFishAK_1_smoothed,X15_sablefishBiomass_predAK,1,1,0,Single-Series Straggler,FALSE,Negative (-),Flipped
4589,Growth,~,PreyNCC,0.931964089545525,0.0831748114064867,11.204883711619,0,0.7689444547679,1.09498372432315,DAG1B_short,PreyNCC -> Growth,H1a,91.9766529104351,01.ZooPreyNCC_JSOES_DFA1,X01_DFA_sumPreyOfPrey_planktonJun,1,1,0,Multi-Taxa DFA,FALSE,Positive (+),Supported
4589,Abundance,~,PredNCC,0.67047203479098,0.170211517107275,3.93905210520167,8.18041646235557e-5,0.336863591506799,1.00408047807516,DAG1B_short,PredNCC -> CPUE,H2a,91.9766529104351,08.PredBirdNCC_b_0_smoothed,X08_commonMurre_JSOES,1,1,0,Single-Series Straggler,FALSE,Negative (-),Flipped
4589,logSAR,~,Growth,-0.78910890337709,0.153294799701616,-5.14765605169301,2.63761553931374e-7,-1.08956118980954,-0.488656616944642,DAG1B_short,Growth -> SAR,H1c,91.9766529104351,06.Cond1NCC_DFA1,X06_DFA_IGF_mu,1,0,1,Multi-Taxa DFA,FALSE,Positive (+),Flipped
4589,logSAR,~,Abundance,0.341438264591871,0.104471886831787,3.26823105187742,0.00108221978044321,0.136677129004624,0.546199400179119,DAG1B_short,CPUE -> SAR,H4a,91.9766529104351,07.Cond2NCC_DFA1,X07_DFA_cpue_IntSprJunHW,1,1,0,Multi-Taxa DFA,FALSE,Positive (+),Supported
4589,logSAR,~,PreyAK,0.365414744762408,0.103254949342885,3.53895621554134,4.0171247653564e-4,0.163038762824846,0.56779072669997,DAG1B_short,PreyAK -> SAR,H1e,91.9766529104351,13.FishPreyAK_b_1_smoothed,X13_gadid_WAI,1,1,0,Single-Series Straggler,FALSE,Positive (+),Supported
4589,logSAR,~,PredAK,-1.29844681698632,0.150019021635338,-8.65521453767739,0,-1.59247869638752,-1.00441493758512,DAG1B_short,PredAK -> SAR,H2c,91.9766529104351,15.PredFishAK_b_DFA1,X15_DFA_sleeperSharks,1,0,1,Multi-Taxa DFA,FALSE,Negative (-),Supported
4590,Growth,~,PreyNCC,0.92904483157123,0.0848762879696966,10.9458702046787,0,0.762690364009174,1.09539929913329,DAG1B_short,PreyNCC -> Growth,H1a,95.0043092519635,01.ZooPreyNCC_JSOES_DFA1,X01_DFA_sumPreyOfPrey_planktonJun,1,1,0,Multi-Taxa DFA,FALSE,Positive (+),Supported
4590,Abundance,~,PredNCC,0.67047203479098,0.170211517107274,3.93905210520167,8.18041646235557e-5,0.336863591506799,1.00408047807516,DAG1B_short,PredNCC -> CPUE,H2a,95.0043092519635,08.PredBirdNCC_b_0_smoothed,X08_commonMurre_JSOES,1,1,0,Single-Series Straggler,FALSE,Negative (-),Flipped
4590,logSAR,~,Growth,-0.607006469271746,0.161778199086412,-3.75209065683518,1.7536602252921e-4,-0.924085912964863,-0.289927025578629,DAG1B_short,Growth -> SAR,H1c,95.0043092519635,06.Cond1NCC_0_smoothed,X06_Lmu_IntSprJunH,1,0,1,Single-Series Straggler,FALSE,Positive (+),Flipped
4590,logSAR,~,Abundance,0.486678710130087,0.110655734659481,4.39813364962723,1.09185738681461e-5,0.269797455514683,0.703559964745491,DAG1B_short,CPUE -> SAR,H4a,95.0043092519635,07.Cond2NCC_DFA1,X07_DFA_cpue_IntSprJunHW,1,1,0,Multi-Taxa DFA,FALSE,Positive (+),Supported
4590,logSAR,~,PreyAK,0.520597547686951,0.109576840922776,4.75098153316757,2.02431621043608e-6,0.305830885938634,0.735364209435267,DAG1B_short,PreyAK -> SAR,H1e,95.0043092519635,13.FishPreyAK_b_1_smoothed,X13_gadid_WAI,1,1,0,Single-Series Straggler,FALSE,Positive (+),Supported
4590,logSAR,~,PredAK,-1.1926182897295,0.158483938070796,-7.52516819210254,5.26245713672324e-14,-1.50324110047634,-0.881995478982666,DAG1B_short,PredAK -> SAR,H2c,95.0043092519635,15.PredFishAK_b_DFA1,X15_DFA_sleeperSharks,1,0,1,Multi-Taxa DFA,FALSE,Negative (-),Supported
4717,Growth,~,PreyNCC,0.931964089545522,0.083174811406487,11.2048837116189,0,0.768944454767897,1.09498372432315,DAG1B_short,PreyNCC -> Growth,H1a,94.8681992435304,01.ZooPreyNCC_JSOES_DFA1,X01_DFA_sumPreyOfPrey_planktonJun,1,1,0,Multi-Taxa DFA,FALSE,Positive (+),Supported
4717,Abundance,~,PredNCC,0.599206386426604,0.183668996676884,3.2624253263644,0.00110463270974148,0.239221767863305,0.959191004989902,DAG1B_short,PredNCC -> CPUE,H2a,94.8681992435304,08.PredBirdNCC_b_2_smoothed,X08_Loons_8_WS,1,1,0,Single-Series Straggler,FALSE,Negative (-),Flipped
4717,logSAR,~,Growth,-0.789108903377089,0.136209233407452,-5.79335837693599,6.89926671348928e-9,-1.0560740952175,-0.522143711536674,DAG1B_short,Growth -> SAR,H1c,94.8681992435304,06.Cond1NCC_DFA1,X06_DFA_IGF_mu,1,0,1,Multi-Taxa DFA,FALSE,Positive (+),Flipped
4717,logSAR,~,Abundance,0.341438264591871,0.0939982817087773,3.63238836269056,2.8081007351588e-4,0.157205017834018,0.525671511349725,DAG1B_short,CPUE -> SAR,H4a,94.8681992435304,07.Cond2NCC_DFA1,X07_DFA_cpue_IntSprJunHW,1,1,0,Multi-Taxa DFA,FALSE,Positive (+),Supported
4717,logSAR,~,PreyAK,0.365414744762408,0.103910753786434,3.51662105650237,4.3707729699282e-4,0.161753409734588,0.569076079790229,DAG1B_short,PreyAK -> SAR,H1e,94.8681992435304,13.FishPreyAK_b_1_smoothed,X13_gadid_WAI,1,1,0,Single-Series Straggler,FALSE,Positive (+),Supported
4717,logSAR,~,PredAK,-1.29844681698632,0.144915883603813,-8.96000344956082,0,-1.58247672963759,-1.01441690433505,DAG1B_short,PredAK -> SAR,H2c,94.8681992435304,15.PredFishAK_b_DFA1,X15_DFA_sleeperSharks,1,0,1,Multi-Taxa DFA,FALSE,Negative (-),Supported
4845,Growth,~,PreyNCC,0.931964089545521,0.083174811406487,11.2048837116189,0,0.768944454767895,1.09498372432315,DAG1B_short,PreyNCC -> Growth,H1a,92.007895802529,01.ZooPreyNCC_JSOES_DFA1,X01_DFA_sumPreyOfPrey_planktonJun,1,1,0,Multi-Taxa DFA,FALSE,Positive (+),Supported
4845,Abundance,~,PredNCC,-0.669796115977948,0.170351519391499,-3.93184703236273,8.42956995288358e-5,-1.0036789586969601,-0.335913273258933,DAG1B_short,PredNCC -> CPUE,H2a,92.007895802529,09.PredFishNCC_b_DFA1,X09_DFA_HakeAge5Plus,1,0,1,Multi-Taxa DFA,FALSE,Negative (-),Supported
4845,logSAR,~,Growth,-0.789108903377088,0.154676495627714,-5.10167301227439,3.36664055522462e-7,-1.09226926406228,-0.485948542691901,DAG1B_short,Growth -> SAR,H1c,92.007895802529,06.Cond1NCC_DFA1,X06_DFA_IGF_mu,1,0,1,Multi-Taxa DFA,FALSE,Positive (+),Flipped
4845,logSAR,~,Abundance,0.341438264591871,0.106412420425337,3.20863169193147,0.0013336821623382,0.132873753050477,0.550002776133266,DAG1B_short,CPUE -> SAR,H4a,92.007895802529,07.Cond2NCC_DFA1,X07_DFA_cpue_IntSprJunHW,1,1,0,Multi-Taxa DFA,FALSE,Positive (+),Supported
4845,logSAR,~,PreyAK,0.365414744762409,0.103640502801019,3.52579093005727,4.2222014244863e-4,0.162283091932789,0.568546397592029,DAG1B_short,PreyAK -> SAR,H1e,92.007895802529,13.FishPreyAK_b_1_smoothed,X13_gadid_WAI,1,1,0,Single-Series Straggler,FALSE,Positive (+),Supported
4845,logSAR,~,PredAK,-1.29844681698632,0.157751646736041,-8.23095570697245,2.2204460492503099e-16,-1.60763436309084,-0.989259270881792,DAG1B_short,PredAK -> SAR,H2c,92.007895802529,15.PredFishAK_b_DFA1,X15_DFA_sleeperSharks,1,0,1,Multi-Taxa DFA,FALSE,Negative (-),Supported
4846,Growth,~,PreyNCC,0.929044831571231,0.0848762879696963,10.9458702046787,0,0.762690364009176,1.09539929913329,DAG1B_short,PreyNCC -> Growth,H1a,95.0355521440574,01.ZooPreyNCC_JSOES_DFA1,X01_DFA_sumPreyOfPrey_planktonJun,1,1,0,Multi-Taxa DFA,FALSE,Positive (+),Supported
4846,Abundance,~,PredNCC,-0.669796115977948,0.1703515193915,-3.93184703236272,8.42956995288358e-5,-1.0036789586969601,-0.335913273258933,DAG1B_short,PredNCC -> CPUE,H2a,95.0355521440574,09.PredFishNCC_b_DFA1,X09_DFA_HakeAge5Plus,1,0,1,Multi-Taxa DFA,FALSE,Negative (-),Supported
4846,logSAR,~,Growth,-0.607006469271747,0.163210874346813,-3.71915457043564,1.9989070674886e-4,-0.926893904876793,-0.287119033666701,DAG1B_short,Growth -> SAR,H1c,95.0355521440574,06.Cond1NCC_0_smoothed,X06_Lmu_IntSprJunH,1,0,1,Single-Series Straggler,FALSE,Positive (+),Flipped
4846,logSAR,~,Abundance,0.486678710130086,0.112693534994775,4.31860363731294,1.57019485391707e-5,0.265803440249824,0.707553980010349,DAG1B_short,CPUE -> SAR,H4a,95.0355521440574,07.Cond2NCC_DFA1,X07_DFA_cpue_IntSprJunHW,1,1,0,Multi-Taxa DFA,FALSE,Positive (+),Supported
4846,logSAR,~,PreyAK,0.520597547686951,0.109984971758736,4.73335165125049,2.20842388487519e-6,0.305030964199174,0.736164131174728,DAG1B_short,PreyAK -> SAR,H1e,95.0355521440574,13.FishPreyAK_b_1_smoothed,X13_gadid_WAI,1,1,0,Single-Series Straggler,FALSE,Positive (+),Supported
4846,logSAR,~,PredAK,-1.1926182897295,0.166571748654551,-7.15978729504031,8.08020317322189e-13,-1.51909291793428,-0.866143661524724,DAG1B_short,PredAK -> SAR,H2c,95.0355521440574,15.PredFishAK_b_DFA1,X15_DFA_sleeperSharks,1,0,1,Multi-Taxa DFA,FALSE,Negative (-),Supported
6509,Growth,~,PreyNCC,0.931964089545522,0.0831748114064898,11.2048837116185,0,0.76894445476789,1.09498372432315,DAG1B_short,PreyNCC -> Growth,H1a,90.1073125461796,01.ZooPreyNCC_JSOES_DFA1,X01_DFA_sumPreyOfPrey_planktonJun,1,1,0,Multi-Taxa DFA,FALSE,Positive (+),Supported
6509,Abundance,~,PredNCC,0.67047203479098,0.170211517107275,3.93905210520166,8.18041646235557e-5,0.336863591506798,1.00408047807516,DAG1B_short,PredNCC -> CPUE,H2a,90.1073125461796,08.PredBirdNCC_b_0_smoothed,X08_commonMurre_JSOES,1,1,0,Single-Series Straggler,FALSE,Negative (-),Flipped
6509,logSAR,~,Growth,-0.66197215585027,0.150759103759455,-4.39092657984016,1.12868650317122e-5,-0.957454569560338,-0.366489742140202,DAG1B_short,Growth -> SAR,H1c,90.1073125461796,06.Cond1NCC_DFA1,X06_DFA_IGF_mu,1,0,1,Multi-Taxa DFA,FALSE,Positive (+),Flipped
6509,logSAR,~,Abundance,0.195612537238862,0.100279213894609,1.95067880612274,0.0510952660699751,-9.3111039255949e-4,0.392156184870284,DAG1B_short,CPUE -> SAR,H4a,90.1073125461796,07.Cond2NCC_DFA1,X07_DFA_cpue_IntSprJunHW,0,1,0,Multi-Taxa DFA,FALSE,Positive (+),NS
6509,logSAR,~,PreyAK,-0.501452430970791,0.127630471122598,-3.92893974738299,8.53212121072477e-5,-0.751603557700963,-0.25130130424062,DAG1B_short,PreyAK -> SAR,H1e,90.1073125461796,13.FishPreyAK_b_4_smoothed,X13_pollockBiomassGoAage3plus_predAK,1,0,1,Single-Series Straggler,FALSE,Positive (+),Flipped
6509,logSAR,~,PredAK,-1.36466809852873,0.147407668657649,-9.25778225078733,0,-1.65358182014273,-1.07575437691472,DAG1B_short,PredAK -> SAR,H2c,90.1073125461796,15.PredFishAK_b_DFA1,X15_DFA_sleeperSharks,1,0,1,Multi-Taxa DFA,FALSE,Negative (-),Supported
6637,Growth,~,PreyNCC,0.931964089545523,0.0831748114064881,11.2048837116188,0,0.768944454767895,1.09498372432315,DAG1B_short,PreyNCC -> Growth,H1a,92.998858879275,01.ZooPreyNCC_JSOES_DFA1,X01_DFA_sumPreyOfPrey_planktonJun,1,1,0,Multi-Taxa DFA,FALSE,Positive (+),Supported
6637,Abundance,~,PredNCC,0.599206386426604,0.183668996676884,3.2624253263644,0.00110463270974148,0.239221767863305,0.959191004989902,DAG1B_short,PredNCC -> CPUE,H2a,92.998858879275,08.PredBirdNCC_b_2_smoothed,X08_Loons_8_WS,1,1,0,Single-Series Straggler,FALSE,Negative (-),Flipped
6637,logSAR,~,Growth,-0.661972155850271,0.137486146873759,-4.81482804560738,1.47326696997574e-6,-0.931440052096023,-0.392504259604519,DAG1B_short,Growth -> SAR,H1c,92.998858879275,06.Cond1NCC_DFA1,X06_DFA_IGF_mu,1,0,1,Multi-Taxa DFA,FALSE,Positive (+),Flipped
6637,logSAR,~,Abundance,0.195612537238863,0.089035413324628,2.19701947724608,0.0280190551985871,0.0211063337739548,0.370118740703772,DAG1B_short,CPUE -> SAR,H4a,92.998858879275,07.Cond2NCC_DFA1,X07_DFA_cpue_IntSprJunHW,1,1,0,Multi-Taxa DFA,FALSE,Positive (+),Supported
6637,logSAR,~,PreyAK,-0.501452430970793,0.126746323784339,-3.95634694560469,7.61046094952533e-5,-0.74987066076095,-0.253034201180636,DAG1B_short,PreyAK -> SAR,H1e,92.998858879275,13.FishPreyAK_b_4_smoothed,X13_pollockBiomassGoAage3plus_predAK,1,0,1,Single-Series Straggler,FALSE,Positive (+),Flipped
6637,logSAR,~,PredAK,-1.36466809852872,0.141250762695889,-9.66131490183052,0,-1.64151450620148,-1.08782169085596,DAG1B_short,PredAK -> SAR,H2c,92.998858879275,15.PredFishAK_b_DFA1,X15_DFA_sleeperSharks,1,0,1,Multi-Taxa DFA,FALSE,Negative (-),Supported
6765,Growth,~,PreyNCC,0.931964089545521,0.0831748114064865,11.204883711619,0,0.768944454767897,1.09498372432315,DAG1B_short,PreyNCC -> Growth,H1a,90.1385554382734,01.ZooPreyNCC_JSOES_DFA1,X01_DFA_sumPreyOfPrey_planktonJun,1,1,0,Multi-Taxa DFA,FALSE,Positive (+),Supported
6765,Abundance,~,PredNCC,-0.669796115977948,0.170351519391499,-3.93184703236273,8.42956995288358e-5,-1.0036789586969601,-0.335913273258934,DAG1B_short,PredNCC -> CPUE,H2a,90.1385554382734,09.PredFishNCC_b_DFA1,X09_DFA_HakeAge5Plus,1,0,1,Multi-Taxa DFA,FALSE,Negative (-),Supported
6765,logSAR,~,Growth,-0.661972155850273,0.151430970595484,-4.37144497751779,1.2342695646872e-5,-0.958771404361365,-0.36517290733918,DAG1B_short,Growth -> SAR,H1c,90.1385554382734,06.Cond1NCC_DFA1,X06_DFA_IGF_mu,1,0,1,Multi-Taxa DFA,FALSE,Positive (+),Flipped
6765,logSAR,~,Abundance,0.195612537238862,0.102176562609746,1.91445603808366,0.055561911200402,-0.00464984554034242,0.395874920018067,DAG1B_short,CPUE -> SAR,H4a,90.1385554382734,07.Cond2NCC_DFA1,X07_DFA_cpue_IntSprJunHW,0,1,0,Multi-Taxa DFA,FALSE,Positive (+),NS
6765,logSAR,~,PreyAK,-0.501452430970793,0.128150554542476,-3.91299462387099,9.11585648899482e-5,-0.752622902472881,-0.250281959468705,DAG1B_short,PreyAK -> SAR,H1e,90.1385554382734,13.FishPreyAK_b_4_smoothed,X13_pollockBiomassGoAage3plus_predAK,1,0,1,Single-Series Straggler,FALSE,Positive (+),Flipped
6765,logSAR,~,PredAK,-1.36466809852872,0.157798703120081,-8.64815788435372,0,-1.67394787345121,-1.05538832360623,DAG1B_short,PredAK -> SAR,H2c,90.1385554382734,15.PredFishAK_b_DFA1,X15_DFA_sleeperSharks,1,0,1,Multi-Taxa DFA,FALSE,Negative (-),Supported
122989,Growth,~,PreyNCC,0.905849612678225,0.097180374673161,9.32132249669542,0,0.715379578314721,1.09631964704173,DAG1B_short,PreyNCC -> Growth,H1a,96.0210332844351,04.CompFishNCC_smoothed,X04_marketsquid_GAM,1,1,0,Single-Series Straggler,TRUE,Negative (-),Flipped
122989,Abundance,~,PredNCC,0.67047203479098,0.170211517107275,3.93905210520167,8.18041646235557e-5,0.336863591506798,1.00408047807516,DAG1B_short,PredNCC -> CPUE,H2a,96.0210332844351,08.PredBirdNCC_b_0_smoothed,X08_commonMurre_JSOES,1,1,0,Single-Series Straggler,FALSE,Negative (-),Flipped
122989,logSAR,~,Growth,-0.661972155850269,0.142572990687414,-4.64304040098043,3.43319184592517e-6,-0.941410082765765,-0.382534228934773,DAG1B_short,Growth -> SAR,H1c,96.0210332844351,06.Cond1NCC_DFA1,X06_DFA_IGF_mu,1,0,1,Multi-Taxa DFA,FALSE,Positive (+),Flipped
122989,logSAR,~,Abundance,0.195612537238861,0.097267350598062,2.01108116995179,0.0443168837695092,0.00497203319502937,0.386253041282693,DAG1B_short,CPUE -> SAR,H4a,96.0210332844351,07.Cond2NCC_DFA1,X07_DFA_cpue_IntSprJunHW,1,1,0,Multi-Taxa DFA,FALSE,Positive (+),Supported
122989,logSAR,~,PreyAK,-0.501452430970793,0.135185756760081,-3.70935846341223,2.0778507334906e-4,-0.766411645443343,-0.236493216498242,DAG1B_short,PreyAK -> SAR,H1e,96.0210332844351,13.FishPreyAK_b_4_smoothed,X13_pollockBiomassGoAage3plus_predAK,1,0,1,Single-Series Straggler,FALSE,Positive (+),Flipped
122989,logSAR,~,PredAK,-1.36466809852872,0.132303212842562,-10.3147011263638,0,-1.62397763073908,-1.10535856631836,DAG1B_short,PredAK -> SAR,H2c,96.0210332844351,15.PredFishAK_b_DFA1,X15_DFA_sleeperSharks,1,0,1,Multi-Taxa DFA,FALSE,Negative (-),Supported
152389,Growth,~,PreyNCC,-0.946279175744327,0.0741817545849148,-12.7562253149612,0,-1.09167274304075,-0.800885608447905,DAG1B_short,PreyNCC -> Growth,H1a,95.1430341847777,05.ForageFishNCC_DFA1,X05_DFA_abundSardine,1,0,1,Multi-Taxa DFA,TRUE,Negative (-),Supported
152389,Abundance,~,PredNCC,0.670472034790979,0.170211517107275,3.93905210520166,8.18041646235557e-5,0.336863591506798,1.00408047807516,DAG1B_short,PredNCC -> CPUE,H2a,95.1430341847777,08.PredBirdNCC_b_0_smoothed,X08_commonMurre_JSOES,1,1,0,Single-Series Straggler,FALSE,Negative (-),Flipped
152389,logSAR,~,Growth,0.260703397785284,0.194079224988433,1.34328338234462,0.179180230874608,-0.11968489333949,0.641091688910058,DAG1B_short,Growth -> SAR,H1c,95.1430341847777,06.Cond1NCC_DFA1,X06_DFA_IGF_mu,0,1,0,Multi-Taxa DFA,FALSE,Positive (+),NS
152389,logSAR,~,Abundance,0.310013900145149,0.129290051562224,2.3978171282262,0.0164930970952348,0.0566100555238633,0.563417744766434,DAG1B_short,CPUE -> SAR,H4a,95.1430341847777,07.Cond2NCC_DFA1,X07_DFA_cpue_IntSprJunHW,1,1,0,Multi-Taxa DFA,FALSE,Positive (+),Supported
152389,logSAR,~,PreyAK,-0.643766975920788,0.143484212582315,-4.48667462666995,7.23434258254052e-6,-0.924990864932214,-0.362543086909363,DAG1B_short,PreyAK -> SAR,H1e,95.1430341847777,12.ZooPreyAK_DFA1,X12_DFA_biomassEuphShelfSum,1,0,1,Multi-Taxa DFA,FALSE,Positive (+),Flipped
152389,logSAR,~,PredAK,0.35918039948757,0.178014905290812,2.01769845564785,0.0436226757770992,0.0102775964062691,0.708083202568871,DAG1B_short,PredAK -> SAR,H2c,95.1430341847777,10.PredMammalNCC_0_smoothed,X10_Californian_s_l_2yrLead_WS,1,1,0,Single-Series Straggler,FALSE,Negative (-),Flipped
152405,Growth,~,PreyNCC,-0.946279175744328,0.0741817545849147,-12.7562253149612,0,-1.09167274304075,-0.800885608447906,DAG1B_short,PreyNCC -> Growth,H1a,92.9643350315171,05.ForageFishNCC_DFA1,X05_DFA_abundSardine,1,0,1,Multi-Taxa DFA,TRUE,Negative (-),Supported
152405,Abundance,~,PredNCC,0.67047203479098,0.170211517107275,3.93905210520166,8.18041646235557e-5,0.336863591506798,1.00408047807516,DAG1B_short,PredNCC -> CPUE,H2a,92.9643350315171,08.PredBirdNCC_b_0_smoothed,X08_commonMurre_JSOES,1,1,0,Single-Series Straggler,FALSE,Negative (-),Flipped
152405,logSAR,~,Growth,1.16596285600473,0.282613037531518,4.12565133650176,3.69686986503304e-5,0.612051480881486,1.71987423112797,DAG1B_short,Growth -> SAR,H1c,92.9643350315171,06.Cond1NCC_DFA1,X06_DFA_IGF_mu,1,1,0,Multi-Taxa DFA,FALSE,Positive (+),Supported
152405,logSAR,~,Abundance,0.276232549427792,0.122068582957674,2.26292910702152,0.0236400597798407,0.0369825231869106,0.515482575668673,DAG1B_short,CPUE -> SAR,H4a,92.9643350315171,07.Cond2NCC_DFA1,X07_DFA_cpue_IntSprJunHW,1,1,0,Multi-Taxa DFA,FALSE,Positive (+),Supported
152405,logSAR,~,PreyAK,-0.733708966549776,0.138615686441634,-5.29311642415532,1.20249310509024e-7,-1.00539071966768,-0.462027213431877,DAG1B_short,PreyAK -> SAR,H1e,92.9643350315171,12.ZooPreyAK_DFA1,X12_DFA_biomassEuphShelfSum,1,0,1,Multi-Taxa DFA,FALSE,Positive (+),Flipped
152405,logSAR,~,PredAK,0.603190835651683,0.266677836717819,2.26187088914307,0.0237053814273127,0.0805118802097048,1.12586979109366,DAG1B_short,PredAK -> SAR,H2c,92.9643350315171,15.PredFishAK_0_smoothed,X15_ArrowtoothFlounderBiomass_predAK,1,1,0,Single-Series Straggler,FALSE,Negative (-),Flipped
152409,Growth,~,PreyNCC,-0.946279175744327,0.0741817545849148,-12.7562253149612,0,-1.09167274304075,-0.800885608447905,DAG1B_short,PreyNCC -> Growth,H1a,93.1643501757638,05.ForageFishNCC_DFA1,X05_DFA_abundSardine,1,0,1,Multi-Taxa DFA,TRUE,Negative (-),Supported
152409,Abundance,~,PredNCC,0.67047203479098,0.170211517107275,3.93905210520167,8.18041646235557e-5,0.336863591506798,1.00408047807516,DAG1B_short,PredNCC -> CPUE,H2a,93.1643501757638,08.PredBirdNCC_b_0_smoothed,X08_commonMurre_JSOES,1,1,0,Single-Series Straggler,FALSE,Negative (-),Flipped
152409,logSAR,~,Growth,0.767379730699361,0.167625639669422,4.57793767237952,4.69582553241921e-6,0.438839514061806,1.09591994733692,DAG1B_short,Growth -> SAR,H1c,93.1643501757638,06.Cond1NCC_DFA1,X06_DFA_IGF_mu,1,1,0,Multi-Taxa DFA,FALSE,Positive (+),Supported
152409,logSAR,~,Abundance,0.268758964591387,0.133136263806552,2.01867588068939,0.0435209184683834,0.00781668249432044,0.529701246688453,DAG1B_short,CPUE -> SAR,H4a,93.1643501757638,07.Cond2NCC_DFA1,X07_DFA_cpue_IntSprJunHW,1,1,0,Multi-Taxa DFA,FALSE,Positive (+),Supported
152409,logSAR,~,PreyAK,-0.87970255352044,0.191812455172758,-4.58626397711309,4.51247996324788e-6,-1.25564805744525,-0.503757049595631,DAG1B_short,PreyAK -> SAR,H1e,93.1643501757638,12.ZooPreyAK_DFA1,X12_DFA_biomassEuphShelfSum,1,0,1,Multi-Taxa DFA,FALSE,Positive (+),Flipped
152409,logSAR,~,PredAK,-0.305746732006429,0.160197737558507,-1.90855836459466,0.0563190872823622,-0.619728528025902,0.00823506401304513,DAG1B_short,PredAK -> SAR,H2c,93.1643501757638,15.PredFishAK_1_smoothed,X15_sablefishBiomass_predAK,0,0,1,Single-Series Straggler,FALSE,Negative (-),NS
152413,Growth,~,PreyNCC,-0.946279175744327,0.0741817545849166,-12.7562253149609,0,-1.09167274304075,-0.800885608447901,DAG1B_short,PreyNCC -> Growth,H1a,87.5640094279602,05.ForageFishNCC_DFA1,X05_DFA_abundSardine,1,0,1,Multi-Taxa DFA,TRUE,Negative (-),Supported
152413,Abundance,~,PredNCC,0.67047203479098,0.170211517107275,3.93905210520166,8.18041646235557e-5,0.336863591506798,1.00408047807516,DAG1B_short,PredNCC -> CPUE,H2a,87.5640094279602,08.PredBirdNCC_b_0_smoothed,X08_commonMurre_JSOES,1,1,0,Single-Series Straggler,FALSE,Negative (-),Flipped
152413,logSAR,~,Growth,0.949310657767642,0.152453767860973,6.22687566917565,4.75828487722652e-10,0.650506763452706,1.24811455208258,DAG1B_short,Growth -> SAR,H1c,87.5640094279602,06.Cond1NCC_DFA1,X06_DFA_IGF_mu,1,1,0,Multi-Taxa DFA,FALSE,Positive (+),Supported
152413,logSAR,~,Abundance,0.230615124029689,0.10685033411756199,2.15830044832573,0.0309044799007174,0.0211923174231957,0.440037930636183,DAG1B_short,CPUE -> SAR,H4a,87.5640094279602,07.Cond2NCC_DFA1,X07_DFA_cpue_IntSprJunHW,1,1,0,Multi-Taxa DFA,FALSE,Positive (+),Supported
152413,logSAR,~,PreyAK,-0.859710597251232,0.131294063439674,-6.54797768252669,5.8321347751189e-11,-1.11704223297691,-0.602378961525553,DAG1B_short,PreyAK -> SAR,H1e,87.5640094279602,12.ZooPreyAK_DFA1,X12_DFA_biomassEuphShelfSum,1,0,1,Multi-Taxa DFA,FALSE,Positive (+),Flipped
152413,logSAR,~,PredAK,-0.465898964736432,0.130572938957027,-3.56811272272706,3.59561820783e-4,-0.721817222447752,-0.209980707025112,DAG1B_short,PredAK -> SAR,H2c,87.5640094279602,15.PredFishAK_2_smoothed,X15_sablefishRecruitment_predAK,1,0,1,Single-Series Straggler,FALSE,Negative (-),Supported
152417,Growth,~,PreyNCC,-0.946279175744328,0.0741817545849154,-12.7562253149611,0,-1.09167274304075,-0.800885608447904,DAG1B_short,PreyNCC -> Growth,H1a,85.9764627784621,05.ForageFishNCC_DFA1,X05_DFA_abundSardine,1,0,1,Multi-Taxa DFA,TRUE,Negative (-),Supported
152417,Abundance,~,PredNCC,0.67047203479098,0.170211517107275,3.93905210520167,8.18041646235557e-5,0.336863591506799,1.00408047807516,DAG1B_short,PredNCC -> CPUE,H2a,85.9764627784621,08.PredBirdNCC_b_0_smoothed,X08_commonMurre_JSOES,1,1,0,Single-Series Straggler,FALSE,Negative (-),Flipped
152417,logSAR,~,Growth,0.76804814840487,0.121320637947384,6.33072955598841,2.44004594307512e-10,0.530264067446575,1.00583222936316,DAG1B_short,Growth -> SAR,H1c,85.9764627784621,06.Cond1NCC_DFA1,X06_DFA_IGF_mu,1,1,0,Multi-Taxa DFA,FALSE,Positive (+),Supported
152417,logSAR,~,Abundance,0.227751173691458,0.102343508091291,2.22536023963829,0.0260570644569305,0.0271615837810447,0.428340763601871,DAG1B_short,CPUE -> SAR,H4a,85.9764627784621,07.Cond2NCC_DFA1,X07_DFA_cpue_IntSprJunHW,1,1,0,Multi-Taxa DFA,FALSE,Positive (+),Supported
152417,logSAR,~,PreyAK,-0.908231063366055,0.133218139949525,-6.81762306327181,9.25592935629993e-12,-1.16933381975454,-0.647128306977569,DAG1B_short,PreyAK -> SAR,H1e,85.9764627784621,12.ZooPreyAK_DFA1,X12_DFA_biomassEuphShelfSum,1,0,1,Multi-Taxa DFA,FALSE,Positive (+),Flipped
152417,logSAR,~,PredAK,0.41910883902315,0.107749708755485,3.88965171102438,1.0038819472568e-4,0.20792329051772,0.63029438752858,DAG1B_short,PredAK -> SAR,H2c,85.9764627784621,15.PredFishAK_3_smoothed,X15_PacificCodBiomass_predAK,1,1,0,Single-Series Straggler,FALSE,Negative (-),Flipped
152421,Growth,~,PreyNCC,-0.946279175744328,0.0741817545849154,-12.7562253149611,0,-1.09167274304075,-0.800885608447904,DAG1B_short,PreyNCC -> Growth,H1a,92.4113576317777,05.ForageFishNCC_DFA1,X05_DFA_abundSardine,1,0,1,Multi-Taxa DFA,TRUE,Negative (-),Supported
152421,Abundance,~,PredNCC,0.67047203479098,0.170211517107275,3.93905210520167,8.18041646235557e-5,0.336863591506799,1.00408047807516,DAG1B_short,PredNCC -> CPUE,H2a,92.4113576317777,08.PredBirdNCC_b_0_smoothed,X08_commonMurre_JSOES,1,1,0,Single-Series Straggler,FALSE,Negative (-),Flipped
152421,logSAR,~,Growth,0.971458803654646,0.201390977389174,4.82374541426137,1.40887226174335e-6,0.576739741160544,1.36617786614875,DAG1B_short,Growth -> SAR,H1c,92.4113576317777,06.Cond1NCC_DFA1,X06_DFA_IGF_mu,1,1,0,Multi-Taxa DFA,FALSE,Positive (+),Supported
152421,logSAR,~,Abundance,0.322258722596479,0.116746955491072,2.76031799922288,0.00577451228963022,0.0934388945292767,0.551078550663682,DAG1B_short,CPUE -> SAR,H4a,92.4113576317777,07.Cond2NCC_DFA1,X07_DFA_cpue_IntSprJunHW,1,1,0,Multi-Taxa DFA,FALSE,Positive (+),Supported
152421,logSAR,~,PreyAK,-0.750049374160836,0.137468649174985,-5.45614857396388,4.86572846458699e-8,-1.01948297554718,-0.480615772774494,DAG1B_short,PreyAK -> SAR,H1e,92.4113576317777,12.ZooPreyAK_DFA1,X12_DFA_biomassEuphShelfSum,1,0,1,Multi-Taxa DFA,FALSE,Positive (+),Flipped
152421,logSAR,~,PredAK,-0.421319512125759,0.175011173102802,-2.40738636657372,0.0160671614906986,-0.764335108299357,-0.0783039159521614,DAG1B_short,PredAK -> SAR,H2c,92.4113576317777,15.PredFishAK_4_smoothed,X15_spinyDogfishGoA_predAK,1,0,1,Single-Series Straggler,FALSE,Negative (-),Supported
152425,Growth,~,PreyNCC,-0.946279175744331,0.0741817545849166,-12.7562253149609,0,-1.09167274304076,-0.800885608447905,DAG1B_short,PreyNCC -> Growth,H1a,95.1887474432538,05.ForageFishNCC_DFA1,X05_DFA_abundSardine,1,0,1,Multi-Taxa DFA,TRUE,Negative (-),Supported
152425,Abundance,~,PredNCC,0.670472034790981,0.170211517107275,3.93905210520168,8.18041646235557e-5,0.3368635915068,1.00408047807516,DAG1B_short,PredNCC -> CPUE,H2a,95.1887474432538,08.PredBirdNCC_b_0_smoothed,X08_commonMurre_JSOES,1,1,0,Single-Series Straggler,FALSE,Negative (-),Flipped
152425,logSAR,~,Growth,1.05814494271081,0.297325929150457,3.55887206250134,3.7245089339332e-4,0.47539682990601,1.64089305551561,DAG1B_short,Growth -> SAR,H1c,95.1887474432538,06.Cond1NCC_DFA1,X06_DFA_IGF_mu,1,1,0,Multi-Taxa DFA,FALSE,Positive (+),Supported
152425,logSAR,~,Abundance,0.335041616062908,0.1251640665438,2.67681951629194,0.00743246602528269,0.0897245534784848,0.58035867864733,DAG1B_short,CPUE -> SAR,H4a,95.1887474432538,07.Cond2NCC_DFA1,X07_DFA_cpue_IntSprJunHW,1,1,0,Multi-Taxa DFA,FALSE,Positive (+),Supported
152425,logSAR,~,PreyAK,-0.815306083756328,0.165268632523692,-4.93321734019583,8.08860644019305e-7,-1.13922665127695,-0.491385516235707,DAG1B_short,PreyAK -> SAR,H1e,95.1887474432538,12.ZooPreyAK_DFA1,X12_DFA_biomassEuphShelfSum,1,0,1,Multi-Taxa DFA,FALSE,Positive (+),Flipped
152425,logSAR,~,PredAK,0.43357037054067,0.252897784702221,1.71440952340166,0.0864535407181561,-0.0621001792456484,0.929240920326987,DAG1B_short,PredAK -> SAR,H2c,95.1887474432538,15.PredFishAK_5_smoothed,X15_halibutBiomassAge8plus_2yrLead_predAK,0,1,0,Single-Series Straggler,FALSE,Negative (-),NS
152429,Growth,~,PreyNCC,-0.946279175744333,0.0741817545849173,-12.7562253149608,0,-1.09167274304076,-0.800885608447906,DAG1B_short,PreyNCC -> Growth,H1a,86.0298124054392,05.ForageFishNCC_DFA1,X05_DFA_abundSardine,1,0,1,Multi-Taxa DFA,TRUE,Negative (-),Supported
152429,Abundance,~,PredNCC,0.67047203479098,0.170211517107275,3.93905210520167,8.18041646235557e-5,0.336863591506799,1.00408047807516,DAG1B_short,PredNCC -> CPUE,H2a,86.0298124054392,08.PredBirdNCC_b_0_smoothed,X08_commonMurre_JSOES,1,1,0,Single-Series Straggler,FALSE,Negative (-),Flipped
152429,logSAR,~,Growth,-0.344541053422292,0.173487122604101,-1.98597479888197,0.0470361222454758,-0.684569565507814,-0.00451254133676926,DAG1B_short,Growth -> SAR,H1c,86.0298124054392,06.Cond1NCC_DFA1,X06_DFA_IGF_mu,1,0,1,Multi-Taxa DFA,FALSE,Positive (+),Flipped
152429,logSAR,~,Abundance,0.233998679208483,0.103119951570543,2.26918918836387,0.0232568234581469,0.0318872880427035,0.436110070374262,DAG1B_short,CPUE -> SAR,H4a,86.0298124054392,07.Cond2NCC_DFA1,X07_DFA_cpue_IntSprJunHW,1,1,0,Multi-Taxa DFA,FALSE,Positive (+),Supported
152429,logSAR,~,PreyAK,-0.457845775586287,0.112703040132678,-4.06240838798401,4.85690109048864e-5,-0.678739675194508,-0.236951875978067,DAG1B_short,PreyAK -> SAR,H1e,86.0298124054392,12.ZooPreyAK_DFA1,X12_DFA_biomassEuphShelfSum,1,0,1,Multi-Taxa DFA,FALSE,Positive (+),Flipped
152429,logSAR,~,PredAK,-0.898334559187175,0.150184676759381,-5.98153272737966,2.21047624648918e-9,-1.19269111666535,-0.603978001708997,DAG1B_short,PredAK -> SAR,H2c,86.0298124054392,15.PredFishAK_b_DFA1,X15_DFA_sleeperSharks,1,0,1,Multi-Taxa DFA,FALSE,Negative (-),Supported
152430,Growth,~,PreyNCC,-0.921036780010378,0.0893518326228324,-10.3079786163784,0,-1.09616315390378,-0.745910406116975,DAG1B_short,PreyNCC -> Growth,H1a,93.8830553996361,05.ForageFishNCC_DFA1,X05_DFA_abundSardine,1,0,1,Multi-Taxa DFA,TRUE,Negative (-),Supported
152430,Abundance,~,PredNCC,0.67047203479098,0.170211517107275,3.93905210520166,8.18041646235557e-5,0.336863591506798,1.00408047807516,DAG1B_short,PredNCC -> CPUE,H2a,93.8830553996361,08.PredBirdNCC_b_0_smoothed,X08_commonMurre_JSOES,1,1,0,Single-Series Straggler,FALSE,Negative (-),Flipped
152430,logSAR,~,Growth,-0.17469083238843,0.165012616735472,-1.05865136766161,0.289758583702636,-0.498109618184667,0.148727953407808,DAG1B_short,Growth -> SAR,H1c,93.8830553996361,06.Cond1NCC_0_smoothed,X06_Lmu_IntSprJunH,0,0,1,Single-Series Straggler,FALSE,Positive (+),NS
152430,logSAR,~,Abundance,0.271530004807989,0.104266469613367,2.60419294730948,0.00920908965866563,0.0671714795706493,0.475888530045329,DAG1B_short,CPUE -> SAR,H4a,93.8830553996361,07.Cond2NCC_DFA1,X07_DFA_cpue_IntSprJunHW,1,1,0,Multi-Taxa DFA,FALSE,Positive (+),Supported
152430,logSAR,~,PreyAK,-0.531267730607667,0.113424745231182,-4.68387854453488,2.81496847209795e-6,-0.753576146216414,-0.308959314998919,DAG1B_short,PreyAK -> SAR,H1e,93.8830553996361,12.ZooPreyAK_DFA1,X12_DFA_biomassEuphShelfSum,1,0,1,Multi-Taxa DFA,FALSE,Positive (+),Flipped
152430,logSAR,~,PredAK,-0.768683164953188,0.144793328105927,-5.30883000624754,1.1033117530701e-7,-1.0524728732425,-0.484893456663881,DAG1B_short,PredAK -> SAR,H2c,93.8830553996361,15.PredFishAK_b_DFA1,X15_DFA_sleeperSharks,1,0,1,Multi-Taxa DFA,FALSE,Negative (-),Supported
152433,Growth,~,PreyNCC,-0.946279175744328,0.0741817545849158,-12.756225314961,0,-1.09167274304075,-0.800885608447904,DAG1B_short,PreyNCC -> Growth,H1a,87.7964783945198,05.ForageFishNCC_DFA1,X05_DFA_abundSardine,1,0,1,Multi-Taxa DFA,TRUE,Negative (-),Supported
152433,Abundance,~,PredNCC,0.67047203479098,0.170211517107275,3.93905210520167,8.18041646235557e-5,0.336863591506799,1.00408047807516,DAG1B_short,PredNCC -> CPUE,H2a,87.7964783945198,08.PredBirdNCC_b_0_smoothed,X08_commonMurre_JSOES,1,1,0,Single-Series Straggler,FALSE,Negative (-),Flipped
152433,logSAR,~,Growth,0.690889920168609,0.12246472097894,5.64154243479982,1.68533491606837e-8,0.45086347767314,0.930916362664078,DAG1B_short,Growth -> SAR,H1c,87.7964783945198,06.Cond1NCC_DFA1,X06_DFA_IGF_mu,1,1,0,Multi-Taxa DFA,FALSE,Positive (+),Supported
152433,logSAR,~,Abundance,0.167833423896972,0.10810022242301,1.55257241969603,0.120525318932622,-0.0440391187728971,0.379705966566841,DAG1B_short,CPUE -> SAR,H4a,87.7964783945198,07.Cond2NCC_DFA1,X07_DFA_cpue_IntSprJunHW,0,1,0,Multi-Taxa DFA,FALSE,Positive (+),NS
152433,logSAR,~,PreyAK,-0.86631538890239,0.134679516797471,-6.43242127312607,1.25587096277968e-10,-1.13028239128069,-0.602348386524091,DAG1B_short,PreyAK -> SAR,H1e,87.7964783945198,12.ZooPreyAK_DFA1,X12_DFA_biomassEuphShelfSum,1,0,1,Multi-Taxa DFA,FALSE,Positive (+),Flipped
152433,logSAR,~,PredAK,0.405427189042174,0.108658622852735,3.73120124660193,1.9056891042756e-4,0.192460201641093,0.618394176443255,DAG1B_short,PredAK -> SAR,H2c,87.7964783945198,15.PredFishAK_b_0_smoothed,X15_spinyDogfishBSAI_predAK,1,1,0,Single-Series Straggler,FALSE,Negative (-),Flipped
152434,Growth,~,PreyNCC,-0.921036780010378,0.0893518326228317,-10.3079786163785,0,-1.09616315390378,-0.745910406116977,DAG1B_short,PreyNCC -> Growth,H1a,92.7424730300774,05.ForageFishNCC_DFA1,X05_DFA_abundSardine,1,0,1,Multi-Taxa DFA,TRUE,Negative (-),Supported
152434,Abundance,~,PredNCC,0.67047203479098,0.170211517107274,3.93905210520167,8.18041646235557e-5,0.336863591506799,1.00408047807516,DAG1B_short,PredNCC -> CPUE,H2a,92.7424730300774,08.PredBirdNCC_b_0_smoothed,X08_commonMurre_JSOES,1,1,0,Single-Series Straggler,FALSE,Negative (-),Flipped
152434,logSAR,~,Growth,0.662099155259306,0.113545925343991,5.83111329846014,5.50587819780901e-9,0.439553230993811,0.884645079524802,DAG1B_short,Growth -> SAR,H1c,92.7424730300774,06.Cond1NCC_0_smoothed,X06_Lmu_IntSprJunH,1,1,0,Single-Series Straggler,FALSE,Positive (+),Supported
152434,logSAR,~,Abundance,0.055960986602211,0.102220125073296,0.547455665526575,0.584065721059041,-0.144386777036629,0.256308750241051,DAG1B_short,CPUE -> SAR,H4a,92.7424730300774,07.Cond2NCC_DFA1,X07_DFA_cpue_IntSprJunHW,0,1,0,Multi-Taxa DFA,FALSE,Positive (+),NS
152434,logSAR,~,PreyAK,-0.791747550433662,0.12540180082509,-6.313685650639,2.72467159945222e-10,-1.0375305636473,-0.54596453722002,DAG1B_short,PreyAK -> SAR,H1e,92.7424730300774,12.ZooPreyAK_DFA1,X12_DFA_biomassEuphShelfSum,1,0,1,Multi-Taxa DFA,FALSE,Positive (+),Flipped
152434,logSAR,~,PredAK,0.510325936872116,0.102116935248314,4.99746624427355,5.80885028966804e-7,0.310180421573812,0.710471452170419,DAG1B_short,PredAK -> SAR,H2c,92.7424730300774,15.PredFishAK_b_0_smoothed,X15_spinyDogfishBSAI_predAK,1,1,0,Single-Series Straggler,FALSE,Negative (-),Flipped
152437,Growth,~,PreyNCC,-0.946279175744328,0.0741817545849153,-12.7562253149611,0,-1.09167274304075,-0.800885608447905,DAG1B_short,PreyNCC -> Growth,H1a,95.0675758495522,05.ForageFishNCC_DFA1,X05_DFA_abundSardine,1,0,1,Multi-Taxa DFA,TRUE,Negative (-),Supported
152437,Abundance,~,PredNCC,0.670472034790981,0.170211517107275,3.93905210520167,8.18041646235557e-5,0.336863591506799,1.00408047807516,DAG1B_short,PredNCC -> CPUE,H2a,95.0675758495522,08.PredBirdNCC_b_0_smoothed,X08_commonMurre_JSOES,1,1,0,Single-Series Straggler,FALSE,Negative (-),Flipped
152437,logSAR,~,Growth,0.545602629603418,0.13786557891142,3.95749710632248,7.57392047097127e-5,0.275391060229271,0.815814198977566,DAG1B_short,Growth -> SAR,H1c,95.0675758495522,06.Cond1NCC_DFA1,X06_DFA_IGF_mu,1,1,0,Multi-Taxa DFA,FALSE,Positive (+),Supported
152437,logSAR,~,Abundance,0.342106970183158,0.134081566928397,2.55148398113406,0.0107265254937308,0.0793119280128041,0.604902012353512,DAG1B_short,CPUE -> SAR,H4a,95.0675758495522,07.Cond2NCC_DFA1,X07_DFA_cpue_IntSprJunHW,1,1,0,Multi-Taxa DFA,FALSE,Positive (+),Supported
152437,logSAR,~,PreyAK,-0.653192592795019,0.14539891621797,-4.49241720492474,7.04192988254526e-6,-0.938169231973397,-0.368215953616641,DAG1B_short,PreyAK -> SAR,H1e,95.0675758495522,12.ZooPreyAK_DFA1,X12_DFA_biomassEuphShelfSum,1,0,1,Multi-Taxa DFA,FALSE,Positive (+),Flipped
152437,logSAR,~,PredAK,-0.171389971318771,0.120850862759313,-1.41819402365469,0.156134126260523,-0.408253309827618,0.0654733671900756,DAG1B_short,PredAK -> SAR,H2c,95.0675758495522,15.PredFishAK_b_1_smoothed,X15_salmonSharkBSAI_predAK,0,0,1,Single-Series Straggler,FALSE,Negative (-),NS
152445,Growth,~,PreyNCC,-0.946279175744328,0.0741817545849158,-12.756225314961,0,-1.09167274304075,-0.800885608447904,DAG1B_short,PreyNCC -> Growth,H1a,91.1524462090285,05.ForageFishNCC_DFA1,X05_DFA_abundSardine,1,0,1,Multi-Taxa DFA,TRUE,Negative (-),Supported
152445,Abundance,~,PredNCC,0.67047203479098,0.170211517107275,3.93905210520167,8.18041646235557e-5,0.336863591506799,1.00408047807516,DAG1B_short,PredNCC -> CPUE,H2a,91.1524462090285,08.PredBirdNCC_b_0_smoothed,X08_commonMurre_JSOES,1,1,0,Single-Series Straggler,FALSE,Negative (-),Flipped
152445,logSAR,~,Growth,0.898024344805183,0.172580534333879,5.2035088909149,1.95560392102223e-7,0.559772713078103,1.23627597653226,DAG1B_short,Growth -> SAR,H1c,91.1524462090285,06.Cond1NCC_DFA1,X06_DFA_IGF_mu,1,1,0,Multi-Taxa DFA,FALSE,Positive (+),Supported
152445,logSAR,~,Abundance,0.300671074538042,0.113280017829022,2.65422870070392,0.00794899314095132,0.0786463194251037,0.522695829650979,DAG1B_short,CPUE -> SAR,H4a,91.1524462090285,07.Cond2NCC_DFA1,X07_DFA_cpue_IntSprJunHW,1,1,0,Multi-Taxa DFA,FALSE,Positive (+),Supported
152445,logSAR,~,PreyAK,-0.720150858194154,0.130602984076276,-5.51404597136588,3.50676936378136e-8,-0.976128003257114,-0.464173713131194,DAG1B_short,PreyAK -> SAR,H1e,91.1524462090285,12.ZooPreyAK_DFA1,X12_DFA_biomassEuphShelfSum,1,0,1,Multi-Taxa DFA,FALSE,Positive (+),Flipped
152445,logSAR,~,PredAK,-0.398181154191066,0.1505931197066,-2.64408596466319,0.00819118500138383,-0.693338245135532,-0.1030240632466,DAG1B_short,PredAK -> SAR,H2c,91.1524462090285,15.PredFishAK_b_3_smoothed,X15_sharkCatchGoA_predAK,1,0,1,Single-Series Straggler,FALSE,Negative (-),Supported
152481,Growth,~,PreyNCC,-0.946279175744328,0.0741817545849167,-12.7562253149609,0,-1.09167274304075,-0.800885608447902,DAG1B_short,PreyNCC -> Growth,H1a,95.6412308024232,05.ForageFishNCC_DFA1,X05_DFA_abundSardine,1,0,1,Multi-Taxa DFA,TRUE,Negative (-),Supported
152481,Abundance,~,PredNCC,0.290737488849164,0.219505630257209,1.32451039414564,0.185333593339968,-0.139485640858732,0.72096061855706,DAG1B_short,PredNCC -> CPUE,H2a,95.6412308024232,08.PredBirdNCC_b_1_smoothed,X08_Large_gulls_7_WS,0,1,0,Single-Series Straggler,FALSE,Negative (-),NS
152481,logSAR,~,Growth,0.768048148404869,0.121467662402293,6.32306684112473,2.56422216793339e-10,0.529975904810105,1.00612039199963,DAG1B_short,Growth -> SAR,H1c,95.6412308024232,06.Cond1NCC_DFA1,X06_DFA_IGF_mu,1,1,0,Multi-Taxa DFA,FALSE,Positive (+),Supported
152481,logSAR,~,Abundance,0.227751173691458,0.0882929492588866,2.57949446250415,0.00989450448928464,0.0547001730552177,0.400802174327698,DAG1B_short,CPUE -> SAR,H4a,95.6412308024232,07.Cond2NCC_DFA1,X07_DFA_cpue_IntSprJunHW,1,1,0,Multi-Taxa DFA,FALSE,Positive (+),Supported
152481,logSAR,~,PreyAK,-0.908231063366056,0.123263902940041,-7.36818356147495,1.7297274723659899e-13,-1.14982387372238,-0.666638253009734,DAG1B_short,PreyAK -> SAR,H1e,95.6412308024232,12.ZooPreyAK_DFA1,X12_DFA_biomassEuphShelfSum,1,0,1,Multi-Taxa DFA,FALSE,Positive (+),Flipped
152481,logSAR,~,PredAK,0.41910883902315,0.103817304349836,4.03698440879248,5.41426655595867e-5,0.215630661525439,0.622587016520861,DAG1B_short,PredAK -> SAR,H2c,95.6412308024232,15.PredFishAK_3_smoothed,X15_PacificCodBiomass_predAK,1,1,0,Single-Series Straggler,FALSE,Negative (-),Flipped
152493,Growth,~,PreyNCC,-0.946279175744326,0.0741817545849173,-12.7562253149607,0,-1.09167274304075,-0.8008856084479,DAG1B_short,PreyNCC -> Growth,H1a,95.6945804294,05.ForageFishNCC_DFA1,X05_DFA_abundSardine,1,0,1,Multi-Taxa DFA,TRUE,Negative (-),Supported
152493,Abundance,~,PredNCC,0.290737488849164,0.219505630257209,1.32451039414564,0.185333593339969,-0.139485640858732,0.72096061855706,DAG1B_short,PredNCC -> CPUE,H2a,95.6945804294,08.PredBirdNCC_b_1_smoothed,X08_Large_gulls_7_WS,0,1,0,Single-Series Straggler,FALSE,Negative (-),NS
152493,logSAR,~,Growth,-0.344541053422301,0.164646289736104,-2.0926135291268,0.0363836678672811,-0.66724185149321,-0.0218402553513908,DAG1B_short,Growth -> SAR,H1c,95.6945804294,06.Cond1NCC_DFA1,X06_DFA_IGF_mu,1,0,1,Multi-Taxa DFA,FALSE,Positive (+),Flipped
152493,logSAR,~,Abundance,0.233998679208485,0.088739384336091,2.63692024639522,0.00836624988726098,0.0600726818994887,0.407924676517481,DAG1B_short,CPUE -> SAR,H4a,95.6945804294,07.Cond2NCC_DFA1,X07_DFA_cpue_IntSprJunHW,1,1,0,Multi-Taxa DFA,FALSE,Positive (+),Supported
152493,logSAR,~,PreyAK,-0.457845775586294,0.109469582176848,-4.18240178213746,2.88445640235224e-5,-0.672402214055565,-0.243289337117024,DAG1B_short,PreyAK -> SAR,H1e,95.6945804294,12.ZooPreyAK_DFA1,X12_DFA_biomassEuphShelfSum,1,0,1,Multi-Taxa DFA,FALSE,Positive (+),Flipped
152493,logSAR,~,PredAK,-0.898334559187166,0.144340183753887,-6.22373157511639,4.85467444022447e-10,-1.18123612086668,-0.615432997507655,DAG1B_short,PredAK -> SAR,H2c,95.6945804294,15.PredFishAK_b_DFA1,X15_DFA_sleeperSharks,1,0,1,Multi-Taxa DFA,FALSE,Negative (-),Supported
152533,Growth,~,PreyNCC,-0.946279175744326,0.0741817545849147,-12.7562253149612,0,-1.09167274304075,-0.800885608447904,DAG1B_short,PreyNCC -> Growth,H1a,95.8558813646122,05.ForageFishNCC_DFA1,X05_DFA_abundSardine,1,0,1,Multi-Taxa DFA,TRUE,Negative (-),Supported
152533,Abundance,~,PredNCC,0.599206386426604,0.183668996676884,3.26242532636439,0.00110463270974148,0.239221767863304,0.959191004989903,DAG1B_short,PredNCC -> CPUE,H2a,95.8558813646122,08.PredBirdNCC_b_2_smoothed,X08_Loons_8_WS,1,1,0,Single-Series Straggler,FALSE,Negative (-),Flipped
152533,logSAR,~,Growth,1.16596285600473,0.281716597634395,4.13877941802309,3.49158447698894e-5,0.61380847079415,1.7181172412153,DAG1B_short,Growth -> SAR,H1c,95.8558813646122,06.Cond1NCC_DFA1,X06_DFA_IGF_mu,1,1,0,Multi-Taxa DFA,FALSE,Positive (+),Supported
152533,logSAR,~,Abundance,0.276232549427791,0.106913250656682,2.58370733029925,0.0097744698786042,0.0666864286705906,0.485778670184991,DAG1B_short,CPUE -> SAR,H4a,95.8558813646122,07.Cond2NCC_DFA1,X07_DFA_cpue_IntSprJunHW,1,1,0,Multi-Taxa DFA,FALSE,Positive (+),Supported
152533,logSAR,~,PreyAK,-0.733708966549778,0.131369140397877,-5.58509376195657,2.33574162233907e-8,-0.991187750409602,-0.476230182689954,DAG1B_short,PreyAK -> SAR,H1e,95.8558813646122,12.ZooPreyAK_DFA1,X12_DFA_biomassEuphShelfSum,1,0,1,Multi-Taxa DFA,FALSE,Positive (+),Flipped
152533,logSAR,~,PredAK,0.603190835651683,0.260269664717323,2.31756104310813,0.0204731894872399,0.0930716665374145,1.11331000476595,DAG1B_short,PredAK -> SAR,H2c,95.8558813646122,15.PredFishAK_0_smoothed,X15_ArrowtoothFlounderBiomass_predAK,1,1,0,Single-Series Straggler,FALSE,Negative (-),Flipped
152541,Growth,~,PreyNCC,-0.946279175744328,0.0741817545849151,-12.7562253149611,0,-1.09167274304075,-0.800885608447905,DAG1B_short,PreyNCC -> Growth,H1a,90.4555557610555,05.ForageFishNCC_DFA1,X05_DFA_abundSardine,1,0,1,Multi-Taxa DFA,TRUE,Negative (-),Supported
152541,Abundance,~,PredNCC,0.599206386426604,0.183668996676884,3.26242532636439,0.00110463270974148,0.239221767863304,0.959191004989903,DAG1B_short,PredNCC -> CPUE,H2a,90.4555557610555,08.PredBirdNCC_b_2_smoothed,X08_Loons_8_WS,1,1,0,Single-Series Straggler,FALSE,Negative (-),Flipped
152541,logSAR,~,Growth,0.949310657767643,0.152827968620118,6.2116291038804,5.24380761035559e-10,0.649773343441795,1.24884797209349,DAG1B_short,Growth -> SAR,H1c,90.4555557610555,06.Cond1NCC_DFA1,X06_DFA_IGF_mu,1,1,0,Multi-Taxa DFA,FALSE,Positive (+),Supported
152541,logSAR,~,Abundance,0.23061512402969,0.0925694405769709,2.49126626014267,0.0127288689577114,0.0491823544298061,0.412047893629573,DAG1B_short,CPUE -> SAR,H4a,90.4555557610555,07.Cond2NCC_DFA1,X07_DFA_cpue_IntSprJunHW,1,1,0,Multi-Taxa DFA,FALSE,Positive (+),Supported
152541,logSAR,~,PreyAK,-0.859710597251231,0.122475939447621,-7.01942439575165,2.22777352121284e-12,-1.09975902754128,-0.619662166961186,DAG1B_short,PreyAK -> SAR,H1e,90.4555557610555,12.ZooPreyAK_DFA1,X12_DFA_biomassEuphShelfSum,1,0,1,Multi-Taxa DFA,FALSE,Positive (+),Flipped
152541,logSAR,~,PredAK,-0.465898964736431,0.126053216465042,-3.69604979390303,2.189800420862e-4,-0.712958729143344,-0.218839200329519,DAG1B_short,PredAK -> SAR,H2c,90.4555557610555,15.PredFishAK_2_smoothed,X15_sablefishRecruitment_predAK,1,0,1,Single-Series Straggler,FALSE,Negative (-),Supported
152545,Growth,~,PreyNCC,-0.946279175744328,0.074181754584916,-12.756225314961,0,-1.09167274304075,-0.800885608447904,DAG1B_short,PreyNCC -> Growth,H1a,88.8680091115574,05.ForageFishNCC_DFA1,X05_DFA_abundSardine,1,0,1,Multi-Taxa DFA,TRUE,Negative (-),Supported
152545,Abundance,~,PredNCC,0.599206386426604,0.183668996676884,3.2624253263644,0.00110463270974148,0.239221767863305,0.959191004989903,DAG1B_short,PredNCC -> CPUE,H2a,88.8680091115574,08.PredBirdNCC_b_2_smoothed,X08_Loons_8_WS,1,1,0,Single-Series Straggler,FALSE,Negative (-),Flipped
152545,logSAR,~,Growth,0.768048148404869,0.122033669585504,6.2937396786772,3.09907433049261e-10,0.52886655111602,1.00722974569372,DAG1B_short,Growth -> SAR,H1c,88.8680091115574,06.Cond1NCC_DFA1,X06_DFA_IGF_mu,1,1,0,Multi-Taxa DFA,FALSE,Positive (+),Supported
152545,logSAR,~,Abundance,0.227751173691458,0.089309967364286,2.55012044470339,0.0107685708955301,0.0527068541970098,0.402795493185906,DAG1B_short,CPUE -> SAR,H4a,88.8680091115574,07.Cond2NCC_DFA1,X07_DFA_cpue_IntSprJunHW,1,1,0,Multi-Taxa DFA,FALSE,Positive (+),Supported
152545,logSAR,~,PreyAK,-0.908231063366056,0.12426324841993,-7.30892741751622,2.69340105774063e-13,-1.15178255487107,-0.664679571861039,DAG1B_short,PreyAK -> SAR,H1e,88.8680091115574,12.ZooPreyAK_DFA1,X12_DFA_biomassEuphShelfSum,1,0,1,Multi-Taxa DFA,FALSE,Positive (+),Flipped
152545,logSAR,~,PredAK,0.41910883902315,0.10477670435387,4.00001929443844,6.33373195073617e-5,0.213750272070765,0.624467405975535,DAG1B_short,PredAK -> SAR,H2c,88.8680091115574,15.PredFishAK_3_smoothed,X15_PacificCodBiomass_predAK,1,1,0,Single-Series Straggler,FALSE,Negative (-),Flipped
152549,Growth,~,PreyNCC,-0.946279175744328,0.074181754584915,-12.7562253149611,0,-1.09167274304075,-0.800885608447906,DAG1B_short,PreyNCC -> Growth,H1a,95.3029039648729,05.ForageFishNCC_DFA1,X05_DFA_abundSardine,1,0,1,Multi-Taxa DFA,TRUE,Negative (-),Supported
152549,Abundance,~,PredNCC,0.599206386426603,0.183668996676884,3.26242532636439,0.00110463270974148,0.239221767863304,0.959191004989903,DAG1B_short,PredNCC -> CPUE,H2a,95.3029039648729,08.PredBirdNCC_b_2_smoothed,X08_Loons_8_WS,1,1,0,Single-Series Straggler,FALSE,Negative (-),Flipped
152549,logSAR,~,Growth,0.971458803654646,0.201342517863036,4.82490640310501,1.40069029685996e-6,0.576834720086484,1.36608288722281,DAG1B_short,Growth -> SAR,H1c,95.3029039648729,06.Cond1NCC_DFA1,X06_DFA_IGF_mu,1,1,0,Multi-Taxa DFA,FALSE,Positive (+),Supported
152549,logSAR,~,Abundance,0.322258722596479,0.104567436981101,3.08182673210899,0.00205734553506587,0.11731031215786,0.527207133035098,DAG1B_short,CPUE -> SAR,H4a,95.3029039648729,07.Cond2NCC_DFA1,X07_DFA_cpue_IntSprJunHW,1,1,0,Multi-Taxa DFA,FALSE,Positive (+),Supported
152549,logSAR,~,PreyAK,-0.750049374160835,0.1314037118322,-5.70797707083521,1.14326816902377e-8,-1.00759591678683,-0.492502831534844,DAG1B_short,PreyAK -> SAR,H1e,95.3029039648729,12.ZooPreyAK_DFA1,X12_DFA_biomassEuphShelfSum,1,0,1,Multi-Taxa DFA,FALSE,Positive (+),Flipped
152549,logSAR,~,PredAK,-0.421319512125758,0.174672957310473,-2.41204774117886,0.0158632042183728,-0.763672217527387,-0.0789668067241286,DAG1B_short,PredAK -> SAR,H2c,95.3029039648729,15.PredFishAK_4_smoothed,X15_spinyDogfishGoA_predAK,1,0,1,Single-Series Straggler,FALSE,Negative (-),Supported
152557,Growth,~,PreyNCC,-0.946279175744329,0.0741817545849175,-12.7562253149607,0,-1.09167274304076,-0.800885608447902,DAG1B_short,PreyNCC -> Growth,H1a,88.9213587385343,05.ForageFishNCC_DFA1,X05_DFA_abundSardine,1,0,1,Multi-Taxa DFA,TRUE,Negative (-),Supported
152557,Abundance,~,PredNCC,0.599206386426604,0.183668996676884,3.26242532636439,0.00110463270974148,0.239221767863304,0.959191004989903,DAG1B_short,PredNCC -> CPUE,H2a,88.9213587385343,08.PredBirdNCC_b_2_smoothed,X08_Loons_8_WS,1,1,0,Single-Series Straggler,FALSE,Negative (-),Flipped
152557,logSAR,~,Growth,-0.344541053422301,0.165663499145711,-2.07976443331827,0.0375471448470635,-0.669235545300777,-0.0198465615438251,DAG1B_short,Growth -> SAR,H1c,88.9213587385343,06.Cond1NCC_DFA1,X06_DFA_IGF_mu,1,0,1,Multi-Taxa DFA,FALSE,Positive (+),Flipped
152557,logSAR,~,Abundance,0.233998679208484,0.0903734318861261,2.58924193012092,0.00961874903409354,0.0568700075523934,0.411127350864575,DAG1B_short,CPUE -> SAR,H4a,88.9213587385343,07.Cond2NCC_DFA1,X07_DFA_cpue_IntSprJunHW,1,1,0,Multi-Taxa DFA,FALSE,Positive (+),Supported
152557,logSAR,~,PreyAK,-0.457845775586294,0.109512530762799,-4.1807615292717,2.90534438089907e-5,-0.672486391737215,-0.243205159435373,DAG1B_short,PreyAK -> SAR,H1e,88.9213587385343,12.ZooPreyAK_DFA1,X12_DFA_biomassEuphShelfSum,1,0,1,Multi-Taxa DFA,FALSE,Positive (+),Flipped
152557,logSAR,~,PredAK,-0.898334559187166,0.146667097117001,-6.12499038192961,9.06890784690972e-10,-1.18579678725353,-0.610872331120806,DAG1B_short,PredAK -> SAR,H2c,88.9213587385343,15.PredFishAK_b_DFA1,X15_DFA_sleeperSharks,1,0,1,Multi-Taxa DFA,FALSE,Negative (-),Supported
152561,Growth,~,PreyNCC,-0.946279175744328,0.0741817545849157,-12.756225314961,0,-1.09167274304075,-0.800885608447904,DAG1B_short,PreyNCC -> Growth,H1a,90.688024727615,05.ForageFishNCC_DFA1,X05_DFA_abundSardine,1,0,1,Multi-Taxa DFA,TRUE,Negative (-),Supported
152561,Abundance,~,PredNCC,0.599206386426604,0.183668996676884,3.2624253263644,0.00110463270974148,0.239221767863305,0.959191004989902,DAG1B_short,PredNCC -> CPUE,H2a,90.688024727615,08.PredBirdNCC_b_2_smoothed,X08_Loons_8_WS,1,1,0,Single-Series Straggler,FALSE,Negative (-),Flipped
152561,logSAR,~,Growth,0.690889920168609,0.123680798121652,5.58607262130578,2.3226214285188e-8,0.448480010271001,0.933299830066216,DAG1B_short,Growth -> SAR,H1c,90.688024727615,06.Cond1NCC_DFA1,X06_DFA_IGF_mu,1,1,0,Multi-Taxa DFA,FALSE,Positive (+),Supported
152561,logSAR,~,Abundance,0.167833423896972,0.0959146072470239,1.74982131204191,0.0801491519847024,-0.0201557518984996,0.355822599692443,DAG1B_short,CPUE -> SAR,H4a,90.688024727615,07.Cond2NCC_DFA1,X07_DFA_cpue_IntSprJunHW,0,1,0,Multi-Taxa DFA,FALSE,Positive (+),NS
152561,logSAR,~,PreyAK,-0.86631538890239,0.126287906893164,-6.85984438427085,6.8935968045025196e-12,-1.11383513809594,-0.618795639708841,DAG1B_short,PreyAK -> SAR,H1e,90.688024727615,12.ZooPreyAK_DFA1,X12_DFA_biomassEuphShelfSum,1,0,1,Multi-Taxa DFA,FALSE,Positive (+),Flipped
152561,logSAR,~,PredAK,0.405427189042173,0.107431430739338,3.7738228584693,1.6076493225925e-4,0.194865453985462,0.615988924098884,DAG1B_short,PredAK -> SAR,H2c,90.688024727615,15.PredFishAK_b_0_smoothed,X15_spinyDogfishBSAI_predAK,1,1,0,Single-Series Straggler,FALSE,Negative (-),Flipped
152562,Growth,~,PreyNCC,-0.921036780010378,0.0893518326228323,-10.3079786163784,0,-1.09616315390378,-0.745910406116976,DAG1B_short,PreyNCC -> Growth,H1a,95.6340193631725,05.ForageFishNCC_DFA1,X05_DFA_abundSardine,1,0,1,Multi-Taxa DFA,TRUE,Negative (-),Supported
152562,Abundance,~,PredNCC,0.599206386426604,0.183668996676884,3.2624253263644,0.00110463270974148,0.239221767863305,0.959191004989902,DAG1B_short,PredNCC -> CPUE,H2a,95.6340193631725,08.PredBirdNCC_b_2_smoothed,X08_Loons_8_WS,1,1,0,Single-Series Straggler,FALSE,Negative (-),Flipped
152562,logSAR,~,Growth,0.662099155259306,0.114571432001847,5.77892013472113,7.518160094477371e-9,0.43754327487850603,0.886655035640106,DAG1B_short,Growth -> SAR,H1c,95.6340193631725,06.Cond1NCC_0_smoothed,X06_Lmu_IntSprJunH,1,1,0,Single-Series Straggler,FALSE,Positive (+),Supported
152562,logSAR,~,Abundance,0.055960986602211,0.0906166658696279,0.617557334130161,0.536867176554617,-0.12164441490136,0.233566388105782,DAG1B_short,CPUE -> SAR,H4a,95.6340193631725,07.Cond2NCC_DFA1,X07_DFA_cpue_IntSprJunHW,0,1,0,Multi-Taxa DFA,FALSE,Positive (+),NS
152562,logSAR,~,PreyAK,-0.791747550433662,0.117089930390646,-6.76187566080332,1.3621548333731e-11,-1.02123959695163,-0.562255503915694,DAG1B_short,PreyAK -> SAR,H1e,95.6340193631725,12.ZooPreyAK_DFA1,X12_DFA_biomassEuphShelfSum,1,0,1,Multi-Taxa DFA,FALSE,Positive (+),Flipped
152562,logSAR,~,PredAK,0.510325936872116,0.100785924099449,5.06346438187698,4.1170533182644e-7,0.312789155488609,0.707862718255623,DAG1B_short,PredAK -> SAR,H2c,95.6340193631725,15.PredFishAK_b_0_smoothed,X15_spinyDogfishBSAI_predAK,1,1,0,Single-Series Straggler,FALSE,Negative (-),Flipped
152573,Growth,~,PreyNCC,-0.946279175744328,0.0741817545849154,-12.7562253149611,0,-1.09167274304075,-0.800885608447904,DAG1B_short,PreyNCC -> Growth,H1a,94.0439925421238,05.ForageFishNCC_DFA1,X05_DFA_abundSardine,1,0,1,Multi-Taxa DFA,TRUE,Negative (-),Supported
152573,Abundance,~,PredNCC,0.599206386426604,0.183668996676884,3.2624253263644,0.00110463270974148,0.239221767863305,0.959191004989902,DAG1B_short,PredNCC -> CPUE,H2a,94.0439925421238,08.PredBirdNCC_b_2_smoothed,X08_Loons_8_WS,1,1,0,Single-Series Straggler,FALSE,Negative (-),Flipped
152573,logSAR,~,Growth,0.898024344805183,0.172516289052136,5.2054466841319,1.93530508063589e-7,0.559898631516494,1.23615005809387,DAG1B_short,Growth -> SAR,H1c,94.0439925421238,06.Cond1NCC_DFA1,X06_DFA_IGF_mu,1,1,0,Multi-Taxa DFA,FALSE,Positive (+),Supported
152573,logSAR,~,Abundance,0.300671074538042,0.101002899344998,2.97685587728558,0.0029122087496094,0.102709029487721,0.498633119588362,DAG1B_short,CPUE -> SAR,H4a,94.0439925421238,07.Cond2NCC_DFA1,X07_DFA_cpue_IntSprJunHW,1,1,0,Multi-Taxa DFA,FALSE,Positive (+),Supported
152573,logSAR,~,PreyAK,-0.720150858194154,0.124793738872251,-5.77072908226078,7.89292831093746e-9,-0.964742091879861,-0.475559624508447,DAG1B_short,PreyAK -> SAR,H1e,94.0439925421238,12.ZooPreyAK_DFA1,X12_DFA_biomassEuphShelfSum,1,0,1,Multi-Taxa DFA,FALSE,Positive (+),Flipped
152573,logSAR,~,PredAK,-0.398181154191066,0.149621725913509,-2.66125224635653,0.00778506103623999,-0.691434348286266,-0.104927960095866,DAG1B_short,PredAK -> SAR,H2c,94.0439925421238,15.PredFishAK_b_3_smoothed,X15_sharkCatchGoA_predAK,1,0,1,Single-Series Straggler,FALSE,Negative (-),Supported
152645,Growth,~,PreyNCC,-0.946279175744326,0.0741817545849154,-12.7562253149611,0,-1.09167274304075,-0.800885608447903,DAG1B_short,PreyNCC -> Growth,H1a,95.1742770768716,05.ForageFishNCC_DFA1,X05_DFA_abundSardine,1,0,1,Multi-Taxa DFA,TRUE,Negative (-),Supported
152645,Abundance,~,PredNCC,-0.669796115977948,0.170351519391499,-3.93184703236274,8.42956995288358e-5,-1.0036789586969601,-0.335913273258934,DAG1B_short,PredNCC -> CPUE,H2a,95.1742770768716,09.PredFishNCC_b_DFA1,X09_DFA_HakeAge5Plus,1,0,1,Multi-Taxa DFA,FALSE,Negative (-),Supported
152645,logSAR,~,Growth,0.260703397785284,0.194202325958868,1.34243190187383,0.179455996663065,-0.119926166808005,0.641332962378573,DAG1B_short,Growth -> SAR,H1c,95.1742770768716,06.Cond1NCC_DFA1,X06_DFA_IGF_mu,0,1,0,Multi-Taxa DFA,FALSE,Positive (+),NS
152645,logSAR,~,Abundance,0.310013900145149,0.125460562491634,2.47100677685725,0.013473326545915,0.06411571618141,0.555912084108887,DAG1B_short,CPUE -> SAR,H4a,95.1742770768716,07.Cond2NCC_DFA1,X07_DFA_cpue_IntSprJunHW,1,1,0,Multi-Taxa DFA,FALSE,Positive (+),Supported
152645,logSAR,~,PreyAK,-0.643766975920789,0.140978355162656,-4.5664242229102,4.96114263004444e-6,-0.92007947463929,-0.367454477202287,DAG1B_short,PreyAK -> SAR,H1e,95.1742770768716,12.ZooPreyAK_DFA1,X12_DFA_biomassEuphShelfSum,1,0,1,Multi-Taxa DFA,FALSE,Positive (+),Flipped
152645,logSAR,~,PredAK,0.35918039948757,0.184538329212967,1.946372881013,0.0516099647345747,-0.0025080795370423,0.720868878512181,DAG1B_short,PredAK -> SAR,H2c,95.1742770768716,10.PredMammalNCC_0_smoothed,X10_Californian_s_l_2yrLead_WS,0,1,0,Single-Series Straggler,FALSE,Negative (-),NS
152661,Growth,~,PreyNCC,-0.946279175744327,0.0741817545849156,-12.756225314961,0,-1.09167274304075,-0.800885608447903,DAG1B_short,PreyNCC -> Growth,H1a,92.9955779236096,05.ForageFishNCC_DFA1,X05_DFA_abundSardine,1,0,1,Multi-Taxa DFA,TRUE,Negative (-),Supported
152661,Abundance,~,PredNCC,-0.669796115977949,0.170351519391499,-3.93184703236274,8.42956995288358e-5,-1.0036789586969601,-0.335913273258935,DAG1B_short,PredNCC -> CPUE,H2a,92.9955779236096,09.PredFishNCC_b_DFA1,X09_DFA_HakeAge5Plus,1,0,1,Multi-Taxa DFA,FALSE,Negative (-),Supported
152661,logSAR,~,Growth,1.16596285600473,0.289460419111306,4.02805626960826,5.62398851546853e-5,0.598630859596703,1.73329485241276,DAG1B_short,Growth -> SAR,H1c,92.9955779236096,06.Cond1NCC_DFA1,X06_DFA_IGF_mu,1,1,0,Multi-Taxa DFA,FALSE,Positive (+),Supported
152661,logSAR,~,Abundance,0.276232549427792,0.116558328797615,2.36990828778462,0.0177924981202422,0.0477824228862888,0.504682675969295,DAG1B_short,CPUE -> SAR,H4a,92.9955779236096,07.Cond2NCC_DFA1,X07_DFA_cpue_IntSprJunHW,1,1,0,Multi-Taxa DFA,FALSE,Positive (+),Supported
152661,logSAR,~,PreyAK,-0.733708966549776,0.136132621484809,-5.38966309872796,7.05898905994928e-8,-1.00052400178103,-0.466893931318527,DAG1B_short,PreyAK -> SAR,H1e,92.9955779236096,12.ZooPreyAK_DFA1,X12_DFA_biomassEuphShelfSum,1,0,1,Multi-Taxa DFA,FALSE,Positive (+),Flipped
152661,logSAR,~,PredAK,0.603190835651682,0.272028512902467,2.2173809253148,0.0265970720577793,0.0700247475948567,1.13635692370851,DAG1B_short,PredAK -> SAR,H2c,92.9955779236096,15.PredFishAK_0_smoothed,X15_ArrowtoothFlounderBiomass_predAK,1,1,0,Single-Series Straggler,FALSE,Negative (-),Flipped
152665,Growth,~,PreyNCC,-0.946279175744328,0.0741817545849154,-12.7562253149611,0,-1.09167274304075,-0.800885608447905,DAG1B_short,PreyNCC -> Growth,H1a,93.1955930678576,05.ForageFishNCC_DFA1,X05_DFA_abundSardine,1,0,1,Multi-Taxa DFA,TRUE,Negative (-),Supported
152665,Abundance,~,PredNCC,-0.669796115977948,0.170351519391499,-3.93184703236274,8.42956995288358e-5,-1.0036789586969601,-0.335913273258934,DAG1B_short,PredNCC -> CPUE,H2a,93.1955930678576,09.PredFishNCC_b_DFA1,X09_DFA_HakeAge5Plus,1,0,1,Multi-Taxa DFA,FALSE,Negative (-),Supported
152665,logSAR,~,Growth,0.767379730699361,0.174441931638122,4.3990554535436,1.08723045024739e-5,0.425479827295044,1.10927963410368,DAG1B_short,Growth -> SAR,H1c,93.1955930678576,06.Cond1NCC_DFA1,X06_DFA_IGF_mu,1,1,0,Multi-Taxa DFA,FALSE,Positive (+),Supported
152665,logSAR,~,Abundance,0.268758964591388,0.130832901378868,2.0542154286796,0.0399548457680181,0.0123311898959251,0.52518673928685,DAG1B_short,CPUE -> SAR,H4a,93.1955930678576,07.Cond2NCC_DFA1,X07_DFA_cpue_IntSprJunHW,1,1,0,Multi-Taxa DFA,FALSE,Positive (+),Supported
152665,logSAR,~,PreyAK,-0.879702553520439,0.192850117528338,-4.56158681568432,5.07684767403482e-6,-1.2576818382903,-0.50172326875058,DAG1B_short,PreyAK -> SAR,H1e,93.1955930678576,12.ZooPreyAK_DFA1,X12_DFA_biomassEuphShelfSum,1,0,1,Multi-Taxa DFA,FALSE,Positive (+),Flipped
152665,logSAR,~,PredAK,-0.305746732006429,0.168176411211181,-1.81801198993656,0.0690623002383712,-0.635366441029543,0.0238729770166844,DAG1B_short,PredAK -> SAR,H2c,93.1955930678576,15.PredFishAK_1_smoothed,X15_sablefishBiomass_predAK,0,0,1,Single-Series Straggler,FALSE,Negative (-),NS
152669,Growth,~,PreyNCC,-0.946279175744327,0.0741817545849176,-12.7562253149607,0,-1.09167274304075,-0.8008856084479,DAG1B_short,PreyNCC -> Growth,H1a,87.5952523200539,05.ForageFishNCC_DFA1,X05_DFA_abundSardine,1,0,1,Multi-Taxa DFA,TRUE,Negative (-),Supported
152669,Abundance,~,PredNCC,-0.669796115977948,0.170351519391499,-3.93184703236274,8.42956995288358e-5,-1.0036789586969601,-0.335913273258934,DAG1B_short,PredNCC -> CPUE,H2a,87.5952523200539,09.PredFishNCC_b_DFA1,X09_DFA_HakeAge5Plus,1,0,1,Multi-Taxa DFA,FALSE,Negative (-),Supported
152669,logSAR,~,Growth,0.949310657767642,0.158221315219995,5.99989107945218,1.97449923078352e-9,0.639202578349892,1.25941873718539,DAG1B_short,Growth -> SAR,H1c,87.5952523200539,06.Cond1NCC_DFA1,X06_DFA_IGF_mu,1,1,0,Multi-Taxa DFA,FALSE,Positive (+),Supported
152669,logSAR,~,Abundance,0.230615124029689,0.106529668138458,2.16479716927265,0.030403221700483,0.0218208111933068,0.439409436866071,DAG1B_short,CPUE -> SAR,H4a,87.5952523200539,07.Cond2NCC_DFA1,X07_DFA_cpue_IntSprJunHW,1,1,0,Multi-Taxa DFA,FALSE,Positive (+),Supported
152669,logSAR,~,PreyAK,-0.859710597251232,0.131904427011847,-6.5176781153374,7.140399382876689e-11,-1.11823852359584,-0.60118267090662,DAG1B_short,PreyAK -> SAR,H1e,87.5952523200539,12.ZooPreyAK_DFA1,X12_DFA_biomassEuphShelfSum,1,0,1,Multi-Taxa DFA,FALSE,Positive (+),Flipped
152669,logSAR,~,PredAK,-0.465898964736431,0.13907080354299,-3.3500846537671,8.0786866462911e-4,-0.738472730981738,-0.193325198491124,DAG1B_short,PredAK -> SAR,H2c,87.5952523200539,15.PredFishAK_2_smoothed,X15_sablefishRecruitment_predAK,1,0,1,Single-Series Straggler,FALSE,Negative (-),Supported
152673,Growth,~,PreyNCC,-0.946279175744328,0.0741817545849159,-12.756225314961,0,-1.09167274304075,-0.800885608447903,DAG1B_short,PreyNCC -> Growth,H1a,86.0077056705559,05.ForageFishNCC_DFA1,X05_DFA_abundSardine,1,0,1,Multi-Taxa DFA,TRUE,Negative (-),Supported
152673,Abundance,~,PredNCC,-0.669796115977948,0.170351519391499,-3.93184703236274,8.42956995288358e-5,-1.0036789586969601,-0.335913273258934,DAG1B_short,PredNCC -> CPUE,H2a,86.0077056705559,09.PredFishNCC_b_DFA1,X09_DFA_HakeAge5Plus,1,0,1,Multi-Taxa DFA,FALSE,Negative (-),Supported
152673,logSAR,~,Growth,0.76804814840487,0.124106578057964,6.1886175609979,6.06941386038784e-10,0.524803725166752,1.01129257164299,DAG1B_short,Growth -> SAR,H1c,86.0077056705559,06.Cond1NCC_DFA1,X06_DFA_IGF_mu,1,1,0,Multi-Taxa DFA,FALSE,Positive (+),Supported
152673,logSAR,~,Abundance,0.227751173691458,0.10534867141344,2.16187988548664,0.0306274358034955,0.0212715719019702,0.434230775480945,DAG1B_short,CPUE -> SAR,H4a,86.0077056705559,07.Cond2NCC_DFA1,X07_DFA_cpue_IntSprJunHW,1,1,0,Multi-Taxa DFA,FALSE,Positive (+),Supported
152673,logSAR,~,PreyAK,-0.908231063366055,0.137303613853148,-6.61476444704102,3.7214453740830296e-11,-1.17734120146542,-0.63912092526669,DAG1B_short,PreyAK -> SAR,H1e,86.0077056705559,12.ZooPreyAK_DFA1,X12_DFA_biomassEuphShelfSum,1,0,1,Multi-Taxa DFA,FALSE,Positive (+),Flipped
152673,logSAR,~,PredAK,0.41910883902315,0.118487616542576,3.53715309036157,4.0446514693104e-4,0.186877377985708,0.651340300060591,DAG1B_short,PredAK -> SAR,H2c,86.0077056705559,15.PredFishAK_3_smoothed,X15_PacificCodBiomass_predAK,1,1,0,Single-Series Straggler,FALSE,Negative (-),Flipped
152677,Growth,~,PreyNCC,-0.946279175744329,0.0741817545849151,-12.7562253149611,0,-1.09167274304075,-0.800885608447906,DAG1B_short,PreyNCC -> Growth,H1a,92.4426005238713,05.ForageFishNCC_DFA1,X05_DFA_abundSardine,1,0,1,Multi-Taxa DFA,TRUE,Negative (-),Supported
152677,Abundance,~,PredNCC,-0.669796115977948,0.170351519391499,-3.93184703236274,8.42956995288358e-5,-1.0036789586969601,-0.335913273258934,DAG1B_short,PredNCC -> CPUE,H2a,92.4426005238713,09.PredFishNCC_b_DFA1,X09_DFA_HakeAge5Plus,1,0,1,Multi-Taxa DFA,FALSE,Negative (-),Supported
152677,logSAR,~,Growth,0.971458803654646,0.203012751226007,4.78521077020012,1.70807992350142e-6,0.573561122849283,1.36935648446001,DAG1B_short,Growth -> SAR,H1c,92.4426005238713,06.Cond1NCC_DFA1,X06_DFA_IGF_mu,1,1,0,Multi-Taxa DFA,FALSE,Positive (+),Supported
152677,logSAR,~,Abundance,0.322258722596478,0.111210678142256,2.89773183636429,0.00375871821495921,0.10428979874138,0.540227646451576,DAG1B_short,CPUE -> SAR,H4a,92.4426005238713,07.Cond2NCC_DFA1,X07_DFA_cpue_IntSprJunHW,1,1,0,Multi-Taxa DFA,FALSE,Positive (+),Supported
152677,logSAR,~,PreyAK,-0.750049374160836,0.135965680475939,-5.5164610035072,3.45894197728569e-8,-1.01653721102716,-0.483561537294515,DAG1B_short,PreyAK -> SAR,H1e,92.4426005238713,12.ZooPreyAK_DFA1,X12_DFA_biomassEuphShelfSum,1,0,1,Multi-Taxa DFA,FALSE,Positive (+),Flipped
152677,logSAR,~,PredAK,-0.421319512125759,0.17809625859242,-2.36568423983552,0.0179967863066515,-0.77038176474823306,-0.0722572595032842,DAG1B_short,PredAK -> SAR,H2c,92.4426005238713,15.PredFishAK_4_smoothed,X15_spinyDogfishGoA_predAK,1,0,1,Single-Series Straggler,FALSE,Negative (-),Supported
152681,Growth,~,PreyNCC,-0.946279175744328,0.0741817545849153,-12.7562253149611,0,-1.09167274304075,-0.800885608447905,DAG1B_short,PreyNCC -> Growth,H1a,95.2199903353476,05.ForageFishNCC_DFA1,X05_DFA_abundSardine,1,0,1,Multi-Taxa DFA,TRUE,Negative (-),Supported
152681,Abundance,~,PredNCC,-0.669796115977948,0.170351519391499,-3.93184703236274,8.42956995288358e-5,-1.0036789586969601,-0.335913273258934,DAG1B_short,PredNCC -> CPUE,H2a,95.2199903353476,09.PredFishNCC_b_DFA1,X09_DFA_HakeAge5Plus,1,0,1,Multi-Taxa DFA,FALSE,Negative (-),Supported
152681,logSAR,~,Growth,1.05814494271081,0.297463366127297,3.55722775710804,3.7478919229827e-4,0.475127458381259,1.64116242704037,DAG1B_short,Growth -> SAR,H1c,95.2199903353476,06.Cond1NCC_DFA1,X06_DFA_IGF_mu,1,1,0,Multi-Taxa DFA,FALSE,Positive (+),Supported
152681,logSAR,~,Abundance,0.335041616062907,0.117673007675218,2.8472257375084302,0.0044102077313574696,0.104406759066975,0.565676473058839,DAG1B_short,CPUE -> SAR,H4a,95.2199903353476,07.Cond2NCC_DFA1,X07_DFA_cpue_IntSprJunHW,1,1,0,Multi-Taxa DFA,FALSE,Positive (+),Supported
152681,logSAR,~,PreyAK,-0.815306083756326,0.164250341949379,-4.96380143919335,6.91266168306726e-7,-1.1372308384255,-0.493381329087155,DAG1B_short,PreyAK -> SAR,H1e,95.2199903353476,12.ZooPreyAK_DFA1,X12_DFA_biomassEuphShelfSum,1,0,1,Multi-Taxa DFA,FALSE,Positive (+),Flipped
152681,logSAR,~,PredAK,0.433570370540669,0.253998007208538,1.70698335512805,0.0878251461968373,-0.064256575733011,0.931397316814349,DAG1B_short,PredAK -> SAR,H2c,95.2199903353476,15.PredFishAK_5_smoothed,X15_halibutBiomassAge8plus_2yrLead_predAK,0,1,0,Single-Series Straggler,FALSE,Negative (-),NS
152685,Growth,~,PreyNCC,-0.946279175744328,0.0741817545849154,-12.7562253149611,0,-1.09167274304075,-0.800885608447904,DAG1B_short,PreyNCC -> Growth,H1a,86.0610552975328,05.ForageFishNCC_DFA1,X05_DFA_abundSardine,1,0,1,Multi-Taxa DFA,TRUE,Negative (-),Supported
152685,Abundance,~,PredNCC,-0.669796115977948,0.170351519391499,-3.93184703236273,8.42956995288358e-5,-1.0036789586969601,-0.335913273258933,DAG1B_short,PredNCC -> CPUE,H2a,86.0610552975328,09.PredFishNCC_b_DFA1,X09_DFA_HakeAge5Plus,1,0,1,Multi-Taxa DFA,FALSE,Negative (-),Supported
152685,logSAR,~,Growth,-0.3445410534223,0.177823712557602,-1.93754279711539,0.0526790271765634,-0.693069125632403,0.00398701878780294,DAG1B_short,Growth -> SAR,H1c,86.0610552975328,06.Cond1NCC_DFA1,X06_DFA_IGF_mu,0,0,1,Multi-Taxa DFA,FALSE,Positive (+),NS
152685,logSAR,~,Abundance,0.233998679208484,0.103294816439316,2.26534774226503,0.0234913484621833,0.0315445591977495,0.436452799219219,DAG1B_short,CPUE -> SAR,H4a,86.0610552975328,07.Cond2NCC_DFA1,X07_DFA_cpue_IntSprJunHW,1,1,0,Multi-Taxa DFA,FALSE,Positive (+),Supported
152685,logSAR,~,PreyAK,-0.457845775586294,0.110566632824878,-4.14090366947737,3.45940230526143e-5,-0.674552393814918,-0.241139157357669,DAG1B_short,PreyAK -> SAR,H1e,86.0610552975328,12.ZooPreyAK_DFA1,X12_DFA_biomassEuphShelfSum,1,0,1,Multi-Taxa DFA,FALSE,Positive (+),Flipped
152685,logSAR,~,PredAK,-0.898334559187167,0.160712459328245,-5.58970077952933,2.27461225410508e-8,-1.21332519133739,-0.583343927036949,DAG1B_short,PredAK -> SAR,H2c,86.0610552975328,15.PredFishAK_b_DFA1,X15_DFA_sleeperSharks,1,0,1,Multi-Taxa DFA,FALSE,Negative (-),Supported
152686,Growth,~,PreyNCC,-0.92103678001038,0.0893518326228327,-10.3079786163784,0,-1.09616315390378,-0.745910406116977,DAG1B_short,PreyNCC -> Growth,H1a,93.9142982917298,05.ForageFishNCC_DFA1,X05_DFA_abundSardine,1,0,1,Multi-Taxa DFA,TRUE,Negative (-),Supported
152686,Abundance,~,PredNCC,-0.669796115977948,0.170351519391499,-3.93184703236273,8.42956995288358e-5,-1.0036789586969601,-0.335913273258933,DAG1B_short,PredNCC -> CPUE,H2a,93.9142982917298,09.PredFishNCC_b_DFA1,X09_DFA_HakeAge5Plus,1,0,1,Multi-Taxa DFA,FALSE,Negative (-),Supported
152686,logSAR,~,Growth,-0.17469083238843,0.168382515787716,-1.03746420209487,0.299519570761389,-0.5047144989586,0.15533283418174,DAG1B_short,Growth -> SAR,H1c,93.9142982917298,06.Cond1NCC_0_smoothed,X06_Lmu_IntSprJunH,0,0,1,Single-Series Straggler,FALSE,Positive (+),NS
152686,logSAR,~,Abundance,0.27153000480799,0.103977150250282,2.61143918788304,0.00901620216417442,0.0677385351023268,0.475321474513652,DAG1B_short,CPUE -> SAR,H4a,93.9142982917298,07.Cond2NCC_DFA1,X07_DFA_cpue_IntSprJunHW,1,1,0,Multi-Taxa DFA,FALSE,Positive (+),Supported
152686,logSAR,~,PreyAK,-0.531267730607669,0.111030092286672,-4.78489857718907,1.71073696031421e-6,-0.748882712689705,-0.313652748525633,DAG1B_short,PreyAK -> SAR,H1e,93.9142982917298,12.ZooPreyAK_DFA1,X12_DFA_biomassEuphShelfSum,1,0,1,Multi-Taxa DFA,FALSE,Positive (+),Flipped
152686,logSAR,~,PredAK,-0.768683164953189,0.154122800323641,-4.98747208939262,6.11744539691372e-7,-1.07075830278398,-0.466608027122395,DAG1B_short,PredAK -> SAR,H2c,93.9142982917298,15.PredFishAK_b_DFA1,X15_DFA_sleeperSharks,1,0,1,Multi-Taxa DFA,FALSE,Negative (-),Supported
152689,Growth,~,PreyNCC,-0.946279175744327,0.0741817545849151,-12.7562253149611,0,-1.09167274304075,-0.800885608447904,DAG1B_short,PreyNCC -> Growth,H1a,87.8277212866136,05.ForageFishNCC_DFA1,X05_DFA_abundSardine,1,0,1,Multi-Taxa DFA,TRUE,Negative (-),Supported
152689,Abundance,~,PredNCC,-0.669796115977948,0.170351519391499,-3.93184703236273,8.42956995288358e-5,-1.0036789586969601,-0.335913273258933,DAG1B_short,PredNCC -> CPUE,H2a,87.8277212866136,09.PredFishNCC_b_DFA1,X09_DFA_HakeAge5Plus,1,0,1,Multi-Taxa DFA,FALSE,Negative (-),Supported
152689,logSAR,~,Growth,0.690889920168608,0.124664354369697,5.54200054748405,2.99035372020029e-8,0.446552275448063,0.935227564889153,DAG1B_short,Growth -> SAR,H1c,87.8277212866136,06.Cond1NCC_DFA1,X06_DFA_IGF_mu,1,1,0,Multi-Taxa DFA,FALSE,Positive (+),Supported
152689,logSAR,~,Abundance,0.167833423896972,0.112946716217202,1.48595222170266,0.137291759118602,-0.0535380720608102,0.389204919854753,DAG1B_short,CPUE -> SAR,H4a,87.8277212866136,07.Cond2NCC_DFA1,X07_DFA_cpue_IntSprJunHW,0,1,0,Multi-Taxa DFA,FALSE,Positive (+),NS
152689,logSAR,~,PreyAK,-0.866315388902391,0.138525139397248,-6.2538496093338,4.00456556803874e-10,-1.13781967307439,-0.594811104730394,DAG1B_short,PreyAK -> SAR,H1e,87.8277212866136,12.ZooPreyAK_DFA1,X12_DFA_biomassEuphShelfSum,1,0,1,Multi-Taxa DFA,FALSE,Positive (+),Flipped
152689,logSAR,~,PredAK,0.405427189042173,0.121282827379597,3.34282435363456,8.2930374012035e-4,0.167717215434974,0.643137162649371,DAG1B_short,PredAK -> SAR,H2c,87.8277212866136,15.PredFishAK_b_0_smoothed,X15_spinyDogfishBSAI_predAK,1,1,0,Single-Series Straggler,FALSE,Negative (-),Flipped
152690,Growth,~,PreyNCC,-0.921036780010377,0.0893518326228323,-10.3079786163784,0,-1.09616315390378,-0.745910406116974,DAG1B_short,PreyNCC -> Growth,H1a,92.773715922171,05.ForageFishNCC_DFA1,X05_DFA_abundSardine,1,0,1,Multi-Taxa DFA,TRUE,Negative (-),Supported
152690,Abundance,~,PredNCC,-0.669796115977948,0.170351519391499,-3.93184703236274,8.42956995288358e-5,-1.0036789586969601,-0.335913273258934,DAG1B_short,PredNCC -> CPUE,H2a,92.773715922171,09.PredFishNCC_b_DFA1,X09_DFA_HakeAge5Plus,1,0,1,Multi-Taxa DFA,FALSE,Negative (-),Supported
152690,logSAR,~,Growth,0.662099155259305,0.115398848513557,5.73748493843528,9.609282258793431e-9,0.435921568315341,0.88827674220327,DAG1B_short,Growth -> SAR,H1c,92.773715922171,06.Cond1NCC_0_smoothed,X06_Lmu_IntSprJunH,1,1,0,Single-Series Straggler,FALSE,Positive (+),Supported
152690,logSAR,~,Abundance,0.0559609866022097,0.106630649823827,0.52481145613074,0.599714266810895,-0.153031246700593,0.264953219905013,DAG1B_short,CPUE -> SAR,H4a,92.773715922171,07.Cond2NCC_DFA1,X07_DFA_cpue_IntSprJunHW,0,1,0,Multi-Taxa DFA,FALSE,Positive (+),NS
152690,logSAR,~,PreyAK,-0.791747550433662,0.12841563345843,-6.16550749399186,7.02574443067761e-10,-1.04343756706408,-0.540057533803242,DAG1B_short,PreyAK -> SAR,H1e,92.773715922171,12.ZooPreyAK_DFA1,X12_DFA_biomassEuphShelfSum,1,0,1,Multi-Taxa DFA,FALSE,Positive (+),Flipped
152690,logSAR,~,PredAK,0.510325936872116,0.113702108756515,4.48827152330959,7.180337612267e-6,0.287473898743091,0.733177975001141,DAG1B_short,PredAK -> SAR,H2c,92.773715922171,15.PredFishAK_b_0_smoothed,X15_spinyDogfishBSAI_predAK,1,1,0,Single-Series Straggler,FALSE,Negative (-),Flipped
152693,Growth,~,PreyNCC,-0.946279175744328,0.0741817545849152,-12.7562253149611,0,-1.09167274304075,-0.800885608447905,DAG1B_short,PreyNCC -> Growth,H1a,95.098818741646,05.ForageFishNCC_DFA1,X05_DFA_abundSardine,1,0,1,Multi-Taxa DFA,TRUE,Negative (-),Supported
152693,Abundance,~,PredNCC,-0.669796115977948,0.170351519391499,-3.93184703236273,8.42956995288358e-5,-1.0036789586969601,-0.335913273258933,DAG1B_short,PredNCC -> CPUE,H2a,95.098818741646,09.PredFishNCC_b_DFA1,X09_DFA_HakeAge5Plus,1,0,1,Multi-Taxa DFA,FALSE,Negative (-),Supported
152693,logSAR,~,Growth,0.545602629603419,0.136217983345633,4.00536416854032,6.19220085740224e-5,0.278620288199302,0.812584971007535,DAG1B_short,Growth -> SAR,H1c,95.098818741646,06.Cond1NCC_DFA1,X06_DFA_IGF_mu,1,1,0,Multi-Taxa DFA,FALSE,Positive (+),Supported
152693,logSAR,~,Abundance,0.342106970183158,0.127272188929232,2.68799470694562,0.00718825360822639,0.0926580636482866,0.59155587671803,DAG1B_short,CPUE -> SAR,H4a,95.098818741646,07.Cond2NCC_DFA1,X07_DFA_cpue_IntSprJunHW,1,1,0,Multi-Taxa DFA,FALSE,Positive (+),Supported
152693,logSAR,~,PreyAK,-0.653192592795019,0.142204377822422,-4.59333673686681,4.36214316135164e-6,-0.931908051770892,-0.374477133819145,DAG1B_short,PreyAK -> SAR,H1e,95.098818741646,12.ZooPreyAK_DFA1,X12_DFA_biomassEuphShelfSum,1,0,1,Multi-Taxa DFA,FALSE,Positive (+),Flipped
152693,logSAR,~,PredAK,-0.171389971318771,0.122546887997204,-1.39856649254676,0.161943020238592,-0.411577458210756,0.0687975155732133,DAG1B_short,PredAK -> SAR,H2c,95.098818741646,15.PredFishAK_b_1_smoothed,X15_salmonSharkBSAI_predAK,0,0,1,Single-Series Straggler,FALSE,Negative (-),NS
152701,Growth,~,PreyNCC,-0.946279175744328,0.0741817545849151,-12.7562253149611,0,-1.09167274304075,-0.800885608447905,DAG1B_short,PreyNCC -> Growth,H1a,91.1836891011222,05.ForageFishNCC_DFA1,X05_DFA_abundSardine,1,0,1,Multi-Taxa DFA,TRUE,Negative (-),Supported
152701,Abundance,~,PredNCC,-0.669796115977948,0.170351519391499,-3.93184703236274,8.42956995288358e-5,-1.0036789586969601,-0.335913273258934,DAG1B_short,PredNCC -> CPUE,H2a,91.1836891011222,09.PredFishNCC_b_DFA1,X09_DFA_HakeAge5Plus,1,0,1,Multi-Taxa DFA,FALSE,Negative (-),Supported
152701,logSAR,~,Growth,0.898024344805183,0.174820301432284,5.13684244591597,2.79392999624761e-7,0.55538285023147,1.2406658393789,DAG1B_short,Growth -> SAR,H1c,91.1836891011222,06.Cond1NCC_DFA1,X06_DFA_IGF_mu,1,1,0,Multi-Taxa DFA,FALSE,Positive (+),Supported
152701,logSAR,~,Abundance,0.300671074538042,0.10948324626113,2.74627474801859,0.00602762616258601,0.0860878549556973,0.515254294120386,DAG1B_short,CPUE -> SAR,H4a,91.1836891011222,07.Cond2NCC_DFA1,X07_DFA_cpue_IntSprJunHW,1,1,0,Multi-Taxa DFA,FALSE,Positive (+),Supported
152701,logSAR,~,PreyAK,-0.720150858194154,0.129113661919029,-5.57765032367979,2.43789086695756e-8,-0.973208985467531,-0.467092730920777,DAG1B_short,PreyAK -> SAR,H1e,91.1836891011222,12.ZooPreyAK_DFA1,X12_DFA_biomassEuphShelfSum,1,0,1,Multi-Taxa DFA,FALSE,Positive (+),Flipped
152701,logSAR,~,PredAK,-0.398181154191066,0.155484672309352,-2.5609029383864,0.010440051927125,-0.702925512065408,-0.0934367963167236,DAG1B_short,PredAK -> SAR,H2c,91.1836891011222,15.PredFishAK_b_3_smoothed,X15_sharkCatchGoA_predAK,1,0,1,Single-Series Straggler,FALSE,Negative (-),Supported
153029,Growth,~,PreyNCC,-0.946279175744328,0.0741817545849157,-12.756225314961,0,-1.09167274304075,-0.800885608447904,DAG1B_short,PreyNCC -> Growth,H1a,95.4225101374471,05.ForageFishNCC_DFA1,X05_DFA_abundSardine,1,0,1,Multi-Taxa DFA,TRUE,Negative (-),Supported
153029,Abundance,~,PredNCC,0.67047203479098,0.170211517107275,3.93905210520167,8.18041646235557e-5,0.336863591506799,1.00408047807516,DAG1B_short,PredNCC -> CPUE,H2a,95.4225101374471,08.PredBirdNCC_b_0_smoothed,X08_commonMurre_JSOES,1,1,0,Single-Series Straggler,FALSE,Negative (-),Flipped
153029,logSAR,~,Growth,-0.341868637258411,0.189118006863629,-1.80770008593063,0.0706531912233308,-0.712533119539123,0.0287958450223006,DAG1B_short,Growth -> SAR,H1c,95.4225101374471,06.Cond1NCC_DFA1,X06_DFA_IGF_mu,0,0,1,Multi-Taxa DFA,FALSE,Positive (+),NS
153029,logSAR,~,Abundance,0.145486307437312,0.128591517996844,1.13138338907301,0.257893759867259,-0.106548436553837,0.39752105142846,DAG1B_short,CPUE -> SAR,H4a,95.4225101374471,07.Cond2NCC_DFA1,X07_DFA_cpue_IntSprJunHW,0,1,0,Multi-Taxa DFA,FALSE,Positive (+),NS
153029,logSAR,~,PreyAK,-0.60800945810451,0.127620825636296,-4.76418684076894,1.89616747525712e-6,-0.858141680028916,-0.357877236180103,DAG1B_short,PreyAK -> SAR,H1e,95.4225101374471,12.ZooPreyAK_0_smoothed,X12_copepodBiomass_WGoA,1,0,1,Single-Series Straggler,FALSE,Positive (+),Flipped
153029,logSAR,~,PredAK,0.374805836098704,0.187741940764961,1.99638841790782,0.045891660521943,0.00683839381172807,0.74277327838568,DAG1B_short,PredAK -> SAR,H2c,95.4225101374471,10.PredMammalNCC_0_smoothed,X10_Californian_s_l_2yrLead_WS,1,1,0,Single-Series Straggler,FALSE,Negative (-),Flipped
153065,Growth,~,PreyNCC,-0.946279175744328,0.0741817545849155,-12.756225314961,0,-1.09167274304075,-0.800885608447904,DAG1B_short,PreyNCC -> Growth,H1a,94.7133790964133,05.ForageFishNCC_DFA1,X05_DFA_abundSardine,1,0,1,Multi-Taxa DFA,TRUE,Negative (-),Supported
153065,Abundance,~,PredNCC,0.67047203479098,0.170211517107275,3.93905210520167,8.18041646235557e-5,0.336863591506799,1.00408047807516,DAG1B_short,PredNCC -> CPUE,H2a,94.7133790964133,08.PredBirdNCC_b_0_smoothed,X08_commonMurre_JSOES,1,1,0,Single-Series Straggler,FALSE,Negative (-),Flipped
153065,logSAR,~,Growth,-0.336232680667566,0.223845556484508,-1.5020744032095,0.133077894623701,-0.774961909476528,0.102496548141395,DAG1B_short,Growth -> SAR,H1c,94.7133790964133,06.Cond1NCC_DFA1,X06_DFA_IGF_mu,0,0,1,Multi-Taxa DFA,FALSE,Positive (+),NS
153065,logSAR,~,Abundance,0.262222737426367,0.125451235222639,2.09023639313713,0.0365965698605033,0.0163428345739321,0.508102640278801,DAG1B_short,CPUE -> SAR,H4a,94.7133790964133,07.Cond2NCC_DFA1,X07_DFA_cpue_IntSprJunHW,1,1,0,Multi-Taxa DFA,FALSE,Positive (+),Supported
153065,logSAR,~,PreyAK,-0.590313585458718,0.121570878340682,-4.85571539431066,1.19952884625185e-6,-0.828588128575355,-0.352039042342081,DAG1B_short,PreyAK -> SAR,H1e,94.7133790964133,12.ZooPreyAK_0_smoothed,X12_copepodBiomass_WGoA,1,0,1,Single-Series Straggler,FALSE,Positive (+),Flipped
153065,logSAR,~,PredAK,-0.397220335681343,0.22058280252247,-1.80077653896377,0.0717381081443307,-0.829554684234296,0.035114012871609,DAG1B_short,PredAK -> SAR,H2c,94.7133790964133,15.PredFishAK_5_smoothed,X15_halibutBiomassAge8plus_2yrLead_predAK,0,0,1,Single-Series Straggler,FALSE,Negative (-),NS
153069,Growth,~,PreyNCC,-0.946279175744327,0.0741817545849163,-12.7562253149609,0,-1.09167274304075,-0.800885608447902,DAG1B_short,PreyNCC -> Growth,H1a,92.5956476343154,05.ForageFishNCC_DFA1,X05_DFA_abundSardine,1,0,1,Multi-Taxa DFA,TRUE,Negative (-),Supported
153069,Abundance,~,PredNCC,0.67047203479098,0.170211517107275,3.93905210520167,8.18041646235557e-5,0.336863591506799,1.00408047807516,DAG1B_short,PredNCC -> CPUE,H2a,92.5956476343154,08.PredBirdNCC_b_0_smoothed,X08_commonMurre_JSOES,1,1,0,Single-Series Straggler,FALSE,Negative (-),Flipped
153069,logSAR,~,Growth,-0.625531834776532,0.218463479348523,-2.86332450916704,0.00419220968024203,-1.05371238623695,-0.197351283316118,DAG1B_short,Growth -> SAR,H1c,92.5956476343154,06.Cond1NCC_DFA1,X06_DFA_IGF_mu,1,0,1,Multi-Taxa DFA,FALSE,Positive (+),Flipped
153069,logSAR,~,Abundance,0.180682317222662,0.119865589775646,1.50737436457659,0.131714725915006,-0.0542499217232556,0.41561455616858,DAG1B_short,CPUE -> SAR,H4a,92.5956476343154,07.Cond2NCC_DFA1,X07_DFA_cpue_IntSprJunHW,0,1,0,Multi-Taxa DFA,FALSE,Positive (+),NS
153069,logSAR,~,PreyAK,-0.354112136097531,0.160307361757379,-2.20895741914504,0.0271776027720685,-0.668308791598629,-0.0399154805964342,DAG1B_short,PreyAK -> SAR,H1e,92.5956476343154,12.ZooPreyAK_0_smoothed,X12_copepodBiomass_WGoA,1,0,1,Single-Series Straggler,FALSE,Positive (+),Flipped
153069,logSAR,~,PredAK,-0.783466409950577,0.253297535377464,-3.09306763993205,0.00198098978102701,-1.27992045666317,-0.287012363237988,DAG1B_short,PredAK -> SAR,H2c,92.5956476343154,15.PredFishAK_b_DFA1,X15_DFA_sleeperSharks,1,0,1,Multi-Taxa DFA,FALSE,Negative (-),Supported
153197,Growth,~,PreyNCC,-0.946279175744328,0.0741817545849177,-12.7562253149607,0,-1.09167274304076,-0.8008856084479,DAG1B_short,PreyNCC -> Growth,H1a,95.4871939674106,05.ForageFishNCC_DFA1,X05_DFA_abundSardine,1,0,1,Multi-Taxa DFA,TRUE,Negative (-),Supported
153197,Abundance,~,PredNCC,0.599206386426604,0.183668996676884,3.26242532636439,0.00110463270974148,0.239221767863304,0.959191004989903,DAG1B_short,PredNCC -> CPUE,H2a,95.4871939674106,08.PredBirdNCC_b_2_smoothed,X08_Loons_8_WS,1,1,0,Single-Series Straggler,FALSE,Negative (-),Flipped
153197,logSAR,~,Growth,-0.625531834776532,0.205920278245807,-3.0377379056852,0.00238361170134804,-1.02912816382478,-0.221935505728284,DAG1B_short,Growth -> SAR,H1c,95.4871939674106,06.Cond1NCC_DFA1,X06_DFA_IGF_mu,1,0,1,Multi-Taxa DFA,FALSE,Positive (+),Flipped
153197,logSAR,~,Abundance,0.180682317222662,0.107710763352997,1.6774768982977,0.0934492632243487,-0.0304268996965281,0.391791534141853,DAG1B_short,CPUE -> SAR,H4a,95.4871939674106,07.Cond2NCC_DFA1,X07_DFA_cpue_IntSprJunHW,0,1,0,Multi-Taxa DFA,FALSE,Positive (+),NS
153197,logSAR,~,PreyAK,-0.354112136097531,0.159715900279841,-2.21713765177472,0.0266136865571514,-0.66714954840441,-0.0410747237906531,DAG1B_short,PreyAK -> SAR,H1e,95.4871939674106,12.ZooPreyAK_0_smoothed,X12_copepodBiomass_WGoA,1,0,1,Single-Series Straggler,FALSE,Positive (+),Flipped
153197,logSAR,~,PredAK,-0.783466409950578,0.251439688037536,-3.11592181833131,0.00183370881410716,-1.27627914278814,-0.29065367711302,DAG1B_short,PredAK -> SAR,H2c,95.4871939674106,15.PredFishAK_b_DFA1,X15_DFA_sleeperSharks,1,0,1,Multi-Taxa DFA,FALSE,Negative (-),Supported
153285,Growth,~,PreyNCC,-0.946279175744328,0.0741817545849154,-12.7562253149611,0,-1.09167274304075,-0.800885608447904,DAG1B_short,PreyNCC -> Growth,H1a,95.4537530295407,05.ForageFishNCC_DFA1,X05_DFA_abundSardine,1,0,1,Multi-Taxa DFA,TRUE,Negative (-),Supported
153285,Abundance,~,PredNCC,-0.669796115977948,0.170351519391499,-3.93184703236272,8.42956995288358e-5,-1.0036789586969601,-0.335913273258933,DAG1B_short,PredNCC -> CPUE,H2a,95.4537530295407,09.PredFishNCC_b_DFA1,X09_DFA_HakeAge5Plus,1,0,1,Multi-Taxa DFA,FALSE,Negative (-),Supported
153285,logSAR,~,Growth,-0.341868637258411,0.187648865214357,-1.82185294255781,0.0684773020964276,-0.709653654818362,0.0259163803015399,DAG1B_short,Growth -> SAR,H1c,95.4537530295407,06.Cond1NCC_DFA1,X06_DFA_IGF_mu,0,0,1,Multi-Taxa DFA,FALSE,Positive (+),NS
153285,logSAR,~,Abundance,0.145486307437312,0.133725955544307,1.08794367439841,0.276619973908192,-0.116611749227733,0.407584364102357,DAG1B_short,CPUE -> SAR,H4a,95.4537530295407,07.Cond2NCC_DFA1,X07_DFA_cpue_IntSprJunHW,0,1,0,Multi-Taxa DFA,FALSE,Positive (+),NS
153285,logSAR,~,PreyAK,-0.60800945810451,0.134378916639001,-4.5245896701034,6.05127930008997e-6,-0.871387294998462,-0.344631621210558,DAG1B_short,PreyAK -> SAR,H1e,95.4537530295407,12.ZooPreyAK_0_smoothed,X12_copepodBiomass_WGoA,1,0,1,Single-Series Straggler,FALSE,Positive (+),Flipped
153285,logSAR,~,PredAK,0.374805836098704,0.19017362873328,1.97086125239989,0.0487397482094973,0.00207237297218432,0.747539299225224,DAG1B_short,PredAK -> SAR,H2c,95.4537530295407,10.PredMammalNCC_0_smoothed,X10_Californian_s_l_2yrLead_WS,1,1,0,Single-Series Straggler,FALSE,Negative (-),Flipped
153321,Growth,~,PreyNCC,-0.946279175744328,0.0741817545849151,-12.7562253149611,0,-1.09167274304075,-0.800885608447906,DAG1B_short,PreyNCC -> Growth,H1a,94.7446219885071,05.ForageFishNCC_DFA1,X05_DFA_abundSardine,1,0,1,Multi-Taxa DFA,TRUE,Negative (-),Supported
153321,Abundance,~,PredNCC,-0.669796115977948,0.170351519391499,-3.93184703236273,8.42956995288358e-5,-1.0036789586969601,-0.335913273258933,DAG1B_short,PredNCC -> CPUE,H2a,94.7446219885071,09.PredFishNCC_b_DFA1,X09_DFA_HakeAge5Plus,1,0,1,Multi-Taxa DFA,FALSE,Negative (-),Supported
153321,logSAR,~,Growth,-0.336232680667566,0.215869495906912,-1.55757384458134,0.119334302900562,-0.759329118005931,0.0868637566707987,DAG1B_short,Growth -> SAR,H1c,94.7446219885071,06.Cond1NCC_DFA1,X06_DFA_IGF_mu,0,0,1,Multi-Taxa DFA,FALSE,Positive (+),NS
153321,logSAR,~,Abundance,0.262222737426367,0.129212327228667,2.02939412245329,0.0424181632919605,0.00897122969957648,0.515474245153158,DAG1B_short,CPUE -> SAR,H4a,94.7446219885071,07.Cond2NCC_DFA1,X07_DFA_cpue_IntSprJunHW,1,1,0,Multi-Taxa DFA,FALSE,Positive (+),Supported
153321,logSAR,~,PreyAK,-0.590313585458719,0.132366236434775,-4.45969909969907,8.20747987240189e-6,-0.849746641639991,-0.330880529277447,DAG1B_short,PreyAK -> SAR,H1e,94.7446219885071,12.ZooPreyAK_0_smoothed,X12_copepodBiomass_WGoA,1,0,1,Single-Series Straggler,FALSE,Positive (+),Flipped
153321,logSAR,~,PredAK,-0.397220335681344,0.221302469670839,-1.79492048268671,0.0726663700035022,-0.830965205925956,0.0365245345632679,DAG1B_short,PredAK -> SAR,H2c,94.7446219885071,15.PredFishAK_5_smoothed,X15_halibutBiomassAge8plus_2yrLead_predAK,0,0,1,Single-Series Straggler,FALSE,Negative (-),NS
153325,Growth,~,PreyNCC,-0.946279175744328,0.0741817545849166,-12.7562253149609,0,-1.09167274304075,-0.800885608447902,DAG1B_short,PreyNCC -> Growth,H1a,92.626890526409,05.ForageFishNCC_DFA1,X05_DFA_abundSardine,1,0,1,Multi-Taxa DFA,TRUE,Negative (-),Supported
153325,Abundance,~,PredNCC,-0.669796115977948,0.170351519391499,-3.93184703236274,8.42956995288358e-5,-1.0036789586969601,-0.335913273258934,DAG1B_short,PredNCC -> CPUE,H2a,92.626890526409,09.PredFishNCC_b_DFA1,X09_DFA_HakeAge5Plus,1,0,1,Multi-Taxa DFA,FALSE,Negative (-),Supported
153325,logSAR,~,Growth,-0.625531834776531,0.217061725226779,-2.88181545651587,0.00395391230739839,-1.05096499864315,-0.200098670909916,DAG1B_short,Growth -> SAR,H1c,92.626890526409,06.Cond1NCC_DFA1,X06_DFA_IGF_mu,1,0,1,Multi-Taxa DFA,FALSE,Positive (+),Flipped
153325,logSAR,~,Abundance,0.180682317222662,0.124285398841699,1.45376946050433,0.146010233106261,-0.0629125883112644,0.424277222756589,DAG1B_short,CPUE -> SAR,H4a,92.626890526409,07.Cond2NCC_DFA1,X07_DFA_cpue_IntSprJunHW,0,1,0,Multi-Taxa DFA,FALSE,Positive (+),NS
153325,logSAR,~,PreyAK,-0.354112136097532,0.162791481463602,-2.17524979141311,0.0296114027816476,-0.673177576756112,-0.0350466954389522,DAG1B_short,PreyAK -> SAR,H1e,92.626890526409,12.ZooPreyAK_0_smoothed,X12_copepodBiomass_WGoA,1,0,1,Single-Series Straggler,FALSE,Positive (+),Flipped
153325,logSAR,~,PredAK,-0.783466409950577,0.255824510288807,-3.06251503839918,0.00219485446692835,-1.28487323647924,-0.282059583421919,DAG1B_short,PredAK -> SAR,H2c,92.626890526409,15.PredFishAK_b_DFA1,X15_DFA_sleeperSharks,1,0,1,Multi-Taxa DFA,FALSE,Negative (-),Supported
153709,Growth,~,PreyNCC,-0.94627917574433,0.0741817545849158,-12.756225314961,0,-1.09167274304075,-0.800885608447906,DAG1B_short,PreyNCC -> Growth,H1a,89.7787868976234,05.ForageFishNCC_DFA1,X05_DFA_abundSardine,1,0,1,Multi-Taxa DFA,TRUE,Negative (-),Supported
153709,Abundance,~,PredNCC,0.67047203479098,0.170211517107275,3.93905210520167,8.18041646235557e-5,0.336863591506799,1.00408047807516,DAG1B_short,PredNCC -> CPUE,H2a,89.7787868976234,08.PredBirdNCC_b_0_smoothed,X08_commonMurre_JSOES,1,1,0,Single-Series Straggler,FALSE,Negative (-),Flipped
153709,logSAR,~,Growth,-1.26501755619733,0.189721040926039,-6.66777680547559,2.59707810812415e-11,-1.63686396352181,-0.893171148872843,DAG1B_short,Growth -> SAR,H1c,89.7787868976234,06.Cond1NCC_DFA1,X06_DFA_IGF_mu,1,0,1,Multi-Taxa DFA,FALSE,Positive (+),Flipped
153709,logSAR,~,Abundance,0.270383525408506,0.112933865705973,2.39417577462954,0.016657763646488,0.0490372159899157,0.491729834827095,DAG1B_short,CPUE -> SAR,H4a,89.7787868976234,07.Cond2NCC_DFA1,X07_DFA_cpue_IntSprJunHW,1,1,0,Multi-Taxa DFA,FALSE,Positive (+),Supported
153709,logSAR,~,PreyAK,0.372099226430515,0.128053847442378,2.9058027842385,0.0036631224770618,0.121118297361667,0.623080155499363,DAG1B_short,PreyAK -> SAR,H1e,89.7787868976234,12.ZooPreyAK_1_smoothed,X12_copepodCom_EGoA,1,1,0,Single-Series Straggler,FALSE,Positive (+),Supported
153709,logSAR,~,PredAK,-1.38567925964631,0.164690488257147,-8.41383904019223,0,-1.70846668522663,-1.06289183406598,DAG1B_short,PredAK -> SAR,H2c,89.7787868976234,15.PredFishAK_b_DFA1,X15_DFA_sleeperSharks,1,0,1,Multi-Taxa DFA,FALSE,Negative (-),Supported
153837,Growth,~,PreyNCC,-0.946279175744328,0.0741817545849166,-12.7562253149609,0,-1.09167274304075,-0.800885608447902,DAG1B_short,PreyNCC -> Growth,H1a,92.6703332307186,05.ForageFishNCC_DFA1,X05_DFA_abundSardine,1,0,1,Multi-Taxa DFA,TRUE,Negative (-),Supported
153837,Abundance,~,PredNCC,0.599206386426604,0.183668996676884,3.26242532636439,0.00110463270974148,0.239221767863304,0.959191004989903,DAG1B_short,PredNCC -> CPUE,H2a,92.6703332307186,08.PredBirdNCC_b_2_smoothed,X08_Loons_8_WS,1,1,0,Single-Series Straggler,FALSE,Negative (-),Flipped
153837,logSAR,~,Growth,-1.26501755619733,0.178526811634614,-7.08586875335232,1.38178357644847e-12,-1.61492367727594,-0.915111435118718,DAG1B_short,Growth -> SAR,H1c,92.6703332307186,06.Cond1NCC_DFA1,X06_DFA_IGF_mu,1,0,1,Multi-Taxa DFA,FALSE,Positive (+),Flipped
153837,logSAR,~,Abundance,0.270383525408504,0.10052369694857,2.6897491200193002,0.00715057535796615,0.073360699796487,0.467406351020521,DAG1B_short,CPUE -> SAR,H4a,92.6703332307186,07.Cond2NCC_DFA1,X07_DFA_cpue_IntSprJunHW,1,1,0,Multi-Taxa DFA,FALSE,Positive (+),Supported
153837,logSAR,~,PreyAK,0.372099226430516,0.126376696719567,2.94436582130496,0.00323617236047924,0.124405452375023,0.619793000486009,DAG1B_short,PreyAK -> SAR,H1e,92.6703332307186,12.ZooPreyAK_1_smoothed,X12_copepodCom_EGoA,1,1,0,Single-Series Straggler,FALSE,Positive (+),Supported
153837,logSAR,~,PredAK,-1.38567925964631,0.159067094769005,-8.71128791066798,0,-1.69744503651898,-1.07391348277364,DAG1B_short,PredAK -> SAR,H2c,92.6703332307186,15.PredFishAK_b_DFA1,X15_DFA_sleeperSharks,1,0,1,Multi-Taxa DFA,FALSE,Negative (-),Supported
153965,Growth,~,PreyNCC,-0.946279175744328,0.0741817545849154,-12.7562253149611,0,-1.09167274304075,-0.800885608447904,DAG1B_short,PreyNCC -> Growth,H1a,89.8100297897172,05.ForageFishNCC_DFA1,X05_DFA_abundSardine,1,0,1,Multi-Taxa DFA,TRUE,Negative (-),Supported
153965,Abundance,~,PredNCC,-0.669796115977948,0.170351519391499,-3.93184703236273,8.42956995288358e-5,-1.0036789586969601,-0.335913273258934,DAG1B_short,PredNCC -> CPUE,H2a,89.8100297897172,09.PredFishNCC_b_DFA1,X09_DFA_HakeAge5Plus,1,0,1,Multi-Taxa DFA,FALSE,Negative (-),Supported
153965,logSAR,~,Growth,-1.26501755619733,0.19375610062925,-6.528917293902,6.624678583477819e-11,-1.64477253521558,-0.885262577179079,DAG1B_short,Growth -> SAR,H1c,89.8100297897172,06.Cond1NCC_DFA1,X06_DFA_IGF_mu,1,0,1,Multi-Taxa DFA,FALSE,Positive (+),Flipped
153965,logSAR,~,Abundance,0.270383525408504,0.113903816992798,2.37378810075874,0.0176066514743531,0.0471361464009793,0.493630904416028,DAG1B_short,CPUE -> SAR,H4a,89.8100297897172,07.Cond2NCC_DFA1,X07_DFA_cpue_IntSprJunHW,1,1,0,Multi-Taxa DFA,FALSE,Positive (+),Supported
153965,logSAR,~,PreyAK,0.372099226430516,0.126490916722146,2.94170708911756,0.00326408511630638,0.124181585283654,0.620016867577378,DAG1B_short,PreyAK -> SAR,H1e,89.8100297897172,12.ZooPreyAK_1_smoothed,X12_copepodCom_EGoA,1,1,0,Single-Series Straggler,FALSE,Positive (+),Supported
153965,logSAR,~,PredAK,-1.38567925964631,0.17625299103535,-7.86187656451396,3.774758283725531e-15,-1.73112877424306,-1.04022974504956,DAG1B_short,PredAK -> SAR,H2c,89.8100297897172,15.PredFishAK_b_DFA1,X15_DFA_sleeperSharks,1,0,1,Multi-Taxa DFA,FALSE,Negative (-),Supported
154329,Growth,~,PreyNCC,-0.946279175744328,0.0741817545849154,-12.7562253149611,0,-1.09167274304075,-0.800885608447905,DAG1B_short,PreyNCC -> Growth,H1a,94.2035888805057,05.ForageFishNCC_DFA1,X05_DFA_abundSardine,1,0,1,Multi-Taxa DFA,TRUE,Negative (-),Supported
154329,Abundance,~,PredNCC,0.67047203479098,0.170211517107274,3.93905210520168,8.18041646235557e-5,0.336863591506799,1.00408047807516,DAG1B_short,PredNCC -> CPUE,H2a,94.2035888805057,08.PredBirdNCC_b_0_smoothed,X08_commonMurre_JSOES,1,1,0,Single-Series Straggler,FALSE,Negative (-),Flipped
154329,logSAR,~,Growth,0.616058256572841,0.148159029964059,4.15808781093051,3.20922668517465e-5,0.325671893858896,0.906444619286787,DAG1B_short,Growth -> SAR,H1c,94.2035888805057,06.Cond1NCC_DFA1,X06_DFA_IGF_mu,1,1,0,Multi-Taxa DFA,FALSE,Positive (+),Supported
154329,logSAR,~,Abundance,0.194582273877148,0.124424938837724,1.56385267852873,0.117852169777316,-0.0492861250233898,0.438450672777686,DAG1B_short,CPUE -> SAR,H4a,94.2035888805057,07.Cond2NCC_DFA1,X07_DFA_cpue_IntSprJunHW,0,1,0,Multi-Taxa DFA,FALSE,Positive (+),NS
154329,logSAR,~,PreyAK,-1.21721733565568,0.235780436111151,-5.16250353817255,2.43668767829774e-7,-1.67933849869269,-0.75509617261868,DAG1B_short,PreyAK -> SAR,H1e,94.2035888805057,12.ZooPreyAK_2_smoothed,X12_copepodCom_WGoA,1,0,1,Single-Series Straggler,FALSE,Positive (+),Flipped
154329,logSAR,~,PredAK,0.930154707430443,0.187657802488369,4.95665352091124,7.17177031095417e-7,0.562352173135308,1.29795724172558,DAG1B_short,PredAK -> SAR,H2c,94.2035888805057,15.PredFishAK_1_smoothed,X15_sablefishBiomass_predAK,1,1,0,Single-Series Straggler,FALSE,Negative (-),Flipped
154585,Growth,~,PreyNCC,-0.946279175744328,0.0741817545849153,-12.7562253149611,0,-1.09167274304075,-0.800885608447905,DAG1B_short,PreyNCC -> Growth,H1a,94.2348317725993,05.ForageFishNCC_DFA1,X05_DFA_abundSardine,1,0,1,Multi-Taxa DFA,TRUE,Negative (-),Supported
154585,Abundance,~,PredNCC,-0.669796115977948,0.170351519391499,-3.93184703236274,8.42956995288358e-5,-1.0036789586969601,-0.335913273258934,DAG1B_short,PredNCC -> CPUE,H2a,94.2348317725993,09.PredFishNCC_b_DFA1,X09_DFA_HakeAge5Plus,1,0,1,Multi-Taxa DFA,FALSE,Negative (-),Supported
154585,logSAR,~,Growth,0.616058256572841,0.151149546802753,4.07581940934818,4.58525947808486e-5,0.319810588559895,0.912305924585788,DAG1B_short,Growth -> SAR,H1c,94.2348317725993,06.Cond1NCC_DFA1,X06_DFA_IGF_mu,1,1,0,Multi-Taxa DFA,FALSE,Positive (+),Supported
154585,logSAR,~,Abundance,0.194582273877148,0.129015000954162,1.50821433506233,0.131499679575107,-0.0582824814584103,0.447447029212706,DAG1B_short,CPUE -> SAR,H4a,94.2348317725993,07.Cond2NCC_DFA1,X07_DFA_cpue_IntSprJunHW,0,1,0,Multi-Taxa DFA,FALSE,Positive (+),NS
154585,logSAR,~,PreyAK,-1.21721733565568,0.25012841836955,-4.86636961761505,1.13666850398708e-6,-1.70746002716997,-0.726974644141399,DAG1B_short,PreyAK -> SAR,H1e,94.2348317725993,12.ZooPreyAK_2_smoothed,X12_copepodCom_WGoA,1,0,1,Single-Series Straggler,FALSE,Positive (+),Flipped
154585,logSAR,~,PredAK,0.930154707430443,0.189159392821466,4.91730647659854,8.77431267198858e-7,0.559409110162905,1.30090030469798,DAG1B_short,PredAK -> SAR,H2c,94.2348317725993,15.PredFishAK_1_smoothed,X15_sablefishBiomass_predAK,1,1,0,Single-Series Straggler,FALSE,Negative (-),Flipped
155609,Growth,~,PreyNCC,-0.946279175744328,0.0741817545849154,-12.7562253149611,0,-1.09167274304075,-0.800885608447904,DAG1B_short,PreyNCC -> Growth,H1a,88.6498190572069,05.ForageFishNCC_DFA1,X05_DFA_abundSardine,1,0,1,Multi-Taxa DFA,TRUE,Negative (-),Supported
155609,Abundance,~,PredNCC,0.67047203479098,0.170211517107275,3.93905210520166,8.18041646235557e-5,0.336863591506798,1.00408047807516,DAG1B_short,PredNCC -> CPUE,H2a,88.6498190572069,08.PredBirdNCC_b_0_smoothed,X08_commonMurre_JSOES,1,1,0,Single-Series Straggler,FALSE,Negative (-),Flipped
155609,logSAR,~,Growth,-0.103133474923933,0.108267321833859,-0.952581750218183,0.340802027451462,-0.315333526420903,0.109066576573038,DAG1B_short,Growth -> SAR,H1c,88.6498190572069,06.Cond1NCC_DFA1,X06_DFA_IGF_mu,0,0,1,Multi-Taxa DFA,FALSE,Positive (+),NS
155609,logSAR,~,Abundance,0.338948923599037,0.106387374784471,3.18598822732218,0.00144260467412827,0.130433500611709,0.547464346586365,DAG1B_short,CPUE -> SAR,H4a,88.6498190572069,07.Cond2NCC_DFA1,X07_DFA_cpue_IntSprJunHW,1,1,0,Multi-Taxa DFA,FALSE,Positive (+),Supported
155609,logSAR,~,PreyAK,-0.927279533587839,0.138782046439174,-6.68155253060235,2.3642421353997598e-11,-1.19928734630939,-0.655271720866291,DAG1B_short,PreyAK -> SAR,H1e,88.6498190572069,13.FishPreyAK_b_DFA1,X13_DFA_WGOA_DFA_seabirds,1,0,1,Multi-Taxa DFA,FALSE,Positive (+),Flipped
155609,logSAR,~,PredAK,0.820359051521626,0.140053535882769,5.85746762015564,4.69978411743455e-9,0.545859165283911,1.09485893775934,DAG1B_short,PredAK -> SAR,H2c,88.6498190572069,15.PredFishAK_1_smoothed,X15_sablefishBiomass_predAK,1,1,0,Single-Series Straggler,FALSE,Negative (-),Flipped
155737,Growth,~,PreyNCC,-0.946279175744328,0.0741817545849154,-12.7562253149611,0,-1.09167274304075,-0.800885608447904,DAG1B_short,PreyNCC -> Growth,H1a,91.5413653903022,05.ForageFishNCC_DFA1,X05_DFA_abundSardine,1,0,1,Multi-Taxa DFA,TRUE,Negative (-),Supported
155737,Abundance,~,PredNCC,0.599206386426604,0.183668996676884,3.26242532636439,0.00110463270974148,0.239221767863304,0.959191004989903,DAG1B_short,PredNCC -> CPUE,H2a,91.5413653903022,08.PredBirdNCC_b_2_smoothed,X08_Loons_8_WS,1,1,0,Single-Series Straggler,FALSE,Negative (-),Flipped
155737,logSAR,~,Growth,-0.103133474923933,0.101073572155578,-1.02038023119619,0.307548165782956,-0.301234036137675,0.0949670862898098,DAG1B_short,Growth -> SAR,H1c,91.5413653903022,06.Cond1NCC_DFA1,X06_DFA_IGF_mu,0,0,1,Multi-Taxa DFA,FALSE,Positive (+),NS
155737,logSAR,~,Abundance,0.338948923599037,0.0967041254274736,3.50500996830009,4.5659018726285e-4,0.149412320604745,0.528485526593329,DAG1B_short,CPUE -> SAR,H4a,91.5413653903022,07.Cond2NCC_DFA1,X07_DFA_cpue_IntSprJunHW,1,1,0,Multi-Taxa DFA,FALSE,Positive (+),Supported
155737,logSAR,~,PreyAK,-0.927279533587839,0.13466068774951,-6.88604483672864,5.73652236823818e-12,-1.19120963171027,-0.663349435465406,DAG1B_short,PreyAK -> SAR,H1e,91.5413653903022,13.FishPreyAK_b_DFA1,X13_DFA_WGOA_DFA_seabirds,1,0,1,Multi-Taxa DFA,FALSE,Positive (+),Flipped
155737,logSAR,~,PredAK,0.820359051521626,0.139617644035543,5.87575486743485,4.20920809318659e-9,0.546713497605629,1.09400460543762,DAG1B_short,PredAK -> SAR,H2c,91.5413653903022,15.PredFishAK_1_smoothed,X15_sablefishBiomass_predAK,1,1,0,Single-Series Straggler,FALSE,Negative (-),Flipped
155865,Growth,~,PreyNCC,-0.946279175744328,0.0741817545849163,-12.7562253149609,0,-1.09167274304075,-0.800885608447903,DAG1B_short,PreyNCC -> Growth,H1a,88.6810619493006,05.ForageFishNCC_DFA1,X05_DFA_abundSardine,1,0,1,Multi-Taxa DFA,TRUE,Negative (-),Supported
155865,Abundance,~,PredNCC,-0.669796115977948,0.170351519391499,-3.93184703236273,8.42956995288358e-5,-1.0036789586969601,-0.335913273258933,DAG1B_short,PredNCC -> CPUE,H2a,88.6810619493006,09.PredFishNCC_b_DFA1,X09_DFA_HakeAge5Plus,1,0,1,Multi-Taxa DFA,FALSE,Negative (-),Supported
155865,logSAR,~,Growth,-0.103133474923932,0.103885758365549,-0.992758550801836,0.320827633772721,-0.306745819827038,0.100478869979174,DAG1B_short,Growth -> SAR,H1c,88.6810619493006,06.Cond1NCC_DFA1,X06_DFA_IGF_mu,0,0,1,Multi-Taxa DFA,FALSE,Positive (+),NS
155865,logSAR,~,Abundance,0.338948923599035,0.112419244223294,3.0150436069984,0.00256942311126807,0.118611253752166,0.559286593445904,DAG1B_short,CPUE -> SAR,H4a,88.6810619493006,07.Cond2NCC_DFA1,X07_DFA_cpue_IntSprJunHW,1,1,0,Multi-Taxa DFA,FALSE,Positive (+),Supported
155865,logSAR,~,PreyAK,-0.927279533587837,0.15003975709429,-6.18022550519797,6.40101083249078e-10,-1.22135205374178,-0.633207013433891,DAG1B_short,PreyAK -> SAR,H1e,88.6810619493006,13.FishPreyAK_b_DFA1,X13_DFA_WGOA_DFA_seabirds,1,0,1,Multi-Taxa DFA,FALSE,Positive (+),Flipped
155865,logSAR,~,PredAK,0.820359051521627,0.140971776661199,5.81931412763009,5.9089593218431e-9,0.544059446429053,1.0966586566142,DAG1B_short,PredAK -> SAR,H2c,88.6810619493006,15.PredFishAK_1_smoothed,X15_sablefishBiomass_predAK,1,1,0,Single-Series Straggler,FALSE,Negative (-),Flipped
156909,Growth,~,PreyNCC,-0.946279175744324,0.0741817545849175,-12.7562253149607,0,-1.09167274304075,-0.800885608447897,DAG1B_short,PreyNCC -> Growth,H1a,87.6284523849696,05.ForageFishNCC_DFA1,X05_DFA_abundSardine,1,0,1,Multi-Taxa DFA,TRUE,Negative (-),Supported
156909,Abundance,~,PredNCC,0.67047203479098,0.170211517107275,3.93905210520167,8.18041646235557e-5,0.336863591506798,1.00408047807516,DAG1B_short,PredNCC -> CPUE,H2a,87.6284523849696,08.PredBirdNCC_b_0_smoothed,X08_commonMurre_JSOES,1,1,0,Single-Series Straggler,FALSE,Negative (-),Flipped
156909,logSAR,~,Growth,-0.789108903377088,0.166259277499675,-4.74625485713802,2.07217592396169e-6,-1.1149710993721,-0.463246707382075,DAG1B_short,Growth -> SAR,H1c,87.6284523849696,06.Cond1NCC_DFA1,X06_DFA_IGF_mu,1,0,1,Multi-Taxa DFA,FALSE,Positive (+),Flipped
156909,logSAR,~,Abundance,0.341438264591872,0.104467119306779,3.26838020285793,0.00108164956618406,0.136686473181937,0.546190056001807,DAG1B_short,CPUE -> SAR,H4a,87.6284523849696,07.Cond2NCC_DFA1,X07_DFA_cpue_IntSprJunHW,1,1,0,Multi-Taxa DFA,FALSE,Positive (+),Supported
156909,logSAR,~,PreyAK,0.365414744762409,0.103390280580755,3.53432394911623,4.0881968066841e-4,0.162773518472638,0.568055971052179,DAG1B_short,PreyAK -> SAR,H1e,87.6284523849696,13.FishPreyAK_b_1_smoothed,X13_gadid_WAI,1,1,0,Single-Series Straggler,FALSE,Positive (+),Supported
156909,logSAR,~,PredAK,-1.29844681698632,0.164696280525017,-7.88388670859563,3.1086244689504403e-15,-1.62124559520305,-0.975648038769578,DAG1B_short,PredAK -> SAR,H2c,87.6284523849696,15.PredFishAK_b_DFA1,X15_DFA_sleeperSharks,1,0,1,Multi-Taxa DFA,FALSE,Negative (-),Supported
157037,Growth,~,PreyNCC,-0.946279175744328,0.0741817545849154,-12.7562253149611,0,-1.09167274304075,-0.800885608447904,DAG1B_short,PreyNCC -> Growth,H1a,90.5199987180649,05.ForageFishNCC_DFA1,X05_DFA_abundSardine,1,0,1,Multi-Taxa DFA,TRUE,Negative (-),Supported
157037,Abundance,~,PredNCC,0.599206386426604,0.183668996676884,3.2624253263644,0.00110463270974148,0.239221767863305,0.959191004989902,DAG1B_short,PredNCC -> CPUE,H2a,90.5199987180649,08.PredBirdNCC_b_2_smoothed,X08_Loons_8_WS,1,1,0,Single-Series Straggler,FALSE,Negative (-),Flipped
157037,logSAR,~,Growth,-0.789108903377088,0.148957720364119,-5.29753611594052,1.17375694941302e-7,-1.08106067050995,-0.497157136244227,DAG1B_short,Growth -> SAR,H1c,90.5199987180649,06.Cond1NCC_DFA1,X06_DFA_IGF_mu,1,0,1,Multi-Taxa DFA,FALSE,Positive (+),Flipped
157037,logSAR,~,Abundance,0.341438264591871,0.0947759393386028,3.60258380950493,3.1506976863426e-4,0.155680836887257,0.527195692296486,DAG1B_short,CPUE -> SAR,H4a,90.5199987180649,07.Cond2NCC_DFA1,X07_DFA_cpue_IntSprJunHW,1,1,0,Multi-Taxa DFA,FALSE,Positive (+),Supported
157037,logSAR,~,PreyAK,0.365414744762409,0.103998793750283,3.51364406821704,4.4200464937338e-4,0.161580854576245,0.569248634948572,DAG1B_short,PreyAK -> SAR,H1e,90.5199987180649,13.FishPreyAK_b_1_smoothed,X13_gadid_WAI,1,1,0,Single-Series Straggler,FALSE,Positive (+),Supported
157037,logSAR,~,PredAK,-1.29844681698632,0.158595558432926,-8.18715750816856,2.2204460492503099e-16,-1.60928839962287,-0.987605234349764,DAG1B_short,PredAK -> SAR,H2c,90.5199987180649,15.PredFishAK_b_DFA1,X15_DFA_sleeperSharks,1,0,1,Multi-Taxa DFA,FALSE,Negative (-),Supported
157165,Growth,~,PreyNCC,-0.94627917574433,0.0741817545849175,-12.7562253149607,0,-1.09167274304076,-0.800885608447903,DAG1B_short,PreyNCC -> Growth,H1a,87.6596952770633,05.ForageFishNCC_DFA1,X05_DFA_abundSardine,1,0,1,Multi-Taxa DFA,TRUE,Negative (-),Supported
157165,Abundance,~,PredNCC,-0.669796115977948,0.170351519391499,-3.93184703236272,8.42956995288358e-5,-1.0036789586969601,-0.335913273258933,DAG1B_short,PredNCC -> CPUE,H2a,87.6596952770633,09.PredFishNCC_b_DFA1,X09_DFA_HakeAge5Plus,1,0,1,Multi-Taxa DFA,FALSE,Negative (-),Supported
157165,logSAR,~,Growth,-0.789108903377089,0.168520157643324,-4.68257871587833,2.83288346447641e-6,-1.11940234302702,-0.458815463727162,DAG1B_short,Growth -> SAR,H1c,87.6596952770633,06.Cond1NCC_DFA1,X06_DFA_IGF_mu,1,0,1,Multi-Taxa DFA,FALSE,Positive (+),Flipped
157165,logSAR,~,Abundance,0.34143826459187,0.106891105432687,3.19426263962518,0.00140188514279083,0.131935547676129,0.550940981507611,DAG1B_short,CPUE -> SAR,H4a,87.6596952770633,07.Cond2NCC_DFA1,X07_DFA_cpue_IntSprJunHW,1,1,0,Multi-Taxa DFA,FALSE,Positive (+),Supported
157165,logSAR,~,PreyAK,0.365414744762409,0.103608238015283,3.52688890152256,4.2047315603399e-4,0.162346329750801,0.568483159774017,DAG1B_short,PreyAK -> SAR,H1e,87.6596952770633,13.FishPreyAK_b_1_smoothed,X13_gadid_WAI,1,1,0,Single-Series Straggler,FALSE,Positive (+),Supported
157165,logSAR,~,PredAK,-1.29844681698632,0.173657386885144,-7.47706066684685,7.593925488436071e-14,-1.63880904093054,-0.958084593042095,DAG1B_short,PredAK -> SAR,H2c,87.6596952770633,15.PredFishAK_b_DFA1,X15_DFA_sleeperSharks,1,0,1,Multi-Taxa DFA,FALSE,Negative (-),Supported
158189,Growth,~,PreyNCC,-0.946279175744328,0.0741817545849152,-12.7562253149611,0,-1.09167274304075,-0.800885608447905,DAG1B_short,PreyNCC -> Growth,H1a,95.3528988395756,05.ForageFishNCC_DFA1,X05_DFA_abundSardine,1,0,1,Multi-Taxa DFA,TRUE,Negative (-),Supported
158189,Abundance,~,PredNCC,0.67047203479098,0.170211517107275,3.93905210520167,8.18041646235557e-5,0.336863591506799,1.00408047807516,DAG1B_short,PredNCC -> CPUE,H2a,95.3528988395756,08.PredBirdNCC_b_0_smoothed,X08_commonMurre_JSOES,1,1,0,Single-Series Straggler,FALSE,Negative (-),Flipped
158189,logSAR,~,Growth,-0.89831022969042,0.203704039901307,-4.40987930394333,1.0342824899201e-5,-1.29756281140229,-0.499057647978549,DAG1B_short,Growth -> SAR,H1c,95.3528988395756,06.Cond1NCC_DFA1,X06_DFA_IGF_mu,1,0,1,Multi-Taxa DFA,FALSE,Positive (+),Flipped
158189,logSAR,~,Abundance,0.294088329541644,0.12863974777475,2.2861388849782,0.022246134759405,0.0419590569228174,0.546217602160471,DAG1B_short,CPUE -> SAR,H4a,95.3528988395756,07.Cond2NCC_DFA1,X07_DFA_cpue_IntSprJunHW,1,1,0,Multi-Taxa DFA,FALSE,Positive (+),Supported
158189,logSAR,~,PreyAK,-0.168233124468968,0.134148402590129,-1.25408220463855,0.209812127779776,-0.431159162129199,0.094692913191264,DAG1B_short,PreyAK -> SAR,H1e,95.3528988395756,13.FishPreyAK_b_3_smoothed,X13_hexagram_WAI,0,0,1,Single-Series Straggler,FALSE,Positive (+),NS
158189,logSAR,~,PredAK,-1.32073163068444,0.201666200024752,-6.54909762033665,5.788569623632609e-11,-1.71599011963201,-0.925473141736876,DAG1B_short,PredAK -> SAR,H2c,95.3528988395756,15.PredFishAK_b_DFA1,X15_DFA_sleeperSharks,1,0,1,Multi-Taxa DFA,FALSE,Negative (-),Supported
158445,Growth,~,PreyNCC,-0.946279175744332,0.0741817545849151,-12.7562253149612,0,-1.09167274304076,-0.80088560844791,DAG1B_short,PreyNCC -> Growth,H1a,95.3841417316694,05.ForageFishNCC_DFA1,X05_DFA_abundSardine,1,0,1,Multi-Taxa DFA,TRUE,Negative (-),Supported
158445,Abundance,~,PredNCC,-0.669796115977948,0.170351519391499,-3.93184703236272,8.42956995288358e-5,-1.0036789586969601,-0.335913273258932,DAG1B_short,PredNCC -> CPUE,H2a,95.3841417316694,09.PredFishNCC_b_DFA1,X09_DFA_HakeAge5Plus,1,0,1,Multi-Taxa DFA,FALSE,Negative (-),Supported
158445,logSAR,~,Growth,-0.898310229690419,0.207045193209987,-4.33871569662255,1.43317780314511e-5,-1.30411135155413,-0.492509107826708,DAG1B_short,Growth -> SAR,H1c,95.3841417316694,06.Cond1NCC_DFA1,X06_DFA_IGF_mu,1,0,1,Multi-Taxa DFA,FALSE,Positive (+),Flipped
158445,logSAR,~,Abundance,0.294088329541644,0.132158694647223,2.22526660335641,0.0260633460063453,0.0350620477892596,0.553114611294028,DAG1B_short,CPUE -> SAR,H4a,95.3841417316694,07.Cond2NCC_DFA1,X07_DFA_cpue_IntSprJunHW,1,1,0,Multi-Taxa DFA,FALSE,Positive (+),Supported
158445,logSAR,~,PreyAK,-0.168233124468967,0.134976664235259,-1.24638673967926,0.212622447083485,-0.432782525123431,0.0963162761854963,DAG1B_short,PreyAK -> SAR,H1e,95.3841417316694,13.FishPreyAK_b_3_smoothed,X13_hexagram_WAI,0,0,1,Single-Series Straggler,FALSE,Positive (+),NS
158445,logSAR,~,PredAK,-1.32073163068444,0.212148056651483,-6.22551840224556,4.79966288935429e-10,-1.73653418111151,-0.904929080257372,DAG1B_short,PredAK -> SAR,H2c,95.3841417316694,15.PredFishAK_b_DFA1,X15_DFA_sleeperSharks,1,0,1,Multi-Taxa DFA,FALSE,Negative (-),Supported
158829,Growth,~,PreyNCC,-0.946279175744329,0.0741817545849158,-12.756225314961,0,-1.09167274304075,-0.800885608447905,DAG1B_short,PreyNCC -> Growth,H1a,85.7591120207142,05.ForageFishNCC_DFA1,X05_DFA_abundSardine,1,0,1,Multi-Taxa DFA,TRUE,Negative (-),Supported
158829,Abundance,~,PredNCC,0.67047203479098,0.170211517107275,3.93905210520167,8.18041646235557e-5,0.336863591506799,1.00408047807516,DAG1B_short,PredNCC -> CPUE,H2a,85.7591120207142,08.PredBirdNCC_b_0_smoothed,X08_commonMurre_JSOES,1,1,0,Single-Series Straggler,FALSE,Negative (-),Flipped
158829,logSAR,~,Growth,-0.661972155850271,0.166175290568268,-3.98357754384862,6.78855065210371e-5,-0.987669740484555,-0.336274571215988,DAG1B_short,Growth -> SAR,H1c,85.7591120207142,06.Cond1NCC_DFA1,X06_DFA_IGF_mu,1,0,1,Multi-Taxa DFA,FALSE,Positive (+),Flipped
158829,logSAR,~,Abundance,0.195612537238863,0.100010497173806,1.95592005606084,0.0504745723083702,-4.044352977415e-4,0.391629509775468,DAG1B_short,CPUE -> SAR,H4a,85.7591120207142,07.Cond2NCC_DFA1,X07_DFA_cpue_IntSprJunHW,0,1,0,Multi-Taxa DFA,FALSE,Positive (+),NS
158829,logSAR,~,PreyAK,-0.501452430970795,0.12988160346109,-3.86084262596142,1.1299666828867e-4,-0.756015696008844,-0.24688916593274501,DAG1B_short,PreyAK -> SAR,H1e,85.7591120207142,13.FishPreyAK_b_4_smoothed,X13_pollockBiomassGoAage3plus_predAK,1,0,1,Single-Series Straggler,FALSE,Positive (+),Flipped
158829,logSAR,~,PredAK,-1.36466809852872,0.155544900140554,-8.77346732226883,0,-1.66953050078308,-1.05980569627435,DAG1B_short,PredAK -> SAR,H2c,85.7591120207142,15.PredFishAK_b_DFA1,X15_DFA_sleeperSharks,1,0,1,Multi-Taxa DFA,FALSE,Negative (-),Supported
158893,Growth,~,PreyNCC,-0.946279175744329,0.0741817545849188,-12.7562253149605,0,-1.09167274304076,-0.800885608447899,DAG1B_short,PreyNCC -> Growth,H1a,95.4238800446752,05.ForageFishNCC_DFA1,X05_DFA_abundSardine,1,0,1,Multi-Taxa DFA,TRUE,Negative (-),Supported
158893,Abundance,~,PredNCC,0.290737488849164,0.21950563025721,1.32451039414564,0.185333593339969,-0.139485640858732,0.72096061855706,DAG1B_short,PredNCC -> CPUE,H2a,95.4238800446752,08.PredBirdNCC_b_1_smoothed,X08_Large_gulls_7_WS,0,1,0,Single-Series Straggler,FALSE,Negative (-),NS
158893,logSAR,~,Growth,-0.66197215585027,0.152547158729392,-4.33945909818328,1.42833847507351e-5,-0.960959092903794,-0.362985218796746,DAG1B_short,Growth -> SAR,H1c,95.4238800446752,06.Cond1NCC_DFA1,X06_DFA_IGF_mu,1,0,1,Multi-Taxa DFA,FALSE,Positive (+),Flipped
158893,logSAR,~,Abundance,0.195612537238863,0.0884423646486175,2.21175155160125,0.0269838363580959,0.0222686878200146,0.368956386657712,DAG1B_short,CPUE -> SAR,H4a,95.4238800446752,07.Cond2NCC_DFA1,X07_DFA_cpue_IntSprJunHW,1,1,0,Multi-Taxa DFA,FALSE,Positive (+),Supported
158893,logSAR,~,PreyAK,-0.501452430970793,0.129642237921322,-3.86797111042713,1.0974466286084e-4,-0.755546548171756,-0.247358313769829,DAG1B_short,PreyAK -> SAR,H1e,95.4238800446752,13.FishPreyAK_b_4_smoothed,X13_pollockBiomassGoAage3plus_predAK,1,0,1,Single-Series Straggler,FALSE,Positive (+),Flipped
158893,logSAR,~,PredAK,-1.36466809852872,0.146164617042398,-9.33651471978933,0,-1.65114548374591,-1.07819071331153,DAG1B_short,PredAK -> SAR,H2c,95.4238800446752,15.PredFishAK_b_DFA1,X15_DFA_sleeperSharks,1,0,1,Multi-Taxa DFA,FALSE,Negative (-),Supported
158957,Growth,~,PreyNCC,-0.946279175744327,0.0741817545849183,-12.7562253149606,0,-1.09167274304076,-0.800885608447899,DAG1B_short,PreyNCC -> Growth,H1a,88.6506583538094,05.ForageFishNCC_DFA1,X05_DFA_abundSardine,1,0,1,Multi-Taxa DFA,TRUE,Negative (-),Supported
158957,Abundance,~,PredNCC,0.599206386426604,0.183668996676884,3.26242532636439,0.00110463270974148,0.239221767863304,0.959191004989903,DAG1B_short,PredNCC -> CPUE,H2a,88.6506583538094,08.PredBirdNCC_b_2_smoothed,X08_Loons_8_WS,1,1,0,Single-Series Straggler,FALSE,Negative (-),Flipped
158957,logSAR,~,Growth,-0.661972155850279,0.15314800336344,-4.32243412458557,1.5431716680725e-5,-0.96213672674684,-0.361807584953717,DAG1B_short,Growth -> SAR,H1c,88.6506583538094,06.Cond1NCC_DFA1,X06_DFA_IGF_mu,1,0,1,Multi-Taxa DFA,FALSE,Positive (+),Flipped
158957,logSAR,~,Abundance,0.195612537238861,0.0897360488114485,2.17986572653625,0.029267416139483,0.0197331134534932,0.371491961024228,DAG1B_short,CPUE -> SAR,H4a,88.6506583538094,07.Cond2NCC_DFA1,X07_DFA_cpue_IntSprJunHW,1,1,0,Multi-Taxa DFA,FALSE,Positive (+),Supported
158957,logSAR,~,PreyAK,-0.5014524309708,0.129210887137042,-3.88088374038448,1.0407758721542e-4,-0.754701116169872,-0.248203745771728,DAG1B_short,PreyAK -> SAR,H1e,88.6506583538094,13.FishPreyAK_b_4_smoothed,X13_pollockBiomassGoAage3plus_predAK,1,0,1,Single-Series Straggler,FALSE,Positive (+),Flipped
158957,logSAR,~,PredAK,-1.3646680985287,0.14925818511416,-9.14300343049819,0,-1.65720876575027,-1.07212743130714,DAG1B_short,PredAK -> SAR,H2c,88.6506583538094,15.PredFishAK_b_DFA1,X15_DFA_sleeperSharks,1,0,1,Multi-Taxa DFA,FALSE,Negative (-),Supported
159085,Growth,~,PreyNCC,-0.946279175744327,0.0741817545849191,-12.7562253149604,0,-1.09167274304076,-0.800885608447897,DAG1B_short,PreyNCC -> Growth,H1a,85.7903549128079,05.ForageFishNCC_DFA1,X05_DFA_abundSardine,1,0,1,Multi-Taxa DFA,TRUE,Negative (-),Supported
159085,Abundance,~,PredNCC,-0.669796115977948,0.170351519391499,-3.93184703236273,8.42956995288358e-5,-1.0036789586969601,-0.335913273258933,DAG1B_short,PredNCC -> CPUE,H2a,85.7903549128079,09.PredFishNCC_b_DFA1,X09_DFA_HakeAge5Plus,1,0,1,Multi-Taxa DFA,FALSE,Negative (-),Supported
159085,logSAR,~,Growth,-0.66197215585027,0.167724652867435,-3.94677910809852,7.92095722108588e-5,-0.990706434789925,-0.333237876910614,DAG1B_short,Growth -> SAR,H1c,85.7903549128079,06.Cond1NCC_DFA1,X06_DFA_IGF_mu,1,0,1,Multi-Taxa DFA,FALSE,Positive (+),Flipped
159085,logSAR,~,Abundance,0.195612537238862,0.10239653234812,1.91034337543611,0.0560890163980785,-0.00508097830524515,0.396306052782968,DAG1B_short,CPUE -> SAR,H4a,85.7903549128079,07.Cond2NCC_DFA1,X07_DFA_cpue_IntSprJunHW,0,1,0,Multi-Taxa DFA,FALSE,Positive (+),NS
159085,logSAR,~,PreyAK,-0.501452430970792,0.130238663161678,-3.85025781743699,1.1799355325137e-4,-0.756715520162324,-0.24618934177926,DAG1B_short,PreyAK -> SAR,H1e,85.7903549128079,13.FishPreyAK_b_4_smoothed,X13_pollockBiomassGoAage3plus_predAK,1,0,1,Single-Series Straggler,FALSE,Positive (+),Flipped
159085,logSAR,~,PredAK,-1.36466809852872,0.166856212495038,-8.17870715223929,2.2204460492503099e-16,-1.69170026561576,-1.03763593144169,DAG1B_short,PredAK -> SAR,H2c,85.7903549128079,15.PredFishAK_b_DFA1,X15_DFA_sleeperSharks,1,0,1,Multi-Taxa DFA,FALSE,Negative (-),Supported
159469,Growth,~,PreyNCC,-0.946279175744328,0.0741817545849158,-12.756225314961,0,-1.09167274304075,-0.800885608447904,DAG1B_short,PreyNCC -> Growth,H1a,95.5477093246081,05.ForageFishNCC_DFA1,X05_DFA_abundSardine,1,0,1,Multi-Taxa DFA,TRUE,Negative (-),Supported
159469,Abundance,~,PredNCC,0.67047203479098,0.170211517107275,3.93905210520166,8.18041646235557e-5,0.336863591506798,1.00408047807516,DAG1B_short,PredNCC -> CPUE,H2a,95.5477093246081,08.PredBirdNCC_b_0_smoothed,X08_commonMurre_JSOES,1,1,0,Single-Series Straggler,FALSE,Negative (-),Flipped
159469,logSAR,~,Growth,-0.951993575279804,0.204663298174202,-4.65151096348258,3.2951175295004e-6,-1.35312626865842,-0.550860881901186,DAG1B_short,Growth -> SAR,H1c,95.5477093246081,06.Cond1NCC_DFA1,X06_DFA_IGF_mu,1,0,1,Multi-Taxa DFA,FALSE,Positive (+),Flipped
159469,logSAR,~,Abundance,0.278760090734946,0.12878059146264,2.1646125985981,0.0304173653748843,0.0263547695604044,0.531165411909488,DAG1B_short,CPUE -> SAR,H4a,95.5477093246081,07.Cond2NCC_DFA1,X07_DFA_cpue_IntSprJunHW,1,1,0,Multi-Taxa DFA,FALSE,Positive (+),Supported
159469,logSAR,~,PreyAK,0.163948774209323,0.140790608311914,1.16448658170511,0.244226878055511,-0.111995747443513,0.43989329586216,DAG1B_short,PreyAK -> SAR,H1e,95.5477093246081,14.CompAK_smoothed,X14_pinkSalmonAsia,0,1,0,Single-Series Straggler,TRUE,Negative (-),NS
159469,logSAR,~,PredAK,-1.18118464785148,0.206540603241902,-5.71889802446283,1.07217112965685e-8,-1.58599679155078,-0.776372504152172,DAG1B_short,PredAK -> SAR,H2c,95.5477093246081,15.PredFishAK_b_DFA1,X15_DFA_sleeperSharks,1,0,1,Multi-Taxa DFA,FALSE,Negative (-),Supported
159725,Growth,~,PreyNCC,-0.946279175744326,0.0741817545849156,-12.756225314961,0,-1.09167274304075,-0.800885608447903,DAG1B_short,PreyNCC -> Growth,H1a,95.5789522167017,05.ForageFishNCC_DFA1,X05_DFA_abundSardine,1,0,1,Multi-Taxa DFA,TRUE,Negative (-),Supported
159725,Abundance,~,PredNCC,-0.669796115977948,0.170351519391499,-3.93184703236273,8.42956995288358e-5,-1.0036789586969601,-0.335913273258933,DAG1B_short,PredNCC -> CPUE,H2a,95.5789522167017,09.PredFishNCC_b_DFA1,X09_DFA_HakeAge5Plus,1,0,1,Multi-Taxa DFA,FALSE,Negative (-),Supported
159725,logSAR,~,Growth,-0.951993575279804,0.207600192884043,-4.58570660293919,4.52453605914727e-6,-1.3588824765161,-0.545104674043512,DAG1B_short,Growth -> SAR,H1c,95.5789522167017,06.Cond1NCC_DFA1,X06_DFA_IGF_mu,1,0,1,Multi-Taxa DFA,FALSE,Positive (+),Flipped
159725,logSAR,~,Abundance,0.278760090734946,0.133319505446464,2.0909175277948,0.036535457587072,0.0174586616231854,0.540061519846707,DAG1B_short,CPUE -> SAR,H4a,95.5789522167017,07.Cond2NCC_DFA1,X07_DFA_cpue_IntSprJunHW,1,1,0,Multi-Taxa DFA,FALSE,Positive (+),Supported
159725,logSAR,~,PreyAK,0.163948774209323,0.142747854271087,1.14852006039947,0.250753936527313,-0.115831879032379,0.443729427451025,DAG1B_short,PreyAK -> SAR,H1e,95.5789522167017,14.CompAK_smoothed,X14_pinkSalmonAsia,0,1,0,Single-Series Straggler,TRUE,Negative (-),NS
159725,logSAR,~,PredAK,-1.18118464785148,0.224885800237011,-5.25237541279443,1.50150026856366e-7,-1.62195271695049,-0.740416578752466,DAG1B_short,PredAK -> SAR,H2c,95.5789522167017,15.PredFishAK_b_DFA1,X15_DFA_sleeperSharks,1,0,1,Multi-Taxa DFA,FALSE,Negative (-),Supported
160749,Growth,~,PreyNCC,-0.946279175744328,0.0741817545849148,-12.7562253149612,0,-1.09167274304075,-0.800885608447906,DAG1B_short,PreyNCC -> Growth,H1a,95.7603530627059,05.ForageFishNCC_DFA1,X05_DFA_abundSardine,1,0,1,Multi-Taxa DFA,TRUE,Negative (-),Supported
160749,Abundance,~,PredNCC,0.67047203479098,0.170211517107275,3.93905210520166,8.18041646235557e-5,0.336863591506798,1.00408047807516,DAG1B_short,PredNCC -> CPUE,H2a,95.7603530627059,08.PredBirdNCC_b_0_smoothed,X08_commonMurre_JSOES,1,1,0,Single-Series Straggler,FALSE,Negative (-),Flipped
160749,logSAR,~,Growth,-0.894939453498107,0.206005469171506,-4.34425094196427,1.39751693051249e-5,-1.29870275369254,-0.491176153303679,DAG1B_short,Growth -> SAR,H1c,95.7603530627059,06.Cond1NCC_DFA1,X06_DFA_IGF_mu,1,0,1,Multi-Taxa DFA,FALSE,Positive (+),Flipped
160749,logSAR,~,Abundance,0.248990912647563,0.130204548766698,1.91230579120325,0.0558369834641368,-0.00620531355845427,0.50418713885358,DAG1B_short,CPUE -> SAR,H4a,95.7603530627059,07.Cond2NCC_DFA1,X07_DFA_cpue_IntSprJunHW,0,1,0,Multi-Taxa DFA,FALSE,Positive (+),NS
160749,logSAR,~,PreyAK,-0.118535543450458,0.120211408359496,-0.98605901942329,0.324104151914334,-0.354145574365907,0.117074487464992,DAG1B_short,PreyAK -> SAR,H1e,95.7603530627059,14.CompAK_1_smoothed,X14_pinkSalmonNorthAmerica,0,0,1,Single-Series Straggler,TRUE,Negative (-),NS
160749,logSAR,~,PredAK,-1.19540018421668,0.197801756364194,-6.04342552962827,1.50876022786406e-9,-1.58308450276927,-0.807715865664094,DAG1B_short,PredAK -> SAR,H2c,95.7603530627059,15.PredFishAK_b_DFA1,X15_DFA_sleeperSharks,1,0,1,Multi-Taxa DFA,FALSE,Negative (-),Supported
161005,Growth,~,PreyNCC,-0.946279175744328,0.0741817545849159,-12.756225314961,0,-1.09167274304075,-0.800885608447903,DAG1B_short,PreyNCC -> Growth,H1a,95.7915959547994,05.ForageFishNCC_DFA1,X05_DFA_abundSardine,1,0,1,Multi-Taxa DFA,TRUE,Negative (-),Supported
161005,Abundance,~,PredNCC,-0.669796115977948,0.170351519391499,-3.93184703236272,8.42956995288358e-5,-1.0036789586969601,-0.335913273258933,DAG1B_short,PredNCC -> CPUE,H2a,95.7915959547994,09.PredFishNCC_b_DFA1,X09_DFA_HakeAge5Plus,1,0,1,Multi-Taxa DFA,FALSE,Negative (-),Supported
161005,logSAR,~,Growth,-0.894939453498107,0.210274184544294,-4.25605956069984,2.08061301776308e-5,-1.30706928208345,-0.482809624912761,DAG1B_short,Growth -> SAR,H1c,95.7915959547994,06.Cond1NCC_DFA1,X06_DFA_IGF_mu,1,0,1,Multi-Taxa DFA,FALSE,Positive (+),Flipped
161005,logSAR,~,Abundance,0.248990912647563,0.132177112008061,1.88376723371273,0.0595964675088143,-0.010071466468753,0.508053291763879,DAG1B_short,CPUE -> SAR,H4a,95.7915959547994,07.Cond2NCC_DFA1,X07_DFA_cpue_IntSprJunHW,0,1,0,Multi-Taxa DFA,FALSE,Positive (+),NS
161005,logSAR,~,PreyAK,-0.118535543450458,0.119516650082269,-0.991791046426287,0.321299466228593,-0.35278387316458,0.115712786263665,DAG1B_short,PreyAK -> SAR,H1e,95.7915959547994,14.CompAK_1_smoothed,X14_pinkSalmonNorthAmerica,0,0,1,Single-Series Straggler,TRUE,Negative (-),NS
161005,logSAR,~,PredAK,-1.19540018421668,0.213350395779671,-5.60299023513966,2.10685098256391e-8,-1.6135592760322,-0.777241092401159,DAG1B_short,PredAK -> SAR,H2c,95.7915959547994,15.PredFishAK_b_DFA1,X15_DFA_sleeperSharks,1,0,1,Multi-Taxa DFA,FALSE,Negative (-),Supported
