"","modNum","model_id","length","dag_type","AIC","CFI","AGFI","p_Chi2","PreyNCCindNames","PredNCCindNames","GrowthIndNames","AbundanceIndNames","PreyAKindNames","PredAKindNames"
"1",35807,"DAG1A_long","long","DAG1A",131.336329946379,0.850141410584513,0.918542862431453,0.00730917405336218,"05.ForageFishNCC_DFA1","09.PredFishNCC_b_DFA1","06.Cond1NCC_DFA1","07.Cond2NCC_DFA1","12.ZooPreyAK_DFA1","15.PredFishAK_b_DFA1"
"2",35987,"DAG1A_long","long","DAG1A",132.718626892021,0.951045690245391,0.946991755361515,0.167950231321107,"05.ForageFishNCC_DFA1","09.PredFishNCC_b_DFA1","06.Cond1NCC_DFA1","07.Cond2NCC_DFA1","12.ZooPreyAK_0_smoothed","10.PredMammalNCC_2_smoothed"
"3",36777,"DAG1A_long","long","DAG1A",132.843526074874,0.726615685385537,0.883916082809812,2.28960515010757e-05,"05.ForageFishNCC_DFA1","09.PredFishNCC_b_DFA1","06.Cond1NCC_DFA1","07.Cond2NCC_DFA1","13.FishPreyAK_b_DFA1","15.PredFishAK_1_smoothed"
"4",37767,"DAG1A_long","long","DAG1A",132.972249123901,0.868115585059969,0.92510388757009,0.0154734308605594,"05.ForageFishNCC_DFA1","09.PredFishNCC_b_DFA1","06.Cond1NCC_DFA1","07.Cond2NCC_DFA1","13.FishPreyAK_b_4_smoothed","15.PredFishAK_b_DFA1"
"5",37359,"DAG1A_long","long","DAG1A",133.247729973378,0.975117894959419,0.951675711519751,0.281814793470661,"05.ForageFishNCC_DFA1","09.PredFishNCC_b_DFA1","06.Cond1NCC_DFA1","07.Cond2NCC_DFA1","13.FishPreyAK_b_2_smoothed","10.PredMammalNCC_2_smoothed"
"6",35791,"DAG1A_long","long","DAG1A",133.2935853536,0.934552746043232,0.938667602885703,0.113933470701615,"05.ForageFishNCC_DFA1","09.PredFishNCC_b_DFA1","06.Cond1NCC_DFA1","07.Cond2NCC_DFA1","12.ZooPreyAK_DFA1","10.PredMammalNCC_2_smoothed"
"7",35751,"DAG1A_long","long","DAG1A",133.747806137055,0.868482102541103,0.922004286907801,0.0163223463383912,"05.ForageFishNCC_DFA1","08.PredBirdNCC_b_2_smoothed","06.Cond1NCC_DFA1","07.Cond2NCC_DFA1","12.ZooPreyAK_DFA1","15.PredFishAK_b_DFA1"
"8",37553,"DAG1A_long","long","DAG1A",134.099862981727,0.900635930795902,0.929927806715079,0.0461014192378946,"05.ForageFishNCC_DFA1","09.PredFishNCC_b_DFA1","06.Cond1NCC_DFA1","07.Cond2NCC_DFA1","13.FishPreyAK_b_3_smoothed","10.PredMammalNCC_1_smoothed"
"9",35787,"DAG1A_long","long","DAG1A",134.370065382173,0.860375525423169,0.922668496199997,0.0127598119807928,"05.ForageFishNCC_DFA1","09.PredFishNCC_b_DFA1","06.Cond1NCC_DFA1","07.Cond2NCC_DFA1","12.ZooPreyAK_DFA1","10.PredMammalNCC_0_smoothed"
"10",36007,"DAG1A_long","long","DAG1A",134.471660471007,0.964912620361166,0.950531931056336,0.231975391688877,"05.ForageFishNCC_DFA1","09.PredFishNCC_b_DFA1","06.Cond1NCC_DFA1","07.Cond2NCC_DFA1","12.ZooPreyAK_0_smoothed","15.PredFishAK_b_3_smoothed"
"11",37357,"DAG1A_long","long","DAG1A",134.634522925769,0.924659680506529,0.939739438543355,0.091181262320597,"05.ForageFishNCC_DFA1","09.PredFishNCC_b_DFA1","06.Cond1NCC_DFA1","07.Cond2NCC_DFA1","13.FishPreyAK_b_2_smoothed","10.PredMammalNCC_1_smoothed"
"12",35985,"DAG1A_long","long","DAG1A",135.082285298908,0.907568472703439,0.933072860796687,0.0581875360568421,"05.ForageFishNCC_DFA1","09.PredFishNCC_b_DFA1","06.Cond1NCC_DFA1","07.Cond2NCC_DFA1","12.ZooPreyAK_0_smoothed","10.PredMammalNCC_1_smoothed"
"13",35989,"DAG1A_long","long","DAG1A",135.095709038181,0.884472703450911,0.931007721880563,0.0293624311751697,"05.ForageFishNCC_DFA1","09.PredFishNCC_b_DFA1","06.Cond1NCC_DFA1","07.Cond2NCC_DFA1","12.ZooPreyAK_0_smoothed","10.PredMammalNCC_3_smoothed"
"14",35931,"DAG1A_long","long","DAG1A",135.130103082697,0.918986679356338,0.934094665586928,0.0795794850378159,"05.ForageFishNCC_DFA1","08.PredBirdNCC_b_2_smoothed","06.Cond1NCC_DFA1","07.Cond2NCC_DFA1","12.ZooPreyAK_0_smoothed","10.PredMammalNCC_2_smoothed"
"15",36721,"DAG1A_long","long","DAG1A",135.25500226555,0.764895475414248,0.898840551626051,0.00025172509193138,"05.ForageFishNCC_DFA1","08.PredBirdNCC_b_2_smoothed","06.Cond1NCC_DFA1","07.Cond2NCC_DFA1","13.FishPreyAK_b_DFA1","15.PredFishAK_1_smoothed"
"16",37711,"DAG1A_long","long","DAG1A",135.383725314577,0.886488185444933,0.929457297080304,0.0316454491255703,"05.ForageFishNCC_DFA1","08.PredBirdNCC_b_2_smoothed","06.Cond1NCC_DFA1","07.Cond2NCC_DFA1","13.FishPreyAK_b_4_smoothed","15.PredFishAK_b_DFA1"
"17",36001,"DAG1A_long","long","DAG1A",135.486026966841,0.923783958465219,0.941056691418902,0.0910401005372656,"05.ForageFishNCC_DFA1","09.PredFishNCC_b_DFA1","06.Cond1NCC_DFA1","07.Cond2NCC_DFA1","12.ZooPreyAK_0_smoothed","15.PredFishAK_5_smoothed"
"18",36181,"DAG1A_long","long","DAG1A",135.545227091535,0.878672577549797,0.924227832211817,0.0249627524613973,"05.ForageFishNCC_DFA1","09.PredFishNCC_b_DFA1","06.Cond1NCC_DFA1","07.Cond2NCC_DFA1","12.ZooPreyAK_1_smoothed","10.PredMammalNCC_1_smoothed"
"19",37303,"DAG1A_long","long","DAG1A",135.659206164054,0.964727042710994,0.946983492808094,0.233709528993444,"05.ForageFishNCC_DFA1","08.PredBirdNCC_b_2_smoothed","06.Cond1NCC_DFA1","07.Cond2NCC_DFA1","13.FishPreyAK_b_2_smoothed","10.PredMammalNCC_2_smoothed"
"20",35735,"DAG1A_long","long","DAG1A",135.705061544276,0.962707967181416,0.949730001229789,0.224421403305088,"05.ForageFishNCC_DFA1","08.PredBirdNCC_b_2_smoothed","06.Cond1NCC_DFA1","07.Cond2NCC_DFA1","12.ZooPreyAK_DFA1","10.PredMammalNCC_2_smoothed"
"21",35795,"DAG1A_long","long","DAG1A",135.777905719944,0.936491887822831,0.938143773258931,0.12560528720536,"05.ForageFishNCC_DFA1","09.PredFishNCC_b_DFA1","06.Cond1NCC_DFA1","07.Cond2NCC_DFA1","12.ZooPreyAK_DFA1","15.PredFishAK_0_smoothed"
"22",36003,"DAG1A_long","long","DAG1A",135.80391612975,0.860976370157261,0.923722364652511,0.0141294588328422,"05.ForageFishNCC_DFA1","09.PredFishNCC_b_DFA1","06.Cond1NCC_DFA1","07.Cond2NCC_DFA1","12.ZooPreyAK_0_smoothed","15.PredFishAK_b_DFA1"
"23",37361,"DAG1A_long","long","DAG1A",135.883668593986,0.940892524520972,0.94458519884284,0.139627922217636,"05.ForageFishNCC_DFA1","09.PredFishNCC_b_DFA1","06.Cond1NCC_DFA1","07.Cond2NCC_DFA1","13.FishPreyAK_b_2_smoothed","10.PredMammalNCC_3_smoothed"
"24",35993,"DAG1A_long","long","DAG1A",135.903787980523,0.854091432001811,0.924425627734584,0.011205539141277,"05.ForageFishNCC_DFA1","09.PredFishNCC_b_DFA1","06.Cond1NCC_DFA1","07.Cond2NCC_DFA1","12.ZooPreyAK_0_smoothed","15.PredFishAK_1_smoothed"
"25",35991,"DAG1A_long","long","DAG1A",135.918314835523,0.901849263671798,0.931989394287303,0.0509106043901149,"05.ForageFishNCC_DFA1","09.PredFishNCC_b_DFA1","06.Cond1NCC_DFA1","07.Cond2NCC_DFA1","12.ZooPreyAK_0_smoothed","15.PredFishAK_0_smoothed"
"26",35999,"DAG1A_long","long","DAG1A",135.961668527041,0.937266813458685,0.943183423471619,0.128404736695178,"05.ForageFishNCC_DFA1","09.PredFishNCC_b_DFA1","06.Cond1NCC_DFA1","07.Cond2NCC_DFA1","12.ZooPreyAK_0_smoothed","15.PredFishAK_4_smoothed"
"27",35981,"DAG1A_long","long","DAG1A",136.04502628946,0.91303807951759,0.937897039663828,0.0696700446079745,"05.ForageFishNCC_DFA1","09.PredFishNCC_b_DFA1","06.Cond1NCC_DFA1","07.Cond2NCC_DFA1","12.ZooPreyAK_0_smoothed","10.PredMammalNCC_DFA1"
"28",36005,"DAG1A_long","long","DAG1A",136.05926922559,0.978266673314944,0.953517021084008,0.303987348178563,"05.ForageFishNCC_DFA1","09.PredFishNCC_b_DFA1","06.Cond1NCC_DFA1","07.Cond2NCC_DFA1","12.ZooPreyAK_0_smoothed","15.PredFishAK_b_2_smoothed"
"29",35997,"DAG1A_long","long","DAG1A",136.071437317554,0.991977469662694,0.958070230468098,0.385281933836417,"05.ForageFishNCC_DFA1","09.PredFishNCC_b_DFA1","06.Cond1NCC_DFA1","07.Cond2NCC_DFA1","12.ZooPreyAK_0_smoothed","15.PredFishAK_3_smoothed"
"30",35983,"DAG1A_long","long","DAG1A",136.114744598225,0.860631080201676,0.926293295701551,0.0142116223931477,"05.ForageFishNCC_DFA1","09.PredFishNCC_b_DFA1","06.Cond1NCC_DFA1","07.Cond2NCC_DFA1","12.ZooPreyAK_0_smoothed","10.PredMammalNCC_0_smoothed"
"31",35995,"DAG1A_long","long","DAG1A",136.11554681027,0.975183655378146,0.953569812439212,0.287296609845245,"05.ForageFishNCC_DFA1","09.PredFishNCC_b_DFA1","06.Cond1NCC_DFA1","07.Cond2NCC_DFA1","12.ZooPreyAK_0_smoothed","15.PredFishAK_2_smoothed"
"32",37497,"DAG1A_long","long","DAG1A",136.511339172403,0.926761053688935,0.938035127614937,0.100634893220736,"05.ForageFishNCC_DFA1","08.PredBirdNCC_b_2_smoothed","06.Cond1NCC_DFA1","07.Cond2NCC_DFA1","13.FishPreyAK_b_3_smoothed","10.PredMammalNCC_1_smoothed"
"33",36183,"DAG1A_long","long","DAG1A",136.681909361037,0.899172895013073,0.928915078655515,0.0484741367302234,"05.ForageFishNCC_DFA1","09.PredFishNCC_b_DFA1","06.Cond1NCC_DFA1","07.Cond2NCC_DFA1","12.ZooPreyAK_1_smoothed","10.PredMammalNCC_2_smoothed"
"34",35731,"DAG1A_long","long","DAG1A",136.78154157285,0.879707362824449,0.919639518033363,0.0273043126710339,"05.ForageFishNCC_DFA1","08.PredBirdNCC_b_2_smoothed","06.Cond1NCC_DFA1","07.Cond2NCC_DFA1","12.ZooPreyAK_DFA1","10.PredMammalNCC_0_smoothed"
"35",35951,"DAG1A_long","long","DAG1A",136.883136661683,0.92867441780945,0.933992902561417,0.10641585135763,"05.ForageFishNCC_DFA1","08.PredBirdNCC_b_2_smoothed","06.Cond1NCC_DFA1","07.Cond2NCC_DFA1","12.ZooPreyAK_0_smoothed","15.PredFishAK_b_3_smoothed"
"36",37301,"DAG1A_long","long","DAG1A",137.045999116445,0.896267191665388,0.926332580434549,0.0452180382796615,"05.ForageFishNCC_DFA1","08.PredBirdNCC_b_2_smoothed","06.Cond1NCC_DFA1","07.Cond2NCC_DFA1","13.FishPreyAK_b_2_smoothed","10.PredMammalNCC_1_smoothed"
"37",38337,"DAG1A_long","long","DAG1A",137.067371186699,0.887752398092733,0.928328608238457,0.0352963267268521,"05.ForageFishNCC_DFA1","09.PredFishNCC_b_DFA1","06.Cond1NCC_DFA1","07.Cond2NCC_DFA1","14.CompAK_1_smoothed","10.PredMammalNCC_1_smoothed"
"38",36379,"DAG1A_long","long","DAG1A",137.174900750588,0.93924694132617,0.939407468722947,0.137606584513683,"05.ForageFishNCC_DFA1","09.PredFishNCC_b_DFA1","06.Cond1NCC_DFA1","07.Cond2NCC_DFA1","12.ZooPreyAK_2_smoothed","10.PredMammalNCC_2_smoothed"
"39",36771,"DAG1A_long","long","DAG1A",137.178134178072,0.771905520404986,0.897311601526386,0.0004428832373291,"05.ForageFishNCC_DFA1","09.PredFishNCC_b_DFA1","06.Cond1NCC_DFA1","07.Cond2NCC_DFA1","13.FishPreyAK_b_DFA1","10.PredMammalNCC_2_smoothed"
"40",37751,"DAG1A_long","long","DAG1A",137.186082799635,0.905493090808046,0.929571271512945,0.058835458764004,"05.ForageFishNCC_DFA1","09.PredFishNCC_b_DFA1","06.Cond1NCC_DFA1","07.Cond2NCC_DFA1","13.FishPreyAK_b_4_smoothed","10.PredMammalNCC_2_smoothed"
"41",35785,"DAG1A_long","long","DAG1A",137.2731839171,0.836307470704677,0.912721191854215,0.0064818904660473,"05.ForageFishNCC_DFA1","09.PredFishNCC_b_DFA1","06.Cond1NCC_DFA1","07.Cond2NCC_DFA1","12.ZooPreyAK_DFA1","10.PredMammalNCC_DFA1"
"42",38339,"DAG1A_long","long","DAG1A",137.274448477862,0.949249564476294,0.94329123686176,0.172340838967263,"05.ForageFishNCC_DFA1","09.PredFishNCC_b_DFA1","06.Cond1NCC_DFA1","07.Cond2NCC_DFA1","14.CompAK_1_smoothed","10.PredMammalNCC_2_smoothed"
"43",35789,"DAG1A_long","long","DAG1A",137.282914665129,0.810595152734001,0.906873393087236,0.00240841628641042,"05.ForageFishNCC_DFA1","09.PredFishNCC_b_DFA1","06.Cond1NCC_DFA1","07.Cond2NCC_DFA1","12.ZooPreyAK_DFA1","10.PredMammalNCC_1_smoothed"
"44",36985,"DAG1A_long","long","DAG1A",137.481581995383,0.798201209903595,0.905588691594904,0.00146992220317677,"05.ForageFishNCC_DFA1","09.PredFishNCC_b_DFA1","06.Cond1NCC_DFA1","07.Cond2NCC_DFA1","13.FishPreyAK_b_0_smoothed","15.PredFishAK_b_2_smoothed"
"45",35929,"DAG1A_long","long","DAG1A",137.493761489584,0.884931735115253,0.920184510163923,0.0330402292999263,"05.ForageFishNCC_DFA1","08.PredBirdNCC_b_2_smoothed","06.Cond1NCC_DFA1","07.Cond2NCC_DFA1","12.ZooPreyAK_0_smoothed","10.PredMammalNCC_1_smoothed"
"46",35933,"DAG1A_long","long","DAG1A",137.507185228857,0.857431066656447,0.915323835715711,0.0138157587404958,"05.ForageFishNCC_DFA1","08.PredBirdNCC_b_2_smoothed","06.Cond1NCC_DFA1","07.Cond2NCC_DFA1","12.ZooPreyAK_0_smoothed","10.PredMammalNCC_3_smoothed"
"47",37957,"DAG1A_long","long","DAG1A",137.522524356082,0.767948270324877,0.902621985487043,0.00038307323725039,"05.ForageFishNCC_DFA1","09.PredFishNCC_b_DFA1","06.Cond1NCC_DFA1","07.Cond2NCC_DFA1","14.CompAK_smoothed","15.PredFishAK_3_smoothed"
"48",37163,"DAG1A_long","long","DAG1A",137.547900862718,0.891693532246134,0.927888044546538,0.040409243295809,"05.ForageFishNCC_DFA1","09.PredFishNCC_b_DFA1","06.Cond1NCC_DFA1","07.Cond2NCC_DFA1","13.FishPreyAK_b_1_smoothed","10.PredMammalNCC_2_smoothed"
"49",36965,"DAG1A_long","long","DAG1A",137.637626481957,0.820677486183735,0.906783691523979,0.00369762088035075,"05.ForageFishNCC_DFA1","09.PredFishNCC_b_DFA1","06.Cond1NCC_DFA1","07.Cond2NCC_DFA1","13.FishPreyAK_b_0_smoothed","10.PredMammalNCC_1_smoothed"
"50",37179,"DAG1A_long","long","DAG1A",137.847865947788,0.78652654976333,0.899886956759247,0.0009232999544736,"05.ForageFishNCC_DFA1","09.PredFishNCC_b_DFA1","06.Cond1NCC_DFA1","07.Cond2NCC_DFA1","13.FishPreyAK_b_1_smoothed","15.PredFishAK_b_DFA1"
"51",35945,"DAG1A_long","long","DAG1A",137.897503157517,0.89146904627833,0.924440335691473,0.0407085984549104,"05.ForageFishNCC_DFA1","08.PredBirdNCC_b_2_smoothed","06.Cond1NCC_DFA1","07.Cond2NCC_DFA1","12.ZooPreyAK_0_smoothed","15.PredFishAK_5_smoothed"
"52",36125,"DAG1A_long","long","DAG1A",137.956703282212,0.896260115082422,0.928909280084046,0.0467747120825244,"05.ForageFishNCC_DFA1","08.PredBirdNCC_b_2_smoothed","06.Cond1NCC_DFA1","07.Cond2NCC_DFA1","12.ZooPreyAK_1_smoothed","10.PredMammalNCC_1_smoothed"
"53",36967,"DAG1A_long","long","DAG1A",137.97238819654,0.898412032314899,0.931084148070526,0.049713597189428,"05.ForageFishNCC_DFA1","09.PredFishNCC_b_DFA1","06.Cond1NCC_DFA1","07.Cond2NCC_DFA1","13.FishPreyAK_b_0_smoothed","10.PredMammalNCC_2_smoothed"
"54",36575,"DAG1A_long","long","DAG1A",138.130139186873,0.923048718850112,0.935716414547238,0.0954702117378096,"05.ForageFishNCC_DFA1","09.PredFishNCC_b_DFA1","06.Cond1NCC_DFA1","07.Cond2NCC_DFA1","13.FishPreyAK_DFA1","10.PredMammalNCC_2_smoothed"
"55",37947,"DAG1A_long","long","DAG1A",138.149387928585,0.848879307902994,0.910472446241872,0.010741336333626,"05.ForageFishNCC_DFA1","09.PredFishNCC_b_DFA1","06.Cond1NCC_DFA1","07.Cond2NCC_DFA1","14.CompAK_smoothed","10.PredMammalNCC_2_smoothed"
"56",35739,"DAG1A_long","long","DAG1A",138.18938191062,0.960688974396804,0.954243242062355,0.221124713825518,"05.ForageFishNCC_DFA1","08.PredBirdNCC_b_2_smoothed","06.Cond1NCC_DFA1","07.Cond2NCC_DFA1","12.ZooPreyAK_DFA1","15.PredFishAK_0_smoothed"
"57",35947,"DAG1A_long","long","DAG1A",138.215392320426,0.839507403879957,0.911543842244285,0.00777091061919033,"05.ForageFishNCC_DFA1","08.PredBirdNCC_b_2_smoothed","06.Cond1NCC_DFA1","07.Cond2NCC_DFA1","12.ZooPreyAK_0_smoothed","15.PredFishAK_b_DFA1"
"58",37555,"DAG1A_long","long","DAG1A",138.291048857467,0.836107958791212,0.904548287627577,0.00691568256327457,"05.ForageFishNCC_DFA1","09.PredFishNCC_b_DFA1","06.Cond1NCC_DFA1","07.Cond2NCC_DFA1","13.FishPreyAK_b_3_smoothed","10.PredMammalNCC_2_smoothed"
"59",37305,"DAG1A_long","long","DAG1A",138.295144784662,0.907128382404415,0.931219607456819,0.0637519349473621,"05.ForageFishNCC_DFA1","08.PredBirdNCC_b_2_smoothed","06.Cond1NCC_DFA1","07.Cond2NCC_DFA1","13.FishPreyAK_b_2_smoothed","10.PredMammalNCC_3_smoothed"
"60",35937,"DAG1A_long","long","DAG1A",138.315264171199,0.913986685511697,0.929592173896945,0.0763451872307437,"05.ForageFishNCC_DFA1","08.PredBirdNCC_b_2_smoothed","06.Cond1NCC_DFA1","07.Cond2NCC_DFA1","12.ZooPreyAK_0_smoothed","15.PredFishAK_1_smoothed"
"61",36779,"DAG1A_long","long","DAG1A",138.320159078604,0.683382771887334,0.883998749819912,4.30255992711626e-06,"05.ForageFishNCC_DFA1","09.PredFishNCC_b_DFA1","06.Cond1NCC_DFA1","07.Cond2NCC_DFA1","13.FishPreyAK_b_DFA1","15.PredFishAK_2_smoothed"
"62",35935,"DAG1A_long","long","DAG1A",138.329791026199,0.924359070620273,0.92981353005171,0.0990810130688391,"05.ForageFishNCC_DFA1","08.PredBirdNCC_b_2_smoothed","06.Cond1NCC_DFA1","07.Cond2NCC_DFA1","12.ZooPreyAK_0_smoothed","15.PredFishAK_0_smoothed"
"63",38143,"DAG1A_long","long","DAG1A",138.342900640387,0.831585983598524,0.904965564776623,0.00588899031187162,"05.ForageFishNCC_DFA1","09.PredFishNCC_b_DFA1","06.Cond1NCC_DFA1","07.Cond2NCC_DFA1","14.CompAK_0_smoothed","10.PredMammalNCC_2_smoothed"
"64",37945,"DAG1A_long","long","DAG1A",138.358564292904,0.831363629830753,0.914180299734467,0.00584789508291794,"05.ForageFishNCC_DFA1","09.PredFishNCC_b_DFA1","06.Cond1NCC_DFA1","07.Cond2NCC_DFA1","14.CompAK_smoothed","10.PredMammalNCC_1_smoothed"
"65",35943,"DAG1A_long","long","DAG1A",138.373144717717,0.899834454885857,0.926309122678694,0.0524625515972641,"05.ForageFishNCC_DFA1","08.PredBirdNCC_b_2_smoothed","06.Cond1NCC_DFA1","07.Cond2NCC_DFA1","12.ZooPreyAK_0_smoothed","15.PredFishAK_4_smoothed"
"66",38355,"DAG1A_long","long","DAG1A",138.424797018564,0.83347304990288,0.9153439132645,0.00634683225466437,"05.ForageFishNCC_DFA1","09.PredFishNCC_b_DFA1","06.Cond1NCC_DFA1","07.Cond2NCC_DFA1","14.CompAK_1_smoothed","15.PredFishAK_b_DFA1"
"67",37375,"DAG1A_long","long","DAG1A",138.426375760243,0.837035453370663,0.914146670491313,0.00721867893709793,"05.ForageFishNCC_DFA1","09.PredFishNCC_b_DFA1","06.Cond1NCC_DFA1","07.Cond2NCC_DFA1","13.FishPreyAK_b_2_smoothed","15.PredFishAK_b_DFA1"
"68",36789,"DAG1A_long","long","DAG1A",138.429406591298,0.611973080838231,0.869337562541358,2.66021560335616e-08,"05.ForageFishNCC_DFA1","09.PredFishNCC_b_DFA1","06.Cond1NCC_DFA1","07.Cond2NCC_DFA1","13.FishPreyAK_b_DFA1","15.PredFishAK_b_2_smoothed"
"69",35925,"DAG1A_long","long","DAG1A",138.456502480136,0.883184243718658,0.921866643704267,0.0327060075317628,"05.ForageFishNCC_DFA1","08.PredBirdNCC_b_2_smoothed","06.Cond1NCC_DFA1","07.Cond2NCC_DFA1","12.ZooPreyAK_0_smoothed","10.PredMammalNCC_DFA1"
"70",35949,"DAG1A_long","long","DAG1A",138.470745416266,0.949140228165723,0.938743520053937,0.174992273338414,"05.ForageFishNCC_DFA1","08.PredBirdNCC_b_2_smoothed","06.Cond1NCC_DFA1","07.Cond2NCC_DFA1","12.ZooPreyAK_0_smoothed","15.PredFishAK_b_2_smoothed"
"71",35941,"DAG1A_long","long","DAG1A",138.48291350823,0.967788466069897,0.9444081089874,0.254460344305919,"05.ForageFishNCC_DFA1","08.PredBirdNCC_b_2_smoothed","06.Cond1NCC_DFA1","07.Cond2NCC_DFA1","12.ZooPreyAK_0_smoothed","15.PredFishAK_3_smoothed"
"72",37749,"DAG1A_long","long","DAG1A",138.493638171146,0.849103428514375,0.91596551399295,0.0110610148333438,"05.ForageFishNCC_DFA1","09.PredFishNCC_b_DFA1","06.Cond1NCC_DFA1","07.Cond2NCC_DFA1","13.FishPreyAK_b_4_smoothed","10.PredMammalNCC_1_smoothed"
"73",35927,"DAG1A_long","long","DAG1A",138.526220788901,0.865401400769829,0.917600907183871,0.0189849212500659,"05.ForageFishNCC_DFA1","08.PredBirdNCC_b_2_smoothed","06.Cond1NCC_DFA1","07.Cond2NCC_DFA1","12.ZooPreyAK_0_smoothed","10.PredMammalNCC_0_smoothed"
"74",35939,"DAG1A_long","long","DAG1A",138.527023000947,0.959292133708989,0.941957251457621,0.215855022272986,"05.ForageFishNCC_DFA1","08.PredBirdNCC_b_2_smoothed","06.Cond1NCC_DFA1","07.Cond2NCC_DFA1","12.ZooPreyAK_0_smoothed","15.PredFishAK_2_smoothed"
"75",24831,"DAG1A_long","long","DAG1A",138.536060658724,0.866094182916442,0.861368105368592,0.0194190569134832,"04.CompFishNCC_smoothed","09.PredFishNCC_b_DFA1","06.Cond1NCC_DFA1","07.Cond2NCC_DFA1","12.ZooPreyAK_DFA1","15.PredFishAK_b_DFA1"
"76",37571,"DAG1A_long","long","DAG1A",138.561156371651,0.812679680113236,0.903494609417751,0.00292378146423211,"05.ForageFishNCC_DFA1","09.PredFishNCC_b_DFA1","06.Cond1NCC_DFA1","07.Cond2NCC_DFA1","13.FishPreyAK_b_3_smoothed","15.PredFishAK_b_DFA1"
"77",38349,"DAG1A_long","long","DAG1A",138.697652275967,0.990032165875767,0.957510590276389,0.375364280431805,"05.ForageFishNCC_DFA1","09.PredFishNCC_b_DFA1","06.Cond1NCC_DFA1","07.Cond2NCC_DFA1","14.CompAK_1_smoothed","15.PredFishAK_3_smoothed"
"78",36769,"DAG1A_long","long","DAG1A",138.775663807015,0.770968898558151,0.896268811452213,0.00051041094676818,"05.ForageFishNCC_DFA1","09.PredFishNCC_b_DFA1","06.Cond1NCC_DFA1","07.Cond2NCC_DFA1","13.FishPreyAK_b_DFA1","10.PredMammalNCC_1_smoothed"
"79",35803,"DAG1A_long","long","DAG1A",138.923014180831,0.878009724898422,0.925954894967601,0.0286224041988034,"05.ForageFishNCC_DFA1","09.PredFishNCC_b_DFA1","06.Cond1NCC_DFA1","07.Cond2NCC_DFA1","12.ZooPreyAK_DFA1","15.PredFishAK_4_smoothed"
"80",35811,"DAG1A_long","long","DAG1A",138.979801891627,0.933778002886111,0.940551049980174,0.125693668688217,"05.ForageFishNCC_DFA1","09.PredFishNCC_b_DFA1","06.Cond1NCC_DFA1","07.Cond2NCC_DFA1","12.ZooPreyAK_DFA1","15.PredFishAK_b_3_smoothed"
"81",37379,"DAG1A_long","long","DAG1A",138.981378045559,0.910897651909919,0.936458051902721,0.0719031562738849,"05.ForageFishNCC_DFA1","09.PredFishNCC_b_DFA1","06.Cond1NCC_DFA1","07.Cond2NCC_DFA1","13.FishPreyAK_b_2_smoothed","15.PredFishAK_b_3_smoothed"
"82",37955,"DAG1A_long","long","DAG1A",138.991900052474,0.702993100198994,0.886192655934669,1.58878127343165e-05,"05.ForageFishNCC_DFA1","09.PredFishNCC_b_DFA1","06.Cond1NCC_DFA1","07.Cond2NCC_DFA1","14.CompAK_smoothed","15.PredFishAK_2_smoothed"
"83",36787,"DAG1A_long","long","DAG1A",139.028369818118,0.768568099462349,0.899973885574104,0.0004711042337514,"05.ForageFishNCC_DFA1","09.PredFishNCC_b_DFA1","06.Cond1NCC_DFA1","07.Cond2NCC_DFA1","13.FishPreyAK_b_DFA1","15.PredFishAK_b_DFA1"
"84",38141,"DAG1A_long","long","DAG1A",139.029282560537,0.822431289900263,0.911485907190886,0.00441886663765934,"05.ForageFishNCC_DFA1","09.PredFishNCC_b_DFA1","06.Cond1NCC_DFA1","07.Cond2NCC_DFA1","14.CompAK_0_smoothed","10.PredMammalNCC_1_smoothed"
"85",36775,"DAG1A_long","long","DAG1A",139.051711436957,0.696250150062553,0.87706647943577,1.08195068823091e-05,"05.ForageFishNCC_DFA1","09.PredFishNCC_b_DFA1","06.Cond1NCC_DFA1","07.Cond2NCC_DFA1","13.FishPreyAK_b_DFA1","15.PredFishAK_0_smoothed"
"86",36127,"DAG1A_long","long","DAG1A",139.093385551713,0.968027932146788,0.950529586174681,0.256921814708275,"05.ForageFishNCC_DFA1","08.PredBirdNCC_b_2_smoothed","06.Cond1NCC_DFA1","07.Cond2NCC_DFA1","12.ZooPreyAK_1_smoothed","10.PredMammalNCC_2_smoothed"
"87",36377,"DAG1A_long","long","DAG1A",139.112638662241,0.856849634675695,0.917683391282594,0.0148774461680705,"05.ForageFishNCC_DFA1","09.PredFishNCC_b_DFA1","06.Cond1NCC_DFA1","07.Cond2NCC_DFA1","12.ZooPreyAK_2_smoothed","10.PredMammalNCC_1_smoothed"
"88",36573,"DAG1A_long","long","DAG1A",139.116883325444,0.855879777927646,0.919266843651708,0.0144152198901886,"05.ForageFishNCC_DFA1","09.PredFishNCC_b_DFA1","06.Cond1NCC_DFA1","07.Cond2NCC_DFA1","13.FishPreyAK_DFA1","10.PredMammalNCC_1_smoothed"
"89",37161,"DAG1A_long","long","DAG1A",139.119094476891,0.772104597036359,0.90038089077018,0.00055913936909102,"05.ForageFishNCC_DFA1","09.PredFishNCC_b_DFA1","06.Cond1NCC_DFA1","07.Cond2NCC_DFA1","13.FishPreyAK_b_1_smoothed","10.PredMammalNCC_1_smoothed"
"90",36973,"DAG1A_long","long","DAG1A",139.145241687848,0.792476582705565,0.904276383980292,0.00136006175390369,"05.ForageFishNCC_DFA1","09.PredFishNCC_b_DFA1","06.Cond1NCC_DFA1","07.Cond2NCC_DFA1","13.FishPreyAK_b_0_smoothed","15.PredFishAK_1_smoothed"
"91",36395,"DAG1A_long","long","DAG1A",139.168452942485,0.801358635795092,0.905611858426375,0.00196549273515856,"05.ForageFishNCC_DFA1","09.PredFishNCC_b_DFA1","06.Cond1NCC_DFA1","07.Cond2NCC_DFA1","12.ZooPreyAK_2_smoothed","15.PredFishAK_b_DFA1"
"92",35863,"DAG1A_long","long","DAG1A",139.171737115852,0.826591706548485,0.917231800202357,0.00521585508503142,"05.ForageFishNCC_DFA1","11.PredMammalSmolt_0_smoothed","06.Cond1NCC_DFA1","07.Cond2NCC_DFA1","12.ZooPreyAK_DFA1","15.PredFishAK_b_DFA1"
"93",36981,"DAG1A_long","long","DAG1A",139.260279431109,0.812956968144622,0.899270844771944,0.00313802904293725,"05.ForageFishNCC_DFA1","09.PredFishNCC_b_DFA1","06.Cond1NCC_DFA1","07.Cond2NCC_DFA1","13.FishPreyAK_b_0_smoothed","15.PredFishAK_5_smoothed"
"94",36199,"DAG1A_long","long","DAG1A",139.290902947137,0.792875815890759,0.895684001951969,0.00140317207996243,"05.ForageFishNCC_DFA1","09.PredFishNCC_b_DFA1","06.Cond1NCC_DFA1","07.Cond2NCC_DFA1","12.ZooPreyAK_1_smoothed","15.PredFishAK_b_DFA1"
"95",36961,"DAG1A_long","long","DAG1A",139.3037743137,0.821080371155848,0.902440967375978,0.00429326019566678,"05.ForageFishNCC_DFA1","09.PredFishNCC_b_DFA1","06.Cond1NCC_DFA1","07.Cond2NCC_DFA1","13.FishPreyAK_b_0_smoothed","10.PredMammalNCC_DFA1"
"96",36983,"DAG1A_long","long","DAG1A",139.406814180305,0.762148486260526,0.890133156910822,0.00036658105008557,"05.ForageFishNCC_DFA1","09.PredFishNCC_b_DFA1","06.Cond1NCC_DFA1","07.Cond2NCC_DFA1","13.FishPreyAK_b_0_smoothed","15.PredFishAK_b_DFA1"
"97",36591,"DAG1A_long","long","DAG1A",139.427201164295,0.806399096357651,0.906664837366248,0.00246298856220795,"05.ForageFishNCC_DFA1","09.PredFishNCC_b_DFA1","06.Cond1NCC_DFA1","07.Cond2NCC_DFA1","13.FishPreyAK_DFA1","15.PredFishAK_b_DFA1"
"98",36969,"DAG1A_long","long","DAG1A",139.463880409949,0.832678655575392,0.911658221781532,0.00664996548684416,"05.ForageFishNCC_DFA1","09.PredFishNCC_b_DFA1","06.Cond1NCC_DFA1","07.Cond2NCC_DFA1","13.FishPreyAK_b_0_smoothed","10.PredMammalNCC_3_smoothed"
"99",36791,"DAG1A_long","long","DAG1A",139.46613910559,0.778770891040718,0.902935031277612,0.00078195923297619,"05.ForageFishNCC_DFA1","09.PredFishNCC_b_DFA1","06.Cond1NCC_DFA1","07.Cond2NCC_DFA1","13.FishPreyAK_b_DFA1","15.PredFishAK_b_3_smoothed"
"100",38281,"DAG1A_long","long","DAG1A",139.478847377376,0.925417081906312,0.937265576542308,0.104508575142973,"05.ForageFishNCC_DFA1","08.PredBirdNCC_b_2_smoothed","06.Cond1NCC_DFA1","07.Cond2NCC_DFA1","14.CompAK_1_smoothed","10.PredMammalNCC_1_smoothed"
"101",35801,"DAG1B_long","long","DAG1B",122.345335600027,1,0.988051876896944,0.901829218151554,"05.ForageFishNCC_DFA1","09.PredFishNCC_b_DFA1","06.Cond1NCC_DFA1","07.Cond2NCC_DFA1","12.ZooPreyAK_DFA1","15.PredFishAK_3_smoothed"
"102",35745,"DAG1B_long","long","DAG1B",125.209730104372,1,0.97093444425699,0.463598680269331,"05.ForageFishNCC_DFA1","08.PredBirdNCC_b_2_smoothed","06.Cond1NCC_DFA1","07.Cond2NCC_DFA1","12.ZooPreyAK_DFA1","15.PredFishAK_3_smoothed"
"103",35805,"DAG1B_long","long","DAG1B",125.570430498167,0.908272800771175,0.963958993395601,0.0436338985985116,"05.ForageFishNCC_DFA1","09.PredFishNCC_b_DFA1","06.Cond1NCC_DFA1","07.Cond2NCC_DFA1","12.ZooPreyAK_DFA1","15.PredFishAK_5_smoothed"
"104",35749,"DAG1B_long","long","DAG1B",128.434825002512,0.948271544723754,0.969916559269143,0.14743015556638,"05.ForageFishNCC_DFA1","08.PredBirdNCC_b_2_smoothed","06.Cond1NCC_DFA1","07.Cond2NCC_DFA1","12.ZooPreyAK_DFA1","15.PredFishAK_5_smoothed"
"105",24825,"DAG1B_long","long","DAG1B",129.545066312372,1,0.96588560196471,0.485633469480452,"04.CompFishNCC_smoothed","09.PredFishNCC_b_DFA1","06.Cond1NCC_DFA1","07.Cond2NCC_DFA1","12.ZooPreyAK_DFA1","15.PredFishAK_3_smoothed"
"106",35799,"DAG1B_long","long","DAG1B",129.649592752507,1,0.981035293285157,0.76394157968502,"05.ForageFishNCC_DFA1","09.PredFishNCC_b_DFA1","06.Cond1NCC_DFA1","07.Cond2NCC_DFA1","12.ZooPreyAK_DFA1","15.PredFishAK_2_smoothed"
"107",35791,"DAG1B_long","long","DAG1B",130.516894639979,0.969212293622284,0.951820060418656,0.245081765852622,"05.ForageFishNCC_DFA1","09.PredFishNCC_b_DFA1","06.Cond1NCC_DFA1","07.Cond2NCC_DFA1","12.ZooPreyAK_DFA1","10.PredMammalNCC_2_smoothed"
"108",35803,"DAG1B_long","long","DAG1B",130.542262750381,0.984282248109589,0.969865315793717,0.331445353986505,"05.ForageFishNCC_DFA1","09.PredFishNCC_b_DFA1","06.Cond1NCC_DFA1","07.Cond2NCC_DFA1","12.ZooPreyAK_DFA1","15.PredFishAK_4_smoothed"
"109",35797,"DAG1B_long","long","DAG1B",131.041626226107,0.995586027451931,0.96378208784316,0.406328877618237,"05.ForageFishNCC_DFA1","09.PredFishNCC_b_DFA1","06.Cond1NCC_DFA1","07.Cond2NCC_DFA1","12.ZooPreyAK_DFA1","15.PredFishAK_1_smoothed"
"110",35807,"DAG1B_long","long","DAG1B",131.229121354239,0.851327738794533,0.917026872876417,0.007596533357767,"05.ForageFishNCC_DFA1","09.PredFishNCC_b_DFA1","06.Cond1NCC_DFA1","07.Cond2NCC_DFA1","12.ZooPreyAK_DFA1","15.PredFishAK_b_DFA1"
"111",35987,"DAG1B_long","long","DAG1B",131.768687028853,0.963020446227519,0.951225973750165,0.217082342780684,"05.ForageFishNCC_DFA1","09.PredFishNCC_b_DFA1","06.Cond1NCC_DFA1","07.Cond2NCC_DFA1","12.ZooPreyAK_0_smoothed","10.PredMammalNCC_2_smoothed"
"112",35785,"DAG1B_long","long","DAG1B",131.854243590096,0.90023564065934,0.947068084128163,0.0420272249633906,"05.ForageFishNCC_DFA1","09.PredFishNCC_b_DFA1","06.Cond1NCC_DFA1","07.Cond2NCC_DFA1","12.ZooPreyAK_DFA1","10.PredMammalNCC_DFA1"
"113",37359,"DAG1B_long","long","DAG1B",132.017504923408,0.991130697454547,0.956302030437544,0.376887316792701,"05.ForageFishNCC_DFA1","09.PredFishNCC_b_DFA1","06.Cond1NCC_DFA1","07.Cond2NCC_DFA1","13.FishPreyAK_b_2_smoothed","10.PredMammalNCC_2_smoothed"
"114",36777,"DAG1B_long","long","DAG1B",132.060234264521,0.734172123010896,0.885990252065061,3.15859457299394e-05,"05.ForageFishNCC_DFA1","09.PredFishNCC_b_DFA1","06.Cond1NCC_DFA1","07.Cond2NCC_DFA1","13.FishPreyAK_b_DFA1","15.PredFishAK_1_smoothed"
"115",35809,"DAG1B_long","long","DAG1B",132.28843979423,0.96696027361542,0.953792026258034,0.237265446426535,"05.ForageFishNCC_DFA1","09.PredFishNCC_b_DFA1","06.Cond1NCC_DFA1","07.Cond2NCC_DFA1","12.ZooPreyAK_DFA1","15.PredFishAK_b_2_smoothed"
"116",35689,"DAG1B_long","long","DAG1B",132.371957127067,0.894706233332396,0.939204936129312,0.0361181915903198,"05.ForageFishNCC_DFA1","08.PredBirdNCC_DFA1","06.Cond1NCC_DFA1","07.Cond2NCC_DFA1","12.ZooPreyAK_DFA1","15.PredFishAK_3_smoothed"
"117",24769,"DAG1B_long","long","DAG1B",132.409460816718,0.985088925824695,0.948032590361658,0.338742129500742,"04.CompFishNCC_smoothed","08.PredBirdNCC_b_2_smoothed","06.Cond1NCC_DFA1","07.Cond2NCC_DFA1","12.ZooPreyAK_DFA1","15.PredFishAK_3_smoothed"
"118",35743,"DAG1B_long","long","DAG1B",132.513987256852,0.987505916919074,0.962001669174418,0.353966760547499,"05.ForageFishNCC_DFA1","08.PredBirdNCC_b_2_smoothed","06.Cond1NCC_DFA1","07.Cond2NCC_DFA1","12.ZooPreyAK_DFA1","15.PredFishAK_2_smoothed"
"119",35793,"DAG1B_long","long","DAG1B",132.675201802475,0.906793348665337,0.935349575262942,0.0526224463438048,"05.ForageFishNCC_DFA1","09.PredFishNCC_b_DFA1","06.Cond1NCC_DFA1","07.Cond2NCC_DFA1","12.ZooPreyAK_DFA1","10.PredMammalNCC_3_smoothed"
"120",35717,"DAG1B_long","long","DAG1B",132.721178598632,0.996661042581281,0.97169528897123,0.41427860140474,"05.ForageFishNCC_DFA1","08.PredBirdNCC_b_1_smoothed","06.Cond1NCC_DFA1","07.Cond2NCC_DFA1","12.ZooPreyAK_DFA1","15.PredFishAK_3_smoothed"
"121",37767,"DAG1B_long","long","DAG1B",132.742175601765,0.870771876915861,0.928473253214212,0.0167577728305704,"05.ForageFishNCC_DFA1","09.PredFishNCC_b_DFA1","06.Cond1NCC_DFA1","07.Cond2NCC_DFA1","13.FishPreyAK_b_4_smoothed","15.PredFishAK_b_DFA1"
"122",24829,"DAG1B_long","long","DAG1B",132.770161210512,0.902514996104211,0.94923565125256,0.0465138451689299,"04.CompFishNCC_smoothed","09.PredFishNCC_b_DFA1","06.Cond1NCC_DFA1","07.Cond2NCC_DFA1","12.ZooPreyAK_DFA1","15.PredFishAK_5_smoothed"
"123",35787,"DAG1B_long","long","DAG1B",132.776033551748,0.878960680889283,0.925924780069192,0.0221380689671068,"05.ForageFishNCC_DFA1","09.PredFishNCC_b_DFA1","06.Cond1NCC_DFA1","07.Cond2NCC_DFA1","12.ZooPreyAK_DFA1","10.PredMammalNCC_0_smoothed"
"124",36007,"DAG1B_long","long","DAG1B",132.783566285109,0.987016278102114,0.960926215503137,0.351166555843937,"05.ForageFishNCC_DFA1","09.PredFishNCC_b_DFA1","06.Cond1NCC_DFA1","07.Cond2NCC_DFA1","12.ZooPreyAK_0_smoothed","15.PredFishAK_b_3_smoothed"
"125",35795,"DAG1B_long","long","DAG1B",132.831105997441,0.974616142299234,0.9621980801086,0.278320188115449,"05.ForageFishNCC_DFA1","09.PredFishNCC_b_DFA1","06.Cond1NCC_DFA1","07.Cond2NCC_DFA1","12.ZooPreyAK_DFA1","15.PredFishAK_0_smoothed"
"126",35789,"DAG1B_long","long","DAG1B",132.859966352516,0.861176152723049,0.922472433018147,0.0120466718132793,"05.ForageFishNCC_DFA1","09.PredFishNCC_b_DFA1","06.Cond1NCC_DFA1","07.Cond2NCC_DFA1","12.ZooPreyAK_DFA1","10.PredMammalNCC_1_smoothed"
"127",35811,"DAG1B_long","long","DAG1B",132.91904568171,1,0.968770435999793,0.549772742288263,"05.ForageFishNCC_DFA1","09.PredFishNCC_b_DFA1","06.Cond1NCC_DFA1","07.Cond2NCC_DFA1","12.ZooPreyAK_DFA1","15.PredFishAK_b_3_smoothed"
"128",35773,"DAG1B_long","long","DAG1B",133.155335039279,0.837351842702821,0.932325466140907,0.00503602470572018,"05.ForageFishNCC_DFA1","09.PredFishNCC_DFA1","06.Cond1NCC_DFA1","07.Cond2NCC_DFA1","12.ZooPreyAK_DFA1","15.PredFishAK_3_smoothed"
"129",35735,"DAG1B_long","long","DAG1B",133.381289144325,0.99358233330508,0.958602953942072,0.393931673105622,"05.ForageFishNCC_DFA1","08.PredBirdNCC_b_2_smoothed","06.Cond1NCC_DFA1","07.Cond2NCC_DFA1","12.ZooPreyAK_DFA1","10.PredMammalNCC_2_smoothed"
"130",35747,"DAG1B_long","long","DAG1B",133.406657254726,0.954380037926834,0.960283406823086,0.182876678041129,"05.ForageFishNCC_DFA1","08.PredBirdNCC_b_2_smoothed","06.Cond1NCC_DFA1","07.Cond2NCC_DFA1","12.ZooPreyAK_DFA1","15.PredFishAK_4_smoothed"
"131",35857,"DAG1B_long","long","DAG1B",133.447918090815,0.753084963167579,0.911866499305739,0.00010938228430335,"05.ForageFishNCC_DFA1","11.PredMammalSmolt_0_smoothed","06.Cond1NCC_DFA1","07.Cond2NCC_DFA1","12.ZooPreyAK_DFA1","15.PredFishAK_3_smoothed"
"132",35829,"DAG1B_long","long","DAG1B",133.655599982961,0.898923053045603,0.94242710182009,0.0431172573898085,"05.ForageFishNCC_DFA1","11.PredMammalSmolt_DFA1","06.Cond1NCC_DFA1","07.Cond2NCC_DFA1","12.ZooPreyAK_DFA1","15.PredFishAK_3_smoothed"
"133",35741,"DAG1B_long","long","DAG1B",133.906020730453,0.968231124735152,0.952706209525877,0.246971736394055,"05.ForageFishNCC_DFA1","08.PredBirdNCC_b_2_smoothed","06.Cond1NCC_DFA1","07.Cond2NCC_DFA1","12.ZooPreyAK_DFA1","15.PredFishAK_1_smoothed"
"134",37553,"DAG1B_long","long","DAG1B",134.092978567688,0.900719647111287,0.929563142757812,0.0462040205981311,"05.ForageFishNCC_DFA1","09.PredFishNCC_b_DFA1","06.Cond1NCC_DFA1","07.Cond2NCC_DFA1","13.FishPreyAK_b_3_smoothed","10.PredMammalNCC_1_smoothed"
"135",35751,"DAG1B_long","long","DAG1B",134.093515858584,0.864447443636251,0.919692151889261,0.0144749463760921,"05.ForageFishNCC_DFA1","08.PredBirdNCC_b_2_smoothed","06.Cond1NCC_DFA1","07.Cond2NCC_DFA1","12.ZooPreyAK_DFA1","15.PredFishAK_b_DFA1"
"136",37357,"DAG1B_long","long","DAG1B",134.510537528001,0.926218848165838,0.940140263485903,0.0946519276951746,"05.ForageFishNCC_DFA1","09.PredFishNCC_b_DFA1","06.Cond1NCC_DFA1","07.Cond2NCC_DFA1","13.FishPreyAK_b_2_smoothed","10.PredMammalNCC_1_smoothed"
"137",35931,"DAG1B_long","long","DAG1B",134.633081533199,0.925240735972694,0.938303730830127,0.0925622019490611,"05.ForageFishNCC_DFA1","08.PredBirdNCC_b_2_smoothed","06.Cond1NCC_DFA1","07.Cond2NCC_DFA1","12.ZooPreyAK_0_smoothed","10.PredMammalNCC_2_smoothed"
"138",36199,"DAG1B_long","long","DAG1B",134.650823710124,0.846293236668795,0.94596307870609,0.0078288160742308,"05.ForageFishNCC_DFA1","09.PredFishNCC_b_DFA1","06.Cond1NCC_DFA1","07.Cond2NCC_DFA1","12.ZooPreyAK_1_smoothed","15.PredFishAK_b_DFA1"
"139",35729,"DAG1B_long","long","DAG1B",134.718638094441,0.943538786589869,0.954058698160613,0.1455346584012,"05.ForageFishNCC_DFA1","08.PredBirdNCC_b_2_smoothed","06.Cond1NCC_DFA1","07.Cond2NCC_DFA1","12.ZooPreyAK_DFA1","10.PredMammalNCC_DFA1"
"140",37303,"DAG1B_long","long","DAG1B",134.881899427753,0.975069697346326,0.951177414041406,0.284469309471388,"05.ForageFishNCC_DFA1","08.PredBirdNCC_b_2_smoothed","06.Cond1NCC_DFA1","07.Cond2NCC_DFA1","13.FishPreyAK_b_2_smoothed","10.PredMammalNCC_2_smoothed"
"141",36003,"DAG1B_long","long","DAG1B",134.917133247778,0.871527800502838,0.932823933241382,0.0192053915456534,"05.ForageFishNCC_DFA1","09.PredFishNCC_b_DFA1","06.Cond1NCC_DFA1","07.Cond2NCC_DFA1","12.ZooPreyAK_0_smoothed","15.PredFishAK_b_DFA1"
"142",36721,"DAG1B_long","long","DAG1B",134.924628768867,0.76836147107202,0.899937088850206,0.00028688485574457,"05.ForageFishNCC_DFA1","08.PredBirdNCC_b_2_smoothed","06.Cond1NCC_DFA1","07.Cond2NCC_DFA1","13.FishPreyAK_b_DFA1","15.PredFishAK_1_smoothed"
"143",35991,"DAG1B_long","long","DAG1B",134.98873215003,0.913453376269968,0.942268098771754,0.0682922681386535,"05.ForageFishNCC_DFA1","09.PredFishNCC_b_DFA1","06.Cond1NCC_DFA1","07.Cond2NCC_DFA1","12.ZooPreyAK_0_smoothed","15.PredFishAK_0_smoothed"
"144",36001,"DAG1B_long","long","DAG1B",135.021096326709,0.929693552323017,0.942239874595304,0.104641942804833,"05.ForageFishNCC_DFA1","09.PredFishNCC_b_DFA1","06.Cond1NCC_DFA1","07.Cond2NCC_DFA1","12.ZooPreyAK_0_smoothed","15.PredFishAK_5_smoothed"
"145",35985,"DAG1B_long","long","DAG1B",135.049838089285,0.907971421509201,0.932943129981882,0.0587877476115121,"05.ForageFishNCC_DFA1","09.PredFishNCC_b_DFA1","06.Cond1NCC_DFA1","07.Cond2NCC_DFA1","12.ZooPreyAK_0_smoothed","10.PredMammalNCC_1_smoothed"
"146",35989,"DAG1B_long","long","DAG1B",135.098335866063,0.884440906245768,0.930974391501742,0.029336672843135,"05.ForageFishNCC_DFA1","09.PredFishNCC_b_DFA1","06.Cond1NCC_DFA1","07.Cond2NCC_DFA1","12.ZooPreyAK_0_smoothed","10.PredMammalNCC_3_smoothed"
"147",35753,"DAG1B_long","long","DAG1B",135.152834298575,1,0.963996586885574,0.49981773146387,"05.ForageFishNCC_DFA1","08.PredBirdNCC_b_2_smoothed","06.Cond1NCC_DFA1","07.Cond2NCC_DFA1","12.ZooPreyAK_DFA1","15.PredFishAK_b_2_smoothed"
"148",36181,"DAG1B_long","long","DAG1B",135.213806651751,0.882682715510119,0.926926536250977,0.0279076812712253,"05.ForageFishNCC_DFA1","09.PredFishNCC_b_DFA1","06.Cond1NCC_DFA1","07.Cond2NCC_DFA1","12.ZooPreyAK_1_smoothed","10.PredMammalNCC_1_smoothed"
"149",35737,"DAG1B_long","long","DAG1B",135.539596306821,0.908736091548773,0.934438899146098,0.0609978656390089,"05.ForageFishNCC_DFA1","08.PredBirdNCC_b_2_smoothed","06.Cond1NCC_DFA1","07.Cond2NCC_DFA1","12.ZooPreyAK_DFA1","10.PredMammalNCC_3_smoothed"
"150",37571,"DAG1B_long","long","DAG1B",135.559758790859,0.847724020051251,0.933837726193927,0.00874748707184636,"05.ForageFishNCC_DFA1","09.PredFishNCC_b_DFA1","06.Cond1NCC_DFA1","07.Cond2NCC_DFA1","13.FishPreyAK_b_3_smoothed","15.PredFishAK_b_DFA1"
"151",35999,"DAG1B_long","long","DAG1B",135.578750688309,0.942237535586537,0.946411658599482,0.143290526153714,"05.ForageFishNCC_DFA1","09.PredFishNCC_b_DFA1","06.Cond1NCC_DFA1","07.Cond2NCC_DFA1","12.ZooPreyAK_0_smoothed","15.PredFishAK_4_smoothed"
"152",35693,"DAG1B_long","long","DAG1B",135.597052025207,0.912849483187513,0.964115658080393,0.0684004743260201,"05.ForageFishNCC_DFA1","08.PredBirdNCC_DFA1","06.Cond1NCC_DFA1","07.Cond2NCC_DFA1","12.ZooPreyAK_DFA1","15.PredFishAK_5_smoothed"
"153",37711,"DAG1B_long","long","DAG1B",135.60657010611,0.883773849466198,0.931155220089676,0.0293806598739615,"05.ForageFishNCC_DFA1","08.PredBirdNCC_b_2_smoothed","06.Cond1NCC_DFA1","07.Cond2NCC_DFA1","13.FishPreyAK_b_4_smoothed","15.PredFishAK_b_DFA1"
"154",24773,"DAG1B_long","long","DAG1B",135.634555714858,0.983154177732706,0.960999990065303,0.33119330923728,"04.CompFishNCC_smoothed","08.PredBirdNCC_b_2_smoothed","06.Cond1NCC_DFA1","07.Cond2NCC_DFA1","12.ZooPreyAK_DFA1","15.PredFishAK_5_smoothed"
"155",35731,"DAG1B_long","long","DAG1B",135.640428056093,0.893770346272341,0.92678855345559,0.0398497102221534,"05.ForageFishNCC_DFA1","08.PredBirdNCC_b_2_smoothed","06.Cond1NCC_DFA1","07.Cond2NCC_DFA1","12.ZooPreyAK_DFA1","10.PredMammalNCC_0_smoothed"
"156",35951,"DAG1B_long","long","DAG1B",135.647960789454,0.944766832794353,0.945566737046174,0.152068191852097,"05.ForageFishNCC_DFA1","08.PredBirdNCC_b_2_smoothed","06.Cond1NCC_DFA1","07.Cond2NCC_DFA1","12.ZooPreyAK_0_smoothed","15.PredFishAK_b_3_smoothed"
"157",35739,"DAG1B_long","long","DAG1B",135.695500501786,0.994927889521124,0.962511471729405,0.403893767539312,"05.ForageFishNCC_DFA1","08.PredBirdNCC_b_2_smoothed","06.Cond1NCC_DFA1","07.Cond2NCC_DFA1","12.ZooPreyAK_DFA1","15.PredFishAK_0_smoothed"
"158",35733,"DAG1B_long","long","DAG1B",135.724360856861,0.892417544597405,0.931067492856034,0.0384046231648139,"05.ForageFishNCC_DFA1","08.PredBirdNCC_b_2_smoothed","06.Cond1NCC_DFA1","07.Cond2NCC_DFA1","12.ZooPreyAK_DFA1","10.PredMammalNCC_1_smoothed"
"159",36775,"DAG1B_long","long","DAG1B",135.746976636595,0.72954281756418,0.932190864993819,4.22127362222913e-05,"05.ForageFishNCC_DFA1","09.PredFishNCC_b_DFA1","06.Cond1NCC_DFA1","07.Cond2NCC_DFA1","13.FishPreyAK_b_DFA1","15.PredFishAK_0_smoothed"
"160",35755,"DAG1B_long","long","DAG1B",135.783440186055,0.989271309328207,0.959219999679483,0.368172330036519,"05.ForageFishNCC_DFA1","08.PredBirdNCC_b_2_smoothed","06.Cond1NCC_DFA1","07.Cond2NCC_DFA1","12.ZooPreyAK_DFA1","15.PredFishAK_b_3_smoothed"
"161",37361,"DAG1B_long","long","DAG1B",135.90469307129,0.940618842065939,0.944379112310103,0.138792773510598,"05.ForageFishNCC_DFA1","09.PredFishNCC_b_DFA1","06.Cond1NCC_DFA1","07.Cond2NCC_DFA1","13.FishPreyAK_b_2_smoothed","10.PredMammalNCC_3_smoothed"
"162",35981,"DAG1B_long","long","DAG1B",135.911115673423,0.914733417264068,0.938059322521544,0.072625968424422,"05.ForageFishNCC_DFA1","09.PredFishNCC_b_DFA1","06.Cond1NCC_DFA1","07.Cond2NCC_DFA1","12.ZooPreyAK_0_smoothed","10.PredMammalNCC_DFA1"
"163",35993,"DAG1B_long","long","DAG1B",135.920019107919,0.853899584703659,0.924492601538519,0.0111414940310652,"05.ForageFishNCC_DFA1","09.PredFishNCC_b_DFA1","06.Cond1NCC_DFA1","07.Cond2NCC_DFA1","12.ZooPreyAK_0_smoothed","15.PredFishAK_1_smoothed"
"164",36581,"DAG1B_long","long","DAG1B",135.922294618572,0.942120345451258,0.955322549347039,0.143760238466676,"05.ForageFishNCC_DFA1","09.PredFishNCC_b_DFA1","06.Cond1NCC_DFA1","07.Cond2NCC_DFA1","13.FishPreyAK_DFA1","15.PredFishAK_1_smoothed"
"165",35721,"DAG1B_long","long","DAG1B",135.946273496772,0.900794216706251,0.963467164506198,0.0494505967028034,"05.ForageFishNCC_DFA1","08.PredBirdNCC_b_1_smoothed","06.Cond1NCC_DFA1","07.Cond2NCC_DFA1","12.ZooPreyAK_DFA1","15.PredFishAK_5_smoothed"
"166",37751,"DAG1B_long","long","DAG1B",135.967869653995,0.921034381086667,0.933667283665042,0.0858535789755315,"05.ForageFishNCC_DFA1","09.PredFishNCC_b_DFA1","06.Cond1NCC_DFA1","07.Cond2NCC_DFA1","13.FishPreyAK_b_4_smoothed","10.PredMammalNCC_2_smoothed"
"167",36005,"DAG1B_long","long","DAG1B",136.080031979004,0.977984977550949,0.953318443404683,0.302463611341353,"05.ForageFishNCC_DFA1","09.PredFishNCC_b_DFA1","06.Cond1NCC_DFA1","07.Cond2NCC_DFA1","12.ZooPreyAK_0_smoothed","15.PredFishAK_b_2_smoothed"
"168",35997,"DAG1B_long","long","DAG1B",136.093705236442,0.991671066780092,0.957880069088414,0.38337173581007,"05.ForageFishNCC_DFA1","09.PredFishNCC_b_DFA1","06.Cond1NCC_DFA1","07.Cond2NCC_DFA1","12.ZooPreyAK_0_smoothed","15.PredFishAK_3_smoothed"
"169",37749,"DAG1B_long","long","DAG1B",136.114401931812,0.878100359250082,0.925626632034361,0.0251756775708115,"05.ForageFishNCC_DFA1","09.PredFishNCC_b_DFA1","06.Cond1NCC_DFA1","07.Cond2NCC_DFA1","13.FishPreyAK_b_4_smoothed","10.PredMammalNCC_1_smoothed"
"170",35983,"DAG1B_long","long","DAG1B",136.123923006749,0.860521443292058,0.926746693492299,0.0141661810255757,"05.ForageFishNCC_DFA1","09.PredFishNCC_b_DFA1","06.Cond1NCC_DFA1","07.Cond2NCC_DFA1","12.ZooPreyAK_0_smoothed","10.PredMammalNCC_0_smoothed"
"171",35995,"DAG1B_long","long","DAG1B",136.136506460296,0.974899963010652,0.953435032724686,0.285819111013607,"05.ForageFishNCC_DFA1","09.PredFishNCC_b_DFA1","06.Cond1NCC_DFA1","07.Cond2NCC_DFA1","12.ZooPreyAK_0_smoothed","15.PredFishAK_2_smoothed"
"172",36183,"DAG1B_long","long","DAG1B",136.309708382444,0.903854829787947,0.929679109048911,0.054604218724369,"05.ForageFishNCC_DFA1","09.PredFishNCC_b_DFA1","06.Cond1NCC_DFA1","07.Cond2NCC_DFA1","12.ZooPreyAK_1_smoothed","10.PredMammalNCC_2_smoothed"
"173",35777,"DAG1B_long","long","DAG1B",136.380429937419,0.93028073562124,0.968338783626343,0.109443581332223,"05.ForageFishNCC_DFA1","09.PredFishNCC_DFA1","06.Cond1NCC_DFA1","07.Cond2NCC_DFA1","12.ZooPreyAK_DFA1","15.PredFishAK_5_smoothed"
"174",37375,"DAG1B_long","long","DAG1B",136.418065083042,0.861140586647763,0.935381163097239,0.0147077663713897,"05.ForageFishNCC_DFA1","09.PredFishNCC_b_DFA1","06.Cond1NCC_DFA1","07.Cond2NCC_DFA1","13.FishPreyAK_b_2_smoothed","15.PredFishAK_b_DFA1"
"175",35861,"DAG1B_long","long","DAG1B",136.673012988955,0.722985242119413,0.934225680743365,3.37737716576969e-05,"05.ForageFishNCC_DFA1","11.PredMammalSmolt_0_smoothed","06.Cond1NCC_DFA1","07.Cond2NCC_DFA1","12.ZooPreyAK_DFA1","15.PredFishAK_5_smoothed"
"176",37179,"DAG1B_long","long","DAG1B",136.729354408072,0.799037802277714,0.914742862620043,0.00141693621101902,"05.ForageFishNCC_DFA1","09.PredFishNCC_b_DFA1","06.Cond1NCC_DFA1","07.Cond2NCC_DFA1","13.FishPreyAK_b_1_smoothed","15.PredFishAK_b_DFA1"
"177",38355,"DAG1B_long","long","DAG1B",136.826068086112,0.852579999195653,0.931534597129666,0.0112431362731754,"05.ForageFishNCC_DFA1","09.PredFishNCC_b_DFA1","06.Cond1NCC_DFA1","07.Cond2NCC_DFA1","14.CompAK_1_smoothed","15.PredFishAK_b_DFA1"
"178",24823,"DAG1B_long","long","DAG1B",136.849323464852,0.980210825733078,0.945856971700395,0.316071457538811,"04.CompFishNCC_smoothed","09.PredFishNCC_b_DFA1","06.Cond1NCC_DFA1","07.Cond2NCC_DFA1","12.ZooPreyAK_DFA1","15.PredFishAK_2_smoothed"
"179",35833,"DAG1B_long","long","DAG1B",136.880694881101,0.86189577065889,0.959172719265428,0.015479957402712,"05.ForageFishNCC_DFA1","11.PredMammalSmolt_DFA1","06.Cond1NCC_DFA1","07.Cond2NCC_DFA1","12.ZooPreyAK_DFA1","15.PredFishAK_5_smoothed"
"180",37957,"DAG1B_long","long","DAG1B",136.945794624423,0.77421796590507,0.905091748977809,0.00048023865078528,"05.ForageFishNCC_DFA1","09.PredFishNCC_b_DFA1","06.Cond1NCC_DFA1","07.Cond2NCC_DFA1","14.CompAK_smoothed","15.PredFishAK_3_smoothed"
"181",37497,"DAG1B_long","long","DAG1B",136.957373072033,0.920991991741325,0.93633779307773,0.0879987586353275,"05.ForageFishNCC_DFA1","08.PredBirdNCC_b_2_smoothed","06.Cond1NCC_DFA1","07.Cond2NCC_DFA1","13.FishPreyAK_b_3_smoothed","10.PredMammalNCC_1_smoothed"
"182",36379,"DAG1B_long","long","DAG1B",137.032223015709,0.941134698938971,0.939652219728102,0.143316584797228,"05.ForageFishNCC_DFA1","09.PredFishNCC_b_DFA1","06.Cond1NCC_DFA1","07.Cond2NCC_DFA1","12.ZooPreyAK_2_smoothed","10.PredMammalNCC_2_smoothed"
"183",38337,"DAG1B_long","long","DAG1B",137.048053009352,0.887993616748109,0.927846755902449,0.0355218409249092,"05.ForageFishNCC_DFA1","09.PredFishNCC_b_DFA1","06.Cond1NCC_DFA1","07.Cond2NCC_DFA1","14.CompAK_1_smoothed","10.PredMammalNCC_1_smoothed"
"184",36771,"DAG1B_long","long","DAG1B",137.157761002864,0.772127060778596,0.897224174455683,0.00044643132784083,"05.ForageFishNCC_DFA1","09.PredFishNCC_b_DFA1","06.Cond1NCC_DFA1","07.Cond2NCC_DFA1","13.FishPreyAK_b_DFA1","10.PredMammalNCC_2_smoothed"
"185",36779,"DAG1B_long","long","DAG1B",137.18250432093,0.694514134503921,0.890619055571575,6.92763372334149e-06,"05.ForageFishNCC_DFA1","09.PredFishNCC_b_DFA1","06.Cond1NCC_DFA1","07.Cond2NCC_DFA1","13.FishPreyAK_b_DFA1","15.PredFishAK_2_smoothed"
"186",38339,"DAG1B_long","long","DAG1B",137.292519707566,0.94900757984339,0.942992003146626,0.171484682125768,"05.ForageFishNCC_DFA1","09.PredFishNCC_b_DFA1","06.Cond1NCC_DFA1","07.Cond2NCC_DFA1","14.CompAK_1_smoothed","10.PredMammalNCC_2_smoothed"
"187",38349,"DAG1B_long","long","DAG1B",137.30136594807,1,0.963282856442545,0.503912104447794,"05.ForageFishNCC_DFA1","09.PredFishNCC_b_DFA1","06.Cond1NCC_DFA1","07.Cond2NCC_DFA1","14.CompAK_1_smoothed","15.PredFishAK_3_smoothed"
"188",37301,"DAG1B_long","long","DAG1B",137.374932032346,0.892121784526047,0.924892416754123,0.0406353542267305,"05.ForageFishNCC_DFA1","08.PredBirdNCC_b_2_smoothed","06.Cond1NCC_DFA1","07.Cond2NCC_DFA1","13.FishPreyAK_b_2_smoothed","10.PredMammalNCC_1_smoothed"
"189",36985,"DAG1B_long","long","DAG1B",137.402098005763,0.799098809297096,0.904510431589867,0.00151501889042482,"05.ForageFishNCC_DFA1","09.PredFishNCC_b_DFA1","06.Cond1NCC_DFA1","07.Cond2NCC_DFA1","13.FishPreyAK_b_0_smoothed","15.PredFishAK_b_2_smoothed"
"190",36965,"DAG1B_long","long","DAG1B",137.475397309042,0.822565268152848,0.906258650713035,0.00392583035429417,"05.ForageFishNCC_DFA1","09.PredFishNCC_b_DFA1","06.Cond1NCC_DFA1","07.Cond2NCC_DFA1","13.FishPreyAK_b_0_smoothed","10.PredMammalNCC_1_smoothed"
"191",37163,"DAG1B_long","long","DAG1B",137.47653261247,0.892594727411224,0.927990128639319,0.0413606999127861,"05.ForageFishNCC_DFA1","09.PredFishNCC_b_DFA1","06.Cond1NCC_DFA1","07.Cond2NCC_DFA1","13.FishPreyAK_b_1_smoothed","10.PredMammalNCC_2_smoothed"
"192",36143,"DAG1B_long","long","DAG1B",137.51521821447,0.861996576420005,0.949956051108053,0.0160891904263577,"05.ForageFishNCC_DFA1","08.PredBirdNCC_b_2_smoothed","06.Cond1NCC_DFA1","07.Cond2NCC_DFA1","12.ZooPreyAK_1_smoothed","15.PredFishAK_b_DFA1"
"193",37963,"DAG1B_long","long","DAG1B",137.578134690433,0.81280621052663,0.924377090595439,0.00270042145303417,"05.ForageFishNCC_DFA1","09.PredFishNCC_b_DFA1","06.Cond1NCC_DFA1","07.Cond2NCC_DFA1","14.CompAK_smoothed","15.PredFishAK_b_DFA1"
"194",36983,"DAG1B_long","long","DAG1B",137.592538131494,0.782259169607766,0.910590472828331,0.00074413656788008,"05.ForageFishNCC_DFA1","09.PredFishNCC_b_DFA1","06.Cond1NCC_DFA1","07.Cond2NCC_DFA1","13.FishPreyAK_b_0_smoothed","15.PredFishAK_b_DFA1"
"195",24815,"DAG1B_long","long","DAG1B",137.716625352325,0.937359368177699,0.888274812719075,0.133107704392574,"04.CompFishNCC_smoothed","09.PredFishNCC_b_DFA1","06.Cond1NCC_DFA1","07.Cond2NCC_DFA1","12.ZooPreyAK_DFA1","10.PredMammalNCC_2_smoothed"
"196",24827,"DAG1B_long","long","DAG1B",137.741993462727,0.957434687700615,0.946409093588905,0.206036348944915,"04.CompFishNCC_smoothed","09.PredFishNCC_b_DFA1","06.Cond1NCC_DFA1","07.Cond2NCC_DFA1","12.ZooPreyAK_DFA1","15.PredFishAK_4_smoothed"
"197",35947,"DAG1B_long","long","DAG1B",137.781527752123,0.844714571643817,0.920067725630284,0.00907600387845986,"05.ForageFishNCC_DFA1","08.PredBirdNCC_b_2_smoothed","06.Cond1NCC_DFA1","07.Cond2NCC_DFA1","12.ZooPreyAK_0_smoothed","15.PredFishAK_b_DFA1"
"198",36967,"DAG1B_long","long","DAG1B",137.833061887112,0.900195336382085,0.930717903152948,0.0519822162929031,"05.ForageFishNCC_DFA1","09.PredFishNCC_b_DFA1","06.Cond1NCC_DFA1","07.Cond2NCC_DFA1","13.FishPreyAK_b_0_smoothed","10.PredMammalNCC_2_smoothed"
"199",35935,"DAG1B_long","long","DAG1B",137.853126654375,0.930668456840758,0.941678332273426,0.114111061531373,"05.ForageFishNCC_DFA1","08.PredBirdNCC_b_2_smoothed","06.Cond1NCC_DFA1","07.Cond2NCC_DFA1","12.ZooPreyAK_0_smoothed","15.PredFishAK_0_smoothed"
"200",35945,"DAG1B_long","long","DAG1B",137.885490831055,0.891621446996189,0.92625604591735,0.0408684006914514,"05.ForageFishNCC_DFA1","08.PredBirdNCC_b_2_smoothed","06.Cond1NCC_DFA1","07.Cond2NCC_DFA1","12.ZooPreyAK_0_smoothed","15.PredFishAK_5_smoothed"
"201",41690,"DAG1C_long","long","DAG1C",86.1796928081991,1,0.984541603433373,0.801931660414928,"05.ForageFishNCC_1_smoothed","09.PredFishNCC_b_DFA1","06.Cond1NCC_0_smoothed","07.Cond2NCC_DFA1","12.ZooPreyAK_1_smoothed","15.PredFishAK_b_2_smoothed"
"202",25212,"DAG1C_long","long","DAG1C",87.0814516378663,1,0.962684762624109,0.454570749695759,"04.CompFishNCC_smoothed","09.PredFishNCC_b_DFA1","06.Cond1NCC_0_smoothed","07.Cond2NCC_DFA1","12.ZooPreyAK_1_smoothed","15.PredFishAK_0_smoothed"
"203",25224,"DAG1C_long","long","DAG1C",87.2812849065152,0.942216284409112,0.90369109763274,0.0979314221690895,"04.CompFishNCC_smoothed","09.PredFishNCC_b_DFA1","06.Cond1NCC_0_smoothed","07.Cond2NCC_DFA1","12.ZooPreyAK_1_smoothed","15.PredFishAK_b_DFA1"
"204",25216,"DAG1C_long","long","DAG1C",88.1177535785736,1,0.963172687891116,0.469807995935614,"04.CompFishNCC_smoothed","09.PredFishNCC_b_DFA1","06.Cond1NCC_0_smoothed","07.Cond2NCC_DFA1","12.ZooPreyAK_1_smoothed","15.PredFishAK_2_smoothed"
"205",41686,"DAG1C_long","long","DAG1C",88.5227147487367,1,0.95061289674512,0.501579600411145,"05.ForageFishNCC_1_smoothed","09.PredFishNCC_b_DFA1","06.Cond1NCC_0_smoothed","07.Cond2NCC_DFA1","12.ZooPreyAK_1_smoothed","15.PredFishAK_5_smoothed"
"206",41682,"DAG1C_long","long","DAG1C",89.2054353153164,1,0.978729662139746,0.786709900491459,"05.ForageFishNCC_1_smoothed","09.PredFishNCC_b_DFA1","06.Cond1NCC_0_smoothed","07.Cond2NCC_DFA1","12.ZooPreyAK_1_smoothed","15.PredFishAK_3_smoothed"
"207",25214,"DAG1C_long","long","DAG1C",89.2347558079775,1,0.958153209420229,0.478206545397435,"04.CompFishNCC_smoothed","09.PredFishNCC_b_DFA1","06.Cond1NCC_0_smoothed","07.Cond2NCC_DFA1","12.ZooPreyAK_1_smoothed","15.PredFishAK_1_smoothed"
"208",41688,"DAG1C_long","long","DAG1C",89.2578753923996,0.874438820136464,0.773080952459895,0.0151692694085321,"05.ForageFishNCC_1_smoothed","09.PredFishNCC_b_DFA1","06.Cond1NCC_0_smoothed","07.Cond2NCC_DFA1","12.ZooPreyAK_1_smoothed","15.PredFishAK_b_DFA1"
"209",25226,"DAG1C_long","long","DAG1C",89.284306709596,1,0.95832940535136,0.481311580372359,"04.CompFishNCC_smoothed","09.PredFishNCC_b_DFA1","06.Cond1NCC_0_smoothed","07.Cond2NCC_DFA1","12.ZooPreyAK_1_smoothed","15.PredFishAK_b_2_smoothed"
"210",25220,"DAG1C_long","long","DAG1C",89.3473773955827,1,0.957540221654286,0.476159559357371,"04.CompFishNCC_smoothed","09.PredFishNCC_b_DFA1","06.Cond1NCC_0_smoothed","07.Cond2NCC_DFA1","12.ZooPreyAK_1_smoothed","15.PredFishAK_4_smoothed"
"211",25218,"DAG1C_long","long","DAG1C",89.7087524282316,1,0.958104863231802,0.481654431754703,"04.CompFishNCC_smoothed","09.PredFishNCC_b_DFA1","06.Cond1NCC_0_smoothed","07.Cond2NCC_DFA1","12.ZooPreyAK_1_smoothed","15.PredFishAK_3_smoothed"
"212",25210,"DAG1C_long","long","DAG1C",90.0715824925483,1,0.950556970303706,0.408133120557666,"04.CompFishNCC_smoothed","09.PredFishNCC_b_DFA1","06.Cond1NCC_0_smoothed","07.Cond2NCC_DFA1","12.ZooPreyAK_1_smoothed","10.PredMammalNCC_3_smoothed"
"213",25222,"DAG1C_long","long","DAG1C",90.0791499505766,1,0.951948182217424,0.448704859867377,"04.CompFishNCC_smoothed","09.PredFishNCC_b_DFA1","06.Cond1NCC_0_smoothed","07.Cond2NCC_DFA1","12.ZooPreyAK_1_smoothed","15.PredFishAK_5_smoothed"
"214",41678,"DAG1C_long","long","DAG1C",90.1914192602812,1,0.978471082939895,0.811448229544497,"05.ForageFishNCC_1_smoothed","09.PredFishNCC_b_DFA1","06.Cond1NCC_0_smoothed","07.Cond2NCC_DFA1","12.ZooPreyAK_1_smoothed","15.PredFishAK_1_smoothed"
"215",41680,"DAG1C_long","long","DAG1C",90.2099948957366,1,0.978224584945642,0.807237553283241,"05.ForageFishNCC_1_smoothed","09.PredFishNCC_b_DFA1","06.Cond1NCC_0_smoothed","07.Cond2NCC_DFA1","12.ZooPreyAK_1_smoothed","15.PredFishAK_2_smoothed"
"216",25206,"DAG1C_long","long","DAG1C",90.3583296970224,0.923637775609417,0.87172170030323,0.0659907302962734,"04.CompFishNCC_smoothed","09.PredFishNCC_b_DFA1","06.Cond1NCC_0_smoothed","07.Cond2NCC_DFA1","12.ZooPreyAK_1_smoothed","10.PredMammalNCC_1_smoothed"
"217",41670,"DAG1C_long","long","DAG1C",90.4543470923232,0.942590150604658,0.854007367419493,0.107632206731584,"05.ForageFishNCC_1_smoothed","09.PredFishNCC_b_DFA1","06.Cond1NCC_0_smoothed","07.Cond2NCC_DFA1","12.ZooPreyAK_1_smoothed","10.PredMammalNCC_1_smoothed"
"218",25208,"DAG1C_long","long","DAG1C",90.81168021242,1,0.952077377954339,0.467084214073106,"04.CompFishNCC_smoothed","09.PredFishNCC_b_DFA1","06.Cond1NCC_0_smoothed","07.Cond2NCC_DFA1","12.ZooPreyAK_1_smoothed","10.PredMammalNCC_2_smoothed"
"219",25228,"DAG1C_long","long","DAG1C",90.8151310464894,1,0.952971606424476,0.481278880785193,"04.CompFishNCC_smoothed","09.PredFishNCC_b_DFA1","06.Cond1NCC_0_smoothed","07.Cond2NCC_DFA1","12.ZooPreyAK_1_smoothed","15.PredFishAK_b_3_smoothed"
"220",25202,"DAG1C_long","long","DAG1C",90.8599637867059,1,0.945243557312626,0.411088949901374,"04.CompFishNCC_smoothed","09.PredFishNCC_b_DFA1","06.Cond1NCC_0_smoothed","07.Cond2NCC_DFA1","12.ZooPreyAK_1_smoothed","10.PredMammalNCC_DFA1"
"221",5208,"DAG1C_long","long","DAG1C",90.8944731491839,0.892349917817958,0.904004003367775,0.0285848703421392,"01.ZooPreyNCC_JSOES_1_smoothed","09.PredFishNCC_DFA1","06.Cond1NCC_0_smoothed","07.Cond2NCC_DFA1","14.CompAK_0_smoothed","15.PredFishAK_b_3_smoothed"
"222",41684,"DAG1C_long","long","DAG1C",90.9027312212652,1,0.943505656327047,0.51988670844787,"05.ForageFishNCC_1_smoothed","09.PredFishNCC_b_DFA1","06.Cond1NCC_0_smoothed","07.Cond2NCC_DFA1","12.ZooPreyAK_1_smoothed","15.PredFishAK_4_smoothed"
"223",25204,"DAG1C_long","long","DAG1C",90.9035045985354,1,0.952835835044357,0.480698566622457,"04.CompFishNCC_smoothed","09.PredFishNCC_b_DFA1","06.Cond1NCC_0_smoothed","07.Cond2NCC_DFA1","12.ZooPreyAK_1_smoothed","10.PredMammalNCC_0_smoothed"
"224",5192,"DAG1C_long","long","DAG1C",90.995615538658,0.890767332240551,0.904752173053971,0.0274707056393005,"01.ZooPreyNCC_JSOES_1_smoothed","09.PredFishNCC_DFA1","06.Cond1NCC_0_smoothed","07.Cond2NCC_DFA1","14.CompAK_0_smoothed","15.PredFishAK_0_smoothed"
"225",4996,"DAG1C_long","long","DAG1C",91.32072610059,0.855599478347442,0.893553238125935,0.00976068905441962,"01.ZooPreyNCC_JSOES_1_smoothed","09.PredFishNCC_DFA1","06.Cond1NCC_0_smoothed","07.Cond2NCC_DFA1","14.CompAK_smoothed","15.PredFishAK_0_smoothed"
"226",25252,"DAG1C_long","long","DAG1C",91.6957861500284,0.982101871168227,0.938441895450922,0.272475545914214,"04.CompFishNCC_smoothed","11.PredMammalSmolt_DFA1","06.Cond1NCC_0_smoothed","07.Cond2NCC_DFA1","12.ZooPreyAK_1_smoothed","15.PredFishAK_b_DFA1"
"227",5180,"DAG1C_long","long","DAG1C",91.952537844136,0.964569708500006,0.881985222241501,0.186693869725982,"01.ZooPreyNCC_JSOES_1_smoothed","08.PredBirdNCC_b_2_smoothed","06.Cond1NCC_0_smoothed","07.Cond2NCC_DFA1","14.CompAK_0_smoothed","15.PredFishAK_b_3_smoothed"
"228",33434,"DAG1C_long","long","DAG1C",92.0313777995083,1,0.938512255475429,0.43682671342037,"04.CompFishNCC_2_smoothed","09.PredFishNCC_b_DFA1","06.Cond1NCC_0_smoothed","07.Cond2NCC_DFA1","12.ZooPreyAK_1_smoothed","10.PredMammalNCC_DFA1"
"229",41668,"DAG1C_long","long","DAG1C",92.4492246515367,1,0.944104165009718,0.536269847751608,"05.ForageFishNCC_1_smoothed","09.PredFishNCC_b_DFA1","06.Cond1NCC_0_smoothed","07.Cond2NCC_DFA1","12.ZooPreyAK_1_smoothed","10.PredMammalNCC_0_smoothed"
"230",5012,"DAG1C_long","long","DAG1C",92.4575923374418,0.861213888460629,0.878705601707033,0.0126526650927588,"01.ZooPreyNCC_JSOES_1_smoothed","09.PredFishNCC_DFA1","06.Cond1NCC_0_smoothed","07.Cond2NCC_DFA1","14.CompAK_smoothed","15.PredFishAK_b_3_smoothed"
"231",41672,"DAG1C_long","long","DAG1C",92.6673656996641,1,0.970038491785068,0.780427459406432,"05.ForageFishNCC_1_smoothed","09.PredFishNCC_b_DFA1","06.Cond1NCC_0_smoothed","07.Cond2NCC_DFA1","12.ZooPreyAK_1_smoothed","10.PredMammalNCC_2_smoothed"
"232",3194,"DAG1C_long","long","DAG1C",92.8560500505357,1,0.954835487193325,0.707651546900098,"01.ZooPreyNCC_JSOES_1_smoothed","08.PredBirdNCC_b_2_smoothed","06.Cond1NCC_0_smoothed","07.Cond2NCC_DFA1","12.ZooPreyAK_1_smoothed","10.PredMammalNCC_DFA1"
"233",4566,"DAG1C_long","long","DAG1C",92.8626147201476,1,0.928271155936791,0.395808492829406,"01.ZooPreyNCC_JSOES_1_smoothed","08.PredBirdNCC_b_2_smoothed","06.Cond1NCC_0_smoothed","07.Cond2NCC_DFA1","13.FishPreyAK_b_3_smoothed","10.PredMammalNCC_DFA1"
"234",41666,"DAG1C_long","long","DAG1C",92.9369784459295,0.988078710138427,0.90202773090537,0.310432337820162,"05.ForageFishNCC_1_smoothed","09.PredFishNCC_b_DFA1","06.Cond1NCC_0_smoothed","07.Cond2NCC_DFA1","12.ZooPreyAK_1_smoothed","10.PredMammalNCC_DFA1"
"235",41692,"DAG1C_long","long","DAG1C",92.9686971332616,1,0.962808348693604,0.725798794967929,"05.ForageFishNCC_1_smoothed","09.PredFishNCC_b_DFA1","06.Cond1NCC_0_smoothed","07.Cond2NCC_DFA1","12.ZooPreyAK_1_smoothed","15.PredFishAK_b_3_smoothed"
"236",41676,"DAG1C_long","long","DAG1C",92.9790339488479,1,0.919587706612239,0.405345187988561,"05.ForageFishNCC_1_smoothed","09.PredFishNCC_b_DFA1","06.Cond1NCC_0_smoothed","07.Cond2NCC_DFA1","12.ZooPreyAK_1_smoothed","15.PredFishAK_0_smoothed"
"237",41674,"DAG1C_long","long","DAG1C",92.9931539375009,1,0.961557200367389,0.717112044633813,"05.ForageFishNCC_1_smoothed","09.PredFishNCC_b_DFA1","06.Cond1NCC_0_smoothed","07.Cond2NCC_DFA1","12.ZooPreyAK_1_smoothed","10.PredMammalNCC_3_smoothed"
"238",5200,"DAG1C_long","long","DAG1C",93.0578612551352,0.878799651825254,0.885842972890812,0.0220635587127435,"01.ZooPreyNCC_JSOES_1_smoothed","09.PredFishNCC_DFA1","06.Cond1NCC_0_smoothed","07.Cond2NCC_DFA1","14.CompAK_0_smoothed","15.PredFishAK_4_smoothed"
"239",3250,"DAG1C_long","long","DAG1C",93.1650050787072,1,0.93192753122825,0.398802933933259,"01.ZooPreyNCC_JSOES_1_smoothed","09.PredFishNCC_b_DFA1","06.Cond1NCC_0_smoothed","07.Cond2NCC_DFA1","12.ZooPreyAK_1_smoothed","10.PredMammalNCC_DFA1"
"240",5184,"DAG1C_long","long","DAG1C",93.2328792449769,0.864954215552169,0.881720481328852,0.0149672757814965,"01.ZooPreyNCC_JSOES_1_smoothed","09.PredFishNCC_DFA1","06.Cond1NCC_0_smoothed","07.Cond2NCC_DFA1","14.CompAK_0_smoothed","10.PredMammalNCC_0_smoothed"
"241",5004,"DAG1C_long","long","DAG1C",93.3080649159602,0.822465863240025,0.869664071179666,0.00401010453173201,"01.ZooPreyNCC_JSOES_1_smoothed","09.PredFishNCC_DFA1","06.Cond1NCC_0_smoothed","07.Cond2NCC_DFA1","14.CompAK_smoothed","15.PredFishAK_4_smoothed"
"242",3236,"DAG1C_long","long","DAG1C",93.3617402668272,0.9593023027409,0.904732550457794,0.170030354556781,"01.ZooPreyNCC_JSOES_1_smoothed","09.PredFishNCC_DFA1","06.Cond1NCC_0_smoothed","07.Cond2NCC_DFA1","12.ZooPreyAK_1_smoothed","15.PredFishAK_2_smoothed"
"243",5370,"DAG1C_long","long","DAG1C",93.3690141463557,1,0.945195413021693,0.667861575763634,"01.ZooPreyNCC_JSOES_1_smoothed","08.PredBirdNCC_b_2_smoothed","06.Cond1NCC_0_smoothed","07.Cond2NCC_DFA1","14.CompAK_1_smoothed","15.PredFishAK_5_smoothed"
"244",4402,"DAG1C_long","long","DAG1C",93.5177512957538,0.900858637173889,0.825064152424922,0.0414172761371574,"01.ZooPreyNCC_JSOES_1_smoothed","09.PredFishNCC_DFA1","06.Cond1NCC_0_smoothed","07.Cond2NCC_DFA1","13.FishPreyAK_b_2_smoothed","10.PredMammalNCC_1_smoothed"
"245",3238,"DAG1C_long","long","DAG1C",93.5921397338071,0.955735163015335,0.900218068814676,0.157777404978655,"01.ZooPreyNCC_JSOES_1_smoothed","09.PredFishNCC_DFA1","06.Cond1NCC_0_smoothed","07.Cond2NCC_DFA1","12.ZooPreyAK_1_smoothed","15.PredFishAK_3_smoothed"
"246",42461,"DAG1C_long","long","DAG1C",93.6826869578657,1,0.941061970874679,0.637478664237992,"05.ForageFishNCC_1_smoothed","09.PredFishNCC_b_DFA1","06.Cond1NCC_DFA1","07.Cond2NCC_DFA1","13.FishPreyAK_b_0_smoothed","15.PredFishAK_1_smoothed"
"247",25168,"DAG1C_long","long","DAG1C",93.6868033746245,1,0.930169817932752,0.589218840325937,"04.CompFishNCC_smoothed","08.PredBirdNCC_b_2_smoothed","06.Cond1NCC_0_smoothed","07.Cond2NCC_DFA1","12.ZooPreyAK_1_smoothed","15.PredFishAK_b_DFA1"
"248",34806,"DAG1C_long","long","DAG1C",93.8689539366039,0.98326676263303,0.908667182462308,0.283494283989474,"04.CompFishNCC_2_smoothed","09.PredFishNCC_b_DFA1","06.Cond1NCC_0_smoothed","07.Cond2NCC_DFA1","13.FishPreyAK_b_3_smoothed","10.PredMammalNCC_DFA1"
"249",30690,"DAG1C_long","long","DAG1C",94.2227837054899,1,0.923578370843272,0.4315056113406,"04.CompFishNCC_1_smoothed","09.PredFishNCC_b_DFA1","06.Cond1NCC_0_smoothed","07.Cond2NCC_DFA1","12.ZooPreyAK_1_smoothed","10.PredMammalNCC_DFA1"
"250",26388,"DAG1C_long","long","DAG1C",94.2332955974217,1,0.93754165480689,0.547429093509523,"04.CompFishNCC_smoothed","09.PredFishNCC_b_DFA1","06.Cond1NCC_0_smoothed","07.Cond2NCC_DFA1","13.FishPreyAK_b_2_smoothed","15.PredFishAK_0_smoothed"
"251",4600,"DAG1C_long","long","DAG1C",94.3256065355371,0.887946333797039,0.87563150104363,0.0306554635210261,"01.ZooPreyNCC_JSOES_1_smoothed","09.PredFishNCC_DFA1","06.Cond1NCC_0_smoothed","07.Cond2NCC_DFA1","13.FishPreyAK_b_3_smoothed","10.PredMammalNCC_2_smoothed"
"252",5122,"DAG1C_long","long","DAG1C",94.3345239642625,0.912353899756649,0.879438400636449,0.0578090153877309,"01.ZooPreyNCC_JSOES_1_smoothed","08.PredBirdNCC_DFA1","06.Cond1NCC_0_smoothed","07.Cond2NCC_DFA1","14.CompAK_0_smoothed","15.PredFishAK_b_2_smoothed"
"253",27172,"DAG1C_long","long","DAG1C",94.4287124283709,0.982982756350273,0.899014269677988,0.283008955170035,"04.CompFishNCC_smoothed","09.PredFishNCC_b_DFA1","06.Cond1NCC_0_smoothed","07.Cond2NCC_DFA1","14.CompAK_0_smoothed","15.PredFishAK_0_smoothed"
"254",3214,"DAG1C_long","long","DAG1C",94.4597639333977,1,0.949174165739245,0.717472024327928,"01.ZooPreyNCC_JSOES_1_smoothed","08.PredBirdNCC_b_2_smoothed","06.Cond1NCC_0_smoothed","07.Cond2NCC_DFA1","12.ZooPreyAK_1_smoothed","15.PredFishAK_5_smoothed"
"255",36190,"DAG1C_long","long","DAG1C",94.4612045845417,1,0.945523375679379,0.602283014155954,"05.ForageFishNCC_DFA1","09.PredFishNCC_b_DFA1","06.Cond1NCC_0_smoothed","07.Cond2NCC_DFA1","12.ZooPreyAK_1_smoothed","15.PredFishAK_1_smoothed"
"256",4401,"DAG1C_long","long","DAG1C",94.5424232430171,1,0.947015305077526,0.677381590119374,"01.ZooPreyNCC_JSOES_1_smoothed","09.PredFishNCC_DFA1","06.Cond1NCC_DFA1","07.Cond2NCC_DFA1","13.FishPreyAK_b_2_smoothed","10.PredMammalNCC_1_smoothed"
"257",34830,"DAG1C_long","long","DAG1C",94.6067889144676,0.996540167544859,0.913657926036802,0.367413258102342,"04.CompFishNCC_2_smoothed","09.PredFishNCC_b_DFA1","06.Cond1NCC_0_smoothed","07.Cond2NCC_DFA1","13.FishPreyAK_b_3_smoothed","15.PredFishAK_b_2_smoothed"
"258",5124,"DAG1C_long","long","DAG1C",94.6180303971252,0.912063892482372,0.876163917525652,0.0580946653245511,"01.ZooPreyNCC_JSOES_1_smoothed","08.PredBirdNCC_DFA1","06.Cond1NCC_0_smoothed","07.Cond2NCC_DFA1","14.CompAK_0_smoothed","15.PredFishAK_b_3_smoothed"
"259",3242,"DAG1C_long","long","DAG1C",94.626779071222,0.967556842663858,0.898533626380849,0.207219136720831,"01.ZooPreyNCC_JSOES_1_smoothed","09.PredFishNCC_DFA1","06.Cond1NCC_0_smoothed","07.Cond2NCC_DFA1","12.ZooPreyAK_1_smoothed","15.PredFishAK_5_smoothed"
"260",5182,"DAG1C_long","long","DAG1C",94.6881433118765,0.862332885963106,0.861661993990207,0.015415135331089,"01.ZooPreyNCC_JSOES_1_smoothed","09.PredFishNCC_DFA1","06.Cond1NCC_0_smoothed","07.Cond2NCC_DFA1","14.CompAK_0_smoothed","10.PredMammalNCC_DFA1"
"261",4988,"DAG1C_long","long","DAG1C",94.69399830485,0.825974092009243,0.849056672503073,0.00515576578976529,"01.ZooPreyNCC_JSOES_1_smoothed","09.PredFishNCC_DFA1","06.Cond1NCC_0_smoothed","07.Cond2NCC_DFA1","14.CompAK_smoothed","10.PredMammalNCC_0_smoothed"
"262",35218,"DAG1C_long","long","DAG1C",94.7195972700461,0.991645062497707,0.890686709522172,0.335234791514817,"04.CompFishNCC_2_smoothed","09.PredFishNCC_b_DFA1","06.Cond1NCC_0_smoothed","07.Cond2NCC_DFA1","14.CompAK_smoothed","15.PredFishAK_5_smoothed"
"263",3106,"DAG1C_long","long","DAG1C",94.8365178074396,0.971837043429833,0.902988540189992,0.227015545897808,"01.ZooPreyNCC_JSOES_1_smoothed","11.PredMammalSmolt_DFA1","06.Cond1NCC_0_smoothed","07.Cond2NCC_DFA1","12.ZooPreyAK_0_smoothed","15.PredFishAK_b_2_smoothed"
"264",26976,"DAG1C_long","long","DAG1C",94.8893116619722,0.972853018662369,0.882946867930631,0.231918536289358,"04.CompFishNCC_smoothed","09.PredFishNCC_b_DFA1","06.Cond1NCC_0_smoothed","07.Cond2NCC_DFA1","14.CompAK_smoothed","15.PredFishAK_0_smoothed"
"265",3252,"DAG1C_long","long","DAG1C",94.9361400751371,1,0.939148021105508,0.559774503395108,"01.ZooPreyNCC_JSOES_1_smoothed","09.PredFishNCC_b_DFA1","06.Cond1NCC_0_smoothed","07.Cond2NCC_DFA1","12.ZooPreyAK_1_smoothed","10.PredMammalNCC_0_smoothed"
"266",33436,"DAG1C_long","long","DAG1C",94.9462108604966,1,0.931315709673078,0.531533152032951,"04.CompFishNCC_2_smoothed","09.PredFishNCC_b_DFA1","06.Cond1NCC_0_smoothed","07.Cond2NCC_DFA1","12.ZooPreyAK_1_smoothed","10.PredMammalNCC_0_smoothed"
"267",4400,"DAG1C_long","long","DAG1C",94.9527788404552,0.970145516883996,0.91008034421353,0.219596842941068,"01.ZooPreyNCC_JSOES_1_smoothed","09.PredFishNCC_DFA1","06.Cond1NCC_0_smoothed","07.Cond2NCC_DFA1","13.FishPreyAK_b_2_smoothed","10.PredMammalNCC_0_smoothed"
"268",35610,"DAG1C_long","long","DAG1C",95.0259617876019,1,0.919472877862121,0.48053672785591,"04.CompFishNCC_2_smoothed","09.PredFishNCC_b_DFA1","06.Cond1NCC_0_smoothed","07.Cond2NCC_DFA1","14.CompAK_1_smoothed","15.PredFishAK_5_smoothed"
"269",36202,"DAG1C_long","long","DAG1C",95.0544390793646,1,0.942358716159761,0.600582522292441,"05.ForageFishNCC_DFA1","09.PredFishNCC_b_DFA1","06.Cond1NCC_0_smoothed","07.Cond2NCC_DFA1","12.ZooPreyAK_1_smoothed","15.PredFishAK_b_2_smoothed"
"270",36186,"DAG1C_long","long","DAG1C",95.0658302888932,1,0.923649248225507,0.43098255834973,"05.ForageFishNCC_DFA1","09.PredFishNCC_b_DFA1","06.Cond1NCC_0_smoothed","07.Cond2NCC_DFA1","12.ZooPreyAK_1_smoothed","10.PredMammalNCC_3_smoothed"
"271",3018,"DAG1C_long","long","DAG1C",95.1114489492231,1,0.936221848049826,0.596393360382274,"01.ZooPreyNCC_JSOES_1_smoothed","08.PredBirdNCC_b_2_smoothed","06.Cond1NCC_0_smoothed","07.Cond2NCC_DFA1","12.ZooPreyAK_0_smoothed","15.PredFishAK_5_smoothed"
"272",5236,"DAG1C_long","long","DAG1C",95.1115753349126,0.969312607579314,0.88839901134391,0.216322561207183,"01.ZooPreyNCC_JSOES_1_smoothed","09.PredFishNCC_b_DFA1","06.Cond1NCC_0_smoothed","07.Cond2NCC_DFA1","14.CompAK_0_smoothed","15.PredFishAK_b_3_smoothed"
"273",25996,"DAG1C_long","long","DAG1C",95.1160072544297,1,0.926686560710306,0.523341221150953,"04.CompFishNCC_smoothed","09.PredFishNCC_b_DFA1","06.Cond1NCC_0_smoothed","07.Cond2NCC_DFA1","13.FishPreyAK_b_0_smoothed","15.PredFishAK_0_smoothed"
"274",2822,"DAG1C_long","long","DAG1C",95.1439655892278,1,0.965568942065786,0.82323996768741,"01.ZooPreyNCC_JSOES_1_smoothed","08.PredBirdNCC_b_2_smoothed","06.Cond1NCC_0_smoothed","07.Cond2NCC_DFA1","12.ZooPreyAK_DFA1","15.PredFishAK_5_smoothed"
"275",30692,"DAG1C_long","long","DAG1C",95.1859915967812,1,0.931443563693953,0.540008988421606,"04.CompFishNCC_1_smoothed","09.PredFishNCC_b_DFA1","06.Cond1NCC_0_smoothed","07.Cond2NCC_DFA1","12.ZooPreyAK_1_smoothed","10.PredMammalNCC_0_smoothed"
"276",33062,"DAG1C_long","long","DAG1C",95.2656951879072,1,0.933400086755259,0.549629985235805,"04.CompFishNCC_2_smoothed","09.PredFishNCC_b_DFA1","06.Cond1NCC_0_smoothed","07.Cond2NCC_DFA1","12.ZooPreyAK_DFA1","15.PredFishAK_5_smoothed"
"277",5196,"DAG1C_long","long","DAG1C",95.2934004432095,0.882422385702562,0.857920243012251,0.0279869911610675,"01.ZooPreyNCC_JSOES_1_smoothed","09.PredFishNCC_DFA1","06.Cond1NCC_0_smoothed","07.Cond2NCC_DFA1","14.CompAK_0_smoothed","15.PredFishAK_2_smoothed"
"278",26192,"DAG1C_long","long","DAG1C",95.3375516208655,1,0.924502237029837,0.51838628892316,"04.CompFishNCC_smoothed","09.PredFishNCC_b_DFA1","06.Cond1NCC_0_smoothed","07.Cond2NCC_DFA1","13.FishPreyAK_b_1_smoothed","15.PredFishAK_0_smoothed"
"279",16970,"DAG1C_long","long","DAG1C",95.3626873709943,1,0.916312363454907,0.391843232988059,"02.CompJellyNCC_DFA1","09.PredFishNCC_b_DFA1","06.Cond1NCC_0_smoothed","07.Cond2NCC_DFA1","12.ZooPreyAK_1_smoothed","10.PredMammalNCC_DFA1"
"280",4618,"DAG1C_long","long","DAG1C",95.3920544633177,0.910246690136945,0.862372527879879,0.057440533620517,"01.ZooPreyNCC_JSOES_1_smoothed","09.PredFishNCC_DFA1","06.Cond1NCC_0_smoothed","07.Cond2NCC_DFA1","13.FishPreyAK_b_3_smoothed","15.PredFishAK_b_2_smoothed"
"281",5116,"DAG1C_long","long","DAG1C",95.3957771384895,0.905437346772282,0.867003226261743,0.0509941318627876,"01.ZooPreyNCC_JSOES_1_smoothed","08.PredBirdNCC_DFA1","06.Cond1NCC_0_smoothed","07.Cond2NCC_DFA1","14.CompAK_0_smoothed","15.PredFishAK_4_smoothed"
"282",33454,"DAG1C_long","long","DAG1C",95.4065247373057,1,0.932169027186339,0.560786713211392,"04.CompFishNCC_2_smoothed","09.PredFishNCC_b_DFA1","06.Cond1NCC_0_smoothed","07.Cond2NCC_DFA1","12.ZooPreyAK_1_smoothed","15.PredFishAK_5_smoothed"
"283",3232,"DAG1C_long","long","DAG1C",95.4681138895434,0.972394221429265,0.893948759465279,0.231341616610052,"01.ZooPreyNCC_JSOES_1_smoothed","09.PredFishNCC_DFA1","06.Cond1NCC_0_smoothed","07.Cond2NCC_DFA1","12.ZooPreyAK_1_smoothed","15.PredFishAK_0_smoothed"
"284",34418,"DAG1C_long","long","DAG1C",95.4747635245299,0.907258584977034,0.826829034258988,0.0535523332134121,"04.CompFishNCC_2_smoothed","09.PredFishNCC_b_DFA1","06.Cond1NCC_0_smoothed","07.Cond2NCC_DFA1","13.FishPreyAK_b_1_smoothed","10.PredMammalNCC_1_smoothed"
"285",34434,"DAG1C_long","long","DAG1C",95.4764166874336,1,0.93300892795893,0.557256011562984,"04.CompFishNCC_2_smoothed","09.PredFishNCC_b_DFA1","06.Cond1NCC_0_smoothed","07.Cond2NCC_DFA1","13.FishPreyAK_b_1_smoothed","15.PredFishAK_5_smoothed"
"286",4606,"DAG1C_long","long","DAG1C",95.4767518125942,0.90263017249003,0.853398611750788,0.0477166813427552,"01.ZooPreyNCC_JSOES_1_smoothed","09.PredFishNCC_DFA1","06.Cond1NCC_0_smoothed","07.Cond2NCC_DFA1","13.FishPreyAK_b_3_smoothed","15.PredFishAK_1_smoothed"
"287",25112,"DAG1C_long","long","DAG1C",95.4828979410125,0.969641141711642,0.903933015307102,0.21884957893456,"04.CompFishNCC_smoothed","08.PredBirdNCC_DFA1","06.Cond1NCC_0_smoothed","07.Cond2NCC_DFA1","12.ZooPreyAK_1_smoothed","15.PredFishAK_b_DFA1"
"288",4398,"DAG1C_long","long","DAG1C",95.4849132475968,0.978262388931093,0.910120639296245,0.260056857195601,"01.ZooPreyNCC_JSOES_1_smoothed","09.PredFishNCC_DFA1","06.Cond1NCC_0_smoothed","07.Cond2NCC_DFA1","13.FishPreyAK_b_2_smoothed","10.PredMammalNCC_DFA1"
"289",5194,"DAG1C_long","long","DAG1C",95.4986266736938,0.876475425305787,0.842360441714339,0.0241605993370706,"01.ZooPreyNCC_JSOES_1_smoothed","09.PredFishNCC_DFA1","06.Cond1NCC_0_smoothed","07.Cond2NCC_DFA1","14.CompAK_0_smoothed","15.PredFishAK_1_smoothed"
"290",4424,"DAG1C_long","long","DAG1C",95.5226044103375,0.962780253421152,0.887531176271092,0.190155360340039,"01.ZooPreyNCC_JSOES_1_smoothed","09.PredFishNCC_DFA1","06.Cond1NCC_0_smoothed","07.Cond2NCC_DFA1","13.FishPreyAK_b_2_smoothed","15.PredFishAK_b_3_smoothed"
"291",4590,"DAG1C_long","long","DAG1C",95.5576733891391,1,0.922745000178757,0.532744243581856,"01.ZooPreyNCC_JSOES_1_smoothed","08.PredBirdNCC_b_2_smoothed","06.Cond1NCC_0_smoothed","07.Cond2NCC_DFA1","13.FishPreyAK_b_3_smoothed","15.PredFishAK_b_2_smoothed"
"292",11484,"DAG1C_long","long","DAG1C",95.5809698841903,1,0.935703192249286,0.564380543488602,"01.ZooPreyNCC_WPbirds_0_smoothed","09.PredFishNCC_b_DFA1","06.Cond1NCC_0_smoothed","07.Cond2NCC_DFA1","12.ZooPreyAK_1_smoothed","10.PredMammalNCC_0_smoothed"
"293",36192,"DAG1C_long","long","DAG1C",95.6131275476531,1,0.938616609056322,0.578890636171115,"05.ForageFishNCC_DFA1","09.PredFishNCC_b_DFA1","06.Cond1NCC_0_smoothed","07.Cond2NCC_DFA1","12.ZooPreyAK_1_smoothed","15.PredFishAK_2_smoothed"
"294",5204,"DAG1C_long","long","DAG1C",95.6181677757617,0.881454798019121,0.848364973737278,0.0278186833788634,"01.ZooPreyNCC_JSOES_1_smoothed","09.PredFishNCC_DFA1","06.Cond1NCC_0_smoothed","07.Cond2NCC_DFA1","14.CompAK_0_smoothed","15.PredFishAK_b_DFA1"
"295",5206,"DAG1C_long","long","DAG1C",95.6397500112799,0.880469985747631,0.846632465395248,0.0271349326210952,"01.ZooPreyNCC_JSOES_1_smoothed","09.PredFishNCC_DFA1","06.Cond1NCC_0_smoothed","07.Cond2NCC_DFA1","14.CompAK_0_smoothed","15.PredFishAK_b_2_smoothed"
"296",30714,"DAG1C_long","long","DAG1C",95.6529630136621,1,0.963667530778534,0.800809002098226,"04.CompFishNCC_1_smoothed","09.PredFishNCC_b_DFA1","06.Cond1NCC_0_smoothed","07.Cond2NCC_DFA1","12.ZooPreyAK_1_smoothed","15.PredFishAK_b_2_smoothed"
"297",34610,"DAG1C_long","long","DAG1C",95.6574554257205,1,0.915216881987015,0.437261401817323,"04.CompFishNCC_2_smoothed","09.PredFishNCC_b_DFA1","06.Cond1NCC_0_smoothed","07.Cond2NCC_DFA1","13.FishPreyAK_b_2_smoothed","10.PredMammalNCC_DFA1"
"298",5152,"DAG1C_long","long","DAG1C",95.7177418312967,0.896430337318315,0.860530728185252,0.04129411677552,"01.ZooPreyNCC_JSOES_1_smoothed","08.PredBirdNCC_b_1_smoothed","06.Cond1NCC_0_smoothed","07.Cond2NCC_DFA1","14.CompAK_0_smoothed","15.PredFishAK_b_3_smoothed"
"299",35414,"DAG1C_long","long","DAG1C",95.7828854449764,0.996807690892406,0.891727469860286,0.369797033224885,"04.CompFishNCC_2_smoothed","09.PredFishNCC_b_DFA1","06.Cond1NCC_0_smoothed","07.Cond2NCC_DFA1","14.CompAK_0_smoothed","15.PredFishAK_5_smoothed"
"300",25016,"DAG1C_long","long","DAG1C",95.8434997564985,1,0.920978157141397,0.498915354987115,"04.CompFishNCC_smoothed","09.PredFishNCC_b_DFA1","06.Cond1NCC_0_smoothed","07.Cond2NCC_DFA1","12.ZooPreyAK_0_smoothed","15.PredFishAK_0_smoothed"
"301",153033,"DAG1A_short","short","DAG1A",85.2258607149589,0.918061761873544,0.956718748890618,0.0619186867153789,"05.ForageFishNCC_DFA1","08.PredBirdNCC_b_0_smoothed","06.Cond1NCC_DFA1","07.Cond2NCC_DFA1","12.ZooPreyAK_0_smoothed","10.PredMammalNCC_1_smoothed"
"302",153289,"DAG1A_short","short","DAG1A",85.9471649025706,0.9773711458733,0.966001429722306,0.28521712415027,"05.ForageFishNCC_DFA1","09.PredFishNCC_b_DFA1","06.Cond1NCC_DFA1","07.Cond2NCC_DFA1","12.ZooPreyAK_0_smoothed","10.PredMammalNCC_1_smoothed"
"303",157513,"DAG1A_short","short","DAG1A",86.4594836150627,0.952473435579709,0.964888340207089,0.163082216327635,"05.ForageFishNCC_DFA1","08.PredBirdNCC_b_0_smoothed","06.Cond1NCC_DFA1","07.Cond2NCC_DFA1","13.FishPreyAK_b_2_smoothed","10.PredMammalNCC_1_smoothed"
"304",152429,"DAG1A_short","short","DAG1A",86.7877965150101,0.826480875573121,0.942806101395496,0.0022723335561361,"05.ForageFishNCC_DFA1","08.PredBirdNCC_b_0_smoothed","06.Cond1NCC_DFA1","07.Cond2NCC_DFA1","12.ZooPreyAK_DFA1","15.PredFishAK_b_DFA1"
"305",157769,"DAG1A_short","short","DAG1A",87.1807878026744,0.994338639530969,0.969123707910602,0.396716081436186,"05.ForageFishNCC_DFA1","09.PredFishNCC_b_DFA1","06.Cond1NCC_DFA1","07.Cond2NCC_DFA1","13.FishPreyAK_b_2_smoothed","10.PredMammalNCC_1_smoothed"
"306",152685,"DAG1A_short","short","DAG1A",87.509100702622,0.923837971700194,0.954543803527911,0.077969504195249,"05.ForageFishNCC_DFA1","09.PredFishNCC_b_DFA1","06.Cond1NCC_DFA1","07.Cond2NCC_DFA1","12.ZooPreyAK_DFA1","15.PredFishAK_b_DFA1"
"307",153161,"DAG1A_short","short","DAG1A",87.5291485554636,1,0.973604771437369,0.608976607276112,"05.ForageFishNCC_DFA1","08.PredBirdNCC_b_2_smoothed","06.Cond1NCC_DFA1","07.Cond2NCC_DFA1","12.ZooPreyAK_0_smoothed","10.PredMammalNCC_1_smoothed"
"308",153673,"DAG1A_short","short","DAG1A",87.8143417248606,0.973659142219639,0.968986790747183,0.267147651986544,"05.ForageFishNCC_DFA1","08.PredBirdNCC_b_0_smoothed","06.Cond1NCC_DFA1","07.Cond2NCC_DFA1","12.ZooPreyAK_1_smoothed","10.PredMammalNCC_1_smoothed"
"309",156233,"DAG1A_short","short","DAG1A",88.3268543166704,0.909636312506551,0.955537918512856,0.0526592351935889,"05.ForageFishNCC_DFA1","08.PredBirdNCC_b_0_smoothed","06.Cond1NCC_DFA1","07.Cond2NCC_DFA1","13.FishPreyAK_b_0_smoothed","10.PredMammalNCC_1_smoothed"
"310",153929,"DAG1A_short","short","DAG1A",88.5356459124722,0.958554970982458,0.962104305693793,0.193393132172726,"05.ForageFishNCC_DFA1","09.PredFishNCC_b_DFA1","06.Cond1NCC_DFA1","07.Cond2NCC_DFA1","12.ZooPreyAK_1_smoothed","10.PredMammalNCC_1_smoothed"
"311",155609,"DAG1A_short","short","DAG1A",88.643567554494,0.865631315890136,0.952197951899662,0.0123355719392942,"05.ForageFishNCC_DFA1","08.PredBirdNCC_b_0_smoothed","06.Cond1NCC_DFA1","07.Cond2NCC_DFA1","13.FishPreyAK_b_DFA1","15.PredFishAK_1_smoothed"
"312",157641,"DAG1A_short","short","DAG1A",88.7627714555675,1,0.979108146951535,0.790182963661614,"05.ForageFishNCC_DFA1","08.PredBirdNCC_b_2_smoothed","06.Cond1NCC_DFA1","07.Cond2NCC_DFA1","13.FishPreyAK_b_2_smoothed","10.PredMammalNCC_1_smoothed"
"313",156489,"DAG1A_short","short","DAG1A",89.0481585042821,0.970677187688066,0.963904023512076,0.253310361723782,"05.ForageFishNCC_DFA1","09.PredFishNCC_b_DFA1","06.Cond1NCC_DFA1","07.Cond2NCC_DFA1","13.FishPreyAK_b_0_smoothed","10.PredMammalNCC_1_smoothed"
"314",152557,"DAG1A_short","short","DAG1A",89.0910843555151,0.922909543630624,0.950469955238835,0.0790841615668669,"05.ForageFishNCC_DFA1","08.PredBirdNCC_b_2_smoothed","06.Cond1NCC_DFA1","07.Cond2NCC_DFA1","12.ZooPreyAK_DFA1","15.PredFishAK_b_DFA1"
"315",155865,"DAG1A_short","short","DAG1A",89.3648717421056,0.810073127458966,0.932565357009336,0.00136492266553756,"05.ForageFishNCC_DFA1","09.PredFishNCC_b_DFA1","06.Cond1NCC_DFA1","07.Cond2NCC_DFA1","13.FishPreyAK_b_DFA1","15.PredFishAK_1_smoothed"
"316",713,"DAG1A_short","short","DAG1A",89.5740612404244,0.902156427526664,0.930309518500947,0.0437421825550984,"01.ZooPreyNCC_JSOES_DFA1","08.PredBirdNCC_b_0_smoothed","06.Cond1NCC_DFA1","07.Cond2NCC_DFA1","12.ZooPreyAK_0_smoothed","10.PredMammalNCC_1_smoothed"
"317",154953,"DAG1A_short","short","DAG1A",89.6952895943956,0.959090275147874,0.963502036774779,0.198387533263964,"05.ForageFishNCC_DFA1","08.PredBirdNCC_b_0_smoothed","06.Cond1NCC_DFA1","07.Cond2NCC_DFA1","13.FishPreyAK_DFA1","10.PredMammalNCC_1_smoothed"
"318",714,"DAG1A_short","short","DAG1A",89.8191188567863,0.76244230217244,0.891332790193456,0.00014100212399825,"01.ZooPreyNCC_JSOES_DFA1","08.PredBirdNCC_b_0_smoothed","06.Cond1NCC_0_smoothed","07.Cond2NCC_DFA1","12.ZooPreyAK_0_smoothed","10.PredMammalNCC_1_smoothed"
"319",153801,"DAG1A_short","short","DAG1A",90.1176295653651,1,0.985662185238936,0.928793545677663,"05.ForageFishNCC_DFA1","08.PredBirdNCC_b_2_smoothed","06.Cond1NCC_DFA1","07.Cond2NCC_DFA1","12.ZooPreyAK_1_smoothed","10.PredMammalNCC_1_smoothed"
"320",159433,"DAG1A_short","short","DAG1A",90.2309510332116,0.894900631671177,0.953417300280296,0.0357941508370613,"05.ForageFishNCC_DFA1","08.PredBirdNCC_b_0_smoothed","06.Cond1NCC_DFA1","07.Cond2NCC_DFA1","14.CompAK_smoothed","10.PredMammalNCC_1_smoothed"
"321",969,"DAG1A_short","short","DAG1A",90.2953654280361,0.956815672796892,0.941329651471317,0.189860191525069,"01.ZooPreyNCC_JSOES_DFA1","09.PredFishNCC_b_DFA1","06.Cond1NCC_DFA1","07.Cond2NCC_DFA1","12.ZooPreyAK_0_smoothed","10.PredMammalNCC_1_smoothed"
"322",155209,"DAG1A_short","short","DAG1A",90.4165937820073,0.955456740908262,0.960545365525663,0.18440271414057,"05.ForageFishNCC_DFA1","09.PredFishNCC_b_DFA1","06.Cond1NCC_DFA1","07.Cond2NCC_DFA1","13.FishPreyAK_DFA1","10.PredMammalNCC_1_smoothed"
"323",160713,"DAG1A_short","short","DAG1A",90.4911035182235,0.904763430537937,0.956334780885015,0.0488480988501573,"05.ForageFishNCC_DFA1","08.PredBirdNCC_b_0_smoothed","06.Cond1NCC_DFA1","07.Cond2NCC_DFA1","14.CompAK_1_smoothed","10.PredMammalNCC_1_smoothed"
"324",153545,"DAG1A_short","short","DAG1A",90.5021900433334,0.924978328302101,0.955679706842064,0.0867179053026611,"05.ForageFishNCC_DFA1","11.PredMammalSmolt_0_smoothed","06.Cond1NCC_DFA1","07.Cond2NCC_DFA1","12.ZooPreyAK_0_smoothed","10.PredMammalNCC_1_smoothed"
"325",156361,"DAG1A_short","short","DAG1A",90.630142157175,1,0.983563345061649,0.893352354166884,"05.ForageFishNCC_DFA1","08.PredBirdNCC_b_2_smoothed","06.Cond1NCC_DFA1","07.Cond2NCC_DFA1","13.FishPreyAK_b_0_smoothed","10.PredMammalNCC_1_smoothed"
"326",5193,"DAG1A_short","short","DAG1A",90.8076841405282,0.908526388926517,0.93133217013468,0.0551476771057551,"01.ZooPreyNCC_JSOES_DFA1","08.PredBirdNCC_b_0_smoothed","06.Cond1NCC_DFA1","07.Cond2NCC_DFA1","13.FishPreyAK_b_2_smoothed","10.PredMammalNCC_1_smoothed"
"327",155737,"DAG1A_short","short","DAG1A",90.9468553949987,0.874907910380157,0.949362132848508,0.0192544137431589,"05.ForageFishNCC_DFA1","08.PredBirdNCC_b_2_smoothed","06.Cond1NCC_DFA1","07.Cond2NCC_DFA1","13.FishPreyAK_b_DFA1","15.PredFishAK_1_smoothed"
"328",159689,"DAG1A_short","short","DAG1A",90.9522552208233,0.93267618198765,0.95333197260626,0.107290151324324,"05.ForageFishNCC_DFA1","09.PredFishNCC_b_DFA1","06.Cond1NCC_DFA1","07.Cond2NCC_DFA1","14.CompAK_smoothed","10.PredMammalNCC_1_smoothed"
"329",5194,"DAG1A_short","short","DAG1A",91.0527417568901,0.75430803399348,0.885859425179154,0.00010725337033723,"01.ZooPreyNCC_JSOES_DFA1","08.PredBirdNCC_b_0_smoothed","06.Cond1NCC_0_smoothed","07.Cond2NCC_DFA1","13.FishPreyAK_b_2_smoothed","10.PredMammalNCC_1_smoothed"
"330",160073,"DAG1A_short","short","DAG1A",91.0863928301787,0.9129421467595,0.954650042461144,0.0631557966531472,"05.ForageFishNCC_DFA1","08.PredBirdNCC_b_0_smoothed","06.Cond1NCC_DFA1","07.Cond2NCC_DFA1","14.CompAK_0_smoothed","10.PredMammalNCC_1_smoothed"
"331",109,"DAG1A_short","short","DAG1A",91.1359970404758,0.714416573141014,0.87746092534636,1.10921551741416e-05,"01.ZooPreyNCC_JSOES_DFA1","08.PredBirdNCC_b_0_smoothed","06.Cond1NCC_DFA1","07.Cond2NCC_DFA1","12.ZooPreyAK_DFA1","15.PredFishAK_b_DFA1"
"332",160969,"DAG1A_short","short","DAG1A",91.2124077058352,0.967396799075125,0.960143372054274,0.240848209295214,"05.ForageFishNCC_DFA1","09.PredFishNCC_b_DFA1","06.Cond1NCC_DFA1","07.Cond2NCC_DFA1","14.CompAK_1_smoothed","10.PredMammalNCC_1_smoothed"
"333",154313,"DAG1A_short","short","DAG1A",91.2290423779313,0.924156232310324,0.95156909357572,0.0863668546717787,"05.ForageFishNCC_DFA1","08.PredBirdNCC_b_0_smoothed","06.Cond1NCC_DFA1","07.Cond2NCC_DFA1","12.ZooPreyAK_2_smoothed","10.PredMammalNCC_1_smoothed"
"334",970,"DAG1A_short","short","DAG1A",91.2317921418276,0.788673518699598,0.906404819830899,0.00061258697029043,"01.ZooPreyNCC_JSOES_DFA1","09.PredFishNCC_b_DFA1","06.Cond1NCC_0_smoothed","07.Cond2NCC_DFA1","12.ZooPreyAK_0_smoothed","10.PredMammalNCC_1_smoothed"
"335",110,"DAG1A_short","short","DAG1A",91.3810546568376,0.707136999425332,0.877636101484274,7.36607130147338e-06,"01.ZooPreyNCC_JSOES_DFA1","08.PredBirdNCC_b_0_smoothed","06.Cond1NCC_0_smoothed","07.Cond2NCC_DFA1","12.ZooPreyAK_DFA1","15.PredFishAK_b_DFA1"
"336",5449,"DAG1A_short","short","DAG1A",91.52898832814,0.953246898326482,0.937333204584167,0.177981895845713,"01.ZooPreyNCC_JSOES_DFA1","09.PredFishNCC_b_DFA1","06.Cond1NCC_DFA1","07.Cond2NCC_DFA1","13.FishPreyAK_b_2_smoothed","10.PredMammalNCC_1_smoothed"
"337",158025,"DAG1A_short","short","DAG1A",91.7358129434371,0.938243977965022,0.960470688651351,0.125371081215969,"05.ForageFishNCC_DFA1","11.PredMammalSmolt_0_smoothed","06.Cond1NCC_DFA1","07.Cond2NCC_DFA1","13.FishPreyAK_b_2_smoothed","10.PredMammalNCC_1_smoothed"
"338",153034,"DAG1A_short","short","DAG1A",91.7718245276593,0.849194639375084,0.895842812723432,0.008104579469144,"05.ForageFishNCC_DFA1","08.PredBirdNCC_b_0_smoothed","06.Cond1NCC_0_smoothed","07.Cond2NCC_DFA1","12.ZooPreyAK_0_smoothed","10.PredMammalNCC_1_smoothed"
"339",160329,"DAG1A_short","short","DAG1A",91.8076970177904,0.916291976948842,0.949087294389341,0.0708352599009681,"05.ForageFishNCC_DFA1","09.PredFishNCC_b_DFA1","06.Cond1NCC_DFA1","07.Cond2NCC_DFA1","14.CompAK_0_smoothed","10.PredMammalNCC_1_smoothed"
"340",365,"DAG1A_short","short","DAG1A",91.8573012280875,0.854705239323394,0.902791643932464,0.00997190630135258,"01.ZooPreyNCC_JSOES_DFA1","09.PredFishNCC_b_DFA1","06.Cond1NCC_DFA1","07.Cond2NCC_DFA1","12.ZooPreyAK_DFA1","15.PredFishAK_b_DFA1"
"341",841,"DAG1A_short","short","DAG1A",91.8773490809291,0.991115815636995,0.948238634848224,0.378014736088049,"01.ZooPreyNCC_JSOES_DFA1","08.PredBirdNCC_b_2_smoothed","06.Cond1NCC_DFA1","07.Cond2NCC_DFA1","12.ZooPreyAK_0_smoothed","10.PredMammalNCC_1_smoothed"
"342",154569,"DAG1A_short","short","DAG1A",91.9503465655431,0.96578420808276,0.960248679129864,0.234492293460636,"05.ForageFishNCC_DFA1","09.PredFishNCC_b_DFA1","06.Cond1NCC_DFA1","07.Cond2NCC_DFA1","12.ZooPreyAK_2_smoothed","10.PredMammalNCC_1_smoothed"
"343",158829,"DAG1A_short","short","DAG1A",91.9761699901826,0.826437075389076,0.946744129982621,0.00340562653469478,"05.ForageFishNCC_DFA1","08.PredBirdNCC_b_0_smoothed","06.Cond1NCC_DFA1","07.Cond2NCC_DFA1","13.FishPreyAK_b_4_smoothed","15.PredFishAK_b_DFA1"
"344",155081,"DAG1A_short","short","DAG1A",91.9985774349002,1,0.98196387458118,0.871853845587476,"05.ForageFishNCC_DFA1","08.PredBirdNCC_b_2_smoothed","06.Cond1NCC_DFA1","07.Cond2NCC_DFA1","13.FishPreyAK_DFA1","10.PredMammalNCC_1_smoothed"
"345",152941,"DAG1A_short","short","DAG1A",92.0641258433847,0.956554056862852,0.963625891896087,0.192888701858428,"05.ForageFishNCC_DFA1","11.PredMammalSmolt_0_smoothed","06.Cond1NCC_DFA1","07.Cond2NCC_DFA1","12.ZooPreyAK_DFA1","15.PredFishAK_b_DFA1"
"346",1353,"DAG1A_short","short","DAG1A",92.162542250326,0.934433095983451,0.93763676630499,0.115051050196355,"01.ZooPreyNCC_JSOES_DFA1","08.PredBirdNCC_b_0_smoothed","06.Cond1NCC_DFA1","07.Cond2NCC_DFA1","12.ZooPreyAK_1_smoothed","10.PredMammalNCC_1_smoothed"
"347",158153,"DAG1A_short","short","DAG1A",92.2136476730865,0.917394885264049,0.956881530933562,0.0738474351453513,"05.ForageFishNCC_DFA1","08.PredBirdNCC_b_0_smoothed","06.Cond1NCC_DFA1","07.Cond2NCC_DFA1","13.FishPreyAK_b_3_smoothed","10.PredMammalNCC_1_smoothed"
"348",156873,"DAG1A_short","short","DAG1A",92.2145388574404,0.888882765113007,0.947802881544657,0.0321105508969928,"05.ForageFishNCC_DFA1","08.PredBirdNCC_b_0_smoothed","06.Cond1NCC_DFA1","07.Cond2NCC_DFA1","13.FishPreyAK_b_1_smoothed","10.PredMammalNCC_1_smoothed"
"349",152393,"DAG1A_short","short","DAG1A",92.247873260462,0.903154622036638,0.950733899065725,0.049462329346608,"05.ForageFishNCC_DFA1","08.PredBirdNCC_b_0_smoothed","06.Cond1NCC_DFA1","07.Cond2NCC_DFA1","12.ZooPreyAK_DFA1","10.PredMammalNCC_1_smoothed"
"350",155593,"DAG1A_short","short","DAG1A",92.2533580349962,0.840908882796515,0.93432617888092,0.00612904764466915,"05.ForageFishNCC_DFA1","08.PredBirdNCC_b_0_smoothed","06.Cond1NCC_DFA1","07.Cond2NCC_DFA1","13.FishPreyAK_b_DFA1","10.PredMammalNCC_1_smoothed"
"351",158793,"DAG1A_short","short","DAG1A",92.2756035450324,0.926674687815552,0.954932875050921,0.094676048055409,"05.ForageFishNCC_DFA1","08.PredBirdNCC_b_0_smoothed","06.Cond1NCC_DFA1","07.Cond2NCC_DFA1","13.FishPreyAK_b_4_smoothed","10.PredMammalNCC_1_smoothed"
"352",1354,"DAG1A_short","short","DAG1A",92.4075998666878,0.761187320196059,0.893603536348493,0.00018256286812601,"01.ZooPreyNCC_JSOES_DFA1","08.PredBirdNCC_b_0_smoothed","06.Cond1NCC_0_smoothed","07.Cond2NCC_DFA1","12.ZooPreyAK_1_smoothed","10.PredMammalNCC_1_smoothed"
"353",5450,"DAG1A_short","short","DAG1A",92.4654150419314,0.769955226733298,0.900507370219794,0.00028527837395131,"01.ZooPreyNCC_JSOES_DFA1","09.PredFishNCC_b_DFA1","06.Cond1NCC_0_smoothed","07.Cond2NCC_DFA1","13.FishPreyAK_b_2_smoothed","10.PredMammalNCC_1_smoothed"
"354",159561,"DAG1A_short","short","DAG1A",92.5342388737162,1,0.971808294877078,0.47632160761736,"05.ForageFishNCC_DFA1","08.PredBirdNCC_b_2_smoothed","06.Cond1NCC_DFA1","07.Cond2NCC_DFA1","14.CompAK_smoothed","10.PredMammalNCC_1_smoothed"
"355",3913,"DAG1A_short","short","DAG1A",92.6750548421359,0.873180429253015,0.918958885311019,0.0197922102802239,"01.ZooPreyNCC_JSOES_DFA1","08.PredBirdNCC_b_0_smoothed","06.Cond1NCC_DFA1","07.Cond2NCC_DFA1","13.FishPreyAK_b_0_smoothed","10.PredMammalNCC_1_smoothed"
"356",159085,"DAG1A_short","short","DAG1A",92.6974741777941,0.88532404443592,0.946516460220246,0.0293197149471062,"05.ForageFishNCC_DFA1","09.PredFishNCC_b_DFA1","06.Cond1NCC_DFA1","07.Cond2NCC_DFA1","13.FishPreyAK_b_4_smoothed","15.PredFishAK_b_DFA1"
"357",366,"DAG1A_short","short","DAG1A",92.7937279418789,0.814113879142336,0.898114880300522,0.0021949892780625,"01.ZooPreyNCC_JSOES_DFA1","09.PredFishNCC_b_DFA1","06.Cond1NCC_0_smoothed","07.Cond2NCC_DFA1","12.ZooPreyAK_DFA1","15.PredFishAK_b_DFA1"
"358",160841,"DAG1A_short","short","DAG1A",92.7943913587281,1,0.980862013381206,0.845045770775767,"05.ForageFishNCC_DFA1","08.PredBirdNCC_b_2_smoothed","06.Cond1NCC_DFA1","07.Cond2NCC_DFA1","14.CompAK_1_smoothed","10.PredMammalNCC_1_smoothed"
"359",1609,"DAG1A_short","short","DAG1A",92.8838464379378,0.919238978442094,0.927068120810672,0.0790521606126144,"01.ZooPreyNCC_JSOES_DFA1","09.PredFishNCC_b_DFA1","06.Cond1NCC_DFA1","07.Cond2NCC_DFA1","12.ZooPreyAK_1_smoothed","10.PredMammalNCC_1_smoothed"
"360",3914,"DAG1A_short","short","DAG1A",92.9201124584977,0.743430284321246,0.880337193280045,7.71251919661209e-05,"01.ZooPreyNCC_JSOES_DFA1","08.PredBirdNCC_b_0_smoothed","06.Cond1NCC_0_smoothed","07.Cond2NCC_DFA1","13.FishPreyAK_b_0_smoothed","10.PredMammalNCC_1_smoothed"
"361",158409,"DAG1A_short","short","DAG1A",92.9349518606982,0.930887098967669,0.949149903455463,0.107027091485058,"05.ForageFishNCC_DFA1","09.PredFishNCC_b_DFA1","06.Cond1NCC_DFA1","07.Cond2NCC_DFA1","13.FishPreyAK_b_3_smoothed","10.PredMammalNCC_1_smoothed"
"362",157129,"DAG1A_short","short","DAG1A",92.9358430450521,0.880980714460436,0.940548485625308,0.025824444407316,"05.ForageFishNCC_DFA1","09.PredFishNCC_b_DFA1","06.Cond1NCC_DFA1","07.Cond2NCC_DFA1","13.FishPreyAK_b_1_smoothed","10.PredMammalNCC_1_smoothed"
"363",152649,"DAG1A_short","short","DAG1A",92.9691774480738,0.872183742230271,0.938800200957067,0.0194332758653634,"05.ForageFishNCC_DFA1","09.PredFishNCC_b_DFA1","06.Cond1NCC_DFA1","07.Cond2NCC_DFA1","12.ZooPreyAK_DFA1","10.PredMammalNCC_1_smoothed"
"364",155849,"DAG1A_short","short","DAG1A",92.9746622226079,0.842537468501528,0.931688052679848,0.00684477131127537,"05.ForageFishNCC_DFA1","09.PredFishNCC_b_DFA1","06.Cond1NCC_DFA1","07.Cond2NCC_DFA1","13.FishPreyAK_b_DFA1","10.PredMammalNCC_1_smoothed"
"365",3289,"DAG1A_short","short","DAG1A",92.9917680799595,0.854072576775186,0.926482917008094,0.0104395598436746,"01.ZooPreyNCC_JSOES_DFA1","08.PredBirdNCC_b_0_smoothed","06.Cond1NCC_DFA1","07.Cond2NCC_DFA1","13.FishPreyAK_b_DFA1","15.PredFishAK_1_smoothed"
"366",159049,"DAG1A_short","short","DAG1A",92.996907732644,0.91239485848423,0.946625921957184,0.0658630422834613,"05.ForageFishNCC_DFA1","09.PredFishNCC_b_DFA1","06.Cond1NCC_DFA1","07.Cond2NCC_DFA1","13.FishPreyAK_b_4_smoothed","10.PredMammalNCC_1_smoothed"
"367",157514,"DAG1A_short","short","DAG1A",93.0054474277632,0.851776037657293,0.893162338743133,0.00962317495165066,"05.ForageFishNCC_DFA1","08.PredBirdNCC_b_0_smoothed","06.Cond1NCC_0_smoothed","07.Cond2NCC_DFA1","13.FishPreyAK_b_2_smoothed","10.PredMammalNCC_1_smoothed"
"368",154185,"DAG1A_short","short","DAG1A",93.0906710532349,0.944194520069796,0.959814745585408,0.148083361303244,"05.ForageFishNCC_DFA1","11.PredMammalSmolt_0_smoothed","06.Cond1NCC_DFA1","07.Cond2NCC_DFA1","12.ZooPreyAK_1_smoothed","10.PredMammalNCC_1_smoothed"
"369",5321,"DAG1A_short","short","DAG1A",93.110971981033,0.984859275857885,0.946056409456138,0.340310119697979,"01.ZooPreyNCC_JSOES_DFA1","08.PredBirdNCC_b_2_smoothed","06.Cond1NCC_DFA1","07.Cond2NCC_DFA1","13.FishPreyAK_b_2_smoothed","10.PredMammalNCC_1_smoothed"
"370",153290,"DAG1A_short","short","DAG1A",93.1844978127006,0.877890264372211,0.909483649640906,0.0236602185573207,"05.ForageFishNCC_DFA1","09.PredFishNCC_b_DFA1","06.Cond1NCC_0_smoothed","07.Cond2NCC_DFA1","12.ZooPreyAK_0_smoothed","10.PredMammalNCC_1_smoothed"
"371",3290,"DAG1A_short","short","DAG1A",93.2368256963213,0.851481561876591,0.91736899353421,0.0096593559953716,"01.ZooPreyNCC_JSOES_DFA1","08.PredBirdNCC_b_0_smoothed","06.Cond1NCC_0_smoothed","07.Cond2NCC_DFA1","13.FishPreyAK_b_DFA1","15.PredFishAK_1_smoothed"
"372",842,"DAG1A_short","short","DAG1A",93.2603638798341,0.801428488634292,0.889834859350338,0.00133368198536732,"01.ZooPreyNCC_JSOES_DFA1","08.PredBirdNCC_b_2_smoothed","06.Cond1NCC_0_smoothed","07.Cond2NCC_DFA1","12.ZooPreyAK_0_smoothed","10.PredMammalNCC_1_smoothed"
"373",152430,"DAG1A_short","short","DAG1A",93.3337603277106,0.879206087360538,0.908281703308518,0.0248527738441991,"05.ForageFishNCC_DFA1","08.PredBirdNCC_b_0_smoothed","06.Cond1NCC_0_smoothed","07.Cond2NCC_DFA1","12.ZooPreyAK_DFA1","15.PredFishAK_b_DFA1"
"374",160201,"DAG1A_short","short","DAG1A",93.3896806706833,0.978571279108095,0.966646214797814,0.304195763447433,"05.ForageFishNCC_DFA1","08.PredBirdNCC_b_2_smoothed","06.Cond1NCC_DFA1","07.Cond2NCC_DFA1","14.CompAK_0_smoothed","10.PredMammalNCC_1_smoothed"
"375",4169,"DAG1A_short","short","DAG1A",93.3963590297476,0.940362642900802,0.93198358455576,0.136083910689632,"01.ZooPreyNCC_JSOES_DFA1","09.PredFishNCC_b_DFA1","06.Cond1NCC_DFA1","07.Cond2NCC_DFA1","13.FishPreyAK_b_0_smoothed","10.PredMammalNCC_1_smoothed"
"376",237,"DAG1A_short","short","DAG1A",93.4392848809804,0.844270616850845,0.889990250796165,0.00752943595463995,"01.ZooPreyNCC_JSOES_DFA1","08.PredBirdNCC_b_2_smoothed","06.Cond1NCC_DFA1","07.Cond2NCC_DFA1","12.ZooPreyAK_DFA1","15.PredFishAK_b_DFA1"
"377",154441,"DAG1A_short","short","DAG1A",93.532330218436,1,0.967530130337022,0.513601799217365,"05.ForageFishNCC_DFA1","08.PredBirdNCC_b_2_smoothed","06.Cond1NCC_DFA1","07.Cond2NCC_DFA1","12.ZooPreyAK_2_smoothed","10.PredMammalNCC_1_smoothed"
"378",156745,"DAG1A_short","short","DAG1A",93.6031836450448,0.894043553987674,0.952870391187645,0.03973147736823,"05.ForageFishNCC_DFA1","11.PredMammalSmolt_0_smoothed","06.Cond1NCC_DFA1","07.Cond2NCC_DFA1","13.FishPreyAK_b_0_smoothed","10.PredMammalNCC_1_smoothed"
"379",3545,"DAG1A_short","short","DAG1A",93.7130722675713,0.783568143447276,0.894715885119926,0.00062808451785223,"01.ZooPreyNCC_JSOES_DFA1","09.PredFishNCC_b_DFA1","06.Cond1NCC_DFA1","07.Cond2NCC_DFA1","13.FishPreyAK_b_DFA1","15.PredFishAK_1_smoothed"
"380",1610,"DAG1A_short","short","DAG1A",93.8202731517291,0.724902898077858,0.886864336014041,3.16775165067895e-05,"01.ZooPreyNCC_JSOES_DFA1","09.PredFishNCC_b_DFA1","06.Cond1NCC_0_smoothed","07.Cond2NCC_DFA1","12.ZooPreyAK_1_smoothed","10.PredMammalNCC_1_smoothed"
"381",156121,"DAG1A_short","short","DAG1A",93.9198968828684,0.865096332830913,0.950693879378002,0.016123305807598,"05.ForageFishNCC_DFA1","11.PredMammalSmolt_0_smoothed","06.Cond1NCC_DFA1","07.Cond2NCC_DFA1","13.FishPreyAK_b_DFA1","15.PredFishAK_1_smoothed"
"382",2633,"DAG1A_short","short","DAG1A",94.043490119861,0.905675180700453,0.924319727365683,0.0564776763131233,"01.ZooPreyNCC_JSOES_DFA1","08.PredBirdNCC_b_0_smoothed","06.Cond1NCC_DFA1","07.Cond2NCC_DFA1","13.FishPreyAK_DFA1","10.PredMammalNCC_1_smoothed"
"383",158957,"DAG1A_short","short","DAG1A",94.2794578306873,0.877329921762471,0.945001390734642,0.024473358160492,"05.ForageFishNCC_DFA1","08.PredBirdNCC_b_2_smoothed","06.Cond1NCC_DFA1","07.Cond2NCC_DFA1","13.FishPreyAK_b_4_smoothed","15.PredFishAK_b_DFA1"
"384",2634,"DAG1A_short","short","DAG1A",94.2885477362229,0.766032063660901,0.888285444685729,0.00029269802450526,"01.ZooPreyNCC_JSOES_DFA1","08.PredBirdNCC_b_0_smoothed","06.Cond1NCC_0_smoothed","07.Cond2NCC_DFA1","13.FishPreyAK_DFA1","10.PredMammalNCC_1_smoothed"
"385",4170,"DAG1A_short","short","DAG1A",94.3327857435391,0.77126639267283,0.89527177292878,0.00037845671078384,"01.ZooPreyNCC_JSOES_DFA1","09.PredFishNCC_b_DFA1","06.Cond1NCC_0_smoothed","07.Cond2NCC_DFA1","13.FishPreyAK_b_0_smoothed","10.PredMammalNCC_1_smoothed"
"386",153674,"DAG1A_short","short","DAG1A",94.3603055375608,0.88213548104158,0.909700900123545,0.0285572637405014,"05.ForageFishNCC_DFA1","08.PredBirdNCC_b_0_smoothed","06.Cond1NCC_0_smoothed","07.Cond2NCC_DFA1","12.ZooPreyAK_1_smoothed","10.PredMammalNCC_1_smoothed"
"387",157770,"DAG1A_short","short","DAG1A",94.4181207128045,0.880786048496202,0.908932803179658,0.0274561782193645,"05.ForageFishNCC_DFA1","09.PredFishNCC_b_DFA1","06.Cond1NCC_0_smoothed","07.Cond2NCC_DFA1","13.FishPreyAK_b_2_smoothed","10.PredMammalNCC_1_smoothed"
"388",1481,"DAG1A_short","short","DAG1A",94.4658300908307,1,0.957897611130173,0.587276182376531,"01.ZooPreyNCC_JSOES_DFA1","08.PredBirdNCC_b_2_smoothed","06.Cond1NCC_DFA1","07.Cond2NCC_DFA1","12.ZooPreyAK_1_smoothed","10.PredMammalNCC_1_smoothed"
"389",5322,"DAG1A_short","short","DAG1A",94.493986779938,0.780316029436366,0.877000532630242,0.0005886253778734,"01.ZooPreyNCC_JSOES_DFA1","08.PredBirdNCC_b_2_smoothed","06.Cond1NCC_0_smoothed","07.Cond2NCC_DFA1","13.FishPreyAK_b_2_smoothed","10.PredMammalNCC_1_smoothed"
"390",158281,"DAG1A_short","short","DAG1A",94.5169355135913,1,0.967945419864921,0.484360181782295,"05.ForageFishNCC_DFA1","08.PredBirdNCC_b_2_smoothed","06.Cond1NCC_DFA1","07.Cond2NCC_DFA1","13.FishPreyAK_b_3_smoothed","10.PredMammalNCC_1_smoothed"
"391",157001,"DAG1A_short","short","DAG1A",94.517826697945,0.987710191883312,0.963326485117245,0.359088127738449,"05.ForageFishNCC_DFA1","08.PredBirdNCC_b_2_smoothed","06.Cond1NCC_DFA1","07.Cond2NCC_DFA1","13.FishPreyAK_b_1_smoothed","10.PredMammalNCC_1_smoothed"
"392",152521,"DAG1A_short","short","DAG1A",94.5511611009667,0.986684066209198,0.965614441364591,0.35293452198289,"05.ForageFishNCC_DFA1","08.PredBirdNCC_b_2_smoothed","06.Cond1NCC_DFA1","07.Cond2NCC_DFA1","12.ZooPreyAK_DFA1","10.PredMammalNCC_1_smoothed"
"393",155721,"DAG1A_short","short","DAG1A",94.5566458755009,0.919828979778423,0.949592436804688,0.0839644426499171,"05.ForageFishNCC_DFA1","08.PredBirdNCC_b_2_smoothed","06.Cond1NCC_DFA1","07.Cond2NCC_DFA1","13.FishPreyAK_b_DFA1","10.PredMammalNCC_1_smoothed"
"394",158921,"DAG1A_short","short","DAG1A",94.578891385537,1,0.969913961203109,0.515102394873485,"05.ForageFishNCC_DFA1","08.PredBirdNCC_b_2_smoothed","06.Cond1NCC_DFA1","07.Cond2NCC_DFA1","13.FishPreyAK_b_4_smoothed","10.PredMammalNCC_1_smoothed"
"395",7113,"DAG1A_short","short","DAG1A",94.579151558677,0.876823051452596,0.919948363073611,0.0244284836274946,"01.ZooPreyNCC_JSOES_DFA1","08.PredBirdNCC_b_0_smoothed","06.Cond1NCC_DFA1","07.Cond2NCC_DFA1","14.CompAK_smoothed","10.PredMammalNCC_1_smoothed"
"396",3546,"DAG1A_short","short","DAG1A",94.6494989813627,0.802251100504452,0.889863930565352,0.00157434574620008,"01.ZooPreyNCC_JSOES_DFA1","09.PredFishNCC_b_DFA1","06.Cond1NCC_0_smoothed","07.Cond2NCC_DFA1","13.FishPreyAK_b_DFA1","15.PredFishAK_1_smoothed"
"397",152686,"DAG1A_short","short","DAG1A",94.7464336127521,0.921042653268248,0.921461512261065,0.0870652536052414,"05.ForageFishNCC_DFA1","09.PredFishNCC_b_DFA1","06.Cond1NCC_0_smoothed","07.Cond2NCC_DFA1","12.ZooPreyAK_DFA1","15.PredFishAK_b_DFA1"
"398",2889,"DAG1A_short","short","DAG1A",94.7647943074728,0.909231965981394,0.921603923048043,0.0637638146478352,"01.ZooPreyNCC_JSOES_DFA1","09.PredFishNCC_b_DFA1","06.Cond1NCC_DFA1","07.Cond2NCC_DFA1","13.FishPreyAK_DFA1","10.PredMammalNCC_1_smoothed"
"399",238,"DAG1A_short","short","DAG1A",94.8222996798854,0.797813061839835,0.874082853957558,0.00132465750172273,"01.ZooPreyNCC_JSOES_DFA1","08.PredBirdNCC_b_2_smoothed","06.Cond1NCC_0_smoothed","07.Cond2NCC_DFA1","12.ZooPreyAK_DFA1","15.PredFishAK_b_DFA1"
"400",7114,"DAG1A_short","short","DAG1A",94.8242091750388,0.745569657152325,0.878845192927522,0.00011238067597862,"01.ZooPreyNCC_JSOES_DFA1","08.PredBirdNCC_b_0_smoothed","06.Cond1NCC_0_smoothed","07.Cond2NCC_DFA1","14.CompAK_smoothed","10.PredMammalNCC_1_smoothed"
"401",158829,"DAG1B_short","short","DAG1B",85.7591120207142,0.895462703276577,0.978648692914382,0.0306472684274197,"05.ForageFishNCC_DFA1","08.PredBirdNCC_b_0_smoothed","06.Cond1NCC_DFA1","07.Cond2NCC_DFA1","13.FishPreyAK_b_4_smoothed","15.PredFishAK_b_DFA1"
"402",159085,"DAG1B_short","short","DAG1B",85.7903549128079,0.968279281319924,0.98461282357118,0.23430249440818,"05.ForageFishNCC_DFA1","09.PredFishNCC_b_DFA1","06.Cond1NCC_DFA1","07.Cond2NCC_DFA1","13.FishPreyAK_b_4_smoothed","15.PredFishAK_b_DFA1"
"403",153033,"DAG1B_short","short","DAG1B",85.8507473736004,0.910995509470054,0.954783467083908,0.0507765804449982,"05.ForageFishNCC_DFA1","08.PredBirdNCC_b_0_smoothed","06.Cond1NCC_DFA1","07.Cond2NCC_DFA1","12.ZooPreyAK_0_smoothed","10.PredMammalNCC_1_smoothed"
"404",153289,"DAG1B_short","short","DAG1B",85.8819902656941,0.978162789779932,0.966063496749372,0.289822481051386,"05.ForageFishNCC_DFA1","09.PredFishNCC_b_DFA1","06.Cond1NCC_DFA1","07.Cond2NCC_DFA1","12.ZooPreyAK_0_smoothed","10.PredMammalNCC_1_smoothed"
"405",152417,"DAG1B_short","short","DAG1B",85.9764627784621,1,0.990402189161344,0.838013126384326,"05.ForageFishNCC_DFA1","08.PredBirdNCC_b_0_smoothed","06.Cond1NCC_DFA1","07.Cond2NCC_DFA1","12.ZooPreyAK_DFA1","15.PredFishAK_3_smoothed"
"406",152673,"DAG1B_short","short","DAG1B",86.0077056705559,1,0.987862404438021,0.615825161679909,"05.ForageFishNCC_DFA1","09.PredFishNCC_b_DFA1","06.Cond1NCC_DFA1","07.Cond2NCC_DFA1","12.ZooPreyAK_DFA1","15.PredFishAK_3_smoothed"
"407",152429,"DAG1B_short","short","DAG1B",86.0298124054392,0.834348536801669,0.954777661959615,0.00301670344679705,"05.ForageFishNCC_DFA1","08.PredBirdNCC_b_0_smoothed","06.Cond1NCC_DFA1","07.Cond2NCC_DFA1","12.ZooPreyAK_DFA1","15.PredFishAK_b_DFA1"
"408",152685,"DAG1B_short","short","DAG1B",86.0610552975328,0.940792388278209,0.970707381386118,0.12031859143964,"05.ForageFishNCC_DFA1","09.PredFishNCC_b_DFA1","06.Cond1NCC_DFA1","07.Cond2NCC_DFA1","12.ZooPreyAK_DFA1","15.PredFishAK_b_DFA1"
"409",157513,"DAG1B_short","short","DAG1B",87.0801419351419,0.945079576516284,0.963562853806811,0.136884299024474,"05.ForageFishNCC_DFA1","08.PredBirdNCC_b_0_smoothed","06.Cond1NCC_DFA1","07.Cond2NCC_DFA1","13.FishPreyAK_b_2_smoothed","10.PredMammalNCC_1_smoothed"
"410",157769,"DAG1B_short","short","DAG1B",87.1113848272356,0.995209631072757,0.969202828889149,0.402810721991529,"05.ForageFishNCC_DFA1","09.PredFishNCC_b_DFA1","06.Cond1NCC_DFA1","07.Cond2NCC_DFA1","13.FishPreyAK_b_2_smoothed","10.PredMammalNCC_1_smoothed"
"411",152413,"DAG1B_short","short","DAG1B",87.5640094279602,1,0.993282562611482,0.908591024988368,"05.ForageFishNCC_DFA1","08.PredBirdNCC_b_0_smoothed","06.Cond1NCC_DFA1","07.Cond2NCC_DFA1","12.ZooPreyAK_DFA1","15.PredFishAK_2_smoothed"
"412",152669,"DAG1B_short","short","DAG1B",87.5952523200539,1,0.988388166617176,0.440289942645068,"05.ForageFishNCC_DFA1","09.PredFishNCC_b_DFA1","06.Cond1NCC_DFA1","07.Cond2NCC_DFA1","12.ZooPreyAK_DFA1","15.PredFishAK_2_smoothed"
"413",156909,"DAG1B_short","short","DAG1B",87.6284523849696,0.828615351741288,0.970698917006624,0.00266152370529515,"05.ForageFishNCC_DFA1","08.PredBirdNCC_b_0_smoothed","06.Cond1NCC_DFA1","07.Cond2NCC_DFA1","13.FishPreyAK_b_1_smoothed","15.PredFishAK_b_DFA1"
"414",157165,"DAG1B_short","short","DAG1B",87.6596952770633,0.898137666288866,0.978818511919795,0.0359737633290617,"05.ForageFishNCC_DFA1","09.PredFishNCC_b_DFA1","06.Cond1NCC_DFA1","07.Cond2NCC_DFA1","13.FishPreyAK_b_1_smoothed","15.PredFishAK_b_DFA1"
"415",152433,"DAG1B_short","short","DAG1B",87.7964783945198,0.957505004928826,0.976699636015074,0.187121233368416,"05.ForageFishNCC_DFA1","08.PredBirdNCC_b_0_smoothed","06.Cond1NCC_DFA1","07.Cond2NCC_DFA1","12.ZooPreyAK_DFA1","15.PredFishAK_b_0_smoothed"
"416",152689,"DAG1B_short","short","DAG1B",87.8277212866136,0.981670116674512,0.981343538490121,0.313991280371674,"05.ForageFishNCC_DFA1","09.PredFishNCC_b_DFA1","06.Cond1NCC_DFA1","07.Cond2NCC_DFA1","12.ZooPreyAK_DFA1","15.PredFishAK_b_0_smoothed"
"417",152393,"DAG1B_short","short","DAG1B",88.0023357421594,0.954855579786857,0.966607566203403,0.176312080173556,"05.ForageFishNCC_DFA1","08.PredBirdNCC_b_0_smoothed","06.Cond1NCC_DFA1","07.Cond2NCC_DFA1","12.ZooPreyAK_DFA1","10.PredMammalNCC_1_smoothed"
"418",152649,"DAG1B_short","short","DAG1B",88.033578634253,0.930797037721843,0.955879099924113,0.0957899039489365,"05.ForageFishNCC_DFA1","09.PredFishNCC_b_DFA1","06.Cond1NCC_DFA1","07.Cond2NCC_DFA1","12.ZooPreyAK_DFA1","10.PredMammalNCC_1_smoothed"
"419",158793,"DAG1B_short","short","DAG1B",88.6012443405193,0.972602432695875,0.970112437574892,0.262784991899412,"05.ForageFishNCC_DFA1","08.PredBirdNCC_b_0_smoothed","06.Cond1NCC_DFA1","07.Cond2NCC_DFA1","13.FishPreyAK_b_4_smoothed","10.PredMammalNCC_1_smoothed"
"420",153673,"DAG1B_short","short","DAG1B",88.6153417729541,0.963736491696665,0.967826333519604,0.217436022465654,"05.ForageFishNCC_DFA1","08.PredBirdNCC_b_0_smoothed","06.Cond1NCC_DFA1","07.Cond2NCC_DFA1","12.ZooPreyAK_1_smoothed","10.PredMammalNCC_1_smoothed"
"421",159049,"DAG1B_short","short","DAG1B",88.632487232613,0.966635114099063,0.963507256951621,0.231674057788737,"05.ForageFishNCC_DFA1","09.PredFishNCC_b_DFA1","06.Cond1NCC_DFA1","07.Cond2NCC_DFA1","13.FishPreyAK_b_4_smoothed","10.PredMammalNCC_1_smoothed"
"422",153929,"DAG1B_short","short","DAG1B",88.6465846650479,0.957189468527987,0.961594909110828,0.187678113755546,"05.ForageFishNCC_DFA1","09.PredFishNCC_b_DFA1","06.Cond1NCC_DFA1","07.Cond2NCC_DFA1","12.ZooPreyAK_1_smoothed","10.PredMammalNCC_1_smoothed"
"423",155609,"DAG1B_short","short","DAG1B",88.6498190572069,0.865561731499316,0.951043965598228,0.0123084993368808,"05.ForageFishNCC_DFA1","08.PredBirdNCC_b_0_smoothed","06.Cond1NCC_DFA1","07.Cond2NCC_DFA1","13.FishPreyAK_b_DFA1","15.PredFishAK_1_smoothed"
"424",158957,"DAG1B_short","short","DAG1B",88.6506583538094,0.945791215061018,0.98145071599993,0.142995047109806,"05.ForageFishNCC_DFA1","08.PredBirdNCC_b_2_smoothed","06.Cond1NCC_DFA1","07.Cond2NCC_DFA1","13.FishPreyAK_b_4_smoothed","15.PredFishAK_b_DFA1"
"425",155865,"DAG1B_short","short","DAG1B",88.6810619493006,0.817262663347662,0.934423205475165,0.00176962652655654,"05.ForageFishNCC_DFA1","09.PredFishNCC_b_DFA1","06.Cond1NCC_DFA1","07.Cond2NCC_DFA1","13.FishPreyAK_b_DFA1","15.PredFishAK_1_smoothed"
"426",153161,"DAG1B_short","short","DAG1B",88.7422937066956,1,0.971390526535865,0.48623175188667,"05.ForageFishNCC_DFA1","08.PredBirdNCC_b_2_smoothed","06.Cond1NCC_DFA1","07.Cond2NCC_DFA1","12.ZooPreyAK_0_smoothed","10.PredMammalNCC_1_smoothed"
"427",152545,"DAG1B_short","short","DAG1B",88.8680091115574,1,0.985050881589471,0.583132226416226,"05.ForageFishNCC_DFA1","08.PredBirdNCC_b_2_smoothed","06.Cond1NCC_DFA1","07.Cond2NCC_DFA1","12.ZooPreyAK_DFA1","15.PredFishAK_3_smoothed"
"428",152557,"DAG1B_short","short","DAG1B",88.9213587385343,0.924935393804662,0.965683717646411,0.0832997531278945,"05.ForageFishNCC_DFA1","08.PredBirdNCC_b_2_smoothed","06.Cond1NCC_DFA1","07.Cond2NCC_DFA1","12.ZooPreyAK_DFA1","15.PredFishAK_b_DFA1"
"429",156233,"DAG1B_short","short","DAG1B",88.9880320339911,0.901934102195773,0.956470615501647,0.042555403538729,"05.ForageFishNCC_DFA1","08.PredBirdNCC_b_0_smoothed","06.Cond1NCC_DFA1","07.Cond2NCC_DFA1","13.FishPreyAK_b_0_smoothed","10.PredMammalNCC_1_smoothed"
"430",156489,"DAG1B_short","short","DAG1B",89.0192749260849,0.97103958550301,0.965728174935804,0.255174637210098,"05.ForageFishNCC_DFA1","09.PredFishNCC_b_DFA1","06.Cond1NCC_DFA1","07.Cond2NCC_DFA1","13.FishPreyAK_b_0_smoothed","10.PredMammalNCC_1_smoothed"
"431",153709,"DAG1B_short","short","DAG1B",89.7787868976234,0.854947877674415,0.985638411567906,0.00887325131118855,"05.ForageFishNCC_DFA1","08.PredBirdNCC_b_0_smoothed","06.Cond1NCC_DFA1","07.Cond2NCC_DFA1","12.ZooPreyAK_1_smoothed","15.PredFishAK_b_DFA1"
"432",153965,"DAG1B_short","short","DAG1B",89.8100297897172,0.893766426818935,0.987732884556465,0.0339747153441028,"05.ForageFishNCC_DFA1","09.PredFishNCC_b_DFA1","06.Cond1NCC_DFA1","07.Cond2NCC_DFA1","12.ZooPreyAK_1_smoothed","15.PredFishAK_b_DFA1"
"433",158153,"DAG1B_short","short","DAG1B",89.8266006814298,0.946908384671129,0.963723209126462,0.149746316545681,"05.ForageFishNCC_DFA1","08.PredBirdNCC_b_0_smoothed","06.Cond1NCC_DFA1","07.Cond2NCC_DFA1","13.FishPreyAK_b_3_smoothed","10.PredMammalNCC_1_smoothed"
"434",158409,"DAG1B_short","short","DAG1B",89.8578435735234,0.969871041024113,0.961985163445649,0.250675663718126,"05.ForageFishNCC_DFA1","09.PredFishNCC_b_DFA1","06.Cond1NCC_DFA1","07.Cond2NCC_DFA1","13.FishPreyAK_b_3_smoothed","10.PredMammalNCC_1_smoothed"
"435",160713,"DAG1B_short","short","DAG1B",89.9098226415697,0.911690626665615,0.960563913298174,0.0587924538993612,"05.ForageFishNCC_DFA1","08.PredBirdNCC_b_0_smoothed","06.Cond1NCC_DFA1","07.Cond2NCC_DFA1","14.CompAK_1_smoothed","10.PredMammalNCC_1_smoothed"
"436",160969,"DAG1B_short","short","DAG1B",89.9410655336635,0.983751753156779,0.965384376094592,0.329612871201725,"05.ForageFishNCC_DFA1","09.PredFishNCC_b_DFA1","06.Cond1NCC_DFA1","07.Cond2NCC_DFA1","14.CompAK_1_smoothed","10.PredMammalNCC_1_smoothed"
"437",157641,"DAG1B_short","short","DAG1B",89.9716882682371,1,0.97618097956984,0.668990634479114,"05.ForageFishNCC_DFA1","08.PredBirdNCC_b_2_smoothed","06.Cond1NCC_DFA1","07.Cond2NCC_DFA1","13.FishPreyAK_b_2_smoothed","10.PredMammalNCC_1_smoothed"
"438",6509,"DAG1B_short","short","DAG1B",90.1073125461796,0.798361592623217,0.957595684188912,0.00085896932056206,"01.ZooPreyNCC_JSOES_DFA1","08.PredBirdNCC_b_0_smoothed","06.Cond1NCC_DFA1","07.Cond2NCC_DFA1","13.FishPreyAK_b_4_smoothed","15.PredFishAK_b_DFA1"
"439",6765,"DAG1B_short","short","DAG1B",90.1385554382734,0.888602270691927,0.967530792309993,0.0291865753081604,"01.ZooPreyNCC_JSOES_DFA1","09.PredFishNCC_b_DFA1","06.Cond1NCC_DFA1","07.Cond2NCC_DFA1","13.FishPreyAK_b_4_smoothed","15.PredFishAK_b_DFA1"
"440",713,"DAG1B_short","short","DAG1B",90.1989478990659,0.894819653236279,0.929102594255974,0.0356591932800552,"01.ZooPreyNCC_JSOES_DFA1","08.PredBirdNCC_b_0_smoothed","06.Cond1NCC_DFA1","07.Cond2NCC_DFA1","12.ZooPreyAK_0_smoothed","10.PredMammalNCC_1_smoothed"
"441",969,"DAG1B_short","short","DAG1B",90.2301907911596,0.957634939049723,0.939910245743926,0.19323216058025,"01.ZooPreyNCC_JSOES_DFA1","09.PredFishNCC_b_DFA1","06.Cond1NCC_DFA1","07.Cond2NCC_DFA1","12.ZooPreyAK_0_smoothed","10.PredMammalNCC_1_smoothed"
"442",97,"DAG1B_short","short","DAG1B",90.3246633039276,1,0.987350601160073,0.813684430349581,"01.ZooPreyNCC_JSOES_DFA1","08.PredBirdNCC_b_0_smoothed","06.Cond1NCC_DFA1","07.Cond2NCC_DFA1","12.ZooPreyAK_DFA1","15.PredFishAK_3_smoothed"
"443",353,"DAG1B_short","short","DAG1B",90.3559061960213,1,0.982977017129271,0.564795890600341,"01.ZooPreyNCC_JSOES_DFA1","09.PredFishNCC_b_DFA1","06.Cond1NCC_DFA1","07.Cond2NCC_DFA1","12.ZooPreyAK_DFA1","15.PredFishAK_3_smoothed"
"444",109,"DAG1B_short","short","DAG1B",90.3780129309045,0.721610280875238,0.911608610446091,1.51876652518812e-05,"01.ZooPreyNCC_JSOES_DFA1","08.PredBirdNCC_b_0_smoothed","06.Cond1NCC_DFA1","07.Cond2NCC_DFA1","12.ZooPreyAK_DFA1","15.PredFishAK_b_DFA1"
"445",154953,"DAG1B_short","short","DAG1B",90.3944489511341,0.950349630781738,0.962606401930331,0.163899837009205,"05.ForageFishNCC_DFA1","08.PredBirdNCC_b_0_smoothed","06.Cond1NCC_DFA1","07.Cond2NCC_DFA1","13.FishPreyAK_DFA1","10.PredMammalNCC_1_smoothed"
"446",365,"DAG1B_short","short","DAG1B",90.4092558229983,0.871305741354976,0.940310961465084,0.0165684920713787,"01.ZooPreyNCC_JSOES_DFA1","09.PredFishNCC_b_DFA1","06.Cond1NCC_DFA1","07.Cond2NCC_DFA1","12.ZooPreyAK_DFA1","15.PredFishAK_b_DFA1"
"447",155209,"DAG1B_short","short","DAG1B",90.4256918432279,0.955342355590631,0.959993707978911,0.183946710344571,"05.ForageFishNCC_DFA1","09.PredFishNCC_b_DFA1","06.Cond1NCC_DFA1","07.Cond2NCC_DFA1","13.FishPreyAK_DFA1","10.PredMammalNCC_1_smoothed"
"448",152541,"DAG1B_short","short","DAG1B",90.4555557610555,1,0.988769786469595,0.639637979002014,"05.ForageFishNCC_DFA1","08.PredBirdNCC_b_2_smoothed","06.Cond1NCC_DFA1","07.Cond2NCC_DFA1","12.ZooPreyAK_DFA1","15.PredFishAK_2_smoothed"
"449",157037,"DAG1B_short","short","DAG1B",90.5199987180649,0.892608444919967,0.977510292358413,0.0336863313928681,"05.ForageFishNCC_DFA1","08.PredBirdNCC_b_2_smoothed","06.Cond1NCC_DFA1","07.Cond2NCC_DFA1","13.FishPreyAK_b_1_smoothed","15.PredFishAK_b_DFA1"
"450",159433,"DAG1B_short","short","DAG1B",90.5815120266078,0.890782604552096,0.955475342463068,0.0318747482619213,"05.ForageFishNCC_DFA1","08.PredBirdNCC_b_0_smoothed","06.Cond1NCC_DFA1","07.Cond2NCC_DFA1","14.CompAK_smoothed","10.PredMammalNCC_1_smoothed"
"451",159689,"DAG1B_short","short","DAG1B",90.6127549187015,0.936872355546936,0.95429755130572,0.118553143116627,"05.ForageFishNCC_DFA1","09.PredFishNCC_b_DFA1","06.Cond1NCC_DFA1","07.Cond2NCC_DFA1","14.CompAK_smoothed","10.PredMammalNCC_1_smoothed"
"452",152561,"DAG1B_short","short","DAG1B",90.688024727615,0.923041158809841,0.969594336296257,0.0826757570244274,"05.ForageFishNCC_DFA1","08.PredBirdNCC_b_2_smoothed","06.Cond1NCC_DFA1","07.Cond2NCC_DFA1","12.ZooPreyAK_DFA1","15.PredFishAK_b_0_smoothed"
"453",714,"DAG1B_short","short","DAG1B",90.7180373871766,0.753494081865128,0.883946291033376,9.82629091529352e-05,"01.ZooPreyNCC_JSOES_DFA1","08.PredBirdNCC_b_0_smoothed","06.Cond1NCC_0_smoothed","07.Cond2NCC_DFA1","12.ZooPreyAK_0_smoothed","10.PredMammalNCC_1_smoothed"
"454",970,"DAG1B_short","short","DAG1B",90.7492802792704,0.793735254190957,0.906442908770004,0.00073871845637629,"01.ZooPreyNCC_JSOES_DFA1","09.PredFishNCC_b_DFA1","06.Cond1NCC_0_smoothed","07.Cond2NCC_DFA1","12.ZooPreyAK_0_smoothed","10.PredMammalNCC_1_smoothed"
"455",114,"DAG1B_short","short","DAG1B",90.7897673592042,0.863452927939042,0.953144881917827,0.0128336385254251,"01.ZooPreyNCC_JSOES_DFA1","08.PredBirdNCC_b_0_smoothed","06.Cond1NCC_0_smoothed","07.Cond2NCC_DFA1","12.ZooPreyAK_DFA1","15.PredFishAK_b_0_smoothed"
"456",156873,"DAG1B_short","short","DAG1B",90.8051180323594,0.905767483032136,0.952932623458835,0.0508580751434149,"05.ForageFishNCC_DFA1","08.PredBirdNCC_b_0_smoothed","06.Cond1NCC_DFA1","07.Cond2NCC_DFA1","13.FishPreyAK_b_1_smoothed","10.PredMammalNCC_1_smoothed"
"457",370,"DAG1B_short","short","DAG1B",90.821010251298,0.892321968339223,0.960969930874719,0.033787091023309,"01.ZooPreyNCC_JSOES_DFA1","09.PredFishNCC_b_DFA1","06.Cond1NCC_0_smoothed","07.Cond2NCC_DFA1","12.ZooPreyAK_DFA1","15.PredFishAK_b_0_smoothed"
"458",157129,"DAG1B_short","short","DAG1B",90.8363609244531,0.9061534150829,0.947664649745891,0.0514934400233219,"05.ForageFishNCC_DFA1","09.PredFishNCC_b_DFA1","06.Cond1NCC_DFA1","07.Cond2NCC_DFA1","13.FishPreyAK_b_1_smoothed","10.PredMammalNCC_1_smoothed"
"459",152521,"DAG1B_short","short","DAG1B",90.8938820752547,1,0.977780484946946,0.708276700028594,"05.ForageFishNCC_DFA1","08.PredBirdNCC_b_2_smoothed","06.Cond1NCC_DFA1","07.Cond2NCC_DFA1","12.ZooPreyAK_DFA1","10.PredMammalNCC_1_smoothed"
"460",155593,"DAG1B_short","short","DAG1B",91.0064063930786,0.855048396299574,0.937890482136166,0.00959220722189891,"05.ForageFishNCC_DFA1","08.PredBirdNCC_b_0_smoothed","06.Cond1NCC_DFA1","07.Cond2NCC_DFA1","13.FishPreyAK_b_DFA1","10.PredMammalNCC_1_smoothed"
"461",155849,"DAG1B_short","short","DAG1B",91.0376492851723,0.864760458007722,0.937999388109889,0.0136265549626768,"05.ForageFishNCC_DFA1","09.PredFishNCC_b_DFA1","06.Cond1NCC_DFA1","07.Cond2NCC_DFA1","13.FishPreyAK_b_DFA1","10.PredMammalNCC_1_smoothed"
"462",154313,"DAG1B_short","short","DAG1B",91.0943798001466,0.925811509114202,0.954619415893452,0.0899656165081082,"05.ForageFishNCC_DFA1","08.PredBirdNCC_b_0_smoothed","06.Cond1NCC_DFA1","07.Cond2NCC_DFA1","12.ZooPreyAK_2_smoothed","10.PredMammalNCC_1_smoothed"
"463",160073,"DAG1B_short","short","DAG1B",91.1211203069738,0.912521253892784,0.957234939230316,0.0624705290435601,"05.ForageFishNCC_DFA1","08.PredBirdNCC_b_0_smoothed","06.Cond1NCC_DFA1","07.Cond2NCC_DFA1","14.CompAK_0_smoothed","10.PredMammalNCC_1_smoothed"
"464",154569,"DAG1B_short","short","DAG1B",91.1256226922402,0.976481003348099,0.963008386479329,0.288722553263066,"05.ForageFishNCC_DFA1","09.PredFishNCC_b_DFA1","06.Cond1NCC_DFA1","07.Cond2NCC_DFA1","12.ZooPreyAK_2_smoothed","10.PredMammalNCC_1_smoothed"
"465",160329,"DAG1B_short","short","DAG1B",91.1523631990676,0.924340761170923,0.950840416891713,0.086628712759336,"05.ForageFishNCC_DFA1","09.PredFishNCC_b_DFA1","06.Cond1NCC_DFA1","07.Cond2NCC_DFA1","14.CompAK_0_smoothed","10.PredMammalNCC_1_smoothed"
"466",152445,"DAG1B_short","short","DAG1B",91.1524462090285,1,0.991422952738962,0.884904428748246,"05.ForageFishNCC_DFA1","08.PredBirdNCC_b_0_smoothed","06.Cond1NCC_DFA1","07.Cond2NCC_DFA1","12.ZooPreyAK_DFA1","15.PredFishAK_b_3_smoothed"
"467",152701,"DAG1B_short","short","DAG1B",91.1836891011222,0.978209092877033,0.983589185417551,0.298585875612827,"05.ForageFishNCC_DFA1","09.PredFishNCC_b_DFA1","06.Cond1NCC_DFA1","07.Cond2NCC_DFA1","12.ZooPreyAK_DFA1","15.PredFishAK_b_3_smoothed"
"468",5193,"DAG1B_short","short","DAG1B",91.4283424606075,0.901068064545698,0.930975163798185,0.0451926666103454,"01.ZooPreyNCC_JSOES_DFA1","08.PredBirdNCC_b_0_smoothed","06.Cond1NCC_DFA1","07.Cond2NCC_DFA1","13.FishPreyAK_b_2_smoothed","10.PredMammalNCC_1_smoothed"
"469",5449,"DAG1B_short","short","DAG1B",91.4595853527012,0.95413038070982,0.936358730307443,0.181391190916102,"01.ZooPreyNCC_JSOES_DFA1","09.PredFishNCC_b_DFA1","06.Cond1NCC_DFA1","07.Cond2NCC_DFA1","13.FishPreyAK_b_2_smoothed","10.PredMammalNCC_1_smoothed"
"470",158921,"DAG1B_short","short","DAG1B",91.4927906736145,1,0.981163278020859,0.825144542769034,"05.ForageFishNCC_DFA1","08.PredBirdNCC_b_2_smoothed","06.Cond1NCC_DFA1","07.Cond2NCC_DFA1","13.FishPreyAK_b_4_smoothed","10.PredMammalNCC_1_smoothed"
"471",153801,"DAG1B_short","short","DAG1B",91.5068881060493,1,0.981189233689256,0.824586211366035,"05.ForageFishNCC_DFA1","08.PredBirdNCC_b_2_smoothed","06.Cond1NCC_DFA1","07.Cond2NCC_DFA1","12.ZooPreyAK_1_smoothed","10.PredMammalNCC_1_smoothed"
"472",155737,"DAG1B_short","short","DAG1B",91.5413653903022,0.868015473160127,0.949151957299275,0.0156829076757086,"05.ForageFishNCC_DFA1","08.PredBirdNCC_b_2_smoothed","06.Cond1NCC_DFA1","07.Cond2NCC_DFA1","13.FishPreyAK_b_DFA1","15.PredFishAK_1_smoothed"
"473",156361,"DAG1B_short","short","DAG1B",91.8795783670865,1,0.980542539334598,0.787662674282624,"05.ForageFishNCC_DFA1","08.PredBirdNCC_b_2_smoothed","06.Cond1NCC_DFA1","07.Cond2NCC_DFA1","13.FishPreyAK_b_0_smoothed","10.PredMammalNCC_1_smoothed"
"474",93,"DAG1B_short","short","DAG1B",91.9122099534257,1,0.990176234807404,0.841784269386667,"01.ZooPreyNCC_JSOES_DFA1","08.PredBirdNCC_b_0_smoothed","06.Cond1NCC_DFA1","07.Cond2NCC_DFA1","12.ZooPreyAK_DFA1","15.PredFishAK_2_smoothed"
"475",110,"DAG1B_short","short","DAG1B",91.930349728763,0.701960137804388,0.895707560022042,5.85540921915761e-06,"01.ZooPreyNCC_JSOES_DFA1","08.PredBirdNCC_b_0_smoothed","06.Cond1NCC_0_smoothed","07.Cond2NCC_DFA1","12.ZooPreyAK_DFA1","15.PredFishAK_b_DFA1"
"476",349,"DAG1B_short","short","DAG1B",91.9434528455194,1,0.985251533887306,0.449435551006783,"01.ZooPreyNCC_JSOES_DFA1","09.PredFishNCC_b_DFA1","06.Cond1NCC_DFA1","07.Cond2NCC_DFA1","12.ZooPreyAK_DFA1","15.PredFishAK_2_smoothed"
"477",366,"DAG1B_short","short","DAG1B",91.9615926208567,0.82331606842824,0.922308452662149,0.00299653915887643,"01.ZooPreyNCC_JSOES_DFA1","09.PredFishNCC_b_DFA1","06.Cond1NCC_0_smoothed","07.Cond2NCC_DFA1","12.ZooPreyAK_DFA1","15.PredFishAK_b_DFA1"
"478",4589,"DAG1B_short","short","DAG1B",91.9766529104351,0.766697071492255,0.956129942294725,0.00022880587925611,"01.ZooPreyNCC_JSOES_DFA1","08.PredBirdNCC_b_0_smoothed","06.Cond1NCC_DFA1","07.Cond2NCC_DFA1","13.FishPreyAK_b_1_smoothed","15.PredFishAK_b_DFA1"
"479",4845,"DAG1B_short","short","DAG1B",92.007895802529,0.847215119461507,0.966618907809506,0.00764468869786206,"01.ZooPreyNCC_JSOES_DFA1","09.PredFishNCC_b_DFA1","06.Cond1NCC_DFA1","07.Cond2NCC_DFA1","13.FishPreyAK_b_1_smoothed","15.PredFishAK_b_DFA1"
"480",113,"DAG1B_short","short","DAG1B",92.1446789199854,0.963677084127021,0.9718733323802,0.224861841465728,"01.ZooPreyNCC_JSOES_DFA1","08.PredBirdNCC_b_0_smoothed","06.Cond1NCC_DFA1","07.Cond2NCC_DFA1","12.ZooPreyAK_DFA1","15.PredFishAK_b_0_smoothed"
"481",369,"DAG1B_short","short","DAG1B",92.1759218120791,0.991720610801681,0.975982238569832,0.382134722640835,"01.ZooPreyNCC_JSOES_DFA1","09.PredFishNCC_b_DFA1","06.Cond1NCC_DFA1","07.Cond2NCC_DFA1","12.ZooPreyAK_DFA1","15.PredFishAK_b_0_smoothed"
"482",5194,"DAG1B_short","short","DAG1B",92.2058492317532,0.742766072363623,0.877090454140858,6.73201287267888e-05,"01.ZooPreyNCC_JSOES_DFA1","08.PredBirdNCC_b_0_smoothed","06.Cond1NCC_0_smoothed","07.Cond2NCC_DFA1","13.FishPreyAK_b_2_smoothed","10.PredMammalNCC_1_smoothed"
"483",5450,"DAG1B_short","short","DAG1B",92.2370921238468,0.772332584442699,0.900097378795257,0.00031219735329779,"01.ZooPreyNCC_JSOES_DFA1","09.PredFishNCC_b_DFA1","06.Cond1NCC_0_smoothed","07.Cond2NCC_DFA1","13.FishPreyAK_b_2_smoothed","10.PredMammalNCC_1_smoothed"
"484",73,"DAG1B_short","short","DAG1B",92.3505362676248,0.883089058219523,0.928777148844095,0.0269034198567507,"01.ZooPreyNCC_JSOES_DFA1","08.PredBirdNCC_b_0_smoothed","06.Cond1NCC_DFA1","07.Cond2NCC_DFA1","12.ZooPreyAK_DFA1","10.PredMammalNCC_1_smoothed"
"485",329,"DAG1B_short","short","DAG1B",92.3817791597186,0.874958068226041,0.914574894383134,0.0206898733177001,"01.ZooPreyNCC_JSOES_DFA1","09.PredFishNCC_b_DFA1","06.Cond1NCC_DFA1","07.Cond2NCC_DFA1","12.ZooPreyAK_DFA1","10.PredMammalNCC_1_smoothed"
"486",152421,"DAG1B_short","short","DAG1B",92.4113576317777,1,0.992639888313001,0.921079034727674,"05.ForageFishNCC_DFA1","08.PredBirdNCC_b_0_smoothed","06.Cond1NCC_DFA1","07.Cond2NCC_DFA1","12.ZooPreyAK_DFA1","15.PredFishAK_4_smoothed"
"487",152677,"DAG1B_short","short","DAG1B",92.4426005238713,0.963056249871248,0.9824469483944,0.222623102163764,"05.ForageFishNCC_DFA1","09.PredFishNCC_b_DFA1","06.Cond1NCC_DFA1","07.Cond2NCC_DFA1","12.ZooPreyAK_DFA1","15.PredFishAK_4_smoothed"
"488",153069,"DAG1B_short","short","DAG1B",92.5956476343154,0.895852343377816,0.971439238678718,0.0403500379436497,"05.ForageFishNCC_DFA1","08.PredBirdNCC_b_0_smoothed","06.Cond1NCC_DFA1","07.Cond2NCC_DFA1","12.ZooPreyAK_0_smoothed","15.PredFishAK_b_DFA1"
"489",153325,"DAG1B_short","short","DAG1B",92.626890526409,0.965631823792675,0.97805482769738,0.235216123963979,"05.ForageFishNCC_DFA1","09.PredFishNCC_b_DFA1","06.Cond1NCC_DFA1","07.Cond2NCC_DFA1","12.ZooPreyAK_0_smoothed","15.PredFishAK_b_DFA1"
"490",153837,"DAG1B_short","short","DAG1B",92.6703332307186,0.882813575838542,0.987282883482629,0.0270509870792995,"05.ForageFishNCC_DFA1","08.PredBirdNCC_b_2_smoothed","06.Cond1NCC_DFA1","07.Cond2NCC_DFA1","12.ZooPreyAK_1_smoothed","15.PredFishAK_b_DFA1"
"491",153034,"DAG1B_short","short","DAG1B",92.6707430580497,0.83896753651481,0.885383426868611,0.00585942870256473,"05.ForageFishNCC_DFA1","08.PredBirdNCC_b_0_smoothed","06.Cond1NCC_0_smoothed","07.Cond2NCC_DFA1","12.ZooPreyAK_0_smoothed","10.PredMammalNCC_1_smoothed"
"492",153290,"DAG1B_short","short","DAG1B",92.7019859501434,0.883674842104991,0.910188552430609,0.0278392214619103,"05.ForageFishNCC_DFA1","09.PredFishNCC_b_DFA1","06.Cond1NCC_0_smoothed","07.Cond2NCC_DFA1","12.ZooPreyAK_0_smoothed","10.PredMammalNCC_1_smoothed"
"493",158281,"DAG1B_short","short","DAG1B",92.718147014525,1,0.975119446180397,0.667889839819566,"05.ForageFishNCC_DFA1","08.PredBirdNCC_b_2_smoothed","06.Cond1NCC_DFA1","07.Cond2NCC_DFA1","13.FishPreyAK_b_3_smoothed","10.PredMammalNCC_1_smoothed"
"494",152434,"DAG1B_short","short","DAG1B",92.7424730300774,0.920887092216598,0.955943460578974,0.0822877783675994,"05.ForageFishNCC_DFA1","08.PredBirdNCC_b_0_smoothed","06.Cond1NCC_0_smoothed","07.Cond2NCC_DFA1","12.ZooPreyAK_DFA1","15.PredFishAK_b_0_smoothed"
"495",152690,"DAG1B_short","short","DAG1B",92.773715922171,0.944824359079521,0.964742169691301,0.149480638538301,"05.ForageFishNCC_DFA1","09.PredFishNCC_b_DFA1","06.Cond1NCC_0_smoothed","07.Cond2NCC_DFA1","12.ZooPreyAK_DFA1","15.PredFishAK_b_0_smoothed"
"496",160841,"DAG1B_short","short","DAG1B",92.8013689746649,1,0.981383704890332,0.844452711343053,"05.ForageFishNCC_DFA1","08.PredBirdNCC_b_2_smoothed","06.Cond1NCC_DFA1","07.Cond2NCC_DFA1","14.CompAK_1_smoothed","10.PredMammalNCC_1_smoothed"
"497",6473,"DAG1B_short","short","DAG1B",92.9494448659848,0.912390599438359,0.936984495795339,0.065761512143969,"01.ZooPreyNCC_JSOES_DFA1","08.PredBirdNCC_b_0_smoothed","06.Cond1NCC_DFA1","07.Cond2NCC_DFA1","13.FishPreyAK_b_4_smoothed","10.PredMammalNCC_1_smoothed"
"498",1353,"DAG1B_short","short","DAG1B",92.9635422984195,0.924352524484507,0.936681796544761,0.0906361259528633,"01.ZooPreyNCC_JSOES_DFA1","08.PredBirdNCC_b_0_smoothed","06.Cond1NCC_DFA1","07.Cond2NCC_DFA1","12.ZooPreyAK_1_smoothed","10.PredMammalNCC_1_smoothed"
"499",152405,"DAG1B_short","short","DAG1B",92.9643350315171,0.963853580923331,0.983205265444821,0.227509013206732,"05.ForageFishNCC_DFA1","08.PredBirdNCC_b_0_smoothed","06.Cond1NCC_DFA1","07.Cond2NCC_DFA1","12.ZooPreyAK_DFA1","15.PredFishAK_0_smoothed"
"500",6729,"DAG1B_short","short","DAG1B",92.9806877580785,0.920938158147762,0.927016540950563,0.082915558621965,"01.ZooPreyNCC_JSOES_DFA1","09.PredFishNCC_b_DFA1","06.Cond1NCC_DFA1","07.Cond2NCC_DFA1","13.FishPreyAK_b_4_smoothed","10.PredMammalNCC_1_smoothed"
"501",25676,"DAG1C_short","short","DAG1C",28.6286074310169,0.910103996727818,0.997523615954234,0.00981532650112971,"01.ZooPreyNCC_JSOES_1_smoothed","08.PredBirdNCC_b_0_smoothed","06.Cond1NCC_2_smoothed","07.Cond2NCC_DFA1","14.CompAK_0_smoothed","10.PredMammalNCC_1_smoothed"
"502",25036,"DAG1C_short","short","DAG1C",30.9104413481504,0.898506846389723,0.996775015896847,0.00633006954558368,"01.ZooPreyNCC_JSOES_1_smoothed","08.PredBirdNCC_b_0_smoothed","06.Cond1NCC_2_smoothed","07.Cond2NCC_DFA1","14.CompAK_smoothed","10.PredMammalNCC_1_smoothed"
"503",20556,"DAG1C_short","short","DAG1C",31.3256321246234,0.835115255628719,0.996196570124741,0.00024521960436485,"01.ZooPreyNCC_JSOES_1_smoothed","08.PredBirdNCC_b_0_smoothed","06.Cond1NCC_2_smoothed","07.Cond2NCC_DFA1","13.FishPreyAK_DFA1","10.PredMammalNCC_1_smoothed"
"504",120396,"DAG1C_short","short","DAG1C",31.7764721130469,0.874173685878136,0.997190002679574,0.00202798377240831,"04.CompFishNCC_smoothed","08.PredBirdNCC_b_0_smoothed","06.Cond1NCC_2_smoothed","07.Cond2NCC_DFA1","13.FishPreyAK_b_0_smoothed","10.PredMammalNCC_1_smoothed"
"505",18636,"DAG1C_short","short","DAG1C",34.5223838339528,0.872564273614792,0.994883117314899,0.00225785416923341,"01.ZooPreyNCC_JSOES_1_smoothed","08.PredBirdNCC_b_0_smoothed","06.Cond1NCC_2_smoothed","07.Cond2NCC_DFA1","12.ZooPreyAK_0_smoothed","10.PredMammalNCC_1_smoothed"
"506",19916,"DAG1C_short","short","DAG1C",35.4724407706206,0.886056389454359,0.994522597510725,0.0045580532222399,"01.ZooPreyNCC_JSOES_1_smoothed","08.PredBirdNCC_b_0_smoothed","06.Cond1NCC_2_smoothed","07.Cond2NCC_DFA1","12.ZooPreyAK_2_smoothed","10.PredMammalNCC_1_smoothed"
"507",161356,"DAG1C_short","short","DAG1C",35.5411071873937,0.931127488419683,0.997175516357052,0.0325421271485494,"05.ForageFishNCC_0_smoothed","08.PredBirdNCC_b_0_smoothed","06.Cond1NCC_2_smoothed","07.Cond2NCC_DFA1","12.ZooPreyAK_DFA1","10.PredMammalNCC_1_smoothed"
"508",23756,"DAG1C_short","short","DAG1C",40.1031448996044,0.856102100142162,0.988352070723641,0.00154778673282396,"01.ZooPreyNCC_JSOES_1_smoothed","08.PredBirdNCC_b_0_smoothed","06.Cond1NCC_2_smoothed","07.Cond2NCC_DFA1","13.FishPreyAK_b_3_smoothed","10.PredMammalNCC_1_smoothed"
"509",167756,"DAG1C_short","short","DAG1C",40.2890192944882,0.912636278905882,0.995585714040486,0.0184799190148808,"05.ForageFishNCC_0_smoothed","08.PredBirdNCC_b_0_smoothed","06.Cond1NCC_2_smoothed","07.Cond2NCC_DFA1","13.FishPreyAK_b_4_smoothed","10.PredMammalNCC_1_smoothed"
"510",21196,"DAG1C_short","short","DAG1C",40.4129001982078,0.901095534142286,0.991017899418779,0.0115954450648551,"01.ZooPreyNCC_JSOES_1_smoothed","08.PredBirdNCC_b_0_smoothed","06.Cond1NCC_2_smoothed","07.Cond2NCC_DFA1","13.FishPreyAK_b_DFA1","10.PredMammalNCC_1_smoothed"
"511",26316,"DAG1C_short","short","DAG1C",40.7530441509823,0.872507625088944,0.989475944150027,0.00345001317440385,"01.ZooPreyNCC_JSOES_1_smoothed","08.PredBirdNCC_b_0_smoothed","06.Cond1NCC_2_smoothed","07.Cond2NCC_DFA1","14.CompAK_1_smoothed","10.PredMammalNCC_1_smoothed"
"512",19276,"DAG1C_short","short","DAG1C",41.0189696603585,0.834725466131632,0.986324647504161,0.00059729729611202,"01.ZooPreyNCC_JSOES_1_smoothed","08.PredBirdNCC_b_0_smoothed","06.Cond1NCC_2_smoothed","07.Cond2NCC_DFA1","12.ZooPreyAK_1_smoothed","10.PredMammalNCC_1_smoothed"
"513",23116,"DAG1C_short","short","DAG1C",41.1732770191145,0.867772483963013,0.988640421943526,0.00287281379533844,"01.ZooPreyNCC_JSOES_1_smoothed","08.PredBirdNCC_b_0_smoothed","06.Cond1NCC_2_smoothed","07.Cond2NCC_DFA1","13.FishPreyAK_b_2_smoothed","10.PredMammalNCC_1_smoothed"
"514",22476,"DAG1C_short","short","DAG1C",41.2994366696203,0.896790598921377,0.989921251696967,0.0101545171245115,"01.ZooPreyNCC_JSOES_1_smoothed","08.PredBirdNCC_b_0_smoothed","06.Cond1NCC_2_smoothed","07.Cond2NCC_DFA1","13.FishPreyAK_b_1_smoothed","10.PredMammalNCC_1_smoothed"
"515",24396,"DAG1C_short","short","DAG1C",41.3474355919587,0.87396934313173,0.988644821747178,0.00383308812783578,"01.ZooPreyNCC_JSOES_1_smoothed","08.PredBirdNCC_b_0_smoothed","06.Cond1NCC_2_smoothed","07.Cond2NCC_DFA1","13.FishPreyAK_b_4_smoothed","10.PredMammalNCC_1_smoothed"
"516",17996,"DAG1C_short","short","DAG1C",41.3833222353299,0.895990475739043,0.989696890891759,0.0098668647852812,"01.ZooPreyNCC_JSOES_1_smoothed","08.PredBirdNCC_b_0_smoothed","06.Cond1NCC_2_smoothed","07.Cond2NCC_DFA1","12.ZooPreyAK_DFA1","10.PredMammalNCC_1_smoothed"
"517",21836,"DAG1C_short","short","DAG1C",41.3947247465553,0.845522012989618,0.987084754345775,0.00104286821612321,"01.ZooPreyNCC_JSOES_1_smoothed","08.PredBirdNCC_b_0_smoothed","06.Cond1NCC_2_smoothed","07.Cond2NCC_DFA1","13.FishPreyAK_b_0_smoothed","10.PredMammalNCC_1_smoothed"
"518",156236,"DAG1C_short","short","DAG1C",43.8646664935813,0.851125300148511,0.990711095941353,0.00166614924890485,"05.ForageFishNCC_DFA1","08.PredBirdNCC_b_0_smoothed","06.Cond1NCC_2_smoothed","07.Cond2NCC_DFA1","13.FishPreyAK_b_0_smoothed","10.PredMammalNCC_1_smoothed"
"519",28876,"DAG1C_short","short","DAG1C",45.3402343763666,0.882654486132002,0.985372489642197,0.00716631554093272,"01.ZooPreyNCC_NHL_DFA1","08.PredBirdNCC_b_0_smoothed","06.Cond1NCC_2_smoothed","07.Cond2NCC_DFA1","12.ZooPreyAK_2_smoothed","10.PredMammalNCC_1_smoothed"
"520",29516,"DAG1C_short","short","DAG1C",45.5228848185098,0.842389930138888,0.987606207340729,0.00129282491403182,"01.ZooPreyNCC_NHL_DFA1","08.PredBirdNCC_b_0_smoothed","06.Cond1NCC_2_smoothed","07.Cond2NCC_DFA1","13.FishPreyAK_DFA1","10.PredMammalNCC_1_smoothed"
"521",3916,"DAG1C_short","short","DAG1C",47.4803022934003,0.849694087196618,0.985504188397697,0.00210955269882052,"01.ZooPreyNCC_JSOES_DFA1","08.PredBirdNCC_b_0_smoothed","06.Cond1NCC_2_smoothed","07.Cond2NCC_DFA1","13.FishPreyAK_b_0_smoothed","10.PredMammalNCC_1_smoothed"
"522",716,"DAG1C_short","short","DAG1C",50.2127377785294,0.820133527061538,0.97369632777236,0.00074659204645777,"01.ZooPreyNCC_JSOES_DFA1","08.PredBirdNCC_b_0_smoothed","06.Cond1NCC_2_smoothed","07.Cond2NCC_DFA1","12.ZooPreyAK_0_smoothed","10.PredMammalNCC_1_smoothed"
"523",117196,"DAG1C_short","short","DAG1C",50.2307729557262,0.807477129130525,0.975381700806719,0.00042149512819866,"04.CompFishNCC_smoothed","08.PredBirdNCC_b_0_smoothed","06.Cond1NCC_2_smoothed","07.Cond2NCC_DFA1","12.ZooPreyAK_0_smoothed","10.PredMammalNCC_1_smoothed"
"524",121036,"DAG1C_short","short","DAG1C",50.6870715177176,0.860120428316566,0.986029107327763,0.00418736049649815,"04.CompFishNCC_smoothed","08.PredBirdNCC_b_0_smoothed","06.Cond1NCC_2_smoothed","07.Cond2NCC_DFA1","13.FishPreyAK_b_1_smoothed","10.PredMammalNCC_1_smoothed"
"525",137036,"DAG1C_short","short","DAG1C",51.3025666277105,0.840305276741719,0.983575204378837,0.00197337004126219,"04.CompFishNCC_1_smoothed","08.PredBirdNCC_b_0_smoothed","06.Cond1NCC_2_smoothed","07.Cond2NCC_DFA1","13.FishPreyAK_DFA1","10.PredMammalNCC_1_smoothed"
"526",30156,"DAG1C_short","short","DAG1C",51.5056172131891,0.856268407377295,0.961505242362909,0.00382954313655326,"01.ZooPreyNCC_NHL_DFA1","08.PredBirdNCC_b_0_smoothed","06.Cond1NCC_2_smoothed","07.Cond2NCC_DFA1","13.FishPreyAK_b_DFA1","10.PredMammalNCC_1_smoothed"
"527",137676,"DAG1C_short","short","DAG1C",51.5613584693929,0.90896295610497,0.982581786923295,0.026680317902439,"04.CompFishNCC_1_smoothed","08.PredBirdNCC_b_0_smoothed","06.Cond1NCC_2_smoothed","07.Cond2NCC_DFA1","13.FishPreyAK_b_DFA1","10.PredMammalNCC_1_smoothed"
"528",136396,"DAG1C_short","short","DAG1C",51.7353675781048,0.899748837988672,0.983538010304433,0.0195772506049144,"04.CompFishNCC_1_smoothed","08.PredBirdNCC_b_0_smoothed","06.Cond1NCC_2_smoothed","07.Cond2NCC_DFA1","12.ZooPreyAK_2_smoothed","10.PredMammalNCC_1_smoothed"
"529",153036,"DAG1C_short","short","DAG1C",52.2906295409876,0.801042095693226,0.967782574679947,0.00039851107326227,"05.ForageFishNCC_DFA1","08.PredBirdNCC_b_0_smoothed","06.Cond1NCC_2_smoothed","07.Cond2NCC_DFA1","12.ZooPreyAK_0_smoothed","10.PredMammalNCC_1_smoothed"
"530",78156,"DAG1C_short","short","DAG1C",52.5392924489819,0.834113127963398,0.941352349421354,0.0017106836341747,"01.ZooPreyNCC_WPbirds_0_smoothed","08.PredBirdNCC_b_0_smoothed","06.Cond1NCC_2_smoothed","07.Cond2NCC_DFA1","13.FishPreyAK_b_4_smoothed","10.PredMammalNCC_1_smoothed"
"531",119756,"DAG1C_short","short","DAG1C",52.786764018489,0.858013496508835,0.981355328707343,0.00452906221628657,"04.CompFishNCC_smoothed","08.PredBirdNCC_b_0_smoothed","06.Cond1NCC_2_smoothed","07.Cond2NCC_DFA1","13.FishPreyAK_b_DFA1","10.PredMammalNCC_1_smoothed"
"532",74316,"DAG1C_short","short","DAG1C",53.3732604448687,0.841224009155055,0.975116828868363,0.0024627551574552,"01.ZooPreyNCC_WPbirds_0_smoothed","08.PredBirdNCC_b_0_smoothed","06.Cond1NCC_2_smoothed","07.Cond2NCC_DFA1","13.FishPreyAK_DFA1","10.PredMammalNCC_1_smoothed"
"533",100556,"DAG1C_short","short","DAG1C",53.3967031766652,0.80300190380155,0.976300506305164,0.00049530569414157,"03.FishPreyNCC_DFA1","08.PredBirdNCC_b_0_smoothed","06.Cond1NCC_2_smoothed","07.Cond2NCC_DFA1","12.ZooPreyAK_2_smoothed","10.PredMammalNCC_1_smoothed"
"534",9676,"DAG1C_short","short","DAG1C",53.4502431658941,0.838258682213247,0.958579143411823,0.00220233417450977,"01.ZooPreyNCC_JSOES_0_smoothed","08.PredBirdNCC_b_0_smoothed","06.Cond1NCC_2_smoothed","07.Cond2NCC_DFA1","12.ZooPreyAK_0_smoothed","10.PredMammalNCC_1_smoothed"
"535",121676,"DAG1C_short","short","DAG1C",53.6330195573745,0.800129027874343,0.96721775335724,0.00044835330008308,"04.CompFishNCC_smoothed","08.PredBirdNCC_b_0_smoothed","06.Cond1NCC_2_smoothed","07.Cond2NCC_DFA1","13.FishPreyAK_b_2_smoothed","10.PredMammalNCC_1_smoothed"
"536",4591,"DAG1C_short","short","DAG1C",53.9577250627264,0.99612678594771,0.982405095237758,0.357277454194187,"01.ZooPreyNCC_JSOES_DFA1","08.PredBirdNCC_b_0_smoothed","06.Cond1NCC_1_smoothed","07.Cond2NCC_DFA1","13.FishPreyAK_b_1_smoothed","15.PredFishAK_b_DFA1"
"537",101196,"DAG1C_short","short","DAG1C",53.9829428443736,0.794369597949051,0.976356867924102,0.00036169043030143,"03.FishPreyNCC_DFA1","08.PredBirdNCC_b_0_smoothed","06.Cond1NCC_2_smoothed","07.Cond2NCC_DFA1","13.FishPreyAK_DFA1","10.PredMammalNCC_1_smoothed"
"538",119116,"DAG1C_short","short","DAG1C",54.3188143517977,0.836793024440023,0.979478373605944,0.00224820077371046,"04.CompFishNCC_smoothed","08.PredBirdNCC_b_0_smoothed","06.Cond1NCC_2_smoothed","07.Cond2NCC_DFA1","13.FishPreyAK_DFA1","10.PredMammalNCC_1_smoothed"
"539",181836,"DAG1C_short","short","DAG1C",54.5422805987336,0.840070908568995,0.977166931602588,0.00261076365476165,"05.ForageFishNCC_2_smoothed","08.PredBirdNCC_b_0_smoothed","06.Cond1NCC_2_smoothed","07.Cond2NCC_DFA1","13.FishPreyAK_DFA1","10.PredMammalNCC_1_smoothed"
"540",92876,"DAG1C_short","short","DAG1C",54.6070679793172,0.895580820193264,0.976959164529062,0.019714187412897,"02.CompJellyNCC_DFA1","08.PredBirdNCC_b_0_smoothed","06.Cond1NCC_2_smoothed","07.Cond2NCC_DFA1","13.FishPreyAK_b_DFA1","10.PredMammalNCC_1_smoothed"
"541",118476,"DAG1C_short","short","DAG1C",54.7786565406795,0.853489568102237,0.976510155554514,0.004459324444818,"04.CompFishNCC_smoothed","08.PredBirdNCC_b_0_smoothed","06.Cond1NCC_2_smoothed","07.Cond2NCC_DFA1","12.ZooPreyAK_2_smoothed","10.PredMammalNCC_1_smoothed"
"542",126156,"DAG1C_short","short","DAG1C",54.8597299788612,0.804149338836519,0.957286027338601,0.00061697756915957,"04.CompFishNCC_0_smoothed","08.PredBirdNCC_b_0_smoothed","06.Cond1NCC_2_smoothed","07.Cond2NCC_DFA1","12.ZooPreyAK_0_smoothed","10.PredMammalNCC_1_smoothed"
"543",73676,"DAG1C_short","short","DAG1C",55.0570693110512,0.873651543523404,0.967592836195171,0.00950367621268022,"01.ZooPreyNCC_WPbirds_0_smoothed","08.PredBirdNCC_b_0_smoothed","06.Cond1NCC_2_smoothed","07.Cond2NCC_DFA1","12.ZooPreyAK_2_smoothed","10.PredMammalNCC_1_smoothed"
"544",38476,"DAG1C_short","short","DAG1C",55.2509247873586,0.833036170211965,0.975944832815168,0.0021128039819599,"01.ZooPreyNCC_NHL_0_smoothed","08.PredBirdNCC_b_0_smoothed","06.Cond1NCC_2_smoothed","07.Cond2NCC_DFA1","13.FishPreyAK_DFA1","10.PredMammalNCC_1_smoothed"
"545",11596,"DAG1C_short","short","DAG1C",55.3048488078379,0.840032714348232,0.976369449515212,0.00279052569661886,"01.ZooPreyNCC_JSOES_0_smoothed","08.PredBirdNCC_b_0_smoothed","06.Cond1NCC_2_smoothed","07.Cond2NCC_DFA1","13.FishPreyAK_DFA1","10.PredMammalNCC_1_smoothed"
"546",172876,"DAG1C_short","short","DAG1C",55.4269265994644,0.844064346705548,0.972140485414307,0.00329308222403624,"05.ForageFishNCC_1_smoothed","08.PredBirdNCC_b_0_smoothed","06.Cond1NCC_2_smoothed","07.Cond2NCC_DFA1","13.FishPreyAK_DFA1","10.PredMammalNCC_1_smoothed"
"547",181196,"DAG1C_short","short","DAG1C",55.7112120620062,0.890716123727022,0.970085792128797,0.0177944841667412,"05.ForageFishNCC_2_smoothed","08.PredBirdNCC_b_0_smoothed","06.Cond1NCC_2_smoothed","07.Cond2NCC_DFA1","12.ZooPreyAK_2_smoothed","10.PredMammalNCC_1_smoothed"
"548",63436,"DAG1C_short","short","DAG1C",55.8139004924501,0.788882830229394,0.952830385842931,0.00035635065450456,"01.ZooPreyNCC_WPbirds_smoothed","08.PredBirdNCC_b_0_smoothed","06.Cond1NCC_2_smoothed","07.Cond2NCC_DFA1","12.ZooPreyAK_0_smoothed","10.PredMammalNCC_1_smoothed"
"549",110,"DAG1C_short","short","DAG1C",55.8276805149562,1,0.98286077522923,0.489386307027458,"01.ZooPreyNCC_JSOES_DFA1","08.PredBirdNCC_b_0_smoothed","06.Cond1NCC_0_smoothed","07.Cond2NCC_DFA1","12.ZooPreyAK_DFA1","15.PredFishAK_b_DFA1"
"550",145996,"DAG1C_short","short","DAG1C",55.8509311616145,0.808673633813151,0.969681055343453,0.00083641048852511,"04.CompFishNCC_2_smoothed","08.PredBirdNCC_b_0_smoothed","06.Cond1NCC_2_smoothed","07.Cond2NCC_DFA1","13.FishPreyAK_DFA1","10.PredMammalNCC_1_smoothed"
"551",154956,"DAG1C_short","short","DAG1C",55.9285385792766,0.819847746705453,0.973614792270494,0.00133438811907849,"05.ForageFishNCC_DFA1","08.PredBirdNCC_b_0_smoothed","06.Cond1NCC_2_smoothed","07.Cond2NCC_DFA1","13.FishPreyAK_DFA1","10.PredMammalNCC_1_smoothed"
"552",156876,"DAG1C_short","short","DAG1C",55.9469642163507,0.818079743738131,0.973742164330974,0.00124458711491238,"05.ForageFishNCC_DFA1","08.PredBirdNCC_b_0_smoothed","06.Cond1NCC_2_smoothed","07.Cond2NCC_DFA1","13.FishPreyAK_b_1_smoothed","10.PredMammalNCC_1_smoothed"
"553",110156,"DAG1C_short","short","DAG1C",56.0496012601919,0.838029912152431,0.974465511618228,0.00276231156038087,"03.FishPreyNCC_0_smoothed","08.PredBirdNCC_b_0_smoothed","06.Cond1NCC_2_smoothed","07.Cond2NCC_DFA1","13.FishPreyAK_DFA1","10.PredMammalNCC_1_smoothed"
"554",92236,"DAG1C_short","short","DAG1C",56.0795234279787,0.832126951721482,0.975077258821262,0.00220480224434683,"02.CompJellyNCC_DFA1","08.PredBirdNCC_b_0_smoothed","06.Cond1NCC_2_smoothed","07.Cond2NCC_DFA1","13.FishPreyAK_DFA1","10.PredMammalNCC_1_smoothed"
"555",2636,"DAG1C_short","short","DAG1C",56.201555247554,0.826640979223387,0.97107492419664,0.00179918001377999,"01.ZooPreyNCC_JSOES_DFA1","08.PredBirdNCC_b_0_smoothed","06.Cond1NCC_2_smoothed","07.Cond2NCC_DFA1","13.FishPreyAK_DFA1","10.PredMammalNCC_1_smoothed"
"556",157516,"DAG1C_short","short","DAG1C",56.3078428859366,0.789150028075572,0.953166910818131,0.00038391505266266,"05.ForageFishNCC_DFA1","08.PredBirdNCC_b_0_smoothed","06.Cond1NCC_2_smoothed","07.Cond2NCC_DFA1","13.FishPreyAK_b_2_smoothed","10.PredMammalNCC_1_smoothed"
"557",116556,"DAG1C_short","short","DAG1C",56.364497331123,0.817053476094741,0.972569027721275,0.00124758139648362,"04.CompFishNCC_smoothed","08.PredBirdNCC_b_0_smoothed","06.Cond1NCC_2_smoothed","07.Cond2NCC_DFA1","12.ZooPreyAK_DFA1","10.PredMammalNCC_1_smoothed"
"558",138316,"DAG1C_short","short","DAG1C",56.3804005803852,0.814349713378227,0.9458655198733,0.00111997820281196,"04.CompFishNCC_1_smoothed","08.PredBirdNCC_b_0_smoothed","06.Cond1NCC_2_smoothed","07.Cond2NCC_DFA1","13.FishPreyAK_b_0_smoothed","10.PredMammalNCC_1_smoothed"
"559",83276,"DAG1C_short","short","DAG1C",56.3974250994956,0.828782654394155,0.973535695657293,0.00199495055986953,"01.ZooPreyNCC_WPbirds_1_smoothed","08.PredBirdNCC_b_0_smoothed","06.Cond1NCC_2_smoothed","07.Cond2NCC_DFA1","13.FishPreyAK_DFA1","10.PredMammalNCC_1_smoothed"
"560",155596,"DAG1C_short","short","DAG1C",56.4224603910243,0.827737196711634,0.969768181062322,0.00191965000865901,"05.ForageFishNCC_DFA1","08.PredBirdNCC_b_0_smoothed","06.Cond1NCC_2_smoothed","07.Cond2NCC_DFA1","13.FishPreyAK_b_DFA1","10.PredMammalNCC_1_smoothed"
"561",5196,"DAG1C_short","short","DAG1C",56.5903633225998,0.798508944984427,0.949339419007665,0.00059442101120976,"01.ZooPreyNCC_JSOES_DFA1","08.PredBirdNCC_b_0_smoothed","06.Cond1NCC_2_smoothed","07.Cond2NCC_DFA1","13.FishPreyAK_b_2_smoothed","10.PredMammalNCC_1_smoothed"
"562",163916,"DAG1C_short","short","DAG1C",56.6551658858954,0.821938528054592,0.969870721421399,0.00156339190554378,"05.ForageFishNCC_0_smoothed","08.PredBirdNCC_b_0_smoothed","06.Cond1NCC_2_smoothed","07.Cond2NCC_DFA1","13.FishPreyAK_DFA1","10.PredMammalNCC_1_smoothed"
"563",18692,"DAG1C_short","short","DAG1C",56.8305984620528,1,0.99376121888541,0.646973101860794,"01.ZooPreyNCC_JSOES_1_smoothed","08.PredBirdNCC_b_1_smoothed","06.Cond1NCC_2_smoothed","07.Cond2NCC_DFA1","12.ZooPreyAK_0_smoothed","10.PredMammalNCC_DFA1"
"564",138956,"DAG1C_short","short","DAG1C",56.9431458694153,0.89367914752092,0.96590027978244,0.02099731529837,"04.CompFishNCC_1_smoothed","08.PredBirdNCC_b_0_smoothed","06.Cond1NCC_2_smoothed","07.Cond2NCC_DFA1","13.FishPreyAK_b_1_smoothed","10.PredMammalNCC_1_smoothed"
"565",99276,"DAG1C_short","short","DAG1C",56.9486025940453,0.751054522724508,0.93443262744398,7.34860570219542e-05,"03.FishPreyNCC_DFA1","08.PredBirdNCC_b_0_smoothed","06.Cond1NCC_2_smoothed","07.Cond2NCC_DFA1","12.ZooPreyAK_0_smoothed","10.PredMammalNCC_1_smoothed"
"566",131916,"DAG1C_short","short","DAG1C",56.9781064920032,0.827400970147358,0.971521726072648,0.00200061912392879,"04.CompFishNCC_0_smoothed","08.PredBirdNCC_b_0_smoothed","06.Cond1NCC_2_smoothed","07.Cond2NCC_DFA1","13.FishPreyAK_b_4_smoothed","10.PredMammalNCC_1_smoothed"
"567",36556,"DAG1C_short","short","DAG1C",57.0670793253818,0.799204850181068,0.943661380882488,0.00064792416054826,"01.ZooPreyNCC_NHL_0_smoothed","08.PredBirdNCC_b_0_smoothed","06.Cond1NCC_2_smoothed","07.Cond2NCC_DFA1","12.ZooPreyAK_0_smoothed","10.PredMammalNCC_1_smoothed"
"568",182476,"DAG1C_short","short","DAG1C",57.0727427703592,0.851656010675589,0.940994656933991,0.00501400754415071,"05.ForageFishNCC_2_smoothed","08.PredBirdNCC_b_0_smoothed","06.Cond1NCC_2_smoothed","07.Cond2NCC_DFA1","13.FishPreyAK_b_DFA1","10.PredMammalNCC_1_smoothed"
"569",122316,"DAG1C_short","short","DAG1C",57.1300131464751,0.847872285249852,0.969766817235558,0.0043889517952761,"04.CompFishNCC_smoothed","08.PredBirdNCC_b_0_smoothed","06.Cond1NCC_2_smoothed","07.Cond2NCC_DFA1","13.FishPreyAK_b_3_smoothed","10.PredMammalNCC_1_smoothed"
"570",10956,"DAG1C_short","short","DAG1C",57.1396276129756,0.888796573452142,0.97012253436333,0.0181115240849606,"01.ZooPreyNCC_JSOES_0_smoothed","08.PredBirdNCC_b_0_smoothed","06.Cond1NCC_2_smoothed","07.Cond2NCC_DFA1","12.ZooPreyAK_2_smoothed","10.PredMammalNCC_1_smoothed"
"571",37836,"DAG1C_short","short","DAG1C",57.1465759610752,0.885709487188537,0.970804269549948,0.0163725061364149,"01.ZooPreyNCC_NHL_0_smoothed","08.PredBirdNCC_b_0_smoothed","06.Cond1NCC_2_smoothed","07.Cond2NCC_DFA1","12.ZooPreyAK_2_smoothed","10.PredMammalNCC_1_smoothed"
"572",65356,"DAG1C_short","short","DAG1C",57.1583095289515,0.829588925542352,0.971708856924692,0.00221561433926665,"01.ZooPreyNCC_WPbirds_smoothed","08.PredBirdNCC_b_0_smoothed","06.Cond1NCC_2_smoothed","07.Cond2NCC_DFA1","13.FishPreyAK_DFA1","10.PredMammalNCC_1_smoothed"
"573",101836,"DAG1C_short","short","DAG1C",57.2494027086993,0.794405822816415,0.961869164488798,0.00054123326449417,"03.FishPreyNCC_DFA1","08.PredBirdNCC_b_0_smoothed","06.Cond1NCC_2_smoothed","07.Cond2NCC_DFA1","13.FishPreyAK_b_DFA1","10.PredMammalNCC_1_smoothed"
"574",154316,"DAG1C_short","short","DAG1C",57.2521873648113,0.825237987604948,0.96446638606919,0.00188992077698613,"05.ForageFishNCC_DFA1","08.PredBirdNCC_b_0_smoothed","06.Cond1NCC_2_smoothed","07.Cond2NCC_DFA1","12.ZooPreyAK_2_smoothed","10.PredMammalNCC_1_smoothed"
"575",128076,"DAG1C_short","short","DAG1C",57.3422968044239,0.824856035952792,0.970371363890425,0.00187889714516631,"04.CompFishNCC_0_smoothed","08.PredBirdNCC_b_0_smoothed","06.Cond1NCC_2_smoothed","07.Cond2NCC_DFA1","13.FishPreyAK_DFA1","10.PredMammalNCC_1_smoothed"
"576",56396,"DAG1C_short","short","DAG1C",57.3485777712813,0.829400311756565,0.971015681922556,0.00224039766792683,"01.ZooPreyNCC_NHL_2_smoothed","08.PredBirdNCC_b_0_smoothed","06.Cond1NCC_2_smoothed","07.Cond2NCC_DFA1","13.FishPreyAK_DFA1","10.PredMammalNCC_1_smoothed"
"577",47436,"DAG1C_short","short","DAG1C",57.3530572115242,0.820384900685718,0.969905382835979,0.00157950848350696,"01.ZooPreyNCC_NHL_1_smoothed","08.PredBirdNCC_b_0_smoothed","06.Cond1NCC_2_smoothed","07.Cond2NCC_DFA1","13.FishPreyAK_DFA1","10.PredMammalNCC_1_smoothed"
"578",170956,"DAG1C_short","short","DAG1C",57.3757450132815,0.813776091763874,0.930288319131239,0.00121831495531299,"05.ForageFishNCC_1_smoothed","08.PredBirdNCC_b_0_smoothed","06.Cond1NCC_2_smoothed","07.Cond2NCC_DFA1","12.ZooPreyAK_0_smoothed","10.PredMammalNCC_1_smoothed"
"579",122956,"DAG1C_short","short","DAG1C",57.3924726644902,0.829557344456882,0.968593985025732,0.00226349156593941,"04.CompFishNCC_smoothed","08.PredBirdNCC_b_0_smoothed","06.Cond1NCC_2_smoothed","07.Cond2NCC_DFA1","13.FishPreyAK_b_4_smoothed","10.PredMammalNCC_1_smoothed"
"580",117836,"DAG1C_short","short","DAG1C",57.4086078735838,0.803672551906564,0.961163863464561,0.00081175521916432,"04.CompFishNCC_smoothed","08.PredBirdNCC_b_0_smoothed","06.Cond1NCC_2_smoothed","07.Cond2NCC_DFA1","12.ZooPreyAK_1_smoothed","10.PredMammalNCC_1_smoothed"
"581",103756,"DAG1C_short","short","DAG1C",57.5463238648791,0.765656772963541,0.939103916482468,0.00015939656586916,"03.FishPreyNCC_DFA1","08.PredBirdNCC_b_0_smoothed","06.Cond1NCC_2_smoothed","07.Cond2NCC_DFA1","13.FishPreyAK_b_2_smoothed","10.PredMammalNCC_1_smoothed"
"582",91596,"DAG1C_short","short","DAG1C",57.7251358537621,0.882014316682307,0.96849349244114,0.0150099092399719,"02.CompJellyNCC_DFA1","08.PredBirdNCC_b_0_smoothed","06.Cond1NCC_2_smoothed","07.Cond2NCC_DFA1","12.ZooPreyAK_2_smoothed","10.PredMammalNCC_1_smoothed"
"583",124236,"DAG1C_short","short","DAG1C",57.7689153381738,0.84713754588961,0.968099353946915,0.00450852010100256,"04.CompFishNCC_smoothed","08.PredBirdNCC_b_0_smoothed","06.Cond1NCC_2_smoothed","07.Cond2NCC_DFA1","14.CompAK_0_smoothed","10.PredMammalNCC_1_smoothed"
"584",123596,"DAG1C_short","short","DAG1C",57.7692541209993,0.843334277656255,0.967624816652465,0.00392525782463893,"04.CompFishNCC_smoothed","08.PredBirdNCC_b_0_smoothed","06.Cond1NCC_2_smoothed","07.Cond2NCC_DFA1","14.CompAK_smoothed","10.PredMammalNCC_1_smoothed"
"585",124876,"DAG1C_short","short","DAG1C",57.7701228357819,0.831448616606165,0.966054125088939,0.00252205530231309,"04.CompFishNCC_smoothed","08.PredBirdNCC_b_0_smoothed","06.Cond1NCC_2_smoothed","07.Cond2NCC_DFA1","14.CompAK_1_smoothed","10.PredMammalNCC_1_smoothed"
"586",139596,"DAG1C_short","short","DAG1C",57.8380509674022,0.819203392914181,0.942443597933087,0.00158568960994343,"04.CompFishNCC_1_smoothed","08.PredBirdNCC_b_0_smoothed","06.Cond1NCC_2_smoothed","07.Cond2NCC_DFA1","13.FishPreyAK_b_2_smoothed","10.PredMammalNCC_1_smoothed"
"587",135116,"DAG1C_short","short","DAG1C",57.8727919042686,0.800995656896593,0.93737118012764,0.00076766656099935,"04.CompFishNCC_1_smoothed","08.PredBirdNCC_b_0_smoothed","06.Cond1NCC_2_smoothed","07.Cond2NCC_DFA1","12.ZooPreyAK_0_smoothed","10.PredMammalNCC_1_smoothed"
"588",140876,"DAG1C_short","short","DAG1C",57.8966211048227,0.877620595578224,0.958314520540657,0.0131188819890956,"04.CompFishNCC_1_smoothed","08.PredBirdNCC_b_0_smoothed","06.Cond1NCC_2_smoothed","07.Cond2NCC_DFA1","13.FishPreyAK_b_4_smoothed","10.PredMammalNCC_1_smoothed"
"589",145356,"DAG1C_short","short","DAG1C",57.9156632532723,0.836496358494441,0.949727017768038,0.00308963203517376,"04.CompFishNCC_2_smoothed","08.PredBirdNCC_b_0_smoothed","06.Cond1NCC_2_smoothed","07.Cond2NCC_DFA1","12.ZooPreyAK_2_smoothed","10.PredMammalNCC_1_smoothed"
"590",172236,"DAG1C_short","short","DAG1C",57.9550713211085,0.86275807809401,0.957202132639977,0.00795586975895735,"05.ForageFishNCC_1_smoothed","08.PredBirdNCC_b_0_smoothed","06.Cond1NCC_2_smoothed","07.Cond2NCC_DFA1","12.ZooPreyAK_2_smoothed","10.PredMammalNCC_1_smoothed"
"591",1996,"DAG1C_short","short","DAG1C",58.0718587549607,0.828225695675148,0.957773580070469,0.00229788631771644,"01.ZooPreyNCC_JSOES_DFA1","08.PredBirdNCC_b_0_smoothed","06.Cond1NCC_2_smoothed","07.Cond2NCC_DFA1","12.ZooPreyAK_2_smoothed","10.PredMammalNCC_1_smoothed"
"592",3276,"DAG1C_short","short","DAG1C",58.1632612294877,0.829743933612179,0.960557914568149,0.00245540117488996,"01.ZooPreyNCC_JSOES_DFA1","08.PredBirdNCC_b_0_smoothed","06.Cond1NCC_2_smoothed","07.Cond2NCC_DFA1","13.FishPreyAK_b_DFA1","10.PredMammalNCC_1_smoothed"
"593",72396,"DAG1C_short","short","DAG1C",58.280617206004,0.834154962470493,0.908474104095261,0.00292895178180486,"01.ZooPreyNCC_WPbirds_0_smoothed","08.PredBirdNCC_b_0_smoothed","06.Cond1NCC_2_smoothed","07.Cond2NCC_DFA1","12.ZooPreyAK_0_smoothed","10.PredMammalNCC_1_smoothed"
"594",39756,"DAG1C_short","short","DAG1C",58.3697034843736,0.819771474192618,0.945294382579943,0.00171295413022166,"01.ZooPreyNCC_NHL_0_smoothed","08.PredBirdNCC_b_0_smoothed","06.Cond1NCC_2_smoothed","07.Cond2NCC_DFA1","13.FishPreyAK_b_0_smoothed","10.PredMammalNCC_1_smoothed"
"595",134476,"DAG1C_short","short","DAG1C",58.4023726408746,0.898981411696336,0.963987097248418,0.0268249381099439,"04.CompFishNCC_1_smoothed","08.PredBirdNCC_b_0_smoothed","06.Cond1NCC_2_smoothed","07.Cond2NCC_DFA1","12.ZooPreyAK_DFA1","10.PredMammalNCC_1_smoothed"
"596",142156,"DAG1C_short","short","DAG1C",58.4280398019501,0.88759457543628,0.963063968986981,0.0187637353488671,"04.CompFishNCC_1_smoothed","08.PredBirdNCC_b_0_smoothed","06.Cond1NCC_2_smoothed","07.Cond2NCC_DFA1","14.CompAK_0_smoothed","10.PredMammalNCC_1_smoothed"
"597",4556,"DAG1C_short","short","DAG1C",58.4620549531916,0.819405096616237,0.962144131268062,0.00170513077394763,"01.ZooPreyNCC_JSOES_DFA1","08.PredBirdNCC_b_0_smoothed","06.Cond1NCC_2_smoothed","07.Cond2NCC_DFA1","13.FishPreyAK_b_1_smoothed","10.PredMammalNCC_1_smoothed"
"598",67916,"DAG1C_short","short","DAG1C",58.4640759894021,0.780433404560557,0.941842857741406,0.00034858226096701,"01.ZooPreyNCC_WPbirds_smoothed","08.PredBirdNCC_b_0_smoothed","06.Cond1NCC_2_smoothed","07.Cond2NCC_DFA1","13.FishPreyAK_b_2_smoothed","10.PredMammalNCC_1_smoothed"
"599",39116,"DAG1C_short","short","DAG1C",58.4910624786818,0.88402711456794,0.963908429334705,0.0167927685116291,"01.ZooPreyNCC_NHL_0_smoothed","08.PredBirdNCC_b_0_smoothed","06.Cond1NCC_2_smoothed","07.Cond2NCC_DFA1","13.FishPreyAK_b_DFA1","10.PredMammalNCC_1_smoothed"
"600",109,"DAG1C_short","short","DAG1C",58.5178312286552,1,0.988961533736421,0.784224867635332,"01.ZooPreyNCC_JSOES_DFA1","08.PredBirdNCC_b_0_smoothed","06.Cond1NCC_DFA1","07.Cond2NCC_DFA1","12.ZooPreyAK_DFA1","15.PredFishAK_b_DFA1"
