"","indicator","dataset","shortName","plotName","SEMlatent","date","value","imputed","finalVal","smoothed","guild","guildSEMnode","shiftLisa_step3_26jun26","SEMnode.for.AIC.analysis","DFAguild"
"1","Crested Auklet reproductive success","Western_Aleutian_Islands","crestedAuk_WAI","AK_WAI_bird_2","north",1976-01-01,NA,NA,NA,NA,"12.ZooPreyAK","PreyAK","12.ZooPreyAK","PreyAK","12.ZooPreyAK"
"2","Crested Auklet reproductive success","Western_Aleutian_Islands","crestedAuk_WAI","AK_WAI_bird_2","north",1977-01-01,NA,NA,NA,NA,"12.ZooPreyAK","PreyAK","12.ZooPreyAK","PreyAK","12.ZooPreyAK"
"3","Crested Auklet reproductive success","Western_Aleutian_Islands","crestedAuk_WAI","AK_WAI_bird_2","north",1978-01-01,NA,NA,NA,NA,"12.ZooPreyAK","PreyAK","12.ZooPreyAK","PreyAK","12.ZooPreyAK"
"4","Crested Auklet reproductive success","Western_Aleutian_Islands","crestedAuk_WAI","AK_WAI_bird_2","north",1979-01-01,NA,NA,NA,NA,"12.ZooPreyAK","PreyAK","12.ZooPreyAK","PreyAK","12.ZooPreyAK"
"5","Crested Auklet reproductive success","Western_Aleutian_Islands","crestedAuk_WAI","AK_WAI_bird_2","north",1980-01-01,NA,NA,NA,NA,"12.ZooPreyAK","PreyAK","12.ZooPreyAK","PreyAK","12.ZooPreyAK"
"6","Crested Auklet reproductive success","Western_Aleutian_Islands","crestedAuk_WAI","AK_WAI_bird_2","north",1981-01-01,NA,NA,NA,NA,"12.ZooPreyAK","PreyAK","12.ZooPreyAK","PreyAK","12.ZooPreyAK"
"7","Crested Auklet reproductive success","Western_Aleutian_Islands","crestedAuk_WAI","AK_WAI_bird_2","north",1982-01-01,NA,NA,NA,NA,"12.ZooPreyAK","PreyAK","12.ZooPreyAK","PreyAK","12.ZooPreyAK"
"8","Crested Auklet reproductive success","Western_Aleutian_Islands","crestedAuk_WAI","AK_WAI_bird_2","north",1983-01-01,NA,NA,NA,NA,"12.ZooPreyAK","PreyAK","12.ZooPreyAK","PreyAK","12.ZooPreyAK"
"9","Crested Auklet reproductive success","Western_Aleutian_Islands","crestedAuk_WAI","AK_WAI_bird_2","north",1984-01-01,NA,NA,NA,NA,"12.ZooPreyAK","PreyAK","12.ZooPreyAK","PreyAK","12.ZooPreyAK"
"10","Crested Auklet reproductive success","Western_Aleutian_Islands","crestedAuk_WAI","AK_WAI_bird_2","north",1985-01-01,NA,NA,NA,NA,"12.ZooPreyAK","PreyAK","12.ZooPreyAK","PreyAK","12.ZooPreyAK"
"11","Crested Auklet reproductive success","Western_Aleutian_Islands","crestedAuk_WAI","AK_WAI_bird_2","north",1986-01-01,NA,NA,NA,NA,"12.ZooPreyAK","PreyAK","12.ZooPreyAK","PreyAK","12.ZooPreyAK"
"12","Crested Auklet reproductive success","Western_Aleutian_Islands","crestedAuk_WAI","AK_WAI_bird_2","north",1987-01-01,NA,NA,NA,NA,"12.ZooPreyAK","PreyAK","12.ZooPreyAK","PreyAK","12.ZooPreyAK"
"13","Crested Auklet reproductive success","Western_Aleutian_Islands","crestedAuk_WAI","AK_WAI_bird_2","north",1988-01-01,0.46,0.46,0.46,-1.23527884815369,"12.ZooPreyAK","PreyAK","12.ZooPreyAK","PreyAK","12.ZooPreyAK"
"14","Crested Auklet reproductive success","Western_Aleutian_Islands","crestedAuk_WAI","AK_WAI_bird_2","north",1989-01-01,0.33,0.33,0.33,-1.42968448745133,"12.ZooPreyAK","PreyAK","12.ZooPreyAK","PreyAK","12.ZooPreyAK"
"15","Crested Auklet reproductive success","Western_Aleutian_Islands","crestedAuk_WAI","AK_WAI_bird_2","north",1990-01-01,0.35,0.35,0.35,-1.23935626018396,"12.ZooPreyAK","PreyAK","12.ZooPreyAK","PreyAK","12.ZooPreyAK"
"16","Crested Auklet reproductive success","Western_Aleutian_Islands","crestedAuk_WAI","AK_WAI_bird_2","north",1991-01-01,0.55,0.55,0.55,-0.578018604547528,"12.ZooPreyAK","PreyAK","12.ZooPreyAK","PreyAK","12.ZooPreyAK"
"17","Crested Auklet reproductive success","Western_Aleutian_Islands","crestedAuk_WAI","AK_WAI_bird_2","north",1992-01-01,0.79,0.79,0.79,0.175139480461387,"12.ZooPreyAK","PreyAK","12.ZooPreyAK","PreyAK","12.ZooPreyAK"
"18","Crested Auklet reproductive success","Western_Aleutian_Islands","crestedAuk_WAI","AK_WAI_bird_2","north",1993-01-01,0.85,0.85,0.85,0.524644094292071,"12.ZooPreyAK","PreyAK","12.ZooPreyAK","PreyAK","12.ZooPreyAK"
"19","Crested Auklet reproductive success","Western_Aleutian_Islands","crestedAuk_WAI","AK_WAI_bird_2","north",1994-01-01,0.77,0.77,0.77,0.507841854385298,"12.ZooPreyAK","PreyAK","12.ZooPreyAK","PreyAK","12.ZooPreyAK"
"20","Crested Auklet reproductive success","Western_Aleutian_Islands","crestedAuk_WAI","AK_WAI_bird_2","north",1995-01-01,0.81,0.81,0.81,0.524141182687506,"12.ZooPreyAK","PreyAK","12.ZooPreyAK","PreyAK","12.ZooPreyAK"
"21","Crested Auklet reproductive success","Western_Aleutian_Islands","crestedAuk_WAI","AK_WAI_bird_2","north",1996-01-01,0.65,0.65,0.65,0.381736076574297,"12.ZooPreyAK","PreyAK","12.ZooPreyAK","PreyAK","12.ZooPreyAK"
"22","Crested Auklet reproductive success","Western_Aleutian_Islands","crestedAuk_WAI","AK_WAI_bird_2","north",1997-01-01,0.9,0.9,0.9,0.770642753638881,"12.ZooPreyAK","PreyAK","12.ZooPreyAK","PreyAK","12.ZooPreyAK"
"23","Crested Auklet reproductive success","Western_Aleutian_Islands","crestedAuk_WAI","AK_WAI_bird_2","north",1998-01-01,0.87,0.87,0.87,0.779109572654563,"12.ZooPreyAK","PreyAK","12.ZooPreyAK","PreyAK","12.ZooPreyAK"
"24","Crested Auklet reproductive success","Western_Aleutian_Islands","crestedAuk_WAI","AK_WAI_bird_2","north",1999-01-01,NA,0.805,0.805,0.57168235083198,"12.ZooPreyAK","PreyAK","12.ZooPreyAK","PreyAK","12.ZooPreyAK"
"25","Crested Auklet reproductive success","Western_Aleutian_Islands","crestedAuk_WAI","AK_WAI_bird_2","north",2000-01-01,0.74,0.74,0.74,0.279105029104279,"12.ZooPreyAK","PreyAK","12.ZooPreyAK","PreyAK","12.ZooPreyAK"
"26","Crested Auklet reproductive success","Western_Aleutian_Islands","crestedAuk_WAI","AK_WAI_bird_2","north",2001-01-01,0.68,0.68,0.68,-0.0530285515005068,"12.ZooPreyAK","PreyAK","12.ZooPreyAK","PreyAK","12.ZooPreyAK"
"27","Crested Auklet reproductive success","Western_Aleutian_Islands","crestedAuk_WAI","AK_WAI_bird_2","north",2002-01-01,0.7,0.7,0.7,-0.444693975197256,"12.ZooPreyAK","PreyAK","12.ZooPreyAK","PreyAK","12.ZooPreyAK"
"28","Crested Auklet reproductive success","Western_Aleutian_Islands","crestedAuk_WAI","AK_WAI_bird_2","north",2003-01-01,0.12,0.12,0.12,-1.39160933114602,"12.ZooPreyAK","PreyAK","12.ZooPreyAK","PreyAK","12.ZooPreyAK"
"29","Crested Auklet reproductive success","Western_Aleutian_Islands","crestedAuk_WAI","AK_WAI_bird_2","north",2004-01-01,0.49,0.49,0.49,-0.823162676859793,"12.ZooPreyAK","PreyAK","12.ZooPreyAK","PreyAK","12.ZooPreyAK"
"30","Crested Auklet reproductive success","Western_Aleutian_Islands","crestedAuk_WAI","AK_WAI_bird_2","north",2005-01-01,0.82,0.82,0.82,-0.0958816691234416,"12.ZooPreyAK","PreyAK","12.ZooPreyAK","PreyAK","12.ZooPreyAK"
"31","Crested Auklet reproductive success","Western_Aleutian_Islands","crestedAuk_WAI","AK_WAI_bird_2","north",2006-01-01,0.49,0.49,0.49,-0.199354280345106,"12.ZooPreyAK","PreyAK","12.ZooPreyAK","PreyAK","12.ZooPreyAK"
"32","Crested Auklet reproductive success","Western_Aleutian_Islands","crestedAuk_WAI","AK_WAI_bird_2","north",2007-01-01,0.88,0.88,0.88,0.47981585839804,"12.ZooPreyAK","PreyAK","12.ZooPreyAK","PreyAK","12.ZooPreyAK"
"33","Crested Auklet reproductive success","Western_Aleutian_Islands","crestedAuk_WAI","AK_WAI_bird_2","north",2008-01-01,0.81,0.81,0.81,0.591771909314746,"12.ZooPreyAK","PreyAK","12.ZooPreyAK","PreyAK","12.ZooPreyAK"
"34","Crested Auklet reproductive success","Western_Aleutian_Islands","crestedAuk_WAI","AK_WAI_bird_2","north",2009-01-01,0.89,0.89,0.89,0.612654252443276,"12.ZooPreyAK","PreyAK","12.ZooPreyAK","PreyAK","12.ZooPreyAK"
"35","Crested Auklet reproductive success","Western_Aleutian_Islands","crestedAuk_WAI","AK_WAI_bird_2","north",2010-01-01,0.69,0.69,0.69,0.14713456905895,"12.ZooPreyAK","PreyAK","12.ZooPreyAK","PreyAK","12.ZooPreyAK"
"36","Crested Auklet reproductive success","Western_Aleutian_Islands","crestedAuk_WAI","AK_WAI_bird_2","north",2011-01-01,0.58,0.58,0.58,-0.229780169589534,"12.ZooPreyAK","PreyAK","12.ZooPreyAK","PreyAK","12.ZooPreyAK"
"37","Crested Auklet reproductive success","Western_Aleutian_Islands","crestedAuk_WAI","AK_WAI_bird_2","north",2012-01-01,0.68,0.68,0.68,-0.322715042102497,"12.ZooPreyAK","PreyAK","12.ZooPreyAK","PreyAK","12.ZooPreyAK"
"38","Crested Auklet reproductive success","Western_Aleutian_Islands","crestedAuk_WAI","AK_WAI_bird_2","north",2013-01-01,0.5,0.5,0.5,-0.744868248309413,"12.ZooPreyAK","PreyAK","12.ZooPreyAK","PreyAK","12.ZooPreyAK"
"39","Crested Auklet reproductive success","Western_Aleutian_Islands","crestedAuk_WAI","AK_WAI_bird_2","north",2014-01-01,0.33,0.33,0.33,-0.981919005247477,"12.ZooPreyAK","PreyAK","12.ZooPreyAK","PreyAK","12.ZooPreyAK"
"40","Crested Auklet reproductive success","Western_Aleutian_Islands","crestedAuk_WAI","AK_WAI_bird_2","north",2015-01-01,0.59,0.59,0.59,-0.386470413416681,"12.ZooPreyAK","PreyAK","12.ZooPreyAK","PreyAK","12.ZooPreyAK"
"41","Crested Auklet reproductive success","Western_Aleutian_Islands","crestedAuk_WAI","AK_WAI_bird_2","north",2016-01-01,0.87,0.87,0.87,0.284241467990838,"12.ZooPreyAK","PreyAK","12.ZooPreyAK","PreyAK","12.ZooPreyAK"
"42","Crested Auklet reproductive success","Western_Aleutian_Islands","crestedAuk_WAI","AK_WAI_bird_2","north",2017-01-01,0.67,0.67,0.67,0.244191203896364,"12.ZooPreyAK","PreyAK","12.ZooPreyAK","PreyAK","12.ZooPreyAK"
"43","Crested Auklet reproductive success","Western_Aleutian_Islands","crestedAuk_WAI","AK_WAI_bird_2","north",2018-01-01,0.76,0.76,0.76,0.493855184838449,"12.ZooPreyAK","PreyAK","12.ZooPreyAK","PreyAK","12.ZooPreyAK"
"44","Crested Auklet reproductive success","Western_Aleutian_Islands","crestedAuk_WAI","AK_WAI_bird_2","north",2019-01-01,0.9,0.9,0.9,0.814660397174318,"12.ZooPreyAK","PreyAK","12.ZooPreyAK","PreyAK","12.ZooPreyAK"
"45","Crested Auklet reproductive success","Western_Aleutian_Islands","crestedAuk_WAI","AK_WAI_bird_2","north",2020-01-01,NA,0.86,0.86,0.799043394996721,"12.ZooPreyAK","PreyAK","12.ZooPreyAK","PreyAK","12.ZooPreyAK"
"46","Crested Auklet reproductive success","Western_Aleutian_Islands","crestedAuk_WAI","AK_WAI_bird_2","north",2021-01-01,0.82,0.82,0.82,0.639492507054666,"12.ZooPreyAK","PreyAK","12.ZooPreyAK","PreyAK","12.ZooPreyAK"
"47","Crested Auklet reproductive success","Western_Aleutian_Islands","crestedAuk_WAI","AK_WAI_bird_2","north",2022-01-01,0.73,0.73,0.73,0.384562176332703,"12.ZooPreyAK","PreyAK","12.ZooPreyAK","PreyAK","12.ZooPreyAK"
"48","Crested Auklet reproductive success","Western_Aleutian_Islands","crestedAuk_WAI","AK_WAI_bird_2","north",2023-01-01,0.7,0.7,0.7,0.247559066693731,"12.ZooPreyAK","PreyAK","12.ZooPreyAK","PreyAK","12.ZooPreyAK"
"49","Gadids in tufted puffin chick diets","Western_Aleutian_Islands","gadid_WAI","AK_WAI_fish_25","north",1976-01-01,NA,NA,NA,NA,"13.FishPreyAK_b_1","PreyAK","13.FishPreyAK_b_1","PreyAK",NA
"50","Gadids in tufted puffin chick diets","Western_Aleutian_Islands","gadid_WAI","AK_WAI_fish_25","north",1977-01-01,NA,NA,NA,NA,"13.FishPreyAK_b_1","PreyAK","13.FishPreyAK_b_1","PreyAK",NA
"51","Gadids in tufted puffin chick diets","Western_Aleutian_Islands","gadid_WAI","AK_WAI_fish_25","north",1978-01-01,NA,NA,NA,NA,"13.FishPreyAK_b_1","PreyAK","13.FishPreyAK_b_1","PreyAK",NA
"52","Gadids in tufted puffin chick diets","Western_Aleutian_Islands","gadid_WAI","AK_WAI_fish_25","north",1979-01-01,NA,NA,NA,NA,"13.FishPreyAK_b_1","PreyAK","13.FishPreyAK_b_1","PreyAK",NA
"53","Gadids in tufted puffin chick diets","Western_Aleutian_Islands","gadid_WAI","AK_WAI_fish_25","north",1980-01-01,NA,NA,NA,NA,"13.FishPreyAK_b_1","PreyAK","13.FishPreyAK_b_1","PreyAK",NA
"54","Gadids in tufted puffin chick diets","Western_Aleutian_Islands","gadid_WAI","AK_WAI_fish_25","north",1981-01-01,NA,NA,NA,NA,"13.FishPreyAK_b_1","PreyAK","13.FishPreyAK_b_1","PreyAK",NA
"55","Gadids in tufted puffin chick diets","Western_Aleutian_Islands","gadid_WAI","AK_WAI_fish_25","north",1982-01-01,NA,NA,NA,NA,"13.FishPreyAK_b_1","PreyAK","13.FishPreyAK_b_1","PreyAK",NA
"56","Gadids in tufted puffin chick diets","Western_Aleutian_Islands","gadid_WAI","AK_WAI_fish_25","north",1983-01-01,NA,NA,NA,NA,"13.FishPreyAK_b_1","PreyAK","13.FishPreyAK_b_1","PreyAK",NA
"57","Gadids in tufted puffin chick diets","Western_Aleutian_Islands","gadid_WAI","AK_WAI_fish_25","north",1984-01-01,NA,NA,NA,NA,"13.FishPreyAK_b_1","PreyAK","13.FishPreyAK_b_1","PreyAK",NA
"58","Gadids in tufted puffin chick diets","Western_Aleutian_Islands","gadid_WAI","AK_WAI_fish_25","north",1985-01-01,NA,NA,NA,NA,"13.FishPreyAK_b_1","PreyAK","13.FishPreyAK_b_1","PreyAK",NA
"59","Gadids in tufted puffin chick diets","Western_Aleutian_Islands","gadid_WAI","AK_WAI_fish_25","north",1986-01-01,NA,NA,NA,NA,"13.FishPreyAK_b_1","PreyAK","13.FishPreyAK_b_1","PreyAK",NA
"60","Gadids in tufted puffin chick diets","Western_Aleutian_Islands","gadid_WAI","AK_WAI_fish_25","north",1987-01-01,NA,NA,NA,NA,"13.FishPreyAK_b_1","PreyAK","13.FishPreyAK_b_1","PreyAK",NA
"61","Gadids in tufted puffin chick diets","Western_Aleutian_Islands","gadid_WAI","AK_WAI_fish_25","north",1988-01-01,3.9,3.9,3.9,-0.388360748586888,"13.FishPreyAK_b_1","PreyAK","13.FishPreyAK_b_1","PreyAK",NA
"62","Gadids in tufted puffin chick diets","Western_Aleutian_Islands","gadid_WAI","AK_WAI_fish_25","north",1989-01-01,6.5,6.5,6.5,-0.172575431165758,"13.FishPreyAK_b_1","PreyAK","13.FishPreyAK_b_1","PreyAK",NA
"63","Gadids in tufted puffin chick diets","Western_Aleutian_Islands","gadid_WAI","AK_WAI_fish_25","north",1990-01-01,7.7,7.7,7.7,0.228208340911455,"13.FishPreyAK_b_1","PreyAK","13.FishPreyAK_b_1","PreyAK",NA
"64","Gadids in tufted puffin chick diets","Western_Aleutian_Islands","gadid_WAI","AK_WAI_fish_25","north",1991-01-01,39.6,39.6,39.6,1.15076840673322,"13.FishPreyAK_b_1","PreyAK","13.FishPreyAK_b_1","PreyAK",NA
"65","Gadids in tufted puffin chick diets","Western_Aleutian_Islands","gadid_WAI","AK_WAI_fish_25","north",1992-01-01,68.4,68.4,68.4,1.81617378017052,"13.FishPreyAK_b_1","PreyAK","13.FishPreyAK_b_1","PreyAK",NA
"66","Gadids in tufted puffin chick diets","Western_Aleutian_Islands","gadid_WAI","AK_WAI_fish_25","north",1993-01-01,NA,44.3,44.3,1.3536874429308,"13.FishPreyAK_b_1","PreyAK","13.FishPreyAK_b_1","PreyAK",NA
"67","Gadids in tufted puffin chick diets","Western_Aleutian_Islands","gadid_WAI","AK_WAI_fish_25","north",1994-01-01,20.2,20.2,20.2,0.586275545298267,"13.FishPreyAK_b_1","PreyAK","13.FishPreyAK_b_1","PreyAK",NA
"68","Gadids in tufted puffin chick diets","Western_Aleutian_Islands","gadid_WAI","AK_WAI_fish_25","north",1995-01-01,NA,10.1,10.1,0.031978677164351,"13.FishPreyAK_b_1","PreyAK","13.FishPreyAK_b_1","PreyAK",NA
"69","Gadids in tufted puffin chick diets","Western_Aleutian_Islands","gadid_WAI","AK_WAI_fish_25","north",1996-01-01,0,0,0,-0.324783426949606,"13.FishPreyAK_b_1","PreyAK","13.FishPreyAK_b_1","PreyAK",NA
"70","Gadids in tufted puffin chick diets","Western_Aleutian_Islands","gadid_WAI","AK_WAI_fish_25","north",1997-01-01,8.9,8.9,8.9,-0.302056268502299,"13.FishPreyAK_b_1","PreyAK","13.FishPreyAK_b_1","PreyAK",NA
"71","Gadids in tufted puffin chick diets","Western_Aleutian_Islands","gadid_WAI","AK_WAI_fish_25","north",1998-01-01,0,0,0,-0.351823358712938,"13.FishPreyAK_b_1","PreyAK","13.FishPreyAK_b_1","PreyAK",NA
"72","Gadids in tufted puffin chick diets","Western_Aleutian_Islands","gadid_WAI","AK_WAI_fish_25","north",1999-01-01,25.3,25.3,25.3,-0.0491411181256456,"13.FishPreyAK_b_1","PreyAK","13.FishPreyAK_b_1","PreyAK",NA
"73","Gadids in tufted puffin chick diets","Western_Aleutian_Islands","gadid_WAI","AK_WAI_fish_25","north",2000-01-01,0,0,0,-0.440785726665816,"13.FishPreyAK_b_1","PreyAK","13.FishPreyAK_b_1","PreyAK",NA
"74","Gadids in tufted puffin chick diets","Western_Aleutian_Islands","gadid_WAI","AK_WAI_fish_25","north",2001-01-01,0,0,0,-0.568943372360931,"13.FishPreyAK_b_1","PreyAK","13.FishPreyAK_b_1","PreyAK",NA
"75","Gadids in tufted puffin chick diets","Western_Aleutian_Islands","gadid_WAI","AK_WAI_fish_25","north",2002-01-01,0,0,0,-0.561771700906107,"13.FishPreyAK_b_1","PreyAK","13.FishPreyAK_b_1","PreyAK",NA
"76","Gadids in tufted puffin chick diets","Western_Aleutian_Islands","gadid_WAI","AK_WAI_fish_25","north",2003-01-01,0,0,0,-0.412099040846518,"13.FishPreyAK_b_1","PreyAK","13.FishPreyAK_b_1","PreyAK",NA
"77","Gadids in tufted puffin chick diets","Western_Aleutian_Islands","gadid_WAI","AK_WAI_fish_25","north",2004-01-01,18.2,18.2,18.2,0.0297472678774234,"13.FishPreyAK_b_1","PreyAK","13.FishPreyAK_b_1","PreyAK",NA
"78","Gadids in tufted puffin chick diets","Western_Aleutian_Islands","gadid_WAI","AK_WAI_fish_25","north",2005-01-01,2.3,2.3,2.3,0.234856883660374,"13.FishPreyAK_b_1","PreyAK","13.FishPreyAK_b_1","PreyAK",NA
"79","Gadids in tufted puffin chick diets","Western_Aleutian_Islands","gadid_WAI","AK_WAI_fish_25","north",2006-01-01,76.7,76.7,76.7,1.25641803438614,"13.FishPreyAK_b_1","PreyAK","13.FishPreyAK_b_1","PreyAK",NA
"80","Gadids in tufted puffin chick diets","Western_Aleutian_Islands","gadid_WAI","AK_WAI_fish_25","north",2007-01-01,3.2,3.2,3.2,0.147624025478364,"13.FishPreyAK_b_1","PreyAK","13.FishPreyAK_b_1","PreyAK",NA
"81","Gadids in tufted puffin chick diets","Western_Aleutian_Islands","gadid_WAI","AK_WAI_fish_25","north",2008-01-01,0,0,0,-0.279955756410164,"13.FishPreyAK_b_1","PreyAK","13.FishPreyAK_b_1","PreyAK",NA
"82","Gadids in tufted puffin chick diets","Western_Aleutian_Islands","gadid_WAI","AK_WAI_fish_25","north",2009-01-01,11.1,11.1,11.1,-0.283218605197985,"13.FishPreyAK_b_1","PreyAK","13.FishPreyAK_b_1","PreyAK",NA
"83","Gadids in tufted puffin chick diets","Western_Aleutian_Islands","gadid_WAI","AK_WAI_fish_25","north",2010-01-01,0.7,0.7,0.7,-0.457482249818803,"13.FishPreyAK_b_1","PreyAK","13.FishPreyAK_b_1","PreyAK",NA
"84","Gadids in tufted puffin chick diets","Western_Aleutian_Islands","gadid_WAI","AK_WAI_fish_25","north",2011-01-01,NA,4.95,4.95,-0.422292248990986,"13.FishPreyAK_b_1","PreyAK","13.FishPreyAK_b_1","PreyAK",NA
"85","Gadids in tufted puffin chick diets","Western_Aleutian_Islands","gadid_WAI","AK_WAI_fish_25","north",2012-01-01,9.2,9.2,9.2,-0.369146281221854,"13.FishPreyAK_b_1","PreyAK","13.FishPreyAK_b_1","PreyAK",NA
"86","Gadids in tufted puffin chick diets","Western_Aleutian_Islands","gadid_WAI","AK_WAI_fish_25","north",2013-01-01,4,4,4,-0.471586058077409,"13.FishPreyAK_b_1","PreyAK","13.FishPreyAK_b_1","PreyAK",NA
"87","Gadids in tufted puffin chick diets","Western_Aleutian_Islands","gadid_WAI","AK_WAI_fish_25","north",2014-01-01,0,0,0,-0.554692313461983,"13.FishPreyAK_b_1","PreyAK","13.FishPreyAK_b_1","PreyAK",NA
"88","Gadids in tufted puffin chick diets","Western_Aleutian_Islands","gadid_WAI","AK_WAI_fish_25","north",2015-01-01,2.1,2.1,2.1,-0.488218192797668,"13.FishPreyAK_b_1","PreyAK","13.FishPreyAK_b_1","PreyAK",NA
"89","Gadids in tufted puffin chick diets","Western_Aleutian_Islands","gadid_WAI","AK_WAI_fish_25","north",2016-01-01,11.6,11.6,11.6,-0.317699958150452,"13.FishPreyAK_b_1","PreyAK","13.FishPreyAK_b_1","PreyAK",NA
"90","Gadids in tufted puffin chick diets","Western_Aleutian_Islands","gadid_WAI","AK_WAI_fish_25","north",2017-01-01,NA,5.8,5.8,-0.37933301103401,"13.FishPreyAK_b_1","PreyAK","13.FishPreyAK_b_1","PreyAK",NA
"91","Gadids in tufted puffin chick diets","Western_Aleutian_Islands","gadid_WAI","AK_WAI_fish_25","north",2018-01-01,0,0,0,-0.425388394886304,"13.FishPreyAK_b_1","PreyAK","13.FishPreyAK_b_1","PreyAK",NA
"92","Gadids in tufted puffin chick diets","Western_Aleutian_Islands","gadid_WAI","AK_WAI_fish_25","north",2019-01-01,4.7,4.7,4.7,-0.19255948411403,"13.FishPreyAK_b_1","PreyAK","13.FishPreyAK_b_1","PreyAK",NA
"93","Gadids in tufted puffin chick diets","Western_Aleutian_Islands","gadid_WAI","AK_WAI_fish_25","north",2020-01-01,NA,22,22,0.301292727849169,"13.FishPreyAK_b_1","PreyAK","13.FishPreyAK_b_1","PreyAK",NA
"94","Gadids in tufted puffin chick diets","Western_Aleutian_Islands","gadid_WAI","AK_WAI_fish_25","north",2021-01-01,39.3,39.3,39.3,0.627268252378767,"13.FishPreyAK_b_1","PreyAK","13.FishPreyAK_b_1","PreyAK",NA
"95","Gadids in tufted puffin chick diets","Western_Aleutian_Islands","gadid_WAI","AK_WAI_fish_25","north",2022-01-01,9.18,9.18,9.18,0.188590413416632,"13.FishPreyAK_b_1","PreyAK","13.FishPreyAK_b_1","PreyAK",NA
"96","Gadids in tufted puffin chick diets","Western_Aleutian_Islands","gadid_WAI","AK_WAI_fish_25","north",2023-01-01,15.41,15.41,15.41,0.153130290018108,"13.FishPreyAK_b_1","PreyAK","13.FishPreyAK_b_1","PreyAK",NA
"97","Hexagrammids in tufted puffin chick diets","Western_Aleutian_Islands","hexagram_WAI","AK_WAI_fish_26","north",1976-01-01,NA,NA,NA,NA,"13.FishPreyAK_b_3","PreyAK","13.FishPreyAK_b_3","PreyAK",NA
"98","Hexagrammids in tufted puffin chick diets","Western_Aleutian_Islands","hexagram_WAI","AK_WAI_fish_26","north",1977-01-01,NA,NA,NA,NA,"13.FishPreyAK_b_3","PreyAK","13.FishPreyAK_b_3","PreyAK",NA
"99","Hexagrammids in tufted puffin chick diets","Western_Aleutian_Islands","hexagram_WAI","AK_WAI_fish_26","north",1978-01-01,NA,NA,NA,NA,"13.FishPreyAK_b_3","PreyAK","13.FishPreyAK_b_3","PreyAK",NA
"100","Hexagrammids in tufted puffin chick diets","Western_Aleutian_Islands","hexagram_WAI","AK_WAI_fish_26","north",1979-01-01,NA,NA,NA,NA,"13.FishPreyAK_b_3","PreyAK","13.FishPreyAK_b_3","PreyAK",NA
"101","Hexagrammids in tufted puffin chick diets","Western_Aleutian_Islands","hexagram_WAI","AK_WAI_fish_26","north",1980-01-01,NA,NA,NA,NA,"13.FishPreyAK_b_3","PreyAK","13.FishPreyAK_b_3","PreyAK",NA
"102","Hexagrammids in tufted puffin chick diets","Western_Aleutian_Islands","hexagram_WAI","AK_WAI_fish_26","north",1981-01-01,NA,NA,NA,NA,"13.FishPreyAK_b_3","PreyAK","13.FishPreyAK_b_3","PreyAK",NA
"103","Hexagrammids in tufted puffin chick diets","Western_Aleutian_Islands","hexagram_WAI","AK_WAI_fish_26","north",1982-01-01,NA,NA,NA,NA,"13.FishPreyAK_b_3","PreyAK","13.FishPreyAK_b_3","PreyAK",NA
"104","Hexagrammids in tufted puffin chick diets","Western_Aleutian_Islands","hexagram_WAI","AK_WAI_fish_26","north",1983-01-01,NA,NA,NA,NA,"13.FishPreyAK_b_3","PreyAK","13.FishPreyAK_b_3","PreyAK",NA
"105","Hexagrammids in tufted puffin chick diets","Western_Aleutian_Islands","hexagram_WAI","AK_WAI_fish_26","north",1984-01-01,NA,NA,NA,NA,"13.FishPreyAK_b_3","PreyAK","13.FishPreyAK_b_3","PreyAK",NA
"106","Hexagrammids in tufted puffin chick diets","Western_Aleutian_Islands","hexagram_WAI","AK_WAI_fish_26","north",1985-01-01,NA,NA,NA,NA,"13.FishPreyAK_b_3","PreyAK","13.FishPreyAK_b_3","PreyAK",NA
"107","Hexagrammids in tufted puffin chick diets","Western_Aleutian_Islands","hexagram_WAI","AK_WAI_fish_26","north",1986-01-01,NA,NA,NA,NA,"13.FishPreyAK_b_3","PreyAK","13.FishPreyAK_b_3","PreyAK",NA
"108","Hexagrammids in tufted puffin chick diets","Western_Aleutian_Islands","hexagram_WAI","AK_WAI_fish_26","north",1987-01-01,NA,NA,NA,NA,"13.FishPreyAK_b_3","PreyAK","13.FishPreyAK_b_3","PreyAK",NA
"109","Hexagrammids in tufted puffin chick diets","Western_Aleutian_Islands","hexagram_WAI","AK_WAI_fish_26","north",1988-01-01,4.2,4.2,4.2,-0.517248075731056,"13.FishPreyAK_b_3","PreyAK","13.FishPreyAK_b_3","PreyAK",NA
"110","Hexagrammids in tufted puffin chick diets","Western_Aleutian_Islands","hexagram_WAI","AK_WAI_fish_26","north",1989-01-01,25.4,25.4,25.4,0.105171688587224,"13.FishPreyAK_b_3","PreyAK","13.FishPreyAK_b_3","PreyAK",NA
"111","Hexagrammids in tufted puffin chick diets","Western_Aleutian_Islands","hexagram_WAI","AK_WAI_fish_26","north",1990-01-01,6,6,6,-0.163643578121687,"13.FishPreyAK_b_3","PreyAK","13.FishPreyAK_b_3","PreyAK",NA
"112","Hexagrammids in tufted puffin chick diets","Western_Aleutian_Islands","hexagram_WAI","AK_WAI_fish_26","north",1991-01-01,23.8,23.8,23.8,0.077414194395067,"13.FishPreyAK_b_3","PreyAK","13.FishPreyAK_b_3","PreyAK",NA
"113","Hexagrammids in tufted puffin chick diets","Western_Aleutian_Islands","hexagram_WAI","AK_WAI_fish_26","north",1992-01-01,0,0,0,-0.462794922269444,"13.FishPreyAK_b_3","PreyAK","13.FishPreyAK_b_3","PreyAK",NA
"114","Hexagrammids in tufted puffin chick diets","Western_Aleutian_Islands","hexagram_WAI","AK_WAI_fish_26","north",1993-01-01,NA,7.75,7.75,-0.275811208713231,"13.FishPreyAK_b_3","PreyAK","13.FishPreyAK_b_3","PreyAK",NA
"115","Hexagrammids in tufted puffin chick diets","Western_Aleutian_Islands","hexagram_WAI","AK_WAI_fish_26","north",1994-01-01,15.5,15.5,15.5,0.158240499060448,"13.FishPreyAK_b_3","PreyAK","13.FishPreyAK_b_3","PreyAK",NA
"116","Hexagrammids in tufted puffin chick diets","Western_Aleutian_Islands","hexagram_WAI","AK_WAI_fish_26","north",1995-01-01,NA,23.4,23.4,0.606303359265804,"13.FishPreyAK_b_3","PreyAK","13.FishPreyAK_b_3","PreyAK",NA
"117","Hexagrammids in tufted puffin chick diets","Western_Aleutian_Islands","hexagram_WAI","AK_WAI_fish_26","north",1996-01-01,31.3,31.3,31.3,0.836419904170154,"13.FishPreyAK_b_3","PreyAK","13.FishPreyAK_b_3","PreyAK",NA
"118","Hexagrammids in tufted puffin chick diets","Western_Aleutian_Islands","hexagram_WAI","AK_WAI_fish_26","north",1997-01-01,4.4,4.4,4.4,0.398686350739806,"13.FishPreyAK_b_3","PreyAK","13.FishPreyAK_b_3","PreyAK",NA
"119","Hexagrammids in tufted puffin chick diets","Western_Aleutian_Islands","hexagram_WAI","AK_WAI_fish_26","north",1998-01-01,31.3,31.3,31.3,1.1708814014347,"13.FishPreyAK_b_3","PreyAK","13.FishPreyAK_b_3","PreyAK",NA
"120","Hexagrammids in tufted puffin chick diets","Western_Aleutian_Islands","hexagram_WAI","AK_WAI_fish_26","north",1999-01-01,48.3,48.3,48.3,1.60968785105945,"13.FishPreyAK_b_3","PreyAK","13.FishPreyAK_b_3","PreyAK",NA
"121","Hexagrammids in tufted puffin chick diets","Western_Aleutian_Islands","hexagram_WAI","AK_WAI_fish_26","north",2000-01-01,20,20,20,0.690577266334144,"13.FishPreyAK_b_3","PreyAK","13.FishPreyAK_b_3","PreyAK",NA
"122","Hexagrammids in tufted puffin chick diets","Western_Aleutian_Islands","hexagram_WAI","AK_WAI_fish_26","north",2001-01-01,5.3,5.3,5.3,-0.0695387500428977,"13.FishPreyAK_b_3","PreyAK","13.FishPreyAK_b_3","PreyAK",NA
"123","Hexagrammids in tufted puffin chick diets","Western_Aleutian_Islands","hexagram_WAI","AK_WAI_fish_26","north",2002-01-01,16.7,16.7,16.7,-0.165421933348822,"13.FishPreyAK_b_3","PreyAK","13.FishPreyAK_b_3","PreyAK",NA
"124","Hexagrammids in tufted puffin chick diets","Western_Aleutian_Islands","hexagram_WAI","AK_WAI_fish_26","north",2003-01-01,0,0,0,-0.674250623660904,"13.FishPreyAK_b_3","PreyAK","13.FishPreyAK_b_3","PreyAK",NA
"125","Hexagrammids in tufted puffin chick diets","Western_Aleutian_Islands","hexagram_WAI","AK_WAI_fish_26","north",2004-01-01,4.5,4.5,4.5,-0.667342185143722,"13.FishPreyAK_b_3","PreyAK","13.FishPreyAK_b_3","PreyAK",NA
"126","Hexagrammids in tufted puffin chick diets","Western_Aleutian_Islands","hexagram_WAI","AK_WAI_fish_26","north",2005-01-01,7.5,7.5,7.5,-0.525141530637207,"13.FishPreyAK_b_3","PreyAK","13.FishPreyAK_b_3","PreyAK",NA
"127","Hexagrammids in tufted puffin chick diets","Western_Aleutian_Islands","hexagram_WAI","AK_WAI_fish_26","north",2006-01-01,10.8,10.8,10.8,-0.36368357320625,"13.FishPreyAK_b_3","PreyAK","13.FishPreyAK_b_3","PreyAK",NA
"128","Hexagrammids in tufted puffin chick diets","Western_Aleutian_Islands","hexagram_WAI","AK_WAI_fish_26","north",2007-01-01,5.3,5.3,5.3,-0.305569479748443,"13.FishPreyAK_b_3","PreyAK","13.FishPreyAK_b_3","PreyAK",NA
"129","Hexagrammids in tufted puffin chick diets","Western_Aleutian_Islands","hexagram_WAI","AK_WAI_fish_26","north",2008-01-01,22.2,22.2,22.2,0.180746717074936,"13.FishPreyAK_b_3","PreyAK","13.FishPreyAK_b_3","PreyAK",NA
"130","Hexagrammids in tufted puffin chick diets","Western_Aleutian_Islands","hexagram_WAI","AK_WAI_fish_26","north",2009-01-01,20.4,20.4,20.4,0.126854183435002,"13.FishPreyAK_b_3","PreyAK","13.FishPreyAK_b_3","PreyAK",NA
"131","Hexagrammids in tufted puffin chick diets","Western_Aleutian_Islands","hexagram_WAI","AK_WAI_fish_26","north",2010-01-01,4.5,4.5,4.5,-0.366198273765333,"13.FishPreyAK_b_3","PreyAK","13.FishPreyAK_b_3","PreyAK",NA
"132","Hexagrammids in tufted puffin chick diets","Western_Aleutian_Islands","hexagram_WAI","AK_WAI_fish_26","north",2011-01-01,NA,5.1,5.1,-0.422814603597945,"13.FishPreyAK_b_3","PreyAK","13.FishPreyAK_b_3","PreyAK",NA
"133","Hexagrammids in tufted puffin chick diets","Western_Aleutian_Islands","hexagram_WAI","AK_WAI_fish_26","north",2012-01-01,5.7,5.7,5.7,-0.151258249409727,"13.FishPreyAK_b_3","PreyAK","13.FishPreyAK_b_3","PreyAK",NA
"134","Hexagrammids in tufted puffin chick diets","Western_Aleutian_Islands","hexagram_WAI","AK_WAI_fish_26","north",2013-01-01,28,28,28,0.668380029473256,"13.FishPreyAK_b_3","PreyAK","13.FishPreyAK_b_3","PreyAK",NA
"135","Hexagrammids in tufted puffin chick diets","Western_Aleutian_Islands","hexagram_WAI","AK_WAI_fish_26","north",2014-01-01,38.7,38.7,38.7,0.936187459653193,"13.FishPreyAK_b_3","PreyAK","13.FishPreyAK_b_3","PreyAK",NA
"136","Hexagrammids in tufted puffin chick diets","Western_Aleutian_Islands","hexagram_WAI","AK_WAI_fish_26","north",2015-01-01,2.8,2.8,2.8,-0.00106871969466549,"13.FishPreyAK_b_3","PreyAK","13.FishPreyAK_b_3","PreyAK",NA
"137","Hexagrammids in tufted puffin chick diets","Western_Aleutian_Islands","hexagram_WAI","AK_WAI_fish_26","north",2016-01-01,14.3,14.3,14.3,0.0095742706863311,"13.FishPreyAK_b_3","PreyAK","13.FishPreyAK_b_3","PreyAK",NA
"138","Hexagrammids in tufted puffin chick diets","Western_Aleutian_Islands","hexagram_WAI","AK_WAI_fish_26","north",2017-01-01,NA,14.5,14.5,-0.0111435878465496,"13.FishPreyAK_b_3","PreyAK","13.FishPreyAK_b_3","PreyAK",NA
"139","Hexagrammids in tufted puffin chick diets","Western_Aleutian_Islands","hexagram_WAI","AK_WAI_fish_26","north",2018-01-01,14.7,14.7,14.7,-0.101155858330949,"13.FishPreyAK_b_3","PreyAK","13.FishPreyAK_b_3","PreyAK",NA
"140","Hexagrammids in tufted puffin chick diets","Western_Aleutian_Islands","hexagram_WAI","AK_WAI_fish_26","north",2019-01-01,6.3,6.3,6.3,-0.367690515756026,"13.FishPreyAK_b_3","PreyAK","13.FishPreyAK_b_3","PreyAK",NA
"141","Hexagrammids in tufted puffin chick diets","Western_Aleutian_Islands","hexagram_WAI","AK_WAI_fish_26","north",2020-01-01,NA,9.85,9.85,-0.354222628346918,"13.FishPreyAK_b_3","PreyAK","13.FishPreyAK_b_3","PreyAK",NA
"142","Hexagrammids in tufted puffin chick diets","Western_Aleutian_Islands","hexagram_WAI","AK_WAI_fish_26","north",2021-01-01,13.4,13.4,13.4,-0.352863063654014,"13.FishPreyAK_b_3","PreyAK","13.FishPreyAK_b_3","PreyAK",NA
"143","Hexagrammids in tufted puffin chick diets","Western_Aleutian_Islands","hexagram_WAI","AK_WAI_fish_26","north",2022-01-01,5.1,5.1,5.1,-0.667831011943912,"13.FishPreyAK_b_3","PreyAK","13.FishPreyAK_b_3","PreyAK",NA
"144","Hexagrammids in tufted puffin chick diets","Western_Aleutian_Islands","hexagram_WAI","AK_WAI_fish_26","north",2023-01-01,0.68,0.68,0.68,-0.899642684558947,"13.FishPreyAK_b_3","PreyAK","13.FishPreyAK_b_3","PreyAK",NA
"145","Least Auklet reproductive success","Western_Aleutian_Islands","leastAuk_WAI","AK_WAI_bird_3","north",1976-01-01,NA,NA,NA,NA,"12.ZooPreyAK","PreyAK","12.ZooPreyAK","PreyAK","12.ZooPreyAK"
"146","Least Auklet reproductive success","Western_Aleutian_Islands","leastAuk_WAI","AK_WAI_bird_3","north",1977-01-01,NA,NA,NA,NA,"12.ZooPreyAK","PreyAK","12.ZooPreyAK","PreyAK","12.ZooPreyAK"
"147","Least Auklet reproductive success","Western_Aleutian_Islands","leastAuk_WAI","AK_WAI_bird_3","north",1978-01-01,NA,NA,NA,NA,"12.ZooPreyAK","PreyAK","12.ZooPreyAK","PreyAK","12.ZooPreyAK"
"148","Least Auklet reproductive success","Western_Aleutian_Islands","leastAuk_WAI","AK_WAI_bird_3","north",1979-01-01,NA,NA,NA,NA,"12.ZooPreyAK","PreyAK","12.ZooPreyAK","PreyAK","12.ZooPreyAK"
"149","Least Auklet reproductive success","Western_Aleutian_Islands","leastAuk_WAI","AK_WAI_bird_3","north",1980-01-01,NA,NA,NA,NA,"12.ZooPreyAK","PreyAK","12.ZooPreyAK","PreyAK","12.ZooPreyAK"
"150","Least Auklet reproductive success","Western_Aleutian_Islands","leastAuk_WAI","AK_WAI_bird_3","north",1981-01-01,NA,NA,NA,NA,"12.ZooPreyAK","PreyAK","12.ZooPreyAK","PreyAK","12.ZooPreyAK"
"151","Least Auklet reproductive success","Western_Aleutian_Islands","leastAuk_WAI","AK_WAI_bird_3","north",1982-01-01,NA,NA,NA,NA,"12.ZooPreyAK","PreyAK","12.ZooPreyAK","PreyAK","12.ZooPreyAK"
"152","Least Auklet reproductive success","Western_Aleutian_Islands","leastAuk_WAI","AK_WAI_bird_3","north",1983-01-01,NA,NA,NA,NA,"12.ZooPreyAK","PreyAK","12.ZooPreyAK","PreyAK","12.ZooPreyAK"
"153","Least Auklet reproductive success","Western_Aleutian_Islands","leastAuk_WAI","AK_WAI_bird_3","north",1984-01-01,NA,NA,NA,NA,"12.ZooPreyAK","PreyAK","12.ZooPreyAK","PreyAK","12.ZooPreyAK"
"154","Least Auklet reproductive success","Western_Aleutian_Islands","leastAuk_WAI","AK_WAI_bird_3","north",1985-01-01,NA,NA,NA,NA,"12.ZooPreyAK","PreyAK","12.ZooPreyAK","PreyAK","12.ZooPreyAK"
"155","Least Auklet reproductive success","Western_Aleutian_Islands","leastAuk_WAI","AK_WAI_bird_3","north",1986-01-01,NA,NA,NA,NA,"12.ZooPreyAK","PreyAK","12.ZooPreyAK","PreyAK","12.ZooPreyAK"
"156","Least Auklet reproductive success","Western_Aleutian_Islands","leastAuk_WAI","AK_WAI_bird_3","north",1987-01-01,NA,NA,NA,NA,"12.ZooPreyAK","PreyAK","12.ZooPreyAK","PreyAK","12.ZooPreyAK"
"157","Least Auklet reproductive success","Western_Aleutian_Islands","leastAuk_WAI","AK_WAI_bird_3","north",1988-01-01,0.61,0.61,0.61,-0.568024374649946,"12.ZooPreyAK","PreyAK","12.ZooPreyAK","PreyAK","12.ZooPreyAK"
"158","Least Auklet reproductive success","Western_Aleutian_Islands","leastAuk_WAI","AK_WAI_bird_3","north",1989-01-01,0.14,0.14,0.14,-1.81076427752211,"12.ZooPreyAK","PreyAK","12.ZooPreyAK","PreyAK","12.ZooPreyAK"
"159","Least Auklet reproductive success","Western_Aleutian_Islands","leastAuk_WAI","AK_WAI_bird_3","north",1990-01-01,0.14,0.14,0.14,-1.90892350396444,"12.ZooPreyAK","PreyAK","12.ZooPreyAK","PreyAK","12.ZooPreyAK"
"160","Least Auklet reproductive success","Western_Aleutian_Islands","leastAuk_WAI","AK_WAI_bird_3","north",1991-01-01,0.57,0.57,0.57,-0.960661280419279,"12.ZooPreyAK","PreyAK","12.ZooPreyAK","PreyAK","12.ZooPreyAK"
"161","Least Auklet reproductive success","Western_Aleutian_Islands","leastAuk_WAI","AK_WAI_bird_3","north",1992-01-01,0.55,0.55,0.55,-0.770347145506078,"12.ZooPreyAK","PreyAK","12.ZooPreyAK","PreyAK","12.ZooPreyAK"
"162","Least Auklet reproductive success","Western_Aleutian_Islands","leastAuk_WAI","AK_WAI_bird_3","north",1993-01-01,0.38,0.38,0.38,-1.01963758002491,"12.ZooPreyAK","PreyAK","12.ZooPreyAK","PreyAK","12.ZooPreyAK"
"163","Least Auklet reproductive success","Western_Aleutian_Islands","leastAuk_WAI","AK_WAI_bird_3","north",1994-01-01,0.33,0.33,0.33,-0.869573252057437,"12.ZooPreyAK","PreyAK","12.ZooPreyAK","PreyAK","12.ZooPreyAK"
"164","Least Auklet reproductive success","Western_Aleutian_Islands","leastAuk_WAI","AK_WAI_bird_3","north",1995-01-01,0.76,0.76,0.76,0.149983627080636,"12.ZooPreyAK","PreyAK","12.ZooPreyAK","PreyAK","12.ZooPreyAK"
"165","Least Auklet reproductive success","Western_Aleutian_Islands","leastAuk_WAI","AK_WAI_bird_3","north",1996-01-01,0.66,0.66,0.66,0.305958174362761,"12.ZooPreyAK","PreyAK","12.ZooPreyAK","PreyAK","12.ZooPreyAK"
"166","Least Auklet reproductive success","Western_Aleutian_Islands","leastAuk_WAI","AK_WAI_bird_3","north",1997-01-01,0.73,0.73,0.73,0.394471858504693,"12.ZooPreyAK","PreyAK","12.ZooPreyAK","PreyAK","12.ZooPreyAK"
"167","Least Auklet reproductive success","Western_Aleutian_Islands","leastAuk_WAI","AK_WAI_bird_3","north",1998-01-01,0.57,0.57,0.57,0.0559355186448229,"12.ZooPreyAK","PreyAK","12.ZooPreyAK","PreyAK","12.ZooPreyAK"
"168","Least Auklet reproductive success","Western_Aleutian_Islands","leastAuk_WAI","AK_WAI_bird_3","north",1999-01-01,NA,0.58,0.58,-0.0239521107829064,"12.ZooPreyAK","PreyAK","12.ZooPreyAK","PreyAK","12.ZooPreyAK"
"169","Least Auklet reproductive success","Western_Aleutian_Islands","leastAuk_WAI","AK_WAI_bird_3","north",2000-01-01,0.59,0.59,0.59,0.0109066486504118,"12.ZooPreyAK","PreyAK","12.ZooPreyAK","PreyAK","12.ZooPreyAK"
"170","Least Auklet reproductive success","Western_Aleutian_Islands","leastAuk_WAI","AK_WAI_bird_3","north",2001-01-01,0.6,0.6,0.6,0.131355864234733,"12.ZooPreyAK","PreyAK","12.ZooPreyAK","PreyAK","12.ZooPreyAK"
"171","Least Auklet reproductive success","Western_Aleutian_Islands","leastAuk_WAI","AK_WAI_bird_3","north",2002-01-01,0.75,0.75,0.75,0.393830059411014,"12.ZooPreyAK","PreyAK","12.ZooPreyAK","PreyAK","12.ZooPreyAK"
"172","Least Auklet reproductive success","Western_Aleutian_Islands","leastAuk_WAI","AK_WAI_bird_3","north",2003-01-01,0.54,0.54,0.54,0.100583047205087,"12.ZooPreyAK","PreyAK","12.ZooPreyAK","PreyAK","12.ZooPreyAK"
"173","Least Auklet reproductive success","Western_Aleutian_Islands","leastAuk_WAI","AK_WAI_bird_3","north",2004-01-01,0.63,0.63,0.63,0.302676350421655,"12.ZooPreyAK","PreyAK","12.ZooPreyAK","PreyAK","12.ZooPreyAK"
"174","Least Auklet reproductive success","Western_Aleutian_Islands","leastAuk_WAI","AK_WAI_bird_3","north",2005-01-01,0.72,0.72,0.72,0.626071042987015,"12.ZooPreyAK","PreyAK","12.ZooPreyAK","PreyAK","12.ZooPreyAK"
"175","Least Auklet reproductive success","Western_Aleutian_Islands","leastAuk_WAI","AK_WAI_bird_3","north",2006-01-01,0.77,0.77,0.77,0.818029588176259,"12.ZooPreyAK","PreyAK","12.ZooPreyAK","PreyAK","12.ZooPreyAK"
"176","Least Auklet reproductive success","Western_Aleutian_Islands","leastAuk_WAI","AK_WAI_bird_3","north",2007-01-01,0.7,0.7,0.7,0.750437070461812,"12.ZooPreyAK","PreyAK","12.ZooPreyAK","PreyAK","12.ZooPreyAK"
"177","Least Auklet reproductive success","Western_Aleutian_Islands","leastAuk_WAI","AK_WAI_bird_3","north",2008-01-01,0.74,0.74,0.74,0.803803817132772,"12.ZooPreyAK","PreyAK","12.ZooPreyAK","PreyAK","12.ZooPreyAK"
"178","Least Auklet reproductive success","Western_Aleutian_Islands","leastAuk_WAI","AK_WAI_bird_3","north",2009-01-01,0.79,0.79,0.79,0.775437806286646,"12.ZooPreyAK","PreyAK","12.ZooPreyAK","PreyAK","12.ZooPreyAK"
"179","Least Auklet reproductive success","Western_Aleutian_Islands","leastAuk_WAI","AK_WAI_bird_3","north",2010-01-01,0.64,0.64,0.64,0.316899566360492,"12.ZooPreyAK","PreyAK","12.ZooPreyAK","PreyAK","12.ZooPreyAK"
"180","Least Auklet reproductive success","Western_Aleutian_Islands","leastAuk_WAI","AK_WAI_bird_3","north",2011-01-01,0.51,0.51,0.51,-0.0701287604213969,"12.ZooPreyAK","PreyAK","12.ZooPreyAK","PreyAK","12.ZooPreyAK"
"181","Least Auklet reproductive success","Western_Aleutian_Islands","leastAuk_WAI","AK_WAI_bird_3","north",2012-01-01,0.65,0.65,0.65,0.0595154970228144,"12.ZooPreyAK","PreyAK","12.ZooPreyAK","PreyAK","12.ZooPreyAK"
"182","Least Auklet reproductive success","Western_Aleutian_Islands","leastAuk_WAI","AK_WAI_bird_3","north",2013-01-01,0.59,0.59,0.59,-0.0607290938697492,"12.ZooPreyAK","PreyAK","12.ZooPreyAK","PreyAK","12.ZooPreyAK"
"183","Least Auklet reproductive success","Western_Aleutian_Islands","leastAuk_WAI","AK_WAI_bird_3","north",2014-01-01,0.6,0.6,0.6,-0.167018971131471,"12.ZooPreyAK","PreyAK","12.ZooPreyAK","PreyAK","12.ZooPreyAK"
"184","Least Auklet reproductive success","Western_Aleutian_Islands","leastAuk_WAI","AK_WAI_bird_3","north",2015-01-01,0.42,0.42,0.42,-0.429658704167437,"12.ZooPreyAK","PreyAK","12.ZooPreyAK","PreyAK","12.ZooPreyAK"
"185","Least Auklet reproductive success","Western_Aleutian_Islands","leastAuk_WAI","AK_WAI_bird_3","north",2016-01-01,0.68,0.68,0.68,0.0409764325669265,"12.ZooPreyAK","PreyAK","12.ZooPreyAK","PreyAK","12.ZooPreyAK"
"186","Least Auklet reproductive success","Western_Aleutian_Islands","leastAuk_WAI","AK_WAI_bird_3","north",2017-01-01,0.58,0.58,0.58,0.0511395800785373,"12.ZooPreyAK","PreyAK","12.ZooPreyAK","PreyAK","12.ZooPreyAK"
"187","Least Auklet reproductive success","Western_Aleutian_Islands","leastAuk_WAI","AK_WAI_bird_3","north",2018-01-01,0.63,0.63,0.63,0.25114080731264,"12.ZooPreyAK","PreyAK","12.ZooPreyAK","PreyAK","12.ZooPreyAK"
"188","Least Auklet reproductive success","Western_Aleutian_Islands","leastAuk_WAI","AK_WAI_bird_3","north",2019-01-01,0.69,0.69,0.69,0.520907880786519,"12.ZooPreyAK","PreyAK","12.ZooPreyAK","PreyAK","12.ZooPreyAK"
"189","Least Auklet reproductive success","Western_Aleutian_Islands","leastAuk_WAI","AK_WAI_bird_3","north",2020-01-01,NA,0.74,0.74,0.746119721113876,"12.ZooPreyAK","PreyAK","12.ZooPreyAK","PreyAK","12.ZooPreyAK"
"190","Least Auklet reproductive success","Western_Aleutian_Islands","leastAuk_WAI","AK_WAI_bird_3","north",2021-01-01,0.79,0.79,0.79,0.83191470790525,"12.ZooPreyAK","PreyAK","12.ZooPreyAK","PreyAK","12.ZooPreyAK"
"191","Least Auklet reproductive success","Western_Aleutian_Islands","leastAuk_WAI","AK_WAI_bird_3","north",2022-01-01,0.68,0.68,0.68,0.544014367235199,"12.ZooPreyAK","PreyAK","12.ZooPreyAK","PreyAK","12.ZooPreyAK"
"192","Least Auklet reproductive success","Western_Aleutian_Islands","leastAuk_WAI","AK_WAI_bird_3","north",2023-01-01,0.61,0.61,0.61,0.298679972010667,"12.ZooPreyAK","PreyAK","12.ZooPreyAK","PreyAK","12.ZooPreyAK"
"193","Ammodytes in tufted puffin chick diets","Western_Aleutian_Islands","ammod_WAI","AK_WAI_fish_23","north",1976-01-01,NA,NA,NA,NA,"13.FishPreyAK_b_0","PreyAK","13.FishPreyAK_b_0","PreyAK",NA
"194","Ammodytes in tufted puffin chick diets","Western_Aleutian_Islands","ammod_WAI","AK_WAI_fish_23","north",1977-01-01,NA,NA,NA,NA,"13.FishPreyAK_b_0","PreyAK","13.FishPreyAK_b_0","PreyAK",NA
"195","Ammodytes in tufted puffin chick diets","Western_Aleutian_Islands","ammod_WAI","AK_WAI_fish_23","north",1978-01-01,NA,NA,NA,NA,"13.FishPreyAK_b_0","PreyAK","13.FishPreyAK_b_0","PreyAK",NA
"196","Ammodytes in tufted puffin chick diets","Western_Aleutian_Islands","ammod_WAI","AK_WAI_fish_23","north",1979-01-01,NA,NA,NA,NA,"13.FishPreyAK_b_0","PreyAK","13.FishPreyAK_b_0","PreyAK",NA
"197","Ammodytes in tufted puffin chick diets","Western_Aleutian_Islands","ammod_WAI","AK_WAI_fish_23","north",1980-01-01,NA,NA,NA,NA,"13.FishPreyAK_b_0","PreyAK","13.FishPreyAK_b_0","PreyAK",NA
"198","Ammodytes in tufted puffin chick diets","Western_Aleutian_Islands","ammod_WAI","AK_WAI_fish_23","north",1981-01-01,NA,NA,NA,NA,"13.FishPreyAK_b_0","PreyAK","13.FishPreyAK_b_0","PreyAK",NA
"199","Ammodytes in tufted puffin chick diets","Western_Aleutian_Islands","ammod_WAI","AK_WAI_fish_23","north",1982-01-01,NA,NA,NA,NA,"13.FishPreyAK_b_0","PreyAK","13.FishPreyAK_b_0","PreyAK",NA
"200","Ammodytes in tufted puffin chick diets","Western_Aleutian_Islands","ammod_WAI","AK_WAI_fish_23","north",1983-01-01,NA,NA,NA,NA,"13.FishPreyAK_b_0","PreyAK","13.FishPreyAK_b_0","PreyAK",NA
"201","Ammodytes in tufted puffin chick diets","Western_Aleutian_Islands","ammod_WAI","AK_WAI_fish_23","north",1984-01-01,NA,NA,NA,NA,"13.FishPreyAK_b_0","PreyAK","13.FishPreyAK_b_0","PreyAK",NA
"202","Ammodytes in tufted puffin chick diets","Western_Aleutian_Islands","ammod_WAI","AK_WAI_fish_23","north",1985-01-01,NA,NA,NA,NA,"13.FishPreyAK_b_0","PreyAK","13.FishPreyAK_b_0","PreyAK",NA
"203","Ammodytes in tufted puffin chick diets","Western_Aleutian_Islands","ammod_WAI","AK_WAI_fish_23","north",1986-01-01,NA,NA,NA,NA,"13.FishPreyAK_b_0","PreyAK","13.FishPreyAK_b_0","PreyAK",NA
"204","Ammodytes in tufted puffin chick diets","Western_Aleutian_Islands","ammod_WAI","AK_WAI_fish_23","north",1987-01-01,NA,NA,NA,NA,"13.FishPreyAK_b_0","PreyAK","13.FishPreyAK_b_0","PreyAK",NA
"205","Ammodytes in tufted puffin chick diets","Western_Aleutian_Islands","ammod_WAI","AK_WAI_fish_23","north",1988-01-01,76.1,76.1,76.1,3.22995943357665,"13.FishPreyAK_b_0","PreyAK","13.FishPreyAK_b_0","PreyAK",NA
"206","Ammodytes in tufted puffin chick diets","Western_Aleutian_Islands","ammod_WAI","AK_WAI_fish_23","north",1989-01-01,40.8,40.8,40.8,1.8890069943995,"13.FishPreyAK_b_0","PreyAK","13.FishPreyAK_b_0","PreyAK",NA
"207","Ammodytes in tufted puffin chick diets","Western_Aleutian_Islands","ammod_WAI","AK_WAI_fish_23","north",1990-01-01,2.6,2.6,2.6,0.53613926024722,"13.FishPreyAK_b_0","PreyAK","13.FishPreyAK_b_0","PreyAK",NA
"208","Ammodytes in tufted puffin chick diets","Western_Aleutian_Islands","ammod_WAI","AK_WAI_fish_23","north",1991-01-01,1.2,1.2,1.2,-0.0177321688454716,"13.FishPreyAK_b_0","PreyAK","13.FishPreyAK_b_0","PreyAK",NA
"209","Ammodytes in tufted puffin chick diets","Western_Aleutian_Islands","ammod_WAI","AK_WAI_fish_23","north",1992-01-01,0,0,0,-0.247177908676454,"13.FishPreyAK_b_0","PreyAK","13.FishPreyAK_b_0","PreyAK",NA
"210","Ammodytes in tufted puffin chick diets","Western_Aleutian_Islands","ammod_WAI","AK_WAI_fish_23","north",1993-01-01,NA,0.8,0.8,-0.313671573395445,"13.FishPreyAK_b_0","PreyAK","13.FishPreyAK_b_0","PreyAK",NA
"211","Ammodytes in tufted puffin chick diets","Western_Aleutian_Islands","ammod_WAI","AK_WAI_fish_23","north",1994-01-01,1.6,1.6,1.6,-0.32902157817561,"13.FishPreyAK_b_0","PreyAK","13.FishPreyAK_b_0","PreyAK",NA
"212","Ammodytes in tufted puffin chick diets","Western_Aleutian_Islands","ammod_WAI","AK_WAI_fish_23","north",1995-01-01,NA,0.8,0.8,-0.353892678251296,"13.FishPreyAK_b_0","PreyAK","13.FishPreyAK_b_0","PreyAK",NA
"213","Ammodytes in tufted puffin chick diets","Western_Aleutian_Islands","ammod_WAI","AK_WAI_fish_23","north",1996-01-01,0,0,0,-0.367841223244008,"13.FishPreyAK_b_0","PreyAK","13.FishPreyAK_b_0","PreyAK",NA
"214","Ammodytes in tufted puffin chick diets","Western_Aleutian_Islands","ammod_WAI","AK_WAI_fish_23","north",1997-01-01,0,0,0,-0.33950100769228,"13.FishPreyAK_b_0","PreyAK","13.FishPreyAK_b_0","PreyAK",NA
"215","Ammodytes in tufted puffin chick diets","Western_Aleutian_Islands","ammod_WAI","AK_WAI_fish_23","north",1998-01-01,1,1,1,-0.240531816044386,"13.FishPreyAK_b_0","PreyAK","13.FishPreyAK_b_0","PreyAK",NA
"216","Ammodytes in tufted puffin chick diets","Western_Aleutian_Islands","ammod_WAI","AK_WAI_fish_23","north",1999-01-01,3.4,3.4,3.4,-0.0286078947201543,"13.FishPreyAK_b_0","PreyAK","13.FishPreyAK_b_0","PreyAK",NA
"217","Ammodytes in tufted puffin chick diets","Western_Aleutian_Islands","ammod_WAI","AK_WAI_fish_23","north",2000-01-01,5.7,5.7,5.7,0.372250426242114,"13.FishPreyAK_b_0","PreyAK","13.FishPreyAK_b_0","PreyAK",NA
"218","Ammodytes in tufted puffin chick diets","Western_Aleutian_Islands","ammod_WAI","AK_WAI_fish_23","north",2001-01-01,61.3,61.3,61.3,1.23262156024893,"13.FishPreyAK_b_0","PreyAK","13.FishPreyAK_b_0","PreyAK",NA
"219","Ammodytes in tufted puffin chick diets","Western_Aleutian_Islands","ammod_WAI","AK_WAI_fish_23","north",2002-01-01,0,0,0,0.26350148474173,"13.FishPreyAK_b_0","PreyAK","13.FishPreyAK_b_0","PreyAK",NA
"220","Ammodytes in tufted puffin chick diets","Western_Aleutian_Islands","ammod_WAI","AK_WAI_fish_23","north",2003-01-01,0,0,0,-0.0319871222352903,"13.FishPreyAK_b_0","PreyAK","13.FishPreyAK_b_0","PreyAK",NA
"221","Ammodytes in tufted puffin chick diets","Western_Aleutian_Islands","ammod_WAI","AK_WAI_fish_23","north",2004-01-01,0,0,0,0.0506671323408461,"13.FishPreyAK_b_0","PreyAK","13.FishPreyAK_b_0","PreyAK",NA
"222","Ammodytes in tufted puffin chick diets","Western_Aleutian_Islands","ammod_WAI","AK_WAI_fish_23","north",2005-01-01,35.6,35.6,35.6,0.594118503046275,"13.FishPreyAK_b_0","PreyAK","13.FishPreyAK_b_0","PreyAK",NA
"223","Ammodytes in tufted puffin chick diets","Western_Aleutian_Islands","ammod_WAI","AK_WAI_fish_23","north",2006-01-01,6.4,6.4,6.4,0.12531196537551,"13.FishPreyAK_b_0","PreyAK","13.FishPreyAK_b_0","PreyAK",NA
"224","Ammodytes in tufted puffin chick diets","Western_Aleutian_Islands","ammod_WAI","AK_WAI_fish_23","north",2007-01-01,0,0,0,-0.170570626764722,"13.FishPreyAK_b_0","PreyAK","13.FishPreyAK_b_0","PreyAK",NA
"225","Ammodytes in tufted puffin chick diets","Western_Aleutian_Islands","ammod_WAI","AK_WAI_fish_23","north",2008-01-01,0,0,0,-0.22689386188123,"13.FishPreyAK_b_0","PreyAK","13.FishPreyAK_b_0","PreyAK",NA
"226","Ammodytes in tufted puffin chick diets","Western_Aleutian_Islands","ammod_WAI","AK_WAI_fish_23","north",2009-01-01,11.1,11.1,11.1,-0.0999809750905207,"13.FishPreyAK_b_0","PreyAK","13.FishPreyAK_b_0","PreyAK",NA
"227","Ammodytes in tufted puffin chick diets","Western_Aleutian_Islands","ammod_WAI","AK_WAI_fish_23","north",2010-01-01,0,0,0,-0.291661242153604,"13.FishPreyAK_b_0","PreyAK","13.FishPreyAK_b_0","PreyAK",NA
"228","Ammodytes in tufted puffin chick diets","Western_Aleutian_Islands","ammod_WAI","AK_WAI_fish_23","north",2011-01-01,NA,0,0,-0.364872767581844,"13.FishPreyAK_b_0","PreyAK","13.FishPreyAK_b_0","PreyAK",NA
"229","Ammodytes in tufted puffin chick diets","Western_Aleutian_Islands","ammod_WAI","AK_WAI_fish_23","north",2012-01-01,0,0,0,-0.392827076803481,"13.FishPreyAK_b_0","PreyAK","13.FishPreyAK_b_0","PreyAK",NA
"230","Ammodytes in tufted puffin chick diets","Western_Aleutian_Islands","ammod_WAI","AK_WAI_fish_23","north",2013-01-01,0,0,0,-0.403478479040152,"13.FishPreyAK_b_0","PreyAK","13.FishPreyAK_b_0","PreyAK",NA
"231","Ammodytes in tufted puffin chick diets","Western_Aleutian_Islands","ammod_WAI","AK_WAI_fish_23","north",2014-01-01,0,0,0,-0.407478376528529,"13.FishPreyAK_b_0","PreyAK","13.FishPreyAK_b_0","PreyAK",NA
"232","Ammodytes in tufted puffin chick diets","Western_Aleutian_Islands","ammod_WAI","AK_WAI_fish_23","north",2015-01-01,0,0,0,-0.408826666756989,"13.FishPreyAK_b_0","PreyAK","13.FishPreyAK_b_0","PreyAK",NA
"233","Ammodytes in tufted puffin chick diets","Western_Aleutian_Islands","ammod_WAI","AK_WAI_fish_23","north",2016-01-01,0,0,0,-0.408871639953991,"13.FishPreyAK_b_0","PreyAK","13.FishPreyAK_b_0","PreyAK",NA
"234","Ammodytes in tufted puffin chick diets","Western_Aleutian_Islands","ammod_WAI","AK_WAI_fish_23","north",2017-01-01,NA,5e-06,5e-06,-0.407658269316536,"13.FishPreyAK_b_0","PreyAK","13.FishPreyAK_b_0","PreyAK",NA
"235","Ammodytes in tufted puffin chick diets","Western_Aleutian_Islands","ammod_WAI","AK_WAI_fish_23","north",2018-01-01,1e-05,1e-05,1e-05,-0.403973467424361,"13.FishPreyAK_b_0","PreyAK","13.FishPreyAK_b_0","PreyAK",NA
"236","Ammodytes in tufted puffin chick diets","Western_Aleutian_Islands","ammod_WAI","AK_WAI_fish_23","north",2019-01-01,0,0,0,-0.394132715602482,"13.FishPreyAK_b_0","PreyAK","13.FishPreyAK_b_0","PreyAK",NA
"237","Ammodytes in tufted puffin chick diets","Western_Aleutian_Islands","ammod_WAI","AK_WAI_fish_23","north",2020-01-01,NA,0,0,-0.368294695594638,"13.FishPreyAK_b_0","PreyAK","13.FishPreyAK_b_0","PreyAK",NA
"238","Ammodytes in tufted puffin chick diets","Western_Aleutian_Islands","ammod_WAI","AK_WAI_fish_23","north",2021-01-01,0,0,0,-0.300621387392984,"13.FishPreyAK_b_0","PreyAK","13.FishPreyAK_b_0","PreyAK",NA
"239","Ammodytes in tufted puffin chick diets","Western_Aleutian_Islands","ammod_WAI","AK_WAI_fish_23","north",2022-01-01,9.18,9.18,9.18,-0.123439482795868,"13.FishPreyAK_b_0","PreyAK","13.FishPreyAK_b_0","PreyAK",NA
"240","Ammodytes in tufted puffin chick diets","Western_Aleutian_Islands","ammod_WAI","AK_WAI_fish_23","north",2023-01-01,3.08,3.08,3.08,-0.179553838667865,"13.FishPreyAK_b_0","PreyAK","13.FishPreyAK_b_0","PreyAK",NA
"241","Gadids in tufted puffin chick diets","Eastern_Aleutian_Islands","gadid_EAI","AK_EAI_fish_18","north",1976-01-01,NA,NA,NA,NA,"13.FishPreyAK_b","PreyAK","13.FishPreyAK_b","PreyAK","13.FishPreyAK_b"
"242","Gadids in tufted puffin chick diets","Eastern_Aleutian_Islands","gadid_EAI","AK_EAI_fish_18","north",1977-01-01,NA,NA,NA,NA,"13.FishPreyAK_b","PreyAK","13.FishPreyAK_b","PreyAK","13.FishPreyAK_b"
"243","Gadids in tufted puffin chick diets","Eastern_Aleutian_Islands","gadid_EAI","AK_EAI_fish_18","north",1978-01-01,NA,NA,NA,NA,"13.FishPreyAK_b","PreyAK","13.FishPreyAK_b","PreyAK","13.FishPreyAK_b"
"244","Gadids in tufted puffin chick diets","Eastern_Aleutian_Islands","gadid_EAI","AK_EAI_fish_18","north",1979-01-01,NA,NA,NA,NA,"13.FishPreyAK_b","PreyAK","13.FishPreyAK_b","PreyAK","13.FishPreyAK_b"
"245","Gadids in tufted puffin chick diets","Eastern_Aleutian_Islands","gadid_EAI","AK_EAI_fish_18","north",1980-01-01,NA,NA,NA,NA,"13.FishPreyAK_b","PreyAK","13.FishPreyAK_b","PreyAK","13.FishPreyAK_b"
"246","Gadids in tufted puffin chick diets","Eastern_Aleutian_Islands","gadid_EAI","AK_EAI_fish_18","north",1981-01-01,NA,NA,NA,NA,"13.FishPreyAK_b","PreyAK","13.FishPreyAK_b","PreyAK","13.FishPreyAK_b"
"247","Gadids in tufted puffin chick diets","Eastern_Aleutian_Islands","gadid_EAI","AK_EAI_fish_18","north",1982-01-01,NA,NA,NA,NA,"13.FishPreyAK_b","PreyAK","13.FishPreyAK_b","PreyAK","13.FishPreyAK_b"
"248","Gadids in tufted puffin chick diets","Eastern_Aleutian_Islands","gadid_EAI","AK_EAI_fish_18","north",1983-01-01,NA,NA,NA,NA,"13.FishPreyAK_b","PreyAK","13.FishPreyAK_b","PreyAK","13.FishPreyAK_b"
"249","Gadids in tufted puffin chick diets","Eastern_Aleutian_Islands","gadid_EAI","AK_EAI_fish_18","north",1984-01-01,NA,NA,NA,NA,"13.FishPreyAK_b","PreyAK","13.FishPreyAK_b","PreyAK","13.FishPreyAK_b"
"250","Gadids in tufted puffin chick diets","Eastern_Aleutian_Islands","gadid_EAI","AK_EAI_fish_18","north",1985-01-01,NA,NA,NA,NA,"13.FishPreyAK_b","PreyAK","13.FishPreyAK_b","PreyAK","13.FishPreyAK_b"
"251","Gadids in tufted puffin chick diets","Eastern_Aleutian_Islands","gadid_EAI","AK_EAI_fish_18","north",1986-01-01,81.1,81.1,81.1,1.07534996978946,"13.FishPreyAK_b","PreyAK","13.FishPreyAK_b","PreyAK","13.FishPreyAK_b"
"252","Gadids in tufted puffin chick diets","Eastern_Aleutian_Islands","gadid_EAI","AK_EAI_fish_18","north",1987-01-01,43.2,43.2,43.2,0.292575091272916,"13.FishPreyAK_b","PreyAK","13.FishPreyAK_b","PreyAK","13.FishPreyAK_b"
"253","Gadids in tufted puffin chick diets","Eastern_Aleutian_Islands","gadid_EAI","AK_EAI_fish_18","north",1988-01-01,NA,35.5666666666667,35.5666666666667,-0.140058472839038,"13.FishPreyAK_b","PreyAK","13.FishPreyAK_b","PreyAK","13.FishPreyAK_b"
"254","Gadids in tufted puffin chick diets","Eastern_Aleutian_Islands","gadid_EAI","AK_EAI_fish_18","north",1989-01-01,NA,27.9333333333333,27.9333333333333,-0.348178541918615,"13.FishPreyAK_b","PreyAK","13.FishPreyAK_b","PreyAK","13.FishPreyAK_b"
"255","Gadids in tufted puffin chick diets","Eastern_Aleutian_Islands","gadid_EAI","AK_EAI_fish_18","north",1990-01-01,20.3,20.3,20.3,-0.232899440305653,"13.FishPreyAK_b","PreyAK","13.FishPreyAK_b","PreyAK","13.FishPreyAK_b"
"256","Gadids in tufted puffin chick diets","Eastern_Aleutian_Islands","gadid_EAI","AK_EAI_fish_18","north",1991-01-01,65.9,65.9,65.9,0.628063678352552,"13.FishPreyAK_b","PreyAK","13.FishPreyAK_b","PreyAK","13.FishPreyAK_b"
"257","Gadids in tufted puffin chick diets","Eastern_Aleutian_Islands","gadid_EAI","AK_EAI_fish_18","north",1992-01-01,93.9,93.9,93.9,1.26168328291523,"13.FishPreyAK_b","PreyAK","13.FishPreyAK_b","PreyAK","13.FishPreyAK_b"
"258","Gadids in tufted puffin chick diets","Eastern_Aleutian_Islands","gadid_EAI","AK_EAI_fish_18","north",1993-01-01,70.2,70.2,70.2,1.17544436841938,"13.FishPreyAK_b","PreyAK","13.FishPreyAK_b","PreyAK","13.FishPreyAK_b"
"259","Gadids in tufted puffin chick diets","Eastern_Aleutian_Islands","gadid_EAI","AK_EAI_fish_18","north",1994-01-01,74.4,74.4,74.4,1.23630052914624,"13.FishPreyAK_b","PreyAK","13.FishPreyAK_b","PreyAK","13.FishPreyAK_b"
"260","Gadids in tufted puffin chick diets","Eastern_Aleutian_Islands","gadid_EAI","AK_EAI_fish_18","north",1995-01-01,86.1,86.1,86.1,1.33618773439382,"13.FishPreyAK_b","PreyAK","13.FishPreyAK_b","PreyAK","13.FishPreyAK_b"
"261","Gadids in tufted puffin chick diets","Eastern_Aleutian_Islands","gadid_EAI","AK_EAI_fish_18","north",1996-01-01,86.5,86.5,86.5,1.10442979900077,"13.FishPreyAK_b","PreyAK","13.FishPreyAK_b","PreyAK","13.FishPreyAK_b"
"262","Gadids in tufted puffin chick diets","Eastern_Aleutian_Islands","gadid_EAI","AK_EAI_fish_18","north",1997-01-01,40.6,40.6,40.6,0.293181150295077,"13.FishPreyAK_b","PreyAK","13.FishPreyAK_b","PreyAK","13.FishPreyAK_b"
"263","Gadids in tufted puffin chick diets","Eastern_Aleutian_Islands","gadid_EAI","AK_EAI_fish_18","north",1998-01-01,43.2,43.2,43.2,-0.0627504826707619,"13.FishPreyAK_b","PreyAK","13.FishPreyAK_b","PreyAK","13.FishPreyAK_b"
"264","Gadids in tufted puffin chick diets","Eastern_Aleutian_Islands","gadid_EAI","AK_EAI_fish_18","north",1999-01-01,20.8,20.8,20.8,-0.423866375175688,"13.FishPreyAK_b","PreyAK","13.FishPreyAK_b","PreyAK","13.FishPreyAK_b"
"265","Gadids in tufted puffin chick diets","Eastern_Aleutian_Islands","gadid_EAI","AK_EAI_fish_18","north",2000-01-01,61.3,61.3,61.3,-0.250374732104081,"13.FishPreyAK_b","PreyAK","13.FishPreyAK_b","PreyAK","13.FishPreyAK_b"
"266","Gadids in tufted puffin chick diets","Eastern_Aleutian_Islands","gadid_EAI","AK_EAI_fish_18","north",2001-01-01,8.9,8.9,8.9,-0.997657184876839,"13.FishPreyAK_b","PreyAK","13.FishPreyAK_b","PreyAK","13.FishPreyAK_b"
"267","Gadids in tufted puffin chick diets","Eastern_Aleutian_Islands","gadid_EAI","AK_EAI_fish_18","north",2002-01-01,0,0,0,-1.3055157027258,"13.FishPreyAK_b","PreyAK","13.FishPreyAK_b","PreyAK","13.FishPreyAK_b"
"268","Gadids in tufted puffin chick diets","Eastern_Aleutian_Islands","gadid_EAI","AK_EAI_fish_18","north",2003-01-01,NA,14.4,14.4,-1.12385887404353,"13.FishPreyAK_b","PreyAK","13.FishPreyAK_b","PreyAK","13.FishPreyAK_b"
"269","Gadids in tufted puffin chick diets","Eastern_Aleutian_Islands","gadid_EAI","AK_EAI_fish_18","north",2004-01-01,28.8,28.8,28.8,-0.850184812189567,"13.FishPreyAK_b","PreyAK","13.FishPreyAK_b","PreyAK","13.FishPreyAK_b"
"270","Gadids in tufted puffin chick diets","Eastern_Aleutian_Islands","gadid_EAI","AK_EAI_fish_18","north",2005-01-01,15.3,15.3,15.3,-0.789974397351712,"13.FishPreyAK_b","PreyAK","13.FishPreyAK_b","PreyAK","13.FishPreyAK_b"
"271","Gadids in tufted puffin chick diets","Eastern_Aleutian_Islands","gadid_EAI","AK_EAI_fish_18","north",2006-01-01,51.7,51.7,51.7,-0.340059456527945,"13.FishPreyAK_b","PreyAK","13.FishPreyAK_b","PreyAK","13.FishPreyAK_b"
"272","Gadids in tufted puffin chick diets","Eastern_Aleutian_Islands","gadid_EAI","AK_EAI_fish_18","north",2007-01-01,25.8,25.8,25.8,-0.514500041277888,"13.FishPreyAK_b","PreyAK","13.FishPreyAK_b","PreyAK","13.FishPreyAK_b"
"273","Gadids in tufted puffin chick diets","Eastern_Aleutian_Islands","gadid_EAI","AK_EAI_fish_18","north",2008-01-01,31.5,31.5,31.5,-0.446062222540226,"13.FishPreyAK_b","PreyAK","13.FishPreyAK_b","PreyAK","13.FishPreyAK_b"
"274","Gadids in tufted puffin chick diets","Eastern_Aleutian_Islands","gadid_EAI","AK_EAI_fish_18","north",2009-01-01,24.4,24.4,24.4,-0.295557012802169,"13.FishPreyAK_b","PreyAK","13.FishPreyAK_b","PreyAK","13.FishPreyAK_b"
"275","Gadids in tufted puffin chick diets","Eastern_Aleutian_Islands","gadid_EAI","AK_EAI_fish_18","north",2010-01-01,73.1,73.1,73.1,0.373076359375498,"13.FishPreyAK_b","PreyAK","13.FishPreyAK_b","PreyAK","13.FishPreyAK_b"
"276","Gadids in tufted puffin chick diets","Eastern_Aleutian_Islands","gadid_EAI","AK_EAI_fish_18","north",2011-01-01,33.8,33.8,33.8,0.269801427459695,"13.FishPreyAK_b","PreyAK","13.FishPreyAK_b","PreyAK","13.FishPreyAK_b"
"277","Gadids in tufted puffin chick diets","Eastern_Aleutian_Islands","gadid_EAI","AK_EAI_fish_18","north",2012-01-01,89.4,89.4,89.4,0.871953622190313,"13.FishPreyAK_b","PreyAK","13.FishPreyAK_b","PreyAK","13.FishPreyAK_b"
"278","Gadids in tufted puffin chick diets","Eastern_Aleutian_Islands","gadid_EAI","AK_EAI_fish_18","north",2013-01-01,63.4,63.4,63.4,0.545503556525538,"13.FishPreyAK_b","PreyAK","13.FishPreyAK_b","PreyAK","13.FishPreyAK_b"
"279","Gadids in tufted puffin chick diets","Eastern_Aleutian_Islands","gadid_EAI","AK_EAI_fish_18","north",2014-01-01,38.5,38.5,38.5,0.00969758793158837,"13.FishPreyAK_b","PreyAK","13.FishPreyAK_b","PreyAK","13.FishPreyAK_b"
"280","Gadids in tufted puffin chick diets","Eastern_Aleutian_Islands","gadid_EAI","AK_EAI_fish_18","north",2015-01-01,25.9,25.9,25.9,-0.269814831571572,"13.FishPreyAK_b","PreyAK","13.FishPreyAK_b","PreyAK","13.FishPreyAK_b"
"281","Gadids in tufted puffin chick diets","Eastern_Aleutian_Islands","gadid_EAI","AK_EAI_fish_18","north",2016-01-01,41.2,41.2,41.2,-0.0657855472005458,"13.FishPreyAK_b","PreyAK","13.FishPreyAK_b","PreyAK","13.FishPreyAK_b"
"282","Gadids in tufted puffin chick diets","Eastern_Aleutian_Islands","gadid_EAI","AK_EAI_fish_18","north",2017-01-01,62.8,62.8,62.8,0.210462599496301,"13.FishPreyAK_b","PreyAK","13.FishPreyAK_b","PreyAK","13.FishPreyAK_b"
"283","Gadids in tufted puffin chick diets","Eastern_Aleutian_Islands","gadid_EAI","AK_EAI_fish_18","north",2018-01-01,38.3,38.3,38.3,-0.0335546578468558,"13.FishPreyAK_b","PreyAK","13.FishPreyAK_b","PreyAK","13.FishPreyAK_b"
"284","Gadids in tufted puffin chick diets","Eastern_Aleutian_Islands","gadid_EAI","AK_EAI_fish_18","north",2019-01-01,50.9,50.9,50.9,-0.0564867932381986,"13.FishPreyAK_b","PreyAK","13.FishPreyAK_b","PreyAK","13.FishPreyAK_b"
"285","Gadids in tufted puffin chick diets","Eastern_Aleutian_Islands","gadid_EAI","AK_EAI_fish_18","north",2020-01-01,NA,32.55,32.55,-0.388026516355629,"13.FishPreyAK_b","PreyAK","13.FishPreyAK_b","PreyAK","13.FishPreyAK_b"
"286","Gadids in tufted puffin chick diets","Eastern_Aleutian_Islands","gadid_EAI","AK_EAI_fish_18","north",2021-01-01,14.2,14.2,14.2,-0.621693190145279,"13.FishPreyAK_b","PreyAK","13.FishPreyAK_b","PreyAK","13.FishPreyAK_b"
"287","Gadids in tufted puffin chick diets","Eastern_Aleutian_Islands","gadid_EAI","AK_EAI_fish_18","north",2022-01-01,53.2,53.2,53.2,-0.253133128225501,"13.FishPreyAK_b","PreyAK","13.FishPreyAK_b","PreyAK","13.FishPreyAK_b"
"288","Gadids in tufted puffin chick diets","Eastern_Aleutian_Islands","gadid_EAI","AK_EAI_fish_18","north",2023-01-01,26.94,26.94,26.94,-0.48233090337301,"13.FishPreyAK_b","PreyAK","13.FishPreyAK_b","PreyAK","13.FishPreyAK_b"
"289","Hexagrammids in tufted puffin chick diets","Eastern_Aleutian_Islands","hexagram_EAI","AK_EAI_fish_19","north",1976-01-01,NA,NA,NA,NA,"13.FishPreyAK_b_2","PreyAK","13.FishPreyAK_b_2","PreyAK",NA
"290","Hexagrammids in tufted puffin chick diets","Eastern_Aleutian_Islands","hexagram_EAI","AK_EAI_fish_19","north",1977-01-01,NA,NA,NA,NA,"13.FishPreyAK_b_2","PreyAK","13.FishPreyAK_b_2","PreyAK",NA
"291","Hexagrammids in tufted puffin chick diets","Eastern_Aleutian_Islands","hexagram_EAI","AK_EAI_fish_19","north",1978-01-01,NA,NA,NA,NA,"13.FishPreyAK_b_2","PreyAK","13.FishPreyAK_b_2","PreyAK",NA
"292","Hexagrammids in tufted puffin chick diets","Eastern_Aleutian_Islands","hexagram_EAI","AK_EAI_fish_19","north",1979-01-01,NA,NA,NA,NA,"13.FishPreyAK_b_2","PreyAK","13.FishPreyAK_b_2","PreyAK",NA
"293","Hexagrammids in tufted puffin chick diets","Eastern_Aleutian_Islands","hexagram_EAI","AK_EAI_fish_19","north",1980-01-01,NA,NA,NA,NA,"13.FishPreyAK_b_2","PreyAK","13.FishPreyAK_b_2","PreyAK",NA
"294","Hexagrammids in tufted puffin chick diets","Eastern_Aleutian_Islands","hexagram_EAI","AK_EAI_fish_19","north",1981-01-01,NA,NA,NA,NA,"13.FishPreyAK_b_2","PreyAK","13.FishPreyAK_b_2","PreyAK",NA
"295","Hexagrammids in tufted puffin chick diets","Eastern_Aleutian_Islands","hexagram_EAI","AK_EAI_fish_19","north",1982-01-01,NA,NA,NA,NA,"13.FishPreyAK_b_2","PreyAK","13.FishPreyAK_b_2","PreyAK",NA
"296","Hexagrammids in tufted puffin chick diets","Eastern_Aleutian_Islands","hexagram_EAI","AK_EAI_fish_19","north",1983-01-01,NA,NA,NA,NA,"13.FishPreyAK_b_2","PreyAK","13.FishPreyAK_b_2","PreyAK",NA
"297","Hexagrammids in tufted puffin chick diets","Eastern_Aleutian_Islands","hexagram_EAI","AK_EAI_fish_19","north",1984-01-01,NA,NA,NA,NA,"13.FishPreyAK_b_2","PreyAK","13.FishPreyAK_b_2","PreyAK",NA
"298","Hexagrammids in tufted puffin chick diets","Eastern_Aleutian_Islands","hexagram_EAI","AK_EAI_fish_19","north",1985-01-01,NA,NA,NA,NA,"13.FishPreyAK_b_2","PreyAK","13.FishPreyAK_b_2","PreyAK",NA
"299","Hexagrammids in tufted puffin chick diets","Eastern_Aleutian_Islands","hexagram_EAI","AK_EAI_fish_19","north",1986-01-01,4.4,4.4,4.4,0.262644938284195,"13.FishPreyAK_b_2","PreyAK","13.FishPreyAK_b_2","PreyAK",NA
"300","Hexagrammids in tufted puffin chick diets","Eastern_Aleutian_Islands","hexagram_EAI","AK_EAI_fish_19","north",1987-01-01,11.6,11.6,11.6,0.788045097486902,"13.FishPreyAK_b_2","PreyAK","13.FishPreyAK_b_2","PreyAK",NA
"301","Hexagrammids in tufted puffin chick diets","Eastern_Aleutian_Islands","hexagram_EAI","AK_EAI_fish_19","north",1988-01-01,NA,8.3,8.3,0.592879058028823,"13.FishPreyAK_b_2","PreyAK","13.FishPreyAK_b_2","PreyAK",NA
"302","Hexagrammids in tufted puffin chick diets","Eastern_Aleutian_Islands","hexagram_EAI","AK_EAI_fish_19","north",1989-01-01,NA,5,5,0.173452897623265,"13.FishPreyAK_b_2","PreyAK","13.FishPreyAK_b_2","PreyAK",NA
"303","Hexagrammids in tufted puffin chick diets","Eastern_Aleutian_Islands","hexagram_EAI","AK_EAI_fish_19","north",1990-01-01,1.7,1.7,1.7,-0.198187426963938,"13.FishPreyAK_b_2","PreyAK","13.FishPreyAK_b_2","PreyAK",NA
"304","Hexagrammids in tufted puffin chick diets","Eastern_Aleutian_Islands","hexagram_EAI","AK_EAI_fish_19","north",1991-01-01,3.2,3.2,3.2,-0.202210123148603,"13.FishPreyAK_b_2","PreyAK","13.FishPreyAK_b_2","PreyAK",NA
"305","Hexagrammids in tufted puffin chick diets","Eastern_Aleutian_Islands","hexagram_EAI","AK_EAI_fish_19","north",1992-01-01,0.5,0.5,0.5,-0.156943394920571,"13.FishPreyAK_b_2","PreyAK","13.FishPreyAK_b_2","PreyAK",NA
"306","Hexagrammids in tufted puffin chick diets","Eastern_Aleutian_Islands","hexagram_EAI","AK_EAI_fish_19","north",1993-01-01,9.8,9.8,9.8,0.548629399997509,"13.FishPreyAK_b_2","PreyAK","13.FishPreyAK_b_2","PreyAK",NA
"307","Hexagrammids in tufted puffin chick diets","Eastern_Aleutian_Islands","hexagram_EAI","AK_EAI_fish_19","north",1994-01-01,11.5,11.5,11.5,0.671386908131621,"13.FishPreyAK_b_2","PreyAK","13.FishPreyAK_b_2","PreyAK",NA
"308","Hexagrammids in tufted puffin chick diets","Eastern_Aleutian_Islands","hexagram_EAI","AK_EAI_fish_19","north",1995-01-01,0.9,0.9,0.9,-0.0221262712299888,"13.FishPreyAK_b_2","PreyAK","13.FishPreyAK_b_2","PreyAK",NA
"309","Hexagrammids in tufted puffin chick diets","Eastern_Aleutian_Islands","hexagram_EAI","AK_EAI_fish_19","north",1996-01-01,4,4,4,-0.00433106229235022,"13.FishPreyAK_b_2","PreyAK","13.FishPreyAK_b_2","PreyAK",NA
"310","Hexagrammids in tufted puffin chick diets","Eastern_Aleutian_Islands","hexagram_EAI","AK_EAI_fish_19","north",1997-01-01,5.3,5.3,5.3,0.0930030277514773,"13.FishPreyAK_b_2","PreyAK","13.FishPreyAK_b_2","PreyAK",NA
"311","Hexagrammids in tufted puffin chick diets","Eastern_Aleutian_Islands","hexagram_EAI","AK_EAI_fish_19","north",1998-01-01,6.9,6.9,6.9,0.0948119821808352,"13.FishPreyAK_b_2","PreyAK","13.FishPreyAK_b_2","PreyAK",NA
"312","Hexagrammids in tufted puffin chick diets","Eastern_Aleutian_Islands","hexagram_EAI","AK_EAI_fish_19","north",1999-01-01,1.1,1.1,1.1,-0.332354452900441,"13.FishPreyAK_b_2","PreyAK","13.FishPreyAK_b_2","PreyAK",NA
"313","Hexagrammids in tufted puffin chick diets","Eastern_Aleutian_Islands","hexagram_EAI","AK_EAI_fish_19","north",2000-01-01,2,2,2,-0.400348082393611,"13.FishPreyAK_b_2","PreyAK","13.FishPreyAK_b_2","PreyAK",NA
"314","Hexagrammids in tufted puffin chick diets","Eastern_Aleutian_Islands","hexagram_EAI","AK_EAI_fish_19","north",2001-01-01,3.4,3.4,3.4,-0.365745840474949,"13.FishPreyAK_b_2","PreyAK","13.FishPreyAK_b_2","PreyAK",NA
"315","Hexagrammids in tufted puffin chick diets","Eastern_Aleutian_Islands","hexagram_EAI","AK_EAI_fish_19","north",2002-01-01,0,0,0,-0.487297292510628,"13.FishPreyAK_b_2","PreyAK","13.FishPreyAK_b_2","PreyAK",NA
"316","Hexagrammids in tufted puffin chick diets","Eastern_Aleutian_Islands","hexagram_EAI","AK_EAI_fish_19","north",2003-01-01,NA,2.55,2.55,-0.17412807284459,"13.FishPreyAK_b_2","PreyAK","13.FishPreyAK_b_2","PreyAK",NA
"317","Hexagrammids in tufted puffin chick diets","Eastern_Aleutian_Islands","hexagram_EAI","AK_EAI_fish_19","north",2004-01-01,5.1,5.1,5.1,0.352611674920401,"13.FishPreyAK_b_2","PreyAK","13.FishPreyAK_b_2","PreyAK",NA
"318","Hexagrammids in tufted puffin chick diets","Eastern_Aleutian_Islands","hexagram_EAI","AK_EAI_fish_19","north",2005-01-01,13.7,13.7,13.7,1.08534233528054,"13.FishPreyAK_b_2","PreyAK","13.FishPreyAK_b_2","PreyAK",NA
"319","Hexagrammids in tufted puffin chick diets","Eastern_Aleutian_Islands","hexagram_EAI","AK_EAI_fish_19","north",2006-01-01,7.5,7.5,7.5,0.95477632384627,"13.FishPreyAK_b_2","PreyAK","13.FishPreyAK_b_2","PreyAK",NA
"320","Hexagrammids in tufted puffin chick diets","Eastern_Aleutian_Islands","hexagram_EAI","AK_EAI_fish_19","north",2007-01-01,16,16,16,1.12947706144474,"13.FishPreyAK_b_2","PreyAK","13.FishPreyAK_b_2","PreyAK",NA
"321","Hexagrammids in tufted puffin chick diets","Eastern_Aleutian_Islands","hexagram_EAI","AK_EAI_fish_19","north",2008-01-01,1.4,1.4,1.4,0.00308074144506221,"13.FishPreyAK_b_2","PreyAK","13.FishPreyAK_b_2","PreyAK",NA
"322","Hexagrammids in tufted puffin chick diets","Eastern_Aleutian_Islands","hexagram_EAI","AK_EAI_fish_19","north",2009-01-01,0.9,0.9,0.9,-0.491568680182037,"13.FishPreyAK_b_2","PreyAK","13.FishPreyAK_b_2","PreyAK",NA
"323","Hexagrammids in tufted puffin chick diets","Eastern_Aleutian_Islands","hexagram_EAI","AK_EAI_fish_19","north",2010-01-01,0,0,0,-0.744352122461934,"13.FishPreyAK_b_2","PreyAK","13.FishPreyAK_b_2","PreyAK",NA
"324","Hexagrammids in tufted puffin chick diets","Eastern_Aleutian_Islands","hexagram_EAI","AK_EAI_fish_19","north",2011-01-01,0.2,0.2,0.2,-0.819469722991423,"13.FishPreyAK_b_2","PreyAK","13.FishPreyAK_b_2","PreyAK",NA
"325","Hexagrammids in tufted puffin chick diets","Eastern_Aleutian_Islands","hexagram_EAI","AK_EAI_fish_19","north",2012-01-01,0.1,0.1,0.1,-0.833946483340681,"13.FishPreyAK_b_2","PreyAK","13.FishPreyAK_b_2","PreyAK",NA
"326","Hexagrammids in tufted puffin chick diets","Eastern_Aleutian_Islands","hexagram_EAI","AK_EAI_fish_19","north",2013-01-01,0.5,0.5,0.5,-0.781305463338621,"13.FishPreyAK_b_2","PreyAK","13.FishPreyAK_b_2","PreyAK",NA
"327","Hexagrammids in tufted puffin chick diets","Eastern_Aleutian_Islands","hexagram_EAI","AK_EAI_fish_19","north",2014-01-01,0.7,0.7,0.7,-0.692720445064564,"13.FishPreyAK_b_2","PreyAK","13.FishPreyAK_b_2","PreyAK",NA
"328","Hexagrammids in tufted puffin chick diets","Eastern_Aleutian_Islands","hexagram_EAI","AK_EAI_fish_19","north",2015-01-01,0,0,0,-0.521513811285144,"13.FishPreyAK_b_2","PreyAK","13.FishPreyAK_b_2","PreyAK",NA
"329","Hexagrammids in tufted puffin chick diets","Eastern_Aleutian_Islands","hexagram_EAI","AK_EAI_fish_19","north",2016-01-01,2.7,2.7,2.7,0.0501969754214774,"13.FishPreyAK_b_2","PreyAK","13.FishPreyAK_b_2","PreyAK",NA
"330","Hexagrammids in tufted puffin chick diets","Eastern_Aleutian_Islands","hexagram_EAI","AK_EAI_fish_19","north",2017-01-01,14,14,14,1.0283727877126,"13.FishPreyAK_b_2","PreyAK","13.FishPreyAK_b_2","PreyAK",NA
"331","Hexagrammids in tufted puffin chick diets","Eastern_Aleutian_Islands","hexagram_EAI","AK_EAI_fish_19","north",2018-01-01,14.7,14.7,14.7,1.02342127908036,"13.FishPreyAK_b_2","PreyAK","13.FishPreyAK_b_2","PreyAK",NA
"332","Hexagrammids in tufted puffin chick diets","Eastern_Aleutian_Islands","hexagram_EAI","AK_EAI_fish_19","north",2019-01-01,0.3,0.3,0.3,-0.116284962749923,"13.FishPreyAK_b_2","PreyAK","13.FishPreyAK_b_2","PreyAK",NA
"333","Hexagrammids in tufted puffin chick diets","Eastern_Aleutian_Islands","hexagram_EAI","AK_EAI_fish_19","north",2020-01-01,NA,0.3,0.3,-0.513119304678817,"13.FishPreyAK_b_2","PreyAK","13.FishPreyAK_b_2","PreyAK",NA
"334","Hexagrammids in tufted puffin chick diets","Eastern_Aleutian_Islands","hexagram_EAI","AK_EAI_fish_19","north",2021-01-01,0.3,0.3,0.3,-0.563916088635218,"13.FishPreyAK_b_2","PreyAK","13.FishPreyAK_b_2","PreyAK",NA
"335","Hexagrammids in tufted puffin chick diets","Eastern_Aleutian_Islands","hexagram_EAI","AK_EAI_fish_19","north",2022-01-01,4.3,4.3,4.3,-0.319472098575528,"13.FishPreyAK_b_2","PreyAK","13.FishPreyAK_b_2","PreyAK",NA
"336","Hexagrammids in tufted puffin chick diets","Eastern_Aleutian_Islands","hexagram_EAI","AK_EAI_fish_19","north",2023-01-01,2.36,2.36,2.36,-0.373491365253864,"13.FishPreyAK_b_2","PreyAK","13.FishPreyAK_b_2","PreyAK",NA
"337","Ammodytes in tufted puffin chick diets","Eastern_Aleutian_Islands","ammod_EAI","AK_EAI_fish_16","north",1976-01-01,NA,NA,NA,NA,"13.FishPreyAK_b","PreyAK","13.FishPreyAK_b","PreyAK","13.FishPreyAK_b"
"338","Ammodytes in tufted puffin chick diets","Eastern_Aleutian_Islands","ammod_EAI","AK_EAI_fish_16","north",1977-01-01,NA,NA,NA,NA,"13.FishPreyAK_b","PreyAK","13.FishPreyAK_b","PreyAK","13.FishPreyAK_b"
"339","Ammodytes in tufted puffin chick diets","Eastern_Aleutian_Islands","ammod_EAI","AK_EAI_fish_16","north",1978-01-01,NA,NA,NA,NA,"13.FishPreyAK_b","PreyAK","13.FishPreyAK_b","PreyAK","13.FishPreyAK_b"
"340","Ammodytes in tufted puffin chick diets","Eastern_Aleutian_Islands","ammod_EAI","AK_EAI_fish_16","north",1979-01-01,NA,NA,NA,NA,"13.FishPreyAK_b","PreyAK","13.FishPreyAK_b","PreyAK","13.FishPreyAK_b"
"341","Ammodytes in tufted puffin chick diets","Eastern_Aleutian_Islands","ammod_EAI","AK_EAI_fish_16","north",1980-01-01,NA,NA,NA,NA,"13.FishPreyAK_b","PreyAK","13.FishPreyAK_b","PreyAK","13.FishPreyAK_b"
"342","Ammodytes in tufted puffin chick diets","Eastern_Aleutian_Islands","ammod_EAI","AK_EAI_fish_16","north",1981-01-01,NA,NA,NA,NA,"13.FishPreyAK_b","PreyAK","13.FishPreyAK_b","PreyAK","13.FishPreyAK_b"
"343","Ammodytes in tufted puffin chick diets","Eastern_Aleutian_Islands","ammod_EAI","AK_EAI_fish_16","north",1982-01-01,NA,NA,NA,NA,"13.FishPreyAK_b","PreyAK","13.FishPreyAK_b","PreyAK","13.FishPreyAK_b"
"344","Ammodytes in tufted puffin chick diets","Eastern_Aleutian_Islands","ammod_EAI","AK_EAI_fish_16","north",1983-01-01,NA,NA,NA,NA,"13.FishPreyAK_b","PreyAK","13.FishPreyAK_b","PreyAK","13.FishPreyAK_b"
"345","Ammodytes in tufted puffin chick diets","Eastern_Aleutian_Islands","ammod_EAI","AK_EAI_fish_16","north",1984-01-01,NA,NA,NA,NA,"13.FishPreyAK_b","PreyAK","13.FishPreyAK_b","PreyAK","13.FishPreyAK_b"
"346","Ammodytes in tufted puffin chick diets","Eastern_Aleutian_Islands","ammod_EAI","AK_EAI_fish_16","north",1985-01-01,NA,NA,NA,NA,"13.FishPreyAK_b","PreyAK","13.FishPreyAK_b","PreyAK","13.FishPreyAK_b"
"347","Ammodytes in tufted puffin chick diets","Eastern_Aleutian_Islands","ammod_EAI","AK_EAI_fish_16","north",1986-01-01,9.5,9.5,9.5,-0.466281904887332,"13.FishPreyAK_b","PreyAK","13.FishPreyAK_b","PreyAK","13.FishPreyAK_b"
"348","Ammodytes in tufted puffin chick diets","Eastern_Aleutian_Islands","ammod_EAI","AK_EAI_fish_16","north",1987-01-01,29.5,29.5,29.5,0.130077757023105,"13.FishPreyAK_b","PreyAK","13.FishPreyAK_b","PreyAK","13.FishPreyAK_b"
"349","Ammodytes in tufted puffin chick diets","Eastern_Aleutian_Islands","ammod_EAI","AK_EAI_fish_16","north",1988-01-01,NA,45.6666666666667,45.6666666666667,0.715174197092008,"13.FishPreyAK_b","PreyAK","13.FishPreyAK_b","PreyAK","13.FishPreyAK_b"
"350","Ammodytes in tufted puffin chick diets","Eastern_Aleutian_Islands","ammod_EAI","AK_EAI_fish_16","north",1989-01-01,NA,61.8333333333333,61.8333333333333,1.14191332766663,"13.FishPreyAK_b","PreyAK","13.FishPreyAK_b","PreyAK","13.FishPreyAK_b"
"351","Ammodytes in tufted puffin chick diets","Eastern_Aleutian_Islands","ammod_EAI","AK_EAI_fish_16","north",1990-01-01,78,78,78,1.10484375159997,"13.FishPreyAK_b","PreyAK","13.FishPreyAK_b","PreyAK","13.FishPreyAK_b"
"352","Ammodytes in tufted puffin chick diets","Eastern_Aleutian_Islands","ammod_EAI","AK_EAI_fish_16","north",1991-01-01,6.1,6.1,6.1,-0.165294634896313,"13.FishPreyAK_b","PreyAK","13.FishPreyAK_b","PreyAK","13.FishPreyAK_b"
"353","Ammodytes in tufted puffin chick diets","Eastern_Aleutian_Islands","ammod_EAI","AK_EAI_fish_16","north",1992-01-01,1.9,1.9,1.9,-0.682279458946131,"13.FishPreyAK_b","PreyAK","13.FishPreyAK_b","PreyAK","13.FishPreyAK_b"
"354","Ammodytes in tufted puffin chick diets","Eastern_Aleutian_Islands","ammod_EAI","AK_EAI_fish_16","north",1993-01-01,8,8,8,-0.772876974510796,"13.FishPreyAK_b","PreyAK","13.FishPreyAK_b","PreyAK","13.FishPreyAK_b"
"355","Ammodytes in tufted puffin chick diets","Eastern_Aleutian_Islands","ammod_EAI","AK_EAI_fish_16","north",1994-01-01,7.2,7.2,7.2,-0.803954525140667,"13.FishPreyAK_b","PreyAK","13.FishPreyAK_b","PreyAK","13.FishPreyAK_b"
"356","Ammodytes in tufted puffin chick diets","Eastern_Aleutian_Islands","ammod_EAI","AK_EAI_fish_16","north",1995-01-01,10.1,10.1,10.1,-0.770357552877328,"13.FishPreyAK_b","PreyAK","13.FishPreyAK_b","PreyAK","13.FishPreyAK_b"
"357","Ammodytes in tufted puffin chick diets","Eastern_Aleutian_Islands","ammod_EAI","AK_EAI_fish_16","north",1996-01-01,2.3,2.3,2.3,-0.769830479089982,"13.FishPreyAK_b","PreyAK","13.FishPreyAK_b","PreyAK","13.FishPreyAK_b"
"358","Ammodytes in tufted puffin chick diets","Eastern_Aleutian_Islands","ammod_EAI","AK_EAI_fish_16","north",1997-01-01,6,6,6,-0.448583171255478,"13.FishPreyAK_b","PreyAK","13.FishPreyAK_b","PreyAK","13.FishPreyAK_b"
"359","Ammodytes in tufted puffin chick diets","Eastern_Aleutian_Islands","ammod_EAI","AK_EAI_fish_16","north",1998-01-01,42.5,42.5,42.5,0.347058176239858,"13.FishPreyAK_b","PreyAK","13.FishPreyAK_b","PreyAK","13.FishPreyAK_b"
"360","Ammodytes in tufted puffin chick diets","Eastern_Aleutian_Islands","ammod_EAI","AK_EAI_fish_16","north",1999-01-01,51.4,51.4,51.4,0.759644956550738,"13.FishPreyAK_b","PreyAK","13.FishPreyAK_b","PreyAK","13.FishPreyAK_b"
"361","Ammodytes in tufted puffin chick diets","Eastern_Aleutian_Islands","ammod_EAI","AK_EAI_fish_16","north",2000-01-01,27,27,27,0.798681741943345,"13.FishPreyAK_b","PreyAK","13.FishPreyAK_b","PreyAK","13.FishPreyAK_b"
"362","Ammodytes in tufted puffin chick diets","Eastern_Aleutian_Islands","ammod_EAI","AK_EAI_fish_16","north",2001-01-01,83.1,83.1,83.1,1.60828462975305,"13.FishPreyAK_b","PreyAK","13.FishPreyAK_b","PreyAK","13.FishPreyAK_b"
"363","Ammodytes in tufted puffin chick diets","Eastern_Aleutian_Islands","ammod_EAI","AK_EAI_fish_16","north",2002-01-01,64.2,64.2,64.2,1.45727989303591,"13.FishPreyAK_b","PreyAK","13.FishPreyAK_b","PreyAK","13.FishPreyAK_b"
"364","Ammodytes in tufted puffin chick diets","Eastern_Aleutian_Islands","ammod_EAI","AK_EAI_fish_16","north",2003-01-01,NA,50.35,50.35,1.05064636047307,"13.FishPreyAK_b","PreyAK","13.FishPreyAK_b","PreyAK","13.FishPreyAK_b"
"365","Ammodytes in tufted puffin chick diets","Eastern_Aleutian_Islands","ammod_EAI","AK_EAI_fish_16","north",2004-01-01,36.5,36.5,36.5,0.609018879436411,"13.FishPreyAK_b","PreyAK","13.FishPreyAK_b","PreyAK","13.FishPreyAK_b"
"366","Ammodytes in tufted puffin chick diets","Eastern_Aleutian_Islands","ammod_EAI","AK_EAI_fish_16","north",2005-01-01,32.6,32.6,32.6,0.318038348824007,"13.FishPreyAK_b","PreyAK","13.FishPreyAK_b","PreyAK","13.FishPreyAK_b"
"367","Ammodytes in tufted puffin chick diets","Eastern_Aleutian_Islands","ammod_EAI","AK_EAI_fish_16","north",2006-01-01,21,21,21,0.063355767391357,"13.FishPreyAK_b","PreyAK","13.FishPreyAK_b","PreyAK","13.FishPreyAK_b"
"368","Ammodytes in tufted puffin chick diets","Eastern_Aleutian_Islands","ammod_EAI","AK_EAI_fish_16","north",2007-01-01,28.4,28.4,28.4,0.11565412823598,"13.FishPreyAK_b","PreyAK","13.FishPreyAK_b","PreyAK","13.FishPreyAK_b"
"369","Ammodytes in tufted puffin chick diets","Eastern_Aleutian_Islands","ammod_EAI","AK_EAI_fish_16","north",2008-01-01,43.8,43.8,43.8,0.192084787760841,"13.FishPreyAK_b","PreyAK","13.FishPreyAK_b","PreyAK","13.FishPreyAK_b"
"370","Ammodytes in tufted puffin chick diets","Eastern_Aleutian_Islands","ammod_EAI","AK_EAI_fish_16","north",2009-01-01,13.2,13.2,13.2,-0.328389684833738,"13.FishPreyAK_b","PreyAK","13.FishPreyAK_b","PreyAK","13.FishPreyAK_b"
"371","Ammodytes in tufted puffin chick diets","Eastern_Aleutian_Islands","ammod_EAI","AK_EAI_fish_16","north",2010-01-01,11.1,11.1,11.1,-0.580365608640333,"13.FishPreyAK_b","PreyAK","13.FishPreyAK_b","PreyAK","13.FishPreyAK_b"
"372","Ammodytes in tufted puffin chick diets","Eastern_Aleutian_Islands","ammod_EAI","AK_EAI_fish_16","north",2011-01-01,9.2,9.2,9.2,-0.720709622421286,"13.FishPreyAK_b","PreyAK","13.FishPreyAK_b","PreyAK","13.FishPreyAK_b"
"373","Ammodytes in tufted puffin chick diets","Eastern_Aleutian_Islands","ammod_EAI","AK_EAI_fish_16","north",2012-01-01,1.4,1.4,1.4,-0.803714482060367,"13.FishPreyAK_b","PreyAK","13.FishPreyAK_b","PreyAK","13.FishPreyAK_b"
"374","Ammodytes in tufted puffin chick diets","Eastern_Aleutian_Islands","ammod_EAI","AK_EAI_fish_16","north",2013-01-01,22.5,22.5,22.5,-0.559121988460852,"13.FishPreyAK_b","PreyAK","13.FishPreyAK_b","PreyAK","13.FishPreyAK_b"
"375","Ammodytes in tufted puffin chick diets","Eastern_Aleutian_Islands","ammod_EAI","AK_EAI_fish_16","north",2014-01-01,6.9,6.9,6.9,-0.697961512039312,"13.FishPreyAK_b","PreyAK","13.FishPreyAK_b","PreyAK","13.FishPreyAK_b"
"376","Ammodytes in tufted puffin chick diets","Eastern_Aleutian_Islands","ammod_EAI","AK_EAI_fish_16","north",2015-01-01,5.9,5.9,5.9,-0.652546458902599,"13.FishPreyAK_b","PreyAK","13.FishPreyAK_b","PreyAK","13.FishPreyAK_b"
"377","Ammodytes in tufted puffin chick diets","Eastern_Aleutian_Islands","ammod_EAI","AK_EAI_fish_16","north",2016-01-01,20.7,20.7,20.7,-0.33217164017864,"13.FishPreyAK_b","PreyAK","13.FishPreyAK_b","PreyAK","13.FishPreyAK_b"
"378","Ammodytes in tufted puffin chick diets","Eastern_Aleutian_Islands","ammod_EAI","AK_EAI_fish_16","north",2017-01-01,18.6,18.6,18.6,-0.0867562460267963,"13.FishPreyAK_b","PreyAK","13.FishPreyAK_b","PreyAK","13.FishPreyAK_b"
"379","Ammodytes in tufted puffin chick diets","Eastern_Aleutian_Islands","ammod_EAI","AK_EAI_fish_16","north",2018-01-01,57.2,57.2,57.2,0.424224402749031,"13.FishPreyAK_b","PreyAK","13.FishPreyAK_b","PreyAK","13.FishPreyAK_b"
"380","Ammodytes in tufted puffin chick diets","Eastern_Aleutian_Islands","ammod_EAI","AK_EAI_fish_16","north",2019-01-01,17.7,17.7,17.7,-0.0364482844602098,"13.FishPreyAK_b","PreyAK","13.FishPreyAK_b","PreyAK","13.FishPreyAK_b"
"381","Ammodytes in tufted puffin chick diets","Eastern_Aleutian_Islands","ammod_EAI","AK_EAI_fish_16","north",2020-01-01,NA,21.9,21.9,-0.140486633317056,"13.FishPreyAK_b","PreyAK","13.FishPreyAK_b","PreyAK","13.FishPreyAK_b"
"382","Ammodytes in tufted puffin chick diets","Eastern_Aleutian_Islands","ammod_EAI","AK_EAI_fish_16","north",2021-01-01,26.1,26.1,26.1,-0.182147562766866,"13.FishPreyAK_b","PreyAK","13.FishPreyAK_b","PreyAK","13.FishPreyAK_b"
"383","Ammodytes in tufted puffin chick diets","Eastern_Aleutian_Islands","ammod_EAI","AK_EAI_fish_16","north",2022-01-01,20.7,20.7,20.7,-0.39331057234796,"13.FishPreyAK_b","PreyAK","13.FishPreyAK_b","PreyAK","13.FishPreyAK_b"
"384","Ammodytes in tufted puffin chick diets","Eastern_Aleutian_Islands","ammod_EAI","AK_EAI_fish_16","north",2023-01-01,2.36,2.36,2.36,-0.740571938670489,"13.FishPreyAK_b","PreyAK","13.FishPreyAK_b","PreyAK","13.FishPreyAK_b"
"385","Capelin","Western_Gulf_of_Alaska","capelin_WGoA","AK_WGoA_fish_29","north",1970-01-01,NA,NA,NA,NA,"13.FishPreyAK_b","PreyAK","13.FishPreyAK_b","PreyAK","13.FishPreyAK_b"
"386","Capelin","Western_Gulf_of_Alaska","capelin_WGoA","AK_WGoA_fish_29","north",1971-01-01,NA,NA,NA,NA,"13.FishPreyAK_b","PreyAK","13.FishPreyAK_b","PreyAK","13.FishPreyAK_b"
"387","Capelin","Western_Gulf_of_Alaska","capelin_WGoA","AK_WGoA_fish_29","north",1972-01-01,NA,NA,NA,NA,"13.FishPreyAK_b","PreyAK","13.FishPreyAK_b","PreyAK","13.FishPreyAK_b"
"388","Capelin","Western_Gulf_of_Alaska","capelin_WGoA","AK_WGoA_fish_29","north",1973-01-01,NA,NA,NA,NA,"13.FishPreyAK_b","PreyAK","13.FishPreyAK_b","PreyAK","13.FishPreyAK_b"
"389","Capelin","Western_Gulf_of_Alaska","capelin_WGoA","AK_WGoA_fish_29","north",1974-01-01,NA,NA,NA,NA,"13.FishPreyAK_b","PreyAK","13.FishPreyAK_b","PreyAK","13.FishPreyAK_b"
"390","Capelin","Western_Gulf_of_Alaska","capelin_WGoA","AK_WGoA_fish_29","north",1975-01-01,NA,NA,NA,NA,"13.FishPreyAK_b","PreyAK","13.FishPreyAK_b","PreyAK","13.FishPreyAK_b"
"391","Capelin","Western_Gulf_of_Alaska","capelin_WGoA","AK_WGoA_fish_29","north",1976-01-01,NA,NA,NA,NA,"13.FishPreyAK_b","PreyAK","13.FishPreyAK_b","PreyAK","13.FishPreyAK_b"
"392","Capelin","Western_Gulf_of_Alaska","capelin_WGoA","AK_WGoA_fish_29","north",1977-01-01,NA,NA,NA,NA,"13.FishPreyAK_b","PreyAK","13.FishPreyAK_b","PreyAK","13.FishPreyAK_b"
"393","Capelin","Western_Gulf_of_Alaska","capelin_WGoA","AK_WGoA_fish_29","north",1978-01-01,NA,NA,NA,NA,"13.FishPreyAK_b","PreyAK","13.FishPreyAK_b","PreyAK","13.FishPreyAK_b"
"394","Capelin","Western_Gulf_of_Alaska","capelin_WGoA","AK_WGoA_fish_29","north",1979-01-01,NA,NA,NA,NA,"13.FishPreyAK_b","PreyAK","13.FishPreyAK_b","PreyAK","13.FishPreyAK_b"
"395","Capelin","Western_Gulf_of_Alaska","capelin_WGoA","AK_WGoA_fish_29","north",1980-01-01,NA,NA,NA,NA,"13.FishPreyAK_b","PreyAK","13.FishPreyAK_b","PreyAK","13.FishPreyAK_b"
"396","Capelin","Western_Gulf_of_Alaska","capelin_WGoA","AK_WGoA_fish_29","north",1981-01-01,NA,NA,NA,NA,"13.FishPreyAK_b","PreyAK","13.FishPreyAK_b","PreyAK","13.FishPreyAK_b"
"397","Capelin","Western_Gulf_of_Alaska","capelin_WGoA","AK_WGoA_fish_29","north",1982-01-01,NA,NA,NA,NA,"13.FishPreyAK_b","PreyAK","13.FishPreyAK_b","PreyAK","13.FishPreyAK_b"
"398","Capelin","Western_Gulf_of_Alaska","capelin_WGoA","AK_WGoA_fish_29","north",1983-01-01,NA,NA,NA,NA,"13.FishPreyAK_b","PreyAK","13.FishPreyAK_b","PreyAK","13.FishPreyAK_b"
"399","Capelin","Western_Gulf_of_Alaska","capelin_WGoA","AK_WGoA_fish_29","north",1984-01-01,NA,NA,NA,NA,"13.FishPreyAK_b","PreyAK","13.FishPreyAK_b","PreyAK","13.FishPreyAK_b"
"400","Capelin","Western_Gulf_of_Alaska","capelin_WGoA","AK_WGoA_fish_29","north",1985-01-01,NA,NA,NA,NA,"13.FishPreyAK_b","PreyAK","13.FishPreyAK_b","PreyAK","13.FishPreyAK_b"
"401","Capelin","Western_Gulf_of_Alaska","capelin_WGoA","AK_WGoA_fish_29","north",1986-01-01,0.12,0.12,0.12,-0.101026024517823,"13.FishPreyAK_b","PreyAK","13.FishPreyAK_b","PreyAK","13.FishPreyAK_b"
"402","Capelin","Western_Gulf_of_Alaska","capelin_WGoA","AK_WGoA_fish_29","north",1987-01-01,NA,0.11,0.11,-0.149367175413401,"13.FishPreyAK_b","PreyAK","13.FishPreyAK_b","PreyAK","13.FishPreyAK_b"
"403","Capelin","Western_Gulf_of_Alaska","capelin_WGoA","AK_WGoA_fish_29","north",1988-01-01,NA,0.1,0.1,-0.207073953956967,"13.FishPreyAK_b","PreyAK","13.FishPreyAK_b","PreyAK","13.FishPreyAK_b"
"404","Capelin","Western_Gulf_of_Alaska","capelin_WGoA","AK_WGoA_fish_29","north",1989-01-01,NA,0.09,0.09,-0.268707039996709,"13.FishPreyAK_b","PreyAK","13.FishPreyAK_b","PreyAK","13.FishPreyAK_b"
"405","Capelin","Western_Gulf_of_Alaska","capelin_WGoA","AK_WGoA_fish_29","north",1990-01-01,0.08,0.08,0.08,-0.332753420876989,"13.FishPreyAK_b","PreyAK","13.FishPreyAK_b","PreyAK","13.FishPreyAK_b"
"406","Capelin","Western_Gulf_of_Alaska","capelin_WGoA","AK_WGoA_fish_29","north",1991-01-01,NA,0.0633333333333333,0.0633333333333333,-0.400113378782708,"13.FishPreyAK_b","PreyAK","13.FishPreyAK_b","PreyAK","13.FishPreyAK_b"
"407","Capelin","Western_Gulf_of_Alaska","capelin_WGoA","AK_WGoA_fish_29","north",1992-01-01,NA,0.0466666666666667,0.0466666666666667,-0.432903373793952,"13.FishPreyAK_b","PreyAK","13.FishPreyAK_b","PreyAK","13.FishPreyAK_b"
"408","Capelin","Western_Gulf_of_Alaska","capelin_WGoA","AK_WGoA_fish_29","north",1993-01-01,0.03,0.03,0.03,-0.358669903096334,"13.FishPreyAK_b","PreyAK","13.FishPreyAK_b","PreyAK","13.FishPreyAK_b"
"409","Capelin","Western_Gulf_of_Alaska","capelin_WGoA","AK_WGoA_fish_29","north",1994-01-01,0.09,0.09,0.09,0.0020640018333945,"13.FishPreyAK_b","PreyAK","13.FishPreyAK_b","PreyAK","13.FishPreyAK_b"
"410","Capelin","Western_Gulf_of_Alaska","capelin_WGoA","AK_WGoA_fish_29","north",1995-01-01,0.4,0.4,0.4,0.631155653752689,"13.FishPreyAK_b","PreyAK","13.FishPreyAK_b","PreyAK","13.FishPreyAK_b"
"411","Capelin","Western_Gulf_of_Alaska","capelin_WGoA","AK_WGoA_fish_29","north",1996-01-01,0.16,0.16,0.16,0.200167645024091,"13.FishPreyAK_b","PreyAK","13.FishPreyAK_b","PreyAK","13.FishPreyAK_b"
"412","Capelin","Western_Gulf_of_Alaska","capelin_WGoA","AK_WGoA_fish_29","north",1997-01-01,0.08,0.08,0.08,-0.2063816643919,"13.FishPreyAK_b","PreyAK","13.FishPreyAK_b","PreyAK","13.FishPreyAK_b"
"413","Capelin","Western_Gulf_of_Alaska","capelin_WGoA","AK_WGoA_fish_29","north",1998-01-01,0.02,0.02,0.02,-0.48987279434824,"13.FishPreyAK_b","PreyAK","13.FishPreyAK_b","PreyAK","13.FishPreyAK_b"
"414","Capelin","Western_Gulf_of_Alaska","capelin_WGoA","AK_WGoA_fish_29","north",1999-01-01,0.01,0.01,0.01,-0.554920282628995,"13.FishPreyAK_b","PreyAK","13.FishPreyAK_b","PreyAK","13.FishPreyAK_b"
"415","Capelin","Western_Gulf_of_Alaska","capelin_WGoA","AK_WGoA_fish_29","north",2000-01-01,0.1,0.1,0.1,-0.403425518819541,"13.FishPreyAK_b","PreyAK","13.FishPreyAK_b","PreyAK","13.FishPreyAK_b"
"416","Capelin","Western_Gulf_of_Alaska","capelin_WGoA","AK_WGoA_fish_29","north",2001-01-01,0.05,0.05,0.05,-0.452208627368836,"13.FishPreyAK_b","PreyAK","13.FishPreyAK_b","PreyAK","13.FishPreyAK_b"
"417","Capelin","Western_Gulf_of_Alaska","capelin_WGoA","AK_WGoA_fish_29","north",2002-01-01,0.08,0.08,0.08,-0.434322223349281,"13.FishPreyAK_b","PreyAK","13.FishPreyAK_b","PreyAK","13.FishPreyAK_b"
"418","Capelin","Western_Gulf_of_Alaska","capelin_WGoA","AK_WGoA_fish_29","north",2003-01-01,0.03,0.03,0.03,-0.521318198827455,"13.FishPreyAK_b","PreyAK","13.FishPreyAK_b","PreyAK","13.FishPreyAK_b"
"419","Capelin","Western_Gulf_of_Alaska","capelin_WGoA","AK_WGoA_fish_29","north",2004-01-01,0.06,0.06,0.06,-0.484462035804639,"13.FishPreyAK_b","PreyAK","13.FishPreyAK_b","PreyAK","13.FishPreyAK_b"
"420","Capelin","Western_Gulf_of_Alaska","capelin_WGoA","AK_WGoA_fish_29","north",2005-01-01,0.02,0.02,0.02,-0.476335867344154,"13.FishPreyAK_b","PreyAK","13.FishPreyAK_b","PreyAK","13.FishPreyAK_b"
"421","Capelin","Western_Gulf_of_Alaska","capelin_WGoA","AK_WGoA_fish_29","north",2006-01-01,0.05,0.05,0.05,-0.236229130203998,"13.FishPreyAK_b","PreyAK","13.FishPreyAK_b","PreyAK","13.FishPreyAK_b"
"422","Capelin","Western_Gulf_of_Alaska","capelin_WGoA","AK_WGoA_fish_29","north",2007-01-01,0.09,0.09,0.09,0.286526616669848,"13.FishPreyAK_b","PreyAK","13.FishPreyAK_b","PreyAK","13.FishPreyAK_b"
"423","Capelin","Western_Gulf_of_Alaska","capelin_WGoA","AK_WGoA_fish_29","north",2008-01-01,0.48,0.48,0.48,1.36210272536971,"13.FishPreyAK_b","PreyAK","13.FishPreyAK_b","PreyAK","13.FishPreyAK_b"
"424","Capelin","Western_Gulf_of_Alaska","capelin_WGoA","AK_WGoA_fish_29","north",2009-01-01,0.48,0.48,0.48,1.60337745547568,"13.FishPreyAK_b","PreyAK","13.FishPreyAK_b","PreyAK","13.FishPreyAK_b"
"425","Capelin","Western_Gulf_of_Alaska","capelin_WGoA","AK_WGoA_fish_29","north",2010-01-01,0.22,0.22,0.22,1.25162553709371,"13.FishPreyAK_b","PreyAK","13.FishPreyAK_b","PreyAK","13.FishPreyAK_b"
"426","Capelin","Western_Gulf_of_Alaska","capelin_WGoA","AK_WGoA_fish_29","north",2011-01-01,0.38,0.38,0.38,1.59689361792168,"13.FishPreyAK_b","PreyAK","13.FishPreyAK_b","PreyAK","13.FishPreyAK_b"
"427","Capelin","Western_Gulf_of_Alaska","capelin_WGoA","AK_WGoA_fish_29","north",2012-01-01,0.55,0.55,0.55,1.97411219966151,"13.FishPreyAK_b","PreyAK","13.FishPreyAK_b","PreyAK","13.FishPreyAK_b"
"428","Capelin","Western_Gulf_of_Alaska","capelin_WGoA","AK_WGoA_fish_29","north",2013-01-01,0.56,0.56,0.56,1.68701618623159,"13.FishPreyAK_b","PreyAK","13.FishPreyAK_b","PreyAK","13.FishPreyAK_b"
"429","Capelin","Western_Gulf_of_Alaska","capelin_WGoA","AK_WGoA_fish_29","north",2014-01-01,0.08,0.08,0.08,0.385363465506615,"13.FishPreyAK_b","PreyAK","13.FishPreyAK_b","PreyAK","13.FishPreyAK_b"
"430","Capelin","Western_Gulf_of_Alaska","capelin_WGoA","AK_WGoA_fish_29","north",2015-01-01,0.06,0.06,0.06,-0.201485945860196,"13.FishPreyAK_b","PreyAK","13.FishPreyAK_b","PreyAK","13.FishPreyAK_b"
"431","Capelin","Western_Gulf_of_Alaska","capelin_WGoA","AK_WGoA_fish_29","north",2016-01-01,0.01,0.01,0.01,-0.534089261844895,"13.FishPreyAK_b","PreyAK","13.FishPreyAK_b","PreyAK","13.FishPreyAK_b"
"432","Capelin","Western_Gulf_of_Alaska","capelin_WGoA","AK_WGoA_fish_29","north",2017-01-01,0.01,0.01,0.01,-0.629319304955284,"13.FishPreyAK_b","PreyAK","13.FishPreyAK_b","PreyAK","13.FishPreyAK_b"
"433","Capelin","Western_Gulf_of_Alaska","capelin_WGoA","AK_WGoA_fish_29","north",2018-01-01,0.04,0.04,0.04,-0.582406118301753,"13.FishPreyAK_b","PreyAK","13.FishPreyAK_b","PreyAK","13.FishPreyAK_b"
"434","Capelin","Western_Gulf_of_Alaska","capelin_WGoA","AK_WGoA_fish_29","north",2019-01-01,0.06,0.06,0.06,-0.535874811316907,"13.FishPreyAK_b","PreyAK","13.FishPreyAK_b","PreyAK","13.FishPreyAK_b"
"435","Capelin","Western_Gulf_of_Alaska","capelin_WGoA","AK_WGoA_fish_29","north",2020-01-01,0.03,0.03,0.03,-0.569486274406661,"13.FishPreyAK_b","PreyAK","13.FishPreyAK_b","PreyAK","13.FishPreyAK_b"
"436","Capelin","Western_Gulf_of_Alaska","capelin_WGoA","AK_WGoA_fish_29","north",2021-01-01,0.05,0.05,0.05,-0.527413674574631,"13.FishPreyAK_b","PreyAK","13.FishPreyAK_b","PreyAK","13.FishPreyAK_b"
"437","Capelin","Western_Gulf_of_Alaska","capelin_WGoA","AK_WGoA_fish_29","north",2022-01-01,0.04,0.04,0.04,-0.493876609379544,"13.FishPreyAK_b","PreyAK","13.FishPreyAK_b","PreyAK","13.FishPreyAK_b"
"438","Capelin","Western_Gulf_of_Alaska","capelin_WGoA","AK_WGoA_fish_29","north",2023-01-01,0.0925,0.0925,0.0925,-0.372191914930935,"13.FishPreyAK_b","PreyAK","13.FishPreyAK_b","PreyAK","13.FishPreyAK_b"
"439","Copepod Community Size","Western_Gulf_of_Alaska","copepodCom_WGoA","AK_WGoA_plank_91","north",1970-01-01,NA,NA,NA,NA,"12.ZooPreyAK_2","PreyAK","12.ZooPreyAK_2","PreyAK",NA
"440","Copepod Community Size","Western_Gulf_of_Alaska","copepodCom_WGoA","AK_WGoA_plank_91","north",1971-01-01,NA,NA,NA,NA,"12.ZooPreyAK_2","PreyAK","12.ZooPreyAK_2","PreyAK",NA
"441","Copepod Community Size","Western_Gulf_of_Alaska","copepodCom_WGoA","AK_WGoA_plank_91","north",1972-01-01,NA,NA,NA,NA,"12.ZooPreyAK_2","PreyAK","12.ZooPreyAK_2","PreyAK",NA
"442","Copepod Community Size","Western_Gulf_of_Alaska","copepodCom_WGoA","AK_WGoA_plank_91","north",1973-01-01,NA,NA,NA,NA,"12.ZooPreyAK_2","PreyAK","12.ZooPreyAK_2","PreyAK",NA
"443","Copepod Community Size","Western_Gulf_of_Alaska","copepodCom_WGoA","AK_WGoA_plank_91","north",1974-01-01,NA,NA,NA,NA,"12.ZooPreyAK_2","PreyAK","12.ZooPreyAK_2","PreyAK",NA
"444","Copepod Community Size","Western_Gulf_of_Alaska","copepodCom_WGoA","AK_WGoA_plank_91","north",1975-01-01,NA,NA,NA,NA,"12.ZooPreyAK_2","PreyAK","12.ZooPreyAK_2","PreyAK",NA
"445","Copepod Community Size","Western_Gulf_of_Alaska","copepodCom_WGoA","AK_WGoA_plank_91","north",1976-01-01,NA,NA,NA,NA,"12.ZooPreyAK_2","PreyAK","12.ZooPreyAK_2","PreyAK",NA
"446","Copepod Community Size","Western_Gulf_of_Alaska","copepodCom_WGoA","AK_WGoA_plank_91","north",1977-01-01,NA,NA,NA,NA,"12.ZooPreyAK_2","PreyAK","12.ZooPreyAK_2","PreyAK",NA
"447","Copepod Community Size","Western_Gulf_of_Alaska","copepodCom_WGoA","AK_WGoA_plank_91","north",1978-01-01,NA,NA,NA,NA,"12.ZooPreyAK_2","PreyAK","12.ZooPreyAK_2","PreyAK",NA
"448","Copepod Community Size","Western_Gulf_of_Alaska","copepodCom_WGoA","AK_WGoA_plank_91","north",1979-01-01,NA,NA,NA,NA,"12.ZooPreyAK_2","PreyAK","12.ZooPreyAK_2","PreyAK",NA
"449","Copepod Community Size","Western_Gulf_of_Alaska","copepodCom_WGoA","AK_WGoA_plank_91","north",1980-01-01,NA,NA,NA,NA,"12.ZooPreyAK_2","PreyAK","12.ZooPreyAK_2","PreyAK",NA
"450","Copepod Community Size","Western_Gulf_of_Alaska","copepodCom_WGoA","AK_WGoA_plank_91","north",1981-01-01,NA,NA,NA,NA,"12.ZooPreyAK_2","PreyAK","12.ZooPreyAK_2","PreyAK",NA
"451","Copepod Community Size","Western_Gulf_of_Alaska","copepodCom_WGoA","AK_WGoA_plank_91","north",1982-01-01,NA,NA,NA,NA,"12.ZooPreyAK_2","PreyAK","12.ZooPreyAK_2","PreyAK",NA
"452","Copepod Community Size","Western_Gulf_of_Alaska","copepodCom_WGoA","AK_WGoA_plank_91","north",1983-01-01,NA,NA,NA,NA,"12.ZooPreyAK_2","PreyAK","12.ZooPreyAK_2","PreyAK",NA
"453","Copepod Community Size","Western_Gulf_of_Alaska","copepodCom_WGoA","AK_WGoA_plank_91","north",1984-01-01,NA,NA,NA,NA,"12.ZooPreyAK_2","PreyAK","12.ZooPreyAK_2","PreyAK",NA
"454","Copepod Community Size","Western_Gulf_of_Alaska","copepodCom_WGoA","AK_WGoA_plank_91","north",1985-01-01,NA,NA,NA,NA,"12.ZooPreyAK_2","PreyAK","12.ZooPreyAK_2","PreyAK",NA
"455","Copepod Community Size","Western_Gulf_of_Alaska","copepodCom_WGoA","AK_WGoA_plank_91","north",1986-01-01,NA,NA,NA,NA,"12.ZooPreyAK_2","PreyAK","12.ZooPreyAK_2","PreyAK",NA
"456","Copepod Community Size","Western_Gulf_of_Alaska","copepodCom_WGoA","AK_WGoA_plank_91","north",1987-01-01,NA,NA,NA,NA,"12.ZooPreyAK_2","PreyAK","12.ZooPreyAK_2","PreyAK",NA
"457","Copepod Community Size","Western_Gulf_of_Alaska","copepodCom_WGoA","AK_WGoA_plank_91","north",1988-01-01,NA,NA,NA,NA,"12.ZooPreyAK_2","PreyAK","12.ZooPreyAK_2","PreyAK",NA
"458","Copepod Community Size","Western_Gulf_of_Alaska","copepodCom_WGoA","AK_WGoA_plank_91","north",1989-01-01,NA,NA,NA,NA,"12.ZooPreyAK_2","PreyAK","12.ZooPreyAK_2","PreyAK",NA
"459","Copepod Community Size","Western_Gulf_of_Alaska","copepodCom_WGoA","AK_WGoA_plank_91","north",1990-01-01,NA,NA,NA,NA,"12.ZooPreyAK_2","PreyAK","12.ZooPreyAK_2","PreyAK",NA
"460","Copepod Community Size","Western_Gulf_of_Alaska","copepodCom_WGoA","AK_WGoA_plank_91","north",1991-01-01,NA,NA,NA,NA,"12.ZooPreyAK_2","PreyAK","12.ZooPreyAK_2","PreyAK",NA
"461","Copepod Community Size","Western_Gulf_of_Alaska","copepodCom_WGoA","AK_WGoA_plank_91","north",1992-01-01,NA,NA,NA,NA,"12.ZooPreyAK_2","PreyAK","12.ZooPreyAK_2","PreyAK",NA
"462","Copepod Community Size","Western_Gulf_of_Alaska","copepodCom_WGoA","AK_WGoA_plank_91","north",1993-01-01,NA,NA,NA,NA,"12.ZooPreyAK_2","PreyAK","12.ZooPreyAK_2","PreyAK",NA
"463","Copepod Community Size","Western_Gulf_of_Alaska","copepodCom_WGoA","AK_WGoA_plank_91","north",1994-01-01,NA,NA,NA,NA,"12.ZooPreyAK_2","PreyAK","12.ZooPreyAK_2","PreyAK",NA
"464","Copepod Community Size","Western_Gulf_of_Alaska","copepodCom_WGoA","AK_WGoA_plank_91","north",1995-01-01,NA,NA,NA,NA,"12.ZooPreyAK_2","PreyAK","12.ZooPreyAK_2","PreyAK",NA
"465","Copepod Community Size","Western_Gulf_of_Alaska","copepodCom_WGoA","AK_WGoA_plank_91","north",1996-01-01,NA,NA,NA,NA,"12.ZooPreyAK_2","PreyAK","12.ZooPreyAK_2","PreyAK",NA
"466","Copepod Community Size","Western_Gulf_of_Alaska","copepodCom_WGoA","AK_WGoA_plank_91","north",1997-01-01,NA,NA,NA,NA,"12.ZooPreyAK_2","PreyAK","12.ZooPreyAK_2","PreyAK",NA
"467","Copepod Community Size","Western_Gulf_of_Alaska","copepodCom_WGoA","AK_WGoA_plank_91","north",1998-01-01,0.8595,0.8595,0.8595,0.328189346992454,"12.ZooPreyAK_2","PreyAK","12.ZooPreyAK_2","PreyAK",NA
"468","Copepod Community Size","Western_Gulf_of_Alaska","copepodCom_WGoA","AK_WGoA_plank_91","north",1999-01-01,0.7666,0.7666,0.7666,-0.427273934542507,"12.ZooPreyAK_2","PreyAK","12.ZooPreyAK_2","PreyAK",NA
"469","Copepod Community Size","Western_Gulf_of_Alaska","copepodCom_WGoA","AK_WGoA_plank_91","north",2000-01-01,0.5025,0.5025,0.5025,-1.32183141902628,"12.ZooPreyAK_2","PreyAK","12.ZooPreyAK_2","PreyAK",NA
"470","Copepod Community Size","Western_Gulf_of_Alaska","copepodCom_WGoA","AK_WGoA_plank_91","north",2001-01-01,0.8055,0.8055,0.8055,-0.423969547010519,"12.ZooPreyAK_2","PreyAK","12.ZooPreyAK_2","PreyAK",NA
"471","Copepod Community Size","Western_Gulf_of_Alaska","copepodCom_WGoA","AK_WGoA_plank_91","north",2002-01-01,0.8065,0.8065,0.8065,-0.0781571027135868,"12.ZooPreyAK_2","PreyAK","12.ZooPreyAK_2","PreyAK",NA
"472","Copepod Community Size","Western_Gulf_of_Alaska","copepodCom_WGoA","AK_WGoA_plank_91","north",2003-01-01,0.8417,0.8417,0.8417,0.0507175969197534,"12.ZooPreyAK_2","PreyAK","12.ZooPreyAK_2","PreyAK",NA
"473","Copepod Community Size","Western_Gulf_of_Alaska","copepodCom_WGoA","AK_WGoA_plank_91","north",2004-01-01,0.7261,0.7261,0.7261,-0.285137544184884,"12.ZooPreyAK_2","PreyAK","12.ZooPreyAK_2","PreyAK",NA
"474","Copepod Community Size","Western_Gulf_of_Alaska","copepodCom_WGoA","AK_WGoA_plank_91","north",2005-01-01,0.786,0.786,0.786,-0.184569667591991,"12.ZooPreyAK_2","PreyAK","12.ZooPreyAK_2","PreyAK",NA
"475","Copepod Community Size","Western_Gulf_of_Alaska","copepodCom_WGoA","AK_WGoA_plank_91","north",2006-01-01,0.7952,0.7952,0.7952,-0.187986495086312,"12.ZooPreyAK_2","PreyAK","12.ZooPreyAK_2","PreyAK",NA
"476","Copepod Community Size","Western_Gulf_of_Alaska","copepodCom_WGoA","AK_WGoA_plank_91","north",2007-01-01,0.7825,0.7825,0.7825,-0.397251857585776,"12.ZooPreyAK_2","PreyAK","12.ZooPreyAK_2","PreyAK",NA
"477","Copepod Community Size","Western_Gulf_of_Alaska","copepodCom_WGoA","AK_WGoA_plank_91","north",2008-01-01,0.649,0.649,0.649,-0.8857314498203,"12.ZooPreyAK_2","PreyAK","12.ZooPreyAK_2","PreyAK",NA
"478","Copepod Community Size","Western_Gulf_of_Alaska","copepodCom_WGoA","AK_WGoA_plank_91","north",2009-01-01,0.7426,0.7426,0.7426,-0.713353238257892,"12.ZooPreyAK_2","PreyAK","12.ZooPreyAK_2","PreyAK",NA
"479","Copepod Community Size","Western_Gulf_of_Alaska","copepodCom_WGoA","AK_WGoA_plank_91","north",2010-01-01,0.6872,0.6872,0.6872,-0.709330263558958,"12.ZooPreyAK_2","PreyAK","12.ZooPreyAK_2","PreyAK",NA
"480","Copepod Community Size","Western_Gulf_of_Alaska","copepodCom_WGoA","AK_WGoA_plank_91","north",2011-01-01,0.8241,0.8241,0.8241,-0.276817378234564,"12.ZooPreyAK_2","PreyAK","12.ZooPreyAK_2","PreyAK",NA
"481","Copepod Community Size","Western_Gulf_of_Alaska","copepodCom_WGoA","AK_WGoA_plank_91","north",2012-01-01,0.7414,0.7414,0.7414,-0.448235910948603,"12.ZooPreyAK_2","PreyAK","12.ZooPreyAK_2","PreyAK",NA
"482","Copepod Community Size","Western_Gulf_of_Alaska","copepodCom_WGoA","AK_WGoA_plank_91","north",2013-01-01,0.7043,0.7043,0.7043,-0.510051439726791,"12.ZooPreyAK_2","PreyAK","12.ZooPreyAK_2","PreyAK",NA
"483","Copepod Community Size","Western_Gulf_of_Alaska","copepodCom_WGoA","AK_WGoA_plank_91","north",2014-01-01,0.771,0.771,0.771,-0.127081251280369,"12.ZooPreyAK_2","PreyAK","12.ZooPreyAK_2","PreyAK",NA
"484","Copepod Community Size","Western_Gulf_of_Alaska","copepodCom_WGoA","AK_WGoA_plank_91","north",2015-01-01,0.8863,0.8863,0.8863,0.369904068015915,"12.ZooPreyAK_2","PreyAK","12.ZooPreyAK_2","PreyAK",NA
"485","Copepod Community Size","Western_Gulf_of_Alaska","copepodCom_WGoA","AK_WGoA_plank_91","north",2016-01-01,0.7723,0.7723,0.7723,0.244092066290707,"12.ZooPreyAK_2","PreyAK","12.ZooPreyAK_2","PreyAK",NA
"486","Copepod Community Size","Western_Gulf_of_Alaska","copepodCom_WGoA","AK_WGoA_plank_91","north",2017-01-01,0.839,0.839,0.839,0.589557523372231,"12.ZooPreyAK_2","PreyAK","12.ZooPreyAK_2","PreyAK",NA
"487","Copepod Community Size","Western_Gulf_of_Alaska","copepodCom_WGoA","AK_WGoA_plank_91","north",2018-01-01,0.9339,0.9339,0.9339,1.03802512152084,"12.ZooPreyAK_2","PreyAK","12.ZooPreyAK_2","PreyAK",NA
"488","Copepod Community Size","Western_Gulf_of_Alaska","copepodCom_WGoA","AK_WGoA_plank_91","north",2019-01-01,0.878,0.878,0.878,1.02246021704811,"12.ZooPreyAK_2","PreyAK","12.ZooPreyAK_2","PreyAK",NA
"489","Copepod Community Size","Western_Gulf_of_Alaska","copepodCom_WGoA","AK_WGoA_plank_91","north",2020-01-01,0.9115,0.9115,0.9115,1.12547045889216,"12.ZooPreyAK_2","PreyAK","12.ZooPreyAK_2","PreyAK",NA
"490","Copepod Community Size","Western_Gulf_of_Alaska","copepodCom_WGoA","AK_WGoA_plank_91","north",2021-01-01,0.9208,0.9208,0.9208,1.0915905873002,"12.ZooPreyAK_2","PreyAK","12.ZooPreyAK_2","PreyAK",NA
"491","Copepod Community Size","Western_Gulf_of_Alaska","copepodCom_WGoA","AK_WGoA_plank_91","north",2022-01-01,0.8462,0.8462,0.8462,0.787423651132502,"12.ZooPreyAK_2","PreyAK","12.ZooPreyAK_2","PreyAK",NA
"492","Copepod Community Size","Western_Gulf_of_Alaska","copepodCom_WGoA","AK_WGoA_plank_91","north",2023-01-01,0.8521,0.8521,0.8521,0.707079502851939,"12.ZooPreyAK_2","PreyAK","12.ZooPreyAK_2","PreyAK",NA
"493","Copepod biomass","Western_Gulf_of_Alaska","copepodBiomass_WGoA","AK_WGoA_plank_90","north",1970-01-01,NA,NA,NA,NA,"12.ZooPreyAK_0","PreyAK","12.ZooPreyAK_0","PreyAK",NA
"494","Copepod biomass","Western_Gulf_of_Alaska","copepodBiomass_WGoA","AK_WGoA_plank_90","north",1971-01-01,NA,NA,NA,NA,"12.ZooPreyAK_0","PreyAK","12.ZooPreyAK_0","PreyAK",NA
"495","Copepod biomass","Western_Gulf_of_Alaska","copepodBiomass_WGoA","AK_WGoA_plank_90","north",1972-01-01,NA,NA,NA,NA,"12.ZooPreyAK_0","PreyAK","12.ZooPreyAK_0","PreyAK",NA
"496","Copepod biomass","Western_Gulf_of_Alaska","copepodBiomass_WGoA","AK_WGoA_plank_90","north",1973-01-01,NA,NA,NA,NA,"12.ZooPreyAK_0","PreyAK","12.ZooPreyAK_0","PreyAK",NA
"497","Copepod biomass","Western_Gulf_of_Alaska","copepodBiomass_WGoA","AK_WGoA_plank_90","north",1974-01-01,NA,NA,NA,NA,"12.ZooPreyAK_0","PreyAK","12.ZooPreyAK_0","PreyAK",NA
"498","Copepod biomass","Western_Gulf_of_Alaska","copepodBiomass_WGoA","AK_WGoA_plank_90","north",1975-01-01,NA,NA,NA,NA,"12.ZooPreyAK_0","PreyAK","12.ZooPreyAK_0","PreyAK",NA
"499","Copepod biomass","Western_Gulf_of_Alaska","copepodBiomass_WGoA","AK_WGoA_plank_90","north",1976-01-01,NA,NA,NA,NA,"12.ZooPreyAK_0","PreyAK","12.ZooPreyAK_0","PreyAK",NA
"500","Copepod biomass","Western_Gulf_of_Alaska","copepodBiomass_WGoA","AK_WGoA_plank_90","north",1977-01-01,NA,NA,NA,NA,"12.ZooPreyAK_0","PreyAK","12.ZooPreyAK_0","PreyAK",NA
"501","Copepod biomass","Western_Gulf_of_Alaska","copepodBiomass_WGoA","AK_WGoA_plank_90","north",1978-01-01,NA,NA,NA,NA,"12.ZooPreyAK_0","PreyAK","12.ZooPreyAK_0","PreyAK",NA
"502","Copepod biomass","Western_Gulf_of_Alaska","copepodBiomass_WGoA","AK_WGoA_plank_90","north",1979-01-01,NA,NA,NA,NA,"12.ZooPreyAK_0","PreyAK","12.ZooPreyAK_0","PreyAK",NA
"503","Copepod biomass","Western_Gulf_of_Alaska","copepodBiomass_WGoA","AK_WGoA_plank_90","north",1980-01-01,NA,NA,NA,NA,"12.ZooPreyAK_0","PreyAK","12.ZooPreyAK_0","PreyAK",NA
"504","Copepod biomass","Western_Gulf_of_Alaska","copepodBiomass_WGoA","AK_WGoA_plank_90","north",1981-01-01,NA,NA,NA,NA,"12.ZooPreyAK_0","PreyAK","12.ZooPreyAK_0","PreyAK",NA
"505","Copepod biomass","Western_Gulf_of_Alaska","copepodBiomass_WGoA","AK_WGoA_plank_90","north",1982-01-01,NA,NA,NA,NA,"12.ZooPreyAK_0","PreyAK","12.ZooPreyAK_0","PreyAK",NA
"506","Copepod biomass","Western_Gulf_of_Alaska","copepodBiomass_WGoA","AK_WGoA_plank_90","north",1983-01-01,NA,NA,NA,NA,"12.ZooPreyAK_0","PreyAK","12.ZooPreyAK_0","PreyAK",NA
"507","Copepod biomass","Western_Gulf_of_Alaska","copepodBiomass_WGoA","AK_WGoA_plank_90","north",1984-01-01,NA,NA,NA,NA,"12.ZooPreyAK_0","PreyAK","12.ZooPreyAK_0","PreyAK",NA
"508","Copepod biomass","Western_Gulf_of_Alaska","copepodBiomass_WGoA","AK_WGoA_plank_90","north",1985-01-01,NA,NA,NA,NA,"12.ZooPreyAK_0","PreyAK","12.ZooPreyAK_0","PreyAK",NA
"509","Copepod biomass","Western_Gulf_of_Alaska","copepodBiomass_WGoA","AK_WGoA_plank_90","north",1986-01-01,NA,NA,NA,NA,"12.ZooPreyAK_0","PreyAK","12.ZooPreyAK_0","PreyAK",NA
"510","Copepod biomass","Western_Gulf_of_Alaska","copepodBiomass_WGoA","AK_WGoA_plank_90","north",1987-01-01,NA,NA,NA,NA,"12.ZooPreyAK_0","PreyAK","12.ZooPreyAK_0","PreyAK",NA
"511","Copepod biomass","Western_Gulf_of_Alaska","copepodBiomass_WGoA","AK_WGoA_plank_90","north",1988-01-01,NA,NA,NA,NA,"12.ZooPreyAK_0","PreyAK","12.ZooPreyAK_0","PreyAK",NA
"512","Copepod biomass","Western_Gulf_of_Alaska","copepodBiomass_WGoA","AK_WGoA_plank_90","north",1989-01-01,NA,NA,NA,NA,"12.ZooPreyAK_0","PreyAK","12.ZooPreyAK_0","PreyAK",NA
"513","Copepod biomass","Western_Gulf_of_Alaska","copepodBiomass_WGoA","AK_WGoA_plank_90","north",1990-01-01,NA,NA,NA,NA,"12.ZooPreyAK_0","PreyAK","12.ZooPreyAK_0","PreyAK",NA
"514","Copepod biomass","Western_Gulf_of_Alaska","copepodBiomass_WGoA","AK_WGoA_plank_90","north",1991-01-01,NA,NA,NA,NA,"12.ZooPreyAK_0","PreyAK","12.ZooPreyAK_0","PreyAK",NA
"515","Copepod biomass","Western_Gulf_of_Alaska","copepodBiomass_WGoA","AK_WGoA_plank_90","north",1992-01-01,NA,NA,NA,NA,"12.ZooPreyAK_0","PreyAK","12.ZooPreyAK_0","PreyAK",NA
"516","Copepod biomass","Western_Gulf_of_Alaska","copepodBiomass_WGoA","AK_WGoA_plank_90","north",1993-01-01,NA,NA,NA,NA,"12.ZooPreyAK_0","PreyAK","12.ZooPreyAK_0","PreyAK",NA
"517","Copepod biomass","Western_Gulf_of_Alaska","copepodBiomass_WGoA","AK_WGoA_plank_90","north",1994-01-01,NA,NA,NA,NA,"12.ZooPreyAK_0","PreyAK","12.ZooPreyAK_0","PreyAK",NA
"518","Copepod biomass","Western_Gulf_of_Alaska","copepodBiomass_WGoA","AK_WGoA_plank_90","north",1995-01-01,NA,NA,NA,NA,"12.ZooPreyAK_0","PreyAK","12.ZooPreyAK_0","PreyAK",NA
"519","Copepod biomass","Western_Gulf_of_Alaska","copepodBiomass_WGoA","AK_WGoA_plank_90","north",1996-01-01,NA,NA,NA,NA,"12.ZooPreyAK_0","PreyAK","12.ZooPreyAK_0","PreyAK",NA
"520","Copepod biomass","Western_Gulf_of_Alaska","copepodBiomass_WGoA","AK_WGoA_plank_90","north",1997-01-01,NA,NA,NA,NA,"12.ZooPreyAK_0","PreyAK","12.ZooPreyAK_0","PreyAK",NA
"521","Copepod biomass","Western_Gulf_of_Alaska","copepodBiomass_WGoA","AK_WGoA_plank_90","north",1998-01-01,0.4554,0.4554,0.4554,0.813213817317308,"12.ZooPreyAK_0","PreyAK","12.ZooPreyAK_0","PreyAK",NA
"522","Copepod biomass","Western_Gulf_of_Alaska","copepodBiomass_WGoA","AK_WGoA_plank_90","north",1999-01-01,0.2525,0.2525,0.2525,0.183381340692846,"12.ZooPreyAK_0","PreyAK","12.ZooPreyAK_0","PreyAK",NA
"523","Copepod biomass","Western_Gulf_of_Alaska","copepodBiomass_WGoA","AK_WGoA_plank_90","north",2000-01-01,0.3155,0.3155,0.3155,0.138195799805777,"12.ZooPreyAK_0","PreyAK","12.ZooPreyAK_0","PreyAK",NA
"524","Copepod biomass","Western_Gulf_of_Alaska","copepodBiomass_WGoA","AK_WGoA_plank_90","north",2001-01-01,0.247,0.247,0.247,0.157597696191567,"12.ZooPreyAK_0","PreyAK","12.ZooPreyAK_0","PreyAK",NA
"525","Copepod biomass","Western_Gulf_of_Alaska","copepodBiomass_WGoA","AK_WGoA_plank_90","north",2002-01-01,0.5201,0.5201,0.5201,0.77732013407817,"12.ZooPreyAK_0","PreyAK","12.ZooPreyAK_0","PreyAK",NA
"526","Copepod biomass","Western_Gulf_of_Alaska","copepodBiomass_WGoA","AK_WGoA_plank_90","north",2003-01-01,0.3246,0.3246,0.3246,0.558544633663215,"12.ZooPreyAK_0","PreyAK","12.ZooPreyAK_0","PreyAK",NA
"527","Copepod biomass","Western_Gulf_of_Alaska","copepodBiomass_WGoA","AK_WGoA_plank_90","north",2004-01-01,0.4094,0.4094,0.4094,0.756112499395147,"12.ZooPreyAK_0","PreyAK","12.ZooPreyAK_0","PreyAK",NA
"528","Copepod biomass","Western_Gulf_of_Alaska","copepodBiomass_WGoA","AK_WGoA_plank_90","north",2005-01-01,0.432,0.432,0.432,0.928396174742899,"12.ZooPreyAK_0","PreyAK","12.ZooPreyAK_0","PreyAK",NA
"529","Copepod biomass","Western_Gulf_of_Alaska","copepodBiomass_WGoA","AK_WGoA_plank_90","north",2006-01-01,0.6185,0.6185,0.6185,1.07732772487564,"12.ZooPreyAK_0","PreyAK","12.ZooPreyAK_0","PreyAK",NA
"530","Copepod biomass","Western_Gulf_of_Alaska","copepodBiomass_WGoA","AK_WGoA_plank_90","north",2007-01-01,0.2406,0.2406,0.2406,-0.0539389681405047,"12.ZooPreyAK_0","PreyAK","12.ZooPreyAK_0","PreyAK",NA
"531","Copepod biomass","Western_Gulf_of_Alaska","copepodBiomass_WGoA","AK_WGoA_plank_90","north",2008-01-01,0.1256,0.1256,0.1256,-0.748180620043532,"12.ZooPreyAK_0","PreyAK","12.ZooPreyAK_0","PreyAK",NA
"532","Copepod biomass","Western_Gulf_of_Alaska","copepodBiomass_WGoA","AK_WGoA_plank_90","north",2009-01-01,0.1717,0.1717,0.1717,-0.83280546811094,"12.ZooPreyAK_0","PreyAK","12.ZooPreyAK_0","PreyAK",NA
"533","Copepod biomass","Western_Gulf_of_Alaska","copepodBiomass_WGoA","AK_WGoA_plank_90","north",2010-01-01,0.2457,0.2457,0.2457,-0.739925494446978,"12.ZooPreyAK_0","PreyAK","12.ZooPreyAK_0","PreyAK",NA
"534","Copepod biomass","Western_Gulf_of_Alaska","copepodBiomass_WGoA","AK_WGoA_plank_90","north",2011-01-01,0.1217,0.1217,0.1217,-0.934449183494546,"12.ZooPreyAK_0","PreyAK","12.ZooPreyAK_0","PreyAK",NA
"535","Copepod biomass","Western_Gulf_of_Alaska","copepodBiomass_WGoA","AK_WGoA_plank_90","north",2012-01-01,0.1983,0.1983,0.1983,-0.676227672878903,"12.ZooPreyAK_0","PreyAK","12.ZooPreyAK_0","PreyAK",NA
"536","Copepod biomass","Western_Gulf_of_Alaska","copepodBiomass_WGoA","AK_WGoA_plank_90","north",2013-01-01,0.2802,0.2802,0.2802,-0.284425882943672,"12.ZooPreyAK_0","PreyAK","12.ZooPreyAK_0","PreyAK",NA
"537","Copepod biomass","Western_Gulf_of_Alaska","copepodBiomass_WGoA","AK_WGoA_plank_90","north",2014-01-01,0.2841,0.2841,0.2841,0.0154218313956754,"12.ZooPreyAK_0","PreyAK","12.ZooPreyAK_0","PreyAK",NA
"538","Copepod biomass","Western_Gulf_of_Alaska","copepodBiomass_WGoA","AK_WGoA_plank_90","north",2015-01-01,0.3862,0.3862,0.3862,0.493766225199882,"12.ZooPreyAK_0","PreyAK","12.ZooPreyAK_0","PreyAK",NA
"539","Copepod biomass","Western_Gulf_of_Alaska","copepodBiomass_WGoA","AK_WGoA_plank_90","north",2016-01-01,0.4952,0.4952,0.4952,0.859354373723011,"12.ZooPreyAK_0","PreyAK","12.ZooPreyAK_0","PreyAK",NA
"540","Copepod biomass","Western_Gulf_of_Alaska","copepodBiomass_WGoA","AK_WGoA_plank_90","north",2017-01-01,0.4126,0.4126,0.4126,0.656167102060517,"12.ZooPreyAK_0","PreyAK","12.ZooPreyAK_0","PreyAK",NA
"541","Copepod biomass","Western_Gulf_of_Alaska","copepodBiomass_WGoA","AK_WGoA_plank_90","north",2018-01-01,0.3896,0.3896,0.3896,0.303629660707024,"12.ZooPreyAK_0","PreyAK","12.ZooPreyAK_0","PreyAK",NA
"542","Copepod biomass","Western_Gulf_of_Alaska","copepodBiomass_WGoA","AK_WGoA_plank_90","north",2019-01-01,0.1582,0.1582,0.1582,-0.377428708765857,"12.ZooPreyAK_0","PreyAK","12.ZooPreyAK_0","PreyAK",NA
"543","Copepod biomass","Western_Gulf_of_Alaska","copepodBiomass_WGoA","AK_WGoA_plank_90","north",2020-01-01,0.3105,0.3105,0.3105,-0.323846791967113,"12.ZooPreyAK_0","PreyAK","12.ZooPreyAK_0","PreyAK",NA
"544","Copepod biomass","Western_Gulf_of_Alaska","copepodBiomass_WGoA","AK_WGoA_plank_90","north",2021-01-01,0.1933,0.1933,0.1933,-0.630031620336854,"12.ZooPreyAK_0","PreyAK","12.ZooPreyAK_0","PreyAK",NA
"545","Copepod biomass","Western_Gulf_of_Alaska","copepodBiomass_WGoA","AK_WGoA_plank_90","north",2022-01-01,0.247,0.247,0.247,-0.718751707513412,"12.ZooPreyAK_0","PreyAK","12.ZooPreyAK_0","PreyAK",NA
"546","Copepod biomass","Western_Gulf_of_Alaska","copepodBiomass_WGoA","AK_WGoA_plank_90","north",2023-01-01,0.1136,0.1136,0.1136,-1.08350065689414,"12.ZooPreyAK_0","PreyAK","12.ZooPreyAK_0","PreyAK",NA
"547","Rhinoceros Auklet Chick Growth","Eastern_Gulf_of_Alaska","rhinoAuk_EGoA","AK_EGoA_bird_1","north",1970-01-01,NA,NA,NA,NA,"13.FishPreyAK","PreyAK","13.FishPreyAK","PreyAK","13.FishPreyAK"
"548","Rhinoceros Auklet Chick Growth","Eastern_Gulf_of_Alaska","rhinoAuk_EGoA","AK_EGoA_bird_1","north",1971-01-01,NA,NA,NA,NA,"13.FishPreyAK","PreyAK","13.FishPreyAK","PreyAK","13.FishPreyAK"
"549","Rhinoceros Auklet Chick Growth","Eastern_Gulf_of_Alaska","rhinoAuk_EGoA","AK_EGoA_bird_1","north",1972-01-01,NA,NA,NA,NA,"13.FishPreyAK","PreyAK","13.FishPreyAK","PreyAK","13.FishPreyAK"
"550","Rhinoceros Auklet Chick Growth","Eastern_Gulf_of_Alaska","rhinoAuk_EGoA","AK_EGoA_bird_1","north",1973-01-01,NA,NA,NA,NA,"13.FishPreyAK","PreyAK","13.FishPreyAK","PreyAK","13.FishPreyAK"
"551","Rhinoceros Auklet Chick Growth","Eastern_Gulf_of_Alaska","rhinoAuk_EGoA","AK_EGoA_bird_1","north",1974-01-01,NA,NA,NA,NA,"13.FishPreyAK","PreyAK","13.FishPreyAK","PreyAK","13.FishPreyAK"
"552","Rhinoceros Auklet Chick Growth","Eastern_Gulf_of_Alaska","rhinoAuk_EGoA","AK_EGoA_bird_1","north",1975-01-01,NA,NA,NA,NA,"13.FishPreyAK","PreyAK","13.FishPreyAK","PreyAK","13.FishPreyAK"
"553","Rhinoceros Auklet Chick Growth","Eastern_Gulf_of_Alaska","rhinoAuk_EGoA","AK_EGoA_bird_1","north",1976-01-01,NA,NA,NA,NA,"13.FishPreyAK","PreyAK","13.FishPreyAK","PreyAK","13.FishPreyAK"
"554","Rhinoceros Auklet Chick Growth","Eastern_Gulf_of_Alaska","rhinoAuk_EGoA","AK_EGoA_bird_1","north",1977-01-01,NA,NA,NA,NA,"13.FishPreyAK","PreyAK","13.FishPreyAK","PreyAK","13.FishPreyAK"
"555","Rhinoceros Auklet Chick Growth","Eastern_Gulf_of_Alaska","rhinoAuk_EGoA","AK_EGoA_bird_1","north",1978-01-01,NA,NA,NA,NA,"13.FishPreyAK","PreyAK","13.FishPreyAK","PreyAK","13.FishPreyAK"
"556","Rhinoceros Auklet Chick Growth","Eastern_Gulf_of_Alaska","rhinoAuk_EGoA","AK_EGoA_bird_1","north",1979-01-01,NA,NA,NA,NA,"13.FishPreyAK","PreyAK","13.FishPreyAK","PreyAK","13.FishPreyAK"
"557","Rhinoceros Auklet Chick Growth","Eastern_Gulf_of_Alaska","rhinoAuk_EGoA","AK_EGoA_bird_1","north",1980-01-01,NA,NA,NA,NA,"13.FishPreyAK","PreyAK","13.FishPreyAK","PreyAK","13.FishPreyAK"
"558","Rhinoceros Auklet Chick Growth","Eastern_Gulf_of_Alaska","rhinoAuk_EGoA","AK_EGoA_bird_1","north",1981-01-01,NA,NA,NA,NA,"13.FishPreyAK","PreyAK","13.FishPreyAK","PreyAK","13.FishPreyAK"
"559","Rhinoceros Auklet Chick Growth","Eastern_Gulf_of_Alaska","rhinoAuk_EGoA","AK_EGoA_bird_1","north",1982-01-01,NA,NA,NA,NA,"13.FishPreyAK","PreyAK","13.FishPreyAK","PreyAK","13.FishPreyAK"
"560","Rhinoceros Auklet Chick Growth","Eastern_Gulf_of_Alaska","rhinoAuk_EGoA","AK_EGoA_bird_1","north",1983-01-01,NA,NA,NA,NA,"13.FishPreyAK","PreyAK","13.FishPreyAK","PreyAK","13.FishPreyAK"
"561","Rhinoceros Auklet Chick Growth","Eastern_Gulf_of_Alaska","rhinoAuk_EGoA","AK_EGoA_bird_1","north",1984-01-01,NA,NA,NA,NA,"13.FishPreyAK","PreyAK","13.FishPreyAK","PreyAK","13.FishPreyAK"
"562","Rhinoceros Auklet Chick Growth","Eastern_Gulf_of_Alaska","rhinoAuk_EGoA","AK_EGoA_bird_1","north",1985-01-01,NA,NA,NA,NA,"13.FishPreyAK","PreyAK","13.FishPreyAK","PreyAK","13.FishPreyAK"
"563","Rhinoceros Auklet Chick Growth","Eastern_Gulf_of_Alaska","rhinoAuk_EGoA","AK_EGoA_bird_1","north",1986-01-01,NA,NA,NA,NA,"13.FishPreyAK","PreyAK","13.FishPreyAK","PreyAK","13.FishPreyAK"
"564","Rhinoceros Auklet Chick Growth","Eastern_Gulf_of_Alaska","rhinoAuk_EGoA","AK_EGoA_bird_1","north",1987-01-01,NA,NA,NA,NA,"13.FishPreyAK","PreyAK","13.FishPreyAK","PreyAK","13.FishPreyAK"
"565","Rhinoceros Auklet Chick Growth","Eastern_Gulf_of_Alaska","rhinoAuk_EGoA","AK_EGoA_bird_1","north",1988-01-01,NA,NA,NA,NA,"13.FishPreyAK","PreyAK","13.FishPreyAK","PreyAK","13.FishPreyAK"
"566","Rhinoceros Auklet Chick Growth","Eastern_Gulf_of_Alaska","rhinoAuk_EGoA","AK_EGoA_bird_1","north",1989-01-01,NA,NA,NA,NA,"13.FishPreyAK","PreyAK","13.FishPreyAK","PreyAK","13.FishPreyAK"
"567","Rhinoceros Auklet Chick Growth","Eastern_Gulf_of_Alaska","rhinoAuk_EGoA","AK_EGoA_bird_1","north",1990-01-01,NA,NA,NA,NA,"13.FishPreyAK","PreyAK","13.FishPreyAK","PreyAK","13.FishPreyAK"
"568","Rhinoceros Auklet Chick Growth","Eastern_Gulf_of_Alaska","rhinoAuk_EGoA","AK_EGoA_bird_1","north",1991-01-01,NA,NA,NA,NA,"13.FishPreyAK","PreyAK","13.FishPreyAK","PreyAK","13.FishPreyAK"
"569","Rhinoceros Auklet Chick Growth","Eastern_Gulf_of_Alaska","rhinoAuk_EGoA","AK_EGoA_bird_1","north",1992-01-01,NA,NA,NA,NA,"13.FishPreyAK","PreyAK","13.FishPreyAK","PreyAK","13.FishPreyAK"
"570","Rhinoceros Auklet Chick Growth","Eastern_Gulf_of_Alaska","rhinoAuk_EGoA","AK_EGoA_bird_1","north",1993-01-01,NA,NA,NA,NA,"13.FishPreyAK","PreyAK","13.FishPreyAK","PreyAK","13.FishPreyAK"
"571","Rhinoceros Auklet Chick Growth","Eastern_Gulf_of_Alaska","rhinoAuk_EGoA","AK_EGoA_bird_1","north",1994-01-01,NA,NA,NA,NA,"13.FishPreyAK","PreyAK","13.FishPreyAK","PreyAK","13.FishPreyAK"
"572","Rhinoceros Auklet Chick Growth","Eastern_Gulf_of_Alaska","rhinoAuk_EGoA","AK_EGoA_bird_1","north",1995-01-01,9.8,9.8,9.8,0.622622561895923,"13.FishPreyAK","PreyAK","13.FishPreyAK","PreyAK","13.FishPreyAK"
"573","Rhinoceros Auklet Chick Growth","Eastern_Gulf_of_Alaska","rhinoAuk_EGoA","AK_EGoA_bird_1","north",1996-01-01,8.3,8.3,8.3,0.349486012440491,"13.FishPreyAK","PreyAK","13.FishPreyAK","PreyAK","13.FishPreyAK"
"574","Rhinoceros Auklet Chick Growth","Eastern_Gulf_of_Alaska","rhinoAuk_EGoA","AK_EGoA_bird_1","north",1997-01-01,8.5,8.5,8.5,0.454826056299007,"13.FishPreyAK","PreyAK","13.FishPreyAK","PreyAK","13.FishPreyAK"
"575","Rhinoceros Auklet Chick Growth","Eastern_Gulf_of_Alaska","rhinoAuk_EGoA","AK_EGoA_bird_1","north",1998-01-01,11,11,11,0.938891881663707,"13.FishPreyAK","PreyAK","13.FishPreyAK","PreyAK","13.FishPreyAK"
"576","Rhinoceros Auklet Chick Growth","Eastern_Gulf_of_Alaska","rhinoAuk_EGoA","AK_EGoA_bird_1","north",1999-01-01,10.9,10.9,10.9,0.972113618070799,"13.FishPreyAK","PreyAK","13.FishPreyAK","PreyAK","13.FishPreyAK"
"577","Rhinoceros Auklet Chick Growth","Eastern_Gulf_of_Alaska","rhinoAuk_EGoA","AK_EGoA_bird_1","north",2000-01-01,9.2,9.2,9.2,0.640258429760517,"13.FishPreyAK","PreyAK","13.FishPreyAK","PreyAK","13.FishPreyAK"
"578","Rhinoceros Auklet Chick Growth","Eastern_Gulf_of_Alaska","rhinoAuk_EGoA","AK_EGoA_bird_1","north",2001-01-01,10.1,10.1,10.1,0.504743401585953,"13.FishPreyAK","PreyAK","13.FishPreyAK","PreyAK","13.FishPreyAK"
"579","Rhinoceros Auklet Chick Growth","Eastern_Gulf_of_Alaska","rhinoAuk_EGoA","AK_EGoA_bird_1","north",2002-01-01,7,7,7,-0.042855345125715,"13.FishPreyAK","PreyAK","13.FishPreyAK","PreyAK","13.FishPreyAK"
"580","Rhinoceros Auklet Chick Growth","Eastern_Gulf_of_Alaska","rhinoAuk_EGoA","AK_EGoA_bird_1","north",2003-01-01,9,9,9,0.078771705741174,"13.FishPreyAK","PreyAK","13.FishPreyAK","PreyAK","13.FishPreyAK"
"581","Rhinoceros Auklet Chick Growth","Eastern_Gulf_of_Alaska","rhinoAuk_EGoA","AK_EGoA_bird_1","north",2004-01-01,8,8,8,-0.0596569516092836,"13.FishPreyAK","PreyAK","13.FishPreyAK","PreyAK","13.FishPreyAK"
"582","Rhinoceros Auklet Chick Growth","Eastern_Gulf_of_Alaska","rhinoAuk_EGoA","AK_EGoA_bird_1","north",2005-01-01,7.3,7.3,7.3,-0.071115696196149,"13.FishPreyAK","PreyAK","13.FishPreyAK","PreyAK","13.FishPreyAK"
"583","Rhinoceros Auklet Chick Growth","Eastern_Gulf_of_Alaska","rhinoAuk_EGoA","AK_EGoA_bird_1","north",2006-01-01,9.3,9.3,9.3,0.40075472222569,"13.FishPreyAK","PreyAK","13.FishPreyAK","PreyAK","13.FishPreyAK"
"584","Rhinoceros Auklet Chick Growth","Eastern_Gulf_of_Alaska","rhinoAuk_EGoA","AK_EGoA_bird_1","north",2007-01-01,10.2,10.2,10.2,0.776916165415278,"13.FishPreyAK","PreyAK","13.FishPreyAK","PreyAK","13.FishPreyAK"
"585","Rhinoceros Auklet Chick Growth","Eastern_Gulf_of_Alaska","rhinoAuk_EGoA","AK_EGoA_bird_1","north",2008-01-01,10.5,10.5,10.5,0.960621226063948,"13.FishPreyAK","PreyAK","13.FishPreyAK","PreyAK","13.FishPreyAK"
"586","Rhinoceros Auklet Chick Growth","Eastern_Gulf_of_Alaska","rhinoAuk_EGoA","AK_EGoA_bird_1","north",2009-01-01,10.9,10.9,10.9,0.977938681320951,"13.FishPreyAK","PreyAK","13.FishPreyAK","PreyAK","13.FishPreyAK"
"587","Rhinoceros Auklet Chick Growth","Eastern_Gulf_of_Alaska","rhinoAuk_EGoA","AK_EGoA_bird_1","north",2010-01-01,9.7,9.7,9.7,0.636004275110732,"13.FishPreyAK","PreyAK","13.FishPreyAK","PreyAK","13.FishPreyAK"
"588","Rhinoceros Auklet Chick Growth","Eastern_Gulf_of_Alaska","rhinoAuk_EGoA","AK_EGoA_bird_1","north",2011-01-01,7.3,7.3,7.3,0.223428735220746,"13.FishPreyAK","PreyAK","13.FishPreyAK","PreyAK","13.FishPreyAK"
"589","Rhinoceros Auklet Chick Growth","Eastern_Gulf_of_Alaska","rhinoAuk_EGoA","AK_EGoA_bird_1","north",2012-01-01,10,10,10,0.588726789756359,"13.FishPreyAK","PreyAK","13.FishPreyAK","PreyAK","13.FishPreyAK"
"590","Rhinoceros Auklet Chick Growth","Eastern_Gulf_of_Alaska","rhinoAuk_EGoA","AK_EGoA_bird_1","north",2013-01-01,10.9,10.9,10.9,0.678469941758413,"13.FishPreyAK","PreyAK","13.FishPreyAK","PreyAK","13.FishPreyAK"
"591","Rhinoceros Auklet Chick Growth","Eastern_Gulf_of_Alaska","rhinoAuk_EGoA","AK_EGoA_bird_1","north",2014-01-01,8.9,8.9,8.9,0.109492492730706,"13.FishPreyAK","PreyAK","13.FishPreyAK","PreyAK","13.FishPreyAK"
"592","Rhinoceros Auklet Chick Growth","Eastern_Gulf_of_Alaska","rhinoAuk_EGoA","AK_EGoA_bird_1","north",2015-01-01,6.5,6.5,6.5,-0.636274449691677,"13.FishPreyAK","PreyAK","13.FishPreyAK","PreyAK","13.FishPreyAK"
"593","Rhinoceros Auklet Chick Growth","Eastern_Gulf_of_Alaska","rhinoAuk_EGoA","AK_EGoA_bird_1","north",2016-01-01,6.1,6.1,6.1,-1.04350755993577,"13.FishPreyAK","PreyAK","13.FishPreyAK","PreyAK","13.FishPreyAK"
"594","Rhinoceros Auklet Chick Growth","Eastern_Gulf_of_Alaska","rhinoAuk_EGoA","AK_EGoA_bird_1","north",2017-01-01,NA,5.7,5.7,-1.30925823691309,"13.FishPreyAK","PreyAK","13.FishPreyAK","PreyAK","13.FishPreyAK"
"595","Rhinoceros Auklet Chick Growth","Eastern_Gulf_of_Alaska","rhinoAuk_EGoA","AK_EGoA_bird_1","north",2018-01-01,NA,5.3,5.3,-1.48909544626842,"13.FishPreyAK","PreyAK","13.FishPreyAK","PreyAK","13.FishPreyAK"
"596","Rhinoceros Auklet Chick Growth","Eastern_Gulf_of_Alaska","rhinoAuk_EGoA","AK_EGoA_bird_1","north",2019-01-01,4.9,4.9,4.9,-1.55267468602453,"13.FishPreyAK","PreyAK","13.FishPreyAK","PreyAK","13.FishPreyAK"
"597","Rhinoceros Auklet Chick Growth","Eastern_Gulf_of_Alaska","rhinoAuk_EGoA","AK_EGoA_bird_1","north",2020-01-01,NA,5.6,5.6,-1.35339348460496,"13.FishPreyAK","PreyAK","13.FishPreyAK","PreyAK","13.FishPreyAK"
"598","Rhinoceros Auklet Chick Growth","Eastern_Gulf_of_Alaska","rhinoAuk_EGoA","AK_EGoA_bird_1","north",2021-01-01,6.3,6.3,6.3,-1.05978863542211,"13.FishPreyAK","PreyAK","13.FishPreyAK","PreyAK","13.FishPreyAK"
"599","Rhinoceros Auklet Chick Growth","Eastern_Gulf_of_Alaska","rhinoAuk_EGoA","AK_EGoA_bird_1","north",2022-01-01,6.9,6.9,6.9,-0.746073284125129,"13.FishPreyAK","PreyAK","13.FishPreyAK","PreyAK","13.FishPreyAK"
"600","Rhinoceros Auklet Chick Growth","Eastern_Gulf_of_Alaska","rhinoAuk_EGoA","AK_EGoA_bird_1","north",2023-01-01,8.2,8.2,8.2,-0.413804646415863,"13.FishPreyAK","PreyAK","13.FishPreyAK","PreyAK","13.FishPreyAK"
"601","Copepod Community Size","Eastern_Gulf_of_Alaska","copepodCom_EGoA","AK_EGoA_crust_12","north",1970-01-01,NA,NA,NA,NA,"12.ZooPreyAK_1","PreyAK","12.ZooPreyAK_1","PreyAK",NA
"602","Copepod Community Size","Eastern_Gulf_of_Alaska","copepodCom_EGoA","AK_EGoA_crust_12","north",1971-01-01,NA,NA,NA,NA,"12.ZooPreyAK_1","PreyAK","12.ZooPreyAK_1","PreyAK",NA
"603","Copepod Community Size","Eastern_Gulf_of_Alaska","copepodCom_EGoA","AK_EGoA_crust_12","north",1972-01-01,NA,NA,NA,NA,"12.ZooPreyAK_1","PreyAK","12.ZooPreyAK_1","PreyAK",NA
"604","Copepod Community Size","Eastern_Gulf_of_Alaska","copepodCom_EGoA","AK_EGoA_crust_12","north",1973-01-01,NA,NA,NA,NA,"12.ZooPreyAK_1","PreyAK","12.ZooPreyAK_1","PreyAK",NA
"605","Copepod Community Size","Eastern_Gulf_of_Alaska","copepodCom_EGoA","AK_EGoA_crust_12","north",1974-01-01,NA,NA,NA,NA,"12.ZooPreyAK_1","PreyAK","12.ZooPreyAK_1","PreyAK",NA
"606","Copepod Community Size","Eastern_Gulf_of_Alaska","copepodCom_EGoA","AK_EGoA_crust_12","north",1975-01-01,NA,NA,NA,NA,"12.ZooPreyAK_1","PreyAK","12.ZooPreyAK_1","PreyAK",NA
"607","Copepod Community Size","Eastern_Gulf_of_Alaska","copepodCom_EGoA","AK_EGoA_crust_12","north",1976-01-01,NA,NA,NA,NA,"12.ZooPreyAK_1","PreyAK","12.ZooPreyAK_1","PreyAK",NA
"608","Copepod Community Size","Eastern_Gulf_of_Alaska","copepodCom_EGoA","AK_EGoA_crust_12","north",1977-01-01,NA,NA,NA,NA,"12.ZooPreyAK_1","PreyAK","12.ZooPreyAK_1","PreyAK",NA
"609","Copepod Community Size","Eastern_Gulf_of_Alaska","copepodCom_EGoA","AK_EGoA_crust_12","north",1978-01-01,NA,NA,NA,NA,"12.ZooPreyAK_1","PreyAK","12.ZooPreyAK_1","PreyAK",NA
"610","Copepod Community Size","Eastern_Gulf_of_Alaska","copepodCom_EGoA","AK_EGoA_crust_12","north",1979-01-01,NA,NA,NA,NA,"12.ZooPreyAK_1","PreyAK","12.ZooPreyAK_1","PreyAK",NA
"611","Copepod Community Size","Eastern_Gulf_of_Alaska","copepodCom_EGoA","AK_EGoA_crust_12","north",1980-01-01,NA,NA,NA,NA,"12.ZooPreyAK_1","PreyAK","12.ZooPreyAK_1","PreyAK",NA
"612","Copepod Community Size","Eastern_Gulf_of_Alaska","copepodCom_EGoA","AK_EGoA_crust_12","north",1981-01-01,NA,NA,NA,NA,"12.ZooPreyAK_1","PreyAK","12.ZooPreyAK_1","PreyAK",NA
"613","Copepod Community Size","Eastern_Gulf_of_Alaska","copepodCom_EGoA","AK_EGoA_crust_12","north",1982-01-01,NA,NA,NA,NA,"12.ZooPreyAK_1","PreyAK","12.ZooPreyAK_1","PreyAK",NA
"614","Copepod Community Size","Eastern_Gulf_of_Alaska","copepodCom_EGoA","AK_EGoA_crust_12","north",1983-01-01,NA,NA,NA,NA,"12.ZooPreyAK_1","PreyAK","12.ZooPreyAK_1","PreyAK",NA
"615","Copepod Community Size","Eastern_Gulf_of_Alaska","copepodCom_EGoA","AK_EGoA_crust_12","north",1984-01-01,NA,NA,NA,NA,"12.ZooPreyAK_1","PreyAK","12.ZooPreyAK_1","PreyAK",NA
"616","Copepod Community Size","Eastern_Gulf_of_Alaska","copepodCom_EGoA","AK_EGoA_crust_12","north",1985-01-01,NA,NA,NA,NA,"12.ZooPreyAK_1","PreyAK","12.ZooPreyAK_1","PreyAK",NA
"617","Copepod Community Size","Eastern_Gulf_of_Alaska","copepodCom_EGoA","AK_EGoA_crust_12","north",1986-01-01,NA,NA,NA,NA,"12.ZooPreyAK_1","PreyAK","12.ZooPreyAK_1","PreyAK",NA
"618","Copepod Community Size","Eastern_Gulf_of_Alaska","copepodCom_EGoA","AK_EGoA_crust_12","north",1987-01-01,NA,NA,NA,NA,"12.ZooPreyAK_1","PreyAK","12.ZooPreyAK_1","PreyAK",NA
"619","Copepod Community Size","Eastern_Gulf_of_Alaska","copepodCom_EGoA","AK_EGoA_crust_12","north",1988-01-01,NA,NA,NA,NA,"12.ZooPreyAK_1","PreyAK","12.ZooPreyAK_1","PreyAK",NA
"620","Copepod Community Size","Eastern_Gulf_of_Alaska","copepodCom_EGoA","AK_EGoA_crust_12","north",1989-01-01,NA,NA,NA,NA,"12.ZooPreyAK_1","PreyAK","12.ZooPreyAK_1","PreyAK",NA
"621","Copepod Community Size","Eastern_Gulf_of_Alaska","copepodCom_EGoA","AK_EGoA_crust_12","north",1990-01-01,NA,NA,NA,NA,"12.ZooPreyAK_1","PreyAK","12.ZooPreyAK_1","PreyAK",NA
"622","Copepod Community Size","Eastern_Gulf_of_Alaska","copepodCom_EGoA","AK_EGoA_crust_12","north",1991-01-01,NA,NA,NA,NA,"12.ZooPreyAK_1","PreyAK","12.ZooPreyAK_1","PreyAK",NA
"623","Copepod Community Size","Eastern_Gulf_of_Alaska","copepodCom_EGoA","AK_EGoA_crust_12","north",1992-01-01,NA,NA,NA,NA,"12.ZooPreyAK_1","PreyAK","12.ZooPreyAK_1","PreyAK",NA
"624","Copepod Community Size","Eastern_Gulf_of_Alaska","copepodCom_EGoA","AK_EGoA_crust_12","north",1993-01-01,NA,NA,NA,NA,"12.ZooPreyAK_1","PreyAK","12.ZooPreyAK_1","PreyAK",NA
"625","Copepod Community Size","Eastern_Gulf_of_Alaska","copepodCom_EGoA","AK_EGoA_crust_12","north",1994-01-01,NA,NA,NA,NA,"12.ZooPreyAK_1","PreyAK","12.ZooPreyAK_1","PreyAK",NA
"626","Copepod Community Size","Eastern_Gulf_of_Alaska","copepodCom_EGoA","AK_EGoA_crust_12","north",1995-01-01,NA,NA,NA,NA,"12.ZooPreyAK_1","PreyAK","12.ZooPreyAK_1","PreyAK",NA
"627","Copepod Community Size","Eastern_Gulf_of_Alaska","copepodCom_EGoA","AK_EGoA_crust_12","north",1996-01-01,NA,NA,NA,NA,"12.ZooPreyAK_1","PreyAK","12.ZooPreyAK_1","PreyAK",NA
"628","Copepod Community Size","Eastern_Gulf_of_Alaska","copepodCom_EGoA","AK_EGoA_crust_12","north",1997-01-01,0.3782,0.3782,0.3782,0.380254124431033,"12.ZooPreyAK_1","PreyAK","12.ZooPreyAK_1","PreyAK",NA
"629","Copepod Community Size","Eastern_Gulf_of_Alaska","copepodCom_EGoA","AK_EGoA_crust_12","north",1998-01-01,0.2478,0.2478,0.2478,-0.0706854775793189,"12.ZooPreyAK_1","PreyAK","12.ZooPreyAK_1","PreyAK",NA
"630","Copepod Community Size","Eastern_Gulf_of_Alaska","copepodCom_EGoA","AK_EGoA_crust_12","north",1999-01-01,0.3423,0.3423,0.3423,0.0860652263758986,"12.ZooPreyAK_1","PreyAK","12.ZooPreyAK_1","PreyAK",NA
"631","Copepod Community Size","Eastern_Gulf_of_Alaska","copepodCom_EGoA","AK_EGoA_crust_12","north",2000-01-01,0.289,0.289,0.289,0.0766785468568592,"12.ZooPreyAK_1","PreyAK","12.ZooPreyAK_1","PreyAK",NA
"632","Copepod Community Size","Eastern_Gulf_of_Alaska","copepodCom_EGoA","AK_EGoA_crust_12","north",2001-01-01,0.411,0.411,0.411,0.41663371300014,"12.ZooPreyAK_1","PreyAK","12.ZooPreyAK_1","PreyAK",NA
"633","Copepod Community Size","Eastern_Gulf_of_Alaska","copepodCom_EGoA","AK_EGoA_crust_12","north",2002-01-01,0.3891,0.3891,0.3891,0.24450426138082,"12.ZooPreyAK_1","PreyAK","12.ZooPreyAK_1","PreyAK",NA
"634","Copepod Community Size","Eastern_Gulf_of_Alaska","copepodCom_EGoA","AK_EGoA_crust_12","north",2003-01-01,0.2141,0.2141,0.2141,-0.396181409722523,"12.ZooPreyAK_1","PreyAK","12.ZooPreyAK_1","PreyAK",NA
"635","Copepod Community Size","Eastern_Gulf_of_Alaska","copepodCom_EGoA","AK_EGoA_crust_12","north",2004-01-01,0.2929,0.2929,0.2929,-0.422815650311303,"12.ZooPreyAK_1","PreyAK","12.ZooPreyAK_1","PreyAK",NA
"636","Copepod Community Size","Eastern_Gulf_of_Alaska","copepodCom_EGoA","AK_EGoA_crust_12","north",2005-01-01,0.2061,0.2061,0.2061,-0.638007064990482,"12.ZooPreyAK_1","PreyAK","12.ZooPreyAK_1","PreyAK",NA
"637","Copepod Community Size","Eastern_Gulf_of_Alaska","copepodCom_EGoA","AK_EGoA_crust_12","north",2006-01-01,0.294,0.294,0.294,-0.402193581172681,"12.ZooPreyAK_1","PreyAK","12.ZooPreyAK_1","PreyAK",NA
"638","Copepod Community Size","Eastern_Gulf_of_Alaska","copepodCom_EGoA","AK_EGoA_crust_12","north",2007-01-01,0.3053,0.3053,0.3053,-0.345147331753582,"12.ZooPreyAK_1","PreyAK","12.ZooPreyAK_1","PreyAK",NA
"639","Copepod Community Size","Eastern_Gulf_of_Alaska","copepodCom_EGoA","AK_EGoA_crust_12","north",2008-01-01,0.2264,0.2264,0.2264,-0.521097578905241,"12.ZooPreyAK_1","PreyAK","12.ZooPreyAK_1","PreyAK",NA
"640","Copepod Community Size","Eastern_Gulf_of_Alaska","copepodCom_EGoA","AK_EGoA_crust_12","north",2009-01-01,0.3442,0.3442,0.3442,-0.329035466722503,"12.ZooPreyAK_1","PreyAK","12.ZooPreyAK_1","PreyAK",NA
"641","Copepod Community Size","Eastern_Gulf_of_Alaska","copepodCom_EGoA","AK_EGoA_crust_12","north",2010-01-01,0.1494,0.1494,0.1494,-0.736921472884388,"12.ZooPreyAK_1","PreyAK","12.ZooPreyAK_1","PreyAK",NA
"642","Copepod Community Size","Eastern_Gulf_of_Alaska","copepodCom_EGoA","AK_EGoA_crust_12","north",2011-01-01,0.3341,0.3341,0.3341,-0.234369952406174,"12.ZooPreyAK_1","PreyAK","12.ZooPreyAK_1","PreyAK",NA
"643","Copepod Community Size","Eastern_Gulf_of_Alaska","copepodCom_EGoA","AK_EGoA_crust_12","north",2012-01-01,0.2746,0.2746,0.2746,-0.137642392852656,"12.ZooPreyAK_1","PreyAK","12.ZooPreyAK_1","PreyAK",NA
"644","Copepod Community Size","Eastern_Gulf_of_Alaska","copepodCom_EGoA","AK_EGoA_crust_12","north",2013-01-01,0.4226,0.4226,0.4226,0.235908494504341,"12.ZooPreyAK_1","PreyAK","12.ZooPreyAK_1","PreyAK",NA
"645","Copepod Community Size","Eastern_Gulf_of_Alaska","copepodCom_EGoA","AK_EGoA_crust_12","north",2014-01-01,0.2816,0.2816,0.2816,-0.197580183110106,"12.ZooPreyAK_1","PreyAK","12.ZooPreyAK_1","PreyAK",NA
"646","Copepod Community Size","Eastern_Gulf_of_Alaska","copepodCom_EGoA","AK_EGoA_crust_12","north",2015-01-01,0.1739,0.1739,0.1739,-0.483115056022603,"12.ZooPreyAK_1","PreyAK","12.ZooPreyAK_1","PreyAK",NA
"647","Copepod Community Size","Eastern_Gulf_of_Alaska","copepodCom_EGoA","AK_EGoA_crust_12","north",2016-01-01,0.3611,0.3611,0.3611,0.154332949612516,"12.ZooPreyAK_1","PreyAK","12.ZooPreyAK_1","PreyAK",NA
"648","Copepod Community Size","Eastern_Gulf_of_Alaska","copepodCom_EGoA","AK_EGoA_crust_12","north",2017-01-01,0.4764,0.4764,0.4764,0.508780355371616,"12.ZooPreyAK_1","PreyAK","12.ZooPreyAK_1","PreyAK",NA
"649","Copepod Community Size","Eastern_Gulf_of_Alaska","copepodCom_EGoA","AK_EGoA_crust_12","north",2018-01-01,0.2228,0.2228,0.2228,-0.200729546832219,"12.ZooPreyAK_1","PreyAK","12.ZooPreyAK_1","PreyAK",NA
"650","Copepod Community Size","Eastern_Gulf_of_Alaska","copepodCom_EGoA","AK_EGoA_crust_12","north",2019-01-01,0.2161,0.2161,0.2161,-0.186408452165966,"12.ZooPreyAK_1","PreyAK","12.ZooPreyAK_1","PreyAK",NA
"651","Copepod Community Size","Eastern_Gulf_of_Alaska","copepodCom_EGoA","AK_EGoA_crust_12","north",2020-01-01,0.4776,0.4776,0.4776,0.632042249758815,"12.ZooPreyAK_1","PreyAK","12.ZooPreyAK_1","PreyAK",NA
"652","Copepod Community Size","Eastern_Gulf_of_Alaska","copepodCom_EGoA","AK_EGoA_crust_12","north",2021-01-01,0.34,0.34,0.34,0.497980669620306,"12.ZooPreyAK_1","PreyAK","12.ZooPreyAK_1","PreyAK",NA
"653","Copepod Community Size","Eastern_Gulf_of_Alaska","copepodCom_EGoA","AK_EGoA_crust_12","north",2022-01-01,0.29,0.29,0.29,0.632346147186428,"12.ZooPreyAK_1","PreyAK","12.ZooPreyAK_1","PreyAK",NA
"654","Copepod Community Size","Eastern_Gulf_of_Alaska","copepodCom_EGoA","AK_EGoA_crust_12","north",2023-01-01,0.59,0.59,0.59,1.66187368033814,"12.ZooPreyAK_1","PreyAK","12.ZooPreyAK_1","PreyAK",NA
"655","Sitka Herring Mature Biomass (tons)","Eastern_Gulf_of_Alaska","sitkaHerring_EGoA","AK_EGoA_fish_22","north",1970-01-01,NA,NA,NA,NA,"13.FishPreyAK","PreyAK","13.FishPreyAK","PreyAK","13.FishPreyAK"
"656","Sitka Herring Mature Biomass (tons)","Eastern_Gulf_of_Alaska","sitkaHerring_EGoA","AK_EGoA_fish_22","north",1971-01-01,NA,NA,NA,NA,"13.FishPreyAK","PreyAK","13.FishPreyAK","PreyAK","13.FishPreyAK"
"657","Sitka Herring Mature Biomass (tons)","Eastern_Gulf_of_Alaska","sitkaHerring_EGoA","AK_EGoA_fish_22","north",1972-01-01,NA,NA,NA,NA,"13.FishPreyAK","PreyAK","13.FishPreyAK","PreyAK","13.FishPreyAK"
"658","Sitka Herring Mature Biomass (tons)","Eastern_Gulf_of_Alaska","sitkaHerring_EGoA","AK_EGoA_fish_22","north",1973-01-01,NA,NA,NA,NA,"13.FishPreyAK","PreyAK","13.FishPreyAK","PreyAK","13.FishPreyAK"
"659","Sitka Herring Mature Biomass (tons)","Eastern_Gulf_of_Alaska","sitkaHerring_EGoA","AK_EGoA_fish_22","north",1974-01-01,NA,NA,NA,NA,"13.FishPreyAK","PreyAK","13.FishPreyAK","PreyAK","13.FishPreyAK"
"660","Sitka Herring Mature Biomass (tons)","Eastern_Gulf_of_Alaska","sitkaHerring_EGoA","AK_EGoA_fish_22","north",1975-01-01,NA,NA,NA,NA,"13.FishPreyAK","PreyAK","13.FishPreyAK","PreyAK","13.FishPreyAK"
"661","Sitka Herring Mature Biomass (tons)","Eastern_Gulf_of_Alaska","sitkaHerring_EGoA","AK_EGoA_fish_22","north",1976-01-01,NA,NA,NA,NA,"13.FishPreyAK","PreyAK","13.FishPreyAK","PreyAK","13.FishPreyAK"
"662","Sitka Herring Mature Biomass (tons)","Eastern_Gulf_of_Alaska","sitkaHerring_EGoA","AK_EGoA_fish_22","north",1977-01-01,NA,NA,NA,NA,"13.FishPreyAK","PreyAK","13.FishPreyAK","PreyAK","13.FishPreyAK"
"663","Sitka Herring Mature Biomass (tons)","Eastern_Gulf_of_Alaska","sitkaHerring_EGoA","AK_EGoA_fish_22","north",1978-01-01,NA,NA,NA,NA,"13.FishPreyAK","PreyAK","13.FishPreyAK","PreyAK","13.FishPreyAK"
"664","Sitka Herring Mature Biomass (tons)","Eastern_Gulf_of_Alaska","sitkaHerring_EGoA","AK_EGoA_fish_22","north",1979-01-01,NA,NA,NA,NA,"13.FishPreyAK","PreyAK","13.FishPreyAK","PreyAK","13.FishPreyAK"
"665","Sitka Herring Mature Biomass (tons)","Eastern_Gulf_of_Alaska","sitkaHerring_EGoA","AK_EGoA_fish_22","north",1980-01-01,49250.1,49250.1,49250.1,-0.574386438441298,"13.FishPreyAK","PreyAK","13.FishPreyAK","PreyAK","13.FishPreyAK"
"666","Sitka Herring Mature Biomass (tons)","Eastern_Gulf_of_Alaska","sitkaHerring_EGoA","AK_EGoA_fish_22","north",1981-01-01,45517.5,45517.5,45517.5,-0.635171382234803,"13.FishPreyAK","PreyAK","13.FishPreyAK","PreyAK","13.FishPreyAK"
"667","Sitka Herring Mature Biomass (tons)","Eastern_Gulf_of_Alaska","sitkaHerring_EGoA","AK_EGoA_fish_22","north",1982-01-01,33162.8,33162.8,33162.8,-0.717665138365888,"13.FishPreyAK","PreyAK","13.FishPreyAK","PreyAK","13.FishPreyAK"
"668","Sitka Herring Mature Biomass (tons)","Eastern_Gulf_of_Alaska","sitkaHerring_EGoA","AK_EGoA_fish_22","north",1983-01-01,41608.9,41608.9,41608.9,-0.674424219799649,"13.FishPreyAK","PreyAK","13.FishPreyAK","PreyAK","13.FishPreyAK"
"669","Sitka Herring Mature Biomass (tons)","Eastern_Gulf_of_Alaska","sitkaHerring_EGoA","AK_EGoA_fish_22","north",1984-01-01,50518.8,50518.8,50518.8,-0.619400755919555,"13.FishPreyAK","PreyAK","13.FishPreyAK","PreyAK","13.FishPreyAK"
"670","Sitka Herring Mature Biomass (tons)","Eastern_Gulf_of_Alaska","sitkaHerring_EGoA","AK_EGoA_fish_22","north",1985-01-01,42195.2,42195.2,42195.2,-0.663396259808499,"13.FishPreyAK","PreyAK","13.FishPreyAK","PreyAK","13.FishPreyAK"
"671","Sitka Herring Mature Biomass (tons)","Eastern_Gulf_of_Alaska","sitkaHerring_EGoA","AK_EGoA_fish_22","north",1986-01-01,32714,32714,32714,-0.695493073788054,"13.FishPreyAK","PreyAK","13.FishPreyAK","PreyAK","13.FishPreyAK"
"672","Sitka Herring Mature Biomass (tons)","Eastern_Gulf_of_Alaska","sitkaHerring_EGoA","AK_EGoA_fish_22","north",1987-01-01,49443.2,49443.2,49443.2,-0.571330389240272,"13.FishPreyAK","PreyAK","13.FishPreyAK","PreyAK","13.FishPreyAK"
"673","Sitka Herring Mature Biomass (tons)","Eastern_Gulf_of_Alaska","sitkaHerring_EGoA","AK_EGoA_fish_22","north",1988-01-01,66116,66116,66116,-0.478097972779475,"13.FishPreyAK","PreyAK","13.FishPreyAK","PreyAK","13.FishPreyAK"
"674","Sitka Herring Mature Biomass (tons)","Eastern_Gulf_of_Alaska","sitkaHerring_EGoA","AK_EGoA_fish_22","north",1989-01-01,44587.8,44587.8,44587.8,-0.632866180805221,"13.FishPreyAK","PreyAK","13.FishPreyAK","PreyAK","13.FishPreyAK"
"675","Sitka Herring Mature Biomass (tons)","Eastern_Gulf_of_Alaska","sitkaHerring_EGoA","AK_EGoA_fish_22","north",1990-01-01,26827,26827,26827,-0.789735057945846,"13.FishPreyAK","PreyAK","13.FishPreyAK","PreyAK","13.FishPreyAK"
"676","Sitka Herring Mature Biomass (tons)","Eastern_Gulf_of_Alaska","sitkaHerring_EGoA","AK_EGoA_fish_22","north",1991-01-01,32453.1,32453.1,32453.1,-0.775021595143003,"13.FishPreyAK","PreyAK","13.FishPreyAK","PreyAK","13.FishPreyAK"
"677","Sitka Herring Mature Biomass (tons)","Eastern_Gulf_of_Alaska","sitkaHerring_EGoA","AK_EGoA_fish_22","north",1992-01-01,53059.4785,53059.4785,53059.4785,-0.678721462456336,"13.FishPreyAK","PreyAK","13.FishPreyAK","PreyAK","13.FishPreyAK"
"678","Sitka Herring Mature Biomass (tons)","Eastern_Gulf_of_Alaska","sitkaHerring_EGoA","AK_EGoA_fish_22","north",1993-01-01,35346.6,35346.6,35346.6,-0.78804637806766,"13.FishPreyAK","PreyAK","13.FishPreyAK","PreyAK","13.FishPreyAK"
"679","Sitka Herring Mature Biomass (tons)","Eastern_Gulf_of_Alaska","sitkaHerring_EGoA","AK_EGoA_fish_22","north",1994-01-01,22697.8,22697.8,22697.8,-0.882661253636436,"13.FishPreyAK","PreyAK","13.FishPreyAK","PreyAK","13.FishPreyAK"
"680","Sitka Herring Mature Biomass (tons)","Eastern_Gulf_of_Alaska","sitkaHerring_EGoA","AK_EGoA_fish_22","north",1995-01-01,31453,31453,31453,-0.821770133116112,"13.FishPreyAK","PreyAK","13.FishPreyAK","PreyAK","13.FishPreyAK"
"681","Sitka Herring Mature Biomass (tons)","Eastern_Gulf_of_Alaska","sitkaHerring_EGoA","AK_EGoA_fish_22","north",1996-01-01,40083.7,40083.7,40083.7,-0.707427702146515,"13.FishPreyAK","PreyAK","13.FishPreyAK","PreyAK","13.FishPreyAK"
"682","Sitka Herring Mature Biomass (tons)","Eastern_Gulf_of_Alaska","sitkaHerring_EGoA","AK_EGoA_fish_22","north",1997-01-01,47042.7225,47042.7225,47042.7225,-0.585920226901053,"13.FishPreyAK","PreyAK","13.FishPreyAK","PreyAK","13.FishPreyAK"
"683","Sitka Herring Mature Biomass (tons)","Eastern_Gulf_of_Alaska","sitkaHerring_EGoA","AK_EGoA_fish_22","north",1998-01-01,56023.9,56023.9,56023.9,-0.465256808722936,"13.FishPreyAK","PreyAK","13.FishPreyAK","PreyAK","13.FishPreyAK"
"684","Sitka Herring Mature Biomass (tons)","Eastern_Gulf_of_Alaska","sitkaHerring_EGoA","AK_EGoA_fish_22","north",1999-01-01,59077.6,59077.6,59077.6,-0.391925574573498,"13.FishPreyAK","PreyAK","13.FishPreyAK","PreyAK","13.FishPreyAK"
"685","Sitka Herring Mature Biomass (tons)","Eastern_Gulf_of_Alaska","sitkaHerring_EGoA","AK_EGoA_fish_22","north",2000-01-01,54593.473,54593.473,54593.473,-0.349428670268495,"13.FishPreyAK","PreyAK","13.FishPreyAK","PreyAK","13.FishPreyAK"
"686","Sitka Herring Mature Biomass (tons)","Eastern_Gulf_of_Alaska","sitkaHerring_EGoA","AK_EGoA_fish_22","north",2001-01-01,66861.966,66861.966,66861.966,-0.211813680613453,"13.FishPreyAK","PreyAK","13.FishPreyAK","PreyAK","13.FishPreyAK"
"687","Sitka Herring Mature Biomass (tons)","Eastern_Gulf_of_Alaska","sitkaHerring_EGoA","AK_EGoA_fish_22","north",2002-01-01,68720.673,68720.673,68720.673,-0.0697984332796232,"13.FishPreyAK","PreyAK","13.FishPreyAK","PreyAK","13.FishPreyAK"
"688","Sitka Herring Mature Biomass (tons)","Eastern_Gulf_of_Alaska","sitkaHerring_EGoA","AK_EGoA_fish_22","north",2003-01-01,90818.9,90818.9,90818.9,0.184039333123552,"13.FishPreyAK","PreyAK","13.FishPreyAK","PreyAK","13.FishPreyAK"
"689","Sitka Herring Mature Biomass (tons)","Eastern_Gulf_of_Alaska","sitkaHerring_EGoA","AK_EGoA_fish_22","north",2004-01-01,114705,114705,114705,0.392260268174383,"13.FishPreyAK","PreyAK","13.FishPreyAK","PreyAK","13.FishPreyAK"
"690","Sitka Herring Mature Biomass (tons)","Eastern_Gulf_of_Alaska","sitkaHerring_EGoA","AK_EGoA_fish_22","north",2005-01-01,97273.8,97273.8,97273.8,0.31853351821276,"13.FishPreyAK","PreyAK","13.FishPreyAK","PreyAK","13.FishPreyAK"
"691","Sitka Herring Mature Biomass (tons)","Eastern_Gulf_of_Alaska","sitkaHerring_EGoA","AK_EGoA_fish_22","north",2006-01-01,83580.3,83580.3,83580.3,0.213549929258747,"13.FishPreyAK","PreyAK","13.FishPreyAK","PreyAK","13.FishPreyAK"
"692","Sitka Herring Mature Biomass (tons)","Eastern_Gulf_of_Alaska","sitkaHerring_EGoA","AK_EGoA_fish_22","north",2007-01-01,82356.5,82356.5,82356.5,0.227179987268561,"13.FishPreyAK","PreyAK","13.FishPreyAK","PreyAK","13.FishPreyAK"
"693","Sitka Herring Mature Biomass (tons)","Eastern_Gulf_of_Alaska","sitkaHerring_EGoA","AK_EGoA_fish_22","north",2008-01-01,100282,100282,100282,0.395830280494478,"13.FishPreyAK","PreyAK","13.FishPreyAK","PreyAK","13.FishPreyAK"
"694","Sitka Herring Mature Biomass (tons)","Eastern_Gulf_of_Alaska","sitkaHerring_EGoA","AK_EGoA_fish_22","north",2009-01-01,117514,117514,117514,0.55453393198654,"13.FishPreyAK","PreyAK","13.FishPreyAK","PreyAK","13.FishPreyAK"
"695","Sitka Herring Mature Biomass (tons)","Eastern_Gulf_of_Alaska","sitkaHerring_EGoA","AK_EGoA_fish_22","north",2010-01-01,114424,114424,114424,0.541284371682559,"13.FishPreyAK","PreyAK","13.FishPreyAK","PreyAK","13.FishPreyAK"
"696","Sitka Herring Mature Biomass (tons)","Eastern_Gulf_of_Alaska","sitkaHerring_EGoA","AK_EGoA_fish_22","north",2011-01-01,107765,107765,107765,0.400341010065617,"13.FishPreyAK","PreyAK","13.FishPreyAK","PreyAK","13.FishPreyAK"
"697","Sitka Herring Mature Biomass (tons)","Eastern_Gulf_of_Alaska","sitkaHerring_EGoA","AK_EGoA_fish_22","north",2012-01-01,76614.5,76614.5,76614.5,0.114693248130756,"13.FishPreyAK","PreyAK","13.FishPreyAK","PreyAK","13.FishPreyAK"
"698","Sitka Herring Mature Biomass (tons)","Eastern_Gulf_of_Alaska","sitkaHerring_EGoA","AK_EGoA_fish_22","north",2013-01-01,74130.8,74130.8,74130.8,-0.0215548331758726,"13.FishPreyAK","PreyAK","13.FishPreyAK","PreyAK","13.FishPreyAK"
"699","Sitka Herring Mature Biomass (tons)","Eastern_Gulf_of_Alaska","sitkaHerring_EGoA","AK_EGoA_fish_22","north",2014-01-01,71726.1,71726.1,71726.1,-0.0984263861175882,"13.FishPreyAK","PreyAK","13.FishPreyAK","PreyAK","13.FishPreyAK"
"700","Sitka Herring Mature Biomass (tons)","Eastern_Gulf_of_Alaska","sitkaHerring_EGoA","AK_EGoA_fish_22","north",2015-01-01,64322.2,64322.2,64322.2,-0.148038328667937,"13.FishPreyAK","PreyAK","13.FishPreyAK","PreyAK","13.FishPreyAK"
"701","Sitka Herring Mature Biomass (tons)","Eastern_Gulf_of_Alaska","sitkaHerring_EGoA","AK_EGoA_fish_22","north",2016-01-01,74183.3,74183.3,74183.3,-0.0822062704289457,"13.FishPreyAK","PreyAK","13.FishPreyAK","PreyAK","13.FishPreyAK"
"702","Sitka Herring Mature Biomass (tons)","Eastern_Gulf_of_Alaska","sitkaHerring_EGoA","AK_EGoA_fish_22","north",2017-01-01,62819.1,62819.1,62819.1,-0.0186262152419725,"13.FishPreyAK","PreyAK","13.FishPreyAK","PreyAK","13.FishPreyAK"
"703","Sitka Herring Mature Biomass (tons)","Eastern_Gulf_of_Alaska","sitkaHerring_EGoA","AK_EGoA_fish_22","north",2018-01-01,55925.5,55925.5,55925.5,0.317784625354491,"13.FishPreyAK","PreyAK","13.FishPreyAK","PreyAK","13.FishPreyAK"
"704","Sitka Herring Mature Biomass (tons)","Eastern_Gulf_of_Alaska","sitkaHerring_EGoA","AK_EGoA_fish_22","north",2019-01-01,151775,151775,151775,1.39173606963253,"13.FishPreyAK","PreyAK","13.FishPreyAK","PreyAK","13.FishPreyAK"
"705","Sitka Herring Mature Biomass (tons)","Eastern_Gulf_of_Alaska","sitkaHerring_EGoA","AK_EGoA_fish_22","north",2020-01-01,265316,265316,265316,2.49329409408561,"13.FishPreyAK","PreyAK","13.FishPreyAK","PreyAK","13.FishPreyAK"
"706","Sitka Herring Mature Biomass (tons)","Eastern_Gulf_of_Alaska","sitkaHerring_EGoA","AK_EGoA_fish_22","north",2021-01-01,245302,245302,245302,2.61086913347954,"13.FishPreyAK","PreyAK","13.FishPreyAK","PreyAK","13.FishPreyAK"
"707","Sitka Herring Mature Biomass (tons)","Eastern_Gulf_of_Alaska","sitkaHerring_EGoA","AK_EGoA_fish_22","north",2022-01-01,202283,202283,202283,2.23452313378827,"13.FishPreyAK","PreyAK","13.FishPreyAK","PreyAK","13.FishPreyAK"
"708","Sitka Herring Mature Biomass (tons)","Eastern_Gulf_of_Alaska","sitkaHerring_EGoA","AK_EGoA_fish_22","north",2023-01-01,150617,150617,150617,1.78855035884434,"13.FishPreyAK","PreyAK","13.FishPreyAK","PreyAK","13.FishPreyAK"
"709","Zooplankton Density Icy Strait (#/m3)","Eastern_Gulf_of_Alaska","zoop_EGoA","AK_EGoA_plank_89","north",1970-01-01,NA,NA,NA,NA,"12.ZooPreyAK","PreyAK","12.ZooPreyAK","PreyAK","12.ZooPreyAK"
"710","Zooplankton Density Icy Strait (#/m3)","Eastern_Gulf_of_Alaska","zoop_EGoA","AK_EGoA_plank_89","north",1971-01-01,NA,NA,NA,NA,"12.ZooPreyAK","PreyAK","12.ZooPreyAK","PreyAK","12.ZooPreyAK"
"711","Zooplankton Density Icy Strait (#/m3)","Eastern_Gulf_of_Alaska","zoop_EGoA","AK_EGoA_plank_89","north",1972-01-01,NA,NA,NA,NA,"12.ZooPreyAK","PreyAK","12.ZooPreyAK","PreyAK","12.ZooPreyAK"
"712","Zooplankton Density Icy Strait (#/m3)","Eastern_Gulf_of_Alaska","zoop_EGoA","AK_EGoA_plank_89","north",1973-01-01,NA,NA,NA,NA,"12.ZooPreyAK","PreyAK","12.ZooPreyAK","PreyAK","12.ZooPreyAK"
"713","Zooplankton Density Icy Strait (#/m3)","Eastern_Gulf_of_Alaska","zoop_EGoA","AK_EGoA_plank_89","north",1974-01-01,NA,NA,NA,NA,"12.ZooPreyAK","PreyAK","12.ZooPreyAK","PreyAK","12.ZooPreyAK"
"714","Zooplankton Density Icy Strait (#/m3)","Eastern_Gulf_of_Alaska","zoop_EGoA","AK_EGoA_plank_89","north",1975-01-01,NA,NA,NA,NA,"12.ZooPreyAK","PreyAK","12.ZooPreyAK","PreyAK","12.ZooPreyAK"
"715","Zooplankton Density Icy Strait (#/m3)","Eastern_Gulf_of_Alaska","zoop_EGoA","AK_EGoA_plank_89","north",1976-01-01,NA,NA,NA,NA,"12.ZooPreyAK","PreyAK","12.ZooPreyAK","PreyAK","12.ZooPreyAK"
"716","Zooplankton Density Icy Strait (#/m3)","Eastern_Gulf_of_Alaska","zoop_EGoA","AK_EGoA_plank_89","north",1977-01-01,NA,NA,NA,NA,"12.ZooPreyAK","PreyAK","12.ZooPreyAK","PreyAK","12.ZooPreyAK"
"717","Zooplankton Density Icy Strait (#/m3)","Eastern_Gulf_of_Alaska","zoop_EGoA","AK_EGoA_plank_89","north",1978-01-01,NA,NA,NA,NA,"12.ZooPreyAK","PreyAK","12.ZooPreyAK","PreyAK","12.ZooPreyAK"
"718","Zooplankton Density Icy Strait (#/m3)","Eastern_Gulf_of_Alaska","zoop_EGoA","AK_EGoA_plank_89","north",1979-01-01,NA,NA,NA,NA,"12.ZooPreyAK","PreyAK","12.ZooPreyAK","PreyAK","12.ZooPreyAK"
"719","Zooplankton Density Icy Strait (#/m3)","Eastern_Gulf_of_Alaska","zoop_EGoA","AK_EGoA_plank_89","north",1980-01-01,NA,NA,NA,NA,"12.ZooPreyAK","PreyAK","12.ZooPreyAK","PreyAK","12.ZooPreyAK"
"720","Zooplankton Density Icy Strait (#/m3)","Eastern_Gulf_of_Alaska","zoop_EGoA","AK_EGoA_plank_89","north",1981-01-01,NA,NA,NA,NA,"12.ZooPreyAK","PreyAK","12.ZooPreyAK","PreyAK","12.ZooPreyAK"
"721","Zooplankton Density Icy Strait (#/m3)","Eastern_Gulf_of_Alaska","zoop_EGoA","AK_EGoA_plank_89","north",1982-01-01,NA,NA,NA,NA,"12.ZooPreyAK","PreyAK","12.ZooPreyAK","PreyAK","12.ZooPreyAK"
"722","Zooplankton Density Icy Strait (#/m3)","Eastern_Gulf_of_Alaska","zoop_EGoA","AK_EGoA_plank_89","north",1983-01-01,NA,NA,NA,NA,"12.ZooPreyAK","PreyAK","12.ZooPreyAK","PreyAK","12.ZooPreyAK"
"723","Zooplankton Density Icy Strait (#/m3)","Eastern_Gulf_of_Alaska","zoop_EGoA","AK_EGoA_plank_89","north",1984-01-01,NA,NA,NA,NA,"12.ZooPreyAK","PreyAK","12.ZooPreyAK","PreyAK","12.ZooPreyAK"
"724","Zooplankton Density Icy Strait (#/m3)","Eastern_Gulf_of_Alaska","zoop_EGoA","AK_EGoA_plank_89","north",1985-01-01,NA,NA,NA,NA,"12.ZooPreyAK","PreyAK","12.ZooPreyAK","PreyAK","12.ZooPreyAK"
"725","Zooplankton Density Icy Strait (#/m3)","Eastern_Gulf_of_Alaska","zoop_EGoA","AK_EGoA_plank_89","north",1986-01-01,NA,NA,NA,NA,"12.ZooPreyAK","PreyAK","12.ZooPreyAK","PreyAK","12.ZooPreyAK"
"726","Zooplankton Density Icy Strait (#/m3)","Eastern_Gulf_of_Alaska","zoop_EGoA","AK_EGoA_plank_89","north",1987-01-01,NA,NA,NA,NA,"12.ZooPreyAK","PreyAK","12.ZooPreyAK","PreyAK","12.ZooPreyAK"
"727","Zooplankton Density Icy Strait (#/m3)","Eastern_Gulf_of_Alaska","zoop_EGoA","AK_EGoA_plank_89","north",1988-01-01,11.21,11.21,11.21,-1.56974722821532,"12.ZooPreyAK","PreyAK","12.ZooPreyAK","PreyAK","12.ZooPreyAK"
"728","Zooplankton Density Icy Strait (#/m3)","Eastern_Gulf_of_Alaska","zoop_EGoA","AK_EGoA_plank_89","north",1989-01-01,12.14,12.14,12.14,-1.56487712209291,"12.ZooPreyAK","PreyAK","12.ZooPreyAK","PreyAK","12.ZooPreyAK"
"729","Zooplankton Density Icy Strait (#/m3)","Eastern_Gulf_of_Alaska","zoop_EGoA","AK_EGoA_plank_89","north",1990-01-01,NA,11.74,11.74,-1.55376561666027,"12.ZooPreyAK","PreyAK","12.ZooPreyAK","PreyAK","12.ZooPreyAK"
"730","Zooplankton Density Icy Strait (#/m3)","Eastern_Gulf_of_Alaska","zoop_EGoA","AK_EGoA_plank_89","north",1991-01-01,11.34,11.34,11.34,-1.52484367535644,"12.ZooPreyAK","PreyAK","12.ZooPreyAK","PreyAK","12.ZooPreyAK"
"731","Zooplankton Density Icy Strait (#/m3)","Eastern_Gulf_of_Alaska","zoop_EGoA","AK_EGoA_plank_89","north",1992-01-01,11.79,11.79,11.79,-1.44873182574922,"12.ZooPreyAK","PreyAK","12.ZooPreyAK","PreyAK","12.ZooPreyAK"
"732","Zooplankton Density Icy Strait (#/m3)","Eastern_Gulf_of_Alaska","zoop_EGoA","AK_EGoA_plank_89","north",1993-01-01,NA,254.57222,254.57222,-1.24983294075079,"12.ZooPreyAK","PreyAK","12.ZooPreyAK","PreyAK","12.ZooPreyAK"
"733","Zooplankton Density Icy Strait (#/m3)","Eastern_Gulf_of_Alaska","zoop_EGoA","AK_EGoA_plank_89","north",1994-01-01,NA,497.35444,497.35444,-1.00694919300627,"12.ZooPreyAK","PreyAK","12.ZooPreyAK","PreyAK","12.ZooPreyAK"
"734","Zooplankton Density Icy Strait (#/m3)","Eastern_Gulf_of_Alaska","zoop_EGoA","AK_EGoA_plank_89","north",1995-01-01,NA,740.13666,740.13666,-0.754897892414724,"12.ZooPreyAK","PreyAK","12.ZooPreyAK","PreyAK","12.ZooPreyAK"
"735","Zooplankton Density Icy Strait (#/m3)","Eastern_Gulf_of_Alaska","zoop_EGoA","AK_EGoA_plank_89","north",1996-01-01,NA,982.91888,982.91888,-0.519328796028155,"12.ZooPreyAK","PreyAK","12.ZooPreyAK","PreyAK","12.ZooPreyAK"
"736","Zooplankton Density Icy Strait (#/m3)","Eastern_Gulf_of_Alaska","zoop_EGoA","AK_EGoA_plank_89","north",1997-01-01,1225.7011,1225.7011,1225.7011,-0.342373865103559,"12.ZooPreyAK","PreyAK","12.ZooPreyAK","PreyAK","12.ZooPreyAK"
"737","Zooplankton Density Icy Strait (#/m3)","Eastern_Gulf_of_Alaska","zoop_EGoA","AK_EGoA_plank_89","north",1998-01-01,922.2496,922.2496,922.2496,-0.324779226359904,"12.ZooPreyAK","PreyAK","12.ZooPreyAK","PreyAK","12.ZooPreyAK"
"738","Zooplankton Density Icy Strait (#/m3)","Eastern_Gulf_of_Alaska","zoop_EGoA","AK_EGoA_plank_89","north",1999-01-01,1277.0281,1277.0281,1277.0281,-0.101853973075074,"12.ZooPreyAK","PreyAK","12.ZooPreyAK","PreyAK","12.ZooPreyAK"
"739","Zooplankton Density Icy Strait (#/m3)","Eastern_Gulf_of_Alaska","zoop_EGoA","AK_EGoA_plank_89","north",2000-01-01,1694.2045,1694.2045,1694.2045,0.143521629496566,"12.ZooPreyAK","PreyAK","12.ZooPreyAK","PreyAK","12.ZooPreyAK"
"740","Zooplankton Density Icy Strait (#/m3)","Eastern_Gulf_of_Alaska","zoop_EGoA","AK_EGoA_plank_89","north",2001-01-01,1666.5897,1666.5897,1666.5897,0.179545211404887,"12.ZooPreyAK","PreyAK","12.ZooPreyAK","PreyAK","12.ZooPreyAK"
"741","Zooplankton Density Icy Strait (#/m3)","Eastern_Gulf_of_Alaska","zoop_EGoA","AK_EGoA_plank_89","north",2002-01-01,1273.5067,1273.5067,1273.5067,0.0738269310653985,"12.ZooPreyAK","PreyAK","12.ZooPreyAK","PreyAK","12.ZooPreyAK"
"742","Zooplankton Density Icy Strait (#/m3)","Eastern_Gulf_of_Alaska","zoop_EGoA","AK_EGoA_plank_89","north",2003-01-01,1672.7004,1672.7004,1672.7004,0.170267779441532,"12.ZooPreyAK","PreyAK","12.ZooPreyAK","PreyAK","12.ZooPreyAK"
"743","Zooplankton Density Icy Strait (#/m3)","Eastern_Gulf_of_Alaska","zoop_EGoA","AK_EGoA_plank_89","north",2004-01-01,1327.0722,1327.0722,1327.0722,0.108699744941637,"12.ZooPreyAK","PreyAK","12.ZooPreyAK","PreyAK","12.ZooPreyAK"
"744","Zooplankton Density Icy Strait (#/m3)","Eastern_Gulf_of_Alaska","zoop_EGoA","AK_EGoA_plank_89","north",2005-01-01,1102.8133,1102.8133,1102.8133,0.222893943895896,"12.ZooPreyAK","PreyAK","12.ZooPreyAK","PreyAK","12.ZooPreyAK"
"745","Zooplankton Density Icy Strait (#/m3)","Eastern_Gulf_of_Alaska","zoop_EGoA","AK_EGoA_plank_89","north",2006-01-01,2134.4046,2134.4046,2134.4046,0.883558144151637,"12.ZooPreyAK","PreyAK","12.ZooPreyAK","PreyAK","12.ZooPreyAK"
"746","Zooplankton Density Icy Strait (#/m3)","Eastern_Gulf_of_Alaska","zoop_EGoA","AK_EGoA_plank_89","north",2007-01-01,3420.1562,3420.1562,3420.1562,1.57139371727847,"12.ZooPreyAK","PreyAK","12.ZooPreyAK","PreyAK","12.ZooPreyAK"
"747","Zooplankton Density Icy Strait (#/m3)","Eastern_Gulf_of_Alaska","zoop_EGoA","AK_EGoA_plank_89","north",2008-01-01,2802.3077,2802.3077,2802.3077,1.50355778562169,"12.ZooPreyAK","PreyAK","12.ZooPreyAK","PreyAK","12.ZooPreyAK"
"748","Zooplankton Density Icy Strait (#/m3)","Eastern_Gulf_of_Alaska","zoop_EGoA","AK_EGoA_plank_89","north",2009-01-01,2879.5553,2879.5553,2879.5553,1.31892672089453,"12.ZooPreyAK","PreyAK","12.ZooPreyAK","PreyAK","12.ZooPreyAK"
"749","Zooplankton Density Icy Strait (#/m3)","Eastern_Gulf_of_Alaska","zoop_EGoA","AK_EGoA_plank_89","north",2010-01-01,1808.6786,1808.6786,1808.6786,0.744511504396016,"12.ZooPreyAK","PreyAK","12.ZooPreyAK","PreyAK","12.ZooPreyAK"
"750","Zooplankton Density Icy Strait (#/m3)","Eastern_Gulf_of_Alaska","zoop_EGoA","AK_EGoA_plank_89","north",2011-01-01,1723.1109,1723.1109,1723.1109,0.430795481786939,"12.ZooPreyAK","PreyAK","12.ZooPreyAK","PreyAK","12.ZooPreyAK"
"751","Zooplankton Density Icy Strait (#/m3)","Eastern_Gulf_of_Alaska","zoop_EGoA","AK_EGoA_plank_89","north",2012-01-01,1464.5009,1464.5009,1464.5009,0.161937346284317,"12.ZooPreyAK","PreyAK","12.ZooPreyAK","PreyAK","12.ZooPreyAK"
"752","Zooplankton Density Icy Strait (#/m3)","Eastern_Gulf_of_Alaska","zoop_EGoA","AK_EGoA_plank_89","north",2013-01-01,1170.3195,1170.3195,1170.3195,-0.0351157248646259,"12.ZooPreyAK","PreyAK","12.ZooPreyAK","PreyAK","12.ZooPreyAK"
"753","Zooplankton Density Icy Strait (#/m3)","Eastern_Gulf_of_Alaska","zoop_EGoA","AK_EGoA_plank_89","north",2014-01-01,1418.5506,1418.5506,1418.5506,-0.0209239331124282,"12.ZooPreyAK","PreyAK","12.ZooPreyAK","PreyAK","12.ZooPreyAK"
"754","Zooplankton Density Icy Strait (#/m3)","Eastern_Gulf_of_Alaska","zoop_EGoA","AK_EGoA_plank_89","north",2015-01-01,1224.4029,1224.4029,1224.4029,-0.0652291248869246,"12.ZooPreyAK","PreyAK","12.ZooPreyAK","PreyAK","12.ZooPreyAK"
"755","Zooplankton Density Icy Strait (#/m3)","Eastern_Gulf_of_Alaska","zoop_EGoA","AK_EGoA_plank_89","north",2016-01-01,1090.0835,1090.0835,1090.0835,0.00973504865129859,"12.ZooPreyAK","PreyAK","12.ZooPreyAK","PreyAK","12.ZooPreyAK"
"756","Zooplankton Density Icy Strait (#/m3)","Eastern_Gulf_of_Alaska","zoop_EGoA","AK_EGoA_plank_89","north",2017-01-01,1895.7243,1895.7243,1895.7243,0.432571027640255,"12.ZooPreyAK","PreyAK","12.ZooPreyAK","PreyAK","12.ZooPreyAK"
"757","Zooplankton Density Icy Strait (#/m3)","Eastern_Gulf_of_Alaska","zoop_EGoA","AK_EGoA_plank_89","north",2018-01-01,2418.9276,2418.9276,2418.9276,0.704600430417586,"12.ZooPreyAK","PreyAK","12.ZooPreyAK","PreyAK","12.ZooPreyAK"
"758","Zooplankton Density Icy Strait (#/m3)","Eastern_Gulf_of_Alaska","zoop_EGoA","AK_EGoA_plank_89","north",2019-01-01,1630.5248,1630.5248,1630.5248,0.499398169260444,"12.ZooPreyAK","PreyAK","12.ZooPreyAK","PreyAK","12.ZooPreyAK"
"759","Zooplankton Density Icy Strait (#/m3)","Eastern_Gulf_of_Alaska","zoop_EGoA","AK_EGoA_plank_89","north",2020-01-01,1586.7597,1586.7597,1586.7597,0.5135590396872,"12.ZooPreyAK","PreyAK","12.ZooPreyAK","PreyAK","12.ZooPreyAK"
"760","Zooplankton Density Icy Strait (#/m3)","Eastern_Gulf_of_Alaska","zoop_EGoA","AK_EGoA_plank_89","north",2021-01-01,2129.1,2129.1,2129.1,0.811303651086861,"12.ZooPreyAK","PreyAK","12.ZooPreyAK","PreyAK","12.ZooPreyAK"
"761","Zooplankton Density Icy Strait (#/m3)","Eastern_Gulf_of_Alaska","zoop_EGoA","AK_EGoA_plank_89","north",2022-01-01,3022.85,3022.85,3022.85,1.07003269135132,"12.ZooPreyAK","PreyAK","12.ZooPreyAK","PreyAK","12.ZooPreyAK"
"762","Zooplankton Density Icy Strait (#/m3)","Eastern_Gulf_of_Alaska","zoop_EGoA","AK_EGoA_plank_89","north",2023-01-01,1370.25,1370.25,1370.25,0.526179085860934,"12.ZooPreyAK","PreyAK","12.ZooPreyAK","PreyAK","12.ZooPreyAK"
"763","Chinook abundance Snake fall","CCIEA","ChinAbundSnakeFall","CC_Col_fish_30","adults (sar lagged)",1998-01-01,-0.65106374,-0.65106374,-0.65106374,-1.13062865920154,"09.PredFishNCC","PredNCC","09.PredFishNCC","PredNCC","09.PredFishNCC"
"764","Chinook abundance Snake fall","CCIEA","ChinAbundSnakeFall","CC_Col_fish_30","adults (sar lagged)",1999-01-01,-0.5200847,-0.5200847,-0.5200847,-1.0240622987912,"09.PredFishNCC","PredNCC","09.PredFishNCC","PredNCC","09.PredFishNCC"
"765","Chinook abundance Snake fall","CCIEA","ChinAbundSnakeFall","CC_Col_fish_30","adults (sar lagged)",2000-01-01,-0.46694958,-0.46694958,-0.46694958,-0.875008464055684,"09.PredFishNCC","PredNCC","09.PredFishNCC","PredNCC","09.PredFishNCC"
"766","Chinook abundance Snake fall","CCIEA","ChinAbundSnakeFall","CC_Col_fish_30","adults (sar lagged)",2001-01-01,0.41098183,0.41098183,0.41098183,-0.582024353870543,"09.PredFishNCC","PredNCC","09.PredFishNCC","PredNCC","09.PredFishNCC"
"767","Chinook abundance Snake fall","CCIEA","ChinAbundSnakeFall","CC_Col_fish_30","adults (sar lagged)",2002-01-01,-0.25528392,-0.25528392,-0.25528392,-0.638784886386658,"09.PredFishNCC","PredNCC","09.PredFishNCC","PredNCC","09.PredFishNCC"
"768","Chinook abundance Snake fall","CCIEA","ChinAbundSnakeFall","CC_Col_fish_30","adults (sar lagged)",2003-01-01,0.037505653,0.037505653,0.037505653,-0.505051829138524,"09.PredFishNCC","PredNCC","09.PredFishNCC","PredNCC","09.PredFishNCC"
"769","Chinook abundance Snake fall","CCIEA","ChinAbundSnakeFall","CC_Col_fish_30","adults (sar lagged)",2004-01-01,0.612589,0.612589,0.612589,-0.309442416005078,"09.PredFishNCC","PredNCC","09.PredFishNCC","PredNCC","09.PredFishNCC"
"770","Chinook abundance Snake fall","CCIEA","ChinAbundSnakeFall","CC_Col_fish_30","adults (sar lagged)",2005-01-01,0.28437603,0.28437603,0.28437603,-0.371643191840353,"09.PredFishNCC","PredNCC","09.PredFishNCC","PredNCC","09.PredFishNCC"
"771","Chinook abundance Snake fall","CCIEA","ChinAbundSnakeFall","CC_Col_fish_30","adults (sar lagged)",2006-01-01,0.15317832,0.15317832,0.15317832,-0.459763966913782,"09.PredFishNCC","PredNCC","09.PredFishNCC","PredNCC","09.PredFishNCC"
"772","Chinook abundance Snake fall","CCIEA","ChinAbundSnakeFall","CC_Col_fish_30","adults (sar lagged)",2007-01-01,-0.102219924,-0.102219924,-0.102219924,-0.544367513597294,"09.PredFishNCC","PredNCC","09.PredFishNCC","PredNCC","09.PredFishNCC"
"773","Chinook abundance Snake fall","CCIEA","ChinAbundSnakeFall","CC_Col_fish_30","adults (sar lagged)",2008-01-01,-0.06307927,-0.06307927,-0.06307927,-0.48121110177498,"09.PredFishNCC","PredNCC","09.PredFishNCC","PredNCC","09.PredFishNCC"
"774","Chinook abundance Snake fall","CCIEA","ChinAbundSnakeFall","CC_Col_fish_30","adults (sar lagged)",2009-01-01,0.21637188,0.21637188,0.21637188,-0.242209793880214,"09.PredFishNCC","PredNCC","09.PredFishNCC","PredNCC","09.PredFishNCC"
"775","Chinook abundance Snake fall","CCIEA","ChinAbundSnakeFall","CC_Col_fish_30","adults (sar lagged)",2010-01-01,0.8885416,0.8885416,0.8885416,0.161239147407348,"09.PredFishNCC","PredNCC","09.PredFishNCC","PredNCC","09.PredFishNCC"
"776","Chinook abundance Snake fall","CCIEA","ChinAbundSnakeFall","CC_Col_fish_30","adults (sar lagged)",2011-01-01,1.0470722,1.0470722,1.0470722,0.530295722816579,"09.PredFishNCC","PredNCC","09.PredFishNCC","PredNCC","09.PredFishNCC"
"777","Chinook abundance Snake fall","CCIEA","ChinAbundSnakeFall","CC_Col_fish_30","adults (sar lagged)",2012-01-01,1.7561958,1.7561958,1.7561958,1.09196722425115,"09.PredFishNCC","PredNCC","09.PredFishNCC","PredNCC","09.PredFishNCC"
"778","Chinook abundance Snake fall","CCIEA","ChinAbundSnakeFall","CC_Col_fish_30","adults (sar lagged)",2013-01-01,3.7482145,3.7482145,3.7482145,1.77252416874965,"09.PredFishNCC","PredNCC","09.PredFishNCC","PredNCC","09.PredFishNCC"
"779","Chinook abundance Snake fall","CCIEA","ChinAbundSnakeFall","CC_Col_fish_30","adults (sar lagged)",2014-01-01,2.1554742,2.1554742,2.1554742,1.46760103748378,"09.PredFishNCC","PredNCC","09.PredFishNCC","PredNCC","09.PredFishNCC"
"780","Chinook abundance Snake fall","CCIEA","ChinAbundSnakeFall","CC_Col_fish_30","adults (sar lagged)",2015-01-01,2.6542442,2.6542442,2.6542442,1.29942894212518,"09.PredFishNCC","PredNCC","09.PredFishNCC","PredNCC","09.PredFishNCC"
"781","Chinook abundance Snake fall","CCIEA","ChinAbundSnakeFall","CC_Col_fish_30","adults (sar lagged)",2016-01-01,1.1979495,1.1979495,1.1979495,0.652919411965194,"09.PredFishNCC","PredNCC","09.PredFishNCC","PredNCC","09.PredFishNCC"
"782","Chinook abundance Snake fall","CCIEA","ChinAbundSnakeFall","CC_Col_fish_30","adults (sar lagged)",2017-01-01,0.6233035,0.6233035,0.6233035,0.186456853458904,"09.PredFishNCC","PredNCC","09.PredFishNCC","PredNCC","09.PredFishNCC"
"783","Chinook abundance Snake fall","CCIEA","ChinAbundSnakeFall","CC_Col_fish_30","adults (sar lagged)",2018-01-01,0.34713227,0.34713227,0.34713227,-0.0515172130071009,"09.PredFishNCC","PredNCC","09.PredFishNCC","PredNCC","09.PredFishNCC"
"784","Chinook abundance Snake fall","CCIEA","ChinAbundSnakeFall","CC_Col_fish_30","adults (sar lagged)",2019-01-01,NA,NA,NA,NA,"09.PredFishNCC","PredNCC","09.PredFishNCC","PredNCC","09.PredFishNCC"
"785","Chinook abundance Snake fall","CCIEA","ChinAbundSnakeFall","CC_Col_fish_30","adults (sar lagged)",2020-01-01,NA,NA,NA,NA,"09.PredFishNCC","PredNCC","09.PredFishNCC","PredNCC","09.PredFishNCC"
"786","Chinook abundance Snake fall","CCIEA","ChinAbundSnakeFall","CC_Col_fish_30","adults (sar lagged)",2021-01-01,NA,NA,NA,NA,"09.PredFishNCC","PredNCC","09.PredFishNCC","PredNCC","09.PredFishNCC"
"787","Chinook abundance Snake fall","CCIEA","ChinAbundSnakeFall","CC_Col_fish_30","adults (sar lagged)",2022-01-01,NA,NA,NA,NA,"09.PredFishNCC","PredNCC","09.PredFishNCC","PredNCC","09.PredFishNCC"
"788","Chinook abundance Snake fall","CCIEA","ChinAbundSnakeFall","CC_Col_fish_30","adults (sar lagged)",2023-01-01,NA,NA,NA,NA,"09.PredFishNCC","PredNCC","09.PredFishNCC","PredNCC","09.PredFishNCC"
"789","Chinook abundance Snake fall","CCIEA","ChinAbundSnakeFall","CC_Col_fish_30","adults (sar lagged)",2024-01-01,NA,NA,NA,NA,"09.PredFishNCC","PredNCC","09.PredFishNCC","PredNCC","09.PredFishNCC"
"790","Chinook abundance Snake fall","CCIEA","ChinAbundSnakeFall","CC_Col_fish_30","adults (sar lagged)",2025-01-01,NA,NA,NA,NA,"09.PredFishNCC","PredNCC","09.PredFishNCC","PredNCC","09.PredFishNCC"
"791","Chinook abundance Snake fall","CCIEA","ChinAbundSnakeFall","CC_Col_fish_30","adults (sar lagged)",2026-01-01,NA,NA,NA,NA,"09.PredFishNCC","PredNCC","09.PredFishNCC","PredNCC","09.PredFishNCC"
"792","Chinook abundance Snake spr-sum","CCIEA","ChinAbundSnakeSprSum","CC_Col_fish_31","adults (sar lagged)",1998-01-01,-0.75649023,-0.75649023,-0.75649023,-0.935470806741464,"09.PredFishNCC","PredNCC","09.PredFishNCC","PredNCC","09.PredFishNCC"
"793","Chinook abundance Snake spr-sum","CCIEA","ChinAbundSnakeSprSum","CC_Col_fish_31","adults (sar lagged)",1999-01-01,-1.1428624,-1.1428624,-1.1428624,-0.852789607588148,"09.PredFishNCC","PredNCC","09.PredFishNCC","PredNCC","09.PredFishNCC"
"794","Chinook abundance Snake spr-sum","CCIEA","ChinAbundSnakeSprSum","CC_Col_fish_31","adults (sar lagged)",2000-01-01,-0.48412952,-0.48412952,-0.48412952,-0.284165944793479,"09.PredFishNCC","PredNCC","09.PredFishNCC","PredNCC","09.PredFishNCC"
"795","Chinook abundance Snake spr-sum","CCIEA","ChinAbundSnakeSprSum","CC_Col_fish_31","adults (sar lagged)",2001-01-01,1.8889978,1.8889978,1.8889978,0.721978776391583,"09.PredFishNCC","PredNCC","09.PredFishNCC","PredNCC","09.PredFishNCC"
"796","Chinook abundance Snake spr-sum","CCIEA","ChinAbundSnakeSprSum","CC_Col_fish_31","adults (sar lagged)",2002-01-01,1.6673089,1.6673089,1.6673089,0.948844965262974,"09.PredFishNCC","PredNCC","09.PredFishNCC","PredNCC","09.PredFishNCC"
"797","Chinook abundance Snake spr-sum","CCIEA","ChinAbundSnakeSprSum","CC_Col_fish_31","adults (sar lagged)",2003-01-01,1.8599671,1.8599671,1.8599671,0.8309581617563,"09.PredFishNCC","PredNCC","09.PredFishNCC","PredNCC","09.PredFishNCC"
"798","Chinook abundance Snake spr-sum","CCIEA","ChinAbundSnakeSprSum","CC_Col_fish_31","adults (sar lagged)",2004-01-01,0.1175976,0.1175976,0.1175976,0.069965707785792,"09.PredFishNCC","PredNCC","09.PredFishNCC","PredNCC","09.PredFishNCC"
"799","Chinook abundance Snake spr-sum","CCIEA","ChinAbundSnakeSprSum","CC_Col_fish_31","adults (sar lagged)",2005-01-01,-0.5651516,-0.5651516,-0.5651516,-0.463020944270663,"09.PredFishNCC","PredNCC","09.PredFishNCC","PredNCC","09.PredFishNCC"
"800","Chinook abundance Snake spr-sum","CCIEA","ChinAbundSnakeSprSum","CC_Col_fish_31","adults (sar lagged)",2006-01-01,-0.68391347,-0.68391347,-0.68391347,-0.661446927649178,"09.PredFishNCC","PredNCC","09.PredFishNCC","PredNCC","09.PredFishNCC"
"801","Chinook abundance Snake spr-sum","CCIEA","ChinAbundSnakeSprSum","CC_Col_fish_31","adults (sar lagged)",2007-01-01,-0.7066102,-0.7066102,-0.7066102,-0.612492182938698,"09.PredFishNCC","PredNCC","09.PredFishNCC","PredNCC","09.PredFishNCC"
"802","Chinook abundance Snake spr-sum","CCIEA","ChinAbundSnakeSprSum","CC_Col_fish_31","adults (sar lagged)",2008-01-01,0.03895081,0.03895081,0.03895081,-0.245941594597909,"09.PredFishNCC","PredNCC","09.PredFishNCC","PredNCC","09.PredFishNCC"
"803","Chinook abundance Snake spr-sum","CCIEA","ChinAbundSnakeSprSum","CC_Col_fish_31","adults (sar lagged)",2009-01-01,0.21049583,0.21049583,0.21049583,0.106377132910956,"09.PredFishNCC","PredNCC","09.PredFishNCC","PredNCC","09.PredFishNCC"
"804","Chinook abundance Snake spr-sum","CCIEA","ChinAbundSnakeSprSum","CC_Col_fish_31","adults (sar lagged)",2010-01-01,1.4540652,1.4540652,1.4540652,0.63609390807381,"09.PredFishNCC","PredNCC","09.PredFishNCC","PredNCC","09.PredFishNCC"
"805","Chinook abundance Snake spr-sum","CCIEA","ChinAbundSnakeSprSum","CC_Col_fish_31","adults (sar lagged)",2011-01-01,1.2574482,1.2574482,1.2574482,0.708055237954683,"09.PredFishNCC","PredNCC","09.PredFishNCC","PredNCC","09.PredFishNCC"
"806","Chinook abundance Snake spr-sum","CCIEA","ChinAbundSnakeSprSum","CC_Col_fish_31","adults (sar lagged)",2012-01-01,1.0756105,1.0756105,1.0756105,0.578396574946636,"09.PredFishNCC","PredNCC","09.PredFishNCC","PredNCC","09.PredFishNCC"
"807","Chinook abundance Snake spr-sum","CCIEA","ChinAbundSnakeSprSum","CC_Col_fish_31","adults (sar lagged)",2013-01-01,-0.17112586,-0.17112586,-0.17112586,0.287789384347591,"09.PredFishNCC","PredNCC","09.PredFishNCC","PredNCC","09.PredFishNCC"
"808","Chinook abundance Snake spr-sum","CCIEA","ChinAbundSnakeSprSum","CC_Col_fish_31","adults (sar lagged)",2014-01-01,2.0420687,2.0420687,2.0420687,0.713463311168048,"09.PredFishNCC","PredNCC","09.PredFishNCC","PredNCC","09.PredFishNCC"
"809","Chinook abundance Snake spr-sum","CCIEA","ChinAbundSnakeSprSum","CC_Col_fish_31","adults (sar lagged)",2015-01-01,0.32292378,0.32292378,0.32292378,0.207959409502545,"09.PredFishNCC","PredNCC","09.PredFishNCC","PredNCC","09.PredFishNCC"
"810","Chinook abundance Snake spr-sum","CCIEA","ChinAbundSnakeSprSum","CC_Col_fish_31","adults (sar lagged)",2016-01-01,0.49130183,0.49130183,0.49130183,-0.123877131888421,"09.PredFishNCC","PredNCC","09.PredFishNCC","PredNCC","09.PredFishNCC"
"811","Chinook abundance Snake spr-sum","CCIEA","ChinAbundSnakeSprSum","CC_Col_fish_31","adults (sar lagged)",2017-01-01,-1.0913988,-1.0913988,-1.0913988,-0.771605124642357,"09.PredFishNCC","PredNCC","09.PredFishNCC","PredNCC","09.PredFishNCC"
"812","Chinook abundance Snake spr-sum","CCIEA","ChinAbundSnakeSprSum","CC_Col_fish_31","adults (sar lagged)",2018-01-01,-0.8124403,-0.8124403,-0.8124403,-0.900412904567261,"09.PredFishNCC","PredNCC","09.PredFishNCC","PredNCC","09.PredFishNCC"
"813","Chinook abundance Snake spr-sum","CCIEA","ChinAbundSnakeSprSum","CC_Col_fish_31","adults (sar lagged)",2019-01-01,NA,NA,NA,NA,"09.PredFishNCC","PredNCC","09.PredFishNCC","PredNCC","09.PredFishNCC"
"814","Chinook abundance Snake spr-sum","CCIEA","ChinAbundSnakeSprSum","CC_Col_fish_31","adults (sar lagged)",2020-01-01,NA,NA,NA,NA,"09.PredFishNCC","PredNCC","09.PredFishNCC","PredNCC","09.PredFishNCC"
"815","Chinook abundance Snake spr-sum","CCIEA","ChinAbundSnakeSprSum","CC_Col_fish_31","adults (sar lagged)",2021-01-01,NA,NA,NA,NA,"09.PredFishNCC","PredNCC","09.PredFishNCC","PredNCC","09.PredFishNCC"
"816","Chinook abundance Snake spr-sum","CCIEA","ChinAbundSnakeSprSum","CC_Col_fish_31","adults (sar lagged)",2022-01-01,NA,NA,NA,NA,"09.PredFishNCC","PredNCC","09.PredFishNCC","PredNCC","09.PredFishNCC"
"817","Chinook abundance Snake spr-sum","CCIEA","ChinAbundSnakeSprSum","CC_Col_fish_31","adults (sar lagged)",2023-01-01,NA,NA,NA,NA,"09.PredFishNCC","PredNCC","09.PredFishNCC","PredNCC","09.PredFishNCC"
"818","Chinook abundance Snake spr-sum","CCIEA","ChinAbundSnakeSprSum","CC_Col_fish_31","adults (sar lagged)",2024-01-01,NA,NA,NA,NA,"09.PredFishNCC","PredNCC","09.PredFishNCC","PredNCC","09.PredFishNCC"
"819","Chinook abundance Snake spr-sum","CCIEA","ChinAbundSnakeSprSum","CC_Col_fish_31","adults (sar lagged)",2025-01-01,NA,NA,NA,NA,"09.PredFishNCC","PredNCC","09.PredFishNCC","PredNCC","09.PredFishNCC"
"820","Chinook abundance Snake spr-sum","CCIEA","ChinAbundSnakeSprSum","CC_Col_fish_31","adults (sar lagged)",2026-01-01,NA,NA,NA,NA,"09.PredFishNCC","PredNCC","09.PredFishNCC","PredNCC","09.PredFishNCC"
"821","Chinook abundance Upper Columbia spr","CCIEA","ChinAbundUpColSpr","CC_Col_fish_32","adults (sar lagged)",1998-01-01,-1.1011214,-1.1011214,-1.1011214,-1.22573736527185,"09.PredFishNCC","PredNCC","09.PredFishNCC","PredNCC","09.PredFishNCC"
"822","Chinook abundance Upper Columbia spr","CCIEA","ChinAbundUpColSpr","CC_Col_fish_32","adults (sar lagged)",1999-01-01,-1.1066121,-1.1066121,-1.1066121,-0.929170890858043,"09.PredFishNCC","PredNCC","09.PredFishNCC","PredNCC","09.PredFishNCC"
"823","Chinook abundance Upper Columbia spr","CCIEA","ChinAbundUpColSpr","CC_Col_fish_32","adults (sar lagged)",2000-01-01,-0.8415594,-0.8415594,-0.8415594,-0.171706733296181,"09.PredFishNCC","PredNCC","09.PredFishNCC","PredNCC","09.PredFishNCC"
"824","Chinook abundance Upper Columbia spr","CCIEA","ChinAbundUpColSpr","CC_Col_fish_32","adults (sar lagged)",2001-01-01,0.33146104,0.33146104,0.33146104,1.02943512946547,"09.PredFishNCC","PredNCC","09.PredFishNCC","PredNCC","09.PredFishNCC"
"825","Chinook abundance Upper Columbia spr","CCIEA","ChinAbundUpColSpr","CC_Col_fish_32","adults (sar lagged)",2002-01-01,-0.5176061,-0.5176061,-0.5176061,0.446945065458994,"09.PredFishNCC","PredNCC","09.PredFishNCC","PredNCC","09.PredFishNCC"
"826","Chinook abundance Upper Columbia spr","CCIEA","ChinAbundUpColSpr","CC_Col_fish_32","adults (sar lagged)",2003-01-01,-0.8630232,-0.8630232,-0.8630232,-0.0200516602160034,"09.PredFishNCC","PredNCC","09.PredFishNCC","PredNCC","09.PredFishNCC"
"827","Chinook abundance Upper Columbia spr","CCIEA","ChinAbundUpColSpr","CC_Col_fish_32","adults (sar lagged)",2004-01-01,-0.40978804,-0.40978804,-0.40978804,0.171017823694372,"09.PredFishNCC","PredNCC","09.PredFishNCC","PredNCC","09.PredFishNCC"
"828","Chinook abundance Upper Columbia spr","CCIEA","ChinAbundUpColSpr","CC_Col_fish_32","adults (sar lagged)",2005-01-01,-0.6803315,-0.6803315,-0.6803315,-0.113472382524699,"09.PredFishNCC","PredNCC","09.PredFishNCC","PredNCC","09.PredFishNCC"
"829","Chinook abundance Upper Columbia spr","CCIEA","ChinAbundUpColSpr","CC_Col_fish_32","adults (sar lagged)",2006-01-01,-0.84355605,-0.84355605,-0.84355605,-0.36728020268951,"09.PredFishNCC","PredNCC","09.PredFishNCC","PredNCC","09.PredFishNCC"
"830","Chinook abundance Upper Columbia spr","CCIEA","ChinAbundUpColSpr","CC_Col_fish_32","adults (sar lagged)",2007-01-01,-0.7886487,-0.7886487,-0.7886487,-0.367148068041164,"09.PredFishNCC","PredNCC","09.PredFishNCC","PredNCC","09.PredFishNCC"
"831","Chinook abundance Upper Columbia spr","CCIEA","ChinAbundUpColSpr","CC_Col_fish_32","adults (sar lagged)",2008-01-01,-0.83307374,-0.83307374,-0.83307374,-0.273424582169037,"09.PredFishNCC","PredNCC","09.PredFishNCC","PredNCC","09.PredFishNCC"
"832","Chinook abundance Upper Columbia spr","CCIEA","ChinAbundUpColSpr","CC_Col_fish_32","adults (sar lagged)",2009-01-01,-0.5720143,-0.5720143,-0.5720143,0.137457253833962,"09.PredFishNCC","PredNCC","09.PredFishNCC","PredNCC","09.PredFishNCC"
"833","Chinook abundance Upper Columbia spr","CCIEA","ChinAbundUpColSpr","CC_Col_fish_32","adults (sar lagged)",2010-01-01,-0.4751777,-0.4751777,-0.4751777,0.513366461563896,"09.PredFishNCC","PredNCC","09.PredFishNCC","PredNCC","09.PredFishNCC"
"834","Chinook abundance Upper Columbia spr","CCIEA","ChinAbundUpColSpr","CC_Col_fish_32","adults (sar lagged)",2011-01-01,-0.012458567,-0.012458567,-0.012458567,0.94718258047439,"09.PredFishNCC","PredNCC","09.PredFishNCC","PredNCC","09.PredFishNCC"
"835","Chinook abundance Upper Columbia spr","CCIEA","ChinAbundUpColSpr","CC_Col_fish_32","adults (sar lagged)",2012-01-01,-0.48266506,-0.48266506,-0.48266506,0.520307015224393,"09.PredFishNCC","PredNCC","09.PredFishNCC","PredNCC","09.PredFishNCC"
"836","Chinook abundance Upper Columbia spr","CCIEA","ChinAbundUpColSpr","CC_Col_fish_32","adults (sar lagged)",2013-01-01,-0.73374134,-0.73374134,-0.73374134,0.180162634577045,"09.PredFishNCC","PredNCC","09.PredFishNCC","PredNCC","09.PredFishNCC"
"837","Chinook abundance Upper Columbia spr","CCIEA","ChinAbundUpColSpr","CC_Col_fish_32","adults (sar lagged)",2014-01-01,-0.46519455,-0.46519455,-0.46519455,0.320439540306411,"09.PredFishNCC","PredNCC","09.PredFishNCC","PredNCC","09.PredFishNCC"
"838","Chinook abundance Upper Columbia spr","CCIEA","ChinAbundUpColSpr","CC_Col_fish_32","adults (sar lagged)",2015-01-01,-0.43175098,-0.43175098,-0.43175098,0.296518133200878,"09.PredFishNCC","PredNCC","09.PredFishNCC","PredNCC","09.PredFishNCC"
"839","Chinook abundance Upper Columbia spr","CCIEA","ChinAbundUpColSpr","CC_Col_fish_32","adults (sar lagged)",2016-01-01,-0.56302947,-0.56302947,-0.56302947,-0.0132703592325043,"09.PredFishNCC","PredNCC","09.PredFishNCC","PredNCC","09.PredFishNCC"
"840","Chinook abundance Upper Columbia spr","CCIEA","ChinAbundUpColSpr","CC_Col_fish_32","adults (sar lagged)",2017-01-01,-0.93789685,-0.93789685,-0.93789685,-0.535019550873818,"09.PredFishNCC","PredNCC","09.PredFishNCC","PredNCC","09.PredFishNCC"
"841","Chinook abundance Upper Columbia spr","CCIEA","ChinAbundUpColSpr","CC_Col_fish_32","adults (sar lagged)",2018-01-01,-0.92342126,-0.92342126,-0.92342126,-0.694833079833907,"09.PredFishNCC","PredNCC","09.PredFishNCC","PredNCC","09.PredFishNCC"
"842","Chinook abundance Upper Columbia spr","CCIEA","ChinAbundUpColSpr","CC_Col_fish_32","adults (sar lagged)",2019-01-01,NA,NA,NA,NA,"09.PredFishNCC","PredNCC","09.PredFishNCC","PredNCC","09.PredFishNCC"
"843","Chinook abundance Upper Columbia spr","CCIEA","ChinAbundUpColSpr","CC_Col_fish_32","adults (sar lagged)",2020-01-01,NA,NA,NA,NA,"09.PredFishNCC","PredNCC","09.PredFishNCC","PredNCC","09.PredFishNCC"
"844","Chinook abundance Upper Columbia spr","CCIEA","ChinAbundUpColSpr","CC_Col_fish_32","adults (sar lagged)",2021-01-01,NA,NA,NA,NA,"09.PredFishNCC","PredNCC","09.PredFishNCC","PredNCC","09.PredFishNCC"
"845","Chinook abundance Upper Columbia spr","CCIEA","ChinAbundUpColSpr","CC_Col_fish_32","adults (sar lagged)",2022-01-01,NA,NA,NA,NA,"09.PredFishNCC","PredNCC","09.PredFishNCC","PredNCC","09.PredFishNCC"
"846","Chinook abundance Upper Columbia spr","CCIEA","ChinAbundUpColSpr","CC_Col_fish_32","adults (sar lagged)",2023-01-01,NA,NA,NA,NA,"09.PredFishNCC","PredNCC","09.PredFishNCC","PredNCC","09.PredFishNCC"
"847","Chinook abundance Upper Columbia spr","CCIEA","ChinAbundUpColSpr","CC_Col_fish_32","adults (sar lagged)",2024-01-01,NA,NA,NA,NA,"09.PredFishNCC","PredNCC","09.PredFishNCC","PredNCC","09.PredFishNCC"
"848","Chinook abundance Upper Columbia spr","CCIEA","ChinAbundUpColSpr","CC_Col_fish_32","adults (sar lagged)",2025-01-01,NA,NA,NA,NA,"09.PredFishNCC","PredNCC","09.PredFishNCC","PredNCC","09.PredFishNCC"
"849","Chinook abundance Upper Columbia spr","CCIEA","ChinAbundUpColSpr","CC_Col_fish_32","adults (sar lagged)",2026-01-01,NA,NA,NA,NA,"09.PredFishNCC","PredNCC","09.PredFishNCC","PredNCC","09.PredFishNCC"
"850","YH Common murre diet - Herring/Sardines - NoCC","CCIEA","comMurreDietHerrSard_Yaquina_NCC","CC_NCC_fish_35","prey",1998-01-01,0.5714,0.5714,0.5714,1.93725706501259,"03.FishPreyNCC","PreyNCC","03.FishPreyNCC","PreyNCC","03.FishPreyNCC"
"851","YH Common murre diet - Herring/Sardines - NoCC","CCIEA","comMurreDietHerrSard_Yaquina_NCC","CC_NCC_fish_35","prey",1999-01-01,0.1398,0.1398,0.1398,0.439364747203319,"03.FishPreyNCC","PreyNCC","03.FishPreyNCC","PreyNCC","03.FishPreyNCC"
"852","YH Common murre diet - Herring/Sardines - NoCC","CCIEA","comMurreDietHerrSard_Yaquina_NCC","CC_NCC_fish_35","prey",2000-01-01,0.0255,0.0255,0.0255,-0.282415944526456,"03.FishPreyNCC","PreyNCC","03.FishPreyNCC","PreyNCC","03.FishPreyNCC"
"853","YH Common murre diet - Herring/Sardines - NoCC","CCIEA","comMurreDietHerrSard_Yaquina_NCC","CC_NCC_fish_35","prey",2001-01-01,0.1347,0.1347,0.1347,-0.149302224730225,"03.FishPreyNCC","PreyNCC","03.FishPreyNCC","PreyNCC","03.FishPreyNCC"
"854","YH Common murre diet - Herring/Sardines - NoCC","CCIEA","comMurreDietHerrSard_Yaquina_NCC","CC_NCC_fish_35","prey",2002-01-01,0.2227,0.2227,0.2227,0.206976829295936,"03.FishPreyNCC","PreyNCC","03.FishPreyNCC","PreyNCC","03.FishPreyNCC"
"855","YH Common murre diet - Herring/Sardines - NoCC","CCIEA","comMurreDietHerrSard_Yaquina_NCC","CC_NCC_fish_35","prey",2003-01-01,NA,0.26704,0.26704,0.526343438756551,"03.FishPreyNCC","PreyNCC","03.FishPreyNCC","PreyNCC","03.FishPreyNCC"
"856","YH Common murre diet - Herring/Sardines - NoCC","CCIEA","comMurreDietHerrSard_Yaquina_NCC","CC_NCC_fish_35","prey",2004-01-01,NA,0.31138,0.31138,0.817604418029152,"03.FishPreyNCC","PreyNCC","03.FishPreyNCC","PreyNCC","03.FishPreyNCC"
"857","YH Common murre diet - Herring/Sardines - NoCC","CCIEA","comMurreDietHerrSard_Yaquina_NCC","CC_NCC_fish_35","prey",2005-01-01,NA,0.35572,0.35572,1.06146095130325,"03.FishPreyNCC","PreyNCC","03.FishPreyNCC","PreyNCC","03.FishPreyNCC"
"858","YH Common murre diet - Herring/Sardines - NoCC","CCIEA","comMurreDietHerrSard_Yaquina_NCC","CC_NCC_fish_35","prey",2006-01-01,NA,0.40006,0.40006,1.19120977676988,"03.FishPreyNCC","PreyNCC","03.FishPreyNCC","PreyNCC","03.FishPreyNCC"
"859","YH Common murre diet - Herring/Sardines - NoCC","CCIEA","comMurreDietHerrSard_Yaquina_NCC","CC_NCC_fish_35","prey",2007-01-01,0.4444,0.4444,0.4444,1.02603992481255,"03.FishPreyNCC","PreyNCC","03.FishPreyNCC","PreyNCC","03.FishPreyNCC"
"860","YH Common murre diet - Herring/Sardines - NoCC","CCIEA","comMurreDietHerrSard_Yaquina_NCC","CC_NCC_fish_35","prey",2008-01-01,0.0548,0.0548,0.0548,0.0902217483908829,"03.FishPreyNCC","PreyNCC","03.FishPreyNCC","PreyNCC","03.FishPreyNCC"
"861","YH Common murre diet - Herring/Sardines - NoCC","CCIEA","comMurreDietHerrSard_Yaquina_NCC","CC_NCC_fish_35","prey",2009-01-01,0.2991,0.2991,0.2991,0.176716867302624,"03.FishPreyNCC","PreyNCC","03.FishPreyNCC","PreyNCC","03.FishPreyNCC"
"862","YH Common murre diet - Herring/Sardines - NoCC","CCIEA","comMurreDietHerrSard_Yaquina_NCC","CC_NCC_fish_35","prey",2010-01-01,0.0701,0.0701,0.0701,-0.339070216112369,"03.FishPreyNCC","PreyNCC","03.FishPreyNCC","PreyNCC","03.FishPreyNCC"
"863","YH Common murre diet - Herring/Sardines - NoCC","CCIEA","comMurreDietHerrSard_Yaquina_NCC","CC_NCC_fish_35","prey",2011-01-01,0.127,0.127,0.127,-0.368998008949146,"03.FishPreyNCC","PreyNCC","03.FishPreyNCC","PreyNCC","03.FishPreyNCC"
"864","YH Common murre diet - Herring/Sardines - NoCC","CCIEA","comMurreDietHerrSard_Yaquina_NCC","CC_NCC_fish_35","prey",2012-01-01,0.1232,0.1232,0.1232,-0.341525028903019,"03.FishPreyNCC","PreyNCC","03.FishPreyNCC","PreyNCC","03.FishPreyNCC"
"865","YH Common murre diet - Herring/Sardines - NoCC","CCIEA","comMurreDietHerrSard_Yaquina_NCC","CC_NCC_fish_35","prey",2013-01-01,0.2,0.2,0.2,-0.202562887237837,"03.FishPreyNCC","PreyNCC","03.FishPreyNCC","PreyNCC","03.FishPreyNCC"
"866","YH Common murre diet - Herring/Sardines - NoCC","CCIEA","comMurreDietHerrSard_Yaquina_NCC","CC_NCC_fish_35","prey",2014-01-01,0.082,0.082,0.082,-0.351060860023664,"03.FishPreyNCC","PreyNCC","03.FishPreyNCC","PreyNCC","03.FishPreyNCC"
"867","YH Common murre diet - Herring/Sardines - NoCC","CCIEA","comMurreDietHerrSard_Yaquina_NCC","CC_NCC_fish_35","prey",2015-01-01,0.2917,0.2917,0.2917,-0.109038439671858,"03.FishPreyNCC","PreyNCC","03.FishPreyNCC","PreyNCC","03.FishPreyNCC"
"868","YH Common murre diet - Herring/Sardines - NoCC","CCIEA","comMurreDietHerrSard_Yaquina_NCC","CC_NCC_fish_35","prey",2016-01-01,0.0259,0.0259,0.0259,-0.703223522224903,"03.FishPreyNCC","PreyNCC","03.FishPreyNCC","PreyNCC","03.FishPreyNCC"
"869","YH Common murre diet - Herring/Sardines - NoCC","CCIEA","comMurreDietHerrSard_Yaquina_NCC","CC_NCC_fish_35","prey",2017-01-01,0.0233,0.0233,0.0233,-0.866123392917762,"03.FishPreyNCC","PreyNCC","03.FishPreyNCC","PreyNCC","03.FishPreyNCC"
"870","YH Common murre diet - Herring/Sardines - NoCC","CCIEA","comMurreDietHerrSard_Yaquina_NCC","CC_NCC_fish_35","prey",2018-01-01,0.1,0.1,0.1,-0.74242737965538,"03.FishPreyNCC","PreyNCC","03.FishPreyNCC","PreyNCC","03.FishPreyNCC"
"871","YH Common murre diet - Herring/Sardines - NoCC","CCIEA","comMurreDietHerrSard_Yaquina_NCC","CC_NCC_fish_35","prey",2019-01-01,0.065,0.065,0.065,-0.745650481418779,"03.FishPreyNCC","PreyNCC","03.FishPreyNCC","PreyNCC","03.FishPreyNCC"
"872","YH Common murre diet - Herring/Sardines - NoCC","CCIEA","comMurreDietHerrSard_Yaquina_NCC","CC_NCC_fish_35","prey",2020-01-01,0.099,0.099,0.099,-0.633873877826391,"03.FishPreyNCC","PreyNCC","03.FishPreyNCC","PreyNCC","03.FishPreyNCC"
"873","YH Common murre diet - Herring/Sardines - NoCC","CCIEA","comMurreDietHerrSard_Yaquina_NCC","CC_NCC_fish_35","prey",2021-01-01,0.091,0.091,0.091,-0.533458832512369,"03.FishPreyNCC","PreyNCC","03.FishPreyNCC","PreyNCC","03.FishPreyNCC"
"874","YH Common murre diet - Herring/Sardines - NoCC","CCIEA","comMurreDietHerrSard_Yaquina_NCC","CC_NCC_fish_35","prey",2022-01-01,NA,0.15035,0.15035,-0.287957860815268,"03.FishPreyNCC","PreyNCC","03.FishPreyNCC","PreyNCC","03.FishPreyNCC"
"875","YH Common murre diet - Herring/Sardines - NoCC","CCIEA","comMurreDietHerrSard_Yaquina_NCC","CC_NCC_fish_35","prey",2023-01-01,0.2097,0.2097,0.2097,-0.0675606504466734,"03.FishPreyNCC","PreyNCC","03.FishPreyNCC","PreyNCC","03.FishPreyNCC"
"876","YH Common murre diet - Herring/Sardines - NoCC","CCIEA","comMurreDietHerrSard_Yaquina_NCC","CC_NCC_fish_35","prey",2024-01-01,NA,NA,NA,NA,"03.FishPreyNCC","PreyNCC","03.FishPreyNCC","PreyNCC","03.FishPreyNCC"
"877","YH Common murre diet - Herring/Sardines - NoCC","CCIEA","comMurreDietHerrSard_Yaquina_NCC","CC_NCC_fish_35","prey",2025-01-01,NA,NA,NA,NA,"03.FishPreyNCC","PreyNCC","03.FishPreyNCC","PreyNCC","03.FishPreyNCC"
"878","YH Common murre diet - Herring/Sardines - NoCC","CCIEA","comMurreDietHerrSard_Yaquina_NCC","CC_NCC_fish_35","prey",2026-01-01,NA,NA,NA,NA,"03.FishPreyNCC","PreyNCC","03.FishPreyNCC","PreyNCC","03.FishPreyNCC"
"879","YH Common murre diet - Rockfish - NoCC","CCIEA","comMurreDietRock_Yaquina_NCC","CC_NCC_fish_36","prey",1998-01-01,0,0,0,-0.461789614942517,"03.FishPreyNCC","PreyNCC","03.FishPreyNCC","PreyNCC","03.FishPreyNCC"
"880","YH Common murre diet - Rockfish - NoCC","CCIEA","comMurreDietRock_Yaquina_NCC","CC_NCC_fish_36","prey",1999-01-01,0.001,0.001,0.001,-0.434032625433482,"03.FishPreyNCC","PreyNCC","03.FishPreyNCC","PreyNCC","03.FishPreyNCC"
"881","YH Common murre diet - Rockfish - NoCC","CCIEA","comMurreDietRock_Yaquina_NCC","CC_NCC_fish_36","prey",2000-01-01,0.0038,0.0038,0.0038,-0.393274953356017,"03.FishPreyNCC","PreyNCC","03.FishPreyNCC","PreyNCC","03.FishPreyNCC"
"882","YH Common murre diet - Rockfish - NoCC","CCIEA","comMurreDietRock_Yaquina_NCC","CC_NCC_fish_36","prey",2001-01-01,0.004,0.004,0.004,-0.378936371378995,"03.FishPreyNCC","PreyNCC","03.FishPreyNCC","PreyNCC","03.FishPreyNCC"
"883","YH Common murre diet - Rockfish - NoCC","CCIEA","comMurreDietRock_Yaquina_NCC","CC_NCC_fish_36","prey",2002-01-01,0.0033,0.0033,0.0033,-0.382405257864419,"03.FishPreyNCC","PreyNCC","03.FishPreyNCC","PreyNCC","03.FishPreyNCC"
"884","YH Common murre diet - Rockfish - NoCC","CCIEA","comMurreDietRock_Yaquina_NCC","CC_NCC_fish_36","prey",2003-01-01,NA,0.00264,0.00264,-0.387106138111128,"03.FishPreyNCC","PreyNCC","03.FishPreyNCC","PreyNCC","03.FishPreyNCC"
"885","YH Common murre diet - Rockfish - NoCC","CCIEA","comMurreDietRock_Yaquina_NCC","CC_NCC_fish_36","prey",2004-01-01,NA,0.00198,0.00198,-0.378840923247051,"03.FishPreyNCC","PreyNCC","03.FishPreyNCC","PreyNCC","03.FishPreyNCC"
"886","YH Common murre diet - Rockfish - NoCC","CCIEA","comMurreDietRock_Yaquina_NCC","CC_NCC_fish_36","prey",2005-01-01,NA,0.00132,0.00132,-0.330445429289332,"03.FishPreyNCC","PreyNCC","03.FishPreyNCC","PreyNCC","03.FishPreyNCC"
"887","YH Common murre diet - Rockfish - NoCC","CCIEA","comMurreDietRock_Yaquina_NCC","CC_NCC_fish_36","prey",2006-01-01,NA,0.00066,0.00066,-0.17462519316147,"03.FishPreyNCC","PreyNCC","03.FishPreyNCC","PreyNCC","03.FishPreyNCC"
"888","YH Common murre diet - Rockfish - NoCC","CCIEA","comMurreDietRock_Yaquina_NCC","CC_NCC_fish_36","prey",2007-01-01,0,0,0,0.263338990383176,"03.FishPreyNCC","PreyNCC","03.FishPreyNCC","PreyNCC","03.FishPreyNCC"
"889","YH Common murre diet - Rockfish - NoCC","CCIEA","comMurreDietRock_Yaquina_NCC","CC_NCC_fish_36","prey",2008-01-01,0.1301,0.1301,0.1301,1.44031027400803,"03.FishPreyNCC","PreyNCC","03.FishPreyNCC","PreyNCC","03.FishPreyNCC"
"890","YH Common murre diet - Rockfish - NoCC","CCIEA","comMurreDietRock_Yaquina_NCC","CC_NCC_fish_36","prey",2009-01-01,0,0,0,0.807872240802671,"03.FishPreyNCC","PreyNCC","03.FishPreyNCC","PreyNCC","03.FishPreyNCC"
"891","YH Common murre diet - Rockfish - NoCC","CCIEA","comMurreDietRock_Yaquina_NCC","CC_NCC_fish_36","prey",2010-01-01,0.1265,0.1265,0.1265,1.45897455809702,"03.FishPreyNCC","PreyNCC","03.FishPreyNCC","PreyNCC","03.FishPreyNCC"
"892","YH Common murre diet - Rockfish - NoCC","CCIEA","comMurreDietRock_Yaquina_NCC","CC_NCC_fish_36","prey",2011-01-01,0.0098,0.0098,0.0098,0.422417128752568,"03.FishPreyNCC","PreyNCC","03.FishPreyNCC","PreyNCC","03.FishPreyNCC"
"893","YH Common murre diet - Rockfish - NoCC","CCIEA","comMurreDietRock_Yaquina_NCC","CC_NCC_fish_36","prey",2012-01-01,0,0,0,0.00332388124553173,"03.FishPreyNCC","PreyNCC","03.FishPreyNCC","PreyNCC","03.FishPreyNCC"
"894","YH Common murre diet - Rockfish - NoCC","CCIEA","comMurreDietRock_Yaquina_NCC","CC_NCC_fish_36","prey",2013-01-01,0.0231,0.0231,0.0231,0.0632226246810617,"03.FishPreyNCC","PreyNCC","03.FishPreyNCC","PreyNCC","03.FishPreyNCC"
"895","YH Common murre diet - Rockfish - NoCC","CCIEA","comMurreDietRock_Yaquina_NCC","CC_NCC_fish_36","prey",2014-01-01,0.0246,0.0246,0.0246,0.00054818333738553,"03.FishPreyNCC","PreyNCC","03.FishPreyNCC","PreyNCC","03.FishPreyNCC"
"896","YH Common murre diet - Rockfish - NoCC","CCIEA","comMurreDietRock_Yaquina_NCC","CC_NCC_fish_36","prey",2015-01-01,0,0,0,-0.290326086671855,"03.FishPreyNCC","PreyNCC","03.FishPreyNCC","PreyNCC","03.FishPreyNCC"
"897","YH Common murre diet - Rockfish - NoCC","CCIEA","comMurreDietRock_Yaquina_NCC","CC_NCC_fish_36","prey",2016-01-01,0,0,0,-0.395858333655915,"03.FishPreyNCC","PreyNCC","03.FishPreyNCC","PreyNCC","03.FishPreyNCC"
"898","YH Common murre diet - Rockfish - NoCC","CCIEA","comMurreDietRock_Yaquina_NCC","CC_NCC_fish_36","prey",2017-01-01,0,0,0,-0.421580804598858,"03.FishPreyNCC","PreyNCC","03.FishPreyNCC","PreyNCC","03.FishPreyNCC"
"899","YH Common murre diet - Rockfish - NoCC","CCIEA","comMurreDietRock_Yaquina_NCC","CC_NCC_fish_36","prey",2018-01-01,0,0,0,-0.393215970443623,"03.FishPreyNCC","PreyNCC","03.FishPreyNCC","PreyNCC","03.FishPreyNCC"
"900","YH Common murre diet - Rockfish - NoCC","CCIEA","comMurreDietRock_Yaquina_NCC","CC_NCC_fish_36","prey",2019-01-01,0.01,0.01,0.01,-0.282398997034979,"03.FishPreyNCC","PreyNCC","03.FishPreyNCC","PreyNCC","03.FishPreyNCC"
"901","YH Common murre diet - Rockfish - NoCC","CCIEA","comMurreDietRock_Yaquina_NCC","CC_NCC_fish_36","prey",2020-01-01,0,0,0,-0.264660927915491,"03.FishPreyNCC","PreyNCC","03.FishPreyNCC","PreyNCC","03.FishPreyNCC"
"902","YH Common murre diet - Rockfish - NoCC","CCIEA","comMurreDietRock_Yaquina_NCC","CC_NCC_fish_36","prey",2021-01-01,0.011,0.011,0.011,-0.0359156770144601,"03.FishPreyNCC","PreyNCC","03.FishPreyNCC","PreyNCC","03.FishPreyNCC"
"903","YH Common murre diet - Rockfish - NoCC","CCIEA","comMurreDietRock_Yaquina_NCC","CC_NCC_fish_36","prey",2022-01-01,NA,0.0297,0.0297,0.317599187922811,"03.FishPreyNCC","PreyNCC","03.FishPreyNCC","PreyNCC","03.FishPreyNCC"
"904","YH Common murre diet - Rockfish - NoCC","CCIEA","comMurreDietRock_Yaquina_NCC","CC_NCC_fish_36","prey",2023-01-01,0.0484,0.0484,0.0484,0.613927740134824,"03.FishPreyNCC","PreyNCC","03.FishPreyNCC","PreyNCC","03.FishPreyNCC"
"905","YH Common murre diet - Rockfish - NoCC","CCIEA","comMurreDietRock_Yaquina_NCC","CC_NCC_fish_36","prey",2024-01-01,NA,NA,NA,NA,"03.FishPreyNCC","PreyNCC","03.FishPreyNCC","PreyNCC","03.FishPreyNCC"
"906","YH Common murre diet - Rockfish - NoCC","CCIEA","comMurreDietRock_Yaquina_NCC","CC_NCC_fish_36","prey",2025-01-01,NA,NA,NA,NA,"03.FishPreyNCC","PreyNCC","03.FishPreyNCC","PreyNCC","03.FishPreyNCC"
"907","YH Common murre diet - Rockfish - NoCC","CCIEA","comMurreDietRock_Yaquina_NCC","CC_NCC_fish_36","prey",2026-01-01,NA,NA,NA,NA,"03.FishPreyNCC","PreyNCC","03.FishPreyNCC","PreyNCC","03.FishPreyNCC"
"908","YH Common murre diet - Sandlance - NoCC","CCIEA","comMurreDietSLance_Yaquina_NCC","CC_NCC_fish_37","prey",1998-01-01,0.1905,0.1905,0.1905,0.160213843171625,"03.FishPreyNCC","PreyNCC","03.FishPreyNCC","PreyNCC","03.FishPreyNCC"
"909","YH Common murre diet - Sandlance - NoCC","CCIEA","comMurreDietSLance_Yaquina_NCC","CC_NCC_fish_37","prey",1999-01-01,0.3819,0.3819,0.3819,0.661755261504524,"03.FishPreyNCC","PreyNCC","03.FishPreyNCC","PreyNCC","03.FishPreyNCC"
"910","YH Common murre diet - Sandlance - NoCC","CCIEA","comMurreDietSLance_Yaquina_NCC","CC_NCC_fish_37","prey",2000-01-01,0.2887,0.2887,0.2887,0.749186682484577,"03.FishPreyNCC","PreyNCC","03.FishPreyNCC","PreyNCC","03.FishPreyNCC"
"911","YH Common murre diet - Sandlance - NoCC","CCIEA","comMurreDietSLance_Yaquina_NCC","CC_NCC_fish_37","prey",2001-01-01,0.4915,0.4915,0.4915,1.07791519081297,"03.FishPreyNCC","PreyNCC","03.FishPreyNCC","PreyNCC","03.FishPreyNCC"
"912","YH Common murre diet - Sandlance - NoCC","CCIEA","comMurreDietSLance_Yaquina_NCC","CC_NCC_fish_37","prey",2002-01-01,0.3318,0.3318,0.3318,0.74077375187125,"03.FishPreyNCC","PreyNCC","03.FishPreyNCC","PreyNCC","03.FishPreyNCC"
"913","YH Common murre diet - Sandlance - NoCC","CCIEA","comMurreDietSLance_Yaquina_NCC","CC_NCC_fish_37","prey",2003-01-01,NA,0.26544,0.26544,0.373858195990931,"03.FishPreyNCC","PreyNCC","03.FishPreyNCC","PreyNCC","03.FishPreyNCC"
"914","YH Common murre diet - Sandlance - NoCC","CCIEA","comMurreDietSLance_Yaquina_NCC","CC_NCC_fish_37","prey",2004-01-01,NA,0.19908,0.19908,0.0146613905163067,"03.FishPreyNCC","PreyNCC","03.FishPreyNCC","PreyNCC","03.FishPreyNCC"
"915","YH Common murre diet - Sandlance - NoCC","CCIEA","comMurreDietSLance_Yaquina_NCC","CC_NCC_fish_37","prey",2005-01-01,NA,0.13272,0.13272,-0.291605046802629,"03.FishPreyNCC","PreyNCC","03.FishPreyNCC","PreyNCC","03.FishPreyNCC"
"916","YH Common murre diet - Sandlance - NoCC","CCIEA","comMurreDietSLance_Yaquina_NCC","CC_NCC_fish_37","prey",2006-01-01,NA,0.06636,0.06636,-0.446799130060195,"03.FishPreyNCC","PreyNCC","03.FishPreyNCC","PreyNCC","03.FishPreyNCC"
"917","YH Common murre diet - Sandlance - NoCC","CCIEA","comMurreDietSLance_Yaquina_NCC","CC_NCC_fish_37","prey",2007-01-01,0,0,0,-0.201706519289342,"03.FishPreyNCC","PreyNCC","03.FishPreyNCC","PreyNCC","03.FishPreyNCC"
"918","YH Common murre diet - Sandlance - NoCC","CCIEA","comMurreDietSLance_Yaquina_NCC","CC_NCC_fish_37","prey",2008-01-01,0.7055,0.7055,0.7055,1.0931738195054,"03.FishPreyNCC","PreyNCC","03.FishPreyNCC","PreyNCC","03.FishPreyNCC"
"919","YH Common murre diet - Sandlance - NoCC","CCIEA","comMurreDietSLance_Yaquina_NCC","CC_NCC_fish_37","prey",2009-01-01,0.2991,0.2991,0.2991,0.433292710577378,"03.FishPreyNCC","PreyNCC","03.FishPreyNCC","PreyNCC","03.FishPreyNCC"
"920","YH Common murre diet - Sandlance - NoCC","CCIEA","comMurreDietSLance_Yaquina_NCC","CC_NCC_fish_37","prey",2010-01-01,0.0274,0.0274,0.0274,-0.364564541522163,"03.FishPreyNCC","PreyNCC","03.FishPreyNCC","PreyNCC","03.FishPreyNCC"
"921","YH Common murre diet - Sandlance - NoCC","CCIEA","comMurreDietSLance_Yaquina_NCC","CC_NCC_fish_37","prey",2011-01-01,0.1629,0.1629,0.1629,-0.442472057637062,"03.FishPreyNCC","PreyNCC","03.FishPreyNCC","PreyNCC","03.FishPreyNCC"
"922","YH Common murre diet - Sandlance - NoCC","CCIEA","comMurreDietSLance_Yaquina_NCC","CC_NCC_fish_37","prey",2012-01-01,0.0542,0.0542,0.0542,-0.704095963691374,"03.FishPreyNCC","PreyNCC","03.FishPreyNCC","PreyNCC","03.FishPreyNCC"
"923","YH Common murre diet - Sandlance - NoCC","CCIEA","comMurreDietSLance_Yaquina_NCC","CC_NCC_fish_37","prey",2013-01-01,0.0962,0.0962,0.0962,-0.748625030047491,"03.FishPreyNCC","PreyNCC","03.FishPreyNCC","PreyNCC","03.FishPreyNCC"
"924","YH Common murre diet - Sandlance - NoCC","CCIEA","comMurreDietSLance_Yaquina_NCC","CC_NCC_fish_37","prey",2014-01-01,0.0164,0.0164,0.0164,-0.876543021304957,"03.FishPreyNCC","PreyNCC","03.FishPreyNCC","PreyNCC","03.FishPreyNCC"
"925","YH Common murre diet - Sandlance - NoCC","CCIEA","comMurreDietSLance_Yaquina_NCC","CC_NCC_fish_37","prey",2015-01-01,0.0417,0.0417,0.0417,-0.729454002058727,"03.FishPreyNCC","PreyNCC","03.FishPreyNCC","PreyNCC","03.FishPreyNCC"
"926","YH Common murre diet - Sandlance - NoCC","CCIEA","comMurreDietSLance_Yaquina_NCC","CC_NCC_fish_37","prey",2016-01-01,0.1552,0.1552,0.1552,-0.314451187956825,"03.FishPreyNCC","PreyNCC","03.FishPreyNCC","PreyNCC","03.FishPreyNCC"
"927","YH Common murre diet - Sandlance - NoCC","CCIEA","comMurreDietSLance_Yaquina_NCC","CC_NCC_fish_37","prey",2017-01-01,0.3488,0.3488,0.3488,0.0917811338971944,"03.FishPreyNCC","PreyNCC","03.FishPreyNCC","PreyNCC","03.FishPreyNCC"
"928","YH Common murre diet - Sandlance - NoCC","CCIEA","comMurreDietSLance_Yaquina_NCC","CC_NCC_fish_37","prey",2018-01-01,0.1,0.1,0.1,-0.284353990355211,"03.FishPreyNCC","PreyNCC","03.FishPreyNCC","PreyNCC","03.FishPreyNCC"
"929","YH Common murre diet - Sandlance - NoCC","CCIEA","comMurreDietSLance_Yaquina_NCC","CC_NCC_fish_37","prey",2019-01-01,0.067,0.067,0.067,-0.302764805848234,"03.FishPreyNCC","PreyNCC","03.FishPreyNCC","PreyNCC","03.FishPreyNCC"
"930","YH Common murre diet - Sandlance - NoCC","CCIEA","comMurreDietSLance_Yaquina_NCC","CC_NCC_fish_37","prey",2020-01-01,0.351,0.351,0.351,0.219245134830651,"03.FishPreyNCC","PreyNCC","03.FishPreyNCC","PreyNCC","03.FishPreyNCC"
"931","YH Common murre diet - Sandlance - NoCC","CCIEA","comMurreDietSLance_Yaquina_NCC","CC_NCC_fish_37","prey",2021-01-01,0.216,0.216,0.216,0.0729444794761977,"03.FishPreyNCC","PreyNCC","03.FishPreyNCC","PreyNCC","03.FishPreyNCC"
"932","YH Common murre diet - Sandlance - NoCC","CCIEA","comMurreDietSLance_Yaquina_NCC","CC_NCC_fish_37","prey",2022-01-01,NA,0.18865,0.18865,-0.0652558971978862,"03.FishPreyNCC","PreyNCC","03.FishPreyNCC","PreyNCC","03.FishPreyNCC"
"933","YH Common murre diet - Sandlance - NoCC","CCIEA","comMurreDietSLance_Yaquina_NCC","CC_NCC_fish_37","prey",2023-01-01,0.1613,0.1613,0.1613,-0.166881110033357,"03.FishPreyNCC","PreyNCC","03.FishPreyNCC","PreyNCC","03.FishPreyNCC"
"934","YH Common murre diet - Sandlance - NoCC","CCIEA","comMurreDietSLance_Yaquina_NCC","CC_NCC_fish_37","prey",2024-01-01,NA,NA,NA,NA,"03.FishPreyNCC","PreyNCC","03.FishPreyNCC","PreyNCC","03.FishPreyNCC"
"935","YH Common murre diet - Sandlance - NoCC","CCIEA","comMurreDietSLance_Yaquina_NCC","CC_NCC_fish_37","prey",2025-01-01,NA,NA,NA,NA,"03.FishPreyNCC","PreyNCC","03.FishPreyNCC","PreyNCC","03.FishPreyNCC"
"936","YH Common murre diet - Sandlance - NoCC","CCIEA","comMurreDietSLance_Yaquina_NCC","CC_NCC_fish_37","prey",2026-01-01,NA,NA,NA,NA,"03.FishPreyNCC","PreyNCC","03.FishPreyNCC","PreyNCC","03.FishPreyNCC"
"937","YH Common murre diet - Smelt - NoCC","CCIEA","comMurreDietSmelt_Yaquina_NCC","CC_NCC_fish_38","prey",1998-01-01,0.1587,0.1587,0.1587,-1.28952802604191,"03.FishPreyNCC","PreyNCC","03.FishPreyNCC","PreyNCC","03.FishPreyNCC"
"938","YH Common murre diet - Smelt - NoCC","CCIEA","comMurreDietSmelt_Yaquina_NCC","CC_NCC_fish_38","prey",1999-01-01,0.1996,0.1996,0.1996,-0.95345706254497,"03.FishPreyNCC","PreyNCC","03.FishPreyNCC","PreyNCC","03.FishPreyNCC"
"939","YH Common murre diet - Smelt - NoCC","CCIEA","comMurreDietSmelt_Yaquina_NCC","CC_NCC_fish_38","prey",2000-01-01,0.5462,0.5462,0.5462,-0.327315548133933,"03.FishPreyNCC","PreyNCC","03.FishPreyNCC","PreyNCC","03.FishPreyNCC"
"940","YH Common murre diet - Smelt - NoCC","CCIEA","comMurreDietSmelt_Yaquina_NCC","CC_NCC_fish_38","prey",2001-01-01,0.2693,0.2693,0.2693,-0.598772261190662,"03.FishPreyNCC","PreyNCC","03.FishPreyNCC","PreyNCC","03.FishPreyNCC"
"941","YH Common murre diet - Smelt - NoCC","CCIEA","comMurreDietSmelt_Yaquina_NCC","CC_NCC_fish_38","prey",2002-01-01,0.3285,0.3285,0.3285,-0.590224278088808,"03.FishPreyNCC","PreyNCC","03.FishPreyNCC","PreyNCC","03.FishPreyNCC"
"942","YH Common murre diet - Smelt - NoCC","CCIEA","comMurreDietSmelt_Yaquina_NCC","CC_NCC_fish_38","prey",2003-01-01,NA,0.32392,0.32392,-0.602926181604589,"03.FishPreyNCC","PreyNCC","03.FishPreyNCC","PreyNCC","03.FishPreyNCC"
"943","YH Common murre diet - Smelt - NoCC","CCIEA","comMurreDietSmelt_Yaquina_NCC","CC_NCC_fish_38","prey",2004-01-01,NA,0.31934,0.31934,-0.62561204160984,"03.FishPreyNCC","PreyNCC","03.FishPreyNCC","PreyNCC","03.FishPreyNCC"
"944","YH Common murre diet - Smelt - NoCC","CCIEA","comMurreDietSmelt_Yaquina_NCC","CC_NCC_fish_38","prey",2005-01-01,NA,0.31476,0.31476,-0.656999884465868,"03.FishPreyNCC","PreyNCC","03.FishPreyNCC","PreyNCC","03.FishPreyNCC"
"945","YH Common murre diet - Smelt - NoCC","CCIEA","comMurreDietSmelt_Yaquina_NCC","CC_NCC_fish_38","prey",2006-01-01,NA,0.31018,0.31018,-0.704509719384755,"03.FishPreyNCC","PreyNCC","03.FishPreyNCC","PreyNCC","03.FishPreyNCC"
"946","YH Common murre diet - Smelt - NoCC","CCIEA","comMurreDietSmelt_Yaquina_NCC","CC_NCC_fish_38","prey",2007-01-01,0.3056,0.3056,0.3056,-0.791683547641443,"03.FishPreyNCC","PreyNCC","03.FishPreyNCC","PreyNCC","03.FishPreyNCC"
"947","YH Common murre diet - Smelt - NoCC","CCIEA","comMurreDietSmelt_Yaquina_NCC","CC_NCC_fish_38","prey",2008-01-01,0.089,0.089,0.089,-0.981727363848674,"03.FishPreyNCC","PreyNCC","03.FishPreyNCC","PreyNCC","03.FishPreyNCC"
"948","YH Common murre diet - Smelt - NoCC","CCIEA","comMurreDietSmelt_Yaquina_NCC","CC_NCC_fish_38","prey",2009-01-01,0.3458,0.3458,0.3458,-0.331184380004379,"03.FishPreyNCC","PreyNCC","03.FishPreyNCC","PreyNCC","03.FishPreyNCC"
"949","YH Common murre diet - Smelt - NoCC","CCIEA","comMurreDietSmelt_Yaquina_NCC","CC_NCC_fish_38","prey",2010-01-01,0.7179,0.7179,0.7179,0.466615095210585,"03.FishPreyNCC","PreyNCC","03.FishPreyNCC","PreyNCC","03.FishPreyNCC"
"950","YH Common murre diet - Smelt - NoCC","CCIEA","comMurreDietSmelt_Yaquina_NCC","CC_NCC_fish_38","prey",2011-01-01,0.3583,0.3583,0.3583,0.262214882226876,"03.FishPreyNCC","PreyNCC","03.FishPreyNCC","PreyNCC","03.FishPreyNCC"
"951","YH Common murre diet - Smelt - NoCC","CCIEA","comMurreDietSmelt_Yaquina_NCC","CC_NCC_fish_38","prey",2012-01-01,0.6404,0.6404,0.6404,0.733056029712051,"03.FishPreyNCC","PreyNCC","03.FishPreyNCC","PreyNCC","03.FishPreyNCC"
"952","YH Common murre diet - Smelt - NoCC","CCIEA","comMurreDietSmelt_Yaquina_NCC","CC_NCC_fish_38","prey",2013-01-01,0.55,0.55,0.55,0.873707660924862,"03.FishPreyNCC","PreyNCC","03.FishPreyNCC","PreyNCC","03.FishPreyNCC"
"953","YH Common murre diet - Smelt - NoCC","CCIEA","comMurreDietSmelt_Yaquina_NCC","CC_NCC_fish_38","prey",2014-01-01,0.8115,0.8115,0.8115,1.29789829821626,"03.FishPreyNCC","PreyNCC","03.FishPreyNCC","PreyNCC","03.FishPreyNCC"
"954","YH Common murre diet - Smelt - NoCC","CCIEA","comMurreDietSmelt_Yaquina_NCC","CC_NCC_fish_38","prey",2015-01-01,0.5625,0.5625,0.5625,1.06134947453445,"03.FishPreyNCC","PreyNCC","03.FishPreyNCC","PreyNCC","03.FishPreyNCC"
"955","YH Common murre diet - Smelt - NoCC","CCIEA","comMurreDietSmelt_Yaquina_NCC","CC_NCC_fish_38","prey",2016-01-01,0.819,0.819,0.819,1.23056707740779,"03.FishPreyNCC","PreyNCC","03.FishPreyNCC","PreyNCC","03.FishPreyNCC"
"956","YH Common murre diet - Smelt - NoCC","CCIEA","comMurreDietSmelt_Yaquina_NCC","CC_NCC_fish_38","prey",2017-01-01,0.5349,0.5349,0.5349,0.63246536261964,"03.FishPreyNCC","PreyNCC","03.FishPreyNCC","PreyNCC","03.FishPreyNCC"
"957","YH Common murre diet - Smelt - NoCC","CCIEA","comMurreDietSmelt_Yaquina_NCC","CC_NCC_fish_38","prey",2018-01-01,0.309,0.309,0.309,0.155680942509563,"03.FishPreyNCC","PreyNCC","03.FishPreyNCC","PreyNCC","03.FishPreyNCC"
"958","YH Common murre diet - Smelt - NoCC","CCIEA","comMurreDietSmelt_Yaquina_NCC","CC_NCC_fish_38","prey",2019-01-01,0.647,0.647,0.647,0.505598309667763,"03.FishPreyNCC","PreyNCC","03.FishPreyNCC","PreyNCC","03.FishPreyNCC"
"959","YH Common murre diet - Smelt - NoCC","CCIEA","comMurreDietSmelt_Yaquina_NCC","CC_NCC_fish_38","prey",2020-01-01,0.46,0.46,0.46,0.263329640935065,"03.FishPreyNCC","PreyNCC","03.FishPreyNCC","PreyNCC","03.FishPreyNCC"
"960","YH Common murre diet - Smelt - NoCC","CCIEA","comMurreDietSmelt_Yaquina_NCC","CC_NCC_fish_38","prey",2021-01-01,0.432,0.432,0.432,0.165205588849035,"03.FishPreyNCC","PreyNCC","03.FishPreyNCC","PreyNCC","03.FishPreyNCC"
"961","YH Common murre diet - Smelt - NoCC","CCIEA","comMurreDietSmelt_Yaquina_NCC","CC_NCC_fish_38","prey",2022-01-01,NA,0.48215,0.48215,0.25963034194165,"03.FishPreyNCC","PreyNCC","03.FishPreyNCC","PreyNCC","03.FishPreyNCC"
"962","YH Common murre diet - Smelt - NoCC","CCIEA","comMurreDietSmelt_Yaquina_NCC","CC_NCC_fish_38","prey",2023-01-01,0.5323,0.5323,0.5323,0.378586108055772,"03.FishPreyNCC","PreyNCC","03.FishPreyNCC","PreyNCC","03.FishPreyNCC"
"963","YH Common murre diet - Smelt - NoCC","CCIEA","comMurreDietSmelt_Yaquina_NCC","CC_NCC_fish_38","prey",2024-01-01,NA,NA,NA,NA,"03.FishPreyNCC","PreyNCC","03.FishPreyNCC","PreyNCC","03.FishPreyNCC"
"964","YH Common murre diet - Smelt - NoCC","CCIEA","comMurreDietSmelt_Yaquina_NCC","CC_NCC_fish_38","prey",2025-01-01,NA,NA,NA,NA,"03.FishPreyNCC","PreyNCC","03.FishPreyNCC","PreyNCC","03.FishPreyNCC"
"965","YH Common murre diet - Smelt - NoCC","CCIEA","comMurreDietSmelt_Yaquina_NCC","CC_NCC_fish_38","prey",2026-01-01,NA,NA,NA,NA,"03.FishPreyNCC","PreyNCC","03.FishPreyNCC","PreyNCC","03.FishPreyNCC"
"966","Habitat compression index - 43.5-48N","CCIEA","habCompInd","CC_NCC_habitat_78","",1998-01-01,0.06932071425,0.06932071425,0.06932071425,-0.742073179585939,"01.ZooPreyNCC_JSOES_1","PreyNCC","01.ZooPreyNCC_JSOES_1","PreyNCC",NA
"967","Habitat compression index - 43.5-48N","CCIEA","habCompInd","CC_NCC_habitat_78","",1999-01-01,0.963251675,0.963251675,0.963251675,0.390265553007939,"01.ZooPreyNCC_JSOES_1","PreyNCC","01.ZooPreyNCC_JSOES_1","PreyNCC",NA
"968","Habitat compression index - 43.5-48N","CCIEA","habCompInd","CC_NCC_habitat_78","",2000-01-01,0.4643652575,0.4643652575,0.4643652575,0.330234451396476,"01.ZooPreyNCC_JSOES_1","PreyNCC","01.ZooPreyNCC_JSOES_1","PreyNCC",NA
"969","Habitat compression index - 43.5-48N","CCIEA","habCompInd","CC_NCC_habitat_78","",2001-01-01,0.79398662,0.79398662,0.79398662,0.631148185393485,"01.ZooPreyNCC_JSOES_1","PreyNCC","01.ZooPreyNCC_JSOES_1","PreyNCC",NA
"970","Habitat compression index - 43.5-48N","CCIEA","habCompInd","CC_NCC_habitat_78","",2002-01-01,0.8839086825,0.8839086825,0.8839086825,0.527959956284512,"01.ZooPreyNCC_JSOES_1","PreyNCC","01.ZooPreyNCC_JSOES_1","PreyNCC",NA
"971","Habitat compression index - 43.5-48N","CCIEA","habCompInd","CC_NCC_habitat_78","",2003-01-01,0.192371935,0.192371935,0.192371935,-0.373316879674974,"01.ZooPreyNCC_JSOES_1","PreyNCC","01.ZooPreyNCC_JSOES_1","PreyNCC",NA
"972","Habitat compression index - 43.5-48N","CCIEA","habCompInd","CC_NCC_habitat_78","",2004-01-01,0.13418708725,0.13418708725,0.13418708725,-0.737602648769965,"01.ZooPreyNCC_JSOES_1","PreyNCC","01.ZooPreyNCC_JSOES_1","PreyNCC",NA
"973","Habitat compression index - 43.5-48N","CCIEA","habCompInd","CC_NCC_habitat_78","",2005-01-01,0.06987750525,0.06987750525,0.06987750525,-0.741019492492809,"01.ZooPreyNCC_JSOES_1","PreyNCC","01.ZooPreyNCC_JSOES_1","PreyNCC",NA
"974","Habitat compression index - 43.5-48N","CCIEA","habCompInd","CC_NCC_habitat_78","",2006-01-01,0.3621937675,0.3621937675,0.3621937675,-0.179013885876514,"01.ZooPreyNCC_JSOES_1","PreyNCC","01.ZooPreyNCC_JSOES_1","PreyNCC",NA
"975","Habitat compression index - 43.5-48N","CCIEA","habCompInd","CC_NCC_habitat_78","",2007-01-01,0.71770603,0.71770603,0.71770603,0.565099983295563,"01.ZooPreyNCC_JSOES_1","PreyNCC","01.ZooPreyNCC_JSOES_1","PreyNCC",NA
"976","Habitat compression index - 43.5-48N","CCIEA","habCompInd","CC_NCC_habitat_78","",2008-01-01,1,1,1,1.08574702639939,"01.ZooPreyNCC_JSOES_1","PreyNCC","01.ZooPreyNCC_JSOES_1","PreyNCC",NA
"977","Habitat compression index - 43.5-48N","CCIEA","habCompInd","CC_NCC_habitat_78","",2009-01-01,0.834632515,0.834632515,0.834632515,0.990665522494632,"01.ZooPreyNCC_JSOES_1","PreyNCC","01.ZooPreyNCC_JSOES_1","PreyNCC",NA
"978","Habitat compression index - 43.5-48N","CCIEA","habCompInd","CC_NCC_habitat_78","",2010-01-01,0.61247216,0.61247216,0.61247216,0.719554878315319,"01.ZooPreyNCC_JSOES_1","PreyNCC","01.ZooPreyNCC_JSOES_1","PreyNCC",NA
"979","Habitat compression index - 43.5-48N","CCIEA","habCompInd","CC_NCC_habitat_78","",2011-01-01,0.71492203,0.71492203,0.71492203,0.719747479487798,"01.ZooPreyNCC_JSOES_1","PreyNCC","01.ZooPreyNCC_JSOES_1","PreyNCC",NA
"980","Habitat compression index - 43.5-48N","CCIEA","habCompInd","CC_NCC_habitat_78","",2012-01-01,0.8482739475,0.8482739475,0.8482739475,0.66012391156414,"01.ZooPreyNCC_JSOES_1","PreyNCC","01.ZooPreyNCC_JSOES_1","PreyNCC",NA
"981","Habitat compression index - 43.5-48N","CCIEA","habCompInd","CC_NCC_habitat_78","",2013-01-01,0.4949888475,0.4949888475,0.4949888475,0.0498146462912961,"01.ZooPreyNCC_JSOES_1","PreyNCC","01.ZooPreyNCC_JSOES_1","PreyNCC",NA
"982","Habitat compression index - 43.5-48N","CCIEA","habCompInd","CC_NCC_habitat_78","",2014-01-01,0.207683735,0.207683735,0.207683735,-0.57900303116035,"01.ZooPreyNCC_JSOES_1","PreyNCC","01.ZooPreyNCC_JSOES_1","PreyNCC",NA
"983","Habitat compression index - 43.5-48N","CCIEA","habCompInd","CC_NCC_habitat_78","",2015-01-01,0.1255567925,0.1255567925,0.1255567925,-0.926032530743393,"01.ZooPreyNCC_JSOES_1","PreyNCC","01.ZooPreyNCC_JSOES_1","PreyNCC",NA
"984","Habitat compression index - 43.5-48N","CCIEA","habCompInd","CC_NCC_habitat_78","",2016-01-01,0.0464922035,0.0464922035,0.0464922035,-1.07271352887745,"01.ZooPreyNCC_JSOES_1","PreyNCC","01.ZooPreyNCC_JSOES_1","PreyNCC",NA
"985","Habitat compression index - 43.5-48N","CCIEA","habCompInd","CC_NCC_habitat_78","",2017-01-01,0.19209354,0.19209354,0.19209354,-0.910040527014925,"01.ZooPreyNCC_JSOES_1","PreyNCC","01.ZooPreyNCC_JSOES_1","PreyNCC",NA
"986","Habitat compression index - 43.5-48N","CCIEA","habCompInd","CC_NCC_habitat_78","",2018-01-01,0.23663698325,0.23663698325,0.23663698325,-0.746199805719342,"01.ZooPreyNCC_JSOES_1","PreyNCC","01.ZooPreyNCC_JSOES_1","PreyNCC",NA
"987","Habitat compression index - 43.5-48N","CCIEA","habCompInd","CC_NCC_habitat_78","",2019-01-01,0.27060134,0.27060134,0.27060134,-0.561399415702639,"01.ZooPreyNCC_JSOES_1","PreyNCC","01.ZooPreyNCC_JSOES_1","PreyNCC",NA
"988","Habitat compression index - 43.5-48N","CCIEA","habCompInd","CC_NCC_habitat_78","",2020-01-01,0.34187082875,0.34187082875,0.34187082875,-0.280676095039083,"01.ZooPreyNCC_JSOES_1","PreyNCC","01.ZooPreyNCC_JSOES_1","PreyNCC",NA
"989","Habitat compression index - 43.5-48N","CCIEA","habCompInd","CC_NCC_habitat_78","",2021-01-01,0.5587416625,0.5587416625,0.5587416625,0.146215507855972,"01.ZooPreyNCC_JSOES_1","PreyNCC","01.ZooPreyNCC_JSOES_1","PreyNCC",NA
"990","Habitat compression index - 43.5-48N","CCIEA","habCompInd","CC_NCC_habitat_78","",2022-01-01,0.754454335,0.754454335,0.754454335,0.444829716884538,"01.ZooPreyNCC_JSOES_1","PreyNCC","01.ZooPreyNCC_JSOES_1","PreyNCC",NA
"991","Habitat compression index - 43.5-48N","CCIEA","habCompInd","CC_NCC_habitat_78","",2023-01-01,0.677060135,0.677060135,0.677060135,0.280866711917001,"01.ZooPreyNCC_JSOES_1","PreyNCC","01.ZooPreyNCC_JSOES_1","PreyNCC",NA
"992","Habitat compression index - 43.5-48N","CCIEA","habCompInd","CC_NCC_habitat_78","",2024-01-01,0.2266147035,0.2266147035,0.2266147035,-0.259351876227629,"01.ZooPreyNCC_JSOES_1","PreyNCC","01.ZooPreyNCC_JSOES_1","PreyNCC",NA
"993","Habitat compression index - 43.5-48N","CCIEA","habCompInd","CC_NCC_habitat_78","",2025-01-01,NA,NA,NA,NA,"01.ZooPreyNCC_JSOES_1","PreyNCC","01.ZooPreyNCC_JSOES_1","PreyNCC",NA
"994","Habitat compression index - 43.5-48N","CCIEA","habCompInd","CC_NCC_habitat_78","",2026-01-01,NA,NA,NA,NA,"01.ZooPreyNCC_JSOES_1","PreyNCC","01.ZooPreyNCC_JSOES_1","PreyNCC",NA
"995","Pacific herring - NCC","CCIEA","herring_NCC","CC_NCC_fish_40","prey",1998-01-01,0.411764705882353,0.411764705882353,0.411764705882353,0.860026613689546,"05.ForageFishNCC_2","PreyNCC","05.ForageFishNCC_2","PreyNCC",NA
"996","Pacific herring - NCC","CCIEA","herring_NCC","CC_NCC_fish_40","prey",1999-01-01,0.241379310344828,0.241379310344828,0.241379310344828,0.180339012402128,"05.ForageFishNCC_2","PreyNCC","05.ForageFishNCC_2","PreyNCC",NA
"997","Pacific herring - NCC","CCIEA","herring_NCC","CC_NCC_fish_40","prey",2000-01-01,0.192307692307692,0.192307692307692,0.192307692307692,-0.207909799059202,"05.ForageFishNCC_2","PreyNCC","05.ForageFishNCC_2","PreyNCC",NA
"998","Pacific herring - NCC","CCIEA","herring_NCC","CC_NCC_fish_40","prey",2001-01-01,0.162162162162162,0.162162162162162,0.162162162162162,-0.315404414841075,"05.ForageFishNCC_2","PreyNCC","05.ForageFishNCC_2","PreyNCC",NA
"999","Pacific herring - NCC","CCIEA","herring_NCC","CC_NCC_fish_40","prey",2002-01-01,0.176470588235294,0.176470588235294,0.176470588235294,-0.0176953259907733,"05.ForageFishNCC_2","PreyNCC","05.ForageFishNCC_2","PreyNCC",NA
"1000","Pacific herring - NCC","CCIEA","herring_NCC","CC_NCC_fish_40","prey",2003-01-01,0.552631578947368,0.552631578947368,0.552631578947368,0.872835430200231,"05.ForageFishNCC_2","PreyNCC","05.ForageFishNCC_2","PreyNCC",NA
"1001","Pacific herring - NCC","CCIEA","herring_NCC","CC_NCC_fish_40","prey",2004-01-01,0.307692307692308,0.307692307692308,0.307692307692308,0.352480846353672,"05.ForageFishNCC_2","PreyNCC","05.ForageFishNCC_2","PreyNCC",NA
"1002","Pacific herring - NCC","CCIEA","herring_NCC","CC_NCC_fish_40","prey",2005-01-01,0.181818181818182,0.181818181818182,0.181818181818182,-0.21451502900538,"05.ForageFishNCC_2","PreyNCC","05.ForageFishNCC_2","PreyNCC",NA
"1003","Pacific herring - NCC","CCIEA","herring_NCC","CC_NCC_fish_40","prey",2006-01-01,0.116279069767442,0.116279069767442,0.116279069767442,-0.426654108394354,"05.ForageFishNCC_2","PreyNCC","05.ForageFishNCC_2","PreyNCC",NA
"1004","Pacific herring - NCC","CCIEA","herring_NCC","CC_NCC_fish_40","prey",2007-01-01,0.295454545454545,0.295454545454545,0.295454545454545,0.00819205725407124,"05.ForageFishNCC_2","PreyNCC","05.ForageFishNCC_2","PreyNCC",NA
"1005","Pacific herring - NCC","CCIEA","herring_NCC","CC_NCC_fish_40","prey",2008-01-01,0.355555555555556,0.355555555555556,0.355555555555556,0.146267277566677,"05.ForageFishNCC_2","PreyNCC","05.ForageFishNCC_2","PreyNCC",NA
"1006","Pacific herring - NCC","CCIEA","herring_NCC","CC_NCC_fish_40","prey",2009-01-01,0.177777777777778,0.177777777777778,0.177777777777778,-0.336779202611836,"05.ForageFishNCC_2","PreyNCC","05.ForageFishNCC_2","PreyNCC",NA
"1007","Pacific herring - NCC","CCIEA","herring_NCC","CC_NCC_fish_40","prey",2010-01-01,0.2,0.2,0.2,-0.556145599891072,"05.ForageFishNCC_2","PreyNCC","05.ForageFishNCC_2","PreyNCC",NA
"1008","Pacific herring - NCC","CCIEA","herring_NCC","CC_NCC_fish_40","prey",2011-01-01,0.0909090909090909,0.0909090909090909,0.0909090909090909,-0.902179344496377,"05.ForageFishNCC_2","PreyNCC","05.ForageFishNCC_2","PreyNCC",NA
"1009","Pacific herring - NCC","CCIEA","herring_NCC","CC_NCC_fish_40","prey",2012-01-01,0.0681818181818182,0.0681818181818182,0.0681818181818182,-0.881552746570319,"05.ForageFishNCC_2","PreyNCC","05.ForageFishNCC_2","PreyNCC",NA
"1010","Pacific herring - NCC","CCIEA","herring_NCC","CC_NCC_fish_40","prey",2013-01-01,0.288888888888889,0.288888888888889,0.288888888888889,-0.29877224267377,"05.ForageFishNCC_2","PreyNCC","05.ForageFishNCC_2","PreyNCC",NA
"1011","Pacific herring - NCC","CCIEA","herring_NCC","CC_NCC_fish_40","prey",2014-01-01,0.255813953488372,0.255813953488372,0.255813953488372,-0.269209860670443,"05.ForageFishNCC_2","PreyNCC","05.ForageFishNCC_2","PreyNCC",NA
"1012","Pacific herring - NCC","CCIEA","herring_NCC","CC_NCC_fish_40","prey",2015-01-01,0.175,0.175,0.175,-0.508819820683724,"05.ForageFishNCC_2","PreyNCC","05.ForageFishNCC_2","PreyNCC",NA
"1013","Pacific herring - NCC","CCIEA","herring_NCC","CC_NCC_fish_40","prey",2016-01-01,0.146341463414634,0.146341463414634,0.146341463414634,-0.635417686751351,"05.ForageFishNCC_2","PreyNCC","05.ForageFishNCC_2","PreyNCC",NA
"1014","Pacific herring - NCC","CCIEA","herring_NCC","CC_NCC_fish_40","prey",2017-01-01,0.0952380952380952,0.0952380952380952,0.0952380952380952,-0.555098346476905,"05.ForageFishNCC_2","PreyNCC","05.ForageFishNCC_2","PreyNCC",NA
"1015","Pacific herring - NCC","CCIEA","herring_NCC","CC_NCC_fish_40","prey",2018-01-01,0.333333333333333,0.333333333333333,0.333333333333333,0.205654340917314,"05.ForageFishNCC_2","PreyNCC","05.ForageFishNCC_2","PreyNCC",NA
"1016","Pacific herring - NCC","CCIEA","herring_NCC","CC_NCC_fish_40","prey",2019-01-01,0.380952380952381,0.380952380952381,0.380952380952381,0.575653424117172,"05.ForageFishNCC_2","PreyNCC","05.ForageFishNCC_2","PreyNCC",NA
"1017","Pacific herring - NCC","CCIEA","herring_NCC","CC_NCC_fish_40","prey",2020-01-01,0.363636363636364,0.363636363636364,0.363636363636364,0.558510058580853,"05.ForageFishNCC_2","PreyNCC","05.ForageFishNCC_2","PreyNCC",NA
"1018","Pacific herring - NCC","CCIEA","herring_NCC","CC_NCC_fish_40","prey",2021-01-01,0.285714285714286,0.285714285714286,0.285714285714286,0.270312852496277,"05.ForageFishNCC_2","PreyNCC","05.ForageFishNCC_2","PreyNCC",NA
"1019","Pacific herring - NCC","CCIEA","herring_NCC","CC_NCC_fish_40","prey",2022-01-01,0.219512195121951,0.219512195121951,0.219512195121951,0.02240848153797,"05.ForageFishNCC_2","PreyNCC","05.ForageFishNCC_2","PreyNCC",NA
"1020","Pacific herring - NCC","CCIEA","herring_NCC","CC_NCC_fish_40","prey",2023-01-01,0.2,0.2,0.2,0.0762611572177567,"05.ForageFishNCC_2","PreyNCC","05.ForageFishNCC_2","PreyNCC",NA
"1021","Pacific herring - NCC","CCIEA","herring_NCC","CC_NCC_fish_40","prey",2024-01-01,0.272727272727273,0.272727272727273,0.272727272727273,0.635853242680302,"05.ForageFishNCC_2","PreyNCC","05.ForageFishNCC_2","PreyNCC",NA
"1022","Pacific herring - NCC","CCIEA","herring_NCC","CC_NCC_fish_40","prey",2025-01-01,0.615384615384615,0.615384615384615,0.615384615384615,1.70120253374632,"05.ForageFishNCC_2","PreyNCC","05.ForageFishNCC_2","PreyNCC",NA
"1023","Pacific herring - NCC","CCIEA","herring_NCC","CC_NCC_fish_40","prey",2026-01-01,NA,NA,NA,NA,"05.ForageFishNCC_2","PreyNCC","05.ForageFishNCC_2","PreyNCC",NA
"1024","Jack mackerel - NCC","CCIEA","jackMack_NCC","CC_NCC_fish_41","predator",1998-01-01,0.0588235294117647,0.0588235294117647,0.0588235294117647,-0.0766575506429337,"09.PredFishNCC","PredNCC","09.PredFishNCC","PredNCC","09.PredFishNCC"
"1025","Jack mackerel - NCC","CCIEA","jackMack_NCC","CC_NCC_fish_41","predator",1999-01-01,0.137931034482759,0.137931034482759,0.137931034482759,0.387278484589836,"09.PredFishNCC","PredNCC","09.PredFishNCC","PredNCC","09.PredFishNCC"
"1026","Jack mackerel - NCC","CCIEA","jackMack_NCC","CC_NCC_fish_41","predator",2000-01-01,0.115384615384615,0.115384615384615,0.115384615384615,0.333041491576052,"09.PredFishNCC","PredNCC","09.PredFishNCC","PredNCC","09.PredFishNCC"
"1027","Jack mackerel - NCC","CCIEA","jackMack_NCC","CC_NCC_fish_41","predator",2001-01-01,0.027027027027027,0.027027027027027,0.027027027027027,0.0524184185609745,"09.PredFishNCC","PredNCC","09.PredFishNCC","PredNCC","09.PredFishNCC"
"1028","Jack mackerel - NCC","CCIEA","jackMack_NCC","CC_NCC_fish_41","predator",2002-01-01,0.147058823529412,0.147058823529412,0.147058823529412,0.620825962328426,"09.PredFishNCC","PredNCC","09.PredFishNCC","PredNCC","09.PredFishNCC"
"1029","Jack mackerel - NCC","CCIEA","jackMack_NCC","CC_NCC_fish_41","predator",2003-01-01,0.157894736842105,0.157894736842105,0.157894736842105,0.764522138538413,"09.PredFishNCC","PredNCC","09.PredFishNCC","PredNCC","09.PredFishNCC"
"1030","Jack mackerel - NCC","CCIEA","jackMack_NCC","CC_NCC_fish_41","predator",2004-01-01,0.102564102564103,0.102564102564103,0.102564102564103,0.460902416611169,"09.PredFishNCC","PredNCC","09.PredFishNCC","PredNCC","09.PredFishNCC"
"1031","Jack mackerel - NCC","CCIEA","jackMack_NCC","CC_NCC_fish_41","predator",2005-01-01,0.0909090909090909,0.0909090909090909,0.0909090909090909,0.255516251414048,"09.PredFishNCC","PredNCC","09.PredFishNCC","PredNCC","09.PredFishNCC"
"1032","Jack mackerel - NCC","CCIEA","jackMack_NCC","CC_NCC_fish_41","predator",2006-01-01,0.0930232558139535,0.0930232558139535,0.0930232558139535,0.121849033837491,"09.PredFishNCC","PredNCC","09.PredFishNCC","PredNCC","09.PredFishNCC"
"1033","Jack mackerel - NCC","CCIEA","jackMack_NCC","CC_NCC_fish_41","predator",2007-01-01,0.0681818181818182,0.0681818181818182,0.0681818181818182,-0.106212922008616,"09.PredFishNCC","PredNCC","09.PredFishNCC","PredNCC","09.PredFishNCC"
"1034","Jack mackerel - NCC","CCIEA","jackMack_NCC","CC_NCC_fish_41","predator",2008-01-01,0.0666666666666667,0.0666666666666667,0.0666666666666667,-0.275485569286087,"09.PredFishNCC","PredNCC","09.PredFishNCC","PredNCC","09.PredFishNCC"
"1035","Jack mackerel - NCC","CCIEA","jackMack_NCC","CC_NCC_fish_41","predator",2009-01-01,0.0222222222222222,0.0222222222222222,0.0222222222222222,-0.531988252981012,"09.PredFishNCC","PredNCC","09.PredFishNCC","PredNCC","09.PredFishNCC"
"1036","Jack mackerel - NCC","CCIEA","jackMack_NCC","CC_NCC_fish_41","predator",2010-01-01,0.0666666666666667,0.0666666666666667,0.0666666666666667,-0.450126789574434,"09.PredFishNCC","PredNCC","09.PredFishNCC","PredNCC","09.PredFishNCC"
"1037","Jack mackerel - NCC","CCIEA","jackMack_NCC","CC_NCC_fish_41","predator",2011-01-01,0.0454545454545455,0.0454545454545455,0.0454545454545455,-0.630136582873658,"09.PredFishNCC","PredNCC","09.PredFishNCC","PredNCC","09.PredFishNCC"
"1038","Jack mackerel - NCC","CCIEA","jackMack_NCC","CC_NCC_fish_41","predator",2012-01-01,0,0,0,-0.926481194098555,"09.PredFishNCC","PredNCC","09.PredFishNCC","PredNCC","09.PredFishNCC"
"1039","Jack mackerel - NCC","CCIEA","jackMack_NCC","CC_NCC_fish_41","predator",2013-01-01,0,0,0,-0.937906165732553,"09.PredFishNCC","PredNCC","09.PredFishNCC","PredNCC","09.PredFishNCC"
"1040","Jack mackerel - NCC","CCIEA","jackMack_NCC","CC_NCC_fish_41","predator",2014-01-01,0,0,0,-0.67583646940965,"09.PredFishNCC","PredNCC","09.PredFishNCC","PredNCC","09.PredFishNCC"
"1041","Jack mackerel - NCC","CCIEA","jackMack_NCC","CC_NCC_fish_41","predator",2015-01-01,0.075,0.075,0.075,0.121797591193058,"09.PredFishNCC","PredNCC","09.PredFishNCC","PredNCC","09.PredFishNCC"
"1042","Jack mackerel - NCC","CCIEA","jackMack_NCC","CC_NCC_fish_41","predator",2016-01-01,0.195121951219512,0.195121951219512,0.195121951219512,1.10159161325486,"09.PredFishNCC","PredNCC","09.PredFishNCC","PredNCC","09.PredFishNCC"
"1043","Jack mackerel - NCC","CCIEA","jackMack_NCC","CC_NCC_fish_41","predator",2017-01-01,0.261904761904762,0.261904761904762,0.261904761904762,1.39980647010246,"09.PredFishNCC","PredNCC","09.PredFishNCC","PredNCC","09.PredFishNCC"
"1044","Jack mackerel - NCC","CCIEA","jackMack_NCC","CC_NCC_fish_41","predator",2018-01-01,0.0476190476190476,0.0476190476190476,0.0476190476190476,0.289729234660193,"09.PredFishNCC","PredNCC","09.PredFishNCC","PredNCC","09.PredFishNCC"
"1045","Jack mackerel - NCC","CCIEA","jackMack_NCC","CC_NCC_fish_41","predator",2019-01-01,0.0952380952380952,0.0952380952380952,0.0952380952380952,-0.0500360044473016,"09.PredFishNCC","PredNCC","09.PredFishNCC","PredNCC","09.PredFishNCC"
"1046","Jack mackerel - NCC","CCIEA","jackMack_NCC","CC_NCC_fish_41","predator",2020-01-01,0,0,0,-0.690072558342388,"09.PredFishNCC","PredNCC","09.PredFishNCC","PredNCC","09.PredFishNCC"
"1047","Jack mackerel - NCC","CCIEA","jackMack_NCC","CC_NCC_fish_41","predator",2021-01-01,0,0,0,-0.808780836890407,"09.PredFishNCC","PredNCC","09.PredFishNCC","PredNCC","09.PredFishNCC"
"1048","Jack mackerel - NCC","CCIEA","jackMack_NCC","CC_NCC_fish_41","predator",2022-01-01,0.0487804878048781,0.0487804878048781,0.0487804878048781,-0.524869118639379,"09.PredFishNCC","PredNCC","09.PredFishNCC","PredNCC","09.PredFishNCC"
"1049","Jack mackerel - NCC","CCIEA","jackMack_NCC","CC_NCC_fish_41","predator",2023-01-01,0.025,0.025,0.025,-0.303068588377901,"09.PredFishNCC","PredNCC","09.PredFishNCC","PredNCC","09.PredFishNCC"
"1050","Jack mackerel - NCC","CCIEA","jackMack_NCC","CC_NCC_fish_41","predator",2024-01-01,0.159090909090909,0.159090909090909,0.159090909090909,0.443384699387323,"09.PredFishNCC","PredNCC","09.PredFishNCC","PredNCC","09.PredFishNCC"
"1051","Jack mackerel - NCC","CCIEA","jackMack_NCC","CC_NCC_fish_41","predator",2025-01-01,0.102564102564103,0.102564102564103,0.102564102564103,0.403026779634185,"09.PredFishNCC","PredNCC","09.PredFishNCC","PredNCC","09.PredFishNCC"
"1052","Jack mackerel - NCC","CCIEA","jackMack_NCC","CC_NCC_fish_41","predator",2026-01-01,NA,NA,NA,NA,"09.PredFishNCC","PredNCC","09.PredFishNCC","PredNCC","09.PredFishNCC"
"1053","DI Rhinoceros auklet diet - Rockfish - NoCC","CCIEA","rhinoAukDietRock_NCC","CC_NCC_fish_47","prey",1998-01-01,NA,NA,NA,NA,"03.FishPreyNCC","PreyNCC","03.FishPreyNCC","PreyNCC","03.FishPreyNCC"
"1054","DI Rhinoceros auklet diet - Rockfish - NoCC","CCIEA","rhinoAukDietRock_NCC","CC_NCC_fish_47","prey",1999-01-01,NA,NA,NA,NA,"03.FishPreyNCC","PreyNCC","03.FishPreyNCC","PreyNCC","03.FishPreyNCC"
"1055","DI Rhinoceros auklet diet - Rockfish - NoCC","CCIEA","rhinoAukDietRock_NCC","CC_NCC_fish_47","prey",2000-01-01,NA,NA,NA,NA,"03.FishPreyNCC","PreyNCC","03.FishPreyNCC","PreyNCC","03.FishPreyNCC"
"1056","DI Rhinoceros auklet diet - Rockfish - NoCC","CCIEA","rhinoAukDietRock_NCC","CC_NCC_fish_47","prey",2001-01-01,NA,NA,NA,NA,"03.FishPreyNCC","PreyNCC","03.FishPreyNCC","PreyNCC","03.FishPreyNCC"
"1057","DI Rhinoceros auklet diet - Rockfish - NoCC","CCIEA","rhinoAukDietRock_NCC","CC_NCC_fish_47","prey",2002-01-01,NA,NA,NA,NA,"03.FishPreyNCC","PreyNCC","03.FishPreyNCC","PreyNCC","03.FishPreyNCC"
"1058","DI Rhinoceros auklet diet - Rockfish - NoCC","CCIEA","rhinoAukDietRock_NCC","CC_NCC_fish_47","prey",2003-01-01,NA,NA,NA,NA,"03.FishPreyNCC","PreyNCC","03.FishPreyNCC","PreyNCC","03.FishPreyNCC"
"1059","DI Rhinoceros auklet diet - Rockfish - NoCC","CCIEA","rhinoAukDietRock_NCC","CC_NCC_fish_47","prey",2004-01-01,NA,NA,NA,NA,"03.FishPreyNCC","PreyNCC","03.FishPreyNCC","PreyNCC","03.FishPreyNCC"
"1060","DI Rhinoceros auklet diet - Rockfish - NoCC","CCIEA","rhinoAukDietRock_NCC","CC_NCC_fish_47","prey",2005-01-01,NA,NA,NA,NA,"03.FishPreyNCC","PreyNCC","03.FishPreyNCC","PreyNCC","03.FishPreyNCC"
"1061","DI Rhinoceros auklet diet - Rockfish - NoCC","CCIEA","rhinoAukDietRock_NCC","CC_NCC_fish_47","prey",2006-01-01,NA,NA,NA,NA,"03.FishPreyNCC","PreyNCC","03.FishPreyNCC","PreyNCC","03.FishPreyNCC"
"1062","DI Rhinoceros auklet diet - Rockfish - NoCC","CCIEA","rhinoAukDietRock_NCC","CC_NCC_fish_47","prey",2007-01-01,NA,NA,NA,NA,"03.FishPreyNCC","PreyNCC","03.FishPreyNCC","PreyNCC","03.FishPreyNCC"
"1063","DI Rhinoceros auklet diet - Rockfish - NoCC","CCIEA","rhinoAukDietRock_NCC","CC_NCC_fish_47","prey",2008-01-01,0.13,0.13,0.13,1.30395134665311,"03.FishPreyNCC","PreyNCC","03.FishPreyNCC","PreyNCC","03.FishPreyNCC"
"1064","DI Rhinoceros auklet diet - Rockfish - NoCC","CCIEA","rhinoAukDietRock_NCC","CC_NCC_fish_47","prey",2009-01-01,0,0,0,0.213520980107476,"03.FishPreyNCC","PreyNCC","03.FishPreyNCC","PreyNCC","03.FishPreyNCC"
"1065","DI Rhinoceros auklet diet - Rockfish - NoCC","CCIEA","rhinoAukDietRock_NCC","CC_NCC_fish_47","prey",2010-01-01,0.024,0.024,0.024,-0.0612204458031961,"03.FishPreyNCC","PreyNCC","03.FishPreyNCC","PreyNCC","03.FishPreyNCC"
"1066","DI Rhinoceros auklet diet - Rockfish - NoCC","CCIEA","rhinoAukDietRock_NCC","CC_NCC_fish_47","prey",2011-01-01,NA,0.016,0.016,-0.247568416765593,"03.FishPreyNCC","PreyNCC","03.FishPreyNCC","PreyNCC","03.FishPreyNCC"
"1067","DI Rhinoceros auklet diet - Rockfish - NoCC","CCIEA","rhinoAukDietRock_NCC","CC_NCC_fish_47","prey",2012-01-01,NA,0.008,0.008,-0.381019550483439,"03.FishPreyNCC","PreyNCC","03.FishPreyNCC","PreyNCC","03.FishPreyNCC"
"1068","DI Rhinoceros auklet diet - Rockfish - NoCC","CCIEA","rhinoAukDietRock_NCC","CC_NCC_fish_47","prey",2013-01-01,0,0,0,-0.444173627415909,"03.FishPreyNCC","PreyNCC","03.FishPreyNCC","PreyNCC","03.FishPreyNCC"
"1069","DI Rhinoceros auklet diet - Rockfish - NoCC","CCIEA","rhinoAukDietRock_NCC","CC_NCC_fish_47","prey",2014-01-01,NA,0,0,-0.349333371236803,"03.FishPreyNCC","PreyNCC","03.FishPreyNCC","PreyNCC","03.FishPreyNCC"
"1070","DI Rhinoceros auklet diet - Rockfish - NoCC","CCIEA","rhinoAukDietRock_NCC","CC_NCC_fish_47","prey",2015-01-01,0,0,0,-0.00165852576701297,"03.FishPreyNCC","PreyNCC","03.FishPreyNCC","PreyNCC","03.FishPreyNCC"
"1071","DI Rhinoceros auklet diet - Rockfish - NoCC","CCIEA","rhinoAukDietRock_NCC","CC_NCC_fish_47","prey",2016-01-01,0.176,0.176,0.176,0.94652575446325,"03.FishPreyNCC","PreyNCC","03.FishPreyNCC","PreyNCC","03.FishPreyNCC"
"1072","DI Rhinoceros auklet diet - Rockfish - NoCC","CCIEA","rhinoAukDietRock_NCC","CC_NCC_fish_47","prey",2017-01-01,0.017,0.017,0.017,0.124673977993476,"03.FishPreyNCC","PreyNCC","03.FishPreyNCC","PreyNCC","03.FishPreyNCC"
"1073","DI Rhinoceros auklet diet - Rockfish - NoCC","CCIEA","rhinoAukDietRock_NCC","CC_NCC_fish_47","prey",2018-01-01,0,0,0,-0.290894985630012,"03.FishPreyNCC","PreyNCC","03.FishPreyNCC","PreyNCC","03.FishPreyNCC"
"1074","DI Rhinoceros auklet diet - Rockfish - NoCC","CCIEA","rhinoAukDietRock_NCC","CC_NCC_fish_47","prey",2019-01-01,0.005,0.005,0.005,-0.395190974356026,"03.FishPreyNCC","PreyNCC","03.FishPreyNCC","PreyNCC","03.FishPreyNCC"
"1075","DI Rhinoceros auklet diet - Rockfish - NoCC","CCIEA","rhinoAukDietRock_NCC","CC_NCC_fish_47","prey",2020-01-01,NA,0.00475,0.00475,-0.386792072697249,"03.FishPreyNCC","PreyNCC","03.FishPreyNCC","PreyNCC","03.FishPreyNCC"
"1076","DI Rhinoceros auklet diet - Rockfish - NoCC","CCIEA","rhinoAukDietRock_NCC","CC_NCC_fish_47","prey",2021-01-01,0.0045,0.0045,0.0045,-0.252585274205571,"03.FishPreyNCC","PreyNCC","03.FishPreyNCC","PreyNCC","03.FishPreyNCC"
"1077","DI Rhinoceros auklet diet - Rockfish - NoCC","CCIEA","rhinoAukDietRock_NCC","CC_NCC_fish_47","prey",2022-01-01,0.0357,0.0357,0.0357,0.14635032440002,"03.FishPreyNCC","PreyNCC","03.FishPreyNCC","PreyNCC","03.FishPreyNCC"
"1078","DI Rhinoceros auklet diet - Rockfish - NoCC","CCIEA","rhinoAukDietRock_NCC","CC_NCC_fish_47","prey",2023-01-01,0.09,0.09,0.09,0.620630044016294,"03.FishPreyNCC","PreyNCC","03.FishPreyNCC","PreyNCC","03.FishPreyNCC"
"1079","DI Rhinoceros auklet diet - Rockfish - NoCC","CCIEA","rhinoAukDietRock_NCC","CC_NCC_fish_47","prey",2024-01-01,NA,NA,NA,NA,"03.FishPreyNCC","PreyNCC","03.FishPreyNCC","PreyNCC","03.FishPreyNCC"
"1080","DI Rhinoceros auklet diet - Rockfish - NoCC","CCIEA","rhinoAukDietRock_NCC","CC_NCC_fish_47","prey",2025-01-01,NA,NA,NA,NA,"03.FishPreyNCC","PreyNCC","03.FishPreyNCC","PreyNCC","03.FishPreyNCC"
"1081","DI Rhinoceros auklet diet - Rockfish - NoCC","CCIEA","rhinoAukDietRock_NCC","CC_NCC_fish_47","prey",2026-01-01,NA,NA,NA,NA,"03.FishPreyNCC","PreyNCC","03.FishPreyNCC","PreyNCC","03.FishPreyNCC"
"1082","Pacific sardine - NCC","CCIEA","sardine_NCC","CC_NCC_fish_50","prey",1998-01-01,0.529411764705882,0.529411764705882,0.529411764705882,1.29825017799951,"05.ForageFishNCC","PreyNCC","05.ForageFishNCC","PreyNCC","05.ForageFishNCC"
"1083","Pacific sardine - NCC","CCIEA","sardine_NCC","CC_NCC_fish_50","prey",1999-01-01,0.172413793103448,0.172413793103448,0.172413793103448,0.511975757816619,"05.ForageFishNCC","PreyNCC","05.ForageFishNCC","PreyNCC","05.ForageFishNCC"
"1084","Pacific sardine - NCC","CCIEA","sardine_NCC","CC_NCC_fish_50","prey",2000-01-01,0.230769230769231,0.230769230769231,0.230769230769231,0.345012797820464,"05.ForageFishNCC","PreyNCC","05.ForageFishNCC","PreyNCC","05.ForageFishNCC"
"1085","Pacific sardine - NCC","CCIEA","sardine_NCC","CC_NCC_fish_50","prey",2001-01-01,0.189189189189189,0.189189189189189,0.189189189189189,0.336376294381828,"05.ForageFishNCC","PreyNCC","05.ForageFishNCC","PreyNCC","05.ForageFishNCC"
"1086","Pacific sardine - NCC","CCIEA","sardine_NCC","CC_NCC_fish_50","prey",2002-01-01,0.235294117647059,0.235294117647059,0.235294117647059,0.686929480311678,"05.ForageFishNCC","PreyNCC","05.ForageFishNCC","PreyNCC","05.ForageFishNCC"
"1087","Pacific sardine - NCC","CCIEA","sardine_NCC","CC_NCC_fish_50","prey",2003-01-01,0.552631578947368,0.552631578947368,0.552631578947368,1.51492730458074,"05.ForageFishNCC","PreyNCC","05.ForageFishNCC","PreyNCC","05.ForageFishNCC"
"1088","Pacific sardine - NCC","CCIEA","sardine_NCC","CC_NCC_fish_50","prey",2004-01-01,0.82051282051282,0.82051282051282,0.82051282051282,2.04947273906709,"05.ForageFishNCC","PreyNCC","05.ForageFishNCC","PreyNCC","05.ForageFishNCC"
"1089","Pacific sardine - NCC","CCIEA","sardine_NCC","CC_NCC_fish_50","prey",2005-01-01,0.484848484848485,0.484848484848485,0.484848484848485,1.47539997888408,"05.ForageFishNCC","PreyNCC","05.ForageFishNCC","PreyNCC","05.ForageFishNCC"
"1090","Pacific sardine - NCC","CCIEA","sardine_NCC","CC_NCC_fish_50","prey",2006-01-01,0.372093023255814,0.372093023255814,0.372093023255814,0.909870498300017,"05.ForageFishNCC","PreyNCC","05.ForageFishNCC","PreyNCC","05.ForageFishNCC"
"1091","Pacific sardine - NCC","CCIEA","sardine_NCC","CC_NCC_fish_50","prey",2007-01-01,0.181818181818182,0.181818181818182,0.181818181818182,0.355469675848865,"05.ForageFishNCC","PreyNCC","05.ForageFishNCC","PreyNCC","05.ForageFishNCC"
"1092","Pacific sardine - NCC","CCIEA","sardine_NCC","CC_NCC_fish_50","prey",2008-01-01,0.2,0.2,0.2,0.216490513841116,"05.ForageFishNCC","PreyNCC","05.ForageFishNCC","PreyNCC","05.ForageFishNCC"
"1093","Pacific sardine - NCC","CCIEA","sardine_NCC","CC_NCC_fish_50","prey",2009-01-01,0.311111111111111,0.311111111111111,0.311111111111111,0.262345329236244,"05.ForageFishNCC","PreyNCC","05.ForageFishNCC","PreyNCC","05.ForageFishNCC"
"1094","Pacific sardine - NCC","CCIEA","sardine_NCC","CC_NCC_fish_50","prey",2010-01-01,0.155555555555556,0.155555555555556,0.155555555555556,-0.0209409133265015,"05.ForageFishNCC","PreyNCC","05.ForageFishNCC","PreyNCC","05.ForageFishNCC"
"1095","Pacific sardine - NCC","CCIEA","sardine_NCC","CC_NCC_fish_50","prey",2011-01-01,0.181818181818182,0.181818181818182,0.181818181818182,-0.13289266535164,"05.ForageFishNCC","PreyNCC","05.ForageFishNCC","PreyNCC","05.ForageFishNCC"
"1096","Pacific sardine - NCC","CCIEA","sardine_NCC","CC_NCC_fish_50","prey",2012-01-01,0.136363636363636,0.136363636363636,0.136363636363636,-0.317785098133879,"05.ForageFishNCC","PreyNCC","05.ForageFishNCC","PreyNCC","05.ForageFishNCC"
"1097","Pacific sardine - NCC","CCIEA","sardine_NCC","CC_NCC_fish_50","prey",2013-01-01,0.0666666666666667,0.0666666666666667,0.0666666666666667,-0.531489341873505,"05.ForageFishNCC","PreyNCC","05.ForageFishNCC","PreyNCC","05.ForageFishNCC"
"1098","Pacific sardine - NCC","CCIEA","sardine_NCC","CC_NCC_fish_50","prey",2014-01-01,0.0697674418604651,0.0697674418604651,0.0697674418604651,-0.636543643017825,"05.ForageFishNCC","PreyNCC","05.ForageFishNCC","PreyNCC","05.ForageFishNCC"
"1099","Pacific sardine - NCC","CCIEA","sardine_NCC","CC_NCC_fish_50","prey",2015-01-01,0.025,0.025,0.025,-0.753625461336904,"05.ForageFishNCC","PreyNCC","05.ForageFishNCC","PreyNCC","05.ForageFishNCC"
"1100","Pacific sardine - NCC","CCIEA","sardine_NCC","CC_NCC_fish_50","prey",2016-01-01,0.0487804878048781,0.0487804878048781,0.0487804878048781,-0.774257262490621,"05.ForageFishNCC","PreyNCC","05.ForageFishNCC","PreyNCC","05.ForageFishNCC"
"1101","Pacific sardine - NCC","CCIEA","sardine_NCC","CC_NCC_fish_50","prey",2017-01-01,0.0238095238095238,0.0238095238095238,0.0238095238095238,-0.838888090081056,"05.ForageFishNCC","PreyNCC","05.ForageFishNCC","PreyNCC","05.ForageFishNCC"
"1102","Pacific sardine - NCC","CCIEA","sardine_NCC","CC_NCC_fish_50","prey",2018-01-01,0,0,0,-0.886333352277897,"05.ForageFishNCC","PreyNCC","05.ForageFishNCC","PreyNCC","05.ForageFishNCC"
"1103","Pacific sardine - NCC","CCIEA","sardine_NCC","CC_NCC_fish_50","prey",2019-01-01,0.0238095238095238,0.0238095238095238,0.0238095238095238,-0.844074771830297,"05.ForageFishNCC","PreyNCC","05.ForageFishNCC","PreyNCC","05.ForageFishNCC"
"1104","Pacific sardine - NCC","CCIEA","sardine_NCC","CC_NCC_fish_50","prey",2020-01-01,0,0,0,-0.789817307738343,"05.ForageFishNCC","PreyNCC","05.ForageFishNCC","PreyNCC","05.ForageFishNCC"
"1105","Pacific sardine - NCC","CCIEA","sardine_NCC","CC_NCC_fish_50","prey",2021-01-01,0.166666666666667,0.166666666666667,0.166666666666667,-0.549339956462396,"05.ForageFishNCC","PreyNCC","05.ForageFishNCC","PreyNCC","05.ForageFishNCC"
"1106","Pacific sardine - NCC","CCIEA","sardine_NCC","CC_NCC_fish_50","prey",2022-01-01,0,0,0,-0.721910142860322,"05.ForageFishNCC","PreyNCC","05.ForageFishNCC","PreyNCC","05.ForageFishNCC"
"1107","Pacific sardine - NCC","CCIEA","sardine_NCC","CC_NCC_fish_50","prey",2023-01-01,0.075,0.075,0.075,-0.640353277196233,"05.ForageFishNCC","PreyNCC","05.ForageFishNCC","PreyNCC","05.ForageFishNCC"
"1108","Pacific sardine - NCC","CCIEA","sardine_NCC","CC_NCC_fish_50","prey",2024-01-01,0.0681818181818182,0.0681818181818182,0.0681818181818182,-0.600997643066256,"05.ForageFishNCC","PreyNCC","05.ForageFishNCC","PreyNCC","05.ForageFishNCC"
"1109","Pacific sardine - NCC","CCIEA","sardine_NCC","CC_NCC_fish_50","prey",2025-01-01,0.102564102564103,0.102564102564103,0.102564102564103,-0.530134410953122,"05.ForageFishNCC","PreyNCC","05.ForageFishNCC","PreyNCC","05.ForageFishNCC"
"1110","Pacific sardine - NCC","CCIEA","sardine_NCC","CC_NCC_fish_50","prey",2026-01-01,NA,NA,NA,NA,"05.ForageFishNCC","PreyNCC","05.ForageFishNCC","PreyNCC","05.ForageFishNCC"
"1111","Surfsmelt - NCC","CCIEA","surfSmelt_NCC","CC_NCC_fish_53","prey",1998-01-01,0.117647058823529,0.117647058823529,0.117647058823529,0.178113201255967,"03.FishPreyNCC","PreyNCC","03.FishPreyNCC","PreyNCC","03.FishPreyNCC"
"1112","Surfsmelt - NCC","CCIEA","surfSmelt_NCC","CC_NCC_fish_53","prey",1999-01-01,0,0,0,-0.354459574215413,"03.FishPreyNCC","PreyNCC","03.FishPreyNCC","PreyNCC","03.FishPreyNCC"
"1113","Surfsmelt - NCC","CCIEA","surfSmelt_NCC","CC_NCC_fish_53","prey",2000-01-01,0.0769230769230769,0.0769230769230769,0.0769230769230769,-0.103498519150355,"03.FishPreyNCC","PreyNCC","03.FishPreyNCC","PreyNCC","03.FishPreyNCC"
"1114","Surfsmelt - NCC","CCIEA","surfSmelt_NCC","CC_NCC_fish_53","prey",2001-01-01,0.0540540540540541,0.0540540540540541,0.0540540540540541,0.1473158486839,"03.FishPreyNCC","PreyNCC","03.FishPreyNCC","PreyNCC","03.FishPreyNCC"
"1115","Surfsmelt - NCC","CCIEA","surfSmelt_NCC","CC_NCC_fish_53","prey",2002-01-01,0.176470588235294,0.176470588235294,0.176470588235294,0.956394040396075,"03.FishPreyNCC","PreyNCC","03.FishPreyNCC","PreyNCC","03.FishPreyNCC"
"1116","Surfsmelt - NCC","CCIEA","surfSmelt_NCC","CC_NCC_fish_53","prey",2003-01-01,0.263157894736842,0.263157894736842,0.263157894736842,1.48627018664091,"03.FishPreyNCC","PreyNCC","03.FishPreyNCC","PreyNCC","03.FishPreyNCC"
"1117","Surfsmelt - NCC","CCIEA","surfSmelt_NCC","CC_NCC_fish_53","prey",2004-01-01,0.179487179487179,0.179487179487179,0.179487179487179,1.10084664879959,"03.FishPreyNCC","PreyNCC","03.FishPreyNCC","PreyNCC","03.FishPreyNCC"
"1118","Surfsmelt - NCC","CCIEA","surfSmelt_NCC","CC_NCC_fish_53","prey",2005-01-01,0.151515151515152,0.151515151515152,0.151515151515152,0.540099494567707,"03.FishPreyNCC","PreyNCC","03.FishPreyNCC","PreyNCC","03.FishPreyNCC"
"1119","Surfsmelt - NCC","CCIEA","surfSmelt_NCC","CC_NCC_fish_53","prey",2006-01-01,0,0,0,-0.380485131074912,"03.FishPreyNCC","PreyNCC","03.FishPreyNCC","PreyNCC","03.FishPreyNCC"
"1120","Surfsmelt - NCC","CCIEA","surfSmelt_NCC","CC_NCC_fish_53","prey",2007-01-01,0.0454545454545455,0.0454545454545455,0.0454545454545455,-0.543561483040593,"03.FishPreyNCC","PreyNCC","03.FishPreyNCC","PreyNCC","03.FishPreyNCC"
"1121","Surfsmelt - NCC","CCIEA","surfSmelt_NCC","CC_NCC_fish_53","prey",2008-01-01,0,0,0,-0.723585024514103,"03.FishPreyNCC","PreyNCC","03.FishPreyNCC","PreyNCC","03.FishPreyNCC"
"1122","Surfsmelt - NCC","CCIEA","surfSmelt_NCC","CC_NCC_fish_53","prey",2009-01-01,0.0222222222222222,0.0222222222222222,0.0222222222222222,-0.489200185749867,"03.FishPreyNCC","PreyNCC","03.FishPreyNCC","PreyNCC","03.FishPreyNCC"
"1123","Surfsmelt - NCC","CCIEA","surfSmelt_NCC","CC_NCC_fish_53","prey",2010-01-01,0.155555555555556,0.155555555555556,0.155555555555556,0.0950814176425784,"03.FishPreyNCC","PreyNCC","03.FishPreyNCC","PreyNCC","03.FishPreyNCC"
"1124","Surfsmelt - NCC","CCIEA","surfSmelt_NCC","CC_NCC_fish_53","prey",2011-01-01,0.0681818181818182,0.0681818181818182,0.0681818181818182,-0.179837337186976,"03.FishPreyNCC","PreyNCC","03.FishPreyNCC","PreyNCC","03.FishPreyNCC"
"1125","Surfsmelt - NCC","CCIEA","surfSmelt_NCC","CC_NCC_fish_53","prey",2012-01-01,0.0227272727272727,0.0227272727272727,0.0227272727272727,-0.413668691280284,"03.FishPreyNCC","PreyNCC","03.FishPreyNCC","PreyNCC","03.FishPreyNCC"
"1126","Surfsmelt - NCC","CCIEA","surfSmelt_NCC","CC_NCC_fish_53","prey",2013-01-01,0.0888888888888889,0.0888888888888889,0.0888888888888889,-0.228864887511569,"03.FishPreyNCC","PreyNCC","03.FishPreyNCC","PreyNCC","03.FishPreyNCC"
"1127","Surfsmelt - NCC","CCIEA","surfSmelt_NCC","CC_NCC_fish_53","prey",2014-01-01,0.0465116279069767,0.0465116279069767,0.0465116279069767,-0.330518383997671,"03.FishPreyNCC","PreyNCC","03.FishPreyNCC","PreyNCC","03.FishPreyNCC"
"1128","Surfsmelt - NCC","CCIEA","surfSmelt_NCC","CC_NCC_fish_53","prey",2015-01-01,0.1,0.1,0.1,-0.250294089814238,"03.FishPreyNCC","PreyNCC","03.FishPreyNCC","PreyNCC","03.FishPreyNCC"
"1129","Surfsmelt - NCC","CCIEA","surfSmelt_NCC","CC_NCC_fish_53","prey",2016-01-01,0.024390243902439,0.024390243902439,0.024390243902439,-0.627404525375178,"03.FishPreyNCC","PreyNCC","03.FishPreyNCC","PreyNCC","03.FishPreyNCC"
"1130","Surfsmelt - NCC","CCIEA","surfSmelt_NCC","CC_NCC_fish_53","prey",2017-01-01,0,0,0,-0.821983165628223,"03.FishPreyNCC","PreyNCC","03.FishPreyNCC","PreyNCC","03.FishPreyNCC"
"1131","Surfsmelt - NCC","CCIEA","surfSmelt_NCC","CC_NCC_fish_53","prey",2018-01-01,0.0238095238095238,0.0238095238095238,0.0238095238095238,-0.700551566757641,"03.FishPreyNCC","PreyNCC","03.FishPreyNCC","PreyNCC","03.FishPreyNCC"
"1132","Surfsmelt - NCC","CCIEA","surfSmelt_NCC","CC_NCC_fish_53","prey",2019-01-01,0.0714285714285714,0.0714285714285714,0.0714285714285714,-0.461924331007609,"03.FishPreyNCC","PreyNCC","03.FishPreyNCC","PreyNCC","03.FishPreyNCC"
"1133","Surfsmelt - NCC","CCIEA","surfSmelt_NCC","CC_NCC_fish_53","prey",2020-01-01,0.0454545454545455,0.0454545454545455,0.0454545454545455,-0.50796662485761,"03.FishPreyNCC","PreyNCC","03.FishPreyNCC","PreyNCC","03.FishPreyNCC"
"1134","Surfsmelt - NCC","CCIEA","surfSmelt_NCC","CC_NCC_fish_53","prey",2021-01-01,0,0,0,-0.535361250032457,"03.FishPreyNCC","PreyNCC","03.FishPreyNCC","PreyNCC","03.FishPreyNCC"
"1135","Surfsmelt - NCC","CCIEA","surfSmelt_NCC","CC_NCC_fish_53","prey",2022-01-01,0.0731707317073171,0.0731707317073171,0.0731707317073171,0.0398762795120888,"03.FishPreyNCC","PreyNCC","03.FishPreyNCC","PreyNCC","03.FishPreyNCC"
"1136","Surfsmelt - NCC","CCIEA","surfSmelt_NCC","CC_NCC_fish_53","prey",2023-01-01,0.175,0.175,0.175,0.808812241114243,"03.FishPreyNCC","PreyNCC","03.FishPreyNCC","PreyNCC","03.FishPreyNCC"
"1137","Surfsmelt - NCC","CCIEA","surfSmelt_NCC","CC_NCC_fish_53","prey",2024-01-01,0.181818181818182,0.181818181818182,0.181818181818182,1.17074427038901,"03.FishPreyNCC","PreyNCC","03.FishPreyNCC","PreyNCC","03.FishPreyNCC"
"1138","Surfsmelt - NCC","CCIEA","surfSmelt_NCC","CC_NCC_fish_53","prey",2025-01-01,0.205128205128205,0.205128205128205,0.205128205128205,1.39589752992831,"03.FishPreyNCC","PreyNCC","03.FishPreyNCC","PreyNCC","03.FishPreyNCC"
"1139","Surfsmelt - NCC","CCIEA","surfSmelt_NCC","CC_NCC_fish_53","prey",2026-01-01,NA,NA,NA,NA,"03.FishPreyNCC","PreyNCC","03.FishPreyNCC","PreyNCC","03.FishPreyNCC"
"1140","Whitebait smelt - NCC","CCIEA","whiteBaitSmelt_NCC","CC_NCC_fish_54","prey",1998-01-01,0.176470588235294,0.176470588235294,0.176470588235294,2.20454557702051,"03.FishPreyNCC","PreyNCC","03.FishPreyNCC","PreyNCC","03.FishPreyNCC"
"1141","Whitebait smelt - NCC","CCIEA","whiteBaitSmelt_NCC","CC_NCC_fish_54","prey",1999-01-01,0,0,0,0.316054462181826,"03.FishPreyNCC","PreyNCC","03.FishPreyNCC","PreyNCC","03.FishPreyNCC"
"1142","Whitebait smelt - NCC","CCIEA","whiteBaitSmelt_NCC","CC_NCC_fish_54","prey",2000-01-01,0,0,0,-0.328334781961993,"03.FishPreyNCC","PreyNCC","03.FishPreyNCC","PreyNCC","03.FishPreyNCC"
"1143","Whitebait smelt - NCC","CCIEA","whiteBaitSmelt_NCC","CC_NCC_fish_54","prey",2001-01-01,0.027027027027027,0.027027027027027,0.027027027027027,-0.373011399554769,"03.FishPreyNCC","PreyNCC","03.FishPreyNCC","PreyNCC","03.FishPreyNCC"
"1144","Whitebait smelt - NCC","CCIEA","whiteBaitSmelt_NCC","CC_NCC_fish_54","prey",2002-01-01,0,0,0,-0.487032685938819,"03.FishPreyNCC","PreyNCC","03.FishPreyNCC","PreyNCC","03.FishPreyNCC"
"1145","Whitebait smelt - NCC","CCIEA","whiteBaitSmelt_NCC","CC_NCC_fish_54","prey",2003-01-01,0.0526315789473684,0.0526315789473684,0.0526315789473684,-0.16003924974865,"03.FishPreyNCC","PreyNCC","03.FishPreyNCC","PreyNCC","03.FishPreyNCC"
"1146","Whitebait smelt - NCC","CCIEA","whiteBaitSmelt_NCC","CC_NCC_fish_54","prey",2004-01-01,0.0256410256410256,0.0256410256410256,0.0256410256410256,-0.280936869358991,"03.FishPreyNCC","PreyNCC","03.FishPreyNCC","PreyNCC","03.FishPreyNCC"
"1147","Whitebait smelt - NCC","CCIEA","whiteBaitSmelt_NCC","CC_NCC_fish_54","prey",2005-01-01,0.0303030303030303,0.0303030303030303,0.0303030303030303,-0.347085105628953,"03.FishPreyNCC","PreyNCC","03.FishPreyNCC","PreyNCC","03.FishPreyNCC"
"1148","Whitebait smelt - NCC","CCIEA","whiteBaitSmelt_NCC","CC_NCC_fish_54","prey",2006-01-01,0,0,0,-0.532334223158257,"03.FishPreyNCC","PreyNCC","03.FishPreyNCC","PreyNCC","03.FishPreyNCC"
"1149","Whitebait smelt - NCC","CCIEA","whiteBaitSmelt_NCC","CC_NCC_fish_54","prey",2007-01-01,0.0454545454545455,0.0454545454545455,0.0454545454545455,-0.321870155332782,"03.FishPreyNCC","PreyNCC","03.FishPreyNCC","PreyNCC","03.FishPreyNCC"
"1150","Whitebait smelt - NCC","CCIEA","whiteBaitSmelt_NCC","CC_NCC_fish_54","prey",2008-01-01,0,0,0,-0.555323610542191,"03.FishPreyNCC","PreyNCC","03.FishPreyNCC","PreyNCC","03.FishPreyNCC"
"1151","Whitebait smelt - NCC","CCIEA","whiteBaitSmelt_NCC","CC_NCC_fish_54","prey",2009-01-01,0.0222222222222222,0.0222222222222222,0.0222222222222222,-0.416053267780754,"03.FishPreyNCC","PreyNCC","03.FishPreyNCC","PreyNCC","03.FishPreyNCC"
"1152","Whitebait smelt - NCC","CCIEA","whiteBaitSmelt_NCC","CC_NCC_fish_54","prey",2010-01-01,0.0222222222222222,0.0222222222222222,0.0222222222222222,-0.278168452658878,"03.FishPreyNCC","PreyNCC","03.FishPreyNCC","PreyNCC","03.FishPreyNCC"
"1153","Whitebait smelt - NCC","CCIEA","whiteBaitSmelt_NCC","CC_NCC_fish_54","prey",2011-01-01,0.0454545454545455,0.0454545454545455,0.0454545454545455,-0.00378435005468908,"03.FishPreyNCC","PreyNCC","03.FishPreyNCC","PreyNCC","03.FishPreyNCC"
"1154","Whitebait smelt - NCC","CCIEA","whiteBaitSmelt_NCC","CC_NCC_fish_54","prey",2012-01-01,0.0681818181818182,0.0681818181818182,0.0681818181818182,0.144768034792708,"03.FishPreyNCC","PreyNCC","03.FishPreyNCC","PreyNCC","03.FishPreyNCC"
"1155","Whitebait smelt - NCC","CCIEA","whiteBaitSmelt_NCC","CC_NCC_fish_54","prey",2013-01-01,0.0222222222222222,0.0222222222222222,0.0222222222222222,-0.209006301376857,"03.FishPreyNCC","PreyNCC","03.FishPreyNCC","PreyNCC","03.FishPreyNCC"
"1156","Whitebait smelt - NCC","CCIEA","whiteBaitSmelt_NCC","CC_NCC_fish_54","prey",2014-01-01,0,0,0,-0.357119198782086,"03.FishPreyNCC","PreyNCC","03.FishPreyNCC","PreyNCC","03.FishPreyNCC"
"1157","Whitebait smelt - NCC","CCIEA","whiteBaitSmelt_NCC","CC_NCC_fish_54","prey",2015-01-01,0.075,0.075,0.075,0.0656961135436341,"03.FishPreyNCC","PreyNCC","03.FishPreyNCC","PreyNCC","03.FishPreyNCC"
"1158","Whitebait smelt - NCC","CCIEA","whiteBaitSmelt_NCC","CC_NCC_fish_54","prey",2016-01-01,0.024390243902439,0.024390243902439,0.024390243902439,-0.250401432828953,"03.FishPreyNCC","PreyNCC","03.FishPreyNCC","PreyNCC","03.FishPreyNCC"
"1159","Whitebait smelt - NCC","CCIEA","whiteBaitSmelt_NCC","CC_NCC_fish_54","prey",2017-01-01,0,0,0,-0.45231849319387,"03.FishPreyNCC","PreyNCC","03.FishPreyNCC","PreyNCC","03.FishPreyNCC"
"1160","Whitebait smelt - NCC","CCIEA","whiteBaitSmelt_NCC","CC_NCC_fish_54","prey",2018-01-01,0.0238095238095238,0.0238095238095238,0.0238095238095238,-0.178506638239621,"03.FishPreyNCC","PreyNCC","03.FishPreyNCC","PreyNCC","03.FishPreyNCC"
"1161","Whitebait smelt - NCC","CCIEA","whiteBaitSmelt_NCC","CC_NCC_fish_54","prey",2019-01-01,0.0714285714285714,0.0714285714285714,0.0714285714285714,0.294796342303923,"03.FishPreyNCC","PreyNCC","03.FishPreyNCC","PreyNCC","03.FishPreyNCC"
"1162","Whitebait smelt - NCC","CCIEA","whiteBaitSmelt_NCC","CC_NCC_fish_54","prey",2020-01-01,0.0681818181818182,0.0681818181818182,0.0681818181818182,0.340794139612068,"03.FishPreyNCC","PreyNCC","03.FishPreyNCC","PreyNCC","03.FishPreyNCC"
"1163","Whitebait smelt - NCC","CCIEA","whiteBaitSmelt_NCC","CC_NCC_fish_54","prey",2021-01-01,0.0238095238095238,0.0238095238095238,0.0238095238095238,0.0804913207226091,"03.FishPreyNCC","PreyNCC","03.FishPreyNCC","PreyNCC","03.FishPreyNCC"
"1164","Whitebait smelt - NCC","CCIEA","whiteBaitSmelt_NCC","CC_NCC_fish_54","prey",2022-01-01,0.0487804878048781,0.0487804878048781,0.0487804878048781,0.278677586384677,"03.FishPreyNCC","PreyNCC","03.FishPreyNCC","PreyNCC","03.FishPreyNCC"
"1165","Whitebait smelt - NCC","CCIEA","whiteBaitSmelt_NCC","CC_NCC_fish_54","prey",2023-01-01,0.075,0.075,0.075,0.556657867591625,"03.FishPreyNCC","PreyNCC","03.FishPreyNCC","PreyNCC","03.FishPreyNCC"
"1166","Whitebait smelt - NCC","CCIEA","whiteBaitSmelt_NCC","CC_NCC_fish_54","prey",2024-01-01,0.0227272727272727,0.0227272727272727,0.0227272727272727,0.586687044148257,"03.FishPreyNCC","PreyNCC","03.FishPreyNCC","PreyNCC","03.FishPreyNCC"
"1167","Whitebait smelt - NCC","CCIEA","whiteBaitSmelt_NCC","CC_NCC_fish_54","prey",2025-01-01,0.153846153846154,0.153846153846154,0.153846153846154,1.60640328525862,"03.FishPreyNCC","PreyNCC","03.FishPreyNCC","PreyNCC","03.FishPreyNCC"
"1168","Whitebait smelt - NCC","CCIEA","whiteBaitSmelt_NCC","CC_NCC_fish_54","prey",2026-01-01,NA,NA,NA,NA,"03.FishPreyNCC","PreyNCC","03.FishPreyNCC","PreyNCC","03.FishPreyNCC"
"1169","YOY rockfish - NCC","CCIEA","yoyRock_JSOES_NCC","CC_NCC_fish_56","prey",1998-01-01,0,0,0,-1.01063521709155,"03.FishPreyNCC","PreyNCC","03.FishPreyNCC","PreyNCC","03.FishPreyNCC"
"1170","YOY rockfish - NCC","CCIEA","yoyRock_JSOES_NCC","CC_NCC_fish_56","prey",1999-01-01,0.0689655172413793,0.0689655172413793,0.0689655172413793,-0.753817397721,"03.FishPreyNCC","PreyNCC","03.FishPreyNCC","PreyNCC","03.FishPreyNCC"
"1171","YOY rockfish - NCC","CCIEA","yoyRock_JSOES_NCC","CC_NCC_fish_56","prey",2000-01-01,0.115384615384615,0.115384615384615,0.115384615384615,-0.480715425889149,"03.FishPreyNCC","PreyNCC","03.FishPreyNCC","PreyNCC","03.FishPreyNCC"
"1172","YOY rockfish - NCC","CCIEA","yoyRock_JSOES_NCC","CC_NCC_fish_56","prey",2001-01-01,0.216216216216216,0.216216216216216,0.216216216216216,-0.166554064010461,"03.FishPreyNCC","PreyNCC","03.FishPreyNCC","PreyNCC","03.FishPreyNCC"
"1173","YOY rockfish - NCC","CCIEA","yoyRock_JSOES_NCC","CC_NCC_fish_56","prey",2002-01-01,0.264705882352941,0.264705882352941,0.264705882352941,-0.0365874740941918,"03.FishPreyNCC","PreyNCC","03.FishPreyNCC","PreyNCC","03.FishPreyNCC"
"1174","YOY rockfish - NCC","CCIEA","yoyRock_JSOES_NCC","CC_NCC_fish_56","prey",2003-01-01,0,0,0,-0.220252650483102,"03.FishPreyNCC","PreyNCC","03.FishPreyNCC","PreyNCC","03.FishPreyNCC"
"1175","YOY rockfish - NCC","CCIEA","yoyRock_JSOES_NCC","CC_NCC_fish_56","prey",2004-01-01,0.58974358974359,0.58974358974359,0.58974358974359,0.514873649421712,"03.FishPreyNCC","PreyNCC","03.FishPreyNCC","PreyNCC","03.FishPreyNCC"
"1176","YOY rockfish - NCC","CCIEA","yoyRock_JSOES_NCC","CC_NCC_fish_56","prey",2005-01-01,0.0606060606060606,0.0606060606060606,0.0606060606060606,-0.251014307661462,"03.FishPreyNCC","PreyNCC","03.FishPreyNCC","PreyNCC","03.FishPreyNCC"
"1177","YOY rockfish - NCC","CCIEA","yoyRock_JSOES_NCC","CC_NCC_fish_56","prey",2006-01-01,0.0697674418604651,0.0697674418604651,0.0697674418604651,-0.453094709909312,"03.FishPreyNCC","PreyNCC","03.FishPreyNCC","PreyNCC","03.FishPreyNCC"
"1178","YOY rockfish - NCC","CCIEA","yoyRock_JSOES_NCC","CC_NCC_fish_56","prey",2007-01-01,0.0909090909090909,0.0909090909090909,0.0909090909090909,-0.342458301844575,"03.FishPreyNCC","PreyNCC","03.FishPreyNCC","PreyNCC","03.FishPreyNCC"
"1179","YOY rockfish - NCC","CCIEA","yoyRock_JSOES_NCC","CC_NCC_fish_56","prey",2008-01-01,0.311111111111111,0.311111111111111,0.311111111111111,0.0784305347323555,"03.FishPreyNCC","PreyNCC","03.FishPreyNCC","PreyNCC","03.FishPreyNCC"
"1180","YOY rockfish - NCC","CCIEA","yoyRock_JSOES_NCC","CC_NCC_fish_56","prey",2009-01-01,0.133333333333333,0.133333333333333,0.133333333333333,0.0524530761809388,"03.FishPreyNCC","PreyNCC","03.FishPreyNCC","PreyNCC","03.FishPreyNCC"
"1181","YOY rockfish - NCC","CCIEA","yoyRock_JSOES_NCC","CC_NCC_fish_56","prey",2010-01-01,0.511111111111111,0.511111111111111,0.511111111111111,0.504683839171205,"03.FishPreyNCC","PreyNCC","03.FishPreyNCC","PreyNCC","03.FishPreyNCC"
"1182","YOY rockfish - NCC","CCIEA","yoyRock_JSOES_NCC","CC_NCC_fish_56","prey",2011-01-01,0.113636363636364,0.113636363636364,0.113636363636364,-0.133631860652154,"03.FishPreyNCC","PreyNCC","03.FishPreyNCC","PreyNCC","03.FishPreyNCC"
"1183","YOY rockfish - NCC","CCIEA","yoyRock_JSOES_NCC","CC_NCC_fish_56","prey",2012-01-01,0.0909090909090909,0.0909090909090909,0.0909090909090909,-0.374452039875916,"03.FishPreyNCC","PreyNCC","03.FishPreyNCC","PreyNCC","03.FishPreyNCC"
"1184","YOY rockfish - NCC","CCIEA","yoyRock_JSOES_NCC","CC_NCC_fish_56","prey",2013-01-01,0.133333333333333,0.133333333333333,0.133333333333333,-0.337013528618824,"03.FishPreyNCC","PreyNCC","03.FishPreyNCC","PreyNCC","03.FishPreyNCC"
"1185","YOY rockfish - NCC","CCIEA","yoyRock_JSOES_NCC","CC_NCC_fish_56","prey",2014-01-01,0.13953488372093,0.13953488372093,0.13953488372093,-0.210833400619814,"03.FishPreyNCC","PreyNCC","03.FishPreyNCC","PreyNCC","03.FishPreyNCC"
"1186","YOY rockfish - NCC","CCIEA","yoyRock_JSOES_NCC","CC_NCC_fish_56","prey",2015-01-01,0.125,0.125,0.125,0.0970922404263554,"03.FishPreyNCC","PreyNCC","03.FishPreyNCC","PreyNCC","03.FishPreyNCC"
"1187","YOY rockfish - NCC","CCIEA","yoyRock_JSOES_NCC","CC_NCC_fish_56","prey",2016-01-01,0.731707317073171,0.731707317073171,0.731707317073171,0.972445828598127,"03.FishPreyNCC","PreyNCC","03.FishPreyNCC","PreyNCC","03.FishPreyNCC"
"1188","YOY rockfish - NCC","CCIEA","yoyRock_JSOES_NCC","CC_NCC_fish_56","prey",2017-01-01,0.0476190476190476,0.0476190476190476,0.0476190476190476,0.0448986204712167,"03.FishPreyNCC","PreyNCC","03.FishPreyNCC","PreyNCC","03.FishPreyNCC"
"1189","YOY rockfish - NCC","CCIEA","yoyRock_JSOES_NCC","CC_NCC_fish_56","prey",2018-01-01,0.166666666666667,0.166666666666667,0.166666666666667,0.0465480948008901,"03.FishPreyNCC","PreyNCC","03.FishPreyNCC","PreyNCC","03.FishPreyNCC"
"1190","YOY rockfish - NCC","CCIEA","yoyRock_JSOES_NCC","CC_NCC_fish_56","prey",2019-01-01,0.357142857142857,0.357142857142857,0.357142857142857,0.342178563938173,"03.FishPreyNCC","PreyNCC","03.FishPreyNCC","PreyNCC","03.FishPreyNCC"
"1191","YOY rockfish - NCC","CCIEA","yoyRock_JSOES_NCC","CC_NCC_fish_56","prey",2020-01-01,0.181818181818182,0.181818181818182,0.181818181818182,0.208436237854516,"03.FishPreyNCC","PreyNCC","03.FishPreyNCC","PreyNCC","03.FishPreyNCC"
"1192","YOY rockfish - NCC","CCIEA","yoyRock_JSOES_NCC","CC_NCC_fish_56","prey",2021-01-01,0.404761904761905,0.404761904761905,0.404761904761905,0.449507483562084,"03.FishPreyNCC","PreyNCC","03.FishPreyNCC","PreyNCC","03.FishPreyNCC"
"1193","YOY rockfish - NCC","CCIEA","yoyRock_JSOES_NCC","CC_NCC_fish_56","prey",2022-01-01,0.0731707317073171,0.0731707317073171,0.0731707317073171,0.113788788881163,"03.FishPreyNCC","PreyNCC","03.FishPreyNCC","PreyNCC","03.FishPreyNCC"
"1194","YOY rockfish - NCC","CCIEA","yoyRock_JSOES_NCC","CC_NCC_fish_56","prey",2023-01-01,0.45,0.45,0.45,0.639463934690867,"03.FishPreyNCC","PreyNCC","03.FishPreyNCC","PreyNCC","03.FishPreyNCC"
"1195","YOY rockfish - NCC","CCIEA","yoyRock_JSOES_NCC","CC_NCC_fish_56","prey",2024-01-01,0.386363636363636,0.386363636363636,0.386363636363636,0.536296829688979,"03.FishPreyNCC","PreyNCC","03.FishPreyNCC","PreyNCC","03.FishPreyNCC"
"1196","YOY rockfish - NCC","CCIEA","yoyRock_JSOES_NCC","CC_NCC_fish_56","prey",2025-01-01,0.128205128205128,0.128205128205128,0.128205128205128,0.041553746367655,"03.FishPreyNCC","PreyNCC","03.FishPreyNCC","PreyNCC","03.FishPreyNCC"
"1197","YOY rockfish - NCC","CCIEA","yoyRock_JSOES_NCC","CC_NCC_fish_56","prey",2026-01-01,NA,NA,NA,NA,"03.FishPreyNCC","PreyNCC","03.FishPreyNCC","PreyNCC","03.FishPreyNCC"
"1198","log_abund_pacific_herring","WCVI","abundHerring","WCVI_WCVI_fish_68","north",1998-01-01,NA,NA,NA,NA,"05.ForageFishNCC","PreyNCC","05.ForageFishNCC","PreyNCC","05.ForageFishNCC"
"1199","log_abund_pacific_herring","WCVI","abundHerring","WCVI_WCVI_fish_68","north",1999-01-01,NA,NA,NA,NA,"05.ForageFishNCC","PreyNCC","05.ForageFishNCC","PreyNCC","05.ForageFishNCC"
"1200","log_abund_pacific_herring","WCVI","abundHerring","WCVI_WCVI_fish_68","north",2000-01-01,NA,NA,NA,NA,"05.ForageFishNCC","PreyNCC","05.ForageFishNCC","PreyNCC","05.ForageFishNCC"
"1201","log_abund_pacific_herring","WCVI","abundHerring","WCVI_WCVI_fish_68","north",2001-01-01,NA,NA,NA,NA,"05.ForageFishNCC","PreyNCC","05.ForageFishNCC","PreyNCC","05.ForageFishNCC"
"1202","log_abund_pacific_herring","WCVI","abundHerring","WCVI_WCVI_fish_68","north",2002-01-01,NA,NA,NA,NA,"05.ForageFishNCC","PreyNCC","05.ForageFishNCC","PreyNCC","05.ForageFishNCC"
"1203","log_abund_pacific_herring","WCVI","abundHerring","WCVI_WCVI_fish_68","north",2003-01-01,NA,NA,NA,NA,"05.ForageFishNCC","PreyNCC","05.ForageFishNCC","PreyNCC","05.ForageFishNCC"
"1204","log_abund_pacific_herring","WCVI","abundHerring","WCVI_WCVI_fish_68","north",2004-01-01,NA,NA,NA,NA,"05.ForageFishNCC","PreyNCC","05.ForageFishNCC","PreyNCC","05.ForageFishNCC"
"1205","log_abund_pacific_herring","WCVI","abundHerring","WCVI_WCVI_fish_68","north",2005-01-01,NA,NA,NA,NA,"05.ForageFishNCC","PreyNCC","05.ForageFishNCC","PreyNCC","05.ForageFishNCC"
"1206","log_abund_pacific_herring","WCVI","abundHerring","WCVI_WCVI_fish_68","north",2006-01-01,16.3316171906999,16.3316171906999,16.3316171906999,-1.18703853116038,"05.ForageFishNCC","PreyNCC","05.ForageFishNCC","PreyNCC","05.ForageFishNCC"
"1207","log_abund_pacific_herring","WCVI","abundHerring","WCVI_WCVI_fish_68","north",2007-01-01,15.9493162598043,15.9493162598043,15.9493162598043,-1.38684497939806,"05.ForageFishNCC","PreyNCC","05.ForageFishNCC","PreyNCC","05.ForageFishNCC"
"1208","log_abund_pacific_herring","WCVI","abundHerring","WCVI_WCVI_fish_68","north",2008-01-01,15.6056818653142,15.6056818653142,15.6056818653142,-1.44815990430796,"05.ForageFishNCC","PreyNCC","05.ForageFishNCC","PreyNCC","05.ForageFishNCC"
"1209","log_abund_pacific_herring","WCVI","abundHerring","WCVI_WCVI_fish_68","north",2009-01-01,16.2611459585707,16.2611459585707,16.2611459585707,-1.03841741499592,"05.ForageFishNCC","PreyNCC","05.ForageFishNCC","PreyNCC","05.ForageFishNCC"
"1210","log_abund_pacific_herring","WCVI","abundHerring","WCVI_WCVI_fish_68","north",2010-01-01,16.9047892418534,16.9047892418534,16.9047892418534,-0.499181456900797,"05.ForageFishNCC","PreyNCC","05.ForageFishNCC","PreyNCC","05.ForageFishNCC"
"1211","log_abund_pacific_herring","WCVI","abundHerring","WCVI_WCVI_fish_68","north",2011-01-01,17.5324063648341,17.5324063648341,17.5324063648341,-0.0289732509851076,"05.ForageFishNCC","PreyNCC","05.ForageFishNCC","PreyNCC","05.ForageFishNCC"
"1212","log_abund_pacific_herring","WCVI","abundHerring","WCVI_WCVI_fish_68","north",2012-01-01,17.4075475078306,17.4075475078306,17.4075475078306,0.123027744405085,"05.ForageFishNCC","PreyNCC","05.ForageFishNCC","PreyNCC","05.ForageFishNCC"
"1213","log_abund_pacific_herring","WCVI","abundHerring","WCVI_WCVI_fish_68","north",2013-01-01,17.4263349858101,17.4263349858101,17.4263349858101,0.251938316459208,"05.ForageFishNCC","PreyNCC","05.ForageFishNCC","PreyNCC","05.ForageFishNCC"
"1214","log_abund_pacific_herring","WCVI","abundHerring","WCVI_WCVI_fish_68","north",2014-01-01,17.8853368443953,17.8853368443953,17.8853368443953,0.465134443278857,"05.ForageFishNCC","PreyNCC","05.ForageFishNCC","PreyNCC","05.ForageFishNCC"
"1215","log_abund_pacific_herring","WCVI","abundHerring","WCVI_WCVI_fish_68","north",2015-01-01,17.7493878639521,17.7493878639521,17.7493878639521,0.449694873988161,"05.ForageFishNCC","PreyNCC","05.ForageFishNCC","PreyNCC","05.ForageFishNCC"
"1216","log_abund_pacific_herring","WCVI","abundHerring","WCVI_WCVI_fish_68","north",2016-01-01,17.6325368428153,17.6325368428153,17.6325368428153,0.346007558844211,"05.ForageFishNCC","PreyNCC","05.ForageFishNCC","PreyNCC","05.ForageFishNCC"
"1217","log_abund_pacific_herring","WCVI","abundHerring","WCVI_WCVI_fish_68","north",2017-01-01,17.4783258008127,17.4783258008127,17.4783258008127,0.184322228210961,"05.ForageFishNCC","PreyNCC","05.ForageFishNCC","PreyNCC","05.ForageFishNCC"
"1218","log_abund_pacific_herring","WCVI","abundHerring","WCVI_WCVI_fish_68","north",2018-01-01,16.6077900637612,16.6077900637612,16.6077900637612,-0.0202865781596095,"05.ForageFishNCC","PreyNCC","05.ForageFishNCC","PreyNCC","05.ForageFishNCC"
"1219","log_abund_pacific_herring","WCVI","abundHerring","WCVI_WCVI_fish_68","north",2019-01-01,17.9555429990033,17.9555429990033,17.9555429990033,0.525398312933116,"05.ForageFishNCC","PreyNCC","05.ForageFishNCC","PreyNCC","05.ForageFishNCC"
"1220","log_abund_pacific_herring","WCVI","abundHerring","WCVI_WCVI_fish_68","north",2020-01-01,18.0116035276711,18.0116035276711,18.0116035276711,0.822239638143042,"05.ForageFishNCC","PreyNCC","05.ForageFishNCC","PreyNCC","05.ForageFishNCC"
"1221","log_abund_pacific_herring","WCVI","abundHerring","WCVI_WCVI_fish_68","north",2021-01-01,18.194380293411,18.194380293411,18.194380293411,1.10282099085774,"05.ForageFishNCC","PreyNCC","05.ForageFishNCC","PreyNCC","05.ForageFishNCC"
"1222","log_abund_pacific_herring","WCVI","abundHerring","WCVI_WCVI_fish_68","north",2022-01-01,18.8274341615213,18.8274341615213,18.8274341615213,1.43822123290627,"05.ForageFishNCC","PreyNCC","05.ForageFishNCC","PreyNCC","05.ForageFishNCC"
"1223","log_abund_pacific_herring","WCVI","abundHerring","WCVI_WCVI_fish_68","north",2023-01-01,NA,NA,NA,NA,"05.ForageFishNCC","PreyNCC","05.ForageFishNCC","PreyNCC","05.ForageFishNCC"
"1224","log_abund_pacific_herring","WCVI","abundHerring","WCVI_WCVI_fish_68","north",2024-01-01,NA,NA,NA,NA,"05.ForageFishNCC","PreyNCC","05.ForageFishNCC","PreyNCC","05.ForageFishNCC"
"1225","log_abund_pacific_herring","WCVI","abundHerring","WCVI_WCVI_fish_68","north",2025-01-01,NA,NA,NA,NA,"05.ForageFishNCC","PreyNCC","05.ForageFishNCC","PreyNCC","05.ForageFishNCC"
"1226","log_abund_pacific_herring","WCVI","abundHerring","WCVI_WCVI_fish_68","north",2026-01-01,NA,NA,NA,NA,"05.ForageFishNCC","PreyNCC","05.ForageFishNCC","PreyNCC","05.ForageFishNCC"
"1227","log_abund_pacific_sardine","WCVI","abundSardine","WCVI_WCVI_fish_69","north",1998-01-01,NA,NA,NA,NA,"05.ForageFishNCC","PreyNCC","05.ForageFishNCC","PreyNCC","05.ForageFishNCC"
"1228","log_abund_pacific_sardine","WCVI","abundSardine","WCVI_WCVI_fish_69","north",1999-01-01,NA,NA,NA,NA,"05.ForageFishNCC","PreyNCC","05.ForageFishNCC","PreyNCC","05.ForageFishNCC"
"1229","log_abund_pacific_sardine","WCVI","abundSardine","WCVI_WCVI_fish_69","north",2000-01-01,NA,NA,NA,NA,"05.ForageFishNCC","PreyNCC","05.ForageFishNCC","PreyNCC","05.ForageFishNCC"
"1230","log_abund_pacific_sardine","WCVI","abundSardine","WCVI_WCVI_fish_69","north",2001-01-01,NA,NA,NA,NA,"05.ForageFishNCC","PreyNCC","05.ForageFishNCC","PreyNCC","05.ForageFishNCC"
"1231","log_abund_pacific_sardine","WCVI","abundSardine","WCVI_WCVI_fish_69","north",2002-01-01,NA,NA,NA,NA,"05.ForageFishNCC","PreyNCC","05.ForageFishNCC","PreyNCC","05.ForageFishNCC"
"1232","log_abund_pacific_sardine","WCVI","abundSardine","WCVI_WCVI_fish_69","north",2003-01-01,NA,NA,NA,NA,"05.ForageFishNCC","PreyNCC","05.ForageFishNCC","PreyNCC","05.ForageFishNCC"
"1233","log_abund_pacific_sardine","WCVI","abundSardine","WCVI_WCVI_fish_69","north",2004-01-01,NA,NA,NA,NA,"05.ForageFishNCC","PreyNCC","05.ForageFishNCC","PreyNCC","05.ForageFishNCC"
"1234","log_abund_pacific_sardine","WCVI","abundSardine","WCVI_WCVI_fish_69","north",2005-01-01,NA,NA,NA,NA,"05.ForageFishNCC","PreyNCC","05.ForageFishNCC","PreyNCC","05.ForageFishNCC"
"1235","log_abund_pacific_sardine","WCVI","abundSardine","WCVI_WCVI_fish_69","north",2006-01-01,18.8815696646898,18.8815696646898,18.8815696646898,1.26123558047977,"05.ForageFishNCC","PreyNCC","05.ForageFishNCC","PreyNCC","05.ForageFishNCC"
"1236","log_abund_pacific_sardine","WCVI","abundSardine","WCVI_WCVI_fish_69","north",2007-01-01,19.240476123094,19.240476123094,19.240476123094,1.24691445346178,"05.ForageFishNCC","PreyNCC","05.ForageFishNCC","PreyNCC","05.ForageFishNCC"
"1237","log_abund_pacific_sardine","WCVI","abundSardine","WCVI_WCVI_fish_69","north",2008-01-01,18.0521108273639,18.0521108273639,18.0521108273639,1.16872273728831,"05.ForageFishNCC","PreyNCC","05.ForageFishNCC","PreyNCC","05.ForageFishNCC"
"1238","log_abund_pacific_sardine","WCVI","abundSardine","WCVI_WCVI_fish_69","north",2009-01-01,17.4369797383269,17.4369797383269,17.4369797383269,1.08882143130487,"05.ForageFishNCC","PreyNCC","05.ForageFishNCC","PreyNCC","05.ForageFishNCC"
"1239","log_abund_pacific_sardine","WCVI","abundSardine","WCVI_WCVI_fish_69","north",2010-01-01,16.7882297202499,16.7882297202499,16.7882297202499,0.999959717603327,"05.ForageFishNCC","PreyNCC","05.ForageFishNCC","PreyNCC","05.ForageFishNCC"
"1240","log_abund_pacific_sardine","WCVI","abundSardine","WCVI_WCVI_fish_69","north",2011-01-01,17.8938457784657,17.8938457784657,17.8938457784657,0.889896957716538,"05.ForageFishNCC","PreyNCC","05.ForageFishNCC","PreyNCC","05.ForageFishNCC"
"1241","log_abund_pacific_sardine","WCVI","abundSardine","WCVI_WCVI_fish_69","north",2012-01-01,15.8711880587711,15.8711880587711,15.8711880587711,0.517990832888432,"05.ForageFishNCC","PreyNCC","05.ForageFishNCC","PreyNCC","05.ForageFishNCC"
"1242","log_abund_pacific_sardine","WCVI","abundSardine","WCVI_WCVI_fish_69","north",2013-01-01,3.11233528424944,3.11233528424944,3.11233528424944,-0.248777375164457,"05.ForageFishNCC","PreyNCC","05.ForageFishNCC","PreyNCC","05.ForageFishNCC"
"1243","log_abund_pacific_sardine","WCVI","abundSardine","WCVI_WCVI_fish_69","north",2014-01-01,0.0540073280834568,0.0540073280834568,0.0540073280834568,-0.670282631949451,"05.ForageFishNCC","PreyNCC","05.ForageFishNCC","PreyNCC","05.ForageFishNCC"
"1244","log_abund_pacific_sardine","WCVI","abundSardine","WCVI_WCVI_fish_69","north",2015-01-01,0.502987361439946,0.502987361439946,0.502987361439946,-0.806824229101006,"05.ForageFishNCC","PreyNCC","05.ForageFishNCC","PreyNCC","05.ForageFishNCC"
"1245","log_abund_pacific_sardine","WCVI","abundSardine","WCVI_WCVI_fish_69","north",2016-01-01,0.345899214291239,0.345899214291239,0.345899214291239,-0.847970865051586,"05.ForageFishNCC","PreyNCC","05.ForageFishNCC","PreyNCC","05.ForageFishNCC"
"1246","log_abund_pacific_sardine","WCVI","abundSardine","WCVI_WCVI_fish_69","north",2017-01-01,-0.293277898431876,-0.293277898431876,-0.293277898431876,-0.816316170116729,"05.ForageFishNCC","PreyNCC","05.ForageFishNCC","PreyNCC","05.ForageFishNCC"
"1247","log_abund_pacific_sardine","WCVI","abundSardine","WCVI_WCVI_fish_69","north",2018-01-01,4.55139015939074,4.55139015939074,4.55139015939074,-0.604714988818319,"05.ForageFishNCC","PreyNCC","05.ForageFishNCC","PreyNCC","05.ForageFishNCC"
"1248","log_abund_pacific_sardine","WCVI","abundSardine","WCVI_WCVI_fish_69","north",2019-01-01,4.55614392918434,4.55614392918434,4.55614392918434,-0.573749053770671,"05.ForageFishNCC","PreyNCC","05.ForageFishNCC","PreyNCC","05.ForageFishNCC"
"1249","log_abund_pacific_sardine","WCVI","abundSardine","WCVI_WCVI_fish_69","north",2020-01-01,2.79006947907017,2.79006947907017,2.79006947907017,-0.693013877236896,"05.ForageFishNCC","PreyNCC","05.ForageFishNCC","PreyNCC","05.ForageFishNCC"
"1250","log_abund_pacific_sardine","WCVI","abundSardine","WCVI_WCVI_fish_69","north",2021-01-01,0.563964367503428,0.563964367503428,0.563964367503428,-0.873190822889418,"05.ForageFishNCC","PreyNCC","05.ForageFishNCC","PreyNCC","05.ForageFishNCC"
"1251","log_abund_pacific_sardine","WCVI","abundSardine","WCVI_WCVI_fish_69","north",2022-01-01,-1.93273125533307,-1.93273125533307,-1.93273125533307,-1.0315411331355,"05.ForageFishNCC","PreyNCC","05.ForageFishNCC","PreyNCC","05.ForageFishNCC"
"1252","log_abund_pacific_sardine","WCVI","abundSardine","WCVI_WCVI_fish_69","north",2023-01-01,NA,NA,NA,NA,"05.ForageFishNCC","PreyNCC","05.ForageFishNCC","PreyNCC","05.ForageFishNCC"
"1253","log_abund_pacific_sardine","WCVI","abundSardine","WCVI_WCVI_fish_69","north",2024-01-01,NA,NA,NA,NA,"05.ForageFishNCC","PreyNCC","05.ForageFishNCC","PreyNCC","05.ForageFishNCC"
"1254","log_abund_pacific_sardine","WCVI","abundSardine","WCVI_WCVI_fish_69","north",2025-01-01,NA,NA,NA,NA,"05.ForageFishNCC","PreyNCC","05.ForageFishNCC","PreyNCC","05.ForageFishNCC"
"1255","log_abund_pacific_sardine","WCVI","abundSardine","WCVI_WCVI_fish_69","north",2026-01-01,NA,NA,NA,NA,"05.ForageFishNCC","PreyNCC","05.ForageFishNCC","PreyNCC","05.ForageFishNCC"
"1256","log_biomass_amphipod_wcvi_shelf_summer","WCVI","biomassAmphShelfSum","WCVI_WCVI_plank_93","north",1998-01-01,-1.73891267943688,-1.73891267943688,-1.73891267943688,-0.689980801700936,"12.ZooPreyAK","PreyAK","12.ZooPreyAK","PreyAK","12.ZooPreyAK"
"1257","log_biomass_amphipod_wcvi_shelf_summer","WCVI","biomassAmphShelfSum","WCVI_WCVI_plank_93","north",1999-01-01,-0.965856417270687,-0.965856417270687,-0.965856417270687,-0.50052874789177,"12.ZooPreyAK","PreyAK","12.ZooPreyAK","PreyAK","12.ZooPreyAK"
"1258","log_biomass_amphipod_wcvi_shelf_summer","WCVI","biomassAmphShelfSum","WCVI_WCVI_plank_93","north",2000-01-01,-2.5085913305124,-2.5085913305124,-2.5085913305124,-0.764286242965357,"12.ZooPreyAK","PreyAK","12.ZooPreyAK","PreyAK","12.ZooPreyAK"
"1259","log_biomass_amphipod_wcvi_shelf_summer","WCVI","biomassAmphShelfSum","WCVI_WCVI_plank_93","north",2001-01-01,-0.379006050861327,-0.379006050861327,-0.379006050861327,-0.273457291718389,"12.ZooPreyAK","PreyAK","12.ZooPreyAK","PreyAK","12.ZooPreyAK"
"1260","log_biomass_amphipod_wcvi_shelf_summer","WCVI","biomassAmphShelfSum","WCVI_WCVI_plank_93","north",2002-01-01,-1.84551340624363,-1.84551340624363,-1.84551340624363,-0.568539662883192,"12.ZooPreyAK","PreyAK","12.ZooPreyAK","PreyAK","12.ZooPreyAK"
"1261","log_biomass_amphipod_wcvi_shelf_summer","WCVI","biomassAmphShelfSum","WCVI_WCVI_plank_93","north",2003-01-01,-1.45709377413508,-1.45709377413508,-1.45709377413508,-0.545772673768404,"12.ZooPreyAK","PreyAK","12.ZooPreyAK","PreyAK","12.ZooPreyAK"
"1262","log_biomass_amphipod_wcvi_shelf_summer","WCVI","biomassAmphShelfSum","WCVI_WCVI_plank_93","north",2004-01-01,-1.33068667284308,-1.33068667284308,-1.33068667284308,-0.552887377674287,"12.ZooPreyAK","PreyAK","12.ZooPreyAK","PreyAK","12.ZooPreyAK"
"1263","log_biomass_amphipod_wcvi_shelf_summer","WCVI","biomassAmphShelfSum","WCVI_WCVI_plank_93","north",2005-01-01,-1.91760361820758,-1.91760361820758,-1.91760361820758,-0.717573186128499,"12.ZooPreyAK","PreyAK","12.ZooPreyAK","PreyAK","12.ZooPreyAK"
"1264","log_biomass_amphipod_wcvi_shelf_summer","WCVI","biomassAmphShelfSum","WCVI_WCVI_plank_93","north",2006-01-01,-1.42232527186837,-1.42232527186837,-1.42232527186837,-0.644679170864911,"12.ZooPreyAK","PreyAK","12.ZooPreyAK","PreyAK","12.ZooPreyAK"
"1265","log_biomass_amphipod_wcvi_shelf_summer","WCVI","biomassAmphShelfSum","WCVI_WCVI_plank_93","north",2007-01-01,-1.87143163580433,-1.87143163580433,-1.87143163580433,-0.733737637537609,"12.ZooPreyAK","PreyAK","12.ZooPreyAK","PreyAK","12.ZooPreyAK"
"1266","log_biomass_amphipod_wcvi_shelf_summer","WCVI","biomassAmphShelfSum","WCVI_WCVI_plank_93","north",2008-01-01,-1.41956576655184,-1.41956576655184,-1.41956576655184,-0.645422349988637,"12.ZooPreyAK","PreyAK","12.ZooPreyAK","PreyAK","12.ZooPreyAK"
"1267","log_biomass_amphipod_wcvi_shelf_summer","WCVI","biomassAmphShelfSum","WCVI_WCVI_plank_93","north",2009-01-01,-2.45452934352945,-2.45452934352945,-2.45452934352945,-0.722434905895449,"12.ZooPreyAK","PreyAK","12.ZooPreyAK","PreyAK","12.ZooPreyAK"
"1268","log_biomass_amphipod_wcvi_shelf_summer","WCVI","biomassAmphShelfSum","WCVI_WCVI_plank_93","north",2010-01-01,-0.85509833586254,-0.85509833586254,-0.85509833586254,-0.0545772581386994,"12.ZooPreyAK","PreyAK","12.ZooPreyAK","PreyAK","12.ZooPreyAK"
"1269","log_biomass_amphipod_wcvi_shelf_summer","WCVI","biomassAmphShelfSum","WCVI_WCVI_plank_93","north",2011-01-01,0.140625156655008,0.140625156655008,0.140625156655008,0.500374600684906,"12.ZooPreyAK","PreyAK","12.ZooPreyAK","PreyAK","12.ZooPreyAK"
"1270","log_biomass_amphipod_wcvi_shelf_summer","WCVI","biomassAmphShelfSum","WCVI_WCVI_plank_93","north",2012-01-01,-0.271833551581294,-0.271833551581294,-0.271833551581294,0.547591482643519,"12.ZooPreyAK","PreyAK","12.ZooPreyAK","PreyAK","12.ZooPreyAK"
"1271","log_biomass_amphipod_wcvi_shelf_summer","WCVI","biomassAmphShelfSum","WCVI_WCVI_plank_93","north",2013-01-01,-0.84541476273417,-0.84541476273417,-0.84541476273417,0.527718230968019,"12.ZooPreyAK","PreyAK","12.ZooPreyAK","PreyAK","12.ZooPreyAK"
"1272","log_biomass_amphipod_wcvi_shelf_summer","WCVI","biomassAmphShelfSum","WCVI_WCVI_plank_93","north",2014-01-01,0.0568625636289775,0.0568625636289775,0.0568625636289775,0.967997904104951,"12.ZooPreyAK","PreyAK","12.ZooPreyAK","PreyAK","12.ZooPreyAK"
"1273","log_biomass_amphipod_wcvi_shelf_summer","WCVI","biomassAmphShelfSum","WCVI_WCVI_plank_93","north",2015-01-01,1.00595050543024,1.00595050543024,1.00595050543024,1.44806371064898,"12.ZooPreyAK","PreyAK","12.ZooPreyAK","PreyAK","12.ZooPreyAK"
"1274","log_biomass_amphipod_wcvi_shelf_summer","WCVI","biomassAmphShelfSum","WCVI_WCVI_plank_93","north",2016-01-01,1.05530688897422,1.05530688897422,1.05530688897422,1.54268420785675,"12.ZooPreyAK","PreyAK","12.ZooPreyAK","PreyAK","12.ZooPreyAK"
"1275","log_biomass_amphipod_wcvi_shelf_summer","WCVI","biomassAmphShelfSum","WCVI_WCVI_plank_93","north",2017-01-01,0.526876122584684,0.526876122584684,0.526876122584684,1.29940080122158,"12.ZooPreyAK","PreyAK","12.ZooPreyAK","PreyAK","12.ZooPreyAK"
"1276","log_biomass_amphipod_wcvi_shelf_summer","WCVI","biomassAmphShelfSum","WCVI_WCVI_plank_93","north",2018-01-01,0.376802110069755,0.376802110069755,0.376802110069755,0.978979180278824,"12.ZooPreyAK","PreyAK","12.ZooPreyAK","PreyAK","12.ZooPreyAK"
"1277","log_biomass_amphipod_wcvi_shelf_summer","WCVI","biomassAmphShelfSum","WCVI_WCVI_plank_93","north",2019-01-01,-0.448760023850632,-0.448760023850632,-0.448760023850632,0.40414735726033,"12.ZooPreyAK","PreyAK","12.ZooPreyAK","PreyAK","12.ZooPreyAK"
"1278","log_biomass_amphipod_wcvi_shelf_summer","WCVI","biomassAmphShelfSum","WCVI_WCVI_plank_93","north",2020-01-01,NA,-1.28964007306429,-1.28964007306429,-0.212455597970202,"12.ZooPreyAK","PreyAK","12.ZooPreyAK","PreyAK","12.ZooPreyAK"
"1279","log_biomass_amphipod_wcvi_shelf_summer","WCVI","biomassAmphShelfSum","WCVI_WCVI_plank_93","north",2021-01-01,-2.13052012227794,-2.13052012227794,-2.13052012227794,-0.68535059744611,"12.ZooPreyAK","PreyAK","12.ZooPreyAK","PreyAK","12.ZooPreyAK"
"1280","log_biomass_amphipod_wcvi_shelf_summer","WCVI","biomassAmphShelfSum","WCVI_WCVI_plank_93","north",2022-01-01,NA,NA,NA,NA,"12.ZooPreyAK","PreyAK","12.ZooPreyAK","PreyAK","12.ZooPreyAK"
"1281","log_biomass_amphipod_wcvi_shelf_summer","WCVI","biomassAmphShelfSum","WCVI_WCVI_plank_93","north",2023-01-01,NA,NA,NA,NA,"12.ZooPreyAK","PreyAK","12.ZooPreyAK","PreyAK","12.ZooPreyAK"
"1282","log_biomass_amphipod_wcvi_shelf_summer","WCVI","biomassAmphShelfSum","WCVI_WCVI_plank_93","north",2024-01-01,NA,NA,NA,NA,"12.ZooPreyAK","PreyAK","12.ZooPreyAK","PreyAK","12.ZooPreyAK"
"1283","log_biomass_amphipod_wcvi_shelf_summer","WCVI","biomassAmphShelfSum","WCVI_WCVI_plank_93","north",2025-01-01,NA,NA,NA,NA,"12.ZooPreyAK","PreyAK","12.ZooPreyAK","PreyAK","12.ZooPreyAK"
"1284","log_biomass_amphipod_wcvi_shelf_summer","WCVI","biomassAmphShelfSum","WCVI_WCVI_plank_93","north",2026-01-01,NA,NA,NA,NA,"12.ZooPreyAK","PreyAK","12.ZooPreyAK","PreyAK","12.ZooPreyAK"
"1285","log_biomass_decapod_larvae_wcvi_shelf_summer","WCVI","biomassDecaShelfSum","WCVI_WCVI_plank_95","north",1998-01-01,0.422728212537165,0.422728212537165,0.422728212537165,-0.118415773225551,"12.ZooPreyAK","PreyAK","12.ZooPreyAK","PreyAK","12.ZooPreyAK_0"
"1286","log_biomass_decapod_larvae_wcvi_shelf_summer","WCVI","biomassDecaShelfSum","WCVI_WCVI_plank_95","north",1999-01-01,-0.456323822016891,-0.456323822016891,-0.456323822016891,-0.509258410820413,"12.ZooPreyAK","PreyAK","12.ZooPreyAK","PreyAK","12.ZooPreyAK_0"
"1287","log_biomass_decapod_larvae_wcvi_shelf_summer","WCVI","biomassDecaShelfSum","WCVI_WCVI_plank_95","north",2000-01-01,-1.81084932660508,-1.81084932660508,-1.81084932660508,-0.590608822702913,"12.ZooPreyAK","PreyAK","12.ZooPreyAK","PreyAK","12.ZooPreyAK_0"
"1288","log_biomass_decapod_larvae_wcvi_shelf_summer","WCVI","biomassDecaShelfSum","WCVI_WCVI_plank_95","north",2001-01-01,3.13888893328398,3.13888893328398,3.13888893328398,0.936447395045504,"12.ZooPreyAK","PreyAK","12.ZooPreyAK","PreyAK","12.ZooPreyAK_0"
"1289","log_biomass_decapod_larvae_wcvi_shelf_summer","WCVI","biomassDecaShelfSum","WCVI_WCVI_plank_95","north",2002-01-01,0.513395319268591,0.513395319268591,0.513395319268591,0.555171017114174,"12.ZooPreyAK","PreyAK","12.ZooPreyAK","PreyAK","12.ZooPreyAK_0"
"1290","log_biomass_decapod_larvae_wcvi_shelf_summer","WCVI","biomassDecaShelfSum","WCVI_WCVI_plank_95","north",2003-01-01,1.22069680043776,1.22069680043776,1.22069680043776,0.559670106293353,"12.ZooPreyAK","PreyAK","12.ZooPreyAK","PreyAK","12.ZooPreyAK_0"
"1291","log_biomass_decapod_larvae_wcvi_shelf_summer","WCVI","biomassDecaShelfSum","WCVI_WCVI_plank_95","north",2004-01-01,0.604004442924953,0.604004442924953,0.604004442924953,0.233701805364847,"12.ZooPreyAK","PreyAK","12.ZooPreyAK","PreyAK","12.ZooPreyAK_0"
"1292","log_biomass_decapod_larvae_wcvi_shelf_summer","WCVI","biomassDecaShelfSum","WCVI_WCVI_plank_95","north",2005-01-01,0.416108693760652,0.416108693760652,0.416108693760652,-0.120291159738366,"12.ZooPreyAK","PreyAK","12.ZooPreyAK","PreyAK","12.ZooPreyAK_0"
"1293","log_biomass_decapod_larvae_wcvi_shelf_summer","WCVI","biomassDecaShelfSum","WCVI_WCVI_plank_95","north",2006-01-01,-0.857587843360067,-0.857587843360067,-0.857587843360067,-0.664835524261454,"12.ZooPreyAK","PreyAK","12.ZooPreyAK","PreyAK","12.ZooPreyAK_0"
"1294","log_biomass_decapod_larvae_wcvi_shelf_summer","WCVI","biomassDecaShelfSum","WCVI_WCVI_plank_95","north",2007-01-01,-0.389802675182,-0.389802675182,-0.389802675182,-0.646575753286439,"12.ZooPreyAK","PreyAK","12.ZooPreyAK","PreyAK","12.ZooPreyAK_0"
"1295","log_biomass_decapod_larvae_wcvi_shelf_summer","WCVI","biomassDecaShelfSum","WCVI_WCVI_plank_95","north",2008-01-01,-0.113826809350187,-0.113826809350187,-0.113826809350187,-0.523926311061411,"12.ZooPreyAK","PreyAK","12.ZooPreyAK","PreyAK","12.ZooPreyAK_0"
"1296","log_biomass_decapod_larvae_wcvi_shelf_summer","WCVI","biomassDecaShelfSum","WCVI_WCVI_plank_95","north",2009-01-01,-0.163483850453763,-0.163483850453763,-0.163483850453763,-0.455457840422562,"12.ZooPreyAK","PreyAK","12.ZooPreyAK","PreyAK","12.ZooPreyAK_0"
"1297","log_biomass_decapod_larvae_wcvi_shelf_summer","WCVI","biomassDecaShelfSum","WCVI_WCVI_plank_95","north",2010-01-01,-0.039462624764477,-0.039462624764477,-0.039462624764477,-0.322101223892069,"12.ZooPreyAK","PreyAK","12.ZooPreyAK","PreyAK","12.ZooPreyAK_0"
"1298","log_biomass_decapod_larvae_wcvi_shelf_summer","WCVI","biomassDecaShelfSum","WCVI_WCVI_plank_95","north",2011-01-01,0.455943726987721,0.455943726987721,0.455943726987721,-0.116877778504807,"12.ZooPreyAK","PreyAK","12.ZooPreyAK","PreyAK","12.ZooPreyAK_0"
"1299","log_biomass_decapod_larvae_wcvi_shelf_summer","WCVI","biomassDecaShelfSum","WCVI_WCVI_plank_95","north",2012-01-01,0.558269708631867,0.558269708631867,0.558269708631867,-0.13938434799447,"12.ZooPreyAK","PreyAK","12.ZooPreyAK","PreyAK","12.ZooPreyAK_0"
"1300","log_biomass_decapod_larvae_wcvi_shelf_summer","WCVI","biomassDecaShelfSum","WCVI_WCVI_plank_95","north",2013-01-01,-0.807738200738003,-0.807738200738003,-0.807738200738003,-0.516397928451998,"12.ZooPreyAK","PreyAK","12.ZooPreyAK","PreyAK","12.ZooPreyAK_0"
"1301","log_biomass_decapod_larvae_wcvi_shelf_summer","WCVI","biomassDecaShelfSum","WCVI_WCVI_plank_95","north",2014-01-01,-0.0228913084937939,-0.0228913084937939,-0.0228913084937939,-0.232966685861297,"12.ZooPreyAK","PreyAK","12.ZooPreyAK","PreyAK","12.ZooPreyAK_0"
"1302","log_biomass_decapod_larvae_wcvi_shelf_summer","WCVI","biomassDecaShelfSum","WCVI_WCVI_plank_95","north",2015-01-01,0.289997090727958,0.289997090727958,0.289997090727958,0.194579711639054,"12.ZooPreyAK","PreyAK","12.ZooPreyAK","PreyAK","12.ZooPreyAK_0"
"1303","log_biomass_decapod_larvae_wcvi_shelf_summer","WCVI","biomassDecaShelfSum","WCVI_WCVI_plank_95","north",2016-01-01,2.16012096968088,2.16012096968088,2.16012096968088,0.87495361430908,"12.ZooPreyAK","PreyAK","12.ZooPreyAK","PreyAK","12.ZooPreyAK_0"
"1304","log_biomass_decapod_larvae_wcvi_shelf_summer","WCVI","biomassDecaShelfSum","WCVI_WCVI_plank_95","north",2017-01-01,0.970862457439682,0.970862457439682,0.970862457439682,0.582868099264338,"12.ZooPreyAK","PreyAK","12.ZooPreyAK","PreyAK","12.ZooPreyAK_0"
"1305","log_biomass_decapod_larvae_wcvi_shelf_summer","WCVI","biomassDecaShelfSum","WCVI_WCVI_plank_95","north",2018-01-01,0.201223042890221,0.201223042890221,0.201223042890221,0.238094996174678,"12.ZooPreyAK","PreyAK","12.ZooPreyAK","PreyAK","12.ZooPreyAK_0"
"1306","log_biomass_decapod_larvae_wcvi_shelf_summer","WCVI","biomassDecaShelfSum","WCVI_WCVI_plank_95","north",2019-01-01,0.615167878314751,0.615167878314751,0.615167878314751,0.280125655560204,"12.ZooPreyAK","PreyAK","12.ZooPreyAK","PreyAK","12.ZooPreyAK_0"
"1307","log_biomass_decapod_larvae_wcvi_shelf_summer","WCVI","biomassDecaShelfSum","WCVI_WCVI_plank_95","north",2020-01-01,NA,0.680511744492597,0.680511744492597,0.329179932887511,"12.ZooPreyAK","PreyAK","12.ZooPreyAK","PreyAK","12.ZooPreyAK_0"
"1308","log_biomass_decapod_larvae_wcvi_shelf_summer","WCVI","biomassDecaShelfSum","WCVI_WCVI_plank_95","north",2021-01-01,0.745855610670444,0.745855610670444,0.745855610670444,0.367726545368437,"12.ZooPreyAK","PreyAK","12.ZooPreyAK","PreyAK","12.ZooPreyAK_0"
"1309","log_biomass_decapod_larvae_wcvi_shelf_summer","WCVI","biomassDecaShelfSum","WCVI_WCVI_plank_95","north",2022-01-01,NA,NA,NA,NA,"12.ZooPreyAK","PreyAK","12.ZooPreyAK","PreyAK","12.ZooPreyAK_0"
"1310","log_biomass_decapod_larvae_wcvi_shelf_summer","WCVI","biomassDecaShelfSum","WCVI_WCVI_plank_95","north",2023-01-01,NA,NA,NA,NA,"12.ZooPreyAK","PreyAK","12.ZooPreyAK","PreyAK","12.ZooPreyAK_0"
"1311","log_biomass_decapod_larvae_wcvi_shelf_summer","WCVI","biomassDecaShelfSum","WCVI_WCVI_plank_95","north",2024-01-01,NA,NA,NA,NA,"12.ZooPreyAK","PreyAK","12.ZooPreyAK","PreyAK","12.ZooPreyAK_0"
"1312","log_biomass_decapod_larvae_wcvi_shelf_summer","WCVI","biomassDecaShelfSum","WCVI_WCVI_plank_95","north",2025-01-01,NA,NA,NA,NA,"12.ZooPreyAK","PreyAK","12.ZooPreyAK","PreyAK","12.ZooPreyAK_0"
"1313","log_biomass_decapod_larvae_wcvi_shelf_summer","WCVI","biomassDecaShelfSum","WCVI_WCVI_plank_95","north",2026-01-01,NA,NA,NA,NA,"12.ZooPreyAK","PreyAK","12.ZooPreyAK","PreyAK","12.ZooPreyAK_0"
"1314","log_biomass_euphusiid_wcvi_shelf_summer","WCVI","biomassEuphShelfSum","WCVI_WCVI_plank_99","north",1998-01-01,2.31739682861459,2.31739682861459,2.31739682861459,-0.264605756678277,"12.ZooPreyAK","PreyAK","12.ZooPreyAK","PreyAK","12.ZooPreyAK"
"1315","log_biomass_euphusiid_wcvi_shelf_summer","WCVI","biomassEuphShelfSum","WCVI_WCVI_plank_99","north",1999-01-01,1.78497010099,1.78497010099,1.78497010099,-0.501264248021108,"12.ZooPreyAK","PreyAK","12.ZooPreyAK","PreyAK","12.ZooPreyAK"
"1316","log_biomass_euphusiid_wcvi_shelf_summer","WCVI","biomassEuphShelfSum","WCVI_WCVI_plank_99","north",2000-01-01,2.31603933737204,2.31603933737204,2.31603933737204,-0.251608551041286,"12.ZooPreyAK","PreyAK","12.ZooPreyAK","PreyAK","12.ZooPreyAK"
"1317","log_biomass_euphusiid_wcvi_shelf_summer","WCVI","biomassEuphShelfSum","WCVI_WCVI_plank_99","north",2001-01-01,2.28422896900733,2.28422896900733,2.28422896900733,-0.105139885333685,"12.ZooPreyAK","PreyAK","12.ZooPreyAK","PreyAK","12.ZooPreyAK"
"1318","log_biomass_euphusiid_wcvi_shelf_summer","WCVI","biomassEuphShelfSum","WCVI_WCVI_plank_99","north",2002-01-01,2.78274273544886,2.78274273544886,2.78274273544886,0.134874841372372,"12.ZooPreyAK","PreyAK","12.ZooPreyAK","PreyAK","12.ZooPreyAK"
"1319","log_biomass_euphusiid_wcvi_shelf_summer","WCVI","biomassEuphShelfSum","WCVI_WCVI_plank_99","north",2003-01-01,2.25637654670468,2.25637654670468,2.25637654670468,-0.0792647790025579,"12.ZooPreyAK","PreyAK","12.ZooPreyAK","PreyAK","12.ZooPreyAK"
"1320","log_biomass_euphusiid_wcvi_shelf_summer","WCVI","biomassEuphShelfSum","WCVI_WCVI_plank_99","north",2004-01-01,2.58424968236987,2.58424968236987,2.58424968236987,-0.129972863498115,"12.ZooPreyAK","PreyAK","12.ZooPreyAK","PreyAK","12.ZooPreyAK"
"1321","log_biomass_euphusiid_wcvi_shelf_summer","WCVI","biomassEuphShelfSum","WCVI_WCVI_plank_99","north",2005-01-01,2.06057985381933,2.06057985381933,2.06057985381933,-0.586038738571594,"12.ZooPreyAK","PreyAK","12.ZooPreyAK","PreyAK","12.ZooPreyAK"
"1322","log_biomass_euphusiid_wcvi_shelf_summer","WCVI","biomassEuphShelfSum","WCVI_WCVI_plank_99","north",2006-01-01,1.53006028513288,1.53006028513288,1.53006028513288,-1.07606336789734,"12.ZooPreyAK","PreyAK","12.ZooPreyAK","PreyAK","12.ZooPreyAK"
"1323","log_biomass_euphusiid_wcvi_shelf_summer","WCVI","biomassEuphShelfSum","WCVI_WCVI_plank_99","north",2007-01-01,1.43013991665456,1.43013991665456,1.43013991665456,-1.25178300907323,"12.ZooPreyAK","PreyAK","12.ZooPreyAK","PreyAK","12.ZooPreyAK"
"1324","log_biomass_euphusiid_wcvi_shelf_summer","WCVI","biomassEuphShelfSum","WCVI_WCVI_plank_99","north",2008-01-01,1.46730857749522,1.46730857749522,1.46730857749522,-1.13103041664902,"12.ZooPreyAK","PreyAK","12.ZooPreyAK","PreyAK","12.ZooPreyAK"
"1325","log_biomass_euphusiid_wcvi_shelf_summer","WCVI","biomassEuphShelfSum","WCVI_WCVI_plank_99","north",2009-01-01,2.10843682016446,2.10843682016446,2.10843682016446,-0.651784208158657,"12.ZooPreyAK","PreyAK","12.ZooPreyAK","PreyAK","12.ZooPreyAK"
"1326","log_biomass_euphusiid_wcvi_shelf_summer","WCVI","biomassEuphShelfSum","WCVI_WCVI_plank_99","north",2010-01-01,2.27798057505264,2.27798057505264,2.27798057505264,-0.347862315133315,"12.ZooPreyAK","PreyAK","12.ZooPreyAK","PreyAK","12.ZooPreyAK"
"1327","log_biomass_euphusiid_wcvi_shelf_summer","WCVI","biomassEuphShelfSum","WCVI_WCVI_plank_99","north",2011-01-01,2.3423758059262,2.3423758059262,2.3423758059262,-0.183243534005238,"12.ZooPreyAK","PreyAK","12.ZooPreyAK","PreyAK","12.ZooPreyAK"
"1328","log_biomass_euphusiid_wcvi_shelf_summer","WCVI","biomassEuphShelfSum","WCVI_WCVI_plank_99","north",2012-01-01,1.80272765669983,1.80272765669983,1.80272765669983,-0.0950617359937339,"12.ZooPreyAK","PreyAK","12.ZooPreyAK","PreyAK","12.ZooPreyAK"
"1329","log_biomass_euphusiid_wcvi_shelf_summer","WCVI","biomassEuphShelfSum","WCVI_WCVI_plank_99","north",2013-01-01,3.31471892558201,3.31471892558201,3.31471892558201,0.857577566552047,"12.ZooPreyAK","PreyAK","12.ZooPreyAK","PreyAK","12.ZooPreyAK"
"1330","log_biomass_euphusiid_wcvi_shelf_summer","WCVI","biomassEuphShelfSum","WCVI_WCVI_plank_99","north",2014-01-01,3.16792895603715,3.16792895603715,3.16792895603715,1.23817522837993,"12.ZooPreyAK","PreyAK","12.ZooPreyAK","PreyAK","12.ZooPreyAK"
"1331","log_biomass_euphusiid_wcvi_shelf_summer","WCVI","biomassEuphShelfSum","WCVI_WCVI_plank_99","north",2015-01-01,4.01170861723556,4.01170861723556,4.01170861723556,1.65927572689034,"12.ZooPreyAK","PreyAK","12.ZooPreyAK","PreyAK","12.ZooPreyAK"
"1332","log_biomass_euphusiid_wcvi_shelf_summer","WCVI","biomassEuphShelfSum","WCVI_WCVI_plank_99","north",2016-01-01,3.21101495186253,3.21101495186253,3.21101495186253,1.20870041306963,"12.ZooPreyAK","PreyAK","12.ZooPreyAK","PreyAK","12.ZooPreyAK"
"1333","log_biomass_euphusiid_wcvi_shelf_summer","WCVI","biomassEuphShelfSum","WCVI_WCVI_plank_99","north",2017-01-01,2.48476876991264,2.48476876991264,2.48476876991264,0.701071769024347,"12.ZooPreyAK","PreyAK","12.ZooPreyAK","PreyAK","12.ZooPreyAK"
"1334","log_biomass_euphusiid_wcvi_shelf_summer","WCVI","biomassEuphShelfSum","WCVI_WCVI_plank_99","north",2018-01-01,3.19299149746773,3.19299149746773,3.19299149746773,0.776322457161529,"12.ZooPreyAK","PreyAK","12.ZooPreyAK","PreyAK","12.ZooPreyAK"
"1335","log_biomass_euphusiid_wcvi_shelf_summer","WCVI","biomassEuphShelfSum","WCVI_WCVI_plank_99","north",2019-01-01,2.63906370714594,2.63906370714594,2.63906370714594,0.390621208711867,"12.ZooPreyAK","PreyAK","12.ZooPreyAK","PreyAK","12.ZooPreyAK"
"1336","log_biomass_euphusiid_wcvi_shelf_summer","WCVI","biomassEuphShelfSum","WCVI_WCVI_plank_99","north",2020-01-01,NA,2.37017379185952,2.37017379185952,0.0335431133886539,"12.ZooPreyAK","PreyAK","12.ZooPreyAK","PreyAK","12.ZooPreyAK"
"1337","log_biomass_euphusiid_wcvi_shelf_summer","WCVI","biomassEuphShelfSum","WCVI_WCVI_plank_99","north",2021-01-01,2.1012838765731,2.1012838765731,2.1012838765731,-0.227109669822144,"12.ZooPreyAK","PreyAK","12.ZooPreyAK","PreyAK","12.ZooPreyAK"
"1338","log_biomass_euphusiid_wcvi_shelf_summer","WCVI","biomassEuphShelfSum","WCVI_WCVI_plank_99","north",2022-01-01,NA,NA,NA,NA,"12.ZooPreyAK","PreyAK","12.ZooPreyAK","PreyAK","12.ZooPreyAK"
"1339","log_biomass_euphusiid_wcvi_shelf_summer","WCVI","biomassEuphShelfSum","WCVI_WCVI_plank_99","north",2023-01-01,NA,NA,NA,NA,"12.ZooPreyAK","PreyAK","12.ZooPreyAK","PreyAK","12.ZooPreyAK"
"1340","log_biomass_euphusiid_wcvi_shelf_summer","WCVI","biomassEuphShelfSum","WCVI_WCVI_plank_99","north",2024-01-01,NA,NA,NA,NA,"12.ZooPreyAK","PreyAK","12.ZooPreyAK","PreyAK","12.ZooPreyAK"
"1341","log_biomass_euphusiid_wcvi_shelf_summer","WCVI","biomassEuphShelfSum","WCVI_WCVI_plank_99","north",2025-01-01,NA,NA,NA,NA,"12.ZooPreyAK","PreyAK","12.ZooPreyAK","PreyAK","12.ZooPreyAK"
"1342","log_biomass_euphusiid_wcvi_shelf_summer","WCVI","biomassEuphShelfSum","WCVI_WCVI_plank_99","north",2026-01-01,NA,NA,NA,NA,"12.ZooPreyAK","PreyAK","12.ZooPreyAK","PreyAK","12.ZooPreyAK"
"1343","log_biomass_mysid_wcvi_shelf_summer","WCVI","biomassMysidShelfSum","WCVI_WCVI_plank_101","north",1998-01-01,-3.97728250713047,-3.97728250713047,-3.97728250713047,0.435744487465706,"12.ZooPreyAK","PreyAK","12.ZooPreyAK","PreyAK","12.ZooPreyAK"
"1344","log_biomass_mysid_wcvi_shelf_summer","WCVI","biomassMysidShelfSum","WCVI_WCVI_plank_101","north",1999-01-01,-4.55800599285334,-4.55800599285334,-4.55800599285334,0.302138972540802,"12.ZooPreyAK","PreyAK","12.ZooPreyAK","PreyAK","12.ZooPreyAK"
"1345","log_biomass_mysid_wcvi_shelf_summer","WCVI","biomassMysidShelfSum","WCVI_WCVI_plank_101","north",2000-01-01,-3.82527666355722,-3.82527666355722,-3.82527666355722,0.397254272751521,"12.ZooPreyAK","PreyAK","12.ZooPreyAK","PreyAK","12.ZooPreyAK"
"1346","log_biomass_mysid_wcvi_shelf_summer","WCVI","biomassMysidShelfSum","WCVI_WCVI_plank_101","north",2001-01-01,-4.11016911256907,-4.11016911256907,-4.11016911256907,0.274750974985309,"12.ZooPreyAK","PreyAK","12.ZooPreyAK","PreyAK","12.ZooPreyAK"
"1347","log_biomass_mysid_wcvi_shelf_summer","WCVI","biomassMysidShelfSum","WCVI_WCVI_plank_101","north",2002-01-01,-4.56539294756179,-4.56539294756179,-4.56539294756179,0.0226487578878026,"12.ZooPreyAK","PreyAK","12.ZooPreyAK","PreyAK","12.ZooPreyAK"
"1348","log_biomass_mysid_wcvi_shelf_summer","WCVI","biomassMysidShelfSum","WCVI_WCVI_plank_101","north",2003-01-01,-5.80945553915233,-5.80945553915233,-5.80945553915233,-0.274764224434609,"12.ZooPreyAK","PreyAK","12.ZooPreyAK","PreyAK","12.ZooPreyAK"
"1349","log_biomass_mysid_wcvi_shelf_summer","WCVI","biomassMysidShelfSum","WCVI_WCVI_plank_101","north",2004-01-01,-4.88897407404222,-4.88897407404222,-4.88897407404222,0.004406526580787,"12.ZooPreyAK","PreyAK","12.ZooPreyAK","PreyAK","12.ZooPreyAK"
"1350","log_biomass_mysid_wcvi_shelf_summer","WCVI","biomassMysidShelfSum","WCVI_WCVI_plank_101","north",2005-01-01,-3.00953025519539,-3.00953025519539,-3.00953025519539,0.459136486718141,"12.ZooPreyAK","PreyAK","12.ZooPreyAK","PreyAK","12.ZooPreyAK"
"1351","log_biomass_mysid_wcvi_shelf_summer","WCVI","biomassMysidShelfSum","WCVI_WCVI_plank_101","north",2006-01-01,-4.81930680274552,-4.81930680274552,-4.81930680274552,0.155329383215856,"12.ZooPreyAK","PreyAK","12.ZooPreyAK","PreyAK","12.ZooPreyAK"
"1352","log_biomass_mysid_wcvi_shelf_summer","WCVI","biomassMysidShelfSum","WCVI_WCVI_plank_101","north",2007-01-01,-4.87018429967041,-4.87018429967041,-4.87018429967041,0.126523299332856,"12.ZooPreyAK","PreyAK","12.ZooPreyAK","PreyAK","12.ZooPreyAK"
"1353","log_biomass_mysid_wcvi_shelf_summer","WCVI","biomassMysidShelfSum","WCVI_WCVI_plank_101","north",2008-01-01,-3.46034247352302,-3.46034247352302,-3.46034247352302,0.381508381350065,"12.ZooPreyAK","PreyAK","12.ZooPreyAK","PreyAK","12.ZooPreyAK"
"1354","log_biomass_mysid_wcvi_shelf_summer","WCVI","biomassMysidShelfSum","WCVI_WCVI_plank_101","north",2009-01-01,-5.1941490506397,-5.1941490506397,-5.1941490506397,0.133458675085137,"12.ZooPreyAK","PreyAK","12.ZooPreyAK","PreyAK","12.ZooPreyAK"
"1355","log_biomass_mysid_wcvi_shelf_summer","WCVI","biomassMysidShelfSum","WCVI_WCVI_plank_101","north",2010-01-01,-3.2083869087345,-3.2083869087345,-3.2083869087345,0.415531197733406,"12.ZooPreyAK","PreyAK","12.ZooPreyAK","PreyAK","12.ZooPreyAK"
"1356","log_biomass_mysid_wcvi_shelf_summer","WCVI","biomassMysidShelfSum","WCVI_WCVI_plank_101","north",2011-01-01,-3.35384575168707,-3.35384575168707,-3.35384575168707,0.0424076793480704,"12.ZooPreyAK","PreyAK","12.ZooPreyAK","PreyAK","12.ZooPreyAK"
"1357","log_biomass_mysid_wcvi_shelf_summer","WCVI","biomassMysidShelfSum","WCVI_WCVI_plank_101","north",2012-01-01,-9.21034037197618,-9.21034037197618,-9.21034037197618,-1.2515477178595,"12.ZooPreyAK","PreyAK","12.ZooPreyAK","PreyAK","12.ZooPreyAK"
"1358","log_biomass_mysid_wcvi_shelf_summer","WCVI","biomassMysidShelfSum","WCVI_WCVI_plank_101","north",2013-01-01,-4.12243544238863,-4.12243544238863,-4.12243544238863,-0.432598719802511,"12.ZooPreyAK","PreyAK","12.ZooPreyAK","PreyAK","12.ZooPreyAK"
"1359","log_biomass_mysid_wcvi_shelf_summer","WCVI","biomassMysidShelfSum","WCVI_WCVI_plank_101","north",2014-01-01,-5.37498941718788,-5.37498941718788,-5.37498941718788,-0.441534058196978,"12.ZooPreyAK","PreyAK","12.ZooPreyAK","PreyAK","12.ZooPreyAK"
"1360","log_biomass_mysid_wcvi_shelf_summer","WCVI","biomassMysidShelfSum","WCVI_WCVI_plank_101","north",2015-01-01,-4.63287031663037,-4.63287031663037,-4.63287031663037,-0.361706832224487,"12.ZooPreyAK","PreyAK","12.ZooPreyAK","PreyAK","12.ZooPreyAK"
"1361","log_biomass_mysid_wcvi_shelf_summer","WCVI","biomassMysidShelfSum","WCVI_WCVI_plank_101","north",2016-01-01,-5.90834964039748,-5.90834964039748,-5.90834964039748,-0.661683156779761,"12.ZooPreyAK","PreyAK","12.ZooPreyAK","PreyAK","12.ZooPreyAK"
"1362","log_biomass_mysid_wcvi_shelf_summer","WCVI","biomassMysidShelfSum","WCVI_WCVI_plank_101","north",2017-01-01,-6.15111178686306,-6.15111178686306,-6.15111178686306,-0.698916293688342,"12.ZooPreyAK","PreyAK","12.ZooPreyAK","PreyAK","12.ZooPreyAK"
"1363","log_biomass_mysid_wcvi_shelf_summer","WCVI","biomassMysidShelfSum","WCVI_WCVI_plank_101","north",2018-01-01,-4.88103348719041,-4.88103348719041,-4.88103348719041,-0.331248842091568,"12.ZooPreyAK","PreyAK","12.ZooPreyAK","PreyAK","12.ZooPreyAK"
"1364","log_biomass_mysid_wcvi_shelf_summer","WCVI","biomassMysidShelfSum","WCVI_WCVI_plank_101","north",2019-01-01,-5.37573851351662,-5.37573851351662,-5.37573851351662,-0.129545294115973,"12.ZooPreyAK","PreyAK","12.ZooPreyAK","PreyAK","12.ZooPreyAK"
"1365","log_biomass_mysid_wcvi_shelf_summer","WCVI","biomassMysidShelfSum","WCVI_WCVI_plank_101","north",2020-01-01,NA,-3.948401525849,-3.948401525849,0.473463131512881,"12.ZooPreyAK","PreyAK","12.ZooPreyAK","PreyAK","12.ZooPreyAK"
"1366","log_biomass_mysid_wcvi_shelf_summer","WCVI","biomassMysidShelfSum","WCVI_WCVI_plank_101","north",2021-01-01,-2.52106453818138,-2.52106453818138,-2.52106453818138,1.02604567014784,"12.ZooPreyAK","PreyAK","12.ZooPreyAK","PreyAK","12.ZooPreyAK"
"1367","log_biomass_mysid_wcvi_shelf_summer","WCVI","biomassMysidShelfSum","WCVI_WCVI_plank_101","north",2022-01-01,NA,NA,NA,NA,"12.ZooPreyAK","PreyAK","12.ZooPreyAK","PreyAK","12.ZooPreyAK"
"1368","log_biomass_mysid_wcvi_shelf_summer","WCVI","biomassMysidShelfSum","WCVI_WCVI_plank_101","north",2023-01-01,NA,NA,NA,NA,"12.ZooPreyAK","PreyAK","12.ZooPreyAK","PreyAK","12.ZooPreyAK"
"1369","log_biomass_mysid_wcvi_shelf_summer","WCVI","biomassMysidShelfSum","WCVI_WCVI_plank_101","north",2024-01-01,NA,NA,NA,NA,"12.ZooPreyAK","PreyAK","12.ZooPreyAK","PreyAK","12.ZooPreyAK"
"1370","log_biomass_mysid_wcvi_shelf_summer","WCVI","biomassMysidShelfSum","WCVI_WCVI_plank_101","north",2025-01-01,NA,NA,NA,NA,"12.ZooPreyAK","PreyAK","12.ZooPreyAK","PreyAK","12.ZooPreyAK"
"1371","log_biomass_mysid_wcvi_shelf_summer","WCVI","biomassMysidShelfSum","WCVI_WCVI_plank_101","north",2026-01-01,NA,NA,NA,NA,"12.ZooPreyAK","PreyAK","12.ZooPreyAK","PreyAK","12.ZooPreyAK"
"1372","est_log_abund_herring_recruits","WCVI","estAbundHerringRecruits","WCVI_WCVI_fish_57","north",1998-01-01,5.42111512850574,5.42111512850574,5.42111512850574,-0.308763987383093,"13.FishPreyAK_b","PreyAK","13.FishPreyAK_b","PreyAK","13.FishPreyAK_b"
"1373","est_log_abund_herring_recruits","WCVI","estAbundHerringRecruits","WCVI_WCVI_fish_57","north",1999-01-01,5.60800937831397,5.60800937831397,5.60800937831397,-0.0180660891701081,"13.FishPreyAK_b","PreyAK","13.FishPreyAK_b","PreyAK","13.FishPreyAK_b"
"1374","est_log_abund_herring_recruits","WCVI","estAbundHerringRecruits","WCVI_WCVI_fish_57","north",2000-01-01,6.05372354686354,6.05372354686354,6.05372354686354,0.412342544183965,"13.FishPreyAK_b","PreyAK","13.FishPreyAK_b","PreyAK","13.FishPreyAK_b"
"1375","est_log_abund_herring_recruits","WCVI","estAbundHerringRecruits","WCVI_WCVI_fish_57","north",2001-01-01,6.38435552530203,6.38435552530203,6.38435552530203,0.706154293466153,"13.FishPreyAK_b","PreyAK","13.FishPreyAK_b","PreyAK","13.FishPreyAK_b"
"1376","est_log_abund_herring_recruits","WCVI","estAbundHerringRecruits","WCVI_WCVI_fish_57","north",2002-01-01,6.38459081990735,6.38459081990735,6.38459081990735,0.632936876091186,"13.FishPreyAK_b","PreyAK","13.FishPreyAK_b","PreyAK","13.FishPreyAK_b"
"1377","est_log_abund_herring_recruits","WCVI","estAbundHerringRecruits","WCVI_WCVI_fish_57","north",2003-01-01,5.59873340175592,5.59873340175592,5.59873340175592,0.119099795851395,"13.FishPreyAK_b","PreyAK","13.FishPreyAK_b","PreyAK","13.FishPreyAK_b"
"1378","est_log_abund_herring_recruits","WCVI","estAbundHerringRecruits","WCVI_WCVI_fish_57","north",2004-01-01,5.68483662597996,5.68483662597996,5.68483662597996,-0.103152845056992,"13.FishPreyAK_b","PreyAK","13.FishPreyAK_b","PreyAK","13.FishPreyAK_b"
"1379","est_log_abund_herring_recruits","WCVI","estAbundHerringRecruits","WCVI_WCVI_fish_57","north",2005-01-01,5.26537427186893,5.26537427186893,5.26537427186893,-0.39259738871967,"13.FishPreyAK_b","PreyAK","13.FishPreyAK_b","PreyAK","13.FishPreyAK_b"
"1380","est_log_abund_herring_recruits","WCVI","estAbundHerringRecruits","WCVI_WCVI_fish_57","north",2006-01-01,5.71645937294222,5.71645937294222,5.71645937294222,-0.373586524180987,"13.FishPreyAK_b","PreyAK","13.FishPreyAK_b","PreyAK","13.FishPreyAK_b"
"1381","est_log_abund_herring_recruits","WCVI","estAbundHerringRecruits","WCVI_WCVI_fish_57","north",2007-01-01,4.907871258062,4.907871258062,4.907871258062,-0.742341692073841,"13.FishPreyAK_b","PreyAK","13.FishPreyAK_b","PreyAK","13.FishPreyAK_b"
"1382","est_log_abund_herring_recruits","WCVI","estAbundHerringRecruits","WCVI_WCVI_fish_57","north",2008-01-01,5.52343702166195,5.52343702166195,5.52343702166195,-0.585535499895998,"13.FishPreyAK_b","PreyAK","13.FishPreyAK_b","PreyAK","13.FishPreyAK_b"
"1383","est_log_abund_herring_recruits","WCVI","estAbundHerringRecruits","WCVI_WCVI_fish_57","north",2009-01-01,4.9816671447864,4.9816671447864,4.9816671447864,-0.722391597813624,"13.FishPreyAK_b","PreyAK","13.FishPreyAK_b","PreyAK","13.FishPreyAK_b"
"1384","est_log_abund_herring_recruits","WCVI","estAbundHerringRecruits","WCVI_WCVI_fish_57","north",2010-01-01,5.9726473111974,5.9726473111974,5.9726473111974,-0.43074565281403,"13.FishPreyAK_b","PreyAK","13.FishPreyAK_b","PreyAK","13.FishPreyAK_b"
"1385","est_log_abund_herring_recruits","WCVI","estAbundHerringRecruits","WCVI_WCVI_fish_57","north",2011-01-01,4.65595604403748,4.65595604403748,4.65595604403748,-0.990231789035388,"13.FishPreyAK_b","PreyAK","13.FishPreyAK_b","PreyAK","13.FishPreyAK_b"
"1386","est_log_abund_herring_recruits","WCVI","estAbundHerringRecruits","WCVI_WCVI_fish_57","north",2012-01-01,4.84693941978432,4.84693941978432,4.84693941978432,-0.872614495565627,"13.FishPreyAK_b","PreyAK","13.FishPreyAK_b","PreyAK","13.FishPreyAK_b"
"1387","est_log_abund_herring_recruits","WCVI","estAbundHerringRecruits","WCVI_WCVI_fish_57","north",2013-01-01,5.77866060117068,5.77866060117068,5.77866060117068,-0.263096234586079,"13.FishPreyAK_b","PreyAK","13.FishPreyAK_b","PreyAK","13.FishPreyAK_b"
"1388","est_log_abund_herring_recruits","WCVI","estAbundHerringRecruits","WCVI_WCVI_fish_57","north",2014-01-01,5.5517456594699,5.5517456594699,5.5517456594699,-0.0294788489170366,"13.FishPreyAK_b","PreyAK","13.FishPreyAK_b","PreyAK","13.FishPreyAK_b"
"1389","est_log_abund_herring_recruits","WCVI","estAbundHerringRecruits","WCVI_WCVI_fish_57","north",2015-01-01,6.79699598915206,6.79699598915206,6.79699598915206,0.421647238083734,"13.FishPreyAK_b","PreyAK","13.FishPreyAK_b","PreyAK","13.FishPreyAK_b"
"1390","est_log_abund_herring_recruits","WCVI","estAbundHerringRecruits","WCVI_WCVI_fish_57","north",2016-01-01,4.91644997141582,4.91644997141582,4.91644997141582,-0.433038086856709,"13.FishPreyAK_b","PreyAK","13.FishPreyAK_b","PreyAK","13.FishPreyAK_b"
"1391","est_log_abund_herring_recruits","WCVI","estAbundHerringRecruits","WCVI_WCVI_fish_57","north",2017-01-01,4.96217601990406,4.96217601990406,4.96217601990406,-0.466460697864684,"13.FishPreyAK_b","PreyAK","13.FishPreyAK_b","PreyAK","13.FishPreyAK_b"
"1392","est_log_abund_herring_recruits","WCVI","estAbundHerringRecruits","WCVI_WCVI_fish_57","north",2018-01-01,6.10250312482373,6.10250312482373,6.10250312482373,0.215454405946317,"13.FishPreyAK_b","PreyAK","13.FishPreyAK_b","PreyAK","13.FishPreyAK_b"
"1393","est_log_abund_herring_recruits","WCVI","estAbundHerringRecruits","WCVI_WCVI_fish_57","north",2019-01-01,5.75391104241445,5.75391104241445,5.75391104241445,0.486540478730247,"13.FishPreyAK_b","PreyAK","13.FishPreyAK_b","PreyAK","13.FishPreyAK_b"
"1394","est_log_abund_herring_recruits","WCVI","estAbundHerringRecruits","WCVI_WCVI_fish_57","north",2020-01-01,6.81007394139121,6.81007394139121,6.81007394139121,1.17060483827097,"13.FishPreyAK_b","PreyAK","13.FishPreyAK_b","PreyAK","13.FishPreyAK_b"
"1395","est_log_abund_herring_recruits","WCVI","estAbundHerringRecruits","WCVI_WCVI_fish_57","north",2021-01-01,6.66346859225743,6.66346859225743,6.66346859225743,1.2770792236248,"13.FishPreyAK_b","PreyAK","13.FishPreyAK_b","PreyAK","13.FishPreyAK_b"
"1396","est_log_abund_herring_recruits","WCVI","estAbundHerringRecruits","WCVI_WCVI_fish_57","north",2022-01-01,6.34621361903431,6.34621361903431,6.34621361903431,1.14489278657862,"13.FishPreyAK_b","PreyAK","13.FishPreyAK_b","PreyAK","13.FishPreyAK_b"
"1397","est_log_abund_herring_recruits","WCVI","estAbundHerringRecruits","WCVI_WCVI_fish_57","north",2023-01-01,NA,NA,NA,NA,"13.FishPreyAK_b","PreyAK","13.FishPreyAK_b","PreyAK","13.FishPreyAK_b"
"1398","est_log_abund_herring_recruits","WCVI","estAbundHerringRecruits","WCVI_WCVI_fish_57","north",2024-01-01,NA,NA,NA,NA,"13.FishPreyAK_b","PreyAK","13.FishPreyAK_b","PreyAK","13.FishPreyAK_b"
"1399","est_log_abund_herring_recruits","WCVI","estAbundHerringRecruits","WCVI_WCVI_fish_57","north",2025-01-01,NA,NA,NA,NA,"13.FishPreyAK_b","PreyAK","13.FishPreyAK_b","PreyAK","13.FishPreyAK_b"
"1400","est_log_abund_herring_recruits","WCVI","estAbundHerringRecruits","WCVI_WCVI_fish_57","north",2026-01-01,NA,NA,NA,NA,"13.FishPreyAK_b","PreyAK","13.FishPreyAK_b","PreyAK","13.FishPreyAK_b"
"1401","iphc20_bigskate_all","WCVI","iphc20bigSkate","WCVI_WCVI_fish_61","predator",1998-01-01,0.0242608455628691,0.0242608455628691,0.0242608455628691,-1.67616905581973,"09.PredFishNCC_b","PredNCC","09.PredFishNCC_b","PredNCC","09.PredFishNCC_b"
"1402","iphc20_bigskate_all","WCVI","iphc20bigSkate","WCVI_WCVI_fish_61","predator",1999-01-01,0.0743432466891532,0.0743432466891532,0.0743432466891532,-1.18411850844416,"09.PredFishNCC_b","PredNCC","09.PredFishNCC_b","PredNCC","09.PredFishNCC_b"
"1403","iphc20_bigskate_all","WCVI","iphc20bigSkate","WCVI_WCVI_fish_61","predator",2000-01-01,0.0934664720922743,0.0934664720922743,0.0934664720922743,-0.667220761951236,"09.PredFishNCC_b","PredNCC","09.PredFishNCC_b","PredNCC","09.PredFishNCC_b"
"1404","iphc20_bigskate_all","WCVI","iphc20bigSkate","WCVI_WCVI_fish_61","predator",2001-01-01,0.214028759849826,0.214028759849826,0.214028759849826,0.119086111686756,"09.PredFishNCC_b","PredNCC","09.PredFishNCC_b","PredNCC","09.PredFishNCC_b"
"1405","iphc20_bigskate_all","WCVI","iphc20bigSkate","WCVI_WCVI_fish_61","predator",2002-01-01,0.192323752368322,0.192323752368322,0.192323752368322,0.244169054670591,"09.PredFishNCC_b","PredNCC","09.PredFishNCC_b","PredNCC","09.PredFishNCC_b"
"1406","iphc20_bigskate_all","WCVI","iphc20bigSkate","WCVI_WCVI_fish_61","predator",2003-01-01,0.138905527482074,0.138905527482074,0.138905527482074,0.142214252385071,"09.PredFishNCC_b","PredNCC","09.PredFishNCC_b","PredNCC","09.PredFishNCC_b"
"1407","iphc20_bigskate_all","WCVI","iphc20bigSkate","WCVI_WCVI_fish_61","predator",2004-01-01,0.244392623464975,0.244392623464975,0.244392623464975,0.472001333514756,"09.PredFishNCC_b","PredNCC","09.PredFishNCC_b","PredNCC","09.PredFishNCC_b"
"1408","iphc20_bigskate_all","WCVI","iphc20bigSkate","WCVI_WCVI_fish_61","predator",2005-01-01,0.157894022514371,0.157894022514371,0.157894022514371,0.0610648032543823,"09.PredFishNCC_b","PredNCC","09.PredFishNCC_b","PredNCC","09.PredFishNCC_b"
"1409","iphc20_bigskate_all","WCVI","iphc20bigSkate","WCVI_WCVI_fish_61","predator",2006-01-01,0.122951805349883,0.122951805349883,0.122951805349883,-0.269696402128107,"09.PredFishNCC_b","PredNCC","09.PredFishNCC_b","PredNCC","09.PredFishNCC_b"
"1410","iphc20_bigskate_all","WCVI","iphc20bigSkate","WCVI_WCVI_fish_61","predator",2007-01-01,0.147681663664339,0.147681663664339,0.147681663664339,-0.353427781988569,"09.PredFishNCC_b","PredNCC","09.PredFishNCC_b","PredNCC","09.PredFishNCC_b"
"1411","iphc20_bigskate_all","WCVI","iphc20bigSkate","WCVI_WCVI_fish_61","predator",2008-01-01,0.0895734643855304,0.0895734643855304,0.0895734643855304,-0.626041170196926,"09.PredFishNCC_b","PredNCC","09.PredFishNCC_b","PredNCC","09.PredFishNCC_b"
"1412","iphc20_bigskate_all","WCVI","iphc20bigSkate","WCVI_WCVI_fish_61","predator",2009-01-01,0.0912488166232419,0.0912488166232419,0.0912488166232419,-0.532625116627932,"09.PredFishNCC_b","PredNCC","09.PredFishNCC_b","PredNCC","09.PredFishNCC_b"
"1413","iphc20_bigskate_all","WCVI","iphc20bigSkate","WCVI_WCVI_fish_61","predator",2010-01-01,0.166389810630355,0.166389810630355,0.166389810630355,-0.00362243112379557,"09.PredFishNCC_b","PredNCC","09.PredFishNCC_b","PredNCC","09.PredFishNCC_b"
"1414","iphc20_bigskate_all","WCVI","iphc20bigSkate","WCVI_WCVI_fish_61","predator",2011-01-01,0.248730830784825,0.248730830784825,0.248730830784825,0.419878953116876,"09.PredFishNCC_b","PredNCC","09.PredFishNCC_b","PredNCC","09.PredFishNCC_b"
"1415","iphc20_bigskate_all","WCVI","iphc20bigSkate","WCVI_WCVI_fish_61","predator",2012-01-01,0.137948619200765,0.137948619200765,0.137948619200765,-0.0112465107565627,"09.PredFishNCC_b","PredNCC","09.PredFishNCC_b","PredNCC","09.PredFishNCC_b"
"1416","iphc20_bigskate_all","WCVI","iphc20bigSkate","WCVI_WCVI_fish_61","predator",2013-01-01,0.148544810474362,0.148544810474362,0.148544810474362,-0.15046342517056,"09.PredFishNCC_b","PredNCC","09.PredFishNCC_b","PredNCC","09.PredFishNCC_b"
"1417","iphc20_bigskate_all","WCVI","iphc20bigSkate","WCVI_WCVI_fish_61","predator",2014-01-01,0.142227954245529,0.142227954245529,0.142227954245529,-0.287890153550854,"09.PredFishNCC_b","PredNCC","09.PredFishNCC_b","PredNCC","09.PredFishNCC_b"
"1418","iphc20_bigskate_all","WCVI","iphc20bigSkate","WCVI_WCVI_fish_61","predator",2015-01-01,0.0942608222859241,0.0942608222859241,0.0942608222859241,-0.470994425471733,"09.PredFishNCC_b","PredNCC","09.PredFishNCC_b","PredNCC","09.PredFishNCC_b"
"1419","iphc20_bigskate_all","WCVI","iphc20bigSkate","WCVI_WCVI_fish_61","predator",2016-01-01,0.100304987918771,0.100304987918771,0.100304987918771,-0.199775656519717,"09.PredFishNCC_b","PredNCC","09.PredFishNCC_b","PredNCC","09.PredFishNCC_b"
"1420","iphc20_bigskate_all","WCVI","iphc20bigSkate","WCVI_WCVI_fish_61","predator",2017-01-01,0.246115962026366,0.246115962026366,0.246115962026366,0.710909338255981,"09.PredFishNCC_b","PredNCC","09.PredFishNCC_b","PredNCC","09.PredFishNCC_b"
"1421","iphc20_bigskate_all","WCVI","iphc20bigSkate","WCVI_WCVI_fish_61","predator",2018-01-01,0.250790110363347,0.250790110363347,0.250790110363347,1.09523648480405,"09.PredFishNCC_b","PredNCC","09.PredFishNCC_b","PredNCC","09.PredFishNCC_b"
"1422","iphc20_bigskate_all","WCVI","iphc20bigSkate","WCVI_WCVI_fish_61","predator",2019-01-01,0.321782168012748,0.321782168012748,0.321782168012748,1.27096790279317,"09.PredFishNCC_b","PredNCC","09.PredFishNCC_b","PredNCC","09.PredFishNCC_b"
"1423","iphc20_bigskate_all","WCVI","iphc20bigSkate","WCVI_WCVI_fish_61","predator",2020-01-01,0.118598557741231,0.118598557741231,0.118598557741231,0.402829820610651,"09.PredFishNCC_b","PredNCC","09.PredFishNCC_b","PredNCC","09.PredFishNCC_b"
"1424","iphc20_bigskate_all","WCVI","iphc20bigSkate","WCVI_WCVI_fish_61","predator",2021-01-01,0.188252904825272,0.188252904825272,0.188252904825272,0.516242833313772,"09.PredFishNCC_b","PredNCC","09.PredFishNCC_b","PredNCC","09.PredFishNCC_b"
"1425","iphc20_bigskate_all","WCVI","iphc20bigSkate","WCVI_WCVI_fish_61","predator",2022-01-01,0.225880201571431,0.225880201571431,0.225880201571431,0.732665237656044,"09.PredFishNCC_b","PredNCC","09.PredFishNCC_b","PredNCC","09.PredFishNCC_b"
"1426","iphc20_bigskate_all","WCVI","iphc20bigSkate","WCVI_WCVI_fish_61","predator",2023-01-01,NA,NA,NA,NA,"09.PredFishNCC_b","PredNCC","09.PredFishNCC_b","PredNCC","09.PredFishNCC_b"
"1427","iphc20_bigskate_all","WCVI","iphc20bigSkate","WCVI_WCVI_fish_61","predator",2024-01-01,NA,NA,NA,NA,"09.PredFishNCC_b","PredNCC","09.PredFishNCC_b","PredNCC","09.PredFishNCC_b"
"1428","iphc20_bigskate_all","WCVI","iphc20bigSkate","WCVI_WCVI_fish_61","predator",2025-01-01,NA,NA,NA,NA,"09.PredFishNCC_b","PredNCC","09.PredFishNCC_b","PredNCC","09.PredFishNCC_b"
"1429","iphc20_bigskate_all","WCVI","iphc20bigSkate","WCVI_WCVI_fish_61","predator",2026-01-01,NA,NA,NA,NA,"09.PredFishNCC_b","PredNCC","09.PredFishNCC_b","PredNCC","09.PredFishNCC_b"
"1430","iphc20_pacifichalibut_all","WCVI","iphc20halibut","WCVI_WCVI_fish_62","predator",1998-01-01,6.73858643258027,6.73858643258027,6.73858643258027,-0.632038941201245,"09.PredFishNCC","PredNCC","09.PredFishNCC","PredNCC","09.PredFishNCC"
"1431","iphc20_pacifichalibut_all","WCVI","iphc20halibut","WCVI_WCVI_fish_62","predator",1999-01-01,7.38751273345787,7.38751273345787,7.38751273345787,-0.351001870155939,"09.PredFishNCC","PredNCC","09.PredFishNCC","PredNCC","09.PredFishNCC"
"1432","iphc20_pacifichalibut_all","WCVI","iphc20halibut","WCVI_WCVI_fish_62","predator",2000-01-01,7.15881265714826,7.15881265714826,7.15881265714826,-0.237651588348455,"09.PredFishNCC","PredNCC","09.PredFishNCC","PredNCC","09.PredFishNCC"
"1433","iphc20_pacifichalibut_all","WCVI","iphc20halibut","WCVI_WCVI_fish_62","predator",2001-01-01,8.46401813588357,8.46401813588357,8.46401813588357,0.0290279574782233,"09.PredFishNCC","PredNCC","09.PredFishNCC","PredNCC","09.PredFishNCC"
"1434","iphc20_pacifichalibut_all","WCVI","iphc20halibut","WCVI_WCVI_fish_62","predator",2002-01-01,6.90428938160758,6.90428938160758,6.90428938160758,-0.46944508694771,"09.PredFishNCC","PredNCC","09.PredFishNCC","PredNCC","09.PredFishNCC"
"1435","iphc20_pacifichalibut_all","WCVI","iphc20halibut","WCVI_WCVI_fish_62","predator",2003-01-01,6.08875366400056,6.08875366400056,6.08875366400056,-0.815268440589449,"09.PredFishNCC","PredNCC","09.PredFishNCC","PredNCC","09.PredFishNCC"
"1436","iphc20_pacifichalibut_all","WCVI","iphc20halibut","WCVI_WCVI_fish_62","predator",2004-01-01,7.50146416144892,7.50146416144892,7.50146416144892,-0.61373726543113,"09.PredFishNCC","PredNCC","09.PredFishNCC","PredNCC","09.PredFishNCC"
"1437","iphc20_pacifichalibut_all","WCVI","iphc20halibut","WCVI_WCVI_fish_62","predator",2005-01-01,6.33040438264919,6.33040438264919,6.33040438264919,-0.946099211846213,"09.PredFishNCC","PredNCC","09.PredFishNCC","PredNCC","09.PredFishNCC"
"1438","iphc20_pacifichalibut_all","WCVI","iphc20halibut","WCVI_WCVI_fish_62","predator",2006-01-01,5.76565727017023,5.76565727017023,5.76565727017023,-1.08136270095955,"09.PredFishNCC","PredNCC","09.PredFishNCC","PredNCC","09.PredFishNCC"
"1439","iphc20_pacifichalibut_all","WCVI","iphc20halibut","WCVI_WCVI_fish_62","predator",2007-01-01,6.17948818942632,6.17948818942632,6.17948818942632,-0.641985775208249,"09.PredFishNCC","PredNCC","09.PredFishNCC","PredNCC","09.PredFishNCC"
"1440","iphc20_pacifichalibut_all","WCVI","iphc20halibut","WCVI_WCVI_fish_62","predator",2008-01-01,9.14298902407839,9.14298902407839,9.14298902407839,0.435638974665078,"09.PredFishNCC","PredNCC","09.PredFishNCC","PredNCC","09.PredFishNCC"
"1441","iphc20_pacifichalibut_all","WCVI","iphc20halibut","WCVI_WCVI_fish_62","predator",2009-01-01,8.26485420717428,8.26485420717428,8.26485420717428,0.538198468735126,"09.PredFishNCC","PredNCC","09.PredFishNCC","PredNCC","09.PredFishNCC"
"1442","iphc20_pacifichalibut_all","WCVI","iphc20halibut","WCVI_WCVI_fish_62","predator",2010-01-01,8.44098046513083,8.44098046513083,8.44098046513083,0.565622045156362,"09.PredFishNCC","PredNCC","09.PredFishNCC","PredNCC","09.PredFishNCC"
"1443","iphc20_pacifichalibut_all","WCVI","iphc20halibut","WCVI_WCVI_fish_62","predator",2011-01-01,7.30803502851201,7.30803502851201,7.30803502851201,0.38540593873623,"09.PredFishNCC","PredNCC","09.PredFishNCC","PredNCC","09.PredFishNCC"
"1444","iphc20_pacifichalibut_all","WCVI","iphc20halibut","WCVI_WCVI_fish_62","predator",2012-01-01,9.05825638585855,9.05825638585855,9.05825638585855,0.846078728680185,"09.PredFishNCC","PredNCC","09.PredFishNCC","PredNCC","09.PredFishNCC"
"1445","iphc20_pacifichalibut_all","WCVI","iphc20halibut","WCVI_WCVI_fish_62","predator",2013-01-01,8.4387625237185,8.4387625237185,8.4387625237185,0.819065513170267,"09.PredFishNCC","PredNCC","09.PredFishNCC","PredNCC","09.PredFishNCC"
"1446","iphc20_pacifichalibut_all","WCVI","iphc20halibut","WCVI_WCVI_fish_62","predator",2014-01-01,8.46890534746595,8.46890534746595,8.46890534746595,0.839870032814248,"09.PredFishNCC","PredNCC","09.PredFishNCC","PredNCC","09.PredFishNCC"
"1447","iphc20_pacifichalibut_all","WCVI","iphc20halibut","WCVI_WCVI_fish_62","predator",2015-01-01,9.0219509444963,9.0219509444963,9.0219509444963,0.901926319024582,"09.PredFishNCC","PredNCC","09.PredFishNCC","PredNCC","09.PredFishNCC"
"1448","iphc20_pacifichalibut_all","WCVI","iphc20halibut","WCVI_WCVI_fish_62","predator",2016-01-01,8.66339092191111,8.66339092191111,8.66339092191111,0.565110499581765,"09.PredFishNCC","PredNCC","09.PredFishNCC","PredNCC","09.PredFishNCC"
"1449","iphc20_pacifichalibut_all","WCVI","iphc20halibut","WCVI_WCVI_fish_62","predator",2017-01-01,6.99406360167372,6.99406360167372,6.99406360167372,-0.181811177374706,"09.PredFishNCC","PredNCC","09.PredFishNCC","PredNCC","09.PredFishNCC"
"1450","iphc20_pacifichalibut_all","WCVI","iphc20halibut","WCVI_WCVI_fish_62","predator",2018-01-01,6.77095136890861,6.77095136890861,6.77095136890861,-0.569966641143878,"09.PredFishNCC","PredNCC","09.PredFishNCC","PredNCC","09.PredFishNCC"
"1451","iphc20_pacifichalibut_all","WCVI","iphc20halibut","WCVI_WCVI_fish_62","predator",2019-01-01,5.83849841779102,5.83849841779102,5.83849841779102,-0.784919495078265,"09.PredFishNCC","PredNCC","09.PredFishNCC","PredNCC","09.PredFishNCC"
"1452","iphc20_pacifichalibut_all","WCVI","iphc20halibut","WCVI_WCVI_fish_62","predator",2020-01-01,7.23561023009671,7.23561023009671,7.23561023009671,-0.194930433849111,"09.PredFishNCC","PredNCC","09.PredFishNCC","PredNCC","09.PredFishNCC"
"1453","iphc20_pacifichalibut_all","WCVI","iphc20halibut","WCVI_WCVI_fish_62","predator",2021-01-01,8.49980284839252,8.49980284839252,8.49980284839252,0.521374800553597,"09.PredFishNCC","PredNCC","09.PredFishNCC","PredNCC","09.PredFishNCC"
"1454","iphc20_pacifichalibut_all","WCVI","iphc20halibut","WCVI_WCVI_fish_62","predator",2022-01-01,9.06885309357096,9.06885309357096,9.06885309357096,0.932380814015591,"09.PredFishNCC","PredNCC","09.PredFishNCC","PredNCC","09.PredFishNCC"
"1455","iphc20_pacifichalibut_all","WCVI","iphc20halibut","WCVI_WCVI_fish_62","predator",2023-01-01,NA,NA,NA,NA,"09.PredFishNCC","PredNCC","09.PredFishNCC","PredNCC","09.PredFishNCC"
"1456","iphc20_pacifichalibut_all","WCVI","iphc20halibut","WCVI_WCVI_fish_62","predator",2024-01-01,NA,NA,NA,NA,"09.PredFishNCC","PredNCC","09.PredFishNCC","PredNCC","09.PredFishNCC"
"1457","iphc20_pacifichalibut_all","WCVI","iphc20halibut","WCVI_WCVI_fish_62","predator",2025-01-01,NA,NA,NA,NA,"09.PredFishNCC","PredNCC","09.PredFishNCC","PredNCC","09.PredFishNCC"
"1458","iphc20_pacifichalibut_all","WCVI","iphc20halibut","WCVI_WCVI_fish_62","predator",2026-01-01,NA,NA,NA,NA,"09.PredFishNCC","PredNCC","09.PredFishNCC","PredNCC","09.PredFishNCC"
"1459","iphc20_longnoseskate_all","WCVI","iphc20longnoseSkate","WCVI_WCVI_fish_63","predator",1998-01-01,0.424529243673065,0.424529243673065,0.424529243673065,-1.5404971411349,"09.PredFishNCC","PredNCC","09.PredFishNCC","PredNCC","09.PredFishNCC"
"1460","iphc20_longnoseskate_all","WCVI","iphc20longnoseSkate","WCVI_WCVI_fish_63","predator",1999-01-01,0.818187359868914,0.818187359868914,0.818187359868914,-0.605162976191612,"09.PredFishNCC","PredNCC","09.PredFishNCC","PredNCC","09.PredFishNCC"
"1461","iphc20_longnoseskate_all","WCVI","iphc20longnoseSkate","WCVI_WCVI_fish_63","predator",2000-01-01,0.79689298772226,0.79689298772226,0.79689298772226,-0.129484394411222,"09.PredFishNCC","PredNCC","09.PredFishNCC","PredNCC","09.PredFishNCC"
"1462","iphc20_longnoseskate_all","WCVI","iphc20longnoseSkate","WCVI_WCVI_fish_63","predator",2001-01-01,1.18470535877111,1.18470535877111,1.18470535877111,0.462974940240857,"09.PredFishNCC","PredNCC","09.PredFishNCC","PredNCC","09.PredFishNCC"
"1463","iphc20_longnoseskate_all","WCVI","iphc20longnoseSkate","WCVI_WCVI_fish_63","predator",2002-01-01,0.754022987197936,0.754022987197936,0.754022987197936,-0.0703223827217749,"09.PredFishNCC","PredNCC","09.PredFishNCC","PredNCC","09.PredFishNCC"
"1464","iphc20_longnoseskate_all","WCVI","iphc20longnoseSkate","WCVI_WCVI_fish_63","predator",2003-01-01,0.715346941200325,0.715346941200325,0.715346941200325,-0.224830623422102,"09.PredFishNCC","PredNCC","09.PredFishNCC","PredNCC","09.PredFishNCC"
"1465","iphc20_longnoseskate_all","WCVI","iphc20longnoseSkate","WCVI_WCVI_fish_63","predator",2004-01-01,0.882317355337543,0.882317355337543,0.882317355337543,0.0279439232735639,"09.PredFishNCC","PredNCC","09.PredFishNCC","PredNCC","09.PredFishNCC"
"1466","iphc20_longnoseskate_all","WCVI","iphc20longnoseSkate","WCVI_WCVI_fish_63","predator",2005-01-01,0.898440822757671,0.898440822757671,0.898440822757671,0.150728375590317,"09.PredFishNCC","PredNCC","09.PredFishNCC","PredNCC","09.PredFishNCC"
"1467","iphc20_longnoseskate_all","WCVI","iphc20longnoseSkate","WCVI_WCVI_fish_63","predator",2006-01-01,0.964865228595617,0.964865228595617,0.964865228595617,0.190016400803003,"09.PredFishNCC","PredNCC","09.PredFishNCC","PredNCC","09.PredFishNCC"
"1468","iphc20_longnoseskate_all","WCVI","iphc20longnoseSkate","WCVI_WCVI_fish_63","predator",2007-01-01,0.750270531146885,0.750270531146885,0.750270531146885,-0.129201759055578,"09.PredFishNCC","PredNCC","09.PredFishNCC","PredNCC","09.PredFishNCC"
"1469","iphc20_longnoseskate_all","WCVI","iphc20longnoseSkate","WCVI_WCVI_fish_63","predator",2008-01-01,0.813885900805848,0.813885900805848,0.813885900805848,-0.110754862321286,"09.PredFishNCC","PredNCC","09.PredFishNCC","PredNCC","09.PredFishNCC"
"1470","iphc20_longnoseskate_all","WCVI","iphc20longnoseSkate","WCVI_WCVI_fish_63","predator",2009-01-01,0.785860485182246,0.785860485182246,0.785860485182246,-0.0372023879699888,"09.PredFishNCC","PredNCC","09.PredFishNCC","PredNCC","09.PredFishNCC"
"1471","iphc20_longnoseskate_all","WCVI","iphc20longnoseSkate","WCVI_WCVI_fish_63","predator",2010-01-01,0.981043001046389,0.981043001046389,0.981043001046389,0.297614909792663,"09.PredFishNCC","PredNCC","09.PredFishNCC","PredNCC","09.PredFishNCC"
"1472","iphc20_longnoseskate_all","WCVI","iphc20longnoseSkate","WCVI_WCVI_fish_63","predator",2011-01-01,0.820283232099581,0.820283232099581,0.820283232099581,0.304976793425872,"09.PredFishNCC","PredNCC","09.PredFishNCC","PredNCC","09.PredFishNCC"
"1473","iphc20_longnoseskate_all","WCVI","iphc20longnoseSkate","WCVI_WCVI_fish_63","predator",2012-01-01,1.04953966125094,1.04953966125094,1.04953966125094,0.752905906220379,"09.PredFishNCC","PredNCC","09.PredFishNCC","PredNCC","09.PredFishNCC"
"1474","iphc20_longnoseskate_all","WCVI","iphc20longnoseSkate","WCVI_WCVI_fish_63","predator",2013-01-01,1.16921477432623,1.16921477432623,1.16921477432623,1.00456761257076,"09.PredFishNCC","PredNCC","09.PredFishNCC","PredNCC","09.PredFishNCC"
"1475","iphc20_longnoseskate_all","WCVI","iphc20longnoseSkate","WCVI_WCVI_fish_63","predator",2014-01-01,1.04809719492189,1.04809719492189,1.04809719492189,0.745361530866388,"09.PredFishNCC","PredNCC","09.PredFishNCC","PredNCC","09.PredFishNCC"
"1476","iphc20_longnoseskate_all","WCVI","iphc20longnoseSkate","WCVI_WCVI_fish_63","predator",2015-01-01,1.01619935151744,1.01619935151744,1.01619935151744,0.289168929311114,"09.PredFishNCC","PredNCC","09.PredFishNCC","PredNCC","09.PredFishNCC"
"1477","iphc20_longnoseskate_all","WCVI","iphc20longnoseSkate","WCVI_WCVI_fish_63","predator",2016-01-01,0.615986145433768,0.615986145433768,0.615986145433768,-0.669273005965117,"09.PredFishNCC","PredNCC","09.PredFishNCC","PredNCC","09.PredFishNCC"
"1478","iphc20_longnoseskate_all","WCVI","iphc20longnoseSkate","WCVI_WCVI_fish_63","predator",2017-01-01,0.39919991853827,0.39919991853827,0.39919991853827,-1.19473291524077,"09.PredFishNCC","PredNCC","09.PredFishNCC","PredNCC","09.PredFishNCC"
"1479","iphc20_longnoseskate_all","WCVI","iphc20longnoseSkate","WCVI_WCVI_fish_63","predator",2018-01-01,0.71183118484656,0.71183118484656,0.71183118484656,-0.786911731438527,"09.PredFishNCC","PredNCC","09.PredFishNCC","PredNCC","09.PredFishNCC"
"1480","iphc20_longnoseskate_all","WCVI","iphc20longnoseSkate","WCVI_WCVI_fish_63","predator",2019-01-01,0.750851470719213,0.750851470719213,0.750851470719213,-0.517253500363704,"09.PredFishNCC","PredNCC","09.PredFishNCC","PredNCC","09.PredFishNCC"
"1481","iphc20_longnoseskate_all","WCVI","iphc20longnoseSkate","WCVI_WCVI_fish_63","predator",2020-01-01,0.673463549901307,0.673463549901307,0.673463549901307,-0.300730763232319,"09.PredFishNCC","PredNCC","09.PredFishNCC","PredNCC","09.PredFishNCC"
"1482","iphc20_longnoseskate_all","WCVI","iphc20longnoseSkate","WCVI_WCVI_fish_63","predator",2021-01-01,0.946095222976758,0.946095222976758,0.946095222976758,0.445352638604822,"09.PredFishNCC","PredNCC","09.PredFishNCC","PredNCC","09.PredFishNCC"
"1483","iphc20_longnoseskate_all","WCVI","iphc20longnoseSkate","WCVI_WCVI_fish_63","predator",2022-01-01,1.25235064258883,1.25235064258883,1.25235064258883,1.17707940029752,"09.PredFishNCC","PredNCC","09.PredFishNCC","PredNCC","09.PredFishNCC"
"1484","iphc20_longnoseskate_all","WCVI","iphc20longnoseSkate","WCVI_WCVI_fish_63","predator",2023-01-01,NA,NA,NA,NA,"09.PredFishNCC","PredNCC","09.PredFishNCC","PredNCC","09.PredFishNCC"
"1485","iphc20_longnoseskate_all","WCVI","iphc20longnoseSkate","WCVI_WCVI_fish_63","predator",2024-01-01,NA,NA,NA,NA,"09.PredFishNCC","PredNCC","09.PredFishNCC","PredNCC","09.PredFishNCC"
"1486","iphc20_longnoseskate_all","WCVI","iphc20longnoseSkate","WCVI_WCVI_fish_63","predator",2025-01-01,NA,NA,NA,NA,"09.PredFishNCC","PredNCC","09.PredFishNCC","PredNCC","09.PredFishNCC"
"1487","iphc20_longnoseskate_all","WCVI","iphc20longnoseSkate","WCVI_WCVI_fish_63","predator",2026-01-01,NA,NA,NA,NA,"09.PredFishNCC","PredNCC","09.PredFishNCC","PredNCC","09.PredFishNCC"
"1488","lag_log_abund_anchovy","WCVI","lagAbundAnchovy","WCVI_WCVI_fish_64","north",1998-01-01,NA,NA,NA,NA,"03.FishPreyNCC","PreyNCC","03.FishPreyNCC","PreyNCC","03.FishPreyNCC"
"1489","lag_log_abund_anchovy","WCVI","lagAbundAnchovy","WCVI_WCVI_fish_64","north",1999-01-01,NA,NA,NA,NA,"03.FishPreyNCC","PreyNCC","03.FishPreyNCC","PreyNCC","03.FishPreyNCC"
"1490","lag_log_abund_anchovy","WCVI","lagAbundAnchovy","WCVI_WCVI_fish_64","north",2000-01-01,NA,NA,NA,NA,"03.FishPreyNCC","PreyNCC","03.FishPreyNCC","PreyNCC","03.FishPreyNCC"
"1491","lag_log_abund_anchovy","WCVI","lagAbundAnchovy","WCVI_WCVI_fish_64","north",2001-01-01,NA,NA,NA,NA,"03.FishPreyNCC","PreyNCC","03.FishPreyNCC","PreyNCC","03.FishPreyNCC"
"1492","lag_log_abund_anchovy","WCVI","lagAbundAnchovy","WCVI_WCVI_fish_64","north",2002-01-01,NA,NA,NA,NA,"03.FishPreyNCC","PreyNCC","03.FishPreyNCC","PreyNCC","03.FishPreyNCC"
"1493","lag_log_abund_anchovy","WCVI","lagAbundAnchovy","WCVI_WCVI_fish_64","north",2003-01-01,NA,NA,NA,NA,"03.FishPreyNCC","PreyNCC","03.FishPreyNCC","PreyNCC","03.FishPreyNCC"
"1494","lag_log_abund_anchovy","WCVI","lagAbundAnchovy","WCVI_WCVI_fish_64","north",2004-01-01,NA,NA,NA,NA,"03.FishPreyNCC","PreyNCC","03.FishPreyNCC","PreyNCC","03.FishPreyNCC"
"1495","lag_log_abund_anchovy","WCVI","lagAbundAnchovy","WCVI_WCVI_fish_64","north",2005-01-01,NA,NA,NA,NA,"03.FishPreyNCC","PreyNCC","03.FishPreyNCC","PreyNCC","03.FishPreyNCC"
"1496","lag_log_abund_anchovy","WCVI","lagAbundAnchovy","WCVI_WCVI_fish_64","north",2006-01-01,NA,NA,NA,NA,"03.FishPreyNCC","PreyNCC","03.FishPreyNCC","PreyNCC","03.FishPreyNCC"
"1497","lag_log_abund_anchovy","WCVI","lagAbundAnchovy","WCVI_WCVI_fish_64","north",2007-01-01,16.4762556326661,16.4762556326661,16.4762556326661,1.22752577328041,"03.FishPreyNCC","PreyNCC","03.FishPreyNCC","PreyNCC","03.FishPreyNCC"
"1498","lag_log_abund_anchovy","WCVI","lagAbundAnchovy","WCVI_WCVI_fish_64","north",2008-01-01,2.55166556950443,2.55166556950443,2.55166556950443,0.360189106898441,"03.FishPreyNCC","PreyNCC","03.FishPreyNCC","PreyNCC","03.FishPreyNCC"
"1499","lag_log_abund_anchovy","WCVI","lagAbundAnchovy","WCVI_WCVI_fish_64","north",2009-01-01,16.4462248148515,16.4462248148515,16.4462248148515,0.673273895161177,"03.FishPreyNCC","PreyNCC","03.FishPreyNCC","PreyNCC","03.FishPreyNCC"
"1500","lag_log_abund_anchovy","WCVI","lagAbundAnchovy","WCVI_WCVI_fish_64","north",2010-01-01,0.0549333772810082,0.0549333772810082,0.0549333772810082,0.00379010296450955,"03.FishPreyNCC","PreyNCC","03.FishPreyNCC","PreyNCC","03.FishPreyNCC"
"1501","lag_log_abund_anchovy","WCVI","lagAbundAnchovy","WCVI_WCVI_fish_64","north",2011-01-01,13.5889444449044,13.5889444449044,13.5889444449044,0.603258004118976,"03.FishPreyNCC","PreyNCC","03.FishPreyNCC","PreyNCC","03.FishPreyNCC"
"1502","lag_log_abund_anchovy","WCVI","lagAbundAnchovy","WCVI_WCVI_fish_64","north",2012-01-01,12.5559910532774,12.5559910532774,12.5559910532774,0.659322031903837,"03.FishPreyNCC","PreyNCC","03.FishPreyNCC","PreyNCC","03.FishPreyNCC"
"1503","lag_log_abund_anchovy","WCVI","lagAbundAnchovy","WCVI_WCVI_fish_64","north",2013-01-01,11.1816275106737,11.1816275106737,11.1816275106737,0.412123293596453,"03.FishPreyNCC","PreyNCC","03.FishPreyNCC","PreyNCC","03.FishPreyNCC"
"1504","lag_log_abund_anchovy","WCVI","lagAbundAnchovy","WCVI_WCVI_fish_64","north",2014-01-01,4.41025766677173,4.41025766677173,4.41025766677173,-0.140618999148681,"03.FishPreyNCC","PreyNCC","03.FishPreyNCC","PreyNCC","03.FishPreyNCC"
"1505","lag_log_abund_anchovy","WCVI","lagAbundAnchovy","WCVI_WCVI_fish_64","north",2015-01-01,4.66466308255038,4.66466308255038,4.66466308255038,-0.34495766486356,"03.FishPreyNCC","PreyNCC","03.FishPreyNCC","PreyNCC","03.FishPreyNCC"
"1506","lag_log_abund_anchovy","WCVI","lagAbundAnchovy","WCVI_WCVI_fish_64","north",2016-01-01,3.2393924797846,3.2393924797846,3.2393924797846,-0.450567592875097,"03.FishPreyNCC","PreyNCC","03.FishPreyNCC","PreyNCC","03.FishPreyNCC"
"1507","lag_log_abund_anchovy","WCVI","lagAbundAnchovy","WCVI_WCVI_fish_64","north",2017-01-01,3.41458061459677,3.41458061459677,3.41458061459677,-0.309068887287674,"03.FishPreyNCC","PreyNCC","03.FishPreyNCC","PreyNCC","03.FishPreyNCC"
"1508","lag_log_abund_anchovy","WCVI","lagAbundAnchovy","WCVI_WCVI_fish_64","north",2018-01-01,12.7004999681121,12.7004999681121,12.7004999681121,0.189817820312391,"03.FishPreyNCC","PreyNCC","03.FishPreyNCC","PreyNCC","03.FishPreyNCC"
"1509","lag_log_abund_anchovy","WCVI","lagAbundAnchovy","WCVI_WCVI_fish_64","north",2019-01-01,4.78678981973682,4.78678981973682,4.78678981973682,-0.109814607825049,"03.FishPreyNCC","PreyNCC","03.FishPreyNCC","PreyNCC","03.FishPreyNCC"
"1510","lag_log_abund_anchovy","WCVI","lagAbundAnchovy","WCVI_WCVI_fish_64","north",2020-01-01,9.35419689413702,9.35419689413702,9.35419689413702,-0.09733879153322,"03.FishPreyNCC","PreyNCC","03.FishPreyNCC","PreyNCC","03.FishPreyNCC"
"1511","lag_log_abund_anchovy","WCVI","lagAbundAnchovy","WCVI_WCVI_fish_64","north",2021-01-01,1.8620374121273,1.8620374121273,1.8620374121273,-0.574212013461672,"03.FishPreyNCC","PreyNCC","03.FishPreyNCC","PreyNCC","03.FishPreyNCC"
"1512","lag_log_abund_anchovy","WCVI","lagAbundAnchovy","WCVI_WCVI_fish_64","north",2022-01-01,4.43050350700828,4.43050350700828,4.43050350700828,-0.682169968793219,"03.FishPreyNCC","PreyNCC","03.FishPreyNCC","PreyNCC","03.FishPreyNCC"
"1513","lag_log_abund_anchovy","WCVI","lagAbundAnchovy","WCVI_WCVI_fish_64","north",2023-01-01,-0.0934060848915102,-0.0934060848915102,-0.0934060848915102,-0.986883169257038,"03.FishPreyNCC","PreyNCC","03.FishPreyNCC","PreyNCC","03.FishPreyNCC"
"1514","lag_log_abund_anchovy","WCVI","lagAbundAnchovy","WCVI_WCVI_fish_64","north",2024-01-01,NA,NA,NA,NA,"03.FishPreyNCC","PreyNCC","03.FishPreyNCC","PreyNCC","03.FishPreyNCC"
"1515","lag_log_abund_anchovy","WCVI","lagAbundAnchovy","WCVI_WCVI_fish_64","north",2025-01-01,NA,NA,NA,NA,"03.FishPreyNCC","PreyNCC","03.FishPreyNCC","PreyNCC","03.FishPreyNCC"
"1516","lag_log_abund_anchovy","WCVI","lagAbundAnchovy","WCVI_WCVI_fish_64","north",2026-01-01,NA,NA,NA,NA,"03.FishPreyNCC","PreyNCC","03.FishPreyNCC","PreyNCC","03.FishPreyNCC"
"1517","ssl.est.wholerange_2yrLead","SEM_data_2024","ssl.est.wholerange_2yrLead","CC_NCC_mamm_119","predator",1998-01-01,35991.41918,35991.41918,35991.41918,-1.41226624094561,"10.PredMammalNCC","PredAK","10.PredMammalNCC","PredAK","10.PredMammalNCC"
"1518","ssl.est.wholerange_2yrLead","SEM_data_2024","ssl.est.wholerange_2yrLead","CC_NCC_mamm_119","predator",1999-01-01,37218.23954,37218.23954,37218.23954,-1.31507055838671,"10.PredMammalNCC","PredAK","10.PredMammalNCC","PredAK","10.PredMammalNCC"
"1519","ssl.est.wholerange_2yrLead","SEM_data_2024","ssl.est.wholerange_2yrLead","CC_NCC_mamm_119","predator",2000-01-01,38358.9535,38358.9535,38358.9535,-1.20763481835526,"10.PredMammalNCC","PredAK","10.PredMammalNCC","PredAK","10.PredMammalNCC"
"1520","ssl.est.wholerange_2yrLead","SEM_data_2024","ssl.est.wholerange_2yrLead","CC_NCC_mamm_119","predator",2001-01-01,39331.93435,39331.93435,39331.93435,-1.10856270472524,"10.PredMammalNCC","PredAK","10.PredMammalNCC","PredAK","10.PredMammalNCC"
"1521","ssl.est.wholerange_2yrLead","SEM_data_2024","ssl.est.wholerange_2yrLead","CC_NCC_mamm_119","predator",2002-01-01,39964.07081,39964.07081,39964.07081,-1.02628841141196,"10.PredMammalNCC","PredAK","10.PredMammalNCC","PredAK","10.PredMammalNCC"
"1522","ssl.est.wholerange_2yrLead","SEM_data_2024","ssl.est.wholerange_2yrLead","CC_NCC_mamm_119","predator",2003-01-01,40455.10561,40455.10561,40455.10561,-0.948383476784616,"10.PredMammalNCC","PredAK","10.PredMammalNCC","PredAK","10.PredMammalNCC"
"1523","ssl.est.wholerange_2yrLead","SEM_data_2024","ssl.est.wholerange_2yrLead","CC_NCC_mamm_119","predator",2004-01-01,40979.6287,40979.6287,40979.6287,-0.851198235704748,"10.PredMammalNCC","PredAK","10.PredMammalNCC","PredAK","10.PredMammalNCC"
"1524","ssl.est.wholerange_2yrLead","SEM_data_2024","ssl.est.wholerange_2yrLead","CC_NCC_mamm_119","predator",2005-01-01,42744.2959,42744.2959,42744.2959,-0.69550289465157,"10.PredMammalNCC","PredAK","10.PredMammalNCC","PredAK","10.PredMammalNCC"
"1525","ssl.est.wholerange_2yrLead","SEM_data_2024","ssl.est.wholerange_2yrLead","CC_NCC_mamm_119","predator",2006-01-01,44349.39642,44349.39642,44349.39642,-0.52058319027591,"10.PredMammalNCC","PredAK","10.PredMammalNCC","PredAK","10.PredMammalNCC"
"1526","ssl.est.wholerange_2yrLead","SEM_data_2024","ssl.est.wholerange_2yrLead","CC_NCC_mamm_119","predator",2007-01-01,46049.2878,46049.2878,46049.2878,-0.328869702274293,"10.PredMammalNCC","PredAK","10.PredMammalNCC","PredAK","10.PredMammalNCC"
"1527","ssl.est.wholerange_2yrLead","SEM_data_2024","ssl.est.wholerange_2yrLead","CC_NCC_mamm_119","predator",2008-01-01,48078.98916,48078.98916,48078.98916,-0.116472829920934,"10.PredMammalNCC","PredAK","10.PredMammalNCC","PredAK","10.PredMammalNCC"
"1528","ssl.est.wholerange_2yrLead","SEM_data_2024","ssl.est.wholerange_2yrLead","CC_NCC_mamm_119","predator",2009-01-01,50401.66389,50401.66389,50401.66389,0.104739146711002,"10.PredMammalNCC","PredAK","10.PredMammalNCC","PredAK","10.PredMammalNCC"
"1529","ssl.est.wholerange_2yrLead","SEM_data_2024","ssl.est.wholerange_2yrLead","CC_NCC_mamm_119","predator",2010-01-01,52072.54975,52072.54975,52072.54975,0.299341926313184,"10.PredMammalNCC","PredAK","10.PredMammalNCC","PredAK","10.PredMammalNCC"
"1530","ssl.est.wholerange_2yrLead","SEM_data_2024","ssl.est.wholerange_2yrLead","CC_NCC_mamm_119","predator",2011-01-01,53748.58672,53748.58672,53748.58672,0.47731927040711,"10.PredMammalNCC","PredAK","10.PredMammalNCC","PredAK","10.PredMammalNCC"
"1531","ssl.est.wholerange_2yrLead","SEM_data_2024","ssl.est.wholerange_2yrLead","CC_NCC_mamm_119","predator",2012-01-01,55146.71928,55146.71928,55146.71928,0.631460350108617,"10.PredMammalNCC","PredAK","10.PredMammalNCC","PredAK","10.PredMammalNCC"
"1532","ssl.est.wholerange_2yrLead","SEM_data_2024","ssl.est.wholerange_2yrLead","CC_NCC_mamm_119","predator",2013-01-01,56325.35989,56325.35989,56325.35989,0.761424202657119,"10.PredMammalNCC","PredAK","10.PredMammalNCC","PredAK","10.PredMammalNCC"
"1533","ssl.est.wholerange_2yrLead","SEM_data_2024","ssl.est.wholerange_2yrLead","CC_NCC_mamm_119","predator",2014-01-01,56809.76441,56809.76441,56809.76441,0.866944676686774,"10.PredMammalNCC","PredAK","10.PredMammalNCC","PredAK","10.PredMammalNCC"
"1534","ssl.est.wholerange_2yrLead","SEM_data_2024","ssl.est.wholerange_2yrLead","CC_NCC_mamm_119","predator",2015-01-01,58183.70125,58183.70125,58183.70125,1.00001956764269,"10.PredMammalNCC","PredAK","10.PredMammalNCC","PredAK","10.PredMammalNCC"
"1535","ssl.est.wholerange_2yrLead","SEM_data_2024","ssl.est.wholerange_2yrLead","CC_NCC_mamm_119","predator",2016-01-01,59557.63809,59557.63809,59557.63809,1.14191515023833,"10.PredMammalNCC","PredAK","10.PredMammalNCC","PredAK","10.PredMammalNCC"
"1536","ssl.est.wholerange_2yrLead","SEM_data_2024","ssl.est.wholerange_2yrLead","CC_NCC_mamm_119","predator",2017-01-01,60931.57493,60931.57493,60931.57493,1.2827183908269,"10.PredMammalNCC","PredAK","10.PredMammalNCC","PredAK","10.PredMammalNCC"
"1537","ssl.est.wholerange_2yrLead","SEM_data_2024","ssl.est.wholerange_2yrLead","CC_NCC_mamm_119","predator",2018-01-01,62305.51176,62305.51176,62305.51176,1.41142391375449,"10.PredMammalNCC","PredAK","10.PredMammalNCC","PredAK","10.PredMammalNCC"
"1538","ssl.est.wholerange_2yrLead","SEM_data_2024","ssl.est.wholerange_2yrLead","CC_NCC_mamm_119","predator",2019-01-01,63679.4486,63679.4486,63679.4486,1.50492862681117,"10.PredMammalNCC","PredAK","10.PredMammalNCC","PredAK","10.PredMammalNCC"
"1539","ssl.est.wholerange_2yrLead","SEM_data_2024","ssl.est.wholerange_2yrLead","CC_NCC_mamm_119","predator",2020-01-01,NA,NA,NA,NA,"10.PredMammalNCC","PredAK","10.PredMammalNCC","PredAK","10.PredMammalNCC"
"1540","ssl.est.wholerange_2yrLead","SEM_data_2024","ssl.est.wholerange_2yrLead","CC_NCC_mamm_119","predator",2021-01-01,NA,NA,NA,NA,"10.PredMammalNCC","PredAK","10.PredMammalNCC","PredAK","10.PredMammalNCC"
"1541","ssl.est.wholerange_2yrLead","SEM_data_2024","ssl.est.wholerange_2yrLead","CC_NCC_mamm_119","predator",2022-01-01,NA,NA,NA,NA,"10.PredMammalNCC","PredAK","10.PredMammalNCC","PredAK","10.PredMammalNCC"
"1542","ssl.est.wholerange_2yrLead","SEM_data_2024","ssl.est.wholerange_2yrLead","CC_NCC_mamm_119","predator",2023-01-01,NA,NA,NA,NA,"10.PredMammalNCC","PredAK","10.PredMammalNCC","PredAK","10.PredMammalNCC"
"1543","ssl.est.wholerange_2yrLead","SEM_data_2024","ssl.est.wholerange_2yrLead","CC_NCC_mamm_119","predator",2024-01-01,NA,NA,NA,NA,"10.PredMammalNCC","PredAK","10.PredMammalNCC","PredAK","10.PredMammalNCC"
"1544","ssl.est.wholerange_2yrLead","SEM_data_2024","ssl.est.wholerange_2yrLead","CC_NCC_mamm_119","predator",2025-01-01,NA,NA,NA,NA,"10.PredMammalNCC","PredAK","10.PredMammalNCC","PredAK","10.PredMammalNCC"
"1545","ssl.est.wholerange_2yrLead","SEM_data_2024","ssl.est.wholerange_2yrLead","CC_NCC_mamm_119","predator",2026-01-01,NA,NA,NA,NA,"10.PredMammalNCC","PredAK","10.PredMammalNCC","PredAK","10.PredMammalNCC"
"1546","abund.sdmTMB.junIntSpr_2025","SEM_data_2025","abund_sdmTMB_junIntSpr_2025","CC_NCC_fish_136","abundance",1998-01-01,2959.36014888146,2959.36014888146,2959.36014888146,0.0774527847152572,"07.Cond2NCC","Abundance","07.Cond2NCC","Abundance","07.Cond2NCC"
"1547","abund.sdmTMB.junIntSpr_2025","SEM_data_2025","abund_sdmTMB_junIntSpr_2025","CC_NCC_fish_136","abundance",1999-01-01,64159.4151483227,64159.4151483227,64159.4151483227,1.23333747811481,"07.Cond2NCC","Abundance","07.Cond2NCC","Abundance","07.Cond2NCC"
"1548","abund.sdmTMB.junIntSpr_2025","SEM_data_2025","abund_sdmTMB_junIntSpr_2025","CC_NCC_fish_136","abundance",2000-01-01,20140.5540544939,20140.5540544939,20140.5540544939,0.586720307156228,"07.Cond2NCC","Abundance","07.Cond2NCC","Abundance","07.Cond2NCC"
"1549","abund.sdmTMB.junIntSpr_2025","SEM_data_2025","abund_sdmTMB_junIntSpr_2025","CC_NCC_fish_136","abundance",2001-01-01,2386.25875315599,2386.25875315599,2386.25875315599,0.0345303579688693,"07.Cond2NCC","Abundance","07.Cond2NCC","Abundance","07.Cond2NCC"
"1550","abund.sdmTMB.junIntSpr_2025","SEM_data_2025","abund_sdmTMB_junIntSpr_2025","CC_NCC_fish_136","abundance",2002-01-01,13654.768100743,13654.768100743,13654.768100743,0.0504759040543564,"07.Cond2NCC","Abundance","07.Cond2NCC","Abundance","07.Cond2NCC"
"1551","abund.sdmTMB.junIntSpr_2025","SEM_data_2025","abund_sdmTMB_junIntSpr_2025","CC_NCC_fish_136","abundance",2003-01-01,15195.7264912569,15195.7264912569,15195.7264912569,-0.000626912166328805,"07.Cond2NCC","Abundance","07.Cond2NCC","Abundance","07.Cond2NCC"
"1552","abund.sdmTMB.junIntSpr_2025","SEM_data_2025","abund_sdmTMB_junIntSpr_2025","CC_NCC_fish_136","abundance",2004-01-01,3003.77820320283,3003.77820320283,3003.77820320283,-0.258922259850406,"07.Cond2NCC","Abundance","07.Cond2NCC","Abundance","07.Cond2NCC"
"1553","abund.sdmTMB.junIntSpr_2025","SEM_data_2025","abund_sdmTMB_junIntSpr_2025","CC_NCC_fish_136","abundance",2005-01-01,2807.97972227317,2807.97972227317,2807.97972227317,-0.278216918279685,"07.Cond2NCC","Abundance","07.Cond2NCC","Abundance","07.Cond2NCC"
"1554","abund.sdmTMB.junIntSpr_2025","SEM_data_2025","abund_sdmTMB_junIntSpr_2025","CC_NCC_fish_136","abundance",2006-01-01,6961.33076764537,6961.33076764537,6961.33076764537,-0.0664917026595022,"07.Cond2NCC","Abundance","07.Cond2NCC","Abundance","07.Cond2NCC"
"1555","abund.sdmTMB.junIntSpr_2025","SEM_data_2025","abund_sdmTMB_junIntSpr_2025","CC_NCC_fish_136","abundance",2007-01-01,6767.90121990566,6767.90121990566,6767.90121990566,0.347985103404835,"07.Cond2NCC","Abundance","07.Cond2NCC","Abundance","07.Cond2NCC"
"1556","abund.sdmTMB.junIntSpr_2025","SEM_data_2025","abund_sdmTMB_junIntSpr_2025","CC_NCC_fish_136","abundance",2008-01-01,69678.6403337006,69678.6403337006,69678.6403337006,1.39086726489795,"07.Cond2NCC","Abundance","07.Cond2NCC","Abundance","07.Cond2NCC"
"1557","abund.sdmTMB.junIntSpr_2025","SEM_data_2025","abund_sdmTMB_junIntSpr_2025","CC_NCC_fish_136","abundance",2009-01-01,8915.10935286904,8915.10935286904,8915.10935286904,0.469859407427959,"07.Cond2NCC","Abundance","07.Cond2NCC","Abundance","07.Cond2NCC"
"1558","abund.sdmTMB.junIntSpr_2025","SEM_data_2025","abund_sdmTMB_junIntSpr_2025","CC_NCC_fish_136","abundance",2010-01-01,12038.0893453883,12038.0893453883,12038.0893453883,0.175058866916811,"07.Cond2NCC","Abundance","07.Cond2NCC","Abundance","07.Cond2NCC"
"1559","abund.sdmTMB.junIntSpr_2025","SEM_data_2025","abund_sdmTMB_junIntSpr_2025","CC_NCC_fish_136","abundance",2011-01-01,7415.19497543626,7415.19497543626,7415.19497543626,0.0312096373200553,"07.Cond2NCC","Abundance","07.Cond2NCC","Abundance","07.Cond2NCC"
"1560","abund.sdmTMB.junIntSpr_2025","SEM_data_2025","abund_sdmTMB_junIntSpr_2025","CC_NCC_fish_136","abundance",2012-01-01,16859.6132014091,16859.6132014091,16859.6132014091,0.161587657194205,"07.Cond2NCC","Abundance","07.Cond2NCC","Abundance","07.Cond2NCC"
"1561","abund.sdmTMB.junIntSpr_2025","SEM_data_2025","abund_sdmTMB_junIntSpr_2025","CC_NCC_fish_136","abundance",2013-01-01,20140.2357765085,20140.2357765085,20140.2357765085,0.150843182629575,"07.Cond2NCC","Abundance","07.Cond2NCC","Abundance","07.Cond2NCC"
"1562","abund.sdmTMB.junIntSpr_2025","SEM_data_2025","abund_sdmTMB_junIntSpr_2025","CC_NCC_fish_136","abundance",2014-01-01,4115.72455835501,4115.72455835501,4115.72455835501,-0.201332803601791,"07.Cond2NCC","Abundance","07.Cond2NCC","Abundance","07.Cond2NCC"
"1563","abund.sdmTMB.junIntSpr_2025","SEM_data_2025","abund_sdmTMB_junIntSpr_2025","CC_NCC_fish_136","abundance",2015-01-01,5923.52795093607,5923.52795093607,5923.52795093607,-0.321170351880771,"07.Cond2NCC","Abundance","07.Cond2NCC","Abundance","07.Cond2NCC"
"1564","abund.sdmTMB.junIntSpr_2025","SEM_data_2025","abund_sdmTMB_junIntSpr_2025","CC_NCC_fish_136","abundance",2016-01-01,3983.44931505019,3983.44931505019,3983.44931505019,-0.432967494889814,"07.Cond2NCC","Abundance","07.Cond2NCC","Abundance","07.Cond2NCC"
"1565","abund.sdmTMB.junIntSpr_2025","SEM_data_2025","abund_sdmTMB_junIntSpr_2025","CC_NCC_fish_136","abundance",2017-01-01,309.02431464575,309.02431464575,309.02431464575,-0.536417617609212,"07.Cond2NCC","Abundance","07.Cond2NCC","Abundance","07.Cond2NCC"
"1566","abund.sdmTMB.junIntSpr_2025","SEM_data_2025","abund_sdmTMB_junIntSpr_2025","CC_NCC_fish_136","abundance",2018-01-01,2686.10036307027,2686.10036307027,2686.10036307027,-0.522651175132085,"07.Cond2NCC","Abundance","07.Cond2NCC","Abundance","07.Cond2NCC"
"1567","abund.sdmTMB.junIntSpr_2025","SEM_data_2025","abund_sdmTMB_junIntSpr_2025","CC_NCC_fish_136","abundance",2019-01-01,3151.02369948511,3151.02369948511,3151.02369948511,-0.515256548244355,"07.Cond2NCC","Abundance","07.Cond2NCC","Abundance","07.Cond2NCC"
"1568","abund.sdmTMB.junIntSpr_2025","SEM_data_2025","abund_sdmTMB_junIntSpr_2025","CC_NCC_fish_136","abundance",2020-01-01,2286.01629289086,2286.01629289086,2286.01629289086,-0.53370382174745,"07.Cond2NCC","Abundance","07.Cond2NCC","Abundance","07.Cond2NCC"
"1569","abund.sdmTMB.junIntSpr_2025","SEM_data_2025","abund_sdmTMB_junIntSpr_2025","CC_NCC_fish_136","abundance",2021-01-01,1424.42404560247,1424.42404560247,1424.42404560247,-0.546457459577757,"07.Cond2NCC","Abundance","07.Cond2NCC","Abundance","07.Cond2NCC"
"1570","abund.sdmTMB.junIntSpr_2025","SEM_data_2025","abund_sdmTMB_junIntSpr_2025","CC_NCC_fish_136","abundance",2022-01-01,3905.30698040999,3905.30698040999,3905.30698040999,-0.516485628490924,"07.Cond2NCC","Abundance","07.Cond2NCC","Abundance","07.Cond2NCC"
"1571","abund.sdmTMB.junIntSpr_2025","SEM_data_2025","abund_sdmTMB_junIntSpr_2025","CC_NCC_fish_136","abundance",2023-01-01,1274.36889557314,1274.36889557314,1274.36889557314,-0.55716960437061,"07.Cond2NCC","Abundance","07.Cond2NCC","Abundance","07.Cond2NCC"
"1572","abund.sdmTMB.junIntSpr_2025","SEM_data_2025","abund_sdmTMB_junIntSpr_2025","CC_NCC_fish_136","abundance",2024-01-01,NA,NA,NA,NA,"07.Cond2NCC","Abundance","07.Cond2NCC","Abundance","07.Cond2NCC"
"1573","abund.sdmTMB.junIntSpr_2025","SEM_data_2025","abund_sdmTMB_junIntSpr_2025","CC_NCC_fish_136","abundance",2025-01-01,NA,NA,NA,NA,"07.Cond2NCC","Abundance","07.Cond2NCC","Abundance","07.Cond2NCC"
"1574","abund.sdmTMB.junIntSpr_2025","SEM_data_2025","abund_sdmTMB_junIntSpr_2025","CC_NCC_fish_136","abundance",2026-01-01,NA,NA,NA,NA,"07.Cond2NCC","Abundance","07.Cond2NCC","Abundance","07.Cond2NCC"
"1575","AllSeaLionsBonn_2yrLead_2025","SEM_data_2025","AllSeaLionsBonn_2yrLead_2025","CC_NCC_mamm_131","predator",1998-01-01,NA,NA,NA,NA,"10.PredMammalNCC","PredAK","10.PredMammalNCC","PredAK","10.PredMammalNCC"
"1576","AllSeaLionsBonn_2yrLead_2025","SEM_data_2025","AllSeaLionsBonn_2yrLead_2025","CC_NCC_mamm_131","predator",1999-01-01,NA,NA,NA,NA,"10.PredMammalNCC","PredAK","10.PredMammalNCC","PredAK","10.PredMammalNCC"
"1577","AllSeaLionsBonn_2yrLead_2025","SEM_data_2025","AllSeaLionsBonn_2yrLead_2025","CC_NCC_mamm_131","predator",2000-01-01,14,14,14,-1.63666180384973,"10.PredMammalNCC","PredAK","10.PredMammalNCC","PredAK","10.PredMammalNCC"
"1578","AllSeaLionsBonn_2yrLead_2025","SEM_data_2025","AllSeaLionsBonn_2yrLead_2025","CC_NCC_mamm_131","predator",2001-01-01,32,32,32,-1.27237597486012,"10.PredMammalNCC","PredAK","10.PredMammalNCC","PredAK","10.PredMammalNCC"
"1579","AllSeaLionsBonn_2yrLead_2025","SEM_data_2025","AllSeaLionsBonn_2yrLead_2025","CC_NCC_mamm_131","predator",2002-01-01,38,38,38,-0.999784413737476,"10.PredMammalNCC","PredAK","10.PredMammalNCC","PredAK","10.PredMammalNCC"
"1580","AllSeaLionsBonn_2yrLead_2025","SEM_data_2025","AllSeaLionsBonn_2yrLead_2025","CC_NCC_mamm_131","predator",2003-01-01,45,45,45,-0.759003229809619,"10.PredMammalNCC","PredAK","10.PredMammalNCC","PredAK","10.PredMammalNCC"
"1581","AllSeaLionsBonn_2yrLead_2025","SEM_data_2025","AllSeaLionsBonn_2yrLead_2025","CC_NCC_mamm_131","predator",2004-01-01,50,50,50,-0.557410188007568,"10.PredMammalNCC","PredAK","10.PredMammalNCC","PredAK","10.PredMammalNCC"
"1582","AllSeaLionsBonn_2yrLead_2025","SEM_data_2025","AllSeaLionsBonn_2yrLead_2025","CC_NCC_mamm_131","predator",2005-01-01,56,56,56,-0.370668638571323,"10.PredMammalNCC","PredAK","10.PredMammalNCC","PredAK","10.PredMammalNCC"
"1583","AllSeaLionsBonn_2yrLead_2025","SEM_data_2025","AllSeaLionsBonn_2yrLead_2025","CC_NCC_mamm_131","predator",2006-01-01,63,63,63,-0.224744702515102,"10.PredMammalNCC","PredAK","10.PredMammalNCC","PredAK","10.PredMammalNCC"
"1584","AllSeaLionsBonn_2yrLead_2025","SEM_data_2025","AllSeaLionsBonn_2yrLead_2025","CC_NCC_mamm_131","predator",2007-01-01,52,52,52,-0.221873392641559,"10.PredMammalNCC","PredAK","10.PredMammalNCC","PredAK","10.PredMammalNCC"
"1585","AllSeaLionsBonn_2yrLead_2025","SEM_data_2025","AllSeaLionsBonn_2yrLead_2025","CC_NCC_mamm_131","predator",2008-01-01,79,79,79,0.0307806634153653,"10.PredMammalNCC","PredAK","10.PredMammalNCC","PredAK","10.PredMammalNCC"
"1586","AllSeaLionsBonn_2yrLead_2025","SEM_data_2025","AllSeaLionsBonn_2yrLead_2025","CC_NCC_mamm_131","predator",2009-01-01,57,57,57,-0.17131299531449,"10.PredMammalNCC","PredAK","10.PredMammalNCC","PredAK","10.PredMammalNCC"
"1587","AllSeaLionsBonn_2yrLead_2025","SEM_data_2025","AllSeaLionsBonn_2yrLead_2025","CC_NCC_mamm_131","predator",2010-01-01,47,47,47,-0.250319902575946,"10.PredMammalNCC","PredAK","10.PredMammalNCC","PredAK","10.PredMammalNCC"
"1588","AllSeaLionsBonn_2yrLead_2025","SEM_data_2025","AllSeaLionsBonn_2yrLead_2025","CC_NCC_mamm_131","predator",2011-01-01,62,62,62,0.0692658184536438,"10.PredMammalNCC","PredAK","10.PredMammalNCC","PredAK","10.PredMammalNCC"
"1589","AllSeaLionsBonn_2yrLead_2025","SEM_data_2025","AllSeaLionsBonn_2yrLead_2025","CC_NCC_mamm_131","predator",2012-01-01,68,68,68,0.575260712677712,"10.PredMammalNCC","PredAK","10.PredMammalNCC","PredAK","10.PredMammalNCC"
"1590","AllSeaLionsBonn_2yrLead_2025","SEM_data_2025","AllSeaLionsBonn_2yrLead_2025","CC_NCC_mamm_131","predator",2013-01-01,139,139,139,1.56095200386987,"10.PredMammalNCC","PredAK","10.PredMammalNCC","PredAK","10.PredMammalNCC"
"1591","AllSeaLionsBonn_2yrLead_2025","SEM_data_2025","AllSeaLionsBonn_2yrLead_2025","CC_NCC_mamm_131","predator",2014-01-01,120,120,120,1.4949902162251,"10.PredMammalNCC","PredAK","10.PredMammalNCC","PredAK","10.PredMammalNCC"
"1592","AllSeaLionsBonn_2yrLead_2025","SEM_data_2025","AllSeaLionsBonn_2yrLead_2025","CC_NCC_mamm_131","predator",2015-01-01,91,91,91,0.98498785185847,"10.PredMammalNCC","PredAK","10.PredMammalNCC","PredAK","10.PredMammalNCC"
"1593","AllSeaLionsBonn_2yrLead_2025","SEM_data_2025","AllSeaLionsBonn_2yrLead_2025","CC_NCC_mamm_131","predator",2016-01-01,82,82,82,0.549029620247234,"10.PredMammalNCC","PredAK","10.PredMammalNCC","PredAK","10.PredMammalNCC"
"1594","AllSeaLionsBonn_2yrLead_2025","SEM_data_2025","AllSeaLionsBonn_2yrLead_2025","CC_NCC_mamm_131","predator",2017-01-01,58,58,58,0.0702187954558565,"10.PredMammalNCC","PredAK","10.PredMammalNCC","PredAK","10.PredMammalNCC"
"1595","AllSeaLionsBonn_2yrLead_2025","SEM_data_2025","AllSeaLionsBonn_2yrLead_2025","CC_NCC_mamm_131","predator",2018-01-01,52,52,52,-0.0794247655051876,"10.PredMammalNCC","PredAK","10.PredMammalNCC","PredAK","10.PredMammalNCC"
"1596","AllSeaLionsBonn_2yrLead_2025","SEM_data_2025","AllSeaLionsBonn_2yrLead_2025","CC_NCC_mamm_131","predator",2019-01-01,72,72,72,0.163163046853521,"10.PredMammalNCC","PredAK","10.PredMammalNCC","PredAK","10.PredMammalNCC"
"1597","AllSeaLionsBonn_2yrLead_2025","SEM_data_2025","AllSeaLionsBonn_2yrLead_2025","CC_NCC_mamm_131","predator",2020-01-01,73,73,73,0.331544476722481,"10.PredMammalNCC","PredAK","10.PredMammalNCC","PredAK","10.PredMammalNCC"
"1598","AllSeaLionsBonn_2yrLead_2025","SEM_data_2025","AllSeaLionsBonn_2yrLead_2025","CC_NCC_mamm_131","predator",2021-01-01,104,104,104,0.558649675562239,"10.PredMammalNCC","PredAK","10.PredMammalNCC","PredAK","10.PredMammalNCC"
"1599","AllSeaLionsBonn_2yrLead_2025","SEM_data_2025","AllSeaLionsBonn_2yrLead_2025","CC_NCC_mamm_131","predator",2022-01-01,48,48,48,-0.0274057884481718,"10.PredMammalNCC","PredAK","10.PredMammalNCC","PredAK","10.PredMammalNCC"
"1600","AllSeaLionsBonn_2yrLead_2025","SEM_data_2025","AllSeaLionsBonn_2yrLead_2025","CC_NCC_mamm_131","predator",2023-01-01,NA,NA,NA,NA,"10.PredMammalNCC","PredAK","10.PredMammalNCC","PredAK","10.PredMammalNCC"
"1601","AllSeaLionsBonn_2yrLead_2025","SEM_data_2025","AllSeaLionsBonn_2yrLead_2025","CC_NCC_mamm_131","predator",2024-01-01,NA,NA,NA,NA,"10.PredMammalNCC","PredAK","10.PredMammalNCC","PredAK","10.PredMammalNCC"
"1602","AllSeaLionsBonn_2yrLead_2025","SEM_data_2025","AllSeaLionsBonn_2yrLead_2025","CC_NCC_mamm_131","predator",2025-01-01,NA,NA,NA,NA,"10.PredMammalNCC","PredAK","10.PredMammalNCC","PredAK","10.PredMammalNCC"
"1603","AllSeaLionsBonn_2yrLead_2025","SEM_data_2025","AllSeaLionsBonn_2yrLead_2025","CC_NCC_mamm_131","predator",2026-01-01,NA,NA,NA,NA,"10.PredMammalNCC","PredAK","10.PredMammalNCC","PredAK","10.PredMammalNCC"
"1604","AllSeaLionsEMB_2yrLead_2025","SEM_data_2025","AllSeaLionsEMB_2yrLead_2025","CC_NCC_mamm_130","predator",1998-01-01,60,60,60,-0.727770788042965,"10.PredMammalNCC","PredAK","10.PredMammalNCC","PredAK","10.PredMammalNCC"
"1605","AllSeaLionsEMB_2yrLead_2025","SEM_data_2025","AllSeaLionsEMB_2yrLead_2025","CC_NCC_mamm_130","predator",1999-01-01,160,160,160,-0.648318872745453,"10.PredMammalNCC","PredAK","10.PredMammalNCC","PredAK","10.PredMammalNCC"
"1606","AllSeaLionsEMB_2yrLead_2025","SEM_data_2025","AllSeaLionsEMB_2yrLead_2025","CC_NCC_mamm_130","predator",2000-01-01,277,277,277,-0.566756922465634,"10.PredMammalNCC","PredAK","10.PredMammalNCC","PredAK","10.PredMammalNCC"
"1607","AllSeaLionsEMB_2yrLead_2025","SEM_data_2025","AllSeaLionsEMB_2yrLead_2025","CC_NCC_mamm_130","predator",2001-01-01,356,356,356,-0.538492357341521,"10.PredMammalNCC","PredAK","10.PredMammalNCC","PredAK","10.PredMammalNCC"
"1608","AllSeaLionsEMB_2yrLead_2025","SEM_data_2025","AllSeaLionsEMB_2yrLead_2025","CC_NCC_mamm_130","predator",2002-01-01,107,107,107,-0.627744204240528,"10.PredMammalNCC","PredAK","10.PredMammalNCC","PredAK","10.PredMammalNCC"
"1609","AllSeaLionsEMB_2yrLead_2025","SEM_data_2025","AllSeaLionsEMB_2yrLead_2025","CC_NCC_mamm_130","predator",2003-01-01,206,206,206,-0.632265393531405,"10.PredMammalNCC","PredAK","10.PredMammalNCC","PredAK","10.PredMammalNCC"
"1610","AllSeaLionsEMB_2yrLead_2025","SEM_data_2025","AllSeaLionsEMB_2yrLead_2025","CC_NCC_mamm_130","predator",2004-01-01,104,104,104,-0.672474274089347,"10.PredMammalNCC","PredAK","10.PredMammalNCC","PredAK","10.PredMammalNCC"
"1611","AllSeaLionsEMB_2yrLead_2025","SEM_data_2025","AllSeaLionsEMB_2yrLead_2025","CC_NCC_mamm_130","predator",2005-01-01,123,123,123,-0.669170531749059,"10.PredMammalNCC","PredAK","10.PredMammalNCC","PredAK","10.PredMammalNCC"
"1612","AllSeaLionsEMB_2yrLead_2025","SEM_data_2025","AllSeaLionsEMB_2yrLead_2025","CC_NCC_mamm_130","predator",2006-01-01,162,162,162,-0.641293313383404,"10.PredMammalNCC","PredAK","10.PredMammalNCC","PredAK","10.PredMammalNCC"
"1613","AllSeaLionsEMB_2yrLead_2025","SEM_data_2025","AllSeaLionsEMB_2yrLead_2025","CC_NCC_mamm_130","predator",2007-01-01,173,173,173,-0.606621857432672,"10.PredMammalNCC","PredAK","10.PredMammalNCC","PredAK","10.PredMammalNCC"
"1614","AllSeaLionsEMB_2yrLead_2025","SEM_data_2025","AllSeaLionsEMB_2yrLead_2025","CC_NCC_mamm_130","predator",2008-01-01,229,229,229,-0.543362170122165,"10.PredMammalNCC","PredAK","10.PredMammalNCC","PredAK","10.PredMammalNCC"
"1615","AllSeaLionsEMB_2yrLead_2025","SEM_data_2025","AllSeaLionsEMB_2yrLead_2025","CC_NCC_mamm_130","predator",2009-01-01,242,242,242,-0.453812553401194,"10.PredMammalNCC","PredAK","10.PredMammalNCC","PredAK","10.PredMammalNCC"
"1616","AllSeaLionsEMB_2yrLead_2025","SEM_data_2025","AllSeaLionsEMB_2yrLead_2025","CC_NCC_mamm_130","predator",2010-01-01,240,240,240,-0.263642209484105,"10.PredMammalNCC","PredAK","10.PredMammalNCC","PredAK","10.PredMammalNCC"
"1617","AllSeaLionsEMB_2yrLead_2025","SEM_data_2025","AllSeaLionsEMB_2yrLead_2025","CC_NCC_mamm_130","predator",2011-01-01,739,739,739,0.219660562305473,"10.PredMammalNCC","PredAK","10.PredMammalNCC","PredAK","10.PredMammalNCC"
"1618","AllSeaLionsEMB_2yrLead_2025","SEM_data_2025","AllSeaLionsEMB_2yrLead_2025","CC_NCC_mamm_130","predator",2012-01-01,1420,1420,1420,0.895230022316959,"10.PredMammalNCC","PredAK","10.PredMammalNCC","PredAK","10.PredMammalNCC"
"1619","AllSeaLionsEMB_2yrLead_2025","SEM_data_2025","AllSeaLionsEMB_2yrLead_2025","CC_NCC_mamm_130","predator",2013-01-01,2340,2340,2340,1.64140365402727,"10.PredMammalNCC","PredAK","10.PredMammalNCC","PredAK","10.PredMammalNCC"
"1620","AllSeaLionsEMB_2yrLead_2025","SEM_data_2025","AllSeaLionsEMB_2yrLead_2025","CC_NCC_mamm_130","predator",2014-01-01,3834,3834,3834,2.12733097987829,"10.PredMammalNCC","PredAK","10.PredMammalNCC","PredAK","10.PredMammalNCC"
"1621","AllSeaLionsEMB_2yrLead_2025","SEM_data_2025","AllSeaLionsEMB_2yrLead_2025","CC_NCC_mamm_130","predator",2015-01-01,1204,1204,1204,1.08994582653947,"10.PredMammalNCC","PredAK","10.PredMammalNCC","PredAK","10.PredMammalNCC"
"1622","AllSeaLionsEMB_2yrLead_2025","SEM_data_2025","AllSeaLionsEMB_2yrLead_2025","CC_NCC_mamm_130","predator",2016-01-01,1030,1030,1030,0.570747179124131,"10.PredMammalNCC","PredAK","10.PredMammalNCC","PredAK","10.PredMammalNCC"
"1623","AllSeaLionsEMB_2yrLead_2025","SEM_data_2025","AllSeaLionsEMB_2yrLead_2025","CC_NCC_mamm_130","predator",2017-01-01,NA,811,811,0.254234428274237,"10.PredMammalNCC","PredAK","10.PredMammalNCC","PredAK","10.PredMammalNCC"
"1624","AllSeaLionsEMB_2yrLead_2025","SEM_data_2025","AllSeaLionsEMB_2yrLead_2025","CC_NCC_mamm_130","predator",2018-01-01,592,592,592,0.0802733882809633,"10.PredMammalNCC","PredAK","10.PredMammalNCC","PredAK","10.PredMammalNCC"
"1625","AllSeaLionsEMB_2yrLead_2025","SEM_data_2025","AllSeaLionsEMB_2yrLead_2025","CC_NCC_mamm_130","predator",2019-01-01,888,888,888,0.131281584292107,"10.PredMammalNCC","PredAK","10.PredMammalNCC","PredAK","10.PredMammalNCC"
"1626","AllSeaLionsEMB_2yrLead_2025","SEM_data_2025","AllSeaLionsEMB_2yrLead_2025","CC_NCC_mamm_130","predator",2020-01-01,594,594,594,0.111746411945492,"10.PredMammalNCC","PredAK","10.PredMammalNCC","PredAK","10.PredMammalNCC"
"1627","AllSeaLionsEMB_2yrLead_2025","SEM_data_2025","AllSeaLionsEMB_2yrLead_2025","CC_NCC_mamm_130","predator",2021-01-01,1436,1436,1436,0.346312142508543,"10.PredMammalNCC","PredAK","10.PredMammalNCC","PredAK","10.PredMammalNCC"
"1628","AllSeaLionsEMB_2yrLead_2025","SEM_data_2025","AllSeaLionsEMB_2yrLead_2025","CC_NCC_mamm_130","predator",2022-01-01,563,563,563,0.08383331088777,"10.PredMammalNCC","PredAK","10.PredMammalNCC","PredAK","10.PredMammalNCC"
"1629","AllSeaLionsEMB_2yrLead_2025","SEM_data_2025","AllSeaLionsEMB_2yrLead_2025","CC_NCC_mamm_130","predator",2023-01-01,NA,NA,NA,NA,"10.PredMammalNCC","PredAK","10.PredMammalNCC","PredAK","10.PredMammalNCC"
"1630","AllSeaLionsEMB_2yrLead_2025","SEM_data_2025","AllSeaLionsEMB_2yrLead_2025","CC_NCC_mamm_130","predator",2024-01-01,NA,NA,NA,NA,"10.PredMammalNCC","PredAK","10.PredMammalNCC","PredAK","10.PredMammalNCC"
"1631","AllSeaLionsEMB_2yrLead_2025","SEM_data_2025","AllSeaLionsEMB_2yrLead_2025","CC_NCC_mamm_130","predator",2025-01-01,NA,NA,NA,NA,"10.PredMammalNCC","PredAK","10.PredMammalNCC","PredAK","10.PredMammalNCC"
"1632","AllSeaLionsEMB_2yrLead_2025","SEM_data_2025","AllSeaLionsEMB_2yrLead_2025","CC_NCC_mamm_130","predator",2026-01-01,NA,NA,NA,NA,"10.PredMammalNCC","PredAK","10.PredMammalNCC","PredAK","10.PredMammalNCC"
"1633","cpue_IntSprJunHW_2025","SEM_data_2025","cpue_IntSprJunHW_2025","CC_NCC_fish_135","abundance",1998-01-01,0.0295397173287961,0.0295397173287961,0.0295397173287961,-0.199371526188248,"07.Cond2NCC","Abundance","07.Cond2NCC","Abundance","07.Cond2NCC"
"1634","cpue_IntSprJunHW_2025","SEM_data_2025","cpue_IntSprJunHW_2025","CC_NCC_fish_135","abundance",1999-01-01,1.0871807797041,1.0871807797041,1.0871807797041,0.701370196616032,"07.Cond2NCC","Abundance","07.Cond2NCC","Abundance","07.Cond2NCC"
"1635","cpue_IntSprJunHW_2025","SEM_data_2025","cpue_IntSprJunHW_2025","CC_NCC_fish_135","abundance",2000-01-01,0.329146626056017,0.329146626056017,0.329146626056017,0.230756173976942,"07.Cond2NCC","Abundance","07.Cond2NCC","Abundance","07.Cond2NCC"
"1636","cpue_IntSprJunHW_2025","SEM_data_2025","cpue_IntSprJunHW_2025","CC_NCC_fish_135","abundance",2001-01-01,0.0820734369336961,0.0820734369336961,0.0820734369336961,-0.1305758646001,"07.Cond2NCC","Abundance","07.Cond2NCC","Abundance","07.Cond2NCC"
"1637","cpue_IntSprJunHW_2025","SEM_data_2025","cpue_IntSprJunHW_2025","CC_NCC_fish_135","abundance",2002-01-01,0.254433622528142,0.254433622528142,0.254433622528142,-0.107968153192281,"07.Cond2NCC","Abundance","07.Cond2NCC","Abundance","07.Cond2NCC"
"1638","cpue_IntSprJunHW_2025","SEM_data_2025","cpue_IntSprJunHW_2025","CC_NCC_fish_135","abundance",2003-01-01,0.301141296808961,0.301141296808961,0.301141296808961,-0.12248443308631,"07.Cond2NCC","Abundance","07.Cond2NCC","Abundance","07.Cond2NCC"
"1639","cpue_IntSprJunHW_2025","SEM_data_2025","cpue_IntSprJunHW_2025","CC_NCC_fish_135","abundance",2004-01-01,0.0852777105384307,0.0852777105384307,0.0852777105384307,-0.308870964369637,"07.Cond2NCC","Abundance","07.Cond2NCC","Abundance","07.Cond2NCC"
"1640","cpue_IntSprJunHW_2025","SEM_data_2025","cpue_IntSprJunHW_2025","CC_NCC_fish_135","abundance",2005-01-01,0.0701297460046892,0.0701297460046892,0.0701297460046892,-0.297860949372664,"07.Cond2NCC","Abundance","07.Cond2NCC","Abundance","07.Cond2NCC"
"1641","cpue_IntSprJunHW_2025","SEM_data_2025","cpue_IntSprJunHW_2025","CC_NCC_fish_135","abundance",2006-01-01,0.165017774058,0.165017774058,0.165017774058,-0.0394520767808467,"07.Cond2NCC","Abundance","07.Cond2NCC","Abundance","07.Cond2NCC"
"1642","cpue_IntSprJunHW_2025","SEM_data_2025","cpue_IntSprJunHW_2025","CC_NCC_fish_135","abundance",2007-01-01,0.190748916603785,0.190748916603785,0.190748916603785,0.480513749029982,"07.Cond2NCC","Abundance","07.Cond2NCC","Abundance","07.Cond2NCC"
"1643","cpue_IntSprJunHW_2025","SEM_data_2025","cpue_IntSprJunHW_2025","CC_NCC_fish_135","abundance",2008-01-01,1.83324372110289,1.83324372110289,1.83324372110289,1.71576795435776,"07.Cond2NCC","Abundance","07.Cond2NCC","Abundance","07.Cond2NCC"
"1644","cpue_IntSprJunHW_2025","SEM_data_2025","cpue_IntSprJunHW_2025","CC_NCC_fish_135","abundance",2009-01-01,0.28442678167803,0.28442678167803,0.28442678167803,0.673627454708614,"07.Cond2NCC","Abundance","07.Cond2NCC","Abundance","07.Cond2NCC"
"1645","cpue_IntSprJunHW_2025","SEM_data_2025","cpue_IntSprJunHW_2025","CC_NCC_fish_135","abundance",2010-01-01,0.29338790909721,0.29338790909721,0.29338790909721,0.298753337485467,"07.Cond2NCC","Abundance","07.Cond2NCC","Abundance","07.Cond2NCC"
"1646","cpue_IntSprJunHW_2025","SEM_data_2025","cpue_IntSprJunHW_2025","CC_NCC_fish_135","abundance",2011-01-01,0.205309534742366,0.205309534742366,0.205309534742366,0.193204694221378,"07.Cond2NCC","Abundance","07.Cond2NCC","Abundance","07.Cond2NCC"
"1647","cpue_IntSprJunHW_2025","SEM_data_2025","cpue_IntSprJunHW_2025","CC_NCC_fish_135","abundance",2012-01-01,0.561074742598042,0.561074742598042,0.561074742598042,0.478154964633386,"07.Cond2NCC","Abundance","07.Cond2NCC","Abundance","07.Cond2NCC"
"1648","cpue_IntSprJunHW_2025","SEM_data_2025","cpue_IntSprJunHW_2025","CC_NCC_fish_135","abundance",2013-01-01,0.715709261298692,0.715709261298692,0.715709261298692,0.522781057419352,"07.Cond2NCC","Abundance","07.Cond2NCC","Abundance","07.Cond2NCC"
"1649","cpue_IntSprJunHW_2025","SEM_data_2025","cpue_IntSprJunHW_2025","CC_NCC_fish_135","abundance",2014-01-01,0.137737376360068,0.137737376360068,0.137737376360068,-0.0263348408421055,"07.Cond2NCC","Abundance","07.Cond2NCC","Abundance","07.Cond2NCC"
"1650","cpue_IntSprJunHW_2025","SEM_data_2025","cpue_IntSprJunHW_2025","CC_NCC_fish_135","abundance",2015-01-01,0.181187182053892,0.181187182053892,0.181187182053892,-0.230554220844791,"07.Cond2NCC","Abundance","07.Cond2NCC","Abundance","07.Cond2NCC"
"1651","cpue_IntSprJunHW_2025","SEM_data_2025","cpue_IntSprJunHW_2025","CC_NCC_fish_135","abundance",2016-01-01,0.103935462124222,0.103935462124222,0.103935462124222,-0.405940380286121,"07.Cond2NCC","Abundance","07.Cond2NCC","Abundance","07.Cond2NCC"
"1652","cpue_IntSprJunHW_2025","SEM_data_2025","cpue_IntSprJunHW_2025","CC_NCC_fish_135","abundance",2017-01-01,0.00992952683709087,0.00992952683709087,0.00992952683709087,-0.529026230183841,"07.Cond2NCC","Abundance","07.Cond2NCC","Abundance","07.Cond2NCC"
"1653","cpue_IntSprJunHW_2025","SEM_data_2025","cpue_IntSprJunHW_2025","CC_NCC_fish_135","abundance",2018-01-01,0.11293827835556,0.11293827835556,0.11293827835556,-0.480917433846143,"07.Cond2NCC","Abundance","07.Cond2NCC","Abundance","07.Cond2NCC"
"1654","cpue_IntSprJunHW_2025","SEM_data_2025","cpue_IntSprJunHW_2025","CC_NCC_fish_135","abundance",2019-01-01,0.108612835377295,0.108612835377295,0.108612835377295,-0.47865948372209,"07.Cond2NCC","Abundance","07.Cond2NCC","Abundance","07.Cond2NCC"
"1655","cpue_IntSprJunHW_2025","SEM_data_2025","cpue_IntSprJunHW_2025","CC_NCC_fish_135","abundance",2020-01-01,0.0785595524980682,0.0785595524980682,0.0785595524980682,-0.508860329529313,"07.Cond2NCC","Abundance","07.Cond2NCC","Abundance","07.Cond2NCC"
"1656","cpue_IntSprJunHW_2025","SEM_data_2025","cpue_IntSprJunHW_2025","CC_NCC_fish_135","abundance",2021-01-01,0.0518515738337735,0.0518515738337735,0.0518515738337735,-0.524360818724605,"07.Cond2NCC","Abundance","07.Cond2NCC","Abundance","07.Cond2NCC"
"1657","cpue_IntSprJunHW_2025","SEM_data_2025","cpue_IntSprJunHW_2025","CC_NCC_fish_135","abundance",2022-01-01,0.128228886037936,0.128228886037936,0.128228886037936,-0.4719125722443,"07.Cond2NCC","Abundance","07.Cond2NCC","Abundance","07.Cond2NCC"
"1658","cpue_IntSprJunHW_2025","SEM_data_2025","cpue_IntSprJunHW_2025","CC_NCC_fish_135","abundance",2023-01-01,0.0377468709243955,0.0377468709243955,0.0377468709243955,-0.495669783676574,"07.Cond2NCC","Abundance","07.Cond2NCC","Abundance","07.Cond2NCC"
"1659","cpue_IntSprJunHW_2025","SEM_data_2025","cpue_IntSprJunHW_2025","CC_NCC_fish_135","abundance",2024-01-01,0.174231906035318,0.174231906035318,0.174231906035318,-0.386480382361082,"07.Cond2NCC","Abundance","07.Cond2NCC","Abundance","07.Cond2NCC"
"1660","cpue_IntSprJunHW_2025","SEM_data_2025","cpue_IntSprJunHW_2025","CC_NCC_fish_135","abundance",2025-01-01,NA,NA,NA,NA,"07.Cond2NCC","Abundance","07.Cond2NCC","Abundance","07.Cond2NCC"
"1661","cpue_IntSprJunHW_2025","SEM_data_2025","cpue_IntSprJunHW_2025","CC_NCC_fish_135","abundance",2026-01-01,NA,NA,NA,NA,"07.Cond2NCC","Abundance","07.Cond2NCC","Abundance","07.Cond2NCC"
"1662","HakeAge1_2025","SEM_data_2025","HakeAge1_2025","CC_NCC_fish_141","prey",1998-01-01,812,812,812,-0.30507469393597,"03.FishPreyNCC_0","PreyNCC","03.FishPreyNCC_0","PreyNCC",NA
"1663","HakeAge1_2025","SEM_data_2025","HakeAge1_2025","CC_NCC_fish_141","prey",1999-01-01,1594,1594,1594,0.0729629139056149,"03.FishPreyNCC_0","PreyNCC","03.FishPreyNCC_0","PreyNCC",NA
"1664","HakeAge1_2025","SEM_data_2025","HakeAge1_2025","CC_NCC_fish_141","prey",2000-01-01,10204,10204,10204,0.781641810937281,"03.FishPreyNCC_0","PreyNCC","03.FishPreyNCC_0","PreyNCC",NA
"1665","HakeAge1_2025","SEM_data_2025","HakeAge1_2025","CC_NCC_fish_141","prey",2001-01-01,250,250,250,-0.0733440231334241,"03.FishPreyNCC_0","PreyNCC","03.FishPreyNCC_0","PreyNCC",NA
"1666","HakeAge1_2025","SEM_data_2025","HakeAge1_2025","CC_NCC_fish_141","prey",2002-01-01,994,994,994,-0.337675908202493,"03.FishPreyNCC_0","PreyNCC","03.FishPreyNCC_0","PreyNCC",NA
"1667","HakeAge1_2025","SEM_data_2025","HakeAge1_2025","CC_NCC_fish_141","prey",2003-01-01,35,35,35,-0.500612649024144,"03.FishPreyNCC_0","PreyNCC","03.FishPreyNCC_0","PreyNCC",NA
"1668","HakeAge1_2025","SEM_data_2025","HakeAge1_2025","CC_NCC_fish_141","prey",2004-01-01,1356,1356,1356,-0.435165024083927,"03.FishPreyNCC_0","PreyNCC","03.FishPreyNCC_0","PreyNCC",NA
"1669","HakeAge1_2025","SEM_data_2025","HakeAge1_2025","CC_NCC_fish_141","prey",2005-01-01,34,34,34,-0.475251619334211,"03.FishPreyNCC_0","PreyNCC","03.FishPreyNCC_0","PreyNCC",NA
"1670","HakeAge1_2025","SEM_data_2025","HakeAge1_2025","CC_NCC_fish_141","prey",2006-01-01,2260,2260,2260,-0.261290498004086,"03.FishPreyNCC_0","PreyNCC","03.FishPreyNCC_0","PreyNCC",NA
"1671","HakeAge1_2025","SEM_data_2025","HakeAge1_2025","CC_NCC_fish_141","prey",2007-01-01,1642,1642,1642,-0.252287371047223,"03.FishPreyNCC_0","PreyNCC","03.FishPreyNCC_0","PreyNCC",NA
"1672","HakeAge1_2025","SEM_data_2025","HakeAge1_2025","CC_NCC_fish_141","prey",2008-01-01,20,20,20,-0.252404654026352,"03.FishPreyNCC_0","PreyNCC","03.FishPreyNCC_0","PreyNCC",NA
"1673","HakeAge1_2025","SEM_data_2025","HakeAge1_2025","CC_NCC_fish_141","prey",2009-01-01,4449,4449,4449,0.228605240683313,"03.FishPreyNCC_0","PreyNCC","03.FishPreyNCC_0","PreyNCC",NA
"1674","HakeAge1_2025","SEM_data_2025","HakeAge1_2025","CC_NCC_fish_141","prey",2010-01-01,1085,1085,1085,0.332771929181855,"03.FishPreyNCC_0","PreyNCC","03.FishPreyNCC_0","PreyNCC",NA
"1675","HakeAge1_2025","SEM_data_2025","HakeAge1_2025","CC_NCC_fish_141","prey",2011-01-01,12618,12618,12618,1.18127037660874,"03.FishPreyNCC_0","PreyNCC","03.FishPreyNCC_0","PreyNCC",NA
"1676","HakeAge1_2025","SEM_data_2025","HakeAge1_2025","CC_NCC_fish_141","prey",2012-01-01,303,303,303,0.135929454142404,"03.FishPreyNCC_0","PreyNCC","03.FishPreyNCC_0","PreyNCC",NA
"1677","HakeAge1_2025","SEM_data_2025","HakeAge1_2025","CC_NCC_fish_141","prey",2013-01-01,1247,1247,1247,-0.125507061862747,"03.FishPreyNCC_0","PreyNCC","03.FishPreyNCC_0","PreyNCC",NA
"1678","HakeAge1_2025","SEM_data_2025","HakeAge1_2025","CC_NCC_fish_141","prey",2014-01-01,294,294,294,-0.149866832818828,"03.FishPreyNCC_0","PreyNCC","03.FishPreyNCC_0","PreyNCC",NA
"1679","HakeAge1_2025","SEM_data_2025","HakeAge1_2025","CC_NCC_fish_141","prey",2015-01-01,6522,6522,6522,0.326602405882523,"03.FishPreyNCC_0","PreyNCC","03.FishPreyNCC_0","PreyNCC",NA
"1680","HakeAge1_2025","SEM_data_2025","HakeAge1_2025","CC_NCC_fish_141","prey",2016-01-01,27,27,27,-0.102486096034649,"03.FishPreyNCC_0","PreyNCC","03.FishPreyNCC_0","PreyNCC",NA
"1681","HakeAge1_2025","SEM_data_2025","HakeAge1_2025","CC_NCC_fish_141","prey",2017-01-01,4458,4458,4458,0.0973548898284156,"03.FishPreyNCC_0","PreyNCC","03.FishPreyNCC_0","PreyNCC",NA
"1682","HakeAge1_2025","SEM_data_2025","HakeAge1_2025","CC_NCC_fish_141","prey",2018-01-01,1236,1236,1236,-0.213618571532023,"03.FishPreyNCC_0","PreyNCC","03.FishPreyNCC_0","PreyNCC",NA
"1683","HakeAge1_2025","SEM_data_2025","HakeAge1_2025","CC_NCC_fish_141","prey",2019-01-01,315,315,315,-0.37230126509797,"03.FishPreyNCC_0","PreyNCC","03.FishPreyNCC_0","PreyNCC",NA
"1684","HakeAge1_2025","SEM_data_2025","HakeAge1_2025","CC_NCC_fish_141","prey",2020-01-01,216,216,216,-0.258938124986416,"03.FishPreyNCC_0","PreyNCC","03.FishPreyNCC_0","PreyNCC",NA
"1685","HakeAge1_2025","SEM_data_2025","HakeAge1_2025","CC_NCC_fish_141","prey",2021-01-01,3749,3749,3749,0.26976378064649,"03.FishPreyNCC_0","PreyNCC","03.FishPreyNCC_0","PreyNCC",NA
"1686","HakeAge1_2025","SEM_data_2025","HakeAge1_2025","CC_NCC_fish_141","prey",2022-01-01,8073,8073,8073,0.674405810057802,"03.FishPreyNCC_0","PreyNCC","03.FishPreyNCC_0","PreyNCC",NA
"1687","HakeAge1_2025","SEM_data_2025","HakeAge1_2025","CC_NCC_fish_141","prey",2023-01-01,1486,1486,1486,0.0523934325531972,"03.FishPreyNCC_0","PreyNCC","03.FishPreyNCC_0","PreyNCC",NA
"1688","HakeAge1_2025","SEM_data_2025","HakeAge1_2025","CC_NCC_fish_141","prey",2024-01-01,772,772,772,-0.226896455223964,"03.FishPreyNCC_0","PreyNCC","03.FishPreyNCC_0","PreyNCC",NA
"1689","HakeAge1_2025","SEM_data_2025","HakeAge1_2025","CC_NCC_fish_141","prey",2025-01-01,NA,NA,NA,NA,"03.FishPreyNCC_0","PreyNCC","03.FishPreyNCC_0","PreyNCC",NA
"1690","HakeAge1_2025","SEM_data_2025","HakeAge1_2025","CC_NCC_fish_141","prey",2026-01-01,NA,NA,NA,NA,"03.FishPreyNCC_0","PreyNCC","03.FishPreyNCC_0","PreyNCC",NA
"1691","HakeAge5Plus_2025","SEM_data_2025","HakeAge5Plus_2025","CC_NCC_fish_143","predator",1998-01-01,1728,1728,1728,-0.279048031232687,"09.PredFishNCC_b","PredNCC","09.PredFishNCC_b","PredNCC","09.PredFishNCC_b"
"1692","HakeAge5Plus_2025","SEM_data_2025","HakeAge5Plus_2025","CC_NCC_fish_143","predator",1999-01-01,1798,1798,1798,-0.319532572839352,"09.PredFishNCC_b","PredNCC","09.PredFishNCC_b","PredNCC","09.PredFishNCC_b"
"1693","HakeAge5Plus_2025","SEM_data_2025","HakeAge5Plus_2025","CC_NCC_fish_143","predator",2000-01-01,1341,1341,1341,-0.481020314682445,"09.PredFishNCC_b","PredNCC","09.PredFishNCC_b","PredNCC","09.PredFishNCC_b"
"1694","HakeAge5Plus_2025","SEM_data_2025","HakeAge5Plus_2025","CC_NCC_fish_143","predator",2001-01-01,1279,1279,1279,-0.531480295223936,"09.PredFishNCC_b","PredNCC","09.PredFishNCC_b","PredNCC","09.PredFishNCC_b"
"1695","HakeAge5Plus_2025","SEM_data_2025","HakeAge5Plus_2025","CC_NCC_fish_143","predator",2002-01-01,1070,1070,1070,-0.467984837216191,"09.PredFishNCC_b","PredNCC","09.PredFishNCC_b","PredNCC","09.PredFishNCC_b"
"1696","HakeAge5Plus_2025","SEM_data_2025","HakeAge5Plus_2025","CC_NCC_fish_143","predator",2003-01-01,1292,1292,1292,-0.0470704104268407,"09.PredFishNCC_b","PredNCC","09.PredFishNCC_b","PredNCC","09.PredFishNCC_b"
"1697","HakeAge5Plus_2025","SEM_data_2025","HakeAge5Plus_2025","CC_NCC_fish_143","predator",2004-01-01,4569,4569,4569,0.961015153398217,"09.PredFishNCC_b","PredNCC","09.PredFishNCC_b","PredNCC","09.PredFishNCC_b"
"1698","HakeAge5Plus_2025","SEM_data_2025","HakeAge5Plus_2025","CC_NCC_fish_143","predator",2005-01-01,3212,3212,3212,0.742561376552447,"09.PredFishNCC_b","PredNCC","09.PredFishNCC_b","PredNCC","09.PredFishNCC_b"
"1699","HakeAge5Plus_2025","SEM_data_2025","HakeAge5Plus_2025","CC_NCC_fish_143","predator",2006-01-01,2369,2369,2369,0.247615314768161,"09.PredFishNCC_b","PredNCC","09.PredFishNCC_b","PredNCC","09.PredFishNCC_b"
"1700","HakeAge5Plus_2025","SEM_data_2025","HakeAge5Plus_2025","CC_NCC_fish_143","predator",2007-01-01,1438,1438,1438,-0.292869166057776,"09.PredFishNCC_b","PredNCC","09.PredFishNCC_b","PredNCC","09.PredFishNCC_b"
"1701","HakeAge5Plus_2025","SEM_data_2025","HakeAge5Plus_2025","CC_NCC_fish_143","predator",2008-01-01,1220,1220,1220,-0.61770058865978,"09.PredFishNCC_b","PredNCC","09.PredFishNCC_b","PredNCC","09.PredFishNCC_b"
"1702","HakeAge5Plus_2025","SEM_data_2025","HakeAge5Plus_2025","CC_NCC_fish_143","predator",2009-01-01,696,696,696,-0.86399248212326,"09.PredFishNCC_b","PredNCC","09.PredFishNCC_b","PredNCC","09.PredFishNCC_b"
"1703","HakeAge5Plus_2025","SEM_data_2025","HakeAge5Plus_2025","CC_NCC_fish_143","predator",2010-01-01,1078,1078,1078,-0.826824922468133,"09.PredFishNCC_b","PredNCC","09.PredFishNCC_b","PredNCC","09.PredFishNCC_b"
"1704","HakeAge5Plus_2025","SEM_data_2025","HakeAge5Plus_2025","CC_NCC_fish_143","predator",2011-01-01,1064,1064,1064,-0.797967209320648,"09.PredFishNCC_b","PredNCC","09.PredFishNCC_b","PredNCC","09.PredFishNCC_b"
"1705","HakeAge5Plus_2025","SEM_data_2025","HakeAge5Plus_2025","CC_NCC_fish_143","predator",2012-01-01,742,742,742,-0.736506351968034,"09.PredFishNCC_b","PredNCC","09.PredFishNCC_b","PredNCC","09.PredFishNCC_b"
"1706","HakeAge5Plus_2025","SEM_data_2025","HakeAge5Plus_2025","CC_NCC_fish_143","predator",2013-01-01,1587,1587,1587,-0.303710109056097,"09.PredFishNCC_b","PredNCC","09.PredFishNCC_b","PredNCC","09.PredFishNCC_b"
"1707","HakeAge5Plus_2025","SEM_data_2025","HakeAge5Plus_2025","CC_NCC_fish_143","predator",2014-01-01,1465,1465,1465,0.205595652136621,"09.PredFishNCC_b","PredNCC","09.PredFishNCC_b","PredNCC","09.PredFishNCC_b"
"1708","HakeAge5Plus_2025","SEM_data_2025","HakeAge5Plus_2025","CC_NCC_fish_143","predator",2015-01-01,5168,5168,5168,1.40576982587176,"09.PredFishNCC_b","PredNCC","09.PredFishNCC_b","PredNCC","09.PredFishNCC_b"
"1709","HakeAge5Plus_2025","SEM_data_2025","HakeAge5Plus_2025","CC_NCC_fish_143","predator",2016-01-01,3864,3864,3864,1.3083656698663,"09.PredFishNCC_b","PredNCC","09.PredFishNCC_b","PredNCC","09.PredFishNCC_b"
"1710","HakeAge5Plus_2025","SEM_data_2025","HakeAge5Plus_2025","CC_NCC_fish_143","predator",2017-01-01,3127,3127,3127,0.93884202419572,"09.PredFishNCC_b","PredNCC","09.PredFishNCC_b","PredNCC","09.PredFishNCC_b"
"1711","HakeAge5Plus_2025","SEM_data_2025","HakeAge5Plus_2025","CC_NCC_fish_143","predator",2018-01-01,2136,2136,2136,0.562299497876273,"09.PredFishNCC_b","PredNCC","09.PredFishNCC_b","PredNCC","09.PredFishNCC_b"
"1712","HakeAge5Plus_2025","SEM_data_2025","HakeAge5Plus_2025","CC_NCC_fish_143","predator",2019-01-01,3264,3264,3264,0.655536997959834,"09.PredFishNCC_b","PredNCC","09.PredFishNCC_b","PredNCC","09.PredFishNCC_b"
"1713","HakeAge5Plus_2025","SEM_data_2025","HakeAge5Plus_2025","CC_NCC_fish_143","predator",2020-01-01,2140,2140,2140,0.340481089269774,"09.PredFishNCC_b","PredNCC","09.PredFishNCC_b","PredNCC","09.PredFishNCC_b"
"1714","HakeAge5Plus_2025","SEM_data_2025","HakeAge5Plus_2025","CC_NCC_fish_143","predator",2021-01-01,2615,2615,2615,0.269942433357568,"09.PredFishNCC_b","PredNCC","09.PredFishNCC_b","PredNCC","09.PredFishNCC_b"
"1715","HakeAge5Plus_2025","SEM_data_2025","HakeAge5Plus_2025","CC_NCC_fish_143","predator",2022-01-01,2046,2046,2046,-0.0356359716540521,"09.PredFishNCC_b","PredNCC","09.PredFishNCC_b","PredNCC","09.PredFishNCC_b"
"1716","HakeAge5Plus_2025","SEM_data_2025","HakeAge5Plus_2025","CC_NCC_fish_143","predator",2023-01-01,1430,1430,1430,-0.391871606873294,"09.PredFishNCC_b","PredNCC","09.PredFishNCC_b","PredNCC","09.PredFishNCC_b"
"1717","HakeAge5Plus_2025","SEM_data_2025","HakeAge5Plus_2025","CC_NCC_fish_143","predator",2024-01-01,1033,1033,1033,-0.624567894646817,"09.PredFishNCC_b","PredNCC","09.PredFishNCC_b","PredNCC","09.PredFishNCC_b"
"1718","HakeAge5Plus_2025","SEM_data_2025","HakeAge5Plus_2025","CC_NCC_fish_143","predator",2025-01-01,NA,NA,NA,NA,"09.PredFishNCC_b","PredNCC","09.PredFishNCC_b","PredNCC","09.PredFishNCC_b"
"1719","HakeAge5Plus_2025","SEM_data_2025","HakeAge5Plus_2025","CC_NCC_fish_143","predator",2026-01-01,NA,NA,NA,NA,"09.PredFishNCC_b","PredNCC","09.PredFishNCC_b","PredNCC","09.PredFishNCC_b"
"1720","Harbor_seal_CR_2025","SEM_data_2025","Harbor_seal_CR_2025","CC_NCC_mamm_127","predator",1998-01-01,778,778,778,-0.877182197278296,"11.PredMammalSmolt_0","PredNCC","11.PredMammalSmolt_0","PredNCC",NA
"1721","Harbor_seal_CR_2025","SEM_data_2025","Harbor_seal_CR_2025","CC_NCC_mamm_127","predator",1999-01-01,954,954,954,-0.73272460745789,"11.PredMammalSmolt_0","PredNCC","11.PredMammalSmolt_0","PredNCC",NA
"1722","Harbor_seal_CR_2025","SEM_data_2025","Harbor_seal_CR_2025","CC_NCC_mamm_127","predator",2000-01-01,1175,1175,1175,-0.639721314305925,"11.PredMammalSmolt_0","PredNCC","11.PredMammalSmolt_0","PredNCC",NA
"1723","Harbor_seal_CR_2025","SEM_data_2025","Harbor_seal_CR_2025","CC_NCC_mamm_127","predator",2001-01-01,728,728,728,-0.841868403018111,"11.PredMammalSmolt_0","PredNCC","11.PredMammalSmolt_0","PredNCC",NA
"1724","Harbor_seal_CR_2025","SEM_data_2025","Harbor_seal_CR_2025","CC_NCC_mamm_127","predator",2002-01-01,722,722,722,-0.860296572616997,"11.PredMammalSmolt_0","PredNCC","11.PredMammalSmolt_0","PredNCC",NA
"1725","Harbor_seal_CR_2025","SEM_data_2025","Harbor_seal_CR_2025","CC_NCC_mamm_127","predator",2003-01-01,1093,1093,1093,-0.704292833108318,"11.PredMammalSmolt_0","PredNCC","11.PredMammalSmolt_0","PredNCC",NA
"1726","Harbor_seal_CR_2025","SEM_data_2025","Harbor_seal_CR_2025","CC_NCC_mamm_127","predator",2004-01-01,702,702,702,-0.783081813159807,"11.PredMammalSmolt_0","PredNCC","11.PredMammalSmolt_0","PredNCC",NA
"1727","Harbor_seal_CR_2025","SEM_data_2025","Harbor_seal_CR_2025","CC_NCC_mamm_127","predator",2005-01-01,980,980,980,-0.579753592669377,"11.PredMammalSmolt_0","PredNCC","11.PredMammalSmolt_0","PredNCC",NA
"1728","Harbor_seal_CR_2025","SEM_data_2025","Harbor_seal_CR_2025","CC_NCC_mamm_127","predator",2006-01-01,880,880,880,-0.31452034562919,"11.PredMammalSmolt_0","PredNCC","11.PredMammalSmolt_0","PredNCC",NA
"1729","Harbor_seal_CR_2025","SEM_data_2025","Harbor_seal_CR_2025","CC_NCC_mamm_127","predator",2007-01-01,1989,1989,1989,0.430203834886764,"11.PredMammalSmolt_0","PredNCC","11.PredMammalSmolt_0","PredNCC",NA
"1730","Harbor_seal_CR_2025","SEM_data_2025","Harbor_seal_CR_2025","CC_NCC_mamm_127","predator",2008-01-01,NA,NA,NA,0.709552131260642,"11.PredMammalSmolt_0","PredNCC","11.PredMammalSmolt_0","PredNCC",NA
"1731","Harbor_seal_CR_2025","SEM_data_2025","Harbor_seal_CR_2025","CC_NCC_mamm_127","predator",2009-01-01,2500,2500,2500,0.98890042763452,"11.PredMammalSmolt_0","PredNCC","11.PredMammalSmolt_0","PredNCC",NA
"1732","Harbor_seal_CR_2025","SEM_data_2025","Harbor_seal_CR_2025","CC_NCC_mamm_127","predator",2010-01-01,1200,1200,1200,0.583047340597511,"11.PredMammalSmolt_0","PredNCC","11.PredMammalSmolt_0","PredNCC",NA
"1733","Harbor_seal_CR_2025","SEM_data_2025","Harbor_seal_CR_2025","CC_NCC_mamm_127","predator",2011-01-01,2500,2500,2500,1.06672436162833,"11.PredMammalSmolt_0","PredNCC","11.PredMammalSmolt_0","PredNCC",NA
"1734","Harbor_seal_CR_2025","SEM_data_2025","Harbor_seal_CR_2025","CC_NCC_mamm_127","predator",2012-01-01,NA,NA,NA,0.943023933242075,"11.PredMammalSmolt_0","PredNCC","11.PredMammalSmolt_0","PredNCC",NA
"1735","Harbor_seal_CR_2025","SEM_data_2025","Harbor_seal_CR_2025","CC_NCC_mamm_127","predator",2013-01-01,2000,2000,2000,0.819323504855819,"11.PredMammalSmolt_0","PredNCC","11.PredMammalSmolt_0","PredNCC",NA
"1736","Harbor_seal_CR_2025","SEM_data_2025","Harbor_seal_CR_2025","CC_NCC_mamm_127","predator",2014-01-01,1700,1700,1700,0.602608069709101,"11.PredMammalSmolt_0","PredNCC","11.PredMammalSmolt_0","PredNCC",NA
"1737","Harbor_seal_CR_2025","SEM_data_2025","Harbor_seal_CR_2025","CC_NCC_mamm_127","predator",2015-01-01,NA,NA,NA,0.533220172312675,"11.PredMammalSmolt_0","PredNCC","11.PredMammalSmolt_0","PredNCC",NA
"1738","Harbor_seal_CR_2025","SEM_data_2025","Harbor_seal_CR_2025","CC_NCC_mamm_127","predator",2016-01-01,NA,NA,NA,0.46383227491625,"11.PredMammalSmolt_0","PredNCC","11.PredMammalSmolt_0","PredNCC",NA
"1739","Harbor_seal_CR_2025","SEM_data_2025","Harbor_seal_CR_2025","CC_NCC_mamm_127","predator",2017-01-01,NA,NA,NA,0.394444377519825,"11.PredMammalSmolt_0","PredNCC","11.PredMammalSmolt_0","PredNCC",NA
"1740","Harbor_seal_CR_2025","SEM_data_2025","Harbor_seal_CR_2025","CC_NCC_mamm_127","predator",2018-01-01,NA,NA,NA,0.3250564801234,"11.PredMammalSmolt_0","PredNCC","11.PredMammalSmolt_0","PredNCC",NA
"1741","Harbor_seal_CR_2025","SEM_data_2025","Harbor_seal_CR_2025","CC_NCC_mamm_127","predator",2019-01-01,NA,NA,NA,0.255668582726975,"11.PredMammalSmolt_0","PredNCC","11.PredMammalSmolt_0","PredNCC",NA
"1742","Harbor_seal_CR_2025","SEM_data_2025","Harbor_seal_CR_2025","CC_NCC_mamm_127","predator",2020-01-01,NA,NA,NA,0.18628068533055,"11.PredMammalSmolt_0","PredNCC","11.PredMammalSmolt_0","PredNCC",NA
"1743","Harbor_seal_CR_2025","SEM_data_2025","Harbor_seal_CR_2025","CC_NCC_mamm_127","predator",2021-01-01,969,969,969,0.116892787934124,"11.PredMammalSmolt_0","PredNCC","11.PredMammalSmolt_0","PredNCC",NA
"1744","Harbor_seal_CR_2025","SEM_data_2025","Harbor_seal_CR_2025","CC_NCC_mamm_127","predator",2022-01-01,2402,2402,2402,0.822815090278397,"11.PredMammalSmolt_0","PredNCC","11.PredMammalSmolt_0","PredNCC",NA
"1745","Harbor_seal_CR_2025","SEM_data_2025","Harbor_seal_CR_2025","CC_NCC_mamm_127","predator",2023-01-01,NA,NA,NA,0.826756278543769,"11.PredMammalSmolt_0","PredNCC","11.PredMammalSmolt_0","PredNCC",NA
"1746","Harbor_seal_CR_2025","SEM_data_2025","Harbor_seal_CR_2025","CC_NCC_mamm_127","predator",2024-01-01,1949,1949,1949,0.83069746680914,"11.PredMammalSmolt_0","PredNCC","11.PredMammalSmolt_0","PredNCC",NA
"1747","Harbor_seal_CR_2025","SEM_data_2025","Harbor_seal_CR_2025","CC_NCC_mamm_127","predator",2025-01-01,NA,NA,NA,NA,"11.PredMammalSmolt_0","PredNCC","11.PredMammalSmolt_0","PredNCC",NA
"1748","Harbor_seal_CR_2025","SEM_data_2025","Harbor_seal_CR_2025","CC_NCC_mamm_127","predator",2026-01-01,NA,NA,NA,NA,"11.PredMammalSmolt_0","PredNCC","11.PredMammalSmolt_0","PredNCC",NA
"1749","Harbor_seal_CR_2yrLead_2025","SEM_data_2025","Harbor_seal_CR_2yrLead_2025","CC_NCC_mamm_127","predator",1998-01-01,1175,1175,1175,-0.584326239692842,"10.PredMammalNCC_1","PredAK","10.PredMammalNCC_1","PredAK",NA
"1750","Harbor_seal_CR_2yrLead_2025","SEM_data_2025","Harbor_seal_CR_2yrLead_2025","CC_NCC_mamm_127","predator",1999-01-01,728,728,728,-0.873622780178279,"10.PredMammalNCC_1","PredAK","10.PredMammalNCC_1","PredAK",NA
"1751","Harbor_seal_CR_2yrLead_2025","SEM_data_2025","Harbor_seal_CR_2yrLead_2025","CC_NCC_mamm_127","predator",2000-01-01,722,722,722,-0.926235673830067,"10.PredMammalNCC_1","PredAK","10.PredMammalNCC_1","PredAK",NA
"1752","Harbor_seal_CR_2yrLead_2025","SEM_data_2025","Harbor_seal_CR_2yrLead_2025","CC_NCC_mamm_127","predator",2001-01-01,1093,1093,1093,-0.785776090037422,"10.PredMammalNCC_1","PredAK","10.PredMammalNCC_1","PredAK",NA
"1753","Harbor_seal_CR_2yrLead_2025","SEM_data_2025","Harbor_seal_CR_2yrLead_2025","CC_NCC_mamm_127","predator",2002-01-01,702,702,702,-0.868391061910223,"10.PredMammalNCC_1","PredAK","10.PredMammalNCC_1","PredAK",NA
"1754","Harbor_seal_CR_2yrLead_2025","SEM_data_2025","Harbor_seal_CR_2yrLead_2025","CC_NCC_mamm_127","predator",2003-01-01,980,980,980,-0.670083196876831,"10.PredMammalNCC_1","PredAK","10.PredMammalNCC_1","PredAK",NA
"1755","Harbor_seal_CR_2yrLead_2025","SEM_data_2025","Harbor_seal_CR_2yrLead_2025","CC_NCC_mamm_127","predator",2004-01-01,880,880,880,-0.409624520736473,"10.PredMammalNCC_1","PredAK","10.PredMammalNCC_1","PredAK",NA
"1756","Harbor_seal_CR_2yrLead_2025","SEM_data_2025","Harbor_seal_CR_2yrLead_2025","CC_NCC_mamm_127","predator",2005-01-01,1989,1989,1989,0.323472380360784,"10.PredMammalNCC_1","PredAK","10.PredMammalNCC_1","PredAK",NA
"1757","Harbor_seal_CR_2yrLead_2025","SEM_data_2025","Harbor_seal_CR_2yrLead_2025","CC_NCC_mamm_127","predator",2006-01-01,NA,NA,NA,0.598485706313006,"10.PredMammalNCC_1","PredAK","10.PredMammalNCC_1","PredAK",NA
"1758","Harbor_seal_CR_2yrLead_2025","SEM_data_2025","Harbor_seal_CR_2yrLead_2025","CC_NCC_mamm_127","predator",2007-01-01,2500,2500,2500,0.873499032265228,"10.PredMammalNCC_1","PredAK","10.PredMammalNCC_1","PredAK",NA
"1759","Harbor_seal_CR_2yrLead_2025","SEM_data_2025","Harbor_seal_CR_2yrLead_2025","CC_NCC_mamm_127","predator",2008-01-01,1200,1200,1200,0.473808585280929,"10.PredMammalNCC_1","PredAK","10.PredMammalNCC_1","PredAK",NA
"1760","Harbor_seal_CR_2yrLead_2025","SEM_data_2025","Harbor_seal_CR_2yrLead_2025","CC_NCC_mamm_127","predator",2009-01-01,2500,2500,2500,0.95009750860029,"10.PredMammalNCC_1","PredAK","10.PredMammalNCC_1","PredAK",NA
"1761","Harbor_seal_CR_2yrLead_2025","SEM_data_2025","Harbor_seal_CR_2yrLead_2025","CC_NCC_mamm_127","predator",2010-01-01,NA,NA,NA,0.828281135318191,"10.PredMammalNCC_1","PredAK","10.PredMammalNCC_1","PredAK",NA
"1762","Harbor_seal_CR_2yrLead_2025","SEM_data_2025","Harbor_seal_CR_2yrLead_2025","CC_NCC_mamm_127","predator",2011-01-01,2000,2000,2000,0.706464762036092,"10.PredMammalNCC_1","PredAK","10.PredMammalNCC_1","PredAK",NA
"1763","Harbor_seal_CR_2yrLead_2025","SEM_data_2025","Harbor_seal_CR_2yrLead_2025","CC_NCC_mamm_127","predator",2012-01-01,1700,1700,1700,0.493054034136213,"10.PredMammalNCC_1","PredAK","10.PredMammalNCC_1","PredAK",NA
"1764","Harbor_seal_CR_2yrLead_2025","SEM_data_2025","Harbor_seal_CR_2yrLead_2025","CC_NCC_mamm_127","predator",2013-01-01,NA,NA,NA,0.424724436847401,"10.PredMammalNCC_1","PredAK","10.PredMammalNCC_1","PredAK",NA
"1765","Harbor_seal_CR_2yrLead_2025","SEM_data_2025","Harbor_seal_CR_2yrLead_2025","CC_NCC_mamm_127","predator",2014-01-01,NA,NA,NA,0.356394839558589,"10.PredMammalNCC_1","PredAK","10.PredMammalNCC_1","PredAK",NA
"1766","Harbor_seal_CR_2yrLead_2025","SEM_data_2025","Harbor_seal_CR_2yrLead_2025","CC_NCC_mamm_127","predator",2015-01-01,NA,NA,NA,0.288065242269777,"10.PredMammalNCC_1","PredAK","10.PredMammalNCC_1","PredAK",NA
"1767","Harbor_seal_CR_2yrLead_2025","SEM_data_2025","Harbor_seal_CR_2yrLead_2025","CC_NCC_mamm_127","predator",2016-01-01,NA,NA,NA,0.219735644980965,"10.PredMammalNCC_1","PredAK","10.PredMammalNCC_1","PredAK",NA
"1768","Harbor_seal_CR_2yrLead_2025","SEM_data_2025","Harbor_seal_CR_2yrLead_2025","CC_NCC_mamm_127","predator",2017-01-01,NA,NA,NA,0.151406047692153,"10.PredMammalNCC_1","PredAK","10.PredMammalNCC_1","PredAK",NA
"1769","Harbor_seal_CR_2yrLead_2025","SEM_data_2025","Harbor_seal_CR_2yrLead_2025","CC_NCC_mamm_127","predator",2018-01-01,NA,NA,NA,0.0830764504033409,"10.PredMammalNCC_1","PredAK","10.PredMammalNCC_1","PredAK",NA
"1770","Harbor_seal_CR_2yrLead_2025","SEM_data_2025","Harbor_seal_CR_2yrLead_2025","CC_NCC_mamm_127","predator",2019-01-01,969,969,969,0.0147468531145288,"10.PredMammalNCC_1","PredAK","10.PredMammalNCC_1","PredAK",NA
"1771","Harbor_seal_CR_2yrLead_2025","SEM_data_2025","Harbor_seal_CR_2yrLead_2025","CC_NCC_mamm_127","predator",2020-01-01,2402,2402,2402,0.709901278072096,"10.PredMammalNCC_1","PredAK","10.PredMammalNCC_1","PredAK",NA
"1772","Harbor_seal_CR_2yrLead_2025","SEM_data_2025","Harbor_seal_CR_2yrLead_2025","CC_NCC_mamm_127","predator",2021-01-01,NA,NA,NA,0.713782338855394,"10.PredMammalNCC_1","PredAK","10.PredMammalNCC_1","PredAK",NA
"1773","Harbor_seal_CR_2yrLead_2025","SEM_data_2025","Harbor_seal_CR_2yrLead_2025","CC_NCC_mamm_127","predator",2022-01-01,1949,1949,1949,0.717663399638692,"10.PredMammalNCC_1","PredAK","10.PredMammalNCC_1","PredAK",NA
"1774","Harbor_seal_CR_2yrLead_2025","SEM_data_2025","Harbor_seal_CR_2yrLead_2025","CC_NCC_mamm_127","predator",2023-01-01,NA,NA,NA,NA,"10.PredMammalNCC_1","PredAK","10.PredMammalNCC_1","PredAK",NA
"1775","Harbor_seal_CR_2yrLead_2025","SEM_data_2025","Harbor_seal_CR_2yrLead_2025","CC_NCC_mamm_127","predator",2024-01-01,NA,NA,NA,NA,"10.PredMammalNCC_1","PredAK","10.PredMammalNCC_1","PredAK",NA
"1776","Harbor_seal_CR_2yrLead_2025","SEM_data_2025","Harbor_seal_CR_2yrLead_2025","CC_NCC_mamm_127","predator",2025-01-01,NA,NA,NA,NA,"10.PredMammalNCC_1","PredAK","10.PredMammalNCC_1","PredAK",NA
"1777","Harbor_seal_CR_2yrLead_2025","SEM_data_2025","Harbor_seal_CR_2yrLead_2025","CC_NCC_mamm_127","predator",2026-01-01,NA,NA,NA,NA,"10.PredMammalNCC_1","PredAK","10.PredMammalNCC_1","PredAK",NA
"1778","IGF_mu_2025","SEM_data_2025","IGF_mu_2025","CC_NCC_fish_134","cond1",1998-01-01,NA,NA,NA,NA,"06.Cond1NCC","Growth","06.Cond1NCC","Growth","06.Cond1NCC"
"1779","IGF_mu_2025","SEM_data_2025","IGF_mu_2025","CC_NCC_fish_134","cond1",1999-01-01,NA,NA,NA,NA,"06.Cond1NCC","Growth","06.Cond1NCC","Growth","06.Cond1NCC"
"1780","IGF_mu_2025","SEM_data_2025","IGF_mu_2025","CC_NCC_fish_134","cond1",2000-01-01,51.3198787878788,51.3198787878788,51.3198787878788,-0.428681204696268,"06.Cond1NCC","Growth","06.Cond1NCC","Growth","06.Cond1NCC"
"1781","IGF_mu_2025","SEM_data_2025","IGF_mu_2025","CC_NCC_fish_134","cond1",2001-01-01,37.6885666666667,37.6885666666667,37.6885666666667,-0.883188104331314,"06.Cond1NCC","Growth","06.Cond1NCC","Growth","06.Cond1NCC"
"1782","IGF_mu_2025","SEM_data_2025","IGF_mu_2025","CC_NCC_fish_134","cond1",2002-01-01,47.7201217948718,47.7201217948718,47.7201217948718,-0.839605104968707,"06.Cond1NCC","Growth","06.Cond1NCC","Growth","06.Cond1NCC"
"1783","IGF_mu_2025","SEM_data_2025","IGF_mu_2025","CC_NCC_fish_134","cond1",2003-01-01,37.5725239342949,37.5725239342949,37.5725239342949,-1.12262459446531,"06.Cond1NCC","Growth","06.Cond1NCC","Growth","06.Cond1NCC"
"1784","IGF_mu_2025","SEM_data_2025","IGF_mu_2025","CC_NCC_fish_134","cond1",2004-01-01,41.0604837015504,41.0604837015504,41.0604837015504,-1.13694666426479,"06.Cond1NCC","Growth","06.Cond1NCC","Growth","06.Cond1NCC"
"1785","IGF_mu_2025","SEM_data_2025","IGF_mu_2025","CC_NCC_fish_134","cond1",2005-01-01,37.3764392307692,37.3764392307692,37.3764392307692,-1.1987917019065,"06.Cond1NCC","Growth","06.Cond1NCC","Growth","06.Cond1NCC"
"1786","IGF_mu_2025","SEM_data_2025","IGF_mu_2025","CC_NCC_fish_134","cond1",2006-01-01,42.1506184257718,42.1506184257718,42.1506184257718,-1.05113443045772,"06.Cond1NCC","Growth","06.Cond1NCC","Growth","06.Cond1NCC"
"1787","IGF_mu_2025","SEM_data_2025","IGF_mu_2025","CC_NCC_fish_134","cond1",2007-01-01,38.9166354233729,38.9166354233729,38.9166354233729,-0.959543866539511,"06.Cond1NCC","Growth","06.Cond1NCC","Growth","06.Cond1NCC"
"1788","IGF_mu_2025","SEM_data_2025","IGF_mu_2025","CC_NCC_fish_134","cond1",2008-01-01,49.4569429408263,49.4569429408263,49.4569429408263,-0.552513938838985,"06.Cond1NCC","Growth","06.Cond1NCC","Growth","06.Cond1NCC"
"1789","IGF_mu_2025","SEM_data_2025","IGF_mu_2025","CC_NCC_fish_134","cond1",2009-01-01,49.2704767256657,49.2704767256657,49.2704767256657,-0.335324872385316,"06.Cond1NCC","Growth","06.Cond1NCC","Growth","06.Cond1NCC"
"1790","IGF_mu_2025","SEM_data_2025","IGF_mu_2025","CC_NCC_fish_134","cond1",2010-01-01,50.1703688552793,50.1703688552793,50.1703688552793,-0.0746481265253951,"06.Cond1NCC","Growth","06.Cond1NCC","Growth","06.Cond1NCC"
"1791","IGF_mu_2025","SEM_data_2025","IGF_mu_2025","CC_NCC_fish_134","cond1",2011-01-01,59.2382196720161,59.2382196720161,59.2382196720161,0.412303407619179,"06.Cond1NCC","Growth","06.Cond1NCC","Growth","06.Cond1NCC"
"1792","IGF_mu_2025","SEM_data_2025","IGF_mu_2025","CC_NCC_fish_134","cond1",2012-01-01,71.244698066348,71.244698066348,71.244698066348,0.827618740035245,"06.Cond1NCC","Growth","06.Cond1NCC","Growth","06.Cond1NCC"
"1793","IGF_mu_2025","SEM_data_2025","IGF_mu_2025","CC_NCC_fish_134","cond1",2013-01-01,57.542211328976,57.542211328976,57.542211328976,0.547399487643291,"06.Cond1NCC","Growth","06.Cond1NCC","Growth","06.Cond1NCC"
"1794","IGF_mu_2025","SEM_data_2025","IGF_mu_2025","CC_NCC_fish_134","cond1",2014-01-01,61.995254377551,61.995254377551,61.995254377551,0.477437123777205,"06.Cond1NCC","Growth","06.Cond1NCC","Growth","06.Cond1NCC"
"1795","IGF_mu_2025","SEM_data_2025","IGF_mu_2025","CC_NCC_fish_134","cond1",2015-01-01,46.9189494618613,46.9189494618613,46.9189494618613,0.162338747840329,"06.Cond1NCC","Growth","06.Cond1NCC","Growth","06.Cond1NCC"
"1796","IGF_mu_2025","SEM_data_2025","IGF_mu_2025","CC_NCC_fish_134","cond1",2016-01-01,61.8308732021878,61.8308732021878,61.8308732021878,0.591926738575571,"06.Cond1NCC","Growth","06.Cond1NCC","Growth","06.Cond1NCC"
"1797","IGF_mu_2025","SEM_data_2025","IGF_mu_2025","CC_NCC_fish_134","cond1",2017-01-01,64.4398862383845,64.4398862383845,64.4398862383845,0.905096248534483,"06.Cond1NCC","Growth","06.Cond1NCC","Growth","06.Cond1NCC"
"1798","IGF_mu_2025","SEM_data_2025","IGF_mu_2025","CC_NCC_fish_134","cond1",2018-01-01,73.9472970893048,73.9472970893048,73.9472970893048,1.18919519019554,"06.Cond1NCC","Growth","06.Cond1NCC","Growth","06.Cond1NCC"
"1799","IGF_mu_2025","SEM_data_2025","IGF_mu_2025","CC_NCC_fish_134","cond1",2019-01-01,62.3581761812596,62.3581761812596,62.3581761812596,0.90541411937769,"06.Cond1NCC","Growth","06.Cond1NCC","Growth","06.Cond1NCC"
"1800","IGF_mu_2025","SEM_data_2025","IGF_mu_2025","CC_NCC_fish_134","cond1",2020-01-01,NA,60.6128920891852,60.6128920891852,0.773061547622447,"06.Cond1NCC","Growth","06.Cond1NCC","Growth","06.Cond1NCC"
"1801","IGF_mu_2025","SEM_data_2025","IGF_mu_2025","CC_NCC_fish_134","cond1",2021-01-01,58.8676079971107,58.8676079971107,58.8676079971107,0.810846947043838,"06.Cond1NCC","Growth","06.Cond1NCC","Growth","06.Cond1NCC"
"1802","IGF_mu_2025","SEM_data_2025","IGF_mu_2025","CC_NCC_fish_134","cond1",2022-01-01,72.1832434869627,72.1832434869627,72.1832434869627,1.20761776093252,"06.Cond1NCC","Growth","06.Cond1NCC","Growth","06.Cond1NCC"
"1803","IGF_mu_2025","SEM_data_2025","IGF_mu_2025","CC_NCC_fish_134","cond1",2023-01-01,NA,NA,NA,NA,"06.Cond1NCC","Growth","06.Cond1NCC","Growth","06.Cond1NCC"
"1804","IGF_mu_2025","SEM_data_2025","IGF_mu_2025","CC_NCC_fish_134","cond1",2024-01-01,NA,NA,NA,NA,"06.Cond1NCC","Growth","06.Cond1NCC","Growth","06.Cond1NCC"
"1805","IGF_mu_2025","SEM_data_2025","IGF_mu_2025","CC_NCC_fish_134","cond1",2025-01-01,NA,NA,NA,NA,"06.Cond1NCC","Growth","06.Cond1NCC","Growth","06.Cond1NCC"
"1806","IGF_mu_2025","SEM_data_2025","IGF_mu_2025","CC_NCC_fish_134","cond1",2026-01-01,NA,NA,NA,NA,"06.Cond1NCC","Growth","06.Cond1NCC","Growth","06.Cond1NCC"
"1807","Lmu_IntSprJunH_2025","SEM_data_2025","Lmu_IntSprJunH_2025","CC_NCC_fish_132","cond1",1998-01-01,170.333333333333,170.333333333333,170.333333333333,0.19219737598778,"06.Cond1NCC_0","Growth","06.Cond1NCC_0","Growth",NA
"1808","Lmu_IntSprJunH_2025","SEM_data_2025","Lmu_IntSprJunH_2025","CC_NCC_fish_132","cond1",1999-01-01,173.316455696203,173.316455696203,173.316455696203,0.00352318155932574,"06.Cond1NCC_0","Growth","06.Cond1NCC_0","Growth",NA
"1809","Lmu_IntSprJunH_2025","SEM_data_2025","Lmu_IntSprJunH_2025","CC_NCC_fish_132","cond1",2000-01-01,164.6,164.6,164.6,-0.666543473865585,"06.Cond1NCC_0","Growth","06.Cond1NCC_0","Growth",NA
"1810","Lmu_IntSprJunH_2025","SEM_data_2025","Lmu_IntSprJunH_2025","CC_NCC_fish_132","cond1",2001-01-01,106,106,106,-1.90841462102878,"06.Cond1NCC_0","Growth","06.Cond1NCC_0","Growth",NA
"1811","Lmu_IntSprJunH_2025","SEM_data_2025","Lmu_IntSprJunH_2025","CC_NCC_fish_132","cond1",2002-01-01,152.105263157895,152.105263157895,152.105263157895,-1.06699202064597,"06.Cond1NCC_0","Growth","06.Cond1NCC_0","Growth",NA
"1812","Lmu_IntSprJunH_2025","SEM_data_2025","Lmu_IntSprJunH_2025","CC_NCC_fish_132","cond1",2003-01-01,170.967741935484,170.967741935484,170.967741935484,-0.366907664150421,"06.Cond1NCC_0","Growth","06.Cond1NCC_0","Growth",NA
"1813","Lmu_IntSprJunH_2025","SEM_data_2025","Lmu_IntSprJunH_2025","CC_NCC_fish_132","cond1",2004-01-01,164.666666666667,164.666666666667,164.666666666667,-0.362454368233946,"06.Cond1NCC_0","Growth","06.Cond1NCC_0","Growth",NA
"1814","Lmu_IntSprJunH_2025","SEM_data_2025","Lmu_IntSprJunH_2025","CC_NCC_fish_132","cond1",2005-01-01,147.75,147.75,147.75,-0.630149870695406,"06.Cond1NCC_0","Growth","06.Cond1NCC_0","Growth",NA
"1815","Lmu_IntSprJunH_2025","SEM_data_2025","Lmu_IntSprJunH_2025","CC_NCC_fish_132","cond1",2006-01-01,164.7,164.7,164.7,-0.312711310161147,"06.Cond1NCC_0","Growth","06.Cond1NCC_0","Growth",NA
"1816","Lmu_IntSprJunH_2025","SEM_data_2025","Lmu_IntSprJunH_2025","CC_NCC_fish_132","cond1",2007-01-01,159.818181818182,159.818181818182,159.818181818182,-0.219895196067639,"06.Cond1NCC_0","Growth","06.Cond1NCC_0","Growth",NA
"1817","Lmu_IntSprJunH_2025","SEM_data_2025","Lmu_IntSprJunH_2025","CC_NCC_fish_132","cond1",2008-01-01,172.004166666667,172.004166666667,172.004166666667,0.0657612751794359,"06.Cond1NCC_0","Growth","06.Cond1NCC_0","Growth",NA
"1818","Lmu_IntSprJunH_2025","SEM_data_2025","Lmu_IntSprJunH_2025","CC_NCC_fish_132","cond1",2009-01-01,165.515151515152,165.515151515152,165.515151515152,0.0195321533551581,"06.Cond1NCC_0","Growth","06.Cond1NCC_0","Growth",NA
"1819","Lmu_IntSprJunH_2025","SEM_data_2025","Lmu_IntSprJunH_2025","CC_NCC_fish_132","cond1",2010-01-01,164.457142857143,164.457142857143,164.457142857143,0.02671550765313,"06.Cond1NCC_0","Growth","06.Cond1NCC_0","Growth",NA
"1820","Lmu_IntSprJunH_2025","SEM_data_2025","Lmu_IntSprJunH_2025","CC_NCC_fish_132","cond1",2011-01-01,166.692307692308,166.692307692308,166.692307692308,0.16485352088425,"06.Cond1NCC_0","Growth","06.Cond1NCC_0","Growth",NA
"1821","Lmu_IntSprJunH_2025","SEM_data_2025","Lmu_IntSprJunH_2025","CC_NCC_fish_132","cond1",2012-01-01,177.605633802817,177.605633802817,177.605633802817,0.42344309815162,"06.Cond1NCC_0","Growth","06.Cond1NCC_0","Growth",NA
"1822","Lmu_IntSprJunH_2025","SEM_data_2025","Lmu_IntSprJunH_2025","CC_NCC_fish_132","cond1",2013-01-01,167.457142857143,167.457142857143,167.457142857143,0.335324708241865,"06.Cond1NCC_0","Growth","06.Cond1NCC_0","Growth",NA
"1823","Lmu_IntSprJunH_2025","SEM_data_2025","Lmu_IntSprJunH_2025","CC_NCC_fish_132","cond1",2014-01-01,174.3125,174.3125,174.3125,0.487266625646786,"06.Cond1NCC_0","Growth","06.Cond1NCC_0","Growth",NA
"1824","Lmu_IntSprJunH_2025","SEM_data_2025","Lmu_IntSprJunH_2025","CC_NCC_fish_132","cond1",2015-01-01,177.041666666667,177.041666666667,177.041666666667,0.575321400554958,"06.Cond1NCC_0","Growth","06.Cond1NCC_0","Growth",NA
"1825","Lmu_IntSprJunH_2025","SEM_data_2025","Lmu_IntSprJunH_2025","CC_NCC_fish_132","cond1",2016-01-01,179,179,179,0.506050993019364,"06.Cond1NCC_0","Growth","06.Cond1NCC_0","Growth",NA
"1826","Lmu_IntSprJunH_2025","SEM_data_2025","Lmu_IntSprJunH_2025","CC_NCC_fish_132","cond1",2017-01-01,155.5,155.5,155.5,0.0799535100358342,"06.Cond1NCC_0","Growth","06.Cond1NCC_0","Growth",NA
"1827","Lmu_IntSprJunH_2025","SEM_data_2025","Lmu_IntSprJunH_2025","CC_NCC_fish_132","cond1",2018-01-01,176.260869565217,176.260869565217,176.260869565217,0.433709294243975,"06.Cond1NCC_0","Growth","06.Cond1NCC_0","Growth",NA
"1828","Lmu_IntSprJunH_2025","SEM_data_2025","Lmu_IntSprJunH_2025","CC_NCC_fish_132","cond1",2019-01-01,174.882352941176,174.882352941176,174.882352941176,0.540451721461486,"06.Cond1NCC_0","Growth","06.Cond1NCC_0","Growth",NA
"1829","Lmu_IntSprJunH_2025","SEM_data_2025","Lmu_IntSprJunH_2025","CC_NCC_fish_132","cond1",2020-01-01,174.3,174.3,174.3,0.598596206663503,"06.Cond1NCC_0","Growth","06.Cond1NCC_0","Growth",NA
"1830","Lmu_IntSprJunH_2025","SEM_data_2025","Lmu_IntSprJunH_2025","CC_NCC_fish_132","cond1",2021-01-01,181.75,181.75,181.75,0.705014395186351,"06.Cond1NCC_0","Growth","06.Cond1NCC_0","Growth",NA
"1831","Lmu_IntSprJunH_2025","SEM_data_2025","Lmu_IntSprJunH_2025","CC_NCC_fish_132","cond1",2022-01-01,169.578947368421,169.578947368421,169.578947368421,0.470690654238312,"06.Cond1NCC_0","Growth","06.Cond1NCC_0","Growth",NA
"1832","Lmu_IntSprJunH_2025","SEM_data_2025","Lmu_IntSprJunH_2025","CC_NCC_fish_132","cond1",2023-01-01,NA,NA,NA,NA,"06.Cond1NCC_0","Growth","06.Cond1NCC_0","Growth",NA
"1833","Lmu_IntSprJunH_2025","SEM_data_2025","Lmu_IntSprJunH_2025","CC_NCC_fish_132","cond1",2024-01-01,NA,NA,NA,NA,"06.Cond1NCC_0","Growth","06.Cond1NCC_0","Growth",NA
"1834","Lmu_IntSprJunH_2025","SEM_data_2025","Lmu_IntSprJunH_2025","CC_NCC_fish_132","cond1",2025-01-01,NA,NA,NA,NA,"06.Cond1NCC_0","Growth","06.Cond1NCC_0","Growth",NA
"1835","Lmu_IntSprJunH_2025","SEM_data_2025","Lmu_IntSprJunH_2025","CC_NCC_fish_132","cond1",2026-01-01,NA,NA,NA,NA,"06.Cond1NCC_0","Growth","06.Cond1NCC_0","Growth",NA
"1836","Lmu_IntSprMayW_2025","SEM_data_2025","Lmu_IntSprMayW_2025","CC_NCC_fish_133","cond1",1998-01-01,NA,NA,NA,NA,"06.Cond1NCC_1","Growth","06.Cond1NCC_1","Growth",NA
"1837","Lmu_IntSprMayW_2025","SEM_data_2025","Lmu_IntSprMayW_2025","CC_NCC_fish_133","cond1",1999-01-01,151.58024691358,151.58024691358,151.58024691358,1.27819736914052,"06.Cond1NCC_1","Growth","06.Cond1NCC_1","Growth",NA
"1838","Lmu_IntSprMayW_2025","SEM_data_2025","Lmu_IntSprMayW_2025","CC_NCC_fish_133","cond1",2000-01-01,159.148148148148,159.148148148148,159.148148148148,1.4303505955435,"06.Cond1NCC_1","Growth","06.Cond1NCC_1","Growth",NA
"1839","Lmu_IntSprMayW_2025","SEM_data_2025","Lmu_IntSprMayW_2025","CC_NCC_fish_133","cond1",2001-01-01,143.6,143.6,143.6,1.17845975648857,"06.Cond1NCC_1","Growth","06.Cond1NCC_1","Growth",NA
"1840","Lmu_IntSprMayW_2025","SEM_data_2025","Lmu_IntSprMayW_2025","CC_NCC_fish_133","cond1",2002-01-01,172.5,172.5,172.5,1.569631983615,"06.Cond1NCC_1","Growth","06.Cond1NCC_1","Growth",NA
"1841","Lmu_IntSprMayW_2025","SEM_data_2025","Lmu_IntSprMayW_2025","CC_NCC_fish_133","cond1",2003-01-01,144,144,144,0.580537082580194,"06.Cond1NCC_1","Growth","06.Cond1NCC_1","Growth",NA
"1842","Lmu_IntSprMayW_2025","SEM_data_2025","Lmu_IntSprMayW_2025","CC_NCC_fish_133","cond1",2004-01-01,124,124,124,-0.396836144817869,"06.Cond1NCC_1","Growth","06.Cond1NCC_1","Growth",NA
"1843","Lmu_IntSprMayW_2025","SEM_data_2025","Lmu_IntSprMayW_2025","CC_NCC_fish_133","cond1",2005-01-01,NA,125.5,125.5,-0.668924994164758,"06.Cond1NCC_1","Growth","06.Cond1NCC_1","Growth",NA
"1844","Lmu_IntSprMayW_2025","SEM_data_2025","Lmu_IntSprMayW_2025","CC_NCC_fish_133","cond1",2006-01-01,127,127,127,-0.633138509693299,"06.Cond1NCC_1","Growth","06.Cond1NCC_1","Growth",NA
"1845","Lmu_IntSprMayW_2025","SEM_data_2025","Lmu_IntSprMayW_2025","CC_NCC_fish_133","cond1",2007-01-01,133.6,133.6,133.6,-0.379010401817971,"06.Cond1NCC_1","Growth","06.Cond1NCC_1","Growth",NA
"1846","Lmu_IntSprMayW_2025","SEM_data_2025","Lmu_IntSprMayW_2025","CC_NCC_fish_133","cond1",2008-01-01,137.533333333333,137.533333333333,137.533333333333,-0.203821420161567,"06.Cond1NCC_1","Growth","06.Cond1NCC_1","Growth",NA
"1847","Lmu_IntSprMayW_2025","SEM_data_2025","Lmu_IntSprMayW_2025","CC_NCC_fish_133","cond1",2009-01-01,136.181818181818,136.181818181818,136.181818181818,-0.260999982990778,"06.Cond1NCC_1","Growth","06.Cond1NCC_1","Growth",NA
"1848","Lmu_IntSprMayW_2025","SEM_data_2025","Lmu_IntSprMayW_2025","CC_NCC_fish_133","cond1",2010-01-01,127.571428571429,127.571428571429,127.571428571429,-0.494809891682042,"06.Cond1NCC_1","Growth","06.Cond1NCC_1","Growth",NA
"1849","Lmu_IntSprMayW_2025","SEM_data_2025","Lmu_IntSprMayW_2025","CC_NCC_fish_133","cond1",2011-01-01,131.568181818182,131.568181818182,131.568181818182,-0.419690585581429,"06.Cond1NCC_1","Growth","06.Cond1NCC_1","Growth",NA
"1850","Lmu_IntSprMayW_2025","SEM_data_2025","Lmu_IntSprMayW_2025","CC_NCC_fish_133","cond1",2012-01-01,136.583333333333,136.583333333333,136.583333333333,-0.294438689117717,"06.Cond1NCC_1","Growth","06.Cond1NCC_1","Growth",NA
"1851","Lmu_IntSprMayW_2025","SEM_data_2025","Lmu_IntSprMayW_2025","CC_NCC_fish_133","cond1",2013-01-01,NA,133.085858585858,133.085858585858,-0.412802149334678,"06.Cond1NCC_1","Growth","06.Cond1NCC_1","Growth",NA
"1852","Lmu_IntSprMayW_2025","SEM_data_2025","Lmu_IntSprMayW_2025","CC_NCC_fish_133","cond1",2014-01-01,NA,129.588383838384,129.588383838384,-0.600941615141157,"06.Cond1NCC_1","Growth","06.Cond1NCC_1","Growth",NA
"1853","Lmu_IntSprMayW_2025","SEM_data_2025","Lmu_IntSprMayW_2025","CC_NCC_fish_133","cond1",2015-01-01,126.090909090909,126.090909090909,126.090909090909,-0.754793741035525,"06.Cond1NCC_1","Growth","06.Cond1NCC_1","Growth",NA
"1854","Lmu_IntSprMayW_2025","SEM_data_2025","Lmu_IntSprMayW_2025","CC_NCC_fish_133","cond1",2016-01-01,125.129032258065,125.129032258065,125.129032258065,-0.736007841604037,"06.Cond1NCC_1","Growth","06.Cond1NCC_1","Growth",NA
"1855","Lmu_IntSprMayW_2025","SEM_data_2025","Lmu_IntSprMayW_2025","CC_NCC_fish_133","cond1",2017-01-01,133.285714285714,133.285714285714,133.285714285714,-0.445436289316353,"06.Cond1NCC_1","Growth","06.Cond1NCC_1","Growth",NA
"1856","Lmu_IntSprMayW_2025","SEM_data_2025","Lmu_IntSprMayW_2025","CC_NCC_fish_133","cond1",2018-01-01,136.8,136.8,136.8,-0.273972186103183,"06.Cond1NCC_1","Growth","06.Cond1NCC_1","Growth",NA
"1857","Lmu_IntSprMayW_2025","SEM_data_2025","Lmu_IntSprMayW_2025","CC_NCC_fish_133","cond1",2019-01-01,126.333333333333,126.333333333333,126.333333333333,-0.343758742484149,"06.Cond1NCC_1","Growth","06.Cond1NCC_1","Growth",NA
"1858","Lmu_IntSprMayW_2025","SEM_data_2025","Lmu_IntSprMayW_2025","CC_NCC_fish_133","cond1",2020-01-01,NA,139.306666666667,139.306666666667,0.149873956141683,"06.Cond1NCC_1","Growth","06.Cond1NCC_1","Growth",NA
"1859","Lmu_IntSprMayW_2025","SEM_data_2025","Lmu_IntSprMayW_2025","CC_NCC_fish_133","cond1",2021-01-01,152.28,152.28,152.28,0.61667816729776,"06.Cond1NCC_1","Growth","06.Cond1NCC_1","Growth",NA
"1860","Lmu_IntSprMayW_2025","SEM_data_2025","Lmu_IntSprMayW_2025","CC_NCC_fish_133","cond1",2022-01-01,140.333333333333,140.333333333333,140.333333333333,0.439577661037779,"06.Cond1NCC_1","Growth","06.Cond1NCC_1","Growth",NA
"1861","Lmu_IntSprMayW_2025","SEM_data_2025","Lmu_IntSprMayW_2025","CC_NCC_fish_133","cond1",2023-01-01,NA,NA,NA,NA,"06.Cond1NCC_1","Growth","06.Cond1NCC_1","Growth",NA
"1862","Lmu_IntSprMayW_2025","SEM_data_2025","Lmu_IntSprMayW_2025","CC_NCC_fish_133","cond1",2024-01-01,NA,NA,NA,NA,"06.Cond1NCC_1","Growth","06.Cond1NCC_1","Growth",NA
"1863","Lmu_IntSprMayW_2025","SEM_data_2025","Lmu_IntSprMayW_2025","CC_NCC_fish_133","cond1",2025-01-01,NA,NA,NA,NA,"06.Cond1NCC_1","Growth","06.Cond1NCC_1","Growth",NA
"1864","Lmu_IntSprMayW_2025","SEM_data_2025","Lmu_IntSprMayW_2025","CC_NCC_fish_133","cond1",2026-01-01,NA,NA,NA,NA,"06.Cond1NCC_1","Growth","06.Cond1NCC_1","Growth",NA
"1865","SAR_2025","SEM_data_2025","SAR_2025","CC_NCC_fish_137","SAR",1998-01-01,0.0191534968627449,0.0191534968627449,-3.95526997622684,0.440935855800052,"SAR","SAR","SAR","SAR","SAR"
"1866","SAR_2025","SEM_data_2025","SAR_2025","CC_NCC_fish_137","SAR",1999-01-01,0.0387236381540094,0.0387236381540094,-3.25130506039869,0.638683784860558,"SAR","SAR","SAR","SAR","SAR"
"1867","SAR_2025","SEM_data_2025","SAR_2025","CC_NCC_fish_137","SAR",2000-01-01,0.032794544,0.032794544,-3.41749311889173,0.2652624496194,"SAR","SAR","SAR","SAR","SAR"
"1868","SAR_2025","SEM_data_2025","SAR_2025","CC_NCC_fish_137","SAR",2001-01-01,0.002031019,0.002031019,-6.19921764143011,-0.847886253396974,"SAR","SAR","SAR","SAR","SAR"
"1869","SAR_2025","SEM_data_2025","SAR_2025","CC_NCC_fish_137","SAR",2002-01-01,0.018205128,0.018205128,-4.00605196634403,-0.38482544342757,"SAR","SAR","SAR","SAR","SAR"
"1870","SAR_2025","SEM_data_2025","SAR_2025","CC_NCC_fish_137","SAR",2003-01-01,0.008891033,0.008891033,-4.72271203823153,-0.586052027429741,"SAR","SAR","SAR","SAR","SAR"
"1871","SAR_2025","SEM_data_2025","SAR_2025","CC_NCC_fish_137","SAR",2004-01-01,0.006743467,0.006743467,-4.99918109462058,-0.769351867268378,"SAR","SAR","SAR","SAR","SAR"
"1872","SAR_2025","SEM_data_2025","SAR_2025","CC_NCC_fish_137","SAR",2005-01-01,0.00362117,0.00362117,-5.62095810094386,-0.777216053409941,"SAR","SAR","SAR","SAR","SAR"
"1873","SAR_2025","SEM_data_2025","SAR_2025","CC_NCC_fish_137","SAR",2006-01-01,0.02474261,0.02474261,-3.69922842041166,0.148967761331547,"SAR","SAR","SAR","SAR","SAR"
"1874","SAR_2025","SEM_data_2025","SAR_2025","CC_NCC_fish_137","SAR",2007-01-01,0.020484738,0.020484738,-3.88807515791132,0.566430071540344,"SAR","SAR","SAR","SAR","SAR"
"1875","SAR_2025","SEM_data_2025","SAR_2025","CC_NCC_fish_137","SAR",2008-01-01,0.068605259,0.068605259,-2.67938608538108,1.12542821074861,"SAR","SAR","SAR","SAR","SAR"
"1876","SAR_2025","SEM_data_2025","SAR_2025","CC_NCC_fish_137","SAR",2009-01-01,0.032907127,0.032907127,-3.41406601853105,0.894985937056382,"SAR","SAR","SAR","SAR","SAR"
"1877","SAR_2025","SEM_data_2025","SAR_2025","CC_NCC_fish_137","SAR",2010-01-01,0.022334529,0.022334529,-3.80162141237892,0.550315130172716,"SAR","SAR","SAR","SAR","SAR"
"1878","SAR_2025","SEM_data_2025","SAR_2025","CC_NCC_fish_137","SAR",2011-01-01,0.011778225,0.011778225,-4.44150279122908,0.224492007835274,"SAR","SAR","SAR","SAR","SAR"
"1879","SAR_2025","SEM_data_2025","SAR_2025","CC_NCC_fish_137","SAR",2012-01-01,0.023883808,0.023883808,-3.73455453918417,0.38048759096722,"SAR","SAR","SAR","SAR","SAR"
"1880","SAR_2025","SEM_data_2025","SAR_2025","CC_NCC_fish_137","SAR",2013-01-01,0.028591034,0.028591034,-3.55466210681013,0.302828688592087,"SAR","SAR","SAR","SAR","SAR"
"1881","SAR_2025","SEM_data_2025","SAR_2025","CC_NCC_fish_137","SAR",2014-01-01,0.009299656,0.009299656,-4.67777786875436,-0.307900479992505,"SAR","SAR","SAR","SAR","SAR"
"1882","SAR_2025","SEM_data_2025","SAR_2025","CC_NCC_fish_137","SAR",2015-01-01,0.00539603,0.00539603,-5.22209178097825,-0.67794257617318,"SAR","SAR","SAR","SAR","SAR"
"1883","SAR_2025","SEM_data_2025","SAR_2025","CC_NCC_fish_137","SAR",2016-01-01,0.011799963,0.011799963,-4.43965888310865,-0.506353416096962,"SAR","SAR","SAR","SAR","SAR"
"1884","SAR_2025","SEM_data_2025","SAR_2025","CC_NCC_fish_137","SAR",2017-01-01,0.007587253,0.007587253,-4.88128567666841,-0.586063995662484,"SAR","SAR","SAR","SAR","SAR"
"1885","SAR_2025","SEM_data_2025","SAR_2025","CC_NCC_fish_137","SAR",2018-01-01,0.009152133,0.009152133,-4.69376831210763,-0.452383010303449,"SAR","SAR","SAR","SAR","SAR"
"1886","SAR_2025","SEM_data_2025","SAR_2025","CC_NCC_fish_137","SAR",2019-01-01,0.010461062,0.010461062,-4.56009529586243,-0.202785754268453,"SAR","SAR","SAR","SAR","SAR"
"1887","SAR_2025","SEM_data_2025","SAR_2025","CC_NCC_fish_137","SAR",2020-01-01,0.026277697,0.026277697,-3.63903472238687,0.247543717735714,"SAR","SAR","SAR","SAR","SAR"
"1888","SAR_2025","SEM_data_2025","SAR_2025","CC_NCC_fish_137","SAR",2021-01-01,0.016787238,0.016787238,-4.0871363241049,0.213525706639481,"SAR","SAR","SAR","SAR","SAR"
"1889","SAR_2025","SEM_data_2025","SAR_2025","CC_NCC_fish_137","SAR",2022-01-01,NA,NA,NA,NA,"SAR","SAR","SAR","SAR","SAR"
"1890","SAR_2025","SEM_data_2025","SAR_2025","CC_NCC_fish_137","SAR",2023-01-01,NA,NA,NA,NA,"SAR","SAR","SAR","SAR","SAR"
"1891","SAR_2025","SEM_data_2025","SAR_2025","CC_NCC_fish_137","SAR",2024-01-01,NA,NA,NA,NA,"SAR","SAR","SAR","SAR","SAR"
"1892","SAR_2025","SEM_data_2025","SAR_2025","CC_NCC_fish_137","SAR",2025-01-01,NA,NA,NA,NA,"SAR","SAR","SAR","SAR","SAR"
"1893","SAR_2025","SEM_data_2025","SAR_2025","CC_NCC_fish_137","SAR",2026-01-01,NA,NA,NA,NA,"SAR","SAR","SAR","SAR","SAR"
"1894","sar.UCsprCh_2025","SEM_data_2025","sar_UCsprCh_2025","CC_NCC_fish_138","SAR",1998-01-01,NA,NA,NA,NA,"SAR","SAR","SAR","SAR","SAR"
"1895","sar.UCsprCh_2025","SEM_data_2025","sar_UCsprCh_2025","CC_NCC_fish_138","SAR",1999-01-01,NA,NA,NA,NA,"SAR","SAR","SAR","SAR","SAR"
"1896","sar.UCsprCh_2025","SEM_data_2025","sar_UCsprCh_2025","CC_NCC_fish_138","SAR",2000-01-01,NA,NA,NA,NA,"SAR","SAR","SAR","SAR","SAR"
"1897","sar.UCsprCh_2025","SEM_data_2025","sar_UCsprCh_2025","CC_NCC_fish_138","SAR",2001-01-01,NA,NA,NA,NA,"SAR","SAR","SAR","SAR","SAR"
"1898","sar.UCsprCh_2025","SEM_data_2025","sar_UCsprCh_2025","CC_NCC_fish_138","SAR",2002-01-01,1.72910662824208,1.72910662824208,0.54760487526929,-0.163645573292322,"SAR","SAR","SAR","SAR","SAR"
"1899","sar.UCsprCh_2025","SEM_data_2025","sar_UCsprCh_2025","CC_NCC_fish_138","SAR",2003-01-01,0.812207728279596,0.812207728279596,-0.207999148533156,-0.921588384002631,"SAR","SAR","SAR","SAR","SAR"
"1900","sar.UCsprCh_2025","SEM_data_2025","sar_UCsprCh_2025","CC_NCC_fish_138","SAR",2004-01-01,0.707130229817325,0.707130229817325,-0.346540429458134,-1.17976112203155,"SAR","SAR","SAR","SAR","SAR"
"1901","sar.UCsprCh_2025","SEM_data_2025","sar_UCsprCh_2025","CC_NCC_fish_138","SAR",2005-01-01,NA,NA,NA,-0.896247681661887,"SAR","SAR","SAR","SAR","SAR"
"1902","sar.UCsprCh_2025","SEM_data_2025","sar_UCsprCh_2025","CC_NCC_fish_138","SAR",2006-01-01,NA,NA,NA,-0.612734241292227,"SAR","SAR","SAR","SAR","SAR"
"1903","sar.UCsprCh_2025","SEM_data_2025","sar_UCsprCh_2025","CC_NCC_fish_138","SAR",2007-01-01,0.999231360491929,0.999231360491929,-0.000768935062877501,-0.329220800922567,"SAR","SAR","SAR","SAR","SAR"
"1904","sar.UCsprCh_2025","SEM_data_2025","sar_UCsprCh_2025","CC_NCC_fish_138","SAR",2008-01-01,2.65060240963855,2.65060240963855,0.974786938555762,0.597557044330867,"SAR","SAR","SAR","SAR","SAR"
"1905","sar.UCsprCh_2025","SEM_data_2025","sar_UCsprCh_2025","CC_NCC_fish_138","SAR",2009-01-01,2.78657378087397,2.78657378087397,1.02481280565071,0.981263761749617,"SAR","SAR","SAR","SAR","SAR"
"1906","sar.UCsprCh_2025","SEM_data_2025","sar_UCsprCh_2025","CC_NCC_fish_138","SAR",2010-01-01,3.44262295081967,3.44262295081967,1.23623366654416,1.09724699690259,"SAR","SAR","SAR","SAR","SAR"
"1907","sar.UCsprCh_2025","SEM_data_2025","sar_UCsprCh_2025","CC_NCC_fish_138","SAR",2011-01-01,1.61550888529887,1.61550888529887,0.479650006297541,0.603539536775069,"SAR","SAR","SAR","SAR","SAR"
"1908","sar.UCsprCh_2025","SEM_data_2025","sar_UCsprCh_2025","CC_NCC_fish_138","SAR",2012-01-01,2.35342691990091,2.35342691990091,0.855872529709605,0.64524016212845,"SAR","SAR","SAR","SAR","SAR"
"1909","sar.UCsprCh_2025","SEM_data_2025","sar_UCsprCh_2025","CC_NCC_fish_138","SAR",2013-01-01,2.46808510638298,2.46808510638298,0.903442589396307,0.449128622110971,"SAR","SAR","SAR","SAR","SAR"
"1910","sar.UCsprCh_2025","SEM_data_2025","sar_UCsprCh_2025","CC_NCC_fish_138","SAR",2014-01-01,1.04468949506674,1.04468949506674,0.0437197073563226,-0.283946266879819,"SAR","SAR","SAR","SAR","SAR"
"1911","sar.UCsprCh_2025","SEM_data_2025","sar_UCsprCh_2025","CC_NCC_fish_138","SAR",2015-01-01,1.23279816513761,1.23279816513761,0.20928651665278,-0.424847323245082,"SAR","SAR","SAR","SAR","SAR"
"1912","sar.UCsprCh_2025","SEM_data_2025","sar_UCsprCh_2025","CC_NCC_fish_138","SAR",2016-01-01,1.17083555082491,1.17083555082491,0.157717639932945,-0.473103385862136,"SAR","SAR","SAR","SAR","SAR"
"1913","sar.UCsprCh_2025","SEM_data_2025","sar_UCsprCh_2025","CC_NCC_fish_138","SAR",2017-01-01,1.47009689274975,1.47009689274975,0.385328312053654,-0.365269192769402,"SAR","SAR","SAR","SAR","SAR"
"1914","sar.UCsprCh_2025","SEM_data_2025","sar_UCsprCh_2025","CC_NCC_fish_138","SAR",2018-01-01,1.00622903689506,1.00622903689506,0.0062097166343089,-0.486529115196238,"SAR","SAR","SAR","SAR","SAR"
"1915","sar.UCsprCh_2025","SEM_data_2025","sar_UCsprCh_2025","CC_NCC_fish_138","SAR",2019-01-01,1.23820754716981,1.23820754716981,0.213664807359665,-0.136949131190954,"SAR","SAR","SAR","SAR","SAR"
"1916","sar.UCsprCh_2025","SEM_data_2025","sar_UCsprCh_2025","CC_NCC_fish_138","SAR",2020-01-01,3.11394196744515,3.11394196744515,1.13588943722182,0.583690394557357,"SAR","SAR","SAR","SAR","SAR"
"1917","sar.UCsprCh_2025","SEM_data_2025","sar_UCsprCh_2025","CC_NCC_fish_138","SAR",2021-01-01,2.02741290691034,2.02741290691034,0.706760550183611,0.398434328632758,"SAR","SAR","SAR","SAR","SAR"
"1918","sar.UCsprCh_2025","SEM_data_2025","sar_UCsprCh_2025","CC_NCC_fish_138","SAR",2022-01-01,1.58002038735984,1.58002038735984,0.457437750347931,0.0515458839101719,"SAR","SAR","SAR","SAR","SAR"
"1919","sar.UCsprCh_2025","SEM_data_2025","sar_UCsprCh_2025","CC_NCC_fish_138","SAR",2023-01-01,1.19818652849741,1.19818652849741,0.18080918748765,-0.263815030349996,"SAR","SAR","SAR","SAR","SAR"
"1920","sar.UCsprCh_2025","SEM_data_2025","sar_UCsprCh_2025","CC_NCC_fish_138","SAR",2024-01-01,NA,NA,NA,NA,"SAR","SAR","SAR","SAR","SAR"
"1921","sar.UCsprCh_2025","SEM_data_2025","sar_UCsprCh_2025","CC_NCC_fish_138","SAR",2025-01-01,NA,NA,NA,NA,"SAR","SAR","SAR","SAR","SAR"
"1922","sar.UCsprCh_2025","SEM_data_2025","sar_UCsprCh_2025","CC_NCC_fish_138","SAR",2026-01-01,NA,NA,NA,NA,"SAR","SAR","SAR","SAR","SAR"
"1923","StomFull.Jun_2025","SEM_data_2025","StomFull_Jun_2025","CC_NCC_fish_140","cond1",1998-01-01,1.99583730387268,1.99583730387268,1.99583730387268,1.64273954559808,"06.Cond1NCC","Growth","06.Cond1NCC","Growth","06.Cond1NCC"
"1924","StomFull.Jun_2025","SEM_data_2025","StomFull_Jun_2025","CC_NCC_fish_140","cond1",1999-01-01,0.894937441224391,0.894937441224391,0.894937441224391,0.52105430414078,"06.Cond1NCC","Growth","06.Cond1NCC","Growth","06.Cond1NCC"
"1925","StomFull.Jun_2025","SEM_data_2025","StomFull_Jun_2025","CC_NCC_fish_140","cond1",2000-01-01,0.886552715275591,0.886552715275591,0.886552715275591,0.227838266130622,"06.Cond1NCC","Growth","06.Cond1NCC","Growth","06.Cond1NCC"
"1926","StomFull.Jun_2025","SEM_data_2025","StomFull_Jun_2025","CC_NCC_fish_140","cond1",2001-01-01,1.44111967171547,1.44111967171547,1.44111967171547,0.4889997689597,"06.Cond1NCC","Growth","06.Cond1NCC","Growth","06.Cond1NCC"
"1927","StomFull.Jun_2025","SEM_data_2025","StomFull_Jun_2025","CC_NCC_fish_140","cond1",2002-01-01,0.957338737400778,0.957338737400778,0.957338737400778,0.300811429952267,"06.Cond1NCC","Growth","06.Cond1NCC","Growth","06.Cond1NCC"
"1928","StomFull.Jun_2025","SEM_data_2025","StomFull_Jun_2025","CC_NCC_fish_140","cond1",2003-01-01,1.29430380055671,1.29430380055671,1.29430380055671,0.578520878883019,"06.Cond1NCC","Growth","06.Cond1NCC","Growth","06.Cond1NCC"
"1929","StomFull.Jun_2025","SEM_data_2025","StomFull_Jun_2025","CC_NCC_fish_140","cond1",2004-01-01,1.7618597144274,1.7618597144274,1.7618597144274,0.83126785774313,"06.Cond1NCC","Growth","06.Cond1NCC","Growth","06.Cond1NCC"
"1930","StomFull.Jun_2025","SEM_data_2025","StomFull_Jun_2025","CC_NCC_fish_140","cond1",2005-01-01,0.616082458798049,0.616082458798049,0.616082458798049,0.245370356179751,"06.Cond1NCC","Growth","06.Cond1NCC","Growth","06.Cond1NCC"
"1931","StomFull.Jun_2025","SEM_data_2025","StomFull_Jun_2025","CC_NCC_fish_140","cond1",2006-01-01,1.66557228326146,1.66557228326146,1.66557228326146,0.848286931947667,"06.Cond1NCC","Growth","06.Cond1NCC","Growth","06.Cond1NCC"
"1932","StomFull.Jun_2025","SEM_data_2025","StomFull_Jun_2025","CC_NCC_fish_140","cond1",2007-01-01,1.59839812691075,1.59839812691075,1.59839812691075,0.849196129728018,"06.Cond1NCC","Growth","06.Cond1NCC","Growth","06.Cond1NCC"
"1933","StomFull.Jun_2025","SEM_data_2025","StomFull_Jun_2025","CC_NCC_fish_140","cond1",2008-01-01,1.09383490131435,1.09383490131435,1.09383490131435,0.402221908430525,"06.Cond1NCC","Growth","06.Cond1NCC","Growth","06.Cond1NCC"
"1934","StomFull.Jun_2025","SEM_data_2025","StomFull_Jun_2025","CC_NCC_fish_140","cond1",2009-01-01,1.09220756773904,1.09220756773904,1.09220756773904,0.211227486096797,"06.Cond1NCC","Growth","06.Cond1NCC","Growth","06.Cond1NCC"
"1935","StomFull.Jun_2025","SEM_data_2025","StomFull_Jun_2025","CC_NCC_fish_140","cond1",2010-01-01,1.36899231267625,1.36899231267625,1.36899231267625,0.0889301583894921,"06.Cond1NCC","Growth","06.Cond1NCC","Growth","06.Cond1NCC"
"1936","StomFull.Jun_2025","SEM_data_2025","StomFull_Jun_2025","CC_NCC_fish_140","cond1",2011-01-01,0.456915434209396,0.456915434209396,0.456915434209396,-0.718274304987868,"06.Cond1NCC","Growth","06.Cond1NCC","Growth","06.Cond1NCC"
"1937","StomFull.Jun_2025","SEM_data_2025","StomFull_Jun_2025","CC_NCC_fish_140","cond1",2012-01-01,0.40648742401806,0.40648742401806,0.40648742401806,-0.937271854198574,"06.Cond1NCC","Growth","06.Cond1NCC","Growth","06.Cond1NCC"
"1938","StomFull.Jun_2025","SEM_data_2025","StomFull_Jun_2025","CC_NCC_fish_140","cond1",2013-01-01,0.81741897224701,0.81741897224701,0.81741897224701,-0.672040871031914,"06.Cond1NCC","Growth","06.Cond1NCC","Growth","06.Cond1NCC"
"1939","StomFull.Jun_2025","SEM_data_2025","StomFull_Jun_2025","CC_NCC_fish_140","cond1",2014-01-01,0.864893130790249,0.864893130790249,0.864893130790249,-0.594627182672333,"06.Cond1NCC","Growth","06.Cond1NCC","Growth","06.Cond1NCC"
"1940","StomFull.Jun_2025","SEM_data_2025","StomFull_Jun_2025","CC_NCC_fish_140","cond1",2015-01-01,0.657440168789723,0.657440168789723,0.657440168789723,-0.735898949854781,"06.Cond1NCC","Growth","06.Cond1NCC","Growth","06.Cond1NCC"
"1941","StomFull.Jun_2025","SEM_data_2025","StomFull_Jun_2025","CC_NCC_fish_140","cond1",2016-01-01,0.692555768719386,0.692555768719386,0.692555768719386,-0.763957039742588,"06.Cond1NCC","Growth","06.Cond1NCC","Growth","06.Cond1NCC"
"1942","StomFull.Jun_2025","SEM_data_2025","StomFull_Jun_2025","CC_NCC_fish_140","cond1",2017-01-01,0.575814080772435,0.575814080772435,0.575814080772435,-0.786953264979796,"06.Cond1NCC","Growth","06.Cond1NCC","Growth","06.Cond1NCC"
"1943","StomFull.Jun_2025","SEM_data_2025","StomFull_Jun_2025","CC_NCC_fish_140","cond1",2018-01-01,0.756961508697938,0.756961508697938,0.756961508697938,-0.561612552370817,"06.Cond1NCC","Growth","06.Cond1NCC","Growth","06.Cond1NCC"
"1944","StomFull.Jun_2025","SEM_data_2025","StomFull_Jun_2025","CC_NCC_fish_140","cond1",2019-01-01,1.04093695358509,1.04093695358509,1.04093695358509,-0.27576588221044,"06.Cond1NCC","Growth","06.Cond1NCC","Growth","06.Cond1NCC"
"1945","StomFull.Jun_2025","SEM_data_2025","StomFull_Jun_2025","CC_NCC_fish_140","cond1",2020-01-01,0.975572139087533,0.975572139087533,0.975572139087533,-0.291274457703059,"06.Cond1NCC","Growth","06.Cond1NCC","Growth","06.Cond1NCC"
"1946","StomFull.Jun_2025","SEM_data_2025","StomFull_Jun_2025","CC_NCC_fish_140","cond1",2021-01-01,0.707571819985097,0.707571819985097,0.707571819985097,-0.474558946378264,"06.Cond1NCC","Growth","06.Cond1NCC","Growth","06.Cond1NCC"
"1947","StomFull.Jun_2025","SEM_data_2025","StomFull_Jun_2025","CC_NCC_fish_140","cond1",2022-01-01,0.519399589305362,0.519399589305362,0.519399589305362,-0.397632968699753,"06.Cond1NCC","Growth","06.Cond1NCC","Growth","06.Cond1NCC"
"1948","StomFull.Jun_2025","SEM_data_2025","StomFull_Jun_2025","CC_NCC_fish_140","cond1",2023-01-01,1.75132406484531,1.75132406484531,1.75132406484531,0.445623728622771,"06.Cond1NCC","Growth","06.Cond1NCC","Growth","06.Cond1NCC"
"1949","StomFull.Jun_2025","SEM_data_2025","StomFull_Jun_2025","CC_NCC_fish_140","cond1",2024-01-01,0.912051811191762,0.912051811191762,0.912051811191762,0.0886221447562218,"06.Cond1NCC","Growth","06.Cond1NCC","Growth","06.Cond1NCC"
"1950","StomFull.Jun_2025","SEM_data_2025","StomFull_Jun_2025","CC_NCC_fish_140","cond1",2025-01-01,NA,NA,NA,NA,"06.Cond1NCC","Growth","06.Cond1NCC","Growth","06.Cond1NCC"
"1951","StomFull.Jun_2025","SEM_data_2025","StomFull_Jun_2025","CC_NCC_fish_140","cond1",2026-01-01,NA,NA,NA,NA,"06.Cond1NCC","Growth","06.Cond1NCC","Growth","06.Cond1NCC"
"1952","StomFull.May_2025","SEM_data_2025","StomFull_May_2025","CC_NCC_fish_139","cond1",1998-01-01,NA,NA,NA,NA,"06.Cond1NCC_2","Growth","06.Cond1NCC_2","Growth",NA
"1953","StomFull.May_2025","SEM_data_2025","StomFull_May_2025","CC_NCC_fish_139","cond1",1999-01-01,0.961795201268508,0.961795201268508,0.961795201268508,-0.296237455282106,"06.Cond1NCC_2","Growth","06.Cond1NCC_2","Growth",NA
"1954","StomFull.May_2025","SEM_data_2025","StomFull_May_2025","CC_NCC_fish_139","cond1",2000-01-01,1.1575396485812,1.1575396485812,1.1575396485812,-0.00729057001251526,"06.Cond1NCC_2","Growth","06.Cond1NCC_2","Growth",NA
"1955","StomFull.May_2025","SEM_data_2025","StomFull_May_2025","CC_NCC_fish_139","cond1",2001-01-01,1.1417943817516,1.1417943817516,1.1417943817516,0.0289652175560782,"06.Cond1NCC_2","Growth","06.Cond1NCC_2","Growth",NA
"1956","StomFull.May_2025","SEM_data_2025","StomFull_May_2025","CC_NCC_fish_139","cond1",2002-01-01,0.944230936566013,0.944230936566013,0.944230936566013,-0.0960249618651568,"06.Cond1NCC_2","Growth","06.Cond1NCC_2","Growth",NA
"1957","StomFull.May_2025","SEM_data_2025","StomFull_May_2025","CC_NCC_fish_139","cond1",2003-01-01,1.19946331178823,1.19946331178823,1.19946331178823,0.1852359776361,"06.Cond1NCC_2","Growth","06.Cond1NCC_2","Growth",NA
"1958","StomFull.May_2025","SEM_data_2025","StomFull_May_2025","CC_NCC_fish_139","cond1",2004-01-01,1.37277909234965,1.37277909234965,1.37277909234965,0.259384115298165,"06.Cond1NCC_2","Growth","06.Cond1NCC_2","Growth",NA
"1959","StomFull.May_2025","SEM_data_2025","StomFull_May_2025","CC_NCC_fish_139","cond1",2005-01-01,0.65374205124941,0.65374205124941,0.65374205124941,-0.40692825037573,"06.Cond1NCC_2","Growth","06.Cond1NCC_2","Growth",NA
"1960","StomFull.May_2025","SEM_data_2025","StomFull_May_2025","CC_NCC_fish_139","cond1",2006-01-01,1.2032691683132,1.2032691683132,1.2032691683132,0.0403110304261511,"06.Cond1NCC_2","Growth","06.Cond1NCC_2","Growth",NA
"1961","StomFull.May_2025","SEM_data_2025","StomFull_May_2025","CC_NCC_fish_139","cond1",2007-01-01,1.24481865226102,1.24481865226102,1.24481865226102,0.122172507419507,"06.Cond1NCC_2","Growth","06.Cond1NCC_2","Growth",NA
"1962","StomFull.May_2025","SEM_data_2025","StomFull_May_2025","CC_NCC_fish_139","cond1",2008-01-01,0.807659958293105,0.807659958293105,0.807659958293105,-0.225119044009823,"06.Cond1NCC_2","Growth","06.Cond1NCC_2","Growth",NA
"1963","StomFull.May_2025","SEM_data_2025","StomFull_May_2025","CC_NCC_fish_139","cond1",2009-01-01,1.08875531178239,1.08875531178239,1.08875531178239,0.183446654221142,"06.Cond1NCC_2","Growth","06.Cond1NCC_2","Growth",NA
"1964","StomFull.May_2025","SEM_data_2025","StomFull_May_2025","CC_NCC_fish_139","cond1",2010-01-01,1.78777103080325,1.78777103080325,1.78777103080325,0.771157115642198,"06.Cond1NCC_2","Growth","06.Cond1NCC_2","Growth",NA
"1965","StomFull.May_2025","SEM_data_2025","StomFull_May_2025","CC_NCC_fish_139","cond1",2011-01-01,0.846729543699145,0.846729543699145,0.846729543699145,-0.324424204191024,"06.Cond1NCC_2","Growth","06.Cond1NCC_2","Growth",NA
"1966","StomFull.May_2025","SEM_data_2025","StomFull_May_2025","CC_NCC_fish_139","cond1",2012-01-01,0.604717354834909,0.604717354834909,0.604717354834909,-0.900397747953584,"06.Cond1NCC_2","Growth","06.Cond1NCC_2","Growth",NA
"1967","StomFull.May_2025","SEM_data_2025","StomFull_May_2025","CC_NCC_fish_139","cond1",2013-01-01,NA,NA,NA,-0.684450785160536,"06.Cond1NCC_2","Growth","06.Cond1NCC_2","Growth",NA
"1968","StomFull.May_2025","SEM_data_2025","StomFull_May_2025","CC_NCC_fish_139","cond1",2014-01-01,NA,NA,NA,-0.468503822367489,"06.Cond1NCC_2","Growth","06.Cond1NCC_2","Growth",NA
"1969","StomFull.May_2025","SEM_data_2025","StomFull_May_2025","CC_NCC_fish_139","cond1",2015-01-01,0.91596944789813,0.91596944789813,0.91596944789813,-0.252556859574442,"06.Cond1NCC_2","Growth","06.Cond1NCC_2","Growth",NA
"1970","StomFull.May_2025","SEM_data_2025","StomFull_May_2025","CC_NCC_fish_139","cond1",2016-01-01,1.41484509007662,1.41484509007662,1.41484509007662,0.312169760351491,"06.Cond1NCC_2","Growth","06.Cond1NCC_2","Growth",NA
"1971","StomFull.May_2025","SEM_data_2025","StomFull_May_2025","CC_NCC_fish_139","cond1",2017-01-01,0.922294056670116,0.922294056670116,0.922294056670116,0.0417743679825037,"06.Cond1NCC_2","Growth","06.Cond1NCC_2","Growth",NA
"1972","StomFull.May_2025","SEM_data_2025","StomFull_May_2025","CC_NCC_fish_139","cond1",2018-01-01,1.19531650379867,1.19531650379867,1.19531650379867,0.392321229721393,"06.Cond1NCC_2","Growth","06.Cond1NCC_2","Growth",NA
"1973","StomFull.May_2025","SEM_data_2025","StomFull_May_2025","CC_NCC_fish_139","cond1",2019-01-01,1.55522687373222,1.55522687373222,1.55522687373222,0.757375678618257,"06.Cond1NCC_2","Growth","06.Cond1NCC_2","Growth",NA
"1974","StomFull.May_2025","SEM_data_2025","StomFull_May_2025","CC_NCC_fish_139","cond1",2020-01-01,NA,NA,NA,0.240456419412696,"06.Cond1NCC_2","Growth","06.Cond1NCC_2","Growth",NA
"1975","StomFull.May_2025","SEM_data_2025","StomFull_May_2025","CC_NCC_fish_139","cond1",2021-01-01,0.887960337967239,0.887960337967239,0.887960337967239,-0.276462839792865,"06.Cond1NCC_2","Growth","06.Cond1NCC_2","Growth",NA
"1976","StomFull.May_2025","SEM_data_2025","StomFull_May_2025","CC_NCC_fish_139","cond1",2022-01-01,0.825857762622778,0.825857762622778,0.825857762622778,-0.370332608626928,"06.Cond1NCC_2","Growth","06.Cond1NCC_2","Growth",NA
"1977","StomFull.May_2025","SEM_data_2025","StomFull_May_2025","CC_NCC_fish_139","cond1",2023-01-01,1.31119022112666,1.31119022112666,1.31119022112666,0.0826554804850219,"06.Cond1NCC_2","Growth","06.Cond1NCC_2","Growth",NA
"1978","StomFull.May_2025","SEM_data_2025","StomFull_May_2025","CC_NCC_fish_139","cond1",2024-01-01,0.969418107968656,0.969418107968656,0.969418107968656,-0.165668036308629,"06.Cond1NCC_2","Growth","06.Cond1NCC_2","Growth",NA
"1979","StomFull.May_2025","SEM_data_2025","StomFull_May_2025","CC_NCC_fish_139","cond1",2025-01-01,NA,NA,NA,NA,"06.Cond1NCC_2","Growth","06.Cond1NCC_2","Growth",NA
"1980","StomFull.May_2025","SEM_data_2025","StomFull_May_2025","CC_NCC_fish_139","cond1",2026-01-01,NA,NA,NA,NA,"06.Cond1NCC_2","Growth","06.Cond1NCC_2","Growth",NA
"1981","pinkSalmon_2025","pinkSalmon_2025","pinkSalmon_2025","Asia and North America_Asia and North America_fish_146","prey",1952-01-01,198,198,198,-0.762112722232139,"14.CompAK_0","PreyAK","14.CompAK_0","PreyAK",NA
"1982","pinkSalmon_2025","pinkSalmon_2025","pinkSalmon_2025","Asia and North America_Asia and North America_fish_146","prey",1953-01-01,336.5,336.5,336.5,-0.493155810992443,"14.CompAK_0","PreyAK","14.CompAK_0","PreyAK",NA
"1983","pinkSalmon_2025","pinkSalmon_2025","pinkSalmon_2025","Asia and North America_Asia and North America_fish_146","prey",1954-01-01,179.8,179.8,179.8,-0.657627842593028,"14.CompAK_0","PreyAK","14.CompAK_0","PreyAK",NA
"1984","pinkSalmon_2025","pinkSalmon_2025","pinkSalmon_2025","Asia and North America_Asia and North America_fish_146","prey",1955-01-01,294.4,294.4,294.4,-0.473165922064353,"14.CompAK_0","PreyAK","14.CompAK_0","PreyAK",NA
"1985","pinkSalmon_2025","pinkSalmon_2025","pinkSalmon_2025","Asia and North America_Asia and North America_fish_146","prey",1956-01-01,260.8,260.8,260.8,-0.447760474665466,"14.CompAK_0","PreyAK","14.CompAK_0","PreyAK",NA
"1986","pinkSalmon_2025","pinkSalmon_2025","pinkSalmon_2025","Asia and North America_Asia and North America_fish_146","prey",1957-01-01,362,362,362,-0.352983375698464,"14.CompAK_0","PreyAK","14.CompAK_0","PreyAK",NA
"1987","pinkSalmon_2025","pinkSalmon_2025","pinkSalmon_2025","Asia and North America_Asia and North America_fish_146","prey",1958-01-01,187,187,187,-0.705542494727911,"14.CompAK_0","PreyAK","14.CompAK_0","PreyAK",NA
"1988","pinkSalmon_2025","pinkSalmon_2025","pinkSalmon_2025","Asia and North America_Asia and North America_fish_146","prey",1959-01-01,240,240,240,-0.800587173184199,"14.CompAK_0","PreyAK","14.CompAK_0","PreyAK",NA
"1989","pinkSalmon_2025","pinkSalmon_2025","pinkSalmon_2025","Asia and North America_Asia and North America_fish_146","prey",1960-01-01,125.1,125.1,125.1,-1.05340619359647,"14.CompAK_0","PreyAK","14.CompAK_0","PreyAK",NA
"1990","pinkSalmon_2025","pinkSalmon_2025","pinkSalmon_2025","Asia and North America_Asia and North America_fish_146","prey",1961-01-01,182.1,182.1,182.1,-1.0225535281134,"14.CompAK_0","PreyAK","14.CompAK_0","PreyAK",NA
"1991","pinkSalmon_2025","pinkSalmon_2025","pinkSalmon_2025","Asia and North America_Asia and North America_fish_146","prey",1962-01-01,162.9,162.9,162.9,-1.02158998166988,"14.CompAK_0","PreyAK","14.CompAK_0","PreyAK",NA
"1992","pinkSalmon_2025","pinkSalmon_2025","pinkSalmon_2025","Asia and North America_Asia and North America_fish_146","prey",1963-01-01,224.2,224.2,224.2,-0.933539049365823,"14.CompAK_0","PreyAK","14.CompAK_0","PreyAK",NA
"1993","pinkSalmon_2025","pinkSalmon_2025","pinkSalmon_2025","Asia and North America_Asia and North America_fish_146","prey",1964-01-01,146.2,146.2,146.2,-1.04074533813614,"14.CompAK_0","PreyAK","14.CompAK_0","PreyAK",NA
"1994","pinkSalmon_2025","pinkSalmon_2025","pinkSalmon_2025","Asia and North America_Asia and North America_fish_146","prey",1965-01-01,205.1,205.1,205.1,-0.979112493021299,"14.CompAK_0","PreyAK","14.CompAK_0","PreyAK",NA
"1995","pinkSalmon_2025","pinkSalmon_2025","pinkSalmon_2025","Asia and North America_Asia and North America_fish_146","prey",1966-01-01,161.1,161.1,161.1,-1.04290158833836,"14.CompAK_0","PreyAK","14.CompAK_0","PreyAK",NA
"1996","pinkSalmon_2025","pinkSalmon_2025","pinkSalmon_2025","Asia and North America_Asia and North America_fish_146","prey",1967-01-01,175.3,175.3,175.3,-1.03003868960804,"14.CompAK_0","PreyAK","14.CompAK_0","PreyAK",NA
"1997","pinkSalmon_2025","pinkSalmon_2025","pinkSalmon_2025","Asia and North America_Asia and North America_fish_146","prey",1968-01-01,172.1,172.1,172.1,-1.01346214862522,"14.CompAK_0","PreyAK","14.CompAK_0","PreyAK",NA
"1998","pinkSalmon_2025","pinkSalmon_2025","pinkSalmon_2025","Asia and North America_Asia and North America_fish_146","prey",1969-01-01,220.7,220.7,220.7,-0.957259931330984,"14.CompAK_0","PreyAK","14.CompAK_0","PreyAK",NA
"1999","pinkSalmon_2025","pinkSalmon_2025","pinkSalmon_2025","Asia and North America_Asia and North America_fish_146","prey",1970-01-01,132.2,132.2,132.2,-1.0988876215243,"14.CompAK_0","PreyAK","14.CompAK_0","PreyAK",NA
"2000","pinkSalmon_2025","pinkSalmon_2025","pinkSalmon_2025","Asia and North America_Asia and North America_fish_146","prey",1971-01-01,202.8,202.8,202.8,-1.04522567901269,"14.CompAK_0","PreyAK","14.CompAK_0","PreyAK",NA
"2001","pinkSalmon_2025","pinkSalmon_2025","pinkSalmon_2025","Asia and North America_Asia and North America_fish_146","prey",1972-01-01,126.2,126.2,126.2,-1.16920147727594,"14.CompAK_0","PreyAK","14.CompAK_0","PreyAK",NA
"2002","pinkSalmon_2025","pinkSalmon_2025","pinkSalmon_2025","Asia and North America_Asia and North America_fish_146","prey",1973-01-01,158.6,158.6,158.6,-1.1319474490682,"14.CompAK_0","PreyAK","14.CompAK_0","PreyAK",NA
"2003","pinkSalmon_2025","pinkSalmon_2025","pinkSalmon_2025","Asia and North America_Asia and North America_fish_146","prey",1974-01-01,134,134,134,-1.09198143357724,"14.CompAK_0","PreyAK","14.CompAK_0","PreyAK",NA
"2004","pinkSalmon_2025","pinkSalmon_2025","pinkSalmon_2025","Asia and North America_Asia and North America_fish_146","prey",1975-01-01,228.2,228.2,228.2,-0.86069581228959,"14.CompAK_0","PreyAK","14.CompAK_0","PreyAK",NA
"2005","pinkSalmon_2025","pinkSalmon_2025","pinkSalmon_2025","Asia and North America_Asia and North America_fish_146","prey",1976-01-01,199,199,199,-0.775993541345209,"14.CompAK_0","PreyAK","14.CompAK_0","PreyAK",NA
"2006","pinkSalmon_2025","pinkSalmon_2025","pinkSalmon_2025","Asia and North America_Asia and North America_fish_146","prey",1977-01-01,279.2,279.2,279.2,-0.57673597548033,"14.CompAK_0","PreyAK","14.CompAK_0","PreyAK",NA
"2007","pinkSalmon_2025","pinkSalmon_2025","pinkSalmon_2025","Asia and North America_Asia and North America_fish_146","prey",1978-01-01,234.1,234.1,234.1,-0.548261344049757,"14.CompAK_0","PreyAK","14.CompAK_0","PreyAK",NA
"2008","pinkSalmon_2025","pinkSalmon_2025","pinkSalmon_2025","Asia and North America_Asia and North America_fish_146","prey",1979-01-01,319.9,319.9,319.9,-0.389585410081674,"14.CompAK_0","PreyAK","14.CompAK_0","PreyAK",NA
"2009","pinkSalmon_2025","pinkSalmon_2025","pinkSalmon_2025","Asia and North America_Asia and North America_fish_146","prey",1980-01-01,244.5,244.5,244.5,-0.46046514771085,"14.CompAK_0","PreyAK","14.CompAK_0","PreyAK",NA
"2010","pinkSalmon_2025","pinkSalmon_2025","pinkSalmon_2025","Asia and North America_Asia and North America_fish_146","prey",1981-01-01,297.9,297.9,297.9,-0.376187738960923,"14.CompAK_0","PreyAK","14.CompAK_0","PreyAK",NA
"2011","pinkSalmon_2025","pinkSalmon_2025","pinkSalmon_2025","Asia and North America_Asia and North America_fish_146","prey",1982-01-01,223.2,223.2,223.2,-0.375136815789336,"14.CompAK_0","PreyAK","14.CompAK_0","PreyAK",NA
"2012","pinkSalmon_2025","pinkSalmon_2025","pinkSalmon_2025","Asia and North America_Asia and North America_fish_146","prey",1983-01-01,431,431,431,-0.00489853852936284,"14.CompAK_0","PreyAK","14.CompAK_0","PreyAK",NA
"2013","pinkSalmon_2025","pinkSalmon_2025","pinkSalmon_2025","Asia and North America_Asia and North America_fish_146","prey",1984-01-01,308.8,308.8,308.8,-0.150833211550081,"14.CompAK_0","PreyAK","14.CompAK_0","PreyAK",NA
"2014","pinkSalmon_2025","pinkSalmon_2025","pinkSalmon_2025","Asia and North America_Asia and North America_fish_146","prey",1985-01-01,326.3,326.3,326.3,-0.220501366028752,"14.CompAK_0","PreyAK","14.CompAK_0","PreyAK",NA
"2015","pinkSalmon_2025","pinkSalmon_2025","pinkSalmon_2025","Asia and North America_Asia and North America_fish_146","prey",1986-01-01,261.7,261.7,261.7,-0.389312134203953,"14.CompAK_0","PreyAK","14.CompAK_0","PreyAK",NA
"2016","pinkSalmon_2025","pinkSalmon_2025","pinkSalmon_2025","Asia and North America_Asia and North America_fish_146","prey",1987-01-01,270.3,270.3,270.3,-0.435741017777178,"14.CompAK_0","PreyAK","14.CompAK_0","PreyAK",NA
"2017","pinkSalmon_2025","pinkSalmon_2025","pinkSalmon_2025","Asia and North America_Asia and North America_fish_146","prey",1988-01-01,212.2,212.2,212.2,-0.458181037963661,"14.CompAK_0","PreyAK","14.CompAK_0","PreyAK",NA
"2018","pinkSalmon_2025","pinkSalmon_2025","pinkSalmon_2025","Asia and North America_Asia and North America_fish_146","prey",1989-01-01,364.4,364.4,364.4,-0.128012168786999,"14.CompAK_0","PreyAK","14.CompAK_0","PreyAK",NA
"2019","pinkSalmon_2025","pinkSalmon_2025","pinkSalmon_2025","Asia and North America_Asia and North America_fish_146","prey",1990-01-01,303,303,303,-0.034709930502393,"14.CompAK_0","PreyAK","14.CompAK_0","PreyAK",NA
"2020","pinkSalmon_2025","pinkSalmon_2025","pinkSalmon_2025","Asia and North America_Asia and North America_fish_146","prey",1991-01-01,486,486,486,0.286027688572373,"14.CompAK_0","PreyAK","14.CompAK_0","PreyAK",NA
"2021","pinkSalmon_2025","pinkSalmon_2025","pinkSalmon_2025","Asia and North America_Asia and North America_fish_146","prey",1992-01-01,277.2,277.2,277.2,0.0491897972227652,"14.CompAK_0","PreyAK","14.CompAK_0","PreyAK",NA
"2022","pinkSalmon_2025","pinkSalmon_2025","pinkSalmon_2025","Asia and North America_Asia and North America_fish_146","prey",1993-01-01,398.6,398.6,398.6,0.279579427314508,"14.CompAK_0","PreyAK","14.CompAK_0","PreyAK",NA
"2023","pinkSalmon_2025","pinkSalmon_2025","pinkSalmon_2025","Asia and North America_Asia and North America_fish_146","prey",1994-01-01,453.7,453.7,453.7,0.474045940364914,"14.CompAK_0","PreyAK","14.CompAK_0","PreyAK",NA
"2024","pinkSalmon_2025","pinkSalmon_2025","pinkSalmon_2025","Asia and North America_Asia and North America_fish_146","prey",1995-01-01,434.9,434.9,434.9,0.494122828020344,"14.CompAK_0","PreyAK","14.CompAK_0","PreyAK",NA
"2025","pinkSalmon_2025","pinkSalmon_2025","pinkSalmon_2025","Asia and North America_Asia and North America_fish_146","prey",1996-01-01,424.2,424.2,424.2,0.473482999758296,"14.CompAK_0","PreyAK","14.CompAK_0","PreyAK",NA
"2026","pinkSalmon_2025","pinkSalmon_2025","pinkSalmon_2025","Asia and North America_Asia and North America_fish_146","prey",1997-01-01,402,402,402,0.456139682289921,"14.CompAK_0","PreyAK","14.CompAK_0","PreyAK",NA
"2027","pinkSalmon_2025","pinkSalmon_2025","pinkSalmon_2025","Asia and North America_Asia and North America_fish_146","prey",1998-01-01,443.6,443.6,443.6,0.55888954136227,"14.CompAK_0","PreyAK","14.CompAK_0","PreyAK",NA
"2028","pinkSalmon_2025","pinkSalmon_2025","pinkSalmon_2025","Asia and North America_Asia and North America_fish_146","prey",1999-01-01,501,501,501,0.63312102605843,"14.CompAK_0","PreyAK","14.CompAK_0","PreyAK",NA
"2029","pinkSalmon_2025","pinkSalmon_2025","pinkSalmon_2025","Asia and North America_Asia and North America_fish_146","prey",2000-01-01,381.8,381.8,381.8,0.406235214022069,"14.CompAK_0","PreyAK","14.CompAK_0","PreyAK",NA
"2030","pinkSalmon_2025","pinkSalmon_2025","pinkSalmon_2025","Asia and North America_Asia and North America_fish_146","prey",2001-01-01,401.8,401.8,401.8,0.371593410301441,"14.CompAK_0","PreyAK","14.CompAK_0","PreyAK",NA
"2031","pinkSalmon_2025","pinkSalmon_2025","pinkSalmon_2025","Asia and North America_Asia and North America_fish_146","prey",2002-01-01,382.9,382.9,382.9,0.373706979450312,"14.CompAK_0","PreyAK","14.CompAK_0","PreyAK",NA
"2032","pinkSalmon_2025","pinkSalmon_2025","pinkSalmon_2025","Asia and North America_Asia and North America_fish_146","prey",2003-01-01,466.3,466.3,466.3,0.528889746598249,"14.CompAK_0","PreyAK","14.CompAK_0","PreyAK",NA
"2033","pinkSalmon_2025","pinkSalmon_2025","pinkSalmon_2025","Asia and North America_Asia and North America_fish_146","prey",2004-01-01,361.3,361.3,361.3,0.488393190597413,"14.CompAK_0","PreyAK","14.CompAK_0","PreyAK",NA
"2034","pinkSalmon_2025","pinkSalmon_2025","pinkSalmon_2025","Asia and North America_Asia and North America_fish_146","prey",2005-01-01,594.5,594.5,594.5,0.846166622006401,"14.CompAK_0","PreyAK","14.CompAK_0","PreyAK",NA
"2035","pinkSalmon_2025","pinkSalmon_2025","pinkSalmon_2025","Asia and North America_Asia and North America_fish_146","prey",2006-01-01,347.6,347.6,347.6,0.55090941431363,"14.CompAK_0","PreyAK","14.CompAK_0","PreyAK",NA
"2036","pinkSalmon_2025","pinkSalmon_2025","pinkSalmon_2025","Asia and North America_Asia and North America_fish_146","prey",2007-01-01,550,550,550,0.79921849747894,"14.CompAK_0","PreyAK","14.CompAK_0","PreyAK",NA
"2037","pinkSalmon_2025","pinkSalmon_2025","pinkSalmon_2025","Asia and North America_Asia and North America_fish_146","prey",2008-01-01,331.6,331.6,331.6,0.616433017604505,"14.CompAK_0","PreyAK","14.CompAK_0","PreyAK",NA
"2038","pinkSalmon_2025","pinkSalmon_2025","pinkSalmon_2025","Asia and North America_Asia and North America_fish_146","prey",2009-01-01,657.6,657.6,657.6,1.13941489725951,"14.CompAK_0","PreyAK","14.CompAK_0","PreyAK",NA
"2039","pinkSalmon_2025","pinkSalmon_2025","pinkSalmon_2025","Asia and North America_Asia and North America_fish_146","prey",2010-01-01,410.3,410.3,410.3,0.921342658971575,"14.CompAK_0","PreyAK","14.CompAK_0","PreyAK",NA
"2040","pinkSalmon_2025","pinkSalmon_2025","pinkSalmon_2025","Asia and North America_Asia and North America_fish_146","prey",2011-01-01,654.9,654.9,654.9,1.23841513873989,"14.CompAK_0","PreyAK","14.CompAK_0","PreyAK",NA
"2041","pinkSalmon_2025","pinkSalmon_2025","pinkSalmon_2025","Asia and North America_Asia and North America_fish_146","prey",2012-01-01,437.6,437.6,437.6,0.929748064328603,"14.CompAK_0","PreyAK","14.CompAK_0","PreyAK",NA
"2042","pinkSalmon_2025","pinkSalmon_2025","pinkSalmon_2025","Asia and North America_Asia and North America_fish_146","prey",2013-01-01,578.3,578.3,578.3,0.999675188025142,"14.CompAK_0","PreyAK","14.CompAK_0","PreyAK",NA
"2043","pinkSalmon_2025","pinkSalmon_2025","pinkSalmon_2025","Asia and North America_Asia and North America_fish_146","prey",2014-01-01,359.3,359.3,359.3,0.667966172336405,"14.CompAK_0","PreyAK","14.CompAK_0","PreyAK",NA
"2044","pinkSalmon_2025","pinkSalmon_2025","pinkSalmon_2025","Asia and North America_Asia and North America_fish_146","prey",2015-01-01,552.7,552.7,552.7,0.926184808969043,"14.CompAK_0","PreyAK","14.CompAK_0","PreyAK",NA
"2045","pinkSalmon_2025","pinkSalmon_2025","pinkSalmon_2025","Asia and North America_Asia and North America_fish_146","prey",2016-01-01,432.1,432.1,432.1,0.863960871769083,"14.CompAK_0","PreyAK","14.CompAK_0","PreyAK",NA
"2046","pinkSalmon_2025","pinkSalmon_2025","pinkSalmon_2025","Asia and North America_Asia and North America_fish_146","prey",2017-01-01,512.8,512.8,512.8,1.14777681884197,"14.CompAK_0","PreyAK","14.CompAK_0","PreyAK",NA
"2047","pinkSalmon_2025","pinkSalmon_2025","pinkSalmon_2025","Asia and North America_Asia and North America_fish_146","prey",2018-01-01,701.3,701.3,701.3,1.57383163124776,"14.CompAK_0","PreyAK","14.CompAK_0","PreyAK",NA
"2048","pinkSalmon_2025","pinkSalmon_2025","pinkSalmon_2025","Asia and North America_Asia and North America_fish_146","prey",2019-01-01,638.8,638.8,638.8,1.42919873237843,"14.CompAK_0","PreyAK","14.CompAK_0","PreyAK",NA
"2049","pinkSalmon_2025","pinkSalmon_2025","pinkSalmon_2025","Asia and North America_Asia and North America_fish_146","prey",2020-01-01,313.6,313.6,313.6,0.94689157250714,"14.CompAK_0","PreyAK","14.CompAK_0","PreyAK",NA
"2050","pinkSalmon_2025","pinkSalmon_2025","pinkSalmon_2025","Asia and North America_Asia and North America_fish_146","prey",2021-01-01,797.7,797.7,797.7,1.60957247562097,"14.CompAK_0","PreyAK","14.CompAK_0","PreyAK",NA
"2051","pinkSalmon_2025","pinkSalmon_2025","pinkSalmon_2025","Asia and North America_Asia and North America_fish_146","prey",2022-01-01,299.1,299.1,299.1,1.15482478291546,"14.CompAK_0","PreyAK","14.CompAK_0","PreyAK",NA
"2052","pinkSalmon_2025","pinkSalmon_2025","pinkSalmon_2025","Asia and North America_Asia and North America_fish_146","prey",2023-01-01,863.8,863.8,863.8,2.14061231660446,"14.CompAK_0","PreyAK","14.CompAK_0","PreyAK",NA
"2053","pinkSalmonAsia_2025","pinkSalmon_2025","pinkSalmonAsia_2025","Asia_Asia_fish_144","prey",1952-01-01,142.2,142.2,142.2,-0.392415828271547,"14.CompAK","PreyAK","14.CompAK","PreyAK",NA
"2054","pinkSalmonAsia_2025","pinkSalmon_2025","pinkSalmonAsia_2025","Asia_Asia_fish_144","prey",1953-01-01,281.6,281.6,281.6,-0.0230126437160492,"14.CompAK","PreyAK","14.CompAK","PreyAK",NA
"2055","pinkSalmonAsia_2025","pinkSalmon_2025","pinkSalmonAsia_2025","Asia_Asia_fish_144","prey",1954-01-01,120.9,120.9,120.9,-0.270351247367969,"14.CompAK","PreyAK","14.CompAK","PreyAK",NA
"2056","pinkSalmonAsia_2025","pinkSalmon_2025","pinkSalmonAsia_2025","Asia_Asia_fish_144","prey",1955-01-01,228.5,228.5,228.5,-0.0320210104399524,"14.CompAK","PreyAK","14.CompAK","PreyAK",NA
"2057","pinkSalmonAsia_2025","pinkSalmon_2025","pinkSalmonAsia_2025","Asia_Asia_fish_144","prey",1956-01-01,198.1,198.1,198.1,0.0265558621138403,"14.CompAK","PreyAK","14.CompAK","PreyAK",NA
"2058","pinkSalmonAsia_2025","pinkSalmon_2025","pinkSalmonAsia_2025","Asia_Asia_fish_144","prey",1957-01-01,318.8,318.8,318.8,0.219291505237705,"14.CompAK","PreyAK","14.CompAK","PreyAK",NA
"2059","pinkSalmonAsia_2025","pinkSalmon_2025","pinkSalmonAsia_2025","Asia_Asia_fish_144","prey",1958-01-01,131.1,131.1,131.1,-0.274860219869945,"14.CompAK","PreyAK","14.CompAK","PreyAK",NA
"2060","pinkSalmonAsia_2025","pinkSalmon_2025","pinkSalmonAsia_2025","Asia_Asia_fish_144","prey",1959-01-01,200.3,200.3,200.3,-0.373523776780659,"14.CompAK","PreyAK","14.CompAK","PreyAK",NA
"2061","pinkSalmonAsia_2025","pinkSalmon_2025","pinkSalmonAsia_2025","Asia_Asia_fish_144","prey",1960-01-01,82,82,82,-0.75658641179406,"14.CompAK","PreyAK","14.CompAK","PreyAK",NA
"2062","pinkSalmonAsia_2025","pinkSalmon_2025","pinkSalmonAsia_2025","Asia_Asia_fish_144","prey",1961-01-01,126.3,126.3,126.3,-0.813487025028927,"14.CompAK","PreyAK","14.CompAK","PreyAK",NA
"2063","pinkSalmonAsia_2025","pinkSalmon_2025","pinkSalmonAsia_2025","Asia_Asia_fish_144","prey",1962-01-01,60.3,60.3,60.3,-0.97321018116418,"14.CompAK","PreyAK","14.CompAK","PreyAK",NA
"2064","pinkSalmonAsia_2025","pinkSalmon_2025","pinkSalmonAsia_2025","Asia_Asia_fish_144","prey",1963-01-01,143.1,143.1,143.1,-0.841132742987272,"14.CompAK","PreyAK","14.CompAK","PreyAK",NA
"2065","pinkSalmonAsia_2025","pinkSalmon_2025","pinkSalmonAsia_2025","Asia_Asia_fish_144","prey",1964-01-01,57.3,57.3,57.3,-0.9806298948849,"14.CompAK","PreyAK","14.CompAK","PreyAK",NA
"2066","pinkSalmonAsia_2025","pinkSalmon_2025","pinkSalmonAsia_2025","Asia_Asia_fish_144","prey",1965-01-01,147.5,147.5,147.5,-0.810548607402549,"14.CompAK","PreyAK","14.CompAK","PreyAK",NA
"2067","pinkSalmonAsia_2025","pinkSalmon_2025","pinkSalmonAsia_2025","Asia_Asia_fish_144","prey",1966-01-01,71.8,71.8,71.8,-0.918414193966533,"14.CompAK","PreyAK","14.CompAK","PreyAK",NA
"2068","pinkSalmonAsia_2025","pinkSalmon_2025","pinkSalmonAsia_2025","Asia_Asia_fish_144","prey",1967-01-01,151.4,151.4,151.4,-0.776273841043431,"14.CompAK","PreyAK","14.CompAK","PreyAK",NA
"2069","pinkSalmonAsia_2025","pinkSalmon_2025","pinkSalmonAsia_2025","Asia_Asia_fish_144","prey",1968-01-01,65.8,65.8,65.8,-0.910562422232642,"14.CompAK","PreyAK","14.CompAK","PreyAK",NA
"2070","pinkSalmonAsia_2025","pinkSalmon_2025","pinkSalmonAsia_2025","Asia_Asia_fish_144","prey",1969-01-01,166.4,166.4,166.4,-0.736598174623803,"14.CompAK","PreyAK","14.CompAK","PreyAK",NA
"2071","pinkSalmonAsia_2025","pinkSalmon_2025","pinkSalmonAsia_2025","Asia_Asia_fish_144","prey",1970-01-01,62.4,62.4,62.4,-0.925374988650333,"14.CompAK","PreyAK","14.CompAK","PreyAK",NA
"2072","pinkSalmonAsia_2025","pinkSalmon_2025","pinkSalmonAsia_2025","Asia_Asia_fish_144","prey",1971-01-01,148,148,148,-0.792154307002828,"14.CompAK","PreyAK","14.CompAK","PreyAK",NA
"2073","pinkSalmonAsia_2025","pinkSalmon_2025","pinkSalmonAsia_2025","Asia_Asia_fish_144","prey",1972-01-01,73.1,73.1,73.1,-0.92268579213336,"14.CompAK","PreyAK","14.CompAK","PreyAK",NA
"2074","pinkSalmonAsia_2025","pinkSalmon_2025","pinkSalmonAsia_2025","Asia_Asia_fish_144","prey",1973-01-01,121.7,121.7,121.7,-0.818401878085332,"14.CompAK","PreyAK","14.CompAK","PreyAK",NA
"2075","pinkSalmonAsia_2025","pinkSalmon_2025","pinkSalmonAsia_2025","Asia_Asia_fish_144","prey",1974-01-01,91.6,91.6,91.6,-0.783219103185008,"14.CompAK","PreyAK","14.CompAK","PreyAK",NA
"2076","pinkSalmonAsia_2025","pinkSalmon_2025","pinkSalmonAsia_2025","Asia_Asia_fish_144","prey",1975-01-01,180.8,180.8,180.8,-0.529139186020414,"14.CompAK","PreyAK","14.CompAK","PreyAK",NA
"2077","pinkSalmonAsia_2025","pinkSalmon_2025","pinkSalmonAsia_2025","Asia_Asia_fish_144","prey",1976-01-01,118.2,118.2,118.2,-0.551289624072776,"14.CompAK","PreyAK","14.CompAK","PreyAK",NA
"2078","pinkSalmonAsia_2025","pinkSalmon_2025","pinkSalmonAsia_2025","Asia_Asia_fish_144","prey",1977-01-01,212,212,212,-0.346031795340326,"14.CompAK","PreyAK","14.CompAK","PreyAK",NA
"2079","pinkSalmonAsia_2025","pinkSalmon_2025","pinkSalmonAsia_2025","Asia_Asia_fish_144","prey",1978-01-01,113,113,113,-0.495951542545522,"14.CompAK","PreyAK","14.CompAK","PreyAK",NA
"2080","pinkSalmonAsia_2025","pinkSalmon_2025","pinkSalmonAsia_2025","Asia_Asia_fish_144","prey",1979-01-01,212.3,212.3,212.3,-0.319449172871856,"14.CompAK","PreyAK","14.CompAK","PreyAK",NA
"2081","pinkSalmonAsia_2025","pinkSalmon_2025","pinkSalmonAsia_2025","Asia_Asia_fish_144","prey",1980-01-01,127,127,127,-0.474061512546219,"14.CompAK","PreyAK","14.CompAK","PreyAK",NA
"2082","pinkSalmonAsia_2025","pinkSalmon_2025","pinkSalmonAsia_2025","Asia_Asia_fish_144","prey",1981-01-01,174,174,174,-0.397950313022255,"14.CompAK","PreyAK","14.CompAK","PreyAK",NA
"2083","pinkSalmonAsia_2025","pinkSalmon_2025","pinkSalmonAsia_2025","Asia_Asia_fish_144","prey",1982-01-01,113.9,113.9,113.9,-0.409766129129737,"14.CompAK","PreyAK","14.CompAK","PreyAK",NA
"2084","pinkSalmonAsia_2025","pinkSalmon_2025","pinkSalmonAsia_2025","Asia_Asia_fish_144","prey",1983-01-01,292.2,292.2,292.2,-0.0165336825791323,"14.CompAK","PreyAK","14.CompAK","PreyAK",NA
"2085","pinkSalmonAsia_2025","pinkSalmon_2025","pinkSalmonAsia_2025","Asia_Asia_fish_144","prey",1984-01-01,163.8,163.8,163.8,-0.32259543748519,"14.CompAK","PreyAK","14.CompAK","PreyAK",NA
"2086","pinkSalmonAsia_2025","pinkSalmon_2025","pinkSalmonAsia_2025","Asia_Asia_fish_144","prey",1985-01-01,134.9,134.9,134.9,-0.555557632604605,"14.CompAK","PreyAK","14.CompAK","PreyAK",NA
"2087","pinkSalmonAsia_2025","pinkSalmon_2025","pinkSalmonAsia_2025","Asia_Asia_fish_144","prey",1986-01-01,99,99,99,-0.705645980060557,"14.CompAK","PreyAK","14.CompAK","PreyAK",NA
"2088","pinkSalmonAsia_2025","pinkSalmon_2025","pinkSalmonAsia_2025","Asia_Asia_fish_144","prey",1987-01-01,153.3,153.3,153.3,-0.621418040472846,"14.CompAK","PreyAK","14.CompAK","PreyAK",NA
"2089","pinkSalmonAsia_2025","pinkSalmon_2025","pinkSalmonAsia_2025","Asia_Asia_fish_144","prey",1988-01-01,93.2,93.2,93.2,-0.674721688326269,"14.CompAK","PreyAK","14.CompAK","PreyAK",NA
"2090","pinkSalmonAsia_2025","pinkSalmon_2025","pinkSalmonAsia_2025","Asia_Asia_fish_144","prey",1989-01-01,184.6,184.6,184.6,-0.414069477077237,"14.CompAK","PreyAK","14.CompAK","PreyAK",NA
"2091","pinkSalmonAsia_2025","pinkSalmon_2025","pinkSalmonAsia_2025","Asia_Asia_fish_144","prey",1990-01-01,138.1,138.1,138.1,-0.346494819900796,"14.CompAK","PreyAK","14.CompAK","PreyAK",NA
"2092","pinkSalmonAsia_2025","pinkSalmon_2025","pinkSalmonAsia_2025","Asia_Asia_fish_144","prey",1991-01-01,267,267,267,-0.0138608983981872,"14.CompAK","PreyAK","14.CompAK","PreyAK",NA
"2093","pinkSalmonAsia_2025","pinkSalmon_2025","pinkSalmonAsia_2025","Asia_Asia_fish_144","prey",1992-01-01,150.9,150.9,150.9,-0.166188900347589,"14.CompAK","PreyAK","14.CompAK","PreyAK",NA
"2094","pinkSalmonAsia_2025","pinkSalmon_2025","pinkSalmonAsia_2025","Asia_Asia_fish_144","prey",1993-01-01,209.5,209.5,209.5,0.0193386974179586,"14.CompAK","PreyAK","14.CompAK","PreyAK",NA
"2095","pinkSalmonAsia_2025","pinkSalmon_2025","pinkSalmonAsia_2025","Asia_Asia_fish_144","prey",1994-01-01,279.8,279.8,279.8,0.236057177661259,"14.CompAK","PreyAK","14.CompAK","PreyAK",NA
"2096","pinkSalmonAsia_2025","pinkSalmon_2025","pinkSalmonAsia_2025","Asia_Asia_fish_144","prey",1995-01-01,203.4,203.4,203.4,0.110222226347571,"14.CompAK","PreyAK","14.CompAK","PreyAK",NA
"2097","pinkSalmonAsia_2025","pinkSalmon_2025","pinkSalmonAsia_2025","Asia_Asia_fish_144","prey",1996-01-01,222.5,222.5,222.5,0.157696722644606,"14.CompAK","PreyAK","14.CompAK","PreyAK",NA
"2098","pinkSalmonAsia_2025","pinkSalmon_2025","pinkSalmonAsia_2025","Asia_Asia_fish_144","prey",1997-01-01,251.2,251.2,251.2,0.265530705229049,"14.CompAK","PreyAK","14.CompAK","PreyAK",NA
"2099","pinkSalmonAsia_2025","pinkSalmon_2025","pinkSalmonAsia_2025","Asia_Asia_fish_144","prey",1998-01-01,262.5,262.5,262.5,0.300501510941675,"14.CompAK","PreyAK","14.CompAK","PreyAK",NA
"2100","pinkSalmonAsia_2025","pinkSalmon_2025","pinkSalmonAsia_2025","Asia_Asia_fish_144","prey",1999-01-01,233,233,233,0.202669140724959,"14.CompAK","PreyAK","14.CompAK","PreyAK",NA
"2101","pinkSalmonAsia_2025","pinkSalmon_2025","pinkSalmonAsia_2025","Asia_Asia_fish_144","prey",2000-01-01,237.7,237.7,237.7,0.121977219116126,"14.CompAK","PreyAK","14.CompAK","PreyAK",NA
"2102","pinkSalmonAsia_2025","pinkSalmon_2025","pinkSalmonAsia_2025","Asia_Asia_fish_144","prey",2001-01-01,178.3,178.3,178.3,-0.0617423509290322,"14.CompAK","PreyAK","14.CompAK","PreyAK",NA
"2103","pinkSalmonAsia_2025","pinkSalmon_2025","pinkSalmonAsia_2025","Asia_Asia_fish_144","prey",2002-01-01,202.4,202.4,202.4,-0.0332974754426492,"14.CompAK","PreyAK","14.CompAK","PreyAK",NA
"2104","pinkSalmonAsia_2025","pinkSalmon_2025","pinkSalmonAsia_2025","Asia_Asia_fish_144","prey",2003-01-01,223.3,223.3,223.3,0.0333363321270809,"14.CompAK","PreyAK","14.CompAK","PreyAK",NA
"2105","pinkSalmonAsia_2025","pinkSalmon_2025","pinkSalmonAsia_2025","Asia_Asia_fish_144","prey",2004-01-01,171.3,171.3,171.3,0.029249886456417,"14.CompAK","PreyAK","14.CompAK","PreyAK",NA
"2106","pinkSalmonAsia_2025","pinkSalmon_2025","pinkSalmonAsia_2025","Asia_Asia_fish_144","prey",2005-01-01,301.8,301.8,301.8,0.387114427542662,"14.CompAK","PreyAK","14.CompAK","PreyAK",NA
"2107","pinkSalmonAsia_2025","pinkSalmon_2025","pinkSalmonAsia_2025","Asia_Asia_fish_144","prey",2006-01-01,222.2,222.2,222.2,0.368700689170721,"14.CompAK","PreyAK","14.CompAK","PreyAK",NA
"2108","pinkSalmonAsia_2025","pinkSalmon_2025","pinkSalmonAsia_2025","Asia_Asia_fish_144","prey",2007-01-01,320.2,320.2,320.2,0.624170159491156,"14.CompAK","PreyAK","14.CompAK","PreyAK",NA
"2109","pinkSalmonAsia_2025","pinkSalmon_2025","pinkSalmonAsia_2025","Asia_Asia_fish_144","prey",2008-01-01,201,201,201,0.585872055065543,"14.CompAK","PreyAK","14.CompAK","PreyAK",NA
"2110","pinkSalmonAsia_2025","pinkSalmon_2025","pinkSalmonAsia_2025","Asia_Asia_fish_144","prey",2009-01-01,467.3,467.3,467.3,1.21669127399945,"14.CompAK","PreyAK","14.CompAK","PreyAK",NA
"2111","pinkSalmonAsia_2025","pinkSalmon_2025","pinkSalmonAsia_2025","Asia_Asia_fish_144","prey",2010-01-01,246.7,246.7,246.7,0.91074373343104,"14.CompAK","PreyAK","14.CompAK","PreyAK",NA
"2112","pinkSalmonAsia_2025","pinkSalmon_2025","pinkSalmonAsia_2025","Asia_Asia_fish_144","prey",2011-01-01,439.6,439.6,439.6,1.21494238237561,"14.CompAK","PreyAK","14.CompAK","PreyAK",NA
"2113","pinkSalmonAsia_2025","pinkSalmon_2025","pinkSalmonAsia_2025","Asia_Asia_fish_144","prey",2012-01-01,315.6,315.6,315.6,0.813282839674826,"14.CompAK","PreyAK","14.CompAK","PreyAK",NA
"2114","pinkSalmonAsia_2025","pinkSalmon_2025","pinkSalmonAsia_2025","Asia_Asia_fish_144","prey",2013-01-01,210.2,210.2,210.2,0.345604659220755,"14.CompAK","PreyAK","14.CompAK","PreyAK",NA
"2115","pinkSalmonAsia_2025","pinkSalmon_2025","pinkSalmonAsia_2025","Asia_Asia_fish_144","prey",2014-01-01,193.1,193.1,193.1,0.229503892663241,"14.CompAK","PreyAK","14.CompAK","PreyAK",NA
"2116","pinkSalmonAsia_2025","pinkSalmon_2025","pinkSalmonAsia_2025","Asia_Asia_fish_144","prey",2015-01-01,250.1,250.1,250.1,0.492505858539428,"14.CompAK","PreyAK","14.CompAK","PreyAK",NA
"2117","pinkSalmonAsia_2025","pinkSalmon_2025","pinkSalmonAsia_2025","Asia_Asia_fish_144","prey",2016-01-01,335.2,335.2,335.2,0.918858905743309,"14.CompAK","PreyAK","14.CompAK","PreyAK",NA
"2118","pinkSalmonAsia_2025","pinkSalmon_2025","pinkSalmonAsia_2025","Asia_Asia_fish_144","prey",2017-01-01,286.7,286.7,286.7,1.22014533051061,"14.CompAK","PreyAK","14.CompAK","PreyAK",NA
"2119","pinkSalmonAsia_2025","pinkSalmon_2025","pinkSalmonAsia_2025","Asia_Asia_fish_144","prey",2018-01-01,614.3,614.3,614.3,2.10501209135665,"14.CompAK","PreyAK","14.CompAK","PreyAK",NA
"2120","pinkSalmonAsia_2025","pinkSalmon_2025","pinkSalmonAsia_2025","Asia_Asia_fish_144","prey",2019-01-01,435.6,435.6,435.6,1.70675252941927,"14.CompAK","PreyAK","14.CompAK","PreyAK",NA
"2121","pinkSalmonAsia_2025","pinkSalmon_2025","pinkSalmonAsia_2025","Asia_Asia_fish_144","prey",2020-01-01,202.3,202.3,202.3,1.12804166793158,"14.CompAK","PreyAK","14.CompAK","PreyAK",NA
"2122","pinkSalmonAsia_2025","pinkSalmon_2025","pinkSalmonAsia_2025","Asia_Asia_fish_144","prey",2021-01-01,548.4,548.4,548.4,1.74969880052776,"14.CompAK","PreyAK","14.CompAK","PreyAK",NA
"2123","pinkSalmonAsia_2025","pinkSalmon_2025","pinkSalmonAsia_2025","Asia_Asia_fish_144","prey",2022-01-01,179.9,179.9,179.9,1.28642269423315,"14.CompAK","PreyAK","14.CompAK","PreyAK",NA
"2124","pinkSalmonAsia_2025","pinkSalmon_2025","pinkSalmonAsia_2025","Asia_Asia_fish_144","prey",2023-01-01,622.1,622.1,622.1,2.3700373806117,"14.CompAK","PreyAK","14.CompAK","PreyAK",NA
"2125","pinkSalmonNorthAmerica_2025","pinkSalmon_2025","pinkSalmonNorthAmerica_2025","North America_North America_fish_145","prey",1952-01-01,55.8,55.8,55.8,-1.05654491583116,"14.CompAK_1","PreyAK","14.CompAK_1","PreyAK",NA
"2126","pinkSalmonNorthAmerica_2025","pinkSalmon_2025","pinkSalmonNorthAmerica_2025","North America_North America_fish_145","prey",1953-01-01,54.9,54.9,54.9,-1.04947711235081,"14.CompAK_1","PreyAK","14.CompAK_1","PreyAK",NA
"2127","pinkSalmonNorthAmerica_2025","pinkSalmon_2025","pinkSalmonNorthAmerica_2025","North America_North America_fish_145","prey",1954-01-01,58.9,58.9,58.9,-1.01983286166813,"14.CompAK_1","PreyAK","14.CompAK_1","PreyAK",NA
"2128","pinkSalmonNorthAmerica_2025","pinkSalmon_2025","pinkSalmonNorthAmerica_2025","North America_North America_fish_145","prey",1955-01-01,65.9,65.9,65.9,-0.991188988575125,"14.CompAK_1","PreyAK","14.CompAK_1","PreyAK",NA
"2129","pinkSalmonNorthAmerica_2025","pinkSalmon_2025","pinkSalmonNorthAmerica_2025","North America_North America_fish_145","prey",1956-01-01,62.7,62.7,62.7,-1.0280385020595,"14.CompAK_1","PreyAK","14.CompAK_1","PreyAK",NA
"2130","pinkSalmonNorthAmerica_2025","pinkSalmon_2025","pinkSalmonNorthAmerica_2025","North America_North America_fish_145","prey",1957-01-01,43.2,43.2,43.2,-1.12465405522586,"14.CompAK_1","PreyAK","14.CompAK_1","PreyAK",NA
"2131","pinkSalmonNorthAmerica_2025","pinkSalmon_2025","pinkSalmonNorthAmerica_2025","North America_North America_fish_145","prey",1958-01-01,55.9,55.9,55.9,-1.1181984583015,"14.CompAK_1","PreyAK","14.CompAK_1","PreyAK",NA
"2132","pinkSalmonNorthAmerica_2025","pinkSalmon_2025","pinkSalmonNorthAmerica_2025","North America_North America_fish_145","prey",1959-01-01,39.7,39.7,39.7,-1.17119302899415,"14.CompAK_1","PreyAK","14.CompAK_1","PreyAK",NA
"2133","pinkSalmonNorthAmerica_2025","pinkSalmon_2025","pinkSalmonNorthAmerica_2025","North America_North America_fish_145","prey",1960-01-01,43.1,43.1,43.1,-1.12108698232401,"14.CompAK_1","PreyAK","14.CompAK_1","PreyAK",NA
"2134","pinkSalmonNorthAmerica_2025","pinkSalmon_2025","pinkSalmonNorthAmerica_2025","North America_North America_fish_145","prey",1961-01-01,55.8,55.8,55.8,-0.963012185774409,"14.CompAK_1","PreyAK","14.CompAK_1","PreyAK",NA
"2135","pinkSalmonNorthAmerica_2025","pinkSalmon_2025","pinkSalmonNorthAmerica_2025","North America_North America_fish_145","prey",1962-01-01,102.6,102.6,102.6,-0.70787075742788,"14.CompAK_1","PreyAK","14.CompAK_1","PreyAK",NA
"2136","pinkSalmonNorthAmerica_2025","pinkSalmon_2025","pinkSalmonNorthAmerica_2025","North America_North America_fish_145","prey",1963-01-01,81.1,81.1,81.1,-0.72320785199174,"14.CompAK_1","PreyAK","14.CompAK_1","PreyAK",NA
"2137","pinkSalmonNorthAmerica_2025","pinkSalmon_2025","pinkSalmonNorthAmerica_2025","North America_North America_fish_145","prey",1964-01-01,88.9,88.9,88.9,-0.738297283353402,"14.CompAK_1","PreyAK","14.CompAK_1","PreyAK",NA
"2138","pinkSalmonNorthAmerica_2025","pinkSalmon_2025","pinkSalmonNorthAmerica_2025","North America_North America_fish_145","prey",1965-01-01,57.6,57.6,57.6,-0.87200958005017,"14.CompAK_1","PreyAK","14.CompAK_1","PreyAK",NA
"2139","pinkSalmonNorthAmerica_2025","pinkSalmon_2025","pinkSalmonNorthAmerica_2025","North America_North America_fish_145","prey",1966-01-01,89.3,89.3,89.3,-0.841602123189382,"14.CompAK_1","PreyAK","14.CompAK_1","PreyAK",NA
"2140","pinkSalmonNorthAmerica_2025","pinkSalmon_2025","pinkSalmonNorthAmerica_2025","North America_North America_fish_145","prey",1967-01-01,23.9,23.9,23.9,-1.03844447904715,"14.CompAK_1","PreyAK","14.CompAK_1","PreyAK",NA
"2141","pinkSalmonNorthAmerica_2025","pinkSalmon_2025","pinkSalmonNorthAmerica_2025","North America_North America_fish_145","prey",1968-01-01,106.3,106.3,106.3,-0.789214419470091,"14.CompAK_1","PreyAK","14.CompAK_1","PreyAK",NA
"2142","pinkSalmonNorthAmerica_2025","pinkSalmon_2025","pinkSalmonNorthAmerica_2025","North America_North America_fish_145","prey",1969-01-01,54.3,54.3,54.3,-0.94103603965972,"14.CompAK_1","PreyAK","14.CompAK_1","PreyAK",NA
"2143","pinkSalmonNorthAmerica_2025","pinkSalmon_2025","pinkSalmonNorthAmerica_2025","North America_North America_fish_145","prey",1970-01-01,69.8,69.8,69.8,-0.953856978634726,"14.CompAK_1","PreyAK","14.CompAK_1","PreyAK",NA
"2144","pinkSalmonNorthAmerica_2025","pinkSalmon_2025","pinkSalmonNorthAmerica_2025","North America_North America_fish_145","prey",1971-01-01,54.8,54.8,54.8,-1.04672984283453,"14.CompAK_1","PreyAK","14.CompAK_1","PreyAK",NA
"2145","pinkSalmonNorthAmerica_2025","pinkSalmon_2025","pinkSalmonNorthAmerica_2025","North America_North America_fish_145","prey",1972-01-01,53.1,53.1,53.1,-1.11294846342885,"14.CompAK_1","PreyAK","14.CompAK_1","PreyAK",NA
"2146","pinkSalmonNorthAmerica_2025","pinkSalmon_2025","pinkSalmonNorthAmerica_2025","North America_North America_fish_145","prey",1973-01-01,36.9,36.9,36.9,-1.19611250393527,"14.CompAK_1","PreyAK","14.CompAK_1","PreyAK",NA
"2147","pinkSalmonNorthAmerica_2025","pinkSalmon_2025","pinkSalmonNorthAmerica_2025","North America_North America_fish_145","prey",1974-01-01,42.4,42.4,42.4,-1.16384064918772,"14.CompAK_1","PreyAK","14.CompAK_1","PreyAK",NA
"2148","pinkSalmonNorthAmerica_2025","pinkSalmon_2025","pinkSalmonNorthAmerica_2025","North America_North America_fish_145","prey",1975-01-01,47.4,47.4,47.4,-1.05704002321635,"14.CompAK_1","PreyAK","14.CompAK_1","PreyAK",NA
"2149","pinkSalmonNorthAmerica_2025","pinkSalmon_2025","pinkSalmonNorthAmerica_2025","North America_North America_fish_145","prey",1976-01-01,80.8,80.8,80.8,-0.835436344393148,"14.CompAK_1","PreyAK","14.CompAK_1","PreyAK",NA
"2150","pinkSalmonNorthAmerica_2025","pinkSalmon_2025","pinkSalmonNorthAmerica_2025","North America_North America_fish_145","prey",1977-01-01,67.2,67.2,67.2,-0.721821914108557,"14.CompAK_1","PreyAK","14.CompAK_1","PreyAK",NA
"2151","pinkSalmonNorthAmerica_2025","pinkSalmon_2025","pinkSalmonNorthAmerica_2025","North America_North America_fish_145","prey",1978-01-01,121.1,121.1,121.1,-0.421630645464047,"14.CompAK_1","PreyAK","14.CompAK_1","PreyAK",NA
"2152","pinkSalmonNorthAmerica_2025","pinkSalmon_2025","pinkSalmonNorthAmerica_2025","North America_North America_fish_145","prey",1979-01-01,107.6,107.6,107.6,-0.351825261836521,"14.CompAK_1","PreyAK","14.CompAK_1","PreyAK",NA
"2153","pinkSalmonNorthAmerica_2025","pinkSalmon_2025","pinkSalmonNorthAmerica_2025","North America_North America_fish_145","prey",1980-01-01,117.5,117.5,117.5,-0.262979249871383,"14.CompAK_1","PreyAK","14.CompAK_1","PreyAK",NA
"2154","pinkSalmonNorthAmerica_2025","pinkSalmon_2025","pinkSalmonNorthAmerica_2025","North America_North America_fish_145","prey",1981-01-01,123.9,123.9,123.9,-0.197968759403347,"14.CompAK_1","PreyAK","14.CompAK_1","PreyAK",NA
"2155","pinkSalmonNorthAmerica_2025","pinkSalmon_2025","pinkSalmonNorthAmerica_2025","North America_North America_fish_145","prey",1982-01-01,109.3,109.3,109.3,-0.176937020723876,"14.CompAK_1","PreyAK","14.CompAK_1","PreyAK",NA
"2156","pinkSalmonNorthAmerica_2025","pinkSalmon_2025","pinkSalmonNorthAmerica_2025","North America_North America_fish_145","prey",1983-01-01,138.8,138.8,138.8,0.0154046303291085,"14.CompAK_1","PreyAK","14.CompAK_1","PreyAK",NA
"2157","pinkSalmonNorthAmerica_2025","pinkSalmon_2025","pinkSalmonNorthAmerica_2025","North America_North America_fish_145","prey",1984-01-01,145,145,145,0.178892413182772,"14.CompAK_1","PreyAK","14.CompAK_1","PreyAK",NA
"2158","pinkSalmonNorthAmerica_2025","pinkSalmon_2025","pinkSalmonNorthAmerica_2025","North America_North America_fish_145","prey",1985-01-01,191.4,191.4,191.4,0.394521443705013,"14.CompAK_1","PreyAK","14.CompAK_1","PreyAK",NA
"2159","pinkSalmonNorthAmerica_2025","pinkSalmon_2025","pinkSalmonNorthAmerica_2025","North America_North America_fish_145","prey",1986-01-01,162.7,162.7,162.7,0.260556276911697,"14.CompAK_1","PreyAK","14.CompAK_1","PreyAK",NA
"2160","pinkSalmonNorthAmerica_2025","pinkSalmon_2025","pinkSalmonNorthAmerica_2025","North America_North America_fish_145","prey",1987-01-01,117,117,117,0.0248929625403907,"14.CompAK_1","PreyAK","14.CompAK_1","PreyAK",NA
"2161","pinkSalmonNorthAmerica_2025","pinkSalmon_2025","pinkSalmonNorthAmerica_2025","North America_North America_fish_145","prey",1988-01-01,119,119,119,0.0599189735180924,"14.CompAK_1","PreyAK","14.CompAK_1","PreyAK",NA
"2162","pinkSalmonNorthAmerica_2025","pinkSalmon_2025","pinkSalmonNorthAmerica_2025","North America_North America_fish_145","prey",1989-01-01,179.8,179.8,179.8,0.37404978308516,"14.CompAK_1","PreyAK","14.CompAK_1","PreyAK",NA
"2163","pinkSalmonNorthAmerica_2025","pinkSalmon_2025","pinkSalmonNorthAmerica_2025","North America_North America_fish_145","prey",1990-01-01,164.9,164.9,164.9,0.472455853593411,"14.CompAK_1","PreyAK","14.CompAK_1","PreyAK",NA
"2164","pinkSalmonNorthAmerica_2025","pinkSalmon_2025","pinkSalmonNorthAmerica_2025","North America_North America_fish_145","prey",1991-01-01,219,219,219,0.651791761694308,"14.CompAK_1","PreyAK","14.CompAK_1","PreyAK",NA
"2165","pinkSalmonNorthAmerica_2025","pinkSalmon_2025","pinkSalmonNorthAmerica_2025","North America_North America_fish_145","prey",1992-01-01,126.3,126.3,126.3,0.3715783696936,"14.CompAK_1","PreyAK","14.CompAK_1","PreyAK",NA
"2166","pinkSalmonNorthAmerica_2025","pinkSalmon_2025","pinkSalmonNorthAmerica_2025","North America_North America_fish_145","prey",1993-01-01,189.1,189.1,189.1,0.585000709716461,"14.CompAK_1","PreyAK","14.CompAK_1","PreyAK",NA
"2167","pinkSalmonNorthAmerica_2025","pinkSalmon_2025","pinkSalmonNorthAmerica_2025","North America_North America_fish_145","prey",1994-01-01,173.9,173.9,173.9,0.669910236833158,"14.CompAK_1","PreyAK","14.CompAK_1","PreyAK",NA
"2168","pinkSalmonNorthAmerica_2025","pinkSalmon_2025","pinkSalmonNorthAmerica_2025","North America_North America_fish_145","prey",1995-01-01,231.5,231.5,231.5,0.913456564964201,"14.CompAK_1","PreyAK","14.CompAK_1","PreyAK",NA
"2169","pinkSalmonNorthAmerica_2025","pinkSalmon_2025","pinkSalmonNorthAmerica_2025","North America_North America_fish_145","prey",1996-01-01,201.7,201.7,201.7,0.792802535405132,"14.CompAK_1","PreyAK","14.CompAK_1","PreyAK",NA
"2170","pinkSalmonNorthAmerica_2025","pinkSalmon_2025","pinkSalmonNorthAmerica_2025","North America_North America_fish_145","prey",1997-01-01,150.8,150.8,150.8,0.583791130883306,"14.CompAK_1","PreyAK","14.CompAK_1","PreyAK",NA
"2171","pinkSalmonNorthAmerica_2025","pinkSalmon_2025","pinkSalmonNorthAmerica_2025","North America_North America_fish_145","prey",1998-01-01,181.1,181.1,181.1,0.754649132292294,"14.CompAK_1","PreyAK","14.CompAK_1","PreyAK",NA
"2172","pinkSalmonNorthAmerica_2025","pinkSalmon_2025","pinkSalmonNorthAmerica_2025","North America_North America_fish_145","prey",1999-01-01,268,268,268,1.07308489432033,"14.CompAK_1","PreyAK","14.CompAK_1","PreyAK",NA
"2173","pinkSalmonNorthAmerica_2025","pinkSalmon_2025","pinkSalmonNorthAmerica_2025","North America_North America_fish_145","prey",2000-01-01,144.1,144.1,144.1,0.701306314307852,"14.CompAK_1","PreyAK","14.CompAK_1","PreyAK",NA
"2174","pinkSalmonNorthAmerica_2025","pinkSalmon_2025","pinkSalmonNorthAmerica_2025","North America_North America_fish_145","prey",2001-01-01,223.5,223.5,223.5,0.916057625070838,"14.CompAK_1","PreyAK","14.CompAK_1","PreyAK",NA
"2175","pinkSalmonNorthAmerica_2025","pinkSalmon_2025","pinkSalmonNorthAmerica_2025","North America_North America_fish_145","prey",2002-01-01,180.5,180.5,180.5,0.875651789199725,"14.CompAK_1","PreyAK","14.CompAK_1","PreyAK",NA
"2176","pinkSalmonNorthAmerica_2025","pinkSalmon_2025","pinkSalmonNorthAmerica_2025","North America_North America_fish_145","prey",2003-01-01,243,243,243,1.11180953217629,"14.CompAK_1","PreyAK","14.CompAK_1","PreyAK",NA
"2177","pinkSalmonNorthAmerica_2025","pinkSalmon_2025","pinkSalmonNorthAmerica_2025","North America_North America_fish_145","prey",2004-01-01,190,190,190,1.02910929268511,"14.CompAK_1","PreyAK","14.CompAK_1","PreyAK",NA
"2178","pinkSalmonNorthAmerica_2025","pinkSalmon_2025","pinkSalmonNorthAmerica_2025","North America_North America_fish_145","prey",2005-01-01,292.7,292.7,292.7,1.2500300812746,"14.CompAK_1","PreyAK","14.CompAK_1","PreyAK",NA
"2179","pinkSalmonNorthAmerica_2025","pinkSalmon_2025","pinkSalmonNorthAmerica_2025","North America_North America_fish_145","prey",2006-01-01,125.4,125.4,125.4,0.629041573721668,"14.CompAK_1","PreyAK","14.CompAK_1","PreyAK",NA
"2180","pinkSalmonNorthAmerica_2025","pinkSalmon_2025","pinkSalmonNorthAmerica_2025","North America_North America_fish_145","prey",2007-01-01,229.8,229.8,229.8,0.771126744202176,"14.CompAK_1","PreyAK","14.CompAK_1","PreyAK",NA
"2181","pinkSalmonNorthAmerica_2025","pinkSalmon_2025","pinkSalmonNorthAmerica_2025","North America_North America_fish_145","prey",2008-01-01,130.6,130.6,130.6,0.429300693307289,"14.CompAK_1","PreyAK","14.CompAK_1","PreyAK",NA
"2182","pinkSalmonNorthAmerica_2025","pinkSalmon_2025","pinkSalmonNorthAmerica_2025","North America_North America_fish_145","prey",2009-01-01,190.3,190.3,190.3,0.581620041914373,"14.CompAK_1","PreyAK","14.CompAK_1","PreyAK",NA
"2183","pinkSalmonNorthAmerica_2025","pinkSalmon_2025","pinkSalmonNorthAmerica_2025","North America_North America_fish_145","prey",2010-01-01,163.6,163.6,163.6,0.586079587170798,"14.CompAK_1","PreyAK","14.CompAK_1","PreyAK",NA
"2184","pinkSalmonNorthAmerica_2025","pinkSalmon_2025","pinkSalmonNorthAmerica_2025","North America_North America_fish_145","prey",2011-01-01,215.3,215.3,215.3,0.802389553126529,"14.CompAK_1","PreyAK","14.CompAK_1","PreyAK",NA
"2185","pinkSalmonNorthAmerica_2025","pinkSalmon_2025","pinkSalmonNorthAmerica_2025","North America_North America_fish_145","prey",2012-01-01,122,122,122,0.758977505226962,"14.CompAK_1","PreyAK","14.CompAK_1","PreyAK",NA
"2186","pinkSalmonNorthAmerica_2025","pinkSalmon_2025","pinkSalmonNorthAmerica_2025","North America_North America_fish_145","prey",2013-01-01,368.1,368.1,368.1,1.65381298101962,"14.CompAK_1","PreyAK","14.CompAK_1","PreyAK",NA
"2187","pinkSalmonNorthAmerica_2025","pinkSalmon_2025","pinkSalmonNorthAmerica_2025","North America_North America_fish_145","prey",2014-01-01,166.2,166.2,166.2,1.10730478771699,"14.CompAK_1","PreyAK","14.CompAK_1","PreyAK",NA
"2188","pinkSalmonNorthAmerica_2025","pinkSalmon_2025","pinkSalmonNorthAmerica_2025","North America_North America_fish_145","prey",2015-01-01,302.6,302.6,302.6,1.25927851660133,"14.CompAK_1","PreyAK","14.CompAK_1","PreyAK",NA
"2189","pinkSalmonNorthAmerica_2025","pinkSalmon_2025","pinkSalmonNorthAmerica_2025","North America_North America_fish_145","prey",2016-01-01,96.9,96.9,96.9,0.446869222870114,"14.CompAK_1","PreyAK","14.CompAK_1","PreyAK",NA
"2190","pinkSalmonNorthAmerica_2025","pinkSalmon_2025","pinkSalmonNorthAmerica_2025","North America_North America_fish_145","prey",2017-01-01,226.1,226.1,226.1,0.594561419077935,"14.CompAK_1","PreyAK","14.CompAK_1","PreyAK",NA
"2191","pinkSalmonNorthAmerica_2025","pinkSalmon_2025","pinkSalmonNorthAmerica_2025","North America_North America_fish_145","prey",2018-01-01,87,87,87,0.131006563600208,"14.CompAK_1","PreyAK","14.CompAK_1","PreyAK",NA
"2192","pinkSalmonNorthAmerica_2025","pinkSalmon_2025","pinkSalmonNorthAmerica_2025","North America_North America_fish_145","prey",2019-01-01,203.2,203.2,203.2,0.443412700591461,"14.CompAK_1","PreyAK","14.CompAK_1","PreyAK",NA
"2193","pinkSalmonNorthAmerica_2025","pinkSalmon_2025","pinkSalmonNorthAmerica_2025","North America_North America_fish_145","prey",2020-01-01,111.3,111.3,111.3,0.298113724503277,"14.CompAK_1","PreyAK","14.CompAK_1","PreyAK",NA
"2194","pinkSalmonNorthAmerica_2025","pinkSalmon_2025","pinkSalmonNorthAmerica_2025","North America_North America_fish_145","prey",2021-01-01,249.3,249.3,249.3,0.772564868278418,"14.CompAK_1","PreyAK","14.CompAK_1","PreyAK",NA
"2195","pinkSalmonNorthAmerica_2025","pinkSalmon_2025","pinkSalmonNorthAmerica_2025","North America_North America_fish_145","prey",2022-01-01,119.2,119.2,119.2,0.505090171815304,"14.CompAK_1","PreyAK","14.CompAK_1","PreyAK",NA
"2196","pinkSalmonNorthAmerica_2025","pinkSalmon_2025","pinkSalmonNorthAmerica_2025","North America_North America_fish_145","prey",2023-01-01,241.7,241.7,241.7,0.959230418465035,"14.CompAK_1","PreyAK","14.CompAK_1","PreyAK",NA
"2197","anchovy_gam","data_2025","anchovy_GAM_2025","CC_NCC_fish_172","",1998-01-01,0.249797622366195,0.249797622366195,0.249797622366195,-0.867154257409658,"05.ForageFishNCC_0","PreyNCC","05.ForageFishNCC_0","PreyNCC",NA
"2198","anchovy_gam","data_2025","anchovy_GAM_2025","CC_NCC_fish_172","",1999-01-01,0.264868609387421,0.264868609387421,0.264868609387421,-0.79814255227969,"05.ForageFishNCC_0","PreyNCC","05.ForageFishNCC_0","PreyNCC",NA
"2199","anchovy_gam","data_2025","anchovy_GAM_2025","CC_NCC_fish_172","",2000-01-01,0.309915773277987,0.309915773277987,0.309915773277987,-0.69309610906936,"05.ForageFishNCC_0","PreyNCC","05.ForageFishNCC_0","PreyNCC",NA
"2200","anchovy_gam","data_2025","anchovy_GAM_2025","CC_NCC_fish_172","",2001-01-01,0.292623406325786,0.292623406325786,0.292623406325786,-0.648674559339324,"05.ForageFishNCC_0","PreyNCC","05.ForageFishNCC_0","PreyNCC",NA
"2201","anchovy_gam","data_2025","anchovy_GAM_2025","CC_NCC_fish_172","",2002-01-01,0.315115077374843,0.315115077374843,0.315115077374843,-0.543026940269272,"05.ForageFishNCC_0","PreyNCC","05.ForageFishNCC_0","PreyNCC",NA
"2202","anchovy_gam","data_2025","anchovy_GAM_2025","CC_NCC_fish_172","",2003-01-01,0.300078840315094,0.300078840315094,0.300078840315094,-0.371215783895814,"05.ForageFishNCC_0","PreyNCC","05.ForageFishNCC_0","PreyNCC",NA
"2203","anchovy_gam","data_2025","anchovy_GAM_2025","CC_NCC_fish_172","",2004-01-01,0.484537957539308,0.484537957539308,0.484537957539308,0.105897287109326,"05.ForageFishNCC_0","PreyNCC","05.ForageFishNCC_0","PreyNCC",NA
"2204","anchovy_gam","data_2025","anchovy_GAM_2025","CC_NCC_fish_172","",2005-01-01,0.750186939009434,0.750186939009434,0.750186939009434,0.539479351204367,"05.ForageFishNCC_0","PreyNCC","05.ForageFishNCC_0","PreyNCC",NA
"2205","anchovy_gam","data_2025","anchovy_GAM_2025","CC_NCC_fish_172","",2006-01-01,0.533821654659434,0.533821654659434,0.533821654659434,0.173625528324673,"05.ForageFishNCC_0","PreyNCC","05.ForageFishNCC_0","PreyNCC",NA
"2206","anchovy_gam","data_2025","anchovy_GAM_2025","CC_NCC_fish_172","",2007-01-01,0.305964253312893,0.305964253312893,0.305964253312893,-0.388706908355377,"05.ForageFishNCC_0","PreyNCC","05.ForageFishNCC_0","PreyNCC",NA
"2207","anchovy_gam","data_2025","anchovy_GAM_2025","CC_NCC_fish_172","",2008-01-01,0.256774366972956,0.256774366972956,0.256774366972956,-0.689581458168743,"05.ForageFishNCC_0","PreyNCC","05.ForageFishNCC_0","PreyNCC",NA
"2208","anchovy_gam","data_2025","anchovy_GAM_2025","CC_NCC_fish_172","",2009-01-01,0.235902180428459,0.235902180428459,0.235902180428459,-0.809616875998769,"05.ForageFishNCC_0","PreyNCC","05.ForageFishNCC_0","PreyNCC",NA
"2209","anchovy_gam","data_2025","anchovy_GAM_2025","CC_NCC_fish_172","",2010-01-01,0.288701674848742,0.288701674848742,0.288701674848742,-0.775389936418697,"05.ForageFishNCC_0","PreyNCC","05.ForageFishNCC_0","PreyNCC",NA
"2210","anchovy_gam","data_2025","anchovy_GAM_2025","CC_NCC_fish_172","",2011-01-01,0.278558510189308,0.278558510189308,0.278558510189308,-0.789092107792628,"05.ForageFishNCC_0","PreyNCC","05.ForageFishNCC_0","PreyNCC",NA
"2211","anchovy_gam","data_2025","anchovy_GAM_2025","CC_NCC_fish_172","",2012-01-01,0.231589594642767,0.231589594642767,0.231589594642767,-0.819007875839955,"05.ForageFishNCC_0","PreyNCC","05.ForageFishNCC_0","PreyNCC",NA
"2212","anchovy_gam","data_2025","anchovy_GAM_2025","CC_NCC_fish_172","",2013-01-01,0.304123790975157,0.304123790975157,0.304123790975157,-0.684741975172962,"05.ForageFishNCC_0","PreyNCC","05.ForageFishNCC_0","PreyNCC",NA
"2213","anchovy_gam","data_2025","anchovy_GAM_2025","CC_NCC_fish_172","",2014-01-01,0.327466857622956,0.327466857622956,0.327466857622956,-0.576812282066013,"05.ForageFishNCC_0","PreyNCC","05.ForageFishNCC_0","PreyNCC",NA
"2214","anchovy_gam","data_2025","anchovy_GAM_2025","CC_NCC_fish_172","",2015-01-01,0.297061314498113,0.297061314498113,0.297061314498113,-0.491811518143603,"05.ForageFishNCC_0","PreyNCC","05.ForageFishNCC_0","PreyNCC",NA
"2215","anchovy_gam","data_2025","anchovy_GAM_2025","CC_NCC_fish_172","",2016-01-01,0.411024170063208,0.411024170063208,0.411024170063208,-0.208593106399706,"05.ForageFishNCC_0","PreyNCC","05.ForageFishNCC_0","PreyNCC",NA
"2216","anchovy_gam","data_2025","anchovy_GAM_2025","CC_NCC_fish_172","",2017-01-01,0.441470344252516,0.441470344252516,0.441470344252516,0.0457739620983589,"05.ForageFishNCC_0","PreyNCC","05.ForageFishNCC_0","PreyNCC",NA
"2217","anchovy_gam","data_2025","anchovy_GAM_2025","CC_NCC_fish_172","",2018-01-01,0.51733715766761,0.51733715766761,0.51733715766761,0.389329010500738,"05.ForageFishNCC_0","PreyNCC","05.ForageFishNCC_0","PreyNCC",NA
"2218","anchovy_gam","data_2025","anchovy_GAM_2025","CC_NCC_fish_172","",2019-01-01,0.654939758106918,0.654939758106918,0.654939758106918,0.825920969938658,"05.ForageFishNCC_0","PreyNCC","05.ForageFishNCC_0","PreyNCC",NA
"2219","anchovy_gam","data_2025","anchovy_GAM_2025","CC_NCC_fish_172","",2020-01-01,0.717904925754717,0.717904925754717,0.717904925754717,1.17600355682281,"05.ForageFishNCC_0","PreyNCC","05.ForageFishNCC_0","PreyNCC",NA
"2220","anchovy_gam","data_2025","anchovy_GAM_2025","CC_NCC_fish_172","",2021-01-01,0.816971847176101,0.816971847176101,0.816971847176101,1.50772247862828,"05.ForageFishNCC_0","PreyNCC","05.ForageFishNCC_0","PreyNCC",NA
"2221","anchovy_gam","data_2025","anchovy_GAM_2025","CC_NCC_fish_172","",2022-01-01,0.86334906008805,0.86334906008805,0.86334906008805,1.70920824595452,"05.ForageFishNCC_0","PreyNCC","05.ForageFishNCC_0","PreyNCC",NA
"2222","anchovy_gam","data_2025","anchovy_GAM_2025","CC_NCC_fish_172","",2023-01-01,0.839925392971698,0.839925392971698,0.839925392971698,1.77428503841913,"05.ForageFishNCC_0","PreyNCC","05.ForageFishNCC_0","PreyNCC",NA
"2223","anchovy_gam","data_2025","anchovy_GAM_2025","CC_NCC_fish_172","",2024-01-01,0.891471684783019,0.891471684783019,0.891471684783019,1.87291296505373,"05.ForageFishNCC_0","PreyNCC","05.ForageFishNCC_0","PreyNCC",NA
"2224","anchovy_gam","data_2025","anchovy_GAM_2025","CC_NCC_fish_172","",2025-01-01,NA,NA,NA,NA,"05.ForageFishNCC_0","PreyNCC","05.ForageFishNCC_0","PreyNCC",NA
"2225","anchovy_gam","data_2025","anchovy_GAM_2025","CC_NCC_fish_172","",2026-01-01,NA,NA,NA,NA,"05.ForageFishNCC_0","PreyNCC","05.ForageFishNCC_0","PreyNCC",NA
"2226","blackRockfish_2025","data_2025","blackRockfish_SA_2025","CC_NCC_fish_149","",1940-01-01,8704.38,8704.38,8704.38,1.76774384587478,"09.PredFishNCC","PredNCC","09.PredFishNCC","PredNCC","09.PredFishNCC"
"2227","blackRockfish_2025","data_2025","blackRockfish_SA_2025","CC_NCC_fish_149","",1941-01-01,8700.13,8700.13,8700.13,1.76303076262774,"09.PredFishNCC","PredNCC","09.PredFishNCC","PredNCC","09.PredFishNCC"
"2228","blackRockfish_2025","data_2025","blackRockfish_SA_2025","CC_NCC_fish_149","",1942-01-01,8690.36,8690.36,8690.36,1.75383433264867,"09.PredFishNCC","PredNCC","09.PredFishNCC","PredNCC","09.PredFishNCC"
"2229","blackRockfish_2025","data_2025","blackRockfish_SA_2025","CC_NCC_fish_149","",1943-01-01,8674.06,8674.06,8674.06,1.73690352299699,"09.PredFishNCC","PredNCC","09.PredFishNCC","PredNCC","09.PredFishNCC"
"2230","blackRockfish_2025","data_2025","blackRockfish_SA_2025","CC_NCC_fish_149","",1944-01-01,8614.79,8614.79,8614.79,1.70522666135241,"09.PredFishNCC","PredNCC","09.PredFishNCC","PredNCC","09.PredFishNCC"
"2231","blackRockfish_2025","data_2025","blackRockfish_SA_2025","CC_NCC_fish_149","",1945-01-01,8541.5,8541.5,8541.5,1.66319481672245,"09.PredFishNCC","PredNCC","09.PredFishNCC","PredNCC","09.PredFishNCC"
"2232","blackRockfish_2025","data_2025","blackRockfish_SA_2025","CC_NCC_fish_149","",1946-01-01,8414.88,8414.88,8414.88,1.61337575030633,"09.PredFishNCC","PredNCC","09.PredFishNCC","PredNCC","09.PredFishNCC"
"2233","blackRockfish_2025","data_2025","blackRockfish_SA_2025","CC_NCC_fish_149","",1947-01-01,8375.66,8375.66,8375.66,1.58300322813559,"09.PredFishNCC","PredNCC","09.PredFishNCC","PredNCC","09.PredFishNCC"
"2234","blackRockfish_2025","data_2025","blackRockfish_SA_2025","CC_NCC_fish_149","",1948-01-01,8352.45,8352.45,8352.45,1.56557151123802,"09.PredFishNCC","PredNCC","09.PredFishNCC","PredNCC","09.PredFishNCC"
"2235","blackRockfish_2025","data_2025","blackRockfish_SA_2025","CC_NCC_fish_149","",1949-01-01,8349.8,8349.8,8349.8,1.55777300403266,"09.PredFishNCC","PredNCC","09.PredFishNCC","PredNCC","09.PredFishNCC"
"2236","blackRockfish_2025","data_2025","blackRockfish_SA_2025","CC_NCC_fish_149","",1950-01-01,8354.19,8354.19,8354.19,1.55342181980055,"09.PredFishNCC","PredNCC","09.PredFishNCC","PredNCC","09.PredFishNCC"
"2237","blackRockfish_2025","data_2025","blackRockfish_SA_2025","CC_NCC_fish_149","",1951-01-01,8345.44,8345.44,8345.44,1.54549530112646,"09.PredFishNCC","PredNCC","09.PredFishNCC","PredNCC","09.PredFishNCC"
"2238","blackRockfish_2025","data_2025","blackRockfish_SA_2025","CC_NCC_fish_149","",1952-01-01,8342.58,8342.58,8342.58,1.53139161962155,"09.PredFishNCC","PredNCC","09.PredFishNCC","PredNCC","09.PredFishNCC"
"2239","blackRockfish_2025","data_2025","blackRockfish_SA_2025","CC_NCC_fish_149","",1953-01-01,8230.97,8230.97,8230.97,1.49874750683412,"09.PredFishNCC","PredNCC","09.PredFishNCC","PredNCC","09.PredFishNCC"
"2240","blackRockfish_2025","data_2025","blackRockfish_SA_2025","CC_NCC_fish_149","",1954-01-01,8242.69,8242.69,8242.69,1.48283755657513,"09.PredFishNCC","PredNCC","09.PredFishNCC","PredNCC","09.PredFishNCC"
"2241","blackRockfish_2025","data_2025","blackRockfish_SA_2025","CC_NCC_fish_149","",1955-01-01,8240.94,8240.94,8240.94,1.46061977628349,"09.PredFishNCC","PredNCC","09.PredFishNCC","PredNCC","09.PredFishNCC"
"2242","blackRockfish_2025","data_2025","blackRockfish_SA_2025","CC_NCC_fish_149","",1956-01-01,8172.33,8172.33,8172.33,1.41094132372465,"09.PredFishNCC","PredNCC","09.PredFishNCC","PredNCC","09.PredFishNCC"
"2243","blackRockfish_2025","data_2025","blackRockfish_SA_2025","CC_NCC_fish_149","",1957-01-01,8020.8,8020.8,8020.8,1.32587540353634,"09.PredFishNCC","PredNCC","09.PredFishNCC","PredNCC","09.PredFishNCC"
"2244","blackRockfish_2025","data_2025","blackRockfish_SA_2025","CC_NCC_fish_149","",1958-01-01,7828.26,7828.26,7828.26,1.21256756054997,"09.PredFishNCC","PredNCC","09.PredFishNCC","PredNCC","09.PredFishNCC"
"2245","blackRockfish_2025","data_2025","blackRockfish_SA_2025","CC_NCC_fish_149","",1959-01-01,7579.55,7579.55,7579.55,1.07487747949575,"09.PredFishNCC","PredNCC","09.PredFishNCC","PredNCC","09.PredFishNCC"
"2246","blackRockfish_2025","data_2025","blackRockfish_SA_2025","CC_NCC_fish_149","",1960-01-01,7318.32,7318.32,7318.32,0.926464075987091,"09.PredFishNCC","PredNCC","09.PredFishNCC","PredNCC","09.PredFishNCC"
"2247","blackRockfish_2025","data_2025","blackRockfish_SA_2025","CC_NCC_fish_149","",1961-01-01,7067.88,7067.88,7067.88,0.777881814311133,"09.PredFishNCC","PredNCC","09.PredFishNCC","PredNCC","09.PredFishNCC"
"2248","blackRockfish_2025","data_2025","blackRockfish_SA_2025","CC_NCC_fish_149","",1962-01-01,6797.11,6797.11,6797.11,0.632950196795962,"09.PredFishNCC","PredNCC","09.PredFishNCC","PredNCC","09.PredFishNCC"
"2249","blackRockfish_2025","data_2025","blackRockfish_SA_2025","CC_NCC_fish_149","",1963-01-01,6599.06,6599.06,6599.06,0.511510907473188,"09.PredFishNCC","PredNCC","09.PredFishNCC","PredNCC","09.PredFishNCC"
"2250","blackRockfish_2025","data_2025","blackRockfish_SA_2025","CC_NCC_fish_149","",1964-01-01,6450.7,6450.7,6450.7,0.412645218276232,"09.PredFishNCC","PredNCC","09.PredFishNCC","PredNCC","09.PredFishNCC"
"2251","blackRockfish_2025","data_2025","blackRockfish_SA_2025","CC_NCC_fish_149","",1965-01-01,6319.34,6319.34,6319.34,0.327769845804499,"09.PredFishNCC","PredNCC","09.PredFishNCC","PredNCC","09.PredFishNCC"
"2252","blackRockfish_2025","data_2025","blackRockfish_SA_2025","CC_NCC_fish_149","",1966-01-01,6178.47,6178.47,6178.47,0.251946710828436,"09.PredFishNCC","PredNCC","09.PredFishNCC","PredNCC","09.PredFishNCC"
"2253","blackRockfish_2025","data_2025","blackRockfish_SA_2025","CC_NCC_fish_149","",1967-01-01,6072.84,6072.84,6072.84,0.195077149284175,"09.PredFishNCC","PredNCC","09.PredFishNCC","PredNCC","09.PredFishNCC"
"2254","blackRockfish_2025","data_2025","blackRockfish_SA_2025","CC_NCC_fish_149","",1968-01-01,6045.91,6045.91,6045.91,0.164571260750869,"09.PredFishNCC","PredNCC","09.PredFishNCC","PredNCC","09.PredFishNCC"
"2255","blackRockfish_2025","data_2025","blackRockfish_SA_2025","CC_NCC_fish_149","",1969-01-01,6017.14,6017.14,6017.14,0.146311032053095,"09.PredFishNCC","PredNCC","09.PredFishNCC","PredNCC","09.PredFishNCC"
"2256","blackRockfish_2025","data_2025","blackRockfish_SA_2025","CC_NCC_fish_149","",1970-01-01,6000.87,6000.87,6000.87,0.139543816150949,"09.PredFishNCC","PredNCC","09.PredFishNCC","PredNCC","09.PredFishNCC"
"2257","blackRockfish_2025","data_2025","blackRockfish_SA_2025","CC_NCC_fish_149","",1971-01-01,6016.73,6016.73,6016.73,0.147403278392666,"09.PredFishNCC","PredNCC","09.PredFishNCC","PredNCC","09.PredFishNCC"
"2258","blackRockfish_2025","data_2025","blackRockfish_SA_2025","CC_NCC_fish_149","",1972-01-01,6039.79,6039.79,6039.79,0.168097499542949,"09.PredFishNCC","PredNCC","09.PredFishNCC","PredNCC","09.PredFishNCC"
"2259","blackRockfish_2025","data_2025","blackRockfish_SA_2025","CC_NCC_fish_149","",1973-01-01,6113.22,6113.22,6113.22,0.20828785984035,"09.PredFishNCC","PredNCC","09.PredFishNCC","PredNCC","09.PredFishNCC"
"2260","blackRockfish_2025","data_2025","blackRockfish_SA_2025","CC_NCC_fish_149","",1974-01-01,6241.17,6241.17,6241.17,0.26347991870854,"09.PredFishNCC","PredNCC","09.PredFishNCC","PredNCC","09.PredFishNCC"
"2261","blackRockfish_2025","data_2025","blackRockfish_SA_2025","CC_NCC_fish_149","",1975-01-01,6326.52,6326.52,6326.52,0.311003549644689,"09.PredFishNCC","PredNCC","09.PredFishNCC","PredNCC","09.PredFishNCC"
"2262","blackRockfish_2025","data_2025","blackRockfish_SA_2025","CC_NCC_fish_149","",1976-01-01,6410.39,6410.39,6410.39,0.34644383320264,"09.PredFishNCC","PredNCC","09.PredFishNCC","PredNCC","09.PredFishNCC"
"2263","blackRockfish_2025","data_2025","blackRockfish_SA_2025","CC_NCC_fish_149","",1977-01-01,6384.34,6384.34,6384.34,0.354203135886278,"09.PredFishNCC","PredNCC","09.PredFishNCC","PredNCC","09.PredFishNCC"
"2264","blackRockfish_2025","data_2025","blackRockfish_SA_2025","CC_NCC_fish_149","",1978-01-01,6407.09,6407.09,6407.09,0.357893124028443,"09.PredFishNCC","PredNCC","09.PredFishNCC","PredNCC","09.PredFishNCC"
"2265","blackRockfish_2025","data_2025","blackRockfish_SA_2025","CC_NCC_fish_149","",1979-01-01,6407.14,6407.14,6407.14,0.347359591029675,"09.PredFishNCC","PredNCC","09.PredFishNCC","PredNCC","09.PredFishNCC"
"2266","blackRockfish_2025","data_2025","blackRockfish_SA_2025","CC_NCC_fish_149","",1980-01-01,6389.56,6389.56,6389.56,0.312038577089578,"09.PredFishNCC","PredNCC","09.PredFishNCC","PredNCC","09.PredFishNCC"
"2267","blackRockfish_2025","data_2025","blackRockfish_SA_2025","CC_NCC_fish_149","",1981-01-01,6310.02,6310.02,6310.02,0.227307131721141,"09.PredFishNCC","PredNCC","09.PredFishNCC","PredNCC","09.PredFishNCC"
"2268","blackRockfish_2025","data_2025","blackRockfish_SA_2025","CC_NCC_fish_149","",1982-01-01,5899.11,5899.11,5899.11,0.0568367655888357,"09.PredFishNCC","PredNCC","09.PredFishNCC","PredNCC","09.PredFishNCC"
"2269","blackRockfish_2025","data_2025","blackRockfish_SA_2025","CC_NCC_fish_149","",1983-01-01,5566.39,5566.39,5566.39,-0.119789346284463,"09.PredFishNCC","PredNCC","09.PredFishNCC","PredNCC","09.PredFishNCC"
"2270","blackRockfish_2025","data_2025","blackRockfish_SA_2025","CC_NCC_fish_149","",1984-01-01,5316.66,5316.66,5316.66,-0.276725207005777,"09.PredFishNCC","PredNCC","09.PredFishNCC","PredNCC","09.PredFishNCC"
"2271","blackRockfish_2025","data_2025","blackRockfish_SA_2025","CC_NCC_fish_149","",1985-01-01,5128.76,5128.76,5128.76,-0.418936973875517,"09.PredFishNCC","PredNCC","09.PredFishNCC","PredNCC","09.PredFishNCC"
"2272","blackRockfish_2025","data_2025","blackRockfish_SA_2025","CC_NCC_fish_149","",1986-01-01,4860.88,4860.88,4860.88,-0.574292493238107,"09.PredFishNCC","PredNCC","09.PredFishNCC","PredNCC","09.PredFishNCC"
"2273","blackRockfish_2025","data_2025","blackRockfish_SA_2025","CC_NCC_fish_149","",1987-01-01,4586.7,4586.7,4586.7,-0.735132652043568,"09.PredFishNCC","PredNCC","09.PredFishNCC","PredNCC","09.PredFishNCC"
"2274","blackRockfish_2025","data_2025","blackRockfish_SA_2025","CC_NCC_fish_149","",1988-01-01,4252.22,4252.22,4252.22,-0.895449199679415,"09.PredFishNCC","PredNCC","09.PredFishNCC","PredNCC","09.PredFishNCC"
"2275","blackRockfish_2025","data_2025","blackRockfish_SA_2025","CC_NCC_fish_149","",1989-01-01,4115.42,4115.42,4115.42,-1.01201555159785,"09.PredFishNCC","PredNCC","09.PredFishNCC","PredNCC","09.PredFishNCC"
"2276","blackRockfish_2025","data_2025","blackRockfish_SA_2025","CC_NCC_fish_149","",1990-01-01,3945.84,3945.84,3945.84,-1.11815033045778,"09.PredFishNCC","PredNCC","09.PredFishNCC","PredNCC","09.PredFishNCC"
"2277","blackRockfish_2025","data_2025","blackRockfish_SA_2025","CC_NCC_fish_149","",1991-01-01,3763.63,3763.63,3763.63,-1.21679277471102,"09.PredFishNCC","PredNCC","09.PredFishNCC","PredNCC","09.PredFishNCC"
"2278","blackRockfish_2025","data_2025","blackRockfish_SA_2025","CC_NCC_fish_149","",1992-01-01,3643.44,3643.44,3643.44,-1.29570397811101,"09.PredFishNCC","PredNCC","09.PredFishNCC","PredNCC","09.PredFishNCC"
"2279","blackRockfish_2025","data_2025","blackRockfish_SA_2025","CC_NCC_fish_149","",1993-01-01,3541.19,3541.19,3541.19,-1.36065519829967,"09.PredFishNCC","PredNCC","09.PredFishNCC","PredNCC","09.PredFishNCC"
"2280","blackRockfish_2025","data_2025","blackRockfish_SA_2025","CC_NCC_fish_149","",1994-01-01,3466.89,3466.89,3466.89,-1.41437484613244,"09.PredFishNCC","PredNCC","09.PredFishNCC","PredNCC","09.PredFishNCC"
"2281","blackRockfish_2025","data_2025","blackRockfish_SA_2025","CC_NCC_fish_149","",1995-01-01,3343.99,3343.99,3343.99,-1.46536834221998,"09.PredFishNCC","PredNCC","09.PredFishNCC","PredNCC","09.PredFishNCC"
"2282","blackRockfish_2025","data_2025","blackRockfish_SA_2025","CC_NCC_fish_149","",1996-01-01,3309.44,3309.44,3309.44,-1.48984010424344,"09.PredFishNCC","PredNCC","09.PredFishNCC","PredNCC","09.PredFishNCC"
"2283","blackRockfish_2025","data_2025","blackRockfish_SA_2025","CC_NCC_fish_149","",1997-01-01,3317.39,3317.39,3317.39,-1.49123697430001,"09.PredFishNCC","PredNCC","09.PredFishNCC","PredNCC","09.PredFishNCC"
"2284","blackRockfish_2025","data_2025","blackRockfish_SA_2025","CC_NCC_fish_149","",1998-01-01,3349.53,3349.53,3349.53,-1.4757936839054,"09.PredFishNCC","PredNCC","09.PredFishNCC","PredNCC","09.PredFishNCC"
"2285","blackRockfish_2025","data_2025","blackRockfish_SA_2025","CC_NCC_fish_149","",1999-01-01,3385.18,3385.18,3385.18,-1.44762529075274,"09.PredFishNCC","PredNCC","09.PredFishNCC","PredNCC","09.PredFishNCC"
"2286","blackRockfish_2025","data_2025","blackRockfish_SA_2025","CC_NCC_fish_149","",2000-01-01,3504.27,3504.27,3504.27,-1.40025771125152,"09.PredFishNCC","PredNCC","09.PredFishNCC","PredNCC","09.PredFishNCC"
"2287","blackRockfish_2025","data_2025","blackRockfish_SA_2025","CC_NCC_fish_149","",2001-01-01,3574.03,3574.03,3574.03,-1.35879392202271,"09.PredFishNCC","PredNCC","09.PredFishNCC","PredNCC","09.PredFishNCC"
"2288","blackRockfish_2025","data_2025","blackRockfish_SA_2025","CC_NCC_fish_149","",2002-01-01,3632.94,3632.94,3632.94,-1.32422160747159,"09.PredFishNCC","PredNCC","09.PredFishNCC","PredNCC","09.PredFishNCC"
"2289","blackRockfish_2025","data_2025","blackRockfish_SA_2025","CC_NCC_fish_149","",2003-01-01,3673.01,3673.01,3673.01,-1.29781731072744,"09.PredFishNCC","PredNCC","09.PredFishNCC","PredNCC","09.PredFishNCC"
"2290","blackRockfish_2025","data_2025","blackRockfish_SA_2025","CC_NCC_fish_149","",2004-01-01,3705.72,3705.72,3705.72,-1.27756077387234,"09.PredFishNCC","PredNCC","09.PredFishNCC","PredNCC","09.PredFishNCC"
"2291","blackRockfish_2025","data_2025","blackRockfish_SA_2025","CC_NCC_fish_149","",2005-01-01,3707.73,3707.73,3707.73,-1.2631006736775,"09.PredFishNCC","PredNCC","09.PredFishNCC","PredNCC","09.PredFishNCC"
"2292","blackRockfish_2025","data_2025","blackRockfish_SA_2025","CC_NCC_fish_149","",2006-01-01,3714.31,3714.31,3714.31,-1.2412000673736,"09.PredFishNCC","PredNCC","09.PredFishNCC","PredNCC","09.PredFishNCC"
"2293","blackRockfish_2025","data_2025","blackRockfish_SA_2025","CC_NCC_fish_149","",2007-01-01,3775,3775,3775,-1.19396251575125,"09.PredFishNCC","PredNCC","09.PredFishNCC","PredNCC","09.PredFishNCC"
"2294","blackRockfish_2025","data_2025","blackRockfish_SA_2025","CC_NCC_fish_149","",2008-01-01,3920.62,3920.62,3920.62,-1.1110825190065,"09.PredFishNCC","PredNCC","09.PredFishNCC","PredNCC","09.PredFishNCC"
"2295","blackRockfish_2025","data_2025","blackRockfish_SA_2025","CC_NCC_fish_149","",2009-01-01,4135.41,4135.41,4135.41,-0.998295097461666,"09.PredFishNCC","PredNCC","09.PredFishNCC","PredNCC","09.PredFishNCC"
"2296","blackRockfish_2025","data_2025","blackRockfish_SA_2025","CC_NCC_fish_149","",2010-01-01,4319.89,4319.89,4319.89,-0.873520284013794,"09.PredFishNCC","PredNCC","09.PredFishNCC","PredNCC","09.PredFishNCC"
"2297","blackRockfish_2025","data_2025","blackRockfish_SA_2025","CC_NCC_fish_149","",2011-01-01,4614.14,4614.14,4614.14,-0.724245992508846,"09.PredFishNCC","PredNCC","09.PredFishNCC","PredNCC","09.PredFishNCC"
"2298","blackRockfish_2025","data_2025","blackRockfish_SA_2025","CC_NCC_fish_149","",2012-01-01,4884.86,4884.86,4884.86,-0.580259659034075,"09.PredFishNCC","PredNCC","09.PredFishNCC","PredNCC","09.PredFishNCC"
"2299","blackRockfish_2025","data_2025","blackRockfish_SA_2025","CC_NCC_fish_149","",2013-01-01,5103.2,5103.2,5103.2,-0.462317824859861,"09.PredFishNCC","PredNCC","09.PredFishNCC","PredNCC","09.PredFishNCC"
"2300","blackRockfish_2025","data_2025","blackRockfish_SA_2025","CC_NCC_fish_149","",2014-01-01,5237.29,5237.29,5237.29,-0.385346413169614,"09.PredFishNCC","PredNCC","09.PredFishNCC","PredNCC","09.PredFishNCC"
"2301","blackRockfish_2025","data_2025","blackRockfish_SA_2025","CC_NCC_fish_149","",2015-01-01,5272.92,5272.92,5272.92,-0.353972608884264,"09.PredFishNCC","PredNCC","09.PredFishNCC","PredNCC","09.PredFishNCC"
"2302","blackRockfish_2025","data_2025","blackRockfish_SA_2025","CC_NCC_fish_149","",2016-01-01,5248.98,5248.98,5248.98,-0.358504746559957,"09.PredFishNCC","PredNCC","09.PredFishNCC","PredNCC","09.PredFishNCC"
"2303","blackRockfish_2025","data_2025","blackRockfish_SA_2025","CC_NCC_fish_149","",2017-01-01,5131.8,5131.8,5131.8,-0.388906611251968,"09.PredFishNCC","PredNCC","09.PredFishNCC","PredNCC","09.PredFishNCC"
"2304","blackRockfish_2025","data_2025","blackRockfish_SA_2025","CC_NCC_fish_149","",2018-01-01,5126.19,5126.19,5126.19,-0.404271815352382,"09.PredFishNCC","PredNCC","09.PredFishNCC","PredNCC","09.PredFishNCC"
"2305","blackRockfish_2025","data_2025","blackRockfish_SA_2025","CC_NCC_fish_149","",2019-01-01,5088.81,5088.81,5088.81,-0.41655167581873,"09.PredFishNCC","PredNCC","09.PredFishNCC","PredNCC","09.PredFishNCC"
"2306","blackRockfish_2025","data_2025","blackRockfish_SA_2025","CC_NCC_fish_149","",2020-01-01,5066.6,5066.6,5066.6,-0.415278976218819,"09.PredFishNCC","PredNCC","09.PredFishNCC","PredNCC","09.PredFishNCC"
"2307","blackRockfish_2025","data_2025","blackRockfish_SA_2025","CC_NCC_fish_149","",2021-01-01,5159.32,5159.32,5159.32,-0.385665431668719,"09.PredFishNCC","PredNCC","09.PredFishNCC","PredNCC","09.PredFishNCC"
"2308","blackRockfish_2025","data_2025","blackRockfish_SA_2025","CC_NCC_fish_149","",2022-01-01,5200.7,5200.7,5200.7,-0.354520958560889,"09.PredFishNCC","PredNCC","09.PredFishNCC","PredNCC","09.PredFishNCC"
"2309","blackRockfish_2025","data_2025","blackRockfish_SA_2025","CC_NCC_fish_149","",2023-01-01,5281.08,5281.08,5281.08,-0.315882304816441,"09.PredFishNCC","PredNCC","09.PredFishNCC","PredNCC","09.PredFishNCC"
"2310","blackRockfish_2025","data_2025","blackRockfish_SA_2025","CC_NCC_fish_149","",2024-01-01,5338.69,5338.69,5338.69,-0.280024942991218,"09.PredFishNCC","PredNCC","09.PredFishNCC","PredNCC","09.PredFishNCC"
"2311","blackRockfish_2025","data_2025","blackRockfish_SA_2025","CC_NCC_fish_149","",2025-01-01,5403.93,5403.93,5403.93,-0.246149272098015,"09.PredFishNCC","PredNCC","09.PredFishNCC","PredNCC","09.PredFishNCC"
"2312","blackRockfish_2025","data_2025","blackRockfish_SA_2025","CC_NCC_fish_149","",2026-01-01,5435.74,5435.74,5435.74,-0.220080512010376,"09.PredFishNCC","PredNCC","09.PredFishNCC","PredNCC","09.PredFishNCC"
"2313","blackRockfish_2025","data_2025","blackRockfish_SA_2025","CC_NCC_fish_149","",2027-01-01,5475.13,5475.13,5475.13,-0.195107433837629,"09.PredFishNCC","PredNCC","09.PredFishNCC","PredNCC","09.PredFishNCC"
"2314","blackRockfish_2025","data_2025","blackRockfish_SA_2025","CC_NCC_fish_149","",2028-01-01,5517.01,5517.01,5517.01,-0.170227193731096,"09.PredFishNCC","PredNCC","09.PredFishNCC","PredNCC","09.PredFishNCC"
"2315","blackRockfish_2025","data_2025","blackRockfish_SA_2025","CC_NCC_fish_149","",2029-01-01,5558.01,5558.01,5558.01,-0.146045040629482,"09.PredFishNCC","PredNCC","09.PredFishNCC","PredNCC","09.PredFishNCC"
"2316","blackRockfish_2025","data_2025","blackRockfish_SA_2025","CC_NCC_fish_149","",2030-01-01,5596.37,5596.37,5596.37,-0.123328798767725,"09.PredFishNCC","PredNCC","09.PredFishNCC","PredNCC","09.PredFishNCC"
"2317","blackRockfish_2025","data_2025","blackRockfish_SA_2025","CC_NCC_fish_149","",2031-01-01,5630.98,5630.98,5630.98,-0.102705668494556,"09.PredFishNCC","PredNCC","09.PredFishNCC","PredNCC","09.PredFishNCC"
"2318","blackRockfish_2025","data_2025","blackRockfish_SA_2025","CC_NCC_fish_149","",2032-01-01,5661.74,5661.74,5661.74,-0.0846139516250521,"09.PredFishNCC","PredNCC","09.PredFishNCC","PredNCC","09.PredFishNCC"
"2319","blackRockfish_2025","data_2025","blackRockfish_SA_2025","CC_NCC_fish_149","",2033-01-01,5689.26,5689.26,5689.26,-0.0696804996524492,"09.PredFishNCC","PredNCC","09.PredFishNCC","PredNCC","09.PredFishNCC"
"2320","blackRockfish_2025","data_2025","blackRockfish_SA_2025","CC_NCC_fish_149","",2034-01-01,5713.83,5713.83,5713.83,-0.0597187722212641,"09.PredFishNCC","PredNCC","09.PredFishNCC","PredNCC","09.PredFishNCC"
"2321","California.market.squid__2025","data_2025","CaliforniaMarketSquid__2025","CC_NCC_cnid_159","",1998-01-01,1.75628139201634,1.75628139201634,1.75628139201634,-0.58364986356435,"04.CompFishNCC_0","PreyNCC","04.CompFishNCC_0","PreyNCC",NA
"2322","California.market.squid__2025","data_2025","CaliforniaMarketSquid__2025","CC_NCC_cnid_159","",1999-01-01,5.37824301906752,5.37824301906752,5.37824301906752,-0.497903877424544,"04.CompFishNCC_0","PreyNCC","04.CompFishNCC_0","PreyNCC",NA
"2323","California.market.squid__2025","data_2025","CaliforniaMarketSquid__2025","CC_NCC_cnid_159","",2000-01-01,0.526770622567847,0.526770622567847,0.526770622567847,-0.448743758041249,"04.CompFishNCC_0","PreyNCC","04.CompFishNCC_0","PreyNCC",NA
"2324","California.market.squid__2025","data_2025","CaliforniaMarketSquid__2025","CC_NCC_cnid_159","",2001-01-01,18.873959807774,18.873959807774,18.873959807774,-0.16572411785299,"04.CompFishNCC_0","PreyNCC","04.CompFishNCC_0","PreyNCC",NA
"2325","California.market.squid__2025","data_2025","CaliforniaMarketSquid__2025","CC_NCC_cnid_159","",2002-01-01,10.0061291629699,10.0061291629699,10.0061291629699,-0.202676966511537,"04.CompFishNCC_0","PreyNCC","04.CompFishNCC_0","PreyNCC",NA
"2326","California.market.squid__2025","data_2025","CaliforniaMarketSquid__2025","CC_NCC_cnid_159","",2003-01-01,12.1032918194039,12.1032918194039,12.1032918194039,-0.192075827221592,"04.CompFishNCC_0","PreyNCC","04.CompFishNCC_0","PreyNCC",NA
"2327","California.market.squid__2025","data_2025","CaliforniaMarketSquid__2025","CC_NCC_cnid_159","",2004-01-01,14.7849223221026,14.7849223221026,14.7849223221026,-0.2189753045406,"04.CompFishNCC_0","PreyNCC","04.CompFishNCC_0","PreyNCC",NA
"2328","California.market.squid__2025","data_2025","CaliforniaMarketSquid__2025","CC_NCC_cnid_159","",2005-01-01,2.85971803349322,2.85971803349322,2.85971803349322,-0.432589356103402,"04.CompFishNCC_0","PreyNCC","04.CompFishNCC_0","PreyNCC",NA
"2329","California.market.squid__2025","data_2025","CaliforniaMarketSquid__2025","CC_NCC_cnid_159","",2006-01-01,5.31565605888372,5.31565605888372,5.31565605888372,-0.502599838581115,"04.CompFishNCC_0","PreyNCC","04.CompFishNCC_0","PreyNCC",NA
"2330","California.market.squid__2025","data_2025","CaliforniaMarketSquid__2025","CC_NCC_cnid_159","",2007-01-01,0.357610289608953,0.357610289608953,0.357610289608953,-0.611037433715007,"04.CompFishNCC_0","PreyNCC","04.CompFishNCC_0","PreyNCC",NA
"2331","California.market.squid__2025","data_2025","CaliforniaMarketSquid__2025","CC_NCC_cnid_159","",2008-01-01,0.112767061159342,0.112767061159342,0.112767061159342,-0.640193445775759,"04.CompFishNCC_0","PreyNCC","04.CompFishNCC_0","PreyNCC",NA
"2332","California.market.squid__2025","data_2025","CaliforniaMarketSquid__2025","CC_NCC_cnid_159","",2009-01-01,0.0689985313722701,0.0689985313722701,0.0689985313722701,-0.608056102069095,"04.CompFishNCC_0","PreyNCC","04.CompFishNCC_0","PreyNCC",NA
"2333","California.market.squid__2025","data_2025","CaliforniaMarketSquid__2025","CC_NCC_cnid_159","",2010-01-01,7.21604883120322,7.21604883120322,7.21604883120322,-0.480491689526608,"04.CompFishNCC_0","PreyNCC","04.CompFishNCC_0","PreyNCC",NA
"2334","California.market.squid__2025","data_2025","CaliforniaMarketSquid__2025","CC_NCC_cnid_159","",2011-01-01,3.54365354461896,3.54365354461896,3.54365354461896,-0.455926920160512,"04.CompFishNCC_0","PreyNCC","04.CompFishNCC_0","PreyNCC",NA
"2335","California.market.squid__2025","data_2025","CaliforniaMarketSquid__2025","CC_NCC_cnid_159","",2012-01-01,6.87041923734209,6.87041923734209,6.87041923734209,-0.342291799503485,"04.CompFishNCC_0","PreyNCC","04.CompFishNCC_0","PreyNCC",NA
"2336","California.market.squid__2025","data_2025","CaliforniaMarketSquid__2025","CC_NCC_cnid_159","",2013-01-01,1.2382103607765,1.2382103607765,1.2382103607765,-0.177691581431257,"04.CompFishNCC_0","PreyNCC","04.CompFishNCC_0","PreyNCC",NA
"2337","California.market.squid__2025","data_2025","CaliforniaMarketSquid__2025","CC_NCC_cnid_159","",2014-01-01,48.3115878587272,48.3115878587272,48.3115878587272,0.459370158027777,"04.CompFishNCC_0","PreyNCC","04.CompFishNCC_0","PreyNCC",NA
"2338","California.market.squid__2025","data_2025","CaliforniaMarketSquid__2025","CC_NCC_cnid_159","",2015-01-01,8.49433837942432,8.49433837942432,8.49433837942432,0.0588451446382133,"04.CompFishNCC_0","PreyNCC","04.CompFishNCC_0","PreyNCC",NA
"2339","California.market.squid__2025","data_2025","CaliforniaMarketSquid__2025","CC_NCC_cnid_159","",2016-01-01,11.455619631037,11.455619631037,11.455619631037,0.0363520032803939,"04.CompFishNCC_0","PreyNCC","04.CompFishNCC_0","PreyNCC",NA
"2340","California.market.squid__2025","data_2025","CaliforniaMarketSquid__2025","CC_NCC_cnid_159","",2017-01-01,6.65901947087827,6.65901947087827,6.65901947087827,0.234327687553463,"04.CompFishNCC_0","PreyNCC","04.CompFishNCC_0","PreyNCC",NA
"2341","California.market.squid__2025","data_2025","CaliforniaMarketSquid__2025","CC_NCC_cnid_159","",2018-01-01,38.9013824390714,38.9013824390714,38.9013824390714,1.06953031849134,"04.CompFishNCC_0","PreyNCC","04.CompFishNCC_0","PreyNCC",NA
"2342","California.market.squid__2025","data_2025","CaliforniaMarketSquid__2025","CC_NCC_cnid_159","",2019-01-01,78.2201206262845,78.2201206262845,78.2201206262845,1.90652447058075,"04.CompFishNCC_0","PreyNCC","04.CompFishNCC_0","PreyNCC",NA
"2343","California.market.squid__2025","data_2025","CaliforniaMarketSquid__2025","CC_NCC_cnid_159","",2020-01-01,78.690917683557,78.690917683557,78.690917683557,1.78889874536883,"04.CompFishNCC_0","PreyNCC","04.CompFishNCC_0","PreyNCC",NA
"2344","California.market.squid__2025","data_2025","CaliforniaMarketSquid__2025","CC_NCC_cnid_159","",2021-01-01,5.98575249225116,5.98575249225116,5.98575249225116,0.577553431075983,"04.CompFishNCC_0","PreyNCC","04.CompFishNCC_0","PreyNCC",NA
"2345","California.market.squid__2025","data_2025","CaliforniaMarketSquid__2025","CC_NCC_cnid_159","",2022-01-01,27.4533867069637,27.4533867069637,27.4533867069637,0.377369847802789,"04.CompFishNCC_0","PreyNCC","04.CompFishNCC_0","PreyNCC",NA
"2346","California.market.squid__2025","data_2025","CaliforniaMarketSquid__2025","CC_NCC_cnid_159","",2023-01-01,7.61261925641081,7.61261925641081,7.61261925641081,0.00898308213365773,"04.CompFishNCC_0","PreyNCC","04.CompFishNCC_0","PreyNCC",NA
"2347","California.market.squid__2025","data_2025","CaliforniaMarketSquid__2025","CC_NCC_cnid_159","",2024-01-01,NA,NA,NA,NA,"04.CompFishNCC_0","PreyNCC","04.CompFishNCC_0","PreyNCC",NA
"2348","California.market.squid__2025","data_2025","CaliforniaMarketSquid__2025","CC_NCC_cnid_159","",2025-01-01,NA,NA,NA,NA,"04.CompFishNCC_0","PreyNCC","04.CompFishNCC_0","PreyNCC",NA
"2349","California.market.squid__2025","data_2025","CaliforniaMarketSquid__2025","CC_NCC_cnid_159","",2026-01-01,NA,NA,NA,NA,"04.CompFishNCC_0","PreyNCC","04.CompFishNCC_0","PreyNCC",NA
"2350","canary rockfish","data_2025","canaryRockfish_2025","CC_NCC_fish_157","",1998-01-01,NA,NA,NA,NA,"09.PredFishNCC_b_0","PredNCC","09.PredFishNCC_b_0","PredNCC",NA
"2351","canary rockfish","data_2025","canaryRockfish_2025","CC_NCC_fish_157","",1999-01-01,NA,NA,NA,NA,"09.PredFishNCC_b_0","PredNCC","09.PredFishNCC_b_0","PredNCC",NA
"2352","canary rockfish","data_2025","canaryRockfish_2025","CC_NCC_fish_157","",2000-01-01,NA,NA,NA,NA,"09.PredFishNCC_b_0","PredNCC","09.PredFishNCC_b_0","PredNCC",NA
"2353","canary rockfish","data_2025","canaryRockfish_2025","CC_NCC_fish_157","",2001-01-01,NA,NA,NA,NA,"09.PredFishNCC_b_0","PredNCC","09.PredFishNCC_b_0","PredNCC",NA
"2354","canary rockfish","data_2025","canaryRockfish_2025","CC_NCC_fish_157","",2002-01-01,NA,NA,NA,NA,"09.PredFishNCC_b_0","PredNCC","09.PredFishNCC_b_0","PredNCC",NA
"2355","canary rockfish","data_2025","canaryRockfish_2025","CC_NCC_fish_157","",2003-01-01,390.804224019203,390.804224019203,390.804224019203,-0.418000029028508,"09.PredFishNCC_b_0","PredNCC","09.PredFishNCC_b_0","PredNCC",NA
"2356","canary rockfish","data_2025","canaryRockfish_2025","CC_NCC_fish_157","",2004-01-01,1276.569404515,1276.569404515,1276.569404515,-0.141902046100478,"09.PredFishNCC_b_0","PredNCC","09.PredFishNCC_b_0","PredNCC",NA
"2357","canary rockfish","data_2025","canaryRockfish_2025","CC_NCC_fish_157","",2005-01-01,120.557428803919,120.557428803919,120.557428803919,0.133932658532762,"09.PredFishNCC_b_0","PredNCC","09.PredFishNCC_b_0","PredNCC",NA
"2358","canary rockfish","data_2025","canaryRockfish_2025","CC_NCC_fish_157","",2006-01-01,8873.57991481327,8873.57991481327,8873.57991481327,1.22618553479567,"09.PredFishNCC_b_0","PredNCC","09.PredFishNCC_b_0","PredNCC",NA
"2359","canary rockfish","data_2025","canaryRockfish_2025","CC_NCC_fish_157","",2007-01-01,417.785816270781,417.785816270781,417.785816270781,0.131958351102962,"09.PredFishNCC_b_0","PredNCC","09.PredFishNCC_b_0","PredNCC",NA
"2360","canary rockfish","data_2025","canaryRockfish_2025","CC_NCC_fish_157","",2008-01-01,335.384942525478,335.384942525478,335.384942525478,-0.286884951631596,"09.PredFishNCC_b_0","PredNCC","09.PredFishNCC_b_0","PredNCC",NA
"2361","canary rockfish","data_2025","canaryRockfish_2025","CC_NCC_fish_157","",2009-01-01,148.227310697952,148.227310697952,148.227310697952,-0.410635961012723,"09.PredFishNCC_b_0","PredNCC","09.PredFishNCC_b_0","PredNCC",NA
"2362","canary rockfish","data_2025","canaryRockfish_2025","CC_NCC_fish_157","",2010-01-01,1267.45639503949,1267.45639503949,1267.45639503949,-0.275482929151611,"09.PredFishNCC_b_0","PredNCC","09.PredFishNCC_b_0","PredNCC",NA
"2363","canary rockfish","data_2025","canaryRockfish_2025","CC_NCC_fish_157","",2011-01-01,855.066183114388,855.066183114388,855.066183114388,-0.269910485578189,"09.PredFishNCC_b_0","PredNCC","09.PredFishNCC_b_0","PredNCC",NA
"2364","canary rockfish","data_2025","canaryRockfish_2025","CC_NCC_fish_157","",2012-01-01,1550.02755237223,1550.02755237223,1550.02755237223,-0.195407092145684,"09.PredFishNCC_b_0","PredNCC","09.PredFishNCC_b_0","PredNCC",NA
"2365","canary rockfish","data_2025","canaryRockfish_2025","CC_NCC_fish_157","",2013-01-01,230.236230145253,230.236230145253,230.236230145253,-0.302610965165754,"09.PredFishNCC_b_0","PredNCC","09.PredFishNCC_b_0","PredNCC",NA
"2366","canary rockfish","data_2025","canaryRockfish_2025","CC_NCC_fish_157","",2014-01-01,1190.11370116191,1190.11370116191,1190.11370116191,-0.081254138189871,"09.PredFishNCC_b_0","PredNCC","09.PredFishNCC_b_0","PredNCC",NA
"2367","canary rockfish","data_2025","canaryRockfish_2025","CC_NCC_fish_157","",2015-01-01,3700.62199793728,3700.62199793728,3700.62199793728,0.240936108511998,"09.PredFishNCC_b_0","PredNCC","09.PredFishNCC_b_0","PredNCC",NA
"2368","canary rockfish","data_2025","canaryRockfish_2025","CC_NCC_fish_157","",2016-01-01,365.206890713052,365.206890713052,365.206890713052,-0.188405493237222,"09.PredFishNCC_b_0","PredNCC","09.PredFishNCC_b_0","PredNCC",NA
"2369","canary rockfish","data_2025","canaryRockfish_2025","CC_NCC_fish_157","",2017-01-01,1016.51576476154,1016.51576476154,1016.51576476154,-0.23812771047564,"09.PredFishNCC_b_0","PredNCC","09.PredFishNCC_b_0","PredNCC",NA
"2370","canary rockfish","data_2025","canaryRockfish_2025","CC_NCC_fish_157","",2018-01-01,311.080081187128,311.080081187128,311.080081187128,-0.262671303250655,"09.PredFishNCC_b_0","PredNCC","09.PredFishNCC_b_0","PredNCC",NA
"2371","canary rockfish","data_2025","canaryRockfish_2025","CC_NCC_fish_157","",2019-01-01,2634.79491622955,2634.79491622955,2634.79491622955,0.0434622126393183,"09.PredFishNCC_b_0","PredNCC","09.PredFishNCC_b_0","PredNCC",NA
"2372","canary rockfish","data_2025","canaryRockfish_2025","CC_NCC_fish_157","",2020-01-01,NA,1425.08323010883,1425.08323010883,-0.100756783564528,"09.PredFishNCC_b_0","PredNCC","09.PredFishNCC_b_0","PredNCC",NA
"2373","canary rockfish","data_2025","canaryRockfish_2025","CC_NCC_fish_157","",2021-01-01,215.371543988102,215.371543988102,215.371543988102,-0.273576829345927,"09.PredFishNCC_b_0","PredNCC","09.PredFishNCC_b_0","PredNCC",NA
"2374","canary rockfish","data_2025","canaryRockfish_2025","CC_NCC_fish_157","",2022-01-01,835.609043499107,835.609043499107,835.609043499107,-0.0818475117661661,"09.PredFishNCC_b_0","PredNCC","09.PredFishNCC_b_0","PredNCC",NA
"2375","canary rockfish","data_2025","canaryRockfish_2025","CC_NCC_fish_157","",2023-01-01,1521.1990336215,1521.1990336215,1521.1990336215,0.375978862371475,"09.PredFishNCC_b_0","PredNCC","09.PredFishNCC_b_0","PredNCC",NA
"2376","canary rockfish","data_2025","canaryRockfish_2025","CC_NCC_fish_157","",2024-01-01,6063.52213318274,6063.52213318274,6063.52213318274,1.23697151022636,"09.PredFishNCC_b_0","PredNCC","09.PredFishNCC_b_0","PredNCC",NA
"2377","canary rockfish","data_2025","canaryRockfish_2025","CC_NCC_fish_157","",2025-01-01,NA,NA,NA,NA,"09.PredFishNCC_b_0","PredNCC","09.PredFishNCC_b_0","PredNCC",NA
"2378","canary rockfish","data_2025","canaryRockfish_2025","CC_NCC_fish_157","",2026-01-01,NA,NA,NA,NA,"09.PredFishNCC_b_0","PredNCC","09.PredFishNCC_b_0","PredNCC",NA
"2379","chilipepper","data_2025","chilipepper_2025","CC_NCC_fish_156","",1998-01-01,NA,NA,NA,NA,"09.PredFishNCC_b_1","PredNCC","09.PredFishNCC_b_1","PredNCC",NA
"2380","chilipepper","data_2025","chilipepper_2025","CC_NCC_fish_156","",1999-01-01,NA,NA,NA,NA,"09.PredFishNCC_b_1","PredNCC","09.PredFishNCC_b_1","PredNCC",NA
"2381","chilipepper","data_2025","chilipepper_2025","CC_NCC_fish_156","",2000-01-01,NA,NA,NA,NA,"09.PredFishNCC_b_1","PredNCC","09.PredFishNCC_b_1","PredNCC",NA
"2382","chilipepper","data_2025","chilipepper_2025","CC_NCC_fish_156","",2001-01-01,NA,NA,NA,NA,"09.PredFishNCC_b_1","PredNCC","09.PredFishNCC_b_1","PredNCC",NA
"2383","chilipepper","data_2025","chilipepper_2025","CC_NCC_fish_156","",2002-01-01,NA,NA,NA,NA,"09.PredFishNCC_b_1","PredNCC","09.PredFishNCC_b_1","PredNCC",NA
"2384","chilipepper","data_2025","chilipepper_2025","CC_NCC_fish_156","",2003-01-01,0,0,0,-0.384418075307079,"09.PredFishNCC_b_1","PredNCC","09.PredFishNCC_b_1","PredNCC",NA
"2385","chilipepper","data_2025","chilipepper_2025","CC_NCC_fish_156","",2004-01-01,0,0,0,-0.33866598167344,"09.PredFishNCC_b_1","PredNCC","09.PredFishNCC_b_1","PredNCC",NA
"2386","chilipepper","data_2025","chilipepper_2025","CC_NCC_fish_156","",2005-01-01,0,0,0,-0.224285747589343,"09.PredFishNCC_b_1","PredNCC","09.PredFishNCC_b_1","PredNCC",NA
"2387","chilipepper","data_2025","chilipepper_2025","CC_NCC_fish_156","",2006-01-01,1.76390924648889,1.76390924648889,1.76390924648889,0.0731028610293104,"09.PredFishNCC_b_1","PredNCC","09.PredFishNCC_b_1","PredNCC",NA
"2388","chilipepper","data_2025","chilipepper_2025","CC_NCC_fish_156","",2007-01-01,3.454385991575,3.454385991575,3.454385991575,0.2440834940547,"09.PredFishNCC_b_1","PredNCC","09.PredFishNCC_b_1","PredNCC",NA
"2389","chilipepper","data_2025","chilipepper_2025","CC_NCC_fish_156","",2008-01-01,0,0,0,-0.121906553732485,"09.PredFishNCC_b_1","PredNCC","09.PredFishNCC_b_1","PredNCC",NA
"2390","chilipepper","data_2025","chilipepper_2025","CC_NCC_fish_156","",2009-01-01,0,0,0,-0.202509033128258,"09.PredFishNCC_b_1","PredNCC","09.PredFishNCC_b_1","PredNCC",NA
"2391","chilipepper","data_2025","chilipepper_2025","CC_NCC_fish_156","",2010-01-01,1.90290554235844,1.90290554235844,1.90290554235844,-0.0783264235283899,"09.PredFishNCC_b_1","PredNCC","09.PredFishNCC_b_1","PredNCC",NA
"2392","chilipepper","data_2025","chilipepper_2025","CC_NCC_fish_156","",2011-01-01,0,0,0,-0.279797389884237,"09.PredFishNCC_b_1","PredNCC","09.PredFishNCC_b_1","PredNCC",NA
"2393","chilipepper","data_2025","chilipepper_2025","CC_NCC_fish_156","",2012-01-01,0,0,0,-0.353771624000422,"09.PredFishNCC_b_1","PredNCC","09.PredFishNCC_b_1","PredNCC",NA
"2394","chilipepper","data_2025","chilipepper_2025","CC_NCC_fish_156","",2013-01-01,0,0,0,-0.374223359993132,"09.PredFishNCC_b_1","PredNCC","09.PredFishNCC_b_1","PredNCC",NA
"2395","chilipepper","data_2025","chilipepper_2025","CC_NCC_fish_156","",2014-01-01,0,0,0,-0.361604333855074,"09.PredFishNCC_b_1","PredNCC","09.PredFishNCC_b_1","PredNCC",NA
"2396","chilipepper","data_2025","chilipepper_2025","CC_NCC_fish_156","",2015-01-01,0,0,0,-0.303295519448191,"09.PredFishNCC_b_1","PredNCC","09.PredFishNCC_b_1","PredNCC",NA
"2397","chilipepper","data_2025","chilipepper_2025","CC_NCC_fish_156","",2016-01-01,0,0,0,-0.140988102365601,"09.PredFishNCC_b_1","PredNCC","09.PredFishNCC_b_1","PredNCC",NA
"2398","chilipepper","data_2025","chilipepper_2025","CC_NCC_fish_156","",2017-01-01,0,0,0,0.287625334475287,"09.PredFishNCC_b_1","PredNCC","09.PredFishNCC_b_1","PredNCC",NA
"2399","chilipepper","data_2025","chilipepper_2025","CC_NCC_fish_156","",2018-01-01,11.7573648336162,11.7573648336162,11.7573648336162,1.41115822791536,"09.PredFishNCC_b_1","PredNCC","09.PredFishNCC_b_1","PredNCC",NA
"2400","chilipepper","data_2025","chilipepper_2025","CC_NCC_fish_156","",2019-01-01,0,0,0,0.308475472158918,"09.PredFishNCC_b_1","PredNCC","09.PredFishNCC_b_1","PredNCC",NA
"2401","chilipepper","data_2025","chilipepper_2025","CC_NCC_fish_156","",2020-01-01,NA,0,0,-0.0784376893147075,"09.PredFishNCC_b_1","PredNCC","09.PredFishNCC_b_1","PredNCC",NA
"2402","chilipepper","data_2025","chilipepper_2025","CC_NCC_fish_156","",2021-01-01,0,0,0,-0.136494417979142,"09.PredFishNCC_b_1","PredNCC","09.PredFishNCC_b_1","PredNCC",NA
"2403","chilipepper","data_2025","chilipepper_2025","CC_NCC_fish_156","",2022-01-01,0,0,0,0.0762485575011808,"09.PredFishNCC_b_1","PredNCC","09.PredFishNCC_b_1","PredNCC",NA
"2404","chilipepper","data_2025","chilipepper_2025","CC_NCC_fish_156","",2023-01-01,7.16844812470694,7.16844812470694,7.16844812470694,0.772534212606583,"09.PredFishNCC_b_1","PredNCC","09.PredFishNCC_b_1","PredNCC",NA
"2405","chilipepper","data_2025","chilipepper_2025","CC_NCC_fish_156","",2024-01-01,0,0,0,0.182620045241342,"09.PredFishNCC_b_1","PredNCC","09.PredFishNCC_b_1","PredNCC",NA
"2406","chilipepper","data_2025","chilipepper_2025","CC_NCC_fish_156","",2025-01-01,NA,NA,NA,NA,"09.PredFishNCC_b_1","PredNCC","09.PredFishNCC_b_1","PredNCC",NA
"2407","chilipepper","data_2025","chilipepper_2025","CC_NCC_fish_156","",2026-01-01,NA,NA,NA,NA,"09.PredFishNCC_b_1","PredNCC","09.PredFishNCC_b_1","PredNCC",NA
"2408","darkblotched rockfish","data_2025","darkblotchedRockfish_2025","CC_NCC_fish_158","",1998-01-01,NA,NA,NA,NA,"09.PredFishNCC_b","PredNCC","09.PredFishNCC_b","PredNCC","09.PredFishNCC_b"
"2409","darkblotched rockfish","data_2025","darkblotchedRockfish_2025","CC_NCC_fish_158","",1999-01-01,NA,NA,NA,NA,"09.PredFishNCC_b","PredNCC","09.PredFishNCC_b","PredNCC","09.PredFishNCC_b"
"2410","darkblotched rockfish","data_2025","darkblotchedRockfish_2025","CC_NCC_fish_158","",2000-01-01,NA,NA,NA,NA,"09.PredFishNCC_b","PredNCC","09.PredFishNCC_b","PredNCC","09.PredFishNCC_b"
"2411","darkblotched rockfish","data_2025","darkblotchedRockfish_2025","CC_NCC_fish_158","",2001-01-01,NA,NA,NA,NA,"09.PredFishNCC_b","PredNCC","09.PredFishNCC_b","PredNCC","09.PredFishNCC_b"
"2412","darkblotched rockfish","data_2025","darkblotchedRockfish_2025","CC_NCC_fish_158","",2002-01-01,NA,NA,NA,NA,"09.PredFishNCC_b","PredNCC","09.PredFishNCC_b","PredNCC","09.PredFishNCC_b"
"2413","darkblotched rockfish","data_2025","darkblotchedRockfish_2025","CC_NCC_fish_158","",2003-01-01,100.346571254264,100.346571254264,100.346571254264,-0.170718267661173,"09.PredFishNCC_b","PredNCC","09.PredFishNCC_b","PredNCC","09.PredFishNCC_b"
"2414","darkblotched rockfish","data_2025","darkblotchedRockfish_2025","CC_NCC_fish_158","",2004-01-01,91.595743464495,91.595743464495,91.595743464495,-0.0185685427482282,"09.PredFishNCC_b","PredNCC","09.PredFishNCC_b","PredNCC","09.PredFishNCC_b"
"2415","darkblotched rockfish","data_2025","darkblotchedRockfish_2025","CC_NCC_fish_158","",2005-01-01,235.076366292112,235.076366292112,235.076366292112,0.43658399342678,"09.PredFishNCC_b","PredNCC","09.PredFishNCC_b","PredNCC","09.PredFishNCC_b"
"2416","darkblotched rockfish","data_2025","darkblotchedRockfish_2025","CC_NCC_fish_158","",2006-01-01,181.584851871478,181.584851871478,181.584851871478,0.423810596979417,"09.PredFishNCC_b","PredNCC","09.PredFishNCC_b","PredNCC","09.PredFishNCC_b"
"2417","darkblotched rockfish","data_2025","darkblotchedRockfish_2025","CC_NCC_fish_158","",2007-01-01,74.3280860068639,74.3280860068639,74.3280860068639,0.387437535379763,"09.PredFishNCC_b","PredNCC","09.PredFishNCC_b","PredNCC","09.PredFishNCC_b"
"2418","darkblotched rockfish","data_2025","darkblotchedRockfish_2025","CC_NCC_fish_158","",2008-01-01,469.115858906959,469.115858906959,469.115858906959,1.20763023281602,"09.PredFishNCC_b","PredNCC","09.PredFishNCC_b","PredNCC","09.PredFishNCC_b"
"2419","darkblotched rockfish","data_2025","darkblotchedRockfish_2025","CC_NCC_fish_158","",2009-01-01,68.1626307600312,68.1626307600312,68.1626307600312,0.331011573532922,"09.PredFishNCC_b","PredNCC","09.PredFishNCC_b","PredNCC","09.PredFishNCC_b"
"2420","darkblotched rockfish","data_2025","darkblotchedRockfish_2025","CC_NCC_fish_158","",2010-01-01,192.120775204604,192.120775204604,192.120775204604,0.307218217761707,"09.PredFishNCC_b","PredNCC","09.PredFishNCC_b","PredNCC","09.PredFishNCC_b"
"2421","darkblotched rockfish","data_2025","darkblotchedRockfish_2025","CC_NCC_fish_158","",2011-01-01,48.6024953579568,48.6024953579568,48.6024953579568,0.0532004626424443,"09.PredFishNCC_b","PredNCC","09.PredFishNCC_b","PredNCC","09.PredFishNCC_b"
"2422","darkblotched rockfish","data_2025","darkblotchedRockfish_2025","CC_NCC_fish_158","",2012-01-01,347.451955081519,347.451955081519,347.451955081519,0.541343622672576,"09.PredFishNCC_b","PredNCC","09.PredFishNCC_b","PredNCC","09.PredFishNCC_b"
"2423","darkblotched rockfish","data_2025","darkblotchedRockfish_2025","CC_NCC_fish_158","",2013-01-01,19.53976717422,19.53976717422,19.53976717422,-0.293959752492243,"09.PredFishNCC_b","PredNCC","09.PredFishNCC_b","PredNCC","09.PredFishNCC_b"
"2424","darkblotched rockfish","data_2025","darkblotchedRockfish_2025","CC_NCC_fish_158","",2014-01-01,25.5499566392319,25.5499566392319,25.5499566392319,-0.485913443150236,"09.PredFishNCC_b","PredNCC","09.PredFishNCC_b","PredNCC","09.PredFishNCC_b"
"2425","darkblotched rockfish","data_2025","darkblotchedRockfish_2025","CC_NCC_fish_158","",2015-01-01,54.9098513286389,54.9098513286389,54.9098513286389,-0.27782985758578,"09.PredFishNCC_b","PredNCC","09.PredFishNCC_b","PredNCC","09.PredFishNCC_b"
"2426","darkblotched rockfish","data_2025","darkblotchedRockfish_2025","CC_NCC_fish_158","",2016-01-01,243.286251964462,243.286251964462,243.286251964462,0.287486235967122,"09.PredFishNCC_b","PredNCC","09.PredFishNCC_b","PredNCC","09.PredFishNCC_b"
"2427","darkblotched rockfish","data_2025","darkblotchedRockfish_2025","CC_NCC_fish_158","",2017-01-01,205.725673974145,205.725673974145,205.725673974145,0.16562291432388,"09.PredFishNCC_b","PredNCC","09.PredFishNCC_b","PredNCC","09.PredFishNCC_b"
"2428","darkblotched rockfish","data_2025","darkblotchedRockfish_2025","CC_NCC_fish_158","",2018-01-01,33.5640576105235,33.5640576105235,33.5640576105235,-0.444317702034419,"09.PredFishNCC_b","PredNCC","09.PredFishNCC_b","PredNCC","09.PredFishNCC_b"
"2429","darkblotched rockfish","data_2025","darkblotchedRockfish_2025","CC_NCC_fish_158","",2019-01-01,27.8024368656526,27.8024368656526,27.8024368656526,-0.681107992192559,"09.PredFishNCC_b","PredNCC","09.PredFishNCC_b","PredNCC","09.PredFishNCC_b"
"2430","darkblotched rockfish","data_2025","darkblotchedRockfish_2025","CC_NCC_fish_158","",2020-01-01,NA,23.9642108748996,23.9642108748996,-0.732303616580485,"09.PredFishNCC_b","PredNCC","09.PredFishNCC_b","PredNCC","09.PredFishNCC_b"
"2431","darkblotched rockfish","data_2025","darkblotchedRockfish_2025","CC_NCC_fish_158","",2021-01-01,20.1259848841466,20.1259848841466,20.1259848841466,-0.616301505635974,"09.PredFishNCC_b","PredNCC","09.PredFishNCC_b","PredNCC","09.PredFishNCC_b"
"2432","darkblotched rockfish","data_2025","darkblotchedRockfish_2025","CC_NCC_fish_158","",2022-01-01,150.456370735383,150.456370735383,150.456370735383,-0.184300854464364,"09.PredFishNCC_b","PredNCC","09.PredFishNCC_b","PredNCC","09.PredFishNCC_b"
"2433","darkblotched rockfish","data_2025","darkblotchedRockfish_2025","CC_NCC_fish_158","",2023-01-01,132.077917626381,132.077917626381,132.077917626381,-0.118009909764592,"09.PredFishNCC_b","PredNCC","09.PredFishNCC_b","PredNCC","09.PredFishNCC_b"
"2434","darkblotched rockfish","data_2025","darkblotchedRockfish_2025","CC_NCC_fish_158","",2024-01-01,97.6111918420682,97.6111918420682,97.6111918420682,-0.194088803649047,"09.PredFishNCC_b","PredNCC","09.PredFishNCC_b","PredNCC","09.PredFishNCC_b"
"2435","darkblotched rockfish","data_2025","darkblotchedRockfish_2025","CC_NCC_fish_158","",2025-01-01,NA,NA,NA,NA,"09.PredFishNCC_b","PredNCC","09.PredFishNCC_b","PredNCC","09.PredFishNCC_b"
"2436","darkblotched rockfish","data_2025","darkblotchedRockfish_2025","CC_NCC_fish_158","",2026-01-01,NA,NA,NA,NA,"09.PredFishNCC_b","PredNCC","09.PredFishNCC_b","PredNCC","09.PredFishNCC_b"
"2437","greenstriped rockfish","data_2025","greestripedRockfish_2025","CC_NCC_fish_151","",1998-01-01,NA,NA,NA,NA,"09.PredFishNCC_b","PredNCC","09.PredFishNCC_b","PredNCC","09.PredFishNCC_b"
"2438","greenstriped rockfish","data_2025","greestripedRockfish_2025","CC_NCC_fish_151","",1999-01-01,NA,NA,NA,NA,"09.PredFishNCC_b","PredNCC","09.PredFishNCC_b","PredNCC","09.PredFishNCC_b"
"2439","greenstriped rockfish","data_2025","greestripedRockfish_2025","CC_NCC_fish_151","",2000-01-01,NA,NA,NA,NA,"09.PredFishNCC_b","PredNCC","09.PredFishNCC_b","PredNCC","09.PredFishNCC_b"
"2440","greenstriped rockfish","data_2025","greestripedRockfish_2025","CC_NCC_fish_151","",2001-01-01,NA,NA,NA,NA,"09.PredFishNCC_b","PredNCC","09.PredFishNCC_b","PredNCC","09.PredFishNCC_b"
"2441","greenstriped rockfish","data_2025","greestripedRockfish_2025","CC_NCC_fish_151","",2002-01-01,NA,NA,NA,NA,"09.PredFishNCC_b","PredNCC","09.PredFishNCC_b","PredNCC","09.PredFishNCC_b"
"2442","greenstriped rockfish","data_2025","greestripedRockfish_2025","CC_NCC_fish_151","",2003-01-01,811.189676677558,811.189676677558,811.189676677558,0.219130918070843,"09.PredFishNCC_b","PredNCC","09.PredFishNCC_b","PredNCC","09.PredFishNCC_b"
"2443","greenstriped rockfish","data_2025","greestripedRockfish_2025","CC_NCC_fish_151","",2004-01-01,320.177099418827,320.177099418827,320.177099418827,-0.673400571522105,"09.PredFishNCC_b","PredNCC","09.PredFishNCC_b","PredNCC","09.PredFishNCC_b"
"2444","greenstriped rockfish","data_2025","greestripedRockfish_2025","CC_NCC_fish_151","",2005-01-01,620.574571989956,620.574571989956,620.574571989956,-0.498845779942169,"09.PredFishNCC_b","PredNCC","09.PredFishNCC_b","PredNCC","09.PredFishNCC_b"
"2445","greenstriped rockfish","data_2025","greestripedRockfish_2025","CC_NCC_fish_151","",2006-01-01,370.35255554648,370.35255554648,370.35255554648,-0.554549742311067,"09.PredFishNCC_b","PredNCC","09.PredFishNCC_b","PredNCC","09.PredFishNCC_b"
"2446","greenstriped rockfish","data_2025","greestripedRockfish_2025","CC_NCC_fish_151","",2007-01-01,978.871172081899,978.871172081899,978.871172081899,0.329831652868445,"09.PredFishNCC_b","PredNCC","09.PredFishNCC_b","PredNCC","09.PredFishNCC_b"
"2447","greenstriped rockfish","data_2025","greestripedRockfish_2025","CC_NCC_fish_151","",2008-01-01,607.50882854146,607.50882854146,607.50882854146,0.0570353862705877,"09.PredFishNCC_b","PredNCC","09.PredFishNCC_b","PredNCC","09.PredFishNCC_b"
"2448","greenstriped rockfish","data_2025","greestripedRockfish_2025","CC_NCC_fish_151","",2009-01-01,658.625417613948,658.625417613948,658.625417613948,0.173881596263311,"09.PredFishNCC_b","PredNCC","09.PredFishNCC_b","PredNCC","09.PredFishNCC_b"
"2449","greenstriped rockfish","data_2025","greestripedRockfish_2025","CC_NCC_fish_151","",2010-01-01,858.395275269965,858.395275269965,858.395275269965,0.546753338294788,"09.PredFishNCC_b","PredNCC","09.PredFishNCC_b","PredNCC","09.PredFishNCC_b"
"2450","greenstriped rockfish","data_2025","greestripedRockfish_2025","CC_NCC_fish_151","",2011-01-01,829.783318294584,829.783318294584,829.783318294584,0.569681832379515,"09.PredFishNCC_b","PredNCC","09.PredFishNCC_b","PredNCC","09.PredFishNCC_b"
"2451","greenstriped rockfish","data_2025","greestripedRockfish_2025","CC_NCC_fish_151","",2012-01-01,874.525766706881,874.525766706881,874.525766706881,0.4057896100327,"09.PredFishNCC_b","PredNCC","09.PredFishNCC_b","PredNCC","09.PredFishNCC_b"
"2452","greenstriped rockfish","data_2025","greestripedRockfish_2025","CC_NCC_fish_151","",2013-01-01,516.775837211111,516.775837211111,516.775837211111,-0.328046430435753,"09.PredFishNCC_b","PredNCC","09.PredFishNCC_b","PredNCC","09.PredFishNCC_b"
"2453","greenstriped rockfish","data_2025","greestripedRockfish_2025","CC_NCC_fish_151","",2014-01-01,564.902079033945,564.902079033945,564.902079033945,-0.612744587809004,"09.PredFishNCC_b","PredNCC","09.PredFishNCC_b","PredNCC","09.PredFishNCC_b"
"2454","greenstriped rockfish","data_2025","greestripedRockfish_2025","CC_NCC_fish_151","",2015-01-01,279.244517226585,279.244517226585,279.244517226585,-0.968813948202585,"09.PredFishNCC_b","PredNCC","09.PredFishNCC_b","PredNCC","09.PredFishNCC_b"
"2455","greenstriped rockfish","data_2025","greestripedRockfish_2025","CC_NCC_fish_151","",2016-01-01,603.244416290782,603.244416290782,603.244416290782,-0.352647263144092,"09.PredFishNCC_b","PredNCC","09.PredFishNCC_b","PredNCC","09.PredFishNCC_b"
"2456","greenstriped rockfish","data_2025","greestripedRockfish_2025","CC_NCC_fish_151","",2017-01-01,860.311069943806,860.311069943806,860.311069943806,0.26437419071226,"09.PredFishNCC_b","PredNCC","09.PredFishNCC_b","PredNCC","09.PredFishNCC_b"
"2457","greenstriped rockfish","data_2025","greestripedRockfish_2025","CC_NCC_fish_151","",2018-01-01,826.790648034226,826.790648034226,826.790648034226,0.239686159912761,"09.PredFishNCC_b","PredNCC","09.PredFishNCC_b","PredNCC","09.PredFishNCC_b"
"2458","greenstriped rockfish","data_2025","greestripedRockfish_2025","CC_NCC_fish_151","",2019-01-01,426.529079690492,426.529079690492,426.529079690492,-0.287154651599872,"09.PredFishNCC_b","PredNCC","09.PredFishNCC_b","PredNCC","09.PredFishNCC_b"
"2459","greenstriped rockfish","data_2025","greestripedRockfish_2025","CC_NCC_fish_151","",2020-01-01,NA,681.744823748299,681.744823748299,0.118228953714633,"09.PredFishNCC_b","PredNCC","09.PredFishNCC_b","PredNCC","09.PredFishNCC_b"
"2460","greenstriped rockfish","data_2025","greestripedRockfish_2025","CC_NCC_fish_151","",2021-01-01,936.960567806107,936.960567806107,936.960567806107,0.610704036424312,"09.PredFishNCC_b","PredNCC","09.PredFishNCC_b","PredNCC","09.PredFishNCC_b"
"2461","greenstriped rockfish","data_2025","greestripedRockfish_2025","CC_NCC_fish_151","",2022-01-01,775.805579804588,775.805579804588,775.805579804588,0.432229134492373,"09.PredFishNCC_b","PredNCC","09.PredFishNCC_b","PredNCC","09.PredFishNCC_b"
"2462","greenstriped rockfish","data_2025","greestripedRockfish_2025","CC_NCC_fish_151","",2023-01-01,591.403947420117,591.403947420117,591.403947420117,0.193963149764563,"09.PredFishNCC_b","PredNCC","09.PredFishNCC_b","PredNCC","09.PredFishNCC_b"
"2463","greenstriped rockfish","data_2025","greestripedRockfish_2025","CC_NCC_fish_151","",2024-01-01,864.864421038449,864.864421038449,864.864421038449,0.561178760562033,"09.PredFishNCC_b","PredNCC","09.PredFishNCC_b","PredNCC","09.PredFishNCC_b"
"2464","greenstriped rockfish","data_2025","greestripedRockfish_2025","CC_NCC_fish_151","",2025-01-01,NA,NA,NA,NA,"09.PredFishNCC_b","PredNCC","09.PredFishNCC_b","PredNCC","09.PredFishNCC_b"
"2465","greenstriped rockfish","data_2025","greestripedRockfish_2025","CC_NCC_fish_151","",2026-01-01,NA,NA,NA,NA,"09.PredFishNCC_b","PredNCC","09.PredFishNCC_b","PredNCC","09.PredFishNCC_b"
"2466","hakeFisheryWA.cpue","data_2025","hakeFisheryWA_2025","CC_NCC_fish_178","",1998-01-01,653.944554112256,653.944554112256,653.944554112256,0.0181564156136509,"09.PredFishNCC_b","PredNCC","09.PredFishNCC_b","PredNCC","09.PredFishNCC_b"
"2467","hakeFisheryWA.cpue","data_2025","hakeFisheryWA_2025","CC_NCC_fish_178","",1999-01-01,483.037111527352,483.037111527352,483.037111527352,-0.265352276259648,"09.PredFishNCC_b","PredNCC","09.PredFishNCC_b","PredNCC","09.PredFishNCC_b"
"2468","hakeFisheryWA.cpue","data_2025","hakeFisheryWA_2025","CC_NCC_fish_178","",2000-01-01,448.618286905359,448.618286905359,448.618286905359,-0.326652287920913,"09.PredFishNCC_b","PredNCC","09.PredFishNCC_b","PredNCC","09.PredFishNCC_b"
"2469","hakeFisheryWA.cpue","data_2025","hakeFisheryWA_2025","CC_NCC_fish_178","",2001-01-01,421.708814214081,421.708814214081,421.708814214081,-0.0966501550467213,"09.PredFishNCC_b","PredNCC","09.PredFishNCC_b","PredNCC","09.PredFishNCC_b"
"2470","hakeFisheryWA.cpue","data_2025","hakeFisheryWA_2025","CC_NCC_fish_178","",2002-01-01,770.111505149214,770.111505149214,770.111505149214,0.756601040384973,"09.PredFishNCC_b","PredNCC","09.PredFishNCC_b","PredNCC","09.PredFishNCC_b"
"2471","hakeFisheryWA.cpue","data_2025","hakeFisheryWA_2025","CC_NCC_fish_178","",2003-01-01,1384.80834975279,1384.80834975279,1384.80834975279,1.76645158456847,"09.PredFishNCC_b","PredNCC","09.PredFishNCC_b","PredNCC","09.PredFishNCC_b"
"2472","hakeFisheryWA.cpue","data_2025","hakeFisheryWA_2025","CC_NCC_fish_178","",2004-01-01,1105.68280501132,1105.68280501132,1105.68280501132,1.61401305035518,"09.PredFishNCC_b","PredNCC","09.PredFishNCC_b","PredNCC","09.PredFishNCC_b"
"2473","hakeFisheryWA.cpue","data_2025","hakeFisheryWA_2025","CC_NCC_fish_178","",2005-01-01,1012.50657973231,1012.50657973231,1012.50657973231,1.20429585522272,"09.PredFishNCC_b","PredNCC","09.PredFishNCC_b","PredNCC","09.PredFishNCC_b"
"2474","hakeFisheryWA.cpue","data_2025","hakeFisheryWA_2025","CC_NCC_fish_178","",2006-01-01,765.986824300337,765.986824300337,765.986824300337,0.48057486657114,"09.PredFishNCC_b","PredNCC","09.PredFishNCC_b","PredNCC","09.PredFishNCC_b"
"2475","hakeFisheryWA.cpue","data_2025","hakeFisheryWA_2025","CC_NCC_fish_178","",2007-01-01,380.560577497496,380.560577497496,380.560577497496,-0.346946862314777,"09.PredFishNCC_b","PredNCC","09.PredFishNCC_b","PredNCC","09.PredFishNCC_b"
"2476","hakeFisheryWA.cpue","data_2025","hakeFisheryWA_2025","CC_NCC_fish_178","",2008-01-01,347.143841502569,347.143841502569,347.143841502569,-0.645628820375047,"09.PredFishNCC_b","PredNCC","09.PredFishNCC_b","PredNCC","09.PredFishNCC_b"
"2477","hakeFisheryWA.cpue","data_2025","hakeFisheryWA_2025","CC_NCC_fish_178","",2009-01-01,464.048855099713,464.048855099713,464.048855099713,-0.587555837200392,"09.PredFishNCC_b","PredNCC","09.PredFishNCC_b","PredNCC","09.PredFishNCC_b"
"2478","hakeFisheryWA.cpue","data_2025","hakeFisheryWA_2025","CC_NCC_fish_178","",2010-01-01,392.349744798369,392.349744798369,392.349744798369,-0.557541961651193,"09.PredFishNCC_b","PredNCC","09.PredFishNCC_b","PredNCC","09.PredFishNCC_b"
"2479","hakeFisheryWA.cpue","data_2025","hakeFisheryWA_2025","CC_NCC_fish_178","",2011-01-01,690.707481166651,690.707481166651,690.707481166651,-0.253945907309956,"09.PredFishNCC_b","PredNCC","09.PredFishNCC_b","PredNCC","09.PredFishNCC_b"
"2480","hakeFisheryWA.cpue","data_2025","hakeFisheryWA_2025","CC_NCC_fish_178","",2012-01-01,332.211192988121,332.211192988121,332.211192988121,-0.503480477248447,"09.PredFishNCC_b","PredNCC","09.PredFishNCC_b","PredNCC","09.PredFishNCC_b"
"2481","hakeFisheryWA.cpue","data_2025","hakeFisheryWA_2025","CC_NCC_fish_178","",2013-01-01,528.666219552492,528.666219552492,528.666219552492,-0.197540396230511,"09.PredFishNCC_b","PredNCC","09.PredFishNCC_b","PredNCC","09.PredFishNCC_b"
"2482","hakeFisheryWA.cpue","data_2025","hakeFisheryWA_2025","CC_NCC_fish_178","",2014-01-01,785.276273921184,785.276273921184,785.276273921184,0.225557340300668,"09.PredFishNCC_b","PredNCC","09.PredFishNCC_b","PredNCC","09.PredFishNCC_b"
"2483","hakeFisheryWA.cpue","data_2025","hakeFisheryWA_2025","CC_NCC_fish_178","",2015-01-01,708.992470022137,708.992470022137,708.992470022137,0.216759986422753,"09.PredFishNCC_b","PredNCC","09.PredFishNCC_b","PredNCC","09.PredFishNCC_b"
"2484","hakeFisheryWA.cpue","data_2025","hakeFisheryWA_2025","CC_NCC_fish_178","",2016-01-01,545.997589993447,545.997589993447,545.997589993447,0.0562664123001544,"09.PredFishNCC_b","PredNCC","09.PredFishNCC_b","PredNCC","09.PredFishNCC_b"
"2485","hakeFisheryWA.cpue","data_2025","hakeFisheryWA_2025","CC_NCC_fish_178","",2017-01-01,725.655792321234,725.655792321234,725.655792321234,0.201078533794771,"09.PredFishNCC_b","PredNCC","09.PredFishNCC_b","PredNCC","09.PredFishNCC_b"
"2486","hakeFisheryWA.cpue","data_2025","hakeFisheryWA_2025","CC_NCC_fish_178","",2018-01-01,642.560021173762,642.560021173762,642.560021173762,0.115385070877174,"09.PredFishNCC_b","PredNCC","09.PredFishNCC_b","PredNCC","09.PredFishNCC_b"
"2487","hakeFisheryWA.cpue","data_2025","hakeFisheryWA_2025","CC_NCC_fish_178","",2019-01-01,638.867747450856,638.867747450856,638.867747450856,0.0282954790485297,"09.PredFishNCC_b","PredNCC","09.PredFishNCC_b","PredNCC","09.PredFishNCC_b"
"2488","hakeFisheryWA.cpue","data_2025","hakeFisheryWA_2025","CC_NCC_fish_178","",2020-01-01,707.067321058685,707.067321058685,707.067321058685,-0.133291894933751,"09.PredFishNCC_b","PredNCC","09.PredFishNCC_b","PredNCC","09.PredFishNCC_b"
"2489","hakeFisheryWA.cpue","data_2025","hakeFisheryWA_2025","CC_NCC_fish_178","",2021-01-01,270.455782778573,270.455782778573,270.455782778573,-0.789334069020446,"09.PredFishNCC_b","PredNCC","09.PredFishNCC_b","PredNCC","09.PredFishNCC_b"
"2490","hakeFisheryWA.cpue","data_2025","hakeFisheryWA_2025","CC_NCC_fish_178","",2022-01-01,310.791848392087,310.791848392087,310.791848392087,-0.941798833393011,"09.PredFishNCC_b","PredNCC","09.PredFishNCC_b","PredNCC","09.PredFishNCC_b"
"2491","hakeFisheryWA.cpue","data_2025","hakeFisheryWA_2025","CC_NCC_fish_178","",2023-01-01,387.334468578657,387.334468578657,387.334468578657,-0.895961510618722,"09.PredFishNCC_b","PredNCC","09.PredFishNCC_b","PredNCC","09.PredFishNCC_b"
"2492","hakeFisheryWA.cpue","data_2025","hakeFisheryWA_2025","CC_NCC_fish_178","",2024-01-01,NA,NA,NA,NA,"09.PredFishNCC_b","PredNCC","09.PredFishNCC_b","PredNCC","09.PredFishNCC_b"
"2493","hakeFisheryWA.cpue","data_2025","hakeFisheryWA_2025","CC_NCC_fish_178","",2025-01-01,NA,NA,NA,NA,"09.PredFishNCC_b","PredNCC","09.PredFishNCC_b","PredNCC","09.PredFishNCC_b"
"2494","hakeFisheryWA.cpue","data_2025","hakeFisheryWA_2025","CC_NCC_fish_178","",2026-01-01,NA,NA,NA,NA,"09.PredFishNCC_b","PredNCC","09.PredFishNCC_b","PredNCC","09.PredFishNCC_b"
"2495","herring_gam","data_2025","herring_GAM_2025","CC_NCC_fish_173","",1998-01-01,0.56401577777044,0.56401577777044,0.56401577777044,-0.890506200071848,"05.ForageFishNCC_1","PreyNCC","05.ForageFishNCC_1","PreyNCC",NA
"2496","herring_gam","data_2025","herring_GAM_2025","CC_NCC_fish_173","",1999-01-01,0.577738604301258,0.577738604301258,0.577738604301258,-0.789599637248125,"05.ForageFishNCC_1","PreyNCC","05.ForageFishNCC_1","PreyNCC",NA
"2497","herring_gam","data_2025","herring_GAM_2025","CC_NCC_fish_173","",2000-01-01,0.535505166239623,0.535505166239623,0.535505166239623,-1.06514204346859,"05.ForageFishNCC_1","PreyNCC","05.ForageFishNCC_1","PreyNCC",NA
"2498","herring_gam","data_2025","herring_GAM_2025","CC_NCC_fish_173","",2001-01-01,0.596261559688994,0.596261559688994,0.596261559688994,-0.368288839227705,"05.ForageFishNCC_1","PreyNCC","05.ForageFishNCC_1","PreyNCC",NA
"2499","herring_gam","data_2025","herring_GAM_2025","CC_NCC_fish_173","",2002-01-01,0.581871065502516,0.581871065502516,0.581871065502516,-0.339005685818977,"05.ForageFishNCC_1","PreyNCC","05.ForageFishNCC_1","PreyNCC",NA
"2500","herring_gam","data_2025","herring_GAM_2025","CC_NCC_fish_173","",2003-01-01,0.591290931272013,0.591290931272013,0.591290931272013,-0.394520712183787,"05.ForageFishNCC_1","PreyNCC","05.ForageFishNCC_1","PreyNCC",NA
"2501","herring_gam","data_2025","herring_GAM_2025","CC_NCC_fish_173","",2004-01-01,0.550513058960377,0.550513058960377,0.550513058960377,-0.952656823598581,"05.ForageFishNCC_1","PreyNCC","05.ForageFishNCC_1","PreyNCC",NA
"2502","herring_gam","data_2025","herring_GAM_2025","CC_NCC_fish_173","",2005-01-01,0.564016721068868,0.564016721068868,0.564016721068868,-1.00314727040986,"05.ForageFishNCC_1","PreyNCC","05.ForageFishNCC_1","PreyNCC",NA
"2503","herring_gam","data_2025","herring_GAM_2025","CC_NCC_fish_173","",2006-01-01,0.528174325123899,0.528174325123899,0.528174325123899,-1.11586178739175,"05.ForageFishNCC_1","PreyNCC","05.ForageFishNCC_1","PreyNCC",NA
"2504","herring_gam","data_2025","herring_GAM_2025","CC_NCC_fish_173","",2007-01-01,0.610481690732704,0.610481690732704,0.610481690732704,-0.0249408472989348,"05.ForageFishNCC_1","PreyNCC","05.ForageFishNCC_1","PreyNCC",NA
"2505","herring_gam","data_2025","herring_GAM_2025","CC_NCC_fish_173","",2008-01-01,0.608640814176101,0.608640814176101,0.608640814176101,0.19482184155373,"05.ForageFishNCC_1","PreyNCC","05.ForageFishNCC_1","PreyNCC",NA
"2506","herring_gam","data_2025","herring_GAM_2025","CC_NCC_fish_173","",2009-01-01,0.578935063342453,0.578935063342453,0.578935063342453,-0.166007042106766,"05.ForageFishNCC_1","PreyNCC","05.ForageFishNCC_1","PreyNCC",NA
"2507","herring_gam","data_2025","herring_GAM_2025","CC_NCC_fish_173","",2010-01-01,0.573413063146855,0.573413063146855,0.573413063146855,-0.325710634541035,"05.ForageFishNCC_1","PreyNCC","05.ForageFishNCC_1","PreyNCC",NA
"2508","herring_gam","data_2025","herring_GAM_2025","CC_NCC_fish_173","",2011-01-01,0.567854206682704,0.567854206682704,0.567854206682704,-0.231604769464404,"05.ForageFishNCC_1","PreyNCC","05.ForageFishNCC_1","PreyNCC",NA
"2509","herring_gam","data_2025","herring_GAM_2025","CC_NCC_fish_173","",2012-01-01,0.612805868169497,0.612805868169497,0.612805868169497,0.424221746638991,"05.ForageFishNCC_1","PreyNCC","05.ForageFishNCC_1","PreyNCC",NA
"2510","herring_gam","data_2025","herring_GAM_2025","CC_NCC_fish_173","",2013-01-01,0.61151635420283,0.61151635420283,0.61151635420283,0.568659845718945,"05.ForageFishNCC_1","PreyNCC","05.ForageFishNCC_1","PreyNCC",NA
"2511","herring_gam","data_2025","herring_GAM_2025","CC_NCC_fish_173","",2014-01-01,0.591905205463208,0.591905205463208,0.591905205463208,0.395745050165085,"05.ForageFishNCC_1","PreyNCC","05.ForageFishNCC_1","PreyNCC",NA
"2512","herring_gam","data_2025","herring_GAM_2025","CC_NCC_fish_173","",2015-01-01,0.597187300156918,0.597187300156918,0.597187300156918,0.486848652647972,"05.ForageFishNCC_1","PreyNCC","05.ForageFishNCC_1","PreyNCC",NA
"2513","herring_gam","data_2025","herring_GAM_2025","CC_NCC_fish_173","",2016-01-01,0.603941755977673,0.603941755977673,0.603941755977673,0.729913767856127,"05.ForageFishNCC_1","PreyNCC","05.ForageFishNCC_1","PreyNCC",NA
"2514","herring_gam","data_2025","herring_GAM_2025","CC_NCC_fish_173","",2017-01-01,0.635562989533019,0.635562989533019,0.635562989533019,1.10821491296769,"05.ForageFishNCC_1","PreyNCC","05.ForageFishNCC_1","PreyNCC",NA
"2515","herring_gam","data_2025","herring_GAM_2025","CC_NCC_fish_173","",2018-01-01,0.60395888835,0.60395888835,0.60395888835,0.783833985564701,"05.ForageFishNCC_1","PreyNCC","05.ForageFishNCC_1","PreyNCC",NA
"2516","herring_gam","data_2025","herring_GAM_2025","CC_NCC_fish_173","",2019-01-01,0.613816694776101,0.613816694776101,0.613816694776101,0.647950358647436,"05.ForageFishNCC_1","PreyNCC","05.ForageFishNCC_1","PreyNCC",NA
"2517","herring_gam","data_2025","herring_GAM_2025","CC_NCC_fish_173","",2020-01-01,0.582705629360377,0.582705629360377,0.582705629360377,0.185528406283168,"05.ForageFishNCC_1","PreyNCC","05.ForageFishNCC_1","PreyNCC",NA
"2518","herring_gam","data_2025","herring_GAM_2025","CC_NCC_fish_173","",2021-01-01,0.586993391141195,0.586993391141195,0.586993391141195,0.130743282401003,"05.ForageFishNCC_1","PreyNCC","05.ForageFishNCC_1","PreyNCC",NA
"2519","herring_gam","data_2025","herring_GAM_2025","CC_NCC_fish_173","",2022-01-01,0.591139521302201,0.591139521302201,0.591139521302201,0.263893513554963,"05.ForageFishNCC_1","PreyNCC","05.ForageFishNCC_1","PreyNCC",NA
"2520","herring_gam","data_2025","herring_GAM_2025","CC_NCC_fish_173","",2023-01-01,0.59561945638522,0.59561945638522,0.59561945638522,0.558660431757161,"05.ForageFishNCC_1","PreyNCC","05.ForageFishNCC_1","PreyNCC",NA
"2521","herring_gam","data_2025","herring_GAM_2025","CC_NCC_fish_173","",2024-01-01,0.633104700195283,0.633104700195283,0.633104700195283,1.1375032156615,"05.ForageFishNCC_1","PreyNCC","05.ForageFishNCC_1","PreyNCC",NA
"2522","herring_gam","data_2025","herring_GAM_2025","CC_NCC_fish_173","",2025-01-01,NA,NA,NA,NA,"05.ForageFishNCC_1","PreyNCC","05.ForageFishNCC_1","PreyNCC",NA
"2523","herring_gam","data_2025","herring_GAM_2025","CC_NCC_fish_173","",2026-01-01,NA,NA,NA,NA,"05.ForageFishNCC_1","PreyNCC","05.ForageFishNCC_1","PreyNCC",NA
"2524","jackmackerel_gam","data_2025","jackmackerel_GAM_2025","CC_NCC_fish_174","",1998-01-01,0.258063707205031,0.258063707205031,0.258063707205031,0.729150938281901,"09.PredFishNCC_b","PredNCC","09.PredFishNCC_b","PredNCC","09.PredFishNCC_b"
"2525","jackmackerel_gam","data_2025","jackmackerel_GAM_2025","CC_NCC_fish_174","",1999-01-01,0.177956818368522,0.177956818368522,0.177956818368522,0.0116992282131125,"09.PredFishNCC_b","PredNCC","09.PredFishNCC_b","PredNCC","09.PredFishNCC_b"
"2526","jackmackerel_gam","data_2025","jackmackerel_GAM_2025","CC_NCC_fish_174","",2000-01-01,0.193043295453994,0.193043295453994,0.193043295453994,-0.149379292303864,"09.PredFishNCC_b","PredNCC","09.PredFishNCC_b","PredNCC","09.PredFishNCC_b"
"2527","jackmackerel_gam","data_2025","jackmackerel_GAM_2025","CC_NCC_fish_174","",2001-01-01,0.189685176798459,0.189685176798459,0.189685176798459,-0.222620341396553,"09.PredFishNCC_b","PredNCC","09.PredFishNCC_b","PredNCC","09.PredFishNCC_b"
"2528","jackmackerel_gam","data_2025","jackmackerel_GAM_2025","CC_NCC_fish_174","",2002-01-01,0.181147077290566,0.181147077290566,0.181147077290566,-0.212827668632709,"09.PredFishNCC_b","PredNCC","09.PredFishNCC_b","PredNCC","09.PredFishNCC_b"
"2529","jackmackerel_gam","data_2025","jackmackerel_GAM_2025","CC_NCC_fish_174","",2003-01-01,0.191043860662814,0.191043860662814,0.191043860662814,0.0637949207629346,"09.PredFishNCC_b","PredNCC","09.PredFishNCC_b","PredNCC","09.PredFishNCC_b"
"2530","jackmackerel_gam","data_2025","jackmackerel_GAM_2025","CC_NCC_fish_174","",2004-01-01,0.271001588195283,0.271001588195283,0.271001588195283,0.68217698581512,"09.PredFishNCC_b","PredNCC","09.PredFishNCC_b","PredNCC","09.PredFishNCC_b"
"2531","jackmackerel_gam","data_2025","jackmackerel_GAM_2025","CC_NCC_fish_174","",2005-01-01,0.242311385147484,0.242311385147484,0.242311385147484,0.63118969283122,"09.PredFishNCC_b","PredNCC","09.PredFishNCC_b","PredNCC","09.PredFishNCC_b"
"2532","jackmackerel_gam","data_2025","jackmackerel_GAM_2025","CC_NCC_fish_174","",2006-01-01,0.271773389658302,0.271773389658302,0.271773389658302,0.44454218776259,"09.PredFishNCC_b","PredNCC","09.PredFishNCC_b","PredNCC","09.PredFishNCC_b"
"2533","jackmackerel_gam","data_2025","jackmackerel_GAM_2025","CC_NCC_fish_174","",2007-01-01,0.141055771658491,0.141055771658491,0.141055771658491,-0.664838520910993,"09.PredFishNCC_b","PredNCC","09.PredFishNCC_b","PredNCC","09.PredFishNCC_b"
"2534","jackmackerel_gam","data_2025","jackmackerel_GAM_2025","CC_NCC_fish_174","",2008-01-01,0.088965787839434,0.088965787839434,0.088965787839434,-1.14235318942942,"09.PredFishNCC_b","PredNCC","09.PredFishNCC_b","PredNCC","09.PredFishNCC_b"
"2535","jackmackerel_gam","data_2025","jackmackerel_GAM_2025","CC_NCC_fish_174","",2009-01-01,0.22885561993544,0.22885561993544,0.22885561993544,-0.403940589045567,"09.PredFishNCC_b","PredNCC","09.PredFishNCC_b","PredNCC","09.PredFishNCC_b"
"2536","jackmackerel_gam","data_2025","jackmackerel_GAM_2025","CC_NCC_fish_174","",2010-01-01,0.169699658534748,0.169699658534748,0.169699658534748,-0.562094630337373,"09.PredFishNCC_b","PredNCC","09.PredFishNCC_b","PredNCC","09.PredFishNCC_b"
"2537","jackmackerel_gam","data_2025","jackmackerel_GAM_2025","CC_NCC_fish_174","",2011-01-01,0.182872311767296,0.182872311767296,0.182872311767296,-0.569391272240418,"09.PredFishNCC_b","PredNCC","09.PredFishNCC_b","PredNCC","09.PredFishNCC_b"
"2538","jackmackerel_gam","data_2025","jackmackerel_GAM_2025","CC_NCC_fish_174","",2012-01-01,0.141417985922013,0.141417985922013,0.141417985922013,-0.701581284485564,"09.PredFishNCC_b","PredNCC","09.PredFishNCC_b","PredNCC","09.PredFishNCC_b"
"2539","jackmackerel_gam","data_2025","jackmackerel_GAM_2025","CC_NCC_fish_174","",2013-01-01,0.214376617132075,0.214376617132075,0.214376617132075,-0.246029821863412,"09.PredFishNCC_b","PredNCC","09.PredFishNCC_b","PredNCC","09.PredFishNCC_b"
"2540","jackmackerel_gam","data_2025","jackmackerel_GAM_2025","CC_NCC_fish_174","",2014-01-01,0.173442402017453,0.173442402017453,0.173442402017453,-0.234057152392508,"09.PredFishNCC_b","PredNCC","09.PredFishNCC_b","PredNCC","09.PredFishNCC_b"
"2541","jackmackerel_gam","data_2025","jackmackerel_GAM_2025","CC_NCC_fish_174","",2015-01-01,0.213905162072233,0.213905162072233,0.213905162072233,0.180534573619122,"09.PredFishNCC_b","PredNCC","09.PredFishNCC_b","PredNCC","09.PredFishNCC_b"
"2542","jackmackerel_gam","data_2025","jackmackerel_GAM_2025","CC_NCC_fish_174","",2016-01-01,0.258783107211006,0.258783107211006,0.258783107211006,0.587719993412224,"09.PredFishNCC_b","PredNCC","09.PredFishNCC_b","PredNCC","09.PredFishNCC_b"
"2543","jackmackerel_gam","data_2025","jackmackerel_GAM_2025","CC_NCC_fish_174","",2017-01-01,0.224631938103459,0.224631938103459,0.224631938103459,0.480087489399036,"09.PredFishNCC_b","PredNCC","09.PredFishNCC_b","PredNCC","09.PredFishNCC_b"
"2544","jackmackerel_gam","data_2025","jackmackerel_GAM_2025","CC_NCC_fish_174","",2018-01-01,0.23817157450066,0.23817157450066,0.23817157450066,0.445993600564461,"09.PredFishNCC_b","PredNCC","09.PredFishNCC_b","PredNCC","09.PredFishNCC_b"
"2545","jackmackerel_gam","data_2025","jackmackerel_GAM_2025","CC_NCC_fish_174","",2019-01-01,0.178105259660975,0.178105259660975,0.178105259660975,0.175411319973213,"09.PredFishNCC_b","PredNCC","09.PredFishNCC_b","PredNCC","09.PredFishNCC_b"
"2546","jackmackerel_gam","data_2025","jackmackerel_GAM_2025","CC_NCC_fish_174","",2020-01-01,0.234231497663522,0.234231497663522,0.234231497663522,0.621889138371409,"09.PredFishNCC_b","PredNCC","09.PredFishNCC_b","PredNCC","09.PredFishNCC_b"
"2547","jackmackerel_gam","data_2025","jackmackerel_GAM_2025","CC_NCC_fish_174","",2021-01-01,0.315724600996541,0.315724600996541,0.315724600996541,1.08807150928883,"09.PredFishNCC_b","PredNCC","09.PredFishNCC_b","PredNCC","09.PredFishNCC_b"
"2548","jackmackerel_gam","data_2025","jackmackerel_GAM_2025","CC_NCC_fish_174","",2022-01-01,0.222801132400314,0.222801132400314,0.222801132400314,0.379339475844207,"09.PredFishNCC_b","PredNCC","09.PredFishNCC_b","PredNCC","09.PredFishNCC_b"
"2549","jackmackerel_gam","data_2025","jackmackerel_GAM_2025","CC_NCC_fish_174","",2023-01-01,0.17510754794111,0.17510754794111,0.17510754794111,-0.319290767442079,"09.PredFishNCC_b","PredNCC","09.PredFishNCC_b","PredNCC","09.PredFishNCC_b"
"2550","jackmackerel_gam","data_2025","jackmackerel_GAM_2025","CC_NCC_fish_174","",2024-01-01,0.148271496925943,0.148271496925943,0.148271496925943,-0.734470668624539,"09.PredFishNCC_b","PredNCC","09.PredFishNCC_b","PredNCC","09.PredFishNCC_b"
"2551","jackmackerel_gam","data_2025","jackmackerel_GAM_2025","CC_NCC_fish_174","",2025-01-01,NA,NA,NA,NA,"09.PredFishNCC_b","PredNCC","09.PredFishNCC_b","PredNCC","09.PredFishNCC_b"
"2552","jackmackerel_gam","data_2025","jackmackerel_GAM_2025","CC_NCC_fish_174","",2026-01-01,NA,NA,NA,NA,"09.PredFishNCC_b","PredNCC","09.PredFishNCC_b","PredNCC","09.PredFishNCC_b"
"2553","lingcod","data_2025","lingcod_2025","CC_NCC_fish_153","",1998-01-01,NA,NA,NA,NA,"09.PredFishNCC","PredNCC","09.PredFishNCC","PredNCC","09.PredFishNCC"
"2554","lingcod","data_2025","lingcod_2025","CC_NCC_fish_153","",1999-01-01,NA,NA,NA,NA,"09.PredFishNCC","PredNCC","09.PredFishNCC","PredNCC","09.PredFishNCC"
"2555","lingcod","data_2025","lingcod_2025","CC_NCC_fish_153","",2000-01-01,NA,NA,NA,NA,"09.PredFishNCC","PredNCC","09.PredFishNCC","PredNCC","09.PredFishNCC"
"2556","lingcod","data_2025","lingcod_2025","CC_NCC_fish_153","",2001-01-01,NA,NA,NA,NA,"09.PredFishNCC","PredNCC","09.PredFishNCC","PredNCC","09.PredFishNCC"
"2557","lingcod","data_2025","lingcod_2025","CC_NCC_fish_153","",2002-01-01,NA,NA,NA,NA,"09.PredFishNCC","PredNCC","09.PredFishNCC","PredNCC","09.PredFishNCC"
"2558","lingcod","data_2025","lingcod_2025","CC_NCC_fish_153","",2003-01-01,884.897297690809,884.897297690809,884.897297690809,-0.309637383246069,"09.PredFishNCC","PredNCC","09.PredFishNCC","PredNCC","09.PredFishNCC"
"2559","lingcod","data_2025","lingcod_2025","CC_NCC_fish_153","",2004-01-01,286.40273272657,286.40273272657,286.40273272657,-0.627193577374462,"09.PredFishNCC","PredNCC","09.PredFishNCC","PredNCC","09.PredFishNCC"
"2560","lingcod","data_2025","lingcod_2025","CC_NCC_fish_153","",2005-01-01,267.051075193381,267.051075193381,267.051075193381,-0.717419943825819,"09.PredFishNCC","PredNCC","09.PredFishNCC","PredNCC","09.PredFishNCC"
"2561","lingcod","data_2025","lingcod_2025","CC_NCC_fish_153","",2006-01-01,498.343187675207,498.343187675207,498.343187675207,-0.647790650712701,"09.PredFishNCC","PredNCC","09.PredFishNCC","PredNCC","09.PredFishNCC"
"2562","lingcod","data_2025","lingcod_2025","CC_NCC_fish_153","",2007-01-01,440.829381573081,440.829381573081,440.829381573081,-0.62061197469737,"09.PredFishNCC","PredNCC","09.PredFishNCC","PredNCC","09.PredFishNCC"
"2563","lingcod","data_2025","lingcod_2025","CC_NCC_fish_153","",2008-01-01,616.307049453529,616.307049453529,616.307049453529,-0.54108490691133,"09.PredFishNCC","PredNCC","09.PredFishNCC","PredNCC","09.PredFishNCC"
"2564","lingcod","data_2025","lingcod_2025","CC_NCC_fish_153","",2009-01-01,328.003567406422,328.003567406422,328.003567406422,-0.53599559572577,"09.PredFishNCC","PredNCC","09.PredFishNCC","PredNCC","09.PredFishNCC"
"2565","lingcod","data_2025","lingcod_2025","CC_NCC_fish_153","",2010-01-01,733.309652767774,733.309652767774,733.309652767774,-0.261289553765358,"09.PredFishNCC","PredNCC","09.PredFishNCC","PredNCC","09.PredFishNCC"
"2566","lingcod","data_2025","lingcod_2025","CC_NCC_fish_153","",2011-01-01,1143.71697206357,1143.71697206357,1143.71697206357,0.0812113755929873,"09.PredFishNCC","PredNCC","09.PredFishNCC","PredNCC","09.PredFishNCC"
"2567","lingcod","data_2025","lingcod_2025","CC_NCC_fish_153","",2012-01-01,1679.01283369019,1679.01283369019,1679.01283369019,0.351482595803838,"09.PredFishNCC","PredNCC","09.PredFishNCC","PredNCC","09.PredFishNCC"
"2568","lingcod","data_2025","lingcod_2025","CC_NCC_fish_153","",2013-01-01,549.778163184178,549.778163184178,549.778163184178,0.190435408281524,"09.PredFishNCC","PredNCC","09.PredFishNCC","PredNCC","09.PredFishNCC"
"2569","lingcod","data_2025","lingcod_2025","CC_NCC_fish_153","",2014-01-01,2738.24134124019,2738.24134124019,2738.24134124019,0.764690353724658,"09.PredFishNCC","PredNCC","09.PredFishNCC","PredNCC","09.PredFishNCC"
"2570","lingcod","data_2025","lingcod_2025","CC_NCC_fish_153","",2015-01-01,853.492645198113,853.492645198113,853.492645198113,0.0754748113905142,"09.PredFishNCC","PredNCC","09.PredFishNCC","PredNCC","09.PredFishNCC"
"2571","lingcod","data_2025","lingcod_2025","CC_NCC_fish_153","",2016-01-01,400.246004793161,400.246004793161,400.246004793161,-0.350483445729597,"09.PredFishNCC","PredNCC","09.PredFishNCC","PredNCC","09.PredFishNCC"
"2572","lingcod","data_2025","lingcod_2025","CC_NCC_fish_153","",2017-01-01,657.119056400758,657.119056400758,657.119056400758,-0.406249952713732,"09.PredFishNCC","PredNCC","09.PredFishNCC","PredNCC","09.PredFishNCC"
"2573","lingcod","data_2025","lingcod_2025","CC_NCC_fish_153","",2018-01-01,431.100561540616,431.100561540616,431.100561540616,-0.449602897356548,"09.PredFishNCC","PredNCC","09.PredFishNCC","PredNCC","09.PredFishNCC"
"2574","lingcod","data_2025","lingcod_2025","CC_NCC_fish_153","",2019-01-01,710.218511088911,710.218511088911,710.218511088911,-0.25815997064237,"09.PredFishNCC","PredNCC","09.PredFishNCC","PredNCC","09.PredFishNCC"
"2575","lingcod","data_2025","lingcod_2025","CC_NCC_fish_153","",2020-01-01,NA,973.586939632341,973.586939632341,0.0313562242833519,"09.PredFishNCC","PredNCC","09.PredFishNCC","PredNCC","09.PredFishNCC"
"2576","lingcod","data_2025","lingcod_2025","CC_NCC_fish_153","",2021-01-01,1236.95536817577,1236.95536817577,1236.95536817577,0.398813434293745,"09.PredFishNCC","PredNCC","09.PredFishNCC","PredNCC","09.PredFishNCC"
"2577","lingcod","data_2025","lingcod_2025","CC_NCC_fish_153","",2022-01-01,2102.02507936542,2102.02507936542,2102.02507936542,0.902020421346607,"09.PredFishNCC","PredNCC","09.PredFishNCC","PredNCC","09.PredFishNCC"
"2578","lingcod","data_2025","lingcod_2025","CC_NCC_fish_153","",2023-01-01,1113.20872555668,1113.20872555668,1113.20872555668,1.02710139226698,"09.PredFishNCC","PredNCC","09.PredFishNCC","PredNCC","09.PredFishNCC"
"2579","lingcod","data_2025","lingcod_2025","CC_NCC_fish_153","",2024-01-01,3646.75566503233,3646.75566503233,3646.75566503233,2.06171193278111,"09.PredFishNCC","PredNCC","09.PredFishNCC","PredNCC","09.PredFishNCC"
"2580","lingcod","data_2025","lingcod_2025","CC_NCC_fish_153","",2025-01-01,NA,NA,NA,NA,"09.PredFishNCC","PredNCC","09.PredFishNCC","PredNCC","09.PredFishNCC"
"2581","lingcod","data_2025","lingcod_2025","CC_NCC_fish_153","",2026-01-01,NA,NA,NA,NA,"09.PredFishNCC","PredNCC","09.PredFishNCC","PredNCC","09.PredFishNCC"
"2582","marketsquid_gam","data_2025","marketsquid_GAM_2025","CC_NCC_mol_175","",1998-01-01,0.334102766910692,0.334102766910692,0.334102766910692,-0.432954631083795,"04.CompFishNCC","PreyNCC","04.CompFishNCC","PreyNCC",NA
"2583","marketsquid_gam","data_2025","marketsquid_GAM_2025","CC_NCC_mol_175","",1999-01-01,0.289593425555346,0.289593425555346,0.289593425555346,-0.769888768639293,"04.CompFishNCC","PreyNCC","04.CompFishNCC","PreyNCC",NA
"2584","marketsquid_gam","data_2025","marketsquid_GAM_2025","CC_NCC_mol_175","",2000-01-01,0.245922141938679,0.245922141938679,0.245922141938679,-1.01789023973726,"04.CompFishNCC","PreyNCC","04.CompFishNCC","PreyNCC",NA
"2585","marketsquid_gam","data_2025","marketsquid_GAM_2025","CC_NCC_mol_175","",2001-01-01,0.306438637333962,0.306438637333962,0.306438637333962,-0.841817239676087,"04.CompFishNCC","PreyNCC","04.CompFishNCC","PreyNCC",NA
"2586","marketsquid_gam","data_2025","marketsquid_GAM_2025","CC_NCC_mol_175","",2002-01-01,0.272900997666038,0.272900997666038,0.272900997666038,-0.873674398410658,"04.CompFishNCC","PreyNCC","04.CompFishNCC","PreyNCC",NA
"2587","marketsquid_gam","data_2025","marketsquid_GAM_2025","CC_NCC_mol_175","",2003-01-01,0.337489361837736,0.337489361837736,0.337489361837736,-0.697490291705403,"04.CompFishNCC","PreyNCC","04.CompFishNCC","PreyNCC",NA
"2588","marketsquid_gam","data_2025","marketsquid_GAM_2025","CC_NCC_mol_175","",2004-01-01,0.266816352285849,0.266816352285849,0.266816352285849,-0.999530164979118,"04.CompFishNCC","PreyNCC","04.CompFishNCC","PreyNCC",NA
"2589","marketsquid_gam","data_2025","marketsquid_GAM_2025","CC_NCC_mol_175","",2005-01-01,0.250474317877044,0.250474317877044,0.250474317877044,-1.1381361824468,"04.CompFishNCC","PreyNCC","04.CompFishNCC","PreyNCC",NA
"2590","marketsquid_gam","data_2025","marketsquid_GAM_2025","CC_NCC_mol_175","",2006-01-01,0.279754810992138,0.279754810992138,0.279754810992138,-1.03369894198761,"04.CompFishNCC","PreyNCC","04.CompFishNCC","PreyNCC",NA
"2591","marketsquid_gam","data_2025","marketsquid_GAM_2025","CC_NCC_mol_175","",2007-01-01,0.271437129087107,0.271437129087107,0.271437129087107,-0.972764047201625,"04.CompFishNCC","PreyNCC","04.CompFishNCC","PreyNCC",NA
"2592","marketsquid_gam","data_2025","marketsquid_GAM_2025","CC_NCC_mol_175","",2008-01-01,0.303551461181447,0.303551461181447,0.303551461181447,-0.78333047765988,"04.CompFishNCC","PreyNCC","04.CompFishNCC","PreyNCC",NA
"2593","marketsquid_gam","data_2025","marketsquid_GAM_2025","CC_NCC_mol_175","",2009-01-01,0.293566705553774,0.293566705553774,0.293566705553774,-0.704787800369378,"04.CompFishNCC","PreyNCC","04.CompFishNCC","PreyNCC",NA
"2594","marketsquid_gam","data_2025","marketsquid_GAM_2025","CC_NCC_mol_175","",2010-01-01,0.288661122861321,0.288661122861321,0.288661122861321,-0.525266753094506,"04.CompFishNCC","PreyNCC","04.CompFishNCC","PreyNCC",NA
"2595","marketsquid_gam","data_2025","marketsquid_GAM_2025","CC_NCC_mol_175","",2011-01-01,0.394672376860063,0.394672376860063,0.394672376860063,0.000258027412836759,"04.CompFishNCC","PreyNCC","04.CompFishNCC","PreyNCC",NA
"2596","marketsquid_gam","data_2025","marketsquid_GAM_2025","CC_NCC_mol_175","",2012-01-01,0.312494979509748,0.312494979509748,0.312494979509748,-0.0182584717786923,"04.CompFishNCC","PreyNCC","04.CompFishNCC","PreyNCC",NA
"2597","marketsquid_gam","data_2025","marketsquid_GAM_2025","CC_NCC_mol_175","",2013-01-01,0.392517813312893,0.392517813312893,0.392517813312893,0.497983214290643,"04.CompFishNCC","PreyNCC","04.CompFishNCC","PreyNCC",NA
"2598","marketsquid_gam","data_2025","marketsquid_GAM_2025","CC_NCC_mol_175","",2014-01-01,0.448883374620755,0.448883374620755,0.448883374620755,0.996678725452101,"04.CompFishNCC","PreyNCC","04.CompFishNCC","PreyNCC",NA
"2599","marketsquid_gam","data_2025","marketsquid_GAM_2025","CC_NCC_mol_175","",2015-01-01,0.450531747803145,0.450531747803145,0.450531747803145,1.22387342518968,"04.CompFishNCC","PreyNCC","04.CompFishNCC","PreyNCC",NA
"2600","marketsquid_gam","data_2025","marketsquid_GAM_2025","CC_NCC_mol_175","",2016-01-01,0.486325186643082,0.486325186643082,0.486325186643082,1.38475126252072,"04.CompFishNCC","PreyNCC","04.CompFishNCC","PreyNCC",NA
"2601","marketsquid_gam","data_2025","marketsquid_GAM_2025","CC_NCC_mol_175","",2017-01-01,0.424232239923899,0.424232239923899,0.424232239923899,1.16223977314405,"04.CompFishNCC","PreyNCC","04.CompFishNCC","PreyNCC",NA
"2602","marketsquid_gam","data_2025","marketsquid_GAM_2025","CC_NCC_mol_175","",2018-01-01,0.461870033899057,0.461870033899057,0.461870033899057,1.16295547481244,"04.CompFishNCC","PreyNCC","04.CompFishNCC","PreyNCC",NA
"2603","marketsquid_gam","data_2025","marketsquid_GAM_2025","CC_NCC_mol_175","",2019-01-01,0.391296961355975,0.391296961355975,0.391296961355975,0.885036067017909,"04.CompFishNCC","PreyNCC","04.CompFishNCC","PreyNCC",NA
"2604","marketsquid_gam","data_2025","marketsquid_GAM_2025","CC_NCC_mol_175","",2020-01-01,0.437841560641195,0.437841560641195,0.437841560641195,0.992925390714295,"04.CompFishNCC","PreyNCC","04.CompFishNCC","PreyNCC",NA
"2605","marketsquid_gam","data_2025","marketsquid_GAM_2025","CC_NCC_mol_175","",2021-01-01,0.449123875118239,0.449123875118239,0.449123875118239,0.97300206851103,"04.CompFishNCC","PreyNCC","04.CompFishNCC","PreyNCC",NA
"2606","marketsquid_gam","data_2025","marketsquid_GAM_2025","CC_NCC_mol_175","",2022-01-01,0.394171527892767,0.394171527892767,0.394171527892767,0.65468987135433,"04.CompFishNCC","PreyNCC","04.CompFishNCC","PreyNCC",NA
"2607","marketsquid_gam","data_2025","marketsquid_GAM_2025","CC_NCC_mol_175","",2023-01-01,0.362565242276101,0.362565242276101,0.362565242276101,0.453456081876076,"04.CompFishNCC","PreyNCC","04.CompFishNCC","PreyNCC",NA
"2608","marketsquid_gam","data_2025","marketsquid_GAM_2025","CC_NCC_mol_175","",2024-01-01,0.408336467757547,0.408336467757547,0.408336467757547,0.590106095251742,"04.CompFishNCC","PreyNCC","04.CompFishNCC","PreyNCC",NA
"2609","marketsquid_gam","data_2025","marketsquid_GAM_2025","CC_NCC_mol_175","",2025-01-01,NA,NA,NA,NA,"04.CompFishNCC","PreyNCC","04.CompFishNCC","PreyNCC",NA
"2610","marketsquid_gam","data_2025","marketsquid_GAM_2025","CC_NCC_mol_175","",2026-01-01,NA,NA,NA,NA,"04.CompFishNCC","PreyNCC","04.CompFishNCC","PreyNCC",NA
"2611","Moon.jelly__2025","data_2025","MoonJelly__2025","CC_NCC_cnid_165","",1998-01-01,0,0,0,-0.337884384322226,"02.CompJellyNCC","PreyNCC","02.CompJellyNCC","PreyNCC","02.CompJellyNCC"
"2612","Moon.jelly__2025","data_2025","MoonJelly__2025","CC_NCC_cnid_165","",1999-01-01,0.0267058587382205,0.0267058587382205,0.0267058587382205,-0.202762878021494,"02.CompJellyNCC","PreyNCC","02.CompJellyNCC","PreyNCC","02.CompJellyNCC"
"2613","Moon.jelly__2025","data_2025","MoonJelly__2025","CC_NCC_cnid_165","",2000-01-01,1.10343744607295,1.10343744607295,1.10343744607295,0.111424598354137,"02.CompJellyNCC","PreyNCC","02.CompJellyNCC","PreyNCC","02.CompJellyNCC"
"2614","Moon.jelly__2025","data_2025","MoonJelly__2025","CC_NCC_cnid_165","",2001-01-01,0.164563742927158,0.164563742927158,0.164563742927158,-0.0333002562338194,"02.CompJellyNCC","PreyNCC","02.CompJellyNCC","PreyNCC","02.CompJellyNCC"
"2615","Moon.jelly__2025","data_2025","MoonJelly__2025","CC_NCC_cnid_165","",2002-01-01,0.0816466543345214,0.0816466543345214,0.0816466543345214,0.0485942132014974,"02.CompJellyNCC","PreyNCC","02.CompJellyNCC","PreyNCC","02.CompJellyNCC"
"2616","Moon.jelly__2025","data_2025","MoonJelly__2025","CC_NCC_cnid_165","",2003-01-01,0.0177967171040752,0.0177967171040752,0.0177967171040752,0.512326984310263,"02.CompJellyNCC","PreyNCC","02.CompJellyNCC","PreyNCC","02.CompJellyNCC"
"2617","Moon.jelly__2025","data_2025","MoonJelly__2025","CC_NCC_cnid_165","",2004-01-01,5.62614392776756,5.62614392776756,5.62614392776756,1.87809404135111,"02.CompJellyNCC","PreyNCC","02.CompJellyNCC","PreyNCC","02.CompJellyNCC"
"2618","Moon.jelly__2025","data_2025","MoonJelly__2025","CC_NCC_cnid_165","",2005-01-01,0.189961726347341,0.189961726347341,0.189961726347341,0.552138317931119,"02.CompJellyNCC","PreyNCC","02.CompJellyNCC","PreyNCC","02.CompJellyNCC"
"2619","Moon.jelly__2025","data_2025","MoonJelly__2025","CC_NCC_cnid_165","",2006-01-01,0.0495518359583652,0.0495518359583652,0.0495518359583652,0.0157807720851345,"02.CompJellyNCC","PreyNCC","02.CompJellyNCC","PreyNCC","02.CompJellyNCC"
"2620","Moon.jelly__2025","data_2025","MoonJelly__2025","CC_NCC_cnid_165","",2007-01-01,0.0614099360387965,0.0614099360387965,0.0614099360387965,-0.143170106586811,"02.CompJellyNCC","PreyNCC","02.CompJellyNCC","PreyNCC","02.CompJellyNCC"
"2621","Moon.jelly__2025","data_2025","MoonJelly__2025","CC_NCC_cnid_165","",2008-01-01,0.0389543824060265,0.0389543824060265,0.0389543824060265,-0.094151447196932,"02.CompJellyNCC","PreyNCC","02.CompJellyNCC","PreyNCC","02.CompJellyNCC"
"2622","Moon.jelly__2025","data_2025","MoonJelly__2025","CC_NCC_cnid_165","",2009-01-01,1.4719823869888,1.4719823869888,1.4719823869888,0.231713106710024,"02.CompJellyNCC","PreyNCC","02.CompJellyNCC","PreyNCC","02.CompJellyNCC"
"2623","Moon.jelly__2025","data_2025","MoonJelly__2025","CC_NCC_cnid_165","",2010-01-01,0.146684706271979,0.146684706271979,0.146684706271979,-0.106954572505375,"02.CompJellyNCC","PreyNCC","02.CompJellyNCC","PreyNCC","02.CompJellyNCC"
"2624","Moon.jelly__2025","data_2025","MoonJelly__2025","CC_NCC_cnid_165","",2011-01-01,0.0257396732504143,0.0257396732504143,0.0257396732504143,-0.276846612019143,"02.CompJellyNCC","PreyNCC","02.CompJellyNCC","PreyNCC","02.CompJellyNCC"
"2625","Moon.jelly__2025","data_2025","MoonJelly__2025","CC_NCC_cnid_165","",2012-01-01,0.0176961337248987,0.0176961337248987,0.0176961337248987,-0.340902006829644,"02.CompJellyNCC","PreyNCC","02.CompJellyNCC","PreyNCC","02.CompJellyNCC"
"2626","Moon.jelly__2025","data_2025","MoonJelly__2025","CC_NCC_cnid_165","",2013-01-01,0.0215832436709509,0.0215832436709509,0.0215832436709509,-0.356063159841539,"02.CompJellyNCC","PreyNCC","02.CompJellyNCC","PreyNCC","02.CompJellyNCC"
"2627","Moon.jelly__2025","data_2025","MoonJelly__2025","CC_NCC_cnid_165","",2014-01-01,0.0539613022473775,0.0539613022473775,0.0539613022473775,-0.340928638838624,"02.CompJellyNCC","PreyNCC","02.CompJellyNCC","PreyNCC","02.CompJellyNCC"
"2628","Moon.jelly__2025","data_2025","MoonJelly__2025","CC_NCC_cnid_165","",2015-01-01,0.0824399194636468,0.0824399194636468,0.0824399194636468,-0.308996201909838,"02.CompJellyNCC","PreyNCC","02.CompJellyNCC","PreyNCC","02.CompJellyNCC"
"2629","Moon.jelly__2025","data_2025","MoonJelly__2025","CC_NCC_cnid_165","",2016-01-01,0.220111535742714,0.220111535742714,0.220111535742714,-0.253517371639027,"02.CompJellyNCC","PreyNCC","02.CompJellyNCC","PreyNCC","02.CompJellyNCC"
"2630","Moon.jelly__2025","data_2025","MoonJelly__2025","CC_NCC_cnid_165","",2017-01-01,0,0,0,-0.240757866800046,"02.CompJellyNCC","PreyNCC","02.CompJellyNCC","PreyNCC","02.CompJellyNCC"
"2631","Moon.jelly__2025","data_2025","MoonJelly__2025","CC_NCC_cnid_165","",2018-01-01,0.56672341162258,0.56672341162258,0.56672341162258,-0.0633110912885188,"02.CompJellyNCC","PreyNCC","02.CompJellyNCC","PreyNCC","02.CompJellyNCC"
"2632","Moon.jelly__2025","data_2025","MoonJelly__2025","CC_NCC_cnid_165","",2019-01-01,0.128007829548455,0.128007829548455,0.128007829548455,-0.0448901168136389,"02.CompJellyNCC","PreyNCC","02.CompJellyNCC","PreyNCC","02.CompJellyNCC"
"2633","Moon.jelly__2025","data_2025","MoonJelly__2025","CC_NCC_cnid_165","",2020-01-01,1.34852997955388,1.34852997955388,1.34852997955388,0.220887123894493,"02.CompJellyNCC","PreyNCC","02.CompJellyNCC","PreyNCC","02.CompJellyNCC"
"2634","Moon.jelly__2025","data_2025","MoonJelly__2025","CC_NCC_cnid_165","",2021-01-01,0.139185684324645,0.139185684324645,0.139185684324645,-0.0795235076009569,"02.CompJellyNCC","PreyNCC","02.CompJellyNCC","PreyNCC","02.CompJellyNCC"
"2635","Moon.jelly__2025","data_2025","MoonJelly__2025","CC_NCC_cnid_165","",2022-01-01,0.216150694805522,0.216150694805522,0.216150694805522,-0.177095965565031,"02.CompJellyNCC","PreyNCC","02.CompJellyNCC","PreyNCC","02.CompJellyNCC"
"2636","Moon.jelly__2025","data_2025","MoonJelly__2025","CC_NCC_cnid_165","",2023-01-01,0.121692060299264,0.121692060299264,0.121692060299264,-0.237463726975475,"02.CompJellyNCC","PreyNCC","02.CompJellyNCC","PreyNCC","02.CompJellyNCC"
"2637","Moon.jelly__2025","data_2025","MoonJelly__2025","CC_NCC_cnid_165","",2024-01-01,NA,NA,NA,NA,"02.CompJellyNCC","PreyNCC","02.CompJellyNCC","PreyNCC","02.CompJellyNCC"
"2638","Moon.jelly__2025","data_2025","MoonJelly__2025","CC_NCC_cnid_165","",2025-01-01,NA,NA,NA,NA,"02.CompJellyNCC","PreyNCC","02.CompJellyNCC","PreyNCC","02.CompJellyNCC"
"2639","Moon.jelly__2025","data_2025","MoonJelly__2025","CC_NCC_cnid_165","",2026-01-01,NA,NA,NA,NA,"02.CompJellyNCC","PreyNCC","02.CompJellyNCC","PreyNCC","02.CompJellyNCC"
"2640","pacificmackerel_gam","data_2025","pacificmackerel_GAM_2025","CC_NCC_fish_176","",1998-01-01,0.218026121268239,0.218026121268239,0.218026121268239,0.408469915327075,"09.PredFishNCC_b","PredNCC","09.PredFishNCC_b","PredNCC","09.PredFishNCC_b"
"2641","pacificmackerel_gam","data_2025","pacificmackerel_GAM_2025","CC_NCC_fish_176","",1999-01-01,0.183120730296164,0.183120730296164,0.183120730296164,-0.139675722387337,"09.PredFishNCC_b","PredNCC","09.PredFishNCC_b","PredNCC","09.PredFishNCC_b"
"2642","pacificmackerel_gam","data_2025","pacificmackerel_GAM_2025","CC_NCC_fish_176","",2000-01-01,0.179257092195126,0.179257092195126,0.179257092195126,-0.375858512929928,"09.PredFishNCC_b","PredNCC","09.PredFishNCC_b","PredNCC","09.PredFishNCC_b"
"2643","pacificmackerel_gam","data_2025","pacificmackerel_GAM_2025","CC_NCC_fish_176","",2001-01-01,0.176806999055692,0.176806999055692,0.176806999055692,-0.410720005889023,"09.PredFishNCC_b","PredNCC","09.PredFishNCC_b","PredNCC","09.PredFishNCC_b"
"2644","pacificmackerel_gam","data_2025","pacificmackerel_GAM_2025","CC_NCC_fish_176","",2002-01-01,0.192851512412736,0.192851512412736,0.192851512412736,-0.199510787318271,"09.PredFishNCC_b","PredNCC","09.PredFishNCC_b","PredNCC","09.PredFishNCC_b"
"2645","pacificmackerel_gam","data_2025","pacificmackerel_GAM_2025","CC_NCC_fish_176","",2003-01-01,0.18304637949217,0.18304637949217,0.18304637949217,-0.0523562110566498,"09.PredFishNCC_b","PredNCC","09.PredFishNCC_b","PredNCC","09.PredFishNCC_b"
"2646","pacificmackerel_gam","data_2025","pacificmackerel_GAM_2025","CC_NCC_fish_176","",2004-01-01,0.229839373187421,0.229839373187421,0.229839373187421,0.496496605307997,"09.PredFishNCC_b","PredNCC","09.PredFishNCC_b","PredNCC","09.PredFishNCC_b"
"2647","pacificmackerel_gam","data_2025","pacificmackerel_GAM_2025","CC_NCC_fish_176","",2005-01-01,0.230193679634591,0.230193679634591,0.230193679634591,0.475455151004552,"09.PredFishNCC_b","PredNCC","09.PredFishNCC_b","PredNCC","09.PredFishNCC_b"
"2648","pacificmackerel_gam","data_2025","pacificmackerel_GAM_2025","CC_NCC_fish_176","",2006-01-01,0.199807308813836,0.199807308813836,0.199807308813836,-0.148034512072645,"09.PredFishNCC_b","PredNCC","09.PredFishNCC_b","PredNCC","09.PredFishNCC_b"
"2649","pacificmackerel_gam","data_2025","pacificmackerel_GAM_2025","CC_NCC_fish_176","",2007-01-01,0.154381003954591,0.154381003954591,0.154381003954591,-1.01011732133686,"09.PredFishNCC_b","PredNCC","09.PredFishNCC_b","PredNCC","09.PredFishNCC_b"
"2650","pacificmackerel_gam","data_2025","pacificmackerel_GAM_2025","CC_NCC_fish_176","",2008-01-01,0.113108427420252,0.113108427420252,0.113108427420252,-1.49683859629253,"09.PredFishNCC_b","PredNCC","09.PredFishNCC_b","PredNCC","09.PredFishNCC_b"
"2651","pacificmackerel_gam","data_2025","pacificmackerel_GAM_2025","CC_NCC_fish_176","",2009-01-01,0.190826046097767,0.190826046097767,0.190826046097767,-0.753849268348193,"09.PredFishNCC_b","PredNCC","09.PredFishNCC_b","PredNCC","09.PredFishNCC_b"
"2652","pacificmackerel_gam","data_2025","pacificmackerel_GAM_2025","CC_NCC_fish_176","",2010-01-01,0.169270974288994,0.169270974288994,0.169270974288994,-0.563439561535247,"09.PredFishNCC_b","PredNCC","09.PredFishNCC_b","PredNCC","09.PredFishNCC_b"
"2653","pacificmackerel_gam","data_2025","pacificmackerel_GAM_2025","CC_NCC_fish_176","",2011-01-01,0.20301354174434,0.20301354174434,0.20301354174434,-0.0348105522026941,"09.PredFishNCC_b","PredNCC","09.PredFishNCC_b","PredNCC","09.PredFishNCC_b"
"2654","pacificmackerel_gam","data_2025","pacificmackerel_GAM_2025","CC_NCC_fish_176","",2012-01-01,0.202974372094025,0.202974372094025,0.202974372094025,0.264269104255325,"09.PredFishNCC_b","PredNCC","09.PredFishNCC_b","PredNCC","09.PredFishNCC_b"
"2655","pacificmackerel_gam","data_2025","pacificmackerel_GAM_2025","CC_NCC_fish_176","",2013-01-01,0.243193499424528,0.243193499424528,0.243193499424528,0.63415180423253,"09.PredFishNCC_b","PredNCC","09.PredFishNCC_b","PredNCC","09.PredFishNCC_b"
"2656","pacificmackerel_gam","data_2025","pacificmackerel_GAM_2025","CC_NCC_fish_176","",2014-01-01,0.188134071217925,0.188134071217925,0.188134071217925,0.13787964226421,"09.PredFishNCC_b","PredNCC","09.PredFishNCC_b","PredNCC","09.PredFishNCC_b"
"2657","pacificmackerel_gam","data_2025","pacificmackerel_GAM_2025","CC_NCC_fish_176","",2015-01-01,0.174929146533428,0.174929146533428,0.174929146533428,0.0682271430870427,"09.PredFishNCC_b","PredNCC","09.PredFishNCC_b","PredNCC","09.PredFishNCC_b"
"2658","pacificmackerel_gam","data_2025","pacificmackerel_GAM_2025","CC_NCC_fish_176","",2016-01-01,0.238600611651887,0.238600611651887,0.238600611651887,0.78460958981796,"09.PredFishNCC_b","PredNCC","09.PredFishNCC_b","PredNCC","09.PredFishNCC_b"
"2659","pacificmackerel_gam","data_2025","pacificmackerel_GAM_2025","CC_NCC_fish_176","",2017-01-01,0.237263690211006,0.237263690211006,0.237263690211006,0.9345317198082,"09.PredFishNCC_b","PredNCC","09.PredFishNCC_b","PredNCC","09.PredFishNCC_b"
"2660","pacificmackerel_gam","data_2025","pacificmackerel_GAM_2025","CC_NCC_fish_176","",2018-01-01,0.225723965445912,0.225723965445912,0.225723965445912,0.71135626808331,"09.PredFishNCC_b","PredNCC","09.PredFishNCC_b","PredNCC","09.PredFishNCC_b"
"2661","pacificmackerel_gam","data_2025","pacificmackerel_GAM_2025","CC_NCC_fish_176","",2019-01-01,0.185674478579654,0.185674478579654,0.185674478579654,0.266868203484541,"09.PredFishNCC_b","PredNCC","09.PredFishNCC_b","PredNCC","09.PredFishNCC_b"
"2662","pacificmackerel_gam","data_2025","pacificmackerel_GAM_2025","CC_NCC_fish_176","",2020-01-01,0.210653333191824,0.210653333191824,0.210653333191824,0.457907937136769,"09.PredFishNCC_b","PredNCC","09.PredFishNCC_b","PredNCC","09.PredFishNCC_b"
"2663","pacificmackerel_gam","data_2025","pacificmackerel_GAM_2025","CC_NCC_fish_176","",2021-01-01,0.239908816152516,0.239908816152516,0.239908816152516,0.663876968566328,"09.PredFishNCC_b","PredNCC","09.PredFishNCC_b","PredNCC","09.PredFishNCC_b"
"2664","pacificmackerel_gam","data_2025","pacificmackerel_GAM_2025","CC_NCC_fish_176","",2022-01-01,0.207037025815094,0.207037025815094,0.207037025815094,0.140145556865662,"09.PredFishNCC_b","PredNCC","09.PredFishNCC_b","PredNCC","09.PredFishNCC_b"
"2665","pacificmackerel_gam","data_2025","pacificmackerel_GAM_2025","CC_NCC_fish_176","",2023-01-01,0.152984955219918,0.152984955219918,0.152984955219918,-0.568914216680958,"09.PredFishNCC_b","PredNCC","09.PredFishNCC_b","PredNCC","09.PredFishNCC_b"
"2666","pacificmackerel_gam","data_2025","pacificmackerel_GAM_2025","CC_NCC_fish_176","",2024-01-01,0.188920677032704,0.188920677032704,0.188920677032704,-0.416047522333965,"09.PredFishNCC_b","PredNCC","09.PredFishNCC_b","PredNCC","09.PredFishNCC_b"
"2667","pacificmackerel_gam","data_2025","pacificmackerel_GAM_2025","CC_NCC_fish_176","",2025-01-01,NA,NA,NA,NA,"09.PredFishNCC_b","PredNCC","09.PredFishNCC_b","PredNCC","09.PredFishNCC_b"
"2668","pacificmackerel_gam","data_2025","pacificmackerel_GAM_2025","CC_NCC_fish_176","",2026-01-01,NA,NA,NA,NA,"09.PredFishNCC_b","PredNCC","09.PredFishNCC_b","PredNCC","09.PredFishNCC_b"
"2669","Pacific.pompano__2025","data_2025","PacificPompano__2025","CC_NCC_fish_160","",1998-01-01,0,0,0,-0.409966218397083,"04.CompFishNCC_1","PreyNCC","04.CompFishNCC_1","PreyNCC",NA
"2670","Pacific.pompano__2025","data_2025","PacificPompano__2025","CC_NCC_fish_160","",1999-01-01,0,0,0,-0.408398537529071,"04.CompFishNCC_1","PreyNCC","04.CompFishNCC_1","PreyNCC",NA
"2671","Pacific.pompano__2025","data_2025","PacificPompano__2025","CC_NCC_fish_160","",2000-01-01,0,0,0,-0.404479335359042,"04.CompFishNCC_1","PreyNCC","04.CompFishNCC_1","PreyNCC",NA
"2672","Pacific.pompano__2025","data_2025","PacificPompano__2025","CC_NCC_fish_160","",2001-01-01,0,0,0,-0.394289409716965,"04.CompFishNCC_1","PreyNCC","04.CompFishNCC_1","PreyNCC",NA
"2673","Pacific.pompano__2025","data_2025","PacificPompano__2025","CC_NCC_fish_160","",2002-01-01,0,0,0,-0.367638834960764,"04.CompFishNCC_1","PreyNCC","04.CompFishNCC_1","PreyNCC",NA
"2674","Pacific.pompano__2025","data_2025","PacificPompano__2025","CC_NCC_fish_160","",2003-01-01,0.135272470084546,0.135272470084546,0.135272470084546,-0.297877036334239,"04.CompFishNCC_1","PreyNCC","04.CompFishNCC_1","PreyNCC",NA
"2675","Pacific.pompano__2025","data_2025","PacificPompano__2025","CC_NCC_fish_160","",2004-01-01,0.0481752117613575,0.0481752117613575,0.0481752117613575,-0.332906964354266,"04.CompFishNCC_1","PreyNCC","04.CompFishNCC_1","PreyNCC",NA
"2676","Pacific.pompano__2025","data_2025","PacificPompano__2025","CC_NCC_fish_160","",2005-01-01,0,0,0,-0.367611753889643,"04.CompFishNCC_1","PreyNCC","04.CompFishNCC_1","PreyNCC",NA
"2677","Pacific.pompano__2025","data_2025","PacificPompano__2025","CC_NCC_fish_160","",2006-01-01,0.0566161522017494,0.0566161522017494,0.0566161522017494,-0.359178238483574,"04.CompFishNCC_1","PreyNCC","04.CompFishNCC_1","PreyNCC",NA
"2678","Pacific.pompano__2025","data_2025","PacificPompano__2025","CC_NCC_fish_160","",2007-01-01,0,0,0,-0.390273039799686,"04.CompFishNCC_1","PreyNCC","04.CompFishNCC_1","PreyNCC",NA
"2679","Pacific.pompano__2025","data_2025","PacificPompano__2025","CC_NCC_fish_160","",2008-01-01,0,0,0,-0.400890822084396,"04.CompFishNCC_1","PreyNCC","04.CompFishNCC_1","PreyNCC",NA
"2680","Pacific.pompano__2025","data_2025","PacificPompano__2025","CC_NCC_fish_160","",2009-01-01,0,0,0,-0.401649367622412,"04.CompFishNCC_1","PreyNCC","04.CompFishNCC_1","PreyNCC",NA
"2681","Pacific.pompano__2025","data_2025","PacificPompano__2025","CC_NCC_fish_160","",2010-01-01,0,0,0,-0.393307221951751,"04.CompFishNCC_1","PreyNCC","04.CompFishNCC_1","PreyNCC",NA
"2682","Pacific.pompano__2025","data_2025","PacificPompano__2025","CC_NCC_fish_160","",2011-01-01,0.00471032116237952,0.00471032116237952,0.00471032116237952,-0.367522239401752,"04.CompFishNCC_1","PreyNCC","04.CompFishNCC_1","PreyNCC",NA
"2683","Pacific.pompano__2025","data_2025","PacificPompano__2025","CC_NCC_fish_160","",2012-01-01,0,0,0,-0.306088739209049,"04.CompFishNCC_1","PreyNCC","04.CompFishNCC_1","PreyNCC",NA
"2684","Pacific.pompano__2025","data_2025","PacificPompano__2025","CC_NCC_fish_160","",2013-01-01,0,0,0,-0.139993919394307,"04.CompFishNCC_1","PreyNCC","04.CompFishNCC_1","PreyNCC",NA
"2685","Pacific.pompano__2025","data_2025","PacificPompano__2025","CC_NCC_fish_160","",2014-01-01,0.0612478572031106,0.0612478572031106,0.0612478572031106,0.296857039857219,"04.CompFishNCC_1","PreyNCC","04.CompFishNCC_1","PreyNCC",NA
"2686","Pacific.pompano__2025","data_2025","PacificPompano__2025","CC_NCC_fish_160","",2015-01-01,1.12111615392992,1.12111615392992,1.12111615392992,1.34276215893703,"04.CompFishNCC_1","PreyNCC","04.CompFishNCC_1","PreyNCC",NA
"2687","Pacific.pompano__2025","data_2025","PacificPompano__2025","CC_NCC_fish_160","",2016-01-01,2.70285564455929,2.70285564455929,2.70285564455929,2.3382095804485,"04.CompFishNCC_1","PreyNCC","04.CompFishNCC_1","PreyNCC",NA
"2688","Pacific.pompano__2025","data_2025","PacificPompano__2025","CC_NCC_fish_160","",2017-01-01,1.47149128857472,1.47149128857472,1.47149128857472,1.73349523112461,"04.CompFishNCC_1","PreyNCC","04.CompFishNCC_1","PreyNCC",NA
"2689","Pacific.pompano__2025","data_2025","PacificPompano__2025","CC_NCC_fish_160","",2018-01-01,0.753703218582157,0.753703218582157,0.753703218582157,0.90527328017296,"04.CompFishNCC_1","PreyNCC","04.CompFishNCC_1","PreyNCC",NA
"2690","Pacific.pompano__2025","data_2025","PacificPompano__2025","CC_NCC_fish_160","",2019-01-01,0.131298368006857,0.131298368006857,0.131298368006857,0.180302979361202,"04.CompFishNCC_1","PreyNCC","04.CompFishNCC_1","PreyNCC",NA
"2691","Pacific.pompano__2025","data_2025","PacificPompano__2025","CC_NCC_fish_160","",2020-01-01,0.0162660128787292,0.0162660128787292,0.0162660128787292,-0.164884368866142,"04.CompFishNCC_1","PreyNCC","04.CompFishNCC_1","PreyNCC",NA
"2692","Pacific.pompano__2025","data_2025","PacificPompano__2025","CC_NCC_fish_160","",2021-01-01,0,0,0,-0.29037940601782,"04.CompFishNCC_1","PreyNCC","04.CompFishNCC_1","PreyNCC",NA
"2693","Pacific.pompano__2025","data_2025","PacificPompano__2025","CC_NCC_fish_160","",2022-01-01,0.0742428427149206,0.0742428427149206,0.0742428427149206,-0.295503790356229,"04.CompFishNCC_1","PreyNCC","04.CompFishNCC_1","PreyNCC",NA
"2694","Pacific.pompano__2025","data_2025","PacificPompano__2025","CC_NCC_fish_160","",2023-01-01,0.0600118601682554,0.0600118601682554,0.0600118601682554,-0.304844866607329,"04.CompFishNCC_1","PreyNCC","04.CompFishNCC_1","PreyNCC",NA
"2695","Pacific.pompano__2025","data_2025","PacificPompano__2025","CC_NCC_fish_160","",2024-01-01,NA,NA,NA,NA,"04.CompFishNCC_1","PreyNCC","04.CompFishNCC_1","PreyNCC",NA
"2696","Pacific.pompano__2025","data_2025","PacificPompano__2025","CC_NCC_fish_160","",2025-01-01,NA,NA,NA,NA,"04.CompFishNCC_1","PreyNCC","04.CompFishNCC_1","PreyNCC",NA
"2697","Pacific.pompano__2025","data_2025","PacificPompano__2025","CC_NCC_fish_160","",2026-01-01,NA,NA,NA,NA,"04.CompFishNCC_1","PreyNCC","04.CompFishNCC_1","PreyNCC",NA
"2698","Pacific spiny dogfish","data_2025","PacificSpinyDogfish_2025","CC_NCC_fish_154","",1998-01-01,NA,NA,NA,NA,"09.PredFishNCC_b","PredNCC","09.PredFishNCC_b","PredNCC","09.PredFishNCC_b"
"2699","Pacific spiny dogfish","data_2025","PacificSpinyDogfish_2025","CC_NCC_fish_154","",1999-01-01,NA,NA,NA,NA,"09.PredFishNCC_b","PredNCC","09.PredFishNCC_b","PredNCC","09.PredFishNCC_b"
"2700","Pacific spiny dogfish","data_2025","PacificSpinyDogfish_2025","CC_NCC_fish_154","",2000-01-01,NA,NA,NA,NA,"09.PredFishNCC_b","PredNCC","09.PredFishNCC_b","PredNCC","09.PredFishNCC_b"
"2701","Pacific spiny dogfish","data_2025","PacificSpinyDogfish_2025","CC_NCC_fish_154","",2001-01-01,NA,NA,NA,NA,"09.PredFishNCC_b","PredNCC","09.PredFishNCC_b","PredNCC","09.PredFishNCC_b"
"2702","Pacific spiny dogfish","data_2025","PacificSpinyDogfish_2025","CC_NCC_fish_154","",2002-01-01,NA,NA,NA,NA,"09.PredFishNCC_b","PredNCC","09.PredFishNCC_b","PredNCC","09.PredFishNCC_b"
"2703","Pacific spiny dogfish","data_2025","PacificSpinyDogfish_2025","CC_NCC_fish_154","",2003-01-01,26283.5614762706,26283.5614762706,26283.5614762706,0.748059484786698,"09.PredFishNCC_b","PredNCC","09.PredFishNCC_b","PredNCC","09.PredFishNCC_b"
"2704","Pacific spiny dogfish","data_2025","PacificSpinyDogfish_2025","CC_NCC_fish_154","",2004-01-01,7115.00656709316,7115.00656709316,7115.00656709316,0.174058089977,"09.PredFishNCC_b","PredNCC","09.PredFishNCC_b","PredNCC","09.PredFishNCC_b"
"2705","Pacific spiny dogfish","data_2025","PacificSpinyDogfish_2025","CC_NCC_fish_154","",2005-01-01,4990.96929636796,4990.96929636796,4990.96929636796,-0.127942119456127,"09.PredFishNCC_b","PredNCC","09.PredFishNCC_b","PredNCC","09.PredFishNCC_b"
"2706","Pacific spiny dogfish","data_2025","PacificSpinyDogfish_2025","CC_NCC_fish_154","",2006-01-01,635.458936192361,635.458936192361,635.458936192361,-0.334395050636651,"09.PredFishNCC_b","PredNCC","09.PredFishNCC_b","PredNCC","09.PredFishNCC_b"
"2707","Pacific spiny dogfish","data_2025","PacificSpinyDogfish_2025","CC_NCC_fish_154","",2007-01-01,1635.45939565585,1635.45939565585,1635.45939565585,-0.39431077913899,"09.PredFishNCC_b","PredNCC","09.PredFishNCC_b","PredNCC","09.PredFishNCC_b"
"2708","Pacific spiny dogfish","data_2025","PacificSpinyDogfish_2025","CC_NCC_fish_154","",2008-01-01,1085.9907881529,1085.9907881529,1085.9907881529,-0.426712452023277,"09.PredFishNCC_b","PredNCC","09.PredFishNCC_b","PredNCC","09.PredFishNCC_b"
"2709","Pacific spiny dogfish","data_2025","PacificSpinyDogfish_2025","CC_NCC_fish_154","",2009-01-01,219.055543877363,219.055543877363,219.055543877363,-0.43152408612805,"09.PredFishNCC_b","PredNCC","09.PredFishNCC_b","PredNCC","09.PredFishNCC_b"
"2710","Pacific spiny dogfish","data_2025","PacificSpinyDogfish_2025","CC_NCC_fish_154","",2010-01-01,754.961809127117,754.961809127117,754.961809127117,-0.362315034756146,"09.PredFishNCC_b","PredNCC","09.PredFishNCC_b","PredNCC","09.PredFishNCC_b"
"2711","Pacific spiny dogfish","data_2025","PacificSpinyDogfish_2025","CC_NCC_fish_154","",2011-01-01,7432.01882266581,7432.01882266581,7432.01882266581,-0.181552267909543,"09.PredFishNCC_b","PredNCC","09.PredFishNCC_b","PredNCC","09.PredFishNCC_b"
"2712","Pacific spiny dogfish","data_2025","PacificSpinyDogfish_2025","CC_NCC_fish_154","",2012-01-01,11252.1517266712,11252.1517266712,11252.1517266712,-0.103136441041676,"09.PredFishNCC_b","PredNCC","09.PredFishNCC_b","PredNCC","09.PredFishNCC_b"
"2713","Pacific spiny dogfish","data_2025","PacificSpinyDogfish_2025","CC_NCC_fish_154","",2013-01-01,162.457485536913,162.457485536913,162.457485536913,-0.274449818042135,"09.PredFishNCC_b","PredNCC","09.PredFishNCC_b","PredNCC","09.PredFishNCC_b"
"2714","Pacific spiny dogfish","data_2025","PacificSpinyDogfish_2025","CC_NCC_fish_154","",2014-01-01,3875.88044285845,3875.88044285845,3875.88044285845,-0.211322877893186,"09.PredFishNCC_b","PredNCC","09.PredFishNCC_b","PredNCC","09.PredFishNCC_b"
"2715","Pacific spiny dogfish","data_2025","PacificSpinyDogfish_2025","CC_NCC_fish_154","",2015-01-01,11640.5491907175,11640.5491907175,11640.5491907175,-0.0701194246184131,"09.PredFishNCC_b","PredNCC","09.PredFishNCC_b","PredNCC","09.PredFishNCC_b"
"2716","Pacific spiny dogfish","data_2025","PacificSpinyDogfish_2025","CC_NCC_fish_154","",2016-01-01,2689.61611508012,2689.61611508012,2689.61611508012,-0.168585319714896,"09.PredFishNCC_b","PredNCC","09.PredFishNCC_b","PredNCC","09.PredFishNCC_b"
"2717","Pacific spiny dogfish","data_2025","PacificSpinyDogfish_2025","CC_NCC_fish_154","",2017-01-01,372.497743863799,372.497743863799,372.497743863799,-0.0761201535812896,"09.PredFishNCC_b","PredNCC","09.PredFishNCC_b","PredNCC","09.PredFishNCC_b"
"2718","Pacific spiny dogfish","data_2025","PacificSpinyDogfish_2025","CC_NCC_fish_154","",2018-01-01,1755.24104202067,1755.24104202067,1755.24104202067,0.436700062403863,"09.PredFishNCC_b","PredNCC","09.PredFishNCC_b","PredNCC","09.PredFishNCC_b"
"2719","Pacific spiny dogfish","data_2025","PacificSpinyDogfish_2025","CC_NCC_fish_154","",2019-01-01,72526.852461732,72526.852461732,72526.852461732,1.80096519489569,"09.PredFishNCC_b","PredNCC","09.PredFishNCC_b","PredNCC","09.PredFishNCC_b"
"2720","Pacific spiny dogfish","data_2025","PacificSpinyDogfish_2025","CC_NCC_fish_154","",2020-01-01,NA,36437.6957024314,36437.6957024314,1.19781504018513,"09.PredFishNCC_b","PredNCC","09.PredFishNCC_b","PredNCC","09.PredFishNCC_b"
"2721","Pacific spiny dogfish","data_2025","PacificSpinyDogfish_2025","CC_NCC_fish_154","",2021-01-01,348.538943130843,348.538943130843,348.538943130843,0.157235357433293,"09.PredFishNCC_b","PredNCC","09.PredFishNCC_b","PredNCC","09.PredFishNCC_b"
"2722","Pacific spiny dogfish","data_2025","PacificSpinyDogfish_2025","CC_NCC_fish_154","",2022-01-01,1199.72204205295,1199.72204205295,1199.72204205295,-0.228217622240016,"09.PredFishNCC_b","PredNCC","09.PredFishNCC_b","PredNCC","09.PredFishNCC_b"
"2723","Pacific spiny dogfish","data_2025","PacificSpinyDogfish_2025","CC_NCC_fish_154","",2023-01-01,111.778175250308,111.778175250308,111.778175250308,-0.394308091089248,"09.PredFishNCC_b","PredNCC","09.PredFishNCC_b","PredNCC","09.PredFishNCC_b"
"2724","Pacific spiny dogfish","data_2025","PacificSpinyDogfish_2025","CC_NCC_fish_154","",2024-01-01,459.480207239812,459.480207239812,459.480207239812,-0.442820994007187,"09.PredFishNCC_b","PredNCC","09.PredFishNCC_b","PredNCC","09.PredFishNCC_b"
"2725","Pacific spiny dogfish","data_2025","PacificSpinyDogfish_2025","CC_NCC_fish_154","",2025-01-01,NA,NA,NA,NA,"09.PredFishNCC_b","PredNCC","09.PredFishNCC_b","PredNCC","09.PredFishNCC_b"
"2726","Pacific spiny dogfish","data_2025","PacificSpinyDogfish_2025","CC_NCC_fish_154","",2026-01-01,NA,NA,NA,NA,"09.PredFishNCC_b","PredNCC","09.PredFishNCC_b","PredNCC","09.PredFishNCC_b"
"2727","Pyrosoma.atlanticum__2025","data_2025","PyrosomaAtlanticum__2025","CC_NCC_cnid_166","",1998-01-01,0,0,0,-0.245684033491502,"02.CompJellyNCC","PreyNCC","02.CompJellyNCC","PreyNCC","02.CompJellyNCC"
"2728","Pyrosoma.atlanticum__2025","data_2025","PyrosomaAtlanticum__2025","CC_NCC_cnid_166","",1999-01-01,0,0,0,-0.245683985427179,"02.CompJellyNCC","PreyNCC","02.CompJellyNCC","PreyNCC","02.CompJellyNCC"
"2729","Pyrosoma.atlanticum__2025","data_2025","PyrosomaAtlanticum__2025","CC_NCC_cnid_166","",2000-01-01,0,0,0,-0.24568386526637,"02.CompJellyNCC","PreyNCC","02.CompJellyNCC","PreyNCC","02.CompJellyNCC"
"2730","Pyrosoma.atlanticum__2025","data_2025","PyrosomaAtlanticum__2025","CC_NCC_cnid_166","",2001-01-01,0,0,0,-0.245683552848267,"02.CompJellyNCC","PreyNCC","02.CompJellyNCC","PreyNCC","02.CompJellyNCC"
"2731","Pyrosoma.atlanticum__2025","data_2025","PyrosomaAtlanticum__2025","CC_NCC_cnid_166","",2002-01-01,0,0,0,-0.245682735754768,"02.CompJellyNCC","PreyNCC","02.CompJellyNCC","PreyNCC","02.CompJellyNCC"
"2732","Pyrosoma.atlanticum__2025","data_2025","PyrosomaAtlanticum__2025","CC_NCC_cnid_166","",2003-01-01,0,0,0,-0.245680596892374,"02.CompJellyNCC","PreyNCC","02.CompJellyNCC","PreyNCC","02.CompJellyNCC"
"2733","Pyrosoma.atlanticum__2025","data_2025","PyrosomaAtlanticum__2025","CC_NCC_cnid_166","",2004-01-01,0,0,0,-0.24567499739869,"02.CompJellyNCC","PreyNCC","02.CompJellyNCC","PreyNCC","02.CompJellyNCC"
"2734","Pyrosoma.atlanticum__2025","data_2025","PyrosomaAtlanticum__2025","CC_NCC_cnid_166","",2005-01-01,0,0,0,-0.245660337780032,"02.CompJellyNCC","PreyNCC","02.CompJellyNCC","PreyNCC","02.CompJellyNCC"
"2735","Pyrosoma.atlanticum__2025","data_2025","PyrosomaAtlanticum__2025","CC_NCC_cnid_166","",2006-01-01,0,0,0,-0.245621958417741,"02.CompJellyNCC","PreyNCC","02.CompJellyNCC","PreyNCC","02.CompJellyNCC"
"2736","Pyrosoma.atlanticum__2025","data_2025","PyrosomaAtlanticum__2025","CC_NCC_cnid_166","",2007-01-01,0,0,0,-0.245521479949528,"02.CompJellyNCC","PreyNCC","02.CompJellyNCC","PreyNCC","02.CompJellyNCC"
"2737","Pyrosoma.atlanticum__2025","data_2025","PyrosomaAtlanticum__2025","CC_NCC_cnid_166","",2008-01-01,0,0,0,-0.24525842390718,"02.CompJellyNCC","PreyNCC","02.CompJellyNCC","PreyNCC","02.CompJellyNCC"
"2738","Pyrosoma.atlanticum__2025","data_2025","PyrosomaAtlanticum__2025","CC_NCC_cnid_166","",2009-01-01,0,0,0,-0.244569734248347,"02.CompJellyNCC","PreyNCC","02.CompJellyNCC","PreyNCC","02.CompJellyNCC"
"2739","Pyrosoma.atlanticum__2025","data_2025","PyrosomaAtlanticum__2025","CC_NCC_cnid_166","",2010-01-01,0,0,0,-0.242766721314198,"02.CompJellyNCC","PreyNCC","02.CompJellyNCC","PreyNCC","02.CompJellyNCC"
"2740","Pyrosoma.atlanticum__2025","data_2025","PyrosomaAtlanticum__2025","CC_NCC_cnid_166","",2011-01-01,0,0,0,-0.238046372170582,"02.CompJellyNCC","PreyNCC","02.CompJellyNCC","PreyNCC","02.CompJellyNCC"
"2741","Pyrosoma.atlanticum__2025","data_2025","PyrosomaAtlanticum__2025","CC_NCC_cnid_166","",2012-01-01,0,0,0,-0.225688337673884,"02.CompJellyNCC","PreyNCC","02.CompJellyNCC","PreyNCC","02.CompJellyNCC"
"2742","Pyrosoma.atlanticum__2025","data_2025","PyrosomaAtlanticum__2025","CC_NCC_cnid_166","",2013-01-01,0,0,0,-0.193334583327407,"02.CompJellyNCC","PreyNCC","02.CompJellyNCC","PreyNCC","02.CompJellyNCC"
"2743","Pyrosoma.atlanticum__2025","data_2025","PyrosomaAtlanticum__2025","CC_NCC_cnid_166","",2014-01-01,0,0,0,-0.108631354784673,"02.CompJellyNCC","PreyNCC","02.CompJellyNCC","PreyNCC","02.CompJellyNCC"
"2744","Pyrosoma.atlanticum__2025","data_2025","PyrosomaAtlanticum__2025","CC_NCC_cnid_166","",2015-01-01,0,0,0,0.113124576497052,"02.CompJellyNCC","PreyNCC","02.CompJellyNCC","PreyNCC","02.CompJellyNCC"
"2745","Pyrosoma.atlanticum__2025","data_2025","PyrosomaAtlanticum__2025","CC_NCC_cnid_166","",2016-01-01,0,0,0,0.693689141799493,"02.CompJellyNCC","PreyNCC","02.CompJellyNCC","PreyNCC","02.CompJellyNCC"
"2746","Pyrosoma.atlanticum__2025","data_2025","PyrosomaAtlanticum__2025","CC_NCC_cnid_166","",2017-01-01,2.32336815895025,2.32336815895025,2.32336815895025,2.21362690642509,"02.CompJellyNCC","PreyNCC","02.CompJellyNCC","PreyNCC","02.CompJellyNCC"
"2747","Pyrosoma.atlanticum__2025","data_2025","PyrosomaAtlanticum__2025","CC_NCC_cnid_166","",2018-01-01,0.674879689678765,0.674879689678765,0.674879689678765,1.24292547210579,"02.CompJellyNCC","PreyNCC","02.CompJellyNCC","PreyNCC","02.CompJellyNCC"
"2748","Pyrosoma.atlanticum__2025","data_2025","PyrosomaAtlanticum__2025","CC_NCC_cnid_166","",2019-01-01,0,0,0,0.322998234694329,"02.CompJellyNCC","PreyNCC","02.CompJellyNCC","PreyNCC","02.CompJellyNCC"
"2749","Pyrosoma.atlanticum__2025","data_2025","PyrosomaAtlanticum__2025","CC_NCC_cnid_166","",2020-01-01,0,0,0,-0.0282467104991373,"02.CompJellyNCC","PreyNCC","02.CompJellyNCC","PreyNCC","02.CompJellyNCC"
"2750","Pyrosoma.atlanticum__2025","data_2025","PyrosomaAtlanticum__2025","CC_NCC_cnid_166","",2021-01-01,0,0,0,-0.162054308668077,"02.CompJellyNCC","PreyNCC","02.CompJellyNCC","PreyNCC","02.CompJellyNCC"
"2751","Pyrosoma.atlanticum__2025","data_2025","PyrosomaAtlanticum__2025","CC_NCC_cnid_166","",2022-01-01,0,0,0,-0.212232157981429,"02.CompJellyNCC","PreyNCC","02.CompJellyNCC","PreyNCC","02.CompJellyNCC"
"2752","Pyrosoma.atlanticum__2025","data_2025","PyrosomaAtlanticum__2025","CC_NCC_cnid_166","",2023-01-01,0,0,0,-0.228958107752546,"02.CompJellyNCC","PreyNCC","02.CompJellyNCC","PreyNCC","02.CompJellyNCC"
"2753","Pyrosoma.atlanticum__2025","data_2025","PyrosomaAtlanticum__2025","CC_NCC_cnid_166","",2024-01-01,NA,NA,NA,NA,"02.CompJellyNCC","PreyNCC","02.CompJellyNCC","PreyNCC","02.CompJellyNCC"
"2754","Pyrosoma.atlanticum__2025","data_2025","PyrosomaAtlanticum__2025","CC_NCC_cnid_166","",2025-01-01,NA,NA,NA,NA,"02.CompJellyNCC","PreyNCC","02.CompJellyNCC","PreyNCC","02.CompJellyNCC"
"2755","Pyrosoma.atlanticum__2025","data_2025","PyrosomaAtlanticum__2025","CC_NCC_cnid_166","",2026-01-01,NA,NA,NA,NA,"02.CompJellyNCC","PreyNCC","02.CompJellyNCC","PreyNCC","02.CompJellyNCC"
"2756","Sablefish__2025","data_2025","Sablefish__JSOES_2025","CC_NCC_fish_161","",1998-01-01,0,0,0,-0.433197667730993,"04.CompFishNCC_2","PreyNCC","04.CompFishNCC_2","PreyNCC",NA
"2757","Sablefish__2025","data_2025","Sablefish__JSOES_2025","CC_NCC_fish_161","",1999-01-01,0,0,0,-0.429241680613281,"04.CompFishNCC_2","PreyNCC","04.CompFishNCC_2","PreyNCC",NA
"2758","Sablefish__2025","data_2025","Sablefish__JSOES_2025","CC_NCC_fish_161","",2000-01-01,0,0,0,-0.419351712819002,"04.CompFishNCC_2","PreyNCC","04.CompFishNCC_2","PreyNCC",NA
"2759","Sablefish__2025","data_2025","Sablefish__JSOES_2025","CC_NCC_fish_161","",2001-01-01,0.0260552528813712,0.0260552528813712,0.0260552528813712,-0.393637796553875,"04.CompFishNCC_2","PreyNCC","04.CompFishNCC_2","PreyNCC",NA
"2760","Sablefish__2025","data_2025","Sablefish__JSOES_2025","CC_NCC_fish_161","",2002-01-01,0,0,0,-0.332526641712833,"04.CompFishNCC_2","PreyNCC","04.CompFishNCC_2","PreyNCC",NA
"2761","Sablefish__2025","data_2025","Sablefish__JSOES_2025","CC_NCC_fish_161","",2003-01-01,1.66495762156048,1.66495762156048,1.66495762156048,-0.168766467294776,"04.CompFishNCC_2","PreyNCC","04.CompFishNCC_2","PreyNCC",NA
"2762","Sablefish__2025","data_2025","Sablefish__JSOES_2025","CC_NCC_fish_161","",2004-01-01,1.73060970816064,1.73060970816064,1.73060970816064,-0.130989464938993,"04.CompFishNCC_2","PreyNCC","04.CompFishNCC_2","PreyNCC",NA
"2763","Sablefish__2025","data_2025","Sablefish__JSOES_2025","CC_NCC_fish_161","",2005-01-01,0.580309988603782,0.580309988603782,0.580309988603782,-0.196891324966105,"04.CompFishNCC_2","PreyNCC","04.CompFishNCC_2","PreyNCC",NA
"2764","Sablefish__2025","data_2025","Sablefish__JSOES_2025","CC_NCC_fish_161","",2006-01-01,1.32196141475726,1.32196141475726,1.32196141475726,-0.161274617675371,"04.CompFishNCC_2","PreyNCC","04.CompFishNCC_2","PreyNCC",NA
"2765","Sablefish__2025","data_2025","Sablefish__JSOES_2025","CC_NCC_fish_161","",2007-01-01,1.57618976968918,1.57618976968918,1.57618976968918,-0.163312885167159,"04.CompFishNCC_2","PreyNCC","04.CompFishNCC_2","PreyNCC",NA
"2766","Sablefish__2025","data_2025","Sablefish__JSOES_2025","CC_NCC_fish_161","",2008-01-01,0,0,0,-0.264960193641157,"04.CompFishNCC_2","PreyNCC","04.CompFishNCC_2","PreyNCC",NA
"2767","Sablefish__2025","data_2025","Sablefish__JSOES_2025","CC_NCC_fish_161","",2009-01-01,1.60683606701352,1.60683606701352,1.60683606701352,-0.196392034466462,"04.CompFishNCC_2","PreyNCC","04.CompFishNCC_2","PreyNCC",NA
"2768","Sablefish__2025","data_2025","Sablefish__JSOES_2025","CC_NCC_fish_161","",2010-01-01,0.00511996165653716,0.00511996165653716,0.00511996165653716,-0.267734695724504,"04.CompFishNCC_2","PreyNCC","04.CompFishNCC_2","PreyNCC",NA
"2769","Sablefish__2025","data_2025","Sablefish__JSOES_2025","CC_NCC_fish_161","",2011-01-01,1.47164290818225,1.47164290818225,1.47164290818225,-0.172843049077743,"04.CompFishNCC_2","PreyNCC","04.CompFishNCC_2","PreyNCC",NA
"2770","Sablefish__2025","data_2025","Sablefish__JSOES_2025","CC_NCC_fish_161","",2012-01-01,0.0520631379760422,0.0520631379760422,0.0520631379760422,-0.162451307308364,"04.CompFishNCC_2","PreyNCC","04.CompFishNCC_2","PreyNCC",NA
"2771","Sablefish__2025","data_2025","Sablefish__JSOES_2025","CC_NCC_fish_161","",2013-01-01,4.76916213097975,4.76916213097975,4.76916213097975,0.108394699624478,"04.CompFishNCC_2","PreyNCC","04.CompFishNCC_2","PreyNCC",NA
"2772","Sablefish__2025","data_2025","Sablefish__JSOES_2025","CC_NCC_fish_161","",2014-01-01,0.0220129370846789,0.0220129370846789,0.0220129370846789,-0.201171181957799,"04.CompFishNCC_2","PreyNCC","04.CompFishNCC_2","PreyNCC",NA
"2773","Sablefish__2025","data_2025","Sablefish__JSOES_2025","CC_NCC_fish_161","",2015-01-01,0,0,0,-0.281920529147089,"04.CompFishNCC_2","PreyNCC","04.CompFishNCC_2","PreyNCC",NA
"2774","Sablefish__2025","data_2025","Sablefish__JSOES_2025","CC_NCC_fish_161","",2016-01-01,1.49052873276227,1.49052873276227,1.49052873276227,-0.209414744193618,"04.CompFishNCC_2","PreyNCC","04.CompFishNCC_2","PreyNCC",NA
"2775","Sablefish__2025","data_2025","Sablefish__JSOES_2025","CC_NCC_fish_161","",2017-01-01,0.114214038550564,0.114214038550564,0.114214038550564,-0.262431515399457,"04.CompFishNCC_2","PreyNCC","04.CompFishNCC_2","PreyNCC",NA
"2776","Sablefish__2025","data_2025","Sablefish__JSOES_2025","CC_NCC_fish_161","",2018-01-01,0.116378076846386,0.116378076846386,0.116378076846386,-0.169621772877706,"04.CompFishNCC_2","PreyNCC","04.CompFishNCC_2","PreyNCC",NA
"2777","Sablefish__2025","data_2025","Sablefish__JSOES_2025","CC_NCC_fish_161","",2019-01-01,0,0,0,0.161314211646691,"04.CompFishNCC_2","PreyNCC","04.CompFishNCC_2","PreyNCC",NA
"2778","Sablefish__2025","data_2025","Sablefish__JSOES_2025","CC_NCC_fish_161","",2020-01-01,12.8405576738671,12.8405576738671,12.8405576738671,1.08874006910763,"04.CompFishNCC_2","PreyNCC","04.CompFishNCC_2","PreyNCC",NA
"2779","Sablefish__2025","data_2025","Sablefish__JSOES_2025","CC_NCC_fish_161","",2021-01-01,0.34810403136833,0.34810403136833,0.34810403136833,0.513856399399317,"04.CompFishNCC_2","PreyNCC","04.CompFishNCC_2","PreyNCC",NA
"2780","Sablefish__2025","data_2025","Sablefish__JSOES_2025","CC_NCC_fish_161","",2022-01-01,0.00564303445791262,0.00564303445791262,0.00564303445791262,0.805964645493661,"04.CompFishNCC_2","PreyNCC","04.CompFishNCC_2","PreyNCC",NA
"2781","Sablefish__2025","data_2025","Sablefish__JSOES_2025","CC_NCC_fish_161","",2023-01-01,18.2664235944726,18.2664235944726,18.2664235944726,2.33788326443566,"04.CompFishNCC_2","PreyNCC","04.CompFishNCC_2","PreyNCC",NA
"2782","Sablefish__2025","data_2025","Sablefish__JSOES_2025","CC_NCC_fish_161","",2024-01-01,NA,NA,NA,NA,"04.CompFishNCC_2","PreyNCC","04.CompFishNCC_2","PreyNCC",NA
"2783","Sablefish__2025","data_2025","Sablefish__JSOES_2025","CC_NCC_fish_161","",2025-01-01,NA,NA,NA,NA,"04.CompFishNCC_2","PreyNCC","04.CompFishNCC_2","PreyNCC",NA
"2784","Sablefish__2025","data_2025","Sablefish__JSOES_2025","CC_NCC_fish_161","",2026-01-01,NA,NA,NA,NA,"04.CompFishNCC_2","PreyNCC","04.CompFishNCC_2","PreyNCC",NA
"2785","sardine_gam","data_2025","sardine_GAM_2025","CC_NCC_fish_177","",1998-01-01,0.552259993154088,0.552259993154088,0.552259993154088,1.20798081900474,"05.ForageFishNCC","PreyNCC","05.ForageFishNCC","PreyNCC","05.ForageFishNCC"
"2786","sardine_gam","data_2025","sardine_GAM_2025","CC_NCC_fish_177","",1999-01-01,0.424685571966478,0.424685571966478,0.424685571966478,0.726316386920494,"05.ForageFishNCC","PreyNCC","05.ForageFishNCC","PreyNCC","05.ForageFishNCC"
"2787","sardine_gam","data_2025","sardine_GAM_2025","CC_NCC_fish_177","",2000-01-01,0.532269050833208,0.532269050833208,0.532269050833208,0.884862084590421,"05.ForageFishNCC","PreyNCC","05.ForageFishNCC","PreyNCC","05.ForageFishNCC"
"2788","sardine_gam","data_2025","sardine_GAM_2025","CC_NCC_fish_177","",2001-01-01,0.481424622376541,0.481424622376541,0.481424622376541,0.69299330991044,"05.ForageFishNCC","PreyNCC","05.ForageFishNCC","PreyNCC","05.ForageFishNCC"
"2789","sardine_gam","data_2025","sardine_GAM_2025","CC_NCC_fish_177","",2002-01-01,0.449747945190881,0.449747945190881,0.449747945190881,0.501944260021789,"05.ForageFishNCC","PreyNCC","05.ForageFishNCC","PreyNCC","05.ForageFishNCC"
"2790","sardine_gam","data_2025","sardine_GAM_2025","CC_NCC_fish_177","",2003-01-01,0.403429584230173,0.403429584230173,0.403429584230173,0.459025426860844,"05.ForageFishNCC","PreyNCC","05.ForageFishNCC","PreyNCC","05.ForageFishNCC"
"2791","sardine_gam","data_2025","sardine_GAM_2025","CC_NCC_fish_177","",2004-01-01,0.526668541970755,0.526668541970755,0.526668541970755,1.01607502835806,"05.ForageFishNCC","PreyNCC","05.ForageFishNCC","PreyNCC","05.ForageFishNCC"
"2792","sardine_gam","data_2025","sardine_GAM_2025","CC_NCC_fish_177","",2005-01-01,0.589038397268553,0.589038397268553,0.589038397268553,1.41374584093664,"05.ForageFishNCC","PreyNCC","05.ForageFishNCC","PreyNCC","05.ForageFishNCC"
"2793","sardine_gam","data_2025","sardine_GAM_2025","CC_NCC_fish_177","",2006-01-01,0.566781338630535,0.566781338630535,0.566781338630535,1.38349499767314,"05.ForageFishNCC","PreyNCC","05.ForageFishNCC","PreyNCC","05.ForageFishNCC"
"2794","sardine_gam","data_2025","sardine_GAM_2025","CC_NCC_fish_177","",2007-01-01,0.539845414525786,0.539845414525786,0.539845414525786,1.13281402073569,"05.ForageFishNCC","PreyNCC","05.ForageFishNCC","PreyNCC","05.ForageFishNCC"
"2795","sardine_gam","data_2025","sardine_GAM_2025","CC_NCC_fish_177","",2008-01-01,0.44127114366195,0.44127114366195,0.44127114366195,0.698742355543571,"05.ForageFishNCC","PreyNCC","05.ForageFishNCC","PreyNCC","05.ForageFishNCC"
"2796","sardine_gam","data_2025","sardine_GAM_2025","CC_NCC_fish_177","",2009-01-01,0.525113968920252,0.525113968920252,0.525113968920252,0.70014532678324,"05.ForageFishNCC","PreyNCC","05.ForageFishNCC","PreyNCC","05.ForageFishNCC"
"2797","sardine_gam","data_2025","sardine_GAM_2025","CC_NCC_fish_177","",2010-01-01,0.42816289287673,0.42816289287673,0.42816289287673,0.242845230567316,"05.ForageFishNCC","PreyNCC","05.ForageFishNCC","PreyNCC","05.ForageFishNCC"
"2798","sardine_gam","data_2025","sardine_GAM_2025","CC_NCC_fish_177","",2011-01-01,0.412524270927987,0.412524270927987,0.412524270927987,-0.0948594569932256,"05.ForageFishNCC","PreyNCC","05.ForageFishNCC","PreyNCC","05.ForageFishNCC"
"2799","sardine_gam","data_2025","sardine_GAM_2025","CC_NCC_fish_177","",2012-01-01,0.344808197899371,0.344808197899371,0.344808197899371,-0.483626958126163,"05.ForageFishNCC","PreyNCC","05.ForageFishNCC","PreyNCC","05.ForageFishNCC"
"2800","sardine_gam","data_2025","sardine_GAM_2025","CC_NCC_fish_177","",2013-01-01,0.379544949199686,0.379544949199686,0.379544949199686,-0.588904606578787,"05.ForageFishNCC","PreyNCC","05.ForageFishNCC","PreyNCC","05.ForageFishNCC"
"2801","sardine_gam","data_2025","sardine_GAM_2025","CC_NCC_fish_177","",2014-01-01,0.311161368413113,0.311161368413113,0.311161368413113,-0.887016268359183,"05.ForageFishNCC","PreyNCC","05.ForageFishNCC","PreyNCC","05.ForageFishNCC"
"2802","sardine_gam","data_2025","sardine_GAM_2025","CC_NCC_fish_177","",2015-01-01,0.299645580652044,0.299645580652044,0.299645580652044,-0.945623345970734,"05.ForageFishNCC","PreyNCC","05.ForageFishNCC","PreyNCC","05.ForageFishNCC"
"2803","sardine_gam","data_2025","sardine_GAM_2025","CC_NCC_fish_177","",2016-01-01,0.377417644112893,0.377417644112893,0.377417644112893,-0.70032517073418,"05.ForageFishNCC","PreyNCC","05.ForageFishNCC","PreyNCC","05.ForageFishNCC"
"2804","sardine_gam","data_2025","sardine_GAM_2025","CC_NCC_fish_177","",2017-01-01,0.353670339766352,0.353670339766352,0.353670339766352,-0.736558420224884,"05.ForageFishNCC","PreyNCC","05.ForageFishNCC","PreyNCC","05.ForageFishNCC"
"2805","sardine_gam","data_2025","sardine_GAM_2025","CC_NCC_fish_177","",2018-01-01,0.334886584976509,0.334886584976509,0.334886584976509,-0.836895678353619,"05.ForageFishNCC","PreyNCC","05.ForageFishNCC","PreyNCC","05.ForageFishNCC"
"2806","sardine_gam","data_2025","sardine_GAM_2025","CC_NCC_fish_177","",2019-01-01,0.310779929642673,0.310779929642673,0.310779929642673,-0.901032493665955,"05.ForageFishNCC","PreyNCC","05.ForageFishNCC","PreyNCC","05.ForageFishNCC"
"2807","sardine_gam","data_2025","sardine_GAM_2025","CC_NCC_fish_177","",2020-01-01,0.356484559377359,0.356484559377359,0.356484559377359,-0.735606550303257,"05.ForageFishNCC","PreyNCC","05.ForageFishNCC","PreyNCC","05.ForageFishNCC"
"2808","sardine_gam","data_2025","sardine_GAM_2025","CC_NCC_fish_177","",2021-01-01,0.379493643360912,0.379493643360912,0.379493643360912,-0.663393286811402,"05.ForageFishNCC","PreyNCC","05.ForageFishNCC","PreyNCC","05.ForageFishNCC"
"2809","sardine_gam","data_2025","sardine_GAM_2025","CC_NCC_fish_177","",2022-01-01,0.352515315160377,0.352515315160377,0.352515315160377,-0.857954685279311,"05.ForageFishNCC","PreyNCC","05.ForageFishNCC","PreyNCC","05.ForageFishNCC"
"2810","sardine_gam","data_2025","sardine_GAM_2025","CC_NCC_fish_177","",2023-01-01,0.261554514996019,0.261554514996019,0.261554514996019,-1.2256787756225,"05.ForageFishNCC","PreyNCC","05.ForageFishNCC","PreyNCC","05.ForageFishNCC"
"2811","sardine_gam","data_2025","sardine_GAM_2025","CC_NCC_fish_177","",2024-01-01,0.313674580292453,0.313674580292453,0.313674580292453,-1.16267717484106,"05.ForageFishNCC","PreyNCC","05.ForageFishNCC","PreyNCC","05.ForageFishNCC"
"2812","sardine_gam","data_2025","sardine_GAM_2025","CC_NCC_fish_177","",2025-01-01,NA,NA,NA,NA,"05.ForageFishNCC","PreyNCC","05.ForageFishNCC","PreyNCC","05.ForageFishNCC"
"2813","sardine_gam","data_2025","sardine_GAM_2025","CC_NCC_fish_177","",2026-01-01,NA,NA,NA,NA,"05.ForageFishNCC","PreyNCC","05.ForageFishNCC","PreyNCC","05.ForageFishNCC"
"2814","Sea.nettle__2025","data_2025","SeaNettle__2025","CC_NCC_cnid_162","",1998-01-01,0,0,0,-0.938704079178852,"02.CompJellyNCC","PreyNCC","02.CompJellyNCC","PreyNCC","02.CompJellyNCC"
"2815","Sea.nettle__2025","data_2025","SeaNettle__2025","CC_NCC_cnid_162","",1999-01-01,0.402698739072956,0.402698739072956,0.402698739072956,-0.829761287348505,"02.CompJellyNCC","PreyNCC","02.CompJellyNCC","PreyNCC","02.CompJellyNCC"
"2816","Sea.nettle__2025","data_2025","SeaNettle__2025","CC_NCC_cnid_162","",2000-01-01,4.35508120895927,4.35508120895927,4.35508120895927,-0.56706519804915,"02.CompJellyNCC","PreyNCC","02.CompJellyNCC","PreyNCC","02.CompJellyNCC"
"2817","Sea.nettle__2025","data_2025","SeaNettle__2025","CC_NCC_cnid_162","",2001-01-01,51.0630754554607,51.0630754554607,51.0630754554607,0.0172611746355175,"02.CompJellyNCC","PreyNCC","02.CompJellyNCC","PreyNCC","02.CompJellyNCC"
"2818","Sea.nettle__2025","data_2025","SeaNettle__2025","CC_NCC_cnid_162","",2002-01-01,68.0773304938658,68.0773304938658,68.0773304938658,0.387002310236471,"02.CompJellyNCC","PreyNCC","02.CompJellyNCC","PreyNCC","02.CompJellyNCC"
"2819","Sea.nettle__2025","data_2025","SeaNettle__2025","CC_NCC_cnid_162","",2003-01-01,36.9249944234908,36.9249944234908,36.9249944234908,0.503721132917929,"02.CompJellyNCC","PreyNCC","02.CompJellyNCC","PreyNCC","02.CompJellyNCC"
"2820","Sea.nettle__2025","data_2025","SeaNettle__2025","CC_NCC_cnid_162","",2004-01-01,147.43225965599,147.43225965599,147.43225965599,1.23149242015217,"02.CompJellyNCC","PreyNCC","02.CompJellyNCC","PreyNCC","02.CompJellyNCC"
"2821","Sea.nettle__2025","data_2025","SeaNettle__2025","CC_NCC_cnid_162","",2005-01-01,36.0477363179631,36.0477363179631,36.0477363179631,0.646977682603706,"02.CompJellyNCC","PreyNCC","02.CompJellyNCC","PreyNCC","02.CompJellyNCC"
"2822","Sea.nettle__2025","data_2025","SeaNettle__2025","CC_NCC_cnid_162","",2006-01-01,79.6651102011821,79.6651102011821,79.6651102011821,0.837817702623404,"02.CompJellyNCC","PreyNCC","02.CompJellyNCC","PreyNCC","02.CompJellyNCC"
"2823","Sea.nettle__2025","data_2025","SeaNettle__2025","CC_NCC_cnid_162","",2007-01-01,79.7207822881109,79.7207822881109,79.7207822881109,0.948455721821758,"02.CompJellyNCC","PreyNCC","02.CompJellyNCC","PreyNCC","02.CompJellyNCC"
"2824","Sea.nettle__2025","data_2025","SeaNettle__2025","CC_NCC_cnid_162","",2008-01-01,127.286565520979,127.286565520979,127.286565520979,1.08819416563658,"02.CompJellyNCC","PreyNCC","02.CompJellyNCC","PreyNCC","02.CompJellyNCC"
"2825","Sea.nettle__2025","data_2025","SeaNettle__2025","CC_NCC_cnid_162","",2009-01-01,43.2243882255071,43.2243882255071,43.2243882255071,0.255650912700452,"02.CompJellyNCC","PreyNCC","02.CompJellyNCC","PreyNCC","02.CompJellyNCC"
"2826","Sea.nettle__2025","data_2025","SeaNettle__2025","CC_NCC_cnid_162","",2010-01-01,5.81445375978502,5.81445375978502,5.81445375978502,-0.365034860954067,"02.CompJellyNCC","PreyNCC","02.CompJellyNCC","PreyNCC","02.CompJellyNCC"
"2827","Sea.nettle__2025","data_2025","SeaNettle__2025","CC_NCC_cnid_162","",2011-01-01,8.13794639342532,8.13794639342532,8.13794639342532,-0.49707089625446,"02.CompJellyNCC","PreyNCC","02.CompJellyNCC","PreyNCC","02.CompJellyNCC"
"2828","Sea.nettle__2025","data_2025","SeaNettle__2025","CC_NCC_cnid_162","",2012-01-01,37.1448545948685,37.1448545948685,37.1448545948685,-0.328234667979075,"02.CompJellyNCC","PreyNCC","02.CompJellyNCC","PreyNCC","02.CompJellyNCC"
"2829","Sea.nettle__2025","data_2025","SeaNettle__2025","CC_NCC_cnid_162","",2013-01-01,29.7732270749192,29.7732270749192,29.7732270749192,-0.385576302103656,"02.CompJellyNCC","PreyNCC","02.CompJellyNCC","PreyNCC","02.CompJellyNCC"
"2830","Sea.nettle__2025","data_2025","SeaNettle__2025","CC_NCC_cnid_162","",2014-01-01,20.6964278889859,20.6964278889859,20.6964278889859,-0.54958938799979,"02.CompJellyNCC","PreyNCC","02.CompJellyNCC","PreyNCC","02.CompJellyNCC"
"2831","Sea.nettle__2025","data_2025","SeaNettle__2025","CC_NCC_cnid_162","",2015-01-01,0.483632548179257,0.483632548179257,0.483632548179257,-0.766531273864738,"02.CompJellyNCC","PreyNCC","02.CompJellyNCC","PreyNCC","02.CompJellyNCC"
"2832","Sea.nettle__2025","data_2025","SeaNettle__2025","CC_NCC_cnid_162","",2016-01-01,4.88285012580048,4.88285012580048,4.88285012580048,-0.768431480506963,"02.CompJellyNCC","PreyNCC","02.CompJellyNCC","PreyNCC","02.CompJellyNCC"
"2833","Sea.nettle__2025","data_2025","SeaNettle__2025","CC_NCC_cnid_162","",2017-01-01,8.10865075107005,8.10865075107005,8.10865075107005,-0.662729055881535,"02.CompJellyNCC","PreyNCC","02.CompJellyNCC","PreyNCC","02.CompJellyNCC"
"2834","Sea.nettle__2025","data_2025","SeaNettle__2025","CC_NCC_cnid_162","",2018-01-01,22.5947238789788,22.5947238789788,22.5947238789788,-0.421109714115025,"02.CompJellyNCC","PreyNCC","02.CompJellyNCC","PreyNCC","02.CompJellyNCC"
"2835","Sea.nettle__2025","data_2025","SeaNettle__2025","CC_NCC_cnid_162","",2019-01-01,14.8882099437251,14.8882099437251,14.8882099437251,-0.149480314661299,"02.CompJellyNCC","PreyNCC","02.CompJellyNCC","PreyNCC","02.CompJellyNCC"
"2836","Sea.nettle__2025","data_2025","SeaNettle__2025","CC_NCC_cnid_162","",2020-01-01,95.2347902254772,95.2347902254772,95.2347902254772,0.608670634473048,"02.CompJellyNCC","PreyNCC","02.CompJellyNCC","PreyNCC","02.CompJellyNCC"
"2837","Sea.nettle__2025","data_2025","SeaNettle__2025","CC_NCC_cnid_162","",2021-01-01,103.862541784837,103.862541784837,103.862541784837,0.683950186998436,"02.CompJellyNCC","PreyNCC","02.CompJellyNCC","PreyNCC","02.CompJellyNCC"
"2838","Sea.nettle__2025","data_2025","SeaNettle__2025","CC_NCC_cnid_162","",2022-01-01,5.09338237678635,5.09338237678635,5.09338237678635,-0.0553450251913472,"02.CompJellyNCC","PreyNCC","02.CompJellyNCC","PreyNCC","02.CompJellyNCC"
"2839","Sea.nettle__2025","data_2025","SeaNettle__2025","CC_NCC_cnid_162","",2023-01-01,45.4564424489798,45.4564424489798,45.4564424489798,0.0209981033738223,"02.CompJellyNCC","PreyNCC","02.CompJellyNCC","PreyNCC","02.CompJellyNCC"
"2840","Sea.nettle__2025","data_2025","SeaNettle__2025","CC_NCC_cnid_162","",2024-01-01,NA,NA,NA,NA,"02.CompJellyNCC","PreyNCC","02.CompJellyNCC","PreyNCC","02.CompJellyNCC"
"2841","Sea.nettle__2025","data_2025","SeaNettle__2025","CC_NCC_cnid_162","",2025-01-01,NA,NA,NA,NA,"02.CompJellyNCC","PreyNCC","02.CompJellyNCC","PreyNCC","02.CompJellyNCC"
"2842","Sea.nettle__2025","data_2025","SeaNettle__2025","CC_NCC_cnid_162","",2026-01-01,NA,NA,NA,NA,"02.CompJellyNCC","PreyNCC","02.CompJellyNCC","PreyNCC","02.CompJellyNCC"
"2843","stripetail rockfish","data_2025","stripetailRockfish_2025","CC_NCC_fish_155","",1998-01-01,NA,NA,NA,NA,"09.PredFishNCC","PredNCC","09.PredFishNCC","PredNCC","09.PredFishNCC"
"2844","stripetail rockfish","data_2025","stripetailRockfish_2025","CC_NCC_fish_155","",1999-01-01,NA,NA,NA,NA,"09.PredFishNCC","PredNCC","09.PredFishNCC","PredNCC","09.PredFishNCC"
"2845","stripetail rockfish","data_2025","stripetailRockfish_2025","CC_NCC_fish_155","",2000-01-01,NA,NA,NA,NA,"09.PredFishNCC","PredNCC","09.PredFishNCC","PredNCC","09.PredFishNCC"
"2846","stripetail rockfish","data_2025","stripetailRockfish_2025","CC_NCC_fish_155","",2001-01-01,NA,NA,NA,NA,"09.PredFishNCC","PredNCC","09.PredFishNCC","PredNCC","09.PredFishNCC"
"2847","stripetail rockfish","data_2025","stripetailRockfish_2025","CC_NCC_fish_155","",2002-01-01,NA,NA,NA,NA,"09.PredFishNCC","PredNCC","09.PredFishNCC","PredNCC","09.PredFishNCC"
"2848","stripetail rockfish","data_2025","stripetailRockfish_2025","CC_NCC_fish_155","",2003-01-01,15.3328013476319,15.3328013476319,15.3328013476319,-0.380500960580622,"09.PredFishNCC","PredNCC","09.PredFishNCC","PredNCC","09.PredFishNCC"
"2849","stripetail rockfish","data_2025","stripetailRockfish_2025","CC_NCC_fish_155","",2004-01-01,0.91834405085,0.91834405085,0.91834405085,-0.404240861240741,"09.PredFishNCC","PredNCC","09.PredFishNCC","PredNCC","09.PredFishNCC"
"2850","stripetail rockfish","data_2025","stripetailRockfish_2025","CC_NCC_fish_155","",2005-01-01,2.92647076980339,2.92647076980339,2.92647076980339,-0.378282567126188,"09.PredFishNCC","PredNCC","09.PredFishNCC","PredNCC","09.PredFishNCC"
"2851","stripetail rockfish","data_2025","stripetailRockfish_2025","CC_NCC_fish_155","",2006-01-01,49.4051489684648,49.4051489684648,49.4051489684648,-0.288552336035463,"09.PredFishNCC","PredNCC","09.PredFishNCC","PredNCC","09.PredFishNCC"
"2852","stripetail rockfish","data_2025","stripetailRockfish_2025","CC_NCC_fish_155","",2007-01-01,21.0004693127264,21.0004693127264,21.0004693127264,-0.320391354776201,"09.PredFishNCC","PredNCC","09.PredFishNCC","PredNCC","09.PredFishNCC"
"2853","stripetail rockfish","data_2025","stripetailRockfish_2025","CC_NCC_fish_155","",2008-01-01,9.88242360335238,9.88242360335238,9.88242360335238,-0.337533269676084,"09.PredFishNCC","PredNCC","09.PredFishNCC","PredNCC","09.PredFishNCC"
"2854","stripetail rockfish","data_2025","stripetailRockfish_2025","CC_NCC_fish_155","",2009-01-01,16.7711831631719,16.7711831631719,16.7711831631719,-0.291320865451802,"09.PredFishNCC","PredNCC","09.PredFishNCC","PredNCC","09.PredFishNCC"
"2855","stripetail rockfish","data_2025","stripetailRockfish_2025","CC_NCC_fish_155","",2010-01-01,48.3616564099182,48.3616564099182,48.3616564099182,-0.176310988062592,"09.PredFishNCC","PredNCC","09.PredFishNCC","PredNCC","09.PredFishNCC"
"2856","stripetail rockfish","data_2025","stripetailRockfish_2025","CC_NCC_fish_155","",2011-01-01,74.0031593355757,74.0031593355757,74.0031593355757,-0.064453385582797,"09.PredFishNCC","PredNCC","09.PredFishNCC","PredNCC","09.PredFishNCC"
"2857","stripetail rockfish","data_2025","stripetailRockfish_2025","CC_NCC_fish_155","",2012-01-01,129.148942885825,129.148942885825,129.148942885825,0.00435728213628704,"09.PredFishNCC","PredNCC","09.PredFishNCC","PredNCC","09.PredFishNCC"
"2858","stripetail rockfish","data_2025","stripetailRockfish_2025","CC_NCC_fish_155","",2013-01-01,0.540742780333333,0.540742780333333,0.540742780333333,-0.227433641248334,"09.PredFishNCC","PredNCC","09.PredFishNCC","PredNCC","09.PredFishNCC"
"2859","stripetail rockfish","data_2025","stripetailRockfish_2025","CC_NCC_fish_155","",2014-01-01,51.1461500332928,51.1461500332928,51.1461500332928,-0.230484419428033,"09.PredFishNCC","PredNCC","09.PredFishNCC","PredNCC","09.PredFishNCC"
"2860","stripetail rockfish","data_2025","stripetailRockfish_2025","CC_NCC_fish_155","",2015-01-01,15.8150904965667,15.8150904965667,15.8150904965667,-0.30734017220078,"09.PredFishNCC","PredNCC","09.PredFishNCC","PredNCC","09.PredFishNCC"
"2861","stripetail rockfish","data_2025","stripetailRockfish_2025","CC_NCC_fish_155","",2016-01-01,23.8967039841758,23.8967039841758,23.8967039841758,-0.325759384102064,"09.PredFishNCC","PredNCC","09.PredFishNCC","PredNCC","09.PredFishNCC"
"2862","stripetail rockfish","data_2025","stripetailRockfish_2025","CC_NCC_fish_155","",2017-01-01,11.8369240136682,11.8369240136682,11.8369240136682,-0.351990098813655,"09.PredFishNCC","PredNCC","09.PredFishNCC","PredNCC","09.PredFishNCC"
"2863","stripetail rockfish","data_2025","stripetailRockfish_2025","CC_NCC_fish_155","",2018-01-01,6.72097008452941,6.72097008452941,6.72097008452941,-0.340890502726722,"09.PredFishNCC","PredNCC","09.PredFishNCC","PredNCC","09.PredFishNCC"
"2864","stripetail rockfish","data_2025","stripetailRockfish_2025","CC_NCC_fish_155","",2019-01-01,10.7704497751316,10.7704497751316,10.7704497751316,-0.251083617614162,"09.PredFishNCC","PredNCC","09.PredFishNCC","PredNCC","09.PredFishNCC"
"2865","stripetail rockfish","data_2025","stripetailRockfish_2025","CC_NCC_fish_155","",2020-01-01,NA,58.4691871930013,58.4691871930013,-0.0167283027308309,"09.PredFishNCC","PredNCC","09.PredFishNCC","PredNCC","09.PredFishNCC"
"2866","stripetail rockfish","data_2025","stripetailRockfish_2025","CC_NCC_fish_155","",2021-01-01,106.167924610871,106.167924610871,106.167924610871,0.314238750191988,"09.PredFishNCC","PredNCC","09.PredFishNCC","PredNCC","09.PredFishNCC"
"2867","stripetail rockfish","data_2025","stripetailRockfish_2025","CC_NCC_fish_155","",2022-01-01,256.673404954781,256.673404954781,256.673404954781,0.7904925874625,"09.PredFishNCC","PredNCC","09.PredFishNCC","PredNCC","09.PredFishNCC"
"2868","stripetail rockfish","data_2025","stripetailRockfish_2025","CC_NCC_fish_155","",2023-01-01,10.6532786404153,10.6532786404153,10.6532786404153,0.997561288128909,"09.PredFishNCC","PredNCC","09.PredFishNCC","PredNCC","09.PredFishNCC"
"2869","stripetail rockfish","data_2025","stripetailRockfish_2025","CC_NCC_fish_155","",2024-01-01,787.202896404038,787.202896404038,787.202896404038,2.59851676980745,"09.PredFishNCC","PredNCC","09.PredFishNCC","PredNCC","09.PredFishNCC"
"2870","stripetail rockfish","data_2025","stripetailRockfish_2025","CC_NCC_fish_155","",2025-01-01,NA,NA,NA,NA,"09.PredFishNCC","PredNCC","09.PredFishNCC","PredNCC","09.PredFishNCC"
"2871","stripetail rockfish","data_2025","stripetailRockfish_2025","CC_NCC_fish_155","",2026-01-01,NA,NA,NA,NA,"09.PredFishNCC","PredNCC","09.PredFishNCC","PredNCC","09.PredFishNCC"
"2872","copeLogBiomassNorth_2026","plankton_2026","copeLogBiomassNorth_2026","CC_NCC_plank_205","",1998-01-01,0.22983,0.22983,0.22983,-1.30203457356552,"01.ZooPreyNCC_NHL","PreyNCC","01.ZooPreyNCC_NHL","PreyNCC","01.ZooPreyNCC_NHL"
"2873","copeLogBiomassNorth_2026","plankton_2026","copeLogBiomassNorth_2026","CC_NCC_plank_205","",1999-01-01,0.867533333333333,0.867533333333333,0.867533333333333,-0.660476396366223,"01.ZooPreyNCC_NHL","PreyNCC","01.ZooPreyNCC_NHL","PreyNCC","01.ZooPreyNCC_NHL"
"2874","copeLogBiomassNorth_2026","plankton_2026","copeLogBiomassNorth_2026","CC_NCC_plank_205","",2000-01-01,1.11598888888889,1.11598888888889,1.11598888888889,-0.200751470818148,"01.ZooPreyNCC_NHL","PreyNCC","01.ZooPreyNCC_NHL","PreyNCC","01.ZooPreyNCC_NHL"
"2875","copeLogBiomassNorth_2026","plankton_2026","copeLogBiomassNorth_2026","CC_NCC_plank_205","",2001-01-01,1.25984777777778,1.25984777777778,1.25984777777778,0.0910849253503752,"01.ZooPreyNCC_NHL","PreyNCC","01.ZooPreyNCC_NHL","PreyNCC","01.ZooPreyNCC_NHL"
"2876","copeLogBiomassNorth_2026","plankton_2026","copeLogBiomassNorth_2026","CC_NCC_plank_205","",2002-01-01,1.47736611111111,1.47736611111111,1.47736611111111,0.248756848704071,"01.ZooPreyNCC_NHL","PreyNCC","01.ZooPreyNCC_NHL","PreyNCC","01.ZooPreyNCC_NHL"
"2877","copeLogBiomassNorth_2026","plankton_2026","copeLogBiomassNorth_2026","CC_NCC_plank_205","",2003-01-01,1.20822666666667,1.20822666666667,1.20822666666667,0.0396637385185177,"01.ZooPreyNCC_NHL","PreyNCC","01.ZooPreyNCC_NHL","PreyNCC","01.ZooPreyNCC_NHL"
"2878","copeLogBiomassNorth_2026","plankton_2026","copeLogBiomassNorth_2026","CC_NCC_plank_205","",2004-01-01,0.855381666666667,0.855381666666667,0.855381666666667,-0.262396174983423,"01.ZooPreyNCC_NHL","PreyNCC","01.ZooPreyNCC_NHL","PreyNCC","01.ZooPreyNCC_NHL"
"2879","copeLogBiomassNorth_2026","plankton_2026","copeLogBiomassNorth_2026","CC_NCC_plank_205","",2005-01-01,0.671836666666667,0.671836666666667,0.671836666666667,-0.326406537504596,"01.ZooPreyNCC_NHL","PreyNCC","01.ZooPreyNCC_NHL","PreyNCC","01.ZooPreyNCC_NHL"
"2880","copeLogBiomassNorth_2026","plankton_2026","copeLogBiomassNorth_2026","CC_NCC_plank_205","",2006-01-01,1.32433666666667,1.32433666666667,1.32433666666667,0.112939647538205,"01.ZooPreyNCC_NHL","PreyNCC","01.ZooPreyNCC_NHL","PreyNCC","01.ZooPreyNCC_NHL"
"2881","copeLogBiomassNorth_2026","plankton_2026","copeLogBiomassNorth_2026","CC_NCC_plank_205","",2007-01-01,1.309855,1.309855,1.309855,0.324269794229118,"01.ZooPreyNCC_NHL","PreyNCC","01.ZooPreyNCC_NHL","PreyNCC","01.ZooPreyNCC_NHL"
"2882","copeLogBiomassNorth_2026","plankton_2026","copeLogBiomassNorth_2026","CC_NCC_plank_205","",2008-01-01,1.55861666666667,1.55861666666667,1.55861666666667,0.544897128188462,"01.ZooPreyNCC_NHL","PreyNCC","01.ZooPreyNCC_NHL","PreyNCC","01.ZooPreyNCC_NHL"
"2883","copeLogBiomassNorth_2026","plankton_2026","copeLogBiomassNorth_2026","CC_NCC_plank_205","",2009-01-01,1.56362333333333,1.56362333333333,1.56362333333333,0.549119554009094,"01.ZooPreyNCC_NHL","PreyNCC","01.ZooPreyNCC_NHL","PreyNCC","01.ZooPreyNCC_NHL"
"2884","copeLogBiomassNorth_2026","plankton_2026","copeLogBiomassNorth_2026","CC_NCC_plank_205","",2010-01-01,0.939111666666667,0.939111666666667,0.939111666666667,0.33217651108009,"01.ZooPreyNCC_NHL","PreyNCC","01.ZooPreyNCC_NHL","PreyNCC","01.ZooPreyNCC_NHL"
"2885","copeLogBiomassNorth_2026","plankton_2026","copeLogBiomassNorth_2026","CC_NCC_plank_205","",2011-01-01,1.76487,1.76487,1.76487,0.797626919459938,"01.ZooPreyNCC_NHL","PreyNCC","01.ZooPreyNCC_NHL","PreyNCC","01.ZooPreyNCC_NHL"
"2886","copeLogBiomassNorth_2026","plankton_2026","copeLogBiomassNorth_2026","CC_NCC_plank_205","",2012-01-01,1.88835,1.88835,1.88835,0.929341446365468,"01.ZooPreyNCC_NHL","PreyNCC","01.ZooPreyNCC_NHL","PreyNCC","01.ZooPreyNCC_NHL"
"2887","copeLogBiomassNorth_2026","plankton_2026","copeLogBiomassNorth_2026","CC_NCC_plank_205","",2013-01-01,1.56604166666667,1.56604166666667,1.56604166666667,0.637486183701481,"01.ZooPreyNCC_NHL","PreyNCC","01.ZooPreyNCC_NHL","PreyNCC","01.ZooPreyNCC_NHL"
"2888","copeLogBiomassNorth_2026","plankton_2026","copeLogBiomassNorth_2026","CC_NCC_plank_205","",2014-01-01,1.56320833333333,1.56320833333333,1.56320833333333,0.20849309619055,"01.ZooPreyNCC_NHL","PreyNCC","01.ZooPreyNCC_NHL","PreyNCC","01.ZooPreyNCC_NHL"
"2889","copeLogBiomassNorth_2026","plankton_2026","copeLogBiomassNorth_2026","CC_NCC_plank_205","",2015-01-01,0.464598888888889,0.464598888888889,0.464598888888889,-0.781547322808183,"01.ZooPreyNCC_NHL","PreyNCC","01.ZooPreyNCC_NHL","PreyNCC","01.ZooPreyNCC_NHL"
"2890","copeLogBiomassNorth_2026","plankton_2026","copeLogBiomassNorth_2026","CC_NCC_plank_205","",2016-01-01,0.0124288888888889,0.0124288888888889,0.0124288888888889,-1.35154491978223,"01.ZooPreyNCC_NHL","PreyNCC","01.ZooPreyNCC_NHL","PreyNCC","01.ZooPreyNCC_NHL"
"2891","copeLogBiomassNorth_2026","plankton_2026","copeLogBiomassNorth_2026","CC_NCC_plank_205","",2017-01-01,0.0469088888888889,0.0469088888888889,0.0469088888888889,-1.26021161099396,"01.ZooPreyNCC_NHL","PreyNCC","01.ZooPreyNCC_NHL","PreyNCC","01.ZooPreyNCC_NHL"
"2892","copeLogBiomassNorth_2026","plankton_2026","copeLogBiomassNorth_2026","CC_NCC_plank_205","",2018-01-01,1.13839,1.13839,1.13839,-0.478078276502067,"01.ZooPreyNCC_NHL","PreyNCC","01.ZooPreyNCC_NHL","PreyNCC","01.ZooPreyNCC_NHL"
"2893","copeLogBiomassNorth_2026","plankton_2026","copeLogBiomassNorth_2026","CC_NCC_plank_205","",2019-01-01,0.75624,0.75624,0.75624,-0.181352462925153,"01.ZooPreyNCC_NHL","PreyNCC","01.ZooPreyNCC_NHL","PreyNCC","01.ZooPreyNCC_NHL"
"2894","copeLogBiomassNorth_2026","plankton_2026","copeLogBiomassNorth_2026","CC_NCC_plank_205","",2020-01-01,1.67079666666667,1.67079666666667,1.67079666666667,0.612347089017687,"01.ZooPreyNCC_NHL","PreyNCC","01.ZooPreyNCC_NHL","PreyNCC","01.ZooPreyNCC_NHL"
"2895","copeLogBiomassNorth_2026","plankton_2026","copeLogBiomassNorth_2026","CC_NCC_plank_205","",2021-01-01,1.96993333333333,1.96993333333333,1.96993333333333,1.0558177752968,"01.ZooPreyNCC_NHL","PreyNCC","01.ZooPreyNCC_NHL","PreyNCC","01.ZooPreyNCC_NHL"
"2896","copeLogBiomassNorth_2026","plankton_2026","copeLogBiomassNorth_2026","CC_NCC_plank_205","",2022-01-01,NA,NA,NA,NA,"01.ZooPreyNCC_NHL","PreyNCC","01.ZooPreyNCC_NHL","PreyNCC","01.ZooPreyNCC_NHL"
"2897","copeLogBiomassNorth_2026","plankton_2026","copeLogBiomassNorth_2026","CC_NCC_plank_205","",2023-01-01,NA,NA,NA,NA,"01.ZooPreyNCC_NHL","PreyNCC","01.ZooPreyNCC_NHL","PreyNCC","01.ZooPreyNCC_NHL"
"2898","copeLogBiomassNorth_2026","plankton_2026","copeLogBiomassNorth_2026","CC_NCC_plank_205","",2024-01-01,NA,NA,NA,NA,"01.ZooPreyNCC_NHL","PreyNCC","01.ZooPreyNCC_NHL","PreyNCC","01.ZooPreyNCC_NHL"
"2899","copeLogBiomassNorth_2026","plankton_2026","copeLogBiomassNorth_2026","CC_NCC_plank_205","",2025-01-01,NA,NA,NA,NA,"01.ZooPreyNCC_NHL","PreyNCC","01.ZooPreyNCC_NHL","PreyNCC","01.ZooPreyNCC_NHL"
"2900","copeLogBiomassNorth_2026","plankton_2026","copeLogBiomassNorth_2026","CC_NCC_plank_205","",2026-01-01,NA,NA,NA,NA,"01.ZooPreyNCC_NHL","PreyNCC","01.ZooPreyNCC_NHL","PreyNCC","01.ZooPreyNCC_NHL"
"2901","copeLogBiomassSouth_2026","plankton_2026","copeLogBiomassSouth_2026","CC_NCC_plank_206","",1998-01-01,0.811168888888889,0.811168888888889,0.811168888888889,0.402794710500636,"01.ZooPreyNCC_NHL","PreyNCC","01.ZooPreyNCC_NHL","PreyNCC","01.ZooPreyNCC_NHL"
"2902","copeLogBiomassSouth_2026","plankton_2026","copeLogBiomassSouth_2026","CC_NCC_plank_206","",1999-01-01,0.548556296296296,0.548556296296296,0.548556296296296,-0.29045448858845,"01.ZooPreyNCC_NHL","PreyNCC","01.ZooPreyNCC_NHL","PreyNCC","01.ZooPreyNCC_NHL"
"2903","copeLogBiomassSouth_2026","plankton_2026","copeLogBiomassSouth_2026","CC_NCC_plank_206","",2000-01-01,0.326786296296296,0.326786296296296,0.326786296296296,-0.770316581391593,"01.ZooPreyNCC_NHL","PreyNCC","01.ZooPreyNCC_NHL","PreyNCC","01.ZooPreyNCC_NHL"
"2904","copeLogBiomassSouth_2026","plankton_2026","copeLogBiomassSouth_2026","CC_NCC_plank_206","",2001-01-01,0.512015185185185,0.512015185185185,0.512015185185185,-0.45830505625186,"01.ZooPreyNCC_NHL","PreyNCC","01.ZooPreyNCC_NHL","PreyNCC","01.ZooPreyNCC_NHL"
"2905","copeLogBiomassSouth_2026","plankton_2026","copeLogBiomassSouth_2026","CC_NCC_plank_206","",2002-01-01,0.654302962962963,0.654302962962963,0.654302962962963,0.0736274325898336,"01.ZooPreyNCC_NHL","PreyNCC","01.ZooPreyNCC_NHL","PreyNCC","01.ZooPreyNCC_NHL"
"2906","copeLogBiomassSouth_2026","plankton_2026","copeLogBiomassSouth_2026","CC_NCC_plank_206","",2003-01-01,0.891328888888889,0.891328888888889,0.891328888888889,0.678376213661178,"01.ZooPreyNCC_NHL","PreyNCC","01.ZooPreyNCC_NHL","PreyNCC","01.ZooPreyNCC_NHL"
"2907","copeLogBiomassSouth_2026","plankton_2026","copeLogBiomassSouth_2026","CC_NCC_plank_206","",2004-01-01,0.857105185185185,0.857105185185185,0.857105185185185,0.829535908658663,"01.ZooPreyNCC_NHL","PreyNCC","01.ZooPreyNCC_NHL","PreyNCC","01.ZooPreyNCC_NHL"
"2908","copeLogBiomassSouth_2026","plankton_2026","copeLogBiomassSouth_2026","CC_NCC_plank_206","",2005-01-01,0.987645555555556,0.987645555555556,0.987645555555556,0.841591319917424,"01.ZooPreyNCC_NHL","PreyNCC","01.ZooPreyNCC_NHL","PreyNCC","01.ZooPreyNCC_NHL"
"2909","copeLogBiomassSouth_2026","plankton_2026","copeLogBiomassSouth_2026","CC_NCC_plank_206","",2006-01-01,0.651958518518518,0.651958518518518,0.651958518518518,0.103622619452031,"01.ZooPreyNCC_NHL","PreyNCC","01.ZooPreyNCC_NHL","PreyNCC","01.ZooPreyNCC_NHL"
"2910","copeLogBiomassSouth_2026","plankton_2026","copeLogBiomassSouth_2026","CC_NCC_plank_206","",2007-01-01,0.536596666666667,0.536596666666667,0.536596666666667,-0.520346255860223,"01.ZooPreyNCC_NHL","PreyNCC","01.ZooPreyNCC_NHL","PreyNCC","01.ZooPreyNCC_NHL"
"2911","copeLogBiomassSouth_2026","plankton_2026","copeLogBiomassSouth_2026","CC_NCC_plank_206","",2008-01-01,0.235765,0.235765,0.235765,-1.10374508715593,"01.ZooPreyNCC_NHL","PreyNCC","01.ZooPreyNCC_NHL","PreyNCC","01.ZooPreyNCC_NHL"
"2912","copeLogBiomassSouth_2026","plankton_2026","copeLogBiomassSouth_2026","CC_NCC_plank_206","",2009-01-01,0.416015555555556,0.416015555555556,0.416015555555556,-0.794319666121899,"01.ZooPreyNCC_NHL","PreyNCC","01.ZooPreyNCC_NHL","PreyNCC","01.ZooPreyNCC_NHL"
"2913","copeLogBiomassSouth_2026","plankton_2026","copeLogBiomassSouth_2026","CC_NCC_plank_206","",2010-01-01,0.816985,0.816985,0.816985,-0.142850748958961,"01.ZooPreyNCC_NHL","PreyNCC","01.ZooPreyNCC_NHL","PreyNCC","01.ZooPreyNCC_NHL"
"2914","copeLogBiomassSouth_2026","plankton_2026","copeLogBiomassSouth_2026","CC_NCC_plank_206","",2011-01-01,0.485594444444444,0.485594444444444,0.485594444444444,-0.41140800333941,"01.ZooPreyNCC_NHL","PreyNCC","01.ZooPreyNCC_NHL","PreyNCC","01.ZooPreyNCC_NHL"
"2915","copeLogBiomassSouth_2026","plankton_2026","copeLogBiomassSouth_2026","CC_NCC_plank_206","",2012-01-01,0.605236666666667,0.605236666666667,0.605236666666667,-0.287060060279527,"01.ZooPreyNCC_NHL","PreyNCC","01.ZooPreyNCC_NHL","PreyNCC","01.ZooPreyNCC_NHL"
"2916","copeLogBiomassSouth_2026","plankton_2026","copeLogBiomassSouth_2026","CC_NCC_plank_206","",2013-01-01,0.657053518518519,0.657053518518519,0.657053518518519,-0.216425198135273,"01.ZooPreyNCC_NHL","PreyNCC","01.ZooPreyNCC_NHL","PreyNCC","01.ZooPreyNCC_NHL"
"2917","copeLogBiomassSouth_2026","plankton_2026","copeLogBiomassSouth_2026","CC_NCC_plank_206","",2014-01-01,0.337005555555556,0.337005555555556,0.337005555555556,-0.376153096607198,"01.ZooPreyNCC_NHL","PreyNCC","01.ZooPreyNCC_NHL","PreyNCC","01.ZooPreyNCC_NHL"
"2918","copeLogBiomassSouth_2026","plankton_2026","copeLogBiomassSouth_2026","CC_NCC_plank_206","",2015-01-01,0.909028148148148,0.909028148148148,0.909028148148148,0.601386937897263,"01.ZooPreyNCC_NHL","PreyNCC","01.ZooPreyNCC_NHL","PreyNCC","01.ZooPreyNCC_NHL"
"2919","copeLogBiomassSouth_2026","plankton_2026","copeLogBiomassSouth_2026","CC_NCC_plank_206","",2016-01-01,0.956973888888889,0.956973888888889,0.956973888888889,0.963882784090515,"01.ZooPreyNCC_NHL","PreyNCC","01.ZooPreyNCC_NHL","PreyNCC","01.ZooPreyNCC_NHL"
"2920","copeLogBiomassSouth_2026","plankton_2026","copeLogBiomassSouth_2026","CC_NCC_plank_206","",2017-01-01,0.895386296296296,0.895386296296296,0.895386296296296,0.845019773656327,"01.ZooPreyNCC_NHL","PreyNCC","01.ZooPreyNCC_NHL","PreyNCC","01.ZooPreyNCC_NHL"
"2921","copeLogBiomassSouth_2026","plankton_2026","copeLogBiomassSouth_2026","CC_NCC_plank_206","",2018-01-01,0.693691666666667,0.693691666666667,0.693691666666667,0.419848151661375,"01.ZooPreyNCC_NHL","PreyNCC","01.ZooPreyNCC_NHL","PreyNCC","01.ZooPreyNCC_NHL"
"2922","copeLogBiomassSouth_2026","plankton_2026","copeLogBiomassSouth_2026","CC_NCC_plank_206","",2019-01-01,0.704487777777778,0.704487777777778,0.704487777777778,0.225739605826223,"01.ZooPreyNCC_NHL","PreyNCC","01.ZooPreyNCC_NHL","PreyNCC","01.ZooPreyNCC_NHL"
"2923","copeLogBiomassSouth_2026","plankton_2026","copeLogBiomassSouth_2026","CC_NCC_plank_206","",2020-01-01,0.677168333333333,0.677168333333333,0.677168333333333,0.0170635218301676,"01.ZooPreyNCC_NHL","PreyNCC","01.ZooPreyNCC_NHL","PreyNCC","01.ZooPreyNCC_NHL"
"2924","copeLogBiomassSouth_2026","plankton_2026","copeLogBiomassSouth_2026","CC_NCC_plank_206","",2021-01-01,0.531335555555556,0.531335555555556,0.531335555555556,-0.284480137506761,"01.ZooPreyNCC_NHL","PreyNCC","01.ZooPreyNCC_NHL","PreyNCC","01.ZooPreyNCC_NHL"
"2925","copeLogBiomassSouth_2026","plankton_2026","copeLogBiomassSouth_2026","CC_NCC_plank_206","",2022-01-01,NA,NA,NA,NA,"01.ZooPreyNCC_NHL","PreyNCC","01.ZooPreyNCC_NHL","PreyNCC","01.ZooPreyNCC_NHL"
"2926","copeLogBiomassSouth_2026","plankton_2026","copeLogBiomassSouth_2026","CC_NCC_plank_206","",2023-01-01,NA,NA,NA,NA,"01.ZooPreyNCC_NHL","PreyNCC","01.ZooPreyNCC_NHL","PreyNCC","01.ZooPreyNCC_NHL"
"2927","copeLogBiomassSouth_2026","plankton_2026","copeLogBiomassSouth_2026","CC_NCC_plank_206","",2024-01-01,NA,NA,NA,NA,"01.ZooPreyNCC_NHL","PreyNCC","01.ZooPreyNCC_NHL","PreyNCC","01.ZooPreyNCC_NHL"
"2928","copeLogBiomassSouth_2026","plankton_2026","copeLogBiomassSouth_2026","CC_NCC_plank_206","",2025-01-01,NA,NA,NA,NA,"01.ZooPreyNCC_NHL","PreyNCC","01.ZooPreyNCC_NHL","PreyNCC","01.ZooPreyNCC_NHL"
"2929","copeLogBiomassSouth_2026","plankton_2026","copeLogBiomassSouth_2026","CC_NCC_plank_206","",2026-01-01,NA,NA,NA,NA,"01.ZooPreyNCC_NHL","PreyNCC","01.ZooPreyNCC_NHL","PreyNCC","01.ZooPreyNCC_NHL"
"2930","IchNear_2026","plankton_2026","IchNear_2026","CC_NCC_plank_209","",1998-01-01,0.475363554,0.475363554,0.475363554,-0.455766215629016,"03.FishPreyNCC","PreyNCC","03.FishPreyNCC","PreyNCC","03.FishPreyNCC"
"2931","IchNear_2026","plankton_2026","IchNear_2026","CC_NCC_plank_209","",1999-01-01,1.617104,1.617104,1.617104,0.393959478452426,"03.FishPreyNCC","PreyNCC","03.FishPreyNCC","PreyNCC","03.FishPreyNCC"
"2932","IchNear_2026","plankton_2026","IchNear_2026","CC_NCC_plank_209","",2000-01-01,0.965713,0.965713,0.965713,0.258484508924866,"03.FishPreyNCC","PreyNCC","03.FishPreyNCC","PreyNCC","03.FishPreyNCC"
"2933","IchNear_2026","plankton_2026","IchNear_2026","CC_NCC_plank_209","",2001-01-01,0.9078828,0.9078828,0.9078828,0.291599216091976,"03.FishPreyNCC","PreyNCC","03.FishPreyNCC","PreyNCC","03.FishPreyNCC"
"2934","IchNear_2026","plankton_2026","IchNear_2026","CC_NCC_plank_209","",2002-01-01,1.927603,1.927603,1.927603,0.640878701447163,"03.FishPreyNCC","PreyNCC","03.FishPreyNCC","PreyNCC","03.FishPreyNCC"
"2935","IchNear_2026","plankton_2026","IchNear_2026","CC_NCC_plank_209","",2003-01-01,0.3978421,0.3978421,0.3978421,-0.362678243729319,"03.FishPreyNCC","PreyNCC","03.FishPreyNCC","PreyNCC","03.FishPreyNCC"
"2936","IchNear_2026","plankton_2026","IchNear_2026","CC_NCC_plank_209","",2004-01-01,0.3206634,0.3206634,0.3206634,-0.694850071042189,"03.FishPreyNCC","PreyNCC","03.FishPreyNCC","PreyNCC","03.FishPreyNCC"
"2937","IchNear_2026","plankton_2026","IchNear_2026","CC_NCC_plank_209","",2005-01-01,0.4991628,0.4991628,0.4991628,-0.535052704563604,"03.FishPreyNCC","PreyNCC","03.FishPreyNCC","PreyNCC","03.FishPreyNCC"
"2938","IchNear_2026","plankton_2026","IchNear_2026","CC_NCC_plank_209","",2006-01-01,1.147903,1.147903,1.147903,-0.07678362568007,"03.FishPreyNCC","PreyNCC","03.FishPreyNCC","PreyNCC","03.FishPreyNCC"
"2939","IchNear_2026","plankton_2026","IchNear_2026","CC_NCC_plank_209","",2007-01-01,0.4778823,0.4778823,0.4778823,-0.145792470769661,"03.FishPreyNCC","PreyNCC","03.FishPreyNCC","PreyNCC","03.FishPreyNCC"
"2940","IchNear_2026","plankton_2026","IchNear_2026","CC_NCC_plank_209","",2008-01-01,1.620314,1.620314,1.620314,0.515050049284427,"03.FishPreyNCC","PreyNCC","03.FishPreyNCC","PreyNCC","03.FishPreyNCC"
"2941","IchNear_2026","plankton_2026","IchNear_2026","CC_NCC_plank_209","",2009-01-01,0.6214195,0.6214195,0.6214195,0.305429085672542,"03.FishPreyNCC","PreyNCC","03.FishPreyNCC","PreyNCC","03.FishPreyNCC"
"2942","IchNear_2026","plankton_2026","IchNear_2026","CC_NCC_plank_209","",2010-01-01,1.882055,1.882055,1.882055,0.992785112584694,"03.FishPreyNCC","PreyNCC","03.FishPreyNCC","PreyNCC","03.FishPreyNCC"
"2943","IchNear_2026","plankton_2026","IchNear_2026","CC_NCC_plank_209","",2011-01-01,1.214967,1.214967,1.214967,0.769361976243172,"03.FishPreyNCC","PreyNCC","03.FishPreyNCC","PreyNCC","03.FishPreyNCC"
"2944","IchNear_2026","plankton_2026","IchNear_2026","CC_NCC_plank_209","",2012-01-01,1.537704,1.537704,1.537704,0.732070129509707,"03.FishPreyNCC","PreyNCC","03.FishPreyNCC","PreyNCC","03.FishPreyNCC"
"2945","IchNear_2026","plankton_2026","IchNear_2026","CC_NCC_plank_209","",2013-01-01,1.084747,1.084747,1.084747,0.204840680375414,"03.FishPreyNCC","PreyNCC","03.FishPreyNCC","PreyNCC","03.FishPreyNCC"
"2946","IchNear_2026","plankton_2026","IchNear_2026","CC_NCC_plank_209","",2014-01-01,0.4575971,0.4575971,0.4575971,-0.443040905373125,"03.FishPreyNCC","PreyNCC","03.FishPreyNCC","PreyNCC","03.FishPreyNCC"
"2947","IchNear_2026","plankton_2026","IchNear_2026","CC_NCC_plank_209","",2015-01-01,0.523810415,0.523810415,0.523810415,-0.618170088662142,"03.FishPreyNCC","PreyNCC","03.FishPreyNCC","PreyNCC","03.FishPreyNCC"
"2948","IchNear_2026","plankton_2026","IchNear_2026","CC_NCC_plank_209","",2016-01-01,0.495339944,0.495339944,0.495339944,-0.626728723263402,"03.FishPreyNCC","PreyNCC","03.FishPreyNCC","PreyNCC","03.FishPreyNCC"
"2949","IchNear_2026","plankton_2026","IchNear_2026","CC_NCC_plank_209","",2017-01-01,0.6395024,0.6395024,0.6395024,-0.420925278340118,"03.FishPreyNCC","PreyNCC","03.FishPreyNCC","PreyNCC","03.FishPreyNCC"
"2950","IchNear_2026","plankton_2026","IchNear_2026","CC_NCC_plank_209","",2018-01-01,1.13031,1.13031,1.13031,-0.080289777655049,"03.FishPreyNCC","PreyNCC","03.FishPreyNCC","PreyNCC","03.FishPreyNCC"
"2951","IchNear_2026","plankton_2026","IchNear_2026","CC_NCC_plank_209","",2019-01-01,0.4644674,0.4644674,0.4644674,-0.235617416497624,"03.FishPreyNCC","PreyNCC","03.FishPreyNCC","PreyNCC","03.FishPreyNCC"
"2952","IchNear_2026","plankton_2026","IchNear_2026","CC_NCC_plank_209","",2020-01-01,1.258143,1.258143,1.258143,0.275632798167877,"03.FishPreyNCC","PreyNCC","03.FishPreyNCC","PreyNCC","03.FishPreyNCC"
"2953","IchNear_2026","plankton_2026","IchNear_2026","CC_NCC_plank_209","",2021-01-01,1.368984,1.368984,1.368984,0.393829048035221,"03.FishPreyNCC","PreyNCC","03.FishPreyNCC","PreyNCC","03.FishPreyNCC"
"2954","IchNear_2026","plankton_2026","IchNear_2026","CC_NCC_plank_209","",2022-01-01,0.7303762,0.7303762,0.7303762,0.0177855893504059,"03.FishPreyNCC","PreyNCC","03.FishPreyNCC","PreyNCC","03.FishPreyNCC"
"2955","IchNear_2026","plankton_2026","IchNear_2026","CC_NCC_plank_209","",2023-01-01,1.337256,1.337256,1.337256,0.0354231310754534,"03.FishPreyNCC","PreyNCC","03.FishPreyNCC","PreyNCC","03.FishPreyNCC"
"2956","IchNear_2026","plankton_2026","IchNear_2026","CC_NCC_plank_209","",2024-01-01,0.19968,0.19968,0.19968,-0.73678732463501,"03.FishPreyNCC","PreyNCC","03.FishPreyNCC","PreyNCC","03.FishPreyNCC"
"2957","IchNear_2026","plankton_2026","IchNear_2026","CC_NCC_plank_209","",2025-01-01,0.464449,0.464449,0.464449,-0.819509506415737,"03.FishPreyNCC","PreyNCC","03.FishPreyNCC","PreyNCC","03.FishPreyNCC"
"2958","IchNear_2026","plankton_2026","IchNear_2026","CC_NCC_plank_209","",2026-01-01,NA,NA,NA,NA,"03.FishPreyNCC","PreyNCC","03.FishPreyNCC","PreyNCC","03.FishPreyNCC"
"2959","NHLlogSum_win_05_2026","plankton_2026","NHLlogSum_win_05_2026","CC_NCC_plank_207","",1998-01-01,NA,NA,NA,NA,"01.ZooPreyNCC_NHL_0","PreyNCC","01.ZooPreyNCC_NHL_0","PreyNCC",NA
"2960","NHLlogSum_win_05_2026","plankton_2026","NHLlogSum_win_05_2026","CC_NCC_plank_207","",1999-01-01,NA,NA,NA,NA,"01.ZooPreyNCC_NHL_0","PreyNCC","01.ZooPreyNCC_NHL_0","PreyNCC",NA
"2961","NHLlogSum_win_05_2026","plankton_2026","NHLlogSum_win_05_2026","CC_NCC_plank_207","",2000-01-01,NA,NA,NA,NA,"01.ZooPreyNCC_NHL_0","PreyNCC","01.ZooPreyNCC_NHL_0","PreyNCC",NA
"2962","NHLlogSum_win_05_2026","plankton_2026","NHLlogSum_win_05_2026","CC_NCC_plank_207","",2001-01-01,0.53446530776531,0.53446530776531,0.53446530776531,0.354919585923314,"01.ZooPreyNCC_NHL_0","PreyNCC","01.ZooPreyNCC_NHL_0","PreyNCC",NA
"2963","NHLlogSum_win_05_2026","plankton_2026","NHLlogSum_win_05_2026","CC_NCC_plank_207","",2002-01-01,0.956239740556635,0.956239740556635,0.956239740556635,0.95613752577287,"01.ZooPreyNCC_NHL_0","PreyNCC","01.ZooPreyNCC_NHL_0","PreyNCC",NA
"2964","NHLlogSum_win_05_2026","plankton_2026","NHLlogSum_win_05_2026","CC_NCC_plank_207","",2003-01-01,0.55626654635736,0.55626654635736,0.55626654635736,0.56509521487385,"01.ZooPreyNCC_NHL_0","PreyNCC","01.ZooPreyNCC_NHL_0","PreyNCC",NA
"2965","NHLlogSum_win_05_2026","plankton_2026","NHLlogSum_win_05_2026","CC_NCC_plank_207","",2004-01-01,0.65929645761912,0.65929645761912,0.65929645761912,0.586933403193329,"01.ZooPreyNCC_NHL_0","PreyNCC","01.ZooPreyNCC_NHL_0","PreyNCC",NA
"2966","NHLlogSum_win_05_2026","plankton_2026","NHLlogSum_win_05_2026","CC_NCC_plank_207","",2005-01-01,0.771564009832066,0.771564009832066,0.771564009832066,0.580807819188965,"01.ZooPreyNCC_NHL_0","PreyNCC","01.ZooPreyNCC_NHL_0","PreyNCC",NA
"2967","NHLlogSum_win_05_2026","plankton_2026","NHLlogSum_win_05_2026","CC_NCC_plank_207","",2006-01-01,0.451285830897689,0.451285830897689,0.451285830897689,0.0364264034667325,"01.ZooPreyNCC_NHL_0","PreyNCC","01.ZooPreyNCC_NHL_0","PreyNCC",NA
"2968","NHLlogSum_win_05_2026","plankton_2026","NHLlogSum_win_05_2026","CC_NCC_plank_207","",2007-01-01,0.479856677725494,0.479856677725494,0.479856677725494,-0.15230027385729,"01.ZooPreyNCC_NHL_0","PreyNCC","01.ZooPreyNCC_NHL_0","PreyNCC",NA
"2969","NHLlogSum_win_05_2026","plankton_2026","NHLlogSum_win_05_2026","CC_NCC_plank_207","",2008-01-01,0.418607355513636,0.418607355513636,0.418607355513636,-0.30240366615453,"01.ZooPreyNCC_NHL_0","PreyNCC","01.ZooPreyNCC_NHL_0","PreyNCC",NA
"2970","NHLlogSum_win_05_2026","plankton_2026","NHLlogSum_win_05_2026","CC_NCC_plank_207","",2009-01-01,0.300452923966276,0.300452923966276,0.300452923966276,-0.288931245370583,"01.ZooPreyNCC_NHL_0","PreyNCC","01.ZooPreyNCC_NHL_0","PreyNCC",NA
"2971","NHLlogSum_win_05_2026","plankton_2026","NHLlogSum_win_05_2026","CC_NCC_plank_207","",2010-01-01,0.72073967331862,0.72073967331862,0.72073967331862,0.432192438655249,"01.ZooPreyNCC_NHL_0","PreyNCC","01.ZooPreyNCC_NHL_0","PreyNCC",NA
"2972","NHLlogSum_win_05_2026","plankton_2026","NHLlogSum_win_05_2026","CC_NCC_plank_207","",2011-01-01,0.795141406628438,0.795141406628438,0.795141406628438,0.694684736620766,"01.ZooPreyNCC_NHL_0","PreyNCC","01.ZooPreyNCC_NHL_0","PreyNCC",NA
"2973","NHLlogSum_win_05_2026","plankton_2026","NHLlogSum_win_05_2026","CC_NCC_plank_207","",2012-01-01,0.567666550379251,0.567666550379251,0.567666550379251,0.426917722915728,"01.ZooPreyNCC_NHL_0","PreyNCC","01.ZooPreyNCC_NHL_0","PreyNCC",NA
"2974","NHLlogSum_win_05_2026","plankton_2026","NHLlogSum_win_05_2026","CC_NCC_plank_207","",2013-01-01,0.823810981833346,0.823810981833346,0.823810981833346,0.382659050391211,"01.ZooPreyNCC_NHL_0","PreyNCC","01.ZooPreyNCC_NHL_0","PreyNCC",NA
"2975","NHLlogSum_win_05_2026","plankton_2026","NHLlogSum_win_05_2026","CC_NCC_plank_207","",2014-01-01,0.187914374022093,0.187914374022093,0.187914374022093,-0.632632761389175,"01.ZooPreyNCC_NHL_0","PreyNCC","01.ZooPreyNCC_NHL_0","PreyNCC",NA
"2976","NHLlogSum_win_05_2026","plankton_2026","NHLlogSum_win_05_2026","CC_NCC_plank_207","",2015-01-01,0.280612693161007,0.280612693161007,0.280612693161007,-0.778591365164986,"01.ZooPreyNCC_NHL_0","PreyNCC","01.ZooPreyNCC_NHL_0","PreyNCC",NA
"2977","NHLlogSum_win_05_2026","plankton_2026","NHLlogSum_win_05_2026","CC_NCC_plank_207","",2016-01-01,0.456406477311365,0.456406477311365,0.456406477311365,-0.617461138415959,"01.ZooPreyNCC_NHL_0","PreyNCC","01.ZooPreyNCC_NHL_0","PreyNCC",NA
"2978","NHLlogSum_win_05_2026","plankton_2026","NHLlogSum_win_05_2026","CC_NCC_plank_207","",2017-01-01,0.246578226128677,0.246578226128677,0.246578226128677,-0.777559302061538,"01.ZooPreyNCC_NHL_0","PreyNCC","01.ZooPreyNCC_NHL_0","PreyNCC",NA
"2979","NHLlogSum_win_05_2026","plankton_2026","NHLlogSum_win_05_2026","CC_NCC_plank_207","",2018-01-01,0.573364145657667,0.573364145657667,0.573364145657667,-0.47669599662112,"01.ZooPreyNCC_NHL_0","PreyNCC","01.ZooPreyNCC_NHL_0","PreyNCC",NA
"2980","NHLlogSum_win_05_2026","plankton_2026","NHLlogSum_win_05_2026","CC_NCC_plank_207","",2019-01-01,0.090481793645669,0.090481793645669,0.090481793645669,-0.881524594522159,"01.ZooPreyNCC_NHL_0","PreyNCC","01.ZooPreyNCC_NHL_0","PreyNCC",NA
"2981","NHLlogSum_win_05_2026","plankton_2026","NHLlogSum_win_05_2026","CC_NCC_plank_207","",2020-01-01,0.606398372274769,0.606398372274769,0.606398372274769,-0.228365619489606,"01.ZooPreyNCC_NHL_0","PreyNCC","01.ZooPreyNCC_NHL_0","PreyNCC",NA
"2982","NHLlogSum_win_05_2026","plankton_2026","NHLlogSum_win_05_2026","CC_NCC_plank_207","",2021-01-01,0.492650810689601,0.492650810689601,0.492650810689601,-0.180916907879841,"01.ZooPreyNCC_NHL_0","PreyNCC","01.ZooPreyNCC_NHL_0","PreyNCC",NA
"2983","NHLlogSum_win_05_2026","plankton_2026","NHLlogSum_win_05_2026","CC_NCC_plank_207","",2022-01-01,NA,NA,NA,NA,"01.ZooPreyNCC_NHL_0","PreyNCC","01.ZooPreyNCC_NHL_0","PreyNCC",NA
"2984","NHLlogSum_win_05_2026","plankton_2026","NHLlogSum_win_05_2026","CC_NCC_plank_207","",2023-01-01,NA,NA,NA,NA,"01.ZooPreyNCC_NHL_0","PreyNCC","01.ZooPreyNCC_NHL_0","PreyNCC",NA
"2985","NHLlogSum_win_05_2026","plankton_2026","NHLlogSum_win_05_2026","CC_NCC_plank_207","",2024-01-01,NA,NA,NA,NA,"01.ZooPreyNCC_NHL_0","PreyNCC","01.ZooPreyNCC_NHL_0","PreyNCC",NA
"2986","NHLlogSum_win_05_2026","plankton_2026","NHLlogSum_win_05_2026","CC_NCC_plank_207","",2025-01-01,NA,NA,NA,NA,"01.ZooPreyNCC_NHL_0","PreyNCC","01.ZooPreyNCC_NHL_0","PreyNCC",NA
"2987","NHLlogSum_win_05_2026","plankton_2026","NHLlogSum_win_05_2026","CC_NCC_plank_207","",2026-01-01,NA,NA,NA,NA,"01.ZooPreyNCC_NHL_0","PreyNCC","01.ZooPreyNCC_NHL_0","PreyNCC",NA
"2988","NHLlogSum_win_15_2026","plankton_2026","NHLlogSum_win_15_2026","CC_NCC_plank_208","",1998-01-01,NA,NA,NA,NA,"01.ZooPreyNCC_NHL_1","PreyNCC","01.ZooPreyNCC_NHL_1","PreyNCC",NA
"2989","NHLlogSum_win_15_2026","plankton_2026","NHLlogSum_win_15_2026","CC_NCC_plank_208","",1999-01-01,NA,NA,NA,NA,"01.ZooPreyNCC_NHL_1","PreyNCC","01.ZooPreyNCC_NHL_1","PreyNCC",NA
"2990","NHLlogSum_win_15_2026","plankton_2026","NHLlogSum_win_15_2026","CC_NCC_plank_208","",2000-01-01,NA,NA,NA,NA,"01.ZooPreyNCC_NHL_1","PreyNCC","01.ZooPreyNCC_NHL_1","PreyNCC",NA
"2991","NHLlogSum_win_15_2026","plankton_2026","NHLlogSum_win_15_2026","CC_NCC_plank_208","",2001-01-01,0.386536255941893,0.386536255941893,0.386536255941893,-0.0260141063832959,"01.ZooPreyNCC_NHL_1","PreyNCC","01.ZooPreyNCC_NHL_1","PreyNCC",NA
"2992","NHLlogSum_win_15_2026","plankton_2026","NHLlogSum_win_15_2026","CC_NCC_plank_208","",2002-01-01,0.345748190433066,0.345748190433066,0.345748190433066,-0.0377475917236064,"01.ZooPreyNCC_NHL_1","PreyNCC","01.ZooPreyNCC_NHL_1","PreyNCC",NA
"2993","NHLlogSum_win_15_2026","plankton_2026","NHLlogSum_win_15_2026","CC_NCC_plank_208","",2003-01-01,0.515832557167024,0.515832557167024,0.515832557167024,0.113002244705952,"01.ZooPreyNCC_NHL_1","PreyNCC","01.ZooPreyNCC_NHL_1","PreyNCC",NA
"2994","NHLlogSum_win_15_2026","plankton_2026","NHLlogSum_win_15_2026","CC_NCC_plank_208","",2004-01-01,0.249181545576471,0.249181545576471,0.249181545576471,-0.173954922731902,"01.ZooPreyNCC_NHL_1","PreyNCC","01.ZooPreyNCC_NHL_1","PreyNCC",NA
"2995","NHLlogSum_win_15_2026","plankton_2026","NHLlogSum_win_15_2026","CC_NCC_plank_208","",2005-01-01,0.398803970017458,0.398803970017458,0.398803970017458,-0.00828432274966129,"01.ZooPreyNCC_NHL_1","PreyNCC","01.ZooPreyNCC_NHL_1","PreyNCC",NA
"2996","NHLlogSum_win_15_2026","plankton_2026","NHLlogSum_win_15_2026","CC_NCC_plank_208","",2006-01-01,0.400340381422833,0.400340381422833,0.400340381422833,0.115086085131234,"01.ZooPreyNCC_NHL_1","PreyNCC","01.ZooPreyNCC_NHL_1","PreyNCC",NA
"2997","NHLlogSum_win_15_2026","plankton_2026","NHLlogSum_win_15_2026","CC_NCC_plank_208","",2007-01-01,0.468238719909574,0.468238719909574,0.468238719909574,0.312743292702896,"01.ZooPreyNCC_NHL_1","PreyNCC","01.ZooPreyNCC_NHL_1","PreyNCC",NA
"2998","NHLlogSum_win_15_2026","plankton_2026","NHLlogSum_win_15_2026","CC_NCC_plank_208","",2008-01-01,0.59917072774677,0.59917072774677,0.59917072774677,0.482566284021267,"01.ZooPreyNCC_NHL_1","PreyNCC","01.ZooPreyNCC_NHL_1","PreyNCC",NA
"2999","NHLlogSum_win_15_2026","plankton_2026","NHLlogSum_win_15_2026","CC_NCC_plank_208","",2009-01-01,0.396135194212403,0.396135194212403,0.396135194212403,0.216299623368599,"01.ZooPreyNCC_NHL_1","PreyNCC","01.ZooPreyNCC_NHL_1","PreyNCC",NA
"3000","NHLlogSum_win_15_2026","plankton_2026","NHLlogSum_win_15_2026","CC_NCC_plank_208","",2010-01-01,0.356032685967025,0.356032685967025,0.356032685967025,0.144099639373249,"01.ZooPreyNCC_NHL_1","PreyNCC","01.ZooPreyNCC_NHL_1","PreyNCC",NA
"3001","NHLlogSum_win_15_2026","plankton_2026","NHLlogSum_win_15_2026","CC_NCC_plank_208","",2011-01-01,0.67567121498802,0.67567121498802,0.67567121498802,0.370823091227647,"01.ZooPreyNCC_NHL_1","PreyNCC","01.ZooPreyNCC_NHL_1","PreyNCC",NA
"3002","NHLlogSum_win_15_2026","plankton_2026","NHLlogSum_win_15_2026","CC_NCC_plank_208","",2012-01-01,0.103568463943105,0.103568463943105,0.103568463943105,-0.288043906277713,"01.ZooPreyNCC_NHL_1","PreyNCC","01.ZooPreyNCC_NHL_1","PreyNCC",NA
"3003","NHLlogSum_win_15_2026","plankton_2026","NHLlogSum_win_15_2026","CC_NCC_plank_208","",2013-01-01,0.457104684010451,0.457104684010451,0.457104684010451,0.0345247742652002,"01.ZooPreyNCC_NHL_1","PreyNCC","01.ZooPreyNCC_NHL_1","PreyNCC",NA
"3004","NHLlogSum_win_15_2026","plankton_2026","NHLlogSum_win_15_2026","CC_NCC_plank_208","",2014-01-01,0.364108957832863,0.364108957832863,0.364108957832863,0.100198646169339,"01.ZooPreyNCC_NHL_1","PreyNCC","01.ZooPreyNCC_NHL_1","PreyNCC",NA
"3005","NHLlogSum_win_15_2026","plankton_2026","NHLlogSum_win_15_2026","CC_NCC_plank_208","",2015-01-01,0.606232310336399,0.606232310336399,0.606232310336399,0.385237380776566,"01.ZooPreyNCC_NHL_1","PreyNCC","01.ZooPreyNCC_NHL_1","PreyNCC",NA
"3006","NHLlogSum_win_15_2026","plankton_2026","NHLlogSum_win_15_2026","CC_NCC_plank_208","",2016-01-01,0.365862135717109,0.365862135717109,0.365862135717109,0.105679938872623,"01.ZooPreyNCC_NHL_1","PreyNCC","01.ZooPreyNCC_NHL_1","PreyNCC",NA
"3007","NHLlogSum_win_15_2026","plankton_2026","NHLlogSum_win_15_2026","CC_NCC_plank_208","",2017-01-01,0.491442929245111,0.491442929245111,0.491442929245111,0.0432281897457808,"01.ZooPreyNCC_NHL_1","PreyNCC","01.ZooPreyNCC_NHL_1","PreyNCC",NA
"3008","NHLlogSum_win_15_2026","plankton_2026","NHLlogSum_win_15_2026","CC_NCC_plank_208","",2018-01-01,0.41622713606974,0.41622713606974,0.41622713606974,-0.419021875249209,"01.ZooPreyNCC_NHL_1","PreyNCC","01.ZooPreyNCC_NHL_1","PreyNCC",NA
"3009","NHLlogSum_win_15_2026","plankton_2026","NHLlogSum_win_15_2026","CC_NCC_plank_208","",2019-01-01,-0.341515387351236,-0.341515387351236,-0.341515387351236,-1.41123477437718,"01.ZooPreyNCC_NHL_1","PreyNCC","01.ZooPreyNCC_NHL_1","PreyNCC",NA
"3010","NHLlogSum_win_15_2026","plankton_2026","NHLlogSum_win_15_2026","CC_NCC_plank_208","",2020-01-01,0.197244572937421,0.197244572937421,0.197244572937421,-0.58011138664769,"01.ZooPreyNCC_NHL_1","PreyNCC","01.ZooPreyNCC_NHL_1","PreyNCC",NA
"3011","NHLlogSum_win_15_2026","plankton_2026","NHLlogSum_win_15_2026","CC_NCC_plank_208","",2021-01-01,0.761123047129078,0.761123047129078,0.761123047129078,0.526790438450054,"01.ZooPreyNCC_NHL_1","PreyNCC","01.ZooPreyNCC_NHL_1","PreyNCC",NA
"3012","NHLlogSum_win_15_2026","plankton_2026","NHLlogSum_win_15_2026","CC_NCC_plank_208","",2022-01-01,NA,NA,NA,NA,"01.ZooPreyNCC_NHL_1","PreyNCC","01.ZooPreyNCC_NHL_1","PreyNCC",NA
"3013","NHLlogSum_win_15_2026","plankton_2026","NHLlogSum_win_15_2026","CC_NCC_plank_208","",2023-01-01,NA,NA,NA,NA,"01.ZooPreyNCC_NHL_1","PreyNCC","01.ZooPreyNCC_NHL_1","PreyNCC",NA
"3014","NHLlogSum_win_15_2026","plankton_2026","NHLlogSum_win_15_2026","CC_NCC_plank_208","",2024-01-01,NA,NA,NA,NA,"01.ZooPreyNCC_NHL_1","PreyNCC","01.ZooPreyNCC_NHL_1","PreyNCC",NA
"3015","NHLlogSum_win_15_2026","plankton_2026","NHLlogSum_win_15_2026","CC_NCC_plank_208","",2025-01-01,NA,NA,NA,NA,"01.ZooPreyNCC_NHL_1","PreyNCC","01.ZooPreyNCC_NHL_1","PreyNCC",NA
"3016","NHLlogSum_win_15_2026","plankton_2026","NHLlogSum_win_15_2026","CC_NCC_plank_208","",2026-01-01,NA,NA,NA,NA,"01.ZooPreyNCC_NHL_1","PreyNCC","01.ZooPreyNCC_NHL_1","PreyNCC",NA
"3017","NHLlogSum_win_25_2026","plankton_2026","NHLlogSum_win_25_2026","CC_NCC_plank_210","",1998-01-01,NA,NA,NA,NA,"01.ZooPreyNCC_NHL_2","PreyNCC","01.ZooPreyNCC_NHL_2","PreyNCC",NA
"3018","NHLlogSum_win_25_2026","plankton_2026","NHLlogSum_win_25_2026","CC_NCC_plank_210","",1999-01-01,NA,NA,NA,NA,"01.ZooPreyNCC_NHL_2","PreyNCC","01.ZooPreyNCC_NHL_2","PreyNCC",NA
"3019","NHLlogSum_win_25_2026","plankton_2026","NHLlogSum_win_25_2026","CC_NCC_plank_210","",2000-01-01,NA,NA,NA,NA,"01.ZooPreyNCC_NHL_2","PreyNCC","01.ZooPreyNCC_NHL_2","PreyNCC",NA
"3020","NHLlogSum_win_25_2026","plankton_2026","NHLlogSum_win_25_2026","CC_NCC_plank_210","",2001-01-01,0.166669880917567,0.166669880917567,0.166669880917567,-0.536076553985425,"01.ZooPreyNCC_NHL_2","PreyNCC","01.ZooPreyNCC_NHL_2","PreyNCC",NA
"3021","NHLlogSum_win_25_2026","plankton_2026","NHLlogSum_win_25_2026","CC_NCC_plank_210","",2002-01-01,-0.126192958376768,-0.126192958376768,-0.126192958376768,-0.873414652010061,"01.ZooPreyNCC_NHL_2","PreyNCC","01.ZooPreyNCC_NHL_2","PreyNCC",NA
"3022","NHLlogSum_win_25_2026","plankton_2026","NHLlogSum_win_25_2026","CC_NCC_plank_210","",2003-01-01,0.26178556364915,0.26178556364915,0.26178556364915,-0.49234582762743,"01.ZooPreyNCC_NHL_2","PreyNCC","01.ZooPreyNCC_NHL_2","PreyNCC",NA
"3023","NHLlogSum_win_25_2026","plankton_2026","NHLlogSum_win_25_2026","CC_NCC_plank_210","",2004-01-01,-0.103676333207537,-0.103676333207537,-0.103676333207537,-0.633879230414835,"01.ZooPreyNCC_NHL_2","PreyNCC","01.ZooPreyNCC_NHL_2","PreyNCC",NA
"3024","NHLlogSum_win_25_2026","plankton_2026","NHLlogSum_win_25_2026","CC_NCC_plank_210","",2005-01-01,0.418733778464233,0.418733778464233,0.418733778464233,0.0883911962654669,"01.ZooPreyNCC_NHL_2","PreyNCC","01.ZooPreyNCC_NHL_2","PreyNCC",NA
"3025","NHLlogSum_win_25_2026","plankton_2026","NHLlogSum_win_25_2026","CC_NCC_plank_210","",2006-01-01,0.382392934915032,0.382392934915032,0.382392934915032,0.212620296891218,"01.ZooPreyNCC_NHL_2","PreyNCC","01.ZooPreyNCC_NHL_2","PreyNCC",NA
"3026","NHLlogSum_win_25_2026","plankton_2026","NHLlogSum_win_25_2026","CC_NCC_plank_210","",2007-01-01,0.272015716352692,0.272015716352692,0.272015716352692,0.0149725977103776,"01.ZooPreyNCC_NHL_2","PreyNCC","01.ZooPreyNCC_NHL_2","PreyNCC",NA
"3027","NHLlogSum_win_25_2026","plankton_2026","NHLlogSum_win_25_2026","CC_NCC_plank_210","",2008-01-01,0.114266500139307,0.114266500139307,0.114266500139307,-0.240729583710493,"01.ZooPreyNCC_NHL_2","PreyNCC","01.ZooPreyNCC_NHL_2","PreyNCC",NA
"3028","NHLlogSum_win_25_2026","plankton_2026","NHLlogSum_win_25_2026","CC_NCC_plank_210","",2009-01-01,0.063809615444276,0.063809615444276,0.063809615444276,-0.150663443509493,"01.ZooPreyNCC_NHL_2","PreyNCC","01.ZooPreyNCC_NHL_2","PreyNCC",NA
"3029","NHLlogSum_win_25_2026","plankton_2026","NHLlogSum_win_25_2026","CC_NCC_plank_210","",2010-01-01,0.488393212069171,0.488393212069171,0.488393212069171,0.586189560907874,"01.ZooPreyNCC_NHL_2","PreyNCC","01.ZooPreyNCC_NHL_2","PreyNCC",NA
"3030","NHLlogSum_win_25_2026","plankton_2026","NHLlogSum_win_25_2026","CC_NCC_plank_210","",2011-01-01,0.565307206556724,0.565307206556724,0.565307206556724,0.931564325374803,"01.ZooPreyNCC_NHL_2","PreyNCC","01.ZooPreyNCC_NHL_2","PreyNCC",NA
"3031","NHLlogSum_win_25_2026","plankton_2026","NHLlogSum_win_25_2026","CC_NCC_plank_210","",2012-01-01,0.527339206974409,0.527339206974409,0.527339206974409,0.909270142908747,"01.ZooPreyNCC_NHL_2","PreyNCC","01.ZooPreyNCC_NHL_2","PreyNCC",NA
"3032","NHLlogSum_win_25_2026","plankton_2026","NHLlogSum_win_25_2026","CC_NCC_plank_210","",2013-01-01,0.451728701303933,0.451728701303933,0.451728701303933,0.655751143453837,"01.ZooPreyNCC_NHL_2","PreyNCC","01.ZooPreyNCC_NHL_2","PreyNCC",NA
"3033","NHLlogSum_win_25_2026","plankton_2026","NHLlogSum_win_25_2026","CC_NCC_plank_210","",2014-01-01,0.138270925783848,0.138270925783848,0.138270925783848,0.233604114603443,"01.ZooPreyNCC_NHL_2","PreyNCC","01.ZooPreyNCC_NHL_2","PreyNCC",NA
"3034","NHLlogSum_win_25_2026","plankton_2026","NHLlogSum_win_25_2026","CC_NCC_plank_210","",2015-01-01,0.575402871304247,0.575402871304247,0.575402871304247,0.531200328320846,"01.ZooPreyNCC_NHL_2","PreyNCC","01.ZooPreyNCC_NHL_2","PreyNCC",NA
"3035","NHLlogSum_win_25_2026","plankton_2026","NHLlogSum_win_25_2026","CC_NCC_plank_210","",2016-01-01,0.122795414265433,0.122795414265433,0.122795414265433,0.0185551909108014,"01.ZooPreyNCC_NHL_2","PreyNCC","01.ZooPreyNCC_NHL_2","PreyNCC",NA
"3036","NHLlogSum_win_25_2026","plankton_2026","NHLlogSum_win_25_2026","CC_NCC_plank_210","",2017-01-01,0.406843829274991,0.406843829274991,0.406843829274991,0.0753050837418547,"01.ZooPreyNCC_NHL_2","PreyNCC","01.ZooPreyNCC_NHL_2","PreyNCC",NA
"3037","NHLlogSum_win_25_2026","plankton_2026","NHLlogSum_win_25_2026","CC_NCC_plank_210","",2018-01-01,0.152507887987823,0.152507887987823,0.152507887987823,-0.429362430144048,"01.ZooPreyNCC_NHL_2","PreyNCC","01.ZooPreyNCC_NHL_2","PreyNCC",NA
"3038","NHLlogSum_win_25_2026","plankton_2026","NHLlogSum_win_25_2026","CC_NCC_plank_210","",2019-01-01,-0.265613082893759,-0.265613082893759,-0.265613082893759,-0.936775775154239,"01.ZooPreyNCC_NHL_2","PreyNCC","01.ZooPreyNCC_NHL_2","PreyNCC",NA
"3039","NHLlogSum_win_25_2026","plankton_2026","NHLlogSum_win_25_2026","CC_NCC_plank_210","",2020-01-01,0.232372637158069,0.232372637158069,0.232372637158069,-0.206249422742067,"01.ZooPreyNCC_NHL_2","PreyNCC","01.ZooPreyNCC_NHL_2","PreyNCC",NA
"3040","NHLlogSum_win_25_2026","plankton_2026","NHLlogSum_win_25_2026","CC_NCC_plank_210","",2021-01-01,0.500368207339899,0.500368207339899,0.500368207339899,0.410741987221141,"01.ZooPreyNCC_NHL_2","PreyNCC","01.ZooPreyNCC_NHL_2","PreyNCC",NA
"3041","NHLlogSum_win_25_2026","plankton_2026","NHLlogSum_win_25_2026","CC_NCC_plank_210","",2022-01-01,NA,NA,NA,NA,"01.ZooPreyNCC_NHL_2","PreyNCC","01.ZooPreyNCC_NHL_2","PreyNCC",NA
"3042","NHLlogSum_win_25_2026","plankton_2026","NHLlogSum_win_25_2026","CC_NCC_plank_210","",2023-01-01,NA,NA,NA,NA,"01.ZooPreyNCC_NHL_2","PreyNCC","01.ZooPreyNCC_NHL_2","PreyNCC",NA
"3043","NHLlogSum_win_25_2026","plankton_2026","NHLlogSum_win_25_2026","CC_NCC_plank_210","",2024-01-01,NA,NA,NA,NA,"01.ZooPreyNCC_NHL_2","PreyNCC","01.ZooPreyNCC_NHL_2","PreyNCC",NA
"3044","NHLlogSum_win_25_2026","plankton_2026","NHLlogSum_win_25_2026","CC_NCC_plank_210","",2025-01-01,NA,NA,NA,NA,"01.ZooPreyNCC_NHL_2","PreyNCC","01.ZooPreyNCC_NHL_2","PreyNCC",NA
"3045","NHLlogSum_win_25_2026","plankton_2026","NHLlogSum_win_25_2026","CC_NCC_plank_210","",2026-01-01,NA,NA,NA,NA,"01.ZooPreyNCC_NHL_2","PreyNCC","01.ZooPreyNCC_NHL_2","PreyNCC",NA
"3046","sumPrey_planktonJun_2026","plankton_2026","sumPrey_planktonJun_2026","CC_NCC_plank_202","",1998-01-01,NA,NA,NA,NA,"01.ZooPreyNCC_JSOES","PreyNCC","01.ZooPreyNCC_JSOES","PreyNCC","01.ZooPreyNCC_JSOES"
"3047","sumPrey_planktonJun_2026","plankton_2026","sumPrey_planktonJun_2026","CC_NCC_plank_202","",1999-01-01,1.70173431549144,1.70173431549144,1.70173431549144,-0.703520451750198,"01.ZooPreyNCC_JSOES","PreyNCC","01.ZooPreyNCC_JSOES","PreyNCC","01.ZooPreyNCC_JSOES"
"3048","sumPrey_planktonJun_2026","plankton_2026","sumPrey_planktonJun_2026","CC_NCC_plank_202","",2000-01-01,1.4747307416007,1.4747307416007,1.4747307416007,-0.865812456433472,"01.ZooPreyNCC_JSOES","PreyNCC","01.ZooPreyNCC_JSOES","PreyNCC","01.ZooPreyNCC_JSOES"
"3049","sumPrey_planktonJun_2026","plankton_2026","sumPrey_planktonJun_2026","CC_NCC_plank_202","",2001-01-01,1.45264603088236,1.45264603088236,1.45264603088236,-0.840753637288389,"01.ZooPreyNCC_JSOES","PreyNCC","01.ZooPreyNCC_JSOES","PreyNCC","01.ZooPreyNCC_JSOES"
"3050","sumPrey_planktonJun_2026","plankton_2026","sumPrey_planktonJun_2026","CC_NCC_plank_202","",2002-01-01,1.8439008613111,1.8439008613111,1.8439008613111,-0.561374616023051,"01.ZooPreyNCC_JSOES","PreyNCC","01.ZooPreyNCC_JSOES","PreyNCC","01.ZooPreyNCC_JSOES"
"3051","sumPrey_planktonJun_2026","plankton_2026","sumPrey_planktonJun_2026","CC_NCC_plank_202","",2003-01-01,1.9166350528082,1.9166350528082,1.9166350528082,-0.490787813587101,"01.ZooPreyNCC_JSOES","PreyNCC","01.ZooPreyNCC_JSOES","PreyNCC","01.ZooPreyNCC_JSOES"
"3052","sumPrey_planktonJun_2026","plankton_2026","sumPrey_planktonJun_2026","CC_NCC_plank_202","",2004-01-01,1.82405732939042,1.82405732939042,1.82405732939042,-0.696435432027023,"01.ZooPreyNCC_JSOES","PreyNCC","01.ZooPreyNCC_JSOES","PreyNCC","01.ZooPreyNCC_JSOES"
"3053","sumPrey_planktonJun_2026","plankton_2026","sumPrey_planktonJun_2026","CC_NCC_plank_202","",2005-01-01,1.0455545609382,1.0455545609382,1.0455545609382,-1.20827865211723,"01.ZooPreyNCC_JSOES","PreyNCC","01.ZooPreyNCC_JSOES","PreyNCC","01.ZooPreyNCC_JSOES"
"3054","sumPrey_planktonJun_2026","plankton_2026","sumPrey_planktonJun_2026","CC_NCC_plank_202","",2006-01-01,1.44177534993773,1.44177534993773,1.44177534993773,-1.06078176246476,"01.ZooPreyNCC_JSOES","PreyNCC","01.ZooPreyNCC_JSOES","PreyNCC","01.ZooPreyNCC_JSOES"
"3055","sumPrey_planktonJun_2026","plankton_2026","sumPrey_planktonJun_2026","CC_NCC_plank_202","",2007-01-01,1.47804239013504,1.47804239013504,1.47804239013504,-0.85836330596896,"01.ZooPreyNCC_JSOES","PreyNCC","01.ZooPreyNCC_JSOES","PreyNCC","01.ZooPreyNCC_JSOES"
"3056","sumPrey_planktonJun_2026","plankton_2026","sumPrey_planktonJun_2026","CC_NCC_plank_202","",2008-01-01,2.07405590139713,2.07405590139713,2.07405590139713,-0.467429451127065,"01.ZooPreyNCC_JSOES","PreyNCC","01.ZooPreyNCC_JSOES","PreyNCC","01.ZooPreyNCC_JSOES"
"3057","sumPrey_planktonJun_2026","plankton_2026","sumPrey_planktonJun_2026","CC_NCC_plank_202","",2009-01-01,1.6856393601298,1.6856393601298,1.6856393601298,-0.628112076066331,"01.ZooPreyNCC_JSOES","PreyNCC","01.ZooPreyNCC_JSOES","PreyNCC","01.ZooPreyNCC_JSOES"
"3058","sumPrey_planktonJun_2026","plankton_2026","sumPrey_planktonJun_2026","CC_NCC_plank_202","",2010-01-01,1.3728877767029,1.3728877767029,1.3728877767029,-0.763988636724768,"01.ZooPreyNCC_JSOES","PreyNCC","01.ZooPreyNCC_JSOES","PreyNCC","01.ZooPreyNCC_JSOES"
"3059","sumPrey_planktonJun_2026","plankton_2026","sumPrey_planktonJun_2026","CC_NCC_plank_202","",2011-01-01,1.75613723813238,1.75613723813238,1.75613723813238,-0.417421298093939,"01.ZooPreyNCC_JSOES","PreyNCC","01.ZooPreyNCC_JSOES","PreyNCC","01.ZooPreyNCC_JSOES"
"3060","sumPrey_planktonJun_2026","plankton_2026","sumPrey_planktonJun_2026","CC_NCC_plank_202","",2012-01-01,2.30950275215459,2.30950275215459,2.30950275215459,0.0308577712967335,"01.ZooPreyNCC_JSOES","PreyNCC","01.ZooPreyNCC_JSOES","PreyNCC","01.ZooPreyNCC_JSOES"
"3061","sumPrey_planktonJun_2026","plankton_2026","sumPrey_planktonJun_2026","CC_NCC_plank_202","",2013-01-01,1.76375604641377,1.76375604641377,1.76375604641377,-0.0210042083411694,"01.ZooPreyNCC_JSOES","PreyNCC","01.ZooPreyNCC_JSOES","PreyNCC","01.ZooPreyNCC_JSOES"
"3062","sumPrey_planktonJun_2026","plankton_2026","sumPrey_planktonJun_2026","CC_NCC_plank_202","",2014-01-01,2.42792765611377,2.42792765611377,2.42792765611377,0.410804280817833,"01.ZooPreyNCC_JSOES","PreyNCC","01.ZooPreyNCC_JSOES","PreyNCC","01.ZooPreyNCC_JSOES"
"3063","sumPrey_planktonJun_2026","plankton_2026","sumPrey_planktonJun_2026","CC_NCC_plank_202","",2015-01-01,2.19181841670622,2.19181841670622,2.19181841670622,0.497681125911523,"01.ZooPreyNCC_JSOES","PreyNCC","01.ZooPreyNCC_JSOES","PreyNCC","01.ZooPreyNCC_JSOES"
"3064","sumPrey_planktonJun_2026","plankton_2026","sumPrey_planktonJun_2026","CC_NCC_plank_202","",2016-01-01,2.60553647227851,2.60553647227851,2.60553647227851,0.774571990751788,"01.ZooPreyNCC_JSOES","PreyNCC","01.ZooPreyNCC_JSOES","PreyNCC","01.ZooPreyNCC_JSOES"
"3065","sumPrey_planktonJun_2026","plankton_2026","sumPrey_planktonJun_2026","CC_NCC_plank_202","",2017-01-01,2.18909771755706,2.18909771755706,2.18909771755706,0.733247425074706,"01.ZooPreyNCC_JSOES","PreyNCC","01.ZooPreyNCC_JSOES","PreyNCC","01.ZooPreyNCC_JSOES"
"3066","sumPrey_planktonJun_2026","plankton_2026","sumPrey_planktonJun_2026","CC_NCC_plank_202","",2018-01-01,2.84879693566328,2.84879693566328,2.84879693566328,1.1226662988058,"01.ZooPreyNCC_JSOES","PreyNCC","01.ZooPreyNCC_JSOES","PreyNCC","01.ZooPreyNCC_JSOES"
"3067","sumPrey_planktonJun_2026","plankton_2026","sumPrey_planktonJun_2026","CC_NCC_plank_202","",2019-01-01,2.78328510732827,2.78328510732827,2.78328510732827,1.08032422291918,"01.ZooPreyNCC_JSOES","PreyNCC","01.ZooPreyNCC_JSOES","PreyNCC","01.ZooPreyNCC_JSOES"
"3068","sumPrey_planktonJun_2026","plankton_2026","sumPrey_planktonJun_2026","CC_NCC_plank_202","",2020-01-01,2.01880929818859,2.01880929818859,2.01880929818859,0.688202115443217,"01.ZooPreyNCC_JSOES","PreyNCC","01.ZooPreyNCC_JSOES","PreyNCC","01.ZooPreyNCC_JSOES"
"3069","sumPrey_planktonJun_2026","plankton_2026","sumPrey_planktonJun_2026","CC_NCC_plank_202","",2021-01-01,2.82703063365976,2.82703063365976,2.82703063365976,1.00493758334325,"01.ZooPreyNCC_JSOES","PreyNCC","01.ZooPreyNCC_JSOES","PreyNCC","01.ZooPreyNCC_JSOES"
"3070","sumPrey_planktonJun_2026","plankton_2026","sumPrey_planktonJun_2026","CC_NCC_plank_202","",2022-01-01,2.11056081778732,2.11056081778732,2.11056081778732,0.813489695272533,"01.ZooPreyNCC_JSOES","PreyNCC","01.ZooPreyNCC_JSOES","PreyNCC","01.ZooPreyNCC_JSOES"
"3071","sumPrey_planktonJun_2026","plankton_2026","sumPrey_planktonJun_2026","CC_NCC_plank_202","",2023-01-01,2.98155082021363,2.98155082021363,2.98155082021363,1.28206842682861,"01.ZooPreyNCC_JSOES","PreyNCC","01.ZooPreyNCC_JSOES","PreyNCC","01.ZooPreyNCC_JSOES"
"3072","sumPrey_planktonJun_2026","plankton_2026","sumPrey_planktonJun_2026","CC_NCC_plank_202","",2024-01-01,2.64656568123613,2.64656568123613,2.64656568123613,1.22635886388992,"01.ZooPreyNCC_JSOES","PreyNCC","01.ZooPreyNCC_JSOES","PreyNCC","01.ZooPreyNCC_JSOES"
"3073","sumPrey_planktonJun_2026","plankton_2026","sumPrey_planktonJun_2026","CC_NCC_plank_202","",2025-01-01,NA,NA,NA,NA,"01.ZooPreyNCC_JSOES","PreyNCC","01.ZooPreyNCC_JSOES","PreyNCC","01.ZooPreyNCC_JSOES"
"3074","sumPrey_planktonJun_2026","plankton_2026","sumPrey_planktonJun_2026","CC_NCC_plank_202","",2026-01-01,NA,NA,NA,NA,"01.ZooPreyNCC_JSOES","PreyNCC","01.ZooPreyNCC_JSOES","PreyNCC","01.ZooPreyNCC_JSOES"
"3075","sumPreyOfPrey_planktonJun_2026","plankton_2026","sumPreyOfPrey_planktonJun_2026","CC_NCC_plank_203","",1998-01-01,NA,NA,NA,NA,"01.ZooPreyNCC_JSOES","PreyNCC","01.ZooPreyNCC_JSOES","PreyNCC","01.ZooPreyNCC_JSOES"
"3076","sumPreyOfPrey_planktonJun_2026","plankton_2026","sumPreyOfPrey_planktonJun_2026","CC_NCC_plank_203","",1999-01-01,1.9732900083787,1.9732900083787,1.9732900083787,-1.30105173922544,"01.ZooPreyNCC_JSOES","PreyNCC","01.ZooPreyNCC_JSOES","PreyNCC","01.ZooPreyNCC_JSOES"
"3077","sumPreyOfPrey_planktonJun_2026","plankton_2026","sumPreyOfPrey_planktonJun_2026","CC_NCC_plank_203","",2000-01-01,2.42179641661706,2.42179641661706,2.42179641661706,-0.866811588674931,"01.ZooPreyNCC_JSOES","PreyNCC","01.ZooPreyNCC_JSOES","PreyNCC","01.ZooPreyNCC_JSOES"
"3078","sumPreyOfPrey_planktonJun_2026","plankton_2026","sumPreyOfPrey_planktonJun_2026","CC_NCC_plank_203","",2001-01-01,2.38889245447881,2.38889245447881,2.38889245447881,-0.685029133504528,"01.ZooPreyNCC_JSOES","PreyNCC","01.ZooPreyNCC_JSOES","PreyNCC","01.ZooPreyNCC_JSOES"
"3079","sumPreyOfPrey_planktonJun_2026","plankton_2026","sumPreyOfPrey_planktonJun_2026","CC_NCC_plank_203","",2002-01-01,2.4740203704317,2.4740203704317,2.4740203704317,-0.507614748539192,"01.ZooPreyNCC_JSOES","PreyNCC","01.ZooPreyNCC_JSOES","PreyNCC","01.ZooPreyNCC_JSOES"
"3080","sumPreyOfPrey_planktonJun_2026","plankton_2026","sumPreyOfPrey_planktonJun_2026","CC_NCC_plank_203","",2003-01-01,2.85565250065796,2.85565250065796,2.85565250065796,-0.328701510833879,"01.ZooPreyNCC_JSOES","PreyNCC","01.ZooPreyNCC_JSOES","PreyNCC","01.ZooPreyNCC_JSOES"
"3081","sumPreyOfPrey_planktonJun_2026","plankton_2026","sumPreyOfPrey_planktonJun_2026","CC_NCC_plank_203","",2004-01-01,2.47660895154602,2.47660895154602,2.47660895154602,-0.738430876820786,"01.ZooPreyNCC_JSOES","PreyNCC","01.ZooPreyNCC_JSOES","PreyNCC","01.ZooPreyNCC_JSOES"
"3082","sumPreyOfPrey_planktonJun_2026","plankton_2026","sumPreyOfPrey_planktonJun_2026","CC_NCC_plank_203","",2005-01-01,1.61332697706493,1.61332697706493,1.61332697706493,-1.38269395664014,"01.ZooPreyNCC_JSOES","PreyNCC","01.ZooPreyNCC_JSOES","PreyNCC","01.ZooPreyNCC_JSOES"
"3083","sumPreyOfPrey_planktonJun_2026","plankton_2026","sumPreyOfPrey_planktonJun_2026","CC_NCC_plank_203","",2006-01-01,2.22779142681968,2.22779142681968,2.22779142681968,-1.16609146351401,"01.ZooPreyNCC_JSOES","PreyNCC","01.ZooPreyNCC_JSOES","PreyNCC","01.ZooPreyNCC_JSOES"
"3084","sumPreyOfPrey_planktonJun_2026","plankton_2026","sumPreyOfPrey_planktonJun_2026","CC_NCC_plank_203","",2007-01-01,2.02859343544595,2.02859343544595,2.02859343544595,-1.11027295920574,"01.ZooPreyNCC_JSOES","PreyNCC","01.ZooPreyNCC_JSOES","PreyNCC","01.ZooPreyNCC_JSOES"
"3085","sumPreyOfPrey_planktonJun_2026","plankton_2026","sumPreyOfPrey_planktonJun_2026","CC_NCC_plank_203","",2008-01-01,2.36535821841875,2.36535821841875,2.36535821841875,-0.758001562401164,"01.ZooPreyNCC_JSOES","PreyNCC","01.ZooPreyNCC_JSOES","PreyNCC","01.ZooPreyNCC_JSOES"
"3086","sumPreyOfPrey_planktonJun_2026","plankton_2026","sumPreyOfPrey_planktonJun_2026","CC_NCC_plank_203","",2009-01-01,2.53456826835084,2.53456826835084,2.53456826835084,-0.435645111969801,"01.ZooPreyNCC_JSOES","PreyNCC","01.ZooPreyNCC_JSOES","PreyNCC","01.ZooPreyNCC_JSOES"
"3087","sumPreyOfPrey_planktonJun_2026","plankton_2026","sumPreyOfPrey_planktonJun_2026","CC_NCC_plank_203","",2010-01-01,2.53717290618434,2.53717290618434,2.53717290618434,-0.161834650117151,"01.ZooPreyNCC_JSOES","PreyNCC","01.ZooPreyNCC_JSOES","PreyNCC","01.ZooPreyNCC_JSOES"
"3088","sumPreyOfPrey_planktonJun_2026","plankton_2026","sumPreyOfPrey_planktonJun_2026","CC_NCC_plank_203","",2011-01-01,3.07989580975728,3.07989580975728,3.07989580975728,0.331991489654617,"01.ZooPreyNCC_JSOES","PreyNCC","01.ZooPreyNCC_JSOES","PreyNCC","01.ZooPreyNCC_JSOES"
"3089","sumPreyOfPrey_planktonJun_2026","plankton_2026","sumPreyOfPrey_planktonJun_2026","CC_NCC_plank_203","",2012-01-01,3.1947480777921,3.1947480777921,3.1947480777921,0.445979005794753,"01.ZooPreyNCC_JSOES","PreyNCC","01.ZooPreyNCC_JSOES","PreyNCC","01.ZooPreyNCC_JSOES"
"3090","sumPreyOfPrey_planktonJun_2026","plankton_2026","sumPreyOfPrey_planktonJun_2026","CC_NCC_plank_203","",2013-01-01,2.26902525464509,2.26902525464509,2.26902525464509,0.0626682461660536,"01.ZooPreyNCC_JSOES","PreyNCC","01.ZooPreyNCC_JSOES","PreyNCC","01.ZooPreyNCC_JSOES"
"3091","sumPreyOfPrey_planktonJun_2026","plankton_2026","sumPreyOfPrey_planktonJun_2026","CC_NCC_plank_203","",2014-01-01,3.25087476190976,3.25087476190976,3.25087476190976,0.664239918510105,"01.ZooPreyNCC_JSOES","PreyNCC","01.ZooPreyNCC_JSOES","PreyNCC","01.ZooPreyNCC_JSOES"
"3092","sumPreyOfPrey_planktonJun_2026","plankton_2026","sumPreyOfPrey_planktonJun_2026","CC_NCC_plank_203","",2015-01-01,3.2735637604844,3.2735637604844,3.2735637604844,0.873669259774347,"01.ZooPreyNCC_JSOES","PreyNCC","01.ZooPreyNCC_JSOES","PreyNCC","01.ZooPreyNCC_JSOES"
"3093","sumPreyOfPrey_planktonJun_2026","plankton_2026","sumPreyOfPrey_planktonJun_2026","CC_NCC_plank_203","",2016-01-01,3.25127223666191,3.25127223666191,3.25127223666191,0.854663358097318,"01.ZooPreyNCC_JSOES","PreyNCC","01.ZooPreyNCC_JSOES","PreyNCC","01.ZooPreyNCC_JSOES"
"3094","sumPreyOfPrey_planktonJun_2026","plankton_2026","sumPreyOfPrey_planktonJun_2026","CC_NCC_plank_203","",2017-01-01,2.78885756287975,2.78885756287975,2.78885756287975,0.633137584612537,"01.ZooPreyNCC_JSOES","PreyNCC","01.ZooPreyNCC_JSOES","PreyNCC","01.ZooPreyNCC_JSOES"
"3095","sumPreyOfPrey_planktonJun_2026","plankton_2026","sumPreyOfPrey_planktonJun_2026","CC_NCC_plank_203","",2018-01-01,3.29718502338674,3.29718502338674,3.29718502338674,0.919411645667844,"01.ZooPreyNCC_JSOES","PreyNCC","01.ZooPreyNCC_JSOES","PreyNCC","01.ZooPreyNCC_JSOES"
"3096","sumPreyOfPrey_planktonJun_2026","plankton_2026","sumPreyOfPrey_planktonJun_2026","CC_NCC_plank_203","",2019-01-01,3.44638124947555,3.44638124947555,3.44638124947555,0.97539192282016,"01.ZooPreyNCC_JSOES","PreyNCC","01.ZooPreyNCC_JSOES","PreyNCC","01.ZooPreyNCC_JSOES"
"3097","sumPreyOfPrey_planktonJun_2026","plankton_2026","sumPreyOfPrey_planktonJun_2026","CC_NCC_plank_203","",2020-01-01,2.76473682984616,2.76473682984616,2.76473682984616,0.556402514316809,"01.ZooPreyNCC_JSOES","PreyNCC","01.ZooPreyNCC_JSOES","PreyNCC","01.ZooPreyNCC_JSOES"
"3098","sumPreyOfPrey_planktonJun_2026","plankton_2026","sumPreyOfPrey_planktonJun_2026","CC_NCC_plank_203","",2021-01-01,3.10169477720226,3.10169477720226,3.10169477720226,0.617085315543401,"01.ZooPreyNCC_JSOES","PreyNCC","01.ZooPreyNCC_JSOES","PreyNCC","01.ZooPreyNCC_JSOES"
"3099","sumPreyOfPrey_planktonJun_2026","plankton_2026","sumPreyOfPrey_planktonJun_2026","CC_NCC_plank_203","",2022-01-01,2.75130731688749,2.75130731688749,2.75130731688749,0.53909463243838,"01.ZooPreyNCC_JSOES","PreyNCC","01.ZooPreyNCC_JSOES","PreyNCC","01.ZooPreyNCC_JSOES"
"3100","sumPreyOfPrey_planktonJun_2026","plankton_2026","sumPreyOfPrey_planktonJun_2026","CC_NCC_plank_203","",2023-01-01,3.47682215872361,3.47682215872361,3.47682215872361,0.950531066616995,"01.ZooPreyNCC_JSOES","PreyNCC","01.ZooPreyNCC_JSOES","PreyNCC","01.ZooPreyNCC_JSOES"
"3101","sumPreyOfPrey_planktonJun_2026","plankton_2026","sumPreyOfPrey_planktonJun_2026","CC_NCC_plank_203","",2024-01-01,3.04973728085274,3.04973728085274,3.04973728085274,0.800793266158199,"01.ZooPreyNCC_JSOES","PreyNCC","01.ZooPreyNCC_JSOES","PreyNCC","01.ZooPreyNCC_JSOES"
"3102","sumPreyOfPrey_planktonJun_2026","plankton_2026","sumPreyOfPrey_planktonJun_2026","CC_NCC_plank_203","",2025-01-01,NA,NA,NA,NA,"01.ZooPreyNCC_JSOES","PreyNCC","01.ZooPreyNCC_JSOES","PreyNCC","01.ZooPreyNCC_JSOES"
"3103","sumPreyOfPrey_planktonJun_2026","plankton_2026","sumPreyOfPrey_planktonJun_2026","CC_NCC_plank_203","",2026-01-01,NA,NA,NA,NA,"01.ZooPreyNCC_JSOES","PreyNCC","01.ZooPreyNCC_JSOES","PreyNCC","01.ZooPreyNCC_JSOES"
"3104","Epac_adult_density","NHL_2026","Epac_NHL_2026","CC_NCC_plank_212","",1998-01-01,NA,NA,NA,NA,"01.ZooPreyNCC_NHL","PreyNCC","01.ZooPreyNCC_NHL","PreyNCC","01.ZooPreyNCC_NHL"
"3105","Epac_adult_density","NHL_2026","Epac_NHL_2026","CC_NCC_plank_212","",1999-01-01,NA,NA,NA,NA,"01.ZooPreyNCC_NHL","PreyNCC","01.ZooPreyNCC_NHL","PreyNCC","01.ZooPreyNCC_NHL"
"3106","Epac_adult_density","NHL_2026","Epac_NHL_2026","CC_NCC_plank_212","",2000-01-01,NA,NA,NA,NA,"01.ZooPreyNCC_NHL","PreyNCC","01.ZooPreyNCC_NHL","PreyNCC","01.ZooPreyNCC_NHL"
"3107","Epac_adult_density","NHL_2026","Epac_NHL_2026","CC_NCC_plank_212","",2001-01-01,-1.95676388463981,-1.95676388463981,-1.95676388463981,1.22853239635945,"01.ZooPreyNCC_NHL","PreyNCC","01.ZooPreyNCC_NHL","PreyNCC","01.ZooPreyNCC_NHL"
"3108","Epac_adult_density","NHL_2026","Epac_NHL_2026","CC_NCC_plank_212","",2002-01-01,-1.31728385608441,-1.31728385608441,-1.31728385608441,1.26100040280846,"01.ZooPreyNCC_NHL","PreyNCC","01.ZooPreyNCC_NHL","PreyNCC","01.ZooPreyNCC_NHL"
"3109","Epac_adult_density","NHL_2026","Epac_NHL_2026","CC_NCC_plank_212","",2003-01-01,-2.79275850046613,-2.79275850046613,-2.79275850046613,0.401183217379409,"01.ZooPreyNCC_NHL","PreyNCC","01.ZooPreyNCC_NHL","PreyNCC","01.ZooPreyNCC_NHL"
"3110","Epac_adult_density","NHL_2026","Epac_NHL_2026","CC_NCC_plank_212","",2004-01-01,-3.07504123282249,-3.07504123282249,-3.07504123282249,-0.0395930811746279,"01.ZooPreyNCC_NHL","PreyNCC","01.ZooPreyNCC_NHL","PreyNCC","01.ZooPreyNCC_NHL"
"3111","Epac_adult_density","NHL_2026","Epac_NHL_2026","CC_NCC_plank_212","",2005-01-01,-2.96024694316814,-2.96024694316814,-2.96024694316814,-0.0867291322703841,"01.ZooPreyNCC_NHL","PreyNCC","01.ZooPreyNCC_NHL","PreyNCC","01.ZooPreyNCC_NHL"
"3112","Epac_adult_density","NHL_2026","Epac_NHL_2026","CC_NCC_plank_212","",2006-01-01,-2.72742122604873,-2.72742122604873,-2.72742122604873,0.0437205909152975,"01.ZooPreyNCC_NHL","PreyNCC","01.ZooPreyNCC_NHL","PreyNCC","01.ZooPreyNCC_NHL"
"3113","Epac_adult_density","NHL_2026","Epac_NHL_2026","CC_NCC_plank_212","",2007-01-01,-2.72306157259498,-2.72306157259498,-2.72306157259498,0.139605557895829,"01.ZooPreyNCC_NHL","PreyNCC","01.ZooPreyNCC_NHL","PreyNCC","01.ZooPreyNCC_NHL"
"3114","Epac_adult_density","NHL_2026","Epac_NHL_2026","CC_NCC_plank_212","",2008-01-01,-2.2570115194462,-2.2570115194462,-2.2570115194462,0.290395557819766,"01.ZooPreyNCC_NHL","PreyNCC","01.ZooPreyNCC_NHL","PreyNCC","01.ZooPreyNCC_NHL"
"3115","Epac_adult_density","NHL_2026","Epac_NHL_2026","CC_NCC_plank_212","",2009-01-01,-2.7531003915919,-2.7531003915919,-2.7531003915919,-0.0389064796843561,"01.ZooPreyNCC_NHL","PreyNCC","01.ZooPreyNCC_NHL","PreyNCC","01.ZooPreyNCC_NHL"
"3116","Epac_adult_density","NHL_2026","Epac_NHL_2026","CC_NCC_plank_212","",2010-01-01,-3.49206182568405,-3.49206182568405,-3.49206182568405,-0.447613759512711,"01.ZooPreyNCC_NHL","PreyNCC","01.ZooPreyNCC_NHL","PreyNCC","01.ZooPreyNCC_NHL"
"3117","Epac_adult_density","NHL_2026","Epac_NHL_2026","CC_NCC_plank_212","",2011-01-01,-2.49817471058988,-2.49817471058988,-2.49817471058988,-0.257060663403742,"01.ZooPreyNCC_NHL","PreyNCC","01.ZooPreyNCC_NHL","PreyNCC","01.ZooPreyNCC_NHL"
"3118","Epac_adult_density","NHL_2026","Epac_NHL_2026","CC_NCC_plank_212","",2012-01-01,-3.50294081110599,-3.50294081110599,-3.50294081110599,-0.73918707912374,"01.ZooPreyNCC_NHL","PreyNCC","01.ZooPreyNCC_NHL","PreyNCC","01.ZooPreyNCC_NHL"
"3119","Epac_adult_density","NHL_2026","Epac_NHL_2026","CC_NCC_plank_212","",2013-01-01,-3.41244888243099,-3.41244888243099,-3.41244888243099,-0.897618141790744,"01.ZooPreyNCC_NHL","PreyNCC","01.ZooPreyNCC_NHL","PreyNCC","01.ZooPreyNCC_NHL"
"3120","Epac_adult_density","NHL_2026","Epac_NHL_2026","CC_NCC_plank_212","",2014-01-01,-3.51664331528516,-3.51664331528516,-3.51664331528516,-1.0239427030949,"01.ZooPreyNCC_NHL","PreyNCC","01.ZooPreyNCC_NHL","PreyNCC","01.ZooPreyNCC_NHL"
"3121","Epac_adult_density","NHL_2026","Epac_NHL_2026","CC_NCC_plank_212","",2015-01-01,-3.84899736587139,-3.84899736587139,-3.84899736587139,-1.0911644645628,"01.ZooPreyNCC_NHL","PreyNCC","01.ZooPreyNCC_NHL","PreyNCC","01.ZooPreyNCC_NHL"
"3122","Epac_adult_density","NHL_2026","Epac_NHL_2026","CC_NCC_plank_212","",2016-01-01,-3.53344417553241,-3.53344417553241,-3.53344417553241,-0.677450183564789,"01.ZooPreyNCC_NHL","PreyNCC","01.ZooPreyNCC_NHL","PreyNCC","01.ZooPreyNCC_NHL"
"3123","Epac_adult_density","NHL_2026","Epac_NHL_2026","CC_NCC_plank_212","",2017-01-01,-1.93398849233171,-1.93398849233171,-1.93398849233171,0.166581681392333,"01.ZooPreyNCC_NHL","PreyNCC","01.ZooPreyNCC_NHL","PreyNCC","01.ZooPreyNCC_NHL"
"3124","Epac_adult_density","NHL_2026","Epac_NHL_2026","CC_NCC_plank_212","",2018-01-01,-3.09117042599398,-3.09117042599398,-3.09117042599398,-0.0686168823432465,"01.ZooPreyNCC_NHL","PreyNCC","01.ZooPreyNCC_NHL","PreyNCC","01.ZooPreyNCC_NHL"
"3125","Epac_adult_density","NHL_2026","Epac_NHL_2026","CC_NCC_plank_212","",2019-01-01,-3.0840219766854,-3.0840219766854,-3.0840219766854,0.0845349147476374,"01.ZooPreyNCC_NHL","PreyNCC","01.ZooPreyNCC_NHL","PreyNCC","01.ZooPreyNCC_NHL"
"3126","Epac_adult_density","NHL_2026","Epac_NHL_2026","CC_NCC_plank_212","",2020-01-01,-1.92838955031386,-1.92838955031386,-1.92838955031386,0.768670012231093,"01.ZooPreyNCC_NHL","PreyNCC","01.ZooPreyNCC_NHL","PreyNCC","01.ZooPreyNCC_NHL"
"3127","Epac_adult_density","NHL_2026","Epac_NHL_2026","CC_NCC_plank_212","",2021-01-01,-1.98810626270203,-1.98810626270203,-1.98810626270203,0.96742423575226,"01.ZooPreyNCC_NHL","PreyNCC","01.ZooPreyNCC_NHL","PreyNCC","01.ZooPreyNCC_NHL"
"3128","Epac_adult_density","NHL_2026","Epac_NHL_2026","CC_NCC_plank_212","",2022-01-01,NA,NA,NA,NA,"01.ZooPreyNCC_NHL","PreyNCC","01.ZooPreyNCC_NHL","PreyNCC","01.ZooPreyNCC_NHL"
"3129","Epac_adult_density","NHL_2026","Epac_NHL_2026","CC_NCC_plank_212","",2023-01-01,NA,NA,NA,NA,"01.ZooPreyNCC_NHL","PreyNCC","01.ZooPreyNCC_NHL","PreyNCC","01.ZooPreyNCC_NHL"
"3130","Epac_adult_density","NHL_2026","Epac_NHL_2026","CC_NCC_plank_212","",2024-01-01,NA,NA,NA,NA,"01.ZooPreyNCC_NHL","PreyNCC","01.ZooPreyNCC_NHL","PreyNCC","01.ZooPreyNCC_NHL"
"3131","Epac_adult_density","NHL_2026","Epac_NHL_2026","CC_NCC_plank_212","",2025-01-01,NA,NA,NA,NA,"01.ZooPreyNCC_NHL","PreyNCC","01.ZooPreyNCC_NHL","PreyNCC","01.ZooPreyNCC_NHL"
"3132","Epac_adult_density","NHL_2026","Epac_NHL_2026","CC_NCC_plank_212","",2026-01-01,NA,NA,NA,NA,"01.ZooPreyNCC_NHL","PreyNCC","01.ZooPreyNCC_NHL","PreyNCC","01.ZooPreyNCC_NHL"
"3133","Tspin_adult_density","NHL_2026","Tspin_NHL_2026","CC_NCC_plank_211","",1998-01-01,NA,NA,NA,NA,"01.ZooPreyNCC_NHL","PreyNCC","01.ZooPreyNCC_NHL","PreyNCC","01.ZooPreyNCC_NHL"
"3134","Tspin_adult_density","NHL_2026","Tspin_NHL_2026","CC_NCC_plank_211","",1999-01-01,NA,NA,NA,NA,"01.ZooPreyNCC_NHL","PreyNCC","01.ZooPreyNCC_NHL","PreyNCC","01.ZooPreyNCC_NHL"
"3135","Tspin_adult_density","NHL_2026","Tspin_NHL_2026","CC_NCC_plank_211","",2000-01-01,NA,NA,NA,NA,"01.ZooPreyNCC_NHL","PreyNCC","01.ZooPreyNCC_NHL","PreyNCC","01.ZooPreyNCC_NHL"
"3136","Tspin_adult_density","NHL_2026","Tspin_NHL_2026","CC_NCC_plank_211","",2001-01-01,-4.22568794667984,-4.22568794667984,-4.22568794667984,0.24744823606336,"01.ZooPreyNCC_NHL","PreyNCC","01.ZooPreyNCC_NHL","PreyNCC","01.ZooPreyNCC_NHL"
"3137","Tspin_adult_density","NHL_2026","Tspin_NHL_2026","CC_NCC_plank_211","",2002-01-01,-4.24178059692373,-4.24178059692373,-4.24178059692373,0.172760743206495,"01.ZooPreyNCC_NHL","PreyNCC","01.ZooPreyNCC_NHL","PreyNCC","01.ZooPreyNCC_NHL"
"3138","Tspin_adult_density","NHL_2026","Tspin_NHL_2026","CC_NCC_plank_211","",2003-01-01,-4.09511386269338,-4.09511386269338,-4.09511386269338,0.00872168804166623,"01.ZooPreyNCC_NHL","PreyNCC","01.ZooPreyNCC_NHL","PreyNCC","01.ZooPreyNCC_NHL"
"3139","Tspin_adult_density","NHL_2026","Tspin_NHL_2026","CC_NCC_plank_211","",2004-01-01,-5.20659609748261,-5.20659609748261,-5.20659609748261,-0.61540819278122,"01.ZooPreyNCC_NHL","PreyNCC","01.ZooPreyNCC_NHL","PreyNCC","01.ZooPreyNCC_NHL"
"3140","Tspin_adult_density","NHL_2026","Tspin_NHL_2026","CC_NCC_plank_211","",2005-01-01,-5.29831736654804,-5.29831736654804,-5.29831736654804,-0.757325801736127,"01.ZooPreyNCC_NHL","PreyNCC","01.ZooPreyNCC_NHL","PreyNCC","01.ZooPreyNCC_NHL"
"3141","Tspin_adult_density","NHL_2026","Tspin_NHL_2026","CC_NCC_plank_211","",2006-01-01,-4.56285190096699,-4.56285190096699,-4.56285190096699,-0.429684224978503,"01.ZooPreyNCC_NHL","PreyNCC","01.ZooPreyNCC_NHL","PreyNCC","01.ZooPreyNCC_NHL"
"3142","Tspin_adult_density","NHL_2026","Tspin_NHL_2026","CC_NCC_plank_211","",2007-01-01,-4.60264991826988,-4.60264991826988,-4.60264991826988,-0.341347304968123,"01.ZooPreyNCC_NHL","PreyNCC","01.ZooPreyNCC_NHL","PreyNCC","01.ZooPreyNCC_NHL"
"3143","Tspin_adult_density","NHL_2026","Tspin_NHL_2026","CC_NCC_plank_211","",2008-01-01,-4.68585323449286,-4.68585323449286,-4.68585323449286,-0.347890021655861,"01.ZooPreyNCC_NHL","PreyNCC","01.ZooPreyNCC_NHL","PreyNCC","01.ZooPreyNCC_NHL"
"3144","Tspin_adult_density","NHL_2026","Tspin_NHL_2026","CC_NCC_plank_211","",2009-01-01,-4.57867370896183,-4.57867370896183,-4.57867370896183,-0.338595081303481,"01.ZooPreyNCC_NHL","PreyNCC","01.ZooPreyNCC_NHL","PreyNCC","01.ZooPreyNCC_NHL"
"3145","Tspin_adult_density","NHL_2026","Tspin_NHL_2026","CC_NCC_plank_211","",2010-01-01,-4.92974364361373,-4.92974364361373,-4.92974364361373,-0.455217680160591,"01.ZooPreyNCC_NHL","PreyNCC","01.ZooPreyNCC_NHL","PreyNCC","01.ZooPreyNCC_NHL"
"3146","Tspin_adult_density","NHL_2026","Tspin_NHL_2026","CC_NCC_plank_211","",2011-01-01,-4.82668142290929,-4.82668142290929,-4.82668142290929,-0.319610904686452,"01.ZooPreyNCC_NHL","PreyNCC","01.ZooPreyNCC_NHL","PreyNCC","01.ZooPreyNCC_NHL"
"3147","Tspin_adult_density","NHL_2026","Tspin_NHL_2026","CC_NCC_plank_211","",2012-01-01,-4.28909102602472,-4.28909102602472,-4.28909102602472,0.0585844797145419,"01.ZooPreyNCC_NHL","PreyNCC","01.ZooPreyNCC_NHL","PreyNCC","01.ZooPreyNCC_NHL"
"3148","Tspin_adult_density","NHL_2026","Tspin_NHL_2026","CC_NCC_plank_211","",2013-01-01,-3.92964112682512,-3.92964112682512,-3.92964112682512,0.299927522676988,"01.ZooPreyNCC_NHL","PreyNCC","01.ZooPreyNCC_NHL","PreyNCC","01.ZooPreyNCC_NHL"
"3149","Tspin_adult_density","NHL_2026","Tspin_NHL_2026","CC_NCC_plank_211","",2014-01-01,-3.93853721382607,-3.93853721382607,-3.93853721382607,0.139181711910953,"01.ZooPreyNCC_NHL","PreyNCC","01.ZooPreyNCC_NHL","PreyNCC","01.ZooPreyNCC_NHL"
"3150","Tspin_adult_density","NHL_2026","Tspin_NHL_2026","CC_NCC_plank_211","",2015-01-01,-5.29831736654804,-5.29831736654804,-5.29831736654804,-0.571861339340126,"01.ZooPreyNCC_NHL","PreyNCC","01.ZooPreyNCC_NHL","PreyNCC","01.ZooPreyNCC_NHL"
"3151","Tspin_adult_density","NHL_2026","Tspin_NHL_2026","CC_NCC_plank_211","",2016-01-01,-4.96475767401774,-4.96475767401774,-4.96475767401774,-0.627880742482675,"01.ZooPreyNCC_NHL","PreyNCC","01.ZooPreyNCC_NHL","PreyNCC","01.ZooPreyNCC_NHL"
"3152","Tspin_adult_density","NHL_2026","Tspin_NHL_2026","CC_NCC_plank_211","",2017-01-01,-5.29831736654804,-5.29831736654804,-5.29831736654804,-0.554987896980236,"01.ZooPreyNCC_NHL","PreyNCC","01.ZooPreyNCC_NHL","PreyNCC","01.ZooPreyNCC_NHL"
"3153","Tspin_adult_density","NHL_2026","Tspin_NHL_2026","CC_NCC_plank_211","",2018-01-01,-4.11675080451796,-4.11675080451796,-4.11675080451796,0.189802038990625,"01.ZooPreyNCC_NHL","PreyNCC","01.ZooPreyNCC_NHL","PreyNCC","01.ZooPreyNCC_NHL"
"3154","Tspin_adult_density","NHL_2026","Tspin_NHL_2026","CC_NCC_plank_211","",2019-01-01,-4.08311255772641,-4.08311255772641,-4.08311255772641,0.686074852430045,"01.ZooPreyNCC_NHL","PreyNCC","01.ZooPreyNCC_NHL","PreyNCC","01.ZooPreyNCC_NHL"
"3155","Tspin_adult_density","NHL_2026","Tspin_NHL_2026","CC_NCC_plank_211","",2020-01-01,-3.5407707024654,-3.5407707024654,-3.5407707024654,1.38269633806057,"01.ZooPreyNCC_NHL","PreyNCC","01.ZooPreyNCC_NHL","PreyNCC","01.ZooPreyNCC_NHL"
"3156","Tspin_adult_density","NHL_2026","Tspin_NHL_2026","CC_NCC_plank_211","",2021-01-01,-2.26983378871043,-2.26983378871043,-2.26983378871043,2.21195532640657,"01.ZooPreyNCC_NHL","PreyNCC","01.ZooPreyNCC_NHL","PreyNCC","01.ZooPreyNCC_NHL"
"3157","Tspin_adult_density","NHL_2026","Tspin_NHL_2026","CC_NCC_plank_211","",2022-01-01,NA,NA,NA,NA,"01.ZooPreyNCC_NHL","PreyNCC","01.ZooPreyNCC_NHL","PreyNCC","01.ZooPreyNCC_NHL"
"3158","Tspin_adult_density","NHL_2026","Tspin_NHL_2026","CC_NCC_plank_211","",2023-01-01,NA,NA,NA,NA,"01.ZooPreyNCC_NHL","PreyNCC","01.ZooPreyNCC_NHL","PreyNCC","01.ZooPreyNCC_NHL"
"3159","Tspin_adult_density","NHL_2026","Tspin_NHL_2026","CC_NCC_plank_211","",2024-01-01,NA,NA,NA,NA,"01.ZooPreyNCC_NHL","PreyNCC","01.ZooPreyNCC_NHL","PreyNCC","01.ZooPreyNCC_NHL"
"3160","Tspin_adult_density","NHL_2026","Tspin_NHL_2026","CC_NCC_plank_211","",2025-01-01,NA,NA,NA,NA,"01.ZooPreyNCC_NHL","PreyNCC","01.ZooPreyNCC_NHL","PreyNCC","01.ZooPreyNCC_NHL"
"3161","Tspin_adult_density","NHL_2026","Tspin_NHL_2026","CC_NCC_plank_211","",2026-01-01,NA,NA,NA,NA,"01.ZooPreyNCC_NHL","PreyNCC","01.ZooPreyNCC_NHL","PreyNCC","01.ZooPreyNCC_NHL"
"3162","Cassins_auklet","JSOES_2026","cassAuk_JSOES_2026","CC_NCC_bird_213","predator",1998-01-01,NA,NA,NA,NA,"01.ZooPreyNCC_JSOES","PreyNCC","01.ZooPreyNCC_JSOES","PreyNCC","01.ZooPreyNCC_JSOES"
"3163","Cassins_auklet","JSOES_2026","cassAuk_JSOES_2026","CC_NCC_bird_213","predator",1999-01-01,NA,NA,NA,NA,"01.ZooPreyNCC_JSOES","PreyNCC","01.ZooPreyNCC_JSOES","PreyNCC","01.ZooPreyNCC_JSOES"
"3164","Cassins_auklet","JSOES_2026","cassAuk_JSOES_2026","CC_NCC_bird_213","predator",2000-01-01,NA,NA,NA,NA,"01.ZooPreyNCC_JSOES","PreyNCC","01.ZooPreyNCC_JSOES","PreyNCC","01.ZooPreyNCC_JSOES"
"3165","Cassins_auklet","JSOES_2026","cassAuk_JSOES_2026","CC_NCC_bird_213","predator",2001-01-01,NA,NA,NA,NA,"01.ZooPreyNCC_JSOES","PreyNCC","01.ZooPreyNCC_JSOES","PreyNCC","01.ZooPreyNCC_JSOES"
"3166","Cassins_auklet","JSOES_2026","cassAuk_JSOES_2026","CC_NCC_bird_213","predator",2002-01-01,NA,NA,NA,NA,"01.ZooPreyNCC_JSOES","PreyNCC","01.ZooPreyNCC_JSOES","PreyNCC","01.ZooPreyNCC_JSOES"
"3167","Cassins_auklet","JSOES_2026","cassAuk_JSOES_2026","CC_NCC_bird_213","predator",2003-01-01,0.416814888142888,0.416814888142888,0.416814888142888,-0.691946871645024,"01.ZooPreyNCC_JSOES","PreyNCC","01.ZooPreyNCC_JSOES","PreyNCC","01.ZooPreyNCC_JSOES"
"3168","Cassins_auklet","JSOES_2026","cassAuk_JSOES_2026","CC_NCC_bird_213","predator",2004-01-01,0.0224314745597219,0.0224314745597219,0.0224314745597219,-0.809200986003746,"01.ZooPreyNCC_JSOES","PreyNCC","01.ZooPreyNCC_JSOES","PreyNCC","01.ZooPreyNCC_JSOES"
"3169","Cassins_auklet","JSOES_2026","cassAuk_JSOES_2026","CC_NCC_bird_213","predator",2005-01-01,0.115447110815981,0.115447110815981,0.115447110815981,-0.809830373476159,"01.ZooPreyNCC_JSOES","PreyNCC","01.ZooPreyNCC_JSOES","PreyNCC","01.ZooPreyNCC_JSOES"
"3170","Cassins_auklet","JSOES_2026","cassAuk_JSOES_2026","CC_NCC_bird_213","predator",2006-01-01,0.0450690718532676,0.0450690718532676,0.0450690718532676,-0.763452166235852,"01.ZooPreyNCC_JSOES","PreyNCC","01.ZooPreyNCC_JSOES","PreyNCC","01.ZooPreyNCC_JSOES"
"3171","Cassins_auklet","JSOES_2026","cassAuk_JSOES_2026","CC_NCC_bird_213","predator",2007-01-01,0.888958446682724,0.888958446682724,0.888958446682724,-0.57149024301489,"01.ZooPreyNCC_JSOES","PreyNCC","01.ZooPreyNCC_JSOES","PreyNCC","01.ZooPreyNCC_JSOES"
"3172","Cassins_auklet","JSOES_2026","cassAuk_JSOES_2026","CC_NCC_bird_213","predator",2008-01-01,0.0975747579107621,0.0975747579107621,0.0975747579107621,-0.667877713835734,"01.ZooPreyNCC_JSOES","PreyNCC","01.ZooPreyNCC_JSOES","PreyNCC","01.ZooPreyNCC_JSOES"
"3173","Cassins_auklet","JSOES_2026","cassAuk_JSOES_2026","CC_NCC_bird_213","predator",2009-01-01,0.549887406848574,0.549887406848574,0.549887406848574,-0.562049381354246,"01.ZooPreyNCC_JSOES","PreyNCC","01.ZooPreyNCC_JSOES","PreyNCC","01.ZooPreyNCC_JSOES"
"3174","Cassins_auklet","JSOES_2026","cassAuk_JSOES_2026","CC_NCC_bird_213","predator",2010-01-01,0.0347564709118522,0.0347564709118522,0.0347564709118522,-0.483647709246982,"01.ZooPreyNCC_JSOES","PreyNCC","01.ZooPreyNCC_JSOES","PreyNCC","01.ZooPreyNCC_JSOES"
"3175","Cassins_auklet","JSOES_2026","cassAuk_JSOES_2026","CC_NCC_bird_213","predator",2011-01-01,1.82227651682677,1.82227651682677,1.82227651682677,0.0277907754519819,"01.ZooPreyNCC_JSOES","PreyNCC","01.ZooPreyNCC_JSOES","PreyNCC","01.ZooPreyNCC_JSOES"
"3176","Cassins_auklet","JSOES_2026","cassAuk_JSOES_2026","CC_NCC_bird_213","predator",2012-01-01,1.34591617831628,1.34591617831628,1.34591617831628,0.157938465425932,"01.ZooPreyNCC_JSOES","PreyNCC","01.ZooPreyNCC_JSOES","PreyNCC","01.ZooPreyNCC_JSOES"
"3177","Cassins_auklet","JSOES_2026","cassAuk_JSOES_2026","CC_NCC_bird_213","predator",2013-01-01,NA,1.8521829620085,1.8521829620085,0.39024951332128,"01.ZooPreyNCC_JSOES","PreyNCC","01.ZooPreyNCC_JSOES","PreyNCC","01.ZooPreyNCC_JSOES"
"3178","Cassins_auklet","JSOES_2026","cassAuk_JSOES_2026","CC_NCC_bird_213","predator",2014-01-01,NA,2.35844974570073,2.35844974570073,0.581547521806182,"01.ZooPreyNCC_JSOES","PreyNCC","01.ZooPreyNCC_JSOES","PreyNCC","01.ZooPreyNCC_JSOES"
"3179","Cassins_auklet","JSOES_2026","cassAuk_JSOES_2026","CC_NCC_bird_213","predator",2015-01-01,2.86471652939295,2.86471652939295,2.86471652939295,0.54764305413835,"01.ZooPreyNCC_JSOES","PreyNCC","01.ZooPreyNCC_JSOES","PreyNCC","01.ZooPreyNCC_JSOES"
"3180","Cassins_auklet","JSOES_2026","cassAuk_JSOES_2026","CC_NCC_bird_213","predator",2016-01-01,0.249011835220918,0.249011835220918,0.249011835220918,-0.120855802577239,"01.ZooPreyNCC_JSOES","PreyNCC","01.ZooPreyNCC_JSOES","PreyNCC","01.ZooPreyNCC_JSOES"
"3181","Cassins_auklet","JSOES_2026","cassAuk_JSOES_2026","CC_NCC_bird_213","predator",2017-01-01,1.12973651663516,1.12973651663516,1.12973651663516,-0.152434645800916,"01.ZooPreyNCC_JSOES","PreyNCC","01.ZooPreyNCC_JSOES","PreyNCC","01.ZooPreyNCC_JSOES"
"3182","Cassins_auklet","JSOES_2026","cassAuk_JSOES_2026","CC_NCC_bird_213","predator",2018-01-01,0.487617314916636,0.487617314916636,0.487617314916636,-0.231887325597115,"01.ZooPreyNCC_JSOES","PreyNCC","01.ZooPreyNCC_JSOES","PreyNCC","01.ZooPreyNCC_JSOES"
"3183","Cassins_auklet","JSOES_2026","cassAuk_JSOES_2026","CC_NCC_bird_213","predator",2019-01-01,1.3854419096867,1.3854419096867,1.3854419096867,0.037579809917487,"01.ZooPreyNCC_JSOES","PreyNCC","01.ZooPreyNCC_JSOES","PreyNCC","01.ZooPreyNCC_JSOES"
"3184","Cassins_auklet","JSOES_2026","cassAuk_JSOES_2026","CC_NCC_bird_213","predator",2020-01-01,NA,1.57555016290637,1.57555016290637,0.259536242665235,"01.ZooPreyNCC_JSOES","PreyNCC","01.ZooPreyNCC_JSOES","PreyNCC","01.ZooPreyNCC_JSOES"
"3185","Cassins_auklet","JSOES_2026","cassAuk_JSOES_2026","CC_NCC_bird_213","predator",2021-01-01,NA,1.76565841612603,1.76565841612603,0.51493910499053,"01.ZooPreyNCC_JSOES","PreyNCC","01.ZooPreyNCC_JSOES","PreyNCC","01.ZooPreyNCC_JSOES"
"3186","Cassins_auklet","JSOES_2026","cassAuk_JSOES_2026","CC_NCC_bird_213","predator",2022-01-01,1.9557666693457,1.9557666693457,1.9557666693457,0.918191958815319,"01.ZooPreyNCC_JSOES","PreyNCC","01.ZooPreyNCC_JSOES","PreyNCC","01.ZooPreyNCC_JSOES"
"3187","Cassins_auklet","JSOES_2026","cassAuk_JSOES_2026","CC_NCC_bird_213","predator",2023-01-01,6.0168621043056,6.0168621043056,6.0168621043056,1.73154835756104,"01.ZooPreyNCC_JSOES","PreyNCC","01.ZooPreyNCC_JSOES","PreyNCC","01.ZooPreyNCC_JSOES"
"3188","Cassins_auklet","JSOES_2026","cassAuk_JSOES_2026","CC_NCC_bird_213","predator",2024-01-01,0.975604333358709,0.975604333358709,0.975604333358709,0.756335471873923,"01.ZooPreyNCC_JSOES","PreyNCC","01.ZooPreyNCC_JSOES","PreyNCC","01.ZooPreyNCC_JSOES"
"3189","Cassins_auklet","JSOES_2026","cassAuk_JSOES_2026","CC_NCC_bird_213","predator",2025-01-01,NA,NA,NA,NA,"01.ZooPreyNCC_JSOES","PreyNCC","01.ZooPreyNCC_JSOES","PreyNCC","01.ZooPreyNCC_JSOES"
"3190","Cassins_auklet","JSOES_2026","cassAuk_JSOES_2026","CC_NCC_bird_213","predator",2026-01-01,NA,NA,NA,NA,"01.ZooPreyNCC_JSOES","PreyNCC","01.ZooPreyNCC_JSOES","PreyNCC","01.ZooPreyNCC_JSOES"
"3191","murre","JSOES_2026","commonMurre_JSOES_2026","CC_NCC_bird_214","predator",1998-01-01,NA,NA,NA,NA,"08.PredBirdNCC_b_0","PredNCC","08.PredBirdNCC_b_0","PredNCC",NA
"3192","murre","JSOES_2026","commonMurre_JSOES_2026","CC_NCC_bird_214","predator",1999-01-01,NA,NA,NA,NA,"08.PredBirdNCC_b_0","PredNCC","08.PredBirdNCC_b_0","PredNCC",NA
"3193","murre","JSOES_2026","commonMurre_JSOES_2026","CC_NCC_bird_214","predator",2000-01-01,NA,NA,NA,NA,"08.PredBirdNCC_b_0","PredNCC","08.PredBirdNCC_b_0","PredNCC",NA
"3194","murre","JSOES_2026","commonMurre_JSOES_2026","CC_NCC_bird_214","predator",2001-01-01,NA,NA,NA,NA,"08.PredBirdNCC_b_0","PredNCC","08.PredBirdNCC_b_0","PredNCC",NA
"3195","murre","JSOES_2026","commonMurre_JSOES_2026","CC_NCC_bird_214","predator",2002-01-01,NA,NA,NA,NA,"08.PredBirdNCC_b_0","PredNCC","08.PredBirdNCC_b_0","PredNCC",NA
"3196","murre","JSOES_2026","commonMurre_JSOES_2026","CC_NCC_bird_214","predator",2003-01-01,11.8862915953567,11.8862915953567,11.8862915953567,-0.33046968109562,"08.PredBirdNCC_b_0","PredNCC","08.PredBirdNCC_b_0","PredNCC",NA
"3197","murre","JSOES_2026","commonMurre_JSOES_2026","CC_NCC_bird_214","predator",2004-01-01,10.1861204465772,10.1861204465772,10.1861204465772,-0.245483555151805,"08.PredBirdNCC_b_0","PredNCC","08.PredBirdNCC_b_0","PredNCC",NA
"3198","murre","JSOES_2026","commonMurre_JSOES_2026","CC_NCC_bird_214","predator",2005-01-01,19.5402256195895,19.5402256195895,19.5402256195895,0.138110308288635,"08.PredBirdNCC_b_0","PredNCC","08.PredBirdNCC_b_0","PredNCC",NA
"3199","murre","JSOES_2026","commonMurre_JSOES_2026","CC_NCC_bird_214","predator",2006-01-01,10.945892887715,10.945892887715,10.945892887715,0.262380301727619,"08.PredBirdNCC_b_0","PredNCC","08.PredBirdNCC_b_0","PredNCC",NA
"3200","murre","JSOES_2026","commonMurre_JSOES_2026","CC_NCC_bird_214","predator",2007-01-01,29.0778339387313,29.0778339387313,29.0778339387313,1.11664796796304,"08.PredBirdNCC_b_0","PredNCC","08.PredBirdNCC_b_0","PredNCC",NA
"3201","murre","JSOES_2026","commonMurre_JSOES_2026","CC_NCC_bird_214","predator",2008-01-01,50.3411513638704,50.3411513638704,50.3411513638704,1.73013367887859,"08.PredBirdNCC_b_0","PredNCC","08.PredBirdNCC_b_0","PredNCC",NA
"3202","murre","JSOES_2026","commonMurre_JSOES_2026","CC_NCC_bird_214","predator",2009-01-01,7.19369566056554,7.19369566056554,7.19369566056554,0.576091174278433,"08.PredBirdNCC_b_0","PredNCC","08.PredBirdNCC_b_0","PredNCC",NA
"3203","murre","JSOES_2026","commonMurre_JSOES_2026","CC_NCC_bird_214","predator",2010-01-01,32.3358074221694,32.3358074221694,32.3358074221694,0.843429819299703,"08.PredBirdNCC_b_0","PredNCC","08.PredBirdNCC_b_0","PredNCC",NA
"3204","murre","JSOES_2026","commonMurre_JSOES_2026","CC_NCC_bird_214","predator",2011-01-01,16.9742085093565,16.9742085093565,16.9742085093565,0.26884121374663,"08.PredBirdNCC_b_0","PredNCC","08.PredBirdNCC_b_0","PredNCC",NA
"3205","murre","JSOES_2026","commonMurre_JSOES_2026","CC_NCC_bird_214","predator",2012-01-01,10.0316887156103,10.0316887156103,10.0316887156103,-0.176061191912156,"08.PredBirdNCC_b_0","PredNCC","08.PredBirdNCC_b_0","PredNCC",NA
"3206","murre","JSOES_2026","commonMurre_JSOES_2026","CC_NCC_bird_214","predator",2013-01-01,NA,12.0387473033073,12.0387473033073,-0.237389368824866,"08.PredBirdNCC_b_0","PredNCC","08.PredBirdNCC_b_0","PredNCC",NA
"3207","murre","JSOES_2026","commonMurre_JSOES_2026","CC_NCC_bird_214","predator",2014-01-01,NA,14.0458058910042,14.0458058910042,-0.178489404439851,"08.PredBirdNCC_b_0","PredNCC","08.PredBirdNCC_b_0","PredNCC",NA
"3208","murre","JSOES_2026","commonMurre_JSOES_2026","CC_NCC_bird_214","predator",2015-01-01,16.0528644787012,16.0528644787012,16.0528644787012,-0.142479244907739,"08.PredBirdNCC_b_0","PredNCC","08.PredBirdNCC_b_0","PredNCC",NA
"3209","murre","JSOES_2026","commonMurre_JSOES_2026","CC_NCC_bird_214","predator",2016-01-01,12.0220537767937,12.0220537767937,12.0220537767937,-0.295366641232062,"08.PredBirdNCC_b_0","PredNCC","08.PredBirdNCC_b_0","PredNCC",NA
"3210","murre","JSOES_2026","commonMurre_JSOES_2026","CC_NCC_bird_214","predator",2017-01-01,8.97604138429725,8.97604138429725,8.97604138429725,-0.384322903143756,"08.PredBirdNCC_b_0","PredNCC","08.PredBirdNCC_b_0","PredNCC",NA
"3211","murre","JSOES_2026","commonMurre_JSOES_2026","CC_NCC_bird_214","predator",2018-01-01,16.5626486989042,16.5626486989042,16.5626486989042,-0.191711817990085,"08.PredBirdNCC_b_0","PredNCC","08.PredBirdNCC_b_0","PredNCC",NA
"3212","murre","JSOES_2026","commonMurre_JSOES_2026","CC_NCC_bird_214","predator",2019-01-01,12.6622408643309,12.6622408643309,12.6622408643309,-0.288542539282138,"08.PredBirdNCC_b_0","PredNCC","08.PredBirdNCC_b_0","PredNCC",NA
"3213","murre","JSOES_2026","commonMurre_JSOES_2026","CC_NCC_bird_214","predator",2020-01-01,NA,11.7398455062881,11.7398455062881,-0.379055235247199,"08.PredBirdNCC_b_0","PredNCC","08.PredBirdNCC_b_0","PredNCC",NA
"3214","murre","JSOES_2026","commonMurre_JSOES_2026","CC_NCC_bird_214","predator",2021-01-01,NA,10.8174501482452,10.8174501482452,-0.460920078935535,"08.PredBirdNCC_b_0","PredNCC","08.PredBirdNCC_b_0","PredNCC",NA
"3215","murre","JSOES_2026","commonMurre_JSOES_2026","CC_NCC_bird_214","predator",2022-01-01,9.89505479020238,9.89505479020238,9.89505479020238,-0.523159391120687,"08.PredBirdNCC_b_0","PredNCC","08.PredBirdNCC_b_0","PredNCC",NA
"3216","murre","JSOES_2026","commonMurre_JSOES_2026","CC_NCC_bird_214","predator",2023-01-01,10.8939662594883,10.8939662594883,10.8939662594883,-0.535169961073012,"08.PredBirdNCC_b_0","PredNCC","08.PredBirdNCC_b_0","PredNCC",NA
"3217","murre","JSOES_2026","commonMurre_JSOES_2026","CC_NCC_bird_214","predator",2024-01-01,8.79767922795856,8.79767922795856,8.79767922795856,-0.60950651279805,"08.PredBirdNCC_b_0","PredNCC","08.PredBirdNCC_b_0","PredNCC",NA
"3218","murre","JSOES_2026","commonMurre_JSOES_2026","CC_NCC_bird_214","predator",2025-01-01,NA,NA,NA,NA,"08.PredBirdNCC_b_0","PredNCC","08.PredBirdNCC_b_0","PredNCC",NA
"3219","murre","JSOES_2026","commonMurre_JSOES_2026","CC_NCC_bird_214","predator",2026-01-01,NA,NA,NA,NA,"08.PredBirdNCC_b_0","PredNCC","08.PredBirdNCC_b_0","PredNCC",NA
"3220","shearwater","JSOES_2026","sootyShear_JSOES_2026","CC_NCC_bird_215","predator",1998-01-01,NA,NA,NA,NA,"08.PredBirdNCC","PredNCC","08.PredBirdNCC","PredNCC","08.PredBirdNCC"
"3221","shearwater","JSOES_2026","sootyShear_JSOES_2026","CC_NCC_bird_215","predator",1999-01-01,NA,NA,NA,NA,"08.PredBirdNCC","PredNCC","08.PredBirdNCC","PredNCC","08.PredBirdNCC"
"3222","shearwater","JSOES_2026","sootyShear_JSOES_2026","CC_NCC_bird_215","predator",2000-01-01,NA,NA,NA,NA,"08.PredBirdNCC","PredNCC","08.PredBirdNCC","PredNCC","08.PredBirdNCC"
"3223","shearwater","JSOES_2026","sootyShear_JSOES_2026","CC_NCC_bird_215","predator",2001-01-01,NA,NA,NA,NA,"08.PredBirdNCC","PredNCC","08.PredBirdNCC","PredNCC","08.PredBirdNCC"
"3224","shearwater","JSOES_2026","sootyShear_JSOES_2026","CC_NCC_bird_215","predator",2002-01-01,NA,NA,NA,NA,"08.PredBirdNCC","PredNCC","08.PredBirdNCC","PredNCC","08.PredBirdNCC"
"3225","shearwater","JSOES_2026","sootyShear_JSOES_2026","CC_NCC_bird_215","predator",2003-01-01,38.5247109546827,38.5247109546827,38.5247109546827,1.24431781961932,"08.PredBirdNCC","PredNCC","08.PredBirdNCC","PredNCC","08.PredBirdNCC"
"3226","shearwater","JSOES_2026","sootyShear_JSOES_2026","CC_NCC_bird_215","predator",2004-01-01,21.1013566959965,21.1013566959965,21.1013566959965,0.458991409469112,"08.PredBirdNCC","PredNCC","08.PredBirdNCC","PredNCC","08.PredBirdNCC"
"3227","shearwater","JSOES_2026","sootyShear_JSOES_2026","CC_NCC_bird_215","predator",2005-01-01,15.9441978069436,15.9441978069436,15.9441978069436,0.0562063635021726,"08.PredBirdNCC","PredNCC","08.PredBirdNCC","PredNCC","08.PredBirdNCC"
"3228","shearwater","JSOES_2026","sootyShear_JSOES_2026","CC_NCC_bird_215","predator",2006-01-01,19.7091195427123,19.7091195427123,19.7091195427123,0.0950810151245114,"08.PredBirdNCC","PredNCC","08.PredBirdNCC","PredNCC","08.PredBirdNCC"
"3229","shearwater","JSOES_2026","sootyShear_JSOES_2026","CC_NCC_bird_215","predator",2007-01-01,31.1921976345072,31.1921976345072,31.1921976345072,0.277283016864899,"08.PredBirdNCC","PredNCC","08.PredBirdNCC","PredNCC","08.PredBirdNCC"
"3230","shearwater","JSOES_2026","sootyShear_JSOES_2026","CC_NCC_bird_215","predator",2008-01-01,7.93652235254534,7.93652235254534,7.93652235254534,-0.243472959539347,"08.PredBirdNCC","PredNCC","08.PredBirdNCC","PredNCC","08.PredBirdNCC"
"3231","shearwater","JSOES_2026","sootyShear_JSOES_2026","CC_NCC_bird_215","predator",2009-01-01,26.7522728005364,26.7522728005364,26.7522728005364,0.0949626847342419,"08.PredBirdNCC","PredNCC","08.PredBirdNCC","PredNCC","08.PredBirdNCC"
"3232","shearwater","JSOES_2026","sootyShear_JSOES_2026","CC_NCC_bird_215","predator",2010-01-01,22.5127468025693,22.5127468025693,22.5127468025693,-0.0542160098652431,"08.PredBirdNCC","PredNCC","08.PredBirdNCC","PredNCC","08.PredBirdNCC"
"3233","shearwater","JSOES_2026","sootyShear_JSOES_2026","CC_NCC_bird_215","predator",2011-01-01,9.11048928659541,9.11048928659541,9.11048928659541,-0.460472583231217,"08.PredBirdNCC","PredNCC","08.PredBirdNCC","PredNCC","08.PredBirdNCC"
"3234","shearwater","JSOES_2026","sootyShear_JSOES_2026","CC_NCC_bird_215","predator",2012-01-01,11.3093648821648,11.3093648821648,11.3093648821648,-0.329684064287925,"08.PredBirdNCC","PredNCC","08.PredBirdNCC","PredNCC","08.PredBirdNCC"
"3235","shearwater","JSOES_2026","sootyShear_JSOES_2026","CC_NCC_bird_215","predator",2013-01-01,NA,22.6744822427892,22.6744822427892,0.271994731357929,"08.PredBirdNCC","PredNCC","08.PredBirdNCC","PredNCC","08.PredBirdNCC"
"3236","shearwater","JSOES_2026","sootyShear_JSOES_2026","CC_NCC_bird_215","predator",2014-01-01,NA,34.0395996034137,34.0395996034137,0.928320478126507,"08.PredBirdNCC","PredNCC","08.PredBirdNCC","PredNCC","08.PredBirdNCC"
"3237","shearwater","JSOES_2026","sootyShear_JSOES_2026","CC_NCC_bird_215","predator",2015-01-01,45.4047169640381,45.4047169640381,45.4047169640381,1.2776968015607,"08.PredBirdNCC","PredNCC","08.PredBirdNCC","PredNCC","08.PredBirdNCC"
"3238","shearwater","JSOES_2026","sootyShear_JSOES_2026","CC_NCC_bird_215","predator",2016-01-01,28.1789255873168,28.1789255873168,28.1789255873168,0.651577903868988,"08.PredBirdNCC","PredNCC","08.PredBirdNCC","PredNCC","08.PredBirdNCC"
"3239","shearwater","JSOES_2026","sootyShear_JSOES_2026","CC_NCC_bird_215","predator",2017-01-01,8.70259500715296,8.70259500715296,8.70259500715296,-0.0333189463607344,"08.PredBirdNCC","PredNCC","08.PredBirdNCC","PredNCC","08.PredBirdNCC"
"3240","shearwater","JSOES_2026","sootyShear_JSOES_2026","CC_NCC_bird_215","predator",2018-01-01,30.1514243112388,30.1514243112388,30.1514243112388,0.282516176988895,"08.PredBirdNCC","PredNCC","08.PredBirdNCC","PredNCC","08.PredBirdNCC"
"3241","shearwater","JSOES_2026","sootyShear_JSOES_2026","CC_NCC_bird_215","predator",2019-01-01,21.2939609251062,21.2939609251062,21.2939609251062,-0.00615616186254253,"08.PredBirdNCC","PredNCC","08.PredBirdNCC","PredNCC","08.PredBirdNCC"
"3242","shearwater","JSOES_2026","sootyShear_JSOES_2026","CC_NCC_bird_215","predator",2020-01-01,NA,15.8544298993917,15.8544298993917,-0.394685396898953,"08.PredBirdNCC","PredNCC","08.PredBirdNCC","PredNCC","08.PredBirdNCC"
"3243","shearwater","JSOES_2026","sootyShear_JSOES_2026","CC_NCC_bird_215","predator",2021-01-01,NA,10.4148988736772,10.4148988736772,-0.784406589575062,"08.PredBirdNCC","PredNCC","08.PredBirdNCC","PredNCC","08.PredBirdNCC"
"3244","shearwater","JSOES_2026","sootyShear_JSOES_2026","CC_NCC_bird_215","predator",2022-01-01,4.97536784796268,4.97536784796268,4.97536784796268,-1.07784675898529,"08.PredBirdNCC","PredNCC","08.PredBirdNCC","PredNCC","08.PredBirdNCC"
"3245","shearwater","JSOES_2026","sootyShear_JSOES_2026","CC_NCC_bird_215","predator",2023-01-01,4.78273410019665,4.78273410019665,4.78273410019665,-1.0812519009582,"08.PredBirdNCC","PredNCC","08.PredBirdNCC","PredNCC","08.PredBirdNCC"
"3246","shearwater","JSOES_2026","sootyShear_JSOES_2026","CC_NCC_bird_215","predator",2024-01-01,14.8852806809191,14.8852806809191,14.8852806809191,-0.780773824577651,"08.PredBirdNCC","PredNCC","08.PredBirdNCC","PredNCC","08.PredBirdNCC"
"3247","shearwater","JSOES_2026","sootyShear_JSOES_2026","CC_NCC_bird_215","predator",2025-01-01,NA,NA,NA,NA,"08.PredBirdNCC","PredNCC","08.PredBirdNCC","PredNCC","08.PredBirdNCC"
"3248","shearwater","JSOES_2026","sootyShear_JSOES_2026","CC_NCC_bird_215","predator",2026-01-01,NA,NA,NA,NA,"08.PredBirdNCC","PredNCC","08.PredBirdNCC","PredNCC","08.PredBirdNCC"
"3249","Brown_peli_1_WS_2026","Westport_2026","Brown_peli_1_WS_2026","CC_NCC_Seabird_288","",1998-01-01,0.052631579,0.052631579,0.052631579,-1.2505865217732,"08.PredBirdNCC","PredNCC","08.PredBirdNCC","PredNCC","08.PredBirdNCC"
"3250","Brown_peli_1_WS_2026","Westport_2026","Brown_peli_1_WS_2026","CC_NCC_Seabird_288","",1999-01-01,0,0,0,-1.30064797687816,"08.PredBirdNCC","PredNCC","08.PredBirdNCC","PredNCC","08.PredBirdNCC"
"3251","Brown_peli_1_WS_2026","Westport_2026","Brown_peli_1_WS_2026","CC_NCC_Seabird_288","",2000-01-01,0.133333333,0.133333333,0.133333333,-0.695726838711472,"08.PredBirdNCC","PredNCC","08.PredBirdNCC","PredNCC","08.PredBirdNCC"
"3252","Brown_peli_1_WS_2026","Westport_2026","Brown_peli_1_WS_2026","CC_NCC_Seabird_288","",2001-01-01,0.063829787,0.063829787,0.063829787,-0.680424728320155,"08.PredBirdNCC","PredNCC","08.PredBirdNCC","PredNCC","08.PredBirdNCC"
"3253","Brown_peli_1_WS_2026","Westport_2026","Brown_peli_1_WS_2026","CC_NCC_Seabird_288","",2002-01-01,0.112903226,0.112903226,0.112903226,-0.275326606604681,"08.PredBirdNCC","PredNCC","08.PredBirdNCC","PredNCC","08.PredBirdNCC"
"3254","Brown_peli_1_WS_2026","Westport_2026","Brown_peli_1_WS_2026","CC_NCC_Seabird_288","",2003-01-01,0.21875,0.21875,0.21875,0.243947329173233,"08.PredBirdNCC","PredNCC","08.PredBirdNCC","PredNCC","08.PredBirdNCC"
"3255","Brown_peli_1_WS_2026","Westport_2026","Brown_peli_1_WS_2026","CC_NCC_Seabird_288","",2004-01-01,0.106382979,0.106382979,0.106382979,-0.0715741201467364,"08.PredBirdNCC","PredNCC","08.PredBirdNCC","PredNCC","08.PredBirdNCC"
"3256","Brown_peli_1_WS_2026","Westport_2026","Brown_peli_1_WS_2026","CC_NCC_Seabird_288","",2005-01-01,0.176470588,0.176470588,0.176470588,0.021277820446255,"08.PredBirdNCC","PredNCC","08.PredBirdNCC","PredNCC","08.PredBirdNCC"
"3257","Brown_peli_1_WS_2026","Westport_2026","Brown_peli_1_WS_2026","CC_NCC_Seabird_288","",2006-01-01,0.074074074,0.074074074,0.074074074,-0.356859620768126,"08.PredBirdNCC","PredNCC","08.PredBirdNCC","PredNCC","08.PredBirdNCC"
"3258","Brown_peli_1_WS_2026","Westport_2026","Brown_peli_1_WS_2026","CC_NCC_Seabird_288","",2007-01-01,0.170212766,0.170212766,0.170212766,-0.163738758149708,"08.PredBirdNCC","PredNCC","08.PredBirdNCC","PredNCC","08.PredBirdNCC"
"3259","Brown_peli_1_WS_2026","Westport_2026","Brown_peli_1_WS_2026","CC_NCC_Seabird_288","",2008-01-01,0.023255814,0.023255814,0.023255814,-0.539818974126802,"08.PredBirdNCC","PredNCC","08.PredBirdNCC","PredNCC","08.PredBirdNCC"
"3260","Brown_peli_1_WS_2026","Westport_2026","Brown_peli_1_WS_2026","CC_NCC_Seabird_288","",2009-01-01,NA,0.146763042,0.146763042,0.177321225534829,"08.PredBirdNCC","PredNCC","08.PredBirdNCC","PredNCC","08.PredBirdNCC"
"3261","Brown_peli_1_WS_2026","Westport_2026","Brown_peli_1_WS_2026","CC_NCC_Seabird_288","",2010-01-01,0.27027027,0.27027027,0.27027027,0.991601317863288,"08.PredBirdNCC","PredNCC","08.PredBirdNCC","PredNCC","08.PredBirdNCC"
"3262","Brown_peli_1_WS_2026","Westport_2026","Brown_peli_1_WS_2026","CC_NCC_Seabird_288","",2011-01-01,0.183673469,0.183673469,0.183673469,1.00408067255351,"08.PredBirdNCC","PredNCC","08.PredBirdNCC","PredNCC","08.PredBirdNCC"
"3263","Brown_peli_1_WS_2026","Westport_2026","Brown_peli_1_WS_2026","CC_NCC_Seabird_288","",2012-01-01,0.279069767,0.279069767,0.279069767,1.42845930473325,"08.PredBirdNCC","PredNCC","08.PredBirdNCC","PredNCC","08.PredBirdNCC"
"3264","Brown_peli_1_WS_2026","Westport_2026","Brown_peli_1_WS_2026","CC_NCC_Seabird_288","",2013-01-01,0.25,0.25,0.25,1.36583366105608,"08.PredBirdNCC","PredNCC","08.PredBirdNCC","PredNCC","08.PredBirdNCC"
"3265","Brown_peli_1_WS_2026","Westport_2026","Brown_peli_1_WS_2026","CC_NCC_Seabird_288","",2014-01-01,0.234042553,0.234042553,0.234042553,1.15681706638945,"08.PredBirdNCC","PredNCC","08.PredBirdNCC","PredNCC","08.PredBirdNCC"
"3266","Brown_peli_1_WS_2026","Westport_2026","Brown_peli_1_WS_2026","CC_NCC_Seabird_288","",2015-01-01,0.203389831,0.203389831,0.203389831,0.81374538716097,"08.PredBirdNCC","PredNCC","08.PredBirdNCC","PredNCC","08.PredBirdNCC"
"3267","Brown_peli_1_WS_2026","Westport_2026","Brown_peli_1_WS_2026","CC_NCC_Seabird_288","",2016-01-01,0.158730159,0.158730159,0.158730159,0.418743747486527,"08.PredBirdNCC","PredNCC","08.PredBirdNCC","PredNCC","08.PredBirdNCC"
"3268","Brown_peli_1_WS_2026","Westport_2026","Brown_peli_1_WS_2026","CC_NCC_Seabird_288","",2017-01-01,0.163934426,0.163934426,0.163934426,0.196303607613059,"08.PredBirdNCC","PredNCC","08.PredBirdNCC","PredNCC","08.PredBirdNCC"
"3269","Brown_peli_1_WS_2026","Westport_2026","Brown_peli_1_WS_2026","CC_NCC_Seabird_288","",2018-01-01,0.120689655,0.120689655,0.120689655,-0.148205749474815,"08.PredBirdNCC","PredNCC","08.PredBirdNCC","PredNCC","08.PredBirdNCC"
"3270","Brown_peli_1_WS_2026","Westport_2026","Brown_peli_1_WS_2026","CC_NCC_Seabird_288","",2019-01-01,0.12195122,0.12195122,0.12195122,-0.359427268004167,"08.PredBirdNCC","PredNCC","08.PredBirdNCC","PredNCC","08.PredBirdNCC"
"3271","Brown_peli_1_WS_2026","Westport_2026","Brown_peli_1_WS_2026","CC_NCC_Seabird_288","",2020-01-01,0.0625,0.0625,0.0625,-0.666082165396054,"08.PredBirdNCC","PredNCC","08.PredBirdNCC","PredNCC","08.PredBirdNCC"
"3272","Brown_peli_1_WS_2026","Westport_2026","Brown_peli_1_WS_2026","CC_NCC_Seabird_288","",2021-01-01,0.095238095,0.095238095,0.095238095,-0.550152453583019,"08.PredBirdNCC","PredNCC","08.PredBirdNCC","PredNCC","08.PredBirdNCC"
"3273","Brown_peli_1_WS_2026","Westport_2026","Brown_peli_1_WS_2026","CC_NCC_Seabird_288","",2022-01-01,0.116883117,0.116883117,0.116883117,-0.349832310355842,"08.PredBirdNCC","PredNCC","08.PredBirdNCC","PredNCC","08.PredBirdNCC"
"3274","Brown_peli_1_WS_2026","Westport_2026","Brown_peli_1_WS_2026","CC_NCC_Seabird_288","",2023-01-01,0.146341463,0.146341463,0.146341463,-0.165048799333075,"08.PredBirdNCC","PredNCC","08.PredBirdNCC","PredNCC","08.PredBirdNCC"
"3275","Brown_peli_1_WS_2026","Westport_2026","Brown_peli_1_WS_2026","CC_NCC_Seabird_288","",2024-01-01,0.121212121,0.121212121,0.121212121,-0.219647520831964,"08.PredBirdNCC","PredNCC","08.PredBirdNCC","PredNCC","08.PredBirdNCC"
"3276","Brown_peli_1_WS_2026","Westport_2026","Brown_peli_1_WS_2026","CC_NCC_Seabird_288","",2025-01-01,NA,NA,NA,NA,"08.PredBirdNCC","PredNCC","08.PredBirdNCC","PredNCC","08.PredBirdNCC"
"3277","Brown_peli_1_WS_2026","Westport_2026","Brown_peli_1_WS_2026","CC_NCC_Seabird_288","",2026-01-01,NA,NA,NA,NA,"08.PredBirdNCC","PredNCC","08.PredBirdNCC","PredNCC","08.PredBirdNCC"
"3278","Californian_s_l_2yrLead_WS_2026","Westport_2026","Californian_s_l_2yrLead_WS_2026","CC_NCC_Marine mammal_223","",1998-01-01,0.0333333333333333,0.0333333333333333,0.0333333333333333,-0.812494945155788,"10.PredMammalNCC_0","PredAK","10.PredMammalNCC_0","PredAK",NA
"3279","Californian_s_l_2yrLead_WS_2026","Westport_2026","Californian_s_l_2yrLead_WS_2026","CC_NCC_Marine mammal_223","",1999-01-01,0.0212765957446809,0.0212765957446809,0.0212765957446809,-0.723377511646966,"10.PredMammalNCC_0","PredAK","10.PredMammalNCC_0","PredAK",NA
"3280","Californian_s_l_2yrLead_WS_2026","Westport_2026","Californian_s_l_2yrLead_WS_2026","CC_NCC_Marine mammal_223","",2000-01-01,0.0806451612903226,0.0806451612903226,0.0806451612903226,-0.0893399251714286,"10.PredMammalNCC_0","PredAK","10.PredMammalNCC_0","PredAK",NA
"3281","Californian_s_l_2yrLead_WS_2026","Westport_2026","Californian_s_l_2yrLead_WS_2026","CC_NCC_Marine mammal_223","",2001-01-01,0.0625,0.0625,0.0625,-0.301350646721461,"10.PredMammalNCC_0","PredAK","10.PredMammalNCC_0","PredAK",NA
"3282","Californian_s_l_2yrLead_WS_2026","Westport_2026","Californian_s_l_2yrLead_WS_2026","CC_NCC_Marine mammal_223","",2002-01-01,0.0212765957446809,0.0212765957446809,0.0212765957446809,-0.952505977269862,"10.PredMammalNCC_0","PredAK","10.PredMammalNCC_0","PredAK",NA
"3283","Californian_s_l_2yrLead_WS_2026","Westport_2026","Californian_s_l_2yrLead_WS_2026","CC_NCC_Marine mammal_223","",2003-01-01,0,0,0,-1.28786962047444,"10.PredMammalNCC_0","PredAK","10.PredMammalNCC_0","PredAK",NA
"3284","Californian_s_l_2yrLead_WS_2026","Westport_2026","Californian_s_l_2yrLead_WS_2026","CC_NCC_Marine mammal_223","",2004-01-01,0.037037037037037,0.037037037037037,0.037037037037037,-0.917080508886577,"10.PredMammalNCC_0","PredAK","10.PredMammalNCC_0","PredAK",NA
"3285","Californian_s_l_2yrLead_WS_2026","Westport_2026","Californian_s_l_2yrLead_WS_2026","CC_NCC_Marine mammal_223","",2005-01-01,0.0425531914893617,0.0425531914893617,0.0425531914893617,-0.732648101314721,"10.PredMammalNCC_0","PredAK","10.PredMammalNCC_0","PredAK",NA
"3286","Californian_s_l_2yrLead_WS_2026","Westport_2026","Californian_s_l_2yrLead_WS_2026","CC_NCC_Marine mammal_223","",2006-01-01,0.0232558139534884,0.0232558139534884,0.0232558139534884,-0.738290841097112,"10.PredMammalNCC_0","PredAK","10.PredMammalNCC_0","PredAK",NA
"3287","Californian_s_l_2yrLead_WS_2026","Westport_2026","Californian_s_l_2yrLead_WS_2026","CC_NCC_Marine mammal_223","",2007-01-01,NA,0.0521684475172847,0.0521684475172847,-0.281436032772533,"10.PredMammalNCC_0","PredAK","10.PredMammalNCC_0","PredAK",NA
"3288","Californian_s_l_2yrLead_WS_2026","Westport_2026","Californian_s_l_2yrLead_WS_2026","CC_NCC_Marine mammal_223","",2008-01-01,0.0810810810810811,0.0810810810810811,0.0810810810810811,0.108588338500102,"10.PredMammalNCC_0","PredAK","10.PredMammalNCC_0","PredAK",NA
"3289","Californian_s_l_2yrLead_WS_2026","Westport_2026","Californian_s_l_2yrLead_WS_2026","CC_NCC_Marine mammal_223","",2009-01-01,0.0408163265306122,0.0408163265306122,0.0408163265306122,-0.164376149490065,"10.PredMammalNCC_0","PredAK","10.PredMammalNCC_0","PredAK",NA
"3290","Californian_s_l_2yrLead_WS_2026","Westport_2026","Californian_s_l_2yrLead_WS_2026","CC_NCC_Marine mammal_223","",2010-01-01,0.0465116279069767,0.0465116279069767,0.0465116279069767,9.90005128916338e-05,"10.PredMammalNCC_0","PredAK","10.PredMammalNCC_0","PredAK",NA
"3291","Californian_s_l_2yrLead_WS_2026","Westport_2026","Californian_s_l_2yrLead_WS_2026","CC_NCC_Marine mammal_223","",2011-01-01,0.0909090909090909,0.0909090909090909,0.0909090909090909,0.572227554170014,"10.PredMammalNCC_0","PredAK","10.PredMammalNCC_0","PredAK",NA
"3292","Californian_s_l_2yrLead_WS_2026","Westport_2026","Californian_s_l_2yrLead_WS_2026","CC_NCC_Marine mammal_223","",2012-01-01,0.0638297872340425,0.0638297872340425,0.0638297872340425,0.60978227356397,"10.PredMammalNCC_0","PredAK","10.PredMammalNCC_0","PredAK",NA
"3293","Californian_s_l_2yrLead_WS_2026","Westport_2026","Californian_s_l_2yrLead_WS_2026","CC_NCC_Marine mammal_223","",2013-01-01,0.11864406779661,0.11864406779661,0.11864406779661,1.07396750982916,"10.PredMammalNCC_0","PredAK","10.PredMammalNCC_0","PredAK",NA
"3294","Californian_s_l_2yrLead_WS_2026","Westport_2026","Californian_s_l_2yrLead_WS_2026","CC_NCC_Marine mammal_223","",2014-01-01,0.0634920634920635,0.0634920634920635,0.0634920634920635,0.559304837886936,"10.PredMammalNCC_0","PredAK","10.PredMammalNCC_0","PredAK",NA
"3295","Californian_s_l_2yrLead_WS_2026","Westport_2026","Californian_s_l_2yrLead_WS_2026","CC_NCC_Marine mammal_223","",2015-01-01,0.0491803278688525,0.0491803278688525,0.0491803278688525,0.432314686990548,"10.PredMammalNCC_0","PredAK","10.PredMammalNCC_0","PredAK",NA
"3296","Californian_s_l_2yrLead_WS_2026","Westport_2026","Californian_s_l_2yrLead_WS_2026","CC_NCC_Marine mammal_223","",2016-01-01,0.120689655172414,0.120689655172414,0.120689655172414,1.05416677536631,"10.PredMammalNCC_0","PredAK","10.PredMammalNCC_0","PredAK",NA
"3297","Californian_s_l_2yrLead_WS_2026","Westport_2026","Californian_s_l_2yrLead_WS_2026","CC_NCC_Marine mammal_223","",2017-01-01,0.0731707317073171,0.0731707317073171,0.0731707317073171,0.607597155670005,"10.PredMammalNCC_0","PredAK","10.PredMammalNCC_0","PredAK",NA
"3298","Californian_s_l_2yrLead_WS_2026","Westport_2026","Californian_s_l_2yrLead_WS_2026","CC_NCC_Marine mammal_223","",2018-01-01,0.0625,0.0625,0.0625,0.266862086371512,"10.PredMammalNCC_0","PredAK","10.PredMammalNCC_0","PredAK",NA
"3299","Californian_s_l_2yrLead_WS_2026","Westport_2026","Californian_s_l_2yrLead_WS_2026","CC_NCC_Marine mammal_223","",2019-01-01,0.0476190476190476,0.0476190476190476,0.0476190476190476,0.0551951411676219,"10.PredMammalNCC_0","PredAK","10.PredMammalNCC_0","PredAK",NA
"3300","Californian_s_l_2yrLead_WS_2026","Westport_2026","Californian_s_l_2yrLead_WS_2026","CC_NCC_Marine mammal_223","",2020-01-01,0.0649350649350649,0.0649350649350649,0.0649350649350649,0.268504693317256,"10.PredMammalNCC_0","PredAK","10.PredMammalNCC_0","PredAK",NA
"3301","Californian_s_l_2yrLead_WS_2026","Westport_2026","Californian_s_l_2yrLead_WS_2026","CC_NCC_Marine mammal_223","",2021-01-01,0.0731707317073171,0.0731707317073171,0.0731707317073171,0.529467197122415,"10.PredMammalNCC_0","PredAK","10.PredMammalNCC_0","PredAK",NA
"3302","Californian_s_l_2yrLead_WS_2026","Westport_2026","Californian_s_l_2yrLead_WS_2026","CC_NCC_Marine mammal_223","",2022-01-01,0.0909090909090909,0.0909090909090909,0.0909090909090909,0.818134292777798,"10.PredMammalNCC_0","PredAK","10.PredMammalNCC_0","PredAK",NA
"3303","Californian_s_l_2yrLead_WS_2026","Westport_2026","Californian_s_l_2yrLead_WS_2026","CC_NCC_Marine mammal_223","",2023-01-01,NA,NA,NA,NA,"10.PredMammalNCC_0","PredAK","10.PredMammalNCC_0","PredAK",NA
"3304","Californian_s_l_2yrLead_WS_2026","Westport_2026","Californian_s_l_2yrLead_WS_2026","CC_NCC_Marine mammal_223","",2024-01-01,NA,NA,NA,NA,"10.PredMammalNCC_0","PredAK","10.PredMammalNCC_0","PredAK",NA
"3305","Californian_s_l_2yrLead_WS_2026","Westport_2026","Californian_s_l_2yrLead_WS_2026","CC_NCC_Marine mammal_223","",2025-01-01,NA,NA,NA,NA,"10.PredMammalNCC_0","PredAK","10.PredMammalNCC_0","PredAK",NA
"3306","Californian_s_l_2yrLead_WS_2026","Westport_2026","Californian_s_l_2yrLead_WS_2026","CC_NCC_Marine mammal_223","",2026-01-01,NA,NA,NA,NA,"10.PredMammalNCC_0","PredAK","10.PredMammalNCC_0","PredAK",NA
"3307","Caspian_tern_2_WS_2026","Westport_2026","Caspian_tern_2_WS_2026","CC_NCC_Seabird_289","",1998-01-01,0,0,0,-1.24740517643478,"08.PredBirdNCC","PredNCC","08.PredBirdNCC","PredNCC","08.PredBirdNCC"
"3308","Caspian_tern_2_WS_2026","Westport_2026","Caspian_tern_2_WS_2026","CC_NCC_Seabird_289","",1999-01-01,0,0,0,-1.08116609041158,"08.PredBirdNCC","PredNCC","08.PredBirdNCC","PredNCC","08.PredBirdNCC"
"3309","Caspian_tern_2_WS_2026","Westport_2026","Caspian_tern_2_WS_2026","CC_NCC_Seabird_289","",2000-01-01,0.033333333,0.033333333,0.033333333,-0.665568375353586,"08.PredBirdNCC","PredNCC","08.PredBirdNCC","PredNCC","08.PredBirdNCC"
"3310","Caspian_tern_2_WS_2026","Westport_2026","Caspian_tern_2_WS_2026","CC_NCC_Seabird_289","",2001-01-01,0.042553191,0.042553191,0.042553191,-0.467590780127269,"08.PredBirdNCC","PredNCC","08.PredBirdNCC","PredNCC","08.PredBirdNCC"
"3311","Caspian_tern_2_WS_2026","Westport_2026","Caspian_tern_2_WS_2026","CC_NCC_Seabird_289","",2002-01-01,0.016129032,0.016129032,0.016129032,-0.533372602093258,"08.PredBirdNCC","PredNCC","08.PredBirdNCC","PredNCC","08.PredBirdNCC"
"3312","Caspian_tern_2_WS_2026","Westport_2026","Caspian_tern_2_WS_2026","CC_NCC_Seabird_289","",2003-01-01,0.0625,0.0625,0.0625,-0.229055431849197,"08.PredBirdNCC","PredNCC","08.PredBirdNCC","PredNCC","08.PredBirdNCC"
"3313","Caspian_tern_2_WS_2026","Westport_2026","Caspian_tern_2_WS_2026","CC_NCC_Seabird_289","",2004-01-01,0.021276596,0.021276596,0.021276596,-0.478099860414653,"08.PredBirdNCC","PredNCC","08.PredBirdNCC","PredNCC","08.PredBirdNCC"
"3314","Caspian_tern_2_WS_2026","Westport_2026","Caspian_tern_2_WS_2026","CC_NCC_Seabird_289","",2005-01-01,0,0,0,-0.438066121442737,"08.PredBirdNCC","PredNCC","08.PredBirdNCC","PredNCC","08.PredBirdNCC"
"3315","Caspian_tern_2_WS_2026","Westport_2026","Caspian_tern_2_WS_2026","CC_NCC_Seabird_289","",2006-01-01,0.074074074,0.074074074,0.074074074,0.494426215532823,"08.PredBirdNCC","PredNCC","08.PredBirdNCC","PredNCC","08.PredBirdNCC"
"3316","Caspian_tern_2_WS_2026","Westport_2026","Caspian_tern_2_WS_2026","CC_NCC_Seabird_289","",2007-01-01,0.127659574,0.127659574,0.127659574,1.29058843889278,"08.PredBirdNCC","PredNCC","08.PredBirdNCC","PredNCC","08.PredBirdNCC"
"3317","Caspian_tern_2_WS_2026","Westport_2026","Caspian_tern_2_WS_2026","CC_NCC_Seabird_289","",2008-01-01,0.11627907,0.11627907,0.11627907,1.32778372458035,"08.PredBirdNCC","PredNCC","08.PredBirdNCC","PredNCC","08.PredBirdNCC"
"3318","Caspian_tern_2_WS_2026","Westport_2026","Caspian_tern_2_WS_2026","CC_NCC_Seabird_289","",2009-01-01,NA,0.085166562,0.085166562,0.944532310636292,"08.PredBirdNCC","PredNCC","08.PredBirdNCC","PredNCC","08.PredBirdNCC"
"3319","Caspian_tern_2_WS_2026","Westport_2026","Caspian_tern_2_WS_2026","CC_NCC_Seabird_289","",2010-01-01,0.054054054,0.054054054,0.054054054,0.581357810188172,"08.PredBirdNCC","PredNCC","08.PredBirdNCC","PredNCC","08.PredBirdNCC"
"3320","Caspian_tern_2_WS_2026","Westport_2026","Caspian_tern_2_WS_2026","CC_NCC_Seabird_289","",2011-01-01,0.081632653,0.081632653,0.081632653,0.698860749859474,"08.PredBirdNCC","PredNCC","08.PredBirdNCC","PredNCC","08.PredBirdNCC"
"3321","Caspian_tern_2_WS_2026","Westport_2026","Caspian_tern_2_WS_2026","CC_NCC_Seabird_289","",2012-01-01,0.069767442,0.069767442,0.069767442,0.684337390457101,"08.PredBirdNCC","PredNCC","08.PredBirdNCC","PredNCC","08.PredBirdNCC"
"3322","Caspian_tern_2_WS_2026","Westport_2026","Caspian_tern_2_WS_2026","CC_NCC_Seabird_289","",2013-01-01,0.113636364,0.113636364,0.113636364,0.8374230547632,"08.PredBirdNCC","PredNCC","08.PredBirdNCC","PredNCC","08.PredBirdNCC"
"3323","Caspian_tern_2_WS_2026","Westport_2026","Caspian_tern_2_WS_2026","CC_NCC_Seabird_289","",2014-01-01,0.042553191,0.042553191,0.042553191,0.149673053820409,"08.PredBirdNCC","PredNCC","08.PredBirdNCC","PredNCC","08.PredBirdNCC"
"3324","Caspian_tern_2_WS_2026","Westport_2026","Caspian_tern_2_WS_2026","CC_NCC_Seabird_289","",2015-01-01,0.033898305,0.033898305,0.033898305,-0.18457253036701,"08.PredBirdNCC","PredNCC","08.PredBirdNCC","PredNCC","08.PredBirdNCC"
"3325","Caspian_tern_2_WS_2026","Westport_2026","Caspian_tern_2_WS_2026","CC_NCC_Seabird_289","",2016-01-01,0.047619048,0.047619048,0.047619048,-0.270401319248412,"08.PredBirdNCC","PredNCC","08.PredBirdNCC","PredNCC","08.PredBirdNCC"
"3326","Caspian_tern_2_WS_2026","Westport_2026","Caspian_tern_2_WS_2026","CC_NCC_Seabird_289","",2017-01-01,0.016393443,0.016393443,0.016393443,-0.556930250518778,"08.PredBirdNCC","PredNCC","08.PredBirdNCC","PredNCC","08.PredBirdNCC"
"3327","Caspian_tern_2_WS_2026","Westport_2026","Caspian_tern_2_WS_2026","CC_NCC_Seabird_289","",2018-01-01,0.017241379,0.017241379,0.017241379,-0.503918725836704,"08.PredBirdNCC","PredNCC","08.PredBirdNCC","PredNCC","08.PredBirdNCC"
"3328","Caspian_tern_2_WS_2026","Westport_2026","Caspian_tern_2_WS_2026","CC_NCC_Seabird_289","",2019-01-01,0.073170732,0.073170732,0.073170732,-0.0808062714400561,"08.PredBirdNCC","PredNCC","08.PredBirdNCC","PredNCC","08.PredBirdNCC"
"3329","Caspian_tern_2_WS_2026","Westport_2026","Caspian_tern_2_WS_2026","CC_NCC_Seabird_289","",2020-01-01,0,0,0,-0.345338365750478,"08.PredBirdNCC","PredNCC","08.PredBirdNCC","PredNCC","08.PredBirdNCC"
"3330","Caspian_tern_2_WS_2026","Westport_2026","Caspian_tern_2_WS_2026","CC_NCC_Seabird_289","",2021-01-01,0.095238095,0.095238095,0.095238095,0.375315893635005,"08.PredBirdNCC","PredNCC","08.PredBirdNCC","PredNCC","08.PredBirdNCC"
"3331","Caspian_tern_2_WS_2026","Westport_2026","Caspian_tern_2_WS_2026","CC_NCC_Seabird_289","",2022-01-01,0.077922078,0.077922078,0.077922078,0.280163707405303,"08.PredBirdNCC","PredNCC","08.PredBirdNCC","PredNCC","08.PredBirdNCC"
"3332","Caspian_tern_2_WS_2026","Westport_2026","Caspian_tern_2_WS_2026","CC_NCC_Seabird_289","",2023-01-01,0.024390244,0.024390244,0.024390244,-0.267465834490986,"08.PredBirdNCC","PredNCC","08.PredBirdNCC","PredNCC","08.PredBirdNCC"
"3333","Caspian_tern_2_WS_2026","Westport_2026","Caspian_tern_2_WS_2026","CC_NCC_Seabird_289","",2024-01-01,0.03030303,0.03030303,0.03030303,-0.397824157003013,"08.PredBirdNCC","PredNCC","08.PredBirdNCC","PredNCC","08.PredBirdNCC"
"3334","Caspian_tern_2_WS_2026","Westport_2026","Caspian_tern_2_WS_2026","CC_NCC_Seabird_289","",2025-01-01,NA,NA,NA,NA,"08.PredBirdNCC","PredNCC","08.PredBirdNCC","PredNCC","08.PredBirdNCC"
"3335","Caspian_tern_2_WS_2026","Westport_2026","Caspian_tern_2_WS_2026","CC_NCC_Seabird_289","",2026-01-01,NA,NA,NA,NA,"08.PredBirdNCC","PredNCC","08.PredBirdNCC","PredNCC","08.PredBirdNCC"
"3336","Cassin_s_aukl_WS_2026","Westport_2026","Cassin_s_aukl_WS_2026","CC_NCC_Seabird_239","",1998-01-01,0.0526315789473684,0.0526315789473684,0.0526315789473684,-1.25159893507978,"01.ZooPreyNCC_JSOES_0","PreyNCC","01.ZooPreyNCC_JSOES_0","PreyNCC",NA
"3337","Cassin_s_aukl_WS_2026","Westport_2026","Cassin_s_aukl_WS_2026","CC_NCC_Seabird_239","",1999-01-01,0.444444444444444,0.444444444444444,0.444444444444444,-0.0646413919503355,"01.ZooPreyNCC_JSOES_0","PreyNCC","01.ZooPreyNCC_JSOES_0","PreyNCC",NA
"3338","Cassin_s_aukl_WS_2026","Westport_2026","Cassin_s_aukl_WS_2026","CC_NCC_Seabird_239","",2000-01-01,0.2,0.2,0.2,-0.391050979414704,"01.ZooPreyNCC_JSOES_0","PreyNCC","01.ZooPreyNCC_JSOES_0","PreyNCC",NA
"3339","Cassin_s_aukl_WS_2026","Westport_2026","Cassin_s_aukl_WS_2026","CC_NCC_Seabird_239","",2001-01-01,0.148936170212766,0.148936170212766,0.148936170212766,-0.502297225041173,"01.ZooPreyNCC_JSOES_0","PreyNCC","01.ZooPreyNCC_JSOES_0","PreyNCC",NA
"3340","Cassin_s_aukl_WS_2026","Westport_2026","Cassin_s_aukl_WS_2026","CC_NCC_Seabird_239","",2002-01-01,0.354838709677419,0.354838709677419,0.354838709677419,-0.080354563104612,"01.ZooPreyNCC_JSOES_0","PreyNCC","01.ZooPreyNCC_JSOES_0","PreyNCC",NA
"3341","Cassin_s_aukl_WS_2026","Westport_2026","Cassin_s_aukl_WS_2026","CC_NCC_Seabird_239","",2003-01-01,0.125,0.125,0.125,-0.434215054860391,"01.ZooPreyNCC_JSOES_0","PreyNCC","01.ZooPreyNCC_JSOES_0","PreyNCC",NA
"3342","Cassin_s_aukl_WS_2026","Westport_2026","Cassin_s_aukl_WS_2026","CC_NCC_Seabird_239","",2004-01-01,0.319148936170213,0.319148936170213,0.319148936170213,0.0144166926987045,"01.ZooPreyNCC_JSOES_0","PreyNCC","01.ZooPreyNCC_JSOES_0","PreyNCC",NA
"3343","Cassin_s_aukl_WS_2026","Westport_2026","Cassin_s_aukl_WS_2026","CC_NCC_Seabird_239","",2005-01-01,0.352941176470588,0.352941176470588,0.352941176470588,0.0820452277220403,"01.ZooPreyNCC_JSOES_0","PreyNCC","01.ZooPreyNCC_JSOES_0","PreyNCC",NA
"3344","Cassin_s_aukl_WS_2026","Westport_2026","Cassin_s_aukl_WS_2026","CC_NCC_Seabird_239","",2006-01-01,0.166666666666667,0.166666666666667,0.166666666666667,-0.44777784874972,"01.ZooPreyNCC_JSOES_0","PreyNCC","01.ZooPreyNCC_JSOES_0","PreyNCC",NA
"3345","Cassin_s_aukl_WS_2026","Westport_2026","Cassin_s_aukl_WS_2026","CC_NCC_Seabird_239","",2007-01-01,0.25531914893617,0.25531914893617,0.25531914893617,-0.538945353641862,"01.ZooPreyNCC_JSOES_0","PreyNCC","01.ZooPreyNCC_JSOES_0","PreyNCC",NA
"3346","Cassin_s_aukl_WS_2026","Westport_2026","Cassin_s_aukl_WS_2026","CC_NCC_Seabird_239","",2008-01-01,0.0697674418604651,0.0697674418604651,0.0697674418604651,-1.02788835322083,"01.ZooPreyNCC_JSOES_0","PreyNCC","01.ZooPreyNCC_JSOES_0","PreyNCC",NA
"3347","Cassin_s_aukl_WS_2026","Westport_2026","Cassin_s_aukl_WS_2026","CC_NCC_Seabird_239","",2009-01-01,NA,0.142991829038341,0.142991829038341,-0.84369588139843,"01.ZooPreyNCC_JSOES_0","PreyNCC","01.ZooPreyNCC_JSOES_0","PreyNCC",NA
"3348","Cassin_s_aukl_WS_2026","Westport_2026","Cassin_s_aukl_WS_2026","CC_NCC_Seabird_239","",2010-01-01,0.216216216216216,0.216216216216216,0.216216216216216,-0.417741620515194,"01.ZooPreyNCC_JSOES_0","PreyNCC","01.ZooPreyNCC_JSOES_0","PreyNCC",NA
"3349","Cassin_s_aukl_WS_2026","Westport_2026","Cassin_s_aukl_WS_2026","CC_NCC_Seabird_239","",2011-01-01,0.285714285714286,0.285714285714286,0.285714285714286,0.0603625361492036,"01.ZooPreyNCC_JSOES_0","PreyNCC","01.ZooPreyNCC_JSOES_0","PreyNCC",NA
"3350","Cassin_s_aukl_WS_2026","Westport_2026","Cassin_s_aukl_WS_2026","CC_NCC_Seabird_239","",2012-01-01,0.348837209302326,0.348837209302326,0.348837209302326,0.484480152589506,"01.ZooPreyNCC_JSOES_0","PreyNCC","01.ZooPreyNCC_JSOES_0","PreyNCC",NA
"3351","Cassin_s_aukl_WS_2026","Westport_2026","Cassin_s_aukl_WS_2026","CC_NCC_Seabird_239","",2013-01-01,0.431818181818182,0.431818181818182,0.431818181818182,0.748081381878105,"01.ZooPreyNCC_JSOES_0","PreyNCC","01.ZooPreyNCC_JSOES_0","PreyNCC",NA
"3352","Cassin_s_aukl_WS_2026","Westport_2026","Cassin_s_aukl_WS_2026","CC_NCC_Seabird_239","",2014-01-01,0.319148936170213,0.319148936170213,0.319148936170213,0.417181852536455,"01.ZooPreyNCC_JSOES_0","PreyNCC","01.ZooPreyNCC_JSOES_0","PreyNCC",NA
"3353","Cassin_s_aukl_WS_2026","Westport_2026","Cassin_s_aukl_WS_2026","CC_NCC_Seabird_239","",2015-01-01,0.220338983050847,0.220338983050847,0.220338983050847,0.108044270496797,"01.ZooPreyNCC_JSOES_0","PreyNCC","01.ZooPreyNCC_JSOES_0","PreyNCC",NA
"3354","Cassin_s_aukl_WS_2026","Westport_2026","Cassin_s_aukl_WS_2026","CC_NCC_Seabird_239","",2016-01-01,0.380952380952381,0.380952380952381,0.380952380952381,0.342184135007176,"01.ZooPreyNCC_JSOES_0","PreyNCC","01.ZooPreyNCC_JSOES_0","PreyNCC",NA
"3355","Cassin_s_aukl_WS_2026","Westport_2026","Cassin_s_aukl_WS_2026","CC_NCC_Seabird_239","",2017-01-01,0.213114754098361,0.213114754098361,0.213114754098361,0.00353306078932469,"01.ZooPreyNCC_JSOES_0","PreyNCC","01.ZooPreyNCC_JSOES_0","PreyNCC",NA
"3356","Cassin_s_aukl_WS_2026","Westport_2026","Cassin_s_aukl_WS_2026","CC_NCC_Seabird_239","",2018-01-01,0.258620689655172,0.258620689655172,0.258620689655172,0.16437923127173,"01.ZooPreyNCC_JSOES_0","PreyNCC","01.ZooPreyNCC_JSOES_0","PreyNCC",NA
"3357","Cassin_s_aukl_WS_2026","Westport_2026","Cassin_s_aukl_WS_2026","CC_NCC_Seabird_239","",2019-01-01,0.439024390243902,0.439024390243902,0.439024390243902,0.603019849005588,"01.ZooPreyNCC_JSOES_0","PreyNCC","01.ZooPreyNCC_JSOES_0","PreyNCC",NA
"3358","Cassin_s_aukl_WS_2026","Westport_2026","Cassin_s_aukl_WS_2026","CC_NCC_Seabird_239","",2020-01-01,0.1875,0.1875,0.1875,0.241518658252246,"01.ZooPreyNCC_JSOES_0","PreyNCC","01.ZooPreyNCC_JSOES_0","PreyNCC",NA
"3359","Cassin_s_aukl_WS_2026","Westport_2026","Cassin_s_aukl_WS_2026","CC_NCC_Seabird_239","",2021-01-01,0.476190476190476,0.476190476190476,0.476190476190476,0.832832609157532,"01.ZooPreyNCC_JSOES_0","PreyNCC","01.ZooPreyNCC_JSOES_0","PreyNCC",NA
"3360","Cassin_s_aukl_WS_2026","Westport_2026","Cassin_s_aukl_WS_2026","CC_NCC_Seabird_239","",2022-01-01,0.285714285714286,0.285714285714286,0.285714285714286,0.541378098122834,"01.ZooPreyNCC_JSOES_0","PreyNCC","01.ZooPreyNCC_JSOES_0","PreyNCC",NA
"3361","Cassin_s_aukl_WS_2026","Westport_2026","Cassin_s_aukl_WS_2026","CC_NCC_Seabird_239","",2023-01-01,0.439024390243902,0.439024390243902,0.439024390243902,0.676952608837672,"01.ZooPreyNCC_JSOES_0","PreyNCC","01.ZooPreyNCC_JSOES_0","PreyNCC",NA
"3362","Cassin_s_aukl_WS_2026","Westport_2026","Cassin_s_aukl_WS_2026","CC_NCC_Seabird_239","",2024-01-01,0.212121212121212,0.212121212121212,0.212121212121212,0.0863180708973953,"01.ZooPreyNCC_JSOES_0","PreyNCC","01.ZooPreyNCC_JSOES_0","PreyNCC",NA
"3363","Cassin_s_aukl_WS_2026","Westport_2026","Cassin_s_aukl_WS_2026","CC_NCC_Seabird_239","",2025-01-01,NA,NA,NA,NA,"01.ZooPreyNCC_JSOES_0","PreyNCC","01.ZooPreyNCC_JSOES_0","PreyNCC",NA
"3364","Cassin_s_aukl_WS_2026","Westport_2026","Cassin_s_aukl_WS_2026","CC_NCC_Seabird_239","",2026-01-01,NA,NA,NA,NA,"01.ZooPreyNCC_JSOES_0","PreyNCC","01.ZooPreyNCC_JSOES_0","PreyNCC",NA
"3365","Common_murre_9_WS_2026","Westport_2026","Common_murre_9_WS_2026","CC_NCC_Seabird_296","",1998-01-01,0.631578947,0.631578947,0.631578947,-0.300176962733617,"08.PredBirdNCC","PredNCC","08.PredBirdNCC","PredNCC","08.PredBirdNCC"
"3366","Common_murre_9_WS_2026","Westport_2026","Common_murre_9_WS_2026","CC_NCC_Seabird_296","",1999-01-01,0.111111111,0.111111111,0.111111111,-1.42111692164185,"08.PredBirdNCC","PredNCC","08.PredBirdNCC","PredNCC","08.PredBirdNCC"
"3367","Common_murre_9_WS_2026","Westport_2026","Common_murre_9_WS_2026","CC_NCC_Seabird_296","",2000-01-01,0.433333333,0.433333333,0.433333333,-0.90921336178158,"08.PredBirdNCC","PredNCC","08.PredBirdNCC","PredNCC","08.PredBirdNCC"
"3368","Common_murre_9_WS_2026","Westport_2026","Common_murre_9_WS_2026","CC_NCC_Seabird_296","",2001-01-01,0.510638298,0.510638298,0.510638298,-0.30442076208186,"08.PredBirdNCC","PredNCC","08.PredBirdNCC","PredNCC","08.PredBirdNCC"
"3369","Common_murre_9_WS_2026","Westport_2026","Common_murre_9_WS_2026","CC_NCC_Seabird_296","",2002-01-01,0.758064516,0.758064516,0.758064516,0.505788192382292,"08.PredBirdNCC","PredNCC","08.PredBirdNCC","PredNCC","08.PredBirdNCC"
"3370","Common_murre_9_WS_2026","Westport_2026","Common_murre_9_WS_2026","CC_NCC_Seabird_296","",2003-01-01,0.78125,0.78125,0.78125,0.756053051645367,"08.PredBirdNCC","PredNCC","08.PredBirdNCC","PredNCC","08.PredBirdNCC"
"3371","Common_murre_9_WS_2026","Westport_2026","Common_murre_9_WS_2026","CC_NCC_Seabird_296","",2004-01-01,0.617021277,0.617021277,0.617021277,0.5489973315729,"08.PredBirdNCC","PredNCC","08.PredBirdNCC","PredNCC","08.PredBirdNCC"
"3372","Common_murre_9_WS_2026","Westport_2026","Common_murre_9_WS_2026","CC_NCC_Seabird_296","",2005-01-01,0.764705882,0.764705882,0.764705882,0.723346771223619,"08.PredBirdNCC","PredNCC","08.PredBirdNCC","PredNCC","08.PredBirdNCC"
"3373","Common_murre_9_WS_2026","Westport_2026","Common_murre_9_WS_2026","CC_NCC_Seabird_296","",2006-01-01,0.703703704,0.703703704,0.703703704,0.513019569678259,"08.PredBirdNCC","PredNCC","08.PredBirdNCC","PredNCC","08.PredBirdNCC"
"3374","Common_murre_9_WS_2026","Westport_2026","Common_murre_9_WS_2026","CC_NCC_Seabird_296","",2007-01-01,0.617021277,0.617021277,0.617021277,0.0961403476650886,"08.PredBirdNCC","PredNCC","08.PredBirdNCC","PredNCC","08.PredBirdNCC"
"3375","Common_murre_9_WS_2026","Westport_2026","Common_murre_9_WS_2026","CC_NCC_Seabird_296","",2008-01-01,0.441860465,0.441860465,0.441860465,-0.392190698532707,"08.PredBirdNCC","PredNCC","08.PredBirdNCC","PredNCC","08.PredBirdNCC"
"3376","Common_murre_9_WS_2026","Westport_2026","Common_murre_9_WS_2026","CC_NCC_Seabird_296","",2009-01-01,NA,0.51822753,0.51822753,-0.324909413775548,"08.PredBirdNCC","PredNCC","08.PredBirdNCC","PredNCC","08.PredBirdNCC"
"3377","Common_murre_9_WS_2026","Westport_2026","Common_murre_9_WS_2026","CC_NCC_Seabird_296","",2010-01-01,0.594594595,0.594594595,0.594594595,-0.12102740535578,"08.PredBirdNCC","PredNCC","08.PredBirdNCC","PredNCC","08.PredBirdNCC"
"3378","Common_murre_9_WS_2026","Westport_2026","Common_murre_9_WS_2026","CC_NCC_Seabird_296","",2011-01-01,0.530612245,0.530612245,0.530612245,-0.062955556903138,"08.PredBirdNCC","PredNCC","08.PredBirdNCC","PredNCC","08.PredBirdNCC"
"3379","Common_murre_9_WS_2026","Westport_2026","Common_murre_9_WS_2026","CC_NCC_Seabird_296","",2012-01-01,0.744186047,0.744186047,0.744186047,0.314807046761934,"08.PredBirdNCC","PredNCC","08.PredBirdNCC","PredNCC","08.PredBirdNCC"
"3380","Common_murre_9_WS_2026","Westport_2026","Common_murre_9_WS_2026","CC_NCC_Seabird_296","",2013-01-01,0.5,0.5,0.5,0.0300202143746752,"08.PredBirdNCC","PredNCC","08.PredBirdNCC","PredNCC","08.PredBirdNCC"
"3381","Common_murre_9_WS_2026","Westport_2026","Common_murre_9_WS_2026","CC_NCC_Seabird_296","",2014-01-01,0.680851064,0.680851064,0.680851064,0.352833642714768,"08.PredBirdNCC","PredNCC","08.PredBirdNCC","PredNCC","08.PredBirdNCC"
"3382","Common_murre_9_WS_2026","Westport_2026","Common_murre_9_WS_2026","CC_NCC_Seabird_296","",2015-01-01,0.694915254,0.694915254,0.694915254,0.454430971249446,"08.PredBirdNCC","PredNCC","08.PredBirdNCC","PredNCC","08.PredBirdNCC"
"3383","Common_murre_9_WS_2026","Westport_2026","Common_murre_9_WS_2026","CC_NCC_Seabird_296","",2016-01-01,0.666666667,0.666666667,0.666666667,0.346851083005055,"08.PredBirdNCC","PredNCC","08.PredBirdNCC","PredNCC","08.PredBirdNCC"
"3384","Common_murre_9_WS_2026","Westport_2026","Common_murre_9_WS_2026","CC_NCC_Seabird_296","",2017-01-01,0.573770492,0.573770492,0.573770492,0.102396439131436,"08.PredBirdNCC","PredNCC","08.PredBirdNCC","PredNCC","08.PredBirdNCC"
"3385","Common_murre_9_WS_2026","Westport_2026","Common_murre_9_WS_2026","CC_NCC_Seabird_296","",2018-01-01,0.603448276,0.603448276,0.603448276,0.0681599378935471,"08.PredBirdNCC","PredNCC","08.PredBirdNCC","PredNCC","08.PredBirdNCC"
"3386","Common_murre_9_WS_2026","Westport_2026","Common_murre_9_WS_2026","CC_NCC_Seabird_296","",2019-01-01,0.731707317,0.731707317,0.731707317,0.0209218375560332,"08.PredBirdNCC","PredNCC","08.PredBirdNCC","PredNCC","08.PredBirdNCC"
"3387","Common_murre_9_WS_2026","Westport_2026","Common_murre_9_WS_2026","CC_NCC_Seabird_296","",2020-01-01,0.25,0.25,0.25,-0.903288410681657,"08.PredBirdNCC","PredNCC","08.PredBirdNCC","PredNCC","08.PredBirdNCC"
"3388","Common_murre_9_WS_2026","Westport_2026","Common_murre_9_WS_2026","CC_NCC_Seabird_296","",2021-01-01,0.476190476,0.476190476,0.476190476,-0.561248198951807,"08.PredBirdNCC","PredNCC","08.PredBirdNCC","PredNCC","08.PredBirdNCC"
"3389","Common_murre_9_WS_2026","Westport_2026","Common_murre_9_WS_2026","CC_NCC_Seabird_296","",2022-01-01,0.597402597,0.597402597,0.597402597,-0.0512610124846877,"08.PredBirdNCC","PredNCC","08.PredBirdNCC","PredNCC","08.PredBirdNCC"
"3390","Common_murre_9_WS_2026","Westport_2026","Common_murre_9_WS_2026","CC_NCC_Seabird_296","",2023-01-01,0.658536585,0.658536585,0.658536585,0.364801512636228,"08.PredBirdNCC","PredNCC","08.PredBirdNCC","PredNCC","08.PredBirdNCC"
"3391","Common_murre_9_WS_2026","Westport_2026","Common_murre_9_WS_2026","CC_NCC_Seabird_296","",2024-01-01,0.757575758,0.757575758,0.757575758,0.713710734887707,"08.PredBirdNCC","PredNCC","08.PredBirdNCC","PredNCC","08.PredBirdNCC"
"3392","Common_murre_9_WS_2026","Westport_2026","Common_murre_9_WS_2026","CC_NCC_Seabird_296","",2025-01-01,NA,NA,NA,NA,"08.PredBirdNCC","PredNCC","08.PredBirdNCC","PredNCC","08.PredBirdNCC"
"3393","Common_murre_9_WS_2026","Westport_2026","Common_murre_9_WS_2026","CC_NCC_Seabird_296","",2026-01-01,NA,NA,NA,NA,"08.PredBirdNCC","PredNCC","08.PredBirdNCC","PredNCC","08.PredBirdNCC"
"3394","Cormorants_4_WS_2026","Westport_2026","Cormorants_4_WS_2026","CC_NCC_Seabird_291","",1998-01-01,0.052631579,0.052631579,0.052631579,-2.86727360586004,"08.PredBirdNCC","PredNCC","08.PredBirdNCC","PredNCC","08.PredBirdNCC"
"3395","Cormorants_4_WS_2026","Westport_2026","Cormorants_4_WS_2026","CC_NCC_Seabird_291","",1999-01-01,0.277777778,0.277777778,0.277777778,-1.70790184201311,"08.PredBirdNCC","PredNCC","08.PredBirdNCC","PredNCC","08.PredBirdNCC"
"3396","Cormorants_4_WS_2026","Westport_2026","Cormorants_4_WS_2026","CC_NCC_Seabird_291","",2000-01-01,0.266666667,0.266666667,0.266666667,-1.26869476901345,"08.PredBirdNCC","PredNCC","08.PredBirdNCC","PredNCC","08.PredBirdNCC"
"3397","Cormorants_4_WS_2026","Westport_2026","Cormorants_4_WS_2026","CC_NCC_Seabird_291","",2001-01-01,0.212765957,0.212765957,0.212765957,-0.989081095956756,"08.PredBirdNCC","PredNCC","08.PredBirdNCC","PredNCC","08.PredBirdNCC"
"3398","Cormorants_4_WS_2026","Westport_2026","Cormorants_4_WS_2026","CC_NCC_Seabird_291","",2002-01-01,0.419354839,0.419354839,0.419354839,-0.000701567669923131,"08.PredBirdNCC","PredNCC","08.PredBirdNCC","PredNCC","08.PredBirdNCC"
"3399","Cormorants_4_WS_2026","Westport_2026","Cormorants_4_WS_2026","CC_NCC_Seabird_291","",2003-01-01,0.46875,0.46875,0.46875,0.42829849331341,"08.PredBirdNCC","PredNCC","08.PredBirdNCC","PredNCC","08.PredBirdNCC"
"3400","Cormorants_4_WS_2026","Westport_2026","Cormorants_4_WS_2026","CC_NCC_Seabird_291","",2004-01-01,0.382978723,0.382978723,0.382978723,0.187386685107746,"08.PredBirdNCC","PredNCC","08.PredBirdNCC","PredNCC","08.PredBirdNCC"
"3401","Cormorants_4_WS_2026","Westport_2026","Cormorants_4_WS_2026","CC_NCC_Seabird_291","",2005-01-01,0.352941176,0.352941176,0.352941176,-0.0274880354630935,"08.PredBirdNCC","PredNCC","08.PredBirdNCC","PredNCC","08.PredBirdNCC"
"3402","Cormorants_4_WS_2026","Westport_2026","Cormorants_4_WS_2026","CC_NCC_Seabird_291","",2006-01-01,0.314814815,0.314814815,0.314814815,-0.103106879740405,"08.PredBirdNCC","PredNCC","08.PredBirdNCC","PredNCC","08.PredBirdNCC"
"3403","Cormorants_4_WS_2026","Westport_2026","Cormorants_4_WS_2026","CC_NCC_Seabird_291","",2007-01-01,0.425531915,0.425531915,0.425531915,0.301357150751317,"08.PredBirdNCC","PredNCC","08.PredBirdNCC","PredNCC","08.PredBirdNCC"
"3404","Cormorants_4_WS_2026","Westport_2026","Cormorants_4_WS_2026","CC_NCC_Seabird_291","",2008-01-01,0.418604651,0.418604651,0.418604651,0.38102959189509,"08.PredBirdNCC","PredNCC","08.PredBirdNCC","PredNCC","08.PredBirdNCC"
"3405","Cormorants_4_WS_2026","Westport_2026","Cormorants_4_WS_2026","CC_NCC_Seabird_291","",2009-01-01,NA,0.3984915145,0.3984915145,0.291247863573449,"08.PredBirdNCC","PredNCC","08.PredBirdNCC","PredNCC","08.PredBirdNCC"
"3406","Cormorants_4_WS_2026","Westport_2026","Cormorants_4_WS_2026","CC_NCC_Seabird_291","",2010-01-01,0.378378378,0.378378378,0.378378378,0.16192159694553,"08.PredBirdNCC","PredNCC","08.PredBirdNCC","PredNCC","08.PredBirdNCC"
"3407","Cormorants_4_WS_2026","Westport_2026","Cormorants_4_WS_2026","CC_NCC_Seabird_291","",2011-01-01,0.367346939,0.367346939,0.367346939,0.0834158848641938,"08.PredBirdNCC","PredNCC","08.PredBirdNCC","PredNCC","08.PredBirdNCC"
"3408","Cormorants_4_WS_2026","Westport_2026","Cormorants_4_WS_2026","CC_NCC_Seabird_291","",2012-01-01,0.395348837,0.395348837,0.395348837,0.0977189934468447,"08.PredBirdNCC","PredNCC","08.PredBirdNCC","PredNCC","08.PredBirdNCC"
"3409","Cormorants_4_WS_2026","Westport_2026","Cormorants_4_WS_2026","CC_NCC_Seabird_291","",2013-01-01,0.340909091,0.340909091,0.340909091,-0.0867245323378565,"08.PredBirdNCC","PredNCC","08.PredBirdNCC","PredNCC","08.PredBirdNCC"
"3410","Cormorants_4_WS_2026","Westport_2026","Cormorants_4_WS_2026","CC_NCC_Seabird_291","",2014-01-01,0.340425532,0.340425532,0.340425532,-0.0597248646687071,"08.PredBirdNCC","PredNCC","08.PredBirdNCC","PredNCC","08.PredBirdNCC"
"3411","Cormorants_4_WS_2026","Westport_2026","Cormorants_4_WS_2026","CC_NCC_Seabird_291","",2015-01-01,0.406779661,0.406779661,0.406779661,0.210999472562378,"08.PredBirdNCC","PredNCC","08.PredBirdNCC","PredNCC","08.PredBirdNCC"
"3412","Cormorants_4_WS_2026","Westport_2026","Cormorants_4_WS_2026","CC_NCC_Seabird_291","",2016-01-01,0.396825397,0.396825397,0.396825397,0.271401281964174,"08.PredBirdNCC","PredNCC","08.PredBirdNCC","PredNCC","08.PredBirdNCC"
"3413","Cormorants_4_WS_2026","Westport_2026","Cormorants_4_WS_2026","CC_NCC_Seabird_291","",2017-01-01,0.37704918,0.37704918,0.37704918,0.290610605891631,"08.PredBirdNCC","PredNCC","08.PredBirdNCC","PredNCC","08.PredBirdNCC"
"3414","Cormorants_4_WS_2026","Westport_2026","Cormorants_4_WS_2026","CC_NCC_Seabird_291","",2018-01-01,0.413793103,0.413793103,0.413793103,0.503848030270893,"08.PredBirdNCC","PredNCC","08.PredBirdNCC","PredNCC","08.PredBirdNCC"
"3415","Cormorants_4_WS_2026","Westport_2026","Cormorants_4_WS_2026","CC_NCC_Seabird_291","",2019-01-01,0.512195122,0.512195122,0.512195122,0.723005202479857,"08.PredBirdNCC","PredNCC","08.PredBirdNCC","PredNCC","08.PredBirdNCC"
"3416","Cormorants_4_WS_2026","Westport_2026","Cormorants_4_WS_2026","CC_NCC_Seabird_291","",2020-01-01,0.3125,0.3125,0.3125,0.0924157171236919,"08.PredBirdNCC","PredNCC","08.PredBirdNCC","PredNCC","08.PredBirdNCC"
"3417","Cormorants_4_WS_2026","Westport_2026","Cormorants_4_WS_2026","CC_NCC_Seabird_291","",2021-01-01,0.349206349,0.349206349,0.349206349,0.162715917739705,"08.PredBirdNCC","PredNCC","08.PredBirdNCC","PredNCC","08.PredBirdNCC"
"3418","Cormorants_4_WS_2026","Westport_2026","Cormorants_4_WS_2026","CC_NCC_Seabird_291","",2022-01-01,0.441558442,0.441558442,0.441558442,0.603270640467764,"08.PredBirdNCC","PredNCC","08.PredBirdNCC","PredNCC","08.PredBirdNCC"
"3419","Cormorants_4_WS_2026","Westport_2026","Cormorants_4_WS_2026","CC_NCC_Seabird_291","",2023-01-01,0.463414634,0.463414634,0.463414634,0.845893039456341,"08.PredBirdNCC","PredNCC","08.PredBirdNCC","PredNCC","08.PredBirdNCC"
"3420","Cormorants_4_WS_2026","Westport_2026","Cormorants_4_WS_2026","CC_NCC_Seabird_291","",2024-01-01,0.454545455,0.454545455,0.454545455,0.894475142945875,"08.PredBirdNCC","PredNCC","08.PredBirdNCC","PredNCC","08.PredBirdNCC"
"3421","Cormorants_4_WS_2026","Westport_2026","Cormorants_4_WS_2026","CC_NCC_Seabird_291","",2025-01-01,NA,NA,NA,NA,"08.PredBirdNCC","PredNCC","08.PredBirdNCC","PredNCC","08.PredBirdNCC"
"3422","Cormorants_4_WS_2026","Westport_2026","Cormorants_4_WS_2026","CC_NCC_Seabird_291","",2026-01-01,NA,NA,NA,NA,"08.PredBirdNCC","PredNCC","08.PredBirdNCC","PredNCC","08.PredBirdNCC"
"3423","DC_corm_3_WS_2026","Westport_2026","DC_corm_3_WS_2026","CC_NCC_Seabird_290","",1998-01-01,0,0,0,-2.40081171609497,"08.PredBirdNCC","PredNCC","08.PredBirdNCC","PredNCC","08.PredBirdNCC"
"3424","DC_corm_3_WS_2026","Westport_2026","DC_corm_3_WS_2026","CC_NCC_Seabird_290","",1999-01-01,0,0,0,-2.07309122300481,"08.PredBirdNCC","PredNCC","08.PredBirdNCC","PredNCC","08.PredBirdNCC"
"3425","DC_corm_3_WS_2026","Westport_2026","DC_corm_3_WS_2026","CC_NCC_Seabird_290","",2000-01-01,0.066666667,0.066666667,0.066666667,-1.25378999027942,"08.PredBirdNCC","PredNCC","08.PredBirdNCC","PredNCC","08.PredBirdNCC"
"3426","DC_corm_3_WS_2026","Westport_2026","DC_corm_3_WS_2026","CC_NCC_Seabird_290","",2001-01-01,0.063829787,0.063829787,0.063829787,-0.766841214352609,"08.PredBirdNCC","PredNCC","08.PredBirdNCC","PredNCC","08.PredBirdNCC"
"3427","DC_corm_3_WS_2026","Westport_2026","DC_corm_3_WS_2026","CC_NCC_Seabird_290","",2002-01-01,0.129032258,0.129032258,0.129032258,-0.0553712363363028,"08.PredBirdNCC","PredNCC","08.PredBirdNCC","PredNCC","08.PredBirdNCC"
"3428","DC_corm_3_WS_2026","Westport_2026","DC_corm_3_WS_2026","CC_NCC_Seabird_290","",2003-01-01,0.09375,0.09375,0.09375,-0.0150542483803047,"08.PredBirdNCC","PredNCC","08.PredBirdNCC","PredNCC","08.PredBirdNCC"
"3429","DC_corm_3_WS_2026","Westport_2026","DC_corm_3_WS_2026","CC_NCC_Seabird_290","",2004-01-01,0.127659574,0.127659574,0.127659574,0.264082049384281,"08.PredBirdNCC","PredNCC","08.PredBirdNCC","PredNCC","08.PredBirdNCC"
"3430","DC_corm_3_WS_2026","Westport_2026","DC_corm_3_WS_2026","CC_NCC_Seabird_290","",2005-01-01,0.117647059,0.117647059,0.117647059,0.225353266777309,"08.PredBirdNCC","PredNCC","08.PredBirdNCC","PredNCC","08.PredBirdNCC"
"3431","DC_corm_3_WS_2026","Westport_2026","DC_corm_3_WS_2026","CC_NCC_Seabird_290","",2006-01-01,0.074074074,0.074074074,0.074074074,0.0768242605149367,"08.PredBirdNCC","PredNCC","08.PredBirdNCC","PredNCC","08.PredBirdNCC"
"3432","DC_corm_3_WS_2026","Westport_2026","DC_corm_3_WS_2026","CC_NCC_Seabird_290","",2007-01-01,0.170212766,0.170212766,0.170212766,0.743975455963316,"08.PredBirdNCC","PredNCC","08.PredBirdNCC","PredNCC","08.PredBirdNCC"
"3433","DC_corm_3_WS_2026","Westport_2026","DC_corm_3_WS_2026","CC_NCC_Seabird_290","",2008-01-01,0.11627907,0.11627907,0.11627907,0.5242819303882,"08.PredBirdNCC","PredNCC","08.PredBirdNCC","PredNCC","08.PredBirdNCC"
"3434","DC_corm_3_WS_2026","Westport_2026","DC_corm_3_WS_2026","CC_NCC_Seabird_290","",2009-01-01,NA,0.1257071025,0.1257071025,0.527435743952644,"08.PredBirdNCC","PredNCC","08.PredBirdNCC","PredNCC","08.PredBirdNCC"
"3435","DC_corm_3_WS_2026","Westport_2026","DC_corm_3_WS_2026","CC_NCC_Seabird_290","",2010-01-01,0.135135135,0.135135135,0.135135135,0.52420369733455,"08.PredBirdNCC","PredNCC","08.PredBirdNCC","PredNCC","08.PredBirdNCC"
"3436","DC_corm_3_WS_2026","Westport_2026","DC_corm_3_WS_2026","CC_NCC_Seabird_290","",2011-01-01,0.102040816,0.102040816,0.102040816,0.278966731029276,"08.PredBirdNCC","PredNCC","08.PredBirdNCC","PredNCC","08.PredBirdNCC"
"3437","DC_corm_3_WS_2026","Westport_2026","DC_corm_3_WS_2026","CC_NCC_Seabird_290","",2012-01-01,0.11627907,0.11627907,0.11627907,0.362213740508589,"08.PredBirdNCC","PredNCC","08.PredBirdNCC","PredNCC","08.PredBirdNCC"
"3438","DC_corm_3_WS_2026","Westport_2026","DC_corm_3_WS_2026","CC_NCC_Seabird_290","",2013-01-01,0.136363636,0.136363636,0.136363636,0.506239899247854,"08.PredBirdNCC","PredNCC","08.PredBirdNCC","PredNCC","08.PredBirdNCC"
"3439","DC_corm_3_WS_2026","Westport_2026","DC_corm_3_WS_2026","CC_NCC_Seabird_290","",2014-01-01,0.127659574,0.127659574,0.127659574,0.360016613272799,"08.PredBirdNCC","PredNCC","08.PredBirdNCC","PredNCC","08.PredBirdNCC"
"3440","DC_corm_3_WS_2026","Westport_2026","DC_corm_3_WS_2026","CC_NCC_Seabird_290","",2015-01-01,0.06779661,0.06779661,0.06779661,-0.00813718918529438,"08.PredBirdNCC","PredNCC","08.PredBirdNCC","PredNCC","08.PredBirdNCC"
"3441","DC_corm_3_WS_2026","Westport_2026","DC_corm_3_WS_2026","CC_NCC_Seabird_290","",2016-01-01,0.142857143,0.142857143,0.142857143,0.509157934182596,"08.PredBirdNCC","PredNCC","08.PredBirdNCC","PredNCC","08.PredBirdNCC"
"3442","DC_corm_3_WS_2026","Westport_2026","DC_corm_3_WS_2026","CC_NCC_Seabird_290","",2017-01-01,0.131147541,0.131147541,0.131147541,0.579066334545388,"08.PredBirdNCC","PredNCC","08.PredBirdNCC","PredNCC","08.PredBirdNCC"
"3443","DC_corm_3_WS_2026","Westport_2026","DC_corm_3_WS_2026","CC_NCC_Seabird_290","",2018-01-01,0.120689655,0.120689655,0.120689655,0.560120728195028,"08.PredBirdNCC","PredNCC","08.PredBirdNCC","PredNCC","08.PredBirdNCC"
"3444","DC_corm_3_WS_2026","Westport_2026","DC_corm_3_WS_2026","CC_NCC_Seabird_290","",2019-01-01,0.146341463,0.146341463,0.146341463,0.691146882463632,"08.PredBirdNCC","PredNCC","08.PredBirdNCC","PredNCC","08.PredBirdNCC"
"3445","DC_corm_3_WS_2026","Westport_2026","DC_corm_3_WS_2026","CC_NCC_Seabird_290","",2020-01-01,0.125,0.125,0.125,0.470891943644471,"08.PredBirdNCC","PredNCC","08.PredBirdNCC","PredNCC","08.PredBirdNCC"
"3446","DC_corm_3_WS_2026","Westport_2026","DC_corm_3_WS_2026","CC_NCC_Seabird_290","",2021-01-01,0.111111111,0.111111111,0.111111111,0.20513637184162,"08.PredBirdNCC","PredNCC","08.PredBirdNCC","PredNCC","08.PredBirdNCC"
"3447","DC_corm_3_WS_2026","Westport_2026","DC_corm_3_WS_2026","CC_NCC_Seabird_290","",2022-01-01,0.103896104,0.103896104,0.103896104,-0.0295348976459121,"08.PredBirdNCC","PredNCC","08.PredBirdNCC","PredNCC","08.PredBirdNCC"
"3448","DC_corm_3_WS_2026","Westport_2026","DC_corm_3_WS_2026","CC_NCC_Seabird_290","",2023-01-01,0.097560976,0.097560976,0.097560976,-0.289953916559483,"08.PredBirdNCC","PredNCC","08.PredBirdNCC","PredNCC","08.PredBirdNCC"
"3449","DC_corm_3_WS_2026","Westport_2026","DC_corm_3_WS_2026","CC_NCC_Seabird_290","",2024-01-01,0.060606061,0.060606061,0.060606061,-0.680388197952463,"08.PredBirdNCC","PredNCC","08.PredBirdNCC","PredNCC","08.PredBirdNCC"
"3450","DC_corm_3_WS_2026","Westport_2026","DC_corm_3_WS_2026","CC_NCC_Seabird_290","",2025-01-01,NA,NA,NA,NA,"08.PredBirdNCC","PredNCC","08.PredBirdNCC","PredNCC","08.PredBirdNCC"
"3451","DC_corm_3_WS_2026","Westport_2026","DC_corm_3_WS_2026","CC_NCC_Seabird_290","",2026-01-01,NA,NA,NA,NA,"08.PredBirdNCC","PredNCC","08.PredBirdNCC","PredNCC","08.PredBirdNCC"
"3452","Fish_eating_alcids_5_WS_2026","Westport_2026","Fish_eating_alcids_5_WS_2026","CC_NCC_Seabird_292","",1998-01-01,0.789473684,0.789473684,0.789473684,-1.04416128982264,"08.PredBirdNCC","PredNCC","08.PredBirdNCC","PredNCC","08.PredBirdNCC"
"3453","Fish_eating_alcids_5_WS_2026","Westport_2026","Fish_eating_alcids_5_WS_2026","CC_NCC_Seabird_292","",1999-01-01,0.777777778,0.777777778,0.777777778,-1.06027666289476,"08.PredBirdNCC","PredNCC","08.PredBirdNCC","PredNCC","08.PredBirdNCC"
"3454","Fish_eating_alcids_5_WS_2026","Westport_2026","Fish_eating_alcids_5_WS_2026","CC_NCC_Seabird_292","",2000-01-01,0.666666667,0.666666667,0.666666667,-1.02154211836526,"08.PredBirdNCC","PredNCC","08.PredBirdNCC","PredNCC","08.PredBirdNCC"
"3455","Fish_eating_alcids_5_WS_2026","Westport_2026","Fish_eating_alcids_5_WS_2026","CC_NCC_Seabird_292","",2001-01-01,0.829787234,0.829787234,0.829787234,-0.138504801185738,"08.PredBirdNCC","PredNCC","08.PredBirdNCC","PredNCC","08.PredBirdNCC"
"3456","Fish_eating_alcids_5_WS_2026","Westport_2026","Fish_eating_alcids_5_WS_2026","CC_NCC_Seabird_292","",2002-01-01,1.403225806,1.403225806,1.403225806,1.36975423649907,"08.PredBirdNCC","PredNCC","08.PredBirdNCC","PredNCC","08.PredBirdNCC"
"3457","Fish_eating_alcids_5_WS_2026","Westport_2026","Fish_eating_alcids_5_WS_2026","CC_NCC_Seabird_292","",2003-01-01,1.09375,1.09375,1.09375,1.13707650487567,"08.PredBirdNCC","PredNCC","08.PredBirdNCC","PredNCC","08.PredBirdNCC"
"3458","Fish_eating_alcids_5_WS_2026","Westport_2026","Fish_eating_alcids_5_WS_2026","CC_NCC_Seabird_292","",2004-01-01,1.106382979,1.106382979,1.106382979,1.02174666245278,"08.PredBirdNCC","PredNCC","08.PredBirdNCC","PredNCC","08.PredBirdNCC"
"3459","Fish_eating_alcids_5_WS_2026","Westport_2026","Fish_eating_alcids_5_WS_2026","CC_NCC_Seabird_292","",2005-01-01,1.117647059,1.117647059,1.117647059,0.823080588856834,"08.PredBirdNCC","PredNCC","08.PredBirdNCC","PredNCC","08.PredBirdNCC"
"3460","Fish_eating_alcids_5_WS_2026","Westport_2026","Fish_eating_alcids_5_WS_2026","CC_NCC_Seabird_292","",2006-01-01,0.962962963,0.962962963,0.962962963,0.266306850451442,"08.PredBirdNCC","PredNCC","08.PredBirdNCC","PredNCC","08.PredBirdNCC"
"3461","Fish_eating_alcids_5_WS_2026","Westport_2026","Fish_eating_alcids_5_WS_2026","CC_NCC_Seabird_292","",2007-01-01,0.829787234,0.829787234,0.829787234,-0.1602306412043,"08.PredBirdNCC","PredNCC","08.PredBirdNCC","PredNCC","08.PredBirdNCC"
"3462","Fish_eating_alcids_5_WS_2026","Westport_2026","Fish_eating_alcids_5_WS_2026","CC_NCC_Seabird_292","",2008-01-01,0.953488372,0.953488372,0.953488372,0.0167277476266887,"08.PredBirdNCC","PredNCC","08.PredBirdNCC","PredNCC","08.PredBirdNCC"
"3463","Fish_eating_alcids_5_WS_2026","Westport_2026","Fish_eating_alcids_5_WS_2026","CC_NCC_Seabird_292","",2009-01-01,NA,0.976744186,0.976744186,0.138358020981986,"08.PredBirdNCC","PredNCC","08.PredBirdNCC","PredNCC","08.PredBirdNCC"
"3464","Fish_eating_alcids_5_WS_2026","Westport_2026","Fish_eating_alcids_5_WS_2026","CC_NCC_Seabird_292","",2010-01-01,1,1,1,0.169163363497367,"08.PredBirdNCC","PredNCC","08.PredBirdNCC","PredNCC","08.PredBirdNCC"
"3465","Fish_eating_alcids_5_WS_2026","Westport_2026","Fish_eating_alcids_5_WS_2026","CC_NCC_Seabird_292","",2011-01-01,0.93877551,0.93877551,0.93877551,-0.0171779710313124,"08.PredBirdNCC","PredNCC","08.PredBirdNCC","PredNCC","08.PredBirdNCC"
"3466","Fish_eating_alcids_5_WS_2026","Westport_2026","Fish_eating_alcids_5_WS_2026","CC_NCC_Seabird_292","",2012-01-01,0.813953488,0.813953488,0.813953488,-0.193346205462437,"08.PredBirdNCC","PredNCC","08.PredBirdNCC","PredNCC","08.PredBirdNCC"
"3467","Fish_eating_alcids_5_WS_2026","Westport_2026","Fish_eating_alcids_5_WS_2026","CC_NCC_Seabird_292","",2013-01-01,1.090909091,1.090909091,1.090909091,0.30784602385876,"08.PredBirdNCC","PredNCC","08.PredBirdNCC","PredNCC","08.PredBirdNCC"
"3468","Fish_eating_alcids_5_WS_2026","Westport_2026","Fish_eating_alcids_5_WS_2026","CC_NCC_Seabird_292","",2014-01-01,0.978723404,0.978723404,0.978723404,0.116350163026104,"08.PredBirdNCC","PredNCC","08.PredBirdNCC","PredNCC","08.PredBirdNCC"
"3469","Fish_eating_alcids_5_WS_2026","Westport_2026","Fish_eating_alcids_5_WS_2026","CC_NCC_Seabird_292","",2015-01-01,0.86440678,0.86440678,0.86440678,-0.2013510033537,"08.PredBirdNCC","PredNCC","08.PredBirdNCC","PredNCC","08.PredBirdNCC"
"3470","Fish_eating_alcids_5_WS_2026","Westport_2026","Fish_eating_alcids_5_WS_2026","CC_NCC_Seabird_292","",2016-01-01,0.984126984,0.984126984,0.984126984,-0.190582395386542,"08.PredBirdNCC","PredNCC","08.PredBirdNCC","PredNCC","08.PredBirdNCC"
"3471","Fish_eating_alcids_5_WS_2026","Westport_2026","Fish_eating_alcids_5_WS_2026","CC_NCC_Seabird_292","",2017-01-01,0.754098361,0.754098361,0.754098361,-0.64946074945087,"08.PredBirdNCC","PredNCC","08.PredBirdNCC","PredNCC","08.PredBirdNCC"
"3472","Fish_eating_alcids_5_WS_2026","Westport_2026","Fish_eating_alcids_5_WS_2026","CC_NCC_Seabird_292","",2018-01-01,0.844827586,0.844827586,0.844827586,-0.482684124990893,"08.PredBirdNCC","PredNCC","08.PredBirdNCC","PredNCC","08.PredBirdNCC"
"3473","Fish_eating_alcids_5_WS_2026","Westport_2026","Fish_eating_alcids_5_WS_2026","CC_NCC_Seabird_292","",2019-01-01,1,1,1,-0.136484712719843,"08.PredBirdNCC","PredNCC","08.PredBirdNCC","PredNCC","08.PredBirdNCC"
"3474","Fish_eating_alcids_5_WS_2026","Westport_2026","Fish_eating_alcids_5_WS_2026","CC_NCC_Seabird_292","",2020-01-01,0.8125,0.8125,0.8125,-0.313080053710061,"08.PredBirdNCC","PredNCC","08.PredBirdNCC","PredNCC","08.PredBirdNCC"
"3475","Fish_eating_alcids_5_WS_2026","Westport_2026","Fish_eating_alcids_5_WS_2026","CC_NCC_Seabird_292","",2021-01-01,1,1,1,0.0777716613157151,"08.PredBirdNCC","PredNCC","08.PredBirdNCC","PredNCC","08.PredBirdNCC"
"3476","Fish_eating_alcids_5_WS_2026","Westport_2026","Fish_eating_alcids_5_WS_2026","CC_NCC_Seabird_292","",2022-01-01,1,1,1,0.16008499711578,"08.PredBirdNCC","PredNCC","08.PredBirdNCC","PredNCC","08.PredBirdNCC"
"3477","Fish_eating_alcids_5_WS_2026","Westport_2026","Fish_eating_alcids_5_WS_2026","CC_NCC_Seabird_292","",2023-01-01,0.926829268,0.926829268,0.926829268,0.0161732894901987,"08.PredBirdNCC","PredNCC","08.PredBirdNCC","PredNCC","08.PredBirdNCC"
"3478","Fish_eating_alcids_5_WS_2026","Westport_2026","Fish_eating_alcids_5_WS_2026","CC_NCC_Seabird_292","",2024-01-01,0.939393939,0.939393939,0.939393939,-0.0034996939339933,"08.PredBirdNCC","PredNCC","08.PredBirdNCC","PredNCC","08.PredBirdNCC"
"3479","Fish_eating_alcids_5_WS_2026","Westport_2026","Fish_eating_alcids_5_WS_2026","CC_NCC_Seabird_292","",2025-01-01,NA,NA,NA,NA,"08.PredBirdNCC","PredNCC","08.PredBirdNCC","PredNCC","08.PredBirdNCC"
"3480","Fish_eating_alcids_5_WS_2026","Westport_2026","Fish_eating_alcids_5_WS_2026","CC_NCC_Seabird_292","",2026-01-01,NA,NA,NA,NA,"08.PredBirdNCC","PredNCC","08.PredBirdNCC","PredNCC","08.PredBirdNCC"
"3481","Harbour_p_WS_2026","Westport_2026","Harbour_p_WS_2026","CC_NCC_Marine mammal_225","",1998-01-01,0,0,0,-1.5761192062969,"11.PredMammalSmolt","PredNCC","11.PredMammalSmolt","PredNCC","11.PredMammalSmolt"
"3482","Harbour_p_WS_2026","Westport_2026","Harbour_p_WS_2026","CC_NCC_Marine mammal_225","",1999-01-01,0,0,0,-1.31845812178436,"11.PredMammalSmolt","PredNCC","11.PredMammalSmolt","PredNCC","11.PredMammalSmolt"
"3483","Harbour_p_WS_2026","Westport_2026","Harbour_p_WS_2026","CC_NCC_Marine mammal_225","",2000-01-01,0.0666666666666667,0.0666666666666667,0.0666666666666667,-0.674305410503018,"11.PredMammalSmolt","PredNCC","11.PredMammalSmolt","PredNCC","11.PredMammalSmolt"
"3484","Harbour_p_WS_2026","Westport_2026","Harbour_p_WS_2026","CC_NCC_Marine mammal_225","",2001-01-01,0.0851063829787234,0.0851063829787234,0.0851063829787234,-0.114506589633127,"11.PredMammalSmolt","PredNCC","11.PredMammalSmolt","PredNCC","11.PredMammalSmolt"
"3485","Harbour_p_WS_2026","Westport_2026","Harbour_p_WS_2026","CC_NCC_Marine mammal_225","",2002-01-01,0.17741935483871,0.17741935483871,0.17741935483871,0.61233339637604,"11.PredMammalSmolt","PredNCC","11.PredMammalSmolt","PredNCC","11.PredMammalSmolt"
"3486","Harbour_p_WS_2026","Westport_2026","Harbour_p_WS_2026","CC_NCC_Marine mammal_225","",2003-01-01,0.125,0.125,0.125,0.689122532214998,"11.PredMammalSmolt","PredNCC","11.PredMammalSmolt","PredNCC","11.PredMammalSmolt"
"3487","Harbour_p_WS_2026","Westport_2026","Harbour_p_WS_2026","CC_NCC_Marine mammal_225","",2004-01-01,0.234042553191489,0.234042553191489,0.234042553191489,1.06936227045663,"11.PredMammalSmolt","PredNCC","11.PredMammalSmolt","PredNCC","11.PredMammalSmolt"
"3488","Harbour_p_WS_2026","Westport_2026","Harbour_p_WS_2026","CC_NCC_Marine mammal_225","",2005-01-01,0.0588235294117647,0.0588235294117647,0.0588235294117647,0.309558544810957,"11.PredMammalSmolt","PredNCC","11.PredMammalSmolt","PredNCC","11.PredMammalSmolt"
"3489","Harbour_p_WS_2026","Westport_2026","Harbour_p_WS_2026","CC_NCC_Marine mammal_225","",2006-01-01,0.148148148148148,0.148148148148148,0.148148148148148,0.580441146239764,"11.PredMammalSmolt","PredNCC","11.PredMammalSmolt","PredNCC","11.PredMammalSmolt"
"3490","Harbour_p_WS_2026","Westport_2026","Harbour_p_WS_2026","CC_NCC_Marine mammal_225","",2007-01-01,0.127659574468085,0.127659574468085,0.127659574468085,0.658940801435734,"11.PredMammalSmolt","PredNCC","11.PredMammalSmolt","PredNCC","11.PredMammalSmolt"
"3491","Harbour_p_WS_2026","Westport_2026","Harbour_p_WS_2026","CC_NCC_Marine mammal_225","",2008-01-01,0.186046511627907,0.186046511627907,0.186046511627907,0.966228015949462,"11.PredMammalSmolt","PredNCC","11.PredMammalSmolt","PredNCC","11.PredMammalSmolt"
"3492","Harbour_p_WS_2026","Westport_2026","Harbour_p_WS_2026","CC_NCC_Marine mammal_225","",2009-01-01,NA,0.160590823381521,0.160590823381521,0.833070031817175,"11.PredMammalSmolt","PredNCC","11.PredMammalSmolt","PredNCC","11.PredMammalSmolt"
"3493","Harbour_p_WS_2026","Westport_2026","Harbour_p_WS_2026","CC_NCC_Marine mammal_225","",2010-01-01,0.135135135135135,0.135135135135135,0.135135135135135,0.552054574391454,"11.PredMammalSmolt","PredNCC","11.PredMammalSmolt","PredNCC","11.PredMammalSmolt"
"3494","Harbour_p_WS_2026","Westport_2026","Harbour_p_WS_2026","CC_NCC_Marine mammal_225","",2011-01-01,0.122448979591837,0.122448979591837,0.122448979591837,0.267911895731441,"11.PredMammalSmolt","PredNCC","11.PredMammalSmolt","PredNCC","11.PredMammalSmolt"
"3495","Harbour_p_WS_2026","Westport_2026","Harbour_p_WS_2026","CC_NCC_Marine mammal_225","",2012-01-01,0.116279069767442,0.116279069767442,0.116279069767442,-0.0913250684713919,"11.PredMammalSmolt","PredNCC","11.PredMammalSmolt","PredNCC","11.PredMammalSmolt"
"3496","Harbour_p_WS_2026","Westport_2026","Harbour_p_WS_2026","CC_NCC_Marine mammal_225","",2013-01-01,0.0227272727272727,0.0227272727272727,0.0227272727272727,-0.781701704560355,"11.PredMammalSmolt","PredNCC","11.PredMammalSmolt","PredNCC","11.PredMammalSmolt"
"3497","Harbour_p_WS_2026","Westport_2026","Harbour_p_WS_2026","CC_NCC_Marine mammal_225","",2014-01-01,0.0212765957446809,0.0212765957446809,0.0212765957446809,-0.928943329086598,"11.PredMammalSmolt","PredNCC","11.PredMammalSmolt","PredNCC","11.PredMammalSmolt"
"3498","Harbour_p_WS_2026","Westport_2026","Harbour_p_WS_2026","CC_NCC_Marine mammal_225","",2015-01-01,0.0508474576271186,0.0508474576271186,0.0508474576271186,-0.656029032591467,"11.PredMammalSmolt","PredNCC","11.PredMammalSmolt","PredNCC","11.PredMammalSmolt"
"3499","Harbour_p_WS_2026","Westport_2026","Harbour_p_WS_2026","CC_NCC_Marine mammal_225","",2016-01-01,0.126984126984127,0.126984126984127,0.126984126984127,-0.184616397774837,"11.PredMammalSmolt","PredNCC","11.PredMammalSmolt","PredNCC","11.PredMammalSmolt"
"3500","Harbour_p_WS_2026","Westport_2026","Harbour_p_WS_2026","CC_NCC_Marine mammal_225","",2017-01-01,0.0655737704918033,0.0655737704918033,0.0655737704918033,-0.316676561630541,"11.PredMammalSmolt","PredNCC","11.PredMammalSmolt","PredNCC","11.PredMammalSmolt"
"3501","Harbour_p_WS_2026","Westport_2026","Harbour_p_WS_2026","CC_NCC_Marine mammal_225","",2018-01-01,0.0862068965517241,0.0862068965517241,0.0862068965517241,-0.157183107542242,"11.PredMammalSmolt","PredNCC","11.PredMammalSmolt","PredNCC","11.PredMammalSmolt"
"3502","Harbour_p_WS_2026","Westport_2026","Harbour_p_WS_2026","CC_NCC_Marine mammal_225","",2019-01-01,0.146341463414634,0.146341463414634,0.146341463414634,0.108268933511813,"11.PredMammalSmolt","PredNCC","11.PredMammalSmolt","PredNCC","11.PredMammalSmolt"
"3503","Harbour_p_WS_2026","Westport_2026","Harbour_p_WS_2026","CC_NCC_Marine mammal_225","",2020-01-01,0.0625,0.0625,0.0625,-0.260617430236071,"11.PredMammalSmolt","PredNCC","11.PredMammalSmolt","PredNCC","11.PredMammalSmolt"
"3504","Harbour_p_WS_2026","Westport_2026","Harbour_p_WS_2026","CC_NCC_Marine mammal_225","",2021-01-01,0.0952380952380952,0.0952380952380952,0.0952380952380952,-0.230482314849608,"11.PredMammalSmolt","PredNCC","11.PredMammalSmolt","PredNCC","11.PredMammalSmolt"
"3505","Harbour_p_WS_2026","Westport_2026","Harbour_p_WS_2026","CC_NCC_Marine mammal_225","",2022-01-01,0.051948051948052,0.051948051948052,0.051948051948052,-0.318734377847582,"11.PredMammalSmolt","PredNCC","11.PredMammalSmolt","PredNCC","11.PredMammalSmolt"
"3506","Harbour_p_WS_2026","Westport_2026","Harbour_p_WS_2026","CC_NCC_Marine mammal_225","",2023-01-01,0.0975609756097561,0.0975609756097561,0.0975609756097561,0.110399141448391,"11.PredMammalSmolt","PredNCC","11.PredMammalSmolt","PredNCC","11.PredMammalSmolt"
"3507","Harbour_p_WS_2026","Westport_2026","Harbour_p_WS_2026","CC_NCC_Marine mammal_225","",2024-01-01,0.181818181818182,0.181818181818182,0.181818181818182,0.723176826167973,"11.PredMammalSmolt","PredNCC","11.PredMammalSmolt","PredNCC","11.PredMammalSmolt"
"3508","Harbour_p_WS_2026","Westport_2026","Harbour_p_WS_2026","CC_NCC_Marine mammal_225","",2025-01-01,NA,NA,NA,NA,"11.PredMammalSmolt","PredNCC","11.PredMammalSmolt","PredNCC","11.PredMammalSmolt"
"3509","Harbour_p_WS_2026","Westport_2026","Harbour_p_WS_2026","CC_NCC_Marine mammal_225","",2026-01-01,NA,NA,NA,NA,"11.PredMammalSmolt","PredNCC","11.PredMammalSmolt","PredNCC","11.PredMammalSmolt"
"3510","Harbour_s_2yrLead_WS_2026","Westport_2026","Harbour_s_2yrLead_WS_2026","CC_NCC_Marine mammal_227","",1998-01-01,0.0333333333333333,0.0333333333333333,0.0333333333333333,-0.806780445970729,"10.PredMammalNCC_2","PredAK","10.PredMammalNCC_2","PredAK",NA
"3511","Harbour_s_2yrLead_WS_2026","Westport_2026","Harbour_s_2yrLead_WS_2026","CC_NCC_Marine mammal_227","",1999-01-01,0.0425531914893617,0.0425531914893617,0.0425531914893617,-0.454142416386277,"10.PredMammalNCC_2","PredAK","10.PredMammalNCC_2","PredAK",NA
"3512","Harbour_s_2yrLead_WS_2026","Westport_2026","Harbour_s_2yrLead_WS_2026","CC_NCC_Marine mammal_227","",2000-01-01,0.0645161290322581,0.0645161290322581,0.0645161290322581,0.17732744493239,"10.PredMammalNCC_2","PredAK","10.PredMammalNCC_2","PredAK",NA
"3513","Harbour_s_2yrLead_WS_2026","Westport_2026","Harbour_s_2yrLead_WS_2026","CC_NCC_Marine mammal_227","",2001-01-01,0.125,0.125,0.125,1.12326722725242,"10.PredMammalNCC_2","PredAK","10.PredMammalNCC_2","PredAK",NA
"3514","Harbour_s_2yrLead_WS_2026","Westport_2026","Harbour_s_2yrLead_WS_2026","CC_NCC_Marine mammal_227","",2002-01-01,0.191489361702128,0.191489361702128,0.191489361702128,1.68875187189257,"10.PredMammalNCC_2","PredAK","10.PredMammalNCC_2","PredAK",NA
"3515","Harbour_s_2yrLead_WS_2026","Westport_2026","Harbour_s_2yrLead_WS_2026","CC_NCC_Marine mammal_227","",2003-01-01,0.0588235294117647,0.0588235294117647,0.0588235294117647,0.635478432321394,"10.PredMammalNCC_2","PredAK","10.PredMammalNCC_2","PredAK",NA
"3516","Harbour_s_2yrLead_WS_2026","Westport_2026","Harbour_s_2yrLead_WS_2026","CC_NCC_Marine mammal_227","",2004-01-01,0.0740740740740741,0.0740740740740741,0.0740740740740741,0.509260239117171,"10.PredMammalNCC_2","PredAK","10.PredMammalNCC_2","PredAK",NA
"3517","Harbour_s_2yrLead_WS_2026","Westport_2026","Harbour_s_2yrLead_WS_2026","CC_NCC_Marine mammal_227","",2005-01-01,0.127659574468085,0.127659574468085,0.127659574468085,0.77014760103963,"10.PredMammalNCC_2","PredAK","10.PredMammalNCC_2","PredAK",NA
"3518","Harbour_s_2yrLead_WS_2026","Westport_2026","Harbour_s_2yrLead_WS_2026","CC_NCC_Marine mammal_227","",2006-01-01,0.0697674418604651,0.0697674418604651,0.0697674418604651,0.225308695422567,"10.PredMammalNCC_2","PredAK","10.PredMammalNCC_2","PredAK",NA
"3519","Harbour_s_2yrLead_WS_2026","Westport_2026","Harbour_s_2yrLead_WS_2026","CC_NCC_Marine mammal_227","",2007-01-01,NA,0.0619107479572596,0.0619107479572596,-0.0995417225728338,"10.PredMammalNCC_2","PredAK","10.PredMammalNCC_2","PredAK",NA
"3520","Harbour_s_2yrLead_WS_2026","Westport_2026","Harbour_s_2yrLead_WS_2026","CC_NCC_Marine mammal_227","",2008-01-01,0.0540540540540541,0.0540540540540541,0.0540540540540541,-0.316110094109631,"10.PredMammalNCC_2","PredAK","10.PredMammalNCC_2","PredAK",NA
"3521","Harbour_s_2yrLead_WS_2026","Westport_2026","Harbour_s_2yrLead_WS_2026","CC_NCC_Marine mammal_227","",2009-01-01,0.0408163265306122,0.0408163265306122,0.0408163265306122,-0.427820813892278,"10.PredMammalNCC_2","PredAK","10.PredMammalNCC_2","PredAK",NA
"3522","Harbour_s_2yrLead_WS_2026","Westport_2026","Harbour_s_2yrLead_WS_2026","CC_NCC_Marine mammal_227","",2010-01-01,0.0697674418604651,0.0697674418604651,0.0697674418604651,-0.18725875012631,"10.PredMammalNCC_2","PredAK","10.PredMammalNCC_2","PredAK",NA
"3523","Harbour_s_2yrLead_WS_2026","Westport_2026","Harbour_s_2yrLead_WS_2026","CC_NCC_Marine mammal_227","",2011-01-01,0.0681818181818182,0.0681818181818182,0.0681818181818182,-0.139275644287557,"10.PredMammalNCC_2","PredAK","10.PredMammalNCC_2","PredAK",NA
"3524","Harbour_s_2yrLead_WS_2026","Westport_2026","Harbour_s_2yrLead_WS_2026","CC_NCC_Marine mammal_227","",2012-01-01,0.0638297872340425,0.0638297872340425,0.0638297872340425,-0.192872060667468,"10.PredMammalNCC_2","PredAK","10.PredMammalNCC_2","PredAK",NA
"3525","Harbour_s_2yrLead_WS_2026","Westport_2026","Harbour_s_2yrLead_WS_2026","CC_NCC_Marine mammal_227","",2013-01-01,0.0508474576271186,0.0508474576271186,0.0508474576271186,-0.283578318769265,"10.PredMammalNCC_2","PredAK","10.PredMammalNCC_2","PredAK",NA
"3526","Harbour_s_2yrLead_WS_2026","Westport_2026","Harbour_s_2yrLead_WS_2026","CC_NCC_Marine mammal_227","",2014-01-01,0.0634920634920635,0.0634920634920635,0.0634920634920635,-0.149903506350731,"10.PredMammalNCC_2","PredAK","10.PredMammalNCC_2","PredAK",NA
"3527","Harbour_s_2yrLead_WS_2026","Westport_2026","Harbour_s_2yrLead_WS_2026","CC_NCC_Marine mammal_227","",2015-01-01,0.0819672131147541,0.0819672131147541,0.0819672131147541,-0.00120788563615942,"10.PredMammalNCC_2","PredAK","10.PredMammalNCC_2","PredAK",NA
"3528","Harbour_s_2yrLead_WS_2026","Westport_2026","Harbour_s_2yrLead_WS_2026","CC_NCC_Marine mammal_227","",2016-01-01,0.0517241379310345,0.0517241379310345,0.0517241379310345,-0.190007530253075,"10.PredMammalNCC_2","PredAK","10.PredMammalNCC_2","PredAK",NA
"3529","Harbour_s_2yrLead_WS_2026","Westport_2026","Harbour_s_2yrLead_WS_2026","CC_NCC_Marine mammal_227","",2017-01-01,0.0975609756097561,0.0975609756097561,0.0975609756097561,-0.0846387454400369,"10.PredMammalNCC_2","PredAK","10.PredMammalNCC_2","PredAK",NA
"3530","Harbour_s_2yrLead_WS_2026","Westport_2026","Harbour_s_2yrLead_WS_2026","CC_NCC_Marine mammal_227","",2018-01-01,0,0,0,-0.823238728496315,"10.PredMammalNCC_2","PredAK","10.PredMammalNCC_2","PredAK",NA
"3531","Harbour_s_2yrLead_WS_2026","Westport_2026","Harbour_s_2yrLead_WS_2026","CC_NCC_Marine mammal_227","",2019-01-01,0.0476190476190476,0.0476190476190476,0.0476190476190476,-0.497679133578592,"10.PredMammalNCC_2","PredAK","10.PredMammalNCC_2","PredAK",NA
"3532","Harbour_s_2yrLead_WS_2026","Westport_2026","Harbour_s_2yrLead_WS_2026","CC_NCC_Marine mammal_227","",2020-01-01,0.0909090909090909,0.0909090909090909,0.0909090909090909,-0.0742558596368061,"10.PredMammalNCC_2","PredAK","10.PredMammalNCC_2","PredAK",NA
"3533","Harbour_s_2yrLead_WS_2026","Westport_2026","Harbour_s_2yrLead_WS_2026","CC_NCC_Marine mammal_227","",2021-01-01,0.0487804878048781,0.0487804878048781,0.0487804878048781,-0.303959718063406,"10.PredMammalNCC_2","PredAK","10.PredMammalNCC_2","PredAK",NA
"3534","Harbour_s_2yrLead_WS_2026","Westport_2026","Harbour_s_2yrLead_WS_2026","CC_NCC_Marine mammal_227","",2022-01-01,0.0606060606060606,0.0606060606060606,0.0606060606060606,-0.273589152532896,"10.PredMammalNCC_2","PredAK","10.PredMammalNCC_2","PredAK",NA
"3535","Harbour_s_2yrLead_WS_2026","Westport_2026","Harbour_s_2yrLead_WS_2026","CC_NCC_Marine mammal_227","",2023-01-01,NA,NA,NA,NA,"10.PredMammalNCC_2","PredAK","10.PredMammalNCC_2","PredAK",NA
"3536","Harbour_s_2yrLead_WS_2026","Westport_2026","Harbour_s_2yrLead_WS_2026","CC_NCC_Marine mammal_227","",2024-01-01,NA,NA,NA,NA,"10.PredMammalNCC_2","PredAK","10.PredMammalNCC_2","PredAK",NA
"3537","Harbour_s_2yrLead_WS_2026","Westport_2026","Harbour_s_2yrLead_WS_2026","CC_NCC_Marine mammal_227","",2025-01-01,NA,NA,NA,NA,"10.PredMammalNCC_2","PredAK","10.PredMammalNCC_2","PredAK",NA
"3538","Harbour_s_2yrLead_WS_2026","Westport_2026","Harbour_s_2yrLead_WS_2026","CC_NCC_Marine mammal_227","",2026-01-01,NA,NA,NA,NA,"10.PredMammalNCC_2","PredAK","10.PredMammalNCC_2","PredAK",NA
"3539","Harbour_s_WS_2026","Westport_2026","Harbour_s_WS_2026","CC_NCC_Marine mammal_226","",1998-01-01,0.0526315789473684,0.0526315789473684,0.0526315789473684,-0.45316260700988,"11.PredMammalSmolt","PredNCC","11.PredMammalSmolt","PredNCC","11.PredMammalSmolt"
"3540","Harbour_s_WS_2026","Westport_2026","Harbour_s_WS_2026","CC_NCC_Marine mammal_226","",1999-01-01,0.0555555555555556,0.0555555555555556,0.0555555555555556,-0.473651314764102,"11.PredMammalSmolt","PredNCC","11.PredMammalSmolt","PredNCC","11.PredMammalSmolt"
"3541","Harbour_s_WS_2026","Westport_2026","Harbour_s_WS_2026","CC_NCC_Marine mammal_226","",2000-01-01,0.0333333333333333,0.0333333333333333,0.0333333333333333,-0.6068753516594,"11.PredMammalSmolt","PredNCC","11.PredMammalSmolt","PredNCC","11.PredMammalSmolt"
"3542","Harbour_s_WS_2026","Westport_2026","Harbour_s_WS_2026","CC_NCC_Marine mammal_226","",2001-01-01,0.0425531914893617,0.0425531914893617,0.0425531914893617,-0.362841521517029,"11.PredMammalSmolt","PredNCC","11.PredMammalSmolt","PredNCC","11.PredMammalSmolt"
"3543","Harbour_s_WS_2026","Westport_2026","Harbour_s_WS_2026","CC_NCC_Marine mammal_226","",2002-01-01,0.0645161290322581,0.0645161290322581,0.0645161290322581,0.243915153785301,"11.PredMammalSmolt","PredNCC","11.PredMammalSmolt","PredNCC","11.PredMammalSmolt"
"3544","Harbour_s_WS_2026","Westport_2026","Harbour_s_WS_2026","CC_NCC_Marine mammal_226","",2003-01-01,0.125,0.125,0.125,1.20420569709513,"11.PredMammalSmolt","PredNCC","11.PredMammalSmolt","PredNCC","11.PredMammalSmolt"
"3545","Harbour_s_WS_2026","Westport_2026","Harbour_s_WS_2026","CC_NCC_Marine mammal_226","",2004-01-01,0.191489361702128,0.191489361702128,0.191489361702128,1.78206406976674,"11.PredMammalSmolt","PredNCC","11.PredMammalSmolt","PredNCC","11.PredMammalSmolt"
"3546","Harbour_s_WS_2026","Westport_2026","Harbour_s_WS_2026","CC_NCC_Marine mammal_226","",2005-01-01,0.0588235294117647,0.0588235294117647,0.0588235294117647,0.690669423173069,"11.PredMammalSmolt","PredNCC","11.PredMammalSmolt","PredNCC","11.PredMammalSmolt"
"3547","Harbour_s_WS_2026","Westport_2026","Harbour_s_WS_2026","CC_NCC_Marine mammal_226","",2006-01-01,0.0740740740740741,0.0740740740740741,0.0740740740740741,0.559210592276366,"11.PredMammalSmolt","PredNCC","11.PredMammalSmolt","PredNCC","11.PredMammalSmolt"
"3548","Harbour_s_WS_2026","Westport_2026","Harbour_s_WS_2026","CC_NCC_Marine mammal_226","",2007-01-01,0.127659574468085,0.127659574468085,0.127659574468085,0.828530645050687,"11.PredMammalSmolt","PredNCC","11.PredMammalSmolt","PredNCC","11.PredMammalSmolt"
"3549","Harbour_s_WS_2026","Westport_2026","Harbour_s_WS_2026","CC_NCC_Marine mammal_226","",2008-01-01,0.0697674418604651,0.0697674418604651,0.0697674418604651,0.265156306290397,"11.PredMammalSmolt","PredNCC","11.PredMammalSmolt","PredNCC","11.PredMammalSmolt"
"3550","Harbour_s_WS_2026","Westport_2026","Harbour_s_WS_2026","CC_NCC_Marine mammal_226","",2009-01-01,NA,0.0619107479572596,0.0619107479572596,-0.0707149012433568,"11.PredMammalSmolt","PredNCC","11.PredMammalSmolt","PredNCC","11.PredMammalSmolt"
"3551","Harbour_s_WS_2026","Westport_2026","Harbour_s_WS_2026","CC_NCC_Marine mammal_226","",2010-01-01,0.0540540540540541,0.0540540540540541,0.0540540540540541,-0.294614968488384,"11.PredMammalSmolt","PredNCC","11.PredMammalSmolt","PredNCC","11.PredMammalSmolt"
"3552","Harbour_s_WS_2026","Westport_2026","Harbour_s_WS_2026","CC_NCC_Marine mammal_226","",2011-01-01,0.0408163265306122,0.0408163265306122,0.0408163265306122,-0.410104746093767,"11.PredMammalSmolt","PredNCC","11.PredMammalSmolt","PredNCC","11.PredMammalSmolt"
"3553","Harbour_s_WS_2026","Westport_2026","Harbour_s_WS_2026","CC_NCC_Marine mammal_226","",2012-01-01,0.0697674418604651,0.0697674418604651,0.0697674418604651,-0.161424915294249,"11.PredMammalSmolt","PredNCC","11.PredMammalSmolt","PredNCC","11.PredMammalSmolt"
"3554","Harbour_s_WS_2026","Westport_2026","Harbour_s_WS_2026","CC_NCC_Marine mammal_226","",2013-01-01,0.0681818181818182,0.0681818181818182,0.0681818181818182,-0.111823174852842,"11.PredMammalSmolt","PredNCC","11.PredMammalSmolt","PredNCC","11.PredMammalSmolt"
"3555","Harbour_s_WS_2026","Westport_2026","Harbour_s_WS_2026","CC_NCC_Marine mammal_226","",2014-01-01,0.0638297872340425,0.0638297872340425,0.0638297872340425,-0.167229324251501,"11.PredMammalSmolt","PredNCC","11.PredMammalSmolt","PredNCC","11.PredMammalSmolt"
"3556","Harbour_s_WS_2026","Westport_2026","Harbour_s_WS_2026","CC_NCC_Marine mammal_226","",2015-01-01,0.0508474576271186,0.0508474576271186,0.0508474576271186,-0.260997782040246,"11.PredMammalSmolt","PredNCC","11.PredMammalSmolt","PredNCC","11.PredMammalSmolt"
"3557","Harbour_s_WS_2026","Westport_2026","Harbour_s_WS_2026","CC_NCC_Marine mammal_226","",2016-01-01,0.0634920634920635,0.0634920634920635,0.0634920634920635,-0.122810486866116,"11.PredMammalSmolt","PredNCC","11.PredMammalSmolt","PredNCC","11.PredMammalSmolt"
"3558","Harbour_s_WS_2026","Westport_2026","Harbour_s_WS_2026","CC_NCC_Marine mammal_226","",2017-01-01,0.0819672131147541,0.0819672131147541,0.0819672131147541,0.030904723824196,"11.PredMammalSmolt","PredNCC","11.PredMammalSmolt","PredNCC","11.PredMammalSmolt"
"3559","Harbour_s_WS_2026","Westport_2026","Harbour_s_WS_2026","CC_NCC_Marine mammal_226","",2018-01-01,0.0517241379310345,0.0517241379310345,0.0517241379310345,-0.164268362560698,"11.PredMammalSmolt","PredNCC","11.PredMammalSmolt","PredNCC","11.PredMammalSmolt"
"3560","Harbour_s_WS_2026","Westport_2026","Harbour_s_WS_2026","CC_NCC_Marine mammal_226","",2019-01-01,0.0975609756097561,0.0975609756097561,0.0975609756097561,-0.0553425788015314,"11.PredMammalSmolt","PredNCC","11.PredMammalSmolt","PredNCC","11.PredMammalSmolt"
"3561","Harbour_s_WS_2026","Westport_2026","Harbour_s_WS_2026","CC_NCC_Marine mammal_226","",2020-01-01,0,0,0,-0.818875962933999,"11.PredMammalSmolt","PredNCC","11.PredMammalSmolt","PredNCC","11.PredMammalSmolt"
"3562","Harbour_s_WS_2026","Westport_2026","Harbour_s_WS_2026","CC_NCC_Marine mammal_226","",2021-01-01,0.0476190476190476,0.0476190476190476,0.0476190476190476,-0.482326241692335,"11.PredMammalSmolt","PredNCC","11.PredMammalSmolt","PredNCC","11.PredMammalSmolt"
"3563","Harbour_s_WS_2026","Westport_2026","Harbour_s_WS_2026","CC_NCC_Marine mammal_226","",2022-01-01,0.0909090909090909,0.0909090909090909,0.0909090909090909,-0.0446091932792494,"11.PredMammalSmolt","PredNCC","11.PredMammalSmolt","PredNCC","11.PredMammalSmolt"
"3564","Harbour_s_WS_2026","Westport_2026","Harbour_s_WS_2026","CC_NCC_Marine mammal_226","",2023-01-01,0.0487804878048781,0.0487804878048781,0.0487804878048781,-0.28206731423109,"11.PredMammalSmolt","PredNCC","11.PredMammalSmolt","PredNCC","11.PredMammalSmolt"
"3565","Harbour_s_WS_2026","Westport_2026","Harbour_s_WS_2026","CC_NCC_Marine mammal_226","",2024-01-01,0.0606060606060606,0.0606060606060606,0.0606060606060606,-0.250671509805008,"11.PredMammalSmolt","PredNCC","11.PredMammalSmolt","PredNCC","11.PredMammalSmolt"
"3566","Harbour_s_WS_2026","Westport_2026","Harbour_s_WS_2026","CC_NCC_Marine mammal_226","",2025-01-01,NA,NA,NA,NA,"11.PredMammalSmolt","PredNCC","11.PredMammalSmolt","PredNCC","11.PredMammalSmolt"
"3567","Harbour_s_WS_2026","Westport_2026","Harbour_s_WS_2026","CC_NCC_Marine mammal_226","",2026-01-01,NA,NA,NA,NA,"11.PredMammalSmolt","PredNCC","11.PredMammalSmolt","PredNCC","11.PredMammalSmolt"
"3568","Large_gulls_7_WS_2026","Westport_2026","Large_gulls_7_WS_2026","CC_NCC_Seabird_294","",1998-01-01,1.105263158,1.105263158,1.105263158,-0.0121240792009545,"08.PredBirdNCC_b_1","PredNCC","08.PredBirdNCC_b_1","PredNCC",NA
"3569","Large_gulls_7_WS_2026","Westport_2026","Large_gulls_7_WS_2026","CC_NCC_Seabird_294","",1999-01-01,1,1,1,-0.239887386891339,"08.PredBirdNCC_b_1","PredNCC","08.PredBirdNCC_b_1","PredNCC",NA
"3570","Large_gulls_7_WS_2026","Westport_2026","Large_gulls_7_WS_2026","CC_NCC_Seabird_294","",2000-01-01,1.1,1.1,1.1,-0.162359998818779,"08.PredBirdNCC_b_1","PredNCC","08.PredBirdNCC_b_1","PredNCC",NA
"3571","Large_gulls_7_WS_2026","Westport_2026","Large_gulls_7_WS_2026","CC_NCC_Seabird_294","",2001-01-01,0.978723404,0.978723404,0.978723404,-0.316603400729722,"08.PredBirdNCC_b_1","PredNCC","08.PredBirdNCC_b_1","PredNCC",NA
"3572","Large_gulls_7_WS_2026","Westport_2026","Large_gulls_7_WS_2026","CC_NCC_Seabird_294","",2002-01-01,1.096774194,1.096774194,1.096774194,-0.111508528972684,"08.PredBirdNCC_b_1","PredNCC","08.PredBirdNCC_b_1","PredNCC",NA
"3573","Large_gulls_7_WS_2026","Westport_2026","Large_gulls_7_WS_2026","CC_NCC_Seabird_294","",2003-01-01,1.15625,1.15625,1.15625,-0.0675075325860654,"08.PredBirdNCC_b_1","PredNCC","08.PredBirdNCC_b_1","PredNCC",NA
"3574","Large_gulls_7_WS_2026","Westport_2026","Large_gulls_7_WS_2026","CC_NCC_Seabird_294","",2004-01-01,1.021276596,1.021276596,1.021276596,-0.506131101473426,"08.PredBirdNCC_b_1","PredNCC","08.PredBirdNCC_b_1","PredNCC",NA
"3575","Large_gulls_7_WS_2026","Westport_2026","Large_gulls_7_WS_2026","CC_NCC_Seabird_294","",2005-01-01,0.647058824,0.647058824,0.647058824,-1.03647128092335,"08.PredBirdNCC_b_1","PredNCC","08.PredBirdNCC_b_1","PredNCC",NA
"3576","Large_gulls_7_WS_2026","Westport_2026","Large_gulls_7_WS_2026","CC_NCC_Seabird_294","",2006-01-01,1.166666667,1.166666667,1.166666667,0.111032540179616,"08.PredBirdNCC_b_1","PredNCC","08.PredBirdNCC_b_1","PredNCC",NA
"3577","Large_gulls_7_WS_2026","Westport_2026","Large_gulls_7_WS_2026","CC_NCC_Seabird_294","",2007-01-01,1.425531915,1.425531915,1.425531915,0.890432192369507,"08.PredBirdNCC_b_1","PredNCC","08.PredBirdNCC_b_1","PredNCC",NA
"3578","Large_gulls_7_WS_2026","Westport_2026","Large_gulls_7_WS_2026","CC_NCC_Seabird_294","",2008-01-01,1.11627907,1.11627907,1.11627907,0.49017031544424,"08.PredBirdNCC_b_1","PredNCC","08.PredBirdNCC_b_1","PredNCC",NA
"3579","Large_gulls_7_WS_2026","Westport_2026","Large_gulls_7_WS_2026","CC_NCC_Seabird_294","",2009-01-01,NA,1.1527341295,1.1527341295,0.410618609817283,"08.PredBirdNCC_b_1","PredNCC","08.PredBirdNCC_b_1","PredNCC",NA
"3580","Large_gulls_7_WS_2026","Westport_2026","Large_gulls_7_WS_2026","CC_NCC_Seabird_294","",2010-01-01,1.189189189,1.189189189,1.189189189,0.34817663023058,"08.PredBirdNCC_b_1","PredNCC","08.PredBirdNCC_b_1","PredNCC",NA
"3581","Large_gulls_7_WS_2026","Westport_2026","Large_gulls_7_WS_2026","CC_NCC_Seabird_294","",2011-01-01,1.040816327,1.040816327,1.040816327,0.0163536574663311,"08.PredBirdNCC_b_1","PredNCC","08.PredBirdNCC_b_1","PredNCC",NA
"3582","Large_gulls_7_WS_2026","Westport_2026","Large_gulls_7_WS_2026","CC_NCC_Seabird_294","",2012-01-01,1.139534884,1.139534884,1.139534884,-0.0047901796208859,"08.PredBirdNCC_b_1","PredNCC","08.PredBirdNCC_b_1","PredNCC",NA
"3583","Large_gulls_7_WS_2026","Westport_2026","Large_gulls_7_WS_2026","CC_NCC_Seabird_294","",2013-01-01,0.931818182,0.931818182,0.931818182,-0.343111985834961,"08.PredBirdNCC_b_1","PredNCC","08.PredBirdNCC_b_1","PredNCC",NA
"3584","Large_gulls_7_WS_2026","Westport_2026","Large_gulls_7_WS_2026","CC_NCC_Seabird_294","",2014-01-01,1.021276596,1.021276596,1.021276596,-0.0603298278341892,"08.PredBirdNCC_b_1","PredNCC","08.PredBirdNCC_b_1","PredNCC",NA
"3585","Large_gulls_7_WS_2026","Westport_2026","Large_gulls_7_WS_2026","CC_NCC_Seabird_294","",2015-01-01,1.305084746,1.305084746,1.305084746,0.576536993243255,"08.PredBirdNCC_b_1","PredNCC","08.PredBirdNCC_b_1","PredNCC",NA
"3586","Large_gulls_7_WS_2026","Westport_2026","Large_gulls_7_WS_2026","CC_NCC_Seabird_294","",2016-01-01,1.238095238,1.238095238,1.238095238,0.460101985583267,"08.PredBirdNCC_b_1","PredNCC","08.PredBirdNCC_b_1","PredNCC",NA
"3587","Large_gulls_7_WS_2026","Westport_2026","Large_gulls_7_WS_2026","CC_NCC_Seabird_294","",2017-01-01,0.983606557,0.983606557,0.983606557,-0.114359795680054,"08.PredBirdNCC_b_1","PredNCC","08.PredBirdNCC_b_1","PredNCC",NA
"3588","Large_gulls_7_WS_2026","Westport_2026","Large_gulls_7_WS_2026","CC_NCC_Seabird_294","",2018-01-01,1.051724138,1.051724138,1.051724138,-0.157251013255285,"08.PredBirdNCC_b_1","PredNCC","08.PredBirdNCC_b_1","PredNCC",NA
"3589","Large_gulls_7_WS_2026","Westport_2026","Large_gulls_7_WS_2026","CC_NCC_Seabird_294","",2019-01-01,1.195121951,1.195121951,1.195121951,-0.130105958658306,"08.PredBirdNCC_b_1","PredNCC","08.PredBirdNCC_b_1","PredNCC",NA
"3590","Large_gulls_7_WS_2026","Westport_2026","Large_gulls_7_WS_2026","CC_NCC_Seabird_294","",2020-01-01,0.6875,0.6875,0.6875,-0.887086581289922,"08.PredBirdNCC_b_1","PredNCC","08.PredBirdNCC_b_1","PredNCC",NA
"3591","Large_gulls_7_WS_2026","Westport_2026","Large_gulls_7_WS_2026","CC_NCC_Seabird_294","",2021-01-01,1.158730159,1.158730159,1.158730159,-0.0653854718727862,"08.PredBirdNCC_b_1","PredNCC","08.PredBirdNCC_b_1","PredNCC",NA
"3592","Large_gulls_7_WS_2026","Westport_2026","Large_gulls_7_WS_2026","CC_NCC_Seabird_294","",2022-01-01,1.194805195,1.194805195,1.194805195,0.26057035171663,"08.PredBirdNCC_b_1","PredNCC","08.PredBirdNCC_b_1","PredNCC",NA
"3593","Large_gulls_7_WS_2026","Westport_2026","Large_gulls_7_WS_2026","CC_NCC_Seabird_294","",2023-01-01,1.048780488,1.048780488,1.048780488,0.19502355558554,"08.PredBirdNCC_b_1","PredNCC","08.PredBirdNCC_b_1","PredNCC",NA
"3594","Large_gulls_7_WS_2026","Westport_2026","Large_gulls_7_WS_2026","CC_NCC_Seabird_294","",2024-01-01,1.242424242,1.242424242,1.242424242,0.569878945851659,"08.PredBirdNCC_b_1","PredNCC","08.PredBirdNCC_b_1","PredNCC",NA
"3595","Large_gulls_7_WS_2026","Westport_2026","Large_gulls_7_WS_2026","CC_NCC_Seabird_294","",2025-01-01,NA,NA,NA,NA,"08.PredBirdNCC_b_1","PredNCC","08.PredBirdNCC_b_1","PredNCC",NA
"3596","Large_gulls_7_WS_2026","Westport_2026","Large_gulls_7_WS_2026","CC_NCC_Seabird_294","",2026-01-01,NA,NA,NA,NA,"08.PredBirdNCC_b_1","PredNCC","08.PredBirdNCC_b_1","PredNCC",NA
"3597","Loons_8_WS_2026","Westport_2026","Loons_8_WS_2026","CC_NCC_Seabird_295","",1998-01-01,0.842105263,0.842105263,0.842105263,0.741184213498737,"08.PredBirdNCC_b_2","PredNCC","08.PredBirdNCC_b_2","PredNCC",NA
"3598","Loons_8_WS_2026","Westport_2026","Loons_8_WS_2026","CC_NCC_Seabird_295","",1999-01-01,0.777777778,0.777777778,0.777777778,0.509414464873415,"08.PredBirdNCC_b_2","PredNCC","08.PredBirdNCC_b_2","PredNCC",NA
"3599","Loons_8_WS_2026","Westport_2026","Loons_8_WS_2026","CC_NCC_Seabird_295","",2000-01-01,0.7,0.7,0.7,0.201575764166656,"08.PredBirdNCC_b_2","PredNCC","08.PredBirdNCC_b_2","PredNCC",NA
"3600","Loons_8_WS_2026","Westport_2026","Loons_8_WS_2026","CC_NCC_Seabird_295","",2001-01-01,0.510638298,0.510638298,0.510638298,-0.161798820777712,"08.PredBirdNCC_b_2","PredNCC","08.PredBirdNCC_b_2","PredNCC",NA
"3601","Loons_8_WS_2026","Westport_2026","Loons_8_WS_2026","CC_NCC_Seabird_295","",2002-01-01,0.580645161,0.580645161,0.580645161,-0.144613401711967,"08.PredBirdNCC_b_2","PredNCC","08.PredBirdNCC_b_2","PredNCC",NA
"3602","Loons_8_WS_2026","Westport_2026","Loons_8_WS_2026","CC_NCC_Seabird_295","",2003-01-01,0.75,0.75,0.75,-0.0252461254771778,"08.PredBirdNCC_b_2","PredNCC","08.PredBirdNCC_b_2","PredNCC",NA
"3603","Loons_8_WS_2026","Westport_2026","Loons_8_WS_2026","CC_NCC_Seabird_295","",2004-01-01,0.595744681,0.595744681,0.595744681,-0.399332759446077,"08.PredBirdNCC_b_2","PredNCC","08.PredBirdNCC_b_2","PredNCC",NA
"3604","Loons_8_WS_2026","Westport_2026","Loons_8_WS_2026","CC_NCC_Seabird_295","",2005-01-01,0.058823529,0.058823529,0.058823529,-0.989705900626454,"08.PredBirdNCC_b_2","PredNCC","08.PredBirdNCC_b_2","PredNCC",NA
"3605","Loons_8_WS_2026","Westport_2026","Loons_8_WS_2026","CC_NCC_Seabird_295","",2006-01-01,0.740740741,0.740740741,0.740740741,-0.119899076260896,"08.PredBirdNCC_b_2","PredNCC","08.PredBirdNCC_b_2","PredNCC",NA
"3606","Loons_8_WS_2026","Westport_2026","Loons_8_WS_2026","CC_NCC_Seabird_295","",2007-01-01,0.659574468,0.659574468,0.659574468,0.200892763119396,"08.PredBirdNCC_b_2","PredNCC","08.PredBirdNCC_b_2","PredNCC",NA
"3607","Loons_8_WS_2026","Westport_2026","Loons_8_WS_2026","CC_NCC_Seabird_295","",2008-01-01,1,1,1,0.636139189494247,"08.PredBirdNCC_b_2","PredNCC","08.PredBirdNCC_b_2","PredNCC",NA
"3608","Loons_8_WS_2026","Westport_2026","Loons_8_WS_2026","CC_NCC_Seabird_295","",2009-01-01,NA,0.7027027025,0.7027027025,0.183836339025603,"08.PredBirdNCC_b_2","PredNCC","08.PredBirdNCC_b_2","PredNCC",NA
"3609","Loons_8_WS_2026","Westport_2026","Loons_8_WS_2026","CC_NCC_Seabird_295","",2010-01-01,0.405405405,0.405405405,0.405405405,-0.353152421929273,"08.PredBirdNCC_b_2","PredNCC","08.PredBirdNCC_b_2","PredNCC",NA
"3610","Loons_8_WS_2026","Westport_2026","Loons_8_WS_2026","CC_NCC_Seabird_295","",2011-01-01,0.469387755,0.469387755,0.469387755,-0.256649637499348,"08.PredBirdNCC_b_2","PredNCC","08.PredBirdNCC_b_2","PredNCC",NA
"3611","Loons_8_WS_2026","Westport_2026","Loons_8_WS_2026","CC_NCC_Seabird_295","",2012-01-01,0.906976744,0.906976744,0.906976744,0.299718939188948,"08.PredBirdNCC_b_2","PredNCC","08.PredBirdNCC_b_2","PredNCC",NA
"3612","Loons_8_WS_2026","Westport_2026","Loons_8_WS_2026","CC_NCC_Seabird_295","",2013-01-01,0.636363636,0.636363636,0.636363636,0.0248549873227558,"08.PredBirdNCC_b_2","PredNCC","08.PredBirdNCC_b_2","PredNCC",NA
"3613","Loons_8_WS_2026","Westport_2026","Loons_8_WS_2026","CC_NCC_Seabird_295","",2014-01-01,0.489361702,0.489361702,0.489361702,-0.213597814225024,"08.PredBirdNCC_b_2","PredNCC","08.PredBirdNCC_b_2","PredNCC",NA
"3614","Loons_8_WS_2026","Westport_2026","Loons_8_WS_2026","CC_NCC_Seabird_295","",2015-01-01,0.728813559,0.728813559,0.728813559,-0.0334614610162149,"08.PredBirdNCC_b_2","PredNCC","08.PredBirdNCC_b_2","PredNCC",NA
"3615","Loons_8_WS_2026","Westport_2026","Loons_8_WS_2026","CC_NCC_Seabird_295","",2016-01-01,0.507936508,0.507936508,0.507936508,-0.265546836799747,"08.PredBirdNCC_b_2","PredNCC","08.PredBirdNCC_b_2","PredNCC",NA
"3616","Loons_8_WS_2026","Westport_2026","Loons_8_WS_2026","CC_NCC_Seabird_295","",2017-01-01,0.524590164,0.524590164,0.524590164,-0.209413475992118,"08.PredBirdNCC_b_2","PredNCC","08.PredBirdNCC_b_2","PredNCC",NA
"3617","Loons_8_WS_2026","Westport_2026","Loons_8_WS_2026","CC_NCC_Seabird_295","",2018-01-01,0.75862069,0.75862069,0.75862069,0.120761533469506,"08.PredBirdNCC_b_2","PredNCC","08.PredBirdNCC_b_2","PredNCC",NA
"3618","Loons_8_WS_2026","Westport_2026","Loons_8_WS_2026","CC_NCC_Seabird_295","",2019-01-01,0.87804878,0.87804878,0.87804878,0.0670944046454869,"08.PredBirdNCC_b_2","PredNCC","08.PredBirdNCC_b_2","PredNCC",NA
"3619","Loons_8_WS_2026","Westport_2026","Loons_8_WS_2026","CC_NCC_Seabird_295","",2020-01-01,0,0,0,-0.928298158635102,"08.PredBirdNCC_b_2","PredNCC","08.PredBirdNCC_b_2","PredNCC",NA
"3620","Loons_8_WS_2026","Westport_2026","Loons_8_WS_2026","CC_NCC_Seabird_295","",2021-01-01,0.666666667,0.666666667,0.666666667,-0.153754620443611,"08.PredBirdNCC_b_2","PredNCC","08.PredBirdNCC_b_2","PredNCC",NA
"3621","Loons_8_WS_2026","Westport_2026","Loons_8_WS_2026","CC_NCC_Seabird_295","",2022-01-01,0.74025974,0.74025974,0.74025974,0.35065340504086,"08.PredBirdNCC_b_2","PredNCC","08.PredBirdNCC_b_2","PredNCC",NA
"3622","Loons_8_WS_2026","Westport_2026","Loons_8_WS_2026","CC_NCC_Seabird_295","",2023-01-01,1.048780488,1.048780488,1.048780488,0.778629675895162,"08.PredBirdNCC_b_2","PredNCC","08.PredBirdNCC_b_2","PredNCC",NA
"3623","Loons_8_WS_2026","Westport_2026","Loons_8_WS_2026","CC_NCC_Seabird_295","",2024-01-01,0.575757576,0.575757576,0.575757576,0.25559970541261,"08.PredBirdNCC_b_2","PredNCC","08.PredBirdNCC_b_2","PredNCC",NA
"3624","Loons_8_WS_2026","Westport_2026","Loons_8_WS_2026","CC_NCC_Seabird_295","",2025-01-01,NA,NA,NA,NA,"08.PredBirdNCC_b_2","PredNCC","08.PredBirdNCC_b_2","PredNCC",NA
"3625","Loons_8_WS_2026","Westport_2026","Loons_8_WS_2026","CC_NCC_Seabird_295","",2026-01-01,NA,NA,NA,NA,"08.PredBirdNCC_b_2","PredNCC","08.PredBirdNCC_b_2","PredNCC",NA
"3626","Northern_f_s_2yrLead_WS_2026","Westport_2026","Northern_f_s_2yrLead_WS_2026","CC_NCC_Marine mammal_229","",1998-01-01,0.1,0.1,0.1,0.588519344083657,"10.PredMammalNCC_3","PredAK","10.PredMammalNCC_3","PredAK",NA
"3627","Northern_f_s_2yrLead_WS_2026","Westport_2026","Northern_f_s_2yrLead_WS_2026","CC_NCC_Marine mammal_229","",1999-01-01,0.0212765957446809,0.0212765957446809,0.0212765957446809,-0.323968551027802,"10.PredMammalNCC_3","PredAK","10.PredMammalNCC_3","PredAK",NA
"3628","Northern_f_s_2yrLead_WS_2026","Westport_2026","Northern_f_s_2yrLead_WS_2026","CC_NCC_Marine mammal_229","",2000-01-01,0,0,0,-0.755712352107618,"10.PredMammalNCC_3","PredAK","10.PredMammalNCC_3","PredAK",NA
"3629","Northern_f_s_2yrLead_WS_2026","Westport_2026","Northern_f_s_2yrLead_WS_2026","CC_NCC_Marine mammal_229","",2001-01-01,0.03125,0.03125,0.03125,-0.638597498965651,"10.PredMammalNCC_3","PredAK","10.PredMammalNCC_3","PredAK",NA
"3630","Northern_f_s_2yrLead_WS_2026","Westport_2026","Northern_f_s_2yrLead_WS_2026","CC_NCC_Marine mammal_229","",2002-01-01,0.0212765957446809,0.0212765957446809,0.0212765957446809,-0.58967610657518,"10.PredMammalNCC_3","PredAK","10.PredMammalNCC_3","PredAK",NA
"3631","Northern_f_s_2yrLead_WS_2026","Westport_2026","Northern_f_s_2yrLead_WS_2026","CC_NCC_Marine mammal_229","",2003-01-01,0.0588235294117647,0.0588235294117647,0.0588235294117647,-0.325718175700443,"10.PredMammalNCC_3","PredAK","10.PredMammalNCC_3","PredAK",NA
"3632","Northern_f_s_2yrLead_WS_2026","Westport_2026","Northern_f_s_2yrLead_WS_2026","CC_NCC_Marine mammal_229","",2004-01-01,0,0,0,-0.464868765943095,"10.PredMammalNCC_3","PredAK","10.PredMammalNCC_3","PredAK",NA
"3633","Northern_f_s_2yrLead_WS_2026","Westport_2026","Northern_f_s_2yrLead_WS_2026","CC_NCC_Marine mammal_229","",2005-01-01,0.106382978723404,0.106382978723404,0.106382978723404,0.23568288420056,"10.PredMammalNCC_3","PredAK","10.PredMammalNCC_3","PredAK",NA
"3634","Northern_f_s_2yrLead_WS_2026","Westport_2026","Northern_f_s_2yrLead_WS_2026","CC_NCC_Marine mammal_229","",2006-01-01,0.0232558139534884,0.0232558139534884,0.0232558139534884,-0.0228033814755931,"10.PredMammalNCC_3","PredAK","10.PredMammalNCC_3","PredAK",NA
"3635","Northern_f_s_2yrLead_WS_2026","Westport_2026","Northern_f_s_2yrLead_WS_2026","CC_NCC_Marine mammal_229","",2007-01-01,NA,0.0791954745443117,0.0791954745443117,0.454121164220948,"10.PredMammalNCC_3","PredAK","10.PredMammalNCC_3","PredAK",NA
"3636","Northern_f_s_2yrLead_WS_2026","Westport_2026","Northern_f_s_2yrLead_WS_2026","CC_NCC_Marine mammal_229","",2008-01-01,0.135135135135135,0.135135135135135,0.135135135135135,0.829171434559182,"10.PredMammalNCC_3","PredAK","10.PredMammalNCC_3","PredAK",NA
"3637","Northern_f_s_2yrLead_WS_2026","Westport_2026","Northern_f_s_2yrLead_WS_2026","CC_NCC_Marine mammal_229","",2009-01-01,0.0204081632653061,0.0204081632653061,0.0204081632653061,0.163188067449804,"10.PredMammalNCC_3","PredAK","10.PredMammalNCC_3","PredAK",NA
"3638","Northern_f_s_2yrLead_WS_2026","Westport_2026","Northern_f_s_2yrLead_WS_2026","CC_NCC_Marine mammal_229","",2010-01-01,0.0930232558139535,0.0930232558139535,0.0930232558139535,0.485507794942328,"10.PredMammalNCC_3","PredAK","10.PredMammalNCC_3","PredAK",NA
"3639","Northern_f_s_2yrLead_WS_2026","Westport_2026","Northern_f_s_2yrLead_WS_2026","CC_NCC_Marine mammal_229","",2011-01-01,0.0681818181818182,0.0681818181818182,0.0681818181818182,0.412479069782127,"10.PredMammalNCC_3","PredAK","10.PredMammalNCC_3","PredAK",NA
"3640","Northern_f_s_2yrLead_WS_2026","Westport_2026","Northern_f_s_2yrLead_WS_2026","CC_NCC_Marine mammal_229","",2012-01-01,0.0851063829787234,0.0851063829787234,0.0851063829787234,0.454681581209281,"10.PredMammalNCC_3","PredAK","10.PredMammalNCC_3","PredAK",NA
"3641","Northern_f_s_2yrLead_WS_2026","Westport_2026","Northern_f_s_2yrLead_WS_2026","CC_NCC_Marine mammal_229","",2013-01-01,0.0677966101694915,0.0677966101694915,0.0677966101694915,0.256703235095298,"10.PredMammalNCC_3","PredAK","10.PredMammalNCC_3","PredAK",NA
"3642","Northern_f_s_2yrLead_WS_2026","Westport_2026","Northern_f_s_2yrLead_WS_2026","CC_NCC_Marine mammal_229","",2014-01-01,0.0634920634920635,0.0634920634920635,0.0634920634920635,0.0272301148339564,"10.PredMammalNCC_3","PredAK","10.PredMammalNCC_3","PredAK",NA
"3643","Northern_f_s_2yrLead_WS_2026","Westport_2026","Northern_f_s_2yrLead_WS_2026","CC_NCC_Marine mammal_229","",2015-01-01,0.0163934426229508,0.0163934426229508,0.0163934426229508,-0.362082708371195,"10.PredMammalNCC_3","PredAK","10.PredMammalNCC_3","PredAK",NA
"3644","Northern_f_s_2yrLead_WS_2026","Westport_2026","Northern_f_s_2yrLead_WS_2026","CC_NCC_Marine mammal_229","",2016-01-01,0.0172413793103448,0.0172413793103448,0.0172413793103448,-0.194044003776957,"10.PredMammalNCC_3","PredAK","10.PredMammalNCC_3","PredAK",NA
"3645","Northern_f_s_2yrLead_WS_2026","Westport_2026","Northern_f_s_2yrLead_WS_2026","CC_NCC_Marine mammal_229","",2017-01-01,0.146341463414634,0.146341463414634,0.146341463414634,0.6794640657889,"10.PredMammalNCC_3","PredAK","10.PredMammalNCC_3","PredAK",NA
"3646","Northern_f_s_2yrLead_WS_2026","Westport_2026","Northern_f_s_2yrLead_WS_2026","CC_NCC_Marine mammal_229","",2018-01-01,0.0625,0.0625,0.0625,0.0989570153236171,"10.PredMammalNCC_3","PredAK","10.PredMammalNCC_3","PredAK",NA
"3647","Northern_f_s_2yrLead_WS_2026","Westport_2026","Northern_f_s_2yrLead_WS_2026","CC_NCC_Marine mammal_229","",2019-01-01,0,0,0,-0.54635594971914,"10.PredMammalNCC_3","PredAK","10.PredMammalNCC_3","PredAK",NA
"3648","Northern_f_s_2yrLead_WS_2026","Westport_2026","Northern_f_s_2yrLead_WS_2026","CC_NCC_Marine mammal_229","",2020-01-01,0.012987012987013,0.012987012987013,0.012987012987013,-0.433453858151636,"10.PredMammalNCC_3","PredAK","10.PredMammalNCC_3","PredAK",NA
"3649","Northern_f_s_2yrLead_WS_2026","Westport_2026","Northern_f_s_2yrLead_WS_2026","CC_NCC_Marine mammal_229","",2021-01-01,0.0975609756097561,0.0975609756097561,0.0975609756097561,0.245457031208077,"10.PredMammalNCC_3","PredAK","10.PredMammalNCC_3","PredAK",NA
"3650","Northern_f_s_2yrLead_WS_2026","Westport_2026","Northern_f_s_2yrLead_WS_2026","CC_NCC_Marine mammal_229","",2022-01-01,0.0606060606060606,0.0606060606060606,0.0606060606060606,0.182362496672304,"10.PredMammalNCC_3","PredAK","10.PredMammalNCC_3","PredAK",NA
"3651","Northern_f_s_2yrLead_WS_2026","Westport_2026","Northern_f_s_2yrLead_WS_2026","CC_NCC_Marine mammal_229","",2023-01-01,NA,NA,NA,NA,"10.PredMammalNCC_3","PredAK","10.PredMammalNCC_3","PredAK",NA
"3652","Northern_f_s_2yrLead_WS_2026","Westport_2026","Northern_f_s_2yrLead_WS_2026","CC_NCC_Marine mammal_229","",2024-01-01,NA,NA,NA,NA,"10.PredMammalNCC_3","PredAK","10.PredMammalNCC_3","PredAK",NA
"3653","Northern_f_s_2yrLead_WS_2026","Westport_2026","Northern_f_s_2yrLead_WS_2026","CC_NCC_Marine mammal_229","",2025-01-01,NA,NA,NA,NA,"10.PredMammalNCC_3","PredAK","10.PredMammalNCC_3","PredAK",NA
"3654","Northern_f_s_2yrLead_WS_2026","Westport_2026","Northern_f_s_2yrLead_WS_2026","CC_NCC_Marine mammal_229","",2026-01-01,NA,NA,NA,NA,"10.PredMammalNCC_3","PredAK","10.PredMammalNCC_3","PredAK",NA
"3655","Red_necked_phal_WS_2026","Westport_2026","Red_necked_phal_WS_2026","CC_NCC_Seabird_237","",1998-01-01,0.368421052631579,0.368421052631579,0.368421052631579,0.717247951604501,"01.ZooPreyNCC_WPbirds_0","PreyNCC","01.ZooPreyNCC_WPbirds_0","PreyNCC",NA
"3656","Red_necked_phal_WS_2026","Westport_2026","Red_necked_phal_WS_2026","CC_NCC_Seabird_237","",1999-01-01,0.0555555555555556,0.0555555555555556,0.0555555555555556,-0.274754230207092,"01.ZooPreyNCC_WPbirds_0","PreyNCC","01.ZooPreyNCC_WPbirds_0","PreyNCC",NA
"3657","Red_necked_phal_WS_2026","Westport_2026","Red_necked_phal_WS_2026","CC_NCC_Seabird_237","",2000-01-01,0.0333333333333333,0.0333333333333333,0.0333333333333333,-0.497603320727052,"01.ZooPreyNCC_WPbirds_0","PreyNCC","01.ZooPreyNCC_WPbirds_0","PreyNCC",NA
"3658","Red_necked_phal_WS_2026","Westport_2026","Red_necked_phal_WS_2026","CC_NCC_Seabird_237","",2001-01-01,0.25531914893617,0.25531914893617,0.25531914893617,-0.0138270238728302,"01.ZooPreyNCC_WPbirds_0","PreyNCC","01.ZooPreyNCC_WPbirds_0","PreyNCC",NA
"3659","Red_necked_phal_WS_2026","Westport_2026","Red_necked_phal_WS_2026","CC_NCC_Seabird_237","",2002-01-01,0.225806451612903,0.225806451612903,0.225806451612903,0.0588426378506821,"01.ZooPreyNCC_WPbirds_0","PreyNCC","01.ZooPreyNCC_WPbirds_0","PreyNCC",NA
"3660","Red_necked_phal_WS_2026","Westport_2026","Red_necked_phal_WS_2026","CC_NCC_Seabird_237","",2003-01-01,0.3125,0.3125,0.3125,0.00599357124308275,"01.ZooPreyNCC_WPbirds_0","PreyNCC","01.ZooPreyNCC_WPbirds_0","PreyNCC",NA
"3661","Red_necked_phal_WS_2026","Westport_2026","Red_necked_phal_WS_2026","CC_NCC_Seabird_237","",2004-01-01,0,0,0,-0.85067063521423,"01.ZooPreyNCC_WPbirds_0","PreyNCC","01.ZooPreyNCC_WPbirds_0","PreyNCC",NA
"3662","Red_necked_phal_WS_2026","Westport_2026","Red_necked_phal_WS_2026","CC_NCC_Seabird_237","",2005-01-01,0,0,0,-1.11329468888078,"01.ZooPreyNCC_WPbirds_0","PreyNCC","01.ZooPreyNCC_WPbirds_0","PreyNCC",NA
"3663","Red_necked_phal_WS_2026","Westport_2026","Red_necked_phal_WS_2026","CC_NCC_Seabird_237","",2006-01-01,0.0185185185185185,0.0185185185185185,0.0185185185185185,-1.0445026434231,"01.ZooPreyNCC_WPbirds_0","PreyNCC","01.ZooPreyNCC_WPbirds_0","PreyNCC",NA
"3664","Red_necked_phal_WS_2026","Westport_2026","Red_necked_phal_WS_2026","CC_NCC_Seabird_237","",2007-01-01,0,0,0,-0.709103608885605,"01.ZooPreyNCC_WPbirds_0","PreyNCC","01.ZooPreyNCC_WPbirds_0","PreyNCC",NA
"3665","Red_necked_phal_WS_2026","Westport_2026","Red_necked_phal_WS_2026","CC_NCC_Seabird_237","",2008-01-01,0.395348837209302,0.395348837209302,0.395348837209302,0.36190260477128,"01.ZooPreyNCC_WPbirds_0","PreyNCC","01.ZooPreyNCC_WPbirds_0","PreyNCC",NA
"3666","Red_necked_phal_WS_2026","Westport_2026","Red_necked_phal_WS_2026","CC_NCC_Seabird_237","",2009-01-01,NA,0.292269013199245,0.292269013199245,0.387292891415609,"01.ZooPreyNCC_WPbirds_0","PreyNCC","01.ZooPreyNCC_WPbirds_0","PreyNCC",NA
"3667","Red_necked_phal_WS_2026","Westport_2026","Red_necked_phal_WS_2026","CC_NCC_Seabird_237","",2010-01-01,0.189189189189189,0.189189189189189,0.189189189189189,0.136123051913281,"01.ZooPreyNCC_WPbirds_0","PreyNCC","01.ZooPreyNCC_WPbirds_0","PreyNCC",NA
"3668","Red_necked_phal_WS_2026","Westport_2026","Red_necked_phal_WS_2026","CC_NCC_Seabird_237","",2011-01-01,0.183673469387755,0.183673469387755,0.183673469387755,0.100888760983543,"01.ZooPreyNCC_WPbirds_0","PreyNCC","01.ZooPreyNCC_WPbirds_0","PreyNCC",NA
"3669","Red_necked_phal_WS_2026","Westport_2026","Red_necked_phal_WS_2026","CC_NCC_Seabird_237","",2012-01-01,0.232558139534884,0.232558139534884,0.232558139534884,0.286148680797112,"01.ZooPreyNCC_WPbirds_0","PreyNCC","01.ZooPreyNCC_WPbirds_0","PreyNCC",NA
"3670","Red_necked_phal_WS_2026","Westport_2026","Red_necked_phal_WS_2026","CC_NCC_Seabird_237","",2013-01-01,0.318181818181818,0.318181818181818,0.318181818181818,0.524486116595827,"01.ZooPreyNCC_WPbirds_0","PreyNCC","01.ZooPreyNCC_WPbirds_0","PreyNCC",NA
"3671","Red_necked_phal_WS_2026","Westport_2026","Red_necked_phal_WS_2026","CC_NCC_Seabird_237","",2014-01-01,0.191489361702128,0.191489361702128,0.191489361702128,0.436509694277613,"01.ZooPreyNCC_WPbirds_0","PreyNCC","01.ZooPreyNCC_WPbirds_0","PreyNCC",NA
"3672","Red_necked_phal_WS_2026","Westport_2026","Red_necked_phal_WS_2026","CC_NCC_Seabird_237","",2015-01-01,0.355932203389831,0.355932203389831,0.355932203389831,0.848260954794848,"01.ZooPreyNCC_WPbirds_0","PreyNCC","01.ZooPreyNCC_WPbirds_0","PreyNCC",NA
"3673","Red_necked_phal_WS_2026","Westport_2026","Red_necked_phal_WS_2026","CC_NCC_Seabird_237","",2016-01-01,0.46031746031746,0.46031746031746,0.46031746031746,0.985124460834437,"01.ZooPreyNCC_WPbirds_0","PreyNCC","01.ZooPreyNCC_WPbirds_0","PreyNCC",NA
"3674","Red_necked_phal_WS_2026","Westport_2026","Red_necked_phal_WS_2026","CC_NCC_Seabird_237","",2017-01-01,0.131147540983607,0.131147540983607,0.131147540983607,0.230880207518615,"01.ZooPreyNCC_WPbirds_0","PreyNCC","01.ZooPreyNCC_WPbirds_0","PreyNCC",NA
"3675","Red_necked_phal_WS_2026","Westport_2026","Red_necked_phal_WS_2026","CC_NCC_Seabird_237","",2018-01-01,0.293103448275862,0.293103448275862,0.293103448275862,0.206067946826345,"01.ZooPreyNCC_WPbirds_0","PreyNCC","01.ZooPreyNCC_WPbirds_0","PreyNCC",NA
"3676","Red_necked_phal_WS_2026","Westport_2026","Red_necked_phal_WS_2026","CC_NCC_Seabird_237","",2019-01-01,0.121951219512195,0.121951219512195,0.121951219512195,-0.282549385084928,"01.ZooPreyNCC_WPbirds_0","PreyNCC","01.ZooPreyNCC_WPbirds_0","PreyNCC",NA
"3677","Red_necked_phal_WS_2026","Westport_2026","Red_necked_phal_WS_2026","CC_NCC_Seabird_237","",2020-01-01,0.0625,0.0625,0.0625,-0.488817801528927,"01.ZooPreyNCC_WPbirds_0","PreyNCC","01.ZooPreyNCC_WPbirds_0","PreyNCC",NA
"3678","Red_necked_phal_WS_2026","Westport_2026","Red_necked_phal_WS_2026","CC_NCC_Seabird_237","",2021-01-01,0.222222222222222,0.222222222222222,0.222222222222222,-0.190097131316412,"01.ZooPreyNCC_WPbirds_0","PreyNCC","01.ZooPreyNCC_WPbirds_0","PreyNCC",NA
"3679","Red_necked_phal_WS_2026","Westport_2026","Red_necked_phal_WS_2026","CC_NCC_Seabird_237","",2022-01-01,0.116883116883117,0.116883116883117,0.116883116883117,-0.239976670440408,"01.ZooPreyNCC_WPbirds_0","PreyNCC","01.ZooPreyNCC_WPbirds_0","PreyNCC",NA
"3680","Red_necked_phal_WS_2026","Westport_2026","Red_necked_phal_WS_2026","CC_NCC_Seabird_237","",2023-01-01,0.146341463414634,0.146341463414634,0.146341463414634,0.0716290563895811,"01.ZooPreyNCC_WPbirds_0","PreyNCC","01.ZooPreyNCC_WPbirds_0","PreyNCC",NA
"3681","Red_necked_phal_WS_2026","Westport_2026","Red_necked_phal_WS_2026","CC_NCC_Seabird_237","",2024-01-01,0.424242424242424,0.424242424242424,0.424242424242424,0.843799642670794,"01.ZooPreyNCC_WPbirds_0","PreyNCC","01.ZooPreyNCC_WPbirds_0","PreyNCC",NA
"3682","Red_necked_phal_WS_2026","Westport_2026","Red_necked_phal_WS_2026","CC_NCC_Seabird_237","",2025-01-01,NA,NA,NA,NA,"01.ZooPreyNCC_WPbirds_0","PreyNCC","01.ZooPreyNCC_WPbirds_0","PreyNCC",NA
"3683","Red_necked_phal_WS_2026","Westport_2026","Red_necked_phal_WS_2026","CC_NCC_Seabird_237","",2026-01-01,NA,NA,NA,NA,"01.ZooPreyNCC_WPbirds_0","PreyNCC","01.ZooPreyNCC_WPbirds_0","PreyNCC",NA
"3684","Red_phal_WS_2026","Westport_2026","Red_phal_WS_2026","CC_NCC_Seabird_236","",1998-01-01,0,0,0,-0.759611715683894,"01.ZooPreyNCC_WPbirds","PreyNCC","01.ZooPreyNCC_WPbirds","PreyNCC",NA
"3685","Red_phal_WS_2026","Westport_2026","Red_phal_WS_2026","CC_NCC_Seabird_236","",1999-01-01,0.0555555555555556,0.0555555555555556,0.0555555555555556,-0.537777431136852,"01.ZooPreyNCC_WPbirds","PreyNCC","01.ZooPreyNCC_WPbirds","PreyNCC",NA
"3686","Red_phal_WS_2026","Westport_2026","Red_phal_WS_2026","CC_NCC_Seabird_236","",2000-01-01,0.0333333333333333,0.0333333333333333,0.0333333333333333,-0.540412380418136,"01.ZooPreyNCC_WPbirds","PreyNCC","01.ZooPreyNCC_WPbirds","PreyNCC",NA
"3687","Red_phal_WS_2026","Westport_2026","Red_phal_WS_2026","CC_NCC_Seabird_236","",2001-01-01,0.0212765957446809,0.0212765957446809,0.0212765957446809,-0.547263248549472,"01.ZooPreyNCC_WPbirds","PreyNCC","01.ZooPreyNCC_WPbirds","PreyNCC",NA
"3688","Red_phal_WS_2026","Westport_2026","Red_phal_WS_2026","CC_NCC_Seabird_236","",2002-01-01,0.0161290322580645,0.0161290322580645,0.0161290322580645,-0.444252164542651,"01.ZooPreyNCC_WPbirds","PreyNCC","01.ZooPreyNCC_WPbirds","PreyNCC",NA
"3689","Red_phal_WS_2026","Westport_2026","Red_phal_WS_2026","CC_NCC_Seabird_236","",2003-01-01,0.03125,0.03125,0.03125,-0.0767381273094531,"01.ZooPreyNCC_WPbirds","PreyNCC","01.ZooPreyNCC_WPbirds","PreyNCC",NA
"3690","Red_phal_WS_2026","Westport_2026","Red_phal_WS_2026","CC_NCC_Seabird_236","",2004-01-01,0.25531914893617,0.25531914893617,0.25531914893617,0.771130018956708,"01.ZooPreyNCC_WPbirds","PreyNCC","01.ZooPreyNCC_WPbirds","PreyNCC",NA
"3691","Red_phal_WS_2026","Westport_2026","Red_phal_WS_2026","CC_NCC_Seabird_236","",2005-01-01,0.117647058823529,0.117647058823529,0.117647058823529,0.699813154899552,"01.ZooPreyNCC_WPbirds","PreyNCC","01.ZooPreyNCC_WPbirds","PreyNCC",NA
"3692","Red_phal_WS_2026","Westport_2026","Red_phal_WS_2026","CC_NCC_Seabird_236","",2006-01-01,0.222222222222222,0.222222222222222,0.222222222222222,1.01884161056055,"01.ZooPreyNCC_WPbirds","PreyNCC","01.ZooPreyNCC_WPbirds","PreyNCC",NA
"3693","Red_phal_WS_2026","Westport_2026","Red_phal_WS_2026","CC_NCC_Seabird_236","",2007-01-01,0.25531914893617,0.25531914893617,0.25531914893617,0.998357892143959,"01.ZooPreyNCC_WPbirds","PreyNCC","01.ZooPreyNCC_WPbirds","PreyNCC",NA
"3694","Red_phal_WS_2026","Westport_2026","Red_phal_WS_2026","CC_NCC_Seabird_236","",2008-01-01,0.0697674418604651,0.0697674418604651,0.0697674418604651,0.285917036591305,"01.ZooPreyNCC_WPbirds","PreyNCC","01.ZooPreyNCC_WPbirds","PreyNCC",NA
"3695","Red_phal_WS_2026","Westport_2026","Red_phal_WS_2026","CC_NCC_Seabird_236","",2009-01-01,NA,0.0483972344437461,0.0483972344437461,0.0301565947724881,"01.ZooPreyNCC_WPbirds","PreyNCC","01.ZooPreyNCC_WPbirds","PreyNCC",NA
"3696","Red_phal_WS_2026","Westport_2026","Red_phal_WS_2026","CC_NCC_Seabird_236","",2010-01-01,0.027027027027027,0.027027027027027,0.027027027027027,0.189658704577756,"01.ZooPreyNCC_WPbirds","PreyNCC","01.ZooPreyNCC_WPbirds","PreyNCC",NA
"3697","Red_phal_WS_2026","Westport_2026","Red_phal_WS_2026","CC_NCC_Seabird_236","",2011-01-01,0.285714285714286,0.285714285714286,0.285714285714286,1.13826805552144,"01.ZooPreyNCC_WPbirds","PreyNCC","01.ZooPreyNCC_WPbirds","PreyNCC",NA
"3698","Red_phal_WS_2026","Westport_2026","Red_phal_WS_2026","CC_NCC_Seabird_236","",2012-01-01,0.232558139534884,0.232558139534884,0.232558139534884,1.22996806517827,"01.ZooPreyNCC_WPbirds","PreyNCC","01.ZooPreyNCC_WPbirds","PreyNCC",NA
"3699","Red_phal_WS_2026","Westport_2026","Red_phal_WS_2026","CC_NCC_Seabird_236","",2013-01-01,0.295454545454545,0.295454545454545,0.295454545454545,1.08961339525451,"01.ZooPreyNCC_WPbirds","PreyNCC","01.ZooPreyNCC_WPbirds","PreyNCC",NA
"3700","Red_phal_WS_2026","Westport_2026","Red_phal_WS_2026","CC_NCC_Seabird_236","",2014-01-01,0,0,0,-0.0539998076355035,"01.ZooPreyNCC_WPbirds","PreyNCC","01.ZooPreyNCC_WPbirds","PreyNCC",NA
"3701","Red_phal_WS_2026","Westport_2026","Red_phal_WS_2026","CC_NCC_Seabird_236","",2015-01-01,0.0338983050847458,0.0338983050847458,0.0338983050847458,-0.381083960203603,"01.ZooPreyNCC_WPbirds","PreyNCC","01.ZooPreyNCC_WPbirds","PreyNCC",NA
"3702","Red_phal_WS_2026","Westport_2026","Red_phal_WS_2026","CC_NCC_Seabird_236","",2016-01-01,0.0158730158730159,0.0158730158730159,0.0158730158730159,-0.558722262193483,"01.ZooPreyNCC_WPbirds","PreyNCC","01.ZooPreyNCC_WPbirds","PreyNCC",NA
"3703","Red_phal_WS_2026","Westport_2026","Red_phal_WS_2026","CC_NCC_Seabird_236","",2017-01-01,0.0327868852459016,0.0327868852459016,0.0327868852459016,-0.583759871461969,"01.ZooPreyNCC_WPbirds","PreyNCC","01.ZooPreyNCC_WPbirds","PreyNCC",NA
"3704","Red_phal_WS_2026","Westport_2026","Red_phal_WS_2026","CC_NCC_Seabird_236","",2018-01-01,0.0172413793103448,0.0172413793103448,0.0172413793103448,-0.65088003166714,"01.ZooPreyNCC_WPbirds","PreyNCC","01.ZooPreyNCC_WPbirds","PreyNCC",NA
"3705","Red_phal_WS_2026","Westport_2026","Red_phal_WS_2026","CC_NCC_Seabird_236","",2019-01-01,0.024390243902439,0.024390243902439,0.024390243902439,-0.671281915438587,"01.ZooPreyNCC_WPbirds","PreyNCC","01.ZooPreyNCC_WPbirds","PreyNCC",NA
"3706","Red_phal_WS_2026","Westport_2026","Red_phal_WS_2026","CC_NCC_Seabird_236","",2020-01-01,0,0,0,-0.737070317463888,"01.ZooPreyNCC_WPbirds","PreyNCC","01.ZooPreyNCC_WPbirds","PreyNCC",NA
"3707","Red_phal_WS_2026","Westport_2026","Red_phal_WS_2026","CC_NCC_Seabird_236","",2021-01-01,0,0,0,-0.669400178995661,"01.ZooPreyNCC_WPbirds","PreyNCC","01.ZooPreyNCC_WPbirds","PreyNCC",NA
"3708","Red_phal_WS_2026","Westport_2026","Red_phal_WS_2026","CC_NCC_Seabird_236","",2022-01-01,0.051948051948052,0.051948051948052,0.051948051948052,-0.400601361565679,"01.ZooPreyNCC_WPbirds","PreyNCC","01.ZooPreyNCC_WPbirds","PreyNCC",NA
"3709","Red_phal_WS_2026","Westport_2026","Red_phal_WS_2026","CC_NCC_Seabird_236","",2023-01-01,0.0487804878048781,0.0487804878048781,0.0487804878048781,-0.182912548610453,"01.ZooPreyNCC_WPbirds","PreyNCC","01.ZooPreyNCC_WPbirds","PreyNCC",NA
"3710","Red_phal_WS_2026","Westport_2026","Red_phal_WS_2026","CC_NCC_Seabird_236","",2024-01-01,0.151515151515152,0.151515151515152,0.151515151515152,0.23312565214637,"01.ZooPreyNCC_WPbirds","PreyNCC","01.ZooPreyNCC_WPbirds","PreyNCC",NA
"3711","Red_phal_WS_2026","Westport_2026","Red_phal_WS_2026","CC_NCC_Seabird_236","",2025-01-01,NA,NA,NA,NA,"01.ZooPreyNCC_WPbirds","PreyNCC","01.ZooPreyNCC_WPbirds","PreyNCC",NA
"3712","Red_phal_WS_2026","Westport_2026","Red_phal_WS_2026","CC_NCC_Seabird_236","",2026-01-01,NA,NA,NA,NA,"01.ZooPreyNCC_WPbirds","PreyNCC","01.ZooPreyNCC_WPbirds","PreyNCC",NA
"3713","Sabine_gull_WS_2026","Westport_2026","Sabine_gull_WS_2026","CC_NCC_Seabird_235","",1998-01-01,0.263157894736842,0.263157894736842,0.263157894736842,0.876838246652228,"01.ZooPreyNCC_WPbirds_1","PreyNCC","01.ZooPreyNCC_WPbirds_1","PreyNCC",NA
"3714","Sabine_gull_WS_2026","Westport_2026","Sabine_gull_WS_2026","CC_NCC_Seabird_235","",1999-01-01,0.277777777777778,0.277777777777778,0.277777777777778,0.661061163581896,"01.ZooPreyNCC_WPbirds_1","PreyNCC","01.ZooPreyNCC_WPbirds_1","PreyNCC",NA
"3715","Sabine_gull_WS_2026","Westport_2026","Sabine_gull_WS_2026","CC_NCC_Seabird_235","",2000-01-01,0.1,0.1,0.1,-0.0230400962347912,"01.ZooPreyNCC_WPbirds_1","PreyNCC","01.ZooPreyNCC_WPbirds_1","PreyNCC",NA
"3716","Sabine_gull_WS_2026","Westport_2026","Sabine_gull_WS_2026","CC_NCC_Seabird_235","",2001-01-01,0.106382978723404,0.106382978723404,0.106382978723404,-0.100518798581738,"01.ZooPreyNCC_WPbirds_1","PreyNCC","01.ZooPreyNCC_WPbirds_1","PreyNCC",NA
"3717","Sabine_gull_WS_2026","Westport_2026","Sabine_gull_WS_2026","CC_NCC_Seabird_235","",2002-01-01,0.241935483870968,0.241935483870968,0.241935483870968,0.287989045897723,"01.ZooPreyNCC_WPbirds_1","PreyNCC","01.ZooPreyNCC_WPbirds_1","PreyNCC",NA
"3718","Sabine_gull_WS_2026","Westport_2026","Sabine_gull_WS_2026","CC_NCC_Seabird_235","",2003-01-01,0.1875,0.1875,0.1875,0.189747368937134,"01.ZooPreyNCC_WPbirds_1","PreyNCC","01.ZooPreyNCC_WPbirds_1","PreyNCC",NA
"3719","Sabine_gull_WS_2026","Westport_2026","Sabine_gull_WS_2026","CC_NCC_Seabird_235","",2004-01-01,0.212765957446809,0.212765957446809,0.212765957446809,0.0451342800552035,"01.ZooPreyNCC_WPbirds_1","PreyNCC","01.ZooPreyNCC_WPbirds_1","PreyNCC",NA
"3720","Sabine_gull_WS_2026","Westport_2026","Sabine_gull_WS_2026","CC_NCC_Seabird_235","",2005-01-01,0,0,0,-0.540460988303216,"01.ZooPreyNCC_WPbirds_1","PreyNCC","01.ZooPreyNCC_WPbirds_1","PreyNCC",NA
"3721","Sabine_gull_WS_2026","Westport_2026","Sabine_gull_WS_2026","CC_NCC_Seabird_235","",2006-01-01,0.240740740740741,0.240740740740741,0.240740740740741,-0.04739009461688,"01.ZooPreyNCC_WPbirds_1","PreyNCC","01.ZooPreyNCC_WPbirds_1","PreyNCC",NA
"3722","Sabine_gull_WS_2026","Westport_2026","Sabine_gull_WS_2026","CC_NCC_Seabird_235","",2007-01-01,0.106382978723404,0.106382978723404,0.106382978723404,-0.364626303785513,"01.ZooPreyNCC_WPbirds_1","PreyNCC","01.ZooPreyNCC_WPbirds_1","PreyNCC",NA
"3723","Sabine_gull_WS_2026","Westport_2026","Sabine_gull_WS_2026","CC_NCC_Seabird_235","",2008-01-01,0.0930232558139535,0.0930232558139535,0.0930232558139535,-0.479983471331514,"01.ZooPreyNCC_WPbirds_1","PreyNCC","01.ZooPreyNCC_WPbirds_1","PreyNCC",NA
"3724","Sabine_gull_WS_2026","Westport_2026","Sabine_gull_WS_2026","CC_NCC_Seabird_235","",2009-01-01,NA,0.100565681961031,0.100565681961031,-0.376629049761933,"01.ZooPreyNCC_WPbirds_1","PreyNCC","01.ZooPreyNCC_WPbirds_1","PreyNCC",NA
"3725","Sabine_gull_WS_2026","Westport_2026","Sabine_gull_WS_2026","CC_NCC_Seabird_235","",2010-01-01,0.108108108108108,0.108108108108108,0.108108108108108,-0.0258382464180682,"01.ZooPreyNCC_WPbirds_1","PreyNCC","01.ZooPreyNCC_WPbirds_1","PreyNCC",NA
"3726","Sabine_gull_WS_2026","Westport_2026","Sabine_gull_WS_2026","CC_NCC_Seabird_235","",2011-01-01,0.387755102040816,0.387755102040816,0.387755102040816,0.848550113133063,"01.ZooPreyNCC_WPbirds_1","PreyNCC","01.ZooPreyNCC_WPbirds_1","PreyNCC",NA
"3727","Sabine_gull_WS_2026","Westport_2026","Sabine_gull_WS_2026","CC_NCC_Seabird_235","",2012-01-01,0.13953488372093,0.13953488372093,0.13953488372093,0.353916667547816,"01.ZooPreyNCC_WPbirds_1","PreyNCC","01.ZooPreyNCC_WPbirds_1","PreyNCC",NA
"3728","Sabine_gull_WS_2026","Westport_2026","Sabine_gull_WS_2026","CC_NCC_Seabird_235","",2013-01-01,0.272727272727273,0.272727272727273,0.272727272727273,0.451678905007048,"01.ZooPreyNCC_WPbirds_1","PreyNCC","01.ZooPreyNCC_WPbirds_1","PreyNCC",NA
"3729","Sabine_gull_WS_2026","Westport_2026","Sabine_gull_WS_2026","CC_NCC_Seabird_235","",2014-01-01,0.0851063829787234,0.0851063829787234,0.0851063829787234,-0.0782923384789935,"01.ZooPreyNCC_WPbirds_1","PreyNCC","01.ZooPreyNCC_WPbirds_1","PreyNCC",NA
"3730","Sabine_gull_WS_2026","Westport_2026","Sabine_gull_WS_2026","CC_NCC_Seabird_235","",2015-01-01,0.11864406779661,0.11864406779661,0.11864406779661,0.0904737859520798,"01.ZooPreyNCC_WPbirds_1","PreyNCC","01.ZooPreyNCC_WPbirds_1","PreyNCC",NA
"3731","Sabine_gull_WS_2026","Westport_2026","Sabine_gull_WS_2026","CC_NCC_Seabird_235","",2016-01-01,0.396825396825397,0.396825396825397,0.396825396825397,0.794899918462176,"01.ZooPreyNCC_WPbirds_1","PreyNCC","01.ZooPreyNCC_WPbirds_1","PreyNCC",NA
"3732","Sabine_gull_WS_2026","Westport_2026","Sabine_gull_WS_2026","CC_NCC_Seabird_235","",2017-01-01,0.0983606557377049,0.0983606557377049,0.0983606557377049,-0.013093295469325,"01.ZooPreyNCC_WPbirds_1","PreyNCC","01.ZooPreyNCC_WPbirds_1","PreyNCC",NA
"3733","Sabine_gull_WS_2026","Westport_2026","Sabine_gull_WS_2026","CC_NCC_Seabird_235","",2018-01-01,0.155172413793103,0.155172413793103,0.155172413793103,-0.188296421712448,"01.ZooPreyNCC_WPbirds_1","PreyNCC","01.ZooPreyNCC_WPbirds_1","PreyNCC",NA
"3734","Sabine_gull_WS_2026","Westport_2026","Sabine_gull_WS_2026","CC_NCC_Seabird_235","",2019-01-01,0.121951219512195,0.121951219512195,0.121951219512195,-0.468044762387451,"01.ZooPreyNCC_WPbirds_1","PreyNCC","01.ZooPreyNCC_WPbirds_1","PreyNCC",NA
"3735","Sabine_gull_WS_2026","Westport_2026","Sabine_gull_WS_2026","CC_NCC_Seabird_235","",2020-01-01,0,0,0,-0.803374735398808,"01.ZooPreyNCC_WPbirds_1","PreyNCC","01.ZooPreyNCC_WPbirds_1","PreyNCC",NA
"3736","Sabine_gull_WS_2026","Westport_2026","Sabine_gull_WS_2026","CC_NCC_Seabird_235","",2021-01-01,0.206349206349206,0.206349206349206,0.206349206349206,-0.322952293461001,"01.ZooPreyNCC_WPbirds_1","PreyNCC","01.ZooPreyNCC_WPbirds_1","PreyNCC",NA
"3737","Sabine_gull_WS_2026","Westport_2026","Sabine_gull_WS_2026","CC_NCC_Seabird_235","",2022-01-01,0.038961038961039,0.038961038961039,0.038961038961039,-0.588107130567128,"01.ZooPreyNCC_WPbirds_1","PreyNCC","01.ZooPreyNCC_WPbirds_1","PreyNCC",NA
"3738","Sabine_gull_WS_2026","Westport_2026","Sabine_gull_WS_2026","CC_NCC_Seabird_235","",2023-01-01,0.146341463414634,0.146341463414634,0.146341463414634,-0.207747595935311,"01.ZooPreyNCC_WPbirds_1","PreyNCC","01.ZooPreyNCC_WPbirds_1","PreyNCC",NA
"3739","Sabine_gull_WS_2026","Westport_2026","Sabine_gull_WS_2026","CC_NCC_Seabird_235","",2024-01-01,0.212121212121212,0.212121212121212,0.212121212121212,0.135994668752915,"01.ZooPreyNCC_WPbirds_1","PreyNCC","01.ZooPreyNCC_WPbirds_1","PreyNCC",NA
"3740","Sabine_gull_WS_2026","Westport_2026","Sabine_gull_WS_2026","CC_NCC_Seabird_235","",2025-01-01,NA,NA,NA,NA,"01.ZooPreyNCC_WPbirds_1","PreyNCC","01.ZooPreyNCC_WPbirds_1","PreyNCC",NA
"3741","Sabine_gull_WS_2026","Westport_2026","Sabine_gull_WS_2026","CC_NCC_Seabird_235","",2026-01-01,NA,NA,NA,NA,"01.ZooPreyNCC_WPbirds_1","PreyNCC","01.ZooPreyNCC_WPbirds_1","PreyNCC",NA
"3742","Shearwaters_11_WS_2026","Westport_2026","Shearwaters_11_WS_2026","CC_NCC_Seabird_298","",1998-01-01,0.368421053,0.368421053,0.368421053,-0.491970207347831,"08.PredBirdNCC","PredNCC","08.PredBirdNCC","PredNCC","08.PredBirdNCC"
"3743","Shearwaters_11_WS_2026","Westport_2026","Shearwaters_11_WS_2026","CC_NCC_Seabird_298","",1999-01-01,0,0,0,-1.51597484399406,"08.PredBirdNCC","PredNCC","08.PredBirdNCC","PredNCC","08.PredBirdNCC"
"3744","Shearwaters_11_WS_2026","Westport_2026","Shearwaters_11_WS_2026","CC_NCC_Seabird_298","",2000-01-01,0.133333333,0.133333333,0.133333333,-1.43180567306752,"08.PredBirdNCC","PredNCC","08.PredBirdNCC","PredNCC","08.PredBirdNCC"
"3745","Shearwaters_11_WS_2026","Westport_2026","Shearwaters_11_WS_2026","CC_NCC_Seabird_298","",2001-01-01,0.191489362,0.191489362,0.191489362,-1.11223512959332,"08.PredBirdNCC","PredNCC","08.PredBirdNCC","PredNCC","08.PredBirdNCC"
"3746","Shearwaters_11_WS_2026","Westport_2026","Shearwaters_11_WS_2026","CC_NCC_Seabird_298","",2002-01-01,0.241935484,0.241935484,0.241935484,-0.655082099543483,"08.PredBirdNCC","PredNCC","08.PredBirdNCC","PredNCC","08.PredBirdNCC"
"3747","Shearwaters_11_WS_2026","Westport_2026","Shearwaters_11_WS_2026","CC_NCC_Seabird_298","",2003-01-01,0.53125,0.53125,0.53125,0.0347514987213462,"08.PredBirdNCC","PredNCC","08.PredBirdNCC","PredNCC","08.PredBirdNCC"
"3748","Shearwaters_11_WS_2026","Westport_2026","Shearwaters_11_WS_2026","CC_NCC_Seabird_298","",2004-01-01,0.255319149,0.255319149,0.255319149,-0.429328973471329,"08.PredBirdNCC","PredNCC","08.PredBirdNCC","PredNCC","08.PredBirdNCC"
"3749","Shearwaters_11_WS_2026","Westport_2026","Shearwaters_11_WS_2026","CC_NCC_Seabird_298","",2005-01-01,0.294117647,0.294117647,0.294117647,-0.531031145706642,"08.PredBirdNCC","PredNCC","08.PredBirdNCC","PredNCC","08.PredBirdNCC"
"3750","Shearwaters_11_WS_2026","Westport_2026","Shearwaters_11_WS_2026","CC_NCC_Seabird_298","",2006-01-01,0.185185185,0.185185185,0.185185185,-0.650516418300792,"08.PredBirdNCC","PredNCC","08.PredBirdNCC","PredNCC","08.PredBirdNCC"
"3751","Shearwaters_11_WS_2026","Westport_2026","Shearwaters_11_WS_2026","CC_NCC_Seabird_298","",2007-01-01,0.404255319,0.404255319,0.404255319,-0.125455023444283,"08.PredBirdNCC","PredNCC","08.PredBirdNCC","PredNCC","08.PredBirdNCC"
"3752","Shearwaters_11_WS_2026","Westport_2026","Shearwaters_11_WS_2026","CC_NCC_Seabird_298","",2008-01-01,0.372093023,0.372093023,0.372093023,-0.00306551405634414,"08.PredBirdNCC","PredNCC","08.PredBirdNCC","PredNCC","08.PredBirdNCC"
"3753","Shearwaters_11_WS_2026","Westport_2026","Shearwaters_11_WS_2026","CC_NCC_Seabird_298","",2009-01-01,NA,0.3752357005,0.3752357005,0.0698724137180342,"08.PredBirdNCC","PredNCC","08.PredBirdNCC","PredNCC","08.PredBirdNCC"
"3754","Shearwaters_11_WS_2026","Westport_2026","Shearwaters_11_WS_2026","CC_NCC_Seabird_298","",2010-01-01,0.378378378,0.378378378,0.378378378,0.143741496193057,"08.PredBirdNCC","PredNCC","08.PredBirdNCC","PredNCC","08.PredBirdNCC"
"3755","Shearwaters_11_WS_2026","Westport_2026","Shearwaters_11_WS_2026","CC_NCC_Seabird_298","",2011-01-01,0.428571429,0.428571429,0.428571429,0.269855624383571,"08.PredBirdNCC","PredNCC","08.PredBirdNCC","PredNCC","08.PredBirdNCC"
"3756","Shearwaters_11_WS_2026","Westport_2026","Shearwaters_11_WS_2026","CC_NCC_Seabird_298","",2012-01-01,0.348837209,0.348837209,0.348837209,0.214090284342845,"08.PredBirdNCC","PredNCC","08.PredBirdNCC","PredNCC","08.PredBirdNCC"
"3757","Shearwaters_11_WS_2026","Westport_2026","Shearwaters_11_WS_2026","CC_NCC_Seabird_298","",2013-01-01,0.431818182,0.431818182,0.431818182,0.492937581481567,"08.PredBirdNCC","PredNCC","08.PredBirdNCC","PredNCC","08.PredBirdNCC"
"3758","Shearwaters_11_WS_2026","Westport_2026","Shearwaters_11_WS_2026","CC_NCC_Seabird_298","",2014-01-01,0.553191489,0.553191489,0.553191489,0.789685219704174,"08.PredBirdNCC","PredNCC","08.PredBirdNCC","PredNCC","08.PredBirdNCC"
"3759","Shearwaters_11_WS_2026","Westport_2026","Shearwaters_11_WS_2026","CC_NCC_Seabird_298","",2015-01-01,0.389830508,0.389830508,0.389830508,0.529977080153686,"08.PredBirdNCC","PredNCC","08.PredBirdNCC","PredNCC","08.PredBirdNCC"
"3760","Shearwaters_11_WS_2026","Westport_2026","Shearwaters_11_WS_2026","CC_NCC_Seabird_298","",2016-01-01,0.46031746,0.46031746,0.46031746,0.626556922520584,"08.PredBirdNCC","PredNCC","08.PredBirdNCC","PredNCC","08.PredBirdNCC"
"3761","Shearwaters_11_WS_2026","Westport_2026","Shearwaters_11_WS_2026","CC_NCC_Seabird_298","",2017-01-01,0.508196721,0.508196721,0.508196721,0.670115360065661,"08.PredBirdNCC","PredNCC","08.PredBirdNCC","PredNCC","08.PredBirdNCC"
"3762","Shearwaters_11_WS_2026","Westport_2026","Shearwaters_11_WS_2026","CC_NCC_Seabird_298","",2018-01-01,0.327586207,0.327586207,0.327586207,0.360578402626523,"08.PredBirdNCC","PredNCC","08.PredBirdNCC","PredNCC","08.PredBirdNCC"
"3763","Shearwaters_11_WS_2026","Westport_2026","Shearwaters_11_WS_2026","CC_NCC_Seabird_298","",2019-01-01,0.463414634,0.463414634,0.463414634,0.684661960896526,"08.PredBirdNCC","PredNCC","08.PredBirdNCC","PredNCC","08.PredBirdNCC"
"3764","Shearwaters_11_WS_2026","Westport_2026","Shearwaters_11_WS_2026","CC_NCC_Seabird_298","",2020-01-01,0.625,0.625,0.625,0.99160054270404,"08.PredBirdNCC","PredNCC","08.PredBirdNCC","PredNCC","08.PredBirdNCC"
"3765","Shearwaters_11_WS_2026","Westport_2026","Shearwaters_11_WS_2026","CC_NCC_Seabird_298","",2021-01-01,0.317460317,0.317460317,0.317460317,0.42862452966986,"08.PredBirdNCC","PredNCC","08.PredBirdNCC","PredNCC","08.PredBirdNCC"
"3766","Shearwaters_11_WS_2026","Westport_2026","Shearwaters_11_WS_2026","CC_NCC_Seabird_298","",2022-01-01,0.545454545,0.545454545,0.545454545,0.639989300357015,"08.PredBirdNCC","PredNCC","08.PredBirdNCC","PredNCC","08.PredBirdNCC"
"3767","Shearwaters_11_WS_2026","Westport_2026","Shearwaters_11_WS_2026","CC_NCC_Seabird_298","",2023-01-01,0.317073171,0.317073171,0.317073171,0.200730901186622,"08.PredBirdNCC","PredNCC","08.PredBirdNCC","PredNCC","08.PredBirdNCC"
"3768","Shearwaters_11_WS_2026","Westport_2026","Shearwaters_11_WS_2026","CC_NCC_Seabird_298","",2024-01-01,0.424242424,0.424242424,0.424242424,0.310698228123608,"08.PredBirdNCC","PredNCC","08.PredBirdNCC","PredNCC","08.PredBirdNCC"
"3769","Shearwaters_11_WS_2026","Westport_2026","Shearwaters_11_WS_2026","CC_NCC_Seabird_298","",2025-01-01,NA,NA,NA,NA,"08.PredBirdNCC","PredNCC","08.PredBirdNCC","PredNCC","08.PredBirdNCC"
"3770","Shearwaters_11_WS_2026","Westport_2026","Shearwaters_11_WS_2026","CC_NCC_Seabird_298","",2026-01-01,NA,NA,NA,NA,"08.PredBirdNCC","PredNCC","08.PredBirdNCC","PredNCC","08.PredBirdNCC"
"3771","Sooty_shrw_10_WS_2026","Westport_2026","Sooty_shrw_10_WS_2026","CC_NCC_Seabird_297","",1998-01-01,0.789473684,0.789473684,0.789473684,-0.486185819814947,"08.PredBirdNCC","PredNCC","08.PredBirdNCC","PredNCC","08.PredBirdNCC"
"3772","Sooty_shrw_10_WS_2026","Westport_2026","Sooty_shrw_10_WS_2026","CC_NCC_Seabird_297","",1999-01-01,0.5,0.5,0.5,-1.2930278391963,"08.PredBirdNCC","PredNCC","08.PredBirdNCC","PredNCC","08.PredBirdNCC"
"3773","Sooty_shrw_10_WS_2026","Westport_2026","Sooty_shrw_10_WS_2026","CC_NCC_Seabird_297","",2000-01-01,0.9,0.9,0.9,0.0838970819529408,"08.PredBirdNCC","PredNCC","08.PredBirdNCC","PredNCC","08.PredBirdNCC"
"3774","Sooty_shrw_10_WS_2026","Westport_2026","Sooty_shrw_10_WS_2026","CC_NCC_Seabird_297","",2001-01-01,0.85106383,0.85106383,0.85106383,0.331581539738441,"08.PredBirdNCC","PredNCC","08.PredBirdNCC","PredNCC","08.PredBirdNCC"
"3775","Sooty_shrw_10_WS_2026","Westport_2026","Sooty_shrw_10_WS_2026","CC_NCC_Seabird_297","",2002-01-01,0.806451613,0.806451613,0.806451613,0.271478305812769,"08.PredBirdNCC","PredNCC","08.PredBirdNCC","PredNCC","08.PredBirdNCC"
"3776","Sooty_shrw_10_WS_2026","Westport_2026","Sooty_shrw_10_WS_2026","CC_NCC_Seabird_297","",2003-01-01,0.84375,0.84375,0.84375,0.366554842750649,"08.PredBirdNCC","PredNCC","08.PredBirdNCC","PredNCC","08.PredBirdNCC"
"3777","Sooty_shrw_10_WS_2026","Westport_2026","Sooty_shrw_10_WS_2026","CC_NCC_Seabird_297","",2004-01-01,0.85106383,0.85106383,0.85106383,0.274570410331748,"08.PredBirdNCC","PredNCC","08.PredBirdNCC","PredNCC","08.PredBirdNCC"
"3778","Sooty_shrw_10_WS_2026","Westport_2026","Sooty_shrw_10_WS_2026","CC_NCC_Seabird_297","",2005-01-01,0.705882353,0.705882353,0.705882353,-0.182212843205017,"08.PredBirdNCC","PredNCC","08.PredBirdNCC","PredNCC","08.PredBirdNCC"
"3779","Sooty_shrw_10_WS_2026","Westport_2026","Sooty_shrw_10_WS_2026","CC_NCC_Seabird_297","",2006-01-01,0.833333333,0.833333333,0.833333333,0.241650083553263,"08.PredBirdNCC","PredNCC","08.PredBirdNCC","PredNCC","08.PredBirdNCC"
"3780","Sooty_shrw_10_WS_2026","Westport_2026","Sooty_shrw_10_WS_2026","CC_NCC_Seabird_297","",2007-01-01,0.872340426,0.872340426,0.872340426,0.475680939963663,"08.PredBirdNCC","PredNCC","08.PredBirdNCC","PredNCC","08.PredBirdNCC"
"3781","Sooty_shrw_10_WS_2026","Westport_2026","Sooty_shrw_10_WS_2026","CC_NCC_Seabird_297","",2008-01-01,0.813953488,0.813953488,0.813953488,0.296559016519881,"08.PredBirdNCC","PredNCC","08.PredBirdNCC","PredNCC","08.PredBirdNCC"
"3782","Sooty_shrw_10_WS_2026","Westport_2026","Sooty_shrw_10_WS_2026","CC_NCC_Seabird_297","",2009-01-01,NA,0.8123821495,0.8123821495,0.209739359494423,"08.PredBirdNCC","PredNCC","08.PredBirdNCC","PredNCC","08.PredBirdNCC"
"3783","Sooty_shrw_10_WS_2026","Westport_2026","Sooty_shrw_10_WS_2026","CC_NCC_Seabird_297","",2010-01-01,0.810810811,0.810810811,0.810810811,0.146825989923669,"08.PredBirdNCC","PredNCC","08.PredBirdNCC","PredNCC","08.PredBirdNCC"
"3784","Sooty_shrw_10_WS_2026","Westport_2026","Sooty_shrw_10_WS_2026","CC_NCC_Seabird_297","",2011-01-01,0.734693878,0.734693878,0.734693878,0.0633292162987047,"08.PredBirdNCC","PredNCC","08.PredBirdNCC","PredNCC","08.PredBirdNCC"
"3785","Sooty_shrw_10_WS_2026","Westport_2026","Sooty_shrw_10_WS_2026","CC_NCC_Seabird_297","",2012-01-01,0.906976744,0.906976744,0.906976744,0.768210426394256,"08.PredBirdNCC","PredNCC","08.PredBirdNCC","PredNCC","08.PredBirdNCC"
"3786","Sooty_shrw_10_WS_2026","Westport_2026","Sooty_shrw_10_WS_2026","CC_NCC_Seabird_297","",2013-01-01,0.931818182,0.931818182,0.931818182,0.946363374544497,"08.PredBirdNCC","PredNCC","08.PredBirdNCC","PredNCC","08.PredBirdNCC"
"3787","Sooty_shrw_10_WS_2026","Westport_2026","Sooty_shrw_10_WS_2026","CC_NCC_Seabird_297","",2014-01-01,0.829787234,0.829787234,0.829787234,0.484679351207753,"08.PredBirdNCC","PredNCC","08.PredBirdNCC","PredNCC","08.PredBirdNCC"
"3788","Sooty_shrw_10_WS_2026","Westport_2026","Sooty_shrw_10_WS_2026","CC_NCC_Seabird_297","",2015-01-01,0.779661017,0.779661017,0.779661017,0.117769935997382,"08.PredBirdNCC","PredNCC","08.PredBirdNCC","PredNCC","08.PredBirdNCC"
"3789","Sooty_shrw_10_WS_2026","Westport_2026","Sooty_shrw_10_WS_2026","CC_NCC_Seabird_297","",2016-01-01,0.793650794,0.793650794,0.793650794,0.0664471273041343,"08.PredBirdNCC","PredNCC","08.PredBirdNCC","PredNCC","08.PredBirdNCC"
"3790","Sooty_shrw_10_WS_2026","Westport_2026","Sooty_shrw_10_WS_2026","CC_NCC_Seabird_297","",2017-01-01,0.836065574,0.836065574,0.836065574,0.115360348003634,"08.PredBirdNCC","PredNCC","08.PredBirdNCC","PredNCC","08.PredBirdNCC"
"3791","Sooty_shrw_10_WS_2026","Westport_2026","Sooty_shrw_10_WS_2026","CC_NCC_Seabird_297","",2018-01-01,0.75862069,0.75862069,0.75862069,-0.18388330065865,"08.PredBirdNCC","PredNCC","08.PredBirdNCC","PredNCC","08.PredBirdNCC"
"3792","Sooty_shrw_10_WS_2026","Westport_2026","Sooty_shrw_10_WS_2026","CC_NCC_Seabird_297","",2019-01-01,0.804878049,0.804878049,0.804878049,-0.222499305142874,"08.PredBirdNCC","PredNCC","08.PredBirdNCC","PredNCC","08.PredBirdNCC"
"3793","Sooty_shrw_10_WS_2026","Westport_2026","Sooty_shrw_10_WS_2026","CC_NCC_Seabird_297","",2020-01-01,0.75,0.75,0.75,-0.581463378046377,"08.PredBirdNCC","PredNCC","08.PredBirdNCC","PredNCC","08.PredBirdNCC"
"3794","Sooty_shrw_10_WS_2026","Westport_2026","Sooty_shrw_10_WS_2026","CC_NCC_Seabird_297","",2021-01-01,0.650793651,0.650793651,0.650793651,-0.9763037524216,"08.PredBirdNCC","PredNCC","08.PredBirdNCC","PredNCC","08.PredBirdNCC"
"3795","Sooty_shrw_10_WS_2026","Westport_2026","Sooty_shrw_10_WS_2026","CC_NCC_Seabird_297","",2022-01-01,0.74025974,0.74025974,0.74025974,-0.638683145082127,"08.PredBirdNCC","PredNCC","08.PredBirdNCC","PredNCC","08.PredBirdNCC"
"3796","Sooty_shrw_10_WS_2026","Westport_2026","Sooty_shrw_10_WS_2026","CC_NCC_Seabird_297","",2023-01-01,0.780487805,0.780487805,0.780487805,-0.279955705679302,"08.PredBirdNCC","PredNCC","08.PredBirdNCC","PredNCC","08.PredBirdNCC"
"3797","Sooty_shrw_10_WS_2026","Westport_2026","Sooty_shrw_10_WS_2026","CC_NCC_Seabird_297","",2024-01-01,0.818181818,0.818181818,0.818181818,-0.0130612508539328,"08.PredBirdNCC","PredNCC","08.PredBirdNCC","PredNCC","08.PredBirdNCC"
"3798","Sooty_shrw_10_WS_2026","Westport_2026","Sooty_shrw_10_WS_2026","CC_NCC_Seabird_297","",2025-01-01,NA,NA,NA,NA,"08.PredBirdNCC","PredNCC","08.PredBirdNCC","PredNCC","08.PredBirdNCC"
"3799","Sooty_shrw_10_WS_2026","Westport_2026","Sooty_shrw_10_WS_2026","CC_NCC_Seabird_297","",2026-01-01,NA,NA,NA,NA,"08.PredBirdNCC","PredNCC","08.PredBirdNCC","PredNCC","08.PredBirdNCC"
"3800","Steller_s_l_2yrLead_WS_2026","Westport_2026","Steller_s_l_2yrLead_WS_2026","CC_NCC_Marine mammal_232","",1998-01-01,0,0,0,-1.22922220799634,"10.PredMammalNCC","PredAK","10.PredMammalNCC","PredAK","10.PredMammalNCC"
"3801","Steller_s_l_2yrLead_WS_2026","Westport_2026","Steller_s_l_2yrLead_WS_2026","CC_NCC_Marine mammal_232","",1999-01-01,0,0,0,-1.22015507116487,"10.PredMammalNCC","PredAK","10.PredMammalNCC","PredAK","10.PredMammalNCC"
"3802","Steller_s_l_2yrLead_WS_2026","Westport_2026","Steller_s_l_2yrLead_WS_2026","CC_NCC_Marine mammal_232","",2000-01-01,0,0,0,-1.1974872290862,"10.PredMammalNCC","PredAK","10.PredMammalNCC","PredAK","10.PredMammalNCC"
"3803","Steller_s_l_2yrLead_WS_2026","Westport_2026","Steller_s_l_2yrLead_WS_2026","CC_NCC_Marine mammal_232","",2001-01-01,0,0,0,-1.13855083968165,"10.PredMammalNCC","PredAK","10.PredMammalNCC","PredAK","10.PredMammalNCC"
"3804","Steller_s_l_2yrLead_WS_2026","Westport_2026","Steller_s_l_2yrLead_WS_2026","CC_NCC_Marine mammal_232","",2002-01-01,0.0212765957446809,0.0212765957446809,0.0212765957446809,-0.984409513546662,"10.PredMammalNCC","PredAK","10.PredMammalNCC","PredAK","10.PredMammalNCC"
"3805","Steller_s_l_2yrLead_WS_2026","Westport_2026","Steller_s_l_2yrLead_WS_2026","CC_NCC_Marine mammal_232","",2003-01-01,0,0,0,-0.890417608273393,"10.PredMammalNCC","PredAK","10.PredMammalNCC","PredAK","10.PredMammalNCC"
"3806","Steller_s_l_2yrLead_WS_2026","Westport_2026","Steller_s_l_2yrLead_WS_2026","CC_NCC_Marine mammal_232","",2004-01-01,0.0740740740740741,0.0740740740740741,0.0740740740740741,-0.45308753486144,"10.PredMammalNCC","PredAK","10.PredMammalNCC","PredAK","10.PredMammalNCC"
"3807","Steller_s_l_2yrLead_WS_2026","Westport_2026","Steller_s_l_2yrLead_WS_2026","CC_NCC_Marine mammal_232","",2005-01-01,0.0851063829787234,0.0851063829787234,0.0851063829787234,-0.312592711393303,"10.PredMammalNCC","PredAK","10.PredMammalNCC","PredAK","10.PredMammalNCC"
"3808","Steller_s_l_2yrLead_WS_2026","Westport_2026","Steller_s_l_2yrLead_WS_2026","CC_NCC_Marine mammal_232","",2006-01-01,0.0465116279069767,0.0465116279069767,0.0465116279069767,-0.488917557814914,"10.PredMammalNCC","PredAK","10.PredMammalNCC","PredAK","10.PredMammalNCC"
"3809","Steller_s_l_2yrLead_WS_2026","Westport_2026","Steller_s_l_2yrLead_WS_2026","CC_NCC_Marine mammal_232","",2007-01-01,NA,0.0367693274670019,0.0367693274670019,-0.596976145414948,"10.PredMammalNCC","PredAK","10.PredMammalNCC","PredAK","10.PredMammalNCC"
"3810","Steller_s_l_2yrLead_WS_2026","Westport_2026","Steller_s_l_2yrLead_WS_2026","CC_NCC_Marine mammal_232","",2008-01-01,0.027027027027027,0.027027027027027,0.027027027027027,-0.603112664813418,"10.PredMammalNCC","PredAK","10.PredMammalNCC","PredAK","10.PredMammalNCC"
"3811","Steller_s_l_2yrLead_WS_2026","Westport_2026","Steller_s_l_2yrLead_WS_2026","CC_NCC_Marine mammal_232","",2009-01-01,0.0408163265306122,0.0408163265306122,0.0408163265306122,-0.371749238428773,"10.PredMammalNCC","PredAK","10.PredMammalNCC","PredAK","10.PredMammalNCC"
"3812","Steller_s_l_2yrLead_WS_2026","Westport_2026","Steller_s_l_2yrLead_WS_2026","CC_NCC_Marine mammal_232","",2010-01-01,0.116279069767442,0.116279069767442,0.116279069767442,0.127894312258561,"10.PredMammalNCC","PredAK","10.PredMammalNCC","PredAK","10.PredMammalNCC"
"3813","Steller_s_l_2yrLead_WS_2026","Westport_2026","Steller_s_l_2yrLead_WS_2026","CC_NCC_Marine mammal_232","",2011-01-01,0.0909090909090909,0.0909090909090909,0.0909090909090909,0.297758052177562,"10.PredMammalNCC","PredAK","10.PredMammalNCC","PredAK","10.PredMammalNCC"
"3814","Steller_s_l_2yrLead_WS_2026","Westport_2026","Steller_s_l_2yrLead_WS_2026","CC_NCC_Marine mammal_232","",2012-01-01,0.148936170212766,0.148936170212766,0.148936170212766,0.676744972033917,"10.PredMammalNCC","PredAK","10.PredMammalNCC","PredAK","10.PredMammalNCC"
"3815","Steller_s_l_2yrLead_WS_2026","Westport_2026","Steller_s_l_2yrLead_WS_2026","CC_NCC_Marine mammal_232","",2013-01-01,0.11864406779661,0.11864406779661,0.11864406779661,0.799762854246353,"10.PredMammalNCC","PredAK","10.PredMammalNCC","PredAK","10.PredMammalNCC"
"3816","Steller_s_l_2yrLead_WS_2026","Westport_2026","Steller_s_l_2yrLead_WS_2026","CC_NCC_Marine mammal_232","",2014-01-01,0.222222222222222,0.222222222222222,0.222222222222222,1.23046750362187,"10.PredMammalNCC","PredAK","10.PredMammalNCC","PredAK","10.PredMammalNCC"
"3817","Steller_s_l_2yrLead_WS_2026","Westport_2026","Steller_s_l_2yrLead_WS_2026","CC_NCC_Marine mammal_232","",2015-01-01,0.0983606557377049,0.0983606557377049,0.0983606557377049,0.892884958547968,"10.PredMammalNCC","PredAK","10.PredMammalNCC","PredAK","10.PredMammalNCC"
"3818","Steller_s_l_2yrLead_WS_2026","Westport_2026","Steller_s_l_2yrLead_WS_2026","CC_NCC_Marine mammal_232","",2016-01-01,0.224137931034483,0.224137931034483,0.224137931034483,1.25115982366279,"10.PredMammalNCC","PredAK","10.PredMammalNCC","PredAK","10.PredMammalNCC"
"3819","Steller_s_l_2yrLead_WS_2026","Westport_2026","Steller_s_l_2yrLead_WS_2026","CC_NCC_Marine mammal_232","",2017-01-01,0.146341463414634,0.146341463414634,0.146341463414634,0.8339733447615,"10.PredMammalNCC","PredAK","10.PredMammalNCC","PredAK","10.PredMammalNCC"
"3820","Steller_s_l_2yrLead_WS_2026","Westport_2026","Steller_s_l_2yrLead_WS_2026","CC_NCC_Marine mammal_232","",2018-01-01,0.0625,0.0625,0.0625,0.35578957700816,"10.PredMammalNCC","PredAK","10.PredMammalNCC","PredAK","10.PredMammalNCC"
"3821","Steller_s_l_2yrLead_WS_2026","Westport_2026","Steller_s_l_2yrLead_WS_2026","CC_NCC_Marine mammal_232","",2019-01-01,0.111111111111111,0.111111111111111,0.111111111111111,0.558007591726611,"10.PredMammalNCC","PredAK","10.PredMammalNCC","PredAK","10.PredMammalNCC"
"3822","Steller_s_l_2yrLead_WS_2026","Westport_2026","Steller_s_l_2yrLead_WS_2026","CC_NCC_Marine mammal_232","",2020-01-01,0.181818181818182,0.181818181818182,0.181818181818182,0.935733737342071,"10.PredMammalNCC","PredAK","10.PredMammalNCC","PredAK","10.PredMammalNCC"
"3823","Steller_s_l_2yrLead_WS_2026","Westport_2026","Steller_s_l_2yrLead_WS_2026","CC_NCC_Marine mammal_232","",2021-01-01,0.146341463414634,0.146341463414634,0.146341463414634,0.838168099407108,"10.PredMammalNCC","PredAK","10.PredMammalNCC","PredAK","10.PredMammalNCC"
"3824","Steller_s_l_2yrLead_WS_2026","Westport_2026","Steller_s_l_2yrLead_WS_2026","CC_NCC_Marine mammal_232","",2022-01-01,0.121212121212121,0.121212121212121,0.121212121212121,0.683799927265703,"10.PredMammalNCC","PredAK","10.PredMammalNCC","PredAK","10.PredMammalNCC"
"3825","Steller_s_l_2yrLead_WS_2026","Westport_2026","Steller_s_l_2yrLead_WS_2026","CC_NCC_Marine mammal_232","",2023-01-01,NA,NA,NA,NA,"10.PredMammalNCC","PredAK","10.PredMammalNCC","PredAK","10.PredMammalNCC"
"3826","Steller_s_l_2yrLead_WS_2026","Westport_2026","Steller_s_l_2yrLead_WS_2026","CC_NCC_Marine mammal_232","",2024-01-01,NA,NA,NA,NA,"10.PredMammalNCC","PredAK","10.PredMammalNCC","PredAK","10.PredMammalNCC"
"3827","Steller_s_l_2yrLead_WS_2026","Westport_2026","Steller_s_l_2yrLead_WS_2026","CC_NCC_Marine mammal_232","",2025-01-01,NA,NA,NA,NA,"10.PredMammalNCC","PredAK","10.PredMammalNCC","PredAK","10.PredMammalNCC"
"3828","Steller_s_l_2yrLead_WS_2026","Westport_2026","Steller_s_l_2yrLead_WS_2026","CC_NCC_Marine mammal_232","",2026-01-01,NA,NA,NA,NA,"10.PredMammalNCC","PredAK","10.PredMammalNCC","PredAK","10.PredMammalNCC"
"3829","Western_grebe_6_WS_2026","Westport_2026","Western_grebe_6_WS_2026","CC_NCC_Seabird_293","",1998-01-01,0,0,0,-0.348418453733962,"08.PredBirdNCC","PredNCC","08.PredBirdNCC","PredNCC","08.PredBirdNCC"
"3830","Western_grebe_6_WS_2026","Westport_2026","Western_grebe_6_WS_2026","CC_NCC_Seabird_293","",1999-01-01,0.111111111,0.111111111,0.111111111,0.73082599207918,"08.PredBirdNCC","PredNCC","08.PredBirdNCC","PredNCC","08.PredBirdNCC"
"3831","Western_grebe_6_WS_2026","Westport_2026","Western_grebe_6_WS_2026","CC_NCC_Seabird_293","",2000-01-01,0,0,0,-0.0293929046448544,"08.PredBirdNCC","PredNCC","08.PredBirdNCC","PredNCC","08.PredBirdNCC"
"3832","Western_grebe_6_WS_2026","Westport_2026","Western_grebe_6_WS_2026","CC_NCC_Seabird_293","",2001-01-01,0.021276596,0.021276596,0.021276596,0.0690359706267895,"08.PredBirdNCC","PredNCC","08.PredBirdNCC","PredNCC","08.PredBirdNCC"
"3833","Western_grebe_6_WS_2026","Westport_2026","Western_grebe_6_WS_2026","CC_NCC_Seabird_293","",2002-01-01,0.064516129,0.064516129,0.064516129,0.462308078145827,"08.PredBirdNCC","PredNCC","08.PredBirdNCC","PredNCC","08.PredBirdNCC"
"3834","Western_grebe_6_WS_2026","Westport_2026","Western_grebe_6_WS_2026","CC_NCC_Seabird_293","",2003-01-01,0.03125,0.03125,0.03125,0.197866352265776,"08.PredBirdNCC","PredNCC","08.PredBirdNCC","PredNCC","08.PredBirdNCC"
"3835","Western_grebe_6_WS_2026","Westport_2026","Western_grebe_6_WS_2026","CC_NCC_Seabird_293","",2004-01-01,0.042553191,0.042553191,0.042553191,0.0466763386533784,"08.PredBirdNCC","PredNCC","08.PredBirdNCC","PredNCC","08.PredBirdNCC"
"3836","Western_grebe_6_WS_2026","Westport_2026","Western_grebe_6_WS_2026","CC_NCC_Seabird_293","",2005-01-01,0,0,0,-0.494263458579994,"08.PredBirdNCC","PredNCC","08.PredBirdNCC","PredNCC","08.PredBirdNCC"
"3837","Western_grebe_6_WS_2026","Westport_2026","Western_grebe_6_WS_2026","CC_NCC_Seabird_293","",2006-01-01,0,0,0,-0.641426037752827,"08.PredBirdNCC","PredNCC","08.PredBirdNCC","PredNCC","08.PredBirdNCC"
"3838","Western_grebe_6_WS_2026","Westport_2026","Western_grebe_6_WS_2026","CC_NCC_Seabird_293","",2007-01-01,0,0,0,-0.541973978037956,"08.PredBirdNCC","PredNCC","08.PredBirdNCC","PredNCC","08.PredBirdNCC"
"3839","Western_grebe_6_WS_2026","Westport_2026","Western_grebe_6_WS_2026","CC_NCC_Seabird_293","",2008-01-01,0.046511628,0.046511628,0.046511628,-0.0964552197205093,"08.PredBirdNCC","PredNCC","08.PredBirdNCC","PredNCC","08.PredBirdNCC"
"3840","Western_grebe_6_WS_2026","Westport_2026","Western_grebe_6_WS_2026","CC_NCC_Seabird_293","",2009-01-01,NA,0.023255814,0.023255814,-0.307024036794057,"08.PredBirdNCC","PredNCC","08.PredBirdNCC","PredNCC","08.PredBirdNCC"
"3841","Western_grebe_6_WS_2026","Westport_2026","Western_grebe_6_WS_2026","CC_NCC_Seabird_293","",2010-01-01,0,0,0,-0.660412730176639,"08.PredBirdNCC","PredNCC","08.PredBirdNCC","PredNCC","08.PredBirdNCC"
"3842","Western_grebe_6_WS_2026","Westport_2026","Western_grebe_6_WS_2026","CC_NCC_Seabird_293","",2011-01-01,0,0,0,-0.786173477095327,"08.PredBirdNCC","PredNCC","08.PredBirdNCC","PredNCC","08.PredBirdNCC"
"3843","Western_grebe_6_WS_2026","Westport_2026","Western_grebe_6_WS_2026","CC_NCC_Seabird_293","",2012-01-01,0,0,0,-0.81006702446881,"08.PredBirdNCC","PredNCC","08.PredBirdNCC","PredNCC","08.PredBirdNCC"
"3844","Western_grebe_6_WS_2026","Westport_2026","Western_grebe_6_WS_2026","CC_NCC_Seabird_293","",2013-01-01,0,0,0,-0.75598691967057,"08.PredBirdNCC","PredNCC","08.PredBirdNCC","PredNCC","08.PredBirdNCC"
"3845","Western_grebe_6_WS_2026","Westport_2026","Western_grebe_6_WS_2026","CC_NCC_Seabird_293","",2014-01-01,0,0,0,-0.569853057902368,"08.PredBirdNCC","PredNCC","08.PredBirdNCC","PredNCC","08.PredBirdNCC"
"3846","Western_grebe_6_WS_2026","Westport_2026","Western_grebe_6_WS_2026","CC_NCC_Seabird_293","",2015-01-01,0.050847458,0.050847458,0.050847458,-0.0655315773960008,"08.PredBirdNCC","PredNCC","08.PredBirdNCC","PredNCC","08.PredBirdNCC"
"3847","Western_grebe_6_WS_2026","Westport_2026","Western_grebe_6_WS_2026","CC_NCC_Seabird_293","",2016-01-01,0,0,0,-0.321326609205445,"08.PredBirdNCC","PredNCC","08.PredBirdNCC","PredNCC","08.PredBirdNCC"
"3848","Western_grebe_6_WS_2026","Westport_2026","Western_grebe_6_WS_2026","CC_NCC_Seabird_293","",2017-01-01,0.016393443,0.016393443,0.016393443,-0.0104075735798013,"08.PredBirdNCC","PredNCC","08.PredBirdNCC","PredNCC","08.PredBirdNCC"
"3849","Western_grebe_6_WS_2026","Westport_2026","Western_grebe_6_WS_2026","CC_NCC_Seabird_293","",2018-01-01,0.068965517,0.068965517,0.068965517,0.667899141363765,"08.PredBirdNCC","PredNCC","08.PredBirdNCC","PredNCC","08.PredBirdNCC"
"3850","Western_grebe_6_WS_2026","Westport_2026","Western_grebe_6_WS_2026","CC_NCC_Seabird_293","",2019-01-01,0.073170732,0.073170732,0.073170732,0.755596017518556,"08.PredBirdNCC","PredNCC","08.PredBirdNCC","PredNCC","08.PredBirdNCC"
"3851","Western_grebe_6_WS_2026","Westport_2026","Western_grebe_6_WS_2026","CC_NCC_Seabird_293","",2020-01-01,0,0,0,0.209492739763887,"08.PredBirdNCC","PredNCC","08.PredBirdNCC","PredNCC","08.PredBirdNCC"
"3852","Western_grebe_6_WS_2026","Westport_2026","Western_grebe_6_WS_2026","CC_NCC_Seabird_293","",2021-01-01,0.063492063,0.063492063,0.063492063,0.760922878413638,"08.PredBirdNCC","PredNCC","08.PredBirdNCC","PredNCC","08.PredBirdNCC"
"3853","Western_grebe_6_WS_2026","Westport_2026","Western_grebe_6_WS_2026","CC_NCC_Seabird_293","",2022-01-01,0.077922078,0.077922078,0.077922078,0.985128007595752,"08.PredBirdNCC","PredNCC","08.PredBirdNCC","PredNCC","08.PredBirdNCC"
"3854","Western_grebe_6_WS_2026","Westport_2026","Western_grebe_6_WS_2026","CC_NCC_Seabird_293","",2023-01-01,0.048780488,0.048780488,0.048780488,0.657179470606729,"08.PredBirdNCC","PredNCC","08.PredBirdNCC","PredNCC","08.PredBirdNCC"
"3855","Western_grebe_6_WS_2026","Westport_2026","Western_grebe_6_WS_2026","CC_NCC_Seabird_293","",2024-01-01,0.03030303,0.03030303,0.03030303,0.356159848819269,"08.PredBirdNCC","PredNCC","08.PredBirdNCC","PredNCC","08.PredBirdNCC"
"3856","Western_grebe_6_WS_2026","Westport_2026","Western_grebe_6_WS_2026","CC_NCC_Seabird_293","",2025-01-01,NA,NA,NA,NA,"08.PredBirdNCC","PredNCC","08.PredBirdNCC","PredNCC","08.PredBirdNCC"
"3857","Western_grebe_6_WS_2026","Westport_2026","Western_grebe_6_WS_2026","CC_NCC_Seabird_293","",2026-01-01,NA,NA,NA,NA,"08.PredBirdNCC","PredNCC","08.PredBirdNCC","PredNCC","08.PredBirdNCC"
"3858","WGOA_DFA_lowerTrophic_2026","WGOA_DFA_2026","WGOA_DFA_lowerTrophic_2026","AK_WGoA_lower_299","",1998-01-01,-0.265458376499295,-0.265458376499295,-0.265458376499295,0.283853097691728,"13.FishPreyAK","PreyAK","13.FishPreyAK","PreyAK","13.FishPreyAK"
"3859","WGOA_DFA_lowerTrophic_2026","WGOA_DFA_2026","WGOA_DFA_lowerTrophic_2026","AK_WGoA_lower_299","",1999-01-01,0.185709917940733,0.185709917940733,0.185709917940733,0.595917589999438,"13.FishPreyAK","PreyAK","13.FishPreyAK","PreyAK","13.FishPreyAK"
"3860","WGOA_DFA_lowerTrophic_2026","WGOA_DFA_2026","WGOA_DFA_lowerTrophic_2026","AK_WGoA_lower_299","",2000-01-01,1.10226302356341,1.10226302356341,1.10226302356341,0.919147622370451,"13.FishPreyAK","PreyAK","13.FishPreyAK","PreyAK","13.FishPreyAK"
"3861","WGOA_DFA_lowerTrophic_2026","WGOA_DFA_2026","WGOA_DFA_lowerTrophic_2026","AK_WGoA_lower_299","",2001-01-01,0.163785672699806,0.163785672699806,0.163785672699806,0.648512721929918,"13.FishPreyAK","PreyAK","13.FishPreyAK","PreyAK","13.FishPreyAK"
"3862","WGOA_DFA_lowerTrophic_2026","WGOA_DFA_2026","WGOA_DFA_lowerTrophic_2026","AK_WGoA_lower_299","",2002-01-01,0.0838695376282931,0.0838695376282931,0.0838695376282931,0.463842783490621,"13.FishPreyAK","PreyAK","13.FishPreyAK","PreyAK","13.FishPreyAK"
"3863","WGOA_DFA_lowerTrophic_2026","WGOA_DFA_2026","WGOA_DFA_lowerTrophic_2026","AK_WGoA_lower_299","",2003-01-01,-0.662908379692226,-0.662908379692226,-0.662908379692226,0.261404795741326,"13.FishPreyAK","PreyAK","13.FishPreyAK","PreyAK","13.FishPreyAK"
"3864","WGOA_DFA_lowerTrophic_2026","WGOA_DFA_2026","WGOA_DFA_lowerTrophic_2026","AK_WGoA_lower_299","",2004-01-01,0.308073098412473,0.308073098412473,0.308073098412473,0.595077499975359,"13.FishPreyAK","PreyAK","13.FishPreyAK","PreyAK","13.FishPreyAK"
"3865","WGOA_DFA_lowerTrophic_2026","WGOA_DFA_2026","WGOA_DFA_lowerTrophic_2026","AK_WGoA_lower_299","",2005-01-01,0.319629471518535,0.319629471518535,0.319629471518535,0.815149493253264,"13.FishPreyAK","PreyAK","13.FishPreyAK","PreyAK","13.FishPreyAK"
"3866","WGOA_DFA_lowerTrophic_2026","WGOA_DFA_2026","WGOA_DFA_lowerTrophic_2026","AK_WGoA_lower_299","",2006-01-01,1.03572032223549,1.03572032223549,1.03572032223549,1.12998878282918,"13.FishPreyAK","PreyAK","13.FishPreyAK","PreyAK","13.FishPreyAK"
"3867","WGOA_DFA_lowerTrophic_2026","WGOA_DFA_2026","WGOA_DFA_lowerTrophic_2026","AK_WGoA_lower_299","",2007-01-01,1.23297765980788,1.23297765980788,1.23297765980788,1.12919697067459,"13.FishPreyAK","PreyAK","13.FishPreyAK","PreyAK","13.FishPreyAK"
"3868","WGOA_DFA_lowerTrophic_2026","WGOA_DFA_2026","WGOA_DFA_lowerTrophic_2026","AK_WGoA_lower_299","",2008-01-01,0.131430986987344,0.131430986987344,0.131430986987344,0.612205281668848,"13.FishPreyAK","PreyAK","13.FishPreyAK","PreyAK","13.FishPreyAK"
"3869","WGOA_DFA_lowerTrophic_2026","WGOA_DFA_2026","WGOA_DFA_lowerTrophic_2026","AK_WGoA_lower_299","",2009-01-01,-0.451884650559553,-0.451884650559553,-0.451884650559553,0.177639075934663,"13.FishPreyAK","PreyAK","13.FishPreyAK","PreyAK","13.FishPreyAK"
"3870","WGOA_DFA_lowerTrophic_2026","WGOA_DFA_2026","WGOA_DFA_lowerTrophic_2026","AK_WGoA_lower_299","",2010-01-01,-0.646581893062094,-0.646581893062094,-0.646581893062094,-0.0183013542759332,"13.FishPreyAK","PreyAK","13.FishPreyAK","PreyAK","13.FishPreyAK"
"3871","WGOA_DFA_lowerTrophic_2026","WGOA_DFA_2026","WGOA_DFA_lowerTrophic_2026","AK_WGoA_lower_299","",2011-01-01,-0.632956754093659,-0.632956754093659,-0.632956754093659,0.0256277278831031,"13.FishPreyAK","PreyAK","13.FishPreyAK","PreyAK","13.FishPreyAK"
"3872","WGOA_DFA_lowerTrophic_2026","WGOA_DFA_2026","WGOA_DFA_lowerTrophic_2026","AK_WGoA_lower_299","",2012-01-01,0.0573465739272507,0.0573465739272507,0.0573465739272507,0.339556227736104,"13.FishPreyAK","PreyAK","13.FishPreyAK","PreyAK","13.FishPreyAK"
"3873","WGOA_DFA_lowerTrophic_2026","WGOA_DFA_2026","WGOA_DFA_lowerTrophic_2026","AK_WGoA_lower_299","",2013-01-01,0.735645779213773,0.735645779213773,0.735645779213773,0.538291871761717,"13.FishPreyAK","PreyAK","13.FishPreyAK","PreyAK","13.FishPreyAK"
"3874","WGOA_DFA_lowerTrophic_2026","WGOA_DFA_2026","WGOA_DFA_lowerTrophic_2026","AK_WGoA_lower_299","",2014-01-01,-0.071213479007963,-0.071213479007963,-0.071213479007963,0.133606985499628,"13.FishPreyAK","PreyAK","13.FishPreyAK","PreyAK","13.FishPreyAK"
"3875","WGOA_DFA_lowerTrophic_2026","WGOA_DFA_2026","WGOA_DFA_lowerTrophic_2026","AK_WGoA_lower_299","",2015-01-01,-1.36295591025484,-1.36295591025484,-1.36295591025484,-0.462017810911635,"13.FishPreyAK","PreyAK","13.FishPreyAK","PreyAK","13.FishPreyAK"
"3876","WGOA_DFA_lowerTrophic_2026","WGOA_DFA_2026","WGOA_DFA_lowerTrophic_2026","AK_WGoA_lower_299","",2016-01-01,-0.849807984164657,-0.849807984164657,-0.849807984164657,-0.535965080540907,"13.FishPreyAK","PreyAK","13.FishPreyAK","PreyAK","13.FishPreyAK"
"3877","WGOA_DFA_lowerTrophic_2026","WGOA_DFA_2026","WGOA_DFA_lowerTrophic_2026","AK_WGoA_lower_299","",2017-01-01,-0.880784995530679,-0.880784995530679,-0.880784995530679,-0.681884606942974,"13.FishPreyAK","PreyAK","13.FishPreyAK","PreyAK","13.FishPreyAK"
"3878","WGOA_DFA_lowerTrophic_2026","WGOA_DFA_2026","WGOA_DFA_lowerTrophic_2026","AK_WGoA_lower_299","",2018-01-01,-1.43152595059318,-1.43152595059318,-1.43152595059318,-1.01432322677041,"13.FishPreyAK","PreyAK","13.FishPreyAK","PreyAK","13.FishPreyAK"
"3879","WGOA_DFA_lowerTrophic_2026","WGOA_DFA_2026","WGOA_DFA_lowerTrophic_2026","AK_WGoA_lower_299","",2019-01-01,-1.73565927831548,-1.73565927831548,-1.73565927831548,-1.30794383025059,"13.FishPreyAK","PreyAK","13.FishPreyAK","PreyAK","13.FishPreyAK"
"3880","WGOA_DFA_lowerTrophic_2026","WGOA_DFA_2026","WGOA_DFA_lowerTrophic_2026","AK_WGoA_lower_299","",2020-01-01,-2.07130895295071,-2.07130895295071,-2.07130895295071,-1.54834890961433,"13.FishPreyAK","PreyAK","13.FishPreyAK","PreyAK","13.FishPreyAK"
"3881","WGOA_DFA_lowerTrophic_2026","WGOA_DFA_2026","WGOA_DFA_lowerTrophic_2026","AK_WGoA_lower_299","",2021-01-01,-2.10914054842391,-2.10914054842391,-2.10914054842391,-1.63600651858971,"13.FishPreyAK","PreyAK","13.FishPreyAK","PreyAK","13.FishPreyAK"
"3882","WGOA_DFA_lowerTrophic_2026","WGOA_DFA_2026","WGOA_DFA_lowerTrophic_2026","AK_WGoA_lower_299","",2022-01-01,-1.97594306401298,-1.97594306401298,-1.97594306401298,-1.62025943669731,"13.FishPreyAK","PreyAK","13.FishPreyAK","PreyAK","13.FishPreyAK"
"3883","WGOA_DFA_lowerTrophic_2026","WGOA_DFA_2026","WGOA_DFA_lowerTrophic_2026","AK_WGoA_lower_299","",2023-01-01,NA,NA,NA,NA,"13.FishPreyAK","PreyAK","13.FishPreyAK","PreyAK","13.FishPreyAK"
"3884","WGOA_DFA_lowerTrophic_2026","WGOA_DFA_2026","WGOA_DFA_lowerTrophic_2026","AK_WGoA_lower_299","",2024-01-01,NA,NA,NA,NA,"13.FishPreyAK","PreyAK","13.FishPreyAK","PreyAK","13.FishPreyAK"
"3885","WGOA_DFA_lowerTrophic_2026","WGOA_DFA_2026","WGOA_DFA_lowerTrophic_2026","AK_WGoA_lower_299","",2025-01-01,NA,NA,NA,NA,"13.FishPreyAK","PreyAK","13.FishPreyAK","PreyAK","13.FishPreyAK"
"3886","WGOA_DFA_lowerTrophic_2026","WGOA_DFA_2026","WGOA_DFA_lowerTrophic_2026","AK_WGoA_lower_299","",2026-01-01,NA,NA,NA,NA,"13.FishPreyAK","PreyAK","13.FishPreyAK","PreyAK","13.FishPreyAK"
"3887","WGOA_DFA_midTrophic_2026","WGOA_DFA_2026","WGOA_DFA_midTrophic_2026","AK_WGoA_mid_300","",1998-01-01,-1.35191535479667,-1.35191535479667,-1.35191535479667,-0.507266620518948,"13.FishPreyAK","PreyAK","13.FishPreyAK","PreyAK","13.FishPreyAK"
"3888","WGOA_DFA_midTrophic_2026","WGOA_DFA_2026","WGOA_DFA_midTrophic_2026","AK_WGoA_mid_300","",1999-01-01,-1.59331438379353,-1.59331438379353,-1.59331438379353,-0.611162429064699,"13.FishPreyAK","PreyAK","13.FishPreyAK","PreyAK","13.FishPreyAK"
"3889","WGOA_DFA_midTrophic_2026","WGOA_DFA_2026","WGOA_DFA_midTrophic_2026","AK_WGoA_mid_300","",2000-01-01,-1.68761338076067,-1.68761338076067,-1.68761338076067,-0.681342290135516,"13.FishPreyAK","PreyAK","13.FishPreyAK","PreyAK","13.FishPreyAK"
"3890","WGOA_DFA_midTrophic_2026","WGOA_DFA_2026","WGOA_DFA_midTrophic_2026","AK_WGoA_mid_300","",2001-01-01,-1.62726125434249,-1.62726125434249,-1.62726125434249,-0.713937358370402,"13.FishPreyAK","PreyAK","13.FishPreyAK","PreyAK","13.FishPreyAK"
"3891","WGOA_DFA_midTrophic_2026","WGOA_DFA_2026","WGOA_DFA_midTrophic_2026","AK_WGoA_mid_300","",2002-01-01,-1.86139146009076,-1.86139146009076,-1.86139146009076,-0.788934477478089,"13.FishPreyAK","PreyAK","13.FishPreyAK","PreyAK","13.FishPreyAK"
"3892","WGOA_DFA_midTrophic_2026","WGOA_DFA_2026","WGOA_DFA_midTrophic_2026","AK_WGoA_mid_300","",2003-01-01,-1.84389544896729,-1.84389544896729,-1.84389544896729,-0.797478982031205,"13.FishPreyAK","PreyAK","13.FishPreyAK","PreyAK","13.FishPreyAK"
"3893","WGOA_DFA_midTrophic_2026","WGOA_DFA_2026","WGOA_DFA_midTrophic_2026","AK_WGoA_mid_300","",2004-01-01,-1.62912028630417,-1.62912028630417,-1.62912028630417,-0.761854197069592,"13.FishPreyAK","PreyAK","13.FishPreyAK","PreyAK","13.FishPreyAK"
"3894","WGOA_DFA_midTrophic_2026","WGOA_DFA_2026","WGOA_DFA_midTrophic_2026","AK_WGoA_mid_300","",2005-01-01,-1.68012183259312,-1.68012183259312,-1.68012183259312,-0.815088488570551,"13.FishPreyAK","PreyAK","13.FishPreyAK","PreyAK","13.FishPreyAK"
"3895","WGOA_DFA_midTrophic_2026","WGOA_DFA_2026","WGOA_DFA_midTrophic_2026","AK_WGoA_mid_300","",2006-01-01,-2.03497104540578,-2.03497104540578,-2.03497104540578,-0.970366957161512,"13.FishPreyAK","PreyAK","13.FishPreyAK","PreyAK","13.FishPreyAK"
"3896","WGOA_DFA_midTrophic_2026","WGOA_DFA_2026","WGOA_DFA_midTrophic_2026","AK_WGoA_mid_300","",2007-01-01,-2.46761793681918,-2.46761793681918,-2.46761793681918,-1.10432115012755,"13.FishPreyAK","PreyAK","13.FishPreyAK","PreyAK","13.FishPreyAK"
"3897","WGOA_DFA_midTrophic_2026","WGOA_DFA_2026","WGOA_DFA_midTrophic_2026","AK_WGoA_mid_300","",2008-01-01,-2.27900968011314,-2.27900968011314,-2.27900968011314,-1.01116736627586,"13.FishPreyAK","PreyAK","13.FishPreyAK","PreyAK","13.FishPreyAK"
"3898","WGOA_DFA_midTrophic_2026","WGOA_DFA_2026","WGOA_DFA_midTrophic_2026","AK_WGoA_mid_300","",2009-01-01,-1.77315851780379,-1.77315851780379,-1.77315851780379,-0.745857293505485,"13.FishPreyAK","PreyAK","13.FishPreyAK","PreyAK","13.FishPreyAK"
"3899","WGOA_DFA_midTrophic_2026","WGOA_DFA_2026","WGOA_DFA_midTrophic_2026","AK_WGoA_mid_300","",2010-01-01,-1.18446992968469,-1.18446992968469,-1.18446992968469,-0.440302732244697,"13.FishPreyAK","PreyAK","13.FishPreyAK","PreyAK","13.FishPreyAK"
"3900","WGOA_DFA_midTrophic_2026","WGOA_DFA_2026","WGOA_DFA_midTrophic_2026","AK_WGoA_mid_300","",2011-01-01,-1.04287736862567,-1.04287736862567,-1.04287736862567,-0.251219451176748,"13.FishPreyAK","PreyAK","13.FishPreyAK","PreyAK","13.FishPreyAK"
"3901","WGOA_DFA_midTrophic_2026","WGOA_DFA_2026","WGOA_DFA_midTrophic_2026","AK_WGoA_mid_300","",2012-01-01,-0.846008677539639,-0.846008677539639,-0.846008677539639,-0.100710357040568,"13.FishPreyAK","PreyAK","13.FishPreyAK","PreyAK","13.FishPreyAK"
"3902","WGOA_DFA_midTrophic_2026","WGOA_DFA_2026","WGOA_DFA_midTrophic_2026","AK_WGoA_mid_300","",2013-01-01,-0.883078409685553,-0.883078409685553,-0.883078409685553,0.00714162974311955,"13.FishPreyAK","PreyAK","13.FishPreyAK","PreyAK","13.FishPreyAK"
"3903","WGOA_DFA_midTrophic_2026","WGOA_DFA_2026","WGOA_DFA_midTrophic_2026","AK_WGoA_mid_300","",2014-01-01,-0.659645579157567,-0.659645579157567,-0.659645579157567,0.20929766786293,"13.FishPreyAK","PreyAK","13.FishPreyAK","PreyAK","13.FishPreyAK"
"3904","WGOA_DFA_midTrophic_2026","WGOA_DFA_2026","WGOA_DFA_midTrophic_2026","AK_WGoA_mid_300","",2015-01-01,-0.155911567592148,-0.155911567592148,-0.155911567592148,0.532462172334326,"13.FishPreyAK","PreyAK","13.FishPreyAK","PreyAK","13.FishPreyAK"
"3905","WGOA_DFA_midTrophic_2026","WGOA_DFA_2026","WGOA_DFA_midTrophic_2026","AK_WGoA_mid_300","",2016-01-01,0.500055083964849,0.500055083964849,0.500055083964849,0.904240276460336,"13.FishPreyAK","PreyAK","13.FishPreyAK","PreyAK","13.FishPreyAK"
"3906","WGOA_DFA_midTrophic_2026","WGOA_DFA_2026","WGOA_DFA_midTrophic_2026","AK_WGoA_mid_300","",2017-01-01,0.700801995609627,0.700801995609627,0.700801995609627,1.18130935612558,"13.FishPreyAK","PreyAK","13.FishPreyAK","PreyAK","13.FishPreyAK"
"3907","WGOA_DFA_midTrophic_2026","WGOA_DFA_2026","WGOA_DFA_midTrophic_2026","AK_WGoA_mid_300","",2018-01-01,1.29409792786308,1.29409792786308,1.29409792786308,1.48310108650989,"13.FishPreyAK","PreyAK","13.FishPreyAK","PreyAK","13.FishPreyAK"
"3908","WGOA_DFA_midTrophic_2026","WGOA_DFA_2026","WGOA_DFA_midTrophic_2026","AK_WGoA_mid_300","",2019-01-01,1.57131101326652,1.57131101326652,1.57131101326652,1.64551893059705,"13.FishPreyAK","PreyAK","13.FishPreyAK","PreyAK","13.FishPreyAK"
"3909","WGOA_DFA_midTrophic_2026","WGOA_DFA_2026","WGOA_DFA_midTrophic_2026","AK_WGoA_mid_300","",2020-01-01,1.45886818603001,1.45886818603001,1.45886818603001,1.61329792523026,"13.FishPreyAK","PreyAK","13.FishPreyAK","PreyAK","13.FishPreyAK"
"3910","WGOA_DFA_midTrophic_2026","WGOA_DFA_2026","WGOA_DFA_midTrophic_2026","AK_WGoA_mid_300","",2021-01-01,0.985524406533646,0.985524406533646,0.985524406533646,1.44251329482448,"13.FishPreyAK","PreyAK","13.FishPreyAK","PreyAK","13.FishPreyAK"
"3911","WGOA_DFA_midTrophic_2026","WGOA_DFA_2026","WGOA_DFA_midTrophic_2026","AK_WGoA_mid_300","",2022-01-01,0.78873709869696,0.78873709869696,0.78873709869696,1.33407571535632,"13.FishPreyAK","PreyAK","13.FishPreyAK","PreyAK","13.FishPreyAK"
"3912","WGOA_DFA_midTrophic_2026","WGOA_DFA_2026","WGOA_DFA_midTrophic_2026","AK_WGoA_mid_300","",2023-01-01,NA,NA,NA,NA,"13.FishPreyAK","PreyAK","13.FishPreyAK","PreyAK","13.FishPreyAK"
"3913","WGOA_DFA_midTrophic_2026","WGOA_DFA_2026","WGOA_DFA_midTrophic_2026","AK_WGoA_mid_300","",2024-01-01,NA,NA,NA,NA,"13.FishPreyAK","PreyAK","13.FishPreyAK","PreyAK","13.FishPreyAK"
"3914","WGOA_DFA_midTrophic_2026","WGOA_DFA_2026","WGOA_DFA_midTrophic_2026","AK_WGoA_mid_300","",2025-01-01,NA,NA,NA,NA,"13.FishPreyAK","PreyAK","13.FishPreyAK","PreyAK","13.FishPreyAK"
"3915","WGOA_DFA_midTrophic_2026","WGOA_DFA_2026","WGOA_DFA_midTrophic_2026","AK_WGoA_mid_300","",2026-01-01,NA,NA,NA,NA,"13.FishPreyAK","PreyAK","13.FishPreyAK","PreyAK","13.FishPreyAK"
"3916","WGOA_DFA_seabirds_2026","WGOA_DFA_2026","WGOA_DFA_seabirds_2026","AK_WGoA_Seabird_301","",1998-01-01,-1.08867055006845,-1.08867055006845,-1.08867055006845,-0.839586467589645,"13.FishPreyAK_b","PreyAK","13.FishPreyAK_b","PreyAK","13.FishPreyAK_b"
"3917","WGOA_DFA_seabirds_2026","WGOA_DFA_2026","WGOA_DFA_seabirds_2026","AK_WGoA_Seabird_301","",1999-01-01,-0.278425571238642,-0.278425571238642,-0.278425571238642,-0.239638856481813,"13.FishPreyAK_b","PreyAK","13.FishPreyAK_b","PreyAK","13.FishPreyAK_b"
"3918","WGOA_DFA_seabirds_2026","WGOA_DFA_2026","WGOA_DFA_seabirds_2026","AK_WGoA_Seabird_301","",2000-01-01,0.898742711830298,0.898742711830298,0.898742711830298,0.520451299879463,"13.FishPreyAK_b","PreyAK","13.FishPreyAK_b","PreyAK","13.FishPreyAK_b"
"3919","WGOA_DFA_seabirds_2026","WGOA_DFA_2026","WGOA_DFA_seabirds_2026","AK_WGoA_Seabird_301","",2001-01-01,1.84041650497881,1.84041650497881,1.84041650497881,1.12598289513872,"13.FishPreyAK_b","PreyAK","13.FishPreyAK_b","PreyAK","13.FishPreyAK_b"
"3920","WGOA_DFA_seabirds_2026","WGOA_DFA_2026","WGOA_DFA_seabirds_2026","AK_WGoA_Seabird_301","",2002-01-01,2.32109056611772,2.32109056611772,2.32109056611772,1.32271005708322,"13.FishPreyAK_b","PreyAK","13.FishPreyAK_b","PreyAK","13.FishPreyAK_b"
"3921","WGOA_DFA_seabirds_2026","WGOA_DFA_2026","WGOA_DFA_seabirds_2026","AK_WGoA_Seabird_301","",2003-01-01,1.30459791645275,1.30459791645275,1.30459791645275,0.868489576651733,"13.FishPreyAK_b","PreyAK","13.FishPreyAK_b","PreyAK","13.FishPreyAK_b"
"3922","WGOA_DFA_seabirds_2026","WGOA_DFA_2026","WGOA_DFA_seabirds_2026","AK_WGoA_Seabird_301","",2004-01-01,0.0565856466535091,0.0565856466535091,0.0565856466535091,0.237190384407968,"13.FishPreyAK_b","PreyAK","13.FishPreyAK_b","PreyAK","13.FishPreyAK_b"
"3923","WGOA_DFA_seabirds_2026","WGOA_DFA_2026","WGOA_DFA_seabirds_2026","AK_WGoA_Seabird_301","",2005-01-01,0.217100108679434,0.217100108679434,0.217100108679434,-0.0630126854199893,"13.FishPreyAK_b","PreyAK","13.FishPreyAK_b","PreyAK","13.FishPreyAK_b"
"3924","WGOA_DFA_seabirds_2026","WGOA_DFA_2026","WGOA_DFA_seabirds_2026","AK_WGoA_Seabird_301","",2006-01-01,-0.267914209051731,-0.267914209051731,-0.267914209051731,-0.478877399899624,"13.FishPreyAK_b","PreyAK","13.FishPreyAK_b","PreyAK","13.FishPreyAK_b"
"3925","WGOA_DFA_seabirds_2026","WGOA_DFA_2026","WGOA_DFA_seabirds_2026","AK_WGoA_Seabird_301","",2007-01-01,-1.50138170447343,-1.50138170447343,-1.50138170447343,-0.983435313215979,"13.FishPreyAK_b","PreyAK","13.FishPreyAK_b","PreyAK","13.FishPreyAK_b"
"3926","WGOA_DFA_seabirds_2026","WGOA_DFA_2026","WGOA_DFA_seabirds_2026","AK_WGoA_Seabird_301","",2008-01-01,-0.919327765315557,-0.919327765315557,-0.919327765315557,-0.955050143690517,"13.FishPreyAK_b","PreyAK","13.FishPreyAK_b","PreyAK","13.FishPreyAK_b"
"3927","WGOA_DFA_seabirds_2026","WGOA_DFA_2026","WGOA_DFA_seabirds_2026","AK_WGoA_Seabird_301","",2009-01-01,-0.670783751803265,-0.670783751803265,-0.670783751803265,-0.896770075239652,"13.FishPreyAK_b","PreyAK","13.FishPreyAK_b","PreyAK","13.FishPreyAK_b"
"3928","WGOA_DFA_seabirds_2026","WGOA_DFA_2026","WGOA_DFA_seabirds_2026","AK_WGoA_Seabird_301","",2010-01-01,-0.815903313566233,-0.815903313566233,-0.815903313566233,-0.977243455651475,"13.FishPreyAK_b","PreyAK","13.FishPreyAK_b","PreyAK","13.FishPreyAK_b"
"3929","WGOA_DFA_seabirds_2026","WGOA_DFA_2026","WGOA_DFA_seabirds_2026","AK_WGoA_Seabird_301","",2011-01-01,-1.56964260056267,-1.56964260056267,-1.56964260056267,-1.144444990955,"13.FishPreyAK_b","PreyAK","13.FishPreyAK_b","PreyAK","13.FishPreyAK_b"
"3930","WGOA_DFA_seabirds_2026","WGOA_DFA_2026","WGOA_DFA_seabirds_2026","AK_WGoA_Seabird_301","",2012-01-01,-0.769279033703644,-0.769279033703644,-0.769279033703644,-0.877388799512718,"13.FishPreyAK_b","PreyAK","13.FishPreyAK_b","PreyAK","13.FishPreyAK_b"
"3931","WGOA_DFA_seabirds_2026","WGOA_DFA_2026","WGOA_DFA_seabirds_2026","AK_WGoA_Seabird_301","",2013-01-01,-0.712167031070192,-0.712167031070192,-0.712167031070192,-0.639775524762615,"13.FishPreyAK_b","PreyAK","13.FishPreyAK_b","PreyAK","13.FishPreyAK_b"
"3932","WGOA_DFA_seabirds_2026","WGOA_DFA_2026","WGOA_DFA_seabirds_2026","AK_WGoA_Seabird_301","",2014-01-01,0.451599180475165,0.451599180475165,0.451599180475165,-0.246136927043927,"13.FishPreyAK_b","PreyAK","13.FishPreyAK_b","PreyAK","13.FishPreyAK_b"
"3933","WGOA_DFA_seabirds_2026","WGOA_DFA_2026","WGOA_DFA_seabirds_2026","AK_WGoA_Seabird_301","",2015-01-01,-0.701961290427496,-0.701961290427496,-0.701961290427496,-0.36538916313152,"13.FishPreyAK_b","PreyAK","13.FishPreyAK_b","PreyAK","13.FishPreyAK_b"
"3934","WGOA_DFA_seabirds_2026","WGOA_DFA_2026","WGOA_DFA_seabirds_2026","AK_WGoA_Seabird_301","",2016-01-01,0.32676776550601,0.32676776550601,0.32676776550601,-0.0635478733144031,"13.FishPreyAK_b","PreyAK","13.FishPreyAK_b","PreyAK","13.FishPreyAK_b"
"3935","WGOA_DFA_seabirds_2026","WGOA_DFA_2026","WGOA_DFA_seabirds_2026","AK_WGoA_Seabird_301","",2017-01-01,-0.255177109955678,-0.255177109955678,-0.255177109955678,0.0219666016464213,"13.FishPreyAK_b","PreyAK","13.FishPreyAK_b","PreyAK","13.FishPreyAK_b"
"3936","WGOA_DFA_seabirds_2026","WGOA_DFA_2026","WGOA_DFA_seabirds_2026","AK_WGoA_Seabird_301","",2018-01-01,0.970787279380697,0.970787279380697,0.970787279380697,0.5080025116062,"13.FishPreyAK_b","PreyAK","13.FishPreyAK_b","PreyAK","13.FishPreyAK_b"
"3937","WGOA_DFA_seabirds_2026","WGOA_DFA_2026","WGOA_DFA_seabirds_2026","AK_WGoA_Seabird_301","",2019-01-01,1.23022446444226,1.23022446444226,1.23022446444226,0.761252140798231,"13.FishPreyAK_b","PreyAK","13.FishPreyAK_b","PreyAK","13.FishPreyAK_b"
"3938","WGOA_DFA_seabirds_2026","WGOA_DFA_2026","WGOA_DFA_seabirds_2026","AK_WGoA_Seabird_301","",2020-01-01,0.829882930020765,0.829882930020765,0.829882930020765,0.798090897677778,"13.FishPreyAK_b","PreyAK","13.FishPreyAK_b","PreyAK","13.FishPreyAK_b"
"3939","WGOA_DFA_seabirds_2026","WGOA_DFA_2026","WGOA_DFA_seabirds_2026","AK_WGoA_Seabird_301","",2021-01-01,1.23196136090773,1.23196136090773,1.23196136090773,1.02088181418986,"13.FishPreyAK_b","PreyAK","13.FishPreyAK_b","PreyAK","13.FishPreyAK_b"
"3940","WGOA_DFA_seabirds_2026","WGOA_DFA_2026","WGOA_DFA_seabirds_2026","AK_WGoA_Seabird_301","",2022-01-01,1.85678203706599,1.85678203706599,1.85678203706599,1.28530569127537,"13.FishPreyAK_b","PreyAK","13.FishPreyAK_b","PreyAK","13.FishPreyAK_b"
"3941","WGOA_DFA_seabirds_2026","WGOA_DFA_2026","WGOA_DFA_seabirds_2026","AK_WGoA_Seabird_301","",2023-01-01,NA,NA,NA,NA,"13.FishPreyAK_b","PreyAK","13.FishPreyAK_b","PreyAK","13.FishPreyAK_b"
"3942","WGOA_DFA_seabirds_2026","WGOA_DFA_2026","WGOA_DFA_seabirds_2026","AK_WGoA_Seabird_301","",2024-01-01,NA,NA,NA,NA,"13.FishPreyAK_b","PreyAK","13.FishPreyAK_b","PreyAK","13.FishPreyAK_b"
"3943","WGOA_DFA_seabirds_2026","WGOA_DFA_2026","WGOA_DFA_seabirds_2026","AK_WGoA_Seabird_301","",2025-01-01,NA,NA,NA,NA,"13.FishPreyAK_b","PreyAK","13.FishPreyAK_b","PreyAK","13.FishPreyAK_b"
"3944","WGOA_DFA_seabirds_2026","WGOA_DFA_2026","WGOA_DFA_seabirds_2026","AK_WGoA_Seabird_301","",2026-01-01,NA,NA,NA,NA,"13.FishPreyAK_b","PreyAK","13.FishPreyAK_b","PreyAK","13.FishPreyAK_b"
"3945","lingcodSA_2026","lingcodSA_2026","lingcodSA_2026","CC_NCC_fish_302","",1998-01-01,26447,26447,26447,-2.62415562604104,"09.PredFishNCC","PredNCC","09.PredFishNCC","PredNCC","09.PredFishNCC"
"3946","lingcodSA_2026","lingcodSA_2026","lingcodSA_2026","CC_NCC_fish_302","",1999-01-01,26479,26479,26479,-2.10502020137289,"09.PredFishNCC","PredNCC","09.PredFishNCC","PredNCC","09.PredFishNCC"
"3947","lingcodSA_2026","lingcodSA_2026","lingcodSA_2026","CC_NCC_fish_302","",2000-01-01,32149,32149,32149,-0.823146289573074,"09.PredFishNCC","PredNCC","09.PredFishNCC","PredNCC","09.PredFishNCC"
"3948","lingcodSA_2026","lingcodSA_2026","lingcodSA_2026","CC_NCC_fish_302","",2001-01-01,32720,32720,32720,-0.325396377784961,"09.PredFishNCC","PredNCC","09.PredFishNCC","PredNCC","09.PredFishNCC"
"3949","lingcodSA_2026","lingcodSA_2026","lingcodSA_2026","CC_NCC_fish_302","",2002-01-01,30917,30917,30917,-0.398889775348576,"09.PredFishNCC","PredNCC","09.PredFishNCC","PredNCC","09.PredFishNCC"
"3950","lingcodSA_2026","lingcodSA_2026","lingcodSA_2026","CC_NCC_fish_302","",2003-01-01,31814,31814,31814,-0.217611638682112,"09.PredFishNCC","PredNCC","09.PredFishNCC","PredNCC","09.PredFishNCC"
"3951","lingcodSA_2026","lingcodSA_2026","lingcodSA_2026","CC_NCC_fish_302","",2004-01-01,32467,32467,32467,-0.0477929228037637,"09.PredFishNCC","PredNCC","09.PredFishNCC","PredNCC","09.PredFishNCC"
"3952","lingcodSA_2026","lingcodSA_2026","lingcodSA_2026","CC_NCC_fish_302","",2005-01-01,32240,32240,32240,-0.0453935482566818,"09.PredFishNCC","PredNCC","09.PredFishNCC","PredNCC","09.PredFishNCC"
"3953","lingcodSA_2026","lingcodSA_2026","lingcodSA_2026","CC_NCC_fish_302","",2006-01-01,31232,31232,31232,-0.094764905474366,"09.PredFishNCC","PredNCC","09.PredFishNCC","PredNCC","09.PredFishNCC"
"3954","lingcodSA_2026","lingcodSA_2026","lingcodSA_2026","CC_NCC_fish_302","",2007-01-01,33122,33122,33122,0.257608119248729,"09.PredFishNCC","PredNCC","09.PredFishNCC","PredNCC","09.PredFishNCC"
"3955","lingcodSA_2026","lingcodSA_2026","lingcodSA_2026","CC_NCC_fish_302","",2008-01-01,33029,33029,33029,0.421186417654643,"09.PredFishNCC","PredNCC","09.PredFishNCC","PredNCC","09.PredFishNCC"
"3956","lingcodSA_2026","lingcodSA_2026","lingcodSA_2026","CC_NCC_fish_302","",2009-01-01,33358,33358,33358,0.605945551835658,"09.PredFishNCC","PredNCC","09.PredFishNCC","PredNCC","09.PredFishNCC"
"3957","lingcodSA_2026","lingcodSA_2026","lingcodSA_2026","CC_NCC_fish_302","",2010-01-01,34596,34596,34596,0.832508099490904,"09.PredFishNCC","PredNCC","09.PredFishNCC","PredNCC","09.PredFishNCC"
"3958","lingcodSA_2026","lingcodSA_2026","lingcodSA_2026","CC_NCC_fish_302","",2011-01-01,33576,33576,33576,0.70980421640761,"09.PredFishNCC","PredNCC","09.PredFishNCC","PredNCC","09.PredFishNCC"
"3959","lingcodSA_2026","lingcodSA_2026","lingcodSA_2026","CC_NCC_fish_302","",2012-01-01,33332,33332,33332,0.624003234127181,"09.PredFishNCC","PredNCC","09.PredFishNCC","PredNCC","09.PredFishNCC"
"3960","lingcodSA_2026","lingcodSA_2026","lingcodSA_2026","CC_NCC_fish_302","",2013-01-01,33305,33305,33305,0.61103462563235,"09.PredFishNCC","PredNCC","09.PredFishNCC","PredNCC","09.PredFishNCC"
"3961","lingcodSA_2026","lingcodSA_2026","lingcodSA_2026","CC_NCC_fish_302","",2014-01-01,33863,33863,33863,0.671399955756587,"09.PredFishNCC","PredNCC","09.PredFishNCC","PredNCC","09.PredFishNCC"
"3962","lingcodSA_2026","lingcodSA_2026","lingcodSA_2026","CC_NCC_fish_302","",2015-01-01,33490,33490,33490,0.587080972505912,"09.PredFishNCC","PredNCC","09.PredFishNCC","PredNCC","09.PredFishNCC"
"3963","lingcodSA_2026","lingcodSA_2026","lingcodSA_2026","CC_NCC_fish_302","",2016-01-01,33453,33453,33453,0.459846642683583,"09.PredFishNCC","PredNCC","09.PredFishNCC","PredNCC","09.PredFishNCC"
"3964","lingcodSA_2026","lingcodSA_2026","lingcodSA_2026","CC_NCC_fish_302","",2017-01-01,32148,32148,32148,0.180921762880128,"09.PredFishNCC","PredNCC","09.PredFishNCC","PredNCC","09.PredFishNCC"
"3965","lingcodSA_2026","lingcodSA_2026","lingcodSA_2026","CC_NCC_fish_302","",2018-01-01,32364,32364,32364,0.12243983082663,"09.PredFishNCC","PredNCC","09.PredFishNCC","PredNCC","09.PredFishNCC"
"3966","lingcodSA_2026","lingcodSA_2026","lingcodSA_2026","CC_NCC_fish_302","",2019-01-01,32250,32250,32250,0.118157527843184,"09.PredFishNCC","PredNCC","09.PredFishNCC","PredNCC","09.PredFishNCC"
"3967","lingcodSA_2026","lingcodSA_2026","lingcodSA_2026","CC_NCC_fish_302","",2020-01-01,32875,32875,32875,0.220666616110282,"09.PredFishNCC","PredNCC","09.PredFishNCC","PredNCC","09.PredFishNCC"
"3968","lingcodSA_2026","lingcodSA_2026","lingcodSA_2026","CC_NCC_fish_302","",2021-01-01,NA,NA,NA,NA,"09.PredFishNCC","PredNCC","09.PredFishNCC","PredNCC","09.PredFishNCC"
"3969","lingcodSA_2026","lingcodSA_2026","lingcodSA_2026","CC_NCC_fish_302","",2022-01-01,NA,NA,NA,NA,"09.PredFishNCC","PredNCC","09.PredFishNCC","PredNCC","09.PredFishNCC"
"3970","lingcodSA_2026","lingcodSA_2026","lingcodSA_2026","CC_NCC_fish_302","",2023-01-01,NA,NA,NA,NA,"09.PredFishNCC","PredNCC","09.PredFishNCC","PredNCC","09.PredFishNCC"
"3971","lingcodSA_2026","lingcodSA_2026","lingcodSA_2026","CC_NCC_fish_302","",2024-01-01,NA,NA,NA,NA,"09.PredFishNCC","PredNCC","09.PredFishNCC","PredNCC","09.PredFishNCC"
"3972","lingcodSA_2026","lingcodSA_2026","lingcodSA_2026","CC_NCC_fish_302","",2025-01-01,NA,NA,NA,NA,"09.PredFishNCC","PredNCC","09.PredFishNCC","PredNCC","09.PredFishNCC"
"3973","lingcodSA_2026","lingcodSA_2026","lingcodSA_2026","CC_NCC_fish_302","",2026-01-01,NA,NA,NA,NA,"09.PredFishNCC","PredNCC","09.PredFishNCC","PredNCC","09.PredFishNCC"
"3974","ArrowtoothFlounderBiomass_predAK_2026","predAK_2026","ArrowtoothFlounderBiomass_predAK_2026","AK_GoA_fish_304","",1998-01-01,1700040,1700040,1700040,0.227604033068666,"15.PredFishAK_0","PredAK","15.PredFishAK_0","PredAK",NA
"3975","ArrowtoothFlounderBiomass_predAK_2026","predAK_2026","ArrowtoothFlounderBiomass_predAK_2026","AK_GoA_fish_304","",1999-01-01,1736690,1736690,1736690,0.367666248391776,"15.PredFishAK_0","PredAK","15.PredFishAK_0","PredAK",NA
"3976","ArrowtoothFlounderBiomass_predAK_2026","predAK_2026","ArrowtoothFlounderBiomass_predAK_2026","AK_GoA_fish_304","",2000-01-01,1800450,1800450,1800450,0.564240303655323,"15.PredFishAK_0","PredAK","15.PredFishAK_0","PredAK",NA
"3977","ArrowtoothFlounderBiomass_predAK_2026","predAK_2026","ArrowtoothFlounderBiomass_predAK_2026","AK_GoA_fish_304","",2001-01-01,1846490,1846490,1846490,0.746714569023261,"15.PredFishAK_0","PredAK","15.PredFishAK_0","PredAK",NA
"3978","ArrowtoothFlounderBiomass_predAK_2026","predAK_2026","ArrowtoothFlounderBiomass_predAK_2026","AK_GoA_fish_304","",2002-01-01,1889030,1889030,1889030,0.904633119430891,"15.PredFishAK_0","PredAK","15.PredFishAK_0","PredAK",NA
"3979","ArrowtoothFlounderBiomass_predAK_2026","predAK_2026","ArrowtoothFlounderBiomass_predAK_2026","AK_GoA_fish_304","",2003-01-01,1916920,1916920,1916920,1.01765103219712,"15.PredFishAK_0","PredAK","15.PredFishAK_0","PredAK",NA
"3980","ArrowtoothFlounderBiomass_predAK_2026","predAK_2026","ArrowtoothFlounderBiomass_predAK_2026","AK_GoA_fish_304","",2004-01-01,1926290,1926290,1926290,1.08191343531046,"15.PredFishAK_0","PredAK","15.PredFishAK_0","PredAK",NA
"3981","ArrowtoothFlounderBiomass_predAK_2026","predAK_2026","ArrowtoothFlounderBiomass_predAK_2026","AK_GoA_fish_304","",2005-01-01,1943540,1943540,1943540,1.12241783430924,"15.PredFishAK_0","PredAK","15.PredFishAK_0","PredAK",NA
"3982","ArrowtoothFlounderBiomass_predAK_2026","predAK_2026","ArrowtoothFlounderBiomass_predAK_2026","AK_GoA_fish_304","",2006-01-01,1945340,1945340,1945340,1.10738266414002,"15.PredFishAK_0","PredAK","15.PredFishAK_0","PredAK",NA
"3983","ArrowtoothFlounderBiomass_predAK_2026","predAK_2026","ArrowtoothFlounderBiomass_predAK_2026","AK_GoA_fish_304","",2007-01-01,1919540,1919540,1919540,1.01422987142815,"15.PredFishAK_0","PredAK","15.PredFishAK_0","PredAK",NA
"3984","ArrowtoothFlounderBiomass_predAK_2026","predAK_2026","ArrowtoothFlounderBiomass_predAK_2026","AK_GoA_fish_304","",2008-01-01,1882570,1882570,1882570,0.857921322739836,"15.PredFishAK_0","PredAK","15.PredFishAK_0","PredAK",NA
"3985","ArrowtoothFlounderBiomass_predAK_2026","predAK_2026","ArrowtoothFlounderBiomass_predAK_2026","AK_GoA_fish_304","",2009-01-01,1823200,1823200,1823200,0.637070909445278,"15.PredFishAK_0","PredAK","15.PredFishAK_0","PredAK",NA
"3986","ArrowtoothFlounderBiomass_predAK_2026","predAK_2026","ArrowtoothFlounderBiomass_predAK_2026","AK_GoA_fish_304","",2010-01-01,1755930,1755930,1755930,0.379617649309563,"15.PredFishAK_0","PredAK","15.PredFishAK_0","PredAK",NA
"3987","ArrowtoothFlounderBiomass_predAK_2026","predAK_2026","ArrowtoothFlounderBiomass_predAK_2026","AK_GoA_fish_304","",2011-01-01,1687840,1687840,1687840,0.110002589547189,"15.PredFishAK_0","PredAK","15.PredFishAK_0","PredAK",NA
"3988","ArrowtoothFlounderBiomass_predAK_2026","predAK_2026","ArrowtoothFlounderBiomass_predAK_2026","AK_GoA_fish_304","",2012-01-01,1618680,1618680,1618680,-0.156058819904859,"15.PredFishAK_0","PredAK","15.PredFishAK_0","PredAK",NA
"3989","ArrowtoothFlounderBiomass_predAK_2026","predAK_2026","ArrowtoothFlounderBiomass_predAK_2026","AK_GoA_fish_304","",2013-01-01,1566580,1566580,1566580,-0.394813653782698,"15.PredFishAK_0","PredAK","15.PredFishAK_0","PredAK",NA
"3990","ArrowtoothFlounderBiomass_predAK_2026","predAK_2026","ArrowtoothFlounderBiomass_predAK_2026","AK_GoA_fish_304","",2014-01-01,1513960,1513960,1513960,-0.626692182073191,"15.PredFishAK_0","PredAK","15.PredFishAK_0","PredAK",NA
"3991","ArrowtoothFlounderBiomass_predAK_2026","predAK_2026","ArrowtoothFlounderBiomass_predAK_2026","AK_GoA_fish_304","",2015-01-01,1446290,1446290,1446290,-0.863069314027613,"15.PredFishAK_0","PredAK","15.PredFishAK_0","PredAK",NA
"3992","ArrowtoothFlounderBiomass_predAK_2026","predAK_2026","ArrowtoothFlounderBiomass_predAK_2026","AK_GoA_fish_304","",2016-01-01,1402090,1402090,1402090,-1.0567516779823,"15.PredFishAK_0","PredAK","15.PredFishAK_0","PredAK",NA
"3993","ArrowtoothFlounderBiomass_predAK_2026","predAK_2026","ArrowtoothFlounderBiomass_predAK_2026","AK_GoA_fish_304","",2017-01-01,1363850,1363850,1363850,-1.21620195029152,"15.PredFishAK_0","PredAK","15.PredFishAK_0","PredAK",NA
"3994","ArrowtoothFlounderBiomass_predAK_2026","predAK_2026","ArrowtoothFlounderBiomass_predAK_2026","AK_GoA_fish_304","",2018-01-01,1336650,1336650,1336650,-1.34062604005547,"15.PredFishAK_0","PredAK","15.PredFishAK_0","PredAK",NA
"3995","ArrowtoothFlounderBiomass_predAK_2026","predAK_2026","ArrowtoothFlounderBiomass_predAK_2026","AK_GoA_fish_304","",2019-01-01,1314860,1314860,1314860,-1.44046669082246,"15.PredFishAK_0","PredAK","15.PredFishAK_0","PredAK",NA
"3996","ArrowtoothFlounderBiomass_predAK_2026","predAK_2026","ArrowtoothFlounderBiomass_predAK_2026","AK_GoA_fish_304","",2020-01-01,1294430,1294430,1294430,-1.52425376166688,"15.PredFishAK_0","PredAK","15.PredFishAK_0","PredAK",NA
"3997","ArrowtoothFlounderBiomass_predAK_2026","predAK_2026","ArrowtoothFlounderBiomass_predAK_2026","AK_GoA_fish_304","",2021-01-01,1267240,1267240,1267240,-1.59016259905133,"15.PredFishAK_0","PredAK","15.PredFishAK_0","PredAK",NA
"3998","ArrowtoothFlounderBiomass_predAK_2026","predAK_2026","ArrowtoothFlounderBiomass_predAK_2026","AK_GoA_fish_304","",2022-01-01,NA,NA,NA,NA,"15.PredFishAK_0","PredAK","15.PredFishAK_0","PredAK",NA
"3999","ArrowtoothFlounderBiomass_predAK_2026","predAK_2026","ArrowtoothFlounderBiomass_predAK_2026","AK_GoA_fish_304","",2023-01-01,NA,NA,NA,NA,"15.PredFishAK_0","PredAK","15.PredFishAK_0","PredAK",NA
"4000","ArrowtoothFlounderBiomass_predAK_2026","predAK_2026","ArrowtoothFlounderBiomass_predAK_2026","AK_GoA_fish_304","",2024-01-01,NA,NA,NA,NA,"15.PredFishAK_0","PredAK","15.PredFishAK_0","PredAK",NA
"4001","ArrowtoothFlounderBiomass_predAK_2026","predAK_2026","ArrowtoothFlounderBiomass_predAK_2026","AK_GoA_fish_304","",2025-01-01,NA,NA,NA,NA,"15.PredFishAK_0","PredAK","15.PredFishAK_0","PredAK",NA
"4002","ArrowtoothFlounderBiomass_predAK_2026","predAK_2026","ArrowtoothFlounderBiomass_predAK_2026","AK_GoA_fish_304","",2026-01-01,NA,NA,NA,NA,"15.PredFishAK_0","PredAK","15.PredFishAK_0","PredAK",NA
"4003","halibutBiomassAge8plus_2yrLead_predAK_2026","predAK_2026","halibutBiomassAge8plus_2yrLead_predAK_2026","AK_GoA_fish_315","",1998-01-01,1918.75,1918.75,1918.75,2.40456125458959,"15.PredFishAK_5","PredAK","15.PredFishAK_5","PredAK",NA
"4004","halibutBiomassAge8plus_2yrLead_predAK_2026","predAK_2026","halibutBiomassAge8plus_2yrLead_predAK_2026","AK_GoA_fish_315","",1999-01-01,1688.5,1688.5,1688.5,2.02339694456286,"15.PredFishAK_5","PredAK","15.PredFishAK_5","PredAK",NA
"4005","halibutBiomassAge8plus_2yrLead_predAK_2026","predAK_2026","halibutBiomassAge8plus_2yrLead_predAK_2026","AK_GoA_fish_315","",2000-01-01,1586.5,1586.5,1586.5,1.70025265367316,"15.PredFishAK_5","PredAK","15.PredFishAK_5","PredAK",NA
"4006","halibutBiomassAge8plus_2yrLead_predAK_2026","predAK_2026","halibutBiomassAge8plus_2yrLead_predAK_2026","AK_GoA_fish_315","",2001-01-01,1485.5,1485.5,1485.5,1.39096859216461,"15.PredFishAK_5","PredAK","15.PredFishAK_5","PredAK",NA
"4007","halibutBiomassAge8plus_2yrLead_predAK_2026","predAK_2026","halibutBiomassAge8plus_2yrLead_predAK_2026","AK_GoA_fish_315","",2002-01-01,1352,1352,1352,1.06251005749453,"15.PredFishAK_5","PredAK","15.PredFishAK_5","PredAK",NA
"4008","halibutBiomassAge8plus_2yrLead_predAK_2026","predAK_2026","halibutBiomassAge8plus_2yrLead_predAK_2026","AK_GoA_fish_315","",2003-01-01,1210.25,1210.25,1210.25,0.751559994417971,"15.PredFishAK_5","PredAK","15.PredFishAK_5","PredAK",NA
"4009","halibutBiomassAge8plus_2yrLead_predAK_2026","predAK_2026","halibutBiomassAge8plus_2yrLead_predAK_2026","AK_GoA_fish_315","",2004-01-01,1137.75,1137.75,1137.75,0.534874742169384,"15.PredFishAK_5","PredAK","15.PredFishAK_5","PredAK",NA
"4010","halibutBiomassAge8plus_2yrLead_predAK_2026","predAK_2026","halibutBiomassAge8plus_2yrLead_predAK_2026","AK_GoA_fish_315","",2005-01-01,1117.25,1117.25,1117.25,0.394066855678635,"15.PredFishAK_5","PredAK","15.PredFishAK_5","PredAK",NA
"4011","halibutBiomassAge8plus_2yrLead_predAK_2026","predAK_2026","halibutBiomassAge8plus_2yrLead_predAK_2026","AK_GoA_fish_315","",2006-01-01,1069.5,1069.5,1069.5,0.244398862898541,"15.PredFishAK_5","PredAK","15.PredFishAK_5","PredAK",NA
"4012","halibutBiomassAge8plus_2yrLead_predAK_2026","predAK_2026","halibutBiomassAge8plus_2yrLead_predAK_2026","AK_GoA_fish_315","",2007-01-01,973.5,973.5,973.5,0.0668058095699935,"15.PredFishAK_5","PredAK","15.PredFishAK_5","PredAK",NA
"4013","halibutBiomassAge8plus_2yrLead_predAK_2026","predAK_2026","halibutBiomassAge8plus_2yrLead_predAK_2026","AK_GoA_fish_315","",2008-01-01,941.75,941.75,941.75,-0.0537317095095959,"15.PredFishAK_5","PredAK","15.PredFishAK_5","PredAK",NA
"4014","halibutBiomassAge8plus_2yrLead_predAK_2026","predAK_2026","halibutBiomassAge8plus_2yrLead_predAK_2026","AK_GoA_fish_315","",2009-01-01,889.75,889.75,889.75,-0.150910449586491,"15.PredFishAK_5","PredAK","15.PredFishAK_5","PredAK",NA
"4015","halibutBiomassAge8plus_2yrLead_predAK_2026","predAK_2026","halibutBiomassAge8plus_2yrLead_predAK_2026","AK_GoA_fish_315","",2010-01-01,890.5,890.5,890.5,-0.179681758002693,"15.PredFishAK_5","PredAK","15.PredFishAK_5","PredAK",NA
"4016","halibutBiomassAge8plus_2yrLead_predAK_2026","predAK_2026","halibutBiomassAge8plus_2yrLead_predAK_2026","AK_GoA_fish_315","",2011-01-01,937.25,937.25,937.25,-0.170868299800386,"15.PredFishAK_5","PredAK","15.PredFishAK_5","PredAK",NA
"4017","halibutBiomassAge8plus_2yrLead_predAK_2026","predAK_2026","halibutBiomassAge8plus_2yrLead_predAK_2026","AK_GoA_fish_315","",2012-01-01,893,893,893,-0.243524513130271,"15.PredFishAK_5","PredAK","15.PredFishAK_5","PredAK",NA
"4018","halibutBiomassAge8plus_2yrLead_predAK_2026","predAK_2026","halibutBiomassAge8plus_2yrLead_predAK_2026","AK_GoA_fish_315","",2013-01-01,843.5,843.5,843.5,-0.349276570389173,"15.PredFishAK_5","PredAK","15.PredFishAK_5","PredAK",NA
"4019","halibutBiomassAge8plus_2yrLead_predAK_2026","predAK_2026","halibutBiomassAge8plus_2yrLead_predAK_2026","AK_GoA_fish_315","",2014-01-01,816,816,816,-0.458486991521045,"15.PredFishAK_5","PredAK","15.PredFishAK_5","PredAK",NA
"4020","halibutBiomassAge8plus_2yrLead_predAK_2026","predAK_2026","halibutBiomassAge8plus_2yrLead_predAK_2026","AK_GoA_fish_315","",2015-01-01,744.25,744.25,744.25,-0.605149788038345,"15.PredFishAK_5","PredAK","15.PredFishAK_5","PredAK",NA
"4021","halibutBiomassAge8plus_2yrLead_predAK_2026","predAK_2026","halibutBiomassAge8plus_2yrLead_predAK_2026","AK_GoA_fish_315","",2016-01-01,685.5,685.5,685.5,-0.739681305905898,"15.PredFishAK_5","PredAK","15.PredFishAK_5","PredAK",NA
"4022","halibutBiomassAge8plus_2yrLead_predAK_2026","predAK_2026","halibutBiomassAge8plus_2yrLead_predAK_2026","AK_GoA_fish_315","",2017-01-01,644.5,644.5,644.5,-0.835923460622504,"15.PredFishAK_5","PredAK","15.PredFishAK_5","PredAK",NA
"4023","halibutBiomassAge8plus_2yrLead_predAK_2026","predAK_2026","halibutBiomassAge8plus_2yrLead_predAK_2026","AK_GoA_fish_315","",2018-01-01,663.75,663.75,663.75,-0.877977578017641,"15.PredFishAK_5","PredAK","15.PredFishAK_5","PredAK",NA
"4024","halibutBiomassAge8plus_2yrLead_predAK_2026","predAK_2026","halibutBiomassAge8plus_2yrLead_predAK_2026","AK_GoA_fish_315","",2019-01-01,607.5,607.5,607.5,-0.960549262220035,"15.PredFishAK_5","PredAK","15.PredFishAK_5","PredAK",NA
"4025","halibutBiomassAge8plus_2yrLead_predAK_2026","predAK_2026","halibutBiomassAge8plus_2yrLead_predAK_2026","AK_GoA_fish_315","",2020-01-01,587.25,587.25,587.25,-1.01235845048328,"15.PredFishAK_5","PredAK","15.PredFishAK_5","PredAK",NA
"4026","halibutBiomassAge8plus_2yrLead_predAK_2026","predAK_2026","halibutBiomassAge8plus_2yrLead_predAK_2026","AK_GoA_fish_315","",2021-01-01,563.25,563.25,563.25,-1.02982770216904,"15.PredFishAK_5","PredAK","15.PredFishAK_5","PredAK",NA
"4027","halibutBiomassAge8plus_2yrLead_predAK_2026","predAK_2026","halibutBiomassAge8plus_2yrLead_predAK_2026","AK_GoA_fish_315","",2022-01-01,615.25,615.25,615.25,-0.964782856931607,"15.PredFishAK_5","PredAK","15.PredFishAK_5","PredAK",NA
"4028","halibutBiomassAge8plus_2yrLead_predAK_2026","predAK_2026","halibutBiomassAge8plus_2yrLead_predAK_2026","AK_GoA_fish_315","",2023-01-01,654.5,654.5,654.5,-0.894406462268425,"15.PredFishAK_5","PredAK","15.PredFishAK_5","PredAK",NA
"4029","halibutBiomassAge8plus_2yrLead_predAK_2026","predAK_2026","halibutBiomassAge8plus_2yrLead_predAK_2026","AK_GoA_fish_315","",2024-01-01,671.25,671.25,671.25,-0.855676453609484,"15.PredFishAK_5","PredAK","15.PredFishAK_5","PredAK",NA
"4030","halibutBiomassAge8plus_2yrLead_predAK_2026","predAK_2026","halibutBiomassAge8plus_2yrLead_predAK_2026","AK_GoA_fish_315","",2025-01-01,NA,NA,NA,NA,"15.PredFishAK_5","PredAK","15.PredFishAK_5","PredAK",NA
"4031","halibutBiomassAge8plus_2yrLead_predAK_2026","predAK_2026","halibutBiomassAge8plus_2yrLead_predAK_2026","AK_GoA_fish_315","",2026-01-01,NA,NA,NA,NA,"15.PredFishAK_5","PredAK","15.PredFishAK_5","PredAK",NA
"4032","PacificCodBiomass_predAK_2026","predAK_2026","PacificCodBiomass_predAK_2026","AK_GoA_fish_307","",1998-01-01,397910,397910,397910,1.12224973684601,"15.PredFishAK_3","PredAK","15.PredFishAK_3","PredAK",NA
"4033","PacificCodBiomass_predAK_2026","predAK_2026","PacificCodBiomass_predAK_2026","AK_GoA_fish_307","",1999-01-01,362078,362078,362078,0.855407380753362,"15.PredFishAK_3","PredAK","15.PredFishAK_3","PredAK",NA
"4034","PacificCodBiomass_predAK_2026","predAK_2026","PacificCodBiomass_predAK_2026","AK_GoA_fish_307","",2000-01-01,322039,322039,322039,0.566208901218634,"15.PredFishAK_3","PredAK","15.PredFishAK_3","PredAK",NA
"4035","PacificCodBiomass_predAK_2026","predAK_2026","PacificCodBiomass_predAK_2026","AK_GoA_fish_307","",2001-01-01,304118,304118,304118,0.38773296809573,"15.PredFishAK_3","PredAK","15.PredFishAK_3","PredAK",NA
"4036","PacificCodBiomass_predAK_2026","predAK_2026","PacificCodBiomass_predAK_2026","AK_GoA_fish_307","",2002-01-01,309067,309067,309067,0.330510086838971,"15.PredFishAK_3","PredAK","15.PredFishAK_3","PredAK",NA
"4037","PacificCodBiomass_predAK_2026","predAK_2026","PacificCodBiomass_predAK_2026","AK_GoA_fish_307","",2003-01-01,310329,310329,310329,0.285122026349586,"15.PredFishAK_3","PredAK","15.PredFishAK_3","PredAK",NA
"4038","PacificCodBiomass_predAK_2026","predAK_2026","PacificCodBiomass_predAK_2026","AK_GoA_fish_307","",2004-01-01,301769,301769,301769,0.192870859195249,"15.PredFishAK_3","PredAK","15.PredFishAK_3","PredAK",NA
"4039","PacificCodBiomass_predAK_2026","predAK_2026","PacificCodBiomass_predAK_2026","AK_GoA_fish_307","",2005-01-01,279496,279496,279496,0.0517847058853171,"15.PredFishAK_3","PredAK","15.PredFishAK_3","PredAK",NA
"4040","PacificCodBiomass_predAK_2026","predAK_2026","PacificCodBiomass_predAK_2026","AK_GoA_fish_307","",2006-01-01,263509,263509,263509,-0.0443171459867014,"15.PredFishAK_3","PredAK","15.PredFishAK_3","PredAK",NA
"4041","PacificCodBiomass_predAK_2026","predAK_2026","PacificCodBiomass_predAK_2026","AK_GoA_fish_307","",2007-01-01,260909,260909,260909,-0.0229273226059705,"15.PredFishAK_3","PredAK","15.PredFishAK_3","PredAK",NA
"4042","PacificCodBiomass_predAK_2026","predAK_2026","PacificCodBiomass_predAK_2026","AK_GoA_fish_307","",2008-01-01,281842,281842,281842,0.164765278371512,"15.PredFishAK_3","PredAK","15.PredFishAK_3","PredAK",NA
"4043","PacificCodBiomass_predAK_2026","predAK_2026","PacificCodBiomass_predAK_2026","AK_GoA_fish_307","",2009-01-01,319879,319879,319879,0.485680322331629,"15.PredFishAK_3","PredAK","15.PredFishAK_3","PredAK",NA
"4044","PacificCodBiomass_predAK_2026","predAK_2026","PacificCodBiomass_predAK_2026","AK_GoA_fish_307","",2010-01-01,371394,371394,371394,0.859570088647588,"15.PredFishAK_3","PredAK","15.PredFishAK_3","PredAK",NA
"4045","PacificCodBiomass_predAK_2026","predAK_2026","PacificCodBiomass_predAK_2026","AK_GoA_fish_307","",2011-01-01,395909,395909,395909,1.11701388756115,"15.PredFishAK_3","PredAK","15.PredFishAK_3","PredAK",NA
"4046","PacificCodBiomass_predAK_2026","predAK_2026","PacificCodBiomass_predAK_2026","AK_GoA_fish_307","",2012-01-01,401222,401222,401222,1.25690449729947,"15.PredFishAK_3","PredAK","15.PredFishAK_3","PredAK",NA
"4047","PacificCodBiomass_predAK_2026","predAK_2026","PacificCodBiomass_predAK_2026","AK_GoA_fish_307","",2013-01-01,418360,418360,418360,1.36309819870403,"15.PredFishAK_3","PredAK","15.PredFishAK_3","PredAK",NA
"4048","PacificCodBiomass_predAK_2026","predAK_2026","PacificCodBiomass_predAK_2026","AK_GoA_fish_307","",2014-01-01,470503,470503,470503,1.36104027822839,"15.PredFishAK_3","PredAK","15.PredFishAK_3","PredAK",NA
"4049","PacificCodBiomass_predAK_2026","predAK_2026","PacificCodBiomass_predAK_2026","AK_GoA_fish_307","",2015-01-01,363504,363504,363504,0.698739065788498,"15.PredFishAK_3","PredAK","15.PredFishAK_3","PredAK",NA
"4050","PacificCodBiomass_predAK_2026","predAK_2026","PacificCodBiomass_predAK_2026","AK_GoA_fish_307","",2016-01-01,252790,252790,252790,-0.15762610190511,"15.PredFishAK_3","PredAK","15.PredFishAK_3","PredAK",NA
"4051","PacificCodBiomass_predAK_2026","predAK_2026","PacificCodBiomass_predAK_2026","AK_GoA_fish_307","",2017-01-01,156551,156551,156551,-0.896759054415413,"15.PredFishAK_3","PredAK","15.PredFishAK_3","PredAK",NA
"4052","PacificCodBiomass_predAK_2026","predAK_2026","PacificCodBiomass_predAK_2026","AK_GoA_fish_307","",2018-01-01,133276,133276,133276,-1.24279410342722,"15.PredFishAK_3","PredAK","15.PredFishAK_3","PredAK",NA
"4053","PacificCodBiomass_predAK_2026","predAK_2026","PacificCodBiomass_predAK_2026","AK_GoA_fish_307","",2019-01-01,143626,143626,143626,-1.29629311800228,"15.PredFishAK_3","PredAK","15.PredFishAK_3","PredAK",NA
"4054","PacificCodBiomass_predAK_2026","predAK_2026","PacificCodBiomass_predAK_2026","AK_GoA_fish_307","",2020-01-01,158719,158719,158719,-1.21991289628098,"15.PredFishAK_3","PredAK","15.PredFishAK_3","PredAK",NA
"4055","PacificCodBiomass_predAK_2026","predAK_2026","PacificCodBiomass_predAK_2026","AK_GoA_fish_307","",2021-01-01,179657,179657,179657,-1.09645374092382,"15.PredFishAK_3","PredAK","15.PredFishAK_3","PredAK",NA
"4056","PacificCodBiomass_predAK_2026","predAK_2026","PacificCodBiomass_predAK_2026","AK_GoA_fish_307","",2022-01-01,186049,186049,186049,-1.02328216539401,"15.PredFishAK_3","PredAK","15.PredFishAK_3","PredAK",NA
"4057","PacificCodBiomass_predAK_2026","predAK_2026","PacificCodBiomass_predAK_2026","AK_GoA_fish_307","",2023-01-01,185759,185759,185759,-0.994640753828377,"15.PredFishAK_3","PredAK","15.PredFishAK_3","PredAK",NA
"4058","PacificCodBiomass_predAK_2026","predAK_2026","PacificCodBiomass_predAK_2026","AK_GoA_fish_307","",2024-01-01,188381,188381,188381,-0.9788295673923,"15.PredFishAK_3","PredAK","15.PredFishAK_3","PredAK",NA
"4059","PacificCodBiomass_predAK_2026","predAK_2026","PacificCodBiomass_predAK_2026","AK_GoA_fish_307","",2025-01-01,185884,185884,185884,-0.987690724819585,"15.PredFishAK_3","PredAK","15.PredFishAK_3","PredAK",NA
"4060","PacificCodBiomass_predAK_2026","predAK_2026","PacificCodBiomass_predAK_2026","AK_GoA_fish_307","",2026-01-01,182156,182156,182156,-1.00375040908702,"15.PredFishAK_3","PredAK","15.PredFishAK_3","PredAK",NA
"4061","pollockBiomassAIage1plus_predAK_2026","predAK_2026","pollockBiomassAIage1plus_predAK_2026","AK_GoA_fish_303","",1998-01-01,179.992,179.992,179.992,-0.426427285349882,"13.FishPreyAK","PreyAK","13.FishPreyAK","PreyAK","13.FishPreyAK"
"4062","pollockBiomassAIage1plus_predAK_2026","predAK_2026","pollockBiomassAIage1plus_predAK_2026","AK_GoA_fish_303","",1999-01-01,151.144,151.144,151.144,-0.690615935685827,"13.FishPreyAK","PreyAK","13.FishPreyAK","PreyAK","13.FishPreyAK"
"4063","pollockBiomassAIage1plus_predAK_2026","predAK_2026","pollockBiomassAIage1plus_predAK_2026","AK_GoA_fish_303","",2000-01-01,149.64,149.64,149.64,-0.77128509402405,"13.FishPreyAK","PreyAK","13.FishPreyAK","PreyAK","13.FishPreyAK"
"4064","pollockBiomassAIage1plus_predAK_2026","predAK_2026","pollockBiomassAIage1plus_predAK_2026","AK_GoA_fish_303","",2001-01-01,155.619,155.619,155.619,-0.718875725721548,"13.FishPreyAK","PreyAK","13.FishPreyAK","PreyAK","13.FishPreyAK"
"4065","pollockBiomassAIage1plus_predAK_2026","predAK_2026","pollockBiomassAIage1plus_predAK_2026","AK_GoA_fish_303","",2002-01-01,166.977,166.977,166.977,-0.601147588695738,"13.FishPreyAK","PreyAK","13.FishPreyAK","PreyAK","13.FishPreyAK"
"4066","pollockBiomassAIage1plus_predAK_2026","predAK_2026","pollockBiomassAIage1plus_predAK_2026","AK_GoA_fish_303","",2003-01-01,174.202,174.202,174.202,-0.528651678820273,"13.FishPreyAK","PreyAK","13.FishPreyAK","PreyAK","13.FishPreyAK"
"4067","pollockBiomassAIage1plus_predAK_2026","predAK_2026","pollockBiomassAIage1plus_predAK_2026","AK_GoA_fish_303","",2004-01-01,170.426,170.426,170.426,-0.574103984018469,"13.FishPreyAK","PreyAK","13.FishPreyAK","PreyAK","13.FishPreyAK"
"4068","pollockBiomassAIage1plus_predAK_2026","predAK_2026","pollockBiomassAIage1plus_predAK_2026","AK_GoA_fish_303","",2005-01-01,161.119,161.119,161.119,-0.707064750514377,"13.FishPreyAK","PreyAK","13.FishPreyAK","PreyAK","13.FishPreyAK"
"4069","pollockBiomassAIage1plus_predAK_2026","predAK_2026","pollockBiomassAIage1plus_predAK_2026","AK_GoA_fish_303","",2006-01-01,148.933,148.933,148.933,-0.87343770219999,"13.FishPreyAK","PreyAK","13.FishPreyAK","PreyAK","13.FishPreyAK"
"4070","pollockBiomassAIage1plus_predAK_2026","predAK_2026","pollockBiomassAIage1plus_predAK_2026","AK_GoA_fish_303","",2007-01-01,140.661,140.661,140.661,-0.994675072895731,"13.FishPreyAK","PreyAK","13.FishPreyAK","PreyAK","13.FishPreyAK"
"4071","pollockBiomassAIage1plus_predAK_2026","predAK_2026","pollockBiomassAIage1plus_predAK_2026","AK_GoA_fish_303","",2008-01-01,140.956,140.956,140.956,-1.02575917190059,"13.FishPreyAK","PreyAK","13.FishPreyAK","PreyAK","13.FishPreyAK"
"4072","pollockBiomassAIage1plus_predAK_2026","predAK_2026","pollockBiomassAIage1plus_predAK_2026","AK_GoA_fish_303","",2009-01-01,145.209,145.209,145.209,-1.00370316532677,"13.FishPreyAK","PreyAK","13.FishPreyAK","PreyAK","13.FishPreyAK"
"4073","pollockBiomassAIage1plus_predAK_2026","predAK_2026","pollockBiomassAIage1plus_predAK_2026","AK_GoA_fish_303","",2010-01-01,143.914,143.914,143.914,-0.991930105609221,"13.FishPreyAK","PreyAK","13.FishPreyAK","PreyAK","13.FishPreyAK"
"4074","pollockBiomassAIage1plus_predAK_2026","predAK_2026","pollockBiomassAIage1plus_predAK_2026","AK_GoA_fish_303","",2011-01-01,142.651,142.651,142.651,-0.952639333355723,"13.FishPreyAK","PreyAK","13.FishPreyAK","PreyAK","13.FishPreyAK"
"4075","pollockBiomassAIage1plus_predAK_2026","predAK_2026","pollockBiomassAIage1plus_predAK_2026","AK_GoA_fish_303","",2012-01-01,146.042,146.042,146.042,-0.821155629680271,"13.FishPreyAK","PreyAK","13.FishPreyAK","PreyAK","13.FishPreyAK"
"4076","pollockBiomassAIage1plus_predAK_2026","predAK_2026","pollockBiomassAIage1plus_predAK_2026","AK_GoA_fish_303","",2013-01-01,158.253,158.253,158.253,-0.534149414843148,"13.FishPreyAK","PreyAK","13.FishPreyAK","PreyAK","13.FishPreyAK"
"4077","pollockBiomassAIage1plus_predAK_2026","predAK_2026","pollockBiomassAIage1plus_predAK_2026","AK_GoA_fish_303","",2014-01-01,187.776,187.776,187.776,-0.0500376551866014,"13.FishPreyAK","PreyAK","13.FishPreyAK","PreyAK","13.FishPreyAK"
"4078","pollockBiomassAIage1plus_predAK_2026","predAK_2026","pollockBiomassAIage1plus_predAK_2026","AK_GoA_fish_303","",2015-01-01,228.458,228.458,228.458,0.521922431961344,"13.FishPreyAK","PreyAK","13.FishPreyAK","PreyAK","13.FishPreyAK"
"4079","pollockBiomassAIage1plus_predAK_2026","predAK_2026","pollockBiomassAIage1plus_predAK_2026","AK_GoA_fish_303","",2016-01-01,249.863,249.863,249.863,0.936042431845501,"13.FishPreyAK","PreyAK","13.FishPreyAK","PreyAK","13.FishPreyAK"
"4080","pollockBiomassAIage1plus_predAK_2026","predAK_2026","pollockBiomassAIage1plus_predAK_2026","AK_GoA_fish_303","",2017-01-01,260.639,260.639,260.639,1.17623325474684,"13.FishPreyAK","PreyAK","13.FishPreyAK","PreyAK","13.FishPreyAK"
"4081","pollockBiomassAIage1plus_predAK_2026","predAK_2026","pollockBiomassAIage1plus_predAK_2026","AK_GoA_fish_303","",2018-01-01,264.031,264.031,264.031,1.26610393662143,"13.FishPreyAK","PreyAK","13.FishPreyAK","PreyAK","13.FishPreyAK"
"4082","pollockBiomassAIage1plus_predAK_2026","predAK_2026","pollockBiomassAIage1plus_predAK_2026","AK_GoA_fish_303","",2019-01-01,256.651,256.651,256.651,1.22735093687553,"13.FishPreyAK","PreyAK","13.FishPreyAK","PreyAK","13.FishPreyAK"
"4083","pollockBiomassAIage1plus_predAK_2026","predAK_2026","pollockBiomassAIage1plus_predAK_2026","AK_GoA_fish_303","",2020-01-01,251.509,251.509,251.509,1.16954842610999,"13.FishPreyAK","PreyAK","13.FishPreyAK","PreyAK","13.FishPreyAK"
"4084","pollockBiomassAIage1plus_predAK_2026","predAK_2026","pollockBiomassAIage1plus_predAK_2026","AK_GoA_fish_303","",2021-01-01,249.99,249.99,249.99,1.13824054802032,"13.FishPreyAK","PreyAK","13.FishPreyAK","PreyAK","13.FishPreyAK"
"4085","pollockBiomassAIage1plus_predAK_2026","predAK_2026","pollockBiomassAIage1plus_predAK_2026","AK_GoA_fish_303","",2022-01-01,248.623,248.623,248.623,1.13264909548662,"13.FishPreyAK","PreyAK","13.FishPreyAK","PreyAK","13.FishPreyAK"
"4086","pollockBiomassAIage1plus_predAK_2026","predAK_2026","pollockBiomassAIage1plus_predAK_2026","AK_GoA_fish_303","",2023-01-01,250.102,250.102,250.102,1.17465730999469,"13.FishPreyAK","PreyAK","13.FishPreyAK","PreyAK","13.FishPreyAK"
"4087","pollockBiomassAIage1plus_predAK_2026","predAK_2026","pollockBiomassAIage1plus_predAK_2026","AK_GoA_fish_303","",2024-01-01,258.15,258.15,258.15,1.27654767638555,"13.FishPreyAK","PreyAK","13.FishPreyAK","PreyAK","13.FishPreyAK"
"4088","pollockBiomassAIage1plus_predAK_2026","predAK_2026","pollockBiomassAIage1plus_predAK_2026","AK_GoA_fish_303","",2025-01-01,268.292,268.292,268.292,1.37845757094837,"13.FishPreyAK","PreyAK","13.FishPreyAK","PreyAK","13.FishPreyAK"
"4089","pollockBiomassAIage1plus_predAK_2026","predAK_2026","pollockBiomassAIage1plus_predAK_2026","AK_GoA_fish_303","",2026-01-01,NA,NA,NA,NA,"13.FishPreyAK","PreyAK","13.FishPreyAK","PreyAK","13.FishPreyAK"
"4090","pollockBiomassGoAage3plus_predAK_2026","predAK_2026","pollockBiomassGoAage3plus_predAK_2026","AK_GoA_fish_303","",1998-01-01,1048,1048,1048,-0.472791602486119,"13.FishPreyAK_b_4","PreyAK","13.FishPreyAK_b_4","PreyAK",NA
"4091","pollockBiomassGoAage3plus_predAK_2026","predAK_2026","pollockBiomassGoAage3plus_predAK_2026","AK_GoA_fish_303","",1999-01-01,794,794,794,-0.718818592835111,"13.FishPreyAK_b_4","PreyAK","13.FishPreyAK_b_4","PreyAK",NA
"4092","pollockBiomassGoAage3plus_predAK_2026","predAK_2026","pollockBiomassGoAage3plus_predAK_2026","AK_GoA_fish_303","",2000-01-01,719,719,719,-0.841525998932732,"13.FishPreyAK_b_4","PreyAK","13.FishPreyAK_b_4","PreyAK",NA
"4093","pollockBiomassGoAage3plus_predAK_2026","predAK_2026","pollockBiomassGoAage3plus_predAK_2026","AK_GoA_fish_303","",2001-01-01,717,717,717,-0.818239316510011,"13.FishPreyAK_b_4","PreyAK","13.FishPreyAK_b_4","PreyAK",NA
"4094","pollockBiomassGoAage3plus_predAK_2026","predAK_2026","pollockBiomassGoAage3plus_predAK_2026","AK_GoA_fish_303","",2002-01-01,925,925,925,-0.621795012201117,"13.FishPreyAK_b_4","PreyAK","13.FishPreyAK_b_4","PreyAK",NA
"4095","pollockBiomassGoAage3plus_predAK_2026","predAK_2026","pollockBiomassGoAage3plus_predAK_2026","AK_GoA_fish_303","",2003-01-01,1126,1126,1126,-0.458941279780506,"13.FishPreyAK_b_4","PreyAK","13.FishPreyAK_b_4","PreyAK",NA
"4096","pollockBiomassGoAage3plus_predAK_2026","predAK_2026","pollockBiomassGoAage3plus_predAK_2026","AK_GoA_fish_303","",2004-01-01,971,971,971,-0.556447906610033,"13.FishPreyAK_b_4","PreyAK","13.FishPreyAK_b_4","PreyAK",NA
"4097","pollockBiomassGoAage3plus_predAK_2026","predAK_2026","pollockBiomassGoAage3plus_predAK_2026","AK_GoA_fish_303","",2005-01-01,827,827,827,-0.711365571428267,"13.FishPreyAK_b_4","PreyAK","13.FishPreyAK_b_4","PreyAK",NA
"4098","pollockBiomassGoAage3plus_predAK_2026","predAK_2026","pollockBiomassGoAage3plus_predAK_2026","AK_GoA_fish_303","",2006-01-01,736,736,736,-0.799478671149588,"13.FishPreyAK_b_4","PreyAK","13.FishPreyAK_b_4","PreyAK",NA
"4099","pollockBiomassGoAage3plus_predAK_2026","predAK_2026","pollockBiomassGoAage3plus_predAK_2026","AK_GoA_fish_303","",2007-01-01,720,720,720,-0.73250358758385,"13.FishPreyAK_b_4","PreyAK","13.FishPreyAK_b_4","PreyAK",NA
"4100","pollockBiomassGoAage3plus_predAK_2026","predAK_2026","pollockBiomassGoAage3plus_predAK_2026","AK_GoA_fish_303","",2008-01-01,963,963,963,-0.412450429620443,"13.FishPreyAK_b_4","PreyAK","13.FishPreyAK_b_4","PreyAK",NA
"4101","pollockBiomassGoAage3plus_predAK_2026","predAK_2026","pollockBiomassGoAage3plus_predAK_2026","AK_GoA_fish_303","",2009-01-01,1302,1302,1302,0.00969657111628175,"13.FishPreyAK_b_4","PreyAK","13.FishPreyAK_b_4","PreyAK",NA
"4102","pollockBiomassGoAage3plus_predAK_2026","predAK_2026","pollockBiomassGoAage3plus_predAK_2026","AK_GoA_fish_303","",2010-01-01,1494,1494,1494,0.298958180506053,"13.FishPreyAK_b_4","PreyAK","13.FishPreyAK_b_4","PreyAK",NA
"4103","pollockBiomassGoAage3plus_predAK_2026","predAK_2026","pollockBiomassGoAage3plus_predAK_2026","AK_GoA_fish_303","",2011-01-01,1458,1458,1458,0.372418317400164,"13.FishPreyAK_b_4","PreyAK","13.FishPreyAK_b_4","PreyAK",NA
"4104","pollockBiomassGoAage3plus_predAK_2026","predAK_2026","pollockBiomassGoAage3plus_predAK_2026","AK_GoA_fish_303","",2012-01-01,1370,1370,1370,0.373320435668693,"13.FishPreyAK_b_4","PreyAK","13.FishPreyAK_b_4","PreyAK",NA
"4105","pollockBiomassGoAage3plus_predAK_2026","predAK_2026","pollockBiomassGoAage3plus_predAK_2026","AK_GoA_fish_303","",2013-01-01,1400,1400,1400,0.473148095076968,"13.FishPreyAK_b_4","PreyAK","13.FishPreyAK_b_4","PreyAK",NA
"4106","pollockBiomassGoAage3plus_predAK_2026","predAK_2026","pollockBiomassGoAage3plus_predAK_2026","AK_GoA_fish_303","",2014-01-01,1091,1091,1091,0.713576190886627,"13.FishPreyAK_b_4","PreyAK","13.FishPreyAK_b_4","PreyAK",NA
"4107","pollockBiomassGoAage3plus_predAK_2026","predAK_2026","pollockBiomassGoAage3plus_predAK_2026","AK_GoA_fish_303","",2015-01-01,2851,2851,2851,1.93400628961769,"13.FishPreyAK_b_4","PreyAK","13.FishPreyAK_b_4","PreyAK",NA
"4108","pollockBiomassGoAage3plus_predAK_2026","predAK_2026","pollockBiomassGoAage3plus_predAK_2026","AK_GoA_fish_303","",2016-01-01,2625,2625,2625,1.94323966006519,"13.FishPreyAK_b_4","PreyAK","13.FishPreyAK_b_4","PreyAK",NA
"4109","pollockBiomassGoAage3plus_predAK_2026","predAK_2026","pollockBiomassGoAage3plus_predAK_2026","AK_GoA_fish_303","",2017-01-01,1823,1823,1823,1.18859382924796,"13.FishPreyAK_b_4","PreyAK","13.FishPreyAK_b_4","PreyAK",NA
"4110","pollockBiomassGoAage3plus_predAK_2026","predAK_2026","pollockBiomassGoAage3plus_predAK_2026","AK_GoA_fish_303","",2018-01-01,1342,1342,1342,0.470040194535526,"13.FishPreyAK_b_4","PreyAK","13.FishPreyAK_b_4","PreyAK",NA
"4111","pollockBiomassGoAage3plus_predAK_2026","predAK_2026","pollockBiomassGoAage3plus_predAK_2026","AK_GoA_fish_303","",2019-01-01,1022,1022,1022,0.00140777303319972,"13.FishPreyAK_b_4","PreyAK","13.FishPreyAK_b_4","PreyAK",NA
"4112","pollockBiomassGoAage3plus_predAK_2026","predAK_2026","pollockBiomassGoAage3plus_predAK_2026","AK_GoA_fish_303","",2020-01-01,1120,1120,1120,-0.065639705863885,"13.FishPreyAK_b_4","PreyAK","13.FishPreyAK_b_4","PreyAK",NA
"4113","pollockBiomassGoAage3plus_predAK_2026","predAK_2026","pollockBiomassGoAage3plus_predAK_2026","AK_GoA_fish_303","",2021-01-01,1332,1332,1332,0.01188458273484,"13.FishPreyAK_b_4","PreyAK","13.FishPreyAK_b_4","PreyAK",NA
"4114","pollockBiomassGoAage3plus_predAK_2026","predAK_2026","pollockBiomassGoAage3plus_predAK_2026","AK_GoA_fish_303","",2022-01-01,1117,1117,1117,-0.0994412725414678,"13.FishPreyAK_b_4","PreyAK","13.FishPreyAK_b_4","PreyAK",NA
"4115","pollockBiomassGoAage3plus_predAK_2026","predAK_2026","pollockBiomassGoAage3plus_predAK_2026","AK_GoA_fish_303","",2023-01-01,1270,1270,1270,-0.0941816505848851,"13.FishPreyAK_b_4","PreyAK","13.FishPreyAK_b_4","PreyAK",NA
"4116","pollockBiomassGoAage3plus_predAK_2026","predAK_2026","pollockBiomassGoAage3plus_predAK_2026","AK_GoA_fish_303","",2024-01-01,1005,1005,1005,-0.263656026586677,"13.FishPreyAK_b_4","PreyAK","13.FishPreyAK_b_4","PreyAK",NA
"4117","pollockBiomassGoAage3plus_predAK_2026","predAK_2026","pollockBiomassGoAage3plus_predAK_2026","AK_GoA_fish_303","",2025-01-01,NA,NA,NA,NA,"13.FishPreyAK_b_4","PreyAK","13.FishPreyAK_b_4","PreyAK",NA
"4118","pollockBiomassGoAage3plus_predAK_2026","predAK_2026","pollockBiomassGoAage3plus_predAK_2026","AK_GoA_fish_303","",2026-01-01,NA,NA,NA,NA,"13.FishPreyAK_b_4","PreyAK","13.FishPreyAK_b_4","PreyAK",NA
"4119","sablefishBiomass_predAK_2026","predAK_2026","sablefishBiomass_predAK_2026","AK_GoA_fish_305","",1998-01-01,285,285,285,-0.531358509577416,"15.PredFishAK_1","PredAK","15.PredFishAK_1","PredAK",NA
"4120","sablefishBiomass_predAK_2026","predAK_2026","sablefishBiomass_predAK_2026","AK_GoA_fish_305","",1999-01-01,305,305,305,-0.459569671164835,"15.PredFishAK_1","PredAK","15.PredFishAK_1","PredAK",NA
"4121","sablefishBiomass_predAK_2026","predAK_2026","sablefishBiomass_predAK_2026","AK_GoA_fish_305","",2000-01-01,308,308,308,-0.413394608006837,"15.PredFishAK_1","PredAK","15.PredFishAK_1","PredAK",NA
"4122","sablefishBiomass_predAK_2026","predAK_2026","sablefishBiomass_predAK_2026","AK_GoA_fish_305","",2001-01-01,308,308,308,-0.366652811876444,"15.PredFishAK_1","PredAK","15.PredFishAK_1","PredAK",NA
"4123","sablefishBiomass_predAK_2026","predAK_2026","sablefishBiomass_predAK_2026","AK_GoA_fish_305","",2002-01-01,339,339,339,-0.272602486643262,"15.PredFishAK_1","PredAK","15.PredFishAK_1","PredAK",NA
"4124","sablefishBiomass_predAK_2026","predAK_2026","sablefishBiomass_predAK_2026","AK_GoA_fish_305","",2003-01-01,341,341,341,-0.243803708027966,"15.PredFishAK_1","PredAK","15.PredFishAK_1","PredAK",NA
"4125","sablefishBiomass_predAK_2026","predAK_2026","sablefishBiomass_predAK_2026","AK_GoA_fish_305","",2004-01-01,335,335,335,-0.264787400702607,"15.PredFishAK_1","PredAK","15.PredFishAK_1","PredAK",NA
"4126","sablefishBiomass_predAK_2026","predAK_2026","sablefishBiomass_predAK_2026","AK_GoA_fish_305","",2005-01-01,326,326,326,-0.316548147479787,"15.PredFishAK_1","PredAK","15.PredFishAK_1","PredAK",NA
"4127","sablefishBiomass_predAK_2026","predAK_2026","sablefishBiomass_predAK_2026","AK_GoA_fish_305","",2006-01-01,312,312,312,-0.390863030343632,"15.PredFishAK_1","PredAK","15.PredFishAK_1","PredAK",NA
"4128","sablefishBiomass_predAK_2026","predAK_2026","sablefishBiomass_predAK_2026","AK_GoA_fish_305","",2007-01-01,299,299,299,-0.468739009146566,"15.PredFishAK_1","PredAK","15.PredFishAK_1","PredAK",NA
"4129","sablefishBiomass_predAK_2026","predAK_2026","sablefishBiomass_predAK_2026","AK_GoA_fish_305","",2008-01-01,285,285,285,-0.54140899132378,"15.PredFishAK_1","PredAK","15.PredFishAK_1","PredAK",NA
"4130","sablefishBiomass_predAK_2026","predAK_2026","sablefishBiomass_predAK_2026","AK_GoA_fish_305","",2009-01-01,278,278,278,-0.588235036041067,"15.PredFishAK_1","PredAK","15.PredFishAK_1","PredAK",NA
"4131","sablefishBiomass_predAK_2026","predAK_2026","sablefishBiomass_predAK_2026","AK_GoA_fish_305","",2010-01-01,281,281,281,-0.609389226510004,"15.PredFishAK_1","PredAK","15.PredFishAK_1","PredAK",NA
"4132","sablefishBiomass_predAK_2026","predAK_2026","sablefishBiomass_predAK_2026","AK_GoA_fish_305","",2011-01-01,275,275,275,-0.646020308130547,"15.PredFishAK_1","PredAK","15.PredFishAK_1","PredAK",NA
"4133","sablefishBiomass_predAK_2026","predAK_2026","sablefishBiomass_predAK_2026","AK_GoA_fish_305","",2012-01-01,268,268,268,-0.694770252661201,"15.PredFishAK_1","PredAK","15.PredFishAK_1","PredAK",NA
"4134","sablefishBiomass_predAK_2026","predAK_2026","sablefishBiomass_predAK_2026","AK_GoA_fish_305","",2013-01-01,253,253,253,-0.757735043126913,"15.PredFishAK_1","PredAK","15.PredFishAK_1","PredAK",NA
"4135","sablefishBiomass_predAK_2026","predAK_2026","sablefishBiomass_predAK_2026","AK_GoA_fish_305","",2014-01-01,239,239,239,-0.7979066953383,"15.PredFishAK_1","PredAK","15.PredFishAK_1","PredAK",NA
"4136","sablefishBiomass_predAK_2026","predAK_2026","sablefishBiomass_predAK_2026","AK_GoA_fish_305","",2015-01-01,234,234,234,-0.762148938495333,"15.PredFishAK_1","PredAK","15.PredFishAK_1","PredAK",NA
"4137","sablefishBiomass_predAK_2026","predAK_2026","sablefishBiomass_predAK_2026","AK_GoA_fish_305","",2016-01-01,271,271,271,-0.581379757536679,"15.PredFishAK_1","PredAK","15.PredFishAK_1","PredAK",NA
"4138","sablefishBiomass_predAK_2026","predAK_2026","sablefishBiomass_predAK_2026","AK_GoA_fish_305","",2017-01-01,288,288,288,-0.321429482319577,"15.PredFishAK_1","PredAK","15.PredFishAK_1","PredAK",NA
"4139","sablefishBiomass_predAK_2026","predAK_2026","sablefishBiomass_predAK_2026","AK_GoA_fish_305","",2018-01-01,383,383,383,0.164349684430635,"15.PredFishAK_1","PredAK","15.PredFishAK_1","PredAK",NA
"4140","sablefishBiomass_predAK_2026","predAK_2026","sablefishBiomass_predAK_2026","AK_GoA_fish_305","",2019-01-01,492,492,492,0.728576003315256,"15.PredFishAK_1","PredAK","15.PredFishAK_1","PredAK",NA
"4141","sablefishBiomass_predAK_2026","predAK_2026","sablefishBiomass_predAK_2026","AK_GoA_fish_305","",2020-01-01,554,554,554,1.20900696405857,"15.PredFishAK_1","PredAK","15.PredFishAK_1","PredAK",NA
"4142","sablefishBiomass_predAK_2026","predAK_2026","sablefishBiomass_predAK_2026","AK_GoA_fish_305","",2021-01-01,649,649,649,1.67285272549618,"15.PredFishAK_1","PredAK","15.PredFishAK_1","PredAK",NA
"4143","sablefishBiomass_predAK_2026","predAK_2026","sablefishBiomass_predAK_2026","AK_GoA_fish_305","",2022-01-01,682,682,682,1.95079814291677,"15.PredFishAK_1","PredAK","15.PredFishAK_1","PredAK",NA
"4144","sablefishBiomass_predAK_2026","predAK_2026","sablefishBiomass_predAK_2026","AK_GoA_fish_305","",2023-01-01,698,698,698,2.10084852949975,"15.PredFishAK_1","PredAK","15.PredFishAK_1","PredAK",NA
"4145","sablefishBiomass_predAK_2026","predAK_2026","sablefishBiomass_predAK_2026","AK_GoA_fish_305","",2024-01-01,705,705,705,2.16641664552931,"15.PredFishAK_1","PredAK","15.PredFishAK_1","PredAK",NA
"4146","sablefishBiomass_predAK_2026","predAK_2026","sablefishBiomass_predAK_2026","AK_GoA_fish_305","",2025-01-01,NA,NA,NA,NA,"15.PredFishAK_1","PredAK","15.PredFishAK_1","PredAK",NA
"4147","sablefishBiomass_predAK_2026","predAK_2026","sablefishBiomass_predAK_2026","AK_GoA_fish_305","",2026-01-01,NA,NA,NA,NA,"15.PredFishAK_1","PredAK","15.PredFishAK_1","PredAK",NA
"4148","sablefishRecruitment_predAK_2026","predAK_2026","sablefishRecruitment_predAK_2026","AK_GoA_fish_306","",1998-01-01,10,10,10,-0.48566167148153,"15.PredFishAK_2","PredAK","15.PredFishAK_2","PredAK",NA
"4149","sablefishRecruitment_predAK_2026","predAK_2026","sablefishRecruitment_predAK_2026","AK_GoA_fish_306","",1999-01-01,37,37,37,-0.129196271167895,"15.PredFishAK_2","PredAK","15.PredFishAK_2","PredAK",NA
"4150","sablefishRecruitment_predAK_2026","predAK_2026","sablefishRecruitment_predAK_2026","AK_GoA_fish_306","",2000-01-01,16,16,16,-0.264583098335614,"15.PredFishAK_2","PredAK","15.PredFishAK_2","PredAK",NA
"4151","sablefishRecruitment_predAK_2026","predAK_2026","sablefishRecruitment_predAK_2026","AK_GoA_fish_306","",2001-01-01,16,16,16,-0.228780947301,"15.PredFishAK_2","PredAK","15.PredFishAK_2","PredAK",NA
"4152","sablefishRecruitment_predAK_2026","predAK_2026","sablefishRecruitment_predAK_2026","AK_GoA_fish_306","",2002-01-01,44,44,44,0.0140123329705588,"15.PredFishAK_2","PredAK","15.PredFishAK_2","PredAK",NA
"4153","sablefishRecruitment_predAK_2026","predAK_2026","sablefishRecruitment_predAK_2026","AK_GoA_fish_306","",2003-01-01,13,13,13,-0.357980687717917,"15.PredFishAK_2","PredAK","15.PredFishAK_2","PredAK",NA
"4154","sablefishRecruitment_predAK_2026","predAK_2026","sablefishRecruitment_predAK_2026","AK_GoA_fish_306","",2004-01-01,10,10,10,-0.538121172036162,"15.PredFishAK_2","PredAK","15.PredFishAK_2","PredAK",NA
"4155","sablefishRecruitment_predAK_2026","predAK_2026","sablefishRecruitment_predAK_2026","AK_GoA_fish_306","",2005-01-01,12,12,12,-0.592488456752223,"15.PredFishAK_2","PredAK","15.PredFishAK_2","PredAK",NA
"4156","sablefishRecruitment_predAK_2026","predAK_2026","sablefishRecruitment_predAK_2026","AK_GoA_fish_306","",2006-01-01,8,8,8,-0.651490591615627,"15.PredFishAK_2","PredAK","15.PredFishAK_2","PredAK",NA
"4157","sablefishRecruitment_predAK_2026","predAK_2026","sablefishRecruitment_predAK_2026","AK_GoA_fish_306","",2007-01-01,11,11,11,-0.622048181422843,"15.PredFishAK_2","PredAK","15.PredFishAK_2","PredAK",NA
"4158","sablefishRecruitment_predAK_2026","predAK_2026","sablefishRecruitment_predAK_2026","AK_GoA_fish_306","",2008-01-01,10,10,10,-0.588779963531288,"15.PredFishAK_2","PredAK","15.PredFishAK_2","PredAK",NA
"4159","sablefishRecruitment_predAK_2026","predAK_2026","sablefishRecruitment_predAK_2026","AK_GoA_fish_306","",2009-01-01,16,16,16,-0.480397337532676,"15.PredFishAK_2","PredAK","15.PredFishAK_2","PredAK",NA
"4160","sablefishRecruitment_predAK_2026","predAK_2026","sablefishRecruitment_predAK_2026","AK_GoA_fish_306","",2010-01-01,22,22,22,-0.416639972528793,"15.PredFishAK_2","PredAK","15.PredFishAK_2","PredAK",NA
"4161","sablefishRecruitment_predAK_2026","predAK_2026","sablefishRecruitment_predAK_2026","AK_GoA_fish_306","",2011-01-01,10,10,10,-0.56187279861616,"15.PredFishAK_2","PredAK","15.PredFishAK_2","PredAK",NA
"4162","sablefishRecruitment_predAK_2026","predAK_2026","sablefishRecruitment_predAK_2026","AK_GoA_fish_306","",2012-01-01,12,12,12,-0.605084051681339,"15.PredFishAK_2","PredAK","15.PredFishAK_2","PredAK",NA
"4163","sablefishRecruitment_predAK_2026","predAK_2026","sablefishRecruitment_predAK_2026","AK_GoA_fish_306","",2013-01-01,5,5,5,-0.665525749822979,"15.PredFishAK_2","PredAK","15.PredFishAK_2","PredAK",NA
"4164","sablefishRecruitment_predAK_2026","predAK_2026","sablefishRecruitment_predAK_2026","AK_GoA_fish_306","",2014-01-01,8,8,8,-0.537496913565582,"15.PredFishAK_2","PredAK","15.PredFishAK_2","PredAK",NA
"4165","sablefishRecruitment_predAK_2026","predAK_2026","sablefishRecruitment_predAK_2026","AK_GoA_fish_306","",2015-01-01,14,14,14,-0.207029854201954,"15.PredFishAK_2","PredAK","15.PredFishAK_2","PredAK",NA
"4166","sablefishRecruitment_predAK_2026","predAK_2026","sablefishRecruitment_predAK_2026","AK_GoA_fish_306","",2016-01-01,50,50,50,0.428220192531134,"15.PredFishAK_2","PredAK","15.PredFishAK_2","PredAK",NA
"4167","sablefishRecruitment_predAK_2026","predAK_2026","sablefishRecruitment_predAK_2026","AK_GoA_fish_306","",2017-01-01,22,22,22,0.63476950276436,"15.PredFishAK_2","PredAK","15.PredFishAK_2","PredAK",NA
"4168","sablefishRecruitment_predAK_2026","predAK_2026","sablefishRecruitment_predAK_2026","AK_GoA_fish_306","",2018-01-01,96,96,96,1.68373809719949,"15.PredFishAK_2","PredAK","15.PredFishAK_2","PredAK",NA
"4169","sablefishRecruitment_predAK_2026","predAK_2026","sablefishRecruitment_predAK_2026","AK_GoA_fish_306","",2019-01-01,94,94,94,1.81058626403338,"15.PredFishAK_2","PredAK","15.PredFishAK_2","PredAK",NA
"4170","sablefishRecruitment_predAK_2026","predAK_2026","sablefishRecruitment_predAK_2026","AK_GoA_fish_306","",2020-01-01,43,43,43,1.21820293513337,"15.PredFishAK_2","PredAK","15.PredFishAK_2","PredAK",NA
"4171","sablefishRecruitment_predAK_2026","predAK_2026","sablefishRecruitment_predAK_2026","AK_GoA_fish_306","",2021-01-01,82,82,82,1.25324428995287,"15.PredFishAK_2","PredAK","15.PredFishAK_2","PredAK",NA
"4172","sablefishRecruitment_predAK_2026","predAK_2026","sablefishRecruitment_predAK_2026","AK_GoA_fish_306","",2022-01-01,25,25,25,0.467956765158783,"15.PredFishAK_2","PredAK","15.PredFishAK_2","PredAK",NA
"4173","sablefishRecruitment_predAK_2026","predAK_2026","sablefishRecruitment_predAK_2026","AK_GoA_fish_306","",2023-01-01,28,28,28,0.24421463941082,"15.PredFishAK_2","PredAK","15.PredFishAK_2","PredAK",NA
"4174","sablefishRecruitment_predAK_2026","predAK_2026","sablefishRecruitment_predAK_2026","AK_GoA_fish_306","",2024-01-01,NA,NA,NA,NA,"15.PredFishAK_2","PredAK","15.PredFishAK_2","PredAK",NA
"4175","sablefishRecruitment_predAK_2026","predAK_2026","sablefishRecruitment_predAK_2026","AK_GoA_fish_306","",2025-01-01,NA,NA,NA,NA,"15.PredFishAK_2","PredAK","15.PredFishAK_2","PredAK",NA
"4176","sablefishRecruitment_predAK_2026","predAK_2026","sablefishRecruitment_predAK_2026","AK_GoA_fish_306","",2026-01-01,NA,NA,NA,NA,"15.PredFishAK_2","PredAK","15.PredFishAK_2","PredAK",NA
"4177","salmonSharkBSAI_predAK_2026","predAK_2026","salmonSharkBSAI_predAK_2026","AK_GoA_fish_310","",1998-01-01,NA,NA,NA,NA,"15.PredFishAK_b_1","PredAK","15.PredFishAK_b_1","PredAK",NA
"4178","salmonSharkBSAI_predAK_2026","predAK_2026","salmonSharkBSAI_predAK_2026","AK_GoA_fish_310","",1999-01-01,NA,NA,NA,NA,"15.PredFishAK_b_1","PredAK","15.PredFishAK_b_1","PredAK",NA
"4179","salmonSharkBSAI_predAK_2026","predAK_2026","salmonSharkBSAI_predAK_2026","AK_GoA_fish_310","",2000-01-01,NA,NA,NA,NA,"15.PredFishAK_b_1","PredAK","15.PredFishAK_b_1","PredAK",NA
"4180","salmonSharkBSAI_predAK_2026","predAK_2026","salmonSharkBSAI_predAK_2026","AK_GoA_fish_310","",2001-01-01,NA,NA,NA,NA,"15.PredFishAK_b_1","PredAK","15.PredFishAK_b_1","PredAK",NA
"4181","salmonSharkBSAI_predAK_2026","predAK_2026","salmonSharkBSAI_predAK_2026","AK_GoA_fish_310","",2002-01-01,NA,NA,NA,NA,"15.PredFishAK_b_1","PredAK","15.PredFishAK_b_1","PredAK",NA
"4182","salmonSharkBSAI_predAK_2026","predAK_2026","salmonSharkBSAI_predAK_2026","AK_GoA_fish_310","",2003-01-01,199,199,199,2.21480793046243,"15.PredFishAK_b_1","PredAK","15.PredFishAK_b_1","PredAK",NA
"4183","salmonSharkBSAI_predAK_2026","predAK_2026","salmonSharkBSAI_predAK_2026","AK_GoA_fish_310","",2004-01-01,26,26,26,0.46411751080139,"15.PredFishAK_b_1","PredAK","15.PredFishAK_b_1","PredAK",NA
"4184","salmonSharkBSAI_predAK_2026","predAK_2026","salmonSharkBSAI_predAK_2026","AK_GoA_fish_310","",2005-01-01,47,47,47,0.00672059119923607,"15.PredFishAK_b_1","PredAK","15.PredFishAK_b_1","PredAK",NA
"4185","salmonSharkBSAI_predAK_2026","predAK_2026","salmonSharkBSAI_predAK_2026","AK_GoA_fish_310","",2006-01-01,63,63,63,-0.0905364630939317,"15.PredFishAK_b_1","PredAK","15.PredFishAK_b_1","PredAK",NA
"4186","salmonSharkBSAI_predAK_2026","predAK_2026","salmonSharkBSAI_predAK_2026","AK_GoA_fish_310","",2007-01-01,44,44,44,-0.287392013150512,"15.PredFishAK_b_1","PredAK","15.PredFishAK_b_1","PredAK",NA
"4187","salmonSharkBSAI_predAK_2026","predAK_2026","salmonSharkBSAI_predAK_2026","AK_GoA_fish_310","",2008-01-01,41,41,41,-0.350255057226747,"15.PredFishAK_b_1","PredAK","15.PredFishAK_b_1","PredAK",NA
"4188","salmonSharkBSAI_predAK_2026","predAK_2026","salmonSharkBSAI_predAK_2026","AK_GoA_fish_310","",2009-01-01,71,71,71,-0.274023394377767,"15.PredFishAK_b_1","PredAK","15.PredFishAK_b_1","PredAK",NA
"4189","salmonSharkBSAI_predAK_2026","predAK_2026","salmonSharkBSAI_predAK_2026","AK_GoA_fish_310","",2010-01-01,12,12,12,-0.662117811965651,"15.PredFishAK_b_1","PredAK","15.PredFishAK_b_1","PredAK",NA
"4190","salmonSharkBSAI_predAK_2026","predAK_2026","salmonSharkBSAI_predAK_2026","AK_GoA_fish_310","",2011-01-01,47,47,47,-0.565982908829867,"15.PredFishAK_b_1","PredAK","15.PredFishAK_b_1","PredAK",NA
"4191","salmonSharkBSAI_predAK_2026","predAK_2026","salmonSharkBSAI_predAK_2026","AK_GoA_fish_310","",2012-01-01,26,26,26,-0.6824116404142,"15.PredFishAK_b_1","PredAK","15.PredFishAK_b_1","PredAK",NA
"4192","salmonSharkBSAI_predAK_2026","predAK_2026","salmonSharkBSAI_predAK_2026","AK_GoA_fish_310","",2013-01-01,25,25,25,-0.65207602315524,"15.PredFishAK_b_1","PredAK","15.PredFishAK_b_1","PredAK",NA
"4193","salmonSharkBSAI_predAK_2026","predAK_2026","salmonSharkBSAI_predAK_2026","AK_GoA_fish_310","",2014-01-01,54,54,54,-0.421985358120328,"15.PredFishAK_b_1","PredAK","15.PredFishAK_b_1","PredAK",NA
"4194","salmonSharkBSAI_predAK_2026","predAK_2026","salmonSharkBSAI_predAK_2026","AK_GoA_fish_310","",2015-01-01,36,36,36,-0.419046348811907,"15.PredFishAK_b_1","PredAK","15.PredFishAK_b_1","PredAK",NA
"4195","salmonSharkBSAI_predAK_2026","predAK_2026","salmonSharkBSAI_predAK_2026","AK_GoA_fish_310","",2016-01-01,48,48,48,-0.232528515794921,"15.PredFishAK_b_1","PredAK","15.PredFishAK_b_1","PredAK",NA
"4196","salmonSharkBSAI_predAK_2026","predAK_2026","salmonSharkBSAI_predAK_2026","AK_GoA_fish_310","",2017-01-01,75,75,75,0.0522249938631935,"15.PredFishAK_b_1","PredAK","15.PredFishAK_b_1","PredAK",NA
"4197","salmonSharkBSAI_predAK_2026","predAK_2026","salmonSharkBSAI_predAK_2026","AK_GoA_fish_310","",2018-01-01,51,51,51,0.108280484630597,"15.PredFishAK_b_1","PredAK","15.PredFishAK_b_1","PredAK",NA
"4198","salmonSharkBSAI_predAK_2026","predAK_2026","salmonSharkBSAI_predAK_2026","AK_GoA_fish_310","",2019-01-01,92,92,92,0.535415407443541,"15.PredFishAK_b_1","PredAK","15.PredFishAK_b_1","PredAK",NA
"4199","salmonSharkBSAI_predAK_2026","predAK_2026","salmonSharkBSAI_predAK_2026","AK_GoA_fish_310","",2020-01-01,106,106,106,0.831906336493188,"15.PredFishAK_b_1","PredAK","15.PredFishAK_b_1","PredAK",NA
"4200","salmonSharkBSAI_predAK_2026","predAK_2026","salmonSharkBSAI_predAK_2026","AK_GoA_fish_310","",2021-01-01,141,141,141,0.977073057397359,"15.PredFishAK_b_1","PredAK","15.PredFishAK_b_1","PredAK",NA
"4201","salmonSharkBSAI_predAK_2026","predAK_2026","salmonSharkBSAI_predAK_2026","AK_GoA_fish_310","",2022-01-01,48,48,48,0.323154432480655,"15.PredFishAK_b_1","PredAK","15.PredFishAK_b_1","PredAK",NA
"4202","salmonSharkBSAI_predAK_2026","predAK_2026","salmonSharkBSAI_predAK_2026","AK_GoA_fish_310","",2023-01-01,NA,NA,NA,NA,"15.PredFishAK_b_1","PredAK","15.PredFishAK_b_1","PredAK",NA
"4203","salmonSharkBSAI_predAK_2026","predAK_2026","salmonSharkBSAI_predAK_2026","AK_GoA_fish_310","",2024-01-01,NA,NA,NA,NA,"15.PredFishAK_b_1","PredAK","15.PredFishAK_b_1","PredAK",NA
"4204","salmonSharkBSAI_predAK_2026","predAK_2026","salmonSharkBSAI_predAK_2026","AK_GoA_fish_310","",2025-01-01,NA,NA,NA,NA,"15.PredFishAK_b_1","PredAK","15.PredFishAK_b_1","PredAK",NA
"4205","salmonSharkBSAI_predAK_2026","predAK_2026","salmonSharkBSAI_predAK_2026","AK_GoA_fish_310","",2026-01-01,NA,NA,NA,NA,"15.PredFishAK_b_1","PredAK","15.PredFishAK_b_1","PredAK",NA
"4206","salmonSharkGoA_predAK_2026","predAK_2026","salmonSharkGoA_predAK_2026","AK_GoA_fish_313","",1998-01-01,71,71,71,0.185369206026512,"15.PredFishAK_b_2","PredAK","15.PredFishAK_b_2","PredAK",NA
"4207","salmonSharkGoA_predAK_2026","predAK_2026","salmonSharkGoA_predAK_2026","AK_GoA_fish_313","",1999-01-01,132,132,132,0.344103389546775,"15.PredFishAK_b_2","PredAK","15.PredFishAK_b_2","PredAK",NA
"4208","salmonSharkGoA_predAK_2026","predAK_2026","salmonSharkGoA_predAK_2026","AK_GoA_fish_313","",2000-01-01,38,38,38,-0.0673272729337111,"15.PredFishAK_b_2","PredAK","15.PredFishAK_b_2","PredAK",NA
"4209","salmonSharkGoA_predAK_2026","predAK_2026","salmonSharkGoA_predAK_2026","AK_GoA_fish_313","",2001-01-01,33,33,33,-0.214828601265472,"15.PredFishAK_b_2","PredAK","15.PredFishAK_b_2","PredAK",NA
"4210","salmonSharkGoA_predAK_2026","predAK_2026","salmonSharkGoA_predAK_2026","AK_GoA_fish_313","",2002-01-01,58,58,58,-0.179650602363781,"15.PredFishAK_b_2","PredAK","15.PredFishAK_b_2","PredAK",NA
"4211","salmonSharkGoA_predAK_2026","predAK_2026","salmonSharkGoA_predAK_2026","AK_GoA_fish_313","",2003-01-01,35,35,35,-0.257871884409383,"15.PredFishAK_b_2","PredAK","15.PredFishAK_b_2","PredAK",NA
"4212","salmonSharkGoA_predAK_2026","predAK_2026","salmonSharkGoA_predAK_2026","AK_GoA_fish_313","",2004-01-01,41,41,41,-0.22295765093204,"15.PredFishAK_b_2","PredAK","15.PredFishAK_b_2","PredAK",NA
"4213","salmonSharkGoA_predAK_2026","predAK_2026","salmonSharkGoA_predAK_2026","AK_GoA_fish_313","",2005-01-01,60,60,60,-0.119495254154191,"15.PredFishAK_b_2","PredAK","15.PredFishAK_b_2","PredAK",NA
"4214","salmonSharkGoA_predAK_2026","predAK_2026","salmonSharkGoA_predAK_2026","AK_GoA_fish_313","",2006-01-01,34,34,34,-0.0957773186806412,"15.PredFishAK_b_2","PredAK","15.PredFishAK_b_2","PredAK",NA
"4215","salmonSharkGoA_predAK_2026","predAK_2026","salmonSharkGoA_predAK_2026","AK_GoA_fish_313","",2007-01-01,141,141,141,0.216420962327894,"15.PredFishAK_b_2","PredAK","15.PredFishAK_b_2","PredAK",NA
"4216","salmonSharkGoA_predAK_2026","predAK_2026","salmonSharkGoA_predAK_2026","AK_GoA_fish_313","",2008-01-01,7,7,7,-0.288480408432879,"15.PredFishAK_b_2","PredAK","15.PredFishAK_b_2","PredAK",NA
"4217","salmonSharkGoA_predAK_2026","predAK_2026","salmonSharkGoA_predAK_2026","AK_GoA_fish_313","",2009-01-01,9,9,9,-0.339847387761873,"15.PredFishAK_b_2","PredAK","15.PredFishAK_b_2","PredAK",NA
"4218","salmonSharkGoA_predAK_2026","predAK_2026","salmonSharkGoA_predAK_2026","AK_GoA_fish_313","",2010-01-01,108,108,108,-0.0155474835546761,"15.PredFishAK_b_2","PredAK","15.PredFishAK_b_2","PredAK",NA
"4219","salmonSharkGoA_predAK_2026","predAK_2026","salmonSharkGoA_predAK_2026","AK_GoA_fish_313","",2011-01-01,7,7,7,-0.303056955650542,"15.PredFishAK_b_2","PredAK","15.PredFishAK_b_2","PredAK",NA
"4220","salmonSharkGoA_predAK_2026","predAK_2026","salmonSharkGoA_predAK_2026","AK_GoA_fish_313","",2012-01-01,50,50,50,-0.151608583532291,"15.PredFishAK_b_2","PredAK","15.PredFishAK_b_2","PredAK",NA
"4221","salmonSharkGoA_predAK_2026","predAK_2026","salmonSharkGoA_predAK_2026","AK_GoA_fish_313","",2013-01-01,3,3,3,0.0204846407365354,"15.PredFishAK_b_2","PredAK","15.PredFishAK_b_2","PredAK",NA
"4222","salmonSharkGoA_predAK_2026","predAK_2026","salmonSharkGoA_predAK_2026","AK_GoA_fish_313","",2014-01-01,147,147,147,1.00807836273975,"15.PredFishAK_b_2","PredAK","15.PredFishAK_b_2","PredAK",NA
"4223","salmonSharkGoA_predAK_2026","predAK_2026","salmonSharkGoA_predAK_2026","AK_GoA_fish_313","",2015-01-01,362,362,362,1.89072824768572,"15.PredFishAK_b_2","PredAK","15.PredFishAK_b_2","PredAK",NA
"4224","salmonSharkGoA_predAK_2026","predAK_2026","salmonSharkGoA_predAK_2026","AK_GoA_fish_313","",2016-01-01,90,90,90,0.702277359611455,"15.PredFishAK_b_2","PredAK","15.PredFishAK_b_2","PredAK",NA
"4225","salmonSharkGoA_predAK_2026","predAK_2026","salmonSharkGoA_predAK_2026","AK_GoA_fish_313","",2017-01-01,13,13,13,-0.14165330450038,"15.PredFishAK_b_2","PredAK","15.PredFishAK_b_2","PredAK",NA
"4226","salmonSharkGoA_predAK_2026","predAK_2026","salmonSharkGoA_predAK_2026","AK_GoA_fish_313","",2018-01-01,6,6,6,-0.464724058947723,"15.PredFishAK_b_2","PredAK","15.PredFishAK_b_2","PredAK",NA
"4227","salmonSharkGoA_predAK_2026","predAK_2026","salmonSharkGoA_predAK_2026","AK_GoA_fish_313","",2019-01-01,15,15,15,-0.497253808194833,"15.PredFishAK_b_2","PredAK","15.PredFishAK_b_2","PredAK",NA
"4228","salmonSharkGoA_predAK_2026","predAK_2026","salmonSharkGoA_predAK_2026","AK_GoA_fish_313","",2020-01-01,37,37,37,-0.391024680038498,"15.PredFishAK_b_2","PredAK","15.PredFishAK_b_2","PredAK",NA
"4229","salmonSharkGoA_predAK_2026","predAK_2026","salmonSharkGoA_predAK_2026","AK_GoA_fish_313","",2021-01-01,45,45,45,-0.331313360554926,"15.PredFishAK_b_2","PredAK","15.PredFishAK_b_2","PredAK",NA
"4230","salmonSharkGoA_predAK_2026","predAK_2026","salmonSharkGoA_predAK_2026","AK_GoA_fish_313","",2022-01-01,33,33,33,-0.364410644526925,"15.PredFishAK_b_2","PredAK","15.PredFishAK_b_2","PredAK",NA
"4231","salmonSharkGoA_predAK_2026","predAK_2026","salmonSharkGoA_predAK_2026","AK_GoA_fish_313","",2023-01-01,NA,NA,NA,NA,"15.PredFishAK_b_2","PredAK","15.PredFishAK_b_2","PredAK",NA
"4232","salmonSharkGoA_predAK_2026","predAK_2026","salmonSharkGoA_predAK_2026","AK_GoA_fish_313","",2024-01-01,NA,NA,NA,NA,"15.PredFishAK_b_2","PredAK","15.PredFishAK_b_2","PredAK",NA
"4233","salmonSharkGoA_predAK_2026","predAK_2026","salmonSharkGoA_predAK_2026","AK_GoA_fish_313","",2025-01-01,NA,NA,NA,NA,"15.PredFishAK_b_2","PredAK","15.PredFishAK_b_2","PredAK",NA
"4234","salmonSharkGoA_predAK_2026","predAK_2026","salmonSharkGoA_predAK_2026","AK_GoA_fish_313","",2026-01-01,NA,NA,NA,NA,"15.PredFishAK_b_2","PredAK","15.PredFishAK_b_2","PredAK",NA
"4235","sharkCatchGoA_predAK_2026","predAK_2026","sharkCatchGoA_predAK_2026","AK_GoA_fish_314","",1998-01-01,2389,2389,2389,0.974731275881706,"15.PredFishAK_b_3","PredAK","15.PredFishAK_b_3","PredAK",NA
"4236","sharkCatchGoA_predAK_2026","predAK_2026","sharkCatchGoA_predAK_2026","AK_GoA_fish_314","",1999-01-01,1037,1037,1037,0.053500715885523,"15.PredFishAK_b_3","PredAK","15.PredFishAK_b_3","PredAK",NA
"4237","sharkCatchGoA_predAK_2026","predAK_2026","sharkCatchGoA_predAK_2026","AK_GoA_fish_314","",2000-01-01,1117,1117,1117,-0.333739740941125,"15.PredFishAK_b_3","PredAK","15.PredFishAK_b_3","PredAK",NA
"4238","sharkCatchGoA_predAK_2026","predAK_2026","sharkCatchGoA_predAK_2026","AK_GoA_fish_314","",2001-01-01,853,853,853,-0.687593624984874,"15.PredFishAK_b_3","PredAK","15.PredFishAK_b_3","PredAK",NA
"4239","sharkCatchGoA_predAK_2026","predAK_2026","sharkCatchGoA_predAK_2026","AK_GoA_fish_314","",2002-01-01,427,427,427,-0.987816677541509,"15.PredFishAK_b_3","PredAK","15.PredFishAK_b_3","PredAK",NA
"4240","sharkCatchGoA_predAK_2026","predAK_2026","sharkCatchGoA_predAK_2026","AK_GoA_fish_314","",2003-01-01,715,715,715,-0.930973584460728,"15.PredFishAK_b_3","PredAK","15.PredFishAK_b_3","PredAK",NA
"4241","sharkCatchGoA_predAK_2026","predAK_2026","sharkCatchGoA_predAK_2026","AK_GoA_fish_314","",2004-01-01,544,544,544,-0.868328317477707,"15.PredFishAK_b_3","PredAK","15.PredFishAK_b_3","PredAK",NA
"4242","sharkCatchGoA_predAK_2026","predAK_2026","sharkCatchGoA_predAK_2026","AK_GoA_fish_314","",2005-01-01,1054,1054,1054,-0.494922039874949,"15.PredFishAK_b_3","PredAK","15.PredFishAK_b_3","PredAK",NA
"4243","sharkCatchGoA_predAK_2026","predAK_2026","sharkCatchGoA_predAK_2026","AK_GoA_fish_314","",2006-01-01,1557,1557,1557,-0.160038067994626,"15.PredFishAK_b_3","PredAK","15.PredFishAK_b_3","PredAK",NA
"4244","sharkCatchGoA_predAK_2026","predAK_2026","sharkCatchGoA_predAK_2026","AK_GoA_fish_314","",2007-01-01,1337,1337,1337,-0.241562754964844,"15.PredFishAK_b_3","PredAK","15.PredFishAK_b_3","PredAK",NA
"4245","sharkCatchGoA_predAK_2026","predAK_2026","sharkCatchGoA_predAK_2026","AK_GoA_fish_314","",2008-01-01,617,617,617,-0.509272335465851,"15.PredFishAK_b_3","PredAK","15.PredFishAK_b_3","PredAK",NA
"4246","sharkCatchGoA_predAK_2026","predAK_2026","sharkCatchGoA_predAK_2026","AK_GoA_fish_314","",2009-01-01,1741,1741,1741,-0.210608727958757,"15.PredFishAK_b_3","PredAK","15.PredFishAK_b_3","PredAK",NA
"4247","sharkCatchGoA_predAK_2026","predAK_2026","sharkCatchGoA_predAK_2026","AK_GoA_fish_314","",2010-01-01,716,716,716,-0.63965950845431,"15.PredFishAK_b_3","PredAK","15.PredFishAK_b_3","PredAK",NA
"4248","sharkCatchGoA_predAK_2026","predAK_2026","sharkCatchGoA_predAK_2026","AK_GoA_fish_314","",2011-01-01,523,523,523,-0.773011077460704,"15.PredFishAK_b_3","PredAK","15.PredFishAK_b_3","PredAK",NA
"4249","sharkCatchGoA_predAK_2026","predAK_2026","sharkCatchGoA_predAK_2026","AK_GoA_fish_314","",2012-01-01,701,701,701,-0.470526589020863,"15.PredFishAK_b_3","PredAK","15.PredFishAK_b_3","PredAK",NA
"4250","sharkCatchGoA_predAK_2026","predAK_2026","sharkCatchGoA_predAK_2026","AK_GoA_fish_314","",2013-01-01,2156,2156,2156,0.31804560663408,"15.PredFishAK_b_3","PredAK","15.PredFishAK_b_3","PredAK",NA
"4251","sharkCatchGoA_predAK_2026","predAK_2026","sharkCatchGoA_predAK_2026","AK_GoA_fish_314","",2014-01-01,1582,1582,1582,0.319486804786772,"15.PredFishAK_b_3","PredAK","15.PredFishAK_b_3","PredAK",NA
"4252","sharkCatchGoA_predAK_2026","predAK_2026","sharkCatchGoA_predAK_2026","AK_GoA_fish_314","",2015-01-01,1389,1389,1389,0.348618256382825,"15.PredFishAK_b_3","PredAK","15.PredFishAK_b_3","PredAK",NA
"4253","sharkCatchGoA_predAK_2026","predAK_2026","sharkCatchGoA_predAK_2026","AK_GoA_fish_314","",2016-01-01,1951,1951,1951,0.708059827981765,"15.PredFishAK_b_3","PredAK","15.PredFishAK_b_3","PredAK",NA
"4254","sharkCatchGoA_predAK_2026","predAK_2026","sharkCatchGoA_predAK_2026","AK_GoA_fish_314","",2017-01-01,1772,1772,1772,0.96087749942361,"15.PredFishAK_b_3","PredAK","15.PredFishAK_b_3","PredAK",NA
"4255","sharkCatchGoA_predAK_2026","predAK_2026","sharkCatchGoA_predAK_2026","AK_GoA_fish_314","",2018-01-01,3410,3410,3410,1.61353881924068,"15.PredFishAK_b_3","PredAK","15.PredFishAK_b_3","PredAK",NA
"4256","sharkCatchGoA_predAK_2026","predAK_2026","sharkCatchGoA_predAK_2026","AK_GoA_fish_314","",2019-01-01,1989,1989,1989,0.997596176109273,"15.PredFishAK_b_3","PredAK","15.PredFishAK_b_3","PredAK",NA
"4257","sharkCatchGoA_predAK_2026","predAK_2026","sharkCatchGoA_predAK_2026","AK_GoA_fish_314","",2020-01-01,1358,1358,1358,0.510718521007286,"15.PredFishAK_b_3","PredAK","15.PredFishAK_b_3","PredAK",NA
"4258","sharkCatchGoA_predAK_2026","predAK_2026","sharkCatchGoA_predAK_2026","AK_GoA_fish_314","",2021-01-01,1917,1917,1917,0.560179441537143,"15.PredFishAK_b_3","PredAK","15.PredFishAK_b_3","PredAK",NA
"4259","sharkCatchGoA_predAK_2026","predAK_2026","sharkCatchGoA_predAK_2026","AK_GoA_fish_314","",2022-01-01,1550,1550,1550,0.403315381728279,"15.PredFishAK_b_3","PredAK","15.PredFishAK_b_3","PredAK",NA
"4260","sharkCatchGoA_predAK_2026","predAK_2026","sharkCatchGoA_predAK_2026","AK_GoA_fish_314","",2023-01-01,NA,NA,NA,NA,"15.PredFishAK_b_3","PredAK","15.PredFishAK_b_3","PredAK",NA
"4261","sharkCatchGoA_predAK_2026","predAK_2026","sharkCatchGoA_predAK_2026","AK_GoA_fish_314","",2024-01-01,NA,NA,NA,NA,"15.PredFishAK_b_3","PredAK","15.PredFishAK_b_3","PredAK",NA
"4262","sharkCatchGoA_predAK_2026","predAK_2026","sharkCatchGoA_predAK_2026","AK_GoA_fish_314","",2025-01-01,NA,NA,NA,NA,"15.PredFishAK_b_3","PredAK","15.PredFishAK_b_3","PredAK",NA
"4263","sharkCatchGoA_predAK_2026","predAK_2026","sharkCatchGoA_predAK_2026","AK_GoA_fish_314","",2026-01-01,NA,NA,NA,NA,"15.PredFishAK_b_3","PredAK","15.PredFishAK_b_3","PredAK",NA
"4264","sleeperSharkBSAI_predAK_2026","predAK_2026","sleeperSharkBSAI_predAK_2026","AK_GoA_fish_309","",1998-01-01,NA,NA,NA,NA,"15.PredFishAK_b","PredAK","15.PredFishAK_b","PredAK","15.PredFishAK_b"
"4265","sleeperSharkBSAI_predAK_2026","predAK_2026","sleeperSharkBSAI_predAK_2026","AK_GoA_fish_309","",1999-01-01,NA,NA,NA,NA,"15.PredFishAK_b","PredAK","15.PredFishAK_b","PredAK","15.PredFishAK_b"
"4266","sleeperSharkBSAI_predAK_2026","predAK_2026","sleeperSharkBSAI_predAK_2026","AK_GoA_fish_309","",2000-01-01,NA,NA,NA,NA,"15.PredFishAK_b","PredAK","15.PredFishAK_b","PredAK","15.PredFishAK_b"
"4267","sleeperSharkBSAI_predAK_2026","predAK_2026","sleeperSharkBSAI_predAK_2026","AK_GoA_fish_309","",2001-01-01,NA,NA,NA,NA,"15.PredFishAK_b","PredAK","15.PredFishAK_b","PredAK","15.PredFishAK_b"
"4268","sleeperSharkBSAI_predAK_2026","predAK_2026","sleeperSharkBSAI_predAK_2026","AK_GoA_fish_309","",2002-01-01,NA,NA,NA,NA,"15.PredFishAK_b","PredAK","15.PredFishAK_b","PredAK","15.PredFishAK_b"
"4269","sleeperSharkBSAI_predAK_2026","predAK_2026","sleeperSharkBSAI_predAK_2026","AK_GoA_fish_309","",2003-01-01,342,342,342,1.76468568869126,"15.PredFishAK_b","PredAK","15.PredFishAK_b","PredAK","15.PredFishAK_b"
"4270","sleeperSharkBSAI_predAK_2026","predAK_2026","sleeperSharkBSAI_predAK_2026","AK_GoA_fish_309","",2004-01-01,421,421,421,1.90066288286848,"15.PredFishAK_b","PredAK","15.PredFishAK_b","PredAK","15.PredFishAK_b"
"4271","sleeperSharkBSAI_predAK_2026","predAK_2026","sleeperSharkBSAI_predAK_2026","AK_GoA_fish_309","",2005-01-01,333,333,333,1.6071509050005,"15.PredFishAK_b","PredAK","15.PredFishAK_b","PredAK","15.PredFishAK_b"
"4272","sleeperSharkBSAI_predAK_2026","predAK_2026","sleeperSharkBSAI_predAK_2026","AK_GoA_fish_309","",2006-01-01,313,313,313,1.29625849584429,"15.PredFishAK_b","PredAK","15.PredFishAK_b","PredAK","15.PredFishAK_b"
"4273","sleeperSharkBSAI_predAK_2026","predAK_2026","sleeperSharkBSAI_predAK_2026","AK_GoA_fish_309","",2007-01-01,257,257,257,0.817461591385654,"15.PredFishAK_b","PredAK","15.PredFishAK_b","PredAK","15.PredFishAK_b"
"4274","sleeperSharkBSAI_predAK_2026","predAK_2026","sleeperSharkBSAI_predAK_2026","AK_GoA_fish_309","",2008-01-01,127,127,127,0.140994653563634,"15.PredFishAK_b","PredAK","15.PredFishAK_b","PredAK","15.PredFishAK_b"
"4275","sleeperSharkBSAI_predAK_2026","predAK_2026","sleeperSharkBSAI_predAK_2026","AK_GoA_fish_309","",2009-01-01,51,51,51,-0.367215012020608,"15.PredFishAK_b","PredAK","15.PredFishAK_b","PredAK","15.PredFishAK_b"
"4276","sleeperSharkBSAI_predAK_2026","predAK_2026","sleeperSharkBSAI_predAK_2026","AK_GoA_fish_309","",2010-01-01,28,28,28,-0.605977359411605,"15.PredFishAK_b","PredAK","15.PredFishAK_b","PredAK","15.PredFishAK_b"
"4277","sleeperSharkBSAI_predAK_2026","predAK_2026","sleeperSharkBSAI_predAK_2026","AK_GoA_fish_309","",2011-01-01,47,47,47,-0.629631139087025,"15.PredFishAK_b","PredAK","15.PredFishAK_b","PredAK","15.PredFishAK_b"
"4278","sleeperSharkBSAI_predAK_2026","predAK_2026","sleeperSharkBSAI_predAK_2026","AK_GoA_fish_309","",2012-01-01,48,48,48,-0.614180058607213,"15.PredFishAK_b","PredAK","15.PredFishAK_b","PredAK","15.PredFishAK_b"
"4279","sleeperSharkBSAI_predAK_2026","predAK_2026","sleeperSharkBSAI_predAK_2026","AK_GoA_fish_309","",2013-01-01,68,68,68,-0.55219145474946,"15.PredFishAK_b","PredAK","15.PredFishAK_b","PredAK","15.PredFishAK_b"
"4280","sleeperSharkBSAI_predAK_2026","predAK_2026","sleeperSharkBSAI_predAK_2026","AK_GoA_fish_309","",2014-01-01,63,63,63,-0.542045068798038,"15.PredFishAK_b","PredAK","15.PredFishAK_b","PredAK","15.PredFishAK_b"
"4281","sleeperSharkBSAI_predAK_2026","predAK_2026","sleeperSharkBSAI_predAK_2026","AK_GoA_fish_309","",2015-01-01,61,61,61,-0.533502428516021,"15.PredFishAK_b","PredAK","15.PredFishAK_b","PredAK","15.PredFishAK_b"
"4282","sleeperSharkBSAI_predAK_2026","predAK_2026","sleeperSharkBSAI_predAK_2026","AK_GoA_fish_309","",2016-01-01,81,81,81,-0.501984059107187,"15.PredFishAK_b","PredAK","15.PredFishAK_b","PredAK","15.PredFishAK_b"
"4283","sleeperSharkBSAI_predAK_2026","predAK_2026","sleeperSharkBSAI_predAK_2026","AK_GoA_fish_309","",2017-01-01,56,56,56,-0.57633993630473,"15.PredFishAK_b","PredAK","15.PredFishAK_b","PredAK","15.PredFishAK_b"
"4284","sleeperSharkBSAI_predAK_2026","predAK_2026","sleeperSharkBSAI_predAK_2026","AK_GoA_fish_309","",2018-01-01,40,40,40,-0.630465505878658,"15.PredFishAK_b","PredAK","15.PredFishAK_b","PredAK","15.PredFishAK_b"
"4285","sleeperSharkBSAI_predAK_2026","predAK_2026","sleeperSharkBSAI_predAK_2026","AK_GoA_fish_309","",2019-01-01,53,53,53,-0.590191661289279,"15.PredFishAK_b","PredAK","15.PredFishAK_b","PredAK","15.PredFishAK_b"
"4286","sleeperSharkBSAI_predAK_2026","predAK_2026","sleeperSharkBSAI_predAK_2026","AK_GoA_fish_309","",2020-01-01,68,68,68,-0.519483982289529,"15.PredFishAK_b","PredAK","15.PredFishAK_b","PredAK","15.PredFishAK_b"
"4287","sleeperSharkBSAI_predAK_2026","predAK_2026","sleeperSharkBSAI_predAK_2026","AK_GoA_fish_309","",2021-01-01,78,78,78,-0.467911048736181,"15.PredFishAK_b","PredAK","15.PredFishAK_b","PredAK","15.PredFishAK_b"
"4288","sleeperSharkBSAI_predAK_2026","predAK_2026","sleeperSharkBSAI_predAK_2026","AK_GoA_fish_309","",2022-01-01,73,73,73,-0.464084099646901,"15.PredFishAK_b","PredAK","15.PredFishAK_b","PredAK","15.PredFishAK_b"
"4289","sleeperSharkBSAI_predAK_2026","predAK_2026","sleeperSharkBSAI_predAK_2026","AK_GoA_fish_309","",2023-01-01,NA,NA,NA,NA,"15.PredFishAK_b","PredAK","15.PredFishAK_b","PredAK","15.PredFishAK_b"
"4290","sleeperSharkBSAI_predAK_2026","predAK_2026","sleeperSharkBSAI_predAK_2026","AK_GoA_fish_309","",2024-01-01,NA,NA,NA,NA,"15.PredFishAK_b","PredAK","15.PredFishAK_b","PredAK","15.PredFishAK_b"
"4291","sleeperSharkBSAI_predAK_2026","predAK_2026","sleeperSharkBSAI_predAK_2026","AK_GoA_fish_309","",2025-01-01,NA,NA,NA,NA,"15.PredFishAK_b","PredAK","15.PredFishAK_b","PredAK","15.PredFishAK_b"
"4292","sleeperSharkBSAI_predAK_2026","predAK_2026","sleeperSharkBSAI_predAK_2026","AK_GoA_fish_309","",2026-01-01,NA,NA,NA,NA,"15.PredFishAK_b","PredAK","15.PredFishAK_b","PredAK","15.PredFishAK_b"
"4293","sleeperSharkGoA_predAK_2026","predAK_2026","sleeperSharkGoA_predAK_2026","AK_GoA_fish_312","",1998-01-01,74,74,74,-0.0851681472309256,"15.PredFishAK_b","PredAK","15.PredFishAK_b","PredAK","15.PredFishAK_b"
"4294","sleeperSharkGoA_predAK_2026","predAK_2026","sleeperSharkGoA_predAK_2026","AK_GoA_fish_312","",1999-01-01,558,558,558,1.25759655619054,"15.PredFishAK_b","PredAK","15.PredFishAK_b","PredAK","15.PredFishAK_b"
"4295","sleeperSharkGoA_predAK_2026","predAK_2026","sleeperSharkGoA_predAK_2026","AK_GoA_fish_312","",2000-01-01,608,608,608,1.56105233169081,"15.PredFishAK_b","PredAK","15.PredFishAK_b","PredAK","15.PredFishAK_b"
"4296","sleeperSharkGoA_predAK_2026","predAK_2026","sleeperSharkGoA_predAK_2026","AK_GoA_fish_312","",2001-01-01,249,249,249,0.81321528709936,"15.PredFishAK_b","PredAK","15.PredFishAK_b","PredAK","15.PredFishAK_b"
"4297","sleeperSharkGoA_predAK_2026","predAK_2026","sleeperSharkGoA_predAK_2026","AK_GoA_fish_312","",2002-01-01,226,226,226,0.531105191701109,"15.PredFishAK_b","PredAK","15.PredFishAK_b","PredAK","15.PredFishAK_b"
"4298","sleeperSharkGoA_predAK_2026","predAK_2026","sleeperSharkGoA_predAK_2026","AK_GoA_fish_312","",2003-01-01,270,270,270,0.577714197226377,"15.PredFishAK_b","PredAK","15.PredFishAK_b","PredAK","15.PredFishAK_b"
"4299","sleeperSharkGoA_predAK_2026","predAK_2026","sleeperSharkGoA_predAK_2026","AK_GoA_fish_312","",2004-01-01,282,282,282,0.722064401650126,"15.PredFishAK_b","PredAK","15.PredFishAK_b","PredAK","15.PredFishAK_b"
"4300","sleeperSharkGoA_predAK_2026","predAK_2026","sleeperSharkGoA_predAK_2026","AK_GoA_fish_312","",2005-01-01,482,482,482,1.03280048915511,"15.PredFishAK_b","PredAK","15.PredFishAK_b","PredAK","15.PredFishAK_b"
"4301","sleeperSharkGoA_predAK_2026","predAK_2026","sleeperSharkGoA_predAK_2026","AK_GoA_fish_312","",2006-01-01,252,252,252,0.558899876563093,"15.PredFishAK_b","PredAK","15.PredFishAK_b","PredAK","15.PredFishAK_b"
"4302","sleeperSharkGoA_predAK_2026","predAK_2026","sleeperSharkGoA_predAK_2026","AK_GoA_fish_312","",2007-01-01,295,295,295,0.277484422567762,"15.PredFishAK_b","PredAK","15.PredFishAK_b","PredAK","15.PredFishAK_b"
"4303","sleeperSharkGoA_predAK_2026","predAK_2026","sleeperSharkGoA_predAK_2026","AK_GoA_fish_312","",2008-01-01,66,66,66,-0.364139441023107,"15.PredFishAK_b","PredAK","15.PredFishAK_b","PredAK","15.PredFishAK_b"
"4304","sleeperSharkGoA_predAK_2026","predAK_2026","sleeperSharkGoA_predAK_2026","AK_GoA_fish_312","",2009-01-01,56,56,56,-0.562881899868095,"15.PredFishAK_b","PredAK","15.PredFishAK_b","PredAK","15.PredFishAK_b"
"4305","sleeperSharkGoA_predAK_2026","predAK_2026","sleeperSharkGoA_predAK_2026","AK_GoA_fish_312","",2010-01-01,170,170,170,-0.454397479278029,"15.PredFishAK_b","PredAK","15.PredFishAK_b","PredAK","15.PredFishAK_b"
"4306","sleeperSharkGoA_predAK_2026","predAK_2026","sleeperSharkGoA_predAK_2026","AK_GoA_fish_312","",2011-01-01,26,26,26,-0.649404200952279,"15.PredFishAK_b","PredAK","15.PredFishAK_b","PredAK","15.PredFishAK_b"
"4307","sleeperSharkGoA_predAK_2026","predAK_2026","sleeperSharkGoA_predAK_2026","AK_GoA_fish_312","",2012-01-01,180,180,180,-0.434442543673178,"15.PredFishAK_b","PredAK","15.PredFishAK_b","PredAK","15.PredFishAK_b"
"4308","sleeperSharkGoA_predAK_2026","predAK_2026","sleeperSharkGoA_predAK_2026","AK_GoA_fish_312","",2013-01-01,94,94,94,-0.566105026587701,"15.PredFishAK_b","PredAK","15.PredFishAK_b","PredAK","15.PredFishAK_b"
"4309","sleeperSharkGoA_predAK_2026","predAK_2026","sleeperSharkGoA_predAK_2026","AK_GoA_fish_312","",2014-01-01,93,93,93,-0.633497904216589,"15.PredFishAK_b","PredAK","15.PredFishAK_b","PredAK","15.PredFishAK_b"
"4310","sleeperSharkGoA_predAK_2026","predAK_2026","sleeperSharkGoA_predAK_2026","AK_GoA_fish_312","",2015-01-01,60,60,60,-0.697705260835313,"15.PredFishAK_b","PredAK","15.PredFishAK_b","PredAK","15.PredFishAK_b"
"4311","sleeperSharkGoA_predAK_2026","predAK_2026","sleeperSharkGoA_predAK_2026","AK_GoA_fish_312","",2016-01-01,71,71,71,-0.614744272399866,"15.PredFishAK_b","PredAK","15.PredFishAK_b","PredAK","15.PredFishAK_b"
"4312","sleeperSharkGoA_predAK_2026","predAK_2026","sleeperSharkGoA_predAK_2026","AK_GoA_fish_312","",2017-01-01,140,140,140,-0.371050677362378,"15.PredFishAK_b","PredAK","15.PredFishAK_b","PredAK","15.PredFishAK_b"
"4313","sleeperSharkGoA_predAK_2026","predAK_2026","sleeperSharkGoA_predAK_2026","AK_GoA_fish_312","",2018-01-01,250,250,250,-0.158237622071072,"15.PredFishAK_b","PredAK","15.PredFishAK_b","PredAK","15.PredFishAK_b"
"4314","sleeperSharkGoA_predAK_2026","predAK_2026","sleeperSharkGoA_predAK_2026","AK_GoA_fish_312","",2019-01-01,92,92,92,-0.457459320110414,"15.PredFishAK_b","PredAK","15.PredFishAK_b","PredAK","15.PredFishAK_b"
"4315","sleeperSharkGoA_predAK_2026","predAK_2026","sleeperSharkGoA_predAK_2026","AK_GoA_fish_312","",2020-01-01,98,98,98,-0.57114811968,"15.PredFishAK_b","PredAK","15.PredFishAK_b","PredAK","15.PredFishAK_b"
"4316","sleeperSharkGoA_predAK_2026","predAK_2026","sleeperSharkGoA_predAK_2026","AK_GoA_fish_312","",2021-01-01,91,91,91,-0.650845580469915,"15.PredFishAK_b","PredAK","15.PredFishAK_b","PredAK","15.PredFishAK_b"
"4317","sleeperSharkGoA_predAK_2026","predAK_2026","sleeperSharkGoA_predAK_2026","AK_GoA_fish_312","",2022-01-01,65,65,65,-0.732087609796159,"15.PredFishAK_b","PredAK","15.PredFishAK_b","PredAK","15.PredFishAK_b"
"4318","sleeperSharkGoA_predAK_2026","predAK_2026","sleeperSharkGoA_predAK_2026","AK_GoA_fish_312","",2023-01-01,NA,NA,NA,NA,"15.PredFishAK_b","PredAK","15.PredFishAK_b","PredAK","15.PredFishAK_b"
"4319","sleeperSharkGoA_predAK_2026","predAK_2026","sleeperSharkGoA_predAK_2026","AK_GoA_fish_312","",2024-01-01,NA,NA,NA,NA,"15.PredFishAK_b","PredAK","15.PredFishAK_b","PredAK","15.PredFishAK_b"
"4320","sleeperSharkGoA_predAK_2026","predAK_2026","sleeperSharkGoA_predAK_2026","AK_GoA_fish_312","",2025-01-01,NA,NA,NA,NA,"15.PredFishAK_b","PredAK","15.PredFishAK_b","PredAK","15.PredFishAK_b"
"4321","sleeperSharkGoA_predAK_2026","predAK_2026","sleeperSharkGoA_predAK_2026","AK_GoA_fish_312","",2026-01-01,NA,NA,NA,NA,"15.PredFishAK_b","PredAK","15.PredFishAK_b","PredAK","15.PredFishAK_b"
"4322","spinyDogfishBSAI_predAK_2026","predAK_2026","spinyDogfishBSAI_predAK_2026","AK_GoA_fish_308","",1998-01-01,NA,NA,NA,NA,"15.PredFishAK_b_0","PredAK","15.PredFishAK_b_0","PredAK",NA
"4323","spinyDogfishBSAI_predAK_2026","predAK_2026","spinyDogfishBSAI_predAK_2026","AK_GoA_fish_308","",1999-01-01,NA,NA,NA,NA,"15.PredFishAK_b_0","PredAK","15.PredFishAK_b_0","PredAK",NA
"4324","spinyDogfishBSAI_predAK_2026","predAK_2026","spinyDogfishBSAI_predAK_2026","AK_GoA_fish_308","",2000-01-01,NA,NA,NA,NA,"15.PredFishAK_b_0","PredAK","15.PredFishAK_b_0","PredAK",NA
"4325","spinyDogfishBSAI_predAK_2026","predAK_2026","spinyDogfishBSAI_predAK_2026","AK_GoA_fish_308","",2001-01-01,NA,NA,NA,NA,"15.PredFishAK_b_0","PredAK","15.PredFishAK_b_0","PredAK",NA
"4326","spinyDogfishBSAI_predAK_2026","predAK_2026","spinyDogfishBSAI_predAK_2026","AK_GoA_fish_308","",2002-01-01,NA,NA,NA,NA,"15.PredFishAK_b_0","PredAK","15.PredFishAK_b_0","PredAK",NA
"4327","spinyDogfishBSAI_predAK_2026","predAK_2026","spinyDogfishBSAI_predAK_2026","AK_GoA_fish_308","",2003-01-01,13,13,13,0.233670241326412,"15.PredFishAK_b_0","PredAK","15.PredFishAK_b_0","PredAK",NA
"4328","spinyDogfishBSAI_predAK_2026","predAK_2026","spinyDogfishBSAI_predAK_2026","AK_GoA_fish_308","",2004-01-01,9,9,9,-0.0294595077616734,"15.PredFishAK_b_0","PredAK","15.PredFishAK_b_0","PredAK",NA
"4329","spinyDogfishBSAI_predAK_2026","predAK_2026","spinyDogfishBSAI_predAK_2026","AK_GoA_fish_308","",2005-01-01,11,11,11,-0.0909816504893076,"15.PredFishAK_b_0","PredAK","15.PredFishAK_b_0","PredAK",NA
"4330","spinyDogfishBSAI_predAK_2026","predAK_2026","spinyDogfishBSAI_predAK_2026","AK_GoA_fish_308","",2006-01-01,7,7,7,-0.310569444580414,"15.PredFishAK_b_0","PredAK","15.PredFishAK_b_0","PredAK",NA
"4331","spinyDogfishBSAI_predAK_2026","predAK_2026","spinyDogfishBSAI_predAK_2026","AK_GoA_fish_308","",2007-01-01,3,3,3,-0.311508454133521,"15.PredFishAK_b_0","PredAK","15.PredFishAK_b_0","PredAK",NA
"4332","spinyDogfishBSAI_predAK_2026","predAK_2026","spinyDogfishBSAI_predAK_2026","AK_GoA_fish_308","",2008-01-01,17,17,17,0.501564541290842,"15.PredFishAK_b_0","PredAK","15.PredFishAK_b_0","PredAK",NA
"4333","spinyDogfishBSAI_predAK_2026","predAK_2026","spinyDogfishBSAI_predAK_2026","AK_GoA_fish_308","",2009-01-01,20,20,20,0.854664732143016,"15.PredFishAK_b_0","PredAK","15.PredFishAK_b_0","PredAK",NA
"4334","spinyDogfishBSAI_predAK_2026","predAK_2026","spinyDogfishBSAI_predAK_2026","AK_GoA_fish_308","",2010-01-01,15,15,15,0.653665636780737,"15.PredFishAK_b_0","PredAK","15.PredFishAK_b_0","PredAK",NA
"4335","spinyDogfishBSAI_predAK_2026","predAK_2026","spinyDogfishBSAI_predAK_2026","AK_GoA_fish_308","",2011-01-01,8,8,8,0.442945947332451,"15.PredFishAK_b_0","PredAK","15.PredFishAK_b_0","PredAK",NA
"4336","spinyDogfishBSAI_predAK_2026","predAK_2026","spinyDogfishBSAI_predAK_2026","AK_GoA_fish_308","",2012-01-01,20,20,20,1.05531487683688,"15.PredFishAK_b_0","PredAK","15.PredFishAK_b_0","PredAK",NA
"4337","spinyDogfishBSAI_predAK_2026","predAK_2026","spinyDogfishBSAI_predAK_2026","AK_GoA_fish_308","",2013-01-01,24,24,24,1.31423466482074,"15.PredFishAK_b_0","PredAK","15.PredFishAK_b_0","PredAK",NA
"4338","spinyDogfishBSAI_predAK_2026","predAK_2026","spinyDogfishBSAI_predAK_2026","AK_GoA_fish_308","",2014-01-01,19,19,19,0.882322869275275,"15.PredFishAK_b_0","PredAK","15.PredFishAK_b_0","PredAK",NA
"4339","spinyDogfishBSAI_predAK_2026","predAK_2026","spinyDogfishBSAI_predAK_2026","AK_GoA_fish_308","",2015-01-01,8,8,8,0.0730454821457664,"15.PredFishAK_b_0","PredAK","15.PredFishAK_b_0","PredAK",NA
"4340","spinyDogfishBSAI_predAK_2026","predAK_2026","spinyDogfishBSAI_predAK_2026","AK_GoA_fish_308","",2016-01-01,6,6,6,-0.283043751217706,"15.PredFishAK_b_0","PredAK","15.PredFishAK_b_0","PredAK",NA
"4341","spinyDogfishBSAI_predAK_2026","predAK_2026","spinyDogfishBSAI_predAK_2026","AK_GoA_fish_308","",2017-01-01,10,10,10,-0.243882949182327,"15.PredFishAK_b_0","PredAK","15.PredFishAK_b_0","PredAK",NA
"4342","spinyDogfishBSAI_predAK_2026","predAK_2026","spinyDogfishBSAI_predAK_2026","AK_GoA_fish_308","",2018-01-01,10,10,10,-0.366613539705295,"15.PredFishAK_b_0","PredAK","15.PredFishAK_b_0","PredAK",NA
"4343","spinyDogfishBSAI_predAK_2026","predAK_2026","spinyDogfishBSAI_predAK_2026","AK_GoA_fish_308","",2019-01-01,4,4,4,-0.773966113309578,"15.PredFishAK_b_0","PredAK","15.PredFishAK_b_0","PredAK",NA
"4344","spinyDogfishBSAI_predAK_2026","predAK_2026","spinyDogfishBSAI_predAK_2026","AK_GoA_fish_308","",2020-01-01,4,4,4,-0.978839898610592,"15.PredFishAK_b_0","PredAK","15.PredFishAK_b_0","PredAK",NA
"4345","spinyDogfishBSAI_predAK_2026","predAK_2026","spinyDogfishBSAI_predAK_2026","AK_GoA_fish_308","",2021-01-01,2,2,2,-1.18610868090935,"15.PredFishAK_b_0","PredAK","15.PredFishAK_b_0","PredAK",NA
"4346","spinyDogfishBSAI_predAK_2026","predAK_2026","spinyDogfishBSAI_predAK_2026","AK_GoA_fish_308","",2022-01-01,1,1,1,-1.30489012750832,"15.PredFishAK_b_0","PredAK","15.PredFishAK_b_0","PredAK",NA
"4347","spinyDogfishBSAI_predAK_2026","predAK_2026","spinyDogfishBSAI_predAK_2026","AK_GoA_fish_308","",2023-01-01,NA,NA,NA,NA,"15.PredFishAK_b_0","PredAK","15.PredFishAK_b_0","PredAK",NA
"4348","spinyDogfishBSAI_predAK_2026","predAK_2026","spinyDogfishBSAI_predAK_2026","AK_GoA_fish_308","",2024-01-01,NA,NA,NA,NA,"15.PredFishAK_b_0","PredAK","15.PredFishAK_b_0","PredAK",NA
"4349","spinyDogfishBSAI_predAK_2026","predAK_2026","spinyDogfishBSAI_predAK_2026","AK_GoA_fish_308","",2025-01-01,NA,NA,NA,NA,"15.PredFishAK_b_0","PredAK","15.PredFishAK_b_0","PredAK",NA
"4350","spinyDogfishBSAI_predAK_2026","predAK_2026","spinyDogfishBSAI_predAK_2026","AK_GoA_fish_308","",2026-01-01,NA,NA,NA,NA,"15.PredFishAK_b_0","PredAK","15.PredFishAK_b_0","PredAK",NA
"4351","spinyDogfishGoA_predAK_2026","predAK_2026","spinyDogfishGoA_predAK_2026","AK_GoA_fish_311","",1998-01-01,864,864,864,-0.392655821872594,"15.PredFishAK_4","PredAK","15.PredFishAK_4","PredAK",NA
"4352","spinyDogfishGoA_predAK_2026","predAK_2026","spinyDogfishGoA_predAK_2026","AK_GoA_fish_311","",1999-01-01,314,314,314,-0.724514837558185,"15.PredFishAK_4","PredAK","15.PredFishAK_4","PredAK",NA
"4353","spinyDogfishGoA_predAK_2026","predAK_2026","spinyDogfishGoA_predAK_2026","AK_GoA_fish_311","",2000-01-01,398,398,398,-0.810309640453922,"15.PredFishAK_4","PredAK","15.PredFishAK_4","PredAK",NA
"4354","spinyDogfishGoA_predAK_2026","predAK_2026","spinyDogfishGoA_predAK_2026","AK_GoA_fish_311","",2001-01-01,494,494,494,-0.849441633184148,"15.PredFishAK_4","PredAK","15.PredFishAK_4","PredAK",NA
"4355","spinyDogfishGoA_predAK_2026","predAK_2026","spinyDogfishGoA_predAK_2026","AK_GoA_fish_311","",2002-01-01,117,117,117,-1.01087892245463,"15.PredFishAK_4","PredAK","15.PredFishAK_4","PredAK",NA
"4356","spinyDogfishGoA_predAK_2026","predAK_2026","spinyDogfishGoA_predAK_2026","AK_GoA_fish_311","",2003-01-01,357,357,357,-0.946181558277731,"15.PredFishAK_4","PredAK","15.PredFishAK_4","PredAK",NA
"4357","spinyDogfishGoA_predAK_2026","predAK_2026","spinyDogfishGoA_predAK_2026","AK_GoA_fish_311","",2004-01-01,183,183,183,-0.915242461415402,"15.PredFishAK_4","PredAK","15.PredFishAK_4","PredAK",NA
"4358","spinyDogfishGoA_predAK_2026","predAK_2026","spinyDogfishGoA_predAK_2026","AK_GoA_fish_311","",2005-01-01,443,443,443,-0.651794578424638,"15.PredFishAK_4","PredAK","15.PredFishAK_4","PredAK",NA
"4359","spinyDogfishGoA_predAK_2026","predAK_2026","spinyDogfishGoA_predAK_2026","AK_GoA_fish_311","",2006-01-01,1188,1188,1188,-0.244029501665116,"15.PredFishAK_4","PredAK","15.PredFishAK_4","PredAK",NA
"4360","spinyDogfishGoA_predAK_2026","predAK_2026","spinyDogfishGoA_predAK_2026","AK_GoA_fish_311","",2007-01-01,794,794,794,-0.291764497208383,"15.PredFishAK_4","PredAK","15.PredFishAK_4","PredAK",NA
"4361","spinyDogfishGoA_predAK_2026","predAK_2026","spinyDogfishGoA_predAK_2026","AK_GoA_fish_311","",2008-01-01,531,531,531,-0.30986550948973,"15.PredFishAK_4","PredAK","15.PredFishAK_4","PredAK",NA
"4362","spinyDogfishGoA_predAK_2026","predAK_2026","spinyDogfishGoA_predAK_2026","AK_GoA_fish_311","",2009-01-01,1653,1653,1653,0.0392633031216711,"15.PredFishAK_4","PredAK","15.PredFishAK_4","PredAK",NA
"4363","spinyDogfishGoA_predAK_2026","predAK_2026","spinyDogfishGoA_predAK_2026","AK_GoA_fish_311","",2010-01-01,429,429,429,-0.412708828851985,"15.PredFishAK_4","PredAK","15.PredFishAK_4","PredAK",NA
"4364","spinyDogfishGoA_predAK_2026","predAK_2026","spinyDogfishGoA_predAK_2026","AK_GoA_fish_311","",2011-01-01,486,486,486,-0.46234358419613,"15.PredFishAK_4","PredAK","15.PredFishAK_4","PredAK",NA
"4365","spinyDogfishGoA_predAK_2026","predAK_2026","spinyDogfishGoA_predAK_2026","AK_GoA_fish_311","",2012-01-01,459,459,459,-0.236365910927889,"15.PredFishAK_4","PredAK","15.PredFishAK_4","PredAK",NA
"4366","spinyDogfishGoA_predAK_2026","predAK_2026","spinyDogfishGoA_predAK_2026","AK_GoA_fish_311","",2013-01-01,2050,2050,2050,0.5277182712766,"15.PredFishAK_4","PredAK","15.PredFishAK_4","PredAK",NA
"4367","spinyDogfishGoA_predAK_2026","predAK_2026","spinyDogfishGoA_predAK_2026","AK_GoA_fish_311","",2014-01-01,1335,1335,1335,0.442230047381251,"15.PredFishAK_4","PredAK","15.PredFishAK_4","PredAK",NA
"4368","spinyDogfishGoA_predAK_2026","predAK_2026","spinyDogfishGoA_predAK_2026","AK_GoA_fish_311","",2015-01-01,947,947,947,0.388689750704424,"15.PredFishAK_4","PredAK","15.PredFishAK_4","PredAK",NA
"4369","spinyDogfishGoA_predAK_2026","predAK_2026","spinyDogfishGoA_predAK_2026","AK_GoA_fish_311","",2016-01-01,1782,1782,1782,0.838311378553797,"15.PredFishAK_4","PredAK","15.PredFishAK_4","PredAK",NA
"4370","spinyDogfishGoA_predAK_2026","predAK_2026","spinyDogfishGoA_predAK_2026","AK_GoA_fish_311","",2017-01-01,1609,1609,1609,1.1114128590956,"15.PredFishAK_4","PredAK","15.PredFishAK_4","PredAK",NA
"4371","spinyDogfishGoA_predAK_2026","predAK_2026","spinyDogfishGoA_predAK_2026","AK_GoA_fish_311","",2018-01-01,3129,3129,3129,1.71507116993172,"15.PredFishAK_4","PredAK","15.PredFishAK_4","PredAK",NA
"4372","spinyDogfishGoA_predAK_2026","predAK_2026","spinyDogfishGoA_predAK_2026","AK_GoA_fish_311","",2019-01-01,1868,1868,1868,1.19720615061881,"15.PredFishAK_4","PredAK","15.PredFishAK_4","PredAK",NA
"4373","spinyDogfishGoA_predAK_2026","predAK_2026","spinyDogfishGoA_predAK_2026","AK_GoA_fish_311","",2020-01-01,1217,1217,1217,0.745404237293569,"15.PredFishAK_4","PredAK","15.PredFishAK_4","PredAK",NA
"4374","spinyDogfishGoA_predAK_2026","predAK_2026","spinyDogfishGoA_predAK_2026","AK_GoA_fish_311","",2021-01-01,1763,1763,1763,0.788314664527447,"15.PredFishAK_4","PredAK","15.PredFishAK_4","PredAK",NA
"4375","spinyDogfishGoA_predAK_2026","predAK_2026","spinyDogfishGoA_predAK_2026","AK_GoA_fish_311","",2022-01-01,1381,1381,1381,0.630404961318396,"15.PredFishAK_4","PredAK","15.PredFishAK_4","PredAK",NA
"4376","spinyDogfishGoA_predAK_2026","predAK_2026","spinyDogfishGoA_predAK_2026","AK_GoA_fish_311","",2023-01-01,NA,NA,NA,NA,"15.PredFishAK_4","PredAK","15.PredFishAK_4","PredAK",NA
"4377","spinyDogfishGoA_predAK_2026","predAK_2026","spinyDogfishGoA_predAK_2026","AK_GoA_fish_311","",2024-01-01,NA,NA,NA,NA,"15.PredFishAK_4","PredAK","15.PredFishAK_4","PredAK",NA
"4378","spinyDogfishGoA_predAK_2026","predAK_2026","spinyDogfishGoA_predAK_2026","AK_GoA_fish_311","",2025-01-01,NA,NA,NA,NA,"15.PredFishAK_4","PredAK","15.PredFishAK_4","PredAK",NA
"4379","spinyDogfishGoA_predAK_2026","predAK_2026","spinyDogfishGoA_predAK_2026","AK_GoA_fish_311","",2026-01-01,NA,NA,NA,NA,"15.PredFishAK_4","PredAK","15.PredFishAK_4","PredAK",NA
"4380","Killer.whales.NR.BC_2yrLead_2026","orca_2026","Killer.whales.NR.BC_2yrLead_2026","__Marine mammal_316","",1998-01-01,208,208,208,-1.39662753804297,"10.PredMammalNCC","PredAK","10.PredMammalNCC","PredAK","10.PredMammalNCC"
"4381","Killer.whales.NR.BC_2yrLead_2026","orca_2026","Killer.whales.NR.BC_2yrLead_2026","__Marine mammal_316","",1999-01-01,200,200,200,-1.45438808161008,"10.PredMammalNCC","PredAK","10.PredMammalNCC","PredAK","10.PredMammalNCC"
"4382","Killer.whales.NR.BC_2yrLead_2026","orca_2026","Killer.whales.NR.BC_2yrLead_2026","__Marine mammal_316","",2000-01-01,202,202,202,-1.42360099815171,"10.PredMammalNCC","PredAK","10.PredMammalNCC","PredAK","10.PredMammalNCC"
"4383","Killer.whales.NR.BC_2yrLead_2026","orca_2026","Killer.whales.NR.BC_2yrLead_2026","__Marine mammal_316","",2001-01-01,205,205,205,-1.31727631480355,"10.PredMammalNCC","PredAK","10.PredMammalNCC","PredAK","10.PredMammalNCC"
"4384","Killer.whales.NR.BC_2yrLead_2026","orca_2026","Killer.whales.NR.BC_2yrLead_2026","__Marine mammal_316","",2002-01-01,221,221,221,-1.09478501410847,"10.PredMammalNCC","PredAK","10.PredMammalNCC","PredAK","10.PredMammalNCC"
"4385","Killer.whales.NR.BC_2yrLead_2026","orca_2026","Killer.whales.NR.BC_2yrLead_2026","__Marine mammal_316","",2003-01-01,232,232,232,-0.884012680123634,"10.PredMammalNCC","PredAK","10.PredMammalNCC","PredAK","10.PredMammalNCC"
"4386","Killer.whales.NR.BC_2yrLead_2026","orca_2026","Killer.whales.NR.BC_2yrLead_2026","__Marine mammal_316","",2004-01-01,239,239,239,-0.715071087131385,"10.PredMammalNCC","PredAK","10.PredMammalNCC","PredAK","10.PredMammalNCC"
"4387","Killer.whales.NR.BC_2yrLead_2026","orca_2026","Killer.whales.NR.BC_2yrLead_2026","__Marine mammal_316","",2005-01-01,244,244,244,-0.572308529218577,"10.PredMammalNCC","PredAK","10.PredMammalNCC","PredAK","10.PredMammalNCC"
"4388","Killer.whales.NR.BC_2yrLead_2026","orca_2026","Killer.whales.NR.BC_2yrLead_2026","__Marine mammal_316","",2006-01-01,252,252,252,-0.422455224957483,"10.PredMammalNCC","PredAK","10.PredMammalNCC","PredAK","10.PredMammalNCC"
"4389","Killer.whales.NR.BC_2yrLead_2026","orca_2026","Killer.whales.NR.BC_2yrLead_2026","__Marine mammal_316","",2007-01-01,258,258,258,-0.290846312463129,"10.PredMammalNCC","PredAK","10.PredMammalNCC","PredAK","10.PredMammalNCC"
"4390","Killer.whales.NR.BC_2yrLead_2026","orca_2026","Killer.whales.NR.BC_2yrLead_2026","__Marine mammal_316","",2008-01-01,263,263,263,-0.177264211023253,"10.PredMammalNCC","PredAK","10.PredMammalNCC","PredAK","10.PredMammalNCC"
"4391","Killer.whales.NR.BC_2yrLead_2026","orca_2026","Killer.whales.NR.BC_2yrLead_2026","__Marine mammal_316","",2009-01-01,266,266,266,-0.0776195956830584,"10.PredMammalNCC","PredAK","10.PredMammalNCC","PredAK","10.PredMammalNCC"
"4392","Killer.whales.NR.BC_2yrLead_2026","orca_2026","Killer.whales.NR.BC_2yrLead_2026","__Marine mammal_316","",2010-01-01,272,272,272,0.0420364830066047,"10.PredMammalNCC","PredAK","10.PredMammalNCC","PredAK","10.PredMammalNCC"
"4393","Killer.whales.NR.BC_2yrLead_2026","orca_2026","Killer.whales.NR.BC_2yrLead_2026","__Marine mammal_316","",2011-01-01,275,275,275,0.169968771953307,"10.PredMammalNCC","PredAK","10.PredMammalNCC","PredAK","10.PredMammalNCC"
"4394","Killer.whales.NR.BC_2yrLead_2026","orca_2026","Killer.whales.NR.BC_2yrLead_2026","__Marine mammal_316","",2012-01-01,289,289,289,0.368413894212703,"10.PredMammalNCC","PredAK","10.PredMammalNCC","PredAK","10.PredMammalNCC"
"4395","Killer.whales.NR.BC_2yrLead_2026","orca_2026","Killer.whales.NR.BC_2yrLead_2026","__Marine mammal_316","",2013-01-01,297,297,297,0.529237197885976,"10.PredMammalNCC","PredAK","10.PredMammalNCC","PredAK","10.PredMammalNCC"
"4396","Killer.whales.NR.BC_2yrLead_2026","orca_2026","Killer.whales.NR.BC_2yrLead_2026","__Marine mammal_316","",2014-01-01,301,301,301,0.638073544270273,"10.PredMammalNCC","PredAK","10.PredMammalNCC","PredAK","10.PredMammalNCC"
"4397","Killer.whales.NR.BC_2yrLead_2026","orca_2026","Killer.whales.NR.BC_2yrLead_2026","__Marine mammal_316","",2015-01-01,303,303,303,0.71616505856183,"10.PredMammalNCC","PredAK","10.PredMammalNCC","PredAK","10.PredMammalNCC"
"4398","Killer.whales.NR.BC_2yrLead_2026","orca_2026","Killer.whales.NR.BC_2yrLead_2026","__Marine mammal_316","",2016-01-01,303,303,303,0.797806144458175,"10.PredMammalNCC","PredAK","10.PredMammalNCC","PredAK","10.PredMammalNCC"
"4399","Killer.whales.NR.BC_2yrLead_2026","orca_2026","Killer.whales.NR.BC_2yrLead_2026","__Marine mammal_316","",2017-01-01,313,313,313,0.964637887855652,"10.PredMammalNCC","PredAK","10.PredMammalNCC","PredAK","10.PredMammalNCC"
"4400","Killer.whales.NR.BC_2yrLead_2026","orca_2026","Killer.whales.NR.BC_2yrLead_2026","__Marine mammal_316","",2018-01-01,323,323,323,1.16450647918158,"10.PredMammalNCC","PredAK","10.PredMammalNCC","PredAK","10.PredMammalNCC"
"4401","Killer.whales.NR.BC_2yrLead_2026","orca_2026","Killer.whales.NR.BC_2yrLead_2026","__Marine mammal_316","",2019-01-01,337,337,337,1.37829495679175,"10.PredMammalNCC","PredAK","10.PredMammalNCC","PredAK","10.PredMammalNCC"
"4402","Killer.whales.NR.BC_2yrLead_2026","orca_2026","Killer.whales.NR.BC_2yrLead_2026","__Marine mammal_316","",2020-01-01,343,343,343,1.5132120241381,"10.PredMammalNCC","PredAK","10.PredMammalNCC","PredAK","10.PredMammalNCC"
"4403","Killer.whales.NR.BC_2yrLead_2026","orca_2026","Killer.whales.NR.BC_2yrLead_2026","__Marine mammal_316","",2021-01-01,345,345,345,1.5727834167849,"10.PredMammalNCC","PredAK","10.PredMammalNCC","PredAK","10.PredMammalNCC"
"4404","Killer.whales.NR.BC_2yrLead_2026","orca_2026","Killer.whales.NR.BC_2yrLead_2026","__Marine mammal_316","",2022-01-01,NA,NA,NA,NA,"10.PredMammalNCC","PredAK","10.PredMammalNCC","PredAK","10.PredMammalNCC"
"4405","Killer.whales.NR.BC_2yrLead_2026","orca_2026","Killer.whales.NR.BC_2yrLead_2026","__Marine mammal_316","",2023-01-01,NA,NA,NA,NA,"10.PredMammalNCC","PredAK","10.PredMammalNCC","PredAK","10.PredMammalNCC"
"4406","Killer.whales.NR.BC_2yrLead_2026","orca_2026","Killer.whales.NR.BC_2yrLead_2026","__Marine mammal_316","",2024-01-01,NA,NA,NA,NA,"10.PredMammalNCC","PredAK","10.PredMammalNCC","PredAK","10.PredMammalNCC"
"4407","Killer.whales.NR.BC_2yrLead_2026","orca_2026","Killer.whales.NR.BC_2yrLead_2026","__Marine mammal_316","",2025-01-01,NA,NA,NA,NA,"10.PredMammalNCC","PredAK","10.PredMammalNCC","PredAK","10.PredMammalNCC"
"4408","Killer.whales.NR.BC_2yrLead_2026","orca_2026","Killer.whales.NR.BC_2yrLead_2026","__Marine mammal_316","",2026-01-01,NA,NA,NA,NA,"10.PredMammalNCC","PredAK","10.PredMammalNCC","PredAK","10.PredMammalNCC"
