"year","week","month","date","Shad_bonn_pass","season","oncorhynchus_bonn_pass","Adult_chin_bonn_pass","Achin_bonn_pass","Jchin_bonn_pass","Spring_Achin_bonn_pass","Spring_Jchin_bonn_pass","Summer_Achin_bonn_pass","Summer_Jchin_bonn_pass","Fall_Achin_bonn_pass","Fall_Jchin_bonn_pass","Adult_stlhd_bonn_pass","Ch1_bonn_pass","Ch0_bonn_pass","Juve_stlhd_bonn_pass","eulachon_ssb_4week_est","csl_nonpup_total_emb","csl_nobs_emb","ssl_nonpup_total_sj","ssl_nobs_sj","csl_bonn","ssl_bonn","total_bonn","Adult_stlhd_bonn_pass_bmass","Ch1_bonn_pass_bmass","Ch0_bonn_pass_bmass","Juve_stlhd_bonn_pass_bmass","Shad_bonn_pass_bmass","Adult_chin_bonn_pass_bmass","Adult_stlhd_bonn_pass_bmass_Est","Ch1_bonn_pass_bmass_Est","Ch0_bonn_pass_bmass_Est","Juve_stlhd_bonn_pass_bmass_Est","Shad_bonn_pass_bmass_Est","Adult_chin_bonn_pass_bmass_Est","Est_fish_bmass","ch0_fish_bmass_ratio_Est","ch1_fish_bmass_ratio_Est","juve_stlhd_fish_bmass_ratio_Est","Adult_chin_fish_bmass_ratio_Est","Adult_stlhd_fish_bmass_ratio_Est","Bonn_fish_bmass","ch0_fish_bmass_ratio_Bonn","ch1_fish_bmass_ratio_Bonn","juve_stlhd_fish_bmass_ratio_Bonn","Adult_chin_fish_bmass_ratio_Bonn","Adult_stlhd_fish_bmass_ratio_Bonn","ch0_sesl_Est","ch1_sesl_Est","juve_stlhd_sesl_Est","Adult_stlhd_sesl_Est","Adult_chin_sesl_Est","ch0_sesl_Bonn","ch1_sesl_Bonn","juve_stlhd_sesl_Bonn","Adult_stlhd_sesl_Bonn","Adult_chin_sesl_Bonn"
2011,1,1,"2011-01-06",0,"spring",45,1,0,1,0,1,0,0,0,0,44,0,0,0,53033.1874933382,1,4,NA,NA,0,15,15,125.803448346517,0,0,0,0,1.96033005631632,643.313088135597,0,0,0,0,0,53676.5005814738,0,0,0,0,0.0119850042600883,127.763778402833,0,0,0,0.015343394511514,0.984656605488486,0,0,0,0.0119850042600883,0,0,0,0,14.7698490823273,0.23015091767271
2011,2,1,"2011-01-13",0,"spring",99,-1,0,-1,0,-1,0,0,0,0,100,0,0,0,50836.3045866678,9,4,NA,NA,0,13,13,285.916928060265,0,0,0,0,-1.96033005631632,1035.01927957816,0,0,0,0,3.63481632195147,51874.9586825679,0,0,0,7.00688041834127e-05,0.0199521947749709,283.956598003949,0,0,0,-0.00690362566003504,1.00690362566003,0,0,0,0.179569752974738,0.000630619237650714,0,0,0,13.0897471335805,-0.0897471335804555
2011,3,1,"2011-01-20",0,"spring",225,0,0,0,0,0,0,0,0,0,225,0,0,0,81490.5361620949,8,6,NA,NA,0,10,10,643.313088135597,0,0,0,0,0,323.0861287081,0,0,0,0,5.59514637826779,81819.2174371812,0,0,0,6.83842568228376e-05,0.00394878048004013,643.313088135597,0,0,0,0,1,0,0,0,0.031590243840321,0.0005470740545827,0,0,0,10,0
2011,4,1,"2011-01-27",0,"spring",362,0,1,-1,1,-1,0,0,0,0,362,0,0,0,134007.969000117,9,4,NA,NA,0,13,13,1035.01927957816,0,0,0,0,3.63481632195147,220.156034606404,0,0,0,0,16.7854391348034,134244.910473859,0,0,0,0.000125035944197467,0.0016399581468623,1038.65409590011,0,0,0,0.00349954458977172,0.996500455410228,0,0,0,0.0147596233217607,0.0011253234977772,0,0,0,12.954505920333,0.0454940796670323
2011,5,2,"2011-02-03",0,"spring",114,1,1,0,1,0,0,0,0,0,113,0,0,0,363953.585254365,13,4,NA,NA,0,12,12,323.0861287081,0,0,0,0,5.59514637826779,223.015203887007,0,0,0,0,22.3805855130712,364198.981043765,0,0,0,6.14515324807615e-05,0.000612344392748886,328.681275086368,0,0,0,0.0170230153111021,0.982976984688898,0,0,0,0.00796047710573551,0.0007988699222499,0,0,0,11.7957238162668,0.204276183733225
2011,6,2,"2011-02-10",0,"spring",80,3,3,0,3,0,0,0,0,0,77,0,0,0,576121.707075529,9,2,NA,NA,0,11,11,220.156034606404,0,0,0,0,16.7854391348034,125.803448346517,0,0,0,0,16.7854391348034,576264.29596301,0,0,0,2.91280220766633e-05,0.000218308594212458,236.941473741208,0,0,0,0.0708421318976717,0.929157868102328,0,0,0,0.00196477734791212,0.000262152198689969,0,0,0,10.2207365491256,0.779263450874389
2011,7,2,"2011-02-17",0,"spring",82,4,4,0,4,0,0,0,0,0,78,0,0,0,724174.359077123,9,5,NA,NA,0,13,13,223.015203887007,0,0,0,0,22.3805855130712,177.268495397365,0.788884515808824,2.10705281441174,0,0,27.975731891339,724382.499241742,2.90875720578193e-06,1.0890441398496e-06,0,3.86201101222392e-05,0.000244716700890652,245.395789400078,0,0,0,0.0912019948173733,0.908798005182627,2.61788148520374e-05,9.80139725864637e-06,0,0.00220245030801587,0.000347580991100153,0,0,0,11.8143740673741,1.18562593262585
2011,8,2,"2011-02-24",0,"spring",47,3,3,0,3,0,0,0,0,0,44,0,0,0,325830.228767476,23,5,NA,NA,2,15,17,125.803448346517,0,0,0,0,16.7854391348034,614.721395329571,1.55056611727941,12.5419810381651,0.520893274049774,0,134.283513078427,326593.847116314,3.84023800475898e-05,4.74768931187852e-06,1.59492678337036e-06,0.000411163634171598,0.00188221976855137,142.58888748132,0,0,0,0.117719125461319,0.882280874538681,0.000883254741094566,0.000109196854173206,3.66833160175183e-05,0.0432910546766816,0.00945676358594676,0,0,0,14.9987748671576,2.00122513284242
2011,9,3,"2011-03-03",0,"spring",67,5,5,0,5,0,0,0,0,0,62,29,483,0,292045.163109937,21,5,NA,NA,1,8,10,177.268495397365,0.788884515808824,2.10705281441174,0,0,27.975731891339,794.849060007538,17.8179088915441,62.4045352177225,3.42301294375566,0,143.799319569327,293067.456946567,0.000212935737962541,6.07979783125246e-05,1.16799489763196e-05,0.000490669694504993,0.00271217100762046,208.140164618924,0.010123239876693,0.00379015994944158,0,0.134408137624752,0.851678462549113,0.00447165049721336,0.00127675754456302,0.000245278928502712,0.0569555911600297,0.0103040635846049,0.0911091588902371,0.0341114395449742,0,7.66510616294202,1.20967323862277
2011,10,3,"2011-03-10",0,"spring",239,24,24,0,24,0,0,0,0,0,215,57,2875,7,220915.092293085,41,5,NA,NA,1,11,13,614.721395329571,1.55056611727941,12.5419810381651,0.520893274049774,0,134.283513078427,723.369827992472,346.945969469853,37.1940627239638,4.01831954266968,0,330.1136363178,222356.734109132,0.000167272031912958,0.00156031240007138,1.80714992004583e-05,0.00148461272216645,0.00325319505564174,763.618348837492,0.0164244102531829,0.00203055115116071,0.000682138236781194,0.175851606084186,0.805011294274689,0.00685815330843128,0.0639728084029266,0.000740931467218789,0.133380997281311,0.0608691216088245,0.197092923038195,0.0243666138139286,0.00818565884137433,9.66013553129627,2.11021927301023
2011,11,3,"2011-03-17",0,"spring",305,27,25,2,25,2,0,0,0,0,278,655,14305,46,116373.7041005,43,5,NA,NA,2,12,15,794.849060007538,17.8179088915441,62.4045352177225,3.42301294375566,0,143.799319569327,1609.71230497929,270.124939378676,46.0890537976398,14.2129450490724,0,475.587442152762,118789.430785857,0.000387989516346156,0.0022739812590367,0.00011964822926624,0.00400361748521305,0.0135509724588304,1022.29383662989,0.0610436383177721,0.017429341988682,0.00334836504056409,0.140663392868902,0.777515261784079,0.0166835492028847,0.0977811941385782,0.00514487385844833,0.582691815729709,0.172155551864161,0.85461093644881,0.244010787841548,0.0468771105678973,10.8852136649771,1.96928750016463
2011,12,3,"2011-03-24",0,"spring",312,59,59,0,59,0,0,0,0,0,253,12754,8526,54,75246.920322865,62,4,NA,NA,4,13,17,723.369827992472,346.945969469853,37.1940627239638,4.01831954266968,0,330.1136363178,1383.83793181168,194.500837518382,58.6223099794306,128.809465340023,0,1740.09052364128,78752.7813911558,0.00074438399436663,0.0024697646747525,0.00163561798154456,0.0220956072014582,0.0175719245386182,1441.64181604676,0.0257997945883372,0.24066031215801,0.00278732171746283,0.22898450408648,0.50176806744971,0.0461518076507311,0.153125409834655,0.101408314855763,1.08945932139433,1.36992764649041,0.438596508001733,4.09122530668617,0.0473844691968681,8.53005714664507,3.89273656947016
2011,13,3,"2011-03-31",0,"spring",648,85,85,0,85,0,0,0,0,0,563,9930,10565,191,38729.6762714898,47,4,NA,NA,8,13,22,1609.71230497929,270.124939378676,46.0890537976398,14.2129450490724,0,475.587442152762,677.623119502829,516.039284996324,6781.02817301582,702.61061336828,0,3168.81318015589,50575.7906425289,0.134076562854831,0.0102032865614243,0.0138922319244469,0.0626547433050161,0.0133981715539019,2415.72668535745,0.019078753435561,0.111819329982981,0.0058835070768651,0.196871378304285,0.666347031200308,6.30159845417707,0.479554468386942,0.652934900449002,0.62971406303339,2.94477293533576,0.400653822146782,2.3482059296426,0.123553648614167,13.9932876552065,4.13429894438999
2011,14,4,"2011-04-07",0,"spring",795,311,311,0,311,0,0,0,0,0,484,7150,13438,1731,19458.7986767911,97,5,NA,NA,8,12,21,1383.83793181168,194.500837518382,58.6223099794306,128.809465340023,0,1740.09052364128,666.186442380418,4948.26452395368,916.550524556359,841.68911753957,0,10036.8756477188,36868.3649329399,0.0248600806198886,0.134214374110544,0.0228295754116171,0.272235442661343,0.0180693242999018,3505.8610682908,0.0167212302020885,0.0554787636274493,0.0367411779391533,0.496337558661337,0.394721269569972,2.41142782012919,13.0187942887228,2.21446881492686,1.75272445709047,26.4068379381502,0.334424604041771,1.10957527254899,0.734823558783067,7.89442539139944,9.92675117322673
2011,15,4,"2011-04-14",0,"spring",804,567,566,1,566,1,0,0,0,0,237,18970,1554416,9442,23083.7217511928,48,4,NA,NA,9,15,25,677.623119502829,516.039284996324,6781.02817301582,702.61061336828,0,3168.81318015589,883.48330770622,2894.44449141691,120.939596633409,834.991918301787,0,130568.7398396,158386.320904851,0.000763573495125645,0.0182745863082186,0.00527186889329539,0.82436879077479,0.00557802784141291,11846.1143710391,0.572426363668561,0.0435619029863424,0.0593114831886135,0.26749810789459,0.0572021422618924,0.036651527766031,0.877180142794492,0.253049706878179,0.26774533638782,39.5697019571899,13.7382327280455,1.04548567167222,1.42347559652672,1.37285141428542,6.41995458947017
2011,16,4,"2011-04-21",0,"spring",2034,1801,1790,11,1790,11,0,0,0,0,233,181902,210101,11311,29930.5569764464,123,5,NA,NA,15,15,30,666.186442380418,4948.26452395368,916.550524556359,841.68911753957,0,10036.8756477188,897.779154109234,4591.57991115074,2381.82471620996,3030.70589507131,0,380510.625484208,421343.072137196,0.0056529343276692,0.010897485243701,0.00719296482008957,0.903089787507668,0.00213075570355385,17409.5662561488,0.0526463733255068,0.284226755058071,0.048346357695287,0.576514974586108,0.0382655393350268,0.695310922303312,1.34039068497522,0.884734672871017,0.262082951537124,111.080043863443,1.57939119976521,8.52680265174213,1.45039073085861,1.1479661800508,17.2954492375833
2011,17,4,"2011-04-28",0,"spring",23864,23555,23218,337,23218,337,0,0,0,0,309,106402,27723,11221,17223.6687111023,83,5,NA,NA,14,24,38,883.48330770622,2894.44449141691,120.939596633409,834.991918301787,0,130568.7398396,903.497492670439,10769.4705690213,1027.77063118871,3976.87132072029,17.68,309804.932387102,343723.891111805,0.00299010530767675,0.03133174867242,0.0115699589803221,0.901319170410328,0.00262855598936692,135302.599153658,0.000893845331796342,0.0213923790786147,0.00617129252153919,0.965012798396561,0.00652968467148867,0.24817874053717,2.60053513981086,0.960306595366737,0.218170147117455,74.8094911440572,0.033966122608261,0.812910404987358,0.234509115818489,0.24812801751657,36.6704863390693
2011,18,5,"2011-05-05",0,"spring",70595,70281,66781,3500,66781,3500,0,0,0,0,314,168790,545986,40728,0,122,7,NA,NA,20,19,40,897.779154109234,4591.57991115074,2381.82471620996,3030.70589507131,0,380510.625484208,920.652508354055,9193.68735015037,58.8666059579131,3640.89515895819,393.04,116290.583076624,130497.724700045,0.000451092968043855,0.0704509398250621,0.0279000662067248,0.891131116223855,0.00705493149761973,391412.51516075,0.00608520326753416,0.0117307948348688,0.00774299690909635,0.972147314522981,0.00229369046551954,0.0550333421013503,8.59501465865757,3.40380807722042,0.860701642709608,108.71799617931,0.237322927433832,0.457500998559884,0.301976879454758,0.089453928155262,37.9137452663963
2011,19,5,"2011-05-12",13,"spring",67600,67284,48945,18339,48945,18339,0,0,0,0,316,395894,235596,53443,0,166,5,NA,NA,15,10,25,903.497492670439,10769.4705690213,1027.77063118871,3976.87132072029,17.68,309804.932387102,1123.65352727684,1445.31804170478,75.465645210163,2890.58560435192,1033.6,41523.3997539781,48092.0225725218,0.0015691925848276,0.0300531764810945,0.0601053033274485,0.863415542387756,0.0233646552415714,326500.222400703,0.00314784052406361,0.0329845734555253,0.012180302026991,0.948865915340446,0.00276721861328966,0.260485969081382,4.98882729586169,9.97748035235645,3.87853277010086,143.326980036367,0.0786960131015903,0.824614336388133,0.304507550674775,0.0691804653322416,23.7216478835111
2011,20,5,"2011-05-19",289,"spring",31210,30888,15335,15553,15335,15553,0,0,0,0,322,337967,13494,48928,0,182,4,NA,NA,3,0,4,920.652508354055,9193.68735015037,58.8666059579131,3640.89515895819,393.04,116290.583076624,1458.17633310735,420.611461497794,92.4311284301366,1191.58057105129,3402.72,94032.2459656565,100597.765459743,0.000918818902266029,0.00418112131592141,0.0118450003894782,0.934734937062653,0.0144951165311011,130497.724700045,0.000451092968043855,0.0704509398250621,0.0279000662067248,0.891131116223855,0.00705493149761973,0.167225040212417,0.760964079497696,2.15579007088502,2.6381112086604,170.121758545403,0.00135327890413157,0.211352819475186,0.0837001986201743,0.0211647944928592,2.67339334867157
2011,21,5,"2011-05-26",760,"spring",12786,12393,4740,7653,4740,7653,0,0,0,0,393,53131,17299,38845,0,129,3,NA,NA,2,0,3,1123.65352727684,1445.31804170478,75.465645210163,2890.58560435192,1033.6,41523.3997539781,2476.0405970019,170.752693301103,283.330985901478,446.033469236335,72557.36,143615.047474656,219548.565220096,0.00129051622640959,0.000777744519213433,0.00203159364211371,0.6541379458831,0.0112778719119375,48092.0225725218,0.0015691925848276,0.0300531764810945,0.0601053033274485,0.863415542387756,0.0233646552415714,0.166476593206837,0.100329042978533,0.262075579832668,1.45484547663993,84.3837950189198,0.00313838516965521,0.060106352962189,0.120210606654897,0.0467293104831429,1.72683108477551
2011,22,6,"2011-06-02",2502,"summer",20380,19870,11155,8715,0,0,11155,8715,0,0,510,15462,21188,16013,0,111,6,NA,NA,2,0,2,1458.17633310735,420.611461497794,92.4311284301366,1191.58057105129,3402.72,94032.2459656565,3350.94639686631,100.650783051471,599.794613884647,464.339147152941,270018.48,141234.1469793,415768.357920256,0.00144261727103265,0.000242083797706355,0.00111682175496867,0.33969431364565,0.00805964747685061,100597.765459743,0.000918818902266029,0.00418112131592141,0.0118450003894782,0.934734937062653,0.0144951165311011,0.160130517084625,0.0268713015454054,0.123967214801522,0.894620869930418,37.7060688146672,0.00183763780453206,0.00836224263184281,0.0236900007789563,0.0289902330622022,1.86946987412531
2011,23,6,"2011-06-09",53351,"summer",27424,26558,18875,7683,0,0,18875,7683,0,0,866,6277,64948,5994,0,71,4,NA,NA,NA,NA,NA,2476.0405970019,170.752693301103,283.330985901478,446.033469236335,72557.36,143615.047474656,4528.9241404746,26.5772473084559,279.378625963886,87.0635900911765,466868.96,120019.959868938,591810.863472776,0.000472074176409128,4.4908346481677e-05,0.000147113876180445,0.202801211124539,0.00765265462330084,219548.565220096,0.00129051622640959,0.000777744519213433,0.00203159364211371,0.6541379458831,0.0112778719119375,0.0335172665250481,0.00318849260019907,0.0104450852088116,0.54333847825436,14.3988859898422,NA,NA,NA,NA,NA
2011,24,6,"2011-06-16",198543,"summer",27160,25988,18625,7363,0,0,18625,7363,0,0,1172,3700,137491,6240,0,30,5,NA,NA,NA,NA,NA,3350.94639686631,100.650783051471,599.794613884647,464.339147152941,270018.48,141234.1469793,10355.9111343428,27.5565522246324,1391.87633740416,84.3102970711991,257151.52,133178.177306347,402189.35162739,0.00346074885317618,6.85163645261356e-05,0.00020962836716102,0.331133026688709,0.0257488446485204,415768.357920256,0.00144261727103265,0.000242083797706355,0.00111682175496867,0.33969431364565,0.00805964747685061,0.103822465595286,0.00205549093578407,0.00628885101483061,0.772465339455613,9.93399080066126,NA,NA,NA,NA,NA
2011,25,6,"2011-06-23",343286,"summer",24896,23312,15232,8080,0,0,15232,8080,0,0,1584,977,64042,1170,0,11,2,NA,NA,NA,NA,NA,4528.9241404746,26.5772473084559,279.378625963886,87.0635900911765,466868.96,120019.959868938,19916.9732086781,25.2171015915441,1813.68388125154,0,154668.72,98525.1035003089,274949.69769183,0.00659642071432412,9.17153275789669e-05,0,0.358338650041864,0.0724386074102961,591810.863472776,0.000472074176409128,4.4908346481677e-05,0.000147113876180445,0.202801211124539,0.00765265462330084,0.0725606278575654,0.00100886860336864,0,0.796824681513258,3.9417251504605,NA,NA,NA,NA,NA
2011,26,6,"2011-06-30",189082,"summer",29401,25779,16945,8834,0,0,16945,8834,0,0,3622,1013,319060,1133,0,NA,NA,NA,NA,NA,NA,NA,10355.9111343428,27.5565522246324,1391.87633740416,84.3102970711991,257151.52,133178.177306347,30981.9583246104,0,1626.34376518095,0,41898.88,62012.3330065553,136519.515096347,0.0119129031774921,0,0,0.454237864548457,0.226941608331566,402189.35162739,0.00346074885317618,6.85163645261356e-05,0.00020962836716102,0.331133026688709,0.0257488446485204,NA,NA,NA,NA,NA,NA,NA,NA,NA,NA
2011,27,7,"2011-07-07",113727,"summer",25901,18935,12602,6333,0,0,12602,6333,0,0,6966,927,415751,0,0,2,3,NA,NA,NA,NA,NA,19916.9732086781,25.2171015915441,1813.68388125154,0,154668.72,98525.1035003089,62086.8609282866,7.15436647095588,1826.14733858234,0,13421.84,45083.6763513528,122425.678984693,0.0149163750099411,5.84384463315937e-05,0,0.368253431185705,0.507139200233062,274949.69769183,0.00659642071432412,9.17153275789669e-05,0,0.358338650041864,0.0724386074102961,0.0298327500198822,0.000116876892663187,0,1.01427840046612,0.73650686237141,NA,NA,NA,NA,NA
2011,28,7,"2011-07-14",30808,"summer",22708,11872,7954,3918,0,0,7954,3918,0,0,10836,0,372807,0,0,0,2,NA,NA,NA,NA,NA,30981.9583246104,0,1626.34376518095,0,41898.88,62012.3330065553,110549.780234502,0.707275772794118,1718.58294677085,0,3546.88,38539.7291464619,154355.679603507,0.0111339145484336,4.58211693026712e-06,0,0.249681315552876,0.716201571062823,136519.515096347,0.0119129031774921,0,0,0.454237864548457,0.226941608331566,0,0,0,0,0,NA,NA,NA,NA,NA
2011,29,7,"2011-07-21",9869,"summer",30300,8585,5805,2780,0,0,5805,2780,0,0,21715,263,418608,0,0,1,2,NA,NA,NA,NA,NA,62086.8609282866,7.15436647095588,1826.14733858234,0,13421.84,45083.6763513528,153025.599067135,0,902.800150910342,0,2518.72,29536.3721947588,185983.491412804,0.00485419509039387,0,0,0.158811795446945,0.822791302091879,122425.678984693,0.0149163750099411,5.84384463315937e-05,0,0.368253431185705,0.507139200233062,0.00485419509039387,0,0,0.822791302091879,0.158811795446945,NA,NA,NA,NA,NA
2011,30,7,"2011-07-28",2608,"summer",46182,7517,4876,2641,0,0,4876,2641,0,0,38665,26,393951,0,0,4,5,NA,NA,NA,NA,NA,110549.780234502,0.707275772794118,1718.58294677085,0,3546.88,38539.7291464619,119518.994267752,0,354.237893656029,0,1011.84,27772.5005599589,148657.572721367,0.00238291186362895,0,0,0.186821969789683,0.803988603337213,154355.679603507,0.0111339145484336,4.58211693026712e-06,0,0.249681315552876,0.716201571062823,0.00953164745451581,0,0,3.21595441334885,0.747287879158733,NA,NA,NA,NA,NA
2011,31,8,"2011-08-04",1852,"summer",58956,5435,3895,1540,0,0,3895,1540,0,0,53521,0,206949,0,0,23,6,NA,NA,NA,NA,NA,153025.599067135,0,902.800150910342,0,2518.72,29536.3721947588,131281.616688151,0.435246629411765,61.8068825560777,0,579.36,65112.6817559168,197035.900573254,0.000313683356059772,2.2089711983728e-06,0,0.330461005159358,0.666282724651713,185983.491412804,0.00485419509039387,0,0,0.158811795446945,0.822791302091879,0.00721471718937475,5.08063375625744e-05,0,15.3245026669894,7.60060311866524,NA,NA,NA,NA,NA
2011,32,8,"2011-08-11",744,"fall",46857,5055,3896,1159,0,0,0,0,3896,1159,41802,0,81202,0,0,104,4,NA,NA,NA,NA,NA,119518.994267752,0,354.237893656029,0,1011.84,27772.5005599589,99447.6259179215,0.326434972058824,72.2112737825208,0,239.36,125013.907857208,224773.431483884,0.000321262496665217,1.45228450668658e-06,0,0.556177422891599,0.442434967786892,148657.572721367,0.00238291186362895,0,0,0.186821969789683,0.803988603337213,0.0334112996531826,0.000151037588695405,0,46.0132366498368,57.8424519807263,NA,NA,NA,NA,NA
2011,33,8,"2011-08-18",426,"fall",57220,11304,9369,1935,0,0,0,0,9369,1935,45916,16,14168,0,0,179,5,NA,NA,NA,NA,NA,131281.616688151,0.435246629411765,61.8068825560777,0,579.36,65112.6817559168,60474.2894540267,0,41.9272973070626,0,46.24,251277.783529313,311840.240280647,0.000134451208956642,0,0,0.805790116449277,0.19392715128619,197035.900573254,0.000313683356059772,2.2089711983728e-06,0,0.330461005159358,0.666282724651713,0.0240667664032389,0,0,34.712960080228,144.236430844421,NA,NA,NA,NA,NA
2011,34,8,"2011-08-25",176,"fall",55954,21172,18216,2956,0,0,0,0,18216,2956,34782,12,16553,0,0,247,5,NA,NA,NA,NA,NA,99447.6259179215,0.326434972058824,72.2112737825208,0,239.36,125013.907857208,78424.1541976502,0.353637886397059,36.5222487831368,0,0,792501.640862894,870962.670947214,4.19331964519411e-05,4.06031048394371e-07,0,0.909914589107488,0.090043071665012,224773.431483884,0.000321262496665217,1.45228450668658e-06,0,0.556177422891599,0.442434967786892,0.0103574995236295,0.00010028966895341,0,22.240638701258,224.748903509549,NA,NA,NA,NA,NA
2011,35,9,"2011-09-01",34,"fall",63714,42563,36611,5952,0,0,0,0,36611,5952,21151,0,9611,0,0,211,5,NA,NA,NA,NA,NA,60474.2894540267,0,41.9272973070626,0,46.24,251277.783529313,59144.7757385465,0,10.4305657955662,0.818546573506787,0,650055.62816997,709211.653020886,1.47072679236688e-05,0,1.15416402144577e-06,0.916589039958748,0.0833950986093072,311840.240280647,0.000134451208956642,0,0,0.805790116449277,0.19392715128619,0.00310323353189412,0,0.000243528608525057,17.5963658065638,193.400287431296,NA,NA,NA,NA,NA
2011,36,9,"2011-09-08",0,"fall",158166,130737,116969,13768,0,0,0,0,116969,13768,27429,13,8372,0,0,194,3,NA,NA,NA,NA,NA,78424.1541976502,0.353637886397059,36.5222487831368,0,0,792501.640862894,43759.5858396236,0,24.4993966992471,0,0,409676.887829952,453460.973066275,5.40275749279672e-05,0,0,0.903444644992804,0.0965013274322685,870962.670947214,4.19331964519411e-05,4.06031048394371e-07,0,0.909914589107488,0.090043071665012,0.0104813495360256,0,0,18.7212575218601,175.268261128604,NA,NA,NA,NA,NA
2011,37,9,"2011-09-15",0,"fall",133211,112525,93677,18848,0,0,0,0,93677,18848,20686,0,2391,11,0,215,2,NA,NA,NA,NA,NA,59144.7757385465,0,10.4305657955662,0.818546573506787,0,650055.62816997,22890.5092605049,0.408043715073529,14.9587662538672,0,0,213042.966506365,235948.842576839,6.33983455502467e-05,1.72937366683901e-06,0,0.902920159216232,0.0970147130645505,709211.653020886,1.47072679236688e-05,0,1.15416402144577e-06,0.916589039958748,0.0833950986093072,0.013630644293303,0.000371815338370388,0,20.8581633088784,194.12783423149,NA,NA,NA,NA,NA
2011,38,9,"2011-09-22",0,"fall",90039,74734,57399,17335,0,0,0,0,57399,17335,15305,0,5616,0,0,200,4,NA,NA,NA,NA,NA,43759.5858396236,0,24.4993966992471,0,0,409676.887829952,10484.5737519699,0.299232057720588,9.90707441310365,0,0,116973.807776194,127468.587834635,7.77216927040574e-05,2.34749645229287e-06,0,0.917667715342892,0.0822522154679517,453460.973066275,5.40275749279672e-05,0,0,0.903444644992804,0.0965013274322685,0.0155443385408115,0.000469499290458574,0,16.4504430935903,183.533543068578,NA,NA,NA,NA,NA
2011,39,9,"2011-09-29",0,"fall",47343,39337,29646,9691,0,0,0,0,29646,9691,8006,15,3429,0,0,129,5,NA,NA,NA,NA,NA,22890.5092605049,0.408043715073529,14.9587662538672,0,0,213042.966506365,6158.65063041812,0,7.03659666593403,0.44647994918552,0,66879.1133905444,73045.2470975777,9.63320263197163e-05,0,6.11237509524869e-06,0.915584737514869,0.0843128180837156,235948.842576839,6.33983455502467e-05,1.72937366683901e-06,0,0.902920159216232,0.0970147130645505,0.0124268313952434,0,0.000788496387287081,10.8763535327993,118.110431139418,NA,NA,NA,NA,NA
2011,40,10,"2011-10-06",0,"fall",25192,21525,16309,5216,0,0,0,0,16309,5216,3667,11,2271,0,0,46,6,NA,NA,0,3,3,10484.5737519699,0.299232057720588,9.90707441310365,0,0,116973.807776194,2853.45094204145,0,4.6765230166654,0,0,31502.4188805177,34360.5463455759,0.000136101532543516,0,0,0.916819498842861,0.0830443996245959,127468.587834635,7.77216927040574e-05,2.34749645229287e-06,0,0.917667715342892,0.0822522154679517,0.00626067049700176,0,0,3.82004238273141,42.1736969467716,0.000233165078112172,7.04248935687862e-06,0,0.246756646403855,2.75300314602868
2011,41,10,"2011-10-13",0,"fall",14637,12483,9249,3234,0,0,0,0,9249,3234,2154,0,1613,6,0,31,5,NA,NA,0,2,2,6158.65063041812,0,7.03659666593403,0.44647994918552,0,66879.1133905444,1844.16418598871,0,10.5439889284331,0,0,14834.9044198228,16689.61259474,0.000631769543395884,0,0,0.888870507665248,0.110497722791357,73045.2470975777,9.63320263197163e-05,0,6.11237509524869e-06,0.915584737514869,0.0843128180837156,0.0195848558452724,0,0,3.42542940653205,27.5549857376227,0.000192664052639433,0,1.22247501904974e-05,0.168625636167431,1.83116947502974
2011,42,10,"2011-10-20",0,"fall",6891,5893,4351,1542,0,0,0,0,4351,1542,998,0,1072,0,0,42,4,NA,NA,0,3,3,2853.45094204145,0,4.6765230166654,0,0,31502.4188805177,1315.21786907722,0,7.1936440806728,0,0,6168.10096518286,7490.51247834076,0.000960367411638873,0,0,0.8234551351484,0.175584497439961,34360.5463455759,0.000136101532543516,0,0,0.916819498842861,0.0830443996245959,0.0403354312888327,0,0,7.37454889247838,34.5851156762328,0.000408304597630549,0,0,0.249133198873788,2.75045849652858
2011,43,10,"2011-10-27",0,"fall",3371,2726,2070,656,0,0,0,0,2070,656,645,0,2417,0,0,51,5,NA,NA,0,1,1,1844.16418598871,0,10.5439889284331,0,0,14834.9044198228,1075.0476495066,0,0,0,0,2912.91038539873,3987.95803490532,0,0,0,0.730426539071613,0.269573460928387,16689.61259474,0.000631769543395884,0,0,0.888870507665248,0.110497722791357,0,0,0,13.7482465073477,37.2517534926523,0.000631769543395884,0,0,0.110497722791357,0.888870507665248
2011,44,11,"2011-11-03",0,"fall",1581,1121,866,255,0,0,0,0,866,255,460,0,1649,0,0,92,2,NA,NA,0,2,2,1315.21786907722,0,7.1936440806728,0,0,6168.10096518286,626.158072451981,0,0,0,0,1132.1741233526,1758.33219580458,0,0,0,0.643890913249494,0.356109086750506,7490.51247834076,0.000960367411638873,0,0,0.8234551351484,0.175584497439961,0,0,0,32.7620359810466,59.2379640189534,0.00192073482327775,0,0,0.351168994879923,1.6469102702968
2011,45,11,"2011-11-10",0,"fall",903,527,410,117,0,0,0,0,410,117,376,0,0,0,658.011625345645,123,1,NA,NA,0,4,4,1075.0476495066,0,0,0,0,2912.91038539873,886.342476986823,0,0,0,0,301.051255701597,1845.40535803406,0,0,0,0.163135570399726,0.480296902319096,3987.95803490532,0,0,0,0.730426539071613,0.269573460928387,0,0,0,59.0765189852488,20.0656751591662,0,0,0,1.07829384371355,2.92170615628645
2011,46,11,"2011-11-17",0,"fall",420,201,161,40,0,0,0,0,161,40,219,0,0,0,1081.16746025244,86,6,NA,NA,0,4,4,626.158072451981,0,0,0,0,1132.1741233526,468.903762018835,0,0,0,0,289.265006687326,1839.33622895861,0,0,0,0.157265975699887,0.254930966202041,1758.33219580458,0,0,0,0.643890913249494,0.356109086750506,0,0,0,21.9240630933755,13.5248739101903,0,0,0,1.42443634700203,2.57556365299797
2011,47,11,"2011-11-24",0,"fall",370,60,40,20,0,0,0,0,40,20,310,0,0,0,762.826284729737,41,3,NA,NA,0,5,5,886.342476986823,0,0,0,0,301.051255701597,760.539028640306,0,0,0,0,172.773254078111,1696.13856744815,0,0,0,0.101862700013979,0.448394396092614,1187.39373268842,0,0,0,0.253539535719105,0.746460464280895,0,0,0,18.3841702397972,4.17637070057312,0,0,0,3.73230232140448,1.26769767859552
2011,48,12,"2011-12-01",0,"fall",218,54,40,14,0,0,0,0,40,14,164,0,0,0,111162.57169702,100,4,NA,NA,0,7,7,468.903762018835,0,0,0,0,289.265006687326,494.636285544259,0,0,0,0,23.5610315954757,111680.76901416,0,0,0,0.000210967669756002,0.00442901933708519,758.168768706161,0,0,0,0.381531155894176,0.618468844105824,0,0,0,0.442901933708519,0.0210967669756002,0,0,0,4.32928190874077,2.67071809125923
2011,49,12,"2011-12-08",0,"fall",298,32,24,8,0,0,0,0,24,8,266,0,0,0,56291.1636271544,88,1,NA,NA,0,4,4,760.539028640306,0,0,0,0,172.773254078111,466.044592738233,0,0,0,0,26.176375898736,56783.3845957913,0,0,0,0.000460986538316988,0.00820741130624283,933.312282718417,0,0,0,0.185118376000455,0.814881623999545,0,0,0,0.722252194949369,0.0405668153718949,0,0,0,3.25952649599818,0.740473504001819
2011,50,12,"2011-12-15",0,"fall",178,5,3,2,0,0,0,0,3,2,173,0,0,0,119855.503306767,21,5,NA,NA,0,6,6,494.636285544259,0,0,0,0,23.5610315954757,540.382994033902,0,0,0,0,6.544093974684,120402.430394775,0,0,0,5.43518428426008e-05,0.00448814024984459,518.197317139735,0,0,0,0.0454672975258232,0.954532702474177,0,0,0,0.0942509452467363,0.00114138869969462,0,0,0,5.72719621484506,0.272803785154939
2011,51,12,"2011-12-22",0,"fall",167,4,4,0,0,0,0,0,4,0,163,0,0,0,26601.3132461802,32,5,NA,NA,0,7,7,466.044592738233,0,0,0,0,26.176375898736,285.916928060265,0,0,0,0,0,26887.2301742405,0,0,0,0,0.0106339301671241,492.220968636969,0,0,0,0.053180131621012,0.946819868378988,0,0,0,0.340285765347972,0,0,0,0,6.62773907865292,0.372260921347084
2011,52,12,"2011-12-29",0,"fall",190,1,1,0,0,0,0,0,1,0,189,0,0,0,204369.770168677,13,4,NA,NA,NA,NA,NA,540.382994033902,0,0,0,0,6.544093974684,157.254310433146,0,0,0,0,0,204527.02447911,0,0,0,0,0.0007688681279828,546.927088008586,0,0,0,0.0119652036225005,0.9880347963775,0,0,0,0.0099952856637764,0,NA,NA,NA,NA,NA
2012,1,1,"2012-01-05",0,"spring",100,0,0,0,0,0,0,0,0,0,100,0,0,0,15002.423140504,11,5,NA,NA,0,11,11,285.916928060265,0,0,0,0,0,114.366771224106,0,0,0,0,0,15116.7899117281,0,0,0,0,0.00756554611739205,285.916928060265,0,0,0,0,1,0,0,0,0.0832210072913126,0,0,0,0,11,0
2012,2,1,"2012-01-12",0,"spring",55,0,0,0,0,0,0,0,0,0,55,0,0,0,34742.1784489992,12,4,NA,NA,1,13,14,157.254310433146,0,0,0,0,0,131.521786907722,0,0,0,0,7.55547643458411,34881.2557123415,0,0,0,0.00021660563188701,0.00377055768841452,157.254310433146,0,0,0,0,1,0,0,0,0.0452466922609742,0.00259926758264412,0,0,0,14,0
2012,3,1,"2012-01-19",0,"spring",40,0,0,0,0,0,0,0,0,0,40,0,0,0,31695.1799904987,1,3,NA,NA,0,11,11,114.366771224106,0,0,0,0,0,217.296865325802,0,0,0,0,0,31912.4768558245,0,0,0,0,0.00680915073773541,114.366771224106,0,0,0,0,1,0,0,0,0.00680915073773541,0,0,0,0,11,0
2012,4,1,"2012-01-26",0,"spring",48,2,1,1,1,1,0,0,0,0,46,0,0,0,114916.938746208,17,5,NA,NA,0,11,11,131.521786907722,0,0,0,0,7.55547643458411,168.690987555557,0,0,0,0,0,115085.629733763,0,0,0,0,0.00146578671851388,139.077263342306,0,0,0,0.0543257485300675,0.945674251469932,0,0,0,0.024918374214736,0,0,0,0,10.4024167661693,0.597583233830743
2012,5,2,"2012-02-02",0,"spring",76,0,0,0,0,0,0,0,0,0,76,0,0,0,64105.4979766049,14,4,NA,NA,0,14,14,217.296865325802,0,0,0,0,0,217.296865325802,0,0,0,0,0,64322.7948419307,0,0,0,0,0.00337822487128856,217.296865325802,0,0,0,0,1,0,0,0,0.0472951481980398,0,0,0,0,14,0
2012,6,2,"2012-02-09",0,"spring",59,0,0,0,0,0,0,0,0,0,59,0,0,0,163576.187526325,18,3,NA,NA,0,15,15,168.690987555557,0,0,0,0,0,1197.99192857251,0,0,0,0,-1.96033005631632,164772.219124842,0,0,0,-1.1897212204389e-05,0.00727059412645793,168.690987555557,0,0,0,0,1,0,0,0,0.130870694276243,-0.000214149819679001,0,0,0,15,0
2012,7,2,"2012-02-16",0,"spring",76,0,0,0,0,0,0,0,0,0,76,0,0,0,690078.216493102,14,3,NA,NA,0,14,14,217.296865325802,0,0,0,0,0,420.29788424859,0.46244954375,1.33926545346668,0.595306598914027,0,0,690500.911398947,1.93955638777267e-06,6.69730533466035e-07,8.62137310880507e-07,0,0.0006086854880424,217.296865325802,0,0,0,0,1,2.71537894288173e-05,9.37622746852449e-06,1.20699223523271e-05,0.0085215968325936,0,0,0,0,14,0
2012,8,2,"2012-02-23",0,"spring",418,-1,0,-1,0,-1,0,0,0,0,419,0,0,0,462157.707561153,15,2,NA,NA,0,16,17,1197.99192857251,0,0,0,0,-1.96033005631632,952.103370440684,0.516855372426471,13.1963452662433,0.595306598914027,0,35.5312083259231,463159.650647157,2.84920010795511e-05,1.11593350522716e-06,1.28531619298492e-06,7.67148180465992e-05,0.0020556699382391,1196.0315985162,0,0,0,-0.00163902865003593,1.00163902865004,0.000427380016193267,1.67390025784075e-05,1.92797428947737e-05,0.0308350490735865,0.00115072227069899,0,0,0,16.0262244584006,-0.0262244584005749
2012,9,3,"2012-03-01",0,"spring",147,0,0,0,0,0,0,0,0,0,147,17,307,8,561813.385341125,20,5,NA,NA,0,11,12,420.29788424859,0.46244954375,1.33926545346668,0.595306598914027,0,0,1732.65658404521,74.9984348305147,36.478624501265,2.0835730961991,0,85.8875257303332,563745.490083328,6.4707612110339e-05,0.000133035981927641,3.6959463673778e-06,0.000152351597025881,0.00307347307344153,422.694905844721,0.0031683974302701,0.00109405043059564,0.0014083600031194,0,0.994329192136015,0.00129415224220678,0.00266071963855282,7.39189273475561e-05,0.0614694614688306,0.00304703194051763,0.0348523717329711,0.012034554736552,0.0154919600343134,10.9376211134962,0
2012,10,3,"2012-03-08",0,"spring",340,7,6,1,6,1,0,0,0,0,333,19,3025,8,287928.913218981,51,1,NA,NA,0,11,11,952.103370440684,0.516855372426471,13.1963452662433,0.595306598914027,0,35.5312083259231,1089.34349590961,464.788994383088,62.3434612231018,3.05094631943439,0,42.800840969826,289591.240957786,0.000215280893914156,0.00160498291607805,1.05353542784781e-05,0.000147797429329242,0.00376165899323041,1001.94308600419,0.0131707533597254,0.000515853025632145,0.000594152110264212,0.0354623020231854,0.950256939481193,0.0109793255896219,0.0818541287199804,0.000537303068202382,0.191844608654751,0.00753766889579136,0.144878286956979,0.0056743832819536,0.00653567321290634,10.4528263342931,0.39008532225504
2012,11,3,"2012-03-15",0,"spring",622,16,15,1,15,1,0,0,0,0,606,2757,8362,28,163719.873055934,20,4,NA,NA,2,11,13,1732.65658404521,74.9984348305147,36.478624501265,2.0835730961991,0,85.8875257303332,1575.40227361206,99.8346956213235,128.89666564684,13.6176384501584,0,50.3563174044101,165587.980646669,0.000778418005603193,0.000602910279063977,8.22380851374452e-05,0.000304106114512383,0.00951398928508979,1932.10474220352,0.0188802520404054,0.0388169612093497,0.00107839551898352,0.0444528310780814,0.89677156015318,0.0155683601120639,0.0120582055812795,0.0016447617027489,0.190279785701796,0.00608212229024766,0.24544327652527,0.504620495721546,0.0140191417467858,11.6580302819913,0.577886804015059
2012,12,3,"2012-03-22",0,"spring",388,7,8,-1,8,-1,0,0,0,0,381,17086,14291,41,71304.9056957288,69,4,NA,NA,5,9,14,1089.34349590961,464.788994383088,62.3434612231018,3.05094631943439,0,42.800840969826,1200.85109785311,112.592862445956,234.02682252988,30.0629832451584,0,298.503088104509,73180.9425499074,0.00319792031060929,0.00153855441762274,0.000410803444143347,0.00407897299082939,0.0164093417768454,1662.32773880506,0.0375037122751236,0.279601298548501,0.00183534585161138,0.0257475345990392,0.655312108725725,0.220656501432041,0.106160254815969,0.028345437645891,1.13224458260233,0.281449136367228,0.52505197185173,3.91441817967901,0.0256948419225593,9.17436952216015,0.360465484386549
2012,13,3,"2012-03-29",0,"spring",560,9,9,0,9,0,0,0,0,0,551,3670,29547,183,25923.9763666755,51,3,NA,NA,5,9,14,1575.40227361206,99.8346956213235,128.89666564684,13.6176384501584,0,50.3563174044101,749.102351517895,289.302993987132,5290.08109148062,84.6079503706561,0,1507.05470581035,33844.1254598422,0.15630721785846,0.00854810074293115,0.00249993017166444,0.0445292849300701,0.0221338959520979,1868.10759073479,0.0689985235786876,0.0534416198063062,0.00728953649013441,0.026955790798218,0.843314529326654,7.97166811078148,0.435953137889489,0.127496438754886,1.12882869355699,2.27099353143357,0.965979330101626,0.748182677288287,0.102053510861882,11.8064034105732,0.377381071175052
2012,14,4,"2012-04-05",0,"spring",474,54,53,1,53,1,0,0,0,0,420,4139,53646,404,9070.86406353897,107,5,NA,NA,5,9,14,1200.85109785311,112.592862445956,234.02682252988,30.0629832451584,0,298.503088104509,829.15909137477,3186.14134186581,1969.36585596772,355.249212901946,0,17182.2039930359,32592.9835586851,0.0604230003191265,0.0977554367224166,0.0108995610132562,0.527174935123647,0.0254398033209151,1876.03685417862,0.124745322571152,0.0600163382692459,0.0160247295665845,0.159113658902614,0.640099950690404,6.46526103414654,10.4598317292986,1.16625302841842,2.72205895533792,56.4077180582302,1.74643451599612,0.840228735769442,0.224346213932184,8.96139930966566,2.22759122463659
2012,15,4,"2012-04-12",0,"spring",532,270,269,1,269,1,0,0,0,0,262,10635,1212646,1137,2016.37351565152,127,4,NA,NA,6,16,22,749.102351517895,289.302993987132,5290.08109148062,84.6079503706561,0,1507.05470581035,726.228997273074,6428.89194846949,81.3505608346794,1826.17740549364,0,97268.0237379005,108347.046165623,0.000750833213397661,0.0593361072219917,0.0168548887129058,0.897745044098511,0.00670280384167499,7920.14909316666,0.667926958097897,0.036527468180711,0.0106826209172822,0.190281103055321,0.0945818497487889,0.095355818101503,7.53568561719295,2.14057086653904,0.851256087892723,114.013620600511,14.6943930781537,0.803604299975643,0.235017660180209,2.08080069447336,4.18618426721706
2012,16,4,"2012-04-19",0,"spring",3383,3093,3059,34,3059,34,0,0,0,0,290,117125,451438,4774,340.460525626589,99,3,NA,NA,8,25,33,829.15909137477,3186.14134186581,1969.36585596772,355.249212901946,0,17182.2039930359,720.510658711869,6242.25275319485,2077.1047449067,4981.07913976339,0,88094.7997305282,102456.207552732,0.0202730980827849,0.0609260571154962,0.0486166651952226,0.859828816962487,0.00703237681661251,23522.1194951462,0.0837239967416244,0.13545298681623,0.0151027722214936,0.730470058048192,0.0352501861724607,2.00703671019571,6.03167965443412,4.81304985432704,0.696205304844638,85.1230528792862,2.76289189247361,4.46994856493557,0.498391483309288,1.1632561436912,24.1055119155903
2012,17,4,"2012-04-26",0,"spring",17741,17487,17329,158,17329,158,0,0,0,0,254,236331,18648,24541,0,116,2,NA,NA,9,26,35,726.228997273074,6428.89194846949,81.3505608346794,1826.17740549364,0,97268.0237379005,717.651489431266,19080.668175125,39.4450756685527,5868.9045187188,0,369748.359221786,395455.02848073,9.97460465228977e-05,0.0482499065656837,0.0148408898510309,0.934994708860564,0.00181474867619805,106330.672649971,0.000765071439945427,0.0604613117574519,0.0171745119256906,0.914769194191933,0.00682991068497928,0.0115705413966561,5.59698916161931,1.72154322271958,0.210510846438974,108.459386227825,0.0267775003980899,2.11614591151082,0.601107917399173,0.239046873974275,32.0169217967176
2012,18,5,"2012-05-03",0,"spring",16195,15943,15638,305,15638,305,0,0,0,0,252,229470,476135,66938,0,102,4,NA,NA,5,21,27,720.510658711869,6242.25275319485,2077.1047449067,4981.07913976339,0,88094.7997305282,1409.57045533711,21011.7486581676,53.012227330707,4568.6804933657,4660.72,220978.138362678,252681.870196879,0.000209798302068138,0.083154951488194,0.0180807609576657,0.874531038536722,0.00557843922177253,102115.747027105,0.0203406899070656,0.0611291885426637,0.0487787563111226,0.862695542021984,0.00705582321716376,0.0213994268109501,8.48180505179579,1.84423761768191,0.569000800620798,89.2021659307457,0.528857937583705,1.58935890210926,1.26824766408919,0.183451403646258,22.4300840925716
2012,19,5,"2012-05-10",0,"spring",67712,67461,65341,2120,65341,2120,0,0,0,0,251,701420,9042,78869,0,163,6,NA,NA,6,11,17,717.651489431266,19080.668175125,39.4450756685527,5868.9045187188,0,369748.359221786,1080.7659880678,7686.42827249743,166.588045184143,1679.5087421862,13444.96,58299.7363077526,82357.9873556882,0.00202273089147604,0.0933294816846511,0.0203927851579559,0.707881993958489,0.0131227828990063,395455.02848073,9.97460465228977e-05,0.0482499065656837,0.0148408898510309,0.934994708860564,0.00181474867619805,0.329705135310594,15.2127055145981,3.32402398074681,2.13901361253803,115.384765015234,0.00169568279088926,0.820248411616623,0.252295127467525,0.0308507274953668,15.8949100506296
2012,20,5,"2012-05-17",3427,"spring",42160,41667,38323,3344,38323,3344,0,0,0,0,493,772408,12152,61396,0,155,3,NA,NA,7,0,8,1409.57045533711,21011.7486581676,53.012227330707,4568.6804933657,4660.72,220978.138362678,1689.76904483617,2835.79500810368,180.386405540218,991.780793790769,16397.52,87419.0864288045,109514.337681075,0.00164714876024302,0.0258942807686241,0.00905617305269203,0.798243301104409,0.0154296604500962,252681.870196879,0.000209798302068138,0.083154951488194,0.0180807609576657,0.874531038536722,0.00557843922177253,0.255308057837668,4.01361351913674,1.40370682316726,2.39159736976491,123.727711671183,0.00146858811447697,0.582084660417358,0.12656532670366,0.0390490745524077,6.12171726975706
2012,21,5,"2012-05-24",9886,"spring",11511,11133,10035,1098,10035,1098,0,0,0,0,378,282559,38187,22570,0,112,4,NA,NA,2,0,2,1080.7659880678,7686.42827249743,166.588045184143,1679.5087421862,13444.96,58299.7363077526,2344.51881009418,814.890501916177,229.83889147018,550.360950696018,849976.88,78788.5732319553,932705.062386132,0.000246421833373762,0.00087368508522024,0.000590069651051356,0.0844731913756222,0.00251367651430583,82357.9873556882,0.00202273089147604,0.0933294816846511,0.0203927851579559,0.707881993958489,0.0131227828990063,0.0275992453378614,0.0978527295446668,0.0660878009177519,0.281531769602253,9.46099743406968,0.00404546178295207,0.186658963369302,0.0407855703159118,0.0262455657980126,1.41576398791698
2012,22,5,"2012-05-31",12057,"summer",14164,13573,12747,826,0,0,12747,826,0,0,591,104246,41350,13328,0,97,5,NA,NA,1,0,1,1689.76904483617,2835.79500810368,180.386405540218,991.780793790769,16397.52,87419.0864288045,3971.38613075709,346.646737412132,374.435936162709,533.394712626968,1040296.64,103837.730572829,1149360.23408979,0.000325777702287774,0.000301599730990043,0.000464079665196856,0.0903439387348049,0.00345530149118317,109514.337681075,0.00164714876024302,0.0258942807686241,0.00905617305269203,0.798243301104409,0.0154296604500962,0.0316004371219141,0.0292551739060341,0.045015727524095,0.335164244644768,8.76336205727608,0.00164714876024302,0.0258942807686241,0.00905617305269203,0.0154296604500962,0.798243301104409
2012,23,6,"2012-06-07",624983,"summer",13184,12364,11425,939,0,0,11425,939,0,0,820,29956,52686,7396,0,35,5,NA,NA,NA,NA,NA,2344.51881009418,814.890501916177,229.83889147018,550.360950696018,849976.88,78788.5732319553,6801.96371855371,189.14186339375,796.413614709392,304.722565319118,876573.04,101845.022087641,986510.303849617,0.00080730389900803,0.000191728218808937,0.000308889389325192,0.103237666844649,0.00689497483402931,932705.062386132,0.000246421833373762,0.00087368508522024,0.000590069651051356,0.0844731913756222,0.00251367651430583,0.0282556364652811,0.00671048765831279,0.0108111286263817,0.241324119191026,3.61331833956273,NA,NA,NA,NA,NA
2012,24,6,"2012-06-14",764924,"summer",18000,16611,14904,1707,0,0,14904,1707,0,0,1389,12743,85832,7168,0,11,1,NA,NA,NA,NA,NA,3971.38613075709,346.646737412132,374.435936162709,533.394712626968,1040296.64,103837.730572829,9089.29914303584,160.116353794853,2798.49768208102,172.638913685068,394621.68,72605.2433495715,479447.475442168,0.00583692234378775,0.000333960156213538,0.000360078887736039,0.151435239663347,0.0189578621404843,1149360.23408979,0.000325777702287774,0.000301599730990043,0.000464079665196856,0.0903439387348049,0.00345530149118317,0.0642061457816652,0.00367356171834892,0.00396086776509643,0.208536483545327,1.66578763629682,NA,NA,NA,NA,NA
2012,25,6,"2012-06-21",644539,"summer",18832,16453,14540,1913,0,0,14540,1913,0,0,2379,6953,182562,4095,0,8,5,NA,NA,NA,NA,NA,6801.96371855371,189.14186339375,796.413614709392,304.722565319118,876573.04,101845.022087641,16099.9822190735,36.0710644125,2326.82322162589,49.633687684457,67600.16,62980.0164379559,149092.686630752,0.0156065550511446,0.000241937181679707,0.000332904911743803,0.422421903187875,0.107986398145385,986510.303849617,0.00080730389900803,0.000191728218808937,0.000308889389325192,0.103237666844649,0.00689497483402931,0.124852440409157,0.00193549745343766,0.00266323929395042,0.863891185163081,3.379375225503,NA,NA,NA,NA,NA
2012,26,6,"2012-06-28",290163,"summer",15161,11982,10243,1739,0,0,10243,1739,0,0,3179,5886,641500,2320,0,NA,NA,NA,NA,NA,NA,NA,9089.29914303584,160.116353794853,2798.49768208102,172.638913685068,394621.68,72605.2433495715,33595.2390470812,0.435246629411765,3022.39930878844,0,22842.56,53100.5800800989,112561.213682598,0.0268511613361868,3.86675494312882e-06,0,0.471748467725595,0.298461947485869,479447.475442168,0.00583692234378775,0.000333960156213538,0.000360078887736039,0.151435239663347,0.0189578621404843,NA,NA,NA,NA,NA,NA,NA,NA,NA,NA
2012,27,7,"2012-07-05",49706,"summer",16167,10536,8816,1720,0,0,8816,1720,0,0,5631,1326,533378,667,0,NA,NA,NA,NA,NA,NA,NA,16099.9822190735,36.0710644125,2326.82322162589,49.633687684457,67600.16,62980.0164379559,58175.5173524222,0,1806.02345735484,24.7796371797964,12649.36,35077.5427281494,107733.223175106,0.0167638487379087,0,0.000230009243662193,0.325596335970896,0.53999607212963,149092.686630752,0.0156065550511446,0.000241937181679707,0.000332904911743803,0.422421903187875,0.107986398145385,NA,NA,NA,NA,NA,NA,NA,NA,NA,NA
2012,28,7,"2012-07-12",16796,"summer",20687,8937,7407,1530,0,0,7407,1530,0,0,11750,16,692825,0,0,0,3,NA,NA,NA,NA,NA,33595.2390470812,0.435246629411765,3022.39930878844,0,22842.56,53100.5800800989,74312.6687721436,0.326434972058824,1510.55619623661,0,3954.88,26573.0724055882,106351.50380894,0.0142034305311781,3.0693968619876e-06,0,0.249860805478844,0.698745820328462,112561.213682598,0.0268511613361868,3.86675494312882e-06,0,0.471748467725595,0.298461947485869,0,0,0,0,0,NA,NA,NA,NA,NA
2012,29,7,"2012-07-19",9301,"summer",26331,5984,4854,1130,0,0,4854,1130,0,0,20347,0,413995,333,0,0,2,NA,NA,NA,NA,NA,58175.5173524222,0,1806.02345735484,24.7796371797964,12649.36,35077.5427281494,72637.1955737104,2.7746972625,501.823201656782,0,1882.24,24104.4248837517,99128.4583563815,0.00506235252698729,2.79909251945042e-05,0,0.243163520177957,0.732758249024402,107733.223175106,0.0167638487379087,0,0.000230009243662193,0.325596335970896,0.53999607212963,0,0,0,0,0,NA,NA,NA,NA,NA
2012,30,7,"2012-07-26",2908,"summer",30574,4583,3653,930,0,0,3653,930,0,0,25991,12,346265,0,0,0,4,NA,NA,NA,NA,NA,74312.6687721436,0.326434972058824,1510.55619623661,0,3954.88,26573.0724055882,69829.4913401586,1.19692823088235,229.882515752052,0,2106.64,29367.7855543507,101534.996338492,0.00226407173922261,1.17883318466088e-05,0,0.289238061884061,0.687738157860021,106351.50380894,0.0142034305311781,3.0693968619876e-06,0,0.249860805478844,0.698745820328462,0,0,0,0,0,NA,NA,NA,NA,NA
2012,31,8,"2012-08-02",1384,"summer",29679,4274,3257,1017,0,0,3257,1017,0,0,25405,102,115033,0,0,27,5,NA,NA,NA,NA,NA,72637.1955737104,2.7746972625,501.823201656782,0,1882.24,24104.4248837517,60422.8244069759,0.46244954375,133.485940099762,0,598.4,38924.2991287211,100079.47192534,0.00133379940493034,4.620823180352e-06,0,0.388933898030144,0.603748433565392,99128.4583563815,0.00506235252698729,2.79909251945042e-05,0,0.243163520177957,0.732758249024402,0.0360125839331191,0.000124762225869504,0,16.3012077062656,10.5012152468139,NA,NA,NA,NA,NA
2012,32,8,"2012-08-09",1549,"fall",29621,5198,4183,1015,0,0,0,0,4183,1015,24423,44,52696,0,0,99,3,NA,NA,NA,NA,NA,69829.4913401586,1.19692823088235,229.882515752052,0,2106.64,29367.7855543507,34258.566320181,0,84.9146646636119,0,285.6,103760.978679613,138390.059664458,0.000613589334880677,0,0,0.749771905086198,0.247550773539984,101534.996338492,0.00226407173922261,1.17883318466088e-05,0,0.289238061884061,0.687738157860021,0.0607453441531871,0,0,24.5075265804584,74.2274186035336,NA,NA,NA,NA,NA
2012,33,8,"2012-08-16",440,"fall",27897,6764,5598,1166,0,0,0,0,5598,1166,21133,17,30599,0,0,131,4,NA,NA,NA,NA,NA,60422.8244069759,0.46244954375,133.485940099762,0,598.4,38924.2991287211,44048.3619369645,0,97.478457842713,0,164.56,403781.923459091,448092.323853898,0.0002175410125403,0,0,0.901113234849221,0.098301978391682,100079.47192534,0.00133379940493034,4.620823180352e-06,0,0.388933898030144,0.603748433565392,0.0284978726427793,0,0,12.8775591693103,118.045833765248,NA,NA,NA,NA,NA
2012,34,8,"2012-08-23",210,"fall",30504,18522,14712,3810,0,0,0,0,14712,3810,11982,0,19465,0,0,152,6,NA,NA,NA,NA,NA,34258.566320181,0,84.9146646636119,0,285.6,103760.978679613,40651.6688316085,0,54.6306881881537,0,0,588070.276020675,628776.575540471,8.68841021012835e-05,0,0,0.935261106880759,0.0646520090171393,138390.059664458,0.000613589334880677,0,0,0.749771905086198,0.247550773539984,0.0132063835193951,0,0,9.82710537060518,142.159688245875,NA,NA,NA,NA,NA
2012,35,8,"2012-08-30",121,"fall",85218,69812,58223,11589,0,0,0,0,58223,11589,15406,0,22345,0,0,150,5,NA,NA,NA,NA,NA,44048.3619369645,0,97.478457842713,0,164.56,403781.923459091,35539.474157891,0,26.5497379472254,0,0,649196.55549069,684762.579386528,3.87721799444868e-05,0,0,0.948060795133254,0.0519004326868014,448092.323853898,0.0002175410125403,0,0,0.901113234849221,0.098301978391682,0.00581582699167302,0,0,7.78506490302021,142.209119269988,NA,NA,NA,NA,NA
2012,36,9,"2012-09-06",0,"fall",118656,104438,83611,20827,0,0,0,0,83611,20827,14218,0,12523,0,0,155,5,NA,NA,NA,NA,NA,40651.6688316085,0,54.6306881881537,0,0,588070.276020675,34481.581524068,0,15.3644720752757,0,0,363867.962288947,398364.90828509,3.85688391616063e-05,0,0,0.913403652584139,0.0865577785766995,628776.575540471,8.68841021012835e-05,0,0,0.935261106880759,0.0646520090171393,0.00597817007004898,0,0,13.4164556793884,141.577566150542,NA,NA,NA,NA,NA
2012,37,9,"2012-09-13",0,"fall",131316,118886,90761,28125,0,0,0,0,90761,28125,12430,0,6086,0,0,151,4,NA,NA,NA,NA,NA,35539.474157891,0,26.5497379472254,0,0,649196.55549069,22055.6318305689,0,7.25908050348062,0,0,181988.883370237,204051.77428131,3.55746992597727e-05,0,0,0.891876015345713,0.108088409955027,684762.579386528,3.87721799444868e-05,0,0,0.948060795133254,0.0519004326868014,0.00537177958822568,0,0,16.3213499032091,134.673278317203,NA,NA,NA,NA,NA
2012,38,9,"2012-09-20",0,"fall",86021,73961,47728,26233,0,0,0,0,47728,26233,12060,0,3522,0,0,100,4,NA,NA,NA,NA,NA,34481.581524068,0,15.3644720752757,0,0,363867.962288947,13858.3935030811,0,1.70134699300327,0,0,77207.0024756184,91067.0973256925,1.86823456875821e-05,0,0,0.847803484934797,0.152177832719516,398364.90828509,3.85688391616063e-05,0,0,0.913403652584139,0.0865577785766995,0.00186823456875821,0,0,15.2177832719516,84.7803484934797,NA,NA,NA,NA,NA
2012,39,9,"2012-09-27",0,"fall",46858,39144,22948,16196,0,0,0,0,22948,16196,7714,0,1664,0,0,90,5,NA,NA,NA,NA,NA,22055.6318305689,0,7.25908050348062,0,0,181988.883370237,8631.83205813941,0,1.22584232059979,0,0,43940.8449525906,52573.9028530506,2.33165554405604e-05,0,0,0.835791953194149,0.164184730250411,204051.77428131,3.55746992597727e-05,0,0,0.891876015345713,0.108088409955027,0.00209848998965044,0,0,14.776625722537,75.2212757874734,NA,NA,NA,NA,NA
2012,40,10,"2012-10-04",0,"fall",21704,16857,9628,7229,0,0,0,0,9628,7229,4847,0,390,0,0,103,5,NA,NA,0,0,0,13858.3935030811,0,1.70134699300327,0,0,77207.0024756184,4763.37602148402,0,1.39161459171293,5.50658603995475,0,16559.6369920109,21329.9112141266,6.52423996397734e-05,0,0.000258162632965288,0.776357520937247,0.223319074030148,91067.0973256925,1.86823456875821e-05,0,0,0.847803484934797,0.152177832719516,0.00671996716289666,0,0.0265907511954247,23.0018646251053,79.9648246565364,0,0,0,0,0
2012,41,10,"2012-10-11",0,"fall",12451,9432,5549,3883,0,0,0,0,5549,3883,3019,0,281,0,0,86,4,NA,NA,0,1,1,8631.83205813941,0,1.22584232059979,0,0,43940.8449525906,4034.28785493035,0,5.19565197094075,0,0,13234.1964246796,17273.6799315809,0.000300784314142681,0,0,0.766148063244125,0.233551152441732,52573.9028530506,2.33165554405604e-05,0,0,0.835791953194149,0.164184730250411,0.0258674510162705,0,0,20.085399109989,65.8887334389947,2.33165554405604e-05,0,0,0.164184730250411,0.835791953194149
2012,42,10,"2012-10-18",0,"fall",5277,3611,2067,1544,0,0,0,0,2067,1544,1666,0,319,74,0,99,4,NA,NA,1,3,4,4763.37602148402,0,1.39161459171293,5.50658603995475,0,16559.6369920109,2098.63025196235,0,3.33725756319872,0,0,5432.05665631037,7534.02416583592,0.000442958170791644,0,0,0.721003349171986,0.278553692657223,21329.9112141266,6.52423996397734e-05,0,0.000258162632965288,0.776357520937247,0.223319074030148,0.0438528589083727,0,0,27.5768155730651,71.3793315680266,0.000260969598559093,0,0.00103265053186115,0.893276296120592,3.10543008374899
2012,43,10,"2012-10-25",0,"fall",4278,2867,1660,1207,0,0,0,0,1660,1207,1411,0,1191,0,0,18,2,NA,NA,0,4,4,4034.28785493035,0,5.19565197094075,0,0,13234.1964246796,1109.35768087383,0,0,0,0,3078.5229753338,4187.88065620763,0,0,0,0.735102842716054,0.264897157283946,17273.6799315809,0.000300784314142681,0,0,0.766148063244125,0.233551152441732,0,0,0,4.76814883111103,13.231851168889,0.00120313725657072,0,0,0.934204609766929,3.0645922529765
2012,44,11,"2012-11-01",0,"fall",1844,1110,710,400,0,0,0,0,710,400,734,0,765,0,294.515194179556,25,2,NA,NA,0,3,3,2098.63025196235,0,3.33725756319872,0,0,5432.05665631037,620.439733890776,0,0,0,0,962.050612876946,1877.00554094728,0,0,0,0.512545430415417,0.33054763044421,7534.02416583592,0.000442958170791644,0,0,0.721003349171986,0.278553692657223,0,0,0,8.26369076110526,12.8136357603854,0.00132887451237493,0,0,0.835661077971668,2.16301004751596
2012,45,11,"2012-11-08",0,"fall",969,581,423,158,0,0,0,0,423,158,388,0,0,0,585.498973366246,79,4,NA,NA,0,1,1,1109.35768087383,0,0,0,0,3078.5229753338,325.945297988703,0,0,0,0,293.205222791816,1204.64949414676,0,0,0,0.243394634054521,0.270572726400857,4187.88065620763,0,0,0,0.735102842716054,0.264897157283946,0,0,0,21.3752453856677,19.2281760903072,0,0,0,0.264897157283946,0.735102842716054
2012,46,11,"2012-11-15",0,"fall",406,189,129,60,0,0,0,0,129,60,217,0,0,0,756.451106047996,30,5,NA,NA,0,2,2,620.439733890776,0,0,0,0,962.050612876946,343.100313672319,0,0,0,0,118.456127444927,1218.00754716524,0,0,0,0.0972540176131244,0.281689809287998,1582.49034676772,0,0,0,0.607934585409611,0.392065414590389,0,0,0,8.45069427863993,2.91762052839373,0,0,0,0.784130829180779,1.21586917081922
2012,47,11,"2012-11-22",0,"fall",177,63,37,26,0,0,0,0,37,26,114,0,0,0,3170.84716293853,12,3,NA,NA,0,3,4,325.945297988703,0,0,0,0,293.205222791816,214.437696045199,0,0,0,0,104.054534127396,3489.33939311113,0,0,0,0.0298206973884015,0.0614550984832703,619.150520780518,0,0,0,0.473560488041249,0.526439511958751,0,0,0,0.737461181799244,0.357848368660818,0,0,0,1.57931853587625,1.42068146412375
2012,48,11,"2012-11-29",0,"fall",143,23,16,7,0,0,0,0,16,7,120,0,0,0,210760.872161635,73,3,NA,NA,0,3,4,343.100313672319,0,0,0,0,118.456127444927,380.269514320153,0,0,0,0,43.1933135195277,211184.334989475,0,0,0,0.000204528965283719,0.00180065209069179,461.556441117245,0,0,0,0.256644944999991,0.743355055000009,0,0,0,0.131447602620501,0.0149306144657115,0,0,0,2.23006516500003,0.769934834999972
2012,49,12,"2012-12-06",0,"fall",93,18,15,3,0,0,0,0,15,3,75,0,0,0,27040.8073090541,8,2,NA,NA,0,3,4,214.437696045199,0,0,0,0,104.054534127396,311.649451585689,0,0,0,0,0,27352.4567606398,0,0,0,0,0.0113938376473061,318.492230172595,0,0,0,0.326709804101052,0.673290195898948,0,0,0,0.0911507011784488,0,0,0,0,2.01987058769684,0.980129412303156
2012,50,12,"2012-12-13",0,"fall",141,8,6,2,0,0,0,0,6,2,133,0,0,0,46082.4864783461,10,3,NA,NA,0,2,2,380.269514320153,0,0,0,0,43.1933135195277,363.114498636537,0,0,0,0,6.544093974684,46452.1450709573,0,0,0,0.000140878186888628,0.00781695868041975,423.462827839681,0,0,0,0.102000248144284,0.897999751855716,0,0,0,0.0781695868041975,0.00140878186888628,0,0,0,1.79599950371143,0.204000496288568
2012,51,12,"2012-12-20",0,"fall",109,0,0,0,0,0,0,0,0,0,109,0,0,0,15713.5568900112,3,3,NA,NA,0,2,2,311.649451585689,0,0,0,0,0,211.578526764596,0,0,0,0,0,15925.1354167758,0,0,0,0,0.0132858227718249,311.649451585689,0,0,0,0,1,0,0,0,0.0398574683154748,0,0,0,0,2,0
2012,52,12,"2012-12-27",0,"fall",128,1,1,0,0,0,0,0,1,0,127,0,0,0,12129.0119777804,0,1,NA,NA,NA,NA,NA,363.114498636537,0,0,0,0,6.544093974684,268.76191237665,0,0,0,0,0,12397.773890157,0,0,0,0,0.0216782395579925,369.658592611221,0,0,0,0.0177030755012547,0.982296924498745,0,0,0,0,0,NA,NA,NA,NA,NA
2013,1,1,"2013-01-03",0,"spring",74,0,0,0,0,0,0,0,0,0,74,0,0,0,16499.7404281345,8,4,NA,NA,0,10,10,211.578526764596,0,0,0,0,0,68.6200627344637,0,0,0,0,0,16568.360490869,0,0,0,0,0.00414163264809943,211.578526764596,0,0,0,0,1,0,0,0,0.0331330611847955,0,0,0,0,10,0
2013,2,1,"2013-01-10",0,"spring",94,0,0,0,0,0,0,0,0,0,94,0,0,0,15163.048109615,14,5,NA,NA,0,8,8,268.76191237665,0,0,0,0,0,20.0141849642186,0,0,0,0,0,15183.0622945793,0,0,0,0,0.00131819158585447,268.76191237665,0,0,0,0,1,0,0,0,0.0184546822019625,0,0,0,0,8,0
2013,3,1,"2013-01-17",0,"spring",24,0,0,0,0,0,0,0,0,0,24,0,0,0,4844.11206880116,19,4,NA,NA,0,15,16,68.6200627344637,0,0,0,0,0,77.1975705762717,0,0,0,0,0,4921.30963937743,0,0,0,0,0.0156863876149109,68.6200627344637,0,0,0,0,1,0,0,0,0.298041364683306,0,0,0,0,15,0
2013,4,1,"2013-01-24",0,"spring",7,0,0,0,0,0,0,0,0,0,7,0,0,0,6415.39599672896,18,5,NA,NA,0,13,13,20.0141849642186,0,0,0,0,0,74.338401295669,0,0,0,0,0,6489.73439802463,0,0,0,0,0.0114547679051852,20.0141849642186,0,0,0,0,1,0,0,0,0.206185822293334,0,0,0,0,13,0
2013,5,1,"2013-01-31",0,"spring",27,0,0,0,0,0,0,0,0,0,27,0,0,0,4915.94292147993,39,4,NA,NA,0,10,10,77.1975705762717,0,0,0,0,0,128.662617627119,0,0,0,0,5.59514637826779,5050.20068548531,0,0,0,0.00110790575003261,0.0254767336270232,77.1975705762717,0,0,0,0,1,0,0,0,0.993592611453906,0.0432083242512717,0,0,0,10,0
2013,6,2,"2013-02-07",0,"spring",26,0,0,0,0,0,0,0,0,0,26,0,0,0,6284.03433139239,44,2,NA,NA,0,7,8,74.338401295669,0,0,0,0,0,188.705172519775,0,0,0,0,11.1902927565356,6483.9297966687,0,0,0,0.00172585038818355,0.0291035187667713,74.338401295669,0,0,0,0,1,0,0,0,1.28055482573794,0.0759374170800763,0,0,0,7,0
2013,7,2,"2013-02-14",0,"spring",46,1,1,0,1,0,0,0,0,0,45,0,0,0,4117.74892315521,62,5,NA,NA,0,8,8,128.662617627119,0,0,0,0,5.59514637826779,706.214812308856,0,0,0,0,67.1417565392135,4891.10549200328,0,0,0,0.0137273171983281,0.144387565032789,134.257764005387,0,0,0,0.041674657847298,0.958325342152702,0,0,0,8.95202903203293,0.85109366629634,0,0,0,7.66660273722162,0.333397262778384
2013,8,2,"2013-02-21",0,"spring",68,2,2,0,2,0,0,0,0,0,66,0,0,0,33850.0346913552,68,3,NA,NA,0,8,8,188.705172519775,0,0,0,0,11.1902927565356,285.916928060265,0,0,0,0,91.482672108601,34227.4342915241,0,0,0,0.00267278789667431,0.00835344319486631,199.895465276311,0,0,0,0.0559807234299563,0.944019276570044,0,0,0,0.568034137250909,0.181749576973853,0,0,0,7.55215421256035,0.44784578743965
2013,9,2,"2013-02-28",0,"spring",259,12,12,0,12,0,0,0,0,0,247,0,0,0,117544.177195168,171,3,NA,NA,0,11,11,706.214812308856,0,0,0,0,67.1417565392135,832.018260655373,157.096830303309,8.50237253682916,0,0,313.328197182996,118855.122855846,7.15356000863446e-05,0.00132175060299121,0,0.00263621953900143,0.00700027260637717,773.356568848069,0,0,0,0.0868186283582262,0.913181371641774,0.0122325876147649,0.226019353111497,0,1.1970466156905,0.450793541169244,0,0,0,10.0449950880595,0.955004911940488
2013,10,3,"2013-03-07",0,"spring",117,17,16,1,16,1,0,0,0,0,100,0,0,0,876130.71993225,240,5,NA,NA,0,10,10,285.916928060265,0,0,0,0,91.482672108601,874.905799864412,13.6558629977941,10.1339206788374,4.09273286753394,0,309.693380861045,877343.20162952,1.15506915195961e-05,1.55650183103153e-05,4.66491660268452e-06,0.000352990004693534,0.000997221837747667,377.399600168866,0,0,0,0.242402673632053,0.757597326367947,0.00277216596470307,0.00373560439447567,0.00111957998464428,0.23933324105944,0.0847176011264482,0,0,0,7.57597326367947,2.42402673632053
2013,11,3,"2013-03-14",0,"spring",347,56,56,0,56,0,0,0,0,0,291,5775,1949,0,1859854.77531937,309,6,NA,NA,2,11,14,832.018260655373,157.096830303309,8.50237253682916,0,0,313.328197182996,1295.203684113,12.3229201952206,8.03559272080006,3.79507956807692,0,1059.44299554893,1862233.57559151,4.31502944964766e-06,6.61727957047835e-06,2.03791813111922e-06,0.000568909834638982,0.00069551086452815,1310.94566067851,0.0064856788437963,0.119834738399454,0,0.239009294268404,0.634670288488345,0.00133334409994113,0.00204473938727781,0.000629716702515839,0.214912857139198,0.175793138903445,0.0843138249693519,1.55785159919291,0,8.25071375034849,3.10712082548925
2013,12,3,"2013-03-21",0,"spring",362,56,55,1,55,1,0,0,0,0,306,502,2323,55,2431443.49931729,260,2,NA,NA,3,10,13,874.905799864412,13.6558629977941,10.1339206788374,4.09273286753394,0,309.693380861045,1106.49851159323,118.985547315441,13.0916469897508,75.6039380620815,0,2990.054339842,2435747.73330109,5.37479592437436e-06,4.88497005205806e-05,3.10393137304157e-05,0.00122757143482575,0.000454274675683933,1212.48169726962,0.00835799888910316,0.011262737432281,0.00337550074095991,0.255421076918885,0.721582686018771,0.00139744694033733,0.0127009221353509,0.00807022156990808,0.118111415677823,0.319168573054696,0.108653985558341,0.146415586619652,0.0438815096324788,9.38057491824402,3.32047399994551
2013,13,3,"2013-03-28",0,"spring",643,190,189,1,189,1,0,0,0,0,453,453,1842,51,2947134.74585425,555,2,NA,NA,2,12,15,1295.203684113,12.3229201952206,8.03559272080006,3.79507956807692,0,1059.44299554893,634.735580293789,572.458129333824,4953.89492566318,312.98244437905,0,5145.04322684714,2958753.86016077,0.00167431802704737,0.000193479470205987,0.000105781845726783,0.00173892235380728,0.000214528010876613,2378.80027214603,0.00337800227067856,0.0051803088891122,0.00159537545565068,0.445368620457217,0.544477692927342,0.929246505011293,0.107381105964323,0.0587089243783646,0.11906304603652,0.965101906363041,0.0472920317894998,0.0725243244475708,0.0223352563791095,7.62268770098278,6.23516068640103
2013,14,4,"2013-04-04",0,"spring",924,537,533,4,533,4,0,0,0,0,387,4374,3001,1016,805280.640242534,573,3,NA,NA,4,21,25,1106.49851159323,118.985547315441,13.0916469897508,75.6039380620815,0,2990.054339842,257.325235254239,1604.23746726875,399.445736959857,773.526511963914,0,14861.9738852773,823177.149079258,0.000485248816013231,0.0019488362487505,0.000939684140684809,0.0180544053025534,0.000312600071007878,4304.2339838025,0.00304157418927891,0.0276438380820379,0.0175650158301316,0.694677462027863,0.257072109870689,0.278047571575582,1.11668317053403,0.538439012612396,0.179119840687514,10.3451742383631,0.0760393547319726,0.691095952050947,0.439125395753291,6.42680274676721,17.3669365506966
2013,15,4,"2013-04-11",0,"spring",1150,928,915,13,915,13,0,0,0,0,222,21044,1135582,4206,94395.4570854365,568,5,NA,NA,3,25,29,634.735580293789,572.458129333824,4953.89492566318,312.98244437905,0,5145.04322684714,434.593730651603,4087.23787931985,91.4495820880193,4787.38125514174,0,127800.557133779,231596.676666417,0.000394865692393937,0.0176480851890935,0.0206712001400491,0.551823795459112,0.00187651108343656,11619.114306517,0.426357362099847,0.0492686545834858,0.0269368590515977,0.44280855589495,0.0546285683701189,0.224283713279756,10.0241123874051,11.7412416795479,1.06585829539196,313.435915820776,11.9380061387957,1.3795223283376,0.754232053444735,1.52959991436333,12.3986395650586
2013,16,4,"2013-04-18",0,"spring",2793,2703,2631,72,2631,72,0,0,0,0,90,58973,91565,10395,18099.596975541,518,2,NA,NA,5,26,31,257.325235254239,1604.23746726875,399.445736959857,773.526511963914,0,14861.9738852773,406.002037845577,8847.80229433971,2502.43713072933,7907.30872672529,14.96,166806.050822372,204584.157987553,0.0122318226168889,0.0432477391278655,0.0386506404235189,0.815341972043215,0.0019845233464767,17896.5088367241,0.0223197574791897,0.0896396879360523,0.0432222015489757,0.830439837225693,0.0143785158100892,6.33608411554846,22.4023288682343,20.0210317393828,1.02798309347493,422.347141518385,0.691912481854881,2.77883032601762,1.33988824801825,0.445733990112766,25.7436349539965
2013,17,4,"2013-04-25",0,"spring",23934,23782,22334,1448,22334,1448,0,0,0,0,152,150250,20963,64335,32805.4473953507,507,3,NA,NA,9,34,44,434.593730651603,4087.23787931985,91.4495820880193,4787.38125514174,0,127800.557133779,325.945297988703,13879.117315768,514.64001567074,7804.61833841262,14898.8,91591.2049261905,161819.773289381,0.00318032836908264,0.0857689825763634,0.0482303131426076,0.56600749750402,0.00201424888543019,137201.21958098,0.00066653621860878,0.0297900987454958,0.0348931392137961,0.93148266118981,0.00316756463228881,1.6124264831249,43.4848741662163,24.452768763302,1.02122418491311,286.965801234538,0.0286610574001775,1.28097424605632,1.50040498619323,0.136205279188419,40.0537544311618
2013,18,5,"2013-05-02",11,"spring",36286,36144,26398,9746,26398,9746,0,0,0,0,142,325252,573634,106262,611.833541741024,570,2,NA,NA,14,27,41,406.002037845577,8847.80229433971,2502.43713072933,7907.30872672529,14.96,166806.050822372,443.171238493411,15751.5211125831,206.809633070015,7062.04776959224,44511.44,60022.6426343292,128609.465929809,0.001608043634851,0.122475596945405,0.0549107930628254,0.466704703268791,0.00344586796383464,186484.561012012,0.0134190043248038,0.0474452268130111,0.0424019483640577,0.894476464524201,0.00217713485578801,0.916584871865068,69.8110902588809,31.2991520458105,1.96414473938575,266.021680863211,0.550179177316956,1.94525429933345,1.73847988292637,0.0892625290873084,36.6735350454922
2013,19,5,"2013-05-09",10955,"spring",24206,24092,12205,11887,12205,11887,0,0,0,0,114,510207,117971,104882,422.088984039412,559,1,NA,NA,12,9,21,325.945297988703,13879.117315768,514.64001567074,7804.61833841262,14898.8,91591.2049261905,597.566379645955,3712.59934305368,128.451697971747,2360.8371446433,256727.2,40972.1143436574,304920.857893011,0.00042126241825286,0.0121756162195908,0.00774245868569495,0.134369667679583,0.00195974255016567,129014.325894031,0.00398901449202978,0.107578109791993,0.0604941992629808,0.709930500287398,0.00252642716791333,0.235485691803349,6.80616946675123,4.32803440530348,1.09549608554261,75.112644232887,0.0837693043326253,2.25914030563186,1.2703781845226,0.0530549705261799,14.9085405060354
2013,20,5,"2013-05-16",32729,"spring",15141,14986,8431,6555,8431,6555,0,0,0,0,155,579038,47407,94903,0,628,4,NA,NA,3,1,4,443.171238493411,15751.5211125831,206.809633070015,7062.04776959224,44511.44,60022.6426343292,892.060815548028,1186.78154383419,114.417766493563,982.851194807059,507175.28,49742.1683566934,560093.559677376,0.00020428331038027,0.00211889875062623,0.00175479824365986,0.0888104629971923,0.00159269964836209,127997.632388068,0.00161573014446863,0.123061034948108,0.0551732687381378,0.468935569467022,0.00346233934351058,0.128289918918809,1.33066841539327,1.10201329701839,1.00021537917139,55.7729707622368,0.00646292057787451,0.492244139792431,0.220693074952551,0.0138493573740423,1.87574227786809
2013,21,5,"2013-05-23",188770,"spring",9495,9286,6264,3022,6264,3022,0,0,0,0,209,136478,29445,31726,0,455,3,NA,NA,2,1,3,597.566379645955,3712.59934305368,128.451697971747,2360.8371446433,256727.2,40972.1143436574,1378.11959325048,787.878007978309,162.391389268068,976.600475518462,1562576.08,111195.741310379,1677076.81077639,9.68300248531194e-05,0.000469792440582113,0.000582323045219586,0.0663033085878171,0.000821739102463939,304498.768908972,0.000421846362243082,0.0121924937705201,0.00775319109861183,0.134555927731536,0.00196245909888914,0.0440576613081693,0.213755560464861,0.264956985574912,0.373891291621092,30.1680054074568,0.00126553908672925,0.0365774813115603,0.0232595732958355,0.00588737729666743,0.403667783194608
2013,22,5,"2013-05-30",372923,"summer",9291,8979,6644,2335,0,0,6644,2335,0,0,312,43627,26228,13208,0,269,5,NA,NA,0,0,0,892.060815548028,1186.78154383419,114.417766493563,982.851194807059,507175.28,49742.1683566934,1706.92406051978,237.807877144853,245.050678558904,1052.57648020486,1882543.28,120708.457427195,2006494.09652362,0.000122128781232634,0.00011851910133046,0.0005245848876548,0.0601588898947321,0.000850699767059937,560093.559677376,0.00020428331038027,0.00211889875062623,0.00175479824365986,0.0888104629971923,0.00159269964836209,0.0328526421515784,0.0318816382578937,0.141113334779141,0.228838237339123,16.1827413816829,0,0,0,0,0
2013,23,6,"2013-06-06",1148953,"summer",19899,19417,15170,4247,0,0,15170,4247,0,0,482,28963,37225,13124,0,85,4,NA,NA,NA,NA,NA,1378.11959325048,787.878007978309,162.391389268068,976.600475518462,1562576.08,111195.741310379,3699.76504909983,87.7293987408088,378.248698398311,491.723250702986,642605.44,115280.350699645,762543.257096587,0.000496035726338343,0.000115048422400117,0.000644846369208276,0.151178768714812,0.00485187563415987,1677076.81077639,9.68300248531194e-05,0.000469792440582113,0.000582323045219586,0.0663033085878171,0.000821739102463939,0.0421630367387592,0.00977911590400991,0.0548119413827034,0.412409428903589,12.8501953407591,NA,NA,NA,NA,NA
2013,24,6,"2013-06-13",1384223,"summer",21920,21323,16349,4974,0,0,16349,4974,0,0,597,8742,56173,14145,0,20,4,NA,NA,NA,NA,NA,1706.92406051978,237.807877144853,245.050678558904,1052.57648020486,1882543.28,120708.457427195,5092.18048875333,72.0061142533088,1501.32093576433,238.643532839661,108197.52,94858.9463711309,209960.617442742,0.00715048828704153,0.000342950573923444,0.00113661093087965,0.451793996066905,0.0242530268331966,2006494.09652362,0.000122128781232634,0.00011851910133046,0.0005245848876548,0.0601588898947321,0.000850699767059937,0.143009765740831,0.00685901147846887,0.022732218617593,0.485060536663931,9.0358799213381,NA,NA,NA,NA,NA
2013,25,6,"2013-06-20",472504,"summer",21767,20473,15561,4912,0,0,15561,4912,0,0,1294,3225,86706,6608,0,0,3,NA,NA,NA,NA,NA,3699.76504909983,87.7293987408088,378.248698398311,491.723250702986,642605.44,115280.350699645,9518.17453512624,31.90901851875,3788.15377819827,80.9616974523077,39718.8,82917.6488919715,136055.647921267,0.0278426793453691,0.000234529172484006,0.000595063113433988,0.6094392269548,0.0699579523566286,762543.257096587,0.000496035726338343,0.000115048422400117,0.000644846369208276,0.151178768714812,0.00485187563415987,0,0,0,0,0,NA,NA,NA,NA,NA
2013,26,6,"2013-06-27",79557,"summer",18354,16573,12937,3636,0,0,12937,3636,0,0,1781,2647,344148,3207,0,0,2,399,1,NA,NA,NA,5092.18048875333,72.0061142533088,1501.32093576433,238.643532839661,108197.52,94858.9463711309,19625.3379420566,18.1987496922794,4771.53670258235,73.8924315902036,21409.12,56393.6688073084,102291.75463323,0.046646347202576,0.000177910230961739,0.000722369382118306,0.551302194487812,0.191856499210751,209960.617442742,0.00715048828704153,0.000342950573923444,0.00113661093087965,0.451793996066905,0.0242530268331966,0,0,0,0,0,NA,NA,NA,NA,NA
2013,27,7,"2013-07-04",29205,"summer",17897,14568,11269,3299,0,0,11269,3299,0,0,3329,1173,868359,1088,0,0,2,NA,NA,NA,NA,NA,9518.17453512624,31.90901851875,3788.15377819827,80.9616974523077,39718.8,82917.6488919715,43390.7530024259,7.50800435735294,756.636994498613,0,11327.44,35465.5635170957,90947.9015183776,0.00831945522509633,8.25528047597208e-05,0,0.389954720504786,0.477094603371998,136055.647921267,0.0278426793453691,0.000234529172484006,0.000595063113433988,0.6094392269548,0.0699579523566286,0,0,0,0,0,NA,NA,NA,NA,NA
2013,28,7,"2013-07-11",15742,"summer",16424,9560,7833,1727,0,0,7833,1727,0,0,6864,669,1093780,993,0,0,2,NA,NA,NA,NA,NA,19625.3379420566,18.1987496922794,4771.53670258235,73.8924315902036,21409.12,56393.6688073084,71733.69808104,0,308.061591294646,5.20893274049774,4638.96,32435.2467780076,109121.175383083,0.00282311467241037,0,4.77353063895359e-05,0.29724062872435,0.65737651587064,102291.75463323,0.046646347202576,0.000177910230961739,0.000722369382118306,0.551302194487812,0.191856499210751,0,0,0,0,0,NA,NA,NA,NA,NA
2013,29,7,"2013-07-18",8329,"summer",21073,5897,4982,915,0,0,4982,915,0,0,15176,276,173444,0,0,0,1,NA,NA,NA,NA,NA,43390.7530024259,7.50800435735294,756.636994498613,0,11327.44,35465.5635170957,81872.312350057,0.272029143382353,196.509940120065,0,3011.04,31006.1949071171,116086.329226438,0.00169279140299762,2.34333487151389e-06,0,0.267096006168276,0.705270921181056,90947.9015183776,0.00831945522509633,8.25528047597208e-05,0,0.389954720504786,0.477094603371998,0,0,0,0,0,NA,NA,NA,NA,NA
2013,30,7,"2013-07-25",3411,"summer",30590,5501,4504,997,0,0,4504,997,0,0,25089,0,70617,70,0,4,3,NA,NA,NA,NA,NA,71733.69808104,0,308.061591294646,5.20893274049774,4638.96,32435.2467780076,136225.120374313,0,64.6773603032474,0,1502.8,68814.8554164641,206607.453151081,0.000313044661830047,0,0,0.333070537228604,0.659342721168435,109121.175383083,0.00282311467241037,0,4.77353063895359e-05,0.29724062872435,0.65737651587064,0.00125217864732019,0,0,2.63737088467374,1.33228214891442,NA,NA,NA,NA,NA
2013,31,8,"2013-08-01",2214,"summer",33835,5200,4334,866,0,0,4334,866,0,0,28635,10,45046,0,0,9,2,NA,NA,NA,NA,NA,81872.312350057,0.272029143382353,196.509940120065,0,3011.04,31006.1949071171,55307.7705639777,0,50.4732941257637,2.38122639565611,737.12,122190.022376018,178287.767460517,0.00028310015232504,0,1.33560839847493e-05,0.685352809766254,0.310216294431002,116086.329226438,0.00169279140299762,2.34333487151389e-06,0,0.267096006168276,0.705270921181056,0.00254790137092536,0,0.000120204755862743,2.79194664987902,6.16817528789628,NA,NA,NA,NA,NA
2013,32,8,"2013-08-08",1105,"fall",59225,11580,10059,1521,0,0,0,0,10059,1521,47645,0,14826,0,0,84,2,NA,NA,NA,NA,NA,136225.120374313,0,64.6773603032474,0,1502.8,68814.8554164641,52860.3216597819,0,15.6218553383198,0,187.68,362241.427274193,415305.050789313,3.76153752732587e-05,0,0,0.872229766013513,0.127280709828396,206607.453151081,0.000313044661830047,0,0,0.333070537228604,0.659342721168435,0.00315969152295373,0,0,10.6915796255853,73.2673003451351,NA,NA,NA,NA,NA
2013,33,8,"2013-08-15",542,"fall",40018,20674,17813,2861,0,0,0,0,17813,2861,19344,0,11570,32,0,170,5,NA,NA,NA,NA,NA,55307.7705639777,0,50.4732941257637,2.38122639565611,737.12,122190.022376018,41666.6739262225,0,8.21445227647476,0,87.04,1108971.59783411,1150733.52621261,7.1384487280134e-06,0,0,0.96370842820931,0.0362087946315073,178287.767460517,0.00028310015232504,0,1.33560839847493e-05,0.685352809766254,0.310216294431002,0.00121353628376228,0,0,6.15549508735624,163.830432795583,NA,NA,NA,NA,NA
2013,34,8,"2013-08-22",138,"fall",79619,61131,52876,8255,0,0,0,0,52876,8255,18488,0,3581,0,0,209,4,NA,NA,NA,NA,NA,52860.3216597819,0,15.6218553383198,0,187.68,362241.427274193,35785.3627160228,0,3.91309808390752,0,0,1525009.61210358,1560798.88791769,2.50711229627291e-06,0,0,0.977069899209209,0.0229275936784945,415305.050789313,3.76153752732587e-05,0,0,0.872229766013513,0.127280709828396,0.000523986469921038,0,0,4.79186707880535,204.207608934725,NA,NA,NA,NA,NA
2013,35,8,"2013-08-29",64,"fall",196182,181609,164251,17358,0,0,0,0,164251,17358,14573,0,1883,0,0,315,4,NA,NA,NA,NA,NA,41666.6739262225,0,8.21445227647476,0,87.04,1108971.59783411,32726.051585778,0,7.77820945775597,0,0,1507249.06357227,1539982.89336751,5.05084146795113e-06,0,0,0.978744030251105,0.0212509189074272,1150733.52621261,7.1384487280134e-06,0,0,0.96370842820931,0.0362087946315073,0.00159101506240461,0,0,6.69403945583956,308.304369529098,NA,NA,NA,NA,NA
2013,36,9,"2013-09-05",0,"fall",260009,247493,226835,20658,0,0,0,0,226835,20658,12516,0,897,0,0,302,5,NA,NA,0,1,1,35785.3627160228,0,3.91309808390752,0,0,1525009.61210358,21606.7422535143,0,2.39933550295333,0,0,815515.845019543,837124.98660856,2.86616161425756e-06,0,0,0.974186481188953,0.0258106526494324,1560798.88791769,2.50711229627291e-06,0,0,0.977069899209209,0.0229275936784945,0.000865580807505783,0,0,7.79481710012858,294.204317319064,2.50711229627291e-06,0,0,0.0229275936784945,0.977069899209209
2013,37,9,"2013-09-12",0,"fall",257498,246052,223575,22477,0,0,0,0,223575,22477,11446,0,1783,0,0,340,5,NA,NA,0,0,0,32726.051585778,0,7.77820945775597,0,0,1507249.06357227,20800.4565163843,0,3.07987430015464,0,0,461491.283018802,482294.819409486,6.38587473099044e-06,0,0,0.956865519691553,0.043128094433716,1539982.89336751,5.05084146795113e-06,0,0,0.978744030251105,0.0212509189074272,0.00217119740853675,0,0,14.6635521074634,325.334276695128,0,0,0,0,0
2013,38,9,"2013-09-19",0,"fall",142969,135412,119989,15423,0,0,0,0,119989,15423,7557,0,550,0,0,282,4,NA,NA,0,0,0,21606.7422535143,0,2.39933550295333,0,0,815515.845019543,10630.3913852807,0,12.8342637267067,0,0,149517.524545698,160160.750194705,8.01336389290401e-05,0,0,0.933546604670192,0.0663732616908789,837124.98660856,2.86616161425756e-06,0,0,0.974186481188953,0.0258106526494324,0.0225976861779893,0,0,18.7172597968279,263.260142516994,0,0,0,0,0
2013,39,9,"2013-09-26",0,"fall",85669,78394,67143,11251,0,0,0,0,67143,11251,7275,0,706,0,0,240,5,NA,NA,0,4,4,20800.4565163843,0,3.07987430015464,0,0,461491.283018802,6467.4409127232,0,0.985908770304459,0,0,193428.085522135,199896.512343628,4.93209590675424e-06,0,0,0.967641122170385,0.0323539457337078,482294.819409486,6.38587473099044e-06,0,0,0.956865519691553,0.043128094433716,0.00118370301762102,0,0,7.76494697608987,232.233869320892,2.55434989239618e-05,0,0,0.172512377734864,3.82746207876621
2013,40,10,"2013-10-03",0,"fall",29379,25661,21641,4020,0,0,0,0,21641,4020,3718,0,2942,0,0,141,5,NA,NA,0,8,8,10630.3913852807,0,12.8342637267067,0,0,149517.524545698,2381.68801074201,0,0,0,0,67548.0885261746,69929.7765369167,0,0,0,0.965941718554117,0.034058281445883,160160.750194705,8.01336389290401e-05,0,0,0.933546604670192,0.0663732616908789,0,0,0,4.8022176838695,136.19778231613,0.000641069111432321,0,0,0.530986093527031,7.46837283736154
2013,41,10,"2013-10-10",0,"fall",34444,32182,28432,3750,0,0,0,0,28432,3750,2262,0,226,0,0,138,4,NA,NA,0,11,11,6467.4409127232,0,0.985908770304459,0,0,193428.085522135,1240.87946778155,0,0,0,0,25774.6766370919,27015.5561048734,0,0,0,0.954067965028574,0.0459320349714255,199896.512343628,4.93209590675424e-06,0,0,0.967641122170385,0.0323539457337078,0,0,0,6.33862082605671,131.661379173943,5.42530549742967e-05,0,0,0.355893403070786,10.6440523438742
2013,42,10,"2013-10-17",0,"fall",12323,11490,9821,1669,0,0,0,0,9821,1669,833,0,0,0,0,116,4,NA,NA,0,17,17,2381.68801074201,0,0,0,0,67548.0885261746,686.200627344637,0,0,0,0,14587.1409289957,15273.3415563403,0,0,0,0.955072004065818,0.0449279959341823,69929.7765369167,0,0,0,0.965941718554117,0.034058281445883,0,0,0,5.21164752836515,110.788352471635,0,0,0,0.578990784580011,16.42100921542
2013,43,10,"2013-10-24",0,"fall",4838,4404,3739,665,0,0,0,0,3739,665,434,0,0,0,0,121,3,NA,NA,0,16,16,1240.87946778155,0,0,0,0,25774.6766370919,717.651489431266,0,0,0,0,7591.93757729779,8309.58906672906,0,0,0,0.913635742553782,0.086364257446218,27015.5561048734,0,0,0,0.954067965028574,0.0459320349714255,0,0,0,10.4500751509924,110.549924849008,0,0,0,0.734912559542807,15.2650874404572
2013,44,10,"2013-10-31",0,"fall",2686,2446,2136,310,0,0,0,0,2136,310,240,0,0,0,0,68,2,NA,NA,0,14,14,686.200627344637,0,0,0,0,14587.1409289957,480.340439141246,0,0,0,0,2772.12636669502,3252.46680583627,0,0,0,0.852315037226724,0.147684962773276,15273.3415563403,0,0,0,0.955072004065818,0.0449279959341823,0,0,0,10.0425774685828,57.9574225314172,0,0,0,0.628991943078553,13.3710080569214
2013,45,11,"2013-11-07",0,"fall",1493,1242,1125,117,0,0,0,0,1125,117,251,0,0,0,0,126,2,NA,NA,0,11,11,717.651489431266,0,0,0,0,7591.93757729779,391.706191442564,0,0,0,0,781.373993723723,1173.08018516629,0,0,0,0.666087453870821,0.333912546129179,8309.58906672906,0,0,0,0.913635742553782,0.086364257446218,0,0,0,42.0729808122766,83.9270191877234,0,0,0,0.950006831908398,10.0499931680916
2013,46,11,"2013-11-14",0,"fall",621,453,411,42,0,0,0,0,411,42,168,0,0,0,0,108,1,NA,NA,0,14,14,480.340439141246,0,0,0,0,2772.12636669502,474.622100580041,0,0,0,0,372.36238708944,846.98448766948,0,0,0,0.439633065906571,0.560366934093429,3252.46680583627,0,0,0,0.852315037226724,0.147684962773276,0,0,0,60.5196288820904,47.4803711179096,0,0,0,2.06758947882587,11.9324105211741
2013,47,11,"2013-11-21",0,"fall",262,125,117,8,0,0,0,0,117,8,137,0,0,0,0,99,3,NA,NA,0,16,16,391.706191442564,0,0,0,0,781.373993723723,280.19858949906,0,0,0,0,67.4053145825519,347.603904081612,0,0,0,0.193914147082554,0.806085852917446,1173.08018516629,0,0,0,0.666087453870821,0.333912546129179,0,0,0,79.8024994388271,19.1975005611729,0,0,0,5.34260073806687,10.6573992619331
2013,48,11,"2013-11-28",0,"fall",225,59,56,3,0,0,0,0,56,3,166,0,0,0,5755.09875837886,50,3,NA,NA,0,12,12,474.622100580041,0,0,0,0,372.36238708944,203.001018922788,0,0,0,0,43.8442829870762,6001.94406028872,0,0,0,0.00730501360003797,0.0338225443095888,846.98448766948,0,0,0,0.439633065906571,0.560366934093429,0,0,0,1.69112721547944,0.365250680001898,0,0,0,6.72440320912115,5.27559679087885
2013,49,12,"2013-12-05",0,"fall",109,11,10,1,0,0,0,0,10,1,98,0,0,0,61853.7121553849,59,1,NA,NA,0,15,15,280.19858949906,0,0,0,0,67.4053145825519,42.8875392090398,0,0,0,0,21.5966567597638,61918.1963513537,0,0,0,0.000348793376299497,0.000692648393142384,347.603904081612,0,0,0,0.193914147082554,0.806085852917446,0,0,0,0.0408662551954007,0.0205788092016703,0,0,0,12.0912877937617,2.90871220623832
2013,50,12,"2013-12-12",0,"fall",77,6,7,-1,0,0,0,0,7,-1,71,0,0,0,213189.691264143,55,3,NA,NA,0,8,8,203.001018922788,0,0,0,0,43.8442829870762,57.1833856120531,0,0,0,0,0,213246.874649755,0,0,0,0,0.000268155796918353,246.845301909865,0,0,0,0.177618462445301,0.822381537554699,0,0,0,0.0147485688305094,0,0,0,0,6.57905230043759,1.42094769956241
2013,51,12,"2013-12-19",0,"fall",19,4,3,1,0,0,0,0,3,1,15,0,0,0,25195.2681182372,32,3,NA,NA,0,8,8,42.8875392090398,0,0,0,0,21.5966567597638,48.6058777702451,0,0,0,0,11.1902927565356,25255.064288764,0,0,0,0.000443091042199966,0.00192459924926305,64.4841959688037,0,0,0,0.334913949616615,0.665086050383385,0,0,0,0.0615871759764175,0.0141789133503989,0,0,0,5.32068840306708,2.67931159693292
2013,52,12,"2013-12-26",0,"fall",20,0,0,0,0,0,0,0,0,0,20,0,0,0,48758.3403122661,89,2,NA,NA,0,9,9,57.1833856120531,0,0,0,0,0,454.607915615822,0,0,0,0,13.1506228128519,49226.0988506948,0,0,0,0.000267147369380994,0.00923509939300026,57.1833856120531,0,0,0,0,1,0,0,0,0.821923845977023,0.0237761158749085,0,0,0,9,0
2014,1,1,"2014-01-02",0,"spring",19,2,2,0,2,0,0,0,0,0,17,0,0,0,31540.1110021227,78,4,NA,NA,NA,NA,NA,48.6058777702451,0,0,0,0,11.1902927565356,82.915909137477,0,0,0,0,0,31623.0269112602,0,0,0,0,0.00262201051689813,59.7961705267807,0,0,0,0.18714062552758,0.81285937447242,0,0,0,0.204516820318054,0,NA,NA,NA,NA,NA
2014,2,1,"2014-01-09",0,"spring",162,3,2,1,2,1,0,0,0,0,159,0,0,0,13176.2772919123,135,2,NA,NA,0,5,5,454.607915615822,0,0,0,0,13.1506228128519,37.1692006478345,0,0,0,0,0,13213.4464925601,0,0,0,0,0.00281298302216327,467.758538428674,0,0,0,0.0281141266967106,0.971885873303289,0,0,0,0.379752707992042,0,0,0,0,4.85942936651645,0.140570633483553
2014,3,1,"2014-01-16",0,"spring",29,0,0,0,0,0,0,0,0,0,29,0,0,0,46579.5414877552,167,5,NA,NA,0,8,8,82.915909137477,0,0,0,0,0,102.930094101696,0,0,0,0,0,46682.4715818569,0,0,0,0,0.00220489812586742,82.915909137477,0,0,0,0,1,0,0,0,0.36821798701986,0,0,0,0,8,0
2014,4,1,"2014-01-23",0,"spring",13,0,0,0,0,0,0,0,0,0,13,0,0,0,30863.8776033576,128,5,NA,NA,0,6,6,37.1692006478345,0,0,0,0,0,14.2958464030133,0,0,0,0,0,30878.1734497606,0,0,0,0,0.000462975778870887,37.1692006478345,0,0,0,0,1,0,0,0,0.0592608996954735,0,0,0,0,6,0
2014,5,1,"2014-01-30",0,"spring",36,0,0,0,0,0,0,0,0,0,36,0,0,0,45069.6529835698,219,4,NA,NA,0,4,4,102.930094101696,0,0,0,0,0,303.071943743881,0,0,0,0,0,45372.7249273137,0,0,0,0,0.00667960639854444,102.930094101696,0,0,0,0,1,0,0,0,1.46283380128123,0,0,0,0,4,0
2014,6,2,"2014-02-06",0,"spring",5,0,0,0,0,0,0,0,0,0,5,0,0,0,37904.8464275131,106,4,NA,NA,0,5,5,14.2958464030133,0,0,0,0,0,223.015203887007,0,0,0,0,0,38127.8616314001,0,0,0,0,0.00584914008666416,14.2958464030133,0,0,0,0,1,0,0,0,0.620008849186401,0,0,0,0,5,0
2014,7,2,"2014-02-13",0,"spring",106,0,0,0,0,0,0,0,0,0,106,0,0,0,79231.0396118339,219,4,NA,NA,0,5,5,303.071943743881,0,0,0,0,0,383.128683600756,0,0,0,0,0,79614.1682954347,0,0,0,0,0.00481231785502086,303.071943743881,0,0,0,0,1,0,0,0,1.05389761024957,0,0,0,0,5,0
2014,8,2,"2014-02-20",0,"spring",78,0,0,0,0,0,0,0,0,0,78,0,0,0,234672.65080194,392,5,NA,NA,0,6,6,223.015203887007,0,0,0,0,0,1363.82374684747,137.510731979779,57.9897578922884,2.2323997459276,0,5.59514637826779,236239.802584784,0.000245469888045121,0.000582081133133475,9.44971897835217e-06,2.3684181569106e-05,0.00577304811435408,223.015203887007,0,0,0,0,1,0.0962241961136873,0.228175804188322,0.00370428983951405,2.2630348608268,0.00928419917508957,0,0,0,6,0
2014,9,2,"2014-02-27",0,"spring",134,0,0,0,0,0,0,0,0,0,134,0,0,0,1813676.15213128,244,3,NA,NA,0,5,5,383.128683600756,0,0,0,0,0,1469.61301022976,105.465698889338,22.2265716137222,4.53921281671946,0,27.975731891339,1815305.97235673,1.22439808782574e-05,5.80980289247973e-05,2.50052216311855e-06,1.541102839816e-05,0.000809567661104445,383.128683600756,0,0,0,0,1,0.0029875313342948,0.0141759190576505,0.000610127407800926,0.197534509309485,0.00376029092915104,0,0,0,5,0
2014,10,3,"2014-03-06",0,"spring",478,1,1,0,1,0,0,0,0,0,477,5055,13293,30,2641570.28322361,452,3,NA,NA,0,6,6,1363.82374684747,137.510731979779,57.9897578922884,2.2323997459276,0,5.59514637826779,1769.82578469304,80.5478293555147,15.1725252350394,12.7246785517873,0,656.592456313648,2644105.14649776,5.73824579371821e-06,3.04631718077491e-05,4.81247070247633e-06,0.000248323126326249,0.000669347732648704,1567.15178284373,0.0370032810651314,0.0877456373308363,0.00142449491514901,0.00357026450119268,0.870256322187691,0.00259368709876063,0.0137693536571026,0.0021752367575193,0.302545175157214,0.112242053099465,0.222019686390789,0.526473823985018,0.00854696949089408,5.22153793312614,0.0214215870071561
2014,11,3,"2014-03-13",0,"spring",519,5,5,0,5,0,0,0,0,0,514,3877,5095,61,4034118.47855574,685,4,NA,NA,0,3,3,1469.61301022976,105.465698889338,22.2265716137222,4.53921281671946,0,27.975731891339,1235.16112922035,89.3071677724265,18.645018072041,23.3657840073756,0,2402.84981391456,4037887.80746872,4.61751761342997e-06,2.21172979613843e-05,5.78663527108326e-06,0.000595075922978866,0.000305892879672317,1629.82022544088,0.0136374375938976,0.0647100196960733,0.00278510031098157,0.0171649188386843,0.901702523560363,0.00316299956519953,0.0151503491035482,0.00396384516069203,0.209536622575537,0.407627007240523,0.0409123127816929,0.19413005908822,0.00835530093294471,2.70510757068109,0.051494756516053
2014,12,3,"2014-03-20",0,"spring",737,118,117,1,117,1,0,0,0,0,619,2961,3478,171,4287028.3967455,662,4,NA,NA,0,1,1,1769.82578469304,80.5478293555147,15.1725252350394,12.7246785517873,0,656.592456313648,886.342476986823,138.081993180882,12.3369469133673,90.1145364106109,0,6520.87754831965,4294676.15024731,2.87261401832519e-06,3.21518988510766e-05,2.09828478930644e-05,0.00151836304303042,0.000206381679544285,2534.86327414903,0.00598553988681418,0.0317760055056836,0.00501986780965892,0.259024801459585,0.698193785338258,0.00190167048013128,0.0212845570394127,0.0138906453052087,0.136624671858317,1.00515633448613,0.00598553988681418,0.0317760055056836,0.00501986780965892,0.698193785338258,0.259024801459585
2014,13,3,"2014-03-27",0,"spring",866,434,427,7,427,7,0,0,0,0,432,3283,4274,314,1192464.0290872,875,4,NA,NA,1,8,10,1235.16112922035,89.3071677724265,18.645018072041,23.3657840073756,0,2402.84981391456,992.131740369121,472.677839541176,3047.34367316278,328.088349326493,0,33667.9966645721,1230972.26735417,0.00247555834845304,0.000383987399291409,0.000266527815473602,0.027350735315051,0.000805974079742342,3769.32891298675,0.00494650864980286,0.0236931214638048,0.00619892414452655,0.637474168315703,0.327687277426163,2.16611355489641,0.335988974379983,0.233211838539402,0.705227319774549,23.9318934006696,0.0445185778482257,0.213238093174243,0.0557903173007389,2.94918549683547,5.73726751484132
2014,14,4,"2014-04-03",0,"spring",1480,1170,1163,7,1163,7,0,0,0,0,310,5076,2828,1211,1299394.69620755,1129,4,NA,NA,6,19,25,886.342476986823,138.081993180882,12.3369469133673,90.1145364106109,0,6520.87754831965,740.524843676087,4921.33363875882,82.8686858438208,734.60834305991,0,85932.3807134068,1391806.4124323,5.95403822712678e-05,0.00353593257999034,0.000527809281878592,0.0617416186229757,0.000532060232702879,7647.75350181134,0.00161314651556766,0.0180552358477791,0.0117831381972847,0.852652683794687,0.115895795644681,0.0672210915842614,3.99206788280909,0.59589667924093,0.600696002721551,69.7062874253395,0.0403286628891914,0.451380896194478,0.294578454932117,2.89739489111703,21.3163170948672
2014,15,4,"2014-04-10",0,"spring",6378,6031,6010,21,6010,21,0,0,0,0,347,17376,698543,4409,265570.56351098,876,5,NA,NA,14,28,42,992.131740369121,472.677839541176,3047.34367316278,328.088349326493,0,33667.9966645721,826.299922094167,7591.95255100074,50.8092010961771,1721.25461743505,0,214839.400846698,490600.280649304,0.000103565373075066,0.0154748230900987,0.00350846643454216,0.437911288110885,0.00168426304404182,38508.2382669716,0.0791348503672387,0.012274719925232,0.00851995219962824,0.874306334949864,0.0257641425580372,0.0907232668137575,13.5559450269264,3.07341659665893,1.47541442658063,383.610288385135,3.32366371542403,0.515538236859742,0.357837992384386,1.08209398743756,36.7208660678943
2014,16,4,"2014-04-17",0,"spring",15670,15411,15330,81,15330,81,0,0,0,0,259,180912,18996,9872,35630.6479891927,304,5,NA,NA,18,36,55,740.524843676087,4921.33363875882,82.8686858438208,734.60834305991,0,85932.3807134068,766.257367201511,9600.88777487941,32.5262645636728,7517.90379771066,19.04,365565.810925968,419133.074119516,7.76036695075939e-05,0.0229065382040018,0.017936794450077,0.872195093870656,0.00182819589890683,92411.7162247455,0.000896733544502993,0.0532544339593275,0.00794929878018216,0.92988621166194,0.00801332205404702,0.0235915155303086,6.96358761401656,5.45278551282342,0.555771553267677,265.14730853668,0.0484236114031616,2.87573943380369,0.429262134129837,0.432719390918539,50.2138554297448
2014,17,4,"2014-04-24",0,"spring",39060,38771,38196,575,38196,575,0,0,0,0,289,279086,11647,23131,19807.2276107768,267,4,NA,NA,19,30,49,826.299922094167,7591.95255100074,50.8092010961771,1721.25461743505,0,214839.400846698,906.356661951041,12879.7910546386,4136.65507878815,11476.7670938138,3809.36,167825.188034993,220841.345534962,0.0187313433939084,0.0583214661341555,0.0519683805856766,0.759935543901242,0.0041041076785486,225029.717138325,0.000225788850211926,0.0337375554106661,0.00764901026995026,0.954715686349274,0.00367195911989813,5.00126868617354,15.5718314578195,13.8755576163756,1.09579675017248,202.902790221632,0.0110636536603843,1.65314021512264,0.374801503227563,0.179925996875008,46.7810686311144
2014,18,5,"2014-05-01",14,"spring",68627,68359,63706,4653,63706,4653,0,0,0,0,268,352936,7456,101029,546.315011612168,474,6,NA,NA,18,16,35,766.257367201511,9600.88777487941,32.5262645636728,7517.90379771066,19.04,365565.810925968,1503.923041597,12245.3374835279,86.3673532499455,6656.71838905665,53635.68,99687.4558816462,174361.79716069,0.000495334153790295,0.0702294750509068,0.0381776197392706,0.571727623280777,0.00862530133370326,383502.426130323,8.48137126324713e-05,0.0250347510751257,0.0196032757173638,0.953229460931076,0.00199805089874743,0.2347883888966,33.2887711741298,18.0961917564143,4.08839283217535,270.998893435088,0.00288366622950402,0.851181536554274,0.666511374390368,0.0679337305574126,32.4098016716566
2014,19,5,"2014-05-08",2801,"spring",36458,36141,26680,9461,26680,9461,0,0,0,0,317,473471,948246,154230,0,511,4,NA,NA,9,3,13,906.356661951041,12879.7910546386,4136.65507878815,11476.7670938138,3809.36,167825.188034993,1326.65454619963,7621.168481,333.813004883616,3266.52172156613,229924.32,82826.6198807627,325299.097634412,0.00102617255108027,0.023428188201017,0.010041594782526,0.254616814135302,0.00407826076323948,201034.117924185,0.0205768807877088,0.0640676875528954,0.0570886534699646,0.834809482927094,0.00450847185199107,0.52437417360202,11.9718041707197,5.13125493387079,2.08399125001537,130.10919202314,0.246922569452506,0.768812250634745,0.685063841639576,0.0541016622238929,10.0177137951251
2014,20,5,"2014-05-15",39438,"spring",22416,21890,15620,6270,15620,6270,0,0,0,0,526,450148,19798,89456,0,401,4,NA,NA,4,0,4,1503.923041597,12245.3374835279,86.3673532499455,6656.71838905665,53635.68,99687.4558816462,1735.51575332581,1765.41473472279,207.228426175985,995.575873358846,733125.68,96167.8052353145,833997.220022898,0.000248476159393308,0.00211681129425626,0.00119374003828395,0.115309503349033,0.00208096107715822,173815.482149078,0.00049689102594365,0.0704502115238813,0.0382976148427752,0.573524605800917,0.00865241129847751,0.0996389399167165,0.848841328996761,0.478689755351866,0.834465391940447,46.2391108429622,0.0019875641037746,0.281800846095525,0.153190459371101,0.03460964519391,2.29409842320367
2014,21,5,"2014-05-22",169062,"spring",17593,17129,13549,3580,13549,3580,0,0,0,0,464,280160,76520,43897,0,436,4,NA,NA,1,0,1,1326.65454619963,7621.168481,333.813004883616,3266.52172156613,229924.32,82826.6198807627,3585.39827787573,623.545202461029,198.608268078102,518.73528762871,967875.28,130958.211457143,1103759.77849319,0.000179937946596709,0.000564928360872391,0.000469971181896906,0.118647385064097,0.00324835018247393,325299.097634412,0.00102617255108027,0.023428188201017,0.010041594782526,0.254616814135302,0.00407826076323948,0.078452944716165,0.246308765340362,0.204907435307051,1.41628067955863,51.7302598879462,0.00102617255108027,0.023428188201017,0.010041594782526,0.00407826076323948,0.254616814135302
2014,22,5,"2014-05-29",539063,"summer",16550,15943,13532,2411,0,0,13532,2411,0,0,607,64898,47503,13379,0,156,5,NA,NA,0,1,1,1735.51575332581,1765.41473472279,207.228426175985,995.575873358846,733125.68,96167.8052353145,4786.24937572884,119.447996859191,234.672461901584,246.010452001222,612825.52,117724.885709244,735936.785995735,0.000318875841467917,0.000162307414348878,0.000334282042537615,0.159966029622993,0.00650361480334615,833997.220022898,0.000248476159393308,0.00211681129425626,0.00119374003828395,0.115309503349033,0.00208096107715822,0.0497446312689951,0.025319956638425,0.0521479986358679,1.014563909322,24.9547006211868,0.000248476159393308,0.00211681129425626,0.00119374003828395,0.00208096107715822,0.115309503349033
2014,23,6,"2014-06-05",711673,"summer",22679,21425,18566,2859,0,0,18566,2859,0,0,1254,22922,45527,6971,0,40,4,NA,NA,NA,NA,NA,3585.39827787573,623.545202461029,198.608268078102,518.73528762871,967875.28,130958.211457143,8683.29710519026,61.2337601753676,292.365574677144,242.438612407738,766894.48,126450.574048534,902624.389100985,0.000323906132171257,6.78396915868366e-05,0.000268593022009085,0.140092130874593,0.00962005592806864,1103759.77849319,0.000179937946596709,0.000564928360872391,0.000469971181896906,0.118647385064097,0.00324835018247393,0.0129562452868503,0.00271358766347347,0.0107437208803634,0.384802237122746,5.6036852349837,NA,NA,NA,NA,NA
2014,24,6,"2014-06-12",450607,"summer",21542,19868,16395,3473,0,0,16395,3473,0,0,1674,4391,53794,3306,0,9,5,NA,NA,NA,NA,NA,4786.24937572884,119.447996859191,234.672461901584,246.010452001222,612825.52,117724.885709244,14107.1412304935,18.6339963216912,1398.79514850904,203.892510128054,136828.24,113937.898395792,266494.601281245,0.00524886861416313,6.99226034302504e-05,0.000765090584003526,0.4275429890437,0.0529359362728911,735936.785995735,0.000318875841467917,0.000162307414348878,0.000334282042537615,0.159966029622993,0.00650361480334615,0.0472398175274682,0.000629303430872254,0.00688581525603174,0.47642342645602,3.8478869013933,NA,NA,NA,NA,NA
2014,25,6,"2014-06-19",563893,"summer",24345,21308,17626,3682,0,0,17626,3682,0,0,3037,2251,67019,3258,0,0,1,NA,NA,NA,NA,NA,8683.29710519026,61.2337601753676,292.365574677144,242.438612407738,766894.48,126450.574048534,30656.0130266217,20.8646352974265,2899.58823046272,25.8214237278959,19764.88,107614.787417811,160981.954733921,0.0180118836005893,0.000129608534893942,0.000160399491797542,0.668489754616798,0.190431362802691,902624.389100985,0.000323906132171257,6.78396915868366e-05,0.000268593022009085,0.140092130874593,0.00962005592806864,0,0,0,0,0,NA,NA,NA,NA,NA
2014,26,6,"2014-06-26",100609,"summer",24327,19393,15788,3605,0,0,15788,3605,0,0,4934,685,320646,2740,0,0,4,NA,NA,NA,NA,NA,14107.1412304935,18.6339963216912,1398.79514850904,203.892510128054,136828.24,113937.898395792,46581.5859195785,18.49798175,3126.98852457627,104.178654809955,7655.44,65794.8263904832,123281.517471198,0.0253646174115826,0.000150046674711979,0.000845046824105599,0.533695786198079,0.377847278935881,266494.601281245,0.00524886861416313,6.99226034302504e-05,0.000765090584003526,0.4275429890437,0.0529359362728911,0,0,0,0,0,NA,NA,NA,NA,NA
2014,27,7,"2014-07-03",14533,"summer",29426,18704,14724,3980,0,0,14724,3980,0,0,10722,767,664673,347,0,0,3,NA,NA,NA,NA,NA,30656.0130266217,20.8646352974265,2899.58823046272,25.8214237278959,19764.88,107614.787417811,63107.5843614618,3.10113223455882,970.081880841341,17.2638913685068,3939.92,46062.3110617839,114100.26232769,0.00850201271277813,2.71790105587359e-05,0.000151304572104539,0.403700308150873,0.553088863023119,160981.954733921,0.0180118836005893,0.000129608534893942,0.000160399491797542,0.668489754616798,0.190431362802691,0,0,0,0,0,NA,NA,NA,NA,NA
2014,28,7,"2014-07-10",5629,"summer",27903,11611,8917,2694,0,0,8917,2694,0,0,16292,680,716800,1400,0,0,3,NA,NA,NA,NA,NA,46581.5859195785,18.49798175,3126.98852457627,104.178654809955,7655.44,65794.8263904832,75833.7468294242,5.95743824007353,574.370382409717,0,2641.12,30686.3625045936,109741.557154668,0.00523384574906487,5.42860735216034e-05,0,0.279623902742193,0.691021239315437,123281.517471198,0.0253646174115826,0.000150046674711979,0.000845046824105599,0.533695786198079,0.377847278935881,0,0,0,0,0,NA,NA,NA,NA,NA
2014,29,7,"2014-07-17",2897,"summer",30229,8157,6229,1928,0,0,6229,1928,0,0,22072,114,222372,232,0,1,1,NA,NA,NA,NA,NA,63107.5843614618,3.10113223455882,970.081880841341,17.2638913685068,3939.92,46062.3110617839,81986.6791212811,0,205.889160722519,0,877.2,25614.9496413679,108684.717923372,0.00189437084308101,0,0,0.235681245080176,0.754353332168429,114100.26232769,0.00850201271277813,2.71790105587359e-05,0.000151304572104539,0.403700308150873,0.553088863023119,0.00189437084308101,0,0,0.754353332168429,0.235681245080176,NA,NA,NA,NA,NA
2014,30,7,"2014-07-24",1942,"summer",32206,5683,4029,1654,0,0,4029,1654,0,0,26523,219,131663,0,0,10,3,NA,NA,NA,NA,NA,75833.7468294242,5.95743824007353,574.370382409717,0,2641.12,30686.3625045936,79645.0194804675,0,240.614089092534,0,376.72,29205.3616303722,109467.715199932,0.00219803700710365,0,0,0.266794292518405,0.727566290526879,109741.557154668,0.00523384574906487,5.42860735216034e-05,0,0.279623902742193,0.691021239315437,0.0219803700710365,0,0,7.27566290526879,2.66794292518405,NA,NA,NA,NA,NA
2014,31,7,"2014-07-31",645,"summer",33483,4808,3332,1476,0,0,3332,1476,0,0,28675,0,47196,0,0,57,4,NA,NA,NA,NA,NA,81986.6791212811,0,205.889160722519,0,877.2,25614.9496413679,102830.023176874,0,102.259679135871,0,122.4,98065.4841650877,201120.167021098,0.000508450647443742,0,0,0.487596473380019,0.511286484592504,108684.717923372,0.00189437084308101,0,0,0.235681245080176,0.754353332168429,0.0289816869042933,0,0,29.1433296217727,27.7929989826611,NA,NA,NA,NA,NA
2014,32,8,"2014-08-07",277,"fall",33349,5493,4021,1472,0,0,0,0,4021,1472,27856,0,55156,0,0,143,4,NA,NA,NA,NA,NA,79645.0194804675,0,240.614089092534,0,376.72,29205.3616303722,46241.3447751867,0,86.9344689142799,0,78.88,133251.958990958,179659.118235059,0.000483885648378494,0,0,0.741693270567076,0.257383790087884,109467.715199932,0.00219803700710365,0,0,0.266794292518405,0.727566290526879,0.0691956477181247,0,0,36.8058819825675,106.062137691092,NA,NA,NA,NA,NA
2014,33,8,"2014-08-14",90,"fall",52315,16350,14400,1950,0,0,0,0,14400,1950,35965,0,23441,0,0,296,4,NA,NA,NA,NA,NA,102830.023176874,0,102.259679135871,0,122.4,98065.4841650877,58287.0249543657,0,18.9765626142672,0,51.68,536115.193907881,594472.875424861,3.1921662701103e-05,0,0,0.901832894435642,0.0980482497417714,201120.167021098,0.000508450647443742,0,0,0.487596473380019,0.511286484592504,0.00944881215952649,0,0,29.0222819235643,266.94253675295,NA,NA,NA,NA,NA
2014,34,8,"2014-08-21",58,"fall",38016,21843,19727,2116,0,0,0,0,19727,2116,16173,0,19928,0,0,380,4,NA,NA,0,2,2,46241.3447751867,0,86.9344689142799,0,78.88,133251.958990958,71556.4295856426,0,7.13693251423935,0,0,1918730.41521131,1990293.98172947,3.58586850975538e-06,0,0,0.964043720588467,0.035952693543023,179659.118235059,0.000483885648378494,0,0,0.741693270567076,0.257383790087884,0.00136263003370704,0,0,13.6620235463487,366.336613823618,0.000967771296756988,0,0,0.514767580175769,1.48338654113415
2014,35,8,"2014-08-28",38,"fall",107969,87583,79496,8087,0,0,0,0,79496,8087,20386,0,4350,0,0,320,3,NA,NA,NA,NA,NA,58287.0249543657,0,18.9765626142672,0,51.68,536115.193907881,79739.3720667274,0,5.74968035071361,0,0,1400660.52055272,1480405.6422998,3.88385465876875e-06,0,0,0.946132925011556,0.0538631911337848,594472.875424861,3.1921662701103e-05,0,0,0.901832894435642,0.0980482497417714,0.001242833490806,0,0,17.2362211628111,302.762536003698,NA,NA,NA,NA,NA
2014,36,9,"2014-09-04",0,"fall",336660,311633,285294,26339,0,0,0,0,285294,26339,25027,0,1636,0,0,449,6,NA,NA,0,4,4,71556.4295856426,0,7.13693251423935,0,0,1918730.41521131,67870.9603829458,0,2.49967135125865,0,0,919258.425801746,987131.885856043,2.53225671977046e-06,0,0,0.931241750948571,0.0687557167947097,1990293.98172947,3.58586850975538e-06,0,0,0.964043720588467,0.035952693543023,0.00113698326717694,0,0,30.8713168408247,418.127546175908,1.43434740390215e-05,0,0,0.143810774172092,3.85617488235387
2014,37,9,"2014-09-11",0,"fall",263459,235570,204797,30773,0,0,0,0,204797,30773,27889,0,1318,0,0,381,5,NA,NA,0,6,6,79739.3720667274,0,5.74968035071361,0,0,1400660.52055272,38147.0365418006,0,3.56410382893249,0,0,421577.701613988,459728.302259617,7.75263087222281e-06,0,0,0.917014896715919,0.0829773506532088,1480405.6422998,3.88385465876875e-06,0,0,0.946132925011556,0.0538631911337848,0.00295375236231689,0,0,31.6143705988725,349.382675648765,2.33031279526125e-05,0,0,0.323179146802709,5.67679755006934
2014,38,9,"2014-09-18",0,"fall",184813,161075,131634,29441,0,0,0,0,131634,29441,23738,0,573,0,0,345,4,NA,NA,0,7,7,67870.9603829458,0,2.49967135125865,0,0,919258.425801746,15042.0895852506,0,3.04933730284432,0,0,226700.793993225,241745.932915778,1.26138101521099e-05,0,0,0.937764665816343,0.0622227203735049,987131.885856043,2.53225671977046e-06,0,0,0.931241750948571,0.0687557167947097,0.00435176450247791,0,0,21.4668385288592,323.528809706638,1.77257970383932e-05,0,0,0.481290017562968,6.51869225663999
2014,39,9,"2014-09-25",0,"fall",89327,75985,59461,16524,0,0,0,0,59461,16524,13342,0,817,0,0,362,5,NA,NA,0,9,9,38147.0365418006,0,3.56410382893249,0,0,421577.701613988,6930.62633618083,0,3.17148529208558,0,0,83836.3233479487,90770.1211694216,3.49397494596932e-05,0,0,0.923611451299805,0.0763536089507348,459728.302259617,7.75263087222281e-06,0,0,0.917014896715919,0.0829773506532088,0.0126481893044089,0,0,27.640006440166,334.34734537053,6.97736778500053e-05,0,0,0.746796155878879,8.25313407044327
2014,40,10,"2014-10-02",0,"fall",47669,42408,31311,11097,0,0,0,0,31311,11097,5261,0,699,0,0,262,4,NA,NA,0,9,9,15042.0895852506,0,3.04933730284432,0,0,226700.793993225,7216.5432642411,0,4.52383803011382,0,0,45018.3615710994,52239.4286733706,8.65981528703027e-05,0,0,0.861769791790388,0.138143610056742,241745.932915778,1.26138101521099e-05,0,0,0.937764665816343,0.0622227203735049,0.0226887160520193,0,0,36.1936258348664,225.783685449082,0.000113524291368989,0,0,0.560004483361544,8.43988199234709
2014,41,10,"2014-10-09",0,"fall",17592,15168,11800,3368,0,0,0,0,11800,3368,2424,0,727,0,0,166,5,NA,NA,0,12,12,6930.62633618083,0,3.17148529208558,0,0,83836.3233479487,3288.04467269305,0,9.66277843462113,0,0,14845.4116627682,18143.1191138958,0.000532586396746985,0,0,0.818239221689177,0.181228191914076,90770.1211694216,3.49397494596932e-05,0,0,0.923611451299805,0.0763536089507348,0.0884093418599995,0,0,30.0838798577366,135.827710800403,0.000419276993516318,0,0,0.916243307408818,11.0833374155977
2014,42,10,"2014-10-16",0,"fall",10742,8218,6305,1913,0,0,0,0,6305,1913,2524,0,1037,0,0,106,4,NA,NA,0,13,13,7216.5432642411,0,4.52383803011382,0,0,45018.3615710994,2264.4620702373,0,2.10705281441174,0,0,9788.58499937794,12055.1541224297,0.000174784394543027,0,0,0.811983397306007,0.18784181829945,52239.4286733706,8.65981528703027e-05,0,0,0.861769791790388,0.138143610056742,0.0185271458215608,0,0,19.9112327397418,86.0702401144367,0.00112577598731394,0,0,1.79586693073765,11.203007293275
2014,43,10,"2014-10-23",0,"fall",3900,2750,2062,688,0,0,0,0,2062,688,1150,0,2215,0,0,59,4,NA,NA,0,16,16,3288.04467269305,0,9.66277843462113,0,0,14845.4116627682,1421.00713245952,0,0,0,0,4677.31507859081,6098.32221105033,0,0,0,0.766983920612687,0.233016079387313,18143.1191138958,0.000532586396746985,0,0,0.818239221689177,0.181228191914076,0,0,0,13.7479486838515,45.2520513161485,0.00852138234795176,0,0,2.89965107062522,13.0918275470268
2014,44,10,"2014-10-30",0,"fall",2644,1852,1343,509,0,0,0,0,1343,509,792,0,483,0,0,35,3,NA,NA,0,9,9,2264.4620702373,0,2.10705281441174,0,0,9788.58499937794,974.976724685505,0,0,0,0,849.476143506089,1824.45286819159,0,0,0,0.46560596785824,0.53439403214176,12055.1541224297,0.000174784394543027,0,0,0.811983397306007,0.18784181829945,0,0,0,18.7037911249616,16.2962088750384,0.00157305955088724,0,0,1.69057636469505,7.30785057575406
2014,45,11,"2014-11-06",0,"fall",1365,868,649,219,0,0,0,0,649,219,497,0,0,0,543.28549015616,60,3,NA,NA,0,17,17,1421.00713245952,0,0,0,0,4677.31507859081,829.15909137477,0,0,0,0,1034.65221676682,2407.09679829775,0,0,0,0.429834071275615,0.344464373830389,6098.32221105033,0,0,0,0.766983920612687,0.233016079387313,0,0,0,20.6678624298234,25.7900442765369,0,0,0,3.96127334958433,13.0387266504157
2014,46,11,"2014-11-13",0,"fall",503,162,116,46,0,0,0,0,116,46,341,0,0,0,954.27441244674,16,3,NA,NA,0,17,17,974.976724685505,0,0,0,0,849.476143506089,1192.27359001131,0,0,0,0,643.308517220877,2789.85651967892,0,0,0,0.230588387855485,0.427360182002665,1824.45286819159,0,0,0,0.46560596785824,0.53439403214176,0,0,0,6.83776291204264,3.68941420568776,0,0,0,9.08469854640992,7.91530145359008
2014,47,11,"2014-11-20",0,"fall",467,177,150,27,0,0,0,0,150,27,290,0,0,0,33061.5503825909,23,3,NA,NA,0,19,19,829.15909137477,0,0,0,0,1034.65221676682,697.637304467048,0,0,0,0,147.898817114472,33907.0865041724,0,0,0,0.00436188515035853,0.0205749704971319,1863.81130814159,0,0,0,0.555127127004329,0.444872872995671,0,0,0,0.473224321434035,0.100323358458246,0,0,0,8.45258458691776,10.5474154130822
2014,48,11,"2014-11-27",0,"fall",530,113,92,21,0,0,0,0,92,21,417,0,0,0,57784.3793829211,41,4,NA,NA,0,14,14,1192.27359001131,0,0,0,0,643.308517220877,440.312069212809,0,0,0,0,86.3866270390554,58311.0780791729,0,0,0,0.00148147881817178,0.00755108778155271,1835.58210723218,0,0,0,0.350465672271616,0.649534327728384,0,0,0,0.309594599043661,0.0607406315450429,0,0,0,9.09348058819737,4.90651941180262
2014,49,12,"2014-12-04",0,"fall",268,24,22,2,0,0,0,0,22,2,244,0,0,0,76153.520842872,22,5,NA,NA,0,8,8,697.637304467048,0,0,0,0,147.898817114472,331.663636549908,0,0,0,0,15.0525627850798,76500.237042207,0,0,0,0.000196764916908362,0.00433545893938762,845.536121581519,0,0,0,0.174917207366418,0.825082792633582,0,0,0,0.0953800966665276,0.00432882817198396,0,0,0,6.60066234106865,1.39933765893135
2014,50,12,"2014-12-11",0,"fall",170,16,12,4,0,0,0,0,12,4,154,0,0,0,34456.6385242383,54,4,NA,NA,0,10,10,440.312069212809,0,0,0,0,86.3866270390554,603.28471820716,0,0,0,0,15.0525627850798,35074.9758052305,0,0,0,0.0004291539035883,0.017199861278798,526.698696251864,0,0,0,0.164015266515385,0.835984733484615,0,0,0,0.928792509055091,0.0231743107937682,0,0,0,8.35984733484615,1.64015266515385
2014,51,12,"2014-12-18",0,"fall",119,3,2,1,0,0,0,0,2,1,116,0,0,0,155890.795594904,60,4,NA,NA,0,9,9,331.663636549908,0,0,0,0,15.0525627850798,554.678840436915,0,0,0,0,0,156445.474435341,0,0,0,0,0.00354550901800718,346.716199334988,0,0,0,0.0434146509853047,0.956585349014695,0,0,0,0.212730541080431,0,0,0,0,8.60926814113226,0.390731858867743
2014,52,12,"2014-12-25",0,"fall",214,3,2,1,0,0,0,0,2,1,211,0,0,0,72533.055301737,77,2,NA,NA,NA,NA,NA,603.28471820716,0,0,0,0,15.0525627850798,343.100313672319,0,0,0,0,0,72876.1556154093,0,0,0,0,0.00470799139684272,618.33728099224,0,0,0,0.0243436118891701,0.97565638811083,0,0,0,0.36251533755689,0,NA,NA,NA,NA,NA
2015,1,1,"2015-01-01",0,"spring",194,0,0,0,0,0,0,0,0,0,194,0,0,0,158562.147542539,170,3,NA,NA,NA,NA,NA,554.678840436915,0,0,0,0,0,537.523824753299,0,0,0,0,0,159099.671367292,0,0,0,0,0.00337853510402538,554.678840436915,0,0,0,0,1,0,0,0,0.574350967684315,0,NA,NA,NA,NA,NA
2015,2,1,"2015-01-08",0,"spring",120,0,0,0,0,0,0,0,0,0,120,0,0,0,144328.098980276,93,5,NA,NA,0,10,10,343.100313672319,0,0,0,0,0,265.902743096047,0,0,0,0,0,144594.001723372,0,0,0,0,0.00183896109054893,343.100313672319,0,0,0,0,1,0,0,0,0.171023381421051,0,0,0,0,10,0
2015,3,1,"2015-01-15",0,"spring",188,0,0,0,0,0,0,0,0,0,188,0,0,0,246102.940947726,91,4,NA,NA,0,13,13,537.523824753299,0,0,0,0,0,148.676802591338,0,0,0,0,0,246251.617750317,0,0,0,0,0.000603759698919366,537.523824753299,0,0,0,0,1,0,0,0,0.0549421326016623,0,0,0,0,13,0
2015,4,1,"2015-01-22",0,"spring",93,0,0,0,0,0,0,0,0,0,93,0,0,0,466218.655753631,153,4,NA,NA,0,12,12,265.902743096047,0,0,0,0,0,437.452899932206,0,0,0,0,5.59514637826779,466661.703799941,0,0,0,1.19897268893238e-05,0.00093740904036073,265.902743096047,0,0,0,0,1,0,0,0,0.143423583175192,0.00183442821406653,0,0,0,12,0
2015,5,1,"2015-01-29",0,"spring",52,0,0,0,0,0,0,0,0,0,52,0,0,0,547465.209977103,241,6,NA,NA,0,9,9,148.676802591338,0,0,0,0,0,414.579545687385,0,0,0,0,0,547879.78952279,0,0,0,0,0.000756698008606028,148.676802591338,0,0,0,0,1,0,0,0,0.182364220074053,0,0,0,0,9,0
2015,6,2,"2015-02-05",0,"spring",154,1,1,0,1,0,0,0,0,0,153,0,0,0,577831.787217856,851,5,NA,NA,0,10,11,437.452899932206,0,0,0,0,5.59514637826779,669.045611661021,0,0,0,0,0,578500.832829517,0,0,0,0,0.0011565162462924,443.048046310474,0,0,0,0.0126287575915568,0.987371242408443,0,0,0,0.984195325594834,0,0,0,0,9.87371242408443,0.126287575915568
2015,7,2,"2015-02-12",0,"spring",145,0,0,0,0,0,0,0,0,0,145,0,0,0,1665878.03764035,1273,3,NA,NA,0,8,9,414.579545687385,0,0,0,0,0,1243.73863706215,0.190420400367647,2.25537537277613,0,0,279.757318913389,1667403.9793921,1.3526268382773e-06,1.14201718792269e-07,0,0.0001677801674765,0.000745913199460874,414.579545687385,0,0,0,0,1,0.00172189396512701,0.000145378788022559,0,0.949547502913693,0.213584153197585,0,0,0,8,0
2015,8,2,"2015-02-19",0,"spring",234,0,0,0,0,0,0,0,0,0,234,0,0,0,2005568.11357612,1329,3,NA,NA,0,5,6,669.045611661021,0,0,0,0,0,620.439733890776,1.98581274669118,22.2571086110325,0,0,669.7430791265,2006882.5393105,1.10903892854035e-05,9.89501232779393e-07,0,0.000333723108357205,0.000309155977860039,669.045611661021,0,0,0,0,1,0.0147391273603013,0.00131504713836381,0,0.410868294575992,0.443518011006725,0,0,0,5,0
2015,9,2,"2015-02-26",0,"spring",485,50,50,0,50,0,0,0,0,0,435,7,517,0,2293069.66759631,1120,2,NA,NA,1,1,3,1243.73863706215,0.190420400367647,2.25537537277613,0,0,279.757318913389,1764.10744613184,4.40687212279412,33.6953953178391,2.60446637024887,0,889.628274144579,2295764.1100504,1.46772027536833e-05,1.91956660682241e-06,1.13446601889412e-06,0.000387508572962685,0.000768418426966832,1525.94175174869,0.00147802192986169,0.000124788773981333,0,0.183334205642381,0.815062983653776,0.0164384670841253,0.0021499145996411,0.00127060194116141,0.860628638202852,0.434009601718207,0.00295604385972339,0.000249577547962667,0,1.63012596730755,0.366668411284763
2015,10,3,"2015-03-05",0,"spring",338,121,119,2,119,2,0,0,0,0,217,73,5102,0,1737488.54526098,1334,4,NA,NA,9,3,13,620.439733890776,1.98581274669118,22.2571086110325,0,0,669.7430791265,1300.92202267421,558.720657593015,42.8957563646183,4.16714619239819,0,1753.24114645413,1741148.49199026,2.46364721687725e-05,0.00032089202050444,2.39333187925565e-06,0.00100694521720548,0.000747163167678569,1314.425734375,0.016932952565491,0.00151078352679653,0,0.509532841309561,0.472023422598151,0.0328650538731425,0.428069955352924,0.00319270472692703,0.996715665683211,1.34326491975212,0.203195430785892,0.0181294023215583,0,5.66428107117782,6.11439409571473
2015,11,3,"2015-03-12",0,"spring",776,159,159,0,159,0,0,0,0,0,617,162,7724,35,662507.004832633,1512,1,NA,NA,13,13,27,1764.10744613184,4.40687212279412,33.6953953178391,2.60446637024887,0,889.628274144579,1015.00509461394,93.9588661242647,28.3383335039724,13.0967451761086,0,7342.79237834366,671000.196250395,4.22329734958788e-05,0.000140028075474962,1.95182434361335e-05,0.0109430554854913,0.00151267481035904,2694.4424540873,0.0125055167783321,0.00163554137744125,0.000966606789578326,0.330171562133409,0.65472077292124,0.0638562559257687,0.211722450118143,0.0295115840754339,2.28716431326286,16.5458998940629,0.325143436236635,0.0425240758134725,0.0251317765290365,17.0227400959522,8.58446061546863
2015,12,3,"2015-03-19",0,"spring",769,314,313,1,313,1,0,0,0,0,455,20539,9833,56,118970.561541298,1841,4,NA,NA,3,21,24,1300.92202267421,558.720657593015,42.8957563646183,4.16714619239819,0,1753.24114645413,531.805486192094,255.380959807353,11.3902999967475,101.797428414299,0,10761.9985030466,130632.934218755,8.71931727237604e-05,0.00195495080421066,0.000779263123982433,0.0823835012771346,0.00407099089806514,3659.94672927837,0.0117203225996341,0.152658139290234,0.00113858110531019,0.479034607916225,0.355448349088597,0.160522630984443,3.59906443055182,1.43462341125166,7.49469424333792,151.668025851205,0.281287742391219,3.66379534296562,0.0273259465274446,8.53076037812632,11.4968305899894
2015,13,3,"2015-03-26",0,"spring",1668,1313,1312,1,1312,1,0,0,0,0,355,3454,6496,176,42503.0166536079,1971,4,NA,NA,9,34,44,1015.00509461394,93.9588661242647,28.3383335039724,13.0967451761086,0,7342.79237834366,631.876411013187,623.273173317647,2420.77683749336,182.610299216878,0,54473.2829166094,100834.836291258,0.0240073463351596,0.00618112942155568,0.00181098423851667,0.540222852737768,0.00626644951540389,8493.19141776195,0.00333659423296501,0.01106284569635,0.00154202873006243,0.864550440131087,0.119508091209536,47.3184796265995,12.1830060898862,3.56944993411636,12.3511719948611,1064.77924274614,0.143473552017495,0.475702364943051,0.0663072353926846,5.13884792201004,37.1756689256367
2015,14,4,"2015-04-02",0,"spring",2114,1928,1921,7,1921,7,0,0,0,0,186,9388,2611,1368,19966.38182044,1319,4,NA,NA,17,42,59,531.805486192094,255.380959807353,11.3902999967475,101.797428414299,0,10761.9985030466,663.327273099816,2996.59143475699,1766.97100022314,686.314095223009,0,307232.790601413,333312.376225156,0.00530124629704578,0.00899033953882577,0.00205907174223677,0.921756323845215,0.00199010693995873,11662.3726774571,0.000976670898089588,0.0218978561970493,0.00872870651879173,0.922796655593859,0.0456001107922105,6.99234386580339,11.8582578517112,2.7159156280103,2.62495105380556,1215.79659115184,0.0576235829872857,1.29197351562591,0.514993684608712,2.69040653674042,54.4450026800377
2015,15,4,"2015-04-09",0,"spring",9975,9754,9726,28,9726,28,0,0,0,0,221,22912,554915,2454,2365.82127276428,1147,3,NA,NA,18,47,65,631.876411013187,623.273173317647,2420.77683749336,182.610299216878,0,54473.2829166094,580.411363962339,4769.29655052243,766.404471209727,3772.75557061765,0,321308.823589372,333563.512818448,0.00229762681395811,0.0142980163214622,0.0113104564067566,0.963261301796679,0.00174003253250977,58331.8196376505,0.041500108389056,0.0106849602359285,0.00313054350697833,0.933851939730154,0.0108324481378829,2.63537795560995,16.3998247207171,12.9730934985498,1.9958173147887,1104.86071316079,2.69750704528864,0.694522415335351,0.203485327953592,0.704109128962387,60.70037608246
2015,16,4,"2015-04-16",0,"spring",55394,55162,54775,387,54775,387,0,0,0,0,232,110157,405043,9223,710.518666164898,1121,3,NA,NA,36,59,95,663.327273099816,2996.59143475699,1766.97100022314,686.314095223009,0,307232.790601413,649.031426696803,11201.3984428838,1011.93937929741,7789.81008676464,0,198049.657779061,219412.355780869,0.00461204372787489,0.0510518124789238,0.0355030602494623,0.902636759330259,0.00295804411008194,313345.994404716,0.00563904128910271,0.009563203258589,0.00219027562974547,0.980490563426807,0.00211691639575602,5.17010101894775,57.2290817888736,39.7989305396472,3.31596744740186,1011.85580720922,0.535708922464757,0.908504309565955,0.20807618482582,0.201107057596822,93.1466035255466
2015,17,4,"2015-04-23",0,"spring",58253,58050,57090,960,57090,960,0,0,0,0,203,175323,175683,50700,0,937,3,NA,NA,49,41,90,580.411363962339,4769.29655052243,766.404471209727,3772.75557061765,0,321308.823589372,403.142868564974,10014.1544495059,90.0623299244936,34441.0912135467,152.32,115170.576802428,160271.34766397,0.000561936560946135,0.0624824998071514,0.214892379177824,0.718597419196213,0.0025153770430022,331197.691545684,0.00231403929065131,0.014400150340011,0.0113912495978169,0.970142098786494,0.00175246198502649,0.526534557606529,58.5461023193009,201.354159289622,2.35690828929306,673.325781786852,0.208263536158618,1.29601353060099,1.02521246380352,0.157721578652384,87.3127888907845
2015,18,4,"2015-04-30",0,"spring",36769,36542,34779,1763,34779,1763,0,0,0,0,227,411772,231967,104683,0,1284,3,NA,NA,53,25,78,649.031426696803,11201.3984428838,1011.93937929741,7789.81008676464,0,198049.657779061,660.468103819213,10304.1375163515,133.926545346668,15600.2326645167,10692.32,86155.9402835489,123547.025113583,0.00108401270871186,0.0834025546700001,0.126269593704702,0.697353418298348,0.00534588431580617,218701.837114704,0.00462702733844285,0.0512176696394597,0.0356184026139619,0.905569246202486,0.00296765420564987,1.39187231798603,107.08888019628,162.130158316837,6.86411546149512,895.401789095079,0.360908132398542,3.99497823187786,2.77823540388903,0.23147702804069,70.6344012037939
2015,19,5,"2015-05-07",112,"spring",22633,22492,19555,2937,19555,2937,0,0,0,0,141,368128,20645,462835,0,747,4,NA,NA,55,10,66,403.142868564974,10014.1544495059,90.0623299244936,34441.0912135467,152.32,115170.576802428,852.032445619591,4339.89854769338,157.457482988359,8602.03152765796,38286.72,91480.9777294786,143719.117733438,0.00109559177283848,0.0301970859280028,0.0598530777485882,0.636526157216971,0.00592845585929558,160271.34766397,0.000561936560946135,0.0624824998071514,0.214892379177824,0.718597419196213,0.0025153770430022,0.818407054310342,22.5572231882181,44.7102490781954,4.4285565268938,475.485039441077,0.0365258764614988,4.06136248746484,13.9680046465586,0.163499507795143,46.7088322477539
2015,20,5,"2015-05-14",7862,"spring",17753,17522,14253,3269,14253,3269,0,0,0,0,231,378788,30700,209643,0,742,3,NA,NA,56,5,62,660.468103819213,10304.1375163515,133.926545346668,15600.2326645167,10692.32,86155.9402835489,1163.68189720528,959.229165394853,165.86388210507,3262.80105532292,358381.76,132176.000801827,496109.336801856,0.000334329289535858,0.00193350355302417,0.00657677816820865,0.266425142598391,0.0023456157965236,123547.025113583,0.00108401270871186,0.0834025546700001,0.126269593704702,0.697353418298348,0.00534588431580617,0.248072332835607,1.43465963634393,4.87996940081082,1.74044692102051,197.687455808006,0.0661247752314237,5.08755583487001,7.7024452159868,0.326098943264176,42.5385585161992
2015,21,5,"2015-05-21",28152,"spring",18278,17980,15471,2509,15471,2509,0,0,0,0,298,159538,36094,115598,0,565,3,NA,NA,33,5,38,852.032445619591,4339.89854769338,157.457482988359,8602.03152765796,38286.72,91480.9777294786,1698.34655267798,356.004539944485,138.240986823796,1086.95543629215,528185.92,145119.832845072,676585.30036081,0.000204321593670562,0.000526178354384339,0.00160653126178251,0.214488598507361,0.00251017359048782,143719.117733438,0.00109559177283848,0.0301970859280028,0.0598530777485882,0.636526157216971,0.00592845585929558,0.115441700423867,0.297290770227152,0.907690162907116,1.41824807862562,121.186058156659,0.0416324873678621,1.14748926526411,2.27441695444635,0.225281322653232,24.1879939742449
2015,22,5,"2015-05-28",263516,"summer",21579,21172,18958,2214,0,0,18958,2214,0,0,407,35262,38021,43847,0,465,3,NA,NA,6,3,10,1163.68189720528,959.229165394853,165.86388210507,3262.80105532292,358381.76,132176.000801827,2836.29592635783,80.7654526702206,218.527115180802,230.978960378643,471128.48,167409.337170492,641904.38462508,0.000340435616915809,0.000125821624847435,0.000359833903476998,0.260801049471366,0.00441856450009209,496109.336801856,0.000334329289535858,0.00193350355302417,0.00657677816820865,0.266425142598391,0.0023456157965236,0.158302561865851,0.0585070555540574,0.167322765116804,2.05463249254282,121.272488004185,0.00300896360582272,0.0174015319772175,0.0591910035138779,0.0211105421687124,2.39782628338552
2015,23,6,"2015-06-04",388372,"summer",23558,22964,20951,2013,0,0,20951,2013,0,0,594,13087,31689,14607,0,294,4,NA,NA,NA,NA,NA,1698.34655267798,356.004539944485,138.240986823796,1086.95543629215,528185.92,145119.832845072,5289.46316911491,21.9255489566176,296.461894744913,209.696749467466,553747.12,177777.944684398,737342.612046682,0.00040206803445417,2.97359037690195e-05,0.000284395267602125,0.241106294116015,0.00717368436693582,676585.30036081,0.000204321593670562,0.000526178354384339,0.00160653126178251,0.214488598507361,0.00251017359048782,0.118208002129526,0.00874235570809174,0.0836122086750248,2.10906320387913,70.8852504701085,NA,NA,NA,NA,NA
2015,24,6,"2015-06-11",346418,"summer",27817,26825,24007,2818,0,0,24007,2818,0,0,992,2969,50093,3104,0,48,3,NA,NA,NA,NA,NA,2836.29592635783,80.7654526702206,218.527115180802,230.978960378643,471128.48,167409.337170492,8457.42273202265,3.15553806323529,491.257400587413,22.9937173830543,313934.24,176248.76012199,499157.829510047,0.00098417248321961,6.32172406537757e-06,4.60650239737279e-05,0.353092247986952,0.0169433838998862,641904.38462508,0.000340435616915809,0.000125821624847435,0.000359833903476998,0.260801049471366,0.00441856450009209,0.0472402791945413,0.000303442755138123,0.00221112115073894,0.813282427194537,16.9484279033737,NA,NA,NA,NA,NA
2015,25,6,"2015-06-18",407167,"summer",30664,28814,25335,3479,0,0,25335,3479,0,0,1850,806,67958,2818,0,3,3,NA,NA,NA,NA,NA,5289.46316911491,21.9255489566176,296.461894744913,209.696749467466,553747.12,177777.944684398,11676.8473419812,0,749.52187412531,33.3371695391855,150225.6,121944.939407288,284630.245792933,0.00263331773486428,0,0.000117124480029568,0.428432821914512,0.0410246188329405,737342.612046682,0.00040206803445417,2.97359037690195e-05,0.000284395267602125,0.241106294116015,0.00717368436693582,0.00789995320459283,0,0.000351373440088705,0.123073856498821,1.28529846574354,NA,NA,NA,NA,NA
2015,26,6,"2015-06-25",230834,"summer",31213,28255,25268,2987,0,0,25268,2987,0,0,2958,116,112611,309,0,1,2,NA,NA,NA,NA,NA,8457.42273202265,3.15553806323529,491.257400587413,22.9937173830543,313934.24,176248.76012199,19104.9691329869,0,803.999877326912,0,32196.64,123327.10343966,175432.712449974,0.00458295300858545,0,0,0.702988067147555,0.108901976525244,499157.829510047,0.00098417248321961,6.32172406537757e-06,4.60650239737279e-05,0.353092247986952,0.0169433838998862,0.00458295300858545,0,0,0.108901976525244,0.702988067147555,NA,NA,NA,NA,NA
2015,27,7,"2015-07-02",110460,"summer",23373,19289,17609,1680,0,0,17609,1680,0,0,4084,0,171813,448,0,0,2,421,1,NA,NA,NA,11676.8473419812,0,749.52187412531,33.3371695391855,150225.6,121944.939407288,38401.5026077743,0,147.829603979235,0,5882,71471.6658797671,115902.998091521,0.00127545970693963,0,0,0.616650708408171,0.331324497554854,284630.245792933,0.00263331773486428,0,0.000117124480029568,0.428432821914512,0.0410246188329405,0,0,0,0,0,NA,NA,NA,NA,NA
2015,28,7,"2015-07-09",23674,"summer",26096,19414,17854,1560,0,0,17854,1560,0,0,6682,0,184301,0,0,0,2,NA,NA,NA,NA,NA,19104.9691329869,0,803.999877326912,0,32196.64,123327.10343966,65214.7921212659,0,33.3551259192385,0,2320.16,64894.4098249776,132462.717072163,0.000251807653175854,0,0,0.489906981068677,0.492325641227323,175432.712449974,0.00458295300858545,0,0,0.702988067147555,0.108901976525244,0,0,0,0,0,NA,NA,NA,NA,NA
2015,29,7,"2015-07-16",4325,"summer",24822,11391,10279,1112,0,0,10279,1112,0,0,13431,0,33887,0,0,0,4,NA,NA,NA,NA,NA,38401.5026077743,0,147.829603979235,0,5882,71471.6658797671,106272.46299072,0,4.20974320063629,0,1610.24,44735.2724276696,152622.18516159,2.75827737375086e-05,0,0,0.293111203854837,0.696310715759986,115902.998091521,0.00127545970693963,0,0,0.616650708408171,0.331324497554854,0,0,0,0,0,NA,NA,NA,NA,NA
2015,30,7,"2015-07-23",1706,"summer",33123,10314,9347,967,0,0,9347,967,0,0,22809,0,7646,0,0,4,5,NA,NA,NA,NA,NA,65214.7921212659,0,33.3551259192385,0,2320.16,64894.4098249776,102189.569258019,0,2.99262573641088,0,871.76,67429.2857885205,170493.607672276,1.75527151854474e-05,0,0,0.395494509789091,0.599374783918285,132462.717072163,0.000251807653175854,0,0,0.489906981068677,0.492325641227323,7.02108607417896e-05,0,0,2.39749913567314,1.58197803915636,NA,NA,NA,NA,NA
2015,31,7,"2015-07-30",1184,"summer",44319,7150,6424,726,0,0,6424,726,0,0,37169,0,965,0,0,47,5,NA,NA,NA,NA,NA,106272.46299072,0,4.20974320063629,0,1610.24,44735.2724276696,73895.2300571756,0,6.3298832996096,0,433.84,114925.089333658,189260.489274133,3.34453499718112e-05,0,0,0.607232337686686,0.39044192657741,152622.18516159,2.75827737375086e-05,0,0,0.293111203854837,0.696310715759986,0.00157193144867513,0,0,18.3507705491383,28.5399198712742,NA,NA,NA,NA,NA
2015,32,8,"2015-08-06",641,"fall",46597,10856,10067,789,0,0,0,0,10067,789,35741,0,686,0,0,159,5,NA,NA,NA,NA,NA,102189.569258019,0,2.99262573641088,0,871.76,67429.2857885205,43402.1896795483,0,1.34362788165386,0,208.08,195585.460528715,239197.073836145,5.6172421347189e-06,0,0,0.817674971486881,0.18144950096371,170493.607672276,1.75527151854474e-05,0,0,0.395494509789091,0.599374783918285,0.000893141499420306,0,0,28.8504706532299,130.010320466414,NA,NA,NA,NA,NA
2015,33,8,"2015-08-13",319,"fall",44406,18561,17133,1428,0,0,0,0,17133,1428,25845,0,1451,0,0,252,5,NA,NA,NA,NA,NA,73895.2300571756,0,6.3298832996096,0,433.84,114925.089333658,62204.0868687914,0,1.41342673264887,0,144.16,840001.938005615,902351.598301139,1.56638136986728e-06,0,0,0.930903141953857,0.0689355313227164,189260.489274133,3.34453499718112e-05,0,0,0.607232337686686,0.39044192657741,0.000394728105206555,0,0,17.3717538933245,234.587591772372,NA,NA,NA,NA,NA
2015,34,8,"2015-08-20",153,"fall",46763,31583,29160,2423,0,0,0,0,29160,2423,15180,0,308,0,0,379,4,NA,NA,1,7,8,43402.1896795483,0,1.34362788165386,0,208.08,195585.460528715,55061.8820058459,0,1.25201688972292,0,0,1326336.21004564,1381399.34406837,9.06339571608301e-07,0,0,0.960139597387842,0.0398594962725858,239197.073836145,5.6172421347189e-06,0,0,0.817674971486881,0.18144950096371,0.000343502697639546,0,0,15.10674908731,363.892907409992,4.49379370777512e-05,0,0,1.45159600770968,6.54139977189504
2015,35,8,"2015-08-27",106,"fall",155752,133996,125943,8053,0,0,0,0,125943,8053,21756,0,324,0,0,442,3,NA,NA,0,10,11,62204.0868687914,0,1.41342673264887,0,144.16,840001.938005615,48345.6933657103,0,1.62282328563389,0,0,1519328.62238027,1567675.93856927,1.03517777220906e-06,0,0,0.969159878646144,0.0308390861760836,902351.598301139,1.56638136986728e-06,0,0,0.930903141953857,0.0689355313227164,0.000457548575316406,0,0,13.6308760898289,428.368666361596,1.56638136986728e-05,0,0,0.689355313227164,9.30903141953857
2015,36,9,"2015-09-03",0,"fall",231633,212375,198517,13858,0,0,0,0,198517,13858,19258,0,287,0,0,775,3,NA,NA,0,9,10,55061.8820058459,0,1.25201688972292,0,0,1326336.21004564,36625.95848452,0,0.558390807960047,0,0,1072718.13232867,1109344.649204,5.03351964027335e-07,0,0,0.966983644891956,0.0330158517560802,1381399.34406837,9.06339571608301e-07,0,0,0.960139597387842,0.0398594962725858,0.000390097772121184,0,0,25.5872851109621,749.412324791266,8.15705614447471e-06,0,0,0.358735466453273,8.64125637649058
2015,37,9,"2015-09-10",0,"fall",262298,245389,226497,18892,0,0,0,0,226497,18892,16909,0,372,0,0,953,3,NA,NA,0,13,13,48345.6933657103,0,1.62282328563389,0,0,1519328.62238027,20557.4271275331,0,1.02953305217634,0,0,561066.16322021,581624.619880795,1.7700988180097e-06,0,0,0.964653393343633,0.0353448365575487,1567675.93856927,1.03517777220906e-06,0,0,0.969159878646144,0.0308390861760836,0.00168690417356325,0,0,33.6836292393439,919.314683856483,1.34573110387178e-05,0,0,0.400908120289086,12.5990784223999
2015,38,9,"2015-09-17",0,"fall",187779,174969,159183,15786,0,0,0,0,159183,15786,12810,0,128,0,0,1167,3,NA,NA,0,19,20,36625.95848452,0,0.558390807960047,0,0,1072718.13232867,16171.4614510886,0,2.01107939429361,0,0,305214.957618806,321388.430149289,6.25747290703475e-06,0,0,0.949676245274386,0.0503174972527068,1109344.649204,5.03351964027335e-07,0,0,0.966983644891956,0.0330158517560802,0.00730247088250955,0,0,58.7205192939088,1108.27217823521,9.56368731651936e-06,0,0,0.627301183365524,18.3726892529472
2015,39,9,"2015-09-24",0,"fall",99569,92379,82887,9492,0,0,0,0,82887,9492,7190,0,236,0,0,1071,6,NA,NA,0,24,24,20557.4271275331,0,1.02953305217634,0,0,561066.16322021,14132.8737540189,0,1.46577587089512,0,0,212925.7605956,227060.10012549,6.45545329225624e-06,0,0,0.937750668117921,0.0622428764287873,581624.619880795,1.7700988180097e-06,0,0,0.964653393343633,0.0353448365575487,0.00691379047600644,0,0,66.6621206552312,1004.33096555429,4.24823716322328e-05,0,0,0.848276077381169,23.1516814402472
2015,40,10,"2015-10-01",0,"fall",56121,50465,44999,5466,0,0,0,0,44999,5466,5656,0,461,0,0,168,4,NA,NA,0,22,22,16171.4614510886,0,2.01107939429361,0,0,305214.957618806,5895.60705660267,0,7.0496839504956,10.0457988566742,0,70358.1290348332,76270.831574243,9.24296196198326e-05,0,0.000131712197826183,0.922477539350619,0.0772983188319353,321388.430149289,6.25747290703475e-06,0,0,0.949676245274386,0.0503174972527068,0.0155281760961319,0,0.0221276492347988,12.9861175637651,154.976226610904,0.000137664403954765,0,0,1.10698493955955,20.8928773960365
2015,41,10,"2015-10-08",0,"fall",39828,34885,31530,3355,0,0,0,0,31530,3355,4943,0,336,0,0,31,4,NA,NA,0,22,22,14132.8737540189,0,1.46577587089512,0,0,212925.7605956,2593.26653750661,0,0.841948640127259,0,0,60836.9168753403,63431.025361487,1.32734515220127e-05,0,0,0.959103475446547,0.0408832511019307,227060.10012549,6.45545329225624e-06,0,0,0.937750668117921,0.0622428764287873,0.000411476997182395,0,0,1.26738078415985,29.732207738843,0.000142019972429637,0,0,1.36934328143332,20.6305146985943
2015,42,10,"2015-10-15",0,"fall",13586,11524,10420,1104,0,0,0,0,10420,1104,2062,0,1616,135,0,16,3,NA,NA,0,22,22,5895.60705660267,0,7.0496839504956,10.0457988566742,0,70358.1290348332,2953.52186686254,0,0.759062504570689,0,0,19375.4304107625,22329.7113401297,3.39933863455971e-05,0,0,0.867697307664795,0.132268698948859,76270.831574243,9.24296196198326e-05,0,0.000131712197826183,0.922477539350619,0.0772983188319353,0.000543894181529554,0,0,2.11629918318175,13.8831569226367,0.00203345163163632,0,0.00289766835217603,1.70056301430258,20.2945058657136
2015,43,10,"2015-10-22",0,"fall",10848,9941,9020,921,0,0,0,0,9020,921,907,0,193,0,0,13,4,NA,NA,0,22,23,2593.26653750661,0,0.841948640127259,0,0,60836.9168753403,3385.25642823354,0,0,0,0,13214.0226031842,16599.2790314178,0,0,0,0.796060032376936,0.203939967623064,63431.025361487,1.32734515220127e-05,0,0,0.959103475446547,0.0408832511019307,0,0,0,2.65121957909983,10.3487804209002,0.00029201593348428,0,0,0.899431524242475,21.100276459824
2015,44,10,"2015-10-29",0,"fall",4196,3163,2874,289,0,0,0,0,2874,289,1033,0,174,0,0,38,4,NA,NA,0,24,24,2953.52186686254,0,0.759062504570689,0,0,19375.4304107625,1166.54106648588,0,0,0,0,5621.46845571809,6788.00952220397,0,0,0,0.828146813484858,0.171853186515143,22329.7113401297,3.39933863455971e-05,0,0,0.867697307664795,0.132268698948859,0,0,0,6.53042108757542,31.4695789124246,0.000815841272294331,0,0,3.17444877477263,20.8247353839551
2015,45,11,"2015-11-05",0,"fall",3318,2134,1970,164,0,0,0,0,1970,164,1184,0,0,0,0,19,2,NA,NA,1,24,25,3385.25642823354,0,0,0,0,13214.0226031842,1029.30094101696,0,0,0,0,1836.94896491663,2866.24990593358,0,0,0,0.640889324100406,0.359110675899594,16599.2790314178,0,0,0,0.796060032376936,0.203939967623064,0,0,0,6.82310284209228,12.1768971579077,0,0,0,5.0984991905766,19.9015008094234
2015,46,11,"2015-11-12",0,"fall",1323,915,835,80,0,0,0,0,835,80,408,0,0,0,0,40,2,NA,NA,0,20,20,1166.54106648588,0,0,0,0,5621.46845571809,1003.56841749153,0,0,0,0,761.753178232737,1765.32159572427,0,0,0,0.431509578808618,0.568490421191382,6788.00952220397,0,0,0,0.828146813484858,0.171853186515143,0,0,0,22.7396168476553,17.2603831523447,0,0,0,3.43706373030285,16.5629362696972
2015,47,11,"2015-11-19",0,"fall",654,294,275,19,0,0,0,0,275,19,360,0,0,0,417.536080034161,33,5,NA,NA,1,19,21,1029.30094101696,0,0,0,0,1836.94896491663,829.15909137477,0,0,0,0,427.992919090787,1674.68809049972,0,0,0,0.255565750732171,0.49511255025845,2866.24990593358,0,0,0,0.640889324100406,0.359110675899594,0,0,0,16.3387141585289,8.43366977416166,0,0,0,7.18221351799188,12.8177864820081
2015,48,11,"2015-11-26",0,"fall",480,129,111,18,0,0,0,0,111,18,351,0,0,0,52610.6351148211,32,3,NA,NA,0,21,22,1003.56841749153,0,0,0,0,761.753178232737,992.131740369121,0,0,0,0,293.844725826298,53896.6115810165,0,0,0,0.00545200741209112,0.0184080540736362,1765.32159572427,0,0,0,0.431509578808618,0.568490421191382,0,0,0,0.58905773035636,0.174464237186916,0,0,0,11.938298845019,9.06170115498098
2015,49,12,"2015-12-03",0,"fall",361,71,63,8,0,0,0,0,63,8,290,0,0,0,83461.1200058148,46,1,NA,NA,0,28,28,829.15909137477,0,0,0,0,427.992919090787,754.820690079101,0,0,0,0,71.985033721524,84287.9257296155,0,0,0,0.000854037314341351,0.00895526474931256,1257.15201046556,0,0,0,0.340446434104886,0.659553565895114,0,0,0,0.411942178468378,0.0392857164597021,0,0,0,18.4674998450632,9.5325001549368
2015,50,12,"2015-12-10",0,"fall",401,54,41,13,0,0,0,0,41,13,347,0,0,0,67498.1355252591,124,2,NA,NA,0,10,10,992.131740369121,0,0,0,0,293.844725826298,637.594749574392,0,0,0,0,60.2102511403194,68195.9405259738,0,0,0,0.000882900810164603,0.0093494531295679,1285.97646619542,0,0,0,0.228499302709358,0.771500697290642,0,0,0,1.15933218806642,0.109479700460411,0,0,0,7.71500697290642,2.28499302709358
2015,51,12,"2015-12-17",0,"fall",275,11,11,0,0,0,0,0,11,0,264,0,0,0,74608.0052725183,47,5,NA,NA,NA,NA,NA,754.820690079101,0,0,0,0,71.985033721524,114.366771224106,0,0,0,0,6.544093974684,74728.9161377171,0,0,0,8.75711078509953e-05,0.00153042191878363,826.805723800625,0,0,0,0.0870640244126835,0.912935975587317,0,0,0,0.0719298301828307,0.00411584206899678,NA,NA,NA,NA,NA
2015,52,12,"2015-12-24",0,"fall",235,12,8,4,0,0,0,0,8,4,223,0,0,0,49081.0293116055,54,2,NA,NA,0,9,9,637.594749574392,0,0,0,0,60.2102511403194,257.325235254239,0,0,0,0,13.1506228128519,49351.5051696726,0,0,0,0.000266468525481432,0.00521413145089585,697.805000714711,0,0,0,0.0862852101642298,0.91371478983577,0,0,0,0.281563098348376,0.0143893003759973,0,0,0,8.22343310852193,0.776566891478068
2015,53,12,"2015-12-31",0,"fall",41,1,1,0,0,0,0,0,1,0,40,0,0,0,0,27,1,NA,NA,NA,NA,NA,114.366771224106,0,0,0,0,6.544093974684,74.338401295669,0,0,0,0,22.3805855130712,96.7189868087402,0,0,0,0.231398055868062,0.768601944131939,120.91086519879,0,0,0,0.0541232912685293,0.945876708731471,0,0,0,20.7522524915623,6.24774750843766,NA,NA,NA,NA,NA
2016,1,1,"2016-01-07",0,"spring",93,3,2,1,2,1,0,0,0,0,90,0,0,0,51294.0825114861,137,4,NA,NA,0,11,11,257.325235254239,0,0,0,0,13.1506228128519,205.860188203391,0,0,0,0,0,51499.9426996895,0,0,0,0,0.00399728965532679,270.475858067091,0,0,0,0.0486203201528985,0.951379679847101,0,0,0,0.54762868277977,0,0,0,0,10.4651764783181,0.534823521681884
2016,2,1,"2016-01-14",0,"spring",30,4,4,0,4,0,0,0,0,0,26,0,0,0,36483.9354356971,153,5,NA,NA,0,11,11,74.338401295669,0,0,0,0,22.3805855130712,257.325235254239,0,0,0,0,0,36741.2606709513,0,0,0,0,0.00700371273481336,96.7189868087402,0,0,0,0.231398055868062,0.768601944131939,0,0,0,1.07156804842644,0,0,0,0,8.45462138545133,2.54537861454868
2016,3,1,"2016-01-21",0,"spring",72,0,0,0,0,0,0,0,0,0,72,0,0,0,187988.283384738,434,3,NA,NA,0,12,12,205.860188203391,0,0,0,0,0,214.437696045199,0,0,0,0,5.59514637826779,188208.316227162,0,0,0,2.97284758209867e-05,0.00113936355387389,205.860188203391,0,0,0,0,1,0,0,0,0.494483782381267,0.0129021585063082,0,0,0,12,0
2016,4,1,"2016-01-28",0,"spring",90,0,0,0,0,0,0,0,0,0,90,0,0,0,284856.623745615,383,5,NA,NA,0,14,14,257.325235254239,0,0,0,0,0,237.31105029002,0,0,0,0,5.59514637826779,285099.529942283,0,0,0,1.9625238875001e-05,0.000832379661720462,257.325235254239,0,0,0,0,1,0,0,0,0.318801410438937,0.00751646648912536,0,0,0,14,0
2016,5,2,"2016-02-04",0,"spring",76,1,1,0,1,0,0,0,0,0,75,0,0,0,1198306.33972075,425,5,NA,NA,0,10,10,214.437696045199,0,0,0,0,5.59514637826779,1149.38605080227,0,0,0,0,11.1902927565356,1199466.91606431,0,0,0,9.32938841969331e-06,0.000958247397580282,220.032842423467,0,0,0,0.0254286874479383,0.974571312552062,0,0,0,0.40725514397162,0.00396499007836966,0,0,0,9.74571312552062,0.254286874479383
2016,6,2,"2016-02-11",0,"spring",84,1,1,0,1,0,0,0,0,0,83,0,0,0,790185.388058117,979,6,NA,NA,0,5,5,237.31105029002,0,0,0,0,5.59514637826779,677.623119502829,0,0,0,0,5.59514637826779,790868.606323998,0,0,0,7.07468514178904e-06,0.000856808721555481,242.906196668288,0,0,0,0.0230341854387046,0.976965814561295,0,0,0,0.838815738402816,0.00692611675381147,0,0,0,4.88482907280648,0.115170927193523
2016,7,2,"2016-02-18",0,"spring",404,2,2,0,2,0,0,0,0,0,402,0,0,0,842199.808378572,828,5,NA,NA,0,4,4,1149.38605080227,0,0,0,0,11.1902927565356,969.2583861243,0,0,0,0,16.7854391348034,843185.852203831,0,0,0,1.99071641097053e-05,0.00114951927097799,1160.5763435588,0,0,0,0.00964201348635244,0.990357986513647,0,0,0,0.951801956369773,0.016483131882836,0,0,0,3.96143194605459,0.0385680539454098
2016,8,2,"2016-02-25",0,"spring",238,1,1,0,1,0,0,0,0,0,237,0,0,0,756249.572753326,1244,4,NA,NA,0,3,3,677.623119502829,0,0,0,0,5.59514637826779,1092.20266519021,0,0,0,0,106.307781187088,757448.083199704,0,0,0,0.000140349924364466,0.00144195053022829,683.218265881097,0,0,0,0.00818939811430852,0.991810601885691,0,0,0,1.79378645960399,0.174595305909395,0,0,0,2.97543180565707,0.0245681943429256
2016,9,3,"2016-03-03",0,"spring",342,3,3,0,3,0,0,0,0,0,339,0,0,0,185416.912937495,2004,3,NA,NA,0,3,4,969.2583861243,0,0,0,0,16.7854391348034,940.666693318273,0,0,0,0,119.45840399994,186477.038034814,0,0,0,0.000640606507154184,0.00504441031041398,986.043825259103,0,0,0,0.0170230153111021,0.982976984688898,0,0,0,10.1089982620696,1.28377544033699,0,0,0,2.94893095406669,0.0510690459333062
2016,10,3,"2016-03-10",0,"spring",401,19,19,0,19,0,0,0,0,0,382,0,0,0,183317.191987396,2484,4,NA,NA,4,17,21,1092.20266519021,0,0,0,0,106.307781187088,863.469122742002,0,0,0,0,166.179905082399,184346.841015221,0,0,0,0.000901452415279944,0.00468393772297247,1198.5104463773,0,0,0,0.0886999203957054,0.911300079604295,0,0,0,11.6349013038636,2.23920779955538,0,0,0,19.1373016716902,1.86269832830981
2016,11,3,"2016-03-17",0,"spring",351,22,21,1,21,1,0,0,0,0,329,0,0,0,56064.2589499121,2392,2,NA,NA,3,11,15,940.666693318273,0,0,0,0,119.45840399994,994.990909649724,64.4437040672794,13.4231915319771,30.2118098948869,0,863.612872309556,58030.9414373655,0.000231310938604453,0.00111050592099795,0.000520615539685762,0.0148819379958135,0.0171458688245416,1060.12509731821,0,0,0,0.112683309075629,0.887316690924371,0.553295765141852,2.65633016302709,1.24531237092834,41.0129182283035,35.5975956859858,0,0,0,12.4224336729412,1.57756632705881
2016,12,3,"2016-03-24",0,"spring",333,31,29,2,29,2,0,0,0,0,302,0,0,0,7595.90850283269,932,6,NA,NA,2,11,14,863.469122742002,0,0,0,0,166.179905082399,854.891614900194,239.222428690441,18.4574336599919,136.771691100498,0,3849.74655203892,12694.9982232227,0.00145391384350319,0.0188438331761903,0.0107736676047976,0.303249081594722,0.0673408219416963,1029.6490278244,0,0,0,0.161394708868447,0.838605291131553,1.35504770214497,17.5624525202093,10.0410582076713,62.761646049661,282.628144046281,0,0,0,10.9018687847102,2.09813121528981
2016,13,3,"2016-03-31",0,"spring",503,155,154,1,154,1,0,0,0,0,348,2369,3077,406,2455.12125313734,640,3,NA,NA,5,22,28,994.990909649724,64.4437040672794,13.4231915319771,30.2118098948869,0,863.612872309556,691.918965905842,1856.51729484154,4562.17068659464,561.299709451063,0,14174.4661062086,24301.4940161391,0.187732107481327,0.0763951917363022,0.0230973334017363,0.583275501366093,0.0284722809818329,1966.68248745342,0.00682529672054904,0.0327677215200736,0.0153618136570723,0.439121656809897,0.505923511292408,120.148548788049,48.8929227112334,14.7822933771112,18.2222598283731,373.2963208743,0.184283011454824,0.884728481041987,0.414768968740952,13.659934804895,11.8562847338672
2016,14,4,"2016-04-07",0,"spring",989,690,687,3,687,3,0,0,0,0,299,8794,4231,1838,109.055738391668,429,2,NA,NA,10,29,40,854.891614900194,239.222428690441,18.4574336599919,136.771691100498,0,3849.74655203892,566.115517559326,10646.5950049555,38.9957455652724,1703.76748609195,0,32218.8943290792,45283.4238216429,0.000861148346884377,0.235110203832844,0.0376245288519381,0.711494220401249,0.0125016058809748,5099.08972039004,0.00361975071475699,0.046914732198935,0.0268227661407055,0.754987019868409,0.167655731077193,0.369432640813398,100.86227744429,16.1409228774815,5.36318892293819,305.231020552136,0.141170277875523,1.82967455575846,1.04608787948752,6.53857351201053,29.444493774868
2016,15,4,"2016-04-14",0,"spring",2776,2534,2533,1,2533,1,0,0,0,0,242,68247,1045787,7543,0,857,5,NA,NA,19,38,57,691.918965905842,1856.51729484154,4562.17068659464,561.299709451063,0,14174.4661062086,351.677821514126,13259.9245796011,14.583597429769,3015.15351017468,0,66856.0352687327,83497.3747774524,0.000174659352687903,0.158806484813961,0.0361107581910335,0.800696254785564,0.00421184285675402,21846.3727630017,0.208829664131749,0.0849805738912264,0.025693039093504,0.648824693233012,0.0316720296505081,0.149683065253533,136.097157485565,30.9469197697157,3.6095493282382,686.196690351228,11.9032908555097,4.84389271179991,1.46450322832973,1.80530569007896,36.9830075142817
2016,16,4,"2016-04-21",0,"spring",5983,5785,5744,41,5744,41,0,0,0,0,198,391377,8939,22896,0,1105,4,NA,NA,28,44,72,566.115517559326,10646.5950049555,38.9957455652724,1703.76748609195,0,32218.8943290792,694.778135186445,21532.0043948864,46.045429515768,21199.7609472269,122.4,339129.10506931,382724.093976126,0.000120309722435819,0.056259861173594,0.0553917594447276,0.886092907154325,0.00181534987245874,45174.3680832512,0.00086322725075883,0.235677784918542,0.0377153584739049,0.713211843267036,0.0125317860897587,0.13294224329158,62.1671465968214,61.207894186424,2.0059616090669,979.132662405529,0.0621523620546357,16.968800514135,2.71550581012115,0.902288598462624,51.3512527152266
2016,17,4,"2016-04-28",0,"spring",12133,12010,11916,94,11916,94,0,0,0,0,123,487445,3343,40519,0,801,3,NA,NA,29,44,73,351.677821514126,13259.9245796011,14.583597429769,3015.15351017468,0,66856.0352687327,791.989890726935,17336.1180756996,2194.74634583059,10523.904468927,1666,129675.188079225,162187.946860409,0.0135321174496373,0.106889065502632,0.0648870934779431,0.799536529005037,0.00488316120931341,83497.3747774524,0.000174659352687903,0.158806484813961,0.0361107581910335,0.800696254785564,0.00421184285675402,10.8392260771595,85.618141467608,51.9745618758324,3.91141212866004,640.428759733035,0.0127501327462169,11.5928733914192,2.63608534794544,0.307464528543044,58.4508265993461
2016,18,5,"2016-05-05",90,"spring",62201,61958,59885,2073,59885,2073,0,0,0,0,243,791533,10555,284892,0,1039,1,NA,NA,47,47,94,694.778135186445,21532.0043948864,46.045429515768,21199.7609472269,122.4,339129.10506931,1052.17429526178,5649.71887307941,131.252376867921,4666.16194893787,14798.16,101396.54913881,127694.016632957,0.00102786630359661,0.0442441942234374,0.036541743082217,0.794058733623078,0.00823980890417236,382724.093976126,0.000120309722435819,0.056259861173594,0.0553917594447276,0.886092907154325,0.00181534987245874,1.06795308943687,45.9697177981514,37.9668710624235,8.56116145143509,825.027024234378,0.011309113908967,5.28842695031784,5.20682538780439,0.170642888011121,83.2927332725065
2016,19,5,"2016-05-12",1225,"spring",25820,25543,21900,3643,21900,3643,0,0,0,0,277,637289,503102,141425,0,975,3,NA,NA,42,31,73,791.989890726935,17336.1180756996,2194.74634583059,10523.904468927,1666,129675.188079225,1203.71026713372,1372.57744876434,104.781162628065,2572.84070718156,19564.96,62247.4957457243,87066.365331432,0.00120346315398833,0.0157647266374266,0.029550340104214,0.714943084034452,0.0138252040561427,162187.946860409,0.0135321174496373,0.106889065502632,0.0648870934779431,0.799536529005037,0.00488316120931341,1.17337657513862,15.3706084714909,28.8115816016086,13.4795739547392,697.069506933591,0.987844573823524,7.80290178169212,4.73675782388985,0.356470768279879,58.3661666173677
2016,20,5,"2016-05-19",10881,"spring",20521,20153,17027,3126,17027,3126,0,0,0,0,368,207688,30087,62706,0,895,5,NA,NA,31,9,40,1052.17429526178,5649.71887307941,131.252376867921,4666.16194893787,14798.16,101396.54913881,1552.52891936724,158.212149791176,118.93724209549,953.532344810543,144442.88,72528.9276369821,219755.018293047,0.000541226512228656,0.000719947835640314,0.00433906971598252,0.330044465880018,0.00706481668280686,127694.016632957,0.00102786630359661,0.0442441942234374,0.036541743082217,0.794058733623078,0.00823980890417236,0.484397728444647,0.644353312898081,3.88346739580436,6.32301093111214,295.389796962616,0.0411146521438642,1.76976776893749,1.46166972328868,0.329592356166895,31.7623493449231
2016,21,5,"2016-05-26",14386,"spring",12472,12051,10626,1425,10626,1425,0,0,0,0,421,50457,24019,34575,0,735,3,NA,NA,9,2,12,1203.71026713372,1372.57744876434,104.781162628065,2572.84070718156,19564.96,62247.4957457243,3473.89067593223,47.5506942632353,134.157754040589,535.403872398303,619222.96,102034.818316491,725448.781313126,0.000184930704270743,6.55465905906746e-05,0.000738031252088087,0.140650616480187,0.0047886091553482,87066.365331432,0.00120346315398833,0.0157647266374266,0.029550340104214,0.714943084034452,0.0138252040561427,0.135924067638996,0.0481767440841458,0.542452970284744,3.51962772918092,103.378203112937,0.0132380946938716,0.173411993011692,0.325053741146354,0.15207724461757,7.86437392437897
2016,22,6,"2016-06-02",106208,"summer",12082,11539,10441,1098,0,0,10441,1098,0,0,543,5816,27264,12814,0,651,5,NA,NA,1,0,1,1552.52891936724,158.212149791176,118.93724209549,953.532344810543,144442.88,72528.9276369821,4903.47531623355,25.0538841055147,165.968580381563,274.436342099367,385047.28,140487.627340552,530903.841463372,0.00031261514311912,4.71910017385761e-05,0.000516922878807801,0.264619722760556,0.00923608935041367,219755.018293047,0.000541226512228656,0.000719947835640314,0.00433906971598252,0.330044465880018,0.00706481668280686,0.203512458170547,0.030721342131813,0.336516794103879,6.0126941671193,172.267439517122,0.000541226512228656,0.000719947835640314,0.00433906971598252,0.00706481668280686,0.330044465880018
2016,23,6,"2016-06-09",455311,"summer",17202,15987,14808,1179,0,0,14808,1179,0,0,1215,1748,30753,7195,0,NA,NA,NA,NA,NA,NA,NA,3473.89067593223,47.5506942632353,134.157754040589,535.403872398303,619222.96,102034.818316491,7425.26262172509,14.1999212845588,316.3851042758,64.1442860329864,610529.84,130744.578699079,749094.410632398,0.000422356781448553,1.89561169900747e-05,8.56291077900779e-05,0.174536849886121,0.00991231881633794,725448.781313126,0.000184930704270743,6.55465905906746e-05,0.000738031252088087,0.140650616480187,0.0047886091553482,NA,NA,NA,NA,NA,NA,NA,NA,NA,NA
2016,24,6,"2016-06-16",283123,"summer",23796,22081,20355,1726,0,0,20355,1726,0,0,1715,921,38045,3688,0,84,4,NA,NA,NA,NA,NA,4903.47531623355,25.0538841055147,165.968580381563,274.436342099367,385047.28,140487.627340552,11428.0996145688,0.244826229044118,1307.83415837799,32.1465563413575,373613.76,135233.503921994,521615.589077512,0.00250727582872076,4.69361411297347e-07,6.1628825929473e-05,0.259258938486018,0.0219090453848967,530903.841463372,0.00031261514311912,4.71910017385761e-05,0.000516922878807801,0.264619722760556,0.00923608935041367,0.210611169612544,3.94263585489771e-05,0.00517682137807573,1.84035981233132,21.7777508328255,NA,NA,NA,NA,NA
2016,25,6,"2016-06-23",448919,"summer",23269,20672,18884,1788,0,0,18884,1788,0,0,2597,522,72525,862,0,28,3,NA,NA,NA,NA,NA,7425.26262172509,14.1999212845588,316.3851042758,64.1442860329864,610529.84,130744.578699079,17458.0876273598,9.90186081911765,1325.38856940323,37.8019690310407,154630.64,99282.7221558636,272744.542182477,0.00485945038092273,3.63045241524683e-05,0.000138598443541905,0.364013598077572,0.0640089348357323,749094.410632398,0.000422356781448553,1.89561169900747e-05,8.56291077900779e-05,0.174536849886121,0.00991231881633794,0.136064610665836,0.00101652667626911,0.00388075641917334,1.79225017540051,10.192380746172,NA,NA,NA,NA,NA
2016,26,6,"2016-06-30",274716,"summer",25163,21166,19637,1529,0,0,19637,1529,0,0,3997,9,299795,432,0,3,2,NA,NA,NA,NA,NA,11428.0996145688,0.244826229044118,1307.83415837799,32.1465563413575,373613.76,135233.503921994,22104.2377083391,0,656.000138648376,0,41794.16,74057.9529667009,138612.350813688,0.00473262400354294,0,0,0.534281054552229,0.159468024159332,521615.589077512,0.00250727582872076,4.69361411297347e-07,6.1628825929473e-05,0.259258938486018,0.0219090453848967,0.0141978720106288,0,0,0.478404072477997,1.60284316365669,NA,NA,NA,NA,NA
2016,27,7,"2016-07-07",113699,"summer",21729,15623,14376,1247,0,0,14376,1247,0,0,6106,364,303819,508,0,1,3,NA,NA,NA,NA,NA,17458.0876273598,9.90186081911765,1325.38856940323,37.8019690310407,154630.64,99282.7221558636,33629.5490784484,0,1065.50563500789,0,24318.16,57262.8207276404,116276.035441097,0.00916358758677882,0,0,0.492473109445228,0.289221669373863,272744.542182477,0.00485945038092273,3.63045241524683e-05,0.000138598443541905,0.364013598077572,0.0640089348357323,0.00916358758677882,0,0,0.289221669373863,0.492473109445228,NA,NA,NA,NA,NA
2016,28,7,"2016-07-14",30731,"summer",19497,11766,10669,1097,0,0,10669,1097,0,0,7731,0,150375,0,0,0,4,NA,NA,NA,NA,NA,22104.2377083391,0,656.000138648376,0,41794.16,74057.9529667009,43276.3862312018,0,1250.13668317424,0,6215.2,47562.9545968564,98304.6775112325,0.0127169603199339,0,0,0.483832059684259,0.440227131880443,138612.350813688,0.00473262400354294,0,0,0.534281054552229,0.159468024159332,0,0,0,0,0,NA,NA,NA,NA,NA
2016,29,7,"2016-07-21",17881,"summer",20908,9146,8226,920,0,0,8226,920,0,0,11762,0,244246,0,0,0,3,NA,NA,NA,NA,NA,33629.5490784484,0,1065.50563500789,0,24318.16,57262.8207276404,34741.7659286029,0,50.0719507325424,0,6076.48,32632.9881682654,73501.3060476008,0.000681238925198348,0,0,0.443978344372978,0.472668688446209,116276.035441097,0.00916358758677882,0,0,0.492473109445228,0.289221669373863,0,0,0,0,0,NA,NA,NA,NA,NA
2016,30,7,"2016-07-28",4570,"summer",22736,7600,6831,769,0,0,6831,769,0,0,15136,0,286569,0,0,1,3,NA,NA,NA,NA,NA,43276.3862312018,0,1250.13668317424,0,6215.2,47562.9545968564,34796.0901449343,0,6.617803559964,0,2734.96,46793.1306756055,84330.7986240998,7.84743375840957e-05,0,0,0.554875934285687,0.4126142608946,98304.6775112325,0.0127169603199339,0,0,0.483832059684259,0.440227131880443,7.84743375840957e-05,0,0,0.4126142608946,0.554875934285687,NA,NA,NA,NA,NA
2016,31,8,"2016-08-04",4468,"summer",17336,5185,4701,484,0,0,4701,484,0,0,12151,0,11478,0,0,14,5,NA,NA,NA,NA,NA,34741.7659286029,0,50.0719507325424,0,6076.48,32632.9881682654,36177.0689074654,0,8.23190198922351,0,1772.08,104551.355196333,142508.736005788,5.77641920063706e-05,0,0,0.733648744116901,0.253858604892798,73501.3060476008,0.000681238925198348,0,0,0.443978344372978,0.472668688446209,0.000808698688089188,0,0,3.55402046849917,10.2710824176366,NA,NA,NA,NA,NA
2016,32,8,"2016-08-11",2011,"fall",19867,7697,6916,781,0,0,0,0,6916,781,12170,0,1517,0,0,80,7,NA,NA,NA,NA,NA,34796.0901449343,0,6.617803559964,0,2734.96,46793.1306756055,37992.6414006481,0,0.680538797201308,0,624.24,244479.583131188,283097.145070633,2.4039055463859e-06,0,0,0.863589009596652,0.134203548365593,84330.7986240998,7.84743375840957e-05,0,0,0.554875934285687,0.4126142608946,0.000192312443710872,0,0,10.7362838692475,69.0871207677322,NA,NA,NA,NA,NA
2016,33,8,"2016-08-18",1303,"fall",30006,17353,15386,1967,0,0,0,0,15386,1967,12653,0,1887,0,0,169,4,NA,NA,0,3,3,36177.0689074654,0,8.23190198922351,0,1772.08,104551.355196333,25060.6187444823,0,0.318457257664714,0,437.92,563499.335655673,588998.192857413,5.40676120107907e-07,0,0,0.956708089242113,0.0425478703472848,142508.736005788,5.77641920063706e-05,0,0,0.733648744116901,0.253858604892798,9.13742642982363e-05,0,0,7.19059008869114,161.683667081917,0.000173292576019112,0,0,0.761575814678394,2.2009462323507
2016,34,8,"2016-08-25",459,"fall",53894,40606,35966,4640,0,0,0,0,35966,4640,13288,0,156,0,0,222,2,NA,NA,0,10,10,37992.6414006481,0,0.680538797201308,0,624.24,244479.583131188,41163.4601328364,0,1.41778916083606,0,0,762403.701506961,803568.579428958,1.76436610033158e-06,0,0,0.948772414731235,0.0512258209026646,283097.145070633,2.4039055463859e-06,0,0,0.863589009596652,0.134203548365593,0.000391689274273611,0,0,11.3721322403915,210.627476070334,2.4039055463859e-05,0,0,1.34203548365593,8.63589009596652
2016,35,9,"2016-09-01",322,"fall",101963,93198,83067,10131,0,0,0,0,83067,10131,8765,0,73,0,0,293,4,NA,NA,0,21,21,25060.6187444823,0,0.318457257664714,0,437.92,563499.335655673,48565.8494003167,0,1.11678161592009,0,0,617290.689967218,665857.656149151,1.67720774193507e-06,0,0,0.927061038146186,0.0729372846460716,588998.192857413,5.40676120107907e-07,0,0,0.956708089242113,0.0425478703472848,0.000491421868386975,0,0,21.370624401299,271.628884176833,1.1354198522266e-05,0,0,0.893505277292982,20.0908698740844
2016,36,9,"2016-09-08",0,"fall",139527,125130,112802,12328,0,0,0,0,112802,12328,14397,0,325,0,0,363,4,NA,NA,0,28,28,41163.4601328364,0,1.41778916083606,0,0,762403.701506961,45986.8787092131,0,0.628189658955053,0,0,342988.33064038,388975.837539252,1.61498375562123e-06,0,0,0.881772844324215,0.11822554069203,803568.579428958,1.76436610033158e-06,0,0,0.948772414731235,0.0512258209026646,0.000586239103290506,0,0,42.9158712712067,320.08354248969,4.94022508092842e-05,0,0,1.43432298527461,26.5656276124746
2016,37,9,"2016-09-15",0,"fall",118133,101147,91403,9744,0,0,0,0,91403,9744,16986,0,256,0,0,466,2,NA,NA,0,31,31,48565.8494003167,0,1.11678161592009,0,0,617290.689967218,34421.5389691754,0,0.261745691231272,0,0,140261.970495565,174683.771210431,1.4983973005481e-06,0,0,0.802947918536745,0.197050583065955,665857.656149151,1.67720774193507e-06,0,0,0.927061038146186,0.0729372846460716,0.000698253142055414,0,0,91.825571708735,374.173730038123,5.19934399999871e-05,0,0,2.26105582402822,28.7388921825318
2016,38,9,"2016-09-22",0,"fall",73247,57163,50374,6789,0,0,0,0,50374,6789,16084,0,144,0,0,635,6,NA,NA,0,37,37,45986.8787092131,0,0.628189658955053,0,0,342988.33064038,19313.6884904709,0,0.26610811941846,0,0,68398.2156391483,87712.1702377386,3.03387909223076e-06,0,0,0.779803024526231,0.220193941594676,388975.837539252,1.61498375562123e-06,0,0,0.881772844324215,0.11822554069203,0.00192651322356653,0,0,139.823152912619,495.174920574157,5.97543989579854e-05,0,0,4.37434500560509,32.6255952399959
2016,39,9,"2016-09-29",0,"fall",36138,24099,20290,3809,0,0,0,0,20290,3809,12039,0,60,0,0,810,4,NA,NA,0,26,26,34421.5389691754,0,0.261745691231272,0,0,140261.970495565,8503.16944051229,0,0.772149789132253,0,0,37288.82340662,45792.7649969214,1.68618293563222e-05,0,0,0.814295083713047,0.185688054457597,174683.771210431,1.4983973005481e-06,0,0,0.802947918536745,0.197050583065955,0.013658081778621,0,0,150.407324110654,659.579017807568,3.89583298142506e-05,0,0,5.12331515971483,20.8766458819554
2016,40,10,"2016-10-06",0,"fall",18405,11650,9938,1712,0,0,0,0,9938,1712,6755,0,61,0,0,747,5,NA,NA,0,19,19,19313.6884904709,0,0.26610811941846,0,0,68398.2156391483,4746.22100580041,0,3.20638471758308,0,0,16748.8512448393,21498.2786353573,0.000149146114066532,0,0,0.779078712715779,0.220772141170154,87712.1702377386,3.03387909223076e-06,0,0,0.779803024526231,0.220193941594676,0.1114121472077,0,0,164.916789454105,581.971798398687,5.76437027523844e-05,0,0,4.18368489029885,14.8162574659984
2016,41,10,"2016-10-13",0,"fall",9423,6449,5376,1073,0,0,0,0,5376,1073,2974,0,177,0,0,513,7,NA,NA,0,31,31,8503.16944051229,0,0.772149789132253,0,0,37288.82340662,2401.70219570623,0,0.907385062935077,3.79507956807692,0,13608.6555493671,16015.0602097044,5.66582361260962e-05,0,0.0002369694224301,0.849741141848528,0.149965230492915,45792.7649969214,1.68618293563222e-05,0,0,0.814295083713047,0.185688054457597,0.0290656751326873,0,0.121565313706641,76.9321632428655,435.917205768295,0.000522716710045988,0,0,5.75632968818551,25.2431475951044
2016,42,10,"2016-10-20",0,"fall",4556,2896,2415,481,0,0,0,0,2415,481,1660,0,735,0,0,172,3,NA,NA,0,28,28,4746.22100580041,0,3.20638471758308,0,0,16748.8512448393,1629.72648994351,0,0.235571122108145,0,0,10082.03986648,11712.0019275456,2.01136512413051e-05,0,0,0.860829764958278,0.139150121390481,21498.2786353573,0.000149146114066532,0,0,0.779078712715779,0.220772141170154,0.00345954801350447,0,0,23.9338208791627,148.062719572824,0.0041760911938629,0,0,6.18161995276432,21.8142039560418
2016,43,10,"2016-10-27",0,"fall",3049,2209,2024,185,0,0,0,0,2024,185,840,0,208,51,0,65,1,NA,NA,0,32,33,2401.70219570623,0,0.907385062935077,3.79507956807692,0,13608.6555493671,986.413401807916,0,0,0,0,4721.66126741557,5708.07466922349,0,0,0,0.827189821617715,0.172810178382285,16015.0602097044,5.66582361260962e-05,0,0.0002369694224301,0.849741141848528,0.149965230492915,0,0,0,11.2326615948485,53.7673384051514,0.00181306355603508,0,0.00758302151776321,4.79888737577329,27.1917165391529
2016,44,11,"2016-11-03",0,"fall",2238,1668,1486,182,0,0,0,0,1486,182,570,0,54,0,0,93,1,NA,NA,0,32,32,1629.72648994351,0,0.235571122108145,0,0,10082.03986648,463.18542345763,0,0,0,0,1181.22616208006,1644.41158553769,0,0,0,0.718327560124689,0.281672439875311,11712.0019275456,2.01136512413051e-05,0,0,0.860829764958278,0.139150121390481,0,0,0,26.1955369084039,66.8044630915961,0.000643636839721762,0,0,4.45280388449538,27.5465524786649
2016,45,11,"2016-11-10",0,"fall",1126,781,696,85,0,0,0,0,696,85,345,0,0,0,0,177,2,NA,NA,0,13,13,986.413401807916,0,0,0,0,4721.66126741557,554.678840436915,0,0,0,0,853.370493878313,1408.04933431523,0,0,0,0.606065762811734,0.393934237188266,5708.07466922349,0,0,0,0.827189821617715,0.172810178382285,0,0,0,69.726359982323,107.273640017677,0,0,0,2.24653231896971,10.7534676810303
2016,46,11,"2016-11-17",0,"fall",353,191,176,15,0,0,0,0,176,15,162,0,0,0,0,192,3,NA,NA,0,19,20,463.18542345763,0,0,0,0,1181.22616208006,217.296865325802,0,0,0,0,217.919476000284,435.216341326086,0,0,0,0.500715288714327,0.499284711285673,1644.41158553769,0,0,0,0.718327560124689,0.281672439875311,0,0,0,95.8626645668493,96.1373354331507,0,0,0,5.3517763576309,13.6482236423691
2016,47,11,"2016-11-24",0,"fall",337,143,125,18,0,0,0,0,125,18,194,0,0,0,13657.2760684697,188,1,NA,NA,0,27,28,554.678840436915,0,0,0,0,853.370493878313,251.606896693034,0,0,0,0,100.125784455972,14009.0087496187,0,0,0,0.00714724262405055,0.017960364019323,1408.04933431523,0,0,0,0.606065762811734,0.393934237188266,0,0,0,3.37654843563273,1.3436816133215,0,0,0,10.6362244040832,16.3637755959168
2016,48,12,"2016-12-01",0,"fall",110,34,33,1,0,0,0,0,33,1,76,0,0,0,23069.7917630075,65,5,NA,NA,0,14,14,217.296865325802,0,0,0,0,217.919476000284,260.184404534842,0,0,0,0,39.264563848104,23369.2407313904,0,0,0,0.00168018141023137,0.0111336267842606,435.216341326086,0,0,0,0.500715288714327,0.499284711285673,0,0,0,0.723685740976936,0.109211791665039,0,0,0,6.98998595799943,7.01001404200057
2016,49,12,"2016-12-08",0,"fall",104,16,15,1,0,0,0,0,15,1,88,0,0,0,34677.8666209717,49,5,NA,NA,0,23,23,251.606896693034,0,0,0,0,100.125784455972,154.395141152543,0,0,0,0,15.0525627850798,34847.3143249093,0,0,0,0.000431957615003922,0.00443061808760911,351.732681149005,0,0,0,0.284664433594544,0.715335566405456,0,0,0,0.217100286292847,0.0211659231351922,0,0,0,16.4527180273255,6.54728197267451
2016,50,12,"2016-12-15",0,"fall",97,6,6,0,0,0,0,0,6,0,91,0,0,0,50497.7204305298,82,4,NA,NA,0,14,15,260.184404534842,0,0,0,0,39.264563848104,140.09929474953,0,0,0,0,13.088187949368,50650.9079132287,0,0,0,0.00025839986860235,0.00276597795620046,299.448968382946,0,0,0,0.131122722045551,0.868877277954449,0,0,0,0.226810192408438,0.0211887892253927,0,0,0,12.1642818913623,1.83571810863772
2016,51,12,"2016-12-22",0,"fall",57,3,2,1,0,0,0,0,2,1,54,0,0,0,29579.5626373659,29,4,NA,NA,0,15,16,154.395141152543,0,0,0,0,15.0525627850798,65.7608934538611,0,0,0,0,0,29645.3235308198,0,0,0,0,0.00221825521268118,169.447703937623,0,0,0,0.0888330879397514,0.911166912060249,0,0,0,0.0643294011677543,0,0,0,0,13.6675036809037,1.33249631909627
2016,52,12,"2016-12-29",0,"fall",51,2,2,0,0,0,0,0,2,0,49,0,0,0,32057.1970383405,37,3,NA,NA,0,15,15,140.09929474953,0,0,0,0,13.088187949368,25.7325235254239,0,0,0,0,0,32082.9295618659,0,0,0,0,0.000802062775339875,153.187482698898,0,0,0,0.0854390170709565,0.914560982929044,0,0,0,0.0296763226875754,0,0,0,0,13.7184147439357,1.28158525606435
2017,1,1,"2017-01-05",0,"spring",23,0,0,0,0,0,0,0,0,0,23,0,0,0,19233.6141194123,5,4,NA,NA,0,7,7,65.7608934538611,0,0,0,0,0,14.2958464030133,0,0,0,0,0,19247.9099658153,0,0,0,0,0.000742722011293848,65.7608934538611,0,0,0,0,1,0,0,0,0.00371361005646924,0,0,0,0,7,0
2017,2,1,"2017-01-12",0,"spring",9,0,0,0,0,0,0,0,0,0,9,0,0,0,50724.3484539449,62,4,NA,NA,0,4,4,25.7325235254239,0,0,0,0,0,14.2958464030133,0,0,0,0,0,50738.6443003479,0,0,0,0,0.000281754599480208,25.7325235254239,0,0,0,0,1,0,0,0,0.0174687851677729,0,0,0,0,4,0
2017,3,1,"2017-01-19",0,"spring",5,0,0,0,0,0,0,0,0,0,5,0,0,0,14104.9303004329,327,1,NA,NA,0,6,6,14.2958464030133,0,0,0,0,0,5.71833856120531,0,0,0,0,0,14110.6486389941,0,0,0,0,0.00040524987245469,14.2958464030133,0,0,0,0,1,0,0,0,0.132516708292684,0,0,0,0,6,0
2017,4,1,"2017-01-26",0,"spring",5,0,0,0,0,0,0,0,0,0,5,0,0,0,22909.1847440655,1291,4,NA,NA,0,2,2,14.2958464030133,0,0,0,0,0,117.225940504709,0,0,0,0,5.59514637826779,23032.0058309484,0,0,0,0.000242929183820782,0.00508969741346586,14.2958464030133,0,0,0,0,1,0,0,0,6.57079936078443,0.313621576312629,0,0,0,2,0
2017,5,2,"2017-02-02",0,"spring",2,0,0,0,0,0,0,0,0,0,2,0,0,0,118666.004536056,846,6,NA,NA,0,2,2,5.71833856120531,0,0,0,0,0,223.015203887007,0,0,0,0,0,118889.019739943,0,0,0,0,0.0018758267531756,5.71833856120531,0,0,0,0,1,0,0,0,1.58694943318656,0,0,0,0,2,0
2017,6,2,"2017-02-09",0,"spring",42,1,1,0,1,0,0,0,0,0,41,0,0,0,270942.569644409,1718,3,NA,NA,0,1,2,117.225940504709,0,0,0,0,5.59514637826779,297.353605182676,0,0,0,0,0,271239.923249592,0,0,0,0,0.00109627521502082,122.821086882977,0,0,0,0.0455552586307824,0.954444741369218,0,0,0,1.88340081940576,0,0,0,0,0.954444741369218,0.0455552586307824
2017,7,2,"2017-02-16",0,"spring",78,0,0,0,0,0,0,0,0,0,78,0,0,0,258629.806056921,932,6,NA,NA,0,4,4,223.015203887007,0,0,0,0,0,520.368809069683,1.38734863125,7.07585851961873,0.595306598914027,0,0,259159.233379741,2.7303131080229e-05,5.35326722940697e-06,2.2970688373728e-06,0,0.0020079115155708,223.015203887007,0,0,0,0,1,0.0254465181667734,0.0049892450578073,0.00214086815643145,1.87137353251199,0,0,0,0,4,0
2017,8,2,"2017-02-23",0,"spring",104,0,0,0,0,0,0,0,0,0,104,0,0,0,317642.874102409,1147,2,NA,NA,0,5,5,297.353605182676,0,0,0,0,0,980.69506324671,18.2259526066176,58.2820405808299,2.2323997459276,0,22.3805855130712,318724.690144102,0.000182860137237813,5.71839997659966e-05,7.00416320090637e-06,7.02191772559335e-05,0.00307693471379114,297.353605182676,0,0,0,0,1,0.209740577411772,0.0655900477315981,0.0080337751914396,3.52924411671843,0.0805413963125557,0,0,0,5,0
2017,9,3,"2017-03-02",0,"spring",182,0,0,0,0,0,0,0,0,0,182,51,1622,8,186812.762571281,692,4,NA,NA,0,8,9,520.368809069683,1.38734863125,7.07585851961873,0.595306598914027,0,0,992.131740369121,42.2461259672794,105.26975458503,3.27418629402715,0,39.1660246478745,187994.850403145,0.000559960841263925,0.000224719591396705,1.74163616024898e-05,0.000208335624959328,0.00527744104820717,529.427322819466,0.0133651177690192,0.00262047040538383,0.00112443497578425,0,0.982889976849813,0.387492902154636,0.15550595724652,0.012052122228923,3.65198920535936,0.144168252471855,0.106920942152154,0.0209637632430706,0.00899547980627401,7.8631198147985,0
2017,10,3,"2017-03-09",0,"spring",347,4,4,0,4,0,0,0,0,0,343,670,13360,30,87766.6636180616,538,4,NA,NA,0,6,7,980.69506324671,18.2259526066176,58.2820405808299,2.2323997459276,0,22.3805855130712,740.524843676087,55.6843656503677,141.080927573656,1.48826649728507,0,0,88705.442021459,0.00159044275479205,0.000627744638676135,1.67776233720253e-05,0,0.00834813317876196,1081.81604169316,0.0538742617364153,0.0168475525451555,0.00206356687263914,0.0206879771148921,0.906526641730898,0.855658202078122,0.337726615607761,0.00902636137414962,4.49129565017393,0,0.323245570418492,0.101085315270933,0.0123814012358348,5.43915985038539,0.124127862689352
2017,11,3,"2017-03-16",0,"spring",354,7,7,0,7,0,0,0,0,0,347,1553,24131,44,60719.0585328214,523,4,NA,NA,0,7,8,992.131740369121,42.2461259672794,105.26975458503,3.27418629402715,0,39.1660246478745,914.934169792849,80.5478293555147,87.471047581304,17.5615446679638,0,27.975731891339,61847.5488561103,0.00141430095774381,0.00130236089942563,0.000283948919444182,0.000452333720717455,0.0147933780192561,1182.08783186333,0.0890540886620016,0.0357385676669107,0.00276983334551886,0.0331329226070595,0.839304587718509,0.739679400900013,0.681134750399607,0.148505284869307,7.73693670407093,0.236570535935229,0.623378620634011,0.250169973668375,0.019388833418632,5.87513211402957,0.231930458249416
2017,12,3,"2017-03-23",0,"spring",259,0,0,0,0,0,0,0,0,0,259,2047,32340,20,33872.1353617167,551,3,NA,NA,0,6,6,740.524843676087,55.6843656503677,141.080927573656,1.48826649728507,0,0,834.877429935975,234.543527424265,98.4469169002687,357.928092597059,0,682.60785814867,36080.5391867229,0.00272853230908743,0.00650055494488211,0.00992025342927166,0.0189190038046842,0.0231392725484323,938.778403397396,0.150281394483608,0.0593157719104407,0.00158532247003031,0,0.788817511135921,1.50342130230717,3.58180577463004,5.46605963952868,12.7497391741862,10.424371096381,0.901688366901648,0.355894631462644,0.00951193482018184,4.73290506681553,0
2017,13,3,"2017-03-30",0,"spring",325,5,5,0,5,0,0,0,0,0,320,2961,20051,236,13343.3060872141,608,6,NA,NA,1,7,8,914.934169792849,80.5478293555147,87.471047581304,17.5615446679638,0,27.975731891339,531.805486192094,4267.64760721103,3650.49299432337,459.651107686493,0,1639.37788883246,23892.2811714596,0.1527896381315,0.178620349249402,0.0192384772465999,0.0686153773709466,0.0222584642452375,1128.49032328897,0.0775115619302527,0.0713766238781375,0.0155619807326136,0.0247904047682075,0.810759428690789,92.8960999839522,108.601172343637,11.6969941659328,13.5331462611044,41.7181494415355,0.620092495442022,0.5710129910251,0.124495845860908,6.48607542952631,0.19832323814566
2017,14,4,"2017-04-06",0,"spring",414,122,122,0,122,0,0,0,0,0,292,8622,22567,4810,2936.85893463356,512,4,NA,NA,2,15,17,834.877429935975,234.543527424265,98.4469169002687,357.928092597059,0,682.60785814867,394.565360723166,5676.07849707316,46.0672416567039,1089.18783603808,0,4701.88328780126,14844.6411579259,0.0031032910237852,0.382365490461355,0.0733724597617863,0.316739437334988,0.0265796496207318,2208.40382500624,0.0445783129813183,0.106204999632983,0.162075472132479,0.309095578634375,0.378045636618845,1.58888500417802,195.771131116214,37.5666993980346,13.6087806058147,162.170591915514,0.757831320682412,1.8054849937607,2.75528302625215,6.42677582252036,5.25462483678438
2017,15,4,"2017-04-13",0,"spring",479,293,293,0,293,0,0,0,0,0,186,156882,836803,6177,0,918,3,NA,NA,3,13,17,531.805486192094,4267.64760721103,3650.49299432337,459.651107686493,0,1639.37788883246,314.508620866292,6663.19064966471,18.3789099526225,2814.31194636606,0,9619.77168698642,19430.1618138361,0.000945895877178696,0.342930270653736,0.144842434835618,0.495094779917697,0.0161866187157707,10548.9750842455,0.346051911694745,0.404555662813596,0.0435730584265923,0.155406366565489,0.0504130004995772,0.868332415250043,314.80998846013,132.965355179097,14.8593159810775,454.497007964446,5.53683058711592,6.47289060501754,0.697168934825476,0.806608007993236,2.48650186504783
2017,16,4,"2017-04-20",0,"spring",979,841,840,1,840,1,0,0,0,0,138,208657,10560,14637,0,1019,3,NA,NA,8,27,35,394.565360723166,5676.07849707316,46.0672416567039,1089.18783603808,0,4701.88328780126,283.057758779663,13046.6809341037,18.4530712318047,5875.00641135767,0,95189.3181834118,114412.516358885,0.000161285424174413,0.114031937669996,0.051349333082835,0.831983433393124,0.00247401042987096,11907.7822232924,0.00386866679225906,0.476669659440899,0.091468572032461,0.394858018028251,0.0331350837061306,0.164349847233727,116.198544485725,52.3249704114088,2.52101662803851,847.791118627593,0.135403337729067,16.6834380804315,3.20140002113614,1.15972792971457,13.8200306309888
2017,17,4,"2017-04-27",0,"spring",1841,1731,1713,18,1713,18,0,0,0,0,110,244944,4213,37820,0,735,3,NA,NA,17,43,60,314.508620866292,6663.19064966471,18.3789099526225,2814.31194636606,0,9619.77168698642,400.283699284372,11892.0532350173,1894.52840041651,3481.94829704814,27.2,59633.6291280688,77329.6427598352,0.0244993812566857,0.153783889471089,0.045027342333161,0.771161316667073,0.00517632934795191,19430.1618138361,0.000945895877178696,0.342930270653736,0.144842434835618,0.495094779917697,0.0161866187157707,18.007045223664,113.03115876125,33.0950966148734,3.80460207074465,566.803567750298,0.0567537526307217,20.5758162392242,8.69054609013706,0.97119712294624,29.7056867950618
2017,18,5,"2017-05-04",0,"spring",17538,17439,16783,656,16783,656,0,0,0,0,99,479606,4230,78951,0,824,3,NA,NA,21,52,73,283.057758779663,13046.6809341037,18.4530712318047,5875.00641135767,0,95189.3181834118,531.805486192094,6458.62473384118,87.8723909745253,2944.90733150283,24.48,89643.4684995492,99691.1584420598,0.000881446181865731,0.0647863344630999,0.0295403060564734,0.8992118248044,0.0053345301078147,114412.516358885,0.000161285424174413,0.114031937669996,0.051349333082835,0.831983433393124,0.00247401042987096,0.726311653857362,53.3839395975943,24.3412121905341,4.39565280883931,740.950543638826,0.0117738359647322,8.32433144990967,3.74850131504695,0.18060276138058,60.7347906376981
2017,19,5,"2017-05-11",20,"spring",11425,11285,10320,965,10320,965,0,0,0,0,140,437161,434283,46792,0,908,2,NA,NA,18,48,66,400.283699284372,11892.0532350173,1894.52840041651,3481.94829704814,27.2,59633.6291280688,691.918965905842,3509.17594963235,185.878702627888,1194.11062409667,3504.72,187572.156582229,196657.960824492,0.000945187786187694,0.0178440574432892,0.00607201772605769,0.953798950196725,0.00351838777848077,77329.6427598352,0.0244993812566857,0.153783889471089,0.045027342333161,0.771161316667073,0.00517632934795191,0.858230509858427,16.2024041585066,5.51339209526038,3.19469610286054,866.049446778627,1.61695916294126,10.1497367050919,2.97180459398863,0.341637736964826,50.8966469000268
2017,20,5,"2017-05-18",18,"spring",18534,18348,14767,3581,14767,3581,0,0,0,0,186,237424,20143,39575,0,943,5,NA,NA,19,41,61,531.805486192094,6458.62473384118,87.8723909745253,2944.90733150283,24.48,89643.4684995492,680.482288783432,800.364145659559,237.294281242084,921.311375144321,86204.96,99262.1643455126,188106.576436342,0.00126148849092678,0.00425484404013069,0.00489781586905924,0.527691089944983,0.00361753587607139,99691.1584420598,0.000881446181865731,0.0647863344630999,0.0295403060564734,0.8992118248044,0.0053345301078147,1.18958364694395,4.01231792984324,4.61864036452286,3.41133633113532,497.612697818119,0.0528867709119439,3.887180067786,1.7724183633884,0.320071806468882,53.952709488264
2017,21,5,"2017-05-25",2577,"spring",40814,40572,29723,10849,29723,10849,0,0,0,0,242,129000,42609,16047,0,893,3,NA,NA,14,22,37,691.918965905842,3509.17594963235,185.878702627888,1194.11062409667,3504.72,187572.156582229,857.750784180796,165.148892947426,405.601123131979,311.94065783095,344145.28,76632.1848425082,422517.906300599,0.000959961973406674,0.000390868388025031,0.000738289793590477,0.181370265495892,0.00203009333188012,196657.960824492,0.000945187786187694,0.0178440574432892,0.00607201772605769,0.953798950196725,0.00351838777848077,0.85724604225216,0.349045470506353,0.659292785676296,1.81287334536895,161.963647087832,0.034026760302757,0.642386067958411,0.218592638138077,0.126661960025308,34.3367622070821
2017,22,6,"2017-06-01",63386,"summer",16934,16696,13851,2845,0,0,13851,2845,0,0,238,29422,54395,12381,0,453,5,NA,NA,2,0,3,680.482288783432,800.364145659559,237.294281242084,921.311375144321,86204.96,99262.1643455126,1023.58260245575,35.2005711536765,389.665172964182,89.6680564614253,345168,88898.1140855702,435604.230488605,0.00089453945965379,8.08086071941794e-05,0.000205847533576171,0.204080006261316,0.00234979949875057,188106.576436342,0.00126148849092678,0.00425484404013069,0.00489781586905924,0.527691089944983,0.00361753587607139,0.405226375223167,0.0366062990589633,0.0932489327100055,1.06445917293401,92.4482428363761,0.00252297698185356,0.00850968808026139,0.00979563173811848,0.00723507175214277,1.05538217988997
2017,23,6,"2017-06-08",253048,"summer",12753,12453,10905,1548,0,0,10905,1548,0,0,300,6071,92976,4192,0,256,5,NA,NA,NA,NA,NA,857.750784180796,165.148892947426,405.601123131979,311.94065783095,344145.28,76632.1848425082,1658.31818274954,27.9917988540441,1083.43521485723,83.4917504976923,1974977.04,119213.185016642,2097043.4619636,0.00051664890809785,1.33482206552999e-05,3.98140296145858e-05,0.056848218541458,0.000790788656901153,422517.906300599,0.000959961973406674,0.000390868388025031,0.000738289793590477,0.181370265495892,0.00203009333188012,0.13226212047305,0.00341714448775677,0.010192391581334,0.202441896166695,14.5531439466132,NA,NA,NA,NA,NA
2017,24,6,"2017-06-15",253800,"summer",14797,14439,12654,1785,0,0,12654,1785,0,0,358,1294,89323,1205,0,81,4,NA,NA,NA,NA,NA,1023.58260245575,35.2005711536765,389.665172964182,89.6680564614253,345168,88898.1140855702,1884.19255591715,4.54288669448529,1385.56826624549,34.6766093867421,921836.56,109809.105235562,1034954.64555381,0.00133877196667306,4.38945485582548e-06,3.3505438654451e-05,0.106100403246949,0.0018205556774992,435604.230488605,0.00089453945965379,8.08086071941794e-05,0.000205847533576171,0.204080006261316,0.00234979949875057,0.108440529300518,0.000355545843321864,0.00271394053101053,0.147465009877435,8.59413266300286,NA,NA,NA,NA,NA
2017,25,6,"2017-06-22",1452189,"summer",19572,18992,17149,1843,0,0,17149,1843,0,0,580,1029,248356,1122,0,10,5,NA,NA,NA,NA,NA,1658.31818274954,27.9917988540441,1083.43521485723,83.4917504976923,1974977.04,119213.185016642,3516.77821514127,9.49381710404412,2071.72150852371,0,293139.84,80357.1236986572,379094.957239426,0.00546491444679192,2.50433748134721e-05,0,0.211970964435451,0.00927677392690867,2097043.4619636,0.00051664890809785,1.33482206552999e-05,3.98140296145858e-05,0.056848218541458,0.000790788656901153,0.0546491444679192,0.000250433748134721,0,0.0927677392690867,2.11970964435451,NA,NA,NA,NA,NA
2017,26,6,"2017-06-29",677821,"summer",18011,17352,15865,1487,0,0,15865,1487,0,0,659,167,317614,466,0,2,2,358,1,NA,NA,NA,1884.19255591715,4.54288669448529,1385.56826624549,34.6766093867421,921836.56,109809.105235562,6115.76309120908,0,3359.62809494262,0,210136.32,42615.8208129949,262227.531999147,0.012811881610332,0,0,0.16251466994371,0.0233223530900218,1034954.64555381,0.00133877196667306,4.38945485582548e-06,3.3505438654451e-05,0.106100403246949,0.0018205556774992,0.0256237632206641,0,0,0.0466447061800435,0.32502933988742,NA,NA,NA,NA,NA
2017,27,7,"2017-07-06",215544,"summer",14039,12809,11556,1253,0,0,11556,1253,0,0,1230,349,474901,0,0,0,2,NA,NA,NA,NA,NA,3516.77821514127,9.49381710404412,2071.72150852371,0,293139.84,80357.1236986572,13052.1077659511,0,1683.33016459018,0,52258,34534.2093785414,101527.647309083,0.016580017455399,0,0,0.340145864637326,0.128557177398353,379094.957239426,0.00546491444679192,2.50433748134721e-05,0,0.211970964435451,0.00927677392690867,0,0,0,0,0,NA,NA,NA,NA,NA
2017,28,7,"2017-07-13",154512,"summer",8999,6860,6096,764,0,0,6096,764,0,0,2139,0,770128,0,0,0,2,NA,NA,NA,NA,NA,6115.76309120908,0,3359.62809494262,0,210136.32,42615.8208129949,21546.6996986216,0,457.880462527239,0,19884.56,22370.1591616204,64259.2993227693,0.00712551284176539,0,0,0.3481232972874,0.335308662336859,262227.531999147,0.012811881610332,0,0,0.16251466994371,0.0233223530900218,0,0,0,0,0,NA,NA,NA,NA,NA
2017,29,7,"2017-07-20",38425,"summer",10124,5559,4940,619,0,0,4940,619,0,0,4565,0,385870,0,0,0,4,NA,NA,0,1,1,13052.1077659511,0,1683.33016459018,0,52258,34534.2093785414,29701.0504869004,0,135.968161738272,0,7528.96,18276.9642984053,55642.9429470439,0.00244358322074507,0,0,0.328468684983102,0.533779288330728,101527.647309083,0.016580017455399,0,0,0.340145864637326,0.128557177398353,0,0,0,0,0,0.016580017455399,0,0,0.128557177398353,0.340145864637326
2017,30,7,"2017-07-27",14621,"summer",11174,3638,3182,456,0,0,3182,456,0,0,7536,0,104960,0,0,NA,NA,NA,NA,0,1,1,21546.6996986216,0,457.880462527239,0,19884.56,22370.1591616204,16059.9538491451,0,7.6255244712044,0,1913.52,13471.9608103978,31453.0601840141,0.000242441416720401,0,0,0.428319557193511,0.510600677809644,64259.2993227693,0.00712551284176539,0,0,0.3481232972874,0.335308662336859,NA,NA,NA,NA,NA,0.00712551284176539,0,0,0.335308662336859,0.3481232972874
2017,31,8,"2017-08-03",5536,"summer",13331,2943,2614,329,0,0,2614,329,0,0,10388,0,31168,0,0,NA,NA,NA,NA,0,1,1,29701.0504869004,0,135.968161738272,0,7528.96,18276.9642984053,23076.355263744,0,10.3302299472609,0,1638.8,43367.303213075,68092.7887067663,0.000151708134494929,0,0,0.636885403531221,0.338895728931292,55642.9429470439,0.00244358322074507,0,0,0.328468684983102,0.533779288330728,NA,NA,NA,NA,NA,0.00244358322074507,0,0,0.533779288330728,0.328468684983102
2017,32,8,"2017-08-10",1407,"fall",7852,2235,1983,252,0,0,0,0,1983,252,5617,0,1748,0,0,20,4,NA,NA,0,2,2,16059.9538491451,0,7.6255244712044,0,1913.52,13471.9608103978,64983.1994095371,0,19.3255568692423,0,1067.6,96961.875050493,163032.000016899,0.000118538427224343,0,0,0.594741370040497,0.398591683858391,31453.0601840141,0.000242441416720401,0,0,0.428319557193511,0.510600677809644,0.00237076854448685,0,0,7.97183367716782,11.8948274008099,0.000484882833440801,0,0,1.02120135561929,0.856639114387022
2017,33,8,"2017-08-17",1205,"fall",15248,7177,6391,786,0,0,0,0,6391,786,8071,0,2368,0,0,118,5,NA,NA,0,15,15,23076.355263744,0,10.3302299472609,0,1638.8,43367.303213075,30278.6026815821,0,4.71578487035009,0,689.52,208819.389610653,239792.228077106,1.96661289157116e-05,0,0,0.870834685866078,0.126270158646868,68092.7887067663,0.000151708134494929,0,0,0.636885403531221,0.338895728931292,0.00232060321205397,0,0,14.8998787203304,102.758492932197,0.00227562201742393,0,0,5.08343593396939,9.55328105296831
2017,34,8,"2017-08-24",785,"fall",39141,16413,14132,2281,0,0,0,0,14132,2281,22728,0,4430,0,0,276,3,NA,NA,0,16,16,64983.1994095371,0,19.3255568692423,0,1067.6,96961.875050493,15036.3712466894,0,2.03725396341674,0.44647994918552,0,242113.836325956,257152.691306558,7.92235132001039e-06,0,1.73624451261628e-06,0.941517800555804,0.0584725408483636,163032.000016899,0.000118538427224343,0,0,0.594741370040497,0.398591683858391,0.00218656896432287,0,0.000479203485482094,16.1384212741483,259.858912953402,0.00189661483558948,0,0,6.37746694173425,9.51586192064795
2017,35,8,"2017-08-31",507,"fall",46075,35485,30376,5109,0,0,0,0,30376,5109,10590,0,1081,0,0,257,5,NA,NA,0,15,15,30278.6026815821,0,4.71578487035009,0,689.52,208819.389610653,34321.4680443543,0,3.08859915652901,1.1161998729638,0,808141.088829658,842466.761673042,3.66613770066775e-06,0,1.32491858877276e-06,0.95925575416742,0.0407392547762903,239792.228077106,1.96661289157116e-05,0,0,0.870834685866078,0.126270158646868,0.000942197389071612,0,0.000340504077314598,10.4699884775066,246.528728821027,0.000294991933735675,0,0,1.89405237970302,13.0625202879912
2017,36,9,"2017-09-07",0,"fall",44670,39411,35962,3449,0,0,0,0,35962,3449,5259,0,467,6,0,256,2,NA,NA,0,12,12,15036.3712466894,0,2.03725396341674,0.44647994918552,0,242113.836325956,31565.2288578533,0,3.62081539536593,0,0,344821.577567069,376390.427240318,9.61983922363178e-06,0,0,0.916127384257059,0.0838629959037177,257152.691306558,7.92235132001039e-06,0,1.73624451261628e-06,0.941517800555804,0.0584725408483636,0.00246267884124974,0,0,21.4689269513517,234.528610369807,9.50682158401247e-05,0,2.08349341513954e-05,0.701670490180363,11.2982136066696
2017,37,9,"2017-09-14",0,"fall",143361,131357,120118,11239,0,0,0,0,120118,11239,12004,0,708,15,0,598,5,NA,NA,0,15,15,34321.4680443543,0,3.08859915652901,1.1161998729638,0,808141.088829658,15479.5424851828,0,3.60336568261718,0,0,167392.115249811,182875.261100677,1.97039537274178e-05,0,0,0.91533493509359,0.0846453609526821,842466.761673042,3.66613770066775e-06,0,1.32491858877276e-06,0.95925575416742,0.0407392547762903,0.0117829643289958,0,0,50.6179258497039,547.370291185967,5.49920655100162e-05,0,1.98737788315913e-05,0.611088821644354,14.3888363125113
2017,38,9,"2017-09-21",0,"fall",68234,57194,50761,6433,0,0,0,0,50761,6433,11040,0,830,0,0,669,4,NA,NA,0,5,5,31565.2288578533,0,3.62081539536593,0,0,344821.577567069,7511.03770014317,0,3.02316273372119,0,0,96073.1802088711,103587.241071748,2.91847017300832e-05,0,0,0.927461521466023,0.0725092938322469,376390.427240318,9.61983922363178e-06,0,0,0.916127384257059,0.0838629959037177,0.0195245654574257,0,0,48.5087175737732,620.471757860769,4.80991961181589e-05,0,0,0.419314979518588,4.58063692128529
2017,39,9,"2017-09-28",0,"fall",33439,28025,24530,3495,0,0,0,0,24530,3495,5414,0,826,0,0,358,4,NA,NA,0,10,10,15479.5424851828,0,3.60336568261718,0,0,167392.115249811,3279.46716485124,0,5.53155894135422,0,0,60799.1033140572,64084.1020378498,8.63171795414584e-05,0,0,0.94873925639385,0.051174426426609,182875.261100677,1.97039537274178e-05,0,0,0.91533493509359,0.0846453609526821,0.0309015502758421,0,0,18.320444660726,339.648653788998,0.000197039537274178,0,0,0.846453609526821,9.1533493509359
2017,40,10,"2017-10-05",0,"fall",18900,16273,13998,2275,0,0,0,0,13998,2275,2627,0,693,0,0,398,3,NA,NA,0,15,15,7511.03770014317,0,3.02316273372119,0,0,96073.1802088711,2424.57554995105,0,2.77886675523867,0,0,24112.9557404937,26540.3101572,0.000104703627756393,0,0,0.908540842125472,0.0913544542467716,103587.241071748,2.91847017300832e-05,0,0,0.927461521466023,0.0725092938322469,0.0416720438470443,0,0,36.3590727902151,361.599255165938,0.000437770525951249,0,0,1.0876394074837,13.9119228219903
2017,41,10,"2017-10-12",0,"fall",11169,10022,8977,1045,0,0,0,0,8977,1045,1147,0,1268,0,0,NA,NA,NA,NA,0,6,6,3279.46716485124,0,5.53155894135422,0,0,60799.1033140572,1664.03652131075,0,22.0651617707962,19.5707044392986,0,6514.2411106413,8219.91349816214,0.00268435449785812,0,0.00238088934192244,0.792495092813056,0.202439663347163,64084.1020378498,8.63171795414584e-05,0,0,0.94873925639385,0.051174426426609,NA,NA,NA,NA,NA,0.00051790307724875,0,0,0.307046558559654,5.6924355383631
2017,42,10,"2017-10-19",0,"fall",4891,4043,3531,512,0,0,0,0,3531,512,848,0,637,0,0,NA,NA,NA,NA,0,9,9,2424.57554995105,0,2.77886675523867,0,0,24112.9557404937,528.946316911491,0,4.98625541795574,0,0,11672.8827389296,12206.8153112591,0.000408481269750729,0,0,0.956259469917844,0.0433320488124051,26540.3101572,0.000104703627756393,0,0,0.908540842125472,0.0913544542467716,NA,NA,NA,NA,NA,0.000942332649807534,0,0,0.822190088220944,8.17686757912925
2017,43,10,"2017-10-26",0,"fall",1730,1148,930,218,0,0,0,0,930,218,582,0,5058,263,0,NA,NA,NA,NA,0,24,24,1664.03652131075,0,22.0651617707962,19.5707044392986,0,6514.2411106413,320.226959427497,0,0,0,0,7805.26586772604,8125.49282715353,0,0,0,0.960589841596146,0.0394101584038536,8219.91349816214,0.00268435449785812,0,0.00238088934192244,0.792495092813056,0.202439663347163,NA,NA,NA,NA,NA,0.064424507948595,0,0.0571413442061385,4.85855192033191,19.0198822275134
2017,44,11,"2017-11-02",0,"fall",2080,1895,1736,159,0,0,0,0,1736,159,185,0,1143,0,0,NA,NA,NA,NA,0,20,21,528.946316911491,0,4.98625541795574,0,0,11672.8827389296,191.564341800378,0,0,0,0,4147.04853727928,4338.61287907966,0,0,0,0.955846638743899,0.0441533612561013,12206.8153112591,0.000408481269750729,0,0,0.956259469917844,0.0433320488124051,NA,NA,NA,NA,NA,0.00816962539501457,0,0,0.866640976248101,19.1251893983569
2017,45,11,"2017-11-09",0,"fall",1381,1269,1160,109,0,0,0,0,1160,109,112,0,0,0,0,NA,NA,NA,NA,0,21,21,320.226959427497,0,0,0,0,7805.26586772604,157.254310433146,0,0,0,0,1785.93255135345,1943.1868617866,0,0,0,0.919074015203785,0.0809259847962146,8125.49282715353,0,0,0,0.960589841596146,0.0394101584038536,NA,NA,NA,NA,NA,0,0,0,0.827613326480927,20.1723866735191
2017,46,11,"2017-11-16",0,"fall",735,668,619,49,0,0,0,0,619,49,67,0,0,0,0,NA,NA,NA,NA,0,21,22,191.564341800378,0,0,0,0,4147.04853727928,185.846003239173,0,0,0,0,545.124174734484,730.970177973657,0,0,0,0.745754329192524,0.254245670807476,4338.61287907966,0,0,0,0.955846638743899,0.0441533612561013,NA,NA,NA,NA,NA,0,0,0,0.927220586378128,20.0727794136219
2017,47,11,"2017-11-23",0,"fall",358,303,260,43,0,0,0,0,260,43,55,0,0,0,0,NA,NA,NA,NA,0,10,10,157.254310433146,0,0,0,0,1785.93255135345,182.98683395857,0,0,0,0,154.442911089156,337.429745047726,0,0,0,0.457703902385107,0.542296097614893,1943.1868617866,0,0,0,0.919074015203785,0.0809259847962146,NA,NA,NA,NA,NA,0,0,0,0.809259847962146,9.19074015203785
2017,48,11,"2017-11-30",0,"fall",149,84,83,1,0,0,0,0,83,1,65,0,0,0,0,NA,NA,NA,NA,0,22,23,185.846003239173,0,0,0,0,545.124174734484,334.522805830511,0,0,0,0,80.4935025319199,415.01630836243,0,0,0,0.193952625258344,0.806047374741656,730.970177973657,0,0,0,0.745754329192524,0.254245670807476,NA,NA,NA,NA,NA,0,0,0,5.59340475776447,16.4065952422355
2017,49,12,"2017-12-07",0,"fall",89,25,23,2,0,0,0,0,23,2,64,0,0,0,0,NA,NA,NA,NA,1,25,26,182.98683395857,0,0,0,0,154.442911089156,162.972648994351,0,0,0,0,56.2815014688957,219.254150463247,0,0,0,0.256695261412303,0.743304738587697,337.429745047726,0,0,0,0.457703902385107,0.542296097614893,NA,NA,NA,NA,NA,0,0,0,14.0996985379872,11.9003014620128
2017,50,12,"2017-12-14",0,"fall",130,13,12,1,0,0,0,0,12,1,117,0,0,0,0,NA,NA,NA,NA,1,17,18,334.522805830511,0,0,0,0,80.4935025319199,303.071943743881,0,0,0,0,6.544093974684,309.616037718565,0,0,0,0.0211361595571882,0.978863840442812,415.01630836243,0,0,0,0.193952625258344,0.806047374741656,NA,NA,NA,NA,NA,0,0,0,14.5088527453498,3.49114725465019
2017,51,12,"2017-12-21",0,"fall",67,10,8,2,0,0,0,0,8,2,57,0,0,0,25978.4284100894,NA,NA,NA,NA,0,9,9,162.972648994351,0,0,0,0,56.2815014688957,88.6342476986823,0,0,0,0,5.59514637826779,26072.6578041664,0,0,0,0.000214598236217164,0.0033995094924507,219.254150463247,0,0,0,0.256695261412303,0.743304738587697,NA,NA,NA,NA,NA,0,0,0,6.68974264728927,2.31025735271073
2017,52,12,"2017-12-28",0,"fall",107,1,1,0,0,0,0,0,1,0,106,0,0,0,20583.268891562,NA,NA,NA,NA,0,4,4,303.071943743881,0,0,0,0,6.544093974684,214.437696045199,0,0,0,0,5.59514637826779,20803.3017339855,0,0,0,0.000268954728908596,0.010307868375282,309.616037718565,0,0,0,0.0211361595571882,0.978863840442812,NA,NA,NA,NA,NA,0,0,0,3.91545536177125,0.0845446382287529
2018,1,1,"2018-01-04",0,"spring",32,1,1,0,1,0,0,0,0,0,31,0,0,0,4909.82541667746,NA,NA,NA,NA,0,7,7,88.6342476986823,0,0,0,0,5.59514637826779,182.98683395857,0,0,0,0,0,5092.81225063603,0,0,0,0,0.0359304103416962,94.2293940769501,0,0,0,0.0593779301360959,0.940622069863904,NA,NA,NA,NA,NA,0,0,0,6.58435448904733,0.415645510952671
2018,2,1,"2018-01-11",0,"spring",76,1,1,0,1,0,0,0,0,0,75,0,0,0,3774.39078918297,NA,NA,NA,NA,0,7,8,214.437696045199,0,0,0,0,5.59514637826779,100.070924821093,0,0,0,0,0,3874.46171400406,0,0,0,0,0.0258283426725811,220.032842423467,0,0,0,0.0254286874479383,0.974571312552062,NA,NA,NA,NA,NA,0,0,0,6.82199918786443,0.178000812135568
2018,3,1,"2018-01-18",0,"spring",64,0,0,0,0,0,0,0,0,0,64,0,0,0,17388.6622620355,NA,NA,NA,NA,0,8,8,182.98683395857,0,0,0,0,0,300.212774463279,0,0,0,0,0,17688.8750364988,0,0,0,0,0.0169718409929307,182.98683395857,0,0,0,0,1,NA,NA,NA,NA,NA,0,0,0,8,0
2018,4,1,"2018-01-25",0,"spring",35,0,0,0,0,0,0,0,0,0,35,0,0,0,109882.960639187,NA,NA,NA,NA,0,8,8,100.070924821093,0,0,0,0,0,434.593730651603,0,0,0,0,0,110317.554369839,0,0,0,0,0.00393947937963375,100.070924821093,0,0,0,0,1,NA,NA,NA,NA,NA,0,0,0,8,0
2018,5,2,"2018-02-01",0,"spring",105,0,0,0,0,0,0,0,0,0,105,0,0,0,55741.8942329089,NA,NA,NA,NA,0,6,6,300.212774463279,0,0,0,0,0,283.057758779663,0,0,0,0,0,56024.9519916886,0,0,0,0,0.00505235165255751,300.212774463279,0,0,0,0,1,NA,NA,NA,NA,NA,0,0,0,6,0
2018,6,2,"2018-02-08",0,"spring",152,0,0,0,0,0,0,0,0,0,152,0,0,0,62922.0622532292,NA,NA,NA,NA,0,5,5,434.593730651603,0,0,0,0,0,165.831818274954,0,0,0,0,0,63087.8940715041,0,0,0,0,0.00262858383079009,434.593730651603,0,0,0,0,1,NA,NA,NA,NA,NA,0,0,0,5,0
2018,7,2,"2018-02-15",0,"spring",99,0,0,0,0,0,0,0,0,0,99,0,0,0,17443.0970749424,290,1,NA,NA,0,5,5,283.057758779663,0,0,0,0,0,291.635266621471,0.652869944117647,5.57954565141329,0,0,0,17740.9647571594,0.000314500689662982,3.68001375942185e-05,0,0,0.0164385235309022,283.057758779663,0,0,0,0,1,0.0912052000022647,0.0106720399023234,0,4.76717182396162,0,0,0,0,5,0
2018,8,2,"2018-02-22",0,"spring",58,0,0,0,0,0,0,0,0,0,58,0,0,0,15534.6066434492,NA,NA,NA,NA,0,5,5,165.831818274954,0,0,0,0,0,388.847022161961,1.25133405955882,27.7363184141405,0,0,5.59514637826779,15958.0364644631,0.0017380783955411,7.84140368613278e-05,0,0.000350616217147241,0.0243668463239749,165.831818274954,0,0,0,0,1,NA,NA,NA,NA,NA,0,0,0,5,0
2018,9,3,"2018-03-01",0,"spring",102,0,0,0,0,0,0,0,0,0,102,24,1279,0,11390.8298385058,NA,NA,NA,NA,0,3,3,291.635266621471,0.652869944117647,5.57954565141329,0,0,0,929.230016195863,4.54288669448529,40.4004474415469,0.818546573506787,0,22.3805855130712,12388.2023209242,0.00326120339294981,0.000366710728223429,6.60746856002041e-05,0.00180660477874738,0.0750092702818028,297.867682217002,0.0187316247599781,0.00219181194568809,0,0,0.979076563294334,NA,NA,NA,NA,NA,0.0561948742799344,0.00657543583706426,0,2.937229689883,0
2018,10,3,"2018-03-08",0,"spring",137,1,1,0,1,0,0,0,0,0,136,46,6358,0,9236.98701549428,NA,NA,NA,NA,0,4,5,388.847022161961,1.25133405955882,27.7363184141405,0,0,5.59514637826779,603.28471820716,30.6848873735294,47.5591920967222,1.56267982214932,0,44.7611710261423,9964.83966401998,0.0047727001838719,0.00307931571486526,0.00015681936436887,0.00449191081194827,0.0605413371963664,423.429821013928,0.0655039324998986,0.00295523365964737,0,0.0132138694550844,0.91832696438537,NA,NA,NA,NA,NA,0.262015729999594,0.0118209346385895,0,3.67330785754148,0.0528554778203375
2018,11,3,"2018-03-15",0,"spring",329,4,4,0,4,0,0,0,0,0,325,167,9261,11,1169.19662548479,NA,NA,NA,NA,0,5,5,929.230016195863,4.54288669448529,40.4004474415469,0.818546573506787,0,22.3805855130712,926.37084691526,787.252340948529,32.3823044334956,20.0171843884842,0,65.4672702735783,3000.68657244414,0.0107916317321737,0.262357404528022,0.00667086811808527,0.0218174303423678,0.308719629508225,997.372482418473,0.0405068799808694,0.00455485465517306,0.000820702985029163,0.0224395458142195,0.931678016564709,NA,NA,NA,NA,NA,0.202534399904347,0.0227742732758653,0.00410351492514582,4.65839008282354,0.112197729071098
2018,12,3,"2018-03-22",0,"spring",219,8,8,0,8,0,0,0,0,0,211,1128,10902,21,0,164,1,NA,NA,0,6,7,603.28471820716,30.6848873735294,47.5591920967222,1.56267982214932,0,44.7611710261423,1055.03346454238,918.724025945221,56.4280086012751,57.4470867952036,0,389.98576021311,2477.61834609719,0.0227751012136966,0.370809340910968,0.0231864148429865,0.157403484207899,0.42582565882445,727.852648525703,0.0653417861335743,0.042158103615729,0.00214697277713366,0.0614975725056548,0.828855564967908,3.73511659904624,60.8127319093987,3.80257203424979,69.8354080472098,25.8141714100955,0.392050716801446,0.252948621694374,0.012881836662802,4.97313338980745,0.368985435033929
2018,13,3,"2018-03-29",0,"spring",337,13,11,2,11,2,0,0,0,0,324,28940,7423,269,0,372,1,NA,NA,1,10,11,926.37084691526,787.252340948529,32.3823044334956,20.0171843884842,0,65.4672702735783,474.622100580041,4596.47643573162,3480.92541068738,457.790774564887,0,716.178736418277,9725.9934579822,0.357899213661362,0.472597113661356,0.0470687931821684,0.0736355354866606,0.0487993440084534,1831.48994695935,0.0176808529510396,0.429842567389208,0.0109294535969017,0.0357453615196019,0.505801764543249,133.138507482027,175.806126282024,17.5095910637666,18.1533559711447,27.3924192010377,0.194489382461436,4.72826824128128,0.120223989565919,5.56381940997574,0.393198976715621
2018,14,4,"2018-04-05",0,"spring",440,71,69,2,69,2,0,0,0,0,369,33773,12935,772,0,316,1,NA,NA,1,15,13,1055.03346454238,918.724025945221,56.4280086012751,57.4470867952036,0,389.98576021311,363.114498636537,4904.22300564007,57.099822542102,3347.33459236871,0,1841.08900224078,10512.8609214282,0.00543142565747411,0.466497468414508,0.318403773947574,0.175127305117118,0.0345400268633257,2477.61834609719,0.0227751012136966,0.370809340910968,0.0231864148429865,0.157403484207899,0.42582565882445,1.71633050776182,147.413200018985,100.615592567433,10.9146484888109,55.3402284170093,0.364401619419146,5.93294945457548,0.370982637487785,6.8132105411912,2.51845574732639
2018,15,4,"2018-04-12",0,"spring",294,128,128,0,128,0,0,0,0,0,166,168970,797933,6152,0,534,2,NA,NA,1,22,23,474.622100580041,4596.47643573162,3480.92541068738,457.790774564887,0,716.178736418277,528.946316911491,7337.36047570919,44.0823368315334,5714.19921632602,0,26426.2839177848,40050.872263563,0.0011006585959337,0.183201015633921,0.142673527276074,0.659817937144569,0.013206861349502,9725.9934579822,0.357899213661362,0.472597113661356,0.0470687931821684,0.0736355354866606,0.0487993440084534,0.587751690228598,97.8293423485139,76.1876635654235,7.05246396063405,352.3427784352,8.23168191421132,10.8697336142112,1.08258224318987,1.12238491219443,1.69361731619319
2018,16,4,"2018-04-19",0,"spring",458,331,328,3,328,3,0,0,0,0,127,180283,13089,44983,0,785,3,NA,NA,6,21,27,363.114498636537,4904.22300564007,57.099822542102,3347.33459236871,0,1841.08900224078,614.721395329571,10706.6046339857,36.8494308971759,5988.11466515133,1.36,114274.935975706,131622.58610107,0.000279962823925068,0.0813432173849275,0.0454945829779792,0.868201570572068,0.00467033366794313,10512.8609214282,0.00543142565747411,0.466497468414508,0.318403773947574,0.175127305117118,0.0345400268633257,0.219770816781178,63.8544256471681,35.7132476377137,3.66621192933536,681.538232899073,0.146648492751801,12.5954316471917,8.59690189658449,0.932580725309793,4.72843723816219
2018,17,4,"2018-04-26",0,"spring",4949,4764,4701,63,4701,63,0,0,0,0,185,269727,10105,76790,0,713,2,NA,NA,6,45,51,528.946316911491,7337.36047570919,44.0823368315334,5714.19921632602,0,26426.2839177848,869.187461303207,12877.2611836051,1778.527072491,4949.30465004636,152.32,119056.853716457,139683.454083902,0.0127325536453495,0.0921888799790868,0.0354322899766891,0.852333259492165,0.00622255131793291,40050.872263563,0.0011006585959337,0.183201015633921,0.142673527276074,0.659817937144569,0.013206861349502,9.07831074913418,65.7306714250889,25.2632227533793,4.43667908968616,607.713614017914,0.0561335883926189,9.34325179732998,7.27634989107978,0.6735499288246,33.650714794373
2018,18,5,"2018-05-03",1,"spring",20980,20765,20240,525,20240,525,0,0,0,0,215,393583,8447,80471,0,NA,NA,NA,NA,10,47,57,614.721395329571,10706.6046339857,36.8494308971759,5988.11466515133,1.36,114274.935975706,626.158072451981,5480.70716629596,143.899056182579,2644.27749905124,9124.24,106844.025156082,124863.306950064,0.00115245270766477,0.0438936569931455,0.0211773783959507,0.855687933996589,0.00501474842967596,131622.58610107,0.000279962823925068,0.0813432173849275,0.0454945829779792,0.868201570572068,0.00467033366794313,NA,NA,NA,NA,NA,0.0159578809637289,4.63656339094087,2.59319122974481,0.266209019072759,49.4874895226079
2018,19,5,"2018-05-10",112,"spring",22559,22255,20752,1503,20752,1503,0,0,0,0,304,473378,407692,66511,0,NA,NA,NA,NA,9,50,60,869.187461303207,12877.2611836051,1778.527072491,4949.30465004636,152.32,119056.853716457,609.003056768365,2848.77079824301,179.330697918919,1683.97354167805,52697.28,106727.885998784,164746.244093393,0.00108852677586542,0.0172918709857087,0.0102216202314356,0.647831982975476,0.00369661269135294,139683.454083902,0.0127325536453495,0.0921888799790868,0.0354322899766891,0.852333259492165,0.00622255131793291,NA,NA,NA,NA,NA,0.751220665075619,5.43914391876612,2.09050510862465,0.367130527758041,50.2876623100377
2018,20,5,"2018-05-17",6709,"spring",20911,20692,18235,2457,18235,2457,0,0,0,0,219,201475,32986,35535,0,577,2,NA,NA,7,19,26,626.158072451981,5480.70716629596,143.899056182579,2644.27749905124,9124.24,106844.025156082,1023.58260245575,675.856406733456,254.281576602994,1097.96860837206,409419.84,59944.9232695587,472416.452463723,0.000538257241628392,0.00143063689507163,0.00232415404384413,0.126889999188083,0.00216669550164397,124863.306950064,0.00115245270766477,0.0438936569931455,0.0211773783959507,0.855687933996589,0.00501474842967596,0.310574428419582,0.825477488456332,1.34103688329806,1.25018330444857,73.2155295315237,0.0299637703992841,1.14123508182178,0.550611838294717,0.130383459171575,22.2478862839113
2018,21,5,"2018-05-24",38748,"spring",20334,20121,18511,1610,18511,1610,0,0,0,0,213,104723,41108,22630,0,545,2,NA,NA,9,4,14,609.003056768365,2848.77079824301,179.330697918919,1683.97354167805,52697.28,106727.885998784,1489.62719519398,195.507345348897,959.995946872563,334.190241965362,1340240.56,65040.8119295486,1408260.69265893,0.000681689087735595,0.000138828944362397,0.000237307086470176,0.0461852072337156,0.00105777801152813,164746.244093393,0.00108852677586542,0.0172918709857087,0.0102216202314356,0.647831982975476,0.00369661269135294,0.371520552815899,0.0756617746775063,0.129332362126246,0.576489016282828,25.170937942375,0.0141508480862505,0.224794322814213,0.132881063008663,0.0480559649875883,8.42181577868118
2018,22,5,"2018-05-31",301044,"summer",9599,9241,8773,468,0,0,8773,468,0,0,358,24845,58289,14755,0,NA,NA,NA,NA,1,0,2,1023.58260245575,675.856406733456,254.281576602994,1097.96860837206,409419.84,59944.9232695587,2095.77108268175,56.4732501661765,356.3929331805,88.9239232127828,1721172.48,72831.3884215533,1796601.42961079,0.000198370616490997,3.14333770614947e-05,4.9495632001165e-05,0.0405384228361274,0.00116651976790187,472416.452463723,0.000538257241628392,0.00143063689507163,0.00232415404384413,0.126889999188083,0.00216669550164397,NA,NA,NA,NA,NA,0.000538257241628392,0.00143063689507163,0.00232415404384413,0.00216669550164397,0.126889999188083
2018,23,6,"2018-06-07",985471,"summer",10576,10055,9505,550,0,0,9505,550,0,0,521,7187,220060,4491,0,NA,NA,NA,NA,0,0,0,1489.62719519398,195.507345348897,959.995946872563,334.190241965362,1340240.56,65040.8119295486,3390.97476679475,8.29688887316177,411.420602333688,84.3847103960634,3129914.88,84827.2713214537,3218637.22828985,0.000127824471399744,2.57776452724687e-06,2.62175276090059e-05,0.0263550270828517,0.00105354363548341,1408260.69265893,0.000681689087735595,0.000138828944362397,0.000237307086470176,0.0461852072337156,0.00105777801152813,NA,NA,NA,NA,NA,0,0,0,0,0
2018,24,6,"2018-06-14",1265568,"summer",11979,11246,10650,596,0,0,10650,596,0,0,733,2076,81696,1195,0,NA,NA,NA,NA,0,1,1,2095.77108268175,56.4732501661765,356.3929331805,88.9239232127828,1721172.48,72831.3884215533,6155.79146113752,0.707275772794118,854.778541425778,50.7498875574208,1139410.72,60060.0224265699,1206532.76959246,0.000708458620410701,5.86205191122175e-07,4.20625853159072e-05,0.0497790229492537,0.005102050782439,1796601.42961079,0.000198370616490997,3.14333770614947e-05,4.9495632001165e-05,0.0405384228361274,0.00116651976790187,NA,NA,NA,NA,NA,0.000198370616490997,3.14333770614947e-05,4.9495632001165e-05,0.00116651976790187,0.0405384228361274
2018,25,6,"2018-06-21",2301408,"summer",14332,13146,12381,765,0,0,12381,765,0,0,1186,305,94310,1134,0,NA,NA,NA,NA,0,0,0,3390.97476679475,8.29688887316177,411.420602333688,84.3847103960634,3129914.88,84827.2713214537,9792.65478606409,1.71378360330882,538.284376445298,11.0875854047738,207882.8,43366.3634467687,261592.903978286,0.00205771780602267,6.55133827120585e-06,4.23848859665325e-05,0.165778057383271,0.0374347110993383,3218637.22828985,0.000127824471399744,2.57776452724687e-06,2.62175276090059e-05,0.0263550270828517,0.00105354363548341,NA,NA,NA,NA,NA,0,0,0,0,0
2018,26,6,"2018-06-28",837802,"summer",11531,9378,8732,646,0,0,8732,646,0,0,2153,26,195941,682,0,NA,NA,NA,NA,0,0,0,6155.79146113752,0.707275772794118,854.778541425778,50.7498875574208,1139410.72,60060.0224265699,15642.5151341771,0,599.31038435587,0.372066624321267,137547.68,29535.1538491213,183325.031434279,0.00326911376840931,0,2.02954621859509e-06,0.161108134650502,0.0853266736778655,1206532.76959246,0.000708458620410701,5.86205191122175e-07,4.20625853159072e-05,0.0497790229492537,0.005102050782439,NA,NA,NA,NA,NA,0,0,0,0,0
2018,27,7,"2018-07-05",152855,"summer",10254,6829,6277,552,0,0,6277,552,0,0,3425,63,123391,149,0,NA,NA,NA,NA,0,0,0,9792.65478606409,1.71378360330882,538.284376445298,11.0875854047738,207882.8,43366.3634467687,17054.9447587948,0,2070.67888818697,0,56397.84,18615.5982781098,94139.0619250916,0.0219959583815977,0,0,0.197745738032982,0.181167566470609,261592.903978286,0.00205771780602267,6.55133827120585e-06,4.23848859665325e-05,0.165778057383271,0.0374347110993383,NA,NA,NA,NA,NA,0,0,0,0,0
2018,28,7,"2018-07-12",101138,"summer",10155,4684,4259,425,0,0,4259,425,0,0,5471,0,137380,5,0,NA,NA,NA,NA,0,0,0,15642.5151341771,0,599.31038435587,0.372066624321267,137547.68,29535.1538491213,26764.6836357214,0,494.123515906396,0,11417.2,15452.8576731904,54128.8648248183,0.00912865099805009,0,0,0.285482759027033,0.494462311787661,183325.031434279,0.00326911376840931,0,2.02954621859509e-06,0.161108134650502,0.0853266736778655,NA,NA,NA,NA,NA,0,0,0,0,0
2018,29,7,"2018-07-19",41469,"summer",8916,2951,2685,266,0,0,2685,266,0,0,5965,0,474662,0,0,NA,NA,NA,NA,0,1,1,17054.9447587948,0,2070.67888818697,0,56397.84,18615.5982781098,21269.3602784031,0,57.9897578922884,0,15480.88,10010.9134342974,46819.1434705929,0.00123859074715264,0,0,0.213820943575896,0.454287684518672,94139.0619250916,0.0219959583815977,0,0,0.197745738032982,0.181167566470609,NA,NA,NA,NA,NA,0.0219959583815977,0,0,0.181167566470609,0.197745738032982
2018,30,7,"2018-07-26",8395,"summer",11868,2507,2201,306,0,0,2201,306,0,0,9361,0,113268,0,0,NA,NA,NA,NA,0,0,0,26764.6836357214,0,494.123515906396,0,11417.2,15452.8576731904,25289.3522869305,0,13.3533926809821,0,5691.6,13026.368782817,44020.6744624285,0.000303343663949973,0,0,0.295914793262311,0.574488069430078,54128.8648248183,0.00912865099805009,0,0,0.285482759027033,0.494462311787661,NA,NA,NA,NA,NA,0,0,0,0,0
2018,31,8,"2018-08-02",11383,"summer",9100,1661,1408,253,0,0,1408,253,0,0,7439,0,13293,0,0,NA,NA,NA,NA,0,1,1,21269.3602784031,0,57.9897578922884,0,15480.88,10010.9134342974,10759.0540029078,0,9.80237613661114,0,2801.6,30317.3848650955,43887.8412441399,0.000223350610527466,0,0,0.690792347166167,0.245148854395849,46819.1434705929,0.00123859074715264,0,0,0.213820943575896,0.454287684518672,NA,NA,NA,NA,NA,0.00123859074715264,0,0,0.454287684518672,0.213820943575896
2018,32,8,"2018-08-09",4185,"fall",11049,2204,1899,305,0,0,0,0,1899,305,8845,0,3061,0,0,NA,NA,NA,NA,0,7,7,25289.3522869305,0,13.3533926809821,0,5691.6,13026.368782817,14018.5069827948,0,7.45102734371688,0,1623.84,109381.719515614,125031.517525752,5.95931929097976e-05,0,0,0.874833175507806,0.112119785956429,44020.6744624285,0.000303343663949973,0,0,0.295914793262311,0.574488069430078,NA,NA,NA,NA,NA,0.00212340564764981,0,0,4.02141648601055,2.07140355283618
2018,33,8,"2018-08-16",2060,"fall",8738,4975,4486,489,0,0,0,0,4486,489,3763,0,2247,0,0,NA,NA,NA,NA,0,14,14,10759.0540029078,0,9.80237613661114,0,2801.6,30317.3848650955,26230.0189802488,0,6.38223243785585,0,531.76,254334.463818358,281102.625031045,2.27042790409766e-05,0,0,0.904774417493503,0.0933111847580645,43887.8412441399,0.000223350610527466,0,0,0.690792347166167,0.245148854395849,NA,NA,NA,NA,NA,0.00312690854738452,0,0,3.43208396154188,9.67109286032634
2018,34,8,"2018-08-23",1194,"fall",23097,18194,16080,2114,0,0,0,0,16080,2114,4903,0,1708,0,0,NA,NA,NA,NA,0,24,24,14018.5069827948,0,7.45102734371688,0,1623.84,109381.719515614,25500.9308136951,0,2.90537717266712,0,0,276336.513028778,301840.349219645,9.62554270884744e-06,0,0,0.915505543719376,0.0844848307379156,125031.517525752,5.95931929097976e-05,0,0,0.874833175507806,0.112119785956429,NA,NA,NA,NA,NA,0.00143023662983514,0,0,2.69087486295429,20.9959962121873
2018,35,8,"2018-08-30",391,"fall",51365,42191,37438,4753,0,0,0,0,37438,4753,9174,0,1463,0,0,NA,NA,NA,NA,0,26,26,26230.0189802488,0,6.38223243785585,0,531.76,254334.463818358,22315.8162351037,0,1.7973204131214,0,0,197498.159132181,219815.772687697,8.17648520461241e-06,0,0,0.898471282189452,0.101520541325344,281102.625031045,2.27042790409766e-05,0,0,0.904774417493503,0.0933111847580645,NA,NA,NA,NA,NA,0.000590311255065392,0,0,2.42609080370968,23.5241348548311
2018,36,9,"2018-09-06",0,"fall",55363,46444,40418,6026,0,0,0,0,40418,6026,8919,0,666,0,0,NA,NA,NA,NA,0,18,18,25500.9308136951,0,2.90537717266712,0,0,276336.513028778,19242.2092584559,0,5.27417567831013,0,0,162805.719654102,182053.203088236,2.89705184464889e-05,0,0,0.89427550239363,0.105695527087923,301840.349219645,9.62554270884744e-06,0,0,0.915505543719376,0.0844848307379156,NA,NA,NA,NA,NA,0.000173259768759254,0,0,1.52072695328248,16.4790997869488
2018,37,9,"2018-09-13",0,"fall",40793,32988,28975,4013,0,0,0,0,28975,4013,7805,0,412,0,0,NA,NA,NA,NA,0,21,21,22315.8162351037,0,1.7973204131214,0,0,197498.159132181,14198.6346474728,0,3.53356683162217,0,0,120798.308981693,135000.477195997,2.61744766019757e-05,0,0,0.894799125830605,0.105174699692793,219815.772687697,8.17648520461241e-06,0,0,0.898471282189452,0.101520541325344,NA,NA,NA,NA,NA,0.000171706189296861,0,0,2.13193136783222,18.8678969259785
2018,38,9,"2018-09-20",0,"fall",35472,28742,23221,5521,0,0,0,0,23221,5521,6730,0,1209,0,0,NA,NA,NA,NA,0,27,27,19242.2092584559,0,5.27417567831013,0,0,162805.719654102,9363.77939397369,0,2.949001454539,0,0,55709.185640154,65075.9140355823,4.53163278340823e-05,0,0,0.856064589576004,0.143890094096162,182053.203088236,2.89705184464889e-05,0,0,0.89427550239363,0.105695527087923,NA,NA,NA,NA,NA,0.000782203998055199,0,0,2.85377923137392,24.145438564628
2018,39,9,"2018-09-27",0,"fall",26757,21791,17030,4761,0,0,0,0,17030,4761,4966,0,810,0,0,NA,NA,NA,NA,0,30,30,14198.6346474728,0,3.53356683162217,0,0,120798.308981693,5572.52092789457,0,1.73188399031358,0,0,18971.9158379125,24546.1686497974,7.05561839414754e-05,0,0,0.772907418203904,0.227022025612154,135000.477195997,2.61744766019757e-05,0,0,0.894799125830605,0.105174699692793,NA,NA,NA,NA,NA,0.00078523429805927,0,0,3.1552409907838,26.8439737749181
2018,40,10,"2018-10-04",0,"fall",13366,10091,7836,2255,0,0,0,0,7836,2255,3275,0,676,0,0,NA,NA,NA,NA,0,28,28,9363.77939397369,0,2.949001454539,0,0,55709.185640154,2810.56340283241,0,2.37752336201739,0,0,10728.4223853268,13541.3633115212,0.000175574889124683,0,0,0.792270478128215,0.20755394698266,65075.9140355823,4.53163278340823e-05,0,0,0.856064589576004,0.143890094096162,NA,NA,NA,NA,NA,0.0012688571793543,0,0,4.02892263469254,23.9698085081281
2018,41,10,"2018-10-11",0,"fall",5606,3657,2574,1083,0,0,0,0,2574,1083,1949,0,397,0,0,NA,NA,NA,NA,0,33,33,5572.52092789457,0,1.73188399031358,0,0,18971.9158379125,1363.82374684747,0,4.51511317373945,0,0,15865.3985582569,17233.7374182781,0.000261992687027406,0,0,0.920601154188995,0.0791368531239772,24546.1686497974,7.05561839414754e-05,0,0,0.772907418203904,0.227022025612154,NA,NA,NA,NA,NA,0.00232835407006869,0,0,7.4917268452011,25.5059448007288
2018,42,10,"2018-10-18",0,"fall",3043,2060,1459,601,0,0,0,0,1459,601,983,0,545,0,0,NA,NA,NA,NA,0,34,34,2810.56340283241,0,2.37752336201739,0,0,10728.4223853268,1280.90783770999,0,1.81477012587015,0,0,13111.4420044879,14394.1646123238,0.000126076793947209,0,0,0.910885928959181,0.0889879942468714,13541.3633115212,0.000175574889124683,0,0,0.792270478128215,0.20755394698266,NA,NA,NA,NA,NA,0.00596954623023923,0,0,7.05683419741044,26.9371962563593
2018,43,10,"2018-10-25",0,"fall",3238,2761,2280,481,0,0,0,0,2280,481,477,0,1035,0,0,NA,NA,NA,NA,0,30,30,1363.82374684747,0,4.51511317373945,0,0,15865.3985582569,534.664655472696,0,0,0,0,1522.87831986406,2057.54297533676,0,0,0,0.740144112720081,0.259855887279919,17233.7374182781,0.000261992687027406,0,0,0.920601154188995,0.0791368531239772,NA,NA,NA,NA,NA,0.0078597806108222,0,0,2.37410559371932,27.6180346256699
2018,44,11,"2018-11-01",0,"fall",2665,2217,1912,305,0,0,0,0,1912,305,448,0,416,0,0,NA,NA,NA,NA,0,29,29,1280.90783770999,0,1.81477012587015,0,0,13111.4420044879,220.156034606404,0,0,0,0,1251.90925686649,1472.06529147289,0,0,0,0.85044411013446,0.14955588986554,14394.1646123238,0.000126076793947209,0,0,0.910885928959181,0.0889879942468714,NA,NA,NA,NA,NA,0.00365622702446906,0,0,2.58065183315927,26.4156919398163
2018,45,11,"2018-11-08",0,"fall",461,274,215,59,0,0,0,0,215,59,187,0,0,0,0,NA,NA,NA,NA,1,35,36,534.664655472696,0,0,0,0,1522.87831986406,165.831818274954,0,0,0,0,460.713388964207,626.545207239161,0,0,0,0.735323458931745,0.264676541068255,2057.54297533676,0,0,0,0.740144112720081,0.259855887279919,NA,NA,NA,NA,NA,0,0,0,9.35481194207707,26.6451880579229
2018,46,11,"2018-11-15",0,"fall",283,206,185,21,0,0,0,0,185,21,77,0,0,0,0,NA,NA,NA,NA,0,34,35,220.156034606404,0,0,0,0,1251.90925686649,165.831818274954,0,0,0,0,210.061976657437,375.893794932391,0,0,0,0.558833318052561,0.441166681947439,1472.06529147289,0,0,0,0.85044411013446,0.14955588986554,NA,NA,NA,NA,NA,0,0,0,5.08490025542837,28.9150997445716
2018,47,11,"2018-11-22",0,"fall",134,76,68,8,0,0,0,0,68,8,58,0,0,0,0,NA,NA,NA,NA,0,31,32,165.831818274954,0,0,0,0,460.713388964207,105.789263382298,0,0,0,0,134.810629165104,240.599892547402,0,0,0,0.560310429642207,0.439689570357793,626.545207239161,0,0,0,0.735323458931745,0.264676541068255,NA,NA,NA,NA,NA,0,0,0,8.2049727731159,22.7950272268841
2018,48,11,"2018-11-29",0,"fall",88,30,33,-3,0,0,0,0,33,-3,58,0,0,0,0,NA,NA,NA,NA,0,26,26,165.831818274954,0,0,0,0,210.061976657437,148.676802591338,0,0,0,0,193.056505469711,341.733308061049,0,0,0,0.564933241553447,0.435066758446553,375.893794932391,0,0,0,0.558833318052561,0.441166681947439,NA,NA,NA,NA,NA,0,0,0,11.4703337306334,14.5296662693666
2018,49,12,"2018-12-06",0,"fall",59,22,20,2,0,0,0,0,20,2,37,0,0,0,0,NA,NA,NA,NA,0,24,25,105.789263382298,0,0,0,0,134.810629165104,102.930094101696,0,0,0,0,75.9137833929477,178.843877494643,0,0,0,0.424469567850996,0.575530432149004,240.599892547402,0,0,0,0.560310429642207,0.439689570357793,NA,NA,NA,NA,NA,0,0,0,10.552549688587,13.447450311413
2018,50,12,"2018-12-13",0,"fall",85,33,28,5,0,0,0,0,28,5,52,0,0,0,0,NA,NA,NA,NA,0,15,15,148.676802591338,0,0,0,0,193.056505469711,122.944279065914,0,0,0,0,6.544093974684,129.488373040598,0,0,0,0.0505380816904098,0.94946191830959,341.733308061049,0,0,0,0.564933241553447,0.435066758446553,NA,NA,NA,NA,NA,0,0,0,6.52600137669829,8.4739986233017
2018,51,12,"2018-12-20",0,"fall",49,13,11,2,0,0,0,0,11,2,36,0,0,0,0,NA,NA,NA,NA,0,13,13,102.930094101696,0,0,0,0,75.9137833929477,223.015203887007,0,0,0,0,0,223.015203887007,0,0,0,0,1,178.843877494643,0,0,0,0.424469567850996,0.575530432149004,NA,NA,NA,NA,NA,0,0,0,7.48189561793705,5.51810438206295
2018,52,12,"2018-12-27",0,"fall",44,1,1,0,0,0,0,0,1,0,43,0,0,0,21521.5843718144,NA,NA,NA,NA,0,7,7,122.944279065914,0,0,0,0,6.544093974684,77.1975705762717,0,0,0,0,0,21598.7819423906,0,0,0,0,0.0035741631533749,129.488373040598,0,0,0,0.0505380816904098,0.94946191830959,NA,NA,NA,NA,NA,0,0,0,6.64623342816713,0.353766571832868
2019,1,1,"2019-01-03",0,"spring",78,0,0,0,0,0,0,0,0,0,78,0,0,0,63393.9666251883,NA,NA,NA,NA,0,4,4,223.015203887007,0,0,0,0,0,97.2117555404903,0,0,0,0,0,63491.1783807288,0,0,0,0,0.00153110649415819,223.015203887007,0,0,0,0,1,NA,NA,NA,NA,NA,0,0,0,4,0
2019,2,1,"2019-01-10",0,"spring",27,0,0,0,0,0,0,0,0,0,27,0,0,0,52380.7895421375,NA,NA,NA,NA,0,5,5,77.1975705762717,0,0,0,0,0,74.338401295669,0,0,0,0,0,52455.1279434332,0,0,0,0,0.00141718082121226,77.1975705762717,0,0,0,0,1,NA,NA,NA,NA,NA,0,0,0,5,0
2019,3,1,"2019-01-17",0,"spring",34,0,0,0,0,0,0,0,0,0,34,0,0,0,69557.9234699198,NA,NA,NA,NA,0,5,5,97.2117555404903,0,0,0,0,0,88.6342476986823,0,0,0,0,0,69646.5577176185,0,0,0,0,0.00127262926702062,97.2117555404903,0,0,0,0,1,NA,NA,NA,NA,NA,0,0,0,5,0
2019,4,1,"2019-01-24",0,"spring",26,0,0,0,0,0,0,0,0,0,26,0,0,0,30719.2792522134,NA,NA,NA,NA,0,4,4,74.338401295669,0,0,0,0,0,20.0141849642186,0,0,0,0,0,30739.2934371777,0,0,0,0,0.000651094502387371,74.338401295669,0,0,0,0,1,NA,NA,NA,NA,NA,0,0,0,4,0
2019,5,1,"2019-01-31",0,"spring",31,0,0,0,0,0,0,0,0,0,31,0,0,0,15028.8910637594,NA,NA,NA,NA,0,4,4,88.6342476986823,0,0,0,0,0,45.7467084896425,0,0,0,0,0,15074.637772249,0,0,0,0,0.00303468044677384,88.6342476986823,0,0,0,0,1,NA,NA,NA,NA,NA,0,0,0,4,0
2019,6,2,"2019-02-07",0,"spring",7,0,0,0,0,0,0,0,0,0,7,0,0,0,13557.7566966919,NA,NA,NA,NA,0,5,5,20.0141849642186,0,0,0,0,0,65.7608934538611,0,0,0,0,0,13623.5175901458,0,0,0,0,0.00482701277542501,20.0141849642186,0,0,0,0,1,NA,NA,NA,NA,NA,0,0,0,5,0
2019,7,2,"2019-02-14",0,"spring",16,0,0,0,0,0,0,0,0,0,16,0,0,0,50426.9094750993,NA,NA,NA,NA,0,2,2,45.7467084896425,0,0,0,0,0,65.7608934538611,0.326434972058824,1.81477012587015,0,0,0,50494.8115736511,3.59397345848722e-05,6.46472304550913e-06,0,0,0.0013023297127853,45.7467084896425,0,0,0,0,1,NA,NA,NA,NA,NA,0,0,0,2,0
2019,8,2,"2019-02-21",0,"spring",23,0,0,0,0,0,0,0,0,0,23,0,0,0,128999.527044999,NA,NA,NA,NA,0,3,3,65.7608934538611,0,0,0,0,0,68.6200627344637,1.95860983235294,8.63324538244479,0.66971992377828,0,5.59514637826779,129085.003829251,6.68803124014666e-05,1.51730237769813e-05,5.18820857505775e-06,4.33446660130162e-05,0.000531588183746208,65.7608934538611,0,0,0,0,1,NA,NA,NA,NA,NA,0,0,0,3,0
2019,9,2,"2019-02-28",0,"spring",23,0,0,0,0,0,0,0,0,0,23,12,416,0,1003020.8119157,NA,NA,NA,NA,0,1,1,65.7608934538611,0.326434972058824,1.81477012587015,0,0,0,240.170219570623,1.30573988823529,7.05404637868279,0,0,16.7854391348034,1003286.12736068,7.03094180843477e-06,1.30146311468522e-06,0,1.67304607101072e-05,0.000239383574656249,67.90209855179,0.0267262745125027,0.00480743569081074,0,0,0.968466289796687,NA,NA,NA,NA,NA,0.0267262745125027,0.00480743569081074,0,0.968466289796687,0
2019,10,3,"2019-03-07",0,"spring",25,1,1,0,1,0,0,0,0,0,24,72,1979,9,1800834.55814353,NA,NA,NA,NA,0,0,0,68.6200627344637,1.95860983235294,8.63324538244479,0.66971992377828,0,5.59514637826779,1706.92406051978,2.23063897573529,18.9983747552032,1.33943984755656,0,67.1417565392135,1802631.19241417,1.05392466496486e-05,1.23743502560161e-06,7.43047082061593e-07,3.72465298624362e-05,0.000946906981141155,85.4767842513075,0.101001054942152,0.022913939141586,0.00783510902573567,0.0654580823000744,0.802791814590452,NA,NA,NA,NA,NA,0,0,0,0,0
2019,11,3,"2019-03-14",0,"spring",87,3,3,0,3,0,0,0,0,0,84,48,1617,0,767785.009635012,NA,NA,NA,NA,0,1,1,240.170219570623,1.30573988823529,7.05404637868279,0,0,16.7854391348034,791.989890726935,26.6044502227941,101.976121303704,2.2323997459276,0,182.965344217202,768890.777841228,0.000132627577599534,3.46010785790538e-05,2.90340294130642e-06,0.000237960123193184,0.00103004212503441,265.315444972344,0.0265873944105217,0.00492146202936433,0,0.0632659705753392,0.905225172984775,NA,NA,NA,NA,NA,0.0265873944105217,0.00492146202936433,0,0.905225172984775,0.0632659705753392
2019,12,3,"2019-03-21",0,"spring",609,12,12,0,12,0,0,0,0,0,597,82,4355,18,338155.176046774,NA,NA,NA,NA,0,4,4,1706.92406051978,2.23063897573529,18.9983747552032,1.33943984755656,0,67.1417565392135,517.50963978908,180.246510405147,44.1783102516516,54.024073851448,0,723.734212852861,339674.868793924,0.000130060579425598,0.000530644233543519,0.000159046425905072,0.00213066752751715,0.00152354409269838,1796.63427063749,0.0105744252270453,0.001241565416062,0.000745527272549072,0.0373708537327354,0.950067628351608,NA,NA,NA,NA,NA,0.042297700908181,0.00496626166424802,0.00298210909019629,3.80027051340643,0.149483414930942
2019,13,3,"2019-03-28",0,"spring",311,34,32,2,32,2,0,0,0,0,277,978,23376,30,87551.6970295636,NA,NA,NA,NA,0,7,7,791.989890726935,26.6044502227941,101.976121303704,2.2323997459276,0,182.965344217202,297.353605182676,4171.51250793971,5937.4654344593,425.272151599208,0,290.947611669925,98674.2483404144,0.0601723908144276,0.0422755944747457,0.00430985955050876,0.00294856678984967,0.00301348741119204,1105.76820621656,0.092221969062232,0.0240596990157842,0.00201886772777259,0.165464464603505,0.716234999590706,NA,NA,NA,NA,NA,0.645553783435624,0.16841789311049,0.0141320740944081,5.01364499713494,1.15825125222454
2019,14,4,"2019-04-04",0,"spring",311,130,129,1,129,1,0,0,0,0,181,6626,10127,726,25843.971511703,NA,NA,NA,NA,0,9,9,517.50963978908,180.246510405147,44.1783102516516,54.024073851448,0,723.734212852861,288.776097340868,4985.07006705331,203.799557620856,3895.09107669448,0,4743.29548629613,39960.0037967087,0.00510008854497761,0.124751491326533,0.0974747424076897,0.118701076967536,0.0072266283759626,1519.69274715019,0.0290705541199016,0.118607205794168,0.0355493397943478,0.47623719611089,0.340535704180693,NA,NA,NA,NA,NA,0.261634987079115,1.06746485214751,0.31994405814913,3.06482133762623,4.28613476499801
2019,15,4,"2019-04-11",0,"spring",156,52,52,0,52,0,0,0,0,0,104,153348,1361046,5715,2269.39472571219,NA,NA,NA,NA,1,20,21,297.353605182676,4171.51250793971,5937.4654344593,425.272151599208,0,290.947611669925,174.409326116762,7530.39235585331,149.657461389667,3655.33134398186,0,12705.2293590496,26484.4145721034,0.00565077475970733,0.284332973845879,0.13801820440585,0.479724757534657,0.00658535704619542,11122.5513108508,0.533822256110151,0.375049967525896,0.0382351260707897,0.0261583519408974,0.0267342983522663,NA,NA,NA,NA,NA,11.2102673783132,7.87604931804381,0.802937647486584,0.561420265397592,0.549325390758845
2019,16,4,"2019-04-18",0,"spring",952,851,846,5,846,5,0,0,0,0,101,183255,46717,52344,0,NA,NA,NA,NA,2,29,31,288.776097340868,4985.07006705331,203.799557620856,3895.09107669448,0,4743.29548629613,357.396160075332,7026.73039688088,16.3460184173929,13117.0600137965,0,95439.6741683635,115957.206757534,0.00014096595523875,0.0605976169430656,0.113119834295632,0.823059444402862,0.00308213840320116,14116.0322850056,0.0144374533513455,0.353149522925685,0.275933845860634,0.336021864397021,0.0204573134653151,NA,NA,NA,NA,NA,0.44756105389171,10.9476352106962,8.55394922167965,0.634176717424767,10.4166777963076
2019,17,4,"2019-04-25",0,"spring",2348,2287,2262,25,2262,25,0,0,0,0,61,276823,34306,49122,0,NA,NA,NA,NA,5,33,39,174.409326116762,7530.39235585331,149.657461389667,3655.33134398186,0,12705.2293590496,303.071943743881,9276.32980390993,4934.39050923826,6831.44087583792,5476.72,105476.773382096,132298.726514826,0.0372973394319504,0.0701165464572356,0.0516364824953348,0.797262197155585,0.00229081527636562,24215.0198463912,0.00618035675126529,0.310980226471942,0.150953060008605,0.52468383010403,0.00720252666415857,NA,NA,NA,NA,NA,0.234853556548081,11.8172486059338,5.73621628032699,0.273696013238026,19.9379855439531
2019,18,5,"2019-05-02",0,"spring",17421,17296,16929,367,16929,367,0,0,0,0,125,258308,3747,176273,0,NA,NA,NA,NA,3,30,33,357.396160075332,7026.73039688088,16.3460184173929,13117.0600137965,0,95439.6741683635,248.747727412431,7887.56662111434,77.2586031950972,3362.1428440167,37725.04,50629.019614486,99929.7754102246,0.000773128958590577,0.0789310952489872,0.0336450555424013,0.50664598621029,0.00248922532239555,115957.206757534,0.00014096595523875,0.0605976169430656,0.113119834295632,0.823059444402862,0.00308213840320116,NA,NA,NA,NA,NA,0.00465187652287874,1.99972135912116,3.73295453175585,0.101710567305638,27.1609616652945
2019,19,5,"2019-05-09",4027,"spring",20260,20154,18149,2005,18149,2005,0,0,0,0,106,341005,1131111,91804,0,NA,NA,NA,NA,3,25,28,303.071943743881,9276.32980390993,4934.39050923826,6831.44087583792,5476.72,105476.773382096,265.902743096047,4481.29929642353,85.6039283171876,1959.67491030011,99131.76,31878.9203815861,137803.161259723,0.0006212043870013,0.032519568168523,0.01422082695626,0.231336640539782,0.00192958376763861,132298.726514826,0.0372973394319504,0.0701165464572356,0.0516364824953348,0.797262197155585,0.00229081527636562,NA,NA,NA,NA,NA,1.04432550409461,1.9632633008026,1.44582150986938,0.0641428277382373,22.3233415203564
2019,20,5,"2019-05-16",27739,"spring",10639,10552,8238,2314,8238,2314,0,0,0,0,87,289953,17710,45182,0,NA,NA,NA,NA,1,12,13,248.747727412431,7887.56662111434,77.2586031950972,3362.1428440167,37725.04,50629.019614486,357.396160075332,1454.81185880882,224.45565508719,1116.79517956272,2284540.24,38669.6639401165,2326363.36279365,9.64834894999589e-05,0.000625358824883568,0.000480060508785521,0.0166223662900534,0.000153628691799095,99929.7754102246,0.000773128958590577,0.0789310952489872,0.0336450555424013,0.50664598621029,0.00248922532239555,NA,NA,NA,NA,NA,0.0100506764616775,1.02610423823683,0.437385722051217,0.0323599291911421,6.58639782073377
2019,21,5,"2019-05-23",72891,"spring",6691,6598,5212,1386,5212,1386,0,0,0,0,93,164736,19623,26335,0,NA,NA,NA,NA,1,1,2,265.902743096047,4481.29929642353,85.6039283171876,1959.67491030011,99131.76,31878.9203815861,543.242163314504,575.885696540441,625.624551180987,635.41538101586,2852198.8,47826.9438856232,2902405.91167768,0.000215553775115955,0.00019841666330109,0.000218927124720667,0.0164783787454381,0.000187169603372429,137803.161259723,0.0006212043870013,0.032519568168523,0.01422082695626,0.231336640539782,0.00192958376763861,NA,NA,NA,NA,NA,0.0012424087740026,0.065039136337046,0.02844165391252,0.00385916753527721,0.462673281079564
2019,22,5,"2019-05-30",1679809,"summer",6590,6465,5415,1050,0,0,5415,1050,0,0,125,53480,51452,15008,0,NA,NA,NA,NA,1,0,1,357.396160075332,1454.81185880882,224.45565508719,1116.79517956272,2284540.24,38669.6639401165,766.257367201511,161.748528655147,625.37153034613,130.000078537851,2185103.84,71299.1998315059,2258086.41733625,0.000276947563009502,7.16307965068732e-05,5.75709049661639e-05,0.031575053675587,0.000339339257044656,2326363.36279365,9.64834894999589e-05,0.000625358824883568,0.000480060508785521,0.0166223662900534,0.000153628691799095,NA,NA,NA,NA,NA,9.64834894999589e-05,0.000625358824883568,0.000480060508785521,0.000153628691799095,0.0166223662900534
2019,23,6,"2019-06-06",2097205,"summer",7999,7809,6788,1021,0,0,6788,1021,0,0,190,21170,143412,8539,0,NA,NA,NA,NA,NA,NA,NA,543.242163314504,575.885696540441,625.624551180987,635.41538101586,2852198.8,47826.9438856232,1615.4306435405,171.541577816912,449.892856516498,43.6806216953167,1433425.04,55747.8684999181,1491453.45419949,0.000301647265792797,0.000115016380386463,2.9287284542689e-05,0.0373782154199642,0.00108312508110255,2902405.91167768,0.000215553775115955,0.00019841666330109,0.000218927124720667,0.0164783787454381,0.000187169603372429,NA,NA,NA,NA,NA,NA,NA,NA,NA,NA
2019,24,6,"2019-06-13",1606694,"summer",11735,11467,10204,1263,0,0,10204,1263,0,0,268,5946,143354,1747,0,NA,NA,NA,NA,NA,NA,NA,766.257367201511,161.748528655147,625.37153034613,130.000078537851,2185103.84,71299.1998315059,3982.8228078795,63.9268486948529,824.21536954634,4.4647994918552,791711.76,56620.7202763105,853207.910101923,0.000966019372051861,7.49252883593359e-05,5.23295604622541e-06,0.0663621605073336,0.00466805659057206,2258086.41733625,0.000276947563009502,7.16307965068732e-05,5.75709049661639e-05,0.031575053675587,0.000339339257044656,NA,NA,NA,NA,NA,NA,NA,NA,NA,NA
2019,25,6,"2019-06-20",1053989,"summer",9744,9179,7875,1304,0,0,7875,1304,0,0,565,6306,103129,587,0,NA,NA,NA,NA,NA,NA,NA,1615.4306435405,171.541577816912,449.892856516498,43.6806216953167,1433425.04,55747.8684999181,8769.07218360834,6.99114898492647,348.802308134793,0,279091.04,39007.0042612118,327222.90990194,0.00106594708860489,2.13650963101011e-05,0,0.119206214115329,0.0267984664834018,1491453.45419949,0.000301647265792797,0.000115016380386463,2.9287284542689e-05,0.0373782154199642,0.00108312508110255,NA,NA,NA,NA,NA,NA,NA,NA,NA,NA
2019,26,6,"2019-06-27",582141,"summer",10772,9379,7971,1408,0,0,7971,1408,0,0,1393,2350,188935,60,0,NA,NA,NA,NA,NA,NA,NA,3982.8228078795,63.9268486948529,824.21536954634,4.4647994918552,791711.76,56620.7202763105,12334.4562765199,0,71.5569095544426,0,134320.4,29109.8843367852,175836.29752286,0.000406951866949655,0,0,0.165551053718023,0.0701473839604494,853207.910101923,0.000966019372051861,7.49252883593359e-05,5.23295604622541e-06,0.0663621605073336,0.00466805659057206,NA,NA,NA,NA,NA,NA,NA,NA,NA,NA
2019,27,7,"2019-07-04",205214,"summer",9626,6559,5444,1115,0,0,5444,1115,0,0,3067,257,79956,0,0,NA,NA,NA,NA,NA,NA,NA,8769.07218360834,6.99114898492647,348.802308134793,0,279091.04,39007.0042612118,16528.8576111639,0,164.520254223416,0,23536.16,22121.9249400406,62351.462805428,0.00263859493941326,0,0,0.354794000728958,0.265091737506518,327222.90990194,0.00106594708860489,2.13650963101011e-05,0,0.119206214115329,0.0267984664834018,NA,NA,NA,NA,NA,NA,NA,NA,NA,NA
2019,28,7,"2019-07-11",98765,"summer",9268,4954,4034,920,0,0,4034,920,0,0,4314,0,16403,0,0,NA,NA,NA,NA,NA,NA,NA,12334.4562765199,0,71.5569095544426,0,134320.4,29109.8843367852,20311.5385694013,1.08811657352941,51.5420890316247,0,10462.48,18033.8817791923,48860.5305541987,0.00105488189438409,2.22698476907125e-05,0,0.369088947144939,0.415704421114924,175836.29752286,0.000406951866949655,0,0,0.165551053718023,0.0701473839604494,NA,NA,NA,NA,NA,NA,NA,NA,NA,NA
2019,29,7,"2019-07-18",17306,"summer",9512,3731,3082,649,0,0,3082,649,0,0,5781,0,37713,0,0,NA,NA,NA,NA,0,0,0,16528.8576111639,0,164.520254223416,0,23536.16,22121.9249400406,21189.3035385463,0,61.7109091359596,0,3680.16,16942.5170986156,41873.6915462979,0.00147373940192803,0,0,0.404610065961895,0.506029030545783,62351.462805428,0.00263859493941326,0,0,0.354794000728958,0.265091737506518,NA,NA,NA,NA,NA,0,0,0,0,0
2019,30,7,"2019-07-25",7693,"summer",10231,3127,2471,656,0,0,2471,656,0,0,7104,40,11815,0,0,NA,NA,NA,NA,0,0,0,20311.5385694013,1.08811657352941,51.5420890316247,0,10462.48,18033.8817791923,23848.3309695067,0,43.6940807228737,0,1970.64,23035.1790088057,48897.8440590353,0.000893578879881104,0,0,0.471087825078646,0.487717432709593,48860.5305541987,0.00105488189438409,2.22698476907125e-05,0,0.369088947144939,0.415704421114924,NA,NA,NA,NA,NA,0,0,0,0,0
2019,31,8,"2019-08-01",2706,"summer",10259,2848,2365,483,0,0,2365,483,0,0,7411,0,14146,0,0,NA,NA,NA,NA,0,7,7,21189.3035385463,0,61.7109091359596,0,3680.16,16942.5170986156,22650.3390409342,0,25.8255748681522,0,1067.6,33260.9048991193,57004.6695149217,0.00045304314695469,0,0,0.583476848162638,0.397341818375163,41873.6915462979,0.00147373940192803,0,0,0.404610065961895,0.506029030545783,NA,NA,NA,NA,NA,0.0103161758134962,0,0,3.54220321382048,2.83227046173327
2019,32,8,"2019-08-08",1449,"fall",12241,3900,3357,543,0,0,0,0,3357,543,8341,0,10016,0,0,NA,NA,NA,NA,0,14,14,23848.3309695067,0,43.6940807228737,0,1970.64,23035.1790088057,13006.3610574615,0,2.56510777406647,0,626.96,119180.699710823,132816.585876059,1.93131584970883e-05,0,0,0.897332956759179,0.0979272353047734,48897.8440590353,0.000893578879881104,0,0,0.471087825078646,0.487717432709593,NA,NA,NA,NA,NA,0.0125101043183355,0,0,6.8280440579343,6.59522955110104
2019,33,8,"2019-08-15",785,"fall",13738,5816,4768,1048,0,0,0,0,4768,1048,7922,0,5920,0,0,NA,NA,NA,NA,0,19,19,22650.3390409342,0,25.8255748681522,0,1067.6,33260.9048991193,12749.0358222072,0,0.863760781063198,0,368.56,244572.177710861,257690.63729385,3.351929236289e-06,0,0,0.94909221491028,0.0494741910536287,57004.6695149217,0.00045304314695469,0,0,0.583476848162638,0.397341818375163,NA,NA,NA,NA,NA,0.0086078197921391,0,0,7.5494945491281,11.0860601150901
2019,34,8,"2019-08-22",461,"fall",24950,20401,17273,3128,0,0,0,0,17273,3128,4549,0,588,0,0,NA,NA,NA,NA,0,26,27,13006.3610574615,0,2.56510777406647,0,626.96,119180.699710823,8211.53417389082,0,0.759062504570689,0,0,346637.299418301,354849.592654697,2.13911054227793e-06,0,0,0.97685697431704,0.0231408865724173,132816.585876059,1.93131584970883e-05,0,0,0.897332956759179,0.0979272353047734,NA,NA,NA,NA,NA,0.000502142120924296,0,0,2.54610811792411,23.3306568757387
2019,35,8,"2019-08-29",271,"fall",46075,41616,35553,6063,0,0,0,0,35553,6063,4459,0,198,0,0,NA,NA,NA,NA,0,35,35,12749.0358222072,0,0.863760781063198,0,368.56,244572.177710861,10573.2079996686,0,1.19094289510229,0,0,458837.593461467,469411.992404031,2.53709516240315e-06,0,0,0.977473095886604,0.0225243670182335,257690.63729385,3.351929236289e-06,0,0,0.94909221491028,0.0494741910536287,NA,NA,NA,NA,NA,0.000117317523270115,0,0,1.731596686877,33.2182275218598
2019,36,9,"2019-09-05",0,"fall",60981,58109,50765,7344,0,0,0,0,50765,7344,2872,0,174,0,0,NA,NA,NA,NA,0,37,37,8211.53417389082,0,0.759062504570689,0,0,346637.299418301,11162.1968714728,0,0.789599501881004,0,0,297373.988013481,308536.974484456,2.559173023591e-06,0,0,0.963819615170508,0.036177825656468,354849.592654697,2.13911054227793e-06,0,0,0.97685697431704,0.0231408865724173,NA,NA,NA,NA,NA,7.91470900642833e-05,0,0,0.856212803179441,36.1437080497305
2019,37,9,"2019-09-12",0,"fall",80452,76754,67267,9487,0,0,0,0,67267,9487,3698,0,273,0,0,NA,NA,NA,NA,0,35,35,10573.2079996686,0,1.19094289510229,0,0,458837.593461467,6310.18660229006,0,0.449330103280351,0,0,169509.616974027,175820.25290642,2.55562198240896e-06,0,0,0.964107457314647,0.0358899870633711,469411.992404031,2.53709516240315e-06,0,0,0.977473095886604,0.0225243670182335,NA,NA,NA,NA,NA,8.87983306841101e-05,0,0,0.788352845638172,34.2115583560311
2019,38,9,"2019-09-19",0,"fall",54469,50565,43244,7321,0,0,0,0,43244,7321,3904,0,181,0,0,NA,NA,NA,NA,0,43,43,11162.1968714728,0,0.789599501881004,0,0,297373.988013481,5509.61920372131,0,1.64027299838264,0,0,66242.1258706355,71753.3853473552,2.28598691259255e-05,0,0,0.923191645243776,0.076785494887098,308536.974484456,2.559173023591e-06,0,0,0.963819615170508,0.036177825656468,NA,NA,NA,NA,NA,0.000110044440014413,0,0,1.55564650322812,41.4442434523319
2019,39,9,"2019-09-26",0,"fall",30853,28646,24726,3920,0,0,0,0,24726,3920,2207,0,103,0,0,NA,NA,NA,NA,0,43,43,6310.18660229006,0,0.449330103280351,0,0,169509.616974027,6907.75298193601,0,0.894297778373513,0,0,48020.033132746,54928.6804124604,1.62810715942603e-05,0,0,0.87422513652545,0.125758582402956,175820.25290642,2.55562198240896e-06,0,0,0.964107457314647,0.0358899870633711,NA,NA,NA,NA,NA,0.000109891745243585,0,0,1.54326944372496,41.4566206645298
2019,40,10,"2019-10-03",0,"fall",13363,11436,9559,1877,0,0,0,0,9559,1877,1927,0,376,0,0,NA,NA,NA,NA,0,45,45,5509.61920372131,0,1.64027299838264,0,0,66242.1258706355,3825.56849744635,0,1.19530532328948,0,0,27376.1184839513,31202.882286721,3.83075291668861e-05,0,0,0.877358643743043,0.12260304872779,71753.3853473552,2.28598691259255e-05,0,0,0.923191645243776,0.076785494887098,NA,NA,NA,NA,NA,0.00102869411066665,0,0,3.45534726991941,41.5436240359699
2019,41,10,"2019-10-10",0,"fall",11029,8613,6791,1822,0,0,0,0,6791,1822,2416,0,205,0,0,NA,NA,NA,NA,0,44,44,6907.75298193601,0,0.894297778373513,0,0,48020.033132746,1995.70015786065,0,0.296645116728775,0,0,16639.4169584755,18635.4137614529,1.59183541898266e-05,0,0,0.892892273360408,0.107091808285402,54928.6804124604,1.62810715942603e-05,0,0,0.87422513652545,0.125758582402956,NA,NA,NA,NA,NA,0.000716367150147455,0,0,5.53337762573005,38.4659060071198
2019,42,10,"2019-10-17",0,"fall",6049,4711,3957,754,0,0,0,0,3957,754,1338,0,274,0,0,NA,NA,NA,NA,0,51,51,3825.56849744635,0,1.19530532328948,0,0,27376.1184839513,809.144906410551,0,0.767787360945065,0,0,10044.7511439007,10854.6638376722,7.07334075404883e-05,0,0,0.92538574147634,0.0745435251161198,31202.882286721,3.83075291668861e-05,0,0,0.877358643743043,0.12260304872779,NA,NA,NA,NA,NA,0.00195368398751119,0,0,6.2527554851173,44.7452908308952
2019,43,10,"2019-10-24",0,"fall",3487,2789,2437,352,0,0,0,0,2437,352,698,0,68,0,0,NA,NA,NA,NA,0,47,47,1995.70015786065,0,0.296645116728775,0,0,16639.4169584755,248.747727412431,0,0,0,0,17005.6683588295,17254.416086242,0,0,0,0.98558353257687,0.0144164674231296,18635.4137614529,1.59183541898266e-05,0,0,0.892892273360408,0.107091808285402,NA,NA,NA,NA,NA,0.000748162646921849,0,0,5.0333149894139,41.9659368479392
2019,44,10,"2019-10-31",0,"fall",1953,1670,1477,193,0,0,0,0,1477,193,283,0,176,0,0,NA,NA,NA,NA,0,50,50,809.144906410551,0,0.767787360945065,0,0,10044.7511439007,85.7750784180796,0,0,0,0,1274.1568830938,1359.93196151188,0,0,0,0.936926933960196,0.0630730660398044,10854.6638376722,7.07334075404883e-05,0,0,0.92538574147634,0.0745435251161198,NA,NA,NA,NA,NA,0.00353667037702441,0,0,3.72717625580599,46.269287073817
2019,45,11,"2019-11-07",0,"fall",2799,2712,2550,162,0,0,0,0,2550,162,87,0,0,0,0,NA,NA,NA,NA,0,46,46,248.747727412431,0,0,0,0,17005.6683588295,217.296865325802,0,0,0,0,1335.66907316922,1552.96593849502,0,0,0,0.860076219355858,0.139923780644142,17254.416086242,0,0,0,0.98558353257687,0.0144164674231296,NA,NA,NA,NA,NA,0,0,0,0.663157501463963,45.336842498536
2019,46,11,"2019-11-14",0,"fall",238,208,189,19,0,0,0,0,189,19,30,0,0,0,0,NA,NA,NA,NA,0,44,44,85.7750784180796,0,0,0,0,1274.1568830938,91.4934169792849,0,0,0,0,532.698422685731,624.191839665016,0,0,0,0.853420997896437,0.146579002103563,1359.93196151188,0,0,0,0.936926933960196,0.0630730660398044,NA,NA,NA,NA,NA,0,0,0,2.77521490575139,41.2247850942486
2019,47,11,"2019-11-21",0,"fall",292,216,199,17,0,0,0,0,199,17,76,0,0,0,0,NA,NA,NA,NA,0,42,42,217.296865325802,0,0,0,0,1335.66907316922,62.9017241732584,0,0,0,0,72.6360031890726,135.537727362331,0,0,0,0.535909850361411,0.464090149638588,1552.96593849502,0,0,0,0.860076219355858,0.139923780644142,NA,NA,NA,NA,NA,0,0,0,5.87679878705398,36.123201212946
2019,48,11,"2019-11-28",0,"fall",119,87,79,8,0,0,0,0,79,8,32,0,0,0,0,NA,NA,NA,NA,0,37,37,91.4934169792849,0,0,0,0,532.698422685731,45.7467084896425,0,0,0,0,217.919476000284,263.666184489926,0,0,0,0.82649762775556,0.17350237224444,624.191839665016,0,0,0,0.853420997896437,0.146579002103563,NA,NA,NA,NA,NA,0,0,0,5.42342307783181,31.5765769221682
2019,49,12,"2019-12-05",0,"fall",31,9,12,-3,0,0,0,0,12,-3,22,0,0,0,0,NA,NA,NA,NA,0,39,39,62.9017241732584,0,0,0,0,72.6360031890726,223.015203887007,0,0,0,0,154.442911089156,377.458114976163,0,0,0,0.409165692725692,0.590834307274307,135.537727362331,0,0,0,0.535909850361411,0.464090149638588,NA,NA,NA,NA,NA,0,0,0,18.0995158359049,20.900484164095
2019,50,12,"2019-12-12",0,"fall",50,34,33,1,0,0,0,0,33,1,16,0,0,0,0,NA,NA,NA,NA,0,21,21,45.7467084896425,0,0,0,0,217.919476000284,91.4934169792849,0,0,0,0,0,91.4934169792849,0,0,0,0,1,263.666184489926,0,0,0,0.82649762775556,0.17350237224444,NA,NA,NA,NA,NA,0,0,0,3.64354981713324,17.3564501828668
2019,51,12,"2019-12-19",0,"fall",103,25,23,2,0,0,0,0,23,2,78,0,0,0,0,140,1,NA,NA,0,12,12,223.015203887007,0,0,0,0,154.442911089156,122.944279065914,0,0,0,0,-13.4364666035331,109.507812462381,0,0,0,-0.122698703420351,1.12269870342035,377.458114976163,0,0,0,0.409165692725692,0.590834307274307,0,0,0,157.177818478849,-17.1778184788491,0,0,0,7.09001168729169,4.90998831270831
2019,52,12,"2019-12-26",0,"fall",32,0,0,0,0,0,0,0,0,0,32,0,0,0,0,NA,NA,NA,NA,0,11,11,91.4934169792849,0,0,0,0,0,180.127664677967,0,0,0,0,0,180.127664677967,0,0,0,0,1,91.4934169792849,0,0,0,0,1,NA,NA,NA,NA,NA,0,0,0,11,0
2021,1,1,"2021-01-07",0,"spring",38,-5,-1,-4,-1,-4,0,0,0,0,43,0,0,0,151696.639983087,NA,NA,NA,NA,0,4,4,122.944279065914,0,0,0,0,-13.4364666035331,203.001018922788,0,0,0,0,0,151899.64100201,0,0,0,0,0.00133641539626879,109.507812462381,0,0,0,-0.122698703420351,1.12269870342035,NA,NA,NA,NA,NA,0,0,0,4.4907948136814,-0.490794813681402
2021,2,1,"2021-01-14",0,"spring",63,0,0,0,0,0,0,0,0,0,63,0,0,0,175011.845185472,142,2,NA,NA,0,2,2,180.127664677967,0,0,0,0,0,125.803448346517,0,0,0,0,0,175137.648633819,0,0,0,0,0.000718311849724265,180.127664677967,0,0,0,0,1,0,0,0,0.102000282660846,0,0,0,0,2,0
2021,3,1,"2021-01-21",0,"spring",71,0,0,0,0,0,0,0,0,0,71,0,0,0,222806.425498908,102,1,NA,NA,0,1,1,203.001018922788,0,0,0,0,0,102.930094101696,0,0,0,0,0,222909.35559301,0,0,0,0,0.000461757622634854,203.001018922788,0,0,0,0,1,0,0,0,0.0470992775087551,0,0,0,0,1,0
2021,4,1,"2021-01-28",0,"spring",44,0,0,0,0,0,0,0,0,0,44,0,0,0,208127.37139535,NA,NA,NA,NA,0,1,1,125.803448346517,0,0,0,0,0,91.4934169792849,0,0,0,0,0,208218.86481233,0,0,0,0,0.00043940983475128,125.803448346517,0,0,0,0,1,NA,NA,NA,NA,NA,0,0,0,1,0
2021,5,2,"2021-02-04",0,"spring",36,0,0,0,0,0,0,0,0,0,36,0,0,0,213878.728155068,459,1,NA,NA,0,3,3,102.930094101696,0,0,0,0,0,88.6342476986823,0,0,0,0,1.96033005631632,213969.322732823,0,0,0,9.16173417422141e-06,0.000414238109307646,102.930094101696,0,0,0,0,1,0,0,0,0.19013529217221,0.00420523598596763,0,0,0,3,0
2021,6,2,"2021-02-11",0,"spring",32,0,0,0,0,0,0,0,0,0,32,0,0,0,182373.268945233,181,1,NA,NA,0,1,1,91.4934169792849,0,0,0,0,0,54.3242163314504,0,0,0,0,0,182427.593161565,0,0,0,0,0.000297785084975269,91.4934169792849,0,0,0,0,1,0,0,0,0.0538991003805238,0,0,0,0,1,0
2021,7,2,"2021-02-18",0,"spring",32,1,0,1,0,1,0,0,0,0,31,0,0,0,188244.127995284,127,1,NA,NA,0,2,2,88.6342476986823,0,0,0,0,1.96033005631632,203.001018922788,0.272029143382353,0.94228448843258,0,0,-11.1902927565356,188437.153035082,5.00052390548032e-06,1.44360673572535e-06,0,-5.93847475208472e-05,0.00107728765613963,90.5945777549986,0,0,0,0.0216384921139296,0.97836150788607,0.000635066535996,0.00018333805543712,0,0.136815532329733,-0.00754186293514759,0,0,0,1.95672301577214,0.0432769842278592
2021,8,2,"2021-02-25",0,"spring",19,0,0,0,0,0,0,0,0,0,19,0,0,0,307480.963091685,NA,NA,NA,NA,0,1,1,54.3242163314504,0,0,0,0,0,423.157053529193,1.08811657352941,35.8722469832459,0,0,0,307941.080508771,0.000116490618672828,3.5335219702797e-06,0,0,0.00137414940815972,54.3242163314504,0,0,0,0,1,NA,NA,NA,NA,NA,0,0,0,1,0
2021,9,3,"2021-03-04",0,"spring",69,-2,-2,0,-2,0,0,0,0,0,71,10,216,0,989934.6041451,133,1,NA,NA,0,1,1,203.001018922788,0.272029143382353,0.94228448843258,0,0,-11.1902927565356,383.128683600756,1.90420400367647,19.4389800021091,0.595306598914027,0,100.71263480882,990440.383954114,1.96266027890577e-05,1.92258316050721e-06,6.01052429362177e-07,0.000101684701513025,0.000386826597347737,193.025039798068,0.00488166970160113,0.00140929458513224,0,-0.0579732700391734,1.05168230575244,0.00261033817094467,0.000255703560347458,7.99399731051695e-05,0.051447937447249,0.0135240653012324,0.00488166970160113,0.00140929458513224,0,1.05168230575244,-0.0579732700391734
2021,10,3,"2021-03-11",0,"spring",148,0,0,0,0,0,0,0,0,0,148,40,8223,0,1887130.52437868,77,1,NA,NA,0,1,1,423.157053529193,1.08811657352941,35.8722469832459,0,0,0,437.452899932206,8.73213550257353,11.0543930263341,1.48826649728507,0,326.478819995848,1887915.73089364,5.85534239979107e-06,4.62527821537893e-06,7.88311932005886e-07,0.000172930822416163,0.000231712090096913,460.117417085968,0.0779632451438879,0.00236486716895159,0,0,0.91967188768716,0.000450861364783912,0.000356146422584178,6.07000187644532e-05,0.0178418309374623,0.0133156733260446,0.0779632451438879,0.00236486716895159,0,0.91967188768716,0
2021,11,3,"2021-03-18",0,"spring",152,18,18,0,18,0,0,0,0,0,134,70,4456,8,1601772.25333436,294,2,NA,NA,0,0,0,383.128683600756,1.90420400367647,19.4389800021091,0.595306598914027,0,100.71263480882,343.100313672319,10.0922812194853,9.46646916619768,1.86033312160633,0,341.303929074335,1602478.07666062,5.90739386957775e-06,6.2979215544193e-06,1.16091018573125e-06,0.00021298508481662,0.000214106088981448,505.779809014276,0.0384336813286283,0.00376488734769308,0.00117700744138884,0.199123478268342,0.757500945613948,0.00173677379765586,0.00185158893699927,0.000341307594604988,0.0629471901605458,0.0626176149360862,0,0,0,0,0
2021,12,3,"2021-03-25",0,"spring",212,59,58,1,58,1,0,0,0,0,153,321,2534,20,834339.931527316,NA,NA,NA,NA,0,2,2,437.452899932206,8.73213550257353,11.0543930263341,1.48826649728507,0,326.478819995848,528.946316911491,13.3838338544118,24.1416775878977,1.26502652269231,0,955.381388208838,835863.049770401,2.88823361608448e-05,1.60119936610287e-05,1.51343754582738e-06,0.0011429879433853,0.000632814570588788,785.206514954247,0.0140783256580317,0.011120813870326,0.00189538225796788,0.415787202192116,0.557118276021559,NA,NA,NA,NA,NA,0.0281566513160635,0.022241627740652,0.00379076451593575,1.11423655204312,0.831574404384232
2021,13,4,"2021-04-01",0,"spring",181,61,61,0,61,0,0,0,0,0,120,371,2170,25,306159.333001186,677,2,NA,NA,2,8,11,343.100313672319,10.0922812194853,9.46646916619768,1.86033312160633,0,341.303929074335,248.747727412431,1562.1545587875,2728.50252181759,22.323997459276,0,2300.17684904942,313021.238655712,0.00871666898238375,0.00499057049769614,7.13178363076822e-05,0.00734830920396222,0.000794667251591912,705.823326253943,0.0134119528415696,0.01429859405901,0.00263569232187294,0.48355433488683,0.486099425890718,5.9011849010738,3.37861622694029,0.0482821751803009,0.537989729327725,4.97480533108242,0.134119528415696,0.1429859405901,0.0263569232187294,4.86099425890718,4.8355433488683
2021,14,4,"2021-04-08",0,"spring",359,174,169,5,169,5,0,0,0,0,185,492,5534,17,71355.1024027921,232,1,NA,NA,2,12,14,528.946316911491,13.3838338544118,24.1416775878977,1.26502652269231,0,955.381388208838,128.662617627119,6504.43444158677,3352.39518900826,579.158907418484,0,11467.5992107682,93387.3527692009,0.0358977429983847,0.069650056980006,0.00620168459908942,0.122796062536534,0.00137773064351763,1523.11824308533,0.0158501663921999,0.00878712727338921,0.000830550437193756,0.627253591470058,0.347278564427159,8.32827637562525,16.1588132193614,1.43879082698875,0.319633509296091,28.488686508476,0.221902329490799,0.123019781827449,0.0116277061207126,4.86189990198023,8.78155028058081
2021,15,4,"2021-04-15",0,"spring",502,415,409,6,409,6,0,0,0,0,87,57426,625455,300,10476.0834620829,NA,NA,NA,NA,3,19,22,248.747727412431,1562.1545587875,2728.50252181759,22.323997459276,0,2300.17684904942,142.958464030133,6205.63763049559,2587.61354108417,8658.3624145802,0,57696.3288809208,85766.9843931938,0.0301702754199845,0.072354620771627,0.100952160972414,0.672710242631539,0.00166682395378096,6861.90565452622,0.39763043375827,0.227656082353315,0.00325332328703044,0.335209629052855,0.0362505315485288,NA,NA,NA,NA,NA,8.74786954268195,5.00843381177293,0.0715731123146697,0.797511694067634,7.37461183916282
2021,16,4,"2021-04-22",0,"spring",2116,2071,2038,33,2038,33,0,0,0,0,45,239108,768470,7783,0,NA,NA,NA,NA,4,27,31,128.662617627119,6504.43444158677,3352.39518900826,579.158907418484,0,11467.5992107682,105.789263382298,5708.04192142059,274.597404670728,16061.8929319745,0,104779.88056818,126930.202089628,0.0021633732567197,0.0449699269949167,0.126541143617127,0.825492111752825,0.000833444378411991,22032.2503664088,0.1521585463698,0.29522333549294,0.0262868702827329,0.520491507678767,0.00583974017575995,NA,NA,NA,NA,NA,4.7169149374638,9.15192340028114,0.814892978764721,0.181031945448558,16.1352367380418
2021,17,4,"2021-04-29",0,"spring",10547,10497,10212,285,10212,285,0,0,0,0,50,228124,593159,116355,0,565,1,NA,NA,7,52,59,142.958464030133,6205.63763049559,2587.61354108417,8658.3624145802,0,57696.3288809208,42.8875392090398,5440.71888221875,139.366493296091,9737.65327841134,1860.48,96474.4875784344,113695.59377157,0.00122578623034502,0.047853383774484,0.0856467076285792,0.848533213804795,0.000377213731740624,75290.9009311109,0.0343682106215167,0.0824221460196575,0.114998788797897,0.766312106342191,0.00189874821873809,0.692569220144935,27.0371618325834,48.3903898101473,0.213125758433453,479.421265799709,2.02772442666949,4.86290661515979,6.78492853907592,0.112026144905547,45.2124142741892
2021,18,5,"2021-05-06",0,"spring",19613,19576,18269,1307,18269,1307,0,0,0,0,37,209832,62946,215847,0,619,2,NA,NA,5,55,61,105.789263382298,5708.04192142059,274.597404670728,16061.8929319745,0,104779.88056818,82.915909137477,9609.21186666691,183.26997057195,10679.3539045685,15501.28,63177.3602912537,99233.3919421985,0.00184685786694363,0.0968344594354297,0.107618551533429,0.636654245660103,0.000835564596902763,126930.202089628,0.0021633732567197,0.0449699269949167,0.126541143617127,0.825492111752825,0.000833444378411991,1.14320501963811,59.940530390531,66.6158833991926,0.51721448548281,394.088978063604,0.129802395403182,2.698195619695,7.5924686170276,0.0500066627047194,49.5295267051695
2021,19,5,"2021-05-13",1368,"spring",19643,19628,15956,3672,15956,3672,0,0,0,0,15,200005,31947,130859,0,527,1,NA,NA,3,31,35,42.8875392090398,5440.71888221875,139.366493296091,9737.65327841134,1860.48,96474.4875784344,97.2117555404903,5080.41628180882,130.000359978199,1482.1646046462,26371.76,36629.2771928094,69790.8301947831,0.00186271405018931,0.0727948968027692,0.0212372399140337,0.524843694946438,0.00139290154980499,113695.59377157,0.00122578623034502,0.047853383774484,0.0856467076285792,0.848533213804795,0.000377213731740624,0.981650304449764,38.3629106150594,11.1920254346958,0.73405911674723,276.592627236773,0.0416767318317306,1.62701504833246,2.91198805937169,0.0128252668791812,28.850129269363
2021,20,5,"2021-05-20",11398,"spring",13843,13814,9931,3883,9931,3883,0,0,0,0,29,353242,42011,143514,0,NA,NA,NA,NA,2,3,5,82.915909137477,9609.21186666691,183.26997057195,10679.3539045685,15501.28,63177.3602912537,197.282680361583,1148.69746376066,164.315220098618,2732.68052898998,183756.4,49284.0710743121,237283.446967523,0.000692484967656038,0.00484103496658106,0.0115165240724272,0.207701260682788,0.000831422009764488,99233.3919421985,0.00184685786694363,0.0968344594354297,0.107618551533429,0.636654245660103,0.000835564596902763,NA,NA,NA,NA,NA,0.00923428933471813,0.484172297177148,0.538092757667146,0.00417782298451382,3.18327122830051
2021,21,5,"2021-05-27",19391,"spring",7685,7651,5951,1700,5951,1700,0,0,0,0,34,186760,29800,19918,0,622,2,NA,NA,1,1,2,97.2117555404903,5080.41628180882,130.000359978199,1482.1646046462,26371.76,36629.2771928094,188.705172519775,434.049701180882,334.323408981517,857.836809035113,686532.08,63544.7081881395,751891.703279857,0.000444643035058309,0.000577276886135991,0.00114090474105926,0.0845131126077713,0.00025097387256252,69790.8301947831,0.00186271405018931,0.0727948968027692,0.0212372399140337,0.524843694946438,0.00139290154980499,0.276567967806268,0.359066223176587,0.709642748938861,0.156105748733888,52.5671560420337,0.00372542810037861,0.145589793605538,0.0424744798280675,0.00278580309960998,1.04968738989288
2021,22,6,"2021-06-03",135115,"summer",8466,8397,6825,1572,0,0,6825,1572,0,0,69,42227,37666,36723,0,NA,NA,NA,NA,0,0,0,197.282680361583,1148.69746376066,164.315220098618,2732.68052898998,183756.4,49284.0710743121,454.607915615822,131.743714140074,366.823498976066,321.019083464389,1725849.52,88138.2388135156,1815261.95302571,0.000202077445827936,7.25755937981737e-05,0.000176844495048942,0.0485540054792672,0.000250436536092256,237283.446967523,0.000692484967656038,0.00484103496658106,0.0115165240724272,0.207701260682788,0.000831422009764488,NA,NA,NA,NA,NA,0,0,0,0,0
2021,23,6,"2021-06-10",504803,"summer",10544,10478,8969,1509,0,0,8969,1509,0,0,66,15956,76637,11528,0,94,1,NA,NA,NA,NA,NA,188.705172519775,434.049701180882,334.323408981517,857.836809035113,686532.08,63544.7081881395,1043.59678741997,44.4223591143382,424.097818645656,80.3663908533937,2785947.76,112729.281411707,2900269.52476774,0.000146227036840522,1.53166313458042e-05,2.77099732169994e-05,0.0388685535771834,0.000359827518962584,751891.703279857,0.000444643035058309,0.000577276886135991,0.00114090474105926,0.0845131126077713,0.00025097387256252,0.0137453414630091,0.00143976334650559,0.00260473748239794,0.0338237867824829,3.65364403625524,NA,NA,NA,NA,NA
2021,24,6,"2021-06-17",1269007,"summer",14767,14608,12404,2204,0,0,12404,2204,0,0,159,4843,84087,4314,0,NA,NA,NA,NA,0,1,1,454.607915615822,131.743714140074,366.823498976066,321.019083464389,1725849.52,88138.2388135156,2547.51982901697,33.0243380066176,1114.70946253118,91.3795629333032,1817886.16,87143.0429739035,1908815.83616639,0.00058397957592909,1.73009555877023e-05,4.78723830774723e-05,0.0456529337837635,0.00133460744653781,1815261.95302571,0.000202077445827936,7.25755937981737e-05,0.000176844495048942,0.0485540054792672,0.000250436536092256,NA,NA,NA,NA,NA,0.000202077445827936,7.25755937981737e-05,0.000176844495048942,0.000250436536092256,0.0485540054792672
2021,25,6,"2021-06-24",2048491,"summer",18772,18407,15999,2408,0,0,15999,2408,0,0,365,1633,97216,1080,0,NA,NA,NA,NA,0,0,0,1043.59678741997,44.4223591143382,424.097818645656,80.3663908533937,2785947.76,112729.281411707,4791.96771429005,0,3228.19249609084,0,286615.92,65330.8716787671,359966.951889148,0.00896802464545401,0,0,0.18149130450977,0.0133122434966356,2900269.52476774,0.000146227036840522,1.53166313458042e-05,2.77099732169994e-05,0.0388685535771834,0.000359827518962584,NA,NA,NA,NA,NA,0,0,0,0,0
2021,26,7,"2021-07-01",1336681,"summer",15336,14445,12263,2182,0,0,12263,2182,0,0,891,1214,255525,1228,0,2,1,NA,NA,NA,NA,NA,2547.51982901697,33.0243380066176,1114.70946253118,91.3795629333032,1817886.16,87143.0429739035,8843.41058490401,0,1040.97133888314,0,45898.64,43236.1690853986,99019.1910091857,0.0105128241129194,0,0,0.436644337776782,0.0893100670160356,1908815.83616639,0.00058397957592909,1.73009555877023e-05,4.78723830774723e-05,0.0456529337837635,0.00133460744653781,0.0210256482258389,0,0,0.178620134032071,0.873288675553564,NA,NA,NA,NA,NA
2021,27,7,"2021-07-08",210747,"summer",12591,10915,9152,1763,0,0,9152,1763,0,0,1676,0,739999,0,0,NA,NA,NA,NA,NA,NA,NA,4791.96771429005,0,3228.19249609084,0,286615.92,65330.8716787671,9829.82398671193,0,122.353023366058,0,9472.4,28507.2141591817,47931.7911692596,0.00255264867807668,0,0,0.594745438544436,0.205079421129919,359966.951889148,0.00896802464545401,0,0,0.18149130450977,0.0133122434966356,NA,NA,NA,NA,NA,NA,NA,NA,NA,NA
2021,28,7,"2021-07-15",33749,"summer",10376,7283,6028,1255,0,0,6028,1255,0,0,3093,0,238622,0,0,NA,NA,217,2,0,1,1,8843.41058490401,0,1040.97133888314,0,45898.64,43236.1690853986,9209.38425282115,0,15.2684986551575,3.05094631943439,8090.64,18258.1517776854,35576.4954754811,0.000429173769116197,0,8.57573597021963e-05,0.513208272306322,0.258861479461015,99019.1910091857,0.0105128241129194,0,0,0.436644337776782,0.0893100670160356,NA,NA,NA,NA,NA,0.0105128241129194,0,0,0.0893100670160356,0.436644337776782
2021,29,7,"2021-07-22",6965,"summer",8276,4838,3957,881,0,0,3957,881,0,0,3438,0,28047,0,0,NA,NA,NA,NA,0,0,0,9829.82398671193,0,122.353023366058,0,9472.4,28507.2141591817,6862.00627344637,0,2.21611351909144,0,4086.8,11561.3920278485,22512.414414814,9.84396199473459e-05,0,0,0.513556290090356,0.304809877208503,47931.7911692596,0.00255264867807668,0,0,0.594745438544436,0.205079421129919,NA,NA,NA,NA,NA,0,0,0,0,0
2021,30,7,"2021-07-29",5949,"summer",6275,3054,2556,498,0,0,2556,498,0,0,3221,0,3500,41,0,NA,NA,NA,NA,0,2,2,9209.38425282115,0,15.2684986551575,3.05094631943439,8090.64,18258.1517776854,12640.3873895443,0,7.14565737061373,0,1871.36,23537.7493730552,38056.6424199701,0.000187763736268654,0,0,0.618492538393345,0.332146678891234,35576.4954754811,0.000429173769116197,0,8.57573597021963e-05,0.513208272306322,0.258861479461015,NA,NA,NA,NA,NA,0.000858347538232394,0,0.000171514719404393,0.51772295892203,1.02641654461264
2021,31,8,"2021-08-05",3005,"summer",4372,1972,1600,372,0,0,1600,372,0,0,2400,0,508,0,0,NA,NA,NA,NA,0,2,2,6862.00627344637,0,2.21611351909144,0,4086.8,11561.3920278485,12683.2749287534,0,3.60336568261718,0,1494.64,24432.2685405858,38613.7868350218,9.33181119482695e-05,0,0,0.632734329968029,0.328464933598534,22512.414414814,9.84396199473459e-05,0,0,0.513556290090356,0.304809877208503,NA,NA,NA,NA,NA,0.000196879239894692,0,0,0.609619754417005,1.02711258018071
2021,32,8,"2021-08-12",1376,"fall",8388,3967,3438,529,0,0,0,0,3438,529,4421,0,1638,0,0,NA,NA,NA,NA,0,6,6,12640.3873895443,0,7.14565737061373,0,1871.36,23537.7493730552,19207.8992270886,0,2.85302803442087,0,610.64,280980.301372399,300801.693627522,9.48474724332412e-06,0,0,0.934104785062588,0.0638556884286478,38056.6424199701,0.000187763736268654,0,0,0.618492538393345,0.332146678891234,NA,NA,NA,NA,NA,0.00112658241761192,0,0,1.99288007334741,3.71095523036007
2021,33,8,"2021-08-19",1099,"fall",8504,4068,3590,478,0,0,0,0,3590,478,4436,0,826,0,0,NA,NA,NA,NA,0,14,14,12683.2749287534,0,3.60336568261718,0,1494.64,24432.2685405858,27616.716081341,0,1.06879490586103,0,225.76,646740.788572177,674584.333448424,1.58437552262358e-06,0,0,0.95872488657732,0.0409388637002085,38613.7868350218,9.33181119482695e-05,0,0,0.632734329968029,0.328464933598534,NA,NA,NA,NA,NA,0.00130645356727577,0,0,4.59850907037947,8.8582806195524
2021,34,8,"2021-08-26",449,"fall",54731,48013,40759,7254,0,0,0,0,40759,7254,6718,0,654,0,0,NA,NA,NA,NA,0,19,19,19207.8992270886,0,2.85302803442087,0,610.64,280980.301372399,25023.4495438344,0,0.706713366324435,0,0,497014.858450617,522039.014707818,1.35375584278883e-06,0,0,0.95206458607082,0.0479340601733376,300801.693627522,9.48474724332412e-06,0,0,0.934104785062588,0.0638556884286478,NA,NA,NA,NA,NA,0.000180210197623158,0,0,1.21325808014431,17.7479909161892
2021,35,9,"2021-09-02",166,"fall",118326,108667,94608,14059,0,0,0,0,94608,14059,9659,0,245,0,0,NA,NA,NA,NA,0,25,25,27616.716081341,0,1.06879490586103,0,225.76,646740.788572177,17535.2851979361,0,0.545303523398484,0,0,386332.560644047,403868.391145506,1.35020104408721e-06,0,0,0.956580334371497,0.0434183154274593,674584.333448424,1.58437552262358e-06,0,0,0.95872488657732,0.0409388637002085,NA,NA,NA,NA,NA,3.96093880655896e-05,0,0,1.02347159250521,23.968122164433
2021,36,9,"2021-09-09",0,"fall",93538,84786,72158,12628,0,0,0,0,72158,12628,8752,0,162,0,0,NA,NA,NA,NA,0,31,31,25023.4495438344,0,0.706713366324435,0,0,497014.858450617,15708.276027631,0,0.506041669713793,0,0,228634.495991623,244343.278060924,2.07102758762047e-06,0,0,0.935710193486952,0.0642877354854605,522039.014707818,1.35375584278883e-06,0,0,0.95206458607082,0.0479340601733376,NA,NA,NA,NA,NA,4.19664311264539e-05,0,0,1.48595586537347,29.5140021681954
2021,37,9,"2021-09-16",0,"fall",69967,63834,56977,6857,0,0,0,0,56977,6857,6133,0,125,0,0,NA,NA,NA,NA,0,35,35,17535.2851979361,0,0.545303523398484,0,0,386332.560644047,10444.5453820415,0,0.841948640127259,0,0,140110.119995913,150555.507326594,5.59228058194412e-06,0,0,0.930621021335189,0.0693733863842293,403868.391145506,1.35020104408721e-06,0,0,0.956580334371497,0.0434183154274593,NA,NA,NA,NA,NA,4.72570365430523e-05,0,0,1.51964103996107,33.4803117030024
2021,38,9,"2021-09-23",0,"fall",44156,38662,33340,5322,0,0,0,0,33340,5322,5494,0,116,0,0,NA,NA,NA,NA,0,28,28,15708.276027631,0,0.506041669713793,0,0,228634.495991623,5706.9018840829,0,0.597652661644738,0,0,69216.2732517161,74923.7727884606,7.97680948785304e-06,0,0,0.923822582281607,0.0761694409089053,244343.278060924,2.07102758762047e-06,0,0,0.935710193486952,0.0642877354854605,NA,NA,NA,NA,NA,5.79887724533732e-05,0,0,1.80005659359289,26.1998854176347
2021,39,9,"2021-09-30",0,"fall",27712,24059,20274,3785,0,0,0,0,20274,3785,3653,0,193,0,0,NA,NA,NA,NA,0,30,30,10444.5453820415,0,0.841948640127259,0,0,140110.119995913,3674.03252557441,0,2.10705281441174,0,0,36508.8316168628,40184.9711952517,5.24338515554471e-05,0,0,0.908519541782745,0.0914280243656997,150555.507326594,5.59228058194412e-06,0,0,0.930621021335189,0.0693733863842293,NA,NA,NA,NA,NA,0.000167768417458323,0,0,2.08120159152688,27.9186306400557
2021,40,10,"2021-10-07",0,"fall",13799,11803,10051,1752,0,0,0,0,10051,1752,1996,0,137,0,0,NA,NA,NA,NA,0,21,21,5706.9018840829,0,0.597652661644738,0,0,69216.2732517161,2147.23612973259,0,3.26745871220371,0,0,28024.7952869755,30175.2988754203,0.000108282563354004,0,0,0.92873298132611,0.0711587361105362,74923.7727884606,7.97680948785304e-06,0,0,0.923822582281607,0.0761694409089053,NA,NA,NA,NA,NA,0.000167512999244914,0,0,1.59955825908701,19.4002742279137
2021,41,10,"2021-10-14",0,"fall",7654,6369,5240,1129,0,0,0,0,5240,1129,1285,0,483,0,0,NA,NA,NA,NA,0,21,21,3674.03252557441,0,2.10705281441174,0,0,36508.8316168628,1057.89263382298,0,1.55738686282607,3.79507956807692,0,5440.96383306086,6504.20893331475,0.000239442932844468,0,0.000583480574960994,0.83652968237107,0.162647394121124,40184.9711952517,5.24338515554471e-05,0,0,0.908519541782745,0.0914280243656997,NA,NA,NA,NA,NA,0.00110111088266439,0,0,1.91998851167969,19.0789103774376
2021,42,10,"2021-10-21",0,"fall",5657,4906,4015,891,0,0,0,0,4015,891,751,0,749,0,0,NA,NA,NA,NA,0,26,26,2147.23612973259,0,3.26745871220371,0,0,28024.7952869755,992.131740369121,0,0.894297778373513,0,0,4759.07612075863,5752.10215890612,0.00015547320851888,0,0,0.827362934330023,0.172481592461458,30175.2988754203,0.000108282563354004,0,0,0.92873298132611,0.0711587361105362,NA,NA,NA,NA,NA,0.00281534664720411,0,0,1.85012713887394,24.1470575144789
2021,43,10,"2021-10-28",0,"fall",1326,956,778,178,0,0,0,0,778,178,370,0,357,51,0,NA,NA,NA,NA,0,19,19,1057.89263382298,0,1.55738686282607,3.79507956807692,0,5440.96383306086,546.101332595107,0,0,0,0,2219.8415278175,2765.94286041261,0,0,0,0.802562323173357,0.197437676826643,6504.20893331475,0.000239442932844468,0,0.000583480574960994,0.83652968237107,0.162647394121124,NA,NA,NA,NA,NA,0.00454941572404489,0,0.0110861309242589,3.09030048830136,15.8940639650503
2021,44,11,"2021-11-04",0,"fall",1203,856,672,184,0,0,0,0,672,184,347,0,205,0,0,NA,NA,NA,NA,0,14,14,992.131740369121,0,0.894297778373513,0,0,4759.07612075863,626.158072451981,0,0,0,0,2510.41993987299,3136.57801232498,0,0,0,0.800369042315691,0.199630957684309,5752.10215890612,0.00015547320851888,0,0,0.827362934330023,0.172481592461458,NA,NA,NA,NA,NA,0.00217662491926433,0,0,2.41474229446042,11.5830810806203
2021,45,11,"2021-11-11",0,"fall",582,391,317,74,0,0,0,0,317,74,191,0,0,0,0,NA,NA,NA,NA,0,16,16,546.101332595107,0,0,0,0,2219.8415278175,431.734561371001,0,0,0,0,619.736019192335,1051.47058056334,0,0,0,0.58939929528062,0.41060070471938,2765.94286041261,0,0,0,0.802562323173357,0.197437676826643,NA,NA,NA,NA,NA,0,0,0,3.15900282922629,12.8409971707737
2021,46,11,"2021-11-18",0,"fall",667,448,356,92,0,0,0,0,356,92,219,0,0,0,0,NA,NA,NA,NA,0,12,12,626.158072451981,0,0,0,0,2510.41993987299,345.959482952921,0,0,0,0,141.354723139788,487.314206092709,0,0,0,0.290068956276017,0.709931043723983,3136.57801232498,0,0,0,0.800369042315691,0.199630957684309,NA,NA,NA,NA,NA,0,0,0,2.39557149221171,9.60442850778829
2021,47,11,"2021-11-25",0,"fall",252,101,92,9,0,0,0,0,92,9,151,0,0,0,0,NA,NA,NA,NA,0,18,18,431.734561371001,0,0,0,0,619.736019192335,203.001018922788,0,0,0,0,52.352751797472,255.353770720261,0,0,0,0.205020476689277,0.794979523310723,1051.47058056334,0,0,0,0.58939929528062,0.41060070471938,NA,NA,NA,NA,NA,0,0,0,7.39081268494883,10.6091873150512
2021,48,12,"2021-12-02",0,"fall",144,23,21,2,0,0,0,0,21,2,121,0,0,0,0,NA,NA,NA,NA,0,13,13,345.959482952921,0,0,0,0,141.354723139788,403.142868564974,0,0,0,0,43.1933135195277,446.336182084502,0,0,0,0.0967730496725676,0.903226950327432,487.314206092709,0,0,0,0.290068956276017,0.709931043723983,NA,NA,NA,NA,NA,0,0,0,9.22910356841178,3.77089643158822
2021,49,12,"2021-12-09",0,"fall",79,8,8,0,0,0,0,0,8,0,71,0,0,0,0,NA,NA,NA,NA,0,7,7,203.001018922788,0,0,0,0,52.352751797472,385.987852881358,0,0,0,0,19.632281924052,405.62013480541,0,0,0,0.0484006592361848,0.951599340763815,255.353770720261,0,0,0,0.205020476689277,0.794979523310723,NA,NA,NA,NA,NA,0,0,0,5.56485666317506,1.43514333682494
2021,50,12,"2021-12-16",0,"fall",149,8,6,2,0,0,0,0,6,2,141,0,0,0,15075.0995966353,200,1,NA,NA,0,14,14,403.142868564974,0,0,0,0,43.1933135195277,288.776097340868,0,0,0,0,-13.088187949368,15350.7875060268,0,0,0,-0.000852606939170355,0.0188118099626807,446.336182084502,0,0,0,0.0967730496725676,0.903226950327432,0,0,0,3.76236199253613,-0.170521387834071,0,0,0,12.6451773045841,1.35482269541595
2021,51,12,"2021-12-23",0,"fall",138,3,3,0,0,0,0,0,3,0,135,0,0,0,44821.2658977423,NA,NA,NA,NA,0,6,6,385.987852881358,0,0,0,0,19.632281924052,205.860188203391,0,0,0,0,-5.59514637826779,45021.5309395674,0,0,0,-0.000124277123889416,0.00457248307436986,405.62013480541,0,0,0,0.0484006592361848,0.951599340763815,NA,NA,NA,NA,NA,0,0,0,5.70959604458289,0.290403955417109
2021,52,12,"2021-12-30",0,"fall",99,-2,-2,0,0,0,0,0,-2,0,101,0,0,0,50228.4516427105,NA,NA,NA,NA,0,2,2,288.776097340868,0,0,0,0,-13.088187949368,74.338401295669,0,0,0,0,5.59514637826779,50308.3851903845,0,0,0,0.000111216974210041,0.00147765429191071,275.6879093915,0,0,0,-0.0474746534160904,1.04747465341609,NA,NA,NA,NA,NA,0,0,0,2.09494930683218,-0.0949493068321809
2022,1,1,"2022-01-06",0,"spring",71,-1,-1,0,-1,0,0,0,0,0,72,0,0,0,24103.0512198493,116,1,NA,NA,0,3,3,205.860188203391,0,0,0,0,-5.59514637826779,188.705172519775,0,0,0,0,0,24291.7563923691,0,0,0,0,0.00776828029524675,200.265041825123,0,0,0,-0.0279387072615181,1.02793870726152,0,0,0,0.901120514248622,0,0,0,0,3.08381612178455,-0.0838161217845542
2022,2,1,"2022-01-13",0,"spring",27,1,1,0,1,0,0,0,0,0,26,0,0,0,15372.8675487328,250,1,NA,NA,0,2,2,74.338401295669,0,0,0,0,5.59514637826779,114.366771224106,0,0,0,0,0,15487.2343199569,0,0,0,0,0.00738458325491548,79.9335476739368,0,0,0,0.0699974734149345,0.930002526585066,0,0,0,1.84614581372887,0,0,0,0,1.86000505317013,0.139994946829869
2022,3,1,"2022-01-20",0,"spring",66,0,0,0,0,0,0,0,0,0,66,0,0,0,17924.4619737406,55,1,NA,NA,0,1,1,188.705172519775,0,0,0,0,0,60.0425548926557,0,0,0,0,0,17984.5045286332,0,0,0,0,0.0033385715351269,188.705172519775,0,0,0,0,1,0,0,0,0.18362143443198,0,0,0,0,1,0
2022,4,1,"2022-01-27",0,"spring",40,0,0,0,0,0,0,0,0,0,40,0,0,0,27792.9202534638,146,1,NA,NA,0,1,1,114.366771224106,0,0,0,0,0,114.366771224106,0,0,0,0,0,27907.2870246879,0,0,0,0,0.0040980970713109,114.366771224106,0,0,0,0,1,0,0,0,0.598322172411392,0,0,0,0,1,0
2022,5,2,"2022-02-03",0,"spring",21,0,0,0,0,0,0,0,0,0,21,0,0,0,63375.2064908985,311,1,NA,NA,0,0,0,60.0425548926557,0,0,0,0,0,85.7750784180796,0,0,0,0,0,63460.9815693166,0,0,0,0,0.00135161915710979,60.0425548926557,0,0,0,0,1,0,0,0,0.420353557861145,0,0,0,0,0,0
2022,6,2,"2022-02-10",0,"spring",40,0,0,0,0,0,0,0,0,0,40,0,0,0,22379.5981495345,150,1,NA,NA,0,0,0,114.366771224106,0,0,0,0,0,111.507601943504,0,0,0,0,0,22491.105751478,0,0,0,0,0.00495785325877879,114.366771224106,0,0,0,0,1,0,0,0,0.743677988816818,0,0,0,0,0,0
2022,7,2,"2022-02-17",0,"spring",30,0,0,0,0,0,0,0,0,0,30,0,0,0,16304.879048233,250,1,NA,NA,0,1,1,85.7750784180796,0,0,0,0,0,863.469122742002,0,20.1805927939311,0,0,0,17188.5287637689,0.00117407330617319,0,0,0,0.0502351966598838,85.7750784180796,0,0,0,0,1,0.293518326543296,0,0,12.5587991649709,0,0,0,0,1,0
2022,8,2,"2022-02-24",0,"spring",39,0,0,0,0,0,0,0,0,0,39,0,0,0,58271.3188553119,NA,NA,NA,NA,0,1,1,111.507601943504,0,0,0,0,0,431.734561371001,0.435246629411765,49.3172506561589,0,0,7.55547643458411,58760.361390403,0.000839294542940193,7.40714691184406e-06,0,0.000128581177103143,0.00734737757146458,111.507601943504,0,0,0,0,1,NA,NA,NA,NA,NA,0,0,0,1,0
2022,9,3,"2022-03-03",0,"spring",302,0,0,0,0,0,0,0,0,0,302,0,4626,0,971112.113509589,NA,NA,NA,NA,0,1,1,863.469122742002,0,20.1805927939311,0,0,0,1117.93518871564,0,0,0,0,120.030091581302,972350.078789886,0,0,0,0.000123443288790271,0.00114972499421909,883.649715535933,0.0228377743342469,0,0,0,0.977162225665753,NA,NA,NA,NA,NA,0.0228377743342469,0,0,0.977162225665753,0
2022,10,3,"2022-03-10",0,"spring",153,2,1,1,1,1,0,0,0,0,151,16,11305,0,4597088.09148102,NA,NA,NA,NA,0,1,1,431.734561371001,0.435246629411765,49.3172506561589,0,0,7.55547643458411,1083.62515734841,45.4016640305147,61.4055391628565,0,0,922.136930208364,4599200.66077177,1.33513503088931e-05,9.87164235249872e-06,0,0.000200499390703606,0.000235611628470798,489.042535091156,0.100844501484858,0.000889997491385154,0,0.0154495281952843,0.882815972828472,NA,NA,NA,NA,NA,0.100844501484858,0.000889997491385154,0,0.882815972828472,0.0154495281952843
2022,11,3,"2022-03-17",0,"spring",417,26,19,7,19,7,0,0,0,0,391,0,0,0,4982323.64075725,NA,NA,NA,NA,0,0,0,1117.93518871564,0,0,0,0,120.030091581302,992.131740369121,48.6660137511029,72.5122813274368,1.1161998729638,0,3432.23320963896,4986870.3002022,1.45406391107658e-05,9.75882884885329e-06,2.23827732780326e-07,0.000688253955491843,0.000198948775613613,1237.96528029694,0,0,0,0.0969575589006112,0.903042441099389,NA,NA,NA,NA,NA,0,0,0,0,0
2022,12,3,"2022-03-24",0,"spring",562,183,155,28,155,28,0,0,0,0,379,1669,14076,0,3192380.67065602,580,1,NA,NA,2,1,3,1083.62515734841,45.4016640305147,61.4055391628565,0,0,922.136930208364,354.536990794729,202.743320562868,37.2856737158947,13.2455718258371,0,1718.28162570957,3194706.76383863,1.16710785909796e-05,6.34622629086808e-05,4.1460994091119e-06,0.000537852689692546,0.000110976379681474,2112.56929075014,0.0290667574463568,0.0214912070478849,0,0.436500205813807,0.512941829691952,0.00676922558276817,0.0368081124870349,0.0024047376572849,0.0643663002152551,0.311954560021677,0.0872002723390705,0.0644736211436548,0,1.53882548907585,1.30950061744142
2022,13,3,"2022-03-31",0,"spring",1015,668,584,84,584,84,0,0,0,0,347,1789,16622,15,2015930.97984293,NA,NA,NA,NA,5,6,12,992.131740369121,48.6660137511029,72.5122813274368,1.1161998729638,0,3432.23320963896,363.114498636537,2051.426176075,45.6658982634826,146.891903282036,0,3136.09983325832,2021674.17815245,2.2588159238011e-05,0.00101471651477972,7.26585445218856e-05,0.00155123900139256,0.000179610791175251,4546.65944495959,0.0159484743041012,0.0107036857148063,0.000245498895722489,0.754891201152953,0.218211139932417,NA,NA,NA,NA,NA,0.175433217345113,0.117740542862869,0.00270048785294737,2.40032253925659,8.30380321268248
2022,14,4,"2022-04-07",0,"spring",435,311,305,6,305,6,0,0,0,0,124,7453,8547,178,1254307.97088231,NA,NA,NA,NA,7,18,25,354.536990794729,202.743320562868,37.2856737158947,13.2455718258371,0,1718.28162570957,208.719357483994,2734.08331139301,24.800404244163,315.43808409957,0,14955.3357344853,1272546.34777402,1.94888023430697e-05,0.00214851373875346,0.000247879446317492,0.0117522915850144,0.000164017096783228,2326.0931826089,0.0160293121508038,0.0871604465713943,0.00569434273952049,0.738698534760495,0.152417363777786,NA,NA,NA,NA,NA,0.400732803770095,2.17901116428486,0.142358568488012,3.81043409444465,18.4674633690124
2022,15,4,"2022-04-14",0,"spring",694,567,557,10,557,10,0,0,0,0,127,75412,10468,1974,657352.585513008,128,2,NA,NA,3,18,21,363.114498636537,2051.426176075,45.6658982634826,146.891903282036,0,3136.09983325832,300.212774463279,4095.07231864927,17.3362896158846,312.833617729321,0,163618.329003258,825696.369516723,2.09959620217677e-05,0.00495953775483607,0.00037887246363021,0.198157985239808,0.00036358737369645,5743.19830951538,0.00795130096549565,0.35719229347804,0.0255766726770804,0.546054596105868,0.0632251367735163,0.00268748313878627,0.634820832619017,0.0484956753446669,0.0465391838331456,25.3642221106954,0.166977320275409,7.50103816303884,0.537110126218688,1.32772787224384,11.4671465182232
2022,16,4,"2022-04-21",0,"spring",2768,2695,2661,34,2661,34,0,0,0,0,73,100507,5685,4239,256833.178230553,NA,NA,NA,NA,6,35,42,208.719357483994,2734.08331139301,24.800404244163,315.43808409957,0,14955.3357344853,351.677821514126,4477.57249715919,21.8426779332497,834.619851677466,0,279942.41672655,542461.307805387,4.0265872641899e-05,0.00825417856118425,0.00153857950727224,0.516059694393875,0.00064830028695852,18238.3768917061,0.0013597922880649,0.149908258154065,0.0172952936531877,0.819992690319186,0.0114439655854962,NA,NA,NA,NA,NA,0.0557514838106609,6.14623858431668,0.709107039780697,0.469202589005345,33.6197003030866
2022,17,4,"2022-04-28",0,"spring",29624,29519,29094,425,29094,425,0,0,0,0,105,150538,3974,4204,28866.4721734051,560,1,NA,NA,4,50,54,300.212774463279,4095.07231864927,17.3362896158846,312.833617729321,0,163618.329003258,328.804467269305,8554.82690691691,27.6359825658352,5654.51972978489,2.72,148708.183487411,192143.162747353,0.00014383016377311,0.044523191898145,0.0294286804116988,0.773944705401492,0.00171124729377775,168343.784003715,0.000102981465686324,0.0243256520749165,0.00185830216173837,0.971929732788034,0.00178333150962469,0.0805448917129417,24.9329874629612,16.4800610305513,0.958298484515538,433.409035024835,0.00556099914706151,1.31358521204549,0.100348316733872,0.0962999015197334,52.4842055705538
2022,18,5,"2022-05-05",0,"spring",51736,51613,49181,2432,49181,2432,0,0,0,0,123,164599,5007,11216,0,NA,NA,NA,NA,7,36,43,351.677821514126,4477.57249715919,21.8426779332497,834.619851677466,0,279942.41672655,351.677821514126,13358.3447236768,86.7730590713539,8436.75953313446,2114.8,127630.251650839,151978.606788235,0.000570955747687977,0.0878962178031422,0.0555128100686573,0.839790904444049,0.00231399556125783,285628.129574834,7.64724327599077e-05,0.0156762308524171,0.00292205061497208,0.980094002447352,0.00123124365249883,NA,NA,NA,NA,NA,0.00328831460867603,0.674077926653935,0.125648176443799,0.0529434770574496,42.1440421052361
2022,19,5,"2022-05-12",2,"spring",29951,29836,24821,5015,24821,5015,0,0,0,0,115,314482,6335,75988,0,NA,NA,NA,NA,2,5,7,328.804467269305,8554.82690691691,27.6359825658352,5654.51972978489,2.72,148708.183487411,568.974686839928,10811.4446658452,197.80558129166,6920.14155907611,41394.32,77232.2183466392,137124.904839692,0.00144252119279796,0.0788437715124361,0.0504659716421769,0.563225319550294,0.00414931691296411,163276.690573948,0.000169258590853903,0.0523946613374211,0.0346315184972711,0.910774115794937,0.00201378694113346,NA,NA,NA,NA,NA,0.00118481013597732,0.366762629361948,0.242420629480897,0.0140965085879342,6.37541881056456
2022,20,5,"2022-05-19",1555,"spring",27927,27804,20118,7686,20118,7686,0,0,0,0,123,491063,19891,113377,0,270,1,NA,NA,2,1,3,351.677821514126,13358.3447236768,86.7730590713539,8436.75953313446,2114.8,127630.251650839,697.637304467048,3473.07768230551,248.209076566428,1197.75687701502,220230.24,87442.6459300017,313289.566870356,0.000792267291394166,0.0110858389476555,0.00382316235098462,0.279111260561661,0.00222681307723133,151978.606788235,0.000570955747687977,0.0878962178031422,0.0555128100686573,0.839790904444049,0.00231399556125783,0.213912168676425,2.99317651586699,1.03225383476585,0.601239530852459,75.3600403516484,0.00171286724306393,0.263688653409426,0.166538430205972,0.0069419866837735,2.51937271333215
2022,21,5,"2022-05-26",30437,"spring",15850,15651,12807,2844,12807,2844,0,0,0,0,199,397437,45343,92996,0,457,2,NA,NA,NA,NA,NA,568.974686839928,10811.4446658452,197.80558129166,6920.14155907611,41394.32,77232.2183466392,1541.09224224483,1287.16029774228,491.999013379235,653.572232282738,1416837.12,102159.944895212,1522970.88868086,0.000323052145668645,0.000845164085084494,0.000429142958109223,0.0670793812636164,0.00101189868676982,137124.904839692,0.00144252119279796,0.0788437715124361,0.0504659716421769,0.563225319550294,0.00414931691296411,0.147634830570571,0.386239986883614,0.196118331855915,0.462437699853808,30.6552772374727,NA,NA,NA,NA,NA
2022,22,6,"2022-06-02",161934,"summer",14572,14328,12386,1942,0,0,12386,1942,0,0,244,127673,56897,16096,0,160,1,NA,NA,NA,NA,NA,697.637304467048,3473.07768230551,248.209076566428,1197.75687701502,220230.24,87442.6459300017,2172.96865325802,106.390597976838,253.653386944039,155.00295569224,1394947.92,68990.7046240807,1466626.64021795,0.000172950211040994,7.25410237748223e-05,0.000105686717697427,0.0470404005574508,0.00148160997057513,313289.566870356,0.000792267291394166,0.0110858389476555,0.00382316235098462,0.279111260561661,0.00222681307723133,0.027672033766559,0.0116065638039716,0.0169098748315882,0.23705759529202,7.52646408919213,NA,NA,NA,NA,NA
2022,23,6,"2022-06-09",1041792,"summer",17150,16611,14533,2078,0,0,14533,2078,0,0,539,47317,112781,8783,0,NA,NA,NA,NA,NA,NA,NA,1541.09224224483,1287.16029774228,491.999013379235,653.572232282738,1416837.12,102159.944895212,3919.92108370624,29.9776116007353,490.031558266813,91.3051496084389,1782852.56,112693.097273035,1900076.89267622,0.00025790090925037,1.57770518215778e-05,4.80533971863831e-05,0.0593097562037656,0.00206303286925674,1522970.88868086,0.000323052145668645,0.000845164085084494,0.000429142958109223,0.0670793812636164,0.00101189868676982,NA,NA,NA,NA,NA,NA,NA,NA,NA,NA
2022,24,6,"2022-06-16",1025697,"summer",12325,11565,9646,1919,0,0,9646,1919,0,0,760,3911,58145,2083,0,17,2,NA,NA,NA,NA,NA,2172.96865325802,106.390597976838,253.653386944039,155.00295569224,1394947.92,68990.7046240807,10224.3893474351,37.45841304375,1810.91373935268,46.3595013904299,2711160,199773.766807496,2923052.88780872,0.000619528215485092,1.28148256228887e-05,1.58599598330167e-05,0.068344219032334,0.00349784616969413,1466626.64021795,0.000172950211040994,7.25410237748223e-05,0.000105686717697427,0.0470404005574508,0.00148160997057513,0.0105319796632466,0.000217852035589108,0.000269619317161285,0.0594633848848002,1.16185172354968,NA,NA,NA,NA,NA
2022,25,6,"2022-06-23",1310921,"summer",20079,18708,15845,2863,0,0,15845,2863,0,0,1371,1102,112330,1227,0,NA,NA,NA,NA,0,1,1,3919.92108370624,29.9776116007353,490.031558266813,91.3051496084389,1782852.56,112693.097273035,16148.5880968438,17.9811263775735,2054.08421136291,75.4551114123529,643935.52,83093.8007177776,745325.429263774,0.00275595616453327,2.41252017864668e-05,0.000101237806265227,0.111486603643534,0.0216664928671429,1900076.89267622,0.00025790090925037,1.57770518215778e-05,4.80533971863831e-05,0.0593097562037656,0.00206303286925674,NA,NA,NA,NA,NA,0.00025790090925037,1.57770518215778e-05,4.80533971863831e-05,0.00206303286925674,0.0593097562037656
2022,26,6,"2022-06-30",1993500,"summer",35478,31902,28701,3201,0,0,28701,3201,0,0,3576,1377,415116,623,0,NA,NA,NA,NA,NA,NA,NA,10224.3893474351,37.45841304375,1810.91373935268,46.3595013904299,2711160,199773.766807496,27482.3351251527,11.8060648227941,2617.00758220944,88.7750965630543,131022.4,49258.2776418764,210480.601510624,0.0124334858577328,5.60909876637643e-05,0.000421773293718819,0.234027636220861,0.130569444062357,2923052.88780872,0.000619528215485092,1.28148256228887e-05,1.58599598330167e-05,0.068344219032334,0.00349784616969413,NA,NA,NA,NA,NA,NA,NA,NA,NA,NA
2022,27,7,"2022-07-07",473482,"summer",19049,13401,11874,1527,0,0,11874,1527,0,0,5648,661,470858,1014,0,NA,NA,NA,NA,NA,NA,NA,16148.5880968438,17.9811263775735,2054.08421136291,75.4551114123529,643935.52,83093.8007177776,24654.6167066367,0,2629.13513256982,28.7979567224661,36182.8,28136.6707949832,91632.0205909122,0.0286923186416188,0,0.000314278311629005,0.307061555704401,0.269061148577159,745325.429263774,0.00275595616453327,2.41252017864668e-05,0.000101237806265227,0.111486603643534,0.0216664928671429,NA,NA,NA,NA,NA,NA,NA,NA,NA,NA
2022,28,7,"2022-07-14",96340,"summer",17822,8210,6910,1300,0,0,6910,1300,0,0,9612,434,599897,1193,0,NA,NA,NA,NA,NA,NA,NA,27482.3351251527,11.8060648227941,2617.00758220944,88.7750965630543,131022.4,49258.2776418764,32831.8408491603,0,576.870053760975,0,13810.8,24178.7870749039,71398.2979778252,0.00807960511803991,0,0,0.338646547042527,0.459840665380527,210480.601510624,0.0124334858577328,5.60909876637643e-05,0.000421773293718819,0.234027636220861,0.130569444062357,NA,NA,NA,NA,NA,NA,NA,NA,NA,NA
2022,29,7,"2022-07-21",26605,"summer",13323,4700,3942,758,0,0,3942,758,0,0,8623,0,602677,387,0,NA,NA,NA,NA,NA,NA,NA,24654.6167066367,0,2629.13513256982,28.7979567224661,36182.8,28136.6707949832,24251.4738380717,0,129.372170319243,0,2147.44,22170.170806601,48698.456814992,0.00265659691868133,0,0,0.455254072851357,0.497992655705793,91632.0205909122,0.0286923186416188,0,0.000314278311629005,0.307061555704401,0.269061148577159,NA,NA,NA,NA,NA,NA,NA,NA,NA,NA
2022,30,7,"2022-07-28",10155,"summer",15393,3910,3450,460,0,0,3450,460,0,0,11483,0,132236,0,0,NA,NA,NA,NA,0,2,2,32831.8408491603,0,576.870053760975,0,13810.8,24178.7870749039,21072.0775980416,0,37.9356755157857,0,568.48,32895.1527873857,54573.6460609431,0.000695128111349248,0,0,0.602766264703137,0.38612185769135,71398.2979778252,0.00807960511803991,0,0,0.338646547042527,0.459840665380527,NA,NA,NA,NA,NA,0.0161592102360798,0,0,0.919681330761054,0.677293094085054
2022,31,8,"2022-08-04",1579,"summer",12068,3586,3163,423,0,0,3163,423,0,0,8482,0,29656,0,0,14,1,NA,NA,0,4,4,24251.4738380717,0,129.372170319243,0,2147.44,22170.170806601,36437.2533120002,0,24.8353036696605,0,432.48,94111.0016938735,131005.570309543,0.000189574409782569,0,0,0.718374046779122,0.278135145138526,48698.456814992,0.00265659691868133,0,0,0.455254072851357,0.497992655705793,0.00265404173695597,0,0,3.89389203193936,10.0572366549077,0.0106263876747253,0,0,1.99197062282317,1.82101629140543
2022,32,8,"2022-08-11",418,"fall",12769,5399,4867,532,0,0,0,0,4867,532,7370,0,8696,0,0,NA,NA,NA,NA,0,7,7,21072.0775980416,0,37.9356755157857,0,568.48,32895.1527873857,10924.8858211827,0,4.59363688110883,0,179.52,233784.121013265,244893.120471329,1.87577212143313e-05,0,0,0.954637355934364,0.0446108318606761,54573.6460609431,0.000695128111349248,0,0,0.602766264703137,0.38612185769135,NA,NA,NA,NA,NA,0.00486589677944474,0,0,2.70285300383945,4.21936385292196
2022,33,8,"2022-08-18",318,"fall",28559,15815,13766,2049,0,0,0,0,13766,2049,12744,0,5693,0,0,347,2,NA,NA,0,13,13,36437.2533120002,0,24.8353036696605,0,432.48,94111.0016938735,31642.4264284296,0,2.6261817686871,0,48.96,649827.805932671,681521.818542869,3.85340820680109e-06,0,0,0.953495234124768,0.046429073240946,131005.570309543,0.000189574409782569,0,0,0.718374046779122,0.278135145138526,0.00133713264775998,0,0,16.1108884146083,330.862846241295,0.0024644673271734,0,0,3.61575688680084,9.33886260812859
2022,34,8,"2022-08-25",132,"fall",44116,40295,33764,6531,0,0,0,0,33764,6531,3821,0,1053,0,0,NA,NA,NA,NA,0,7,7,10924.8858211827,0,4.59363688110883,0,179.52,233784.121013265,21861.2083194879,0,1.41342673264887,0,0,1173251.63230887,1195114.25405509,1.18267080143429e-06,0,0,0.981706668067894,0.0182921492613042,244893.120471329,1.87577212143313e-05,0,0,0.954637355934364,0.0446108318606761,NA,NA,NA,NA,NA,0.000131304048500319,0,0,0.312275823024733,6.68246149154055
2022,35,9,"2022-09-01",36,"fall",119909,108842,95207,13635,0,0,0,0,95207,13635,11067,0,602,0,0,NA,NA,NA,NA,0,1,1,31642.4264284296,0,2.6261817686871,0,48.96,649827.805932671,37626.6677327309,0,1.02953305217634,0,0,763144.174476214,800771.871741997,1.28567584415358e-06,0,0,0.953010715543832,0.0469879987803243,681521.818542869,3.85340820680109e-06,0,0,0.953495234124768,0.046429073240946,NA,NA,NA,NA,NA,3.85340820680109e-06,0,0,0.046429073240946,0.953495234124768
2022,36,9,"2022-09-08",0,"fall",203082,195436,172356,23080,0,0,0,0,172356,23080,7646,0,324,0,0,NA,NA,NA,NA,0,1,1,21861.2083194879,0,1.41342673264887,0,0,1173251.63230887,24111.3745433222,0,1.509400152767,0,0,305564.406951075,329677.29089455,4.57841712018252e-06,0,0,0.926859129793117,0.0731362917897623,1195114.25405509,1.18267080143429e-06,0,0,0.981706668067894,0.0182921492613042,NA,NA,NA,NA,NA,1.18267080143429e-06,0,0,0.0182921492613042,0.981706668067894
2022,37,9,"2022-09-15",0,"fall",141404,128244,111628,16616,0,0,0,0,111628,16616,13160,0,236,0,0,NA,NA,NA,NA,0,8,8,37626.6677327309,0,1.02953305217634,0,0,763144.174476214,11736.8898968739,0,1.67080999569295,0,0,104394.378825625,116132.939532495,1.43870464522725e-05,0,0,0.898921350358267,0.10106426259528,800771.871741997,1.28567584415358e-06,0,0,0.953010715543832,0.0469879987803243,NA,NA,NA,NA,NA,1.02854067532287e-05,0,0,0.375903990242594,7.62408572435065
2022,38,9,"2022-09-22",0,"fall",63741,55308,42998,12310,0,0,0,0,42998,12310,8433,0,346,0,0,NA,NA,NA,NA,0,11,11,24111.3745433222,0,1.509400152767,0,0,305564.406951075,6181.52398466294,0,1.70134699300327,0,0,54732.8736483736,60916.0989800295,2.79293490799703e-05,0,0,0.898496039057212,0.101476031593708,329677.29089455,4.57841712018252e-06,0,0,0.926859129793117,0.0731362917897623,NA,NA,NA,NA,NA,5.03625883220077e-05,0,0,0.804499209687385,10.1954504277243
2022,39,9,"2022-09-29",0,"fall",23481,19376,14484,4892,0,0,0,0,14484,4892,4105,0,383,0,0,NA,NA,NA,NA,0,13,13,11736.8898968739,0,1.67080999569295,0,0,104394.378825625,2770.53503290397,0,0.837586211940071,0,0,24345.1788463483,27116.5514654643,3.08883750578249e-05,0,0,0.897797748262881,0.102171363362061,116132.939532495,1.43870464522725e-05,0,0,0.898921350358267,0.10106426259528,NA,NA,NA,NA,NA,0.000187031603879542,0,0,1.31383541373865,11.6859775546575
2022,40,10,"2022-10-06",0,"fall",12544,10382,7498,2884,0,0,0,0,7498,2884,2162,0,390,0,0,471,1,NA,NA,0,10,10,6181.52398466294,0,1.70134699300327,0,0,54732.8736483736,1632.58565922412,0,6.60035384721525,0,0,11532.250401073,13171.4364141443,0.000501111165075919,0,0,0.875549942957545,0.123948945877379,60916.0989800295,2.79293490799703e-05,0,0,0.898496039057212,0.101476031593708,0.236023358750758,0,0,58.3799535082456,412.384023133004,0.000279293490799703,0,0,1.01476031593708,8.98496039057212
2022,41,10,"2022-10-13",0,"fall",5790,4821,3248,1573,0,0,0,0,3248,1573,969,0,192,0,0,NA,NA,NA,NA,0,4,4,2770.53503290397,0,0.837586211940071,0,0,24345.1788463483,1043.59678741997,0,3.85202408928689,0,0,2409.07248151339,3456.52129302264,0.00111442220739754,0,0,0.696964455672921,0.301921122119681,27116.5514654643,3.08883750578249e-05,0,0,0.897797748262881,0.102171363362061,NA,NA,NA,NA,NA,0.0001235535002313,0,0,0.408685453448243,3.59119099305153
2022,42,10,"2022-10-20",0,"fall",2884,2313,1526,787,0,0,0,0,1526,787,571,0,1513,0,0,532,1,NA,NA,0,0,0,1632.58565922412,0,6.60035384721525,0,0,11532.250401073,611.862226048968,0,0.959734201181331,0,0,948.322921893096,1561.14488214325,0.000614763057650193,0,0,0.607453499505551,0.391931737436798,13171.4364141443,0.000501111165075919,0,0,0.875549942957545,0.123948945877379,0.327053946669903,0,0,208.507684316377,323.165261736953,0,0,0,0,0
2022,43,10,"2022-10-27",0,"fall",850,485,318,167,0,0,0,0,318,167,365,0,883,0,0,347,1,NA,NA,0,6,6,1043.59678741997,0,3.85202408928689,0,0,2409.07248151339,706.214812308856,0,0,0,0,438.488695603027,1144.70350791188,0,0,0,0.383058750647929,0.616941249352071,3456.52129302264,0.00111442220739754,0,0,0.696964455672921,0.301921122119681,0,0,0,214.078613525169,132.921386474831,0.00668653324438523,0,0,1.81152673271809,4.18178673403753
2022,44,11,"2022-11-03",0,"fall",410,196,123,73,0,0,0,0,123,73,214,0,220,0,0,NA,NA,NA,NA,0,8,8,611.862226048968,0,0.959734201181331,0,0,948.322921893096,254.466065973636,0,0,0,0,153.791941621607,408.258007595243,0,0,0,0.37670281723924,0.62329718276076,1561.14488214325,0.000614763057650193,0,0,0.607453499505551,0.391931737436798,NA,NA,NA,NA,NA,0.00491810446120154,0,0,3.13545389949439,4.85962799604441
2022,45,11,"2022-11-10",0,"fall",335,88,58,30,0,0,0,0,58,30,247,0,0,0,0,116,1,NA,NA,0,12,12,706.214812308856,0,0,0,0,438.488695603027,102.930094101696,0,0,0,0,73.2984390896873,176.228533191383,0,0,0,0.415928327622666,0.584071672377334,1144.70350791188,0,0,0,0.383058750647929,0.616941249352071,0,0,0,67.7523139957708,48.2476860042292,0,0,0,7.40329499222486,4.59670500777514
2022,46,11,"2022-11-17",0,"fall",116,27,22,5,0,0,0,0,22,5,89,0,0,0,0,72,1,NA,NA,0,19,19,254.466065973636,0,0,0,0,153.791941621607,77.1975705762717,0,0,0,0,28.8031866350626,106.000757211334,0,0,0,0.271726234725263,0.728273765274737,408.258007595243,0,0,0,0.37670281723924,0.62329718276076,0,0,0,52.4357110997811,19.5642889002189,0,0,0,11.8426464724544,7.15735352754556
2022,47,11,"2022-11-24",0,"fall",50,14,10,4,0,0,0,0,10,4,36,0,0,0,0,NA,NA,NA,NA,0,18,18,102.930094101696,0,0,0,0,73.2984390896873,34.3100313672319,0,0,0,0,-22.2476262273124,12.0624051399195,0,0,0,-1.84437730031847,2.84437730031847,176.228533191383,0,0,0,0.415928327622666,0.584071672377334,NA,NA,NA,NA,NA,0,0,0,10.513290102792,7.48670989720799
2022,48,12,"2022-12-01",0,"fall",37,10,2,8,0,0,0,0,2,8,27,0,0,0,0,NA,NA,NA,NA,0,14,14,77.1975705762717,0,0,0,0,28.8031866350626,60.0425548926557,0,0,0,0,36.6492195448437,96.6917744374994,0,0,0,0.379031409424939,0.620968590575061,106.000757211334,0,0,0,0.271726234725263,0.728273765274737,NA,NA,NA,NA,NA,0,0,0,10.1958327138463,3.80416728615368
2022,49,12,"2022-12-08",0,"fall",10,-2,-4,2,0,0,0,0,-4,2,12,0,0,0,0,NA,NA,NA,NA,0,0,0,34.3100313672319,0,0,0,0,-22.2476262273124,25.7325235254239,0,0,0,0,3.92874967142365,29.6612731968475,0,0,0,0.132453844625969,0.867546155374031,12.0624051399195,0,0,0,-1.84437730031847,2.84437730031847,NA,NA,NA,NA,NA,0,0,0,0,0
2022,50,12,"2022-12-15",0,"fall",28,7,5,2,0,0,0,0,5,2,21,0,0,0,9171.10451347193,191,1,NA,NA,0,4,4,60.0425548926557,0,0,0,0,36.6492195448437,182.98683395857,0,0,0,0,66.7543451150033,9420.84569254551,0,0,0,0.00708581238814096,0.0194236101439771,96.6917744374994,0,0,0,0.379031409424939,0.620968590575061,0,0,0,3.70990953749963,1.35339016613492,0,0,0,2.48387436230024,1.51612563769976
2022,51,12,"2022-12-22",0,"fall",11,2,0,2,0,0,0,0,0,2,9,0,0,0,17126.0738166608,NA,NA,NA,NA,0,5,5,25.7325235254239,0,0,0,0,3.92874967142365,34.3100313672319,0,0,0,0,5.59514637826779,17165.9789944063,0,0,0,0.000325943913836258,0.00199872266990494,29.6612731968475,0,0,0,0.132453844625969,0.867546155374031,NA,NA,NA,NA,NA,0,0,0,4.33773077687016,0.662269223129843
2022,52,12,"2022-12-29",0,"fall",77,13,9,4,0,0,0,0,9,4,64,0,0,0,13114.7592685807,NA,NA,NA,NA,0,1,1,182.98683395857,0,0,0,0,66.7543451150033,60.0425548926557,0,0,0,0,1.96033005631632,13176.7621535297,0,0,0,0.000148771756936601,0.00455670021155933,249.741179073573,0,0,0,0.267294105692268,0.732705894307732,NA,NA,NA,NA,NA,0,0,0,0.732705894307732,0.267294105692268
2023,1,1,"2023-01-05",0,"spring",13,1,1,0,1,0,0,0,0,0,12,0,0,0,15929.3568009175,189,1,NA,NA,0,2,2,34.3100313672319,0,0,0,0,5.59514637826779,85.7750784180796,0,0,0,0,0,16015.1318793356,0,0,0,0,0.00535587712073454,39.9051777454996,0,0,0,0.140211037624028,0.859788962375972,0,0,0,1.01226077581883,0,0,0,0,1.71957792475194,0.280422075248057
2023,2,1,"2023-01-12",0,"spring",22,1,0,1,0,1,0,0,0,0,21,0,0,0,22888.6969393595,224,1,NA,NA,0,0,0,60.0425548926557,0,0,0,0,1.96033005631632,34.3100313672319,0,0,0,0,0,22923.0069707268,0,0,0,0,0.00149675090231603,62.0028849489721,0,0,0,0.0316167555417729,0.968383244458227,0,0,0,0.33527220211879,0,0,0,0,0,0
2023,3,1,"2023-01-19",0,"spring",30,0,0,0,0,0,0,0,0,0,30,0,0,0,20892.0579828481,415,1,NA,NA,0,1,1,85.7750784180796,0,0,0,0,0,91.4934169792849,0,0,0,0,0,20983.5513998274,0,0,0,0,0.00436024461426665,85.7750784180796,0,0,0,0,1,0,0,0,1.80950151492066,0,0,0,0,1,0
2023,4,1,"2023-01-26",0,"spring",12,0,0,0,0,0,0,0,0,0,12,0,0,0,34127.3949635752,NA,NA,NA,NA,0,1,1,34.3100313672319,0,0,0,0,0,168.690987555557,0,0,0,0,0,34296.0859511307,0,0,0,0,0.00491866587329902,34.3100313672319,0,0,0,0,1,NA,NA,NA,NA,NA,0,0,0,1,0
2023,5,2,"2023-02-02",0,"spring",32,0,0,0,0,0,0,0,0,0,32,0,0,0,55405.534084684,88,1,NA,NA,0,0,0,91.4934169792849,0,0,0,0,0,80.0567398568743,0,0,0,0,0,55485.5908245409,0,0,0,0,0.00144283837780575,91.4934169792849,0,0,0,0,1,0,0,0,0.126969777246906,0,0,0,0,0,0
2023,6,2,"2023-02-09",0,"spring",59,0,0,0,0,0,0,0,0,0,59,0,0,0,277491.858841983,NA,NA,NA,NA,0,0,0,168.690987555557,0,0,0,0,0,260.184404534842,0,0,0,0,5.59514637826779,277757.638392896,0,0,0,2.01439874368218e-05,0.000936731771051435,168.690987555557,0,0,0,0,1,NA,NA,NA,NA,NA,0,0,0,0,0
2023,7,2,"2023-02-16",0,"spring",28,0,0,0,0,0,0,0,0,0,28,0,0,0,953414.810269055,118,1,NA,NA,0,0,0,80.0567398568743,0,0,0,0,0,131.521786907722,1.08811657352941,0.580202948895987,0,0,1.96033005631632,953549.960705541,6.08466229149324e-07,1.14112172237342e-06,0,2.0558231210726e-06,0.000137928574618584,80.0567398568743,0,0,0,0,1,7.17990150396202e-05,0.000134652363240063,0,0.0162755718049929,0.000242587128286566,0,0,0,0,0
2023,8,2,"2023-02-23",0,"spring",92,1,1,0,1,0,0,0,0,0,91,0,0,0,717230.348212103,NA,NA,NA,NA,0,0,0,260.184404534842,0,0,0,0,5.59514637826779,283.057758779663,5.25016246727941,5.98525147282176,0.520893274049774,0,0,717525.162278097,8.3415213674444e-06,7.31704300182376e-06,7.25958198310385e-07,0,0.000394491752569307,265.779550913109,0,0,0,0.0210518317118272,0.978948168288173,NA,NA,NA,NA,NA,0,0,0,0,0
2023,9,3,"2023-03-02",0,"spring",47,1,0,1,0,1,0,0,0,0,46,40,133,0,708640.587504034,969,1,NA,NA,0,1,1,131.521786907722,1.08811657352941,0.580202948895987,0,0,1.96033005631632,557.538009717518,2.14903023272059,17.5805855943671,0,0,18.7457691911197,709236.60089877,2.47880405101603e-05,3.03006109667389e-06,0,2.64309105979082e-05,0.000786110035791985,135.150436486464,0.00429301572366063,0.00805115101228988,0,0.0145048000382349,0.973151033225815,0.0240196112543454,0.002936129202677,0,0.761740624682433,0.0256115523693731,0.00429301572366063,0.00805115101228988,0,0.973151033225815,0.0145048000382349
2023,10,3,"2023-03-09",0,"spring",99,0,0,0,0,0,0,0,0,0,99,193,1372,7,740553.213974892,1342,1,NA,NA,0,0,0,283.057758779663,5.25016246727941,5.98525147282176,0.520893274049774,0,0,1412.42962461771,1.36014571691176,29.6252498191928,0.595306598914027,0,153.029282269547,742150.253583915,3.99181293493193e-05,1.83270936086526e-06,8.02137567209921e-07,0.000206197170358096,0.00190315858250665,294.814065993814,0.0203017839486239,0.0178083852599814,0.00176685353289997,0,0.960122977258495,0.0535701295867865,0.00245949596228117,0.00107646861519571,2.55403881772392,0.276716602620565,0,0,0,0,0
2023,11,3,"2023-03-16",0,"spring",199,4,3,1,3,1,0,0,0,0,195,79,4030,0,678109.440851977,NA,NA,NA,NA,0,1,1,557.538009717518,2.14903023272059,17.5805855943671,0,0,18.7457691911197,543.242163314504,7.15436647095588,50.364233421084,1.93474644647059,0,781.400739379626,679493.537101009,7.4120253793668e-05,1.05289691223249e-05,2.84733605373936e-06,0.00114997523407418,0.000799480986430265,596.013394735725,0.0294969639099511,0.00360567438869973,0,0.0314519260081926,0.935445435693157,NA,NA,NA,NA,NA,0.0294969639099511,0.00360567438869973,0,0.935445435693157,0.0314519260081926
2023,12,3,"2023-03-23",0,"spring",522,28,27,1,27,1,0,0,0,0,494,50,6791,8,1043198.7393816,1362,1,NA,NA,0,1,1,1412.42962461771,1.36014571691176,29.6252498191928,0.595306598914027,0,153.029282269547,474.622100580041,6.14785864044118,26.3621535351763,2.53005304538462,0,1542.58591413628,1045250.98746153,2.52208836455622e-05,5.88170565174178e-06,2.42052203320949e-06,0.00147580431173048,0.00045407476890569,1597.03960902228,0.0185501033611369,0.000851666864884121,0.000372756314590394,0.0958205929302108,0.884404880529178,0.0343508435252557,0.0080108830976723,0.00329675100923132,0.61844983524955,2.01004547257692,0.0185501033611369,0.000851666864884121,0.000372756314590394,0.884404880529178,0.0958205929302108
2023,13,3,"2023-03-30",0,"spring",342,152,133,19,133,19,0,0,0,0,190,263,11545,26,1762111.06866627,125,1,NA,NA,5,1,7,543.242163314504,7.15436647095588,50.364233421084,1.93474644647059,0,781.400739379626,297.353605182676,3075.80632130993,3750.30535124623,183.35443246552,0,1893.40564970151,1771311.29402617,0.00211724803194916,0.00173645724028477,0.000103513387558636,0.00106892879647248,0.000167872020116122,1384.09624903264,0.036387811509701,0.00516898046357408,0.00139784097227545,0.564556648373085,0.392488718681365,0.264656003993645,0.217057155035596,0.0129391734448295,0.0209840025145153,0.13361609955906,0.218326869058206,0.0310138827814445,0.00838704583365269,2.35493231208819,3.38733989023851
2023,14,4,"2023-04-06",0,"spring",443,277,275,2,275,2,0,0,0,0,166,226,6043,34,3649579.37735184,NA,NA,NA,NA,28,7,35,474.622100580041,6.14785864044118,26.3621535351763,2.53005304538462,0,1542.58591413628,122.944279065914,4809.77448705772,2693.0534303685,209.250269518281,0,7291.61910604565,3664706.01892389,0.00073486206436807,0.00131245847885776,5.70987873072899e-05,0.00198968732236448,3.3548196889751e-05,2052.24807993732,0.0128455004016773,0.00299567030932681,0.00123282027651447,0.751656648733905,0.231269360278577,NA,NA,NA,NA,NA,0.449592514058706,0.104848460826438,0.0431487096780065,8.09442760975018,26.3079827056867
2023,15,4,"2023-04-13",0,"spring",445,341,337,4,337,4,0,0,0,0,104,113069,859683,2464,3765187.15057111,660,1,NA,NA,9,19,29,297.353605182676,3075.80632130993,3750.30535124623,183.35443246552,0,1893.40564970151,140.09929474953,4585.84009622537,2218.55647887626,736.096609557195,0,58309.0195060219,3831176.76255654,0.000579079644812792,0.00119697951319929,0.00019213329354869,0.0152196108714943,3.65682147894534e-05,9200.22535990586,0.407631900799939,0.334318584707081,0.0199293414338055,0.205799920722908,0.0323202523362665,0.382192565576443,0.790006478711534,0.126807973742135,0.0241350217610392,10.0449431751863,11.4136932223983,9.36092037179828,0.558021560146555,0.904967065415463,5.76239778024141
2023,16,4,"2023-04-20",0,"spring",1354,1311,1299,12,1299,12,0,0,0,0,43,176811,617329,2812,1557578.68242023,NA,NA,NA,NA,6,19,25,122.944279065914,4809.77448705772,2693.0534303685,209.250269518281,0,7291.61910604565,157.254310433146,9342.73211780956,326.510300098263,4080.45466893133,0,80974.0963361296,1652459.73015363,0.000197590473244336,0.00565383346252012,0.00246932169932636,0.0490021601486176,9.51637777088378e-05,15126.6415720561,0.178033796698367,0.317967108835511,0.0138332271920051,0.482038202023356,0.00812766525076082,NA,NA,NA,NA,NA,4.45084491745918,7.94917772088778,0.345830679800127,0.20319163126902,12.0509550505839
2023,17,4,"2023-04-27",0,"spring",10573,10524,10366,158,10366,158,0,0,0,0,49,168579,508560,9892,748128.886971965,NA,NA,NA,NA,15,30,45,140.09929474953,4585.84009622537,2218.55647887626,736.096609557195,0,58309.0195060219,102.930094101696,11247.8882234879,250.250692958032,5895.47007569534,36.72,219452.470467761,985114.616525969,0.000254032057549351,0.0114178472583767,0.00598455243358977,0.22276846448758,0.000104485399338283,65989.6119854303,0.0336197836617996,0.0694933635499762,0.0111547346227724,0.883609067422549,0.00212305074290272,NA,NA,NA,NA,NA,1.51289026478098,3.12720135974893,0.501963058024757,0.0955372834306225,39.7624080340147
2023,18,5,"2023-05-04",0,"spring",14802,14747,14324,423,14324,423,0,0,0,0,55,343446,74846,54835,140965.288715294,NA,NA,NA,NA,13,33,47,157.254310433146,9342.73211780956,326.510300098263,4080.45466893133,0,80974.0963361296,171.550156836159,19910.8195119849,354.111383238601,2321.77014908957,6838.08,167589.44365299,338151.063569433,0.00104719878595293,0.0588814339420127,0.00686607377360159,0.49560525371105,0.000507318105184474,94881.0477334019,0.00344125942849721,0.098467843062409,0.0430060034791843,0.853427510240525,0.00165738378938438,NA,NA,NA,NA,NA,0.158297933710872,4.52952078087081,1.97827616004248,0.0762396543116815,39.2576654710642
2023,19,5,"2023-05-11",27,"spring",40934,40898,38318,2580,38318,2580,0,0,0,0,36,413481,57365,79226,9319.40808574399,324,1,NA,NA,8,6,14,102.930094101696,11247.8882234879,250.250692958032,5895.47007569534,36.72,219452.470467761,168.690987555557,5602.71223710294,924.699540410026,1380.81365618109,83718.88,69090.2713796228,170205.475886616,0.0054328424840222,0.0329173442153837,0.00811262768714283,0.405922729687309,0.000991101999961102,236985.729554004,0.00105597368005657,0.047462301821531,0.0248768990723211,0.926015549040697,0.000434330346790944,1.76024096482319,10.6652195257843,2.62849137063428,0.321117047987397,131.518964418688,0.0147836315207919,0.664472225501434,0.348276587012495,0.00608062485507322,12.9642176865698
2023,20,5,"2023-05-18",5028,"spring",32784,32724,28458,4266,28458,4266,0,0,0,0,60,731937,81173,31201,0,NA,NA,NA,NA,4,2,7,171.550156836159,19910.8195119849,354.111383238601,2321.77014908957,6838.08,167589.44365299,311.649451585689,1188.38651578015,651.018245658607,1017.08132424462,244483.12,60018.1575515528,307669.413088822,0.00211596674210401,0.00386254357834742,0.00330576027702498,0.195073526968461,0.00101293608765626,197185.774854139,0.00179582621261874,0.100974928473989,0.0117745316608513,0.849906357479174,0.000869992558860074,NA,NA,NA,NA,NA,0.0107749572757124,0.605849570843937,0.0706471899651081,0.00521995535316045,5.09943814487504
2023,21,5,"2023-05-25",61558,"spring",13663,13604,11671,1933,11671,1933,0,0,0,0,59,205960,211969,18556,0,NA,NA,NA,NA,0,0,0,168.690987555557,5602.71223710294,924.699540410026,1380.81365618109,83718.88,69090.2713796228,471.762931299438,190.093965395588,550.704209494222,266.920596288077,940197.92,90414.3305230701,1032091.73222555,0.000533580681153906,0.00018418320722876,0.000258621000395482,0.0876029985514035,0.00045709399326565,160886.067800872,0.00574754267445034,0.0348240982807621,0.00858255581142122,0.429436012229072,0.00104851209219896,NA,NA,NA,NA,NA,0,0,0,0,0
2023,22,6,"2023-06-01",179767,"summer",9872,9763,8536,1227,0,0,8536,1227,0,0,109,43686,149233,13668,0,NA,NA,NA,NA,0,0,0,311.649451585689,1188.38651578015,651.018245658607,1017.08132424462,244483.12,60018.1575515528,966.399216843697,85.8523976514706,571.430105811552,103.136868261855,1576770.4,105385.568423268,1683882.78701184,0.000339352661728667,5.09847825001059e-05,6.1249434377127e-05,0.0625848599653907,0.000573911215375411,307669.413088822,0.00211596674210401,0.00386254357834742,0.00330576027702498,0.195073526968461,0.00101293608765626,NA,NA,NA,NA,NA,0,0,0,0,0
2023,23,6,"2023-06-08",691322,"summer",14452,14287,13063,1224,0,0,13063,1224,0,0,165,6988,126238,3587,0,41,1,NA,NA,NA,NA,NA,471.762931299438,190.093965395588,550.704209494222,266.920596288077,940197.92,90414.3305230701,1964.24929577402,39.4442257904412,665.902850633292,74.5621515139819,1890021.92,88726.4061451787,1981492.48466889,0.000336061254728688,1.99063211673156e-05,3.76292880699173e-05,0.044777563796819,0.000991297878226498,1032091.73222555,0.000533580681153906,0.00018418320722876,0.000258621000395482,0.0876029985514035,0.00045709399326565,0.0137785114438762,0.000816159167859941,0.00154280081086661,0.0406432130072864,1.83588011566958,NA,NA,NA,NA,NA
2023,24,6,"2023-06-15",1159390,"summer",17065,16727,15190,1537,0,0,15190,1537,0,0,338,3156,130989,1386,0,NA,NA,NA,NA,NA,NA,NA,966.399216843697,85.8523976514706,571.430105811552,103.136868261855,1576770.4,105385.568423268,4857.72860774391,0,649.111864540806,25.9702503776244,894117.04,90473.0684758854,990122.919198548,0.000655587151811644,0,2.62293194855503e-05,0.0913755925871493,0.00490618741729157,1683882.78701184,0.000339352661728667,5.09847825001059e-05,6.1249434377127e-05,0.0625848599653907,0.000573911215375411,NA,NA,NA,NA,NA,NA,NA,NA,NA,NA
2023,25,6,"2023-06-22",1389722,"summer",14823,14136,12763,1373,0,0,12763,1373,0,0,687,1450,152645,1002,0,NA,NA,NA,NA,NA,NA,NA,1964.24929577402,39.4442257904412,665.902850633292,74.5621515139819,1890021.92,88726.4061451787,10847.6882506065,6.22946738345588,338.332480485542,1.26502652269231,231557.68,57609.0355392331,300360.230764231,0.00112642236165785,2.07399873398876e-05,4.21169779858537e-06,0.191799811155604,0.0361155943415205,1981492.48466889,0.000336061254728688,1.99063211673156e-05,3.76292880699173e-05,0.044777563796819,0.000991297878226498,NA,NA,NA,NA,NA,NA,NA,NA,NA,NA
2023,26,6,"2023-06-29",657439,"summer",16388,14689,12881,1808,0,0,12881,1808,0,0,1699,0,148796,349,0,445,1,NA,NA,NA,NA,NA,4857.72860774391,0,649.111864540806,25.9702503776244,894117.04,90473.0684758854,18710.4037722638,8.02485972977941,570.230438060075,0,29801.68,38015.7308347901,87106.0699048437,0.0065463915279728,9.21274457514375e-05,0,0.436430330013961,0.214800229108067,990122.919198548,0.000655587151811644,0,2.62293194855503e-05,0.0913755925871493,0.00490618741729157,2.91314422994789,0.0409967133593897,0,95.58610195309,194.211496856213,NA,NA,NA,NA,NA
2023,27,7,"2023-07-06",170263,"summer",13304,9510,8126,1384,0,0,8126,1384,0,0,3794,229,77556,17,0,NA,NA,NA,NA,NA,NA,NA,10847.6882506065,6.22946738345588,338.332480485542,1.26502652269231,231557.68,57609.0355392331,21895.5183508551,0,222.479475118394,0,6959.12,29828.9822506102,58906.1000765837,0.00377684950844053,0,0,0.506381889343032,0.371702053308381,300360.230764231,0.00112642236165785,2.07399873398876e-05,4.21169779858537e-06,0.191799811155604,0.0361155943415205,NA,NA,NA,NA,NA,NA,NA,NA,NA,NA
2023,28,7,"2023-07-13",21913,"summer",12882,6338,5332,1006,0,0,5332,1006,0,0,6544,295,130714,0,0,NA,NA,NA,NA,NA,NA,NA,18710.4037722638,8.02485972977941,570.230438060075,0,29801.68,38015.7308347901,15090.6954630208,0,84.3170120019672,0,3114.4,20387.865359731,38677.2778347538,0.00218001412514619,0,0,0.527127722039718,0.390169533840898,87106.0699048437,0.0065463915279728,9.21274457514375e-05,0,0.436430330013961,0.214800229108067,NA,NA,NA,NA,NA,NA,NA,NA,NA,NA
2023,29,7,"2023-07-20",5117,"summer",12511,4853,4242,611,0,0,4242,611,0,0,7658,0,50999,0,0,NA,NA,NA,NA,NA,NA,NA,21895.5183508551,0,222.479475118394,0,6959.12,29828.9822506102,30261.4476658985,0,7.01914695318528,0,874.48,32623.4908255256,63766.4376383773,0.000110075883382277,0,0,0.511609116547095,0.474567010274475,58906.1000765837,0.00377684950844053,0,0,0.506381889343032,0.371702053308381,NA,NA,NA,NA,NA,NA,NA,NA,NA,NA
2023,30,7,"2023-07-27",2290,"summer",8604,3326,2895,431,0,0,2895,431,0,0,5278,0,19328,0,0,NA,NA,NA,NA,0,1,1,15090.6954630208,0,84.3170120019672,0,3114.4,20387.865359731,39839.6647559174,0,12.005402371141,0,526.32,42063.4399123511,82441.4300706396,0.000145623412413567,0,0,0.510222104059927,0.48324810379661,38677.2778347538,0.00218001412514619,0,0,0.527127722039718,0.390169533840898,NA,NA,NA,NA,NA,0.00218001412514619,0,0,0.390169533840898,0.527127722039718
2023,31,8,"2023-08-03",643,"summer",15876,5292,4647,645,0,0,4647,645,0,0,10584,0,1609,0,0,NA,NA,NA,NA,0,1,1,30261.4476658985,0,7.01914695318528,0,874.48,32623.4908255256,29083.4699222902,0,7.63424932757877,0,442,74495.2639664694,104028.368138087,7.33862259325752e-05,0,0,0.716105282624298,0.279572490108514,63766.4376383773,0.000110075883382277,0,0,0.511609116547095,0.474567010274475,NA,NA,NA,NA,NA,0.000110075883382277,0,0,0.474567010274475,0.511609116547095
2023,32,8,"2023-08-10",387,"fall",20741,6807,6265,542,0,0,0,0,6265,542,13934,0,2752,0,0,NA,NA,NA,NA,0,6,6,39839.6647559174,0,12.005402371141,0,526.32,42063.4399123511,21000.5983660265,0,2.22047594727863,0,179.52,293075.133222629,314257.472064603,7.06578568423714e-06,0,0,0.93259559207038,0.0668260908103701,82441.4300706396,0.000145623412413567,0,0,0.510222104059927,0.48324810379661,NA,NA,NA,NA,NA,0.000873740474481404,0,0,2.89948862277966,3.06133262435956
2023,33,8,"2023-08-17",325,"fall",22303,12131,11063,1068,0,0,0,0,11063,1068,10172,0,1750,0,0,NA,NA,NA,NA,0,7,7,29083.4699222902,0,7.63424932757877,0,442,74495.2639664694,38898.9980625991,0,1.31309088434355,0,68,987313.379498997,1026281.69065248,1.2794643968643e-06,0,0,0.962029614765213,0.0379028471587252,104028.368138087,7.33862259325752e-05,0,0,0.716105282624298,0.279572490108514,NA,NA,NA,NA,NA,0.000513703581528026,0,0,1.9570074307596,5.01273697837008
2023,34,8,"2023-08-24",132,"fall",55232,47887,43454,4433,0,0,0,0,43454,4433,7345,0,509,0,0,428,1,NA,NA,0,11,11,21000.5983660265,0,2.22047594727863,0,179.52,293075.133222629,32557.3605982224,0,0.514766526088169,0,0,750096.446592425,782654.321957174,6.57718882585224e-07,0,0,0.958400695618301,0.0415986466628162,314257.472064603,7.06578568423714e-06,0,0,0.93259559207038,0.0668260908103701,0.000281503681746476,0,0,17.8042207716853,410.195497724633,7.77236425266085e-05,0,0,0.735086998914071,10.2585515127742
2023,35,8,"2023-08-31",50,"fall",174081,160476,146751,13725,0,0,0,0,146751,13725,13605,0,301,0,0,NA,NA,NA,NA,0,15,16,38898.9980625991,0,1.31309088434355,0,68,987313.379498997,24039.8953113071,0,0.724163079073186,0,0,711705.131549652,735745.751024039,9.84257235689461e-07,0,0,0.967324827304914,0.0326741884378503,1026281.69065248,1.2794643968643e-06,0,0,0.962029614765213,0.0379028471587252,NA,NA,NA,NA,NA,1.91919659529645e-05,0,0,0.568542707380879,14.4304442214782
2023,36,9,"2023-09-07",0,"fall",133574,122187,111377,10810,0,0,0,0,111377,10810,11387,0,118,0,0,602,1,NA,NA,0,11,11,32557.3605982224,0,0.514766526088169,0,0,750096.446592425,11931.3134079549,0,0.719800650885999,0,0,332305.939011974,344237.97222058,2.09099724310706e-06,0,0,0.965337835533844,0.0346600734689128,782654.321957174,6.57718882585224e-07,0,0,0.958400695618301,0.0415986466628162,0.00125878034035045,0,0,20.8653642282855,581.133376991374,7.23490770843747e-06,0,0,0.457585113290978,10.5424076518013
2023,37,9,"2023-09-14",0,"fall",125690,117282,105098,12184,0,0,0,0,105098,12184,8408,0,166,0,0,NA,NA,NA,NA,0,4,4,24039.8953113071,0,0.724163079073186,0,0,711705.131549652,10784.7865264332,0,2.64799390962304,0,0,196829.608254574,207617.042774917,1.27542222653359e-05,0,0,0.948041671453544,0.0519455743241912,735745.751024039,9.84257235689461e-07,0,0,0.967324827304914,0.0326741884378503,NA,NA,NA,NA,NA,3.93702894275784e-06,0,0,0.130696753751401,3.86929930921966
2023,38,9,"2023-09-21",0,"fall",61815,57642,47836,9806,0,0,0,0,47836,9806,4173,0,165,0,0,943,1,NA,NA,0,2,2,11931.3134079549,0,0.719800650885999,0,0,332305.939011974,5692.60603767989,0,3.17584772027277,0,0,93395.2432536099,99091.02513901,3.20498018444912e-05,0,0,0.94251969966594,0.0574482505322152,344237.97222058,2.09099724310706e-06,0,0,0.965337835533844,0.0346600734689128,0.0302229631393552,0,0,54.173700251879,888.796076784982,4.18199448621413e-06,0,0,0.0693201469378257,1.93067567106769
2023,39,9,"2023-09-28",0,"fall",38012,34240,28292,5948,0,0,0,0,28292,5948,3772,0,607,0,0,NA,NA,NA,NA,0,3,3,10784.7865264332,0,2.64799390962304,0,0,196829.608254574,3010.70525247459,0,2.06779096072705,0,0,68271.6982337825,71284.4712772179,2.90075934306313e-05,0,0,0.957735913734718,0.0422350786718509,207617.042774917,1.27542222653359e-05,0,0,0.948041671453544,0.0519455743241912,NA,NA,NA,NA,NA,3.82626667960077e-05,0,0,0.155836722972574,2.84412501436063
2023,40,10,"2023-10-05",0,"fall",18197,16206,13442,2764,0,0,0,0,13442,2764,1991,0,728,0,0,95,1,NA,NA,0,1,1,5692.60603767989,0,3.17584772027277,0,0,93395.2432536099,1023.58260245575,0,1.99799210973204,0,0,24120.4603976287,25146.0409921942,7.94555337896832e-05,0,0,0.95921502733238,0.0407055171338299,99091.02513901,3.20498018444912e-05,0,0,0.94251969966594,0.0574482505322152,0.00754827571001991,0,0,3.86702412771384,91.1254275965761,3.20498018444912e-05,0,0,0.0574482505322152,0.94251969966594
2023,41,10,"2023-10-12",0,"fall",12951,11898,9804,2094,0,0,0,0,9804,2094,1053,0,474,0,0,NA,NA,NA,NA,0,1,1,3010.70525247459,0,2.06779096072705,0,0,68271.6982337825,543.242163314504,0,3.59027839805562,0,0,9831.52605137001,10378.3584930826,0.000345938945975765,0,0,0.947310314817412,0.0523437462366123,71284.4712772179,2.90075934306313e-05,0,0,0.957735913734718,0.0422350786718509,NA,NA,NA,NA,NA,2.90075934306313e-05,0,0,0.0422350786718509,0.957735913734718
2023,42,10,"2023-10-19",0,"fall",4589,4231,3452,779,0,0,0,0,3452,779,358,0,458,0,0,NA,NA,NA,NA,0,4,4,1023.58260245575,0,1.99799210973204,0,0,24120.4603976287,406.002037845577,0,1.99799210973204,0,0,5242.6537061185,5650.65373607381,0.000353586010230436,0,0,0.927795959722212,0.071850454267558,25146.0409921942,7.94555337896832e-05,0,0,0.95921502733238,0.0407055171338299,NA,NA,NA,NA,NA,0.000317822135158733,0,0,0.16282206853532,3.83686010932952
2023,43,10,"2023-10-26",0,"fall",1896,1706,1415,291,0,0,0,0,1415,291,190,0,823,0,0,NA,NA,NA,NA,0,3,3,543.242163314504,0,3.59027839805562,0,0,9831.52605137001,554.678840436915,0,0,0,0,1878.85180593412,2433.53064637104,0,0,0,0.772068274026436,0.227931725973565,10378.3584930826,0.000345938945975765,0,0,0.947310314817412,0.0523437462366123,NA,NA,NA,NA,NA,0.0010378168379273,0,0,0.157031238709837,2.84193094445224
2023,44,11,"2023-11-02",0,"fall",1053,911,754,157,0,0,0,0,754,157,142,0,458,0,0,NA,NA,NA,NA,0,5,5,406.002037845577,0,1.99799210973204,0,0,5242.6537061185,140.09929474953,0,0,0,0,429.968760359565,570.068055109095,0,0,0,0.754241105962833,0.245758894037167,5650.65373607381,0.000353586010230436,0,0,0.927795959722212,0.071850454267558,NA,NA,NA,NA,NA,0.00176793005115218,0,0,0.35925227133779,4.63897979861106
2023,45,11,"2023-11-09",0,"fall",507,313,276,37,0,0,0,0,276,37,194,0,0,0,0,NA,NA,NA,NA,0,4,4,554.678840436915,0,0,0,0,1878.85180593412,134.380956188325,0,0,0,0,204.842754483982,339.223710672307,0,0,0,0.603857419276514,0.396142580723486,2433.53064637104,0,0,0,0.772068274026436,0.227931725973565,NA,NA,NA,NA,NA,0,0,0,0.911726903894258,3.08827309610574
2023,46,11,"2023-11-16",0,"fall",128,79,60,19,0,0,0,0,60,19,49,0,0,0,0,NA,NA,NA,NA,0,5,5,140.09929474953,0,0,0,0,429.968760359565,185.846003239173,0,0,0,0,30.7560950377082,216.602098276881,0,0,0,0.141993523065473,0.858006476934527,570.068055109095,0,0,0,0.754241105962833,0.245758894037167,NA,NA,NA,NA,NA,0,0,0,1.22879447018584,3.77120552981416
2023,47,11,"2023-11-23",0,"fall",86,39,28,11,0,0,0,0,28,11,47,0,0,0,0,NA,NA,NA,NA,0,8,8,134.380956188325,0,0,0,0,204.842754483982,71.4792320150664,0,0,0,0,45.1576883552395,116.636920370306,0,0,0,0.387164614873834,0.612835385126166,339.223710672307,0,0,0,0.603857419276514,0.396142580723486,NA,NA,NA,NA,NA,0,0,0,3.16914064578789,4.83085935421211
2023,48,11,"2023-11-30",0,"fall",69,4,5,-1,0,0,0,0,5,-1,65,0,0,0,0,NA,NA,NA,NA,0,2,2,185.846003239173,0,0,0,0,30.7560950377082,317.367790146895,0,0,0,0,35.9982500772952,353.36604022419,0,0,0,0.101872409851429,0.898127590148571,216.602098276881,0,0,0,0.141993523065473,0.858006476934527,NA,NA,NA,NA,NA,0,0,0,1.71601295386905,0.283987046130947
2023,49,12,"2023-12-07",0,"fall",34,9,6,3,0,0,0,0,6,3,25,0,0,0,18126.8017339983,388,1,NA,NA,0,2,2,71.4792320150664,0,0,0,0,45.1576883552395,340.241144391716,0,0,0,0,1.96437483571183,18469.0072532258,0,0,0,0.000106360607734817,0.0184222757469701,116.636920370306,0,0,0,0.387164614873834,0.612835385126166,0,0,0,7.1478429898244,0.0412679158011088,0,0,0,1.22567077025233,0.774329229747668
2023,50,12,"2023-12-14",0,"fall",120,9,4,5,0,0,0,0,4,5,111,0,0,0,89147.4129799728,NA,NA,NA,NA,0,3,3,317.367790146895,0,0,0,0,35.9982500772952,345.959482952921,0,0,0,0,1.96437483571183,89495.3368377614,0,0,0,2.19494658059434e-05,0.00386567049387257,353.36604022419,0,0,0,0.101872409851429,0.898127590148571,NA,NA,NA,NA,NA,0,0,0,2.69438277044571,0.305617229554286
2023,51,12,"2023-12-21",0,"fall",120,1,0,1,0,0,0,0,0,1,119,0,0,0,82591.1645091835,NA,NA,NA,NA,0,3,3,340.241144391716,0,0,0,0,1.96437483571183,254.466065973636,0,0,0,0,0,82845.6305751572,0,0,0,0,0.00307156894343131,342.205519227428,0,0,0,0.00574033650931946,0.994259663490681,NA,NA,NA,NA,NA,0,0,0,2.98277899047204,0.0172210095279584
2023,52,12,"2023-12-28",0,"fall",122,1,0,1,0,0,0,0,0,1,121,0,0,0,97635.9399995914,NA,NA,NA,NA,0,4,4,345.959482952921,0,0,0,0,1.96437483571183,237.31105029002,0,0,0,0,0,97873.2510498814,0,0,0,0,0.00242467730196348,347.923857788633,0,0,0,0.00564599061472008,0.99435400938528,NA,NA,NA,NA,NA,0,0,0,3.97741603754112,0.0225839624588803
2024,1,1,"2024-01-04",0,"spring",89,0,0,0,0,0,0,0,0,0,89,0,0,0,91464.5011148938,NA,NA,NA,NA,0,0,0,254.466065973636,0,0,0,0,0,94.3525862598876,0,0,0,0,0,91558.8537011537,0,0,0,0,0.00103051297002748,254.466065973636,0,0,0,0,1,NA,NA,NA,NA,NA,0,0,0,0,0
2024,2,1,"2024-01-11",0,"spring",83,0,0,0,0,0,0,0,0,0,83,0,0,0,55910.3220130058,447,1,NA,NA,0,0,0,237.31105029002,0,0,0,0,0,483.199608421849,0,0,0,0,5.59514637826779,56399.1167678059,0,0,0,9.92062766036373e-05,0.00856750311199327,237.31105029002,0,0,0,0,1,0,0,0,3.82967389106099,0.0443452056418259,0,0,0,0,0
2024,3,1,"2024-01-18",0,"spring",33,0,0,0,0,0,0,0,0,0,33,0,0,0,47055.73088846,NA,NA,NA,NA,0,1,1,94.3525862598876,0,0,0,0,0,285.916928060265,0,0,0,0,0,47341.6478165202,0,0,0,0,0.00603943760403905,94.3525862598876,0,0,0,0,1,NA,NA,NA,NA,NA,0,0,0,1,0
2024,4,1,"2024-01-25",0,"spring",170,1,1,0,1,0,0,0,0,0,169,0,0,0,97505.8782939184,647,1,NA,NA,0,0,0,483.199608421849,0,0,0,0,5.59514637826779,223.015203887007,0,0,0,0,5.59514637826779,97734.4886441837,0,0,0,5.72484335456823e-05,0.00228184755433597,488.794754800116,0,0,0,0.0114468216430756,0.988553178356924,0,0,0,1.47635536765537,0.0370397365040564,0,0,0,0,0
2024,5,2,"2024-02-01",0,"spring",100,0,0,0,0,0,0,0,0,0,100,0,0,0,152122.300637889,NA,NA,NA,NA,0,0,0,285.916928060265,0,0,0,0,0,245.888558131828,0,0,0,0,0,152368.18919602,0,0,0,0,0.0016137788302747,285.916928060265,0,0,0,0,1,NA,NA,NA,NA,NA,0,0,0,0,0
2024,6,2,"2024-02-08",0,"spring",79,1,1,0,1,0,0,0,0,0,78,0,0,0,611526.44632683,234,1,NA,NA,0,0,0,223.015203887007,0,0,0,0,5.59514637826779,477.481269860643,0,0,0,0,0,612003.927596691,0,0,0,0,0.000780193146367031,228.610350265275,0,0,0,0.0244745978114083,0.975525402188592,0,0,0,0.182565196249885,0,0,0,0,0,0
2024,7,2,"2024-02-15",0,"spring",86,0,0,0,0,0,0,0,0,0,86,0,0,0,900958.445891561,352,4,NA,NA,0,0,0,245.888558131828,0,0,0,0,0,431.734561371001,28.5902629694853,5.13894040450731,0.44647994918552,0,1.96033005631632,901426.316466311,5.70089902040193e-06,3.17166943622882e-05,4.95303876789142e-07,2.17469805408059e-06,0.000478946036392023,245.888558131828,0,0,0,0,1,0.00200671645518148,0.0111642764155255,0.000174346964629778,0.168589004809992,0.000765493715036366,0,0,0,0,0
2024,8,2,"2024-02-22",0,"spring",167,0,0,0,0,0,0,0,0,0,167,0,0,0,2192756.02525345,629,1,NA,NA,0,0,0,477.481269860643,0,0,0,0,0,331.663636549908,59.4111649147059,23.3389908014551,0.372066624321267,0,16.7854391348034,2193187.59655148,1.06415843488048e-05,2.70889571909502e-05,1.69646511272587e-07,7.6534443114654e-06,0.000151224472120583,477.481269860643,0,0,0,0,1,0.00669355655539825,0.0170389540731077,0.000106707655590457,0.0951201929638469,0.00481401647191174,0,0,0,0,0
2024,9,2,"2024-02-29",0,"spring",152,1,0,1,0,1,0,0,0,0,151,1051,1178,6,2021149.50450551,210,1,NA,NA,4,0,4,431.734561371001,28.5902629694853,5.13894040450731,0.44647994918552,0,1.96033005631632,446.030407774014,7.88884515808824,24.5342961247446,1.86033312160633,0,5.59514637826779,2021635.41353406,1.21358658245186e-05,3.90220961963541e-06,9.20211977467414e-07,2.76763373890784e-06,0.000220628509368214,467.870574750495,0.0109836794229853,0.0611072046681539,0.000954280891512825,0.00418989815155979,0.922764936865788,0.00254853182314891,0.000819464020123436,0.000193244515268157,0.046331986967325,0.000581203085170647,0.0439347176919411,0.244428818672615,0.0038171235660513,3.69105974746315,0.0167595926062392
2024,10,3,"2024-03-07",0,"spring",119,3,3,0,3,0,0,0,0,0,116,2184,5350,5,1571816.16197541,538,1,NA,NA,4,0,4,331.663636549908,59.4111649147059,23.3389908014551,0.372066624321267,0,16.7854391348034,571.833856120531,18.1443438636029,70.9505320364235,2.00915977133484,0,183.251188007883,1572662.35105521,4.51149173812279e-05,1.15373422981917e-05,1.27755316962141e-06,0.000116522906449008,0.000363608791001353,431.571298025194,0.0540791079208716,0.137662456207265,0.000862120873245716,0.0388937800349816,0.768502534963636,0.0242718255511006,0.00620709015642714,0.000687323605256317,0.195621529558728,0.0626893236695661,0.216316431683487,0.550649824829062,0.00344848349298286,3.07401013985454,0.155575120139926
2024,11,3,"2024-03-14",0,"spring",157,1,1,0,1,0,0,0,0,0,156,290,5624,25,960604.852555097,449,1,NA,NA,16,4,21,446.030407774014,7.88884515808824,24.5342961247446,1.86033312160633,0,5.59514637826779,683.341458064034,80.9830759849265,62.9367514565594,7.14367918696833,0,272.242418957257,961711.499938747,6.54424444966791e-05,8.42072450938607e-05,7.42808959591657e-06,0.000283081172445787,0.000710547246349407,485.909028556721,0.0504915420024566,0.0162352306593689,0.00382856257504006,0.011514802256066,0.917929862507068,0.0293836575790089,0.0378090530471435,0.00333521222856654,0.319035713610884,0.127103446428159,1.00983084004913,0.324704613187378,0.0765712515008012,18.3585972501414,0.230296045121321
2024,12,3,"2024-03-21",0,"spring",236,36,31,5,31,5,0,0,0,0,200,667,16264,27,574013.352849064,272,1,NA,NA,9,2,11,571.833856120531,18.1443438636029,70.9505320364235,2.00915977133484,0,183.251188007883,340.241144391716,63.9812545235294,90.420049035843,10.0457988566742,0,876.477651331727,575394.518747204,0.000157144439319153,0.00011119545362169,1.74589755886913e-05,0.00152326381773686,0.000591318014520745,846.189079799775,0.0838471373953582,0.0214424226177632,0.00237436268004102,0.216560568296679,0.675775509010159,0.0427432874948095,0.0302451633850997,0.00474884136012403,0.160838499949643,0.414327758424425,0.922318511348941,0.235866648795395,0.0261179894804513,7.43353059911174,2.38216625126347
2024,13,3,"2024-03-28",0,"spring",300,61,42,19,42,19,0,0,0,0,239,2977,14427,96,270947.896582743,NA,NA,NA,NA,6,9,15,683.341458064034,80.9830759849265,62.9367514565594,7.14367918696833,0,272.242418957257,194.423511080981,1649.85675461397,78.462633374761,8.70635900911765,0,2804.31171067489,275683.657551496,0.000284611115768096,0.00598460122470548,3.1580976132005e-05,0.0101722087394718,0.00070524133642076,1106.64738364975,0.0568715494984434,0.0731787533964456,0.00645524427429479,0.246006472323095,0.617487980507721,NA,NA,NA,NA,NA,0.853073242476651,1.09768130094668,0.0968286641144218,9.26231970761581,3.69009708484643
2024,14,4,"2024-04-04",0,"spring",275,156,157,-1,157,-1,0,0,0,0,119,2352,20727,135,140018.67098071,NA,NA,NA,NA,5,14,20,340.241144391716,63.9812545235294,90.420049035843,10.0457988566742,0,876.477651331727,257.325235254239,8114.52053543824,126.069812181542,318.042550469819,0,21245.7094826117,170080.338596666,0.000741236836789869,0.0477099269815148,0.00186995482895901,0.124915728989666,0.00151296285847871,1381.16589813949,0.0654664650768196,0.0463240908349358,0.00727341941341477,0.634592594931856,0.246343429742973,NA,NA,NA,NA,NA,1.24386283645957,0.880157725863781,0.138194968854881,4.68052516511649,12.0572593037053
2024,15,4,"2024-04-11",0,"spring",577,509,497,12,497,12,0,0,0,0,68,60650,17986,117,35022.8455542583,NA,NA,NA,NA,4,16,20,194.423511080981,1649.85675461397,78.462633374761,8.70635900911765,0,2804.31171067489,380.269514320153,12725.6049361695,41.1071608078713,3338.70264668446,0,72189.7552902861,123698.285102526,0.00033231795229659,0.102876162960723,0.0269906946884284,0.583595441363251,0.00307416965404953,4735.76096875372,0.0165681152179033,0.348382607462588,0.0018384287269906,0.592156514903851,0.0410543336886671,NA,NA,NA,NA,NA,0.331362304358066,6.96765214925175,0.0367685745398119,0.821086673773342,11.843130298077
2024,16,4,"2024-04-18",0,"spring",3919,3829,3780,49,3780,49,0,0,0,0,90,298296,28899,4274,0,NA,NA,NA,NA,6,23,29,257.325235254239,8114.52053543824,126.069812181542,318.042550469819,0,21245.7094826117,345.959482952921,12719.1578454713,25.8037627272163,8277.66384457468,0,139093.035937438,160461.620873164,0.000160809560484327,0.079266043657412,0.051586565058555,0.866830555372385,0.00215602635116333,30061.6676159556,0.00419370654323346,0.269929154932555,0.0105796709129009,0.706737555415433,0.00855991219587767,NA,NA,NA,NA,NA,0.12161748975377,7.82794549304409,0.306810456474125,0.248237453680452,20.4953891070476
2024,17,4,"2024-04-25",0,"spring",13412,13279,12699,580,12699,580,0,0,0,0,133,467803,9423,44867,0,NA,NA,NA,NA,6,27,33,380.269514320153,12725.6049361695,41.1071608078713,3338.70264668446,0,72189.7552902861,511.791301227875,8665.84200033125,68.176027709372,5681.01087343656,607.92,161849.684617143,177384.424819848,0.000384340551762715,0.0488534549137125,0.0320265484368553,0.912423313272954,0.00288520991483696,88675.4395482681,0.000463568729033429,0.143507661208069,0.0376508158706913,0.814089624568385,0.00428832962382062,NA,NA,NA,NA,NA,0.0152977680581032,4.73575281986629,1.24247692373281,0.141514877586081,26.8649576107567
2024,18,5,"2024-05-02",0,"spring",25766,25645,24436,1209,24436,1209,0,0,0,0,121,467566,5915,111239,0,NA,NA,NA,NA,5,31,37,345.959482952921,12719.1578454713,25.8037627272163,8277.66384457468,0,139093.035937438,932.089185476465,11470.0544248882,167.75717593831,5421.60602295977,39469.92,71819.8993071796,129281.326116442,0.00129761335977643,0.0887216643690464,0.0419364976042757,0.555531888979017,0.00720977432299033,160461.620873164,0.000160809560484327,0.079266043657412,0.051586565058555,0.866830555372385,0.00215602635116333,NA,NA,NA,NA,NA,0.00578914417743577,2.85357757166683,1.85711634210798,0.0776169486418797,31.2058999934059
2024,19,5,"2024-05-09",447,"spring",31705,31526,27525,4001,27525,4001,0,0,0,0,179,318563,15628,76344,0,NA,NA,NA,NA,4,17,22,511.791301227875,8665.84200033125,68.176027709372,5681.01087343656,607.92,161849.684617143,703.355643028253,10756.8756196827,441.346859697797,2313.13820340532,118243.84,41294.7293559927,173753.285681807,0.00254007777732637,0.0619089047868811,0.0133127738812453,0.237663012782477,0.00404801348226763,177384.424819848,0.000384340551762715,0.0488534549137125,0.0320265484368553,0.912423313272954,0.00288520991483696,NA,NA,NA,NA,NA,0.00807115158701701,1.02592255318796,0.672557517173961,0.0605894082115761,19.160889578732
2024,20,5,"2024-05-16",29022,"spring",15773,15447,11428,4019,11428,4019,0,0,0,0,326,421648,38455,72858,0,NA,NA,NA,NA,1,1,2,932.089185476465,11470.0544248882,167.75717593831,5421.60602295977,39469.92,71819.8993071796,1160.82272792468,428.962756199632,334.03985114935,465.008867076719,293791.28,43061.8269186564,339241.941121007,0.000984665545909603,0.00126447441841108,0.00137072929585334,0.126935445471043,0.00342181371822364,129281.326116442,0.00129761335977643,0.0887216643690464,0.0419364976042757,0.555531888979017,0.00720977432299033,NA,NA,NA,NA,NA,0.00259522671955287,0.177443328738093,0.0838729952085514,0.0144195486459807,1.11106377795803
2024,21,5,"2024-05-23",86944,"spring",8801,8555,6747,1808,6747,1808,0,0,0,0,246,395431,101170,31085,0,195,1,NA,NA,0,0,0,703.355643028253,10756.8756196827,441.346859697797,2313.13820340532,118243.84,41294.7293559927,1415.28879389831,148.9087530875,366.792961978756,276.371088545837,521413.12,50758.6811595183,574379.162757029,0.000638590300208915,0.000259251662913285,0.000481164893272332,0.0883713833139,0.00246403227287164,173753.285681807,0.00254007777732637,0.0619089047868811,0.0133127738812453,0.237663012782477,0.00404801348226763,0.124525108540738,0.0505540742680905,0.0938271541881047,0.480486293209971,17.2324197462105,0,0,0,0,0
2024,22,5,"2024-05-30",216023,"summer",7659,7253,6004,1249,0,0,6004,1249,0,0,406,15769,76572,6249,0,NA,NA,NA,NA,1,0,1,1160.82272792468,428.962756199632,334.03985114935,465.008867076719,293791.28,43061.8269186564,4291.61309018458,102.691001626838,631.596715369247,293.03967331543,1003965.6,92532.8538536468,1101817.39433414,0.000573231752028146,9.32014707290922e-05,0.000265960289629046,0.0839820230915548,0.00389503116601106,339241.941121007,0.000984665545909603,0.00126447441841108,0.00137072929585334,0.126935445471043,0.00342181371822364,NA,NA,NA,NA,NA,0.000984665545909603,0.00126447441841108,0.00137072929585334,0.00342181371822364,0.126935445471043
2024,23,6,"2024-06-06",383392,"summer",8954,8459,7121,1338,0,0,7121,1338,0,0,495,5474,84080,3714,0,84,1,NA,NA,0,0,0,1415.28879389831,148.9087530875,366.792961978756,276.371088545837,521413.12,50758.6811595183,7119.33150870061,62.5395000636029,556.977381227398,55.512340348733,1150228.16,83064.3793604682,1241086.90009081,0.000448781935565225,5.03909114333791e-05,4.47288101620211e-05,0.0669287375077365,0.00573636826573522,574379.162757029,0.000638590300208915,0.000259251662913285,0.000481164893272332,0.0883713833139,0.00246403227287164,0.0376976825874789,0.00423283656040384,0.00375722005360977,0.481854934321758,5.62201395064987,0,0,0,0,0
2024,24,6,"2024-06-13",738210,"summer",16727,15226,13076,2150,0,0,13076,2150,0,0,1501,3775,144781,3938,0,NA,NA,NA,NA,NA,NA,NA,4291.61309018458,102.691001626838,631.596715369247,293.03967331543,1003965.6,92532.8538536468,9249.41262274959,36.5063110419118,515.870220419527,29.3932633213801,696305.04,67436.6679468582,773572.890364391,0.000666866984152621,4.71918179872042e-05,3.7996759823802e-05,0.0871755833055269,0.0119567434923846,1101817.39433414,0.000573231752028146,9.32014707290922e-05,0.000265960289629046,0.0839820230915548,0.00389503116601106,NA,NA,NA,NA,NA,NA,NA,NA,NA,NA
2024,25,6,"2024-06-20",845756,"summer",16092,13602,11770,1832,0,0,11770,1832,0,0,2490,2299,127676,746,0,NA,NA,NA,NA,NA,NA,NA,7119.33150870061,62.5395000636029,556.977381227398,55.512340348733,1150228.16,83064.3793604682,16826.2112163466,8.73213550257353,487.859069029594,3.57183959348416,244291.36,48758.6743422276,310376.4086027,0.00157183038242472,2.81340181165353e-05,1.15080898369964e-05,0.157095297808673,0.0542122749989197,1241086.90009081,0.000448781935565225,5.03909114333791e-05,4.47288101620211e-05,0.0669287375077365,0.00573636826573522,NA,NA,NA,NA,NA,NA,NA,NA,NA,NA
2024,26,6,"2024-06-27",511989,"summer",14341,11106,9525,1581,0,0,9525,1581,0,0,3235,1342,118253,395,0,NA,NA,NA,NA,NA,NA,NA,9249.41262274959,36.5063110419118,515.870220419527,29.3932633213801,696305.04,67436.6679468582,23059.2002480604,2.20343606139706,1690.21407626957,0,48300.4,27953.6897283971,101005.707488788,0.0167338472081608,2.18149658685539e-05,0,0.276753565945765,0.228296012387418,773572.890364391,0.000666866984152621,4.71918179872042e-05,3.7996759823802e-05,0.0871755833055269,0.0119567434923846,NA,NA,NA,NA,NA,NA,NA,NA,NA,NA
2024,27,7,"2024-07-04",179626,"summer",13993,8108,6849,1259,0,0,6849,1259,0,0,5885,321,111832,48,0,NA,NA,NA,NA,NA,NA,NA,16826.2112163466,8.73213550257353,487.859069029594,3.57183959348416,244291.36,48758.6743422276,30172.8134181998,0,1676.89558301408,0,8493.2,20813.2177467927,61156.1267480066,0.0274199114983805,0,0,0.340329233611432,0.493373518282587,310376.4086027,0.00157183038242472,2.81340181165353e-05,1.15080898369964e-05,0.157095297808673,0.0542122749989197,NA,NA,NA,NA,NA,NA,NA,NA,NA,NA
2024,28,7,"2024-07-11",35515,"summer",12729,4664,3919,745,0,0,3919,745,0,0,8065,81,387448,0,0,NA,NA,NA,NA,NA,NA,NA,23059.2002480604,2.20343606139706,1690.21407626957,0,48300.4,27953.6897283971,36325.7457100567,1.60497194595588,111.817759293999,0,2230.4,19422.132314791,58091.7007560877,0.0019248491236897,2.76282485289035e-05,0,0.334335749547765,0.625317304146065,101005.707488788,0.0167338472081608,2.18149658685539e-05,0,0.276753565945765,0.228296012387418,NA,NA,NA,NA,NA,NA,NA,NA,NA,NA
2024,29,7,"2024-07-18",6245,"summer",14009,3456,2926,530,0,0,2926,530,0,0,10553,0,384395,0,0,NA,NA,NA,NA,NA,NA,NA,30172.8134181998,0,1676.89558301408,0,8493.2,20813.2177467927,40746.0214178684,0,6.24699716405303,0,1447.04,27775.7894779834,69975.0978930159,8.92745755583507e-05,0,0,0.396938201079039,0.582293167780409,61156.1267480066,0.0274199114983805,0,0,0.340329233611432,0.493373518282587,NA,NA,NA,NA,NA,NA,NA,NA,NA,NA
2024,30,7,"2024-07-25",1640,"summer",15867,3162,2761,401,0,0,2761,401,0,0,12705,59,25632,0,0,NA,NA,NA,NA,0,1,1,36325.7457100567,1.60497194595588,111.817759293999,0,2230.4,19422.132314791,38235.6707894993,0.489652458088235,6.04632546744239,0,810.56,39614.8302898132,78667.5970572381,7.68591604881883e-05,6.22432203861479e-06,0,0.503572395391583,0.486040914173078,58091.7007560877,0.0019248491236897,2.76282485289035e-05,0,0.334335749547765,0.625317304146065,NA,NA,NA,NA,NA,0.0019248491236897,2.76282485289035e-05,0,0.625317304146065,0.334335749547765
2024,31,8,"2024-08-01",1064,"summer",18737,4486,3966,520,0,0,3966,520,0,0,14251,0,1432,0,0,NA,NA,NA,NA,0,0,0,40746.0214178684,0,6.24699716405303,0,1447.04,27775.7894779834,23796.8659224559,0,2.85302803442087,0,433.84,145194.525554817,169428.084505308,1.68391683276777e-05,0,0,0.856968465285747,0.140454081104307,69975.0978930159,8.92745755583507e-05,0,0,0.396938201079039,0.582293167780409,NA,NA,NA,NA,NA,0,0,0,0,0
2024,32,8,"2024-08-08",596,"fall",19922,6549,5841,708,0,0,0,0,5841,708,13373,18,1386,0,0,NA,NA,NA,NA,0,1,1,38235.6707894993,0.489652458088235,6.04632546744239,0,810.56,39614.8302898132,61446.4070094316,0,0.898660206560701,0,152.32,411020.975635595,472620.601305233,1.90144103765024e-06,0,0,0.869663689014997,0.130012121434689,78667.5970572381,7.68591604881883e-05,6.22432203861479e-06,0,0.503572395391583,0.486040914173078,NA,NA,NA,NA,NA,7.68591604881883e-05,6.22432203861479e-06,0,0.486040914173078,0.503572395391583
2024,33,8,"2024-08-15",319,"fall",32942,24619,21144,3475,0,0,0,0,21144,3475,8323,0,654,0,0,NA,NA,NA,NA,0,1,1,23796.8659224559,0,2.85302803442087,0,433.84,145194.525554817,42507.2696947197,0,2.32081179558395,0,66.64,833711.399314634,876287.62982115,2.6484589267312e-06,0,0,0.95141295043135,0.0485083530203381,169428.084505308,1.68391683276777e-05,0,0,0.856968465285747,0.140454081104307,NA,NA,NA,NA,NA,1.68391683276777e-05,0,0,0.140454081104307,0.856968465285747
2024,34,8,"2024-08-22",112,"fall",93193,71702,58993,12709,0,0,0,0,58993,12709,21491,0,206,0,0,NA,NA,NA,NA,0,6,6,61446.4070094316,0,0.898660206560701,0,152.32,411020.975635595,51413.5820037969,0,2.09832795803737,0,0,784394.469613509,835810.149945264,2.5105317974121e-06,0,0,0.938484020162806,0.0615134693053966,472620.601305233,1.90144103765024e-06,0,0,0.869663689014997,0.130012121434689,NA,NA,NA,NA,NA,1.14086462259014e-05,0,0,0.780072728608133,5.21798213408998
2024,35,8,"2024-08-29",49,"fall",158868,144001,120278,23723,0,0,0,0,120278,23723,14867,0,532,0,0,NA,NA,NA,NA,0,6,6,42507.2696947197,0,2.32081179558395,0,66.64,833711.399314634,42521.5655411227,0,0.501679241526605,0,0,525668.439765167,568190.506985531,8.82941962878271e-07,0,0,0.925162306132216,0.0748368109258212,876287.62982115,2.6484589267312e-06,0,0,0.95141295043135,0.0485083530203381,NA,NA,NA,NA,NA,1.58907535603872e-05,0,0,0.291050118122029,5.7084777025881
2024,36,9,"2024-09-05",0,"fall",151262,133280,114108,19172,0,0,0,0,114108,19172,17982,0,481,0,0,NA,NA,NA,NA,0,1,1,51413.5820037969,0,2.09832795803737,0,0,784394.469613509,38999.0689874202,0,0.711075794511623,0,0,302313.128420095,341312.90848331,2.08335453139298e-06,0,0,0.885735994467605,0.114261922177864,835810.149945264,2.5105317974121e-06,0,0,0.938484020162806,0.0615134693053966,NA,NA,NA,NA,NA,2.5105317974121e-06,0,0,0.0615134693053966,0.938484020162806
2024,37,9,"2024-09-12",0,"fall",105397,90525,75953,14572,0,0,0,0,75953,14572,14872,0,115,0,0,NA,NA,NA,NA,0,4,4,42521.5655411227,0,0.501679241526605,0,0,525668.439765167,24211.4454681433,0,2.00671696610642,0,0,196119.246267414,220332.698452523,9.10766754185975e-06,0,0,0.890105044075758,0.1098858482567,568190.506985531,8.82941962878271e-07,0,0,0.925162306132216,0.0748368109258212,NA,NA,NA,NA,NA,3.53176785151309e-06,0,0,0.299347243703285,3.70064922452886
2024,38,9,"2024-09-19",0,"fall",67547,53907,42889,11018,0,0,0,0,42889,11018,13640,0,163,0,0,482,1,NA,NA,0,2,2,38999.0689874202,0,0.711075794511623,0,0,302313.128420095,7044.99310740494,0,1.93691811511141,0,0,98197.0618822171,105243.991907737,1.84040730496942e-05,0,0,0.933041973249192,0.066939622677758,341312.90848331,2.08335453139298e-06,0,0,0.885735994467605,0.114261922177864,0.00887076320995258,0,0,32.2648981306794,449.726231106111,4.16670906278597e-06,0,0,0.228523844355727,1.77147198893521
2024,39,9,"2024-09-26",0,"fall",43997,35529,27584,7945,0,0,0,0,27584,7945,8468,0,460,0,0,NA,NA,NA,NA,0,2,2,24211.4454681433,0,2.00671696610642,0,0,196119.246267414,3794.11763535972,0,7.13257008605217,1.56267982214932,0,44453.6879966895,48256.5008819575,0.000147805372451258,0,3.23827835335982e-05,0.921195842720338,0.0786239691236772,220332.698452523,9.10766754185975e-06,0,0,0.890105044075758,0.1098858482567,NA,NA,NA,NA,NA,1.82153350837195e-05,0,0,0.2197716965134,1.78021008815152
2024,40,10,"2024-10-03",0,"fall",20457,17993,13724,4269,0,0,0,0,13724,4269,2464,0,444,0,0,NA,NA,NA,NA,0,1,1,7044.99310740494,0,1.93691811511141,0,0,98197.0618822171,1867.03754023353,0,1.82349498224453,0,0,25868.4444077194,27737.3054429352,6.57416051460392e-05,0,0,0.932622833928096,0.0673114244667582,105243.991907737,1.84040730496942e-05,0,0,0.933041973249192,0.066939622677758,NA,NA,NA,NA,NA,1.84040730496942e-05,0,0,0.066939622677758,0.933041973249192
2024,41,10,"2024-10-10",0,"fall",9908,8581,6026,2555,0,0,0,0,6026,2555,1327,0,1635,21,0,NA,NA,NA,NA,0,1,1,3794.11763535972,0,7.13257008605217,1.56267982214932,0,44453.6879966895,1306.64036123541,0,2.25973780096332,0,0,14200.8814716436,15509.78157068,0.000145697590302314,0,0,0.91560808944526,0.0842462129644373,48256.5008819575,0.000147805372451258,0,3.23827835335982e-05,0.921195842720338,0.0786239691236772,NA,NA,NA,NA,NA,0.000147805372451258,0,3.23827835335982e-05,0.0786239691236772,0.921195842720338
2024,42,10,"2024-10-17",0,"fall",5585,4932,3533,1399,0,0,0,0,3533,1399,653,0,418,0,0,NA,NA,NA,NA,0,1,1,1867.03754023353,0,1.82349498224453,0,0,25868.4444077194,1492.48636447459,0,1.40470187627449,0,0,9187.63536327998,10681.5264296308,0.000131507597301619,0,0,0.860142548334032,0.139725944068667,27737.3054429352,6.57416051460392e-05,0,0,0.932622833928096,0.0673114244667582,NA,NA,NA,NA,NA,6.57416051460392e-05,0,0,0.0673114244667582,0.932622833928096
2024,43,10,"2024-10-24",0,"fall",3147,2690,1947,743,0,0,0,0,1947,743,457,0,518,0,0,NA,NA,NA,NA,0,0,0,1306.64036123541,0,2.25973780096332,0,0,14200.8814716436,863.469122742002,0,0,0,0,1111.21696962732,1974.68609236932,0,0,0,0.562730944387231,0.437269055612769,15509.78157068,0.000145697590302314,0,0,0.91560808944526,0.0842462129644373,NA,NA,NA,NA,NA,0,0,0,0,0
2024,44,10,"2024-10-31",0,"fall",2159,1637,1304,333,0,0,0,0,1304,333,522,0,322,0,0,NA,NA,NA,NA,0,0,0,1492.48636447459,0,1.40470187627449,0,0,9187.63536327998,343.100313672319,0,0,0,0,676.028987094297,1019.12930076662,0,0,0,0.663339761290123,0.336660238709877,10681.5264296308,0.000131507597301619,0,0,0.860142548334032,0.139725944068667,NA,NA,NA,NA,NA,0,0,0,0,0
2024,45,11,"2024-11-07",0,"fall",490,188,162,26,0,0,0,0,162,26,302,0,0,0,0,NA,NA,NA,NA,0,3,3,863.469122742002,0,0,0,0,1111.21696962732,403.142868564974,0,0,0,0,202.215943747656,605.35881231263,0,0,0,0.334043115644319,0.665956884355681,1974.68609236932,0,0,0,0.562730944387231,0.437269055612769,NA,NA,NA,NA,NA,0,0,0,1.31180716683831,1.68819283316169
2024,46,11,"2024-11-14",0,"fall",238,118,97,21,0,0,0,0,97,21,120,0,0,0,0,NA,NA,NA,NA,0,1,1,343.100313672319,0,0,0,0,676.028987094297,274.480250937855,0,0,0,0,98.1614096202601,372.641660558115,0,0,0,0.263420384809474,0.736579615190526,1019.12930076662,0,0,0,0.663339761290123,0.336660238709877,NA,NA,NA,NA,NA,0,0,0,0.336660238709877,0.663339761290123
2024,47,11,"2024-11-21",0,"fall",174,33,30,3,0,0,0,0,30,3,141,0,0,0,0,NA,NA,NA,NA,0,1,1,403.142868564974,0,0,0,0,202.215943747656,137.240125468927,0,0,0,0,24.2120010630242,161.452126531952,0,0,0,0.149963965065722,0.850036034934278,605.35881231263,0,0,0,0.334043115644319,0.665956884355681,NA,NA,NA,NA,NA,0,0,0,0.665956884355681,0.334043115644319
2024,48,11,"2024-11-28",0,"fall",111,15,15,0,0,0,0,0,15,0,96,0,0,0,0,NA,NA,NA,NA,0,3,3,274.480250937855,0,0,0,0,98.1614096202601,200.141849642186,0,0,0,0,4.57971913897218,204.721568781158,0,0,0,0.0223704769665368,0.977629523033463,372.641660558115,0,0,0,0.263420384809474,0.736579615190526,NA,NA,NA,NA,NA,0,0,0,2.20973884557158,0.790261154428422
2024,49,12,"2024-12-05",0,"fall",51,3,4,-1,0,0,0,0,4,-1,48,0,0,0,0,NA,NA,NA,NA,0,2,2,137.240125468927,0,0,0,0,24.2120010630242,NA,NA,NA,NA,NA,NA,NA,NA,NA,NA,NA,NA,161.452126531952,0,0,0,0.149963965065722,0.850036034934278,NA,NA,NA,NA,NA,0,0,0,1.70007206986856,0.299927930131445
2024,50,12,"2024-12-12",0,"fall",70,0,1,-1,0,0,0,0,1,-1,70,0,0,0,0,NA,NA,NA,NA,0,3,3,200.141849642186,0,0,0,0,4.57971913897218,NA,NA,NA,NA,NA,NA,NA,NA,NA,NA,NA,NA,204.721568781158,0,0,0,0.0223704769665368,0.977629523033463,NA,NA,NA,NA,NA,0,0,0,2.93288856910039,0.0671114308996105
