year,bts_apex_pred_biom,bts_motile_epi_biom,ssl_seak_pup_pred,ssl_seak_np_pred,pti_lat,pti_lon,sb_repsuc_comu_laz,sb_repsuc_tbmu_laz,sb_repsuc_ftsp_laz,sb_repsuc_lsp_laz,secm_mesozoop_dens,secm_cop_comm_size,secm_lg_cal_cop_dens,secm_sm_cal_cop_dens,secm_euph_dens,secm_hyp_amph,secm_gast_dens,chla_biom,chla_peak,secm_pink_cpue,secm_chum_cpue,secm_sock_cpue,secm_coho_cpue,secm_chin_cpue,sst_egoa_coastwatch_junjulaug,stka_herr_matbiom,crg_herr_matbiom,bts_egoa_temp_sum_1to5m,bts_egoa_temp_sum_195to205m,ll_egoa_temp_sum_246to255m,secm_temp_sum_10m,pdo_djf,enso_dj,eke_rega_djf,eke_rega_mam,eke_rega_jja,eke_regb_djf,eke_regb_mam,eke_regb_jja,sbrd_meanhatch_comu_laz,sbrd_meanhatch_tbmu_laz,sbrd_meanhatch_rhau_laz,sbrd_meanhatch_ftsp_laz,sbrd_meanhatch_lhsp_laz,sbrd_meanhatch_gwgu_laz,se_co,se_pi,akclim_goa_n57w137,akclim_goa_n54w134,se_her_roe,akclim_goa_egoa_win_sst,akclim_goa_egoa_spr_sst,bts_pcod,bts_wpol,bts_atf,bts_hal,bts_fsol,bts_rxsol,bts_sblf,bts_sthrny,bts_pop,bts_rocksol,bts_nrcksol,bts_dsol,bts_esol,bts_btrsol,bts_akpl,bts_stflnd,bts_dpssol,bts_sandsol,bts_rerock,bts_nrock,bts_dusky,bts_shrpchrock,bts_shrtrkrrock,bts_sgrock,bts_rbndrock,bts_hlqnrock,bts_yerock,bts_atka,bts_bgskat,gb_hump_crud_br_ja,ssl_west_pup_pred,ssl_west_np_pred,ssl_east_pup_pred,ssl_east_np_pred,ssl_cent_pup_pred,ssl_cent_np_pred,sb_repsuc_comu_chow,sb_repsuc_tbmu_chow,sb_repsuc_hpuff_chow,sb_repsuc_tpuf_chow,sb_repsuc_blk_chow,sb_repsuc_pauk_chow,sb_repsuc_tpuf_amat,sb_repsuc_blk_amat,sb_repsuc_ftsp_amat,foci_ich_ammper,foci_ich_athsto,foci_ich_batspp,foci_ich_gadcha,foci_ich_gadmac,foci_ich_hipela,foci_ich_hipste,foci_ich_lepbil,foci_ich_leppol,foci_ich_plaste,foci_ich_sebspp,foci_ich_steleu,shel_aprmay_winddir,mid_il_capelin,sst_wgoa_coastwatch_junjulaug,bts_wgoa_temp_sum_1to5m,bts_wgoa_temp_sum_195to205m,ll_wgoa_temp_sum_246to255m,swln_temp_fall_0to10m,swln_temp_spr_0to10m,swln_temp_fall_176to226m,swln_temp_spr_176to226m,adfg_lmesh_temp_summ_bttm,swdln_sm_cal_cop_spr,swdln_sm_cal_cop_fll,swdln_lg_cal_cop_spr,swdln_lg_cal_cop_fll,swdln_cop_cmmty_sz_spr,eke_regc_djf,eke_regc_mam,eke_regc_jja,eke_regd_djf,eke_regd_mam,eke_regd_jja,sb_meanhatch_comu_chow,sb_meanhatch_tbmu_chow,sb_meanhatch_paau_chow,sb_meanhatch_hopu_chow,sb_meanhatch_tupu_chow,sb_meanhatch_tupu_chow_1,sb_meanhatch_gwgu_chow,sb_meanhatch_comu_eamt,sb_meanhatch_blkw_eamt,pav_shrimp_cpue,pav_capelin_cpue,pav_eulachon_cpue,pav_p_cod_cpue,pav_pollock_cpue,pav_jelly_cpue,chi_shrimp_cpue,chi_dogfish_cpue,chi_eulachon_cpue,chi_p_cod_cpue,chi_pollock_cpue,chi_jelly_cpue,pws_co,pws_pi,kod_co,kod_pi,ci_co,ci_pi,ch_co,ch_pi,sp_co,akclim_goa_n60w149,akclim_goa_n60w146,akclim_goa_wgoa_win_sst,akclim_goa_wgoa_spr_sst,akclim_gak1_salinity20m_fma,bts_sndsol,npi
1902,NA,NA,NA,NA,58.169,145.246,NA,NA,NA,NA,NA,NA,NA,NA,NA,NA,NA,NA,NA,NA,NA,NA,NA,NA,NA,NA,NA,NA,NA,NA,NA,NA,NA,NA,NA,NA,NA,NA,NA,NA,NA,NA,NA,NA,NA,13.39020492,15.52543577,NA,NA,NA,-0.552628289,-0.22462743,NA,NA,NA,NA,NA,NA,NA,NA,NA,NA,NA,NA,NA,NA,NA,NA,NA,NA,NA,NA,NA,NA,NA,NA,NA,NA,NA,NA,NA,NA,NA,NA,NA,NA,NA,NA,NA,NA,NA,NA,NA,NA,NA,NA,NA,NA,NA,NA,NA,NA,NA,NA,NA,NA,NA,NA,NA,NA,NA,NA,NA,NA,NA,NA,NA,NA,NA,NA,NA,NA,NA,NA,NA,NA,NA,NA,NA,NA,NA,NA,NA,NA,NA,NA,NA,NA,NA,NA,NA,NA,NA,NA,NA,NA,NA,NA,NA,NA,NA,NA,NA,NA,NA,NA,NA,NA,NA,NA,NA,NA,NA,-1.016520199,-0.280361188,NA,NA,NA
1903,NA,NA,NA,NA,49.512,132.481,NA,NA,NA,NA,NA,NA,NA,NA,NA,NA,NA,NA,NA,NA,NA,NA,NA,NA,NA,NA,NA,NA,NA,NA,NA,NA,NA,NA,NA,NA,NA,NA,NA,NA,NA,NA,NA,NA,NA,13.15745442,15.45996961,NA,NA,NA,0.376516291,-0.862335496,NA,NA,NA,NA,NA,NA,NA,NA,NA,NA,NA,NA,NA,NA,NA,NA,NA,NA,NA,NA,NA,NA,NA,NA,NA,NA,NA,NA,NA,NA,NA,NA,NA,NA,NA,NA,NA,NA,NA,NA,NA,NA,NA,NA,NA,NA,NA,NA,NA,NA,NA,NA,NA,NA,NA,NA,NA,NA,NA,NA,NA,NA,NA,NA,NA,NA,NA,NA,NA,NA,NA,NA,NA,NA,NA,NA,NA,NA,NA,NA,NA,NA,NA,NA,NA,NA,NA,NA,NA,NA,NA,NA,NA,NA,NA,NA,NA,NA,NA,NA,NA,NA,NA,NA,NA,NA,NA,NA,NA,NA,NA,0.979154307,-1.279903438,NA,NA,NA
1904,NA,NA,NA,NA,53.365,146.886,NA,NA,NA,NA,NA,NA,NA,NA,NA,NA,NA,NA,NA,NA,NA,NA,NA,NA,NA,NA,NA,NA,NA,NA,NA,NA,NA,NA,NA,NA,NA,NA,NA,NA,NA,NA,NA,NA,NA,12.89667158,14.93404279,NA,NA,NA,-1.659678369,-1.773022034,NA,NA,NA,NA,NA,NA,NA,NA,NA,NA,NA,NA,NA,NA,NA,NA,NA,NA,NA,NA,NA,NA,NA,NA,NA,NA,NA,NA,NA,NA,NA,NA,NA,NA,NA,NA,NA,NA,NA,NA,NA,NA,NA,NA,NA,NA,NA,NA,NA,NA,NA,NA,NA,NA,NA,NA,NA,NA,NA,NA,NA,NA,NA,NA,NA,NA,NA,NA,NA,NA,NA,NA,NA,NA,NA,NA,NA,NA,NA,NA,NA,NA,NA,NA,NA,NA,NA,NA,NA,NA,NA,NA,NA,NA,NA,NA,NA,NA,NA,NA,NA,NA,NA,NA,NA,NA,NA,NA,NA,NA,NA,-1.886291317,-1.65574802,NA,NA,NA
1905,NA,NA,NA,NA,56.678,144.813,NA,NA,NA,NA,NA,NA,NA,NA,NA,NA,NA,NA,NA,NA,NA,NA,NA,NA,NA,NA,NA,NA,NA,NA,NA,NA,NA,NA,NA,NA,NA,NA,NA,NA,NA,NA,NA,NA,NA,13.39881411,15.76660368,NA,NA,NA,-0.257864953,-0.344175551,NA,NA,NA,NA,NA,NA,NA,NA,NA,NA,NA,NA,NA,NA,NA,NA,NA,NA,NA,NA,NA,NA,NA,NA,NA,NA,NA,NA,NA,NA,NA,NA,NA,NA,NA,NA,NA,NA,NA,NA,NA,NA,NA,NA,NA,NA,NA,NA,NA,NA,NA,NA,NA,NA,NA,NA,NA,NA,NA,NA,NA,NA,NA,NA,NA,NA,NA,NA,NA,NA,NA,NA,NA,NA,NA,NA,NA,NA,NA,NA,NA,NA,NA,NA,NA,NA,NA,NA,NA,NA,NA,NA,NA,NA,NA,NA,NA,NA,NA,NA,NA,NA,NA,NA,NA,NA,NA,NA,NA,NA,NA,-0.350509751,-0.588827434,NA,NA,NA
1906,NA,NA,NA,NA,54.039,144.131,NA,NA,NA,NA,NA,NA,NA,NA,NA,NA,NA,NA,NA,NA,NA,NA,NA,NA,NA,NA,NA,NA,NA,NA,NA,NA,NA,NA,NA,NA,NA,NA,NA,NA,NA,NA,NA,NA,NA,13.12764341,16.29823984,NA,NA,NA,0.106499122,0.227876215,NA,NA,NA,NA,NA,NA,NA,NA,NA,NA,NA,NA,NA,NA,NA,NA,NA,NA,NA,NA,NA,NA,NA,NA,NA,NA,NA,NA,NA,NA,NA,NA,NA,NA,NA,NA,NA,NA,NA,NA,NA,NA,NA,NA,NA,NA,NA,NA,NA,NA,NA,NA,NA,NA,NA,NA,NA,NA,NA,NA,NA,NA,NA,NA,NA,NA,NA,NA,NA,NA,NA,NA,NA,NA,NA,NA,NA,NA,NA,NA,NA,NA,NA,NA,NA,NA,NA,NA,NA,NA,NA,NA,NA,NA,NA,NA,NA,NA,NA,NA,NA,NA,NA,NA,NA,NA,NA,NA,NA,NA,NA,0.093426718,-0.344336119,NA,NA,NA
1907,NA,NA,NA,NA,51.999,140.949,NA,NA,NA,NA,NA,NA,NA,NA,NA,NA,NA,NA,NA,NA,NA,NA,NA,NA,NA,NA,NA,NA,NA,NA,NA,NA,NA,NA,NA,NA,NA,NA,NA,NA,NA,NA,NA,NA,NA,13.03432092,16.425016,NA,NA,NA,-0.971323681,-1.669828145,NA,NA,NA,NA,NA,NA,NA,NA,NA,NA,NA,NA,NA,NA,NA,NA,NA,NA,NA,NA,NA,NA,NA,NA,NA,NA,NA,NA,NA,NA,NA,NA,NA,NA,NA,NA,NA,NA,NA,NA,NA,NA,NA,NA,NA,NA,NA,NA,NA,NA,NA,NA,NA,NA,NA,NA,NA,NA,NA,NA,NA,NA,NA,NA,NA,NA,NA,NA,NA,NA,NA,NA,NA,NA,NA,NA,NA,NA,NA,NA,NA,NA,NA,NA,NA,NA,NA,NA,NA,NA,NA,NA,NA,NA,NA,NA,NA,NA,NA,NA,NA,NA,NA,NA,NA,NA,NA,NA,NA,NA,NA,-1.312767245,-2.45973698,NA,NA,NA
1908,NA,NA,NA,NA,57.827,143.452,NA,NA,NA,NA,NA,NA,NA,NA,NA,NA,NA,NA,NA,NA,NA,NA,NA,NA,NA,NA,NA,NA,NA,NA,NA,NA,NA,NA,NA,NA,NA,NA,NA,NA,NA,NA,NA,NA,NA,12.71402515,16.06654011,NA,NA,NA,-0.621047219,-0.454758356,NA,NA,NA,NA,NA,NA,NA,NA,NA,NA,NA,NA,NA,NA,NA,NA,NA,NA,NA,NA,NA,NA,NA,NA,NA,NA,NA,NA,NA,NA,NA,NA,NA,NA,NA,NA,NA,NA,NA,NA,NA,NA,NA,NA,NA,NA,NA,NA,NA,NA,NA,NA,NA,NA,NA,NA,NA,NA,NA,NA,NA,NA,NA,NA,NA,NA,NA,NA,NA,NA,NA,NA,NA,NA,NA,NA,NA,NA,NA,NA,NA,NA,NA,NA,NA,NA,NA,NA,NA,NA,NA,NA,NA,NA,NA,NA,NA,NA,NA,NA,NA,NA,NA,NA,NA,NA,NA,NA,NA,NA,NA,-1.224950231,-0.742566126,NA,NA,NA
1909,NA,NA,NA,NA,46.915,134.101,NA,NA,NA,NA,NA,NA,NA,NA,NA,NA,NA,NA,NA,NA,NA,NA,NA,NA,NA,NA,NA,NA,NA,NA,NA,NA,NA,NA,NA,NA,NA,NA,NA,NA,NA,NA,NA,NA,NA,13.37865694,16.05890929,NA,NA,NA,-1.709961072,-0.902273166,NA,NA,NA,NA,NA,NA,NA,NA,NA,NA,NA,NA,NA,NA,NA,NA,NA,NA,NA,NA,NA,NA,NA,NA,NA,NA,NA,NA,NA,NA,NA,NA,NA,NA,NA,NA,NA,NA,NA,NA,NA,NA,NA,NA,NA,NA,NA,NA,NA,NA,NA,NA,NA,NA,NA,NA,NA,NA,NA,NA,NA,NA,NA,NA,NA,NA,NA,NA,NA,NA,NA,NA,NA,NA,NA,NA,NA,NA,NA,NA,NA,NA,NA,NA,NA,NA,NA,NA,NA,NA,NA,NA,NA,NA,NA,NA,NA,NA,NA,NA,NA,NA,NA,NA,NA,NA,NA,NA,NA,NA,NA,-1.999227415,-0.756195115,NA,NA,NA
1910,NA,NA,NA,NA,52.456,136.113,NA,NA,NA,NA,NA,NA,NA,NA,NA,NA,NA,NA,NA,NA,NA,NA,NA,NA,NA,NA,NA,NA,NA,NA,NA,NA,NA,NA,NA,NA,NA,NA,NA,NA,NA,NA,NA,NA,NA,13.71219129,16.87931766,NA,NA,NA,-2.10309022,-1.041646859,NA,NA,NA,NA,NA,NA,NA,NA,NA,NA,NA,NA,NA,NA,NA,NA,NA,NA,NA,NA,NA,NA,NA,NA,NA,NA,NA,NA,NA,NA,NA,NA,NA,NA,NA,NA,NA,NA,NA,NA,NA,NA,NA,NA,NA,NA,NA,NA,NA,NA,NA,NA,NA,NA,NA,NA,NA,NA,NA,NA,NA,NA,NA,NA,NA,NA,NA,NA,NA,NA,NA,NA,NA,NA,NA,NA,NA,NA,NA,NA,NA,NA,NA,NA,NA,NA,NA,NA,NA,NA,NA,NA,NA,NA,NA,NA,NA,NA,NA,NA,NA,NA,NA,NA,NA,NA,NA,NA,NA,NA,NA,-1.86147303,-1.058815611,NA,NA,NA
1911,NA,NA,NA,NA,49.038,133.483,NA,NA,NA,NA,NA,NA,NA,NA,NA,NA,NA,NA,NA,NA,NA,NA,NA,NA,NA,NA,NA,NA,NA,NA,NA,NA,NA,NA,NA,NA,NA,NA,NA,NA,NA,NA,NA,NA,NA,13.91031425,16.90706161,NA,NA,NA,-2.166832283,-1.495521949,NA,NA,NA,NA,NA,NA,NA,NA,NA,NA,NA,NA,NA,NA,NA,NA,NA,NA,NA,NA,NA,NA,NA,NA,NA,NA,NA,NA,NA,NA,NA,NA,NA,NA,NA,NA,NA,NA,NA,NA,NA,NA,NA,NA,NA,NA,NA,NA,NA,NA,NA,NA,NA,NA,NA,NA,NA,NA,NA,NA,NA,NA,NA,NA,NA,NA,NA,NA,NA,NA,NA,NA,NA,NA,NA,NA,NA,NA,NA,NA,NA,NA,NA,NA,NA,NA,NA,NA,NA,NA,NA,NA,NA,NA,NA,NA,NA,NA,NA,NA,NA,NA,NA,NA,NA,NA,NA,NA,NA,NA,NA,-2.533438149,-1.109778811,NA,NA,NA
1912,NA,NA,NA,NA,59.46,140.153,NA,NA,NA,NA,NA,NA,NA,NA,NA,NA,NA,NA,NA,NA,NA,NA,NA,NA,NA,NA,NA,NA,NA,NA,NA,NA,NA,NA,NA,NA,NA,NA,NA,NA,NA,NA,NA,NA,NA,13.26592678,17.0461413,NA,NA,NA,-0.458747633,-0.018135502,NA,NA,NA,NA,NA,NA,NA,NA,NA,NA,NA,NA,NA,NA,NA,NA,NA,NA,NA,NA,NA,NA,NA,NA,NA,NA,NA,NA,NA,NA,NA,NA,NA,NA,NA,NA,NA,NA,NA,NA,NA,NA,NA,NA,NA,NA,NA,NA,NA,NA,NA,NA,NA,NA,NA,NA,NA,NA,NA,NA,NA,NA,NA,NA,NA,NA,NA,NA,NA,NA,NA,NA,NA,NA,NA,NA,NA,NA,NA,NA,NA,NA,NA,NA,NA,NA,NA,NA,NA,NA,NA,NA,NA,NA,NA,NA,NA,NA,NA,NA,NA,NA,NA,NA,NA,NA,NA,NA,NA,NA,NA,-0.411709289,0.076952013,NA,NA,NA
1913,NA,NA,NA,NA,54.058,136.932,NA,NA,NA,NA,NA,NA,NA,NA,NA,NA,NA,NA,NA,NA,NA,NA,NA,NA,NA,NA,NA,NA,NA,NA,NA,NA,NA,NA,NA,NA,NA,NA,NA,NA,NA,NA,NA,NA,NA,13.72647167,16.34661489,NA,NA,NA,0.703274077,-0.038749372,NA,NA,NA,NA,NA,NA,NA,NA,NA,NA,NA,NA,NA,NA,NA,NA,NA,NA,NA,NA,NA,NA,NA,NA,NA,NA,NA,NA,NA,NA,NA,NA,NA,NA,NA,NA,NA,NA,NA,NA,NA,NA,NA,NA,NA,NA,NA,NA,NA,NA,NA,NA,NA,NA,NA,NA,NA,NA,NA,NA,NA,NA,NA,NA,NA,NA,NA,NA,NA,NA,NA,NA,NA,NA,NA,NA,NA,NA,NA,NA,NA,NA,NA,NA,NA,NA,NA,NA,NA,NA,NA,NA,NA,NA,NA,NA,NA,NA,NA,NA,NA,NA,NA,NA,NA,NA,NA,NA,NA,NA,NA,1.305692176,0.173168414,NA,NA,NA
1914,NA,NA,NA,NA,57.095,138.387,NA,NA,NA,NA,NA,NA,NA,NA,NA,NA,NA,NA,NA,NA,NA,NA,NA,NA,NA,NA,NA,NA,NA,NA,NA,NA,NA,NA,NA,NA,NA,NA,NA,NA,NA,NA,NA,NA,NA,13.67686439,17.22835258,NA,NA,NA,-0.287758751,0.035819598,NA,NA,NA,NA,NA,NA,NA,NA,NA,NA,NA,NA,NA,NA,NA,NA,NA,NA,NA,NA,NA,NA,NA,NA,NA,NA,NA,NA,NA,NA,NA,NA,NA,NA,NA,NA,NA,NA,NA,NA,NA,NA,NA,NA,NA,NA,NA,NA,NA,NA,NA,NA,NA,NA,NA,NA,NA,NA,NA,NA,NA,NA,NA,NA,NA,NA,NA,NA,NA,NA,NA,NA,NA,NA,NA,NA,NA,NA,NA,NA,NA,NA,NA,NA,NA,NA,NA,NA,NA,NA,NA,NA,NA,NA,NA,NA,NA,NA,NA,NA,NA,NA,NA,NA,NA,NA,NA,NA,NA,NA,NA,-0.617108369,-0.317372721,NA,NA,NA
1915,NA,NA,NA,NA,52.219,135.797,NA,NA,NA,NA,NA,NA,NA,NA,NA,NA,NA,NA,NA,NA,NA,NA,NA,NA,NA,NA,NA,NA,NA,NA,NA,NA,NA,NA,NA,NA,NA,NA,NA,NA,NA,NA,NA,NA,NA,14.27773904,16.80825593,NA,NA,NA,0.507055798,0.832641659,NA,NA,NA,NA,NA,NA,NA,NA,NA,NA,NA,NA,NA,NA,NA,NA,NA,NA,NA,NA,NA,NA,NA,NA,NA,NA,NA,NA,NA,NA,NA,NA,NA,NA,NA,NA,NA,NA,NA,NA,NA,NA,NA,NA,NA,NA,NA,NA,NA,NA,NA,NA,NA,NA,NA,NA,NA,NA,NA,NA,NA,NA,NA,NA,NA,NA,NA,NA,NA,NA,NA,NA,NA,NA,NA,NA,NA,NA,NA,NA,NA,NA,NA,NA,NA,NA,NA,NA,NA,NA,NA,NA,NA,NA,NA,NA,NA,NA,NA,NA,NA,NA,NA,NA,NA,NA,NA,NA,NA,NA,NA,0.785248032,0.956837779,NA,NA,NA
1916,NA,NA,NA,NA,46.323,135.51,NA,NA,NA,NA,NA,NA,NA,NA,NA,NA,NA,NA,NA,NA,NA,NA,NA,NA,NA,NA,NA,NA,NA,NA,NA,NA,NA,NA,NA,NA,NA,NA,NA,NA,NA,NA,NA,NA,NA,14.20036267,17.51254333,NA,NA,NA,-1.377274335,-1.239607707,NA,NA,NA,NA,NA,NA,NA,NA,NA,NA,NA,NA,NA,NA,NA,NA,NA,NA,NA,NA,NA,NA,NA,NA,NA,NA,NA,NA,NA,NA,NA,NA,NA,NA,NA,NA,NA,NA,NA,NA,NA,NA,NA,NA,NA,NA,NA,NA,NA,NA,NA,NA,NA,NA,NA,NA,NA,NA,NA,NA,NA,NA,NA,NA,NA,NA,NA,NA,NA,NA,NA,NA,NA,NA,NA,NA,NA,NA,NA,NA,NA,NA,NA,NA,NA,NA,NA,NA,NA,NA,NA,NA,NA,NA,NA,NA,NA,NA,NA,NA,NA,NA,NA,NA,NA,NA,NA,NA,NA,NA,NA,-0.97331801,-1.418308766,NA,NA,NA
1917,NA,NA,NA,NA,51.281,132.902,NA,NA,NA,NA,NA,NA,NA,NA,NA,NA,NA,NA,NA,NA,NA,NA,NA,NA,NA,NA,NA,NA,NA,NA,NA,NA,NA,NA,NA,NA,NA,NA,NA,NA,NA,NA,NA,NA,NA,14.30370215,17.48642236,NA,NA,NA,-1.258237142,-1.026448818,NA,NA,NA,NA,NA,NA,NA,NA,NA,NA,NA,NA,NA,NA,NA,NA,NA,NA,NA,NA,NA,NA,NA,NA,NA,NA,NA,NA,NA,NA,NA,NA,NA,NA,NA,NA,NA,NA,NA,NA,NA,NA,NA,NA,NA,NA,NA,NA,NA,NA,NA,NA,NA,NA,NA,NA,NA,NA,NA,NA,NA,NA,NA,NA,NA,NA,NA,NA,NA,NA,NA,NA,NA,NA,NA,NA,NA,NA,NA,NA,NA,NA,NA,NA,NA,NA,NA,NA,NA,NA,NA,NA,NA,NA,NA,NA,NA,NA,NA,NA,NA,NA,NA,NA,NA,NA,NA,NA,NA,NA,NA,-0.888475832,-0.783106939,NA,NA,NA
1918,NA,NA,NA,NA,57.731,138.077,NA,NA,NA,NA,NA,NA,NA,NA,NA,NA,NA,NA,NA,NA,NA,NA,NA,NA,NA,NA,NA,NA,NA,NA,NA,NA,NA,NA,NA,NA,NA,NA,NA,NA,NA,NA,NA,NA,NA,14.40554802,17.00725738,NA,NA,NA,-1.169933209,-1.459371781,NA,NA,NA,NA,NA,NA,NA,NA,NA,NA,NA,NA,NA,NA,NA,NA,NA,NA,NA,NA,NA,NA,NA,NA,NA,NA,NA,NA,NA,NA,NA,NA,NA,NA,NA,NA,NA,NA,NA,NA,NA,NA,NA,NA,NA,NA,NA,NA,NA,NA,NA,NA,NA,NA,NA,NA,NA,NA,NA,NA,NA,NA,NA,NA,NA,NA,NA,NA,NA,NA,NA,NA,NA,NA,NA,NA,NA,NA,NA,NA,NA,NA,NA,NA,NA,NA,NA,NA,NA,NA,NA,NA,NA,NA,NA,NA,NA,NA,NA,NA,NA,NA,NA,NA,NA,NA,NA,NA,NA,NA,NA,-1.480848101,-1.020952455,NA,NA,NA
1919,NA,NA,NA,NA,57.189,137.181,NA,NA,NA,NA,NA,NA,NA,NA,NA,NA,NA,NA,NA,NA,NA,NA,NA,NA,NA,NA,NA,NA,NA,NA,NA,NA,NA,NA,NA,NA,NA,NA,NA,NA,NA,NA,NA,NA,NA,13.95357715,16.71260588,NA,NA,NA,-1.192968802,-0.898275724,NA,NA,NA,NA,NA,NA,NA,NA,NA,NA,NA,NA,NA,NA,NA,NA,NA,NA,NA,NA,NA,NA,NA,NA,NA,NA,NA,NA,NA,NA,NA,NA,NA,NA,NA,NA,NA,NA,NA,NA,NA,NA,NA,NA,NA,NA,NA,NA,NA,NA,NA,NA,NA,NA,NA,NA,NA,NA,NA,NA,NA,NA,NA,NA,NA,NA,NA,NA,NA,NA,NA,NA,NA,NA,NA,NA,NA,NA,NA,NA,NA,NA,NA,NA,NA,NA,NA,NA,NA,NA,NA,NA,NA,NA,NA,NA,NA,NA,NA,NA,NA,NA,NA,NA,NA,NA,NA,NA,NA,NA,NA,-1.709493012,-1.093455475,NA,NA,NA
1920,NA,NA,NA,NA,57.36,138.934,NA,NA,NA,NA,NA,NA,NA,NA,NA,NA,NA,NA,NA,NA,NA,NA,NA,NA,NA,NA,NA,NA,NA,NA,NA,NA,NA,NA,NA,NA,NA,NA,NA,NA,NA,NA,NA,NA,NA,13.72292257,15.86132357,NA,NA,NA,-0.493771859,-0.991728609,NA,NA,NA,NA,NA,NA,NA,NA,NA,NA,NA,NA,NA,NA,NA,NA,NA,NA,NA,NA,NA,NA,NA,NA,NA,NA,NA,NA,NA,NA,NA,NA,NA,NA,NA,NA,NA,NA,NA,NA,NA,NA,NA,NA,NA,NA,NA,NA,NA,NA,NA,NA,NA,NA,NA,NA,NA,NA,NA,NA,NA,NA,NA,NA,NA,NA,NA,NA,NA,NA,NA,NA,NA,NA,NA,NA,NA,NA,NA,NA,NA,NA,NA,NA,NA,NA,NA,NA,NA,NA,NA,NA,NA,NA,NA,NA,NA,NA,NA,NA,NA,NA,NA,NA,NA,NA,NA,NA,NA,NA,NA,-0.615104976,-0.367997911,NA,NA,NA
1921,NA,NA,NA,NA,54.908,136.628,NA,NA,NA,NA,NA,NA,NA,NA,NA,NA,NA,NA,NA,NA,NA,NA,NA,NA,NA,NA,NA,NA,NA,NA,NA,NA,NA,NA,NA,NA,NA,NA,NA,NA,NA,NA,NA,NA,NA,14.04573776,16.99364314,NA,NA,NA,-0.014636298,-0.242404389,NA,NA,NA,NA,NA,NA,NA,NA,NA,NA,NA,NA,NA,NA,NA,NA,NA,NA,NA,NA,NA,NA,NA,NA,NA,NA,NA,NA,NA,NA,NA,NA,NA,NA,NA,NA,NA,NA,NA,NA,NA,NA,NA,NA,NA,NA,NA,NA,NA,NA,NA,NA,NA,NA,NA,NA,NA,NA,NA,NA,NA,NA,NA,NA,NA,NA,NA,NA,NA,NA,NA,NA,NA,NA,NA,NA,NA,NA,NA,NA,NA,NA,NA,NA,NA,NA,NA,NA,NA,NA,NA,NA,NA,NA,NA,NA,NA,NA,NA,NA,NA,NA,NA,NA,NA,NA,NA,NA,NA,NA,NA,-0.46921984,-0.741883047,NA,NA,NA
1922,NA,NA,NA,NA,57.57,140.503,NA,NA,NA,NA,NA,NA,NA,NA,NA,NA,NA,NA,NA,NA,NA,NA,NA,NA,NA,NA,NA,NA,NA,NA,NA,NA,NA,NA,NA,NA,NA,NA,NA,NA,NA,NA,NA,NA,NA,14.10972525,17.5013667,NA,NA,NA,-0.987597812,-1.561119321,NA,NA,NA,NA,NA,NA,NA,NA,NA,NA,NA,NA,NA,NA,NA,NA,NA,NA,NA,NA,NA,NA,NA,NA,NA,NA,NA,NA,NA,NA,NA,NA,NA,NA,NA,NA,NA,NA,NA,NA,NA,NA,NA,NA,NA,NA,NA,NA,NA,NA,NA,NA,NA,NA,NA,NA,NA,NA,NA,NA,NA,NA,NA,NA,NA,NA,NA,NA,NA,NA,NA,NA,NA,NA,NA,NA,NA,NA,NA,NA,NA,NA,NA,NA,NA,NA,NA,NA,NA,NA,NA,NA,NA,NA,NA,NA,NA,NA,NA,NA,NA,NA,NA,NA,NA,NA,NA,NA,NA,NA,NA,-0.675039407,-0.582155611,NA,NA,NA
1923,NA,NA,NA,NA,54.035,136.655,NA,NA,NA,NA,NA,NA,NA,NA,NA,NA,NA,NA,NA,NA,NA,NA,NA,NA,NA,NA,NA,NA,NA,NA,NA,NA,NA,NA,NA,NA,NA,NA,NA,NA,NA,NA,NA,NA,NA,14.0101715,17.21768559,NA,NA,NA,-0.62987175,-0.330439089,NA,NA,NA,NA,NA,NA,NA,NA,NA,NA,NA,NA,NA,NA,NA,NA,NA,NA,NA,NA,NA,NA,NA,NA,NA,NA,NA,NA,NA,NA,NA,NA,NA,NA,NA,NA,NA,NA,NA,NA,NA,NA,NA,NA,NA,NA,NA,NA,NA,NA,NA,NA,NA,NA,NA,NA,NA,NA,NA,NA,NA,NA,NA,NA,NA,NA,NA,NA,NA,NA,NA,NA,NA,NA,NA,NA,NA,NA,NA,NA,NA,NA,NA,NA,NA,NA,NA,NA,NA,NA,NA,NA,NA,NA,NA,NA,NA,NA,NA,NA,NA,NA,NA,NA,NA,NA,NA,NA,NA,NA,NA,-0.053435944,-0.053367975,NA,NA,NA
1924,NA,NA,NA,NA,56.981,136.882,NA,NA,NA,NA,NA,NA,NA,NA,NA,NA,NA,NA,NA,NA,NA,NA,NA,NA,NA,NA,NA,NA,NA,NA,NA,NA,NA,NA,NA,NA,NA,NA,NA,NA,NA,NA,NA,NA,NA,14.0076694,17.15647654,NA,NA,NA,0.176782539,-0.855053543,NA,NA,NA,NA,NA,NA,NA,NA,NA,NA,NA,NA,NA,NA,NA,NA,NA,NA,NA,NA,NA,NA,NA,NA,NA,NA,NA,NA,NA,NA,NA,NA,NA,NA,NA,NA,NA,NA,NA,NA,NA,NA,NA,NA,NA,NA,NA,NA,NA,NA,NA,NA,NA,NA,NA,NA,NA,NA,NA,NA,NA,NA,NA,NA,NA,NA,NA,NA,NA,NA,NA,NA,NA,NA,NA,NA,NA,NA,NA,NA,NA,NA,NA,NA,NA,NA,NA,NA,NA,NA,NA,NA,NA,NA,NA,NA,NA,NA,NA,NA,NA,NA,NA,NA,NA,NA,NA,NA,NA,NA,NA,-0.636997214,-0.733218858,NA,NA,NA
1925,NA,NA,NA,NA,57.607,139.316,NA,NA,NA,NA,NA,NA,NA,NA,NA,NA,NA,NA,NA,NA,NA,NA,NA,NA,NA,NA,NA,NA,NA,NA,NA,NA,NA,NA,NA,NA,NA,NA,NA,NA,NA,NA,NA,NA,NA,13.98496553,17.28727152,NA,NA,NA,-0.753409567,-1.220846468,NA,NA,NA,NA,NA,NA,NA,NA,NA,NA,NA,NA,NA,NA,NA,NA,NA,NA,NA,NA,NA,NA,NA,NA,NA,NA,NA,NA,NA,NA,NA,NA,NA,NA,NA,NA,NA,NA,NA,NA,NA,NA,NA,NA,NA,NA,NA,NA,NA,NA,NA,NA,NA,NA,NA,NA,NA,NA,NA,NA,NA,NA,NA,NA,NA,NA,NA,NA,NA,NA,NA,NA,NA,NA,NA,NA,NA,NA,NA,NA,NA,NA,NA,NA,NA,NA,NA,NA,NA,NA,NA,NA,NA,NA,NA,NA,NA,NA,NA,NA,NA,NA,NA,NA,NA,NA,NA,NA,NA,NA,NA,-1.198429465,-1.670545357,NA,NA,NA
1926,NA,NA,NA,NA,59.845,142.5,NA,NA,NA,NA,NA,NA,NA,NA,NA,NA,NA,NA,NA,NA,NA,NA,NA,NA,NA,NA,NA,NA,NA,NA,NA,NA,NA,NA,NA,NA,NA,NA,NA,NA,NA,NA,NA,NA,NA,14.06590968,15.9151631,NA,NA,NA,1.712152432,1.143210026,NA,NA,NA,NA,NA,NA,NA,NA,NA,NA,NA,NA,NA,NA,NA,NA,NA,NA,NA,NA,NA,NA,NA,NA,NA,NA,NA,NA,NA,NA,NA,NA,NA,NA,NA,NA,NA,NA,NA,NA,NA,NA,NA,NA,NA,NA,NA,NA,NA,NA,NA,NA,NA,NA,NA,NA,NA,NA,NA,NA,NA,NA,NA,NA,NA,NA,NA,NA,NA,NA,NA,NA,NA,NA,NA,NA,NA,NA,NA,NA,NA,NA,NA,NA,NA,NA,NA,NA,NA,NA,NA,NA,NA,NA,NA,NA,NA,NA,NA,NA,NA,NA,NA,NA,NA,NA,NA,NA,NA,NA,NA,0.612061618,0.804033793,NA,NA,NA
1927,NA,NA,NA,NA,58.226,138.809,NA,NA,NA,NA,NA,NA,NA,NA,NA,NA,NA,NA,NA,NA,NA,NA,NA,NA,NA,NA,NA,NA,NA,NA,NA,NA,NA,NA,NA,NA,NA,NA,NA,NA,NA,NA,NA,NA,NA,14.58534559,17.40045063,NA,NA,NA,1.393830728,-0.357451918,NA,NA,NA,NA,NA,NA,NA,NA,NA,NA,NA,NA,NA,NA,NA,NA,NA,NA,NA,NA,NA,NA,NA,NA,NA,NA,NA,NA,NA,NA,NA,NA,NA,NA,NA,NA,NA,NA,NA,NA,NA,NA,NA,NA,NA,NA,NA,NA,NA,NA,NA,NA,NA,NA,NA,NA,NA,NA,NA,NA,NA,NA,NA,NA,NA,NA,NA,NA,NA,NA,NA,NA,NA,NA,NA,NA,NA,NA,NA,NA,NA,NA,NA,NA,NA,NA,NA,NA,NA,NA,NA,NA,NA,NA,NA,NA,NA,NA,NA,NA,NA,NA,NA,NA,NA,NA,NA,NA,NA,NA,NA,1.250464593,-0.478268914,NA,NA,NA
1928,NA,NA,NA,NA,59.028,138.582,NA,NA,NA,NA,NA,NA,NA,NA,NA,NA,NA,NA,NA,NA,NA,NA,NA,NA,NA,NA,NA,NA,NA,NA,NA,NA,NA,NA,NA,NA,NA,NA,NA,NA,NA,NA,NA,NA,NA,14.12918416,16.8996426,NA,NA,NA,-0.230867198,-0.231587558,NA,NA,NA,NA,NA,NA,NA,NA,NA,NA,NA,NA,NA,NA,NA,NA,NA,NA,NA,NA,NA,NA,NA,NA,NA,NA,NA,NA,NA,NA,NA,NA,NA,NA,NA,NA,NA,NA,NA,NA,NA,NA,NA,NA,NA,NA,NA,NA,NA,NA,NA,NA,NA,NA,NA,NA,NA,NA,NA,NA,NA,NA,NA,NA,NA,NA,NA,NA,NA,NA,NA,NA,NA,NA,NA,NA,NA,NA,NA,NA,NA,NA,NA,NA,NA,NA,NA,NA,NA,NA,NA,NA,NA,NA,NA,NA,NA,NA,NA,NA,NA,NA,NA,NA,NA,NA,NA,NA,NA,NA,NA,-0.477007064,-0.52086116,NA,NA,NA
1929,NA,NA,NA,NA,54.784,134.61,NA,NA,NA,NA,NA,NA,NA,NA,NA,NA,NA,NA,NA,NA,NA,NA,NA,NA,NA,NA,NA,NA,NA,NA,NA,NA,NA,NA,NA,NA,NA,NA,NA,NA,NA,NA,NA,NA,NA,14.50791146,17.58788597,NA,NA,NA,0.321277981,0.128718016,NA,NA,NA,NA,NA,NA,NA,NA,NA,NA,NA,NA,NA,NA,NA,NA,NA,NA,NA,NA,NA,NA,NA,NA,NA,NA,NA,NA,NA,NA,NA,NA,NA,NA,NA,NA,NA,NA,NA,NA,NA,NA,NA,NA,NA,NA,NA,NA,NA,NA,NA,NA,NA,NA,NA,NA,NA,NA,NA,NA,NA,NA,NA,NA,NA,NA,NA,NA,NA,NA,NA,NA,NA,NA,NA,NA,NA,NA,NA,NA,NA,NA,NA,NA,NA,NA,NA,NA,NA,NA,NA,NA,NA,NA,NA,NA,NA,NA,NA,NA,NA,NA,NA,NA,NA,NA,NA,NA,NA,NA,NA,0.542803871,0.247682593,NA,NA,NA
1930,NA,NA,NA,NA,52.882,138.327,NA,NA,NA,NA,NA,NA,NA,NA,NA,NA,NA,NA,NA,NA,NA,NA,NA,NA,NA,NA,NA,NA,NA,NA,NA,NA,NA,NA,NA,NA,NA,NA,NA,NA,NA,NA,NA,NA,NA,13.95709692,17.12032666,NA,NA,NA,0.381585516,-0.039955835,NA,NA,NA,NA,NA,NA,NA,NA,NA,NA,NA,NA,NA,NA,NA,NA,NA,NA,NA,NA,NA,NA,NA,NA,NA,NA,NA,NA,NA,NA,NA,NA,NA,NA,NA,NA,NA,NA,NA,NA,NA,NA,NA,NA,NA,NA,NA,NA,NA,NA,NA,NA,NA,NA,NA,NA,NA,NA,NA,NA,NA,NA,NA,NA,NA,NA,NA,NA,NA,NA,NA,NA,NA,NA,NA,NA,NA,NA,NA,NA,NA,NA,NA,NA,NA,NA,NA,NA,NA,NA,NA,NA,NA,NA,NA,NA,NA,NA,NA,NA,NA,NA,NA,NA,NA,NA,NA,NA,NA,NA,NA,0.304926133,-0.492847567,NA,NA,NA
1931,NA,NA,NA,NA,59.664,140.972,NA,NA,NA,NA,NA,NA,NA,NA,NA,NA,NA,NA,NA,NA,NA,NA,NA,NA,NA,NA,NA,NA,NA,NA,NA,NA,NA,NA,NA,NA,NA,NA,NA,NA,NA,NA,NA,NA,NA,14.1443876,16.93370827,NA,NA,NA,0.830799767,-0.043672261,NA,NA,NA,NA,NA,NA,NA,NA,NA,NA,NA,NA,NA,NA,NA,NA,NA,NA,NA,NA,NA,NA,NA,NA,NA,NA,NA,NA,NA,NA,NA,NA,NA,NA,NA,NA,NA,NA,NA,NA,NA,NA,NA,NA,NA,NA,NA,NA,NA,NA,NA,NA,NA,NA,NA,NA,NA,NA,NA,NA,NA,NA,NA,NA,NA,NA,NA,NA,NA,NA,NA,NA,NA,NA,NA,NA,NA,NA,NA,NA,NA,NA,NA,NA,NA,NA,NA,NA,NA,NA,NA,NA,NA,NA,NA,NA,NA,NA,NA,NA,NA,NA,NA,NA,NA,NA,NA,NA,NA,NA,NA,-0.055470346,-0.753774287,NA,NA,NA
1932,NA,NA,NA,NA,46.419,129.749,NA,NA,NA,NA,NA,NA,NA,NA,NA,NA,NA,NA,NA,NA,NA,NA,NA,NA,NA,NA,NA,NA,NA,NA,NA,NA,NA,NA,NA,NA,NA,NA,NA,NA,NA,NA,NA,NA,NA,14.01688446,17.06523352,NA,NA,NA,-0.25545404,-0.161337086,NA,NA,NA,NA,NA,NA,NA,NA,NA,NA,NA,NA,NA,NA,NA,NA,NA,NA,NA,NA,NA,NA,NA,NA,NA,NA,NA,NA,NA,NA,NA,NA,NA,NA,NA,NA,NA,NA,NA,NA,NA,NA,NA,NA,NA,NA,NA,NA,NA,NA,NA,NA,NA,NA,NA,NA,NA,NA,NA,NA,NA,NA,NA,NA,NA,NA,NA,NA,NA,NA,NA,NA,NA,NA,NA,NA,NA,NA,NA,NA,NA,NA,NA,NA,NA,NA,NA,NA,NA,NA,NA,NA,NA,NA,NA,NA,NA,NA,NA,NA,NA,NA,NA,NA,NA,NA,NA,NA,NA,NA,NA,-0.249198722,-0.14495709,NA,NA,NA
1933,NA,NA,NA,NA,51.045,131.086,NA,NA,NA,NA,NA,NA,NA,NA,NA,NA,NA,NA,NA,NA,NA,NA,NA,NA,NA,NA,NA,NA,NA,NA,NA,NA,NA,NA,NA,NA,NA,NA,NA,NA,NA,NA,NA,NA,NA,14.4864198,17.73406997,NA,NA,NA,0.363559285,-0.235712078,NA,NA,NA,NA,NA,NA,NA,NA,NA,NA,NA,NA,NA,NA,NA,NA,NA,NA,NA,NA,NA,NA,NA,NA,NA,NA,NA,NA,NA,NA,NA,NA,NA,NA,NA,NA,NA,NA,NA,NA,NA,NA,NA,NA,NA,NA,NA,NA,NA,NA,NA,NA,NA,NA,NA,NA,NA,NA,NA,NA,NA,NA,NA,NA,NA,NA,NA,NA,NA,NA,NA,NA,NA,NA,NA,NA,NA,NA,NA,NA,NA,NA,NA,NA,NA,NA,NA,NA,NA,NA,NA,NA,NA,NA,NA,NA,NA,NA,NA,NA,NA,NA,NA,NA,NA,NA,NA,NA,NA,NA,NA,0.232798089,-0.255718209,NA,NA,NA
1934,NA,NA,NA,NA,54.02,136.932,NA,NA,NA,NA,NA,NA,NA,NA,NA,NA,NA,NA,NA,NA,NA,NA,NA,NA,NA,NA,NA,NA,NA,NA,NA,NA,NA,NA,NA,NA,NA,NA,NA,NA,NA,NA,NA,NA,NA,14.38062833,17.22492763,NA,NA,NA,0.595232613,0.579273964,NA,NA,NA,NA,NA,NA,NA,NA,NA,NA,NA,NA,NA,NA,NA,NA,NA,NA,NA,NA,NA,NA,NA,NA,NA,NA,NA,NA,NA,NA,NA,NA,NA,NA,NA,NA,NA,NA,NA,NA,NA,NA,NA,NA,NA,NA,NA,NA,NA,NA,NA,NA,NA,NA,NA,NA,NA,NA,NA,NA,NA,NA,NA,NA,NA,NA,NA,NA,NA,NA,NA,NA,NA,NA,NA,NA,NA,NA,NA,NA,NA,NA,NA,NA,NA,NA,NA,NA,NA,NA,NA,NA,NA,NA,NA,NA,NA,NA,NA,NA,NA,NA,NA,NA,NA,NA,NA,NA,NA,NA,NA,-0.388690113,-0.507511665,NA,NA,NA
1935,NA,NA,NA,NA,54.807,137.775,NA,NA,NA,NA,NA,NA,NA,NA,NA,NA,NA,NA,NA,NA,NA,NA,NA,NA,NA,NA,NA,NA,NA,NA,NA,NA,NA,NA,NA,NA,NA,NA,NA,NA,NA,NA,NA,NA,NA,14.40319388,17.74237071,NA,NA,NA,0.220291397,-0.039364599,NA,NA,NA,NA,NA,NA,NA,NA,NA,NA,NA,NA,NA,NA,NA,NA,NA,NA,NA,NA,NA,NA,NA,NA,NA,NA,NA,NA,NA,NA,NA,NA,NA,NA,NA,NA,NA,NA,NA,NA,NA,NA,NA,NA,NA,NA,NA,NA,NA,NA,NA,NA,NA,NA,NA,NA,NA,NA,NA,NA,NA,NA,NA,NA,NA,NA,NA,NA,NA,NA,NA,NA,NA,NA,NA,NA,NA,NA,NA,NA,NA,NA,NA,NA,NA,NA,NA,NA,NA,NA,NA,NA,NA,NA,NA,NA,NA,NA,NA,NA,NA,NA,NA,NA,NA,NA,NA,NA,NA,NA,NA,0.150377494,0.176100403,NA,NA,NA
1936,NA,NA,NA,NA,59.285,145.104,NA,NA,NA,NA,NA,NA,NA,NA,NA,NA,NA,NA,NA,NA,NA,NA,NA,NA,NA,NA,NA,NA,NA,NA,NA,NA,NA,NA,NA,NA,NA,NA,NA,NA,NA,NA,NA,NA,NA,14.15180778,17.3756013,NA,NA,NA,0.68333637,1.106298726,NA,NA,NA,NA,NA,NA,NA,NA,NA,NA,NA,NA,NA,NA,NA,NA,NA,NA,NA,NA,NA,NA,NA,NA,NA,NA,NA,NA,NA,NA,NA,NA,NA,NA,NA,NA,NA,NA,NA,NA,NA,NA,NA,NA,NA,NA,NA,NA,NA,NA,NA,NA,NA,NA,NA,NA,NA,NA,NA,NA,NA,NA,NA,NA,NA,NA,NA,NA,NA,NA,NA,NA,NA,NA,NA,NA,NA,NA,NA,NA,NA,NA,NA,NA,NA,NA,NA,NA,NA,NA,NA,NA,NA,NA,NA,NA,NA,NA,NA,NA,NA,NA,NA,NA,NA,NA,NA,NA,NA,NA,NA,1.046657708,0.900251109,NA,NA,NA
1937,NA,NA,NA,NA,45.925,133.096,NA,NA,NA,NA,NA,NA,NA,NA,NA,NA,NA,NA,NA,NA,NA,NA,NA,NA,NA,NA,NA,NA,NA,NA,NA,NA,NA,NA,NA,NA,NA,NA,NA,NA,NA,NA,NA,NA,NA,14.6037979,17.22627011,NA,NA,NA,0.448412633,0.368772662,NA,NA,NA,NA,NA,NA,NA,NA,NA,NA,NA,NA,NA,NA,NA,NA,NA,NA,NA,NA,NA,NA,NA,NA,NA,NA,NA,NA,NA,NA,NA,NA,NA,NA,NA,NA,NA,NA,NA,NA,NA,NA,NA,NA,NA,NA,NA,NA,NA,NA,NA,NA,NA,NA,NA,NA,NA,NA,NA,NA,NA,NA,NA,NA,NA,NA,NA,NA,NA,NA,NA,NA,NA,NA,NA,NA,NA,NA,NA,NA,NA,NA,NA,NA,NA,NA,NA,NA,NA,NA,NA,NA,NA,NA,NA,NA,NA,NA,NA,NA,NA,NA,NA,NA,NA,NA,NA,NA,NA,NA,NA,0.962070344,0.526268422,NA,NA,NA
1938,NA,NA,NA,NA,58.009,140.225,NA,NA,NA,NA,NA,NA,NA,NA,NA,NA,NA,NA,NA,NA,NA,NA,NA,NA,NA,NA,NA,NA,NA,NA,NA,NA,NA,NA,NA,NA,NA,NA,NA,NA,NA,NA,NA,NA,NA,13.93078734,16.98191163,NA,NA,NA,0.558699721,0.286187723,NA,NA,NA,NA,NA,NA,NA,NA,NA,NA,NA,NA,NA,NA,NA,NA,NA,NA,NA,NA,NA,NA,NA,NA,NA,NA,NA,NA,NA,NA,NA,NA,NA,NA,NA,NA,NA,NA,NA,NA,NA,NA,NA,NA,NA,NA,NA,NA,NA,NA,NA,NA,NA,NA,NA,NA,NA,NA,NA,NA,NA,NA,NA,NA,NA,NA,NA,NA,NA,NA,NA,NA,NA,NA,NA,NA,NA,NA,NA,NA,NA,NA,NA,NA,NA,NA,NA,NA,NA,NA,NA,NA,NA,NA,NA,NA,NA,NA,NA,NA,NA,NA,NA,NA,NA,NA,NA,NA,NA,NA,NA,-0.445363878,-0.649302737,NA,NA,NA
1939,NA,NA,NA,NA,53.832,134.34,NA,NA,NA,NA,NA,NA,NA,NA,NA,NA,NA,NA,NA,NA,NA,NA,NA,NA,NA,NA,NA,NA,NA,NA,NA,NA,NA,NA,NA,NA,NA,NA,NA,NA,NA,NA,NA,NA,NA,14.42435723,17.18603197,NA,NA,NA,0.034075999,-0.360321225,NA,NA,NA,NA,NA,NA,NA,NA,NA,NA,NA,NA,NA,NA,NA,NA,NA,NA,NA,NA,NA,NA,NA,NA,NA,NA,NA,NA,NA,NA,NA,NA,NA,NA,NA,NA,NA,NA,NA,NA,NA,NA,NA,NA,NA,NA,NA,NA,NA,NA,NA,NA,NA,NA,NA,NA,NA,NA,NA,NA,NA,NA,NA,NA,NA,NA,NA,NA,NA,NA,NA,NA,NA,NA,NA,NA,NA,NA,NA,NA,NA,NA,NA,NA,NA,NA,NA,NA,NA,NA,NA,NA,NA,NA,NA,NA,NA,NA,NA,NA,NA,NA,NA,NA,NA,NA,NA,NA,NA,NA,NA,-0.554360479,-0.634456699,NA,NA,NA
1940,NA,NA,NA,NA,58.905,148.872,NA,NA,NA,NA,NA,NA,NA,NA,NA,NA,NA,NA,NA,NA,NA,NA,NA,NA,NA,NA,NA,NA,NA,NA,NA,NA,NA,NA,NA,NA,NA,NA,NA,NA,NA,NA,NA,NA,NA,14.73781119,17.91087483,NA,NA,NA,0.816844252,1.464027982,NA,NA,NA,NA,NA,NA,NA,NA,NA,NA,NA,NA,NA,NA,NA,NA,NA,NA,NA,NA,NA,NA,NA,NA,NA,NA,NA,NA,NA,NA,NA,NA,NA,NA,NA,NA,NA,NA,NA,NA,NA,NA,NA,NA,NA,NA,NA,NA,NA,NA,NA,NA,NA,NA,NA,NA,NA,NA,NA,NA,NA,NA,NA,NA,NA,NA,NA,NA,NA,NA,NA,NA,NA,NA,NA,NA,NA,NA,NA,NA,NA,NA,NA,NA,NA,NA,NA,NA,NA,NA,NA,NA,NA,NA,NA,NA,NA,NA,NA,NA,NA,NA,NA,NA,NA,NA,NA,NA,NA,NA,NA,-0.379797218,0.874917049,NA,NA,NA
1941,NA,NA,NA,NA,59.586,148.513,NA,NA,NA,NA,NA,NA,NA,NA,NA,NA,NA,NA,NA,NA,NA,NA,NA,NA,NA,NA,NA,NA,NA,NA,NA,NA,NA,NA,NA,NA,NA,NA,NA,NA,NA,NA,NA,NA,NA,14.6090025,17.31586529,NA,NA,NA,2.023099707,1.864689029,NA,NA,NA,NA,NA,NA,NA,NA,NA,NA,NA,NA,NA,NA,NA,NA,NA,NA,NA,NA,NA,NA,NA,NA,NA,NA,NA,NA,NA,NA,NA,NA,NA,NA,NA,NA,NA,NA,NA,NA,NA,NA,NA,NA,NA,NA,NA,NA,NA,NA,NA,NA,NA,NA,NA,NA,NA,NA,NA,NA,NA,NA,NA,NA,NA,NA,NA,NA,NA,NA,NA,NA,NA,NA,NA,NA,NA,NA,NA,NA,NA,NA,NA,NA,NA,NA,NA,NA,NA,NA,NA,NA,NA,NA,NA,NA,NA,NA,NA,NA,NA,NA,NA,NA,NA,NA,NA,NA,NA,NA,NA,0.97213742,1.370023234,NA,NA,NA
1942,NA,NA,NA,NA,58.779,138.189,NA,NA,NA,NA,NA,NA,NA,NA,NA,NA,NA,NA,NA,NA,NA,NA,NA,NA,NA,NA,NA,NA,NA,NA,NA,NA,NA,NA,NA,NA,NA,NA,NA,NA,NA,NA,NA,NA,NA,14.3344228,16.70803295,NA,NA,NA,1.828573152,1.171907463,NA,NA,NA,NA,NA,NA,NA,NA,NA,NA,NA,NA,NA,NA,NA,NA,NA,NA,NA,NA,NA,NA,NA,NA,NA,NA,NA,NA,NA,NA,NA,NA,NA,NA,NA,NA,NA,NA,NA,NA,NA,NA,NA,NA,NA,NA,NA,NA,NA,NA,NA,NA,NA,NA,NA,NA,NA,NA,NA,NA,NA,NA,NA,NA,NA,NA,NA,NA,NA,NA,NA,NA,NA,NA,NA,NA,NA,NA,NA,NA,NA,NA,NA,NA,NA,NA,NA,NA,NA,NA,NA,NA,NA,NA,NA,NA,NA,NA,NA,NA,NA,NA,NA,NA,NA,NA,NA,NA,NA,NA,NA,1.652675218,1.454336009,NA,NA,NA
1943,NA,NA,NA,NA,52.1,135.26,NA,NA,NA,NA,NA,NA,NA,NA,NA,NA,NA,NA,NA,NA,NA,NA,NA,NA,NA,NA,NA,NA,NA,NA,NA,NA,NA,NA,NA,NA,NA,NA,NA,NA,NA,NA,NA,NA,NA,14.08263578,16.77789642,NA,NA,NA,-0.095017198,-0.36577214,NA,NA,NA,NA,NA,NA,NA,NA,NA,NA,NA,NA,NA,NA,NA,NA,NA,NA,NA,NA,NA,NA,NA,NA,NA,NA,NA,NA,NA,NA,NA,NA,NA,NA,NA,NA,NA,NA,NA,NA,NA,NA,NA,NA,NA,NA,NA,NA,NA,NA,NA,NA,NA,NA,NA,NA,NA,NA,NA,NA,NA,NA,NA,NA,NA,NA,NA,NA,NA,NA,NA,NA,NA,NA,NA,NA,NA,NA,NA,NA,NA,NA,NA,NA,NA,NA,NA,NA,NA,NA,NA,NA,NA,NA,NA,NA,NA,NA,NA,NA,NA,NA,NA,NA,NA,NA,NA,NA,NA,NA,NA,-0.450025263,-0.531823783,NA,NA,NA
1944,NA,NA,NA,NA,59.158,139.021,NA,NA,NA,NA,NA,NA,NA,NA,NA,NA,NA,NA,NA,NA,NA,NA,NA,NA,NA,NA,NA,NA,NA,NA,NA,NA,NA,NA,NA,NA,NA,NA,NA,NA,NA,NA,NA,NA,NA,14.76624755,16.89072463,NA,NA,NA,0.446518391,0.100501529,NA,NA,NA,NA,NA,NA,NA,NA,NA,NA,NA,NA,NA,NA,NA,NA,NA,NA,NA,NA,NA,NA,NA,NA,NA,NA,NA,NA,NA,NA,NA,NA,NA,NA,NA,NA,NA,NA,NA,NA,NA,NA,NA,NA,NA,NA,NA,NA,NA,NA,NA,NA,NA,NA,NA,NA,NA,NA,NA,NA,NA,NA,NA,NA,NA,NA,NA,NA,NA,NA,NA,NA,NA,NA,NA,NA,NA,NA,NA,NA,NA,NA,NA,NA,NA,NA,NA,NA,NA,NA,NA,NA,NA,NA,NA,NA,NA,NA,NA,NA,NA,NA,NA,NA,NA,NA,NA,NA,NA,NA,NA,0.258566216,-0.263460256,NA,NA,NA
1945,NA,NA,NA,NA,59.84,142.323,NA,NA,NA,NA,NA,NA,NA,NA,NA,NA,NA,NA,NA,NA,NA,NA,NA,NA,NA,NA,NA,NA,NA,NA,NA,NA,NA,NA,NA,NA,NA,NA,NA,NA,NA,NA,NA,NA,NA,14.67707009,17.0272333,NA,NA,NA,1.093046051,1.108607009,NA,NA,NA,NA,NA,NA,NA,NA,NA,NA,NA,NA,NA,NA,NA,NA,NA,NA,NA,NA,NA,NA,NA,NA,NA,NA,NA,NA,NA,NA,NA,NA,NA,NA,NA,NA,NA,NA,NA,NA,NA,NA,NA,NA,NA,NA,NA,NA,NA,NA,NA,NA,NA,NA,NA,NA,NA,NA,NA,NA,NA,NA,NA,NA,NA,NA,NA,NA,NA,NA,NA,NA,NA,NA,NA,NA,NA,NA,NA,NA,NA,NA,NA,NA,NA,NA,NA,NA,NA,NA,NA,NA,NA,NA,NA,NA,NA,NA,NA,NA,NA,NA,NA,NA,NA,NA,NA,NA,NA,NA,NA,0.779555159,1.181247894,NA,NA,NA
1946,NA,NA,NA,NA,53.898,135.794,NA,NA,NA,NA,NA,NA,NA,NA,NA,NA,NA,NA,NA,NA,NA,NA,NA,NA,NA,NA,NA,NA,NA,NA,NA,NA,NA,NA,NA,NA,NA,NA,NA,NA,NA,NA,NA,NA,NA,14.25123325,16.45753235,NA,NA,NA,-0.564516522,0.544940768,NA,NA,NA,NA,NA,NA,NA,NA,NA,NA,NA,NA,NA,NA,NA,NA,NA,NA,NA,NA,NA,NA,NA,NA,NA,NA,NA,NA,NA,NA,NA,NA,NA,NA,NA,NA,NA,NA,NA,NA,NA,NA,NA,NA,NA,NA,NA,NA,NA,NA,NA,NA,NA,NA,NA,NA,NA,NA,NA,NA,NA,NA,NA,NA,NA,NA,NA,NA,NA,NA,NA,NA,NA,NA,NA,NA,NA,NA,NA,NA,NA,NA,NA,NA,NA,NA,NA,NA,NA,NA,NA,NA,NA,NA,NA,NA,NA,NA,NA,NA,NA,NA,NA,NA,NA,NA,NA,NA,NA,NA,NA,-0.215397404,2.0043789,NA,NA,NA
1947,NA,NA,NA,NA,51.826,135.17,NA,NA,NA,NA,NA,NA,NA,NA,NA,NA,NA,NA,NA,NA,NA,NA,NA,NA,NA,NA,NA,NA,NA,NA,NA,NA,NA,NA,NA,NA,NA,NA,NA,NA,NA,NA,NA,NA,NA,14.57904817,16.47943115,NA,NA,NA,-0.611457002,-0.278657173,NA,NA,NA,NA,NA,NA,NA,NA,NA,NA,NA,NA,NA,NA,NA,NA,NA,NA,NA,NA,NA,NA,NA,NA,NA,NA,NA,NA,NA,NA,NA,NA,NA,NA,NA,NA,NA,NA,NA,NA,NA,NA,NA,NA,NA,NA,NA,NA,NA,NA,NA,NA,NA,NA,NA,NA,NA,NA,NA,NA,NA,NA,NA,NA,NA,NA,NA,NA,NA,NA,NA,NA,NA,NA,NA,NA,NA,NA,NA,NA,NA,NA,NA,NA,NA,NA,NA,NA,NA,NA,NA,NA,NA,NA,NA,NA,NA,NA,NA,NA,NA,NA,NA,NA,NA,NA,NA,NA,NA,NA,NA,-0.510830838,-0.809876064,NA,NA,NA
1948,NA,NA,NA,NA,57.11,137.939,NA,NA,NA,NA,NA,NA,NA,NA,NA,NA,NA,NA,NA,NA,NA,NA,NA,NA,NA,NA,NA,NA,NA,NA,NA,NA,NA,NA,NA,NA,NA,NA,NA,NA,NA,NA,NA,NA,NA,14.63963819,17.59789577,NA,NA,NA,-1.270915844,-0.339776796,NA,NA,NA,NA,NA,NA,NA,NA,NA,NA,NA,NA,NA,NA,NA,NA,NA,NA,NA,NA,NA,NA,NA,NA,NA,NA,NA,NA,NA,NA,NA,NA,NA,NA,NA,NA,NA,NA,NA,NA,NA,NA,NA,NA,NA,NA,NA,NA,NA,NA,NA,NA,NA,NA,NA,NA,NA,NA,NA,NA,NA,NA,NA,NA,NA,NA,NA,NA,NA,NA,NA,NA,NA,NA,NA,NA,NA,NA,NA,NA,NA,NA,NA,NA,NA,NA,NA,NA,NA,NA,NA,NA,NA,NA,NA,NA,NA,NA,NA,NA,NA,NA,NA,NA,NA,NA,NA,NA,NA,NA,NA,-1.171128969,-0.205219486,NA,NA,NA
1949,NA,NA,NA,NA,47.41,130.657,NA,NA,NA,NA,NA,NA,NA,NA,NA,NA,NA,NA,NA,NA,NA,NA,NA,NA,NA,NA,NA,NA,NA,NA,NA,NA,NA,NA,NA,NA,NA,NA,NA,NA,NA,NA,NA,NA,NA,14.31744033,16.05875162,NA,NA,NA,-1.776684895,-0.886067474,NA,NA,NA,NA,NA,NA,NA,NA,NA,NA,NA,NA,NA,NA,NA,NA,NA,NA,NA,NA,NA,NA,NA,NA,NA,NA,NA,NA,NA,NA,NA,NA,NA,NA,NA,NA,NA,NA,NA,NA,NA,NA,NA,NA,NA,NA,NA,NA,NA,NA,NA,NA,NA,NA,NA,NA,NA,NA,NA,NA,NA,NA,NA,NA,NA,NA,NA,NA,NA,NA,NA,NA,NA,NA,NA,NA,NA,NA,NA,NA,NA,NA,NA,NA,NA,NA,NA,NA,NA,NA,NA,NA,NA,NA,NA,NA,NA,NA,NA,NA,NA,NA,NA,NA,NA,NA,NA,NA,NA,NA,NA,-1.271443917,-0.810056162,NA,NA,NA
1950,NA,NA,NA,NA,47.777,135.879,NA,NA,NA,NA,NA,NA,NA,NA,NA,NA,NA,NA,NA,NA,NA,NA,NA,NA,NA,NA,NA,NA,NA,NA,NA,NA,NA,NA,NA,NA,NA,NA,NA,NA,NA,NA,NA,NA,NA,15.01252733,16.91650847,NA,NA,NA,-0.530585639,-1.204918572,NA,NA,NA,NA,NA,NA,NA,NA,NA,NA,NA,NA,NA,NA,NA,NA,NA,NA,NA,NA,NA,NA,NA,NA,NA,NA,NA,NA,NA,NA,NA,NA,NA,NA,NA,NA,NA,NA,NA,NA,NA,NA,NA,NA,NA,NA,NA,NA,NA,NA,NA,NA,NA,NA,NA,NA,NA,NA,NA,NA,NA,NA,NA,NA,NA,NA,NA,NA,NA,NA,NA,NA,NA,NA,NA,NA,NA,NA,NA,NA,NA,NA,NA,NA,NA,NA,NA,NA,NA,NA,NA,NA,NA,NA,NA,NA,NA,NA,NA,NA,NA,NA,NA,NA,NA,NA,NA,NA,NA,NA,NA,-0.265501167,-0.495628109,NA,NA,1010.39
1951,NA,NA,NA,NA,53.313,137.206,NA,NA,NA,NA,NA,NA,NA,NA,NA,NA,NA,NA,NA,NA,NA,NA,NA,NA,NA,NA,NA,NA,NA,NA,NA,NA,NA,NA,NA,NA,NA,NA,NA,NA,NA,NA,NA,NA,NA,14.37155082,16.09816413,NA,NA,NA,-0.33927463,-0.843884703,NA,NA,NA,NA,NA,NA,NA,NA,NA,NA,NA,NA,NA,NA,NA,NA,NA,NA,NA,NA,NA,NA,NA,NA,NA,NA,NA,NA,NA,NA,NA,NA,NA,NA,NA,NA,NA,NA,NA,NA,NA,NA,NA,NA,NA,NA,NA,NA,NA,NA,NA,NA,NA,NA,NA,NA,NA,NA,NA,NA,NA,NA,NA,NA,NA,NA,NA,NA,NA,NA,NA,NA,NA,NA,NA,NA,NA,NA,NA,NA,NA,NA,NA,NA,NA,NA,NA,NA,NA,NA,NA,NA,NA,NA,NA,NA,NA,NA,NA,NA,NA,NA,NA,NA,NA,NA,NA,NA,NA,NA,NA,-0.333491004,-0.750858771,NA,NA,1011.9
1952,NA,NA,NA,NA,49.818,132.418,NA,NA,NA,NA,NA,NA,NA,NA,NA,NA,NA,NA,NA,NA,NA,NA,NA,NA,NA,NA,NA,NA,NA,NA,NA,NA,NA,NA,NA,NA,NA,NA,NA,NA,NA,NA,NA,NA,NA,13.96701374,15.42122354,NA,NA,NA,-0.350652971,-0.524726673,NA,NA,NA,NA,NA,NA,NA,NA,NA,NA,NA,NA,NA,NA,NA,NA,NA,NA,NA,NA,NA,NA,NA,NA,NA,NA,NA,NA,NA,NA,NA,NA,NA,NA,NA,NA,NA,NA,NA,NA,NA,NA,NA,NA,NA,NA,NA,NA,NA,NA,NA,NA,NA,NA,NA,NA,NA,NA,NA,NA,NA,NA,NA,NA,NA,NA,NA,NA,NA,NA,NA,NA,NA,NA,NA,NA,NA,NA,NA,NA,NA,NA,NA,NA,NA,NA,NA,NA,NA,NA,NA,NA,NA,NA,NA,NA,NA,NA,NA,NA,NA,NA,NA,NA,NA,NA,NA,NA,NA,NA,NA,-0.287351731,-0.556922708,NA,NA,1011.09
1953,NA,NA,NA,NA,58.541,137.519,NA,NA,NA,NA,NA,NA,NA,NA,NA,NA,NA,NA,NA,NA,NA,NA,NA,NA,NA,NA,NA,NA,NA,NA,NA,NA,NA,NA,NA,NA,NA,NA,NA,NA,NA,NA,NA,NA,NA,14.3869465,16.00262666,NA,NA,NA,0.242922245,0.082652173,NA,NA,NA,NA,NA,NA,NA,NA,NA,NA,NA,NA,NA,NA,NA,NA,NA,NA,NA,NA,NA,NA,NA,NA,NA,NA,NA,NA,NA,NA,NA,NA,NA,NA,NA,NA,NA,NA,NA,NA,NA,NA,NA,NA,NA,NA,NA,NA,NA,NA,NA,NA,NA,NA,NA,NA,NA,NA,NA,NA,NA,NA,NA,NA,NA,NA,NA,NA,NA,NA,NA,NA,NA,NA,NA,NA,NA,NA,NA,NA,NA,NA,NA,NA,NA,NA,NA,NA,NA,NA,NA,NA,NA,NA,NA,NA,NA,NA,NA,NA,NA,NA,NA,NA,NA,NA,NA,NA,NA,NA,NA,-0.09147392,0.182018842,NA,NA,1007.6
1954,NA,NA,NA,NA,55.92,137.541,NA,NA,NA,NA,NA,NA,NA,NA,NA,NA,NA,NA,NA,NA,NA,NA,NA,NA,NA,NA,NA,NA,NA,NA,NA,NA,NA,NA,NA,NA,NA,NA,NA,NA,NA,NA,NA,NA,NA,14.10704371,16.04917131,NA,NA,NA,0.129496848,-0.294640468,NA,NA,NA,NA,NA,NA,NA,NA,NA,NA,NA,NA,NA,NA,NA,NA,NA,NA,NA,NA,NA,NA,NA,NA,NA,NA,NA,NA,NA,NA,NA,NA,NA,NA,NA,NA,NA,NA,NA,NA,NA,NA,NA,NA,NA,NA,NA,NA,NA,NA,NA,NA,NA,NA,NA,NA,NA,NA,NA,NA,NA,NA,NA,NA,NA,NA,NA,NA,NA,NA,NA,NA,NA,NA,NA,NA,NA,NA,NA,NA,NA,NA,NA,NA,NA,NA,NA,NA,NA,NA,NA,NA,NA,NA,NA,NA,NA,NA,NA,NA,NA,NA,NA,NA,NA,NA,NA,NA,NA,NA,NA,-0.35377042,-0.135360377,NA,NA,1009.81
1955,NA,NA,NA,NA,50.403,133.741,NA,NA,NA,NA,NA,NA,NA,NA,NA,NA,NA,NA,NA,NA,NA,NA,NA,NA,NA,NA,NA,NA,NA,NA,NA,NA,NA,NA,NA,NA,NA,NA,NA,NA,NA,NA,NA,NA,NA,13.72836426,16.43496791,NA,NA,NA,0.853460728,-0.668211545,NA,NA,NA,NA,NA,NA,NA,NA,NA,NA,NA,NA,NA,NA,NA,NA,NA,NA,NA,NA,NA,NA,NA,NA,NA,NA,NA,NA,NA,NA,NA,NA,NA,NA,NA,NA,NA,NA,NA,NA,NA,NA,NA,NA,NA,NA,NA,NA,NA,NA,NA,NA,NA,NA,NA,NA,NA,NA,NA,NA,NA,NA,NA,NA,NA,NA,NA,NA,NA,NA,NA,NA,NA,NA,NA,NA,NA,NA,NA,NA,NA,NA,NA,NA,NA,NA,NA,NA,NA,NA,NA,NA,NA,NA,NA,NA,NA,NA,NA,NA,NA,NA,NA,NA,NA,NA,NA,NA,NA,NA,NA,0.555756056,-0.266130916,NA,NA,1011.21
1956,NA,NA,NA,NA,49.452,135.353,NA,NA,NA,NA,NA,NA,NA,NA,NA,NA,NA,NA,NA,NA,NA,NA,NA,NA,NA,NA,NA,NA,NA,NA,NA,NA,NA,NA,NA,NA,NA,NA,NA,NA,NA,NA,NA,NA,NA,14.01311474,15.74091125,NA,NA,NA,-0.303046792,0.397279138,NA,NA,NA,NA,NA,NA,NA,NA,NA,NA,NA,NA,NA,NA,NA,NA,NA,NA,NA,NA,NA,NA,NA,NA,NA,NA,NA,NA,NA,NA,NA,NA,NA,NA,NA,NA,NA,NA,NA,NA,NA,NA,NA,NA,NA,NA,NA,NA,NA,NA,NA,NA,NA,NA,NA,NA,NA,NA,NA,NA,NA,NA,NA,NA,NA,NA,NA,NA,NA,NA,NA,NA,NA,NA,NA,NA,NA,NA,NA,NA,NA,NA,NA,NA,NA,NA,NA,NA,NA,NA,NA,NA,NA,NA,NA,NA,NA,NA,NA,NA,NA,NA,NA,NA,NA,NA,NA,NA,NA,NA,NA,-0.286049859,-0.003167637,NA,NA,1012.3
1957,NA,NA,NA,NA,50.996,137.717,NA,NA,NA,NA,NA,NA,NA,NA,NA,NA,NA,NA,NA,NA,NA,NA,NA,NA,NA,NA,NA,NA,NA,NA,NA,NA,NA,NA,NA,NA,NA,NA,NA,NA,NA,NA,NA,NA,NA,13.76983304,16.10175364,NA,NA,NA,-0.400375428,0.615024601,NA,NA,NA,NA,NA,NA,NA,NA,NA,NA,NA,NA,NA,NA,NA,NA,NA,NA,NA,NA,NA,NA,NA,NA,NA,NA,NA,NA,NA,NA,NA,NA,NA,NA,NA,NA,NA,NA,NA,NA,NA,NA,NA,NA,NA,NA,NA,NA,NA,NA,NA,NA,NA,NA,NA,NA,NA,NA,NA,NA,NA,NA,NA,NA,NA,NA,NA,NA,NA,NA,NA,NA,NA,NA,NA,NA,NA,NA,NA,NA,NA,NA,NA,NA,NA,NA,NA,NA,NA,NA,NA,NA,NA,NA,NA,NA,NA,NA,NA,NA,NA,NA,NA,NA,NA,NA,NA,NA,NA,NA,NA,-0.461123863,0.734218851,NA,NA,1010.31
1958,NA,NA,NA,NA,55.635,140.052,NA,NA,NA,NA,NA,NA,NA,NA,NA,NA,NA,NA,NA,NA,NA,NA,NA,NA,NA,NA,NA,NA,NA,NA,NA,NA,NA,NA,NA,NA,NA,NA,NA,NA,NA,NA,NA,NA,NA,13.83960885,15.87618955,NA,NA,NA,1.663459457,1.739510486,NA,NA,NA,NA,NA,NA,NA,NA,NA,NA,NA,NA,NA,NA,NA,NA,NA,NA,NA,NA,NA,NA,NA,NA,NA,NA,NA,NA,NA,NA,NA,NA,NA,NA,NA,NA,NA,NA,NA,NA,NA,NA,NA,NA,NA,NA,NA,NA,NA,NA,NA,NA,NA,NA,NA,NA,NA,NA,NA,NA,NA,NA,NA,NA,NA,NA,NA,NA,NA,NA,NA,NA,NA,NA,NA,NA,NA,NA,NA,NA,NA,NA,NA,NA,NA,NA,NA,NA,NA,NA,NA,NA,NA,NA,NA,NA,NA,NA,NA,NA,NA,NA,NA,NA,NA,NA,NA,NA,NA,NA,NA,1.281893673,1.21421278,NA,NA,1007.83
1959,NA,NA,NA,NA,55.613,140.192,NA,NA,NA,NA,NA,NA,NA,NA,NA,NA,NA,NA,NA,NA,NA,NA,NA,NA,NA,NA,NA,NA,NA,NA,NA,NA,NA,NA,NA,NA,NA,NA,NA,NA,NA,NA,NA,NA,NA,13.48812947,14.90911767,NA,NA,NA,0.792097119,0.758473298,NA,NA,NA,NA,NA,NA,NA,NA,NA,NA,NA,NA,NA,NA,NA,NA,NA,NA,NA,NA,NA,NA,NA,NA,NA,NA,NA,NA,NA,NA,NA,NA,NA,NA,NA,NA,NA,NA,NA,NA,NA,NA,NA,NA,NA,NA,NA,NA,NA,NA,NA,NA,NA,NA,NA,NA,NA,NA,NA,NA,NA,NA,NA,NA,NA,NA,NA,NA,NA,NA,NA,NA,NA,NA,NA,NA,NA,NA,NA,NA,NA,NA,NA,NA,NA,NA,NA,NA,NA,NA,NA,NA,NA,NA,NA,NA,NA,NA,NA,NA,NA,NA,NA,NA,NA,NA,NA,NA,NA,NA,NA,0.467256519,0.708348508,NA,NA,1010.3
1960,NA,NA,NA,NA,56.912,137.883,NA,NA,NA,NA,NA,NA,NA,NA,NA,NA,NA,NA,NA,NA,NA,NA,NA,NA,NA,NA,NA,NA,NA,NA,NA,NA,NA,NA,NA,NA,NA,NA,NA,NA,NA,NA,NA,NA,NA,13.69832484,16.35217946,NA,NA,NA,0.884072703,0.253312722,NA,NA,NA,NA,NA,NA,NA,NA,NA,NA,NA,NA,NA,NA,NA,NA,NA,NA,NA,NA,NA,NA,NA,NA,NA,NA,NA,NA,NA,NA,NA,NA,NA,NA,NA,NA,NA,NA,NA,NA,NA,NA,NA,NA,NA,NA,NA,NA,NA,NA,NA,NA,NA,NA,NA,NA,NA,NA,NA,NA,NA,NA,NA,NA,NA,NA,NA,NA,NA,NA,NA,NA,NA,NA,NA,NA,NA,NA,NA,NA,NA,NA,NA,NA,NA,NA,NA,NA,NA,NA,NA,NA,NA,NA,NA,NA,NA,NA,NA,NA,NA,NA,NA,NA,NA,NA,NA,NA,NA,NA,NA,0.438759364,0.230750685,NA,NA,1009.26
1961,NA,NA,NA,NA,59.619,144.586,NA,NA,NA,NA,NA,NA,NA,NA,NA,NA,NA,NA,NA,NA,NA,NA,NA,NA,NA,NA,NA,NA,NA,NA,NA,NA,NA,NA,NA,NA,NA,NA,NA,NA,NA,NA,NA,NA,NA,14.0164494,16.26523699,NA,NA,NA,0.632098122,0.980393822,NA,NA,NA,NA,NA,NA,NA,NA,NA,NA,NA,NA,NA,NA,NA,NA,NA,NA,NA,NA,NA,NA,NA,NA,NA,NA,NA,NA,NA,NA,NA,NA,NA,NA,NA,NA,NA,NA,NA,NA,NA,NA,NA,NA,NA,NA,NA,NA,NA,NA,NA,NA,NA,NA,NA,NA,NA,NA,NA,NA,NA,NA,NA,NA,NA,NA,NA,NA,NA,NA,NA,NA,NA,NA,NA,NA,NA,NA,NA,NA,NA,NA,NA,NA,NA,NA,NA,NA,NA,NA,NA,NA,NA,NA,NA,NA,NA,NA,NA,NA,NA,NA,NA,NA,NA,NA,NA,NA,NA,NA,NA,-0.004980182,0.868625704,NA,NA,1006.87
1962,NA,NA,NA,NA,52.124,138.332,NA,NA,NA,NA,NA,NA,NA,NA,NA,NA,NA,NA,NA,NA,NA,NA,NA,NA,NA,NA,NA,NA,NA,NA,NA,NA,NA,NA,NA,NA,NA,NA,NA,NA,NA,NA,NA,NA,NA,14.05807156,16.76756781,NA,NA,NA,0.347150831,0.538164551,NA,NA,NA,NA,NA,NA,NA,NA,NA,NA,NA,NA,NA,NA,NA,NA,NA,NA,NA,NA,NA,NA,NA,NA,NA,NA,NA,NA,NA,NA,NA,NA,NA,NA,NA,NA,NA,NA,NA,NA,NA,NA,NA,NA,NA,NA,NA,NA,NA,NA,NA,NA,NA,NA,NA,NA,NA,NA,NA,NA,NA,NA,NA,NA,NA,NA,NA,NA,NA,NA,NA,NA,NA,NA,NA,NA,NA,NA,NA,NA,NA,NA,NA,NA,NA,NA,NA,NA,NA,NA,NA,NA,NA,NA,NA,NA,NA,NA,NA,NA,NA,NA,NA,NA,NA,NA,NA,NA,NA,NA,NA,-0.169927833,0.092887702,NA,NA,1010.68
1963,NA,NA,NA,NA,58.318,141.022,NA,NA,NA,NA,NA,NA,NA,NA,NA,NA,NA,NA,NA,NA,NA,NA,NA,NA,NA,NA,NA,NA,NA,NA,NA,NA,NA,NA,NA,NA,NA,NA,NA,NA,NA,NA,NA,NA,NA,14.27792987,16.73767503,NA,NA,NA,1.21417331,1.175988485,NA,NA,NA,NA,NA,NA,NA,NA,NA,NA,NA,NA,NA,NA,NA,NA,NA,NA,NA,NA,NA,NA,NA,NA,NA,NA,NA,NA,NA,NA,NA,NA,NA,NA,NA,NA,NA,NA,NA,NA,NA,NA,NA,NA,NA,NA,NA,NA,NA,NA,NA,NA,NA,NA,NA,NA,NA,NA,NA,NA,NA,NA,NA,NA,NA,NA,NA,NA,NA,NA,NA,NA,NA,NA,NA,NA,NA,NA,NA,NA,NA,NA,NA,NA,NA,NA,NA,NA,NA,NA,NA,NA,NA,NA,NA,NA,NA,NA,NA,NA,NA,NA,NA,NA,NA,NA,NA,NA,NA,NA,NA,0.38047893,0.356809163,NA,NA,1007.47
1964,NA,NA,NA,NA,58.22,137.063,NA,NA,NA,NA,NA,NA,NA,NA,NA,NA,NA,NA,NA,NA,NA,NA,NA,NA,NA,NA,NA,NA,NA,NA,NA,NA,NA,NA,NA,NA,NA,NA,NA,NA,NA,NA,NA,NA,NA,14.25264615,16.20243083,NA,NA,NA,0.775337383,-0.549157938,NA,NA,NA,NA,NA,NA,NA,NA,NA,NA,NA,NA,NA,NA,NA,NA,NA,NA,NA,NA,NA,NA,NA,NA,NA,NA,NA,NA,NA,NA,NA,NA,NA,NA,NA,NA,NA,NA,NA,NA,NA,NA,NA,NA,NA,NA,NA,NA,NA,NA,NA,NA,NA,NA,NA,NA,NA,NA,NA,NA,NA,NA,NA,NA,NA,NA,NA,NA,NA,NA,NA,NA,NA,NA,NA,NA,NA,NA,NA,NA,NA,NA,NA,NA,NA,NA,NA,NA,NA,NA,NA,NA,NA,NA,NA,NA,NA,NA,NA,NA,NA,NA,NA,NA,NA,NA,NA,NA,NA,NA,NA,0.839989022,-0.368225999,NA,NA,1009.08
1965,NA,NA,NA,NA,50.386,131.32,NA,NA,NA,NA,NA,NA,NA,NA,NA,NA,NA,NA,NA,NA,NA,NA,NA,NA,NA,NA,NA,NA,NA,NA,NA,NA,NA,NA,NA,NA,NA,NA,NA,NA,NA,NA,NA,NA,NA,14.02033208,16.83291484,NA,NA,NA,-0.726638543,-1.047285164,NA,NA,NA,NA,NA,NA,NA,NA,NA,NA,NA,NA,NA,NA,NA,NA,NA,NA,NA,NA,NA,NA,NA,NA,NA,NA,NA,NA,NA,NA,NA,NA,NA,NA,NA,NA,NA,NA,NA,NA,NA,NA,NA,NA,NA,NA,NA,NA,NA,NA,NA,NA,NA,NA,NA,NA,NA,NA,NA,NA,NA,NA,NA,NA,NA,NA,NA,NA,NA,NA,NA,NA,NA,NA,NA,NA,NA,NA,NA,NA,NA,NA,NA,NA,NA,NA,NA,NA,NA,NA,NA,NA,NA,NA,NA,NA,NA,NA,NA,NA,NA,NA,NA,NA,NA,NA,NA,NA,NA,NA,NA,-0.725848627,-0.83350247,NA,NA,1009.89
1966,NA,NA,NA,NA,50.677,134.068,NA,NA,NA,NA,NA,NA,NA,NA,NA,NA,NA,NA,NA,NA,NA,NA,NA,NA,NA,NA,NA,NA,NA,NA,NA,NA,NA,NA,NA,NA,NA,NA,NA,NA,NA,NA,NA,NA,NA,13.67190228,14.95053578,NA,NA,NA,0.01768323,-0.43546755,NA,NA,NA,NA,NA,NA,NA,NA,NA,NA,NA,NA,NA,NA,NA,NA,NA,NA,NA,NA,NA,NA,NA,NA,NA,NA,NA,NA,NA,NA,NA,NA,NA,NA,NA,NA,NA,NA,NA,NA,NA,NA,NA,NA,NA,NA,NA,NA,NA,NA,NA,NA,NA,NA,NA,NA,NA,NA,NA,NA,NA,NA,NA,NA,NA,NA,NA,NA,NA,NA,NA,NA,NA,NA,NA,NA,NA,NA,NA,NA,NA,NA,NA,NA,NA,NA,NA,NA,NA,NA,NA,NA,NA,NA,NA,NA,NA,NA,NA,NA,NA,NA,NA,NA,NA,NA,NA,NA,NA,NA,NA,-0.124017174,-0.597919201,NA,NA,1011.27
1967,NA,NA,NA,NA,52.128,131.915,NA,NA,NA,NA,NA,NA,NA,NA,NA,NA,NA,NA,NA,NA,NA,NA,NA,NA,NA,NA,NA,NA,NA,NA,NA,NA,NA,NA,NA,NA,NA,NA,NA,NA,NA,NA,NA,NA,NA,14.24930135,17.03779656,-3.043478261,-0.826086957,NA,-0.208249704,0.226052471,NA,NA,NA,NA,NA,NA,NA,NA,NA,NA,NA,NA,NA,NA,NA,NA,NA,NA,NA,NA,NA,NA,NA,NA,NA,NA,NA,NA,NA,NA,NA,NA,NA,NA,NA,NA,NA,NA,NA,NA,NA,NA,NA,NA,NA,NA,NA,NA,NA,NA,NA,NA,NA,NA,NA,NA,NA,NA,NA,NA,NA,NA,NA,NA,NA,NA,NA,NA,NA,NA,NA,NA,NA,NA,NA,NA,NA,NA,NA,NA,NA,NA,NA,NA,NA,NA,NA,NA,NA,NA,NA,NA,NA,NA,NA,NA,NA,NA,NA,NA,NA,NA,NA,NA,NA,NA,NA,NA,NA,12.64130435,11.61956522,-0.290502554,0.226905269,NA,NA,1010.96
1968,NA,NA,NA,NA,52.893,138.659,NA,NA,NA,NA,NA,NA,NA,NA,NA,NA,NA,NA,NA,NA,NA,NA,NA,NA,NA,NA,NA,NA,NA,NA,NA,NA,NA,NA,NA,NA,NA,NA,NA,NA,NA,NA,NA,NA,NA,13.29881943,15.39857698,-13.13043478,-15.01086957,NA,0.087364451,0.12677502,NA,NA,NA,NA,NA,NA,NA,NA,NA,NA,NA,NA,NA,NA,NA,NA,NA,NA,NA,NA,NA,NA,NA,NA,NA,NA,NA,NA,NA,NA,NA,NA,NA,NA,NA,NA,NA,NA,NA,NA,NA,NA,NA,NA,NA,NA,NA,NA,NA,NA,NA,NA,NA,NA,NA,NA,NA,NA,NA,NA,NA,NA,NA,NA,NA,NA,NA,NA,NA,NA,NA,NA,NA,NA,NA,NA,NA,NA,NA,NA,NA,NA,NA,NA,NA,NA,NA,NA,NA,NA,NA,NA,NA,NA,NA,NA,NA,NA,NA,NA,NA,NA,NA,NA,NA,NA,NA,NA,NA,-1.52173913,-1.489130435,0.071402143,0.307382775,NA,NA,1009.02
1969,NA,NA,NA,NA,46.211,136.718,NA,NA,NA,NA,NA,NA,NA,NA,NA,NA,NA,NA,NA,NA,NA,NA,NA,NA,NA,NA,NA,NA,NA,NA,NA,NA,NA,NA,NA,NA,NA,NA,NA,NA,NA,NA,NA,NA,NA,13.53931954,16.18173042,-3.25,-7.108695652,NA,-1.157948358,-0.706901204,NA,NA,NA,NA,NA,NA,NA,NA,NA,NA,NA,NA,NA,NA,NA,NA,NA,NA,NA,NA,NA,NA,NA,NA,NA,NA,NA,NA,NA,NA,NA,NA,NA,NA,NA,NA,NA,NA,NA,NA,NA,NA,NA,NA,NA,NA,NA,NA,NA,NA,NA,NA,NA,NA,NA,NA,NA,NA,NA,NA,NA,NA,NA,NA,NA,NA,NA,NA,NA,NA,NA,NA,NA,NA,NA,NA,NA,NA,NA,NA,NA,NA,NA,NA,NA,NA,NA,NA,NA,NA,NA,NA,NA,NA,NA,NA,NA,NA,NA,NA,NA,NA,NA,NA,NA,NA,NA,NA,NA,6.043478261,4.815217391,-0.734750137,-0.489960014,NA,NA,1010.83
1970,NA,NA,NA,NA,59.595,140.423,NA,NA,NA,NA,NA,NA,NA,NA,NA,NA,NA,NA,NA,NA,NA,NA,NA,NA,NA,NA,NA,NA,NA,NA,NA,NA,NA,NA,NA,NA,NA,NA,NA,NA,NA,NA,NA,NA,NA,13.7260048,16.05033124,-17.56521739,-14.84782609,NA,0.527147947,0.15808885,NA,NA,NA,NA,NA,NA,NA,NA,NA,NA,NA,NA,NA,NA,NA,NA,NA,NA,NA,NA,NA,NA,NA,NA,NA,NA,NA,NA,NA,NA,NA,NA,NA,NA,NA,NA,NA,NA,NA,NA,NA,NA,NA,NA,NA,NA,NA,NA,NA,NA,NA,NA,NA,NA,NA,NA,NA,NA,NA,NA,NA,NA,NA,NA,NA,NA,NA,NA,NA,NA,NA,NA,NA,NA,NA,NA,NA,NA,NA,NA,NA,NA,NA,NA,NA,NA,NA,NA,NA,NA,NA,NA,NA,NA,NA,NA,NA,NA,NA,NA,NA,NA,NA,NA,NA,NA,NA,NA,NA,9.054347826,6.847826087,0.729499977,0.274101042,NA,NA,1005.74
1971,NA,NA,2102.631271,3431.552253,49.524,130.683,NA,NA,NA,NA,NA,NA,NA,NA,NA,NA,NA,NA,NA,NA,NA,NA,NA,NA,NA,NA,NA,NA,NA,NA,NA,-1.536666667,NA,NA,NA,NA,NA,NA,NA,NA,NA,NA,NA,NA,NA,14.22664954,16.33318969,-6.304347826,-5.25,NA,-0.457207968,-1.243781414,NA,NA,NA,NA,NA,NA,NA,NA,NA,NA,NA,NA,NA,NA,NA,NA,NA,NA,NA,NA,NA,NA,NA,NA,NA,NA,NA,NA,NA,NA,NA,NA,NA,NA,NA,NA,NA,NA,NA,NA,NA,NA,NA,NA,NA,NA,NA,NA,NA,NA,NA,NA,NA,NA,NA,NA,NA,NA,NA,NA,NA,NA,NA,NA,NA,NA,NA,NA,NA,NA,NA,NA,NA,NA,NA,NA,NA,NA,NA,NA,NA,NA,NA,NA,NA,NA,NA,NA,NA,NA,NA,NA,NA,NA,NA,NA,NA,NA,NA,NA,11.73343355,10.95240177,9.716434821,14.72298857,11.328617940000001,13.39581061,9.884100839,11.18776303,8.989943046,5.760869565,5.22826087,-0.108329216,-1.451099646,31.719,NA,1011.48
1972,NA,NA,2080.15196,3168.872544,48.424,132.329,NA,NA,NA,NA,NA,NA,NA,NA,NA,NA,NA,NA,NA,NA,NA,NA,NA,NA,NA,NA,NA,NA,NA,NA,NA,-1.896666667,NA,NA,NA,NA,NA,NA,NA,NA,NA,NA,NA,NA,NA,13.63680127,15.68039083,-6.065217391,-5.304347826,NA,-1.281715849,-0.793433064,NA,NA,NA,NA,NA,NA,NA,NA,NA,NA,NA,NA,NA,NA,NA,NA,NA,NA,NA,NA,NA,NA,NA,NA,NA,NA,NA,NA,NA,NA,NA,NA,NA,NA,NA,NA,NA,NA,NA,NA,NA,NA,NA,NA,NA,NA,NA,NA,NA,NA,NA,NA,NA,NA,NA,NA,NA,NA,NA,NA,NA,NA,NA,NA,NA,NA,NA,NA,NA,NA,NA,NA,NA,NA,NA,NA,NA,NA,NA,NA,NA,NA,NA,NA,NA,NA,NA,NA,6.329380384,3.894276463,-4.605170186,-1.922779732,5.229160196,-4.605170186,NA,NA,NA,NA,NA,NA,12.2011606,14.5410499,8.181440696,13.14551138,11.57610682,13.35915418,10.01337282,10.14537435,8.794824928,5.22826087,6.239130435,-1.32830843,-1.475297372,31.995,NA,1011.84
1973,NA,NA,2085.60595,2953.933,51.98,139.7,NA,NA,NA,NA,NA,NA,NA,NA,NA,NA,NA,NA,NA,NA,NA,NA,NA,NA,NA,NA,NA,NA,NA,NA,NA,-0.466666667,NA,NA,NA,NA,NA,NA,NA,NA,NA,NA,NA,NA,NA,14.06094775,15.40244802,-5.934782609,-11,NA,-0.616183598,-0.365482612,NA,NA,NA,NA,NA,NA,NA,NA,NA,NA,NA,NA,NA,NA,NA,NA,NA,NA,NA,NA,NA,NA,NA,NA,NA,NA,NA,NA,NA,NA,7070.966565,NA,1377.578192,NA,15989.74819,NA,NA,NA,NA,NA,NA,NA,NA,NA,NA,NA,NA,NA,NA,NA,NA,NA,NA,NA,NA,NA,NA,NA,NA,NA,NA,NA,NA,NA,NA,NA,NA,NA,NA,NA,NA,NA,NA,NA,NA,NA,NA,NA,NA,NA,NA,NA,NA,NA,NA,NA,NA,NA,5.358920812,1.50917549,-4.605170186,-4.605170186,-0.768948894,-4.605170186,NA,NA,NA,NA,NA,NA,11.2390411,13.03597726,9.520175249,14.7890119,12.23873343,13.18877265,9.412954632,11.15650763,9.144948153,7.641304348,9.673913043,-0.664876489,-0.472302917,NA,NA,1009.51
1974,NA,NA,2079.873114,2809.671638,54.078,136.681,NA,NA,NA,NA,NA,NA,NA,NA,NA,NA,NA,NA,NA,NA,NA,NA,NA,NA,NA,NA,NA,NA,NA,NA,NA,-1.21,NA,NA,NA,NA,NA,NA,NA,NA,NA,NA,NA,NA,NA,12.96537735,15.20841329,1.739130435,2.086956522,NA,-0.845590178,-0.322125415,NA,NA,NA,NA,NA,NA,NA,NA,NA,NA,NA,NA,NA,NA,NA,NA,NA,NA,NA,NA,NA,NA,NA,NA,NA,NA,NA,NA,NA,NA,7285.176378,NA,1216.503493,NA,16353.08697,NA,NA,NA,NA,NA,NA,NA,NA,NA,NA,NA,NA,NA,NA,NA,NA,NA,NA,NA,NA,NA,NA,NA,NA,NA,NA,NA,NA,NA,NA,NA,NA,NA,NA,NA,NA,NA,NA,NA,NA,NA,NA,NA,NA,NA,NA,NA,NA,NA,NA,NA,NA,NA,6.566675351,3.684931286,-4.605170186,-4.605170186,1.46223993,-4.605170186,NA,NA,NA,NA,NA,NA,11.33988074,15.30909802,10.07154114,14.89487275,12.36129703,14.15183421,10.88339138,11.09992201,4.219507705,8.282608696,8.77173913,-0.574508638,-0.355647154,31.75966667,NA,1009.06
1975,NA,NA,2107.188719,2672.670513,51.995,134.528,NA,NA,NA,NA,NA,NA,NA,NA,NA,NA,NA,NA,NA,NA,NA,NA,NA,NA,NA,NA,NA,NA,NA,NA,NA,-0.556666667,NA,NA,NA,NA,NA,NA,NA,NA,NA,NA,NA,NA,NA,13.62151674,15.48878037,-6.847826087,-7.717391304,NA,-0.370471631,-1.044095478,NA,NA,NA,NA,NA,NA,NA,NA,NA,NA,NA,NA,NA,NA,NA,NA,NA,NA,NA,NA,NA,NA,NA,NA,NA,NA,NA,NA,NA,NA,7580.564863,NA,1069.836617,NA,16803.31124,NA,NA,NA,NA,NA,NA,NA,NA,NA,NA,NA,NA,NA,NA,NA,NA,NA,NA,NA,NA,NA,NA,NA,NA,NA,NA,NA,NA,NA,NA,NA,NA,NA,NA,NA,NA,NA,NA,NA,NA,NA,NA,NA,NA,NA,NA,NA,NA,NA,NA,NA,NA,NA,5.953136186,3.079709538,-4.605170186,-4.605170186,3.544843077,-4.605170186,NA,NA,NA,NA,NA,NA,11.98601807,14.92157071,10.07386304,16.22047109,12.26399715,14.14710664,10.46789186,12.88736989,5.379897354,2.836956522,4.282608696,-0.177173397,-1.000497886,31.48833333,NA,1010.02
1976,NA,NA,2139.467851,2586.472654,56.367,137.244,NA,NA,NA,NA,NA,NA,NA,NA,NA,NA,NA,NA,NA,NA,NA,NA,NA,NA,NA,8531,NA,NA,NA,NA,NA,-1.533333333,NA,NA,NA,NA,NA,NA,NA,NA,NA,NA,NA,NA,NA,13.75867668,16.44333092,-7.673913043,-12.97826087,NA,-0.840497637,-0.907227049,NA,NA,NA,NA,NA,NA,NA,NA,NA,NA,NA,NA,NA,NA,NA,NA,NA,NA,NA,NA,NA,NA,NA,NA,NA,NA,NA,NA,NA,NA,7936.445855,NA,941.8085328,NA,17298.2643,NA,NA,NA,NA,NA,NA,NA,NA,NA,NA,NA,NA,NA,NA,NA,NA,NA,NA,NA,NA,NA,NA,NA,NA,NA,NA,NA,NA,NA,NA,NA,NA,NA,NA,NA,NA,NA,NA,NA,NA,NA,NA,NA,NA,NA,NA,NA,NA,NA,198,NA,NA,NA,6.512965239,3.148213704,-4.605170186,-1.614450454,5.187751661,-4.605170186,NA,NA,NA,NA,NA,NA,12.09747356,15.32765753,10.23713437,15.64847691,12.18509413,14.42871478,9.766005509,13.31266468,7.65396918,1.423913043,1.260869565,-0.582202644,-0.683101555,31.6535,NA,1010.09
1977,NA,NA,2199.481728,2554.033392,61.163,140.373,NA,NA,NA,NA,NA,NA,NA,NA,NA,NA,NA,NA,NA,NA,NA,NA,NA,NA,NA,7052,NA,NA,NA,NA,NA,1.326666667,NA,NA,NA,NA,NA,NA,NA,NA,NA,NA,NA,NA,NA,14.3546373,16.87155583,-1.043478261,-3.391304348,NA,0.760373052,0.282040549,NA,NA,NA,NA,NA,NA,NA,NA,NA,NA,NA,NA,NA,NA,NA,NA,NA,NA,NA,NA,NA,NA,NA,NA,NA,NA,NA,NA,NA,NA,8345.737578,NA,835.0784318,NA,17898.3834,NA,NA,NA,NA,NA,NA,NA,NA,NA,NA,NA,NA,NA,NA,NA,NA,NA,NA,NA,NA,NA,NA,NA,NA,NA,NA,NA,NA,NA,NA,NA,NA,NA,NA,NA,NA,NA,NA,NA,NA,NA,NA,NA,NA,NA,NA,NA,NA,NA,196,NA,NA,NA,6.493959668,3.522775675,-2.652615494,2.447683496,4.584207326,0.532704525,5.97595894,-4.605170186,-4.605170186,-4.605170186,5.872934021,-4.605170186,12.653738,14.88623764,10.79540362,16.52383179,12.32522363,14.52927376,9.914081241,13.80051366,11.0149338,1.391304348,-0.489130435,0.530592494,0.571819602,30.883,NA,1005.95
1978,NA,NA,2279.088009,2559.31903,55.08,145.315,NA,NA,NA,NA,NA,NA,NA,NA,NA,NA,NA,NA,NA,NA,NA,NA,NA,NA,NA,16619,NA,NA,NA,NA,NA,0.366666667,NA,NA,NA,NA,NA,NA,NA,NA,NA,NA,NA,NA,NA,14.06598597,16.21139554,1.945652174,5.423913043,NA,-0.062550549,0.502541198,NA,NA,NA,NA,NA,NA,NA,NA,NA,NA,NA,NA,NA,NA,NA,NA,NA,NA,NA,NA,NA,NA,NA,NA,NA,NA,NA,NA,NA,NA,8879.778834,20549.0609,747.7148741,13820.44679,18584.1894,44502.19758,NA,NA,NA,NA,NA,NA,NA,NA,NA,NA,NA,NA,NA,NA,NA,NA,NA,NA,NA,NA,NA,NA,NA,NA,NA,NA,NA,NA,NA,NA,NA,NA,NA,NA,NA,NA,NA,NA,NA,NA,NA,NA,NA,NA,200,NA,NA,NA,192,NA,NA,NA,5.237293728,0.339420268,-3.140372763,3.991605299,3.231615661,-0.187052731,6.713582131,-4.605170186,-4.605170186,0.394869327,3.715047307,-4.605170186,12.66269337,16.565230970000002,11.85388761,16.23905674,12.5699481,14.93037506,11.5041874,14.46009702,12.78512124,12.32608696,11.22826087,-0.290715887,0.170994207,31.4485,NA,1006.49
1979,NA,NA,2376.726791,2610.85992,55.481,138.712,NA,NA,NA,NA,NA,NA,NA,NA,NA,NA,NA,NA,NA,NA,NA,NA,NA,NA,NA,35911,NA,NA,NA,NA,NA,-0.78,0.5,NA,NA,NA,NA,NA,NA,NA,NA,NA,NA,NA,NA,13.94362757,16.48816202,-7.554347826,-5.804347826,2559,-0.075121197,0.290693574,NA,NA,NA,NA,NA,NA,NA,NA,NA,NA,NA,NA,NA,NA,NA,NA,NA,NA,NA,NA,NA,NA,NA,NA,NA,NA,NA,NA,NA,NA,8963.57542,19342.50566,689.4908896,13390.41197,18966.60718,43428.68444,NA,NA,NA,NA,NA,NA,NA,NA,NA,NA,NA,NA,NA,NA,NA,NA,NA,NA,NA,NA,NA,NA,NA,NA,NA,NA,NA,NA,NA,NA,NA,NA,NA,NA,NA,NA,NA,NA,NA,NA,NA,NA,NA,201,200,NA,NA,NA,203,NA,NA,NA,3.902628739,2.78075829,-2.931818948,7.369764131,4.966932893,0.13452692,5.277930611,-4.605170186,-4.605170186,-4.605170186,-4.605170186,1.158508565,12.72820609,16.46600396,11.8433437,16.66567448,12.56348132,14.79988377,11.69169071,13.90460601,12.5215474,2.815217391,1.347826087,0.41078634,0.51076209400000006,31.5438,NA,1010.55
1980,NA,NA,2508.450291,2709.912818,54.564,138.599,NA,NA,NA,NA,NA,NA,NA,NA,NA,NA,NA,NA,NA,NA,NA,NA,NA,NA,NA,49393,NA,NA,NA,NA,NA,0.263333333,0.4,NA,NA,NA,NA,NA,NA,NA,NA,NA,NA,NA,NA,14.15686159,16.75826043,1.880434783,8.663043478,4445,0.464186708,0.132626866,NA,NA,NA,NA,NA,NA,NA,NA,NA,NA,NA,NA,NA,NA,NA,NA,NA,NA,NA,NA,NA,NA,NA,NA,NA,NA,NA,NA,NA,NA,8488.948986,17359.16738,667.7505471,12818.79066,18793.92512,41620.79062,NA,NA,NA,NA,NA,NA,NA,NA,NA,NA,NA,NA,NA,NA,NA,NA,NA,NA,NA,NA,NA,NA,NA,NA,NA,NA,NA,NA,NA,NA,NA,NA,NA,NA,NA,NA,NA,NA,NA,NA,NA,NA,NA,201,200,NA,NA,NA,193,NA,NA,NA,3.471173343,3.368356961,-3.369400608,5.574778019,5.561426921,-3.213123172,5.526916241,-4.605170186,-0.768739637,0.266962514,-0.637908175,0.98087261,12.89210457,16.83877555,11.70803984,16.15121587,13.11269277,15.04115131,11.27474442,13.96618148,11.99673338,11.55434783,7.510869565,0.362387079,0.080053088,NA,NA,1007.69
1981,NA,NA,2648.254914,2819.622155,57.766,144.945,NA,NA,NA,NA,NA,NA,NA,NA,NA,NA,NA,NA,NA,NA,NA,NA,NA,NA,NA,45808,NA,NA,NA,NA,NA,0.65,-0.3,NA,NA,NA,NA,NA,NA,NA,NA,NA,NA,NA,NA,14.53039281,17.0014598,-15.86956522,-10.65217391,3506,0.748385502,0.874754721,NA,NA,NA,NA,NA,NA,NA,NA,NA,NA,NA,NA,NA,NA,NA,NA,NA,NA,NA,NA,NA,NA,NA,NA,NA,NA,NA,NA,NA,NA,8077.197561,15819.34239,651.807323,12490.73298,18672.43627,40262.87274,NA,NA,NA,NA,NA,NA,NA,NA,NA,33.517,0.203,306.954,2817.597,4.015,69.318,0.678,0.139,10.375,1.996,2.619,0.133,NA,NA,NA,NA,NA,NA,NA,NA,NA,NA,NA,NA,NA,NA,NA,NA,NA,NA,NA,NA,NA,NA,198,197,NA,NA,NA,193,NA,NA,NA,3.619980328,1.68364826,-2.414448186,3.987563285,5.427041075,2.578068058,6.035395765,-4.605170186,-4.605170186,1.275175,2.405777392,1.240488292,13.3537338,16.83115624,12.75078942,15.90611222,13.64214478,14.10984893,12.62261616,13.68013862,12.4531163,3.945652174,-0.945652174,0.271225966,1.48740088,NA,NA,1004.44
1982,NA,NA,2792.324012,2948.094769,50.38,134.407,NA,NA,NA,NA,NA,NA,NA,NA,NA,NA,NA,NA,NA,NA,NA,NA,NA,NA,NA,33374,NA,NA,NA,NA,NA,0.403333333,-0.4,NA,NA,NA,NA,NA,NA,NA,NA,NA,NA,NA,NA,14.47504821,17.44049145,1.913043478,4.717391304,4363,0.194519462,-0.595263242,NA,NA,NA,NA,NA,NA,NA,NA,NA,NA,NA,NA,NA,NA,NA,NA,NA,NA,NA,NA,NA,NA,NA,NA,NA,NA,NA,NA,NA,NA,7689.719743,14608.00798,637.8632693,12435.78597,18662.98659,39433.29047,NA,NA,NA,NA,NA,NA,NA,NA,NA,38.568,0,14.237,82.585,9.75,8.296,0.215,0,4.097,0,1.723,0.668,NA,NA,NA,NA,NA,NA,NA,NA,NA,NA,NA,NA,NA,NA,NA,NA,NA,NA,NA,NA,NA,NA,NA,NA,NA,NA,NA,NA,NA,NA,NA,2.50866637,-1.470445497,-1.8544044,4.503333114,5.267873464,-4.605170186,4.243889904,-1.531641738,0.362396587,4.261779204,4.517605673,0.412765191,12.73565623,16.45316197,11.96789794,15.34229964,13.17627943,13.81328709,11.0337277,12.67975388,11.75711009,6.434782609,3.565217391,0.389247077,-0.707330476,31.678,NA,1010.6
1983,NA,NA,2948.453961,3082.815311,59.612,148.857,NA,NA,NA,NA,NA,NA,NA,NA,NA,NA,NA,NA,NA,NA,NA,NA,NA,NA,NA,41481,NA,NA,NA,NA,NA,0.653333333,2.6,NA,NA,NA,NA,NA,NA,NA,NA,NA,NA,NA,NA,14.42726979,17.01949843,-14.11956522,-16.36956522,5416,0.766030761,1.377676323,NA,NA,NA,NA,NA,NA,NA,NA,NA,NA,NA,NA,NA,NA,NA,NA,NA,NA,NA,NA,NA,NA,NA,NA,NA,NA,NA,NA,NA,NA,6873.386889,13090.00704,659.9840495,12361.8072,17711.85604,37095.72369,NA,NA,NA,NA,NA,NA,NA,NA,NA,43.855,0.357,118.373,391.932,6.237,13.979,0.159,0,3.96,0.519,8.42,2.841,NA,NA,NA,NA,NA,NA,NA,NA,NA,NA,NA,NA,NA,NA,NA,NA,NA,NA,NA,NA,NA,NA,NA,NA,NA,NA,NA,NA,NA,NA,NA,3.839113546,-1.977486819,-2.222542385,4.779398665,6.632238903,3.49814763,1.021350258,-4.605170186,-4.605170186,0.43969241,2.577509634,3.208059045,13.27046437,16.88681008,12.34376724,16.1991496,13.05374829,14.09170035,11.60940768,13.00539126,12.64739062,1.065217391,1.25,0.440431229,1.098509765,31.2391,NA,1003.46
1984,1426.58088725,2977.3003312,3093.966664,3214.044647,56.7,140.392,NA,NA,NA,NA,NA,NA,NA,NA,NA,NA,NA,NA,NA,NA,NA,NA,NA,NA,NA,50300,NA,NA,NA,NA,NA,1.466666667,-0.5,NA,NA,NA,NA,NA,NA,NA,NA,NA,NA,NA,NA,14.75702644,17.76599295,NA,NA,5830,0.983301275,0.548130434,313704.35503,423163.97881,641391.5463,210641.03372,107497.38168,35053.72073,210618.471375,31104.234845,142486.10365,0,0,35479.817695,1326.1945698,11469.995067,695.00449068,3639.62043305,25.14677849,0,0,0,5449.2628454999995,9427.446859,3190.08350956,897.4727325,0,449.95428430000004,402.95728695,1861.5612571499998,0,NA,6184.842999,11506.85463,691.5498297,12191.81585,16879.04393,33255.24992,NA,NA,NA,NA,NA,NA,NA,NA,NA,NA,NA,NA,NA,NA,NA,NA,NA,NA,NA,NA,NA,NA,NA,NA,NA,NA,NA,NA,NA,NA,NA,NA,NA,NA,NA,NA,NA,NA,NA,NA,NA,NA,NA,NA,NA,NA,NA,NA,NA,NA,NA,NA,1.534747522,-3.597773906,-4.605170186,3.599884293,5.167587321,3.461102589,4.082272219,-4.605170186,-4.605170186,2.774904551,-0.007232602,3.027650632,13.83899854,17.03954565,12.55731737,15.80814425,13.39783065,14.09121316,12.16101775,11.98373502,12.05823947,NA,NA,0.98330749,1.157725033,NA,1335.322674,1006.28
1985,NA,NA,3251.630573,3351.186249,53.924,134.215,NA,NA,NA,NA,NA,NA,NA,NA,NA,NA,NA,NA,NA,NA,NA,NA,NA,NA,11.20717391,42164,NA,NA,NA,NA,NA,1.01,-0.2,NA,NA,NA,NA,NA,NA,NA,NA,NA,NA,NA,NA,15.0404509,17.64754454,-6.47826087,-4.5,7475,0.403752557,-0.510353516,NA,NA,NA,NA,NA,NA,NA,NA,NA,NA,NA,NA,NA,NA,NA,NA,NA,NA,NA,NA,NA,NA,NA,NA,NA,NA,NA,NA,NA,4.9,5351.002967,9966.872599,746.8014178,11857.19414,15112.59079,28558.91824,NA,NA,NA,NA,NA,NA,NA,NA,NA,44.477,8.03,66.126,67.673,8.171,25,0.741,0.777,3.78,0.765,23.156,2.17,NA,NA,9.298913043,NA,NA,NA,NA,NA,NA,NA,NA,NA,NA,NA,NA,NA,NA,NA,NA,NA,NA,NA,NA,NA,NA,NA,NA,NA,NA,NA,NA,2.319870666,-2.765811738,-3.847093936,3.344173076,4.846759562,-4.284295146,NA,NA,NA,NA,NA,NA,12.96155592,16.25008363,12.03582392,16.28426479,13.5611846,14.81218314,11.66679611,13.3802963,12.37097249,3.010869565,1.108695652,1.081933026,-0.498928945,31.161,NA,1010.01
1986,NA,NA,3395.046218,3482.347137,58.004,152.108,NA,NA,NA,NA,NA,NA,NA,NA,NA,NA,NA,NA,NA,NA,NA,NA,NA,NA,11.60554348,32763,NA,NA,NA,NA,NA,1.036666667,-0.4,NA,NA,NA,NA,NA,NA,NA,NA,NA,NA,NA,NA,14.2493169,16.14582229,-6.956521739,-2.434782609,5443,-0.155130494,0.153715232,NA,NA,NA,NA,NA,NA,NA,NA,NA,NA,NA,NA,NA,NA,NA,NA,NA,NA,NA,NA,NA,NA,NA,NA,NA,NA,NA,NA,NA,15.2,4539.606474,8623.733817,818.3960201,11251.02314,12761.90475,23581.15844,NA,NA,NA,NA,NA,NA,NA,NA,NA,NA,NA,NA,NA,NA,NA,NA,NA,NA,NA,NA,NA,NA,0.12,9.499456522,NA,NA,NA,NA,NA,NA,NA,NA,NA,NA,NA,NA,NA,NA,NA,NA,NA,NA,NA,NA,NA,NA,NA,NA,NA,NA,NA,NA,3.462882878,-0.976394656,-2.00495269,3.778091533,4.708714553,3.516280479,3.988752538,-4.605170186,-2.091514123,4.854082843,4.324271719,0.601305977,12.07626574,17.19510435,12.16750852,15.40889348,13.04493359,12.64697246,11.92115342,12.41623632,12.32437999,2.804347826,1.076086957,0.211097705,-0.222634319,31.343,NA,1004.79
1987,1294.34801165,847.842444,3531.005274,3605.938346,59.93,145.141,NA,NA,NA,NA,NA,NA,NA,NA,NA,NA,NA,NA,NA,NA,NA,NA,NA,NA,11.49673913,49264,NA,NA,NA,NA,NA,1.8,1,NA,NA,NA,NA,NA,NA,NA,NA,NA,NA,NA,NA,13.86085479,16.23200756,-15.89130435,-8.163043478,4216,1.257400581,0.263737095,214203.20854999998,422491.11988,584969.4823,241387.223135,96270.678185,38301.240985000004,203921.094685,30997.795955,176691.50745,0,0,36341.248085,3144.9055015000004,6815.03493835,2375.5020174,4887.288942,70.903524574,25.23581639,0,0,50732.2831755,29896.47578,3000.30008395,1283.228829,0,2011.7728497500002,0,4712.57545045,1.595211448,6.7,3857.883156,7590.23783,905.7072946,10411.32052,10231.81301,19138.59333,NA,NA,NA,NA,NA,NA,NA,NA,NA,21.807,0.192,240.968,379.291,3.401,160.921,0,1.187,3.331,0,0,1.73,NA,NA,10.35978261,NA,NA,NA,NA,NA,NA,NA,NA,NA,NA,NA,NA,NA,NA,NA,NA,NA,NA,NA,NA,NA,NA,NA,NA,NA,NA,NA,NA,2.694190495,-4.07907709,-1.355989012,4.064046589,5.332541148,2.098036804,3.221721043,-4.605170186,0.3559181,2.800501384,4.204278429,2.212511701,13.07847836,16.28626825,12.62237218,16.47313418,13.25095007,14.14895608,12.82236848,14.91317573,13.13336662,-3.97826087,-4.989130435,1.34968163,0.607652651,31.0505,0,1005.97
1988,NA,NA,3649.640686,3715.17349,53.709,136.548,NA,NA,NA,NA,NA,NA,NA,NA,NA,NA,NA,NA,NA,NA,NA,NA,NA,NA,11.20793478,65912,23820,NA,NA,NA,NA,1.146666667,0.6,NA,NA,NA,NA,NA,NA,NA,NA,NA,NA,NA,NA,14.60580487,17.90081781,-27.67391304,-28.10869565,9390,0.936638281,0.383940617,NA,NA,NA,NA,NA,NA,NA,NA,NA,NA,NA,NA,NA,NA,NA,NA,NA,NA,NA,NA,NA,NA,NA,NA,NA,NA,NA,NA,NA,14.8,3293.006039,6886.127607,1013.975798,9415.996004,8214.256917,15415.06962,NA,NA,NA,NA,NA,NA,NA,NA,NA,19.793,0.635,98.831,186.769,1.382,60.497,0.248,3.22,1.767,2.599,1.948,3.003,NA,NA,10.30782609,NA,NA,NA,NA,NA,NA,NA,NA,NA,NA,NA,NA,NA,NA,NA,NA,NA,NA,NA,NA,NA,NA,NA,NA,NA,NA,NA,NA,1.595624767,-2.722933132,-4.605170186,4.000710477,5.52233163,3.722488956,NA,NA,NA,NA,NA,NA,12.95973621,16.89946582,7.863266724,15.73612121,12.76736702,14.12620261,11.13069825,10.2296569,13.00321942,-0.336956522,-4.010869565,0.769768608,0.321871092,31.03266667,NA,1008.13
1989,NA,NA,3753.789541,3811.780425,50.648,137.626,NA,NA,NA,NA,NA,NA,NA,NA,NA,NA,NA,NA,NA,NA,NA,NA,NA,NA,12.13684783,44669,26276,NA,NA,NA,NA,-0.8,-1.1,NA,NA,NA,NA,NA,NA,NA,NA,NA,NA,NA,NA,14.86920149,17.29187735,0.565217391,3.576086957,11831,-0.200681313,0.341472546,NA,NA,NA,NA,NA,NA,NA,NA,NA,NA,NA,NA,NA,NA,NA,NA,NA,NA,NA,NA,NA,NA,NA,NA,NA,NA,NA,NA,NA,12.2,2831.02929,6441.1738,1155.123366,8339.717263,6621.12242,12507.45983,NA,NA,NA,NA,NA,NA,NA,NA,NA,29.847,0.951,12.477,559.736,54.932,58.422,1.368,0.422,21.608,3.072,1.451,0.514,NA,NA,9.851521739,NA,NA,NA,NA,NA,NA,NA,NA,NA,NA,NA,NA,NA,NA,NA,NA,NA,NA,NA,206,205,NA,NA,NA,NA,NA,NA,NA,1.98385122,-2.510053907,-2.758067801,3.366831951,5.394746876,3.189409183,3.698337938,-4.605170186,0.631850253,2.107961724,4.747858721,3.656765415,13.16981932,17.60344494,12.59072261,15.60456855,13.14097903,13.80273024,11.7763046,13.21768992,12.63520545,3.239130435,1.434782609,-0.044146854,0.198040388,31.687,NA,1011.74
1990,1613.21403705,1859.6860896,3833.7908,3888.757126,58.062,136.274,NA,NA,NA,NA,NA,NA,NA,NA,NA,NA,NA,NA,NA,NA,NA,NA,NA,NA,12.68380435,26995,24689,NA,NA,NA,NA,-0.386666667,0.1,NA,NA,NA,NA,NA,NA,NA,NA,NA,NA,NA,NA,14.97772468,17.94145617,-7.97826087,-3.880434783,3804,0.076751637,0.454616644,215832.30072,468952.0299,1075896.30205,158150.17621499998,124564.08356,63270.228110000004,124086.80861,15236.754525,116748.988965,0,0,61504.206355,2760.69814805,6311.111921,1973.8718945,3346.285136,0,27.12483389,0,0,26161.4075395,12434.132495,10376.08679155,2245.22401355,0,737.38134225,0,6344.1818795,0,12.2,2515.18949,6233.513711,1248.609405,7264.879745,5342.325227,10343.61623,0.59,0.43,NA,NA,0,NA,NA,NA,NA,13.295,2.871,86.444,322.786,28.523,103.704,0.396,1.738,11.729,3.173,5.451,3.836,NA,0.08,10.53097826,NA,NA,NA,NA,NA,NA,NA,5.347447447,NA,NA,NA,NA,NA,NA,NA,NA,NA,NA,NA,205,202,NA,NA,NA,193,NA,NA,NA,2.646452705,-2.564444723,-2.274229048,3.981575365,6.235477272,-1.136195486,3.344962886,-4.605170186,-4.605170186,2.20627763,3.170676662,-4.605170186,13.37212861,17.43008561,12.69115268,16.62749047,12.99129295,13.51596236,12.01758411,13.97191498,12.66706706,3.869565217,2.22826087,0.008926242,0.339757662,31.479,74.26300306,1010.9
1991,NA,NA,3890.033011,3936.634472,57.084,137.577,NA,NA,NA,NA,NA,NA,NA,NA,NA,NA,NA,NA,NA,NA,NA,NA,NA,NA,11.34163043,32414,17437,NA,NA,NA,NA,-1.813333333,0.2,NA,NA,NA,NA,NA,NA,NA,NA,NA,NA,NA,NA,15.12281853,17.36980947,-11.67391304,-9.989130435,1838,-0.271172999,0.024528453,NA,NA,NA,NA,NA,NA,NA,NA,NA,NA,NA,NA,NA,NA,NA,NA,NA,NA,NA,NA,NA,NA,NA,NA,NA,NA,NA,NA,NA,7.5,2306.455807,6162.033588,1272.975832,6277.372015,4381.321757,8764.137944,0.49,0.52,NA,NA,0,NA,NA,NA,NA,38.731,0.128,6.74,56.458,13.723,16.846,0.734,0.245,3.555,1.478,0.329,5.032,NA,NA,9.519782609,NA,NA,NA,NA,NA,NA,NA,5.099173554,NA,NA,NA,NA,NA,NA,NA,NA,NA,NA,NA,205,205,NA,NA,NA,207,NA,NA,NA,2.845825719,-2.498987134,-3.195625494,3.409716896,5.987513764,3.159897574,NA,NA,NA,NA,NA,NA,13.33678581,15.9715794,12.54285198,15.01265208,13.06971337,13.97731473,12.64736811,14.25639043,12.94372702,1.586956522,-0.163043478,-0.14367388,-0.198479785,31.535,NA,1011.24
1992,NA,NA,3930.60833,3976.303292,59.406,141.214,NA,NA,NA,NA,NA,NA,NA,NA,NA,NA,NA,NA,NA,NA,NA,NA,NA,NA,11.79119565,52837,12058,NA,NA,NA,NA,0.15,1.7,NA,NA,NA,NA,NA,NA,NA,NA,NA,NA,NA,NA,15.11445785,17.86379986,-7.347826087,0.739130435,5368,0.84037949,0.744339979,NA,NA,NA,NA,NA,NA,NA,NA,NA,NA,NA,NA,NA,NA,NA,NA,NA,NA,NA,NA,NA,NA,NA,NA,NA,NA,NA,NA,NA,18.2,2170.076568,6190.12439,1217.5169310000001,5400.546889,3683.642109,7695.48966,NA,NA,NA,NA,NA,NA,NA,NA,NA,31.352,8.797,76.303,508.106,54.325,78.541,1.623,3.529,5.067,0.597,7.597,6.92,NA,NA,10.20206522,NA,NA,NA,NA,NA,NA,NA,5.918329466,NA,NA,NA,NA,NA,NA,NA,NA,NA,NA,NA,NA,NA,NA,NA,NA,NA,NA,NA,NA,2.060383819,-4.259648114,-3.486012824,4.347838541,5.302098233,2.927103216,4.094944356,-4.605170186,0.601244565,2.270757679,5.230530876,2.986543564,13.00720614,15.56663864,12.65545256,17.34244124,12.64973551,13.23251918,12.343484,14.31530233,12.30187361,4.782608696,2.380434783,0.384151765,0.048189612,31.09975,NA,1006.45
1993,1630.2844475000002,2900.9302036999998,3961.395851,3995.466867,49.062,137.531,NA,NA,NA,NA,NA,NA,NA,NA,NA,NA,NA,NA,NA,NA,NA,NA,NA,NA,13.07826087,35254,7629,14.36224537,5.225,NA,NA,0.256666667,0.8,NA,193.7,155.3333333,NA,294,274,NA,NA,NA,NA,NA,NA,15.5597767,17.86337266,5.52173913,16.08695652,10186,0.322025254,0.980840122,209103.79113,392943.79720000003,927510.1434,277754.833535,96647.427505,57806.707035,157980.26059,25738.136010000002,353227.88145,0,0,60405.33255,3886.3686655,11752.762595,1178.3061515,16995.991488,0,7.652629121,0,0,18203.884468,16776.255445,14539.15703695,2306.5414786,0,709.3884975999999,0,9192.9543515,1205.1308305,6,2097.077048,6234.266983,1109.755276,4714.71922,3196.621295,6971.462216,0.51,0.43,NA,NA,NA,NA,NA,NA,NA,60.421,12.32,215.584,176.821,4.833,60.394,0.892,1.509,2.959,11.217,4.837,8.59,NA,0.03,10.79391304,10.33390227,5.175260166,NA,NA,NA,NA,NA,5.953460621,NA,NA,NA,NA,NA,NA,204.3333333,87,NA,130.8666667,631.8,NA,NA,NA,NA,NA,NA,NA,227,NA,0.832298264,-4.41755961,-3.711682943,3.500526609,5.155883556,2.251344429,NA,NA,NA,NA,NA,NA,13.87205723,17.42335082,12.59916823,15.91506902,13.29943618,14.5908661,12.35143626,12.97387497,12.45256547,7.239130435,5.684782609,0.018911684,0.769059485,31.062,401.7623838,1008.75
1994,NA,NA,3985.067219,4016.215445,57.486,141.192,0.71,0.46,NA,NA,NA,NA,NA,NA,NA,NA,NA,NA,NA,NA,NA,NA,NA,NA,12.69413043,22742,6213,NA,NA,NA,NA,0.956666667,0,46.83333333,164.2,66.9,112.3333333,220,96.33333333,227,225,NA,NA,NA,177,15.02318022,17.68599271,-2.032608696,-1.173913043,4758,0.91585747,0.876994025,NA,NA,NA,NA,NA,NA,NA,NA,NA,NA,NA,NA,NA,NA,NA,NA,NA,NA,NA,NA,NA,NA,NA,NA,NA,NA,NA,NA,NA,15,2048.145454,6247.328725,994.3323194,4191.850751,2848.69626,6474.057294,NA,NA,NA,NA,NA,NA,NA,NA,NA,27.283,6.357,25.368,127.859,13.645,32.993,1.818,4.254,3.016,1.839,4.824,10.479,NA,0.09,10.19608696,NA,NA,NA,NA,NA,NA,NA,5.473521851,NA,NA,NA,NA,NA,58.33333333,204,221,35.13333333,25.8,15.33333333,NA,NA,NA,NA,NA,NA,NA,222,196,-0.412970476,-4.230476737,-3.41954652,3.558744883,5.411568938,1.356537812,NA,NA,NA,NA,NA,NA,13.77990203,16.59216799,12.6371925,17.57319975,13.0430604,14.90811919,12.54795522,14.53724471,12.48460171,8.032608696,6.72826087,1.01410106,0.453935383,31.331,NA,1010.36
1995,NA,NA,4010.833767,4033.829141,54.43,141.393,0.47,0.37,0.47,0.58,NA,NA,NA,NA,NA,NA,NA,NA,NA,NA,NA,NA,NA,NA,11.81586957,31402,4454,NA,NA,NA,NA,-0.606666667,0.8,192.1666667,246.6333333,27.86666667,184,254,103.6666667,222,219,163,210,NA,NA,14.96511756,17.98418485,-8.163043478,-5.108695652,2908,-0.133486274,0.603505017,NA,NA,NA,NA,NA,NA,NA,NA,NA,NA,NA,NA,NA,NA,NA,NA,NA,NA,NA,NA,NA,NA,NA,NA,NA,NA,NA,NA,NA,5.3,2000.57507,6170.077808,885.4133135,3806.150351,2601.100459,6095.947692,0.49,0.4,NA,NA,0.18,NA,0.53,0.8,NA,59.718,11.242,18.82,669.269,37.143,34.232,1.98,1.347,14.47,2.952,13.551,9.539,NA,0.4,9.717608696,NA,NA,NA,NA,NA,NA,NA,5.407223476,NA,NA,NA,NA,NA,162.6666667,202.3333333,65.66666667,76.83333333,46.43333333,136.5333333,211,NA,NA,NA,NA,NA,NA,220,191,-0.431920687,-4.24415684,-3.597529676,3.76948722,5.212861301,2.210326773,2.974481658,-0.418556867,-4.605170186,2.162534593,5.000354819,2.320771958,13.03750241,17.07548276,12.21521572,15.06453254,12.71491831,13.45267669,12.17172444,12.14986731,12.58881146,2,2.576086957,-0.325044106,-0.178755388,31.3025,NA,1008.56
1996,1586.91958875,3571.8574595,4050.588828,4070.437919,53.887,138.988,0.56,0.47,0.66,0.74,NA,NA,NA,NA,NA,NA,NA,NA,NA,NA,NA,NA,NA,NA,12.1025,40038,5426,12.93493326,5.6872955,NA,NA,0.5,-0.8,122.7,104.6,31.03333333,184.6666667,238.6666667,264.6666667,228,227,175,181,209,NA,14.49578929,17.18195171,-9.793478261,-14.10869565,8144,0.178426826,0.369067388,256850.959145,411240.778405,911797.0385499999,259991.653835,117817.678785,45194.864375,94011.80214,40046.967645,527489.4576,59427.635103,36937.640545,49531.154815,3340.3581445,8536.98515205,2748.7025955,8432.216737499999,0,229.8876155,0,205.7995757,54985.8301775,18035.184354,17649.7530125,3065.10591605,205.7995757,770.450618,55.013105005,9200.508279,377.9864002,7.6,1937.540201,6125.130541,808.3288687,3518.975055,2406.494145,5771.878387,NA,NA,NA,NA,NA,NA,0.6,0.66,NA,46.336,23.64,128.658,479.678,8.238,39.578,3.354,1.802,9.626,4.542,5.442,12.995,NA,0.16,10.19978261,8.136987795,5.388850388,NA,NA,NA,NA,NA,6.126987448,NA,NA,NA,NA,NA,107.6666667,237.3333333,79,146.4,52,32,NA,NA,NA,NA,NA,NA,NA,218,192,1.654566051,-4.595691442,-3.902544261,4.021953065,4.48967382,1.747475802,NA,NA,NA,NA,NA,NA,11.32800453,17.06730126,12.8505704,16.21658477,11.99068643,14.87516613,11.41761429,13.64641949,11.66252581,4.5,2.793478261,-0.009802465,0.632401751,31.6095,615.5663702,1007.77
1997,NA,NA,4114.535766,4125.5878059999995,57.341,138.4,0.72,0.8,0.61,0.76,1225.7,0.38,390.53,642.1,49.21,1.85,3.72,NA,NA,2.48,3.86,2.1,2.23,0.26,13.4701087,47044,6597,NA,NA,NA,9.28,0.16,-0.7,140.6666667,156.3,74.3,89.33333333,244.6666667,114.3333333,225,223,176,213,218,NA,14.91047654,17.5658473,-7.576086957,-12.07608696,11147,-0.316871932,0.731640135,NA,NA,NA,NA,NA,NA,NA,NA,NA,NA,NA,NA,NA,NA,NA,NA,NA,NA,NA,NA,NA,NA,NA,NA,NA,NA,NA,NA,NA,11,1860.646995,5983.979001,757.3832559,3338.680867,2250.455448,5488.989435,NA,NA,NA,NA,NA,NA,0.36,0.31,NA,17.674,14.933,119.212,572.076,20.631,62.658,0.503,0.76,2.669,2.181,43.361,7.424,NA,0.08,11.6573913,NA,NA,NA,10.61,NA,5.88,NA,6.2892307690000004,NA,NA,NA,NA,NA,135.6666667,327.3333333,175,55.2,58.63333333,141.2,NA,NA,NA,NA,NA,NA,NA,215,196,0.430157721,-3.253561383,-3.935012524,4.517143418,5.214224042,0.745610245,NA,NA,NA,NA,NA,NA,12.1791176,17.17222292,12.96018321,16.90938835,12.07132909,14.51342486,11.77174499,13.56318147,11.94597331,5.336956522,3.402173913,-0.09685841,0.711845032,31.23266667,NA,1008.67
1998,NA,NA,4210.407478,4223.615472,59.241,143.738,0.76,0.46,0.63,0.62,922.2,0.25,200.18,607.5,26.31,2.03,6.33,1.6132233025,148,5.62,4.67,2.35,2.5,0.21,12.15576087,56011,7213,NA,NA,NA,9.4,1.02,2.2,575.4666667,444.8666667,208,478.3333333,769.6666667,128.3333333,223,223,178,200,210,NA,15.10480794,18.17027243,-6.152173913,6.163043478,6638,1.647038011,1.13359402,NA,NA,NA,NA,NA,NA,NA,NA,NA,NA,NA,NA,NA,NA,NA,NA,NA,NA,NA,NA,NA,NA,NA,NA,NA,NA,NA,NA,NA,8.7,1783.610717,5778.9056200000005,726.788923,3265.561005,2104.977402,5263.726898,0.3,0.13,1,NA,0.05,0.3,0.23,0.07,0.03,14.775,2.883,120.945,73.857,2.441,18.035,0.298,2.104,0.25,0.965,208.439,5.488,NA,0.02,10.4176087,NA,NA,NA,10.45,7.11,5.84,5.73,6.356164384,0.0639654,0.124330506,0.391434848,0.013514311,0.859540261,231.6666667,76.66666667,47.33333333,131.5,142.2,36.63333333,211,204,NA,NA,NA,210,NA,222,204,0.685160829,-3.744968921,-2.740385582,3.43019704,5.806765621,0.962827276,2.384954766,1.101940079,-4.605170186,1.883383199,4.799831947,3.097192334,12.04400655,17.62247376,12.60142008,16.29190676,11.79701359,13.96105142,11.40323336,14.34534555,12.16787221,4.72826087,3.989130435,0.937305095,0.662835578,31.051,NA,1005.48
1999,1249.2511914000002,3363.8291017,4335.713574,4336.760753,53.918,136.947,0.54,0.3,0.46,0.66,1277,0.34,401.97,772.3,26.62,6.31,5.45,2.003348886,152,1.6,3.09,1.61,2.27,0.14,11.56032609,59323,7198,11.35520108,5.869940476,NA,8.56,-0.473333333,-1.3,117.6333333,416,160.2666667,150.3333333,188.6666667,150,232,225,187,214,222,185,14.48693806,16.82679265,-17.05434783,-20.05434783,9217,0.498361619,-0.616835144,152673.1205,314080.22786,626741.41445,293384.54318499996,103384.51427999999,37318.415165,84975.66751500001,42838.582165,358519.49536,53250.772068000006,31462.80037809,38129.37074,7012.185146,7082.5540745,4531.098108,23819.025763999998,39.896522528999995,55.31802108,0,1082.6849075,9683.428605000001,20241.67832,19422.108274500002,5760.048625400001,1082.6849075,1674.6980829999998,6675.34199,10887.7184125,3143.5901175,8.5,1717.022633,5561.436837,713.0747705,3263.712066,1980.088792,5097.24319,NA,NA,NA,NA,NA,NA,0.58,0.43,0.15,54.02,0.886,23.232,89.635,5.906,21.377,1.029,0.808,5.2,5.121,0.811,4.657,NA,0.01,9.655,6.756766918,5.222316393,NA,13.05,5.92,5.8,5.36,5.92739726,0.058939293,0.082422114,0.193554655,0.022267099,0.766571463,160.6666667,201.6666667,364.6666667,80.53333333,69.8,36.8,NA,NA,NA,NA,NA,NA,NA,215,203,0.286681572,-4.605170186,-2.614808274,3.350892434,5.313790224,-0.989350303,NA,NA,NA,NA,NA,NA,13.47904292,17.47613273,12.71589477,16.11080665,12.38073159,14.2432517,11.721751,12.96703033,12.4577881,0.47826087,-0.695652174,0.564113527,-0.725783567,31.653,183.501699,1009.45
2000,NA,NA,4499.44032,4503.091062,55.049,137.644,0.57,0.61,0.63,0.66,1694.2,0.29,341.05,838.96,310.96,17.11,6.56,3.1578228404999997,132,3.73,4.71,1.9,2.15,0.49,12.40782609,54638,8167,NA,NA,NA,8.77,-1.486666667,-1.3,182,206,44.36666667,239.6666667,235,104.6666667,232,226,186,185,208,190,15.00971571,18.02103853,-8.217391304,-3.782608696,4630,-0.033986323,0.263473255,NA,NA,NA,NA,NA,NA,NA,NA,NA,NA,NA,NA,NA,NA,NA,NA,NA,NA,NA,NA,NA,NA,NA,NA,NA,NA,NA,NA,NA,3.3,1677.025088,5393.903107,706.7596096,3333.552786,1869.282102,4951.712059,NA,NA,NA,NA,NA,NA,0.37,0.43,0.04,54.946,1.252,94.147,473.541,11.337,33.35,1.14,7.369,3.051,8.486,5.878,1.486,NA,0.1,10.37163043,NA,NA,NA,13.69,7.19,5.81,5.55,6.224,0.1569488,0.079769063,0.158509821,0.017249078,0.502474209,183.3333333,96.33333333,372.3333333,49.8,58.06666667,29.03333333,NA,NA,NA,NA,NA,NA,NA,221,195,0.714285813,-4.605170186,-3.537329556,2.369053569,4.843549804,1.694781232,NA,NA,NA,NA,NA,NA,13.1106551,17.3778775,12.91896853,16.78935774,11.66191427,13.4082819,11.78637422,14.06375093,12.27491284,0.586956522,-0.380434783,-0.439469806,0.245769995,31.02358333,NA,1008.45
2001,2422.875068,10736.29015,4707.688421,4709.028688,57.472,138.861,0.84,0.67,0.76,0.77,1666.6,0.41,607.19,870.19,28.87,8.16,9.9,2.1699421085,152,2.87,2.82,1.54,2.13,0.48,12.23923913,66801,8686,11.775,5.9,NA,9.03,0.47,-0.8,77.23333333,63.53333333,68.33333333,327.6666667,448.3333333,186.3333333,220,220,173,NA,NA,181,14.99186044,17.62950186,-18.36956522,-27.31521739,11974,0.458090338,-0.133870562,271225.5917,238871.7559,1455470.891,357224.9358,183703.526,61354.85824,222516.6639,51002.9316,856389.2441,135695.088,67707.3694,41793.63013,3810.196574,9596.564532,4081.499519,41093.89813,102.5239011,NA,0,453.6239608,2176.856758,34235.34238,99.40587209,785.5932246,453.6239608,1717.442246,0,6803.470033,0,12,1675.132299,5314.899312,708.7282754,3422.621306,1776.679099,4888.595658,NA,NA,NA,NA,NA,NA,0.57,0.56,0.07,34.406,3.846,119.959,156.397,6.609,110.129,0.395,14.946,2.144,21.447,141.298,7.801,NA,0.05,11.1323913,9.309007423,5.542863946,NA,9.81,5.76,5.74,5.49,6.633848315,0.048040282,0.120057524,0.198925838,0.013111298,0.80547825,120.3333333,223.3333333,271.3333333,271.6333333,29.46666667,25.4,NA,NA,NA,NA,NA,NA,NA,217,190,-0.046043939,-4.400375773,-3.725920726,3.371222281,5.411710985,0.392963039,4.360108154,-4.605170186,-0.858042258,-4.605170186,2.965144182,2.94575274,13.38552578,16.75736367,13.11448039,16.72393063,12.43116629,14.69804676,10.807159,11.09818245,12.21962539,-0.206521739,-1.576086957,0.585900049,0.579241912,31.225,689.9811093,1007.08
2002,NA,NA,4937.661832,4937.888696,51.889,135.42,0.58,0.51,0.87,0.82,1273.5,0.39,379.92,596.44,101.71,31.24,9.08,3.4059649785,124,2.78,3.13,1.46,2.3,0.26,11.79902174,68743,8741,NA,NA,NA,8.2,-0.433333333,0.1,160.5666667,261.8,135.9333333,98.66666667,264.3333333,263.6666667,218,215,174,176,215,180,14.73115148,17.77662145,-15.77173913,-22.48913043,9788,-0.331253783,-0.123779211,NA,NA,NA,NA,NA,NA,NA,NA,NA,NA,NA,NA,NA,NA,NA,NA,NA,NA,NA,NA,NA,NA,NA,NA,NA,NA,NA,NA,NA,12.9,1704.246747,5338.525787,716.8743276,3536.230922,1712.737677,4852.694891,0.57,0.4,NA,NA,0.38,0,0.68,0.69,0.14,33.58,0.758,128.452,144.83,14.252,52.286,1.462,1.833,3.508,1.27,8.575,1.711,NA,0.08,10.54978261,NA,NA,NA,10.06,5.56,5.44,5.54,5.798367953,0.100651232,0.01810513,0.419482976,0.038219202,0.806489882,398.3333333,412.6666667,78,78.3,54.73333333,25.46666667,201,198,200,NA,NA,189,NA,219,187,0.703119589,-4.605170186,-3.12356564,-0.979940756,4.066859169,1.687262777,2.514263206,-4.605170186,-0.043429563,1.130595336,4.628959952,3.549689218,13.16526577,17.76628655,12.73510551,16.4592438,11.58452028,13.71559188,11.5511553,13.1276275,11.79339408,5.652173913,3.576086957,-0.261742061,0.204353076,31.4695,NA,1009.2
2003,2153.3512704,6143.6332545,5205.007711,5201.07162,55.748,141.727,0.67,0.72,0.8,0.74,1672.7,0.21,300.5,1103.39,27.94,5.86,20.37,2.6422081019999997,132,3.08,3.1,1.43,1.37,0.09,12.76923913,90819,14900,13.80256173,5.575349266,NA,9.31,1.98,0.8,205.8666667,165.8666667,60.06666667,383.6666667,346,61.66666667,216,212,178,181,208,183,14.9419533,17.62954609,-10.04347826,-10.31521739,7051,1.717097086,1.188453189,163615.749265,257055.39365500002,1502504.1527500001,329826.95365,160496.379665,55337.61106,140888.654745,62152.123595,325098.99485,66573.654814,43274.064085,54798.94236,8322.646824,12306.0005055,2882.6399345,24097.136256,63.048769050000004,29.18293013,0,165.27244,4463.0883593,30382.723555,37740.068448059996,2033.0746010000003,165.27244,1060.237928,338.24937245,15291.517748,3293.8642255,6,1773.254698,5508.109278,730.9846517,3643.576412,1682.936559,4859.796602,NA,NA,NA,NA,NA,NA,0.56,0.5,0.11,18.641,0.606,68.381,112.781,2.854,83.619,0.052,7.999,0.394,0.172,52.235,3.675,NA,0.03,11.0426087,9.006015661,5.118043507,NA,10.55,8.66,5.58,5.24,6.231231672,0.051387958,0.067947533,0.273168147,0.009486405,0.84166695,189.6666667,344,429.3333333,222,52.96666667,21.5,NA,NA,NA,NA,NA,NA,NA,228,192,-0.951486224,-4.605170186,-2.773478006,2.903799716,4.29870843,0.279397853,3.19557794,1.570697088,-1.00200425,2.316347108,4.693141825,2.188776309,13.33728926,16.97384983,13.10189941,16.88079884,12.66939777,14.87173539,3.63758616,7.775275846,12.3722013,3.52173913,2.163043478,1.666905783,0.7908487,30.88588889,1034.188033,1005.06
2004,NA,NA,5496.848657,5496.841243,54.788,138.334,0.43,0.34,0.79,0.76,1327.1,0.29,327.54,790.89,65.8,12.8,9.48,2.9043439355,132,3.9,4.96,2.22,1.66,0.29,13.9451087,114705,16536,NA,NA,NA,9.33,0.413333333,0.2,201.6666667,473,107.4,81,313.3333333,249,220,218,170,180,202,177,14.91505075,17.89613211,-1.152173913,-0.97826087,10490,0.393391363,1.354395773,NA,NA,NA,NA,NA,NA,NA,NA,NA,NA,NA,NA,NA,NA,NA,NA,NA,NA,NA,NA,NA,NA,NA,NA,NA,NA,NA,NA,NA,11.1,1876.229978,5729.026173,753.4524454,3787.877784,1689.801927,4904.220262,0.52,0.29,0.13,NA,0.07,NA,0.63,0.06,0.17,24.986,9.826,35.709,18.386,3.441,25.521,1.877,2.428,1.819,2.213,12.127,6.365,87.61174263,0.06,11.53141304,NA,NA,NA,10.61,6.76,5.61,5.69,5.924013889,0.112129999,0.024545394,0.297294557,0.018290425,0.726127812,140.3333333,499.3333333,165.3333333,88.6,89.03333333,374.5,201,200,NA,210,NA,195,182,232,196,0.497270531,-3.258278373,-4.526527059,3.805217001,5.820976785,-0.454559864,1.804696278,1.657751781,1.850283883,1.152547922,5.252392535,2.206528364,13.19314984,17.9081273,12.88924777,17.22134501,12.33480881,14.67198079,8.847503626,12.17585052,11.88968241,-0.543478261,0.673913043,0.273020227,0.753569223,31.276,NA,1008.56
2005,1667.9702795,4633.984118,5790.74221,5788.004199,53.532,137.634,0.35,0.28,0.71,0.73,1102.8,0.21,194.76,750.18,17.42,12.61,70.82,2.8135892855,128,2.04,3.21,1.57,2.28,0.28,13.77826087,97274,18412,14.66458121,5.935893585,5.622568013,10.21,0.36,0.1,94.66666667,239.8333333,97.36666667,147.6666667,348.3333333,137.3333333,221,221,172,193,211,183,14.55357183,16.27470719,-4.684782609,-4.717391304,11366,0.490349115,1.777553758,160664.22591,225670.10104,1005124.3171000001,296400.182025,123726.793295,58893.268985,127880.72541,49632.10587,524440.77645,76238.29394250001,49756.529195,45410.184865,6250.5460365,11692.26979634,4098.8751195,13338.59481345,131.498469975,0,0,11400.706045,15147.302065,27392.10452,27966.017128,3591.306458,11400.706045,1971.5400215,752.1903685,16985.41839,9663.850418345,6.8,1999.919735,6067.887153,788.0926954,3955.309289,1731.217355,4966.810847,0.58,0.43,0.53,0.63,0.13,0.33,0.61,0.04,0.18,16.068,5.621,41.812,67.597,1.144,53.311,0.458,3.882,1.62,2.39,25.377,4.967,54.24711352,0.02,12.07586957,9.644639037,5.257674059,4.669362939,13.48,7.86,5.17,5.31,6.157821229,0.092433813,0.054051054,0.339586973,0.020582277,0.786043134,104.3333333,103,50.66666667,257.0333333,206.3333333,49.1,194,198,186,208,199,212,186,230,199,1.281189573,-3.584535126,-2.034368731,2.288090346,5.272671347,3.923900938,2.467865993,1.942229906,-1.394260696,1.925707418,4.618576213,4.011755923,13.54595782,16.89383783,13.2240622,17.27161737,12.23708185,14.44448662,10.57699309,12.85722005,12.04391248,3.163043478,1.010869565,0.410400391,1.519695362,30.94433333,2621.711579,1008.15
2006,NA,NA,6086.253771,6093.354999,55.597,137.644,0.48,0.41,0.71,0.71,2134.4,0.29,583,1400.26,42.97,6.92,20.74,2.5895962194999997,148,2.58,2.36,2.23,2.49,0.16,12.41554348,83580,18120,NA,NA,5.677807804,8.75,0.63,-0.7,229.8333333,155.0333333,82.3,188,217.3333333,220.6666667,232,228,179,199,210,205,14.53949921,17.61960845,1.173913043,-1.967391304,9967,0.503257282,0.575569602,NA,NA,NA,NA,NA,NA,NA,NA,NA,NA,NA,NA,NA,NA,NA,NA,NA,NA,NA,NA,NA,NA,NA,NA,NA,NA,NA,NA,NA,8.6,2139.563439,6433.629855,832.9053793,4146.359539,1800.975347,5031.773068,0.57,0.51,0.65,0.36,0.46,0.74,0.56,0.53,0.23,123.437,4.754,27.939,370.223,11.957,44.792,0.463,8.839,4.486,3.406,5.158,9.146,65.28818408,0.05,10.29065217,NA,NA,5.345936746,10.93,6.4,5.69,5.72,5.834024064,0.126672828,0.063376787,0.491837114,0.027056042,0.79519678,124.3333333,113.6666667,78,87.23333333,32.3,79.36666667,204,208,187,212,206,198,NA,231,196,-0.506507283,-4.007943495,-3.994839548,2.510208825,6.153090794,3.263097766,2.265079492,0.317934111,-1.388153825,1.902533878,4.517620134,2.193770434,12.70272125,17.96599354,12.78286577,17.02672567,12.1051965,12.98179471,11.20201571,14.5184838,11.92990404,8.239130435,7.097826087,0.026684025,0.273811714,31.12133333,NA,1010.11
2007,1536.12989765,4235.40518245,6373.465231,6389.826635,56.745,139.947,0.38,0.59,0.78,0.82,3420.2,0.31,883.8,2010.72,274.12,15.26,7.2,2.1371310625,160,1.17,1.58,1.56,2.49,0.53,12.3075,82357,15992,13.56358545,5.687665536,5.296107539,8.94,0.063333333,0.6,106.9,162.7,72.86666667,190,322.6666667,121,225,224,181,196,218,193,14.68323018,16.58649499,-3.913043478,-12.63043478,11571,-0.252346742,-0.317210121,130229.843876,173880.98779,1033495.2989,232417.9413,157903.46249499999,62398.237755,95185.7711,44652.129955,477315.64505,84248.845988,53538.88845,39799.559515,5784.0819315,11307.3685205,6014.30675,32763.60603,109.63445680000001,111.7533,14704.91734,607.1730805,11315.635444,22071.7972,16406.0285449,4164.255799,607.1730805,2246.9398035,570.685021465,17145.137265,14659.988857,10.6,2287.388439,6831.260211,883.9983394,4360.530839,1877.703634,5090.3944,0.52,0.48,0.44,0.13,0.18,0.25,0.58,0.03,0.18,125.362,4.322,2.619,183.569,33.269,80.035,2.178,3.479,22.001,29.603,28.05,7.308,NA,0.09,10.16043478,8.143788558,4.894492971,4.887919137,12.63,5.73,4.96,4.93,5.12196,0.052313432,0.051598232,0.188251451,0.028133409,0.782539201,236,402,80.66666667,73.73333333,85.9,493.8,207,205,183,220,211,205,188,239,205,-0.928929222,-4.605170186,-1.853386781,2.126742508,5.440256274,3.86770189,1.236133506,0.514319492,-1.476011764,1.666054497,6.087746122,3.267410397,13.21881836,17.56156526,12.61418092,15.98897236,12.06226578,13.42257019,11.9924895,14.68678677,12.33512967,2.130434783,0.760869565,-0.539506073,-0.419995297,31.578,2913.769244,1009.83
2008,NA,NA,6643.614548,6653.926164,51.95,133.631,0.56,0.54,0.82,0.7,2802.3,0.23,548.65,1874.59,100.91,70.04,33.63,2.580772372,136,2.32,2.36,1.27,1.92,0.37,10.87771739,100282,21493,NA,NA,5.499568907,7.91,-0.783333333,-1.1,68.06666667,35.73333333,33.06666667,111,533,252,226,226,178,184,211,186,14.78457702,17.4557624,-17.06521739,-26.27173913,14386,-0.639770763,-0.721389802,NA,NA,NA,NA,NA,NA,NA,NA,NA,NA,NA,NA,NA,NA,NA,NA,NA,NA,NA,NA,NA,NA,NA,NA,NA,NA,NA,NA,NA,9.4,2421.10137,7205.550087,941.1891423,4624.090655,1972.419465,5182.594166,NA,NA,NA,NA,NA,NA,0.66,0.4,0.08,93.153,0.998,57.803,181.038,20.817,27.191,0.301,1.847,13.009,0.375,42.438,2.026,NA,0.48,9.61173913,NA,NA,5.386622743,11.39,4.99,5.25,5.17,5.458868176,0.044079045,0.038676422,0.081502363,0.020964611,0.649000231,245.3333333,326,73.33333333,206.6666667,68,64.86666667,NA,NA,NA,NA,NA,NA,NA,236,199,-0.076723064,-4.415039617,-3.222778415,1.316408238,6.60924411,3.33030671,2.259182551,-4.605170186,-0.085403076,2.507360993,4.967202166,3.890830359,12.61358898,16.72558712,12.573299220000001,17.13509809,11.9459344,14.00088495,11.61162988,14.15792226,12.42497522,-1.336956522,-3.717391304,-0.525662363,-0.515396448,31.1005,NA,1009.3
2009,1707.28327745,5628.367315650001,6882.505952,6892.397426,51.848,138.595,0.61,0.55,0.8,0.83,2879.6,0.34,841.06,1602.19,162.23,28.74,11.21,3.1632192425000003,132,2.33,2.96,1.01,2.06,0.04,12.05847826,117514,18109,12.65555451,5.733888476,5.428494551,9.36,-1.273333333,-1,46.36666667,80.23333333,51.36666667,90.66666667,203.6666667,100.6666667,223,224,181,186,213,177,14.76623982,17.00613093,-2.119565217,-3.826086957,14776,-0.536039057,0.034265208,390801.660995,408474.952225,878377.536,271303.94675,119467.21329,71383.296655,92886.80479,43366.35504,477968.04280000005,94243.6900965,53672.091372505,40647.010055000006,9471.9602545,9190.91552,4239.2692525,14161.612322,56.525072625,0,22024.8487,1597.97840355,7975.940229149999,31367.393219999998,5070.0339241500005,3786.913842,1597.97840355,979.5403451,1294.146398475,20274.4585265,20437.438601075002,6.6,2519.381074,7542.759615,1003.772349,4906.095179,2081.75814,5327.29031,0.56,0.4,0.27,0.4,0,0.23,0.86,0.01,0.12,26.805,0.456,18.346,148.498,14.594,36.338,0,1.777,2.989,1.384,45.94,1.602,60.37799156,0.48,9.88423913,8.043443165,5.10440143,5.072811605,11.38,6.16,5.17,5.25,5.321343511,0.044213988,0.050024924,0.127535537,0.02429679,0.742567044,83,90.33333333,102,61.13333333,47.06666667,31.26666667,207,201,182,211,206,193,182,237,187,1.927895726,-4.244818899,-3.021396079,3.391806769,5.148805496,3.0730695,0.988895463,-4.605170186,0.386718716,3.42259642,6.149290843,2.947755685,12.78596154,18.0807016,12.49287433,15.9975986,12.24597582,13.25500087,11.97791027,13.10171567,12.01263958,3.086956522,1.489130435,-0.769324253,-0.309307754,31.37766667,2756.467857,1013.47
2010,NA,NA,7065.548868,7077.975442,54.747,156.728,0.16,0.14,0.68,0.67,1808.7,0.15,154.12,877.55,324.03,10.38,13.58,2.390726722,140,4.11,2.95,2.05,2.11,0.17,11.73652174,114424,18469,NA,NA,4.939675905,9.35,0.576666667,0.9,126.3666667,362.3,328.5,187.6666667,638.6666667,552.3333333,221,222,178,174,216,194,14.65333497,17.89454329,-16.80434783,-3.304347826,17874,0.518499042,0.560862804,NA,NA,NA,NA,NA,NA,NA,NA,NA,NA,NA,NA,NA,NA,NA,NA,NA,NA,NA,NA,NA,NA,NA,NA,NA,NA,NA,NA,NA,10.9,2581.798784,7821.769874,1059.654349,5226.445139,2187.871177,5574.330171,0.44,0.42,0.57,0.26,0.22,0.58,0.47,0.09,0.09,24.199,0.203,33.156,391.508,3.172,19.092,0.171,5.561,0.54,1.417,69.916,3.563,66.57074831,0.22,9.728913043,NA,NA,4.789509631,12.96,6.79,4.74,5.92,6.071401274,0.076877331,0.031610054,0.168856516,0.025181795,0.687152048,174,347.3333333,255.6666667,149.0666667,92.03333333,118.7,206,201,185,212,209,195,182,245,191,1.522243524,-3.836180416,-0.863456738,3.39562186,4.594768529,3.789945419,2.260917876,0.096824213,-4.605170186,1.333245132,5.22995465,2.356463098,12.74599871,17.30288402,12.14672065,16.62746439,11.46629497,12.88924524,11.24886877,13.71587474,11.94134509,5.032608696,-2.641304348,0.297338883,0.309445685,31.24533333,NA,1006.49
2011,1469.651754,4217.1972735,7209.605635,7204.019921,49.459,135.373,0.47,0.51,0.62,0.51,1723.1,0.33,508.89,1014.47,44.24,4.49,7.2,2.1082091565,144,1.51,1.11,0.82,0.99,0.02,12.36608696,107765,21906,13.62795891,5.95194395,5.586404536,8.65,-0.986666667,-1.8,153.8333333,130.8333333,163.7,114,320.6666667,254.3333333,224,219,182,178,212,182,14.55110497,16.87442376,-15.9673913,-14.65217391,19419,0.421250032,0.470243264,248500.41523,386879.90627,882477.0534,186767.83292999998,131954.24616,55524.179435,81004.79091,38282.173065,512832.94365,61651.5819315,38309.401030525005,44202.531235,8092.981999,9843.5087355,5584.387375,17431.327725,25.440488195,0,15953.1720665,77.84377675,6382.67619045,46129.069835,56904.634425,2974.5479585,77.84377675,1102.9279084,5303.611814,13983.487785000001,1625.7304665,5,2619.334842,8054.22388,1104.87278,5535.576231,2284.71224,5905.318152,0.15,0.08,0.05,0,0,0.15,0.46,0,0.1,9.061,3.664,75.272,180.778,2.639,59.987,0.955,2.576,2.56,1.754,182.192,3.054,81.16714891,0.38,9.960978261,8.287732228,5.22895771,5.042045033,10.74,6.48,5.35,5.3,5.710982906,0.021409133,0.068662535,0.10033451,0.023071544,0.824145786,179,159.3333333,316,261.6333333,119.2,33.36666667,201,200,187,214,206,NA,191,234,NA,0.629844118,-4.363335486,-0.517823077,2.378730987,5.141096586,2.990001829,3.353776393,1.098195539,-0.736004628,1.950720005,5.127012021,3.270899376,12.21532471,17.10201733,12.24776626,16.64123979,11.58019151,13.4951207,10.41382306,11.83288352,11.42883708,3.369565217,-3.72826087,0.269945923,0.38980745,31.484,828.9696748,1011.13
2012,NA,NA,7294.252152,7277.365058,59.014,137.345,0.69,0.55,0.83,0.59,1464.5,0.27,341.89,903.29,34.29,17.82,21.13,1.915273119,164,3.52,3.14,2,2.16,0.12,11.39934783,76615,21384,NA,NA,5.392518146,8.48,-1.34,-1.1,86.43333333,100.8,146.5666667,72,84,179.6666667,224,228,182,163,210,189,15.17060987,18.3671422,-11.40217391,-7.358695652,13231,-0.533634764,-0.345613029,NA,NA,NA,NA,NA,NA,NA,NA,NA,NA,NA,NA,NA,NA,NA,NA,NA,NA,NA,NA,NA,NA,NA,NA,NA,NA,NA,NA,NA,7.7,2639.434968,8217.298274,1125.2933,5756.692616,2367.769519,6362.180043,0.57,0.53,0.4,0.43,0.04,0.41,NA,NA,NA,NA,NA,NA,NA,NA,NA,NA,NA,NA,NA,NA,NA,52.06675359,0.55,9.509130435,NA,NA,5.010868272,11.09,6.24,5.29,5.29,5.422078947,0.051288378,0.072393647,0.147040054,0.027063843,0.741396745,136,198.6666667,108,34.06666667,359.3,657.1666667,198,197,185,213,209,188,188,NA,NA,1.645841342,-3.727465066,-2.851185691,3.921714378,3.582546324,4.207793746,2.901154561,0.522507117,1.138408631,2.949688332,5.908469062,2.523222766,13.3762813,18.30756945,12.50172289,17.15455466,12.49326085,14.57956391,10.38322491,13.6783979,12.59428308,4.543478261,-2.152173913,-0.738394356,-0.395308923,31.3795,NA,1010.33
2013,1256.3092113,4689.45144,7318.657209,7318.316212,51.541,129.287,0.67,0.52,0.46,0.82,1170.3,0.42,349.26,477.13,35.37,11.25,19.88,2.4309427085,132,2.14,3.12,2.04,1.69,0.24,12.93663043,74131,19773,13.81308175,5.648501781,5.25768989,8.83,-0.346666667,-0.43,238.5,166.5666667,37.5,256,186,174,219,218,177,178,216,178,15.14816941,17.43167506,-5.315217391,0.576086957,5688,0.195454932,0.319124071,267380.60206,564569.19914,726939.93915,154448.2857,113473.34129,61256.22279,46823.844985,46370.111015,949557.1099500001,67936.9044975,41081.013295,43107.50643,9164.139386,4249.3000585,4430.563602,14632.958627850001,36.644647265,0,10753.8041955,431.76886705,10729.5809535,55172.82183,9550.2661756,3781.7875809999996,431.76886705,425.1317554,1267.358936055,11829.8237095,1168.3955115,4.1,2657.576471,8330.853219,1126.265558,5902.221319,2431.888489,6912.87251,0.45,0.32,0.16,0.29,0.01,0.33,0.23,0.41,0.1,21.22,2.85,40.719,1871.007,55.656,32.293,1.469,10.458,13.207,4.516,145.927,2.484,12.2989772,0.56,10.42891304,8.561831772,5.043305762,5.0509199,11.18,5.21,5.24,5.1,5.594925776,0.08287938,0.037186702,0.197365403,0.030637044,0.704260757,196,123.6666667,49.66666667,44.6,392.8333333,196.4666667,206,202,182,215,208,197,181,236,194,0.521306273,-4.605170186,-3.260172004,3.548467295,5.539502758,3.843951354,3.397120893,-0.977501441,-0.147929106,3.510798914,5.06863728,2.545362193,13.33047775,17.60671365,13.06481053,16.18340566,11.83653678,13.72613821,11.79403599,12.77171595,12.60410016,5.717391304,-0.239130435,0.048303917,-0.033111437,31.3625,754.3208399,1010.31
2014,NA,NA,7308.664696,7303.799485,58.518,140.023,0.22,0.27,0.47,0.76,1418.6,0.28,340.53,868.78,46.83,16.56,6.22,2.7389182659999998,136,3.8,2.66,2.34,2.02,0.06,12.74119565,71726,13770,NA,NA,5.618933951,9.12,0.09,-0.42,46.7,53.06666667,90.1,106.3333333,203.3333333,237.6666667,235,230,168,155,203,182,14.58744304,17.37546022,-25.92391304,-12.31521739,16957,0.440357622,1.272101497,NA,NA,NA,NA,NA,NA,NA,NA,NA,NA,NA,NA,NA,NA,NA,NA,NA,NA,NA,NA,NA,NA,NA,NA,NA,NA,NA,NA,NA,7.9,2679.254053,8420.054289,1108.370895,5980.769547,2471.916731,7500.175262,0.61,0.44,0.54,0.76,0.51,0.44,0.4,0.11,0.14,NA,NA,NA,NA,NA,NA,NA,NA,NA,NA,NA,NA,95.19061193,0.08,11.40565217,NA,NA,5.150960912,13.33,6.84,5.43,5.51,5.980626598,0.065075329,0.075454831,0.219073504,0.028803535,0.770981538,107,127.6666667,346.6666667,25.13333333,14.76666667,40.73333333,201,201,183,208,196,192,179,237,195,-0.141722461,-4.605170186,0.002338558,2.273671082,5.822310293,3.523680762,2.735685665,1.719860608,0.04362063,2.321921901,6.224292505,1.361278058,12.28995873,18.40080432,12.88953811,17.3127752,12.30524807,15.67754022,11.31514503,14.49770396,12.51197889,-0.195652174,-7.434782609,0.804075931,1.3956047600000001,31.1245,NA,1009.81
2015,1359.68712115,6595.261129050001,7267.527035,7264.133055,57.072,141.688,0.79,0.83,0.68,0.66,1224.4,0.17,186.18,884.42,64.75,16.98,13.17,1.7840029409999998,144,2.45,2.82,1.72,2.22,0.32,13.30663043,64322,10650,14.16770563,5.90773331,5.505667991,9.61,2.42,0.55,161.1333333,203.5666667,30.2,341.3333333,312.6666667,43,234,231,170,188,204,188,14.66232301,16.7276437,-14.09782609,-1.684782609,8756,2.12541139,1.955320545,139678.843375,434156.216195,950688.0883500001,172235.251475,116198.47360000001,57753.064405000005,64966.10877,48061.394995,975395.2682,57424.8140875,23935.0197132105,28360.26225,8782.7470185,7062.6250475,2539.1113455,9928.1061775,121.04818034499999,13.68965643,12863.38022,44.439138095,32898.344635,48037.758755,24939.975154,4037.746574,44.439138095,1031.14991235,641.894676,11147.2354985,6712.100165,3,2715.723579,8460.053382,1083.157815,5943.468623,2507.167731,8047.199454,0,0,0.03,0.31,0,0.29,NA,NA,NA,16.499,1.598,19.607,13.846,0.37,8.412,0.054,3.341,0.431,0.44,350.205,7.779,118.4089081,0.06,11.565,10.45518596,5.373178912,4.908998811,12.51,7.22,5.48,6.1,6.350902349,0.043923238,0.044986573,0.342313945,0.015296271,0.886279105,210.6666667,264.6666667,30.33333333,78.4,208.8333333,470.4666667,NA,NA,185,210,207,NA,179,NA,NA,0.515738214,-4.605170186,-3.669123746,3.616933553,5.631250597,3.794103884,3.600140293,1.859223385,1.683726569,2.490101458,4.879381327,2.481291859,13.0760283,16.29948703,12.2382639,15.0036006,11.91256028,13.08592551,11.45527517,11.85590505,12.15948929,2.347826087,-2.52173913,1.843249428,1.728307412,31.007,243.7165854,1007.86
2016,NA,NA,7202.686221,7203.547761,58.778,139.636,0,0.06,0.66,0.7,1090.1,0.36,316.76,560.5,14.43,44.81,85.15,1.7549905639999999,152,4.35,3.33,2.45,2.48,0.18,13.68304348,74183,10193,NA,NA,5.194023589,10.2,1.43,2.48,347.2,384.1666667,76.03333333,144.3333333,227.3333333,360.3333333,NA,NA,171,174,210,196,14.87487565,17.36589173,-9.576086957,5.402173913,9769,1.697446187,2.196735754,NA,NA,NA,NA,NA,NA,NA,NA,NA,NA,NA,NA,NA,NA,NA,NA,NA,NA,NA,NA,NA,NA,NA,NA,NA,NA,NA,NA,NA,0,2753.202165,8490.890535,1059.186843,5771.708488,2543.474362,8417.630442,0.48,0.42,0.74,0.81,0.32,0.74,NA,0,0.1,NA,NA,NA,NA,NA,NA,NA,NA,NA,NA,NA,NA,88.12556144,0.01,12.33336957,NA,NA,4.864984335,13.07,9.52,6.02,6.11,7.019774834,0.112781311,0.055623793,0.382457048,0.012798113,0.772268627,148,877.3333333,826.6666667,209.7333333,75.86666667,38.33333333,207,213,184,202,197,202,178,NA,NA,NA,NA,NA,NA,NA,NA,4.49403985,1.172482118,1.616059441,2.995950984,4.697928968,2.563789057,13.23382604,17.69895325,12.81146999,17.1151652,12.6677826,14.58640551,12.33195612,15.77249134,12.76847597,5.304347826,-2.630434783,1.654796783,2.195208847,30.861,NA,1006.59
2017,882.5561655,3777.5186515,7144.682295,7146.050858,47.105,137.562,NA,NA,NA,NA,1895.7,0.48,791.85,870.38,45.68,47.21,13.52,1.8951306115,112,0.35,0.62,0.43,1.95,0.13,12.63619565,62819,13431,14.04794409,5.953711193,5.421969283,8.56,0.88,-0.34,291.7333333,184.6333333,287.4,136.3333333,289.6666667,366.6666667,NA,NA,NA,NA,NA,NA,14.28774358,15.90697689,-24.5326087,-28.40217391,13923,1.172742107,0.775068698,56258.051632500006,156370.67728,538194.1918500001,153501.59776,122804.99609,59845.440665,86797.17525999999,54676.199385,1062891.61775,51362.9111315,25747.38025,33085.761275,6369.1340885,6306.436726,5765.868515,12767.970149499999,9.87655152,17.48096866,17802.339685,232.30761485,5118.567653,23835.869420000003,17013.913344,3452.661859,232.30761485,1257.95723795,155.5909256,18127.78965,366.36266176600003,1.6,2796.819052,8483.736382,1046.878743,5526.194072,2571.113476,8571.768839,0.66,0.53,0.06,0.02,0.22,0.46,0.37,0.1,0.09,34.751,4.961,3.476,481.296,4.941,57.874,0.557,13.851,5.345,1.142,58.254,3.063,70.03807823,0.01,10.99336957,9.374846225,5.583146281,5.318996187,11.94,6.16,5.13,5.4,6.154457084,0.066412359,0.076256443,0.346147209,0.028795864,0.839023589,113.6666667,75,156,93.66666667,59,57.26666667,201,206,184,207,208,197,183,NA,206,-0.399824795,-4.605170186,-2.445589787,2.664968711,5.43298008,4.140748946,3.583841109,0.857601736,0.05115641,1.754619922,4.996764792,-0.233967545,13.14047831,16.99095039,12.99012486,15.59837979,12.37187094,14.34064433,0.693147181,1.945910149,12.46702823,-1.434782609,-7.565217391,1.307609878,0.827733769,31.673,2112.786964,1010.26
2018,NA,NA,7075.072227,7081.805904,53.829,139.863,0.72,0.8,0.8,0.68,2418.9,0.22,486.83,1698.61,41.83,9.28,47.12,2.2918219795,108,1.17,1.76,0.57,0.81,0,12.56521739,55926,15983,NA,NA,5.556313444,8.92,0.523333333,-0.92,91.23333333,51.86666667,59.63333333,155,204.3333333,71,242,244,NA,180,208,205,14.35686694,16.868331,3.043478261,9.141304348,2926,0.703247248,1.047522144,NA,NA,NA,NA,NA,NA,NA,NA,NA,NA,NA,NA,NA,NA,NA,NA,NA,NA,NA,NA,NA,NA,NA,NA,NA,NA,NA,NA,NA,1,2829.937243,8470.193016,1044.676379,5190.314956,2602.824461,8491.409119,0.66,0.56,0.67,0.61,0.35,0.14,0.39,0.09,0.09,NA,NA,NA,NA,NA,NA,NA,NA,NA,NA,NA,NA,NA,0.04,10.47434783,NA,NA,5.132665021,13.25,5.88,5.76,5.88,6.020824859,0.025756619,0.060809798,0.363871425,0.019824748,0.933894339,157.3333333,191.6666667,212,242.6666667,56.06666667,27,202,204,191,203,200,200,180,243,202,2.300189726,-4.605170186,-3.684389549,2.5945455,5.309183305,1.833067346,4.401020571,-0.468005627,0.67851566,1.709056977,3.696585313,1.359754653,13.17751044,17.70161896,12.88363146,17.31120421,14.38398754,14.53381463,12.4223245,14.71275669,13.1645796,16.61956522,9.543478261,0.819520329,0.882647202,31.33,NA,1012.98
2019,995.45158535,4806.8646420000005,7020.568211,7037.808002,49.64,139.425,0.67,0.87,0.74,0.82,1630.5,0.22,264.88,960.73,120.04,16.08,43.93,1.8661016620000002,160,1.14,2.08,1.4,1.56,0.07,13.45880435,151775,59215,14.34631489,6.088573587,5.659140497,9.91,0.546666667,0.75,234.6666667,252.4,64.46666667,217,281,117,232,232,181,187,207,188,13.96715553,15.90522144,8.97826087,3.75,NA,1.66052477,1.670330642,88720.05172,174247.79269,557617.87005,142077.32115499998,96752.673075,52884.17201,162046.62909499998,47266.527375,821246.3021,49524.1423345,21245.330135,25335.487735000002,10238.865362,7281.857378000001,2450.4663555,15190.1881695,43.177409115,0,10728.5016535,412.38271175,7736.4739075,30674.837290000003,15559.4159451,3028.6853874999997,412.38271175,1559.6692710500001,1519.868062,11581.339625,5509.874323131,1.3,2854.364541,8446.342948,1057.510522,4886.497701,2630.763659,8273.025822,0.71,0.53,0.34,0.77,0,0.43,0.42,0.45,0.03,126.777,1.761,24.219,63.815,0.452,60.42,0.11,3.339,0.459,3.284,51.476,6.656,76.57110149,0.06,12.10141304,9.881981528,5.592911485,5.136202653,12.91,6.79,6.01,6.17,6.451123596,0.019301507,0.049648801,0.138871086,0.011243889,0.877971862,234.6666667,110.6666667,207,51.1,186.2666667,87.26666667,200,200,189,207,206,193,174,NA,186,3.314935269,-4.605170186,-4.605170186,2.195973795,4.454712636,3.456581236,4.669617609,0.864997437,-4.605170186,3.514660731,3.981321663,2.835036681,12.58039446,16.95119667,12.99760255,16.89848881,11.87438992,14.86982468,0,0,12.11800617,3.739130435,2.293478261,1.923265456,1.928943459,31.22533333,2908.615749,1009.4
2020,NA,NA,6975.502639,7000.118309,51.851,133.695,NA,NA,NA,NA,1586.8,0.48,669.53,732.19,43.48,17.86,7.93,1.9843267265,120,2.15,2.51,1.23,1.08,0.04,12.56119565,265316,101051,NA,NA,5.598104834,8.89,0.02,0.5,73.53333333,122.0333333,77.13333333,141.3333333,165,99.33333333,NA,NA,NA,NA,NA,NA,14.26408177,17.69773076,-7.532608696,-23.44565217,NA,1.091615899,0.973975421,NA,NA,NA,NA,NA,NA,NA,NA,NA,NA,NA,NA,NA,NA,NA,NA,NA,NA,NA,NA,NA,NA,NA,NA,NA,NA,NA,NA,NA,7.4,2871.838198,8477.473396,1079.553986,4691.626482,2664.701124,8050.384919,NA,NA,NA,NA,NA,NA,NA,0.27,NA,NA,NA,NA,NA,NA,NA,NA,NA,NA,NA,NA,NA,53.61265276,0.03,11.5198913,NA,NA,5.312958039,12.88,6.57,5.41,5.93,5.761584039,0.027478452,0.029476391,0.263565081,0.0113,0.905586454,183.3333333,275,60.66666667,326.6666667,497.3333333,69.2,NA,NA,NA,NA,NA,NA,NA,233,202,NA,NA,NA,NA,NA,NA,4.556630241,1.053814146,-1.672225586,2.996803129,5.272656276,2.040386958,12.44223113,17.999226,12.63241823,17.08052526,11.92513445,14.53467094,11.34396229,14.09424396,12.71272457,3.347826087,-4.27173913,1.173080343,1.133375489,31.114,NA,1011.76
2021,1061.93878665,3017.92764395,6955.268055,6962.020184,56.696,136.914,0.61,0.35,0.69,0.65,2129.1,0.34,558.51,1090.45,146.13,23.71,17.82,1.9119041635,136,0.88,2.25,0.9,1.29,0.04,12.58142857,245302,96472,13.35938774,5.916522406,5.532712578,8.89,-0.533333333,-1.05,113.5666667,161.8,61.06666667,184.3333333,243.3333333,111,222,220,180,184,213,190,14.03102508,16.680974,6.043478261,-3.076086957,15578,0.483673653,0.257394016,92087.796055,370242.283475,607980.75725,136274.98929,96754.022675,67429.83167,212786.37600500003,39480.05614,1144448.92545,60873.057478,21456.7875,23649.992415,18836.660434999998,4447.8682608,1338.253706,9744.581451,58.629420945,0,9289.6972685,1707.02668,5727.2312074500005,18279.37768,24730.724672599998,5803.828971999999,1707.02668,3626.0365208,474.5318277,21067.033155,3489.717851455,6.5,2892.01759,8559.466039,1105.686391,4553.288984,2698.546671,7939.278441,0.63,0.32,0.35,0.81,0.12,0.34,0.55,0.36,0.02,27.896,3.393,3.095,17.047,1.032,13.242,0.5,5.227,2.13,2.613,42.08,0.855,45.83810734,0.05,10.42857143,8.819142972,5.296933094,5.15729789,10.99,5.91,5.19,5,5.544821429,0.013266869,0.0257,0.2,0.03,0.937792168,136.3333333,429.6666667,65,326.8666667,229.5333333,19.7,197,198,188,209,199,192,179,231,194,1.569852133,-4.605170186,-3.272144754,2.128856511,5.984629365,4.923327328,NA,NA,NA,NA,NA,NA,11.39234978,17.0140253,11.38842743,16.53822918,11.52466627,13.14042135,10.59913161,13.85788303,10.74978491,4.413043478,-0.923913043,0.734123114,0.50374336,NA,3603.30341,1010.64
2022,NA,NA,6945.191251,NA,48.978,132.219,0.6,0.68,0.83,0.79,3022.9,0.29,749.35,1802.53,66.41,22.58,26.25,1.9850458545,128,1.45,2.08,1.49,0.61,0.2,13.0875,225820,63250,NA,NA,5.545407939,8.98,-1.44,-0.97,119.8666667,103.4666667,70.93333333,156.3333333,316.6666667,90.33333333,226,229,174,170,208,192,NA,NA,2.923913043,-7.554347826,NA,-0.228618832,0.589303829,NA,NA,NA,NA,NA,NA,NA,NA,NA,NA,NA,NA,NA,NA,NA,NA,NA,NA,NA,NA,NA,NA,NA,NA,NA,NA,NA,NA,NA,3.6,2903.11331,8636.834871,1125.529768,4493.994115,2728.942112,7889.413283,0.74,0.54,0.71,0.71,0.68,0.25,0.42,0.34,0.11,NA,NA,NA,NA,NA,NA,NA,NA,NA,NA,NA,NA,66.59928456,0.0429,10.80478261,NA,NA,5.170800013,NA,5.73,NA,5.43,6.090191781,0.038,NA,0.26,NA,0.872483221,165.6666667,187.6666667,73.33333333,44.66666667,38.86666667,64.36666667,195,201,187,209,199,193,175,NA,192,0.553612087,-4.605170186,-4.605170186,2.053803169,4.756939318,1.962268476,3.224437828,0.770686758,-1.514696076,2.225298999,4.498909404,0.567491833,NA,NA,NA,NA,NA,NA,NA,NA,NA,6.608695652,-2.27173913,-0.291589349,0.825787229,NA,NA,1010.52
