"indicator","dataset","shortName","plotName","SEMlatent","date","value","imputed","finalVal","meetsCriteria","dendClusID","dendID","minYear"
"Aequorea Water Jelly - NCC","CCIEA","waterJel_NCC","CC_NCC_cnid_11","prey",1998-01-01,NA,NA,NA,TRUE,1,"incl2026",1998
"Aequorea Water Jelly - NCC","CCIEA","waterJel_NCC","CC_NCC_cnid_11","prey",1999-01-01,0.6406784,0.6406784,0.6406784,TRUE,1,"incl2026",1998
"Aequorea Water Jelly - NCC","CCIEA","waterJel_NCC","CC_NCC_cnid_11","prey",2000-01-01,0.66625625,0.66625625,0.66625625,TRUE,1,"incl2026",1998
"Aequorea Water Jelly - NCC","CCIEA","waterJel_NCC","CC_NCC_cnid_11","prey",2001-01-01,0.23252407,0.23252407,0.23252407,TRUE,1,"incl2026",1998
"Aequorea Water Jelly - NCC","CCIEA","waterJel_NCC","CC_NCC_cnid_11","prey",2002-01-01,0.6842241,0.6842241,0.6842241,TRUE,1,"incl2026",1998
"Aequorea Water Jelly - NCC","CCIEA","waterJel_NCC","CC_NCC_cnid_11","prey",2003-01-01,0.3429588,0.3429588,0.3429588,TRUE,1,"incl2026",1998
"Aequorea Water Jelly - NCC","CCIEA","waterJel_NCC","CC_NCC_cnid_11","prey",2004-01-01,0.58017236,0.58017236,0.58017236,TRUE,1,"incl2026",1998
"Aequorea Water Jelly - NCC","CCIEA","waterJel_NCC","CC_NCC_cnid_11","prey",2005-01-01,0.11178977,0.11178977,0.11178977,TRUE,1,"incl2026",1998
"Aequorea Water Jelly - NCC","CCIEA","waterJel_NCC","CC_NCC_cnid_11","prey",2006-01-01,0.7603705,0.7603705,0.7603705,TRUE,1,"incl2026",1998
"Aequorea Water Jelly - NCC","CCIEA","waterJel_NCC","CC_NCC_cnid_11","prey",2007-01-01,0.054854263,0.054854263,0.054854263,TRUE,1,"incl2026",1998
"Aequorea Water Jelly - NCC","CCIEA","waterJel_NCC","CC_NCC_cnid_11","prey",2008-01-01,0.36657837,0.36657837,0.36657837,TRUE,1,"incl2026",1998
"Aequorea Water Jelly - NCC","CCIEA","waterJel_NCC","CC_NCC_cnid_11","prey",2009-01-01,0.23895288,0.23895288,0.23895288,TRUE,1,"incl2026",1998
"Aequorea Water Jelly - NCC","CCIEA","waterJel_NCC","CC_NCC_cnid_11","prey",2010-01-01,0.26385406,0.26385406,0.26385406,TRUE,1,"incl2026",1998
"Aequorea Water Jelly - NCC","CCIEA","waterJel_NCC","CC_NCC_cnid_11","prey",2011-01-01,0.15402502,0.15402502,0.15402502,TRUE,1,"incl2026",1998
"Aequorea Water Jelly - NCC","CCIEA","waterJel_NCC","CC_NCC_cnid_11","prey",2012-01-01,0.59730685,0.59730685,0.59730685,TRUE,1,"incl2026",1998
"Aequorea Water Jelly - NCC","CCIEA","waterJel_NCC","CC_NCC_cnid_11","prey",2013-01-01,0.18368483,0.18368483,0.18368483,TRUE,1,"incl2026",1998
"Aequorea Water Jelly - NCC","CCIEA","waterJel_NCC","CC_NCC_cnid_11","prey",2014-01-01,0.8414094,0.8414094,0.8414094,TRUE,1,"incl2026",1998
"Aequorea Water Jelly - NCC","CCIEA","waterJel_NCC","CC_NCC_cnid_11","prey",2015-01-01,1.9629973,1.9629973,1.9629973,TRUE,1,"incl2026",1998
"Aequorea Water Jelly - NCC","CCIEA","waterJel_NCC","CC_NCC_cnid_11","prey",2016-01-01,1.7315409,1.7315409,1.7315409,TRUE,1,"incl2026",1998
"Aequorea Water Jelly - NCC","CCIEA","waterJel_NCC","CC_NCC_cnid_11","prey",2017-01-01,0.29708454,0.29708454,0.29708454,TRUE,1,"incl2026",1998
"Aequorea Water Jelly - NCC","CCIEA","waterJel_NCC","CC_NCC_cnid_11","prey",2018-01-01,1.2122161,1.2122161,1.2122161,TRUE,1,"incl2026",1998
"Aequorea Water Jelly - NCC","CCIEA","waterJel_NCC","CC_NCC_cnid_11","prey",2019-01-01,0.7509709,0.7509709,0.7509709,TRUE,1,"incl2026",1998
"Aequorea Water Jelly - NCC","CCIEA","waterJel_NCC","CC_NCC_cnid_11","prey",2020-01-01,1.1484511,1.1484511,1.1484511,TRUE,1,"incl2026",1998
"Aequorea Water Jelly - NCC","CCIEA","waterJel_NCC","CC_NCC_cnid_11","prey",2021-01-01,1.6869168,1.6869168,1.6869168,TRUE,1,"incl2026",1998
"AllSeaLionsBonn_2025","SEM_data_2025","AllSeaLionsBonn_2025","CC_NCC_mamm_129","predator",1998-01-01,NA,NA,NA,TRUE,2,"incl2026",1998
"AllSeaLionsBonn_2025","SEM_data_2025","AllSeaLionsBonn_2025","CC_NCC_mamm_129","predator",1999-01-01,NA,NA,NA,TRUE,2,"incl2026",1998
"AllSeaLionsBonn_2025","SEM_data_2025","AllSeaLionsBonn_2025","CC_NCC_mamm_129","predator",2000-01-01,NA,NA,NA,TRUE,2,"incl2026",1998
"AllSeaLionsBonn_2025","SEM_data_2025","AllSeaLionsBonn_2025","CC_NCC_mamm_129","predator",2001-01-01,NA,NA,NA,TRUE,2,"incl2026",1998
"AllSeaLionsBonn_2025","SEM_data_2025","AllSeaLionsBonn_2025","CC_NCC_mamm_129","predator",2002-01-01,14,14,14,TRUE,2,"incl2026",1998
"AllSeaLionsBonn_2025","SEM_data_2025","AllSeaLionsBonn_2025","CC_NCC_mamm_129","predator",2003-01-01,32,32,32,TRUE,2,"incl2026",1998
"AllSeaLionsBonn_2025","SEM_data_2025","AllSeaLionsBonn_2025","CC_NCC_mamm_129","predator",2004-01-01,38,38,38,TRUE,2,"incl2026",1998
"AllSeaLionsBonn_2025","SEM_data_2025","AllSeaLionsBonn_2025","CC_NCC_mamm_129","predator",2005-01-01,45,45,45,TRUE,2,"incl2026",1998
"AllSeaLionsBonn_2025","SEM_data_2025","AllSeaLionsBonn_2025","CC_NCC_mamm_129","predator",2006-01-01,50,50,50,TRUE,2,"incl2026",1998
"AllSeaLionsBonn_2025","SEM_data_2025","AllSeaLionsBonn_2025","CC_NCC_mamm_129","predator",2007-01-01,56,56,56,TRUE,2,"incl2026",1998
"AllSeaLionsBonn_2025","SEM_data_2025","AllSeaLionsBonn_2025","CC_NCC_mamm_129","predator",2008-01-01,63,63,63,TRUE,2,"incl2026",1998
"AllSeaLionsBonn_2025","SEM_data_2025","AllSeaLionsBonn_2025","CC_NCC_mamm_129","predator",2009-01-01,52,52,52,TRUE,2,"incl2026",1998
"AllSeaLionsBonn_2025","SEM_data_2025","AllSeaLionsBonn_2025","CC_NCC_mamm_129","predator",2010-01-01,79,79,79,TRUE,2,"incl2026",1998
"AllSeaLionsBonn_2025","SEM_data_2025","AllSeaLionsBonn_2025","CC_NCC_mamm_129","predator",2011-01-01,57,57,57,TRUE,2,"incl2026",1998
"AllSeaLionsBonn_2025","SEM_data_2025","AllSeaLionsBonn_2025","CC_NCC_mamm_129","predator",2012-01-01,47,47,47,TRUE,2,"incl2026",1998
"AllSeaLionsBonn_2025","SEM_data_2025","AllSeaLionsBonn_2025","CC_NCC_mamm_129","predator",2013-01-01,62,62,62,TRUE,2,"incl2026",1998
"AllSeaLionsBonn_2025","SEM_data_2025","AllSeaLionsBonn_2025","CC_NCC_mamm_129","predator",2014-01-01,68,68,68,TRUE,2,"incl2026",1998
"AllSeaLionsBonn_2025","SEM_data_2025","AllSeaLionsBonn_2025","CC_NCC_mamm_129","predator",2015-01-01,139,139,139,TRUE,2,"incl2026",1998
"AllSeaLionsBonn_2025","SEM_data_2025","AllSeaLionsBonn_2025","CC_NCC_mamm_129","predator",2016-01-01,120,120,120,TRUE,2,"incl2026",1998
"AllSeaLionsBonn_2025","SEM_data_2025","AllSeaLionsBonn_2025","CC_NCC_mamm_129","predator",2017-01-01,91,91,91,TRUE,2,"incl2026",1998
"AllSeaLionsBonn_2025","SEM_data_2025","AllSeaLionsBonn_2025","CC_NCC_mamm_129","predator",2018-01-01,82,82,82,TRUE,2,"incl2026",1998
"AllSeaLionsBonn_2025","SEM_data_2025","AllSeaLionsBonn_2025","CC_NCC_mamm_129","predator",2019-01-01,58,58,58,TRUE,2,"incl2026",1998
"AllSeaLionsBonn_2025","SEM_data_2025","AllSeaLionsBonn_2025","CC_NCC_mamm_129","predator",2020-01-01,52,52,52,TRUE,2,"incl2026",1998
"AllSeaLionsBonn_2025","SEM_data_2025","AllSeaLionsBonn_2025","CC_NCC_mamm_129","predator",2021-01-01,72,72,72,TRUE,2,"incl2026",1998
"AllSeaLionsBonn_2yrLead_2025","SEM_data_2025","AllSeaLionsBonn_2yrLead_2025","CC_NCC_mamm_131","predator",1998-01-01,NA,NA,NA,TRUE,3,"incl2026",1998
"AllSeaLionsBonn_2yrLead_2025","SEM_data_2025","AllSeaLionsBonn_2yrLead_2025","CC_NCC_mamm_131","predator",1999-01-01,NA,NA,NA,TRUE,3,"incl2026",1998
"AllSeaLionsBonn_2yrLead_2025","SEM_data_2025","AllSeaLionsBonn_2yrLead_2025","CC_NCC_mamm_131","predator",2000-01-01,14,14,14,TRUE,3,"incl2026",1998
"AllSeaLionsBonn_2yrLead_2025","SEM_data_2025","AllSeaLionsBonn_2yrLead_2025","CC_NCC_mamm_131","predator",2001-01-01,32,32,32,TRUE,3,"incl2026",1998
"AllSeaLionsBonn_2yrLead_2025","SEM_data_2025","AllSeaLionsBonn_2yrLead_2025","CC_NCC_mamm_131","predator",2002-01-01,38,38,38,TRUE,3,"incl2026",1998
"AllSeaLionsBonn_2yrLead_2025","SEM_data_2025","AllSeaLionsBonn_2yrLead_2025","CC_NCC_mamm_131","predator",2003-01-01,45,45,45,TRUE,3,"incl2026",1998
"AllSeaLionsBonn_2yrLead_2025","SEM_data_2025","AllSeaLionsBonn_2yrLead_2025","CC_NCC_mamm_131","predator",2004-01-01,50,50,50,TRUE,3,"incl2026",1998
"AllSeaLionsBonn_2yrLead_2025","SEM_data_2025","AllSeaLionsBonn_2yrLead_2025","CC_NCC_mamm_131","predator",2005-01-01,56,56,56,TRUE,3,"incl2026",1998
"AllSeaLionsBonn_2yrLead_2025","SEM_data_2025","AllSeaLionsBonn_2yrLead_2025","CC_NCC_mamm_131","predator",2006-01-01,63,63,63,TRUE,3,"incl2026",1998
"AllSeaLionsBonn_2yrLead_2025","SEM_data_2025","AllSeaLionsBonn_2yrLead_2025","CC_NCC_mamm_131","predator",2007-01-01,52,52,52,TRUE,3,"incl2026",1998
"AllSeaLionsBonn_2yrLead_2025","SEM_data_2025","AllSeaLionsBonn_2yrLead_2025","CC_NCC_mamm_131","predator",2008-01-01,79,79,79,TRUE,3,"incl2026",1998
"AllSeaLionsBonn_2yrLead_2025","SEM_data_2025","AllSeaLionsBonn_2yrLead_2025","CC_NCC_mamm_131","predator",2009-01-01,57,57,57,TRUE,3,"incl2026",1998
"AllSeaLionsBonn_2yrLead_2025","SEM_data_2025","AllSeaLionsBonn_2yrLead_2025","CC_NCC_mamm_131","predator",2010-01-01,47,47,47,TRUE,3,"incl2026",1998
"AllSeaLionsBonn_2yrLead_2025","SEM_data_2025","AllSeaLionsBonn_2yrLead_2025","CC_NCC_mamm_131","predator",2011-01-01,62,62,62,TRUE,3,"incl2026",1998
"AllSeaLionsBonn_2yrLead_2025","SEM_data_2025","AllSeaLionsBonn_2yrLead_2025","CC_NCC_mamm_131","predator",2012-01-01,68,68,68,TRUE,3,"incl2026",1998
"AllSeaLionsBonn_2yrLead_2025","SEM_data_2025","AllSeaLionsBonn_2yrLead_2025","CC_NCC_mamm_131","predator",2013-01-01,139,139,139,TRUE,3,"incl2026",1998
"AllSeaLionsBonn_2yrLead_2025","SEM_data_2025","AllSeaLionsBonn_2yrLead_2025","CC_NCC_mamm_131","predator",2014-01-01,120,120,120,TRUE,3,"incl2026",1998
"AllSeaLionsBonn_2yrLead_2025","SEM_data_2025","AllSeaLionsBonn_2yrLead_2025","CC_NCC_mamm_131","predator",2015-01-01,91,91,91,TRUE,3,"incl2026",1998
"AllSeaLionsBonn_2yrLead_2025","SEM_data_2025","AllSeaLionsBonn_2yrLead_2025","CC_NCC_mamm_131","predator",2016-01-01,82,82,82,TRUE,3,"incl2026",1998
"AllSeaLionsBonn_2yrLead_2025","SEM_data_2025","AllSeaLionsBonn_2yrLead_2025","CC_NCC_mamm_131","predator",2017-01-01,58,58,58,TRUE,3,"incl2026",1998
"AllSeaLionsBonn_2yrLead_2025","SEM_data_2025","AllSeaLionsBonn_2yrLead_2025","CC_NCC_mamm_131","predator",2018-01-01,52,52,52,TRUE,3,"incl2026",1998
"AllSeaLionsBonn_2yrLead_2025","SEM_data_2025","AllSeaLionsBonn_2yrLead_2025","CC_NCC_mamm_131","predator",2019-01-01,72,72,72,TRUE,3,"incl2026",1998
"AllSeaLionsBonn_2yrLead_2025","SEM_data_2025","AllSeaLionsBonn_2yrLead_2025","CC_NCC_mamm_131","predator",2020-01-01,73,73,73,TRUE,3,"incl2026",1998
"AllSeaLionsBonn_2yrLead_2025","SEM_data_2025","AllSeaLionsBonn_2yrLead_2025","CC_NCC_mamm_131","predator",2021-01-01,104,104,104,TRUE,3,"incl2026",1998
"AllSeaLionsEMB_2025","SEM_data_2025","AllSeaLionsEMB_2025","CC_NCC_mamm_128","predator",1998-01-01,114,114,114,TRUE,4,"incl2026",1998
"AllSeaLionsEMB_2025","SEM_data_2025","AllSeaLionsEMB_2025","CC_NCC_mamm_128","predator",1999-01-01,25,25,25,TRUE,4,"incl2026",1998
"AllSeaLionsEMB_2025","SEM_data_2025","AllSeaLionsEMB_2025","CC_NCC_mamm_128","predator",2000-01-01,60,60,60,TRUE,4,"incl2026",1998
"AllSeaLionsEMB_2025","SEM_data_2025","AllSeaLionsEMB_2025","CC_NCC_mamm_128","predator",2001-01-01,160,160,160,TRUE,4,"incl2026",1998
"AllSeaLionsEMB_2025","SEM_data_2025","AllSeaLionsEMB_2025","CC_NCC_mamm_128","predator",2002-01-01,277,277,277,TRUE,4,"incl2026",1998
"AllSeaLionsEMB_2025","SEM_data_2025","AllSeaLionsEMB_2025","CC_NCC_mamm_128","predator",2003-01-01,356,356,356,TRUE,4,"incl2026",1998
"AllSeaLionsEMB_2025","SEM_data_2025","AllSeaLionsEMB_2025","CC_NCC_mamm_128","predator",2004-01-01,107,107,107,TRUE,4,"incl2026",1998
"AllSeaLionsEMB_2025","SEM_data_2025","AllSeaLionsEMB_2025","CC_NCC_mamm_128","predator",2005-01-01,206,206,206,TRUE,4,"incl2026",1998
"AllSeaLionsEMB_2025","SEM_data_2025","AllSeaLionsEMB_2025","CC_NCC_mamm_128","predator",2006-01-01,104,104,104,TRUE,4,"incl2026",1998
"AllSeaLionsEMB_2025","SEM_data_2025","AllSeaLionsEMB_2025","CC_NCC_mamm_128","predator",2007-01-01,123,123,123,TRUE,4,"incl2026",1998
"AllSeaLionsEMB_2025","SEM_data_2025","AllSeaLionsEMB_2025","CC_NCC_mamm_128","predator",2008-01-01,162,162,162,TRUE,4,"incl2026",1998
"AllSeaLionsEMB_2025","SEM_data_2025","AllSeaLionsEMB_2025","CC_NCC_mamm_128","predator",2009-01-01,173,173,173,TRUE,4,"incl2026",1998
"AllSeaLionsEMB_2025","SEM_data_2025","AllSeaLionsEMB_2025","CC_NCC_mamm_128","predator",2010-01-01,229,229,229,TRUE,4,"incl2026",1998
"AllSeaLionsEMB_2025","SEM_data_2025","AllSeaLionsEMB_2025","CC_NCC_mamm_128","predator",2011-01-01,242,242,242,TRUE,4,"incl2026",1998
"AllSeaLionsEMB_2025","SEM_data_2025","AllSeaLionsEMB_2025","CC_NCC_mamm_128","predator",2012-01-01,240,240,240,TRUE,4,"incl2026",1998
"AllSeaLionsEMB_2025","SEM_data_2025","AllSeaLionsEMB_2025","CC_NCC_mamm_128","predator",2013-01-01,739,739,739,TRUE,4,"incl2026",1998
"AllSeaLionsEMB_2025","SEM_data_2025","AllSeaLionsEMB_2025","CC_NCC_mamm_128","predator",2014-01-01,1420,1420,1420,TRUE,4,"incl2026",1998
"AllSeaLionsEMB_2025","SEM_data_2025","AllSeaLionsEMB_2025","CC_NCC_mamm_128","predator",2015-01-01,2340,2340,2340,TRUE,4,"incl2026",1998
"AllSeaLionsEMB_2025","SEM_data_2025","AllSeaLionsEMB_2025","CC_NCC_mamm_128","predator",2016-01-01,3834,3834,3834,TRUE,4,"incl2026",1998
"AllSeaLionsEMB_2025","SEM_data_2025","AllSeaLionsEMB_2025","CC_NCC_mamm_128","predator",2017-01-01,1204,1204,1204,TRUE,4,"incl2026",1998
"AllSeaLionsEMB_2025","SEM_data_2025","AllSeaLionsEMB_2025","CC_NCC_mamm_128","predator",2018-01-01,1030,1030,1030,TRUE,4,"incl2026",1998
"AllSeaLionsEMB_2025","SEM_data_2025","AllSeaLionsEMB_2025","CC_NCC_mamm_128","predator",2019-01-01,NA,811,811,TRUE,4,"incl2026",1998
"AllSeaLionsEMB_2025","SEM_data_2025","AllSeaLionsEMB_2025","CC_NCC_mamm_128","predator",2020-01-01,592,592,592,TRUE,4,"incl2026",1998
"AllSeaLionsEMB_2025","SEM_data_2025","AllSeaLionsEMB_2025","CC_NCC_mamm_128","predator",2021-01-01,888,888,888,TRUE,4,"incl2026",1998
"AllSeaLionsEMB_2yrLead_2025","SEM_data_2025","AllSeaLionsEMB_2yrLead_2025","CC_NCC_mamm_130","predator",1998-01-01,60,60,60,TRUE,5,"incl2026",1998
"AllSeaLionsEMB_2yrLead_2025","SEM_data_2025","AllSeaLionsEMB_2yrLead_2025","CC_NCC_mamm_130","predator",1999-01-01,160,160,160,TRUE,5,"incl2026",1998
"AllSeaLionsEMB_2yrLead_2025","SEM_data_2025","AllSeaLionsEMB_2yrLead_2025","CC_NCC_mamm_130","predator",2000-01-01,277,277,277,TRUE,5,"incl2026",1998
"AllSeaLionsEMB_2yrLead_2025","SEM_data_2025","AllSeaLionsEMB_2yrLead_2025","CC_NCC_mamm_130","predator",2001-01-01,356,356,356,TRUE,5,"incl2026",1998
"AllSeaLionsEMB_2yrLead_2025","SEM_data_2025","AllSeaLionsEMB_2yrLead_2025","CC_NCC_mamm_130","predator",2002-01-01,107,107,107,TRUE,5,"incl2026",1998
"AllSeaLionsEMB_2yrLead_2025","SEM_data_2025","AllSeaLionsEMB_2yrLead_2025","CC_NCC_mamm_130","predator",2003-01-01,206,206,206,TRUE,5,"incl2026",1998
"AllSeaLionsEMB_2yrLead_2025","SEM_data_2025","AllSeaLionsEMB_2yrLead_2025","CC_NCC_mamm_130","predator",2004-01-01,104,104,104,TRUE,5,"incl2026",1998
"AllSeaLionsEMB_2yrLead_2025","SEM_data_2025","AllSeaLionsEMB_2yrLead_2025","CC_NCC_mamm_130","predator",2005-01-01,123,123,123,TRUE,5,"incl2026",1998
"AllSeaLionsEMB_2yrLead_2025","SEM_data_2025","AllSeaLionsEMB_2yrLead_2025","CC_NCC_mamm_130","predator",2006-01-01,162,162,162,TRUE,5,"incl2026",1998
"AllSeaLionsEMB_2yrLead_2025","SEM_data_2025","AllSeaLionsEMB_2yrLead_2025","CC_NCC_mamm_130","predator",2007-01-01,173,173,173,TRUE,5,"incl2026",1998
"AllSeaLionsEMB_2yrLead_2025","SEM_data_2025","AllSeaLionsEMB_2yrLead_2025","CC_NCC_mamm_130","predator",2008-01-01,229,229,229,TRUE,5,"incl2026",1998
"AllSeaLionsEMB_2yrLead_2025","SEM_data_2025","AllSeaLionsEMB_2yrLead_2025","CC_NCC_mamm_130","predator",2009-01-01,242,242,242,TRUE,5,"incl2026",1998
"AllSeaLionsEMB_2yrLead_2025","SEM_data_2025","AllSeaLionsEMB_2yrLead_2025","CC_NCC_mamm_130","predator",2010-01-01,240,240,240,TRUE,5,"incl2026",1998
"AllSeaLionsEMB_2yrLead_2025","SEM_data_2025","AllSeaLionsEMB_2yrLead_2025","CC_NCC_mamm_130","predator",2011-01-01,739,739,739,TRUE,5,"incl2026",1998
"AllSeaLionsEMB_2yrLead_2025","SEM_data_2025","AllSeaLionsEMB_2yrLead_2025","CC_NCC_mamm_130","predator",2012-01-01,1420,1420,1420,TRUE,5,"incl2026",1998
"AllSeaLionsEMB_2yrLead_2025","SEM_data_2025","AllSeaLionsEMB_2yrLead_2025","CC_NCC_mamm_130","predator",2013-01-01,2340,2340,2340,TRUE,5,"incl2026",1998
"AllSeaLionsEMB_2yrLead_2025","SEM_data_2025","AllSeaLionsEMB_2yrLead_2025","CC_NCC_mamm_130","predator",2014-01-01,3834,3834,3834,TRUE,5,"incl2026",1998
"AllSeaLionsEMB_2yrLead_2025","SEM_data_2025","AllSeaLionsEMB_2yrLead_2025","CC_NCC_mamm_130","predator",2015-01-01,1204,1204,1204,TRUE,5,"incl2026",1998
"AllSeaLionsEMB_2yrLead_2025","SEM_data_2025","AllSeaLionsEMB_2yrLead_2025","CC_NCC_mamm_130","predator",2016-01-01,1030,1030,1030,TRUE,5,"incl2026",1998
"AllSeaLionsEMB_2yrLead_2025","SEM_data_2025","AllSeaLionsEMB_2yrLead_2025","CC_NCC_mamm_130","predator",2017-01-01,NA,811,811,TRUE,5,"incl2026",1998
"AllSeaLionsEMB_2yrLead_2025","SEM_data_2025","AllSeaLionsEMB_2yrLead_2025","CC_NCC_mamm_130","predator",2018-01-01,592,592,592,TRUE,5,"incl2026",1998
"AllSeaLionsEMB_2yrLead_2025","SEM_data_2025","AllSeaLionsEMB_2yrLead_2025","CC_NCC_mamm_130","predator",2019-01-01,888,888,888,TRUE,5,"incl2026",1998
"AllSeaLionsEMB_2yrLead_2025","SEM_data_2025","AllSeaLionsEMB_2yrLead_2025","CC_NCC_mamm_130","predator",2020-01-01,594,594,594,TRUE,5,"incl2026",1998
"AllSeaLionsEMB_2yrLead_2025","SEM_data_2025","AllSeaLionsEMB_2yrLead_2025","CC_NCC_mamm_130","predator",2021-01-01,1436,1436,1436,TRUE,5,"incl2026",1998
"Ammodytes in tufted puffin chick diets","Eastern_Aleutian_Islands","ammod_EAI","AK_EAI_fish_16","north",1998-01-01,42.5,42.5,42.5,TRUE,6,"incl2026",1998
"Ammodytes in tufted puffin chick diets","Eastern_Aleutian_Islands","ammod_EAI","AK_EAI_fish_16","north",1999-01-01,51.4,51.4,51.4,TRUE,6,"incl2026",1998
"Ammodytes in tufted puffin chick diets","Eastern_Aleutian_Islands","ammod_EAI","AK_EAI_fish_16","north",2000-01-01,27,27,27,TRUE,6,"incl2026",1998
"Ammodytes in tufted puffin chick diets","Eastern_Aleutian_Islands","ammod_EAI","AK_EAI_fish_16","north",2001-01-01,83.1,83.1,83.1,TRUE,6,"incl2026",1998
"Ammodytes in tufted puffin chick diets","Eastern_Aleutian_Islands","ammod_EAI","AK_EAI_fish_16","north",2002-01-01,64.2,64.2,64.2,TRUE,6,"incl2026",1998
"Ammodytes in tufted puffin chick diets","Eastern_Aleutian_Islands","ammod_EAI","AK_EAI_fish_16","north",2003-01-01,NA,50.35,50.35,TRUE,6,"incl2026",1998
"Ammodytes in tufted puffin chick diets","Eastern_Aleutian_Islands","ammod_EAI","AK_EAI_fish_16","north",2004-01-01,36.5,36.5,36.5,TRUE,6,"incl2026",1998
"Ammodytes in tufted puffin chick diets","Eastern_Aleutian_Islands","ammod_EAI","AK_EAI_fish_16","north",2005-01-01,32.6,32.6,32.6,TRUE,6,"incl2026",1998
"Ammodytes in tufted puffin chick diets","Eastern_Aleutian_Islands","ammod_EAI","AK_EAI_fish_16","north",2006-01-01,21,21,21,TRUE,6,"incl2026",1998
"Ammodytes in tufted puffin chick diets","Eastern_Aleutian_Islands","ammod_EAI","AK_EAI_fish_16","north",2007-01-01,28.4,28.4,28.4,TRUE,6,"incl2026",1998
"Ammodytes in tufted puffin chick diets","Eastern_Aleutian_Islands","ammod_EAI","AK_EAI_fish_16","north",2008-01-01,43.8,43.8,43.8,TRUE,6,"incl2026",1998
"Ammodytes in tufted puffin chick diets","Eastern_Aleutian_Islands","ammod_EAI","AK_EAI_fish_16","north",2009-01-01,13.2,13.2,13.2,TRUE,6,"incl2026",1998
"Ammodytes in tufted puffin chick diets","Eastern_Aleutian_Islands","ammod_EAI","AK_EAI_fish_16","north",2010-01-01,11.1,11.1,11.1,TRUE,6,"incl2026",1998
"Ammodytes in tufted puffin chick diets","Eastern_Aleutian_Islands","ammod_EAI","AK_EAI_fish_16","north",2011-01-01,9.2,9.2,9.2,TRUE,6,"incl2026",1998
"Ammodytes in tufted puffin chick diets","Eastern_Aleutian_Islands","ammod_EAI","AK_EAI_fish_16","north",2012-01-01,1.4,1.4,1.4,TRUE,6,"incl2026",1998
"Ammodytes in tufted puffin chick diets","Eastern_Aleutian_Islands","ammod_EAI","AK_EAI_fish_16","north",2013-01-01,22.5,22.5,22.5,TRUE,6,"incl2026",1998
"Ammodytes in tufted puffin chick diets","Eastern_Aleutian_Islands","ammod_EAI","AK_EAI_fish_16","north",2014-01-01,6.9,6.9,6.9,TRUE,6,"incl2026",1998
"Ammodytes in tufted puffin chick diets","Eastern_Aleutian_Islands","ammod_EAI","AK_EAI_fish_16","north",2015-01-01,5.9,5.9,5.9,TRUE,6,"incl2026",1998
"Ammodytes in tufted puffin chick diets","Eastern_Aleutian_Islands","ammod_EAI","AK_EAI_fish_16","north",2016-01-01,20.7,20.7,20.7,TRUE,6,"incl2026",1998
"Ammodytes in tufted puffin chick diets","Eastern_Aleutian_Islands","ammod_EAI","AK_EAI_fish_16","north",2017-01-01,18.6,18.6,18.6,TRUE,6,"incl2026",1998
"Ammodytes in tufted puffin chick diets","Eastern_Aleutian_Islands","ammod_EAI","AK_EAI_fish_16","north",2018-01-01,57.2,57.2,57.2,TRUE,6,"incl2026",1998
"Ammodytes in tufted puffin chick diets","Eastern_Aleutian_Islands","ammod_EAI","AK_EAI_fish_16","north",2019-01-01,17.7,17.7,17.7,TRUE,6,"incl2026",1998
"Ammodytes in tufted puffin chick diets","Eastern_Aleutian_Islands","ammod_EAI","AK_EAI_fish_16","north",2020-01-01,NA,21.9,21.9,TRUE,6,"incl2026",1998
"Ammodytes in tufted puffin chick diets","Eastern_Aleutian_Islands","ammod_EAI","AK_EAI_fish_16","north",2021-01-01,26.1,26.1,26.1,TRUE,6,"incl2026",1998
"Ammodytes in tufted puffin chick diets","Western_Aleutian_Islands","ammod_WAI","AK_WAI_fish_23","north",1998-01-01,1,1,1,TRUE,7,"incl2026",1998
"Ammodytes in tufted puffin chick diets","Western_Aleutian_Islands","ammod_WAI","AK_WAI_fish_23","north",1999-01-01,3.4,3.4,3.4,TRUE,7,"incl2026",1998
"Ammodytes in tufted puffin chick diets","Western_Aleutian_Islands","ammod_WAI","AK_WAI_fish_23","north",2000-01-01,5.7,5.7,5.7,TRUE,7,"incl2026",1998
"Ammodytes in tufted puffin chick diets","Western_Aleutian_Islands","ammod_WAI","AK_WAI_fish_23","north",2001-01-01,61.3,61.3,61.3,TRUE,7,"incl2026",1998
"Ammodytes in tufted puffin chick diets","Western_Aleutian_Islands","ammod_WAI","AK_WAI_fish_23","north",2002-01-01,0,0,0,TRUE,7,"incl2026",1998
"Ammodytes in tufted puffin chick diets","Western_Aleutian_Islands","ammod_WAI","AK_WAI_fish_23","north",2003-01-01,0,0,0,TRUE,7,"incl2026",1998
"Ammodytes in tufted puffin chick diets","Western_Aleutian_Islands","ammod_WAI","AK_WAI_fish_23","north",2004-01-01,0,0,0,TRUE,7,"incl2026",1998
"Ammodytes in tufted puffin chick diets","Western_Aleutian_Islands","ammod_WAI","AK_WAI_fish_23","north",2005-01-01,35.6,35.6,35.6,TRUE,7,"incl2026",1998
"Ammodytes in tufted puffin chick diets","Western_Aleutian_Islands","ammod_WAI","AK_WAI_fish_23","north",2006-01-01,6.4,6.4,6.4,TRUE,7,"incl2026",1998
"Ammodytes in tufted puffin chick diets","Western_Aleutian_Islands","ammod_WAI","AK_WAI_fish_23","north",2007-01-01,0,0,0,TRUE,7,"incl2026",1998
"Ammodytes in tufted puffin chick diets","Western_Aleutian_Islands","ammod_WAI","AK_WAI_fish_23","north",2008-01-01,0,0,0,TRUE,7,"incl2026",1998
"Ammodytes in tufted puffin chick diets","Western_Aleutian_Islands","ammod_WAI","AK_WAI_fish_23","north",2009-01-01,11.1,11.1,11.1,TRUE,7,"incl2026",1998
"Ammodytes in tufted puffin chick diets","Western_Aleutian_Islands","ammod_WAI","AK_WAI_fish_23","north",2010-01-01,0,0,0,TRUE,7,"incl2026",1998
"Ammodytes in tufted puffin chick diets","Western_Aleutian_Islands","ammod_WAI","AK_WAI_fish_23","north",2011-01-01,NA,0,0,TRUE,7,"incl2026",1998
"Ammodytes in tufted puffin chick diets","Western_Aleutian_Islands","ammod_WAI","AK_WAI_fish_23","north",2012-01-01,0,0,0,TRUE,7,"incl2026",1998
"Ammodytes in tufted puffin chick diets","Western_Aleutian_Islands","ammod_WAI","AK_WAI_fish_23","north",2013-01-01,0,0,0,TRUE,7,"incl2026",1998
"Ammodytes in tufted puffin chick diets","Western_Aleutian_Islands","ammod_WAI","AK_WAI_fish_23","north",2014-01-01,0,0,0,TRUE,7,"incl2026",1998
"Ammodytes in tufted puffin chick diets","Western_Aleutian_Islands","ammod_WAI","AK_WAI_fish_23","north",2015-01-01,0,0,0,TRUE,7,"incl2026",1998
"Ammodytes in tufted puffin chick diets","Western_Aleutian_Islands","ammod_WAI","AK_WAI_fish_23","north",2016-01-01,0,0,0,TRUE,7,"incl2026",1998
"Ammodytes in tufted puffin chick diets","Western_Aleutian_Islands","ammod_WAI","AK_WAI_fish_23","north",2017-01-01,NA,5e-06,5e-06,TRUE,7,"incl2026",1998
"Ammodytes in tufted puffin chick diets","Western_Aleutian_Islands","ammod_WAI","AK_WAI_fish_23","north",2018-01-01,1e-05,1e-05,1e-05,TRUE,7,"incl2026",1998
"Ammodytes in tufted puffin chick diets","Western_Aleutian_Islands","ammod_WAI","AK_WAI_fish_23","north",2019-01-01,0,0,0,TRUE,7,"incl2026",1998
"Ammodytes in tufted puffin chick diets","Western_Aleutian_Islands","ammod_WAI","AK_WAI_fish_23","north",2020-01-01,NA,0,0,TRUE,7,"incl2026",1998
"Ammodytes in tufted puffin chick diets","Western_Aleutian_Islands","ammod_WAI","AK_WAI_fish_23","north",2021-01-01,0,0,0,TRUE,7,"incl2026",1998
"Ancient_mrlt_WS_2026","Westport_2026","Ancient_mrlt_WS_2026","CC_NCC_Seabird_277","",1998-01-01,0.0526315789473684,0.0526315789473684,0.0526315789473684,TRUE,8,"incl2026",1998
"Ancient_mrlt_WS_2026","Westport_2026","Ancient_mrlt_WS_2026","CC_NCC_Seabird_277","",1999-01-01,0,0,0,TRUE,8,"incl2026",1998
"Ancient_mrlt_WS_2026","Westport_2026","Ancient_mrlt_WS_2026","CC_NCC_Seabird_277","",2000-01-01,0,0,0,TRUE,8,"incl2026",1998
"Ancient_mrlt_WS_2026","Westport_2026","Ancient_mrlt_WS_2026","CC_NCC_Seabird_277","",2001-01-01,0.0212765957446809,0.0212765957446809,0.0212765957446809,TRUE,8,"incl2026",1998
"Ancient_mrlt_WS_2026","Westport_2026","Ancient_mrlt_WS_2026","CC_NCC_Seabird_277","",2002-01-01,0.032258064516129,0.032258064516129,0.032258064516129,TRUE,8,"incl2026",1998
"Ancient_mrlt_WS_2026","Westport_2026","Ancient_mrlt_WS_2026","CC_NCC_Seabird_277","",2003-01-01,0.0625,0.0625,0.0625,TRUE,8,"incl2026",1998
"Ancient_mrlt_WS_2026","Westport_2026","Ancient_mrlt_WS_2026","CC_NCC_Seabird_277","",2004-01-01,0.0212765957446809,0.0212765957446809,0.0212765957446809,TRUE,8,"incl2026",1998
"Ancient_mrlt_WS_2026","Westport_2026","Ancient_mrlt_WS_2026","CC_NCC_Seabird_277","",2005-01-01,0,0,0,TRUE,8,"incl2026",1998
"Ancient_mrlt_WS_2026","Westport_2026","Ancient_mrlt_WS_2026","CC_NCC_Seabird_277","",2006-01-01,0.0740740740740741,0.0740740740740741,0.0740740740740741,TRUE,8,"incl2026",1998
"Ancient_mrlt_WS_2026","Westport_2026","Ancient_mrlt_WS_2026","CC_NCC_Seabird_277","",2007-01-01,0,0,0,TRUE,8,"incl2026",1998
"Ancient_mrlt_WS_2026","Westport_2026","Ancient_mrlt_WS_2026","CC_NCC_Seabird_277","",2008-01-01,0,0,0,TRUE,8,"incl2026",1998
"Ancient_mrlt_WS_2026","Westport_2026","Ancient_mrlt_WS_2026","CC_NCC_Seabird_277","",2009-01-01,NA,0,0,TRUE,8,"incl2026",1998
"Ancient_mrlt_WS_2026","Westport_2026","Ancient_mrlt_WS_2026","CC_NCC_Seabird_277","",2010-01-01,0,0,0,TRUE,8,"incl2026",1998
"Ancient_mrlt_WS_2026","Westport_2026","Ancient_mrlt_WS_2026","CC_NCC_Seabird_277","",2011-01-01,0.0612244897959184,0.0612244897959184,0.0612244897959184,TRUE,8,"incl2026",1998
"Ancient_mrlt_WS_2026","Westport_2026","Ancient_mrlt_WS_2026","CC_NCC_Seabird_277","",2012-01-01,0.0465116279069767,0.0465116279069767,0.0465116279069767,TRUE,8,"incl2026",1998
"Ancient_mrlt_WS_2026","Westport_2026","Ancient_mrlt_WS_2026","CC_NCC_Seabird_277","",2013-01-01,0.0454545454545455,0.0454545454545455,0.0454545454545455,TRUE,8,"incl2026",1998
"Ancient_mrlt_WS_2026","Westport_2026","Ancient_mrlt_WS_2026","CC_NCC_Seabird_277","",2014-01-01,0.0425531914893617,0.0425531914893617,0.0425531914893617,TRUE,8,"incl2026",1998
"Ancient_mrlt_WS_2026","Westport_2026","Ancient_mrlt_WS_2026","CC_NCC_Seabird_277","",2015-01-01,0.0338983050847458,0.0338983050847458,0.0338983050847458,TRUE,8,"incl2026",1998
"Ancient_mrlt_WS_2026","Westport_2026","Ancient_mrlt_WS_2026","CC_NCC_Seabird_277","",2016-01-01,0.0634920634920635,0.0634920634920635,0.0634920634920635,TRUE,8,"incl2026",1998
"Ancient_mrlt_WS_2026","Westport_2026","Ancient_mrlt_WS_2026","CC_NCC_Seabird_277","",2017-01-01,0.0163934426229508,0.0163934426229508,0.0163934426229508,TRUE,8,"incl2026",1998
"Ancient_mrlt_WS_2026","Westport_2026","Ancient_mrlt_WS_2026","CC_NCC_Seabird_277","",2018-01-01,0,0,0,TRUE,8,"incl2026",1998
"Ancient_mrlt_WS_2026","Westport_2026","Ancient_mrlt_WS_2026","CC_NCC_Seabird_277","",2019-01-01,0.0975609756097561,0.0975609756097561,0.0975609756097561,TRUE,8,"incl2026",1998
"Ancient_mrlt_WS_2026","Westport_2026","Ancient_mrlt_WS_2026","CC_NCC_Seabird_277","",2020-01-01,0,0,0,TRUE,8,"incl2026",1998
"Ancient_mrlt_WS_2026","Westport_2026","Ancient_mrlt_WS_2026","CC_NCC_Seabird_277","",2021-01-01,0.0317460317460317,0.0317460317460317,0.0317460317460317,TRUE,8,"incl2026",1998
"Antarctic_skua_WS_2026","Westport_2026","Antarctic_skua_WS_2026","CC_NCC_Seabird_286","",1998-01-01,0,0,0,TRUE,9,"incl2026",1998
"Antarctic_skua_WS_2026","Westport_2026","Antarctic_skua_WS_2026","CC_NCC_Seabird_286","",1999-01-01,0,0,0,TRUE,9,"incl2026",1998
"Antarctic_skua_WS_2026","Westport_2026","Antarctic_skua_WS_2026","CC_NCC_Seabird_286","",2000-01-01,0,0,0,TRUE,9,"incl2026",1998
"Antarctic_skua_WS_2026","Westport_2026","Antarctic_skua_WS_2026","CC_NCC_Seabird_286","",2001-01-01,0.0212765957446809,0.0212765957446809,0.0212765957446809,TRUE,9,"incl2026",1998
"Antarctic_skua_WS_2026","Westport_2026","Antarctic_skua_WS_2026","CC_NCC_Seabird_286","",2002-01-01,0.0161290322580645,0.0161290322580645,0.0161290322580645,TRUE,9,"incl2026",1998
"Antarctic_skua_WS_2026","Westport_2026","Antarctic_skua_WS_2026","CC_NCC_Seabird_286","",2003-01-01,0,0,0,TRUE,9,"incl2026",1998
"Antarctic_skua_WS_2026","Westport_2026","Antarctic_skua_WS_2026","CC_NCC_Seabird_286","",2004-01-01,0.0212765957446809,0.0212765957446809,0.0212765957446809,TRUE,9,"incl2026",1998
"Antarctic_skua_WS_2026","Westport_2026","Antarctic_skua_WS_2026","CC_NCC_Seabird_286","",2005-01-01,0.176470588235294,0.176470588235294,0.176470588235294,TRUE,9,"incl2026",1998
"Antarctic_skua_WS_2026","Westport_2026","Antarctic_skua_WS_2026","CC_NCC_Seabird_286","",2006-01-01,0.0185185185185185,0.0185185185185185,0.0185185185185185,TRUE,9,"incl2026",1998
"Antarctic_skua_WS_2026","Westport_2026","Antarctic_skua_WS_2026","CC_NCC_Seabird_286","",2007-01-01,0.0851063829787234,0.0851063829787234,0.0851063829787234,TRUE,9,"incl2026",1998
"Antarctic_skua_WS_2026","Westport_2026","Antarctic_skua_WS_2026","CC_NCC_Seabird_286","",2008-01-01,0,0,0,TRUE,9,"incl2026",1998
"Antarctic_skua_WS_2026","Westport_2026","Antarctic_skua_WS_2026","CC_NCC_Seabird_286","",2009-01-01,NA,0.0675675675675675,0.0675675675675675,TRUE,9,"incl2026",1998
"Antarctic_skua_WS_2026","Westport_2026","Antarctic_skua_WS_2026","CC_NCC_Seabird_286","",2010-01-01,0.135135135135135,0.135135135135135,0.135135135135135,TRUE,9,"incl2026",1998
"Antarctic_skua_WS_2026","Westport_2026","Antarctic_skua_WS_2026","CC_NCC_Seabird_286","",2011-01-01,0.0204081632653061,0.0204081632653061,0.0204081632653061,TRUE,9,"incl2026",1998
"Antarctic_skua_WS_2026","Westport_2026","Antarctic_skua_WS_2026","CC_NCC_Seabird_286","",2012-01-01,0.0465116279069767,0.0465116279069767,0.0465116279069767,TRUE,9,"incl2026",1998
"Antarctic_skua_WS_2026","Westport_2026","Antarctic_skua_WS_2026","CC_NCC_Seabird_286","",2013-01-01,0.0681818181818182,0.0681818181818182,0.0681818181818182,TRUE,9,"incl2026",1998
"Antarctic_skua_WS_2026","Westport_2026","Antarctic_skua_WS_2026","CC_NCC_Seabird_286","",2014-01-01,0.0425531914893617,0.0425531914893617,0.0425531914893617,TRUE,9,"incl2026",1998
"Antarctic_skua_WS_2026","Westport_2026","Antarctic_skua_WS_2026","CC_NCC_Seabird_286","",2015-01-01,0.0508474576271186,0.0508474576271186,0.0508474576271186,TRUE,9,"incl2026",1998
"Antarctic_skua_WS_2026","Westport_2026","Antarctic_skua_WS_2026","CC_NCC_Seabird_286","",2016-01-01,0.0476190476190476,0.0476190476190476,0.0476190476190476,TRUE,9,"incl2026",1998
"Antarctic_skua_WS_2026","Westport_2026","Antarctic_skua_WS_2026","CC_NCC_Seabird_286","",2017-01-01,0.131147540983607,0.131147540983607,0.131147540983607,TRUE,9,"incl2026",1998
"Antarctic_skua_WS_2026","Westport_2026","Antarctic_skua_WS_2026","CC_NCC_Seabird_286","",2018-01-01,0.0517241379310345,0.0517241379310345,0.0517241379310345,TRUE,9,"incl2026",1998
"Antarctic_skua_WS_2026","Westport_2026","Antarctic_skua_WS_2026","CC_NCC_Seabird_286","",2019-01-01,0,0,0,TRUE,9,"incl2026",1998
"Antarctic_skua_WS_2026","Westport_2026","Antarctic_skua_WS_2026","CC_NCC_Seabird_286","",2020-01-01,0.0625,0.0625,0.0625,TRUE,9,"incl2026",1998
"Antarctic_skua_WS_2026","Westport_2026","Antarctic_skua_WS_2026","CC_NCC_Seabird_286","",2021-01-01,0.0158730158730159,0.0158730158730159,0.0158730158730159,TRUE,9,"incl2026",1998
"Arctic_tern_WS_2026","Westport_2026","Arctic_tern_WS_2026","CC_NCC_Seabird_253","",1998-01-01,0.105263157894737,0.105263157894737,0.105263157894737,TRUE,10,"incl2026",1998
"Arctic_tern_WS_2026","Westport_2026","Arctic_tern_WS_2026","CC_NCC_Seabird_253","",1999-01-01,0.111111111111111,0.111111111111111,0.111111111111111,TRUE,10,"incl2026",1998
"Arctic_tern_WS_2026","Westport_2026","Arctic_tern_WS_2026","CC_NCC_Seabird_253","",2000-01-01,0.0333333333333333,0.0333333333333333,0.0333333333333333,TRUE,10,"incl2026",1998
"Arctic_tern_WS_2026","Westport_2026","Arctic_tern_WS_2026","CC_NCC_Seabird_253","",2001-01-01,0,0,0,TRUE,10,"incl2026",1998
"Arctic_tern_WS_2026","Westport_2026","Arctic_tern_WS_2026","CC_NCC_Seabird_253","",2002-01-01,0.0645161290322581,0.0645161290322581,0.0645161290322581,TRUE,10,"incl2026",1998
"Arctic_tern_WS_2026","Westport_2026","Arctic_tern_WS_2026","CC_NCC_Seabird_253","",2003-01-01,0,0,0,TRUE,10,"incl2026",1998
"Arctic_tern_WS_2026","Westport_2026","Arctic_tern_WS_2026","CC_NCC_Seabird_253","",2004-01-01,0.0212765957446809,0.0212765957446809,0.0212765957446809,TRUE,10,"incl2026",1998
"Arctic_tern_WS_2026","Westport_2026","Arctic_tern_WS_2026","CC_NCC_Seabird_253","",2005-01-01,0.0588235294117647,0.0588235294117647,0.0588235294117647,TRUE,10,"incl2026",1998
"Arctic_tern_WS_2026","Westport_2026","Arctic_tern_WS_2026","CC_NCC_Seabird_253","",2006-01-01,0.0185185185185185,0.0185185185185185,0.0185185185185185,TRUE,10,"incl2026",1998
"Arctic_tern_WS_2026","Westport_2026","Arctic_tern_WS_2026","CC_NCC_Seabird_253","",2007-01-01,0,0,0,TRUE,10,"incl2026",1998
"Arctic_tern_WS_2026","Westport_2026","Arctic_tern_WS_2026","CC_NCC_Seabird_253","",2008-01-01,0,0,0,TRUE,10,"incl2026",1998
"Arctic_tern_WS_2026","Westport_2026","Arctic_tern_WS_2026","CC_NCC_Seabird_253","",2009-01-01,NA,0,0,TRUE,10,"incl2026",1998
"Arctic_tern_WS_2026","Westport_2026","Arctic_tern_WS_2026","CC_NCC_Seabird_253","",2010-01-01,0,0,0,TRUE,10,"incl2026",1998
"Arctic_tern_WS_2026","Westport_2026","Arctic_tern_WS_2026","CC_NCC_Seabird_253","",2011-01-01,0.0408163265306122,0.0408163265306122,0.0408163265306122,TRUE,10,"incl2026",1998
"Arctic_tern_WS_2026","Westport_2026","Arctic_tern_WS_2026","CC_NCC_Seabird_253","",2012-01-01,0.0232558139534884,0.0232558139534884,0.0232558139534884,TRUE,10,"incl2026",1998
"Arctic_tern_WS_2026","Westport_2026","Arctic_tern_WS_2026","CC_NCC_Seabird_253","",2013-01-01,0.0454545454545455,0.0454545454545455,0.0454545454545455,TRUE,10,"incl2026",1998
"Arctic_tern_WS_2026","Westport_2026","Arctic_tern_WS_2026","CC_NCC_Seabird_253","",2014-01-01,0,0,0,TRUE,10,"incl2026",1998
"Arctic_tern_WS_2026","Westport_2026","Arctic_tern_WS_2026","CC_NCC_Seabird_253","",2015-01-01,0.0169491525423729,0.0169491525423729,0.0169491525423729,TRUE,10,"incl2026",1998
"Arctic_tern_WS_2026","Westport_2026","Arctic_tern_WS_2026","CC_NCC_Seabird_253","",2016-01-01,0,0,0,TRUE,10,"incl2026",1998
"Arctic_tern_WS_2026","Westport_2026","Arctic_tern_WS_2026","CC_NCC_Seabird_253","",2017-01-01,0.0491803278688525,0.0491803278688525,0.0491803278688525,TRUE,10,"incl2026",1998
"Arctic_tern_WS_2026","Westport_2026","Arctic_tern_WS_2026","CC_NCC_Seabird_253","",2018-01-01,0.0517241379310345,0.0517241379310345,0.0517241379310345,TRUE,10,"incl2026",1998
"Arctic_tern_WS_2026","Westport_2026","Arctic_tern_WS_2026","CC_NCC_Seabird_253","",2019-01-01,0,0,0,TRUE,10,"incl2026",1998
"Arctic_tern_WS_2026","Westport_2026","Arctic_tern_WS_2026","CC_NCC_Seabird_253","",2020-01-01,0,0,0,TRUE,10,"incl2026",1998
"Arctic_tern_WS_2026","Westport_2026","Arctic_tern_WS_2026","CC_NCC_Seabird_253","",2021-01-01,0,0,0,TRUE,10,"incl2026",1998
"Aurelia Moon Jelly - NCC","CCIEA","moonJel_NCC","CC_NCC_cnid_9","prey",1998-01-01,NA,NA,NA,TRUE,11,"incl2026",1998
"Aurelia Moon Jelly - NCC","CCIEA","moonJel_NCC","CC_NCC_cnid_9","prey",1999-01-01,0,0,0,TRUE,11,"incl2026",1998
"Aurelia Moon Jelly - NCC","CCIEA","moonJel_NCC","CC_NCC_cnid_9","prey",2000-01-01,0.13327841,0.13327841,0.13327841,TRUE,11,"incl2026",1998
"Aurelia Moon Jelly - NCC","CCIEA","moonJel_NCC","CC_NCC_cnid_9","prey",2001-01-01,0.014969929,0.014969929,0.014969929,TRUE,11,"incl2026",1998
"Aurelia Moon Jelly - NCC","CCIEA","moonJel_NCC","CC_NCC_cnid_9","prey",2002-01-01,0.025240965,0.025240965,0.025240965,TRUE,11,"incl2026",1998
"Aurelia Moon Jelly - NCC","CCIEA","moonJel_NCC","CC_NCC_cnid_9","prey",2003-01-01,0.006274846,0.006274846,0.006274846,TRUE,11,"incl2026",1998
"Aurelia Moon Jelly - NCC","CCIEA","moonJel_NCC","CC_NCC_cnid_9","prey",2004-01-01,0.045998253,0.045998253,0.045998253,TRUE,11,"incl2026",1998
"Aurelia Moon Jelly - NCC","CCIEA","moonJel_NCC","CC_NCC_cnid_9","prey",2005-01-01,0.028094491,0.028094491,0.028094491,TRUE,11,"incl2026",1998
"Aurelia Moon Jelly - NCC","CCIEA","moonJel_NCC","CC_NCC_cnid_9","prey",2006-01-01,0.019802686,0.019802686,0.019802686,TRUE,11,"incl2026",1998
"Aurelia Moon Jelly - NCC","CCIEA","moonJel_NCC","CC_NCC_cnid_9","prey",2007-01-01,0.021967528,0.021967528,0.021967528,TRUE,11,"incl2026",1998
"Aurelia Moon Jelly - NCC","CCIEA","moonJel_NCC","CC_NCC_cnid_9","prey",2008-01-01,0.012529348,0.012529348,0.012529348,TRUE,11,"incl2026",1998
"Aurelia Moon Jelly - NCC","CCIEA","moonJel_NCC","CC_NCC_cnid_9","prey",2009-01-01,0.06794192,0.06794192,0.06794192,TRUE,11,"incl2026",1998
"Aurelia Moon Jelly - NCC","CCIEA","moonJel_NCC","CC_NCC_cnid_9","prey",2010-01-01,0.05567273,0.05567273,0.05567273,TRUE,11,"incl2026",1998
"Aurelia Moon Jelly - NCC","CCIEA","moonJel_NCC","CC_NCC_cnid_9","prey",2011-01-01,0.010808344,0.010808344,0.010808344,TRUE,11,"incl2026",1998
"Aurelia Moon Jelly - NCC","CCIEA","moonJel_NCC","CC_NCC_cnid_9","prey",2012-01-01,0.004977684,0.004977684,0.004977684,TRUE,11,"incl2026",1998
"Aurelia Moon Jelly - NCC","CCIEA","moonJel_NCC","CC_NCC_cnid_9","prey",2013-01-01,0.008796564,0.008796564,0.008796564,TRUE,11,"incl2026",1998
"Aurelia Moon Jelly - NCC","CCIEA","moonJel_NCC","CC_NCC_cnid_9","prey",2014-01-01,0.021040339,0.021040339,0.021040339,TRUE,11,"incl2026",1998
"Aurelia Moon Jelly - NCC","CCIEA","moonJel_NCC","CC_NCC_cnid_9","prey",2015-01-01,0.030792236,0.030792236,0.030792236,TRUE,11,"incl2026",1998
"Aurelia Moon Jelly - NCC","CCIEA","moonJel_NCC","CC_NCC_cnid_9","prey",2016-01-01,0.061055243,0.061055243,0.061055243,TRUE,11,"incl2026",1998
"Aurelia Moon Jelly - NCC","CCIEA","moonJel_NCC","CC_NCC_cnid_9","prey",2017-01-01,0,0,0,TRUE,11,"incl2026",1998
"Aurelia Moon Jelly - NCC","CCIEA","moonJel_NCC","CC_NCC_cnid_9","prey",2018-01-01,0.08760728,0.08760728,0.08760728,TRUE,11,"incl2026",1998
"Aurelia Moon Jelly - NCC","CCIEA","moonJel_NCC","CC_NCC_cnid_9","prey",2019-01-01,0.0464709,0.0464709,0.0464709,TRUE,11,"incl2026",1998
"Aurelia Moon Jelly - NCC","CCIEA","moonJel_NCC","CC_NCC_cnid_9","prey",2020-01-01,0.14506309,0.14506309,0.14506309,TRUE,11,"incl2026",1998
"Aurelia Moon Jelly - NCC","CCIEA","moonJel_NCC","CC_NCC_cnid_9","prey",2021-01-01,0.04041181,0.04041181,0.04041181,TRUE,11,"incl2026",1998
"Black-legged kittiwake Reproductive Success","Western_Gulf_of_Alaska","kittiwake_WGoA","AK_WGoA_bird_4","north",1998-01-01,0.0483,0.0483,0.0483,TRUE,12,"incl2026",1998
"Black-legged kittiwake Reproductive Success","Western_Gulf_of_Alaska","kittiwake_WGoA","AK_WGoA_bird_4","north",1999-01-01,NA,NA,NA,TRUE,12,"incl2026",1998
"Black-legged kittiwake Reproductive Success","Western_Gulf_of_Alaska","kittiwake_WGoA","AK_WGoA_bird_4","north",2000-01-01,NA,NA,NA,TRUE,12,"incl2026",1998
"Black-legged kittiwake Reproductive Success","Western_Gulf_of_Alaska","kittiwake_WGoA","AK_WGoA_bird_4","north",2001-01-01,NA,NA,NA,TRUE,12,"incl2026",1998
"Black-legged kittiwake Reproductive Success","Western_Gulf_of_Alaska","kittiwake_WGoA","AK_WGoA_bird_4","north",2002-01-01,0.3758,0.3758,0.3758,TRUE,12,"incl2026",1998
"Black-legged kittiwake Reproductive Success","Western_Gulf_of_Alaska","kittiwake_WGoA","AK_WGoA_bird_4","north",2003-01-01,NA,NA,NA,TRUE,12,"incl2026",1998
"Black-legged kittiwake Reproductive Success","Western_Gulf_of_Alaska","kittiwake_WGoA","AK_WGoA_bird_4","north",2004-01-01,0.0664,0.0664,0.0664,TRUE,12,"incl2026",1998
"Black-legged kittiwake Reproductive Success","Western_Gulf_of_Alaska","kittiwake_WGoA","AK_WGoA_bird_4","north",2005-01-01,0.129,0.129,0.129,TRUE,12,"incl2026",1998
"Black-legged kittiwake Reproductive Success","Western_Gulf_of_Alaska","kittiwake_WGoA","AK_WGoA_bird_4","north",2006-01-01,0.4578,0.4578,0.4578,TRUE,12,"incl2026",1998
"Black-legged kittiwake Reproductive Success","Western_Gulf_of_Alaska","kittiwake_WGoA","AK_WGoA_bird_4","north",2007-01-01,0.1787,0.1787,0.1787,TRUE,12,"incl2026",1998
"Black-legged kittiwake Reproductive Success","Western_Gulf_of_Alaska","kittiwake_WGoA","AK_WGoA_bird_4","north",2008-01-01,NA,NA,NA,TRUE,12,"incl2026",1998
"Black-legged kittiwake Reproductive Success","Western_Gulf_of_Alaska","kittiwake_WGoA","AK_WGoA_bird_4","north",2009-01-01,0.0036,0.0036,0.0036,TRUE,12,"incl2026",1998
"Black-legged kittiwake Reproductive Success","Western_Gulf_of_Alaska","kittiwake_WGoA","AK_WGoA_bird_4","north",2010-01-01,0.2192,0.2192,0.2192,TRUE,12,"incl2026",1998
"Black-legged kittiwake Reproductive Success","Western_Gulf_of_Alaska","kittiwake_WGoA","AK_WGoA_bird_4","north",2011-01-01,0,0,0,TRUE,12,"incl2026",1998
"Black-legged kittiwake Reproductive Success","Western_Gulf_of_Alaska","kittiwake_WGoA","AK_WGoA_bird_4","north",2012-01-01,0.0442,0.0442,0.0442,TRUE,12,"incl2026",1998
"Black-legged kittiwake Reproductive Success","Western_Gulf_of_Alaska","kittiwake_WGoA","AK_WGoA_bird_4","north",2013-01-01,0.015,0.015,0.015,TRUE,12,"incl2026",1998
"Black-legged kittiwake Reproductive Success","Western_Gulf_of_Alaska","kittiwake_WGoA","AK_WGoA_bird_4","north",2014-01-01,0.5119,0.5119,0.5119,TRUE,12,"incl2026",1998
"Black-legged kittiwake Reproductive Success","Western_Gulf_of_Alaska","kittiwake_WGoA","AK_WGoA_bird_4","north",2015-01-01,0,0,0,TRUE,12,"incl2026",1998
"Black-legged kittiwake Reproductive Success","Western_Gulf_of_Alaska","kittiwake_WGoA","AK_WGoA_bird_4","north",2016-01-01,0.3218,0.3218,0.3218,TRUE,12,"incl2026",1998
"Black-legged kittiwake Reproductive Success","Western_Gulf_of_Alaska","kittiwake_WGoA","AK_WGoA_bird_4","north",2017-01-01,0.2165,0.2165,0.2165,TRUE,12,"incl2026",1998
"Black-legged kittiwake Reproductive Success","Western_Gulf_of_Alaska","kittiwake_WGoA","AK_WGoA_bird_4","north",2018-01-01,0.3525,0.3525,0.3525,TRUE,12,"incl2026",1998
"Black-legged kittiwake Reproductive Success","Western_Gulf_of_Alaska","kittiwake_WGoA","AK_WGoA_bird_4","north",2019-01-01,0.003,0.003,0.003,TRUE,12,"incl2026",1998
"Black-legged kittiwake Reproductive Success","Western_Gulf_of_Alaska","kittiwake_WGoA","AK_WGoA_bird_4","north",2020-01-01,NA,NA,NA,TRUE,12,"incl2026",1998
"Black-legged kittiwake Reproductive Success","Western_Gulf_of_Alaska","kittiwake_WGoA","AK_WGoA_bird_4","north",2021-01-01,0.1243,0.1243,0.1243,TRUE,12,"incl2026",1998
"Black_footed_alba_WS_2026","Westport_2026","Black_footed_alba_WS_2026","CC_NCC_Seabird_250","",1998-01-01,0.684210526315789,0.684210526315789,0.684210526315789,TRUE,13,"incl2026",1998
"Black_footed_alba_WS_2026","Westport_2026","Black_footed_alba_WS_2026","CC_NCC_Seabird_250","",1999-01-01,0.555555555555556,0.555555555555556,0.555555555555556,TRUE,13,"incl2026",1998
"Black_footed_alba_WS_2026","Westport_2026","Black_footed_alba_WS_2026","CC_NCC_Seabird_250","",2000-01-01,0.5,0.5,0.5,TRUE,13,"incl2026",1998
"Black_footed_alba_WS_2026","Westport_2026","Black_footed_alba_WS_2026","CC_NCC_Seabird_250","",2001-01-01,0.276595744680851,0.276595744680851,0.276595744680851,TRUE,13,"incl2026",1998
"Black_footed_alba_WS_2026","Westport_2026","Black_footed_alba_WS_2026","CC_NCC_Seabird_250","",2002-01-01,0.306451612903226,0.306451612903226,0.306451612903226,TRUE,13,"incl2026",1998
"Black_footed_alba_WS_2026","Westport_2026","Black_footed_alba_WS_2026","CC_NCC_Seabird_250","",2003-01-01,0.3125,0.3125,0.3125,TRUE,13,"incl2026",1998
"Black_footed_alba_WS_2026","Westport_2026","Black_footed_alba_WS_2026","CC_NCC_Seabird_250","",2004-01-01,0.382978723404255,0.382978723404255,0.382978723404255,TRUE,13,"incl2026",1998
"Black_footed_alba_WS_2026","Westport_2026","Black_footed_alba_WS_2026","CC_NCC_Seabird_250","",2005-01-01,0.470588235294118,0.470588235294118,0.470588235294118,TRUE,13,"incl2026",1998
"Black_footed_alba_WS_2026","Westport_2026","Black_footed_alba_WS_2026","CC_NCC_Seabird_250","",2006-01-01,0.333333333333333,0.333333333333333,0.333333333333333,TRUE,13,"incl2026",1998
"Black_footed_alba_WS_2026","Westport_2026","Black_footed_alba_WS_2026","CC_NCC_Seabird_250","",2007-01-01,0.382978723404255,0.382978723404255,0.382978723404255,TRUE,13,"incl2026",1998
"Black_footed_alba_WS_2026","Westport_2026","Black_footed_alba_WS_2026","CC_NCC_Seabird_250","",2008-01-01,0.302325581395349,0.302325581395349,0.302325581395349,TRUE,13,"incl2026",1998
"Black_footed_alba_WS_2026","Westport_2026","Black_footed_alba_WS_2026","CC_NCC_Seabird_250","",2009-01-01,NA,0.272784412319296,0.272784412319296,TRUE,13,"incl2026",1998
"Black_footed_alba_WS_2026","Westport_2026","Black_footed_alba_WS_2026","CC_NCC_Seabird_250","",2010-01-01,0.243243243243243,0.243243243243243,0.243243243243243,TRUE,13,"incl2026",1998
"Black_footed_alba_WS_2026","Westport_2026","Black_footed_alba_WS_2026","CC_NCC_Seabird_250","",2011-01-01,0.448979591836735,0.448979591836735,0.448979591836735,TRUE,13,"incl2026",1998
"Black_footed_alba_WS_2026","Westport_2026","Black_footed_alba_WS_2026","CC_NCC_Seabird_250","",2012-01-01,0.372093023255814,0.372093023255814,0.372093023255814,TRUE,13,"incl2026",1998
"Black_footed_alba_WS_2026","Westport_2026","Black_footed_alba_WS_2026","CC_NCC_Seabird_250","",2013-01-01,0.340909090909091,0.340909090909091,0.340909090909091,TRUE,13,"incl2026",1998
"Black_footed_alba_WS_2026","Westport_2026","Black_footed_alba_WS_2026","CC_NCC_Seabird_250","",2014-01-01,0.404255319148936,0.404255319148936,0.404255319148936,TRUE,13,"incl2026",1998
"Black_footed_alba_WS_2026","Westport_2026","Black_footed_alba_WS_2026","CC_NCC_Seabird_250","",2015-01-01,0.305084745762712,0.305084745762712,0.305084745762712,TRUE,13,"incl2026",1998
"Black_footed_alba_WS_2026","Westport_2026","Black_footed_alba_WS_2026","CC_NCC_Seabird_250","",2016-01-01,0.301587301587302,0.301587301587302,0.301587301587302,TRUE,13,"incl2026",1998
"Black_footed_alba_WS_2026","Westport_2026","Black_footed_alba_WS_2026","CC_NCC_Seabird_250","",2017-01-01,0.360655737704918,0.360655737704918,0.360655737704918,TRUE,13,"incl2026",1998
"Black_footed_alba_WS_2026","Westport_2026","Black_footed_alba_WS_2026","CC_NCC_Seabird_250","",2018-01-01,0.275862068965517,0.275862068965517,0.275862068965517,TRUE,13,"incl2026",1998
"Black_footed_alba_WS_2026","Westport_2026","Black_footed_alba_WS_2026","CC_NCC_Seabird_250","",2019-01-01,0.341463414634146,0.341463414634146,0.341463414634146,TRUE,13,"incl2026",1998
"Black_footed_alba_WS_2026","Westport_2026","Black_footed_alba_WS_2026","CC_NCC_Seabird_250","",2020-01-01,0.4375,0.4375,0.4375,TRUE,13,"incl2026",1998
"Black_footed_alba_WS_2026","Westport_2026","Black_footed_alba_WS_2026","CC_NCC_Seabird_250","",2021-01-01,0.396825396825397,0.396825396825397,0.396825396825397,TRUE,13,"incl2026",1998
"Black_legged_kitt_WS_2026","Westport_2026","Black_legged_kitt_WS_2026","CC_NCC_Seabird_252","",1998-01-01,0,0,0,TRUE,14,"incl2026",1998
"Black_legged_kitt_WS_2026","Westport_2026","Black_legged_kitt_WS_2026","CC_NCC_Seabird_252","",1999-01-01,0.333333333333333,0.333333333333333,0.333333333333333,TRUE,14,"incl2026",1998
"Black_legged_kitt_WS_2026","Westport_2026","Black_legged_kitt_WS_2026","CC_NCC_Seabird_252","",2000-01-01,0,0,0,TRUE,14,"incl2026",1998
"Black_legged_kitt_WS_2026","Westport_2026","Black_legged_kitt_WS_2026","CC_NCC_Seabird_252","",2001-01-01,0.404255319148936,0.404255319148936,0.404255319148936,TRUE,14,"incl2026",1998
"Black_legged_kitt_WS_2026","Westport_2026","Black_legged_kitt_WS_2026","CC_NCC_Seabird_252","",2002-01-01,0.387096774193548,0.387096774193548,0.387096774193548,TRUE,14,"incl2026",1998
"Black_legged_kitt_WS_2026","Westport_2026","Black_legged_kitt_WS_2026","CC_NCC_Seabird_252","",2003-01-01,0.1875,0.1875,0.1875,TRUE,14,"incl2026",1998
"Black_legged_kitt_WS_2026","Westport_2026","Black_legged_kitt_WS_2026","CC_NCC_Seabird_252","",2004-01-01,0.191489361702128,0.191489361702128,0.191489361702128,TRUE,14,"incl2026",1998
"Black_legged_kitt_WS_2026","Westport_2026","Black_legged_kitt_WS_2026","CC_NCC_Seabird_252","",2005-01-01,0.117647058823529,0.117647058823529,0.117647058823529,TRUE,14,"incl2026",1998
"Black_legged_kitt_WS_2026","Westport_2026","Black_legged_kitt_WS_2026","CC_NCC_Seabird_252","",2006-01-01,0.037037037037037,0.037037037037037,0.037037037037037,TRUE,14,"incl2026",1998
"Black_legged_kitt_WS_2026","Westport_2026","Black_legged_kitt_WS_2026","CC_NCC_Seabird_252","",2007-01-01,0.106382978723404,0.106382978723404,0.106382978723404,TRUE,14,"incl2026",1998
"Black_legged_kitt_WS_2026","Westport_2026","Black_legged_kitt_WS_2026","CC_NCC_Seabird_252","",2008-01-01,0,0,0,TRUE,14,"incl2026",1998
"Black_legged_kitt_WS_2026","Westport_2026","Black_legged_kitt_WS_2026","CC_NCC_Seabird_252","",2009-01-01,NA,0,0,TRUE,14,"incl2026",1998
"Black_legged_kitt_WS_2026","Westport_2026","Black_legged_kitt_WS_2026","CC_NCC_Seabird_252","",2010-01-01,0,0,0,TRUE,14,"incl2026",1998
"Black_legged_kitt_WS_2026","Westport_2026","Black_legged_kitt_WS_2026","CC_NCC_Seabird_252","",2011-01-01,0.0204081632653061,0.0204081632653061,0.0204081632653061,TRUE,14,"incl2026",1998
"Black_legged_kitt_WS_2026","Westport_2026","Black_legged_kitt_WS_2026","CC_NCC_Seabird_252","",2012-01-01,0,0,0,TRUE,14,"incl2026",1998
"Black_legged_kitt_WS_2026","Westport_2026","Black_legged_kitt_WS_2026","CC_NCC_Seabird_252","",2013-01-01,0,0,0,TRUE,14,"incl2026",1998
"Black_legged_kitt_WS_2026","Westport_2026","Black_legged_kitt_WS_2026","CC_NCC_Seabird_252","",2014-01-01,0.0212765957446809,0.0212765957446809,0.0212765957446809,TRUE,14,"incl2026",1998
"Black_legged_kitt_WS_2026","Westport_2026","Black_legged_kitt_WS_2026","CC_NCC_Seabird_252","",2015-01-01,0.152542372881356,0.152542372881356,0.152542372881356,TRUE,14,"incl2026",1998
"Black_legged_kitt_WS_2026","Westport_2026","Black_legged_kitt_WS_2026","CC_NCC_Seabird_252","",2016-01-01,0.0793650793650794,0.0793650793650794,0.0793650793650794,TRUE,14,"incl2026",1998
"Black_legged_kitt_WS_2026","Westport_2026","Black_legged_kitt_WS_2026","CC_NCC_Seabird_252","",2017-01-01,0,0,0,TRUE,14,"incl2026",1998
"Black_legged_kitt_WS_2026","Westport_2026","Black_legged_kitt_WS_2026","CC_NCC_Seabird_252","",2018-01-01,0.0172413793103448,0.0172413793103448,0.0172413793103448,TRUE,14,"incl2026",1998
"Black_legged_kitt_WS_2026","Westport_2026","Black_legged_kitt_WS_2026","CC_NCC_Seabird_252","",2019-01-01,0.024390243902439,0.024390243902439,0.024390243902439,TRUE,14,"incl2026",1998
"Black_legged_kitt_WS_2026","Westport_2026","Black_legged_kitt_WS_2026","CC_NCC_Seabird_252","",2020-01-01,0,0,0,TRUE,14,"incl2026",1998
"Black_legged_kitt_WS_2026","Westport_2026","Black_legged_kitt_WS_2026","CC_NCC_Seabird_252","",2021-01-01,0.0793650793650794,0.0793650793650794,0.0793650793650794,TRUE,14,"incl2026",1998
"Black_scot_WS_2026","Westport_2026","Black_scot_WS_2026","CC_NCC_Seabird_243","",1998-01-01,0.0526315789473684,0.0526315789473684,0.0526315789473684,TRUE,15,"incl2026",1998
"Black_scot_WS_2026","Westport_2026","Black_scot_WS_2026","CC_NCC_Seabird_243","",1999-01-01,0,0,0,TRUE,15,"incl2026",1998
"Black_scot_WS_2026","Westport_2026","Black_scot_WS_2026","CC_NCC_Seabird_243","",2000-01-01,0.0333333333333333,0.0333333333333333,0.0333333333333333,TRUE,15,"incl2026",1998
"Black_scot_WS_2026","Westport_2026","Black_scot_WS_2026","CC_NCC_Seabird_243","",2001-01-01,0,0,0,TRUE,15,"incl2026",1998
"Black_scot_WS_2026","Westport_2026","Black_scot_WS_2026","CC_NCC_Seabird_243","",2002-01-01,0.0161290322580645,0.0161290322580645,0.0161290322580645,TRUE,15,"incl2026",1998
"Black_scot_WS_2026","Westport_2026","Black_scot_WS_2026","CC_NCC_Seabird_243","",2003-01-01,0.03125,0.03125,0.03125,TRUE,15,"incl2026",1998
"Black_scot_WS_2026","Westport_2026","Black_scot_WS_2026","CC_NCC_Seabird_243","",2004-01-01,0.0212765957446809,0.0212765957446809,0.0212765957446809,TRUE,15,"incl2026",1998
"Black_scot_WS_2026","Westport_2026","Black_scot_WS_2026","CC_NCC_Seabird_243","",2005-01-01,0,0,0,TRUE,15,"incl2026",1998
"Black_scot_WS_2026","Westport_2026","Black_scot_WS_2026","CC_NCC_Seabird_243","",2006-01-01,0.037037037037037,0.037037037037037,0.037037037037037,TRUE,15,"incl2026",1998
"Black_scot_WS_2026","Westport_2026","Black_scot_WS_2026","CC_NCC_Seabird_243","",2007-01-01,0.0212765957446809,0.0212765957446809,0.0212765957446809,TRUE,15,"incl2026",1998
"Black_scot_WS_2026","Westport_2026","Black_scot_WS_2026","CC_NCC_Seabird_243","",2008-01-01,0.0232558139534884,0.0232558139534884,0.0232558139534884,TRUE,15,"incl2026",1998
"Black_scot_WS_2026","Westport_2026","Black_scot_WS_2026","CC_NCC_Seabird_243","",2009-01-01,NA,0.0116279069767442,0.0116279069767442,TRUE,15,"incl2026",1998
"Black_scot_WS_2026","Westport_2026","Black_scot_WS_2026","CC_NCC_Seabird_243","",2010-01-01,0,0,0,TRUE,15,"incl2026",1998
"Black_scot_WS_2026","Westport_2026","Black_scot_WS_2026","CC_NCC_Seabird_243","",2011-01-01,0,0,0,TRUE,15,"incl2026",1998
"Black_scot_WS_2026","Westport_2026","Black_scot_WS_2026","CC_NCC_Seabird_243","",2012-01-01,0,0,0,TRUE,15,"incl2026",1998
"Black_scot_WS_2026","Westport_2026","Black_scot_WS_2026","CC_NCC_Seabird_243","",2013-01-01,0,0,0,TRUE,15,"incl2026",1998
"Black_scot_WS_2026","Westport_2026","Black_scot_WS_2026","CC_NCC_Seabird_243","",2014-01-01,0,0,0,TRUE,15,"incl2026",1998
"Black_scot_WS_2026","Westport_2026","Black_scot_WS_2026","CC_NCC_Seabird_243","",2015-01-01,0,0,0,TRUE,15,"incl2026",1998
"Black_scot_WS_2026","Westport_2026","Black_scot_WS_2026","CC_NCC_Seabird_243","",2016-01-01,0,0,0,TRUE,15,"incl2026",1998
"Black_scot_WS_2026","Westport_2026","Black_scot_WS_2026","CC_NCC_Seabird_243","",2017-01-01,0,0,0,TRUE,15,"incl2026",1998
"Black_scot_WS_2026","Westport_2026","Black_scot_WS_2026","CC_NCC_Seabird_243","",2018-01-01,0,0,0,TRUE,15,"incl2026",1998
"Black_scot_WS_2026","Westport_2026","Black_scot_WS_2026","CC_NCC_Seabird_243","",2019-01-01,0,0,0,TRUE,15,"incl2026",1998
"Black_scot_WS_2026","Westport_2026","Black_scot_WS_2026","CC_NCC_Seabird_243","",2020-01-01,0,0,0,TRUE,15,"incl2026",1998
"Black_scot_WS_2026","Westport_2026","Black_scot_WS_2026","CC_NCC_Seabird_243","",2021-01-01,0,0,0,TRUE,15,"incl2026",1998
"Bonaparte_s_gull_WS_2026","Westport_2026","Bonaparte_s_gull_WS_2026","CC_NCC_Seabird_278","",1998-01-01,0.210526315789474,0.210526315789474,0.210526315789474,TRUE,16,"incl2026",1998
"Bonaparte_s_gull_WS_2026","Westport_2026","Bonaparte_s_gull_WS_2026","CC_NCC_Seabird_278","",1999-01-01,0,0,0,TRUE,16,"incl2026",1998
"Bonaparte_s_gull_WS_2026","Westport_2026","Bonaparte_s_gull_WS_2026","CC_NCC_Seabird_278","",2000-01-01,0.133333333333333,0.133333333333333,0.133333333333333,TRUE,16,"incl2026",1998
"Bonaparte_s_gull_WS_2026","Westport_2026","Bonaparte_s_gull_WS_2026","CC_NCC_Seabird_278","",2001-01-01,0.127659574468085,0.127659574468085,0.127659574468085,TRUE,16,"incl2026",1998
"Bonaparte_s_gull_WS_2026","Westport_2026","Bonaparte_s_gull_WS_2026","CC_NCC_Seabird_278","",2002-01-01,0.161290322580645,0.161290322580645,0.161290322580645,TRUE,16,"incl2026",1998
"Bonaparte_s_gull_WS_2026","Westport_2026","Bonaparte_s_gull_WS_2026","CC_NCC_Seabird_278","",2003-01-01,0.09375,0.09375,0.09375,TRUE,16,"incl2026",1998
"Bonaparte_s_gull_WS_2026","Westport_2026","Bonaparte_s_gull_WS_2026","CC_NCC_Seabird_278","",2004-01-01,0.0212765957446809,0.0212765957446809,0.0212765957446809,TRUE,16,"incl2026",1998
"Bonaparte_s_gull_WS_2026","Westport_2026","Bonaparte_s_gull_WS_2026","CC_NCC_Seabird_278","",2005-01-01,0,0,0,TRUE,16,"incl2026",1998
"Bonaparte_s_gull_WS_2026","Westport_2026","Bonaparte_s_gull_WS_2026","CC_NCC_Seabird_278","",2006-01-01,0.0185185185185185,0.0185185185185185,0.0185185185185185,TRUE,16,"incl2026",1998
"Bonaparte_s_gull_WS_2026","Westport_2026","Bonaparte_s_gull_WS_2026","CC_NCC_Seabird_278","",2007-01-01,0.0425531914893617,0.0425531914893617,0.0425531914893617,TRUE,16,"incl2026",1998
"Bonaparte_s_gull_WS_2026","Westport_2026","Bonaparte_s_gull_WS_2026","CC_NCC_Seabird_278","",2008-01-01,0,0,0,TRUE,16,"incl2026",1998
"Bonaparte_s_gull_WS_2026","Westport_2026","Bonaparte_s_gull_WS_2026","CC_NCC_Seabird_278","",2009-01-01,NA,0,0,TRUE,16,"incl2026",1998
"Bonaparte_s_gull_WS_2026","Westport_2026","Bonaparte_s_gull_WS_2026","CC_NCC_Seabird_278","",2010-01-01,0,0,0,TRUE,16,"incl2026",1998
"Bonaparte_s_gull_WS_2026","Westport_2026","Bonaparte_s_gull_WS_2026","CC_NCC_Seabird_278","",2011-01-01,0.0204081632653061,0.0204081632653061,0.0204081632653061,TRUE,16,"incl2026",1998
"Bonaparte_s_gull_WS_2026","Westport_2026","Bonaparte_s_gull_WS_2026","CC_NCC_Seabird_278","",2012-01-01,0.0697674418604651,0.0697674418604651,0.0697674418604651,TRUE,16,"incl2026",1998
"Bonaparte_s_gull_WS_2026","Westport_2026","Bonaparte_s_gull_WS_2026","CC_NCC_Seabird_278","",2013-01-01,0.0909090909090909,0.0909090909090909,0.0909090909090909,TRUE,16,"incl2026",1998
"Bonaparte_s_gull_WS_2026","Westport_2026","Bonaparte_s_gull_WS_2026","CC_NCC_Seabird_278","",2014-01-01,0.0212765957446809,0.0212765957446809,0.0212765957446809,TRUE,16,"incl2026",1998
"Bonaparte_s_gull_WS_2026","Westport_2026","Bonaparte_s_gull_WS_2026","CC_NCC_Seabird_278","",2015-01-01,0.152542372881356,0.152542372881356,0.152542372881356,TRUE,16,"incl2026",1998
"Bonaparte_s_gull_WS_2026","Westport_2026","Bonaparte_s_gull_WS_2026","CC_NCC_Seabird_278","",2016-01-01,0.0158730158730159,0.0158730158730159,0.0158730158730159,TRUE,16,"incl2026",1998
"Bonaparte_s_gull_WS_2026","Westport_2026","Bonaparte_s_gull_WS_2026","CC_NCC_Seabird_278","",2017-01-01,0.0491803278688525,0.0491803278688525,0.0491803278688525,TRUE,16,"incl2026",1998
"Bonaparte_s_gull_WS_2026","Westport_2026","Bonaparte_s_gull_WS_2026","CC_NCC_Seabird_278","",2018-01-01,0.103448275862069,0.103448275862069,0.103448275862069,TRUE,16,"incl2026",1998
"Bonaparte_s_gull_WS_2026","Westport_2026","Bonaparte_s_gull_WS_2026","CC_NCC_Seabird_278","",2019-01-01,0.0487804878048781,0.0487804878048781,0.0487804878048781,TRUE,16,"incl2026",1998
"Bonaparte_s_gull_WS_2026","Westport_2026","Bonaparte_s_gull_WS_2026","CC_NCC_Seabird_278","",2020-01-01,0,0,0,TRUE,16,"incl2026",1998
"Bonaparte_s_gull_WS_2026","Westport_2026","Bonaparte_s_gull_WS_2026","CC_NCC_Seabird_278","",2021-01-01,0.126984126984127,0.126984126984127,0.126984126984127,TRUE,16,"incl2026",1998
"Brandt_s_corm_WS_2026","Westport_2026","Brandt_s_corm_WS_2026","CC_NCC_Seabird_264","",1998-01-01,0,0,0,TRUE,17,"incl2026",1998
"Brandt_s_corm_WS_2026","Westport_2026","Brandt_s_corm_WS_2026","CC_NCC_Seabird_264","",1999-01-01,0.166666666666667,0.166666666666667,0.166666666666667,TRUE,17,"incl2026",1998
"Brandt_s_corm_WS_2026","Westport_2026","Brandt_s_corm_WS_2026","CC_NCC_Seabird_264","",2000-01-01,0.166666666666667,0.166666666666667,0.166666666666667,TRUE,17,"incl2026",1998
"Brandt_s_corm_WS_2026","Westport_2026","Brandt_s_corm_WS_2026","CC_NCC_Seabird_264","",2001-01-01,0.106382978723404,0.106382978723404,0.106382978723404,TRUE,17,"incl2026",1998
"Brandt_s_corm_WS_2026","Westport_2026","Brandt_s_corm_WS_2026","CC_NCC_Seabird_264","",2002-01-01,0.193548387096774,0.193548387096774,0.193548387096774,TRUE,17,"incl2026",1998
"Brandt_s_corm_WS_2026","Westport_2026","Brandt_s_corm_WS_2026","CC_NCC_Seabird_264","",2003-01-01,0.28125,0.28125,0.28125,TRUE,17,"incl2026",1998
"Brandt_s_corm_WS_2026","Westport_2026","Brandt_s_corm_WS_2026","CC_NCC_Seabird_264","",2004-01-01,0.234042553191489,0.234042553191489,0.234042553191489,TRUE,17,"incl2026",1998
"Brandt_s_corm_WS_2026","Westport_2026","Brandt_s_corm_WS_2026","CC_NCC_Seabird_264","",2005-01-01,0.176470588235294,0.176470588235294,0.176470588235294,TRUE,17,"incl2026",1998
"Brandt_s_corm_WS_2026","Westport_2026","Brandt_s_corm_WS_2026","CC_NCC_Seabird_264","",2006-01-01,0.222222222222222,0.222222222222222,0.222222222222222,TRUE,17,"incl2026",1998
"Brandt_s_corm_WS_2026","Westport_2026","Brandt_s_corm_WS_2026","CC_NCC_Seabird_264","",2007-01-01,0.25531914893617,0.25531914893617,0.25531914893617,TRUE,17,"incl2026",1998
"Brandt_s_corm_WS_2026","Westport_2026","Brandt_s_corm_WS_2026","CC_NCC_Seabird_264","",2008-01-01,0.302325581395349,0.302325581395349,0.302325581395349,TRUE,17,"incl2026",1998
"Brandt_s_corm_WS_2026","Westport_2026","Brandt_s_corm_WS_2026","CC_NCC_Seabird_264","",2009-01-01,NA,0.272784412319296,0.272784412319296,TRUE,17,"incl2026",1998
"Brandt_s_corm_WS_2026","Westport_2026","Brandt_s_corm_WS_2026","CC_NCC_Seabird_264","",2010-01-01,0.243243243243243,0.243243243243243,0.243243243243243,TRUE,17,"incl2026",1998
"Brandt_s_corm_WS_2026","Westport_2026","Brandt_s_corm_WS_2026","CC_NCC_Seabird_264","",2011-01-01,0.204081632653061,0.204081632653061,0.204081632653061,TRUE,17,"incl2026",1998
"Brandt_s_corm_WS_2026","Westport_2026","Brandt_s_corm_WS_2026","CC_NCC_Seabird_264","",2012-01-01,0.232558139534884,0.232558139534884,0.232558139534884,TRUE,17,"incl2026",1998
"Brandt_s_corm_WS_2026","Westport_2026","Brandt_s_corm_WS_2026","CC_NCC_Seabird_264","",2013-01-01,0.204545454545455,0.204545454545455,0.204545454545455,TRUE,17,"incl2026",1998
"Brandt_s_corm_WS_2026","Westport_2026","Brandt_s_corm_WS_2026","CC_NCC_Seabird_264","",2014-01-01,0.191489361702128,0.191489361702128,0.191489361702128,TRUE,17,"incl2026",1998
"Brandt_s_corm_WS_2026","Westport_2026","Brandt_s_corm_WS_2026","CC_NCC_Seabird_264","",2015-01-01,0.254237288135593,0.254237288135593,0.254237288135593,TRUE,17,"incl2026",1998
"Brandt_s_corm_WS_2026","Westport_2026","Brandt_s_corm_WS_2026","CC_NCC_Seabird_264","",2016-01-01,0.206349206349206,0.206349206349206,0.206349206349206,TRUE,17,"incl2026",1998
"Brandt_s_corm_WS_2026","Westport_2026","Brandt_s_corm_WS_2026","CC_NCC_Seabird_264","",2017-01-01,0.262295081967213,0.262295081967213,0.262295081967213,TRUE,17,"incl2026",1998
"Brandt_s_corm_WS_2026","Westport_2026","Brandt_s_corm_WS_2026","CC_NCC_Seabird_264","",2018-01-01,0.310344827586207,0.310344827586207,0.310344827586207,TRUE,17,"incl2026",1998
"Brandt_s_corm_WS_2026","Westport_2026","Brandt_s_corm_WS_2026","CC_NCC_Seabird_264","",2019-01-01,0.341463414634146,0.341463414634146,0.341463414634146,TRUE,17,"incl2026",1998
"Brandt_s_corm_WS_2026","Westport_2026","Brandt_s_corm_WS_2026","CC_NCC_Seabird_264","",2020-01-01,0.25,0.25,0.25,TRUE,17,"incl2026",1998
"Brandt_s_corm_WS_2026","Westport_2026","Brandt_s_corm_WS_2026","CC_NCC_Seabird_264","",2021-01-01,0.206349206349206,0.206349206349206,0.206349206349206,TRUE,17,"incl2026",1998
"Brant_WS_2026","Westport_2026","Brant_WS_2026","CC_NCC_Seabird_241","",1998-01-01,0.0526315789473684,0.0526315789473684,0.0526315789473684,TRUE,18,"incl2026",1998
"Brant_WS_2026","Westport_2026","Brant_WS_2026","CC_NCC_Seabird_241","",1999-01-01,0,0,0,TRUE,18,"incl2026",1998
"Brant_WS_2026","Westport_2026","Brant_WS_2026","CC_NCC_Seabird_241","",2000-01-01,0.0333333333333333,0.0333333333333333,0.0333333333333333,TRUE,18,"incl2026",1998
"Brant_WS_2026","Westport_2026","Brant_WS_2026","CC_NCC_Seabird_241","",2001-01-01,0,0,0,TRUE,18,"incl2026",1998
"Brant_WS_2026","Westport_2026","Brant_WS_2026","CC_NCC_Seabird_241","",2002-01-01,0.032258064516129,0.032258064516129,0.032258064516129,TRUE,18,"incl2026",1998
"Brant_WS_2026","Westport_2026","Brant_WS_2026","CC_NCC_Seabird_241","",2003-01-01,0.0625,0.0625,0.0625,TRUE,18,"incl2026",1998
"Brant_WS_2026","Westport_2026","Brant_WS_2026","CC_NCC_Seabird_241","",2004-01-01,0,0,0,TRUE,18,"incl2026",1998
"Brant_WS_2026","Westport_2026","Brant_WS_2026","CC_NCC_Seabird_241","",2005-01-01,0,0,0,TRUE,18,"incl2026",1998
"Brant_WS_2026","Westport_2026","Brant_WS_2026","CC_NCC_Seabird_241","",2006-01-01,0.0555555555555556,0.0555555555555556,0.0555555555555556,TRUE,18,"incl2026",1998
"Brant_WS_2026","Westport_2026","Brant_WS_2026","CC_NCC_Seabird_241","",2007-01-01,0,0,0,TRUE,18,"incl2026",1998
"Brant_WS_2026","Westport_2026","Brant_WS_2026","CC_NCC_Seabird_241","",2008-01-01,0.0697674418604651,0.0697674418604651,0.0697674418604651,TRUE,18,"incl2026",1998
"Brant_WS_2026","Westport_2026","Brant_WS_2026","CC_NCC_Seabird_241","",2009-01-01,NA,0.0348837209302326,0.0348837209302326,TRUE,18,"incl2026",1998
"Brant_WS_2026","Westport_2026","Brant_WS_2026","CC_NCC_Seabird_241","",2010-01-01,0,0,0,TRUE,18,"incl2026",1998
"Brant_WS_2026","Westport_2026","Brant_WS_2026","CC_NCC_Seabird_241","",2011-01-01,0.0408163265306122,0.0408163265306122,0.0408163265306122,TRUE,18,"incl2026",1998
"Brant_WS_2026","Westport_2026","Brant_WS_2026","CC_NCC_Seabird_241","",2012-01-01,0.13953488372093,0.13953488372093,0.13953488372093,TRUE,18,"incl2026",1998
"Brant_WS_2026","Westport_2026","Brant_WS_2026","CC_NCC_Seabird_241","",2013-01-01,0.113636363636364,0.113636363636364,0.113636363636364,TRUE,18,"incl2026",1998
"Brant_WS_2026","Westport_2026","Brant_WS_2026","CC_NCC_Seabird_241","",2014-01-01,0.106382978723404,0.106382978723404,0.106382978723404,TRUE,18,"incl2026",1998
"Brant_WS_2026","Westport_2026","Brant_WS_2026","CC_NCC_Seabird_241","",2015-01-01,0.0847457627118644,0.0847457627118644,0.0847457627118644,TRUE,18,"incl2026",1998
"Brant_WS_2026","Westport_2026","Brant_WS_2026","CC_NCC_Seabird_241","",2016-01-01,0.0476190476190476,0.0476190476190476,0.0476190476190476,TRUE,18,"incl2026",1998
"Brant_WS_2026","Westport_2026","Brant_WS_2026","CC_NCC_Seabird_241","",2017-01-01,0.0327868852459016,0.0327868852459016,0.0327868852459016,TRUE,18,"incl2026",1998
"Brant_WS_2026","Westport_2026","Brant_WS_2026","CC_NCC_Seabird_241","",2018-01-01,0.0517241379310345,0.0517241379310345,0.0517241379310345,TRUE,18,"incl2026",1998
"Brant_WS_2026","Westport_2026","Brant_WS_2026","CC_NCC_Seabird_241","",2019-01-01,0,0,0,TRUE,18,"incl2026",1998
"Brant_WS_2026","Westport_2026","Brant_WS_2026","CC_NCC_Seabird_241","",2020-01-01,0,0,0,TRUE,18,"incl2026",1998
"Brant_WS_2026","Westport_2026","Brant_WS_2026","CC_NCC_Seabird_241","",2021-01-01,0.0634920634920635,0.0634920634920635,0.0634920634920635,TRUE,18,"incl2026",1998
"Brown_peli_WS_2026","Westport_2026","Brown_peli_WS_2026","CC_NCC_Seabird_248","",1998-01-01,0.0526315789473684,0.0526315789473684,0.0526315789473684,TRUE,19,"incl2026",1998
"Brown_peli_WS_2026","Westport_2026","Brown_peli_WS_2026","CC_NCC_Seabird_248","",1999-01-01,0,0,0,TRUE,19,"incl2026",1998
"Brown_peli_WS_2026","Westport_2026","Brown_peli_WS_2026","CC_NCC_Seabird_248","",2000-01-01,0.133333333333333,0.133333333333333,0.133333333333333,TRUE,19,"incl2026",1998
"Brown_peli_WS_2026","Westport_2026","Brown_peli_WS_2026","CC_NCC_Seabird_248","",2001-01-01,0.0638297872340425,0.0638297872340425,0.0638297872340425,TRUE,19,"incl2026",1998
"Brown_peli_WS_2026","Westport_2026","Brown_peli_WS_2026","CC_NCC_Seabird_248","",2002-01-01,0.112903225806452,0.112903225806452,0.112903225806452,TRUE,19,"incl2026",1998
"Brown_peli_WS_2026","Westport_2026","Brown_peli_WS_2026","CC_NCC_Seabird_248","",2003-01-01,0.21875,0.21875,0.21875,TRUE,19,"incl2026",1998
"Brown_peli_WS_2026","Westport_2026","Brown_peli_WS_2026","CC_NCC_Seabird_248","",2004-01-01,0.106382978723404,0.106382978723404,0.106382978723404,TRUE,19,"incl2026",1998
"Brown_peli_WS_2026","Westport_2026","Brown_peli_WS_2026","CC_NCC_Seabird_248","",2005-01-01,0.176470588235294,0.176470588235294,0.176470588235294,TRUE,19,"incl2026",1998
"Brown_peli_WS_2026","Westport_2026","Brown_peli_WS_2026","CC_NCC_Seabird_248","",2006-01-01,0.0740740740740741,0.0740740740740741,0.0740740740740741,TRUE,19,"incl2026",1998
"Brown_peli_WS_2026","Westport_2026","Brown_peli_WS_2026","CC_NCC_Seabird_248","",2007-01-01,0.170212765957447,0.170212765957447,0.170212765957447,TRUE,19,"incl2026",1998
"Brown_peli_WS_2026","Westport_2026","Brown_peli_WS_2026","CC_NCC_Seabird_248","",2008-01-01,0.0232558139534884,0.0232558139534884,0.0232558139534884,TRUE,19,"incl2026",1998
"Brown_peli_WS_2026","Westport_2026","Brown_peli_WS_2026","CC_NCC_Seabird_248","",2009-01-01,NA,0.146763042111879,0.146763042111879,TRUE,19,"incl2026",1998
"Brown_peli_WS_2026","Westport_2026","Brown_peli_WS_2026","CC_NCC_Seabird_248","",2010-01-01,0.27027027027027,0.27027027027027,0.27027027027027,TRUE,19,"incl2026",1998
"Brown_peli_WS_2026","Westport_2026","Brown_peli_WS_2026","CC_NCC_Seabird_248","",2011-01-01,0.183673469387755,0.183673469387755,0.183673469387755,TRUE,19,"incl2026",1998
"Brown_peli_WS_2026","Westport_2026","Brown_peli_WS_2026","CC_NCC_Seabird_248","",2012-01-01,0.27906976744186,0.27906976744186,0.27906976744186,TRUE,19,"incl2026",1998
"Brown_peli_WS_2026","Westport_2026","Brown_peli_WS_2026","CC_NCC_Seabird_248","",2013-01-01,0.25,0.25,0.25,TRUE,19,"incl2026",1998
"Brown_peli_WS_2026","Westport_2026","Brown_peli_WS_2026","CC_NCC_Seabird_248","",2014-01-01,0.234042553191489,0.234042553191489,0.234042553191489,TRUE,19,"incl2026",1998
"Brown_peli_WS_2026","Westport_2026","Brown_peli_WS_2026","CC_NCC_Seabird_248","",2015-01-01,0.203389830508475,0.203389830508475,0.203389830508475,TRUE,19,"incl2026",1998
"Brown_peli_WS_2026","Westport_2026","Brown_peli_WS_2026","CC_NCC_Seabird_248","",2016-01-01,0.158730158730159,0.158730158730159,0.158730158730159,TRUE,19,"incl2026",1998
"Brown_peli_WS_2026","Westport_2026","Brown_peli_WS_2026","CC_NCC_Seabird_248","",2017-01-01,0.163934426229508,0.163934426229508,0.163934426229508,TRUE,19,"incl2026",1998
"Brown_peli_WS_2026","Westport_2026","Brown_peli_WS_2026","CC_NCC_Seabird_248","",2018-01-01,0.120689655172414,0.120689655172414,0.120689655172414,TRUE,19,"incl2026",1998
"Brown_peli_WS_2026","Westport_2026","Brown_peli_WS_2026","CC_NCC_Seabird_248","",2019-01-01,0.121951219512195,0.121951219512195,0.121951219512195,TRUE,19,"incl2026",1998
"Brown_peli_WS_2026","Westport_2026","Brown_peli_WS_2026","CC_NCC_Seabird_248","",2020-01-01,0.0625,0.0625,0.0625,TRUE,19,"incl2026",1998
"Brown_peli_WS_2026","Westport_2026","Brown_peli_WS_2026","CC_NCC_Seabird_248","",2021-01-01,0.0952380952380952,0.0952380952380952,0.0952380952380952,TRUE,19,"incl2026",1998
"CA Market Squid - NCC","CCIEA","marketSquid_NCC","CC_NCC_mol_86","prey",1998-01-01,0.32344306,0.32344306,0.32344306,TRUE,20,"incl2026",1998
"CA Market Squid - NCC","CCIEA","marketSquid_NCC","CC_NCC_mol_86","prey",1999-01-01,0.38046497,0.38046497,0.38046497,TRUE,20,"incl2026",1998
"CA Market Squid - NCC","CCIEA","marketSquid_NCC","CC_NCC_mol_86","prey",2000-01-01,0.063431665,0.063431665,0.063431665,TRUE,20,"incl2026",1998
"CA Market Squid - NCC","CCIEA","marketSquid_NCC","CC_NCC_mol_86","prey",2001-01-01,0.23009081,0.23009081,0.23009081,TRUE,20,"incl2026",1998
"CA Market Squid - NCC","CCIEA","marketSquid_NCC","CC_NCC_mol_86","prey",2002-01-01,0.3762137,0.3762137,0.3762137,TRUE,20,"incl2026",1998
"CA Market Squid - NCC","CCIEA","marketSquid_NCC","CC_NCC_mol_86","prey",2003-01-01,0.5549793,0.5549793,0.5549793,TRUE,20,"incl2026",1998
"CA Market Squid - NCC","CCIEA","marketSquid_NCC","CC_NCC_mol_86","prey",2004-01-01,0.30680442,0.30680442,0.30680442,TRUE,20,"incl2026",1998
"CA Market Squid - NCC","CCIEA","marketSquid_NCC","CC_NCC_mol_86","prey",2005-01-01,0.12419736,0.12419736,0.12419736,TRUE,20,"incl2026",1998
"CA Market Squid - NCC","CCIEA","marketSquid_NCC","CC_NCC_mol_86","prey",2006-01-01,0.30208206,0.30208206,0.30208206,TRUE,20,"incl2026",1998
"CA Market Squid - NCC","CCIEA","marketSquid_NCC","CC_NCC_mol_86","prey",2007-01-01,0.07199576,0.07199576,0.07199576,TRUE,20,"incl2026",1998
"CA Market Squid - NCC","CCIEA","marketSquid_NCC","CC_NCC_mol_86","prey",2008-01-01,0.04101947,0.04101947,0.04101947,TRUE,20,"incl2026",1998
"CA Market Squid - NCC","CCIEA","marketSquid_NCC","CC_NCC_mol_86","prey",2009-01-01,0.009181312,0.009181312,0.009181312,TRUE,20,"incl2026",1998
"CA Market Squid - NCC","CCIEA","marketSquid_NCC","CC_NCC_mol_86","prey",2010-01-01,0.13049892,0.13049892,0.13049892,TRUE,20,"incl2026",1998
"CA Market Squid - NCC","CCIEA","marketSquid_NCC","CC_NCC_mol_86","prey",2011-01-01,0.2295522,0.2295522,0.2295522,TRUE,20,"incl2026",1998
"CA Market Squid - NCC","CCIEA","marketSquid_NCC","CC_NCC_mol_86","prey",2012-01-01,0.25732338,0.25732338,0.25732338,TRUE,20,"incl2026",1998
"CA Market Squid - NCC","CCIEA","marketSquid_NCC","CC_NCC_mol_86","prey",2013-01-01,0.16439708,0.16439708,0.16439708,TRUE,20,"incl2026",1998
"CA Market Squid - NCC","CCIEA","marketSquid_NCC","CC_NCC_mol_86","prey",2014-01-01,0.60819453,0.60819453,0.60819453,TRUE,20,"incl2026",1998
"CA Market Squid - NCC","CCIEA","marketSquid_NCC","CC_NCC_mol_86","prey",2015-01-01,0.5401772,0.5401772,0.5401772,TRUE,20,"incl2026",1998
"CA Market Squid - NCC","CCIEA","marketSquid_NCC","CC_NCC_mol_86","prey",2016-01-01,0.43928066,0.43928066,0.43928066,TRUE,20,"incl2026",1998
"CA Market Squid - NCC","CCIEA","marketSquid_NCC","CC_NCC_mol_86","prey",2017-01-01,0.35763675,0.35763675,0.35763675,TRUE,20,"incl2026",1998
"CA Market Squid - NCC","CCIEA","marketSquid_NCC","CC_NCC_mol_86","prey",2018-01-01,0.8559624,0.8559624,0.8559624,TRUE,20,"incl2026",1998
"CA Market Squid - NCC","CCIEA","marketSquid_NCC","CC_NCC_mol_86","prey",2019-01-01,1.1534703,1.1534703,1.1534703,TRUE,20,"incl2026",1998
"CA Market Squid - NCC","CCIEA","marketSquid_NCC","CC_NCC_mol_86","prey",2020-01-01,0.6493953,0.6493953,0.6493953,TRUE,20,"incl2026",1998
"CA Market Squid - NCC","CCIEA","marketSquid_NCC","CC_NCC_mol_86","prey",2021-01-01,0.28811064,0.28811064,0.28811064,TRUE,20,"incl2026",1998
"California.market.squid__2025","data_2025","CaliforniaMarketSquid__2025","CC_NCC_cnid_159","",1998-01-01,1.75628139201634,1.75628139201634,1.75628139201634,TRUE,20,"incl2026",1998
"California.market.squid__2025","data_2025","CaliforniaMarketSquid__2025","CC_NCC_cnid_159","",1999-01-01,5.37824301906752,5.37824301906752,5.37824301906752,TRUE,20,"incl2026",1998
"California.market.squid__2025","data_2025","CaliforniaMarketSquid__2025","CC_NCC_cnid_159","",2000-01-01,0.526770622567847,0.526770622567847,0.526770622567847,TRUE,20,"incl2026",1998
"California.market.squid__2025","data_2025","CaliforniaMarketSquid__2025","CC_NCC_cnid_159","",2001-01-01,18.873959807774,18.873959807774,18.873959807774,TRUE,20,"incl2026",1998
"California.market.squid__2025","data_2025","CaliforniaMarketSquid__2025","CC_NCC_cnid_159","",2002-01-01,10.0061291629699,10.0061291629699,10.0061291629699,TRUE,20,"incl2026",1998
"California.market.squid__2025","data_2025","CaliforniaMarketSquid__2025","CC_NCC_cnid_159","",2003-01-01,12.1032918194039,12.1032918194039,12.1032918194039,TRUE,20,"incl2026",1998
"California.market.squid__2025","data_2025","CaliforniaMarketSquid__2025","CC_NCC_cnid_159","",2004-01-01,14.7849223221026,14.7849223221026,14.7849223221026,TRUE,20,"incl2026",1998
"California.market.squid__2025","data_2025","CaliforniaMarketSquid__2025","CC_NCC_cnid_159","",2005-01-01,2.85971803349322,2.85971803349322,2.85971803349322,TRUE,20,"incl2026",1998
"California.market.squid__2025","data_2025","CaliforniaMarketSquid__2025","CC_NCC_cnid_159","",2006-01-01,5.31565605888372,5.31565605888372,5.31565605888372,TRUE,20,"incl2026",1998
"California.market.squid__2025","data_2025","CaliforniaMarketSquid__2025","CC_NCC_cnid_159","",2007-01-01,0.357610289608953,0.357610289608953,0.357610289608953,TRUE,20,"incl2026",1998
"California.market.squid__2025","data_2025","CaliforniaMarketSquid__2025","CC_NCC_cnid_159","",2008-01-01,0.112767061159342,0.112767061159342,0.112767061159342,TRUE,20,"incl2026",1998
"California.market.squid__2025","data_2025","CaliforniaMarketSquid__2025","CC_NCC_cnid_159","",2009-01-01,0.0689985313722701,0.0689985313722701,0.0689985313722701,TRUE,20,"incl2026",1998
"California.market.squid__2025","data_2025","CaliforniaMarketSquid__2025","CC_NCC_cnid_159","",2010-01-01,7.21604883120322,7.21604883120322,7.21604883120322,TRUE,20,"incl2026",1998
"California.market.squid__2025","data_2025","CaliforniaMarketSquid__2025","CC_NCC_cnid_159","",2011-01-01,3.54365354461896,3.54365354461896,3.54365354461896,TRUE,20,"incl2026",1998
"California.market.squid__2025","data_2025","CaliforniaMarketSquid__2025","CC_NCC_cnid_159","",2012-01-01,6.87041923734209,6.87041923734209,6.87041923734209,TRUE,20,"incl2026",1998
"California.market.squid__2025","data_2025","CaliforniaMarketSquid__2025","CC_NCC_cnid_159","",2013-01-01,1.2382103607765,1.2382103607765,1.2382103607765,TRUE,20,"incl2026",1998
"California.market.squid__2025","data_2025","CaliforniaMarketSquid__2025","CC_NCC_cnid_159","",2014-01-01,48.3115878587272,48.3115878587272,48.3115878587272,TRUE,20,"incl2026",1998
"California.market.squid__2025","data_2025","CaliforniaMarketSquid__2025","CC_NCC_cnid_159","",2015-01-01,8.49433837942432,8.49433837942432,8.49433837942432,TRUE,20,"incl2026",1998
"California.market.squid__2025","data_2025","CaliforniaMarketSquid__2025","CC_NCC_cnid_159","",2016-01-01,11.455619631037,11.455619631037,11.455619631037,TRUE,20,"incl2026",1998
"California.market.squid__2025","data_2025","CaliforniaMarketSquid__2025","CC_NCC_cnid_159","",2017-01-01,6.65901947087827,6.65901947087827,6.65901947087827,TRUE,20,"incl2026",1998
"California.market.squid__2025","data_2025","CaliforniaMarketSquid__2025","CC_NCC_cnid_159","",2018-01-01,38.9013824390714,38.9013824390714,38.9013824390714,TRUE,20,"incl2026",1998
"California.market.squid__2025","data_2025","CaliforniaMarketSquid__2025","CC_NCC_cnid_159","",2019-01-01,78.2201206262845,78.2201206262845,78.2201206262845,TRUE,20,"incl2026",1998
"California.market.squid__2025","data_2025","CaliforniaMarketSquid__2025","CC_NCC_cnid_159","",2020-01-01,78.690917683557,78.690917683557,78.690917683557,TRUE,20,"incl2026",1998
"California.market.squid__2025","data_2025","CaliforniaMarketSquid__2025","CC_NCC_cnid_159","",2021-01-01,5.98575249225116,5.98575249225116,5.98575249225116,TRUE,20,"incl2026",1998
"California_gull_WS_2026","Westport_2026","California_gull_WS_2026","CC_NCC_Seabird_282","",1998-01-01,0,0,0,TRUE,21,"incl2026",1998
"California_gull_WS_2026","Westport_2026","California_gull_WS_2026","CC_NCC_Seabird_282","",1999-01-01,0.0555555555555556,0.0555555555555556,0.0555555555555556,TRUE,21,"incl2026",1998
"California_gull_WS_2026","Westport_2026","California_gull_WS_2026","CC_NCC_Seabird_282","",2000-01-01,0.0333333333333333,0.0333333333333333,0.0333333333333333,TRUE,21,"incl2026",1998
"California_gull_WS_2026","Westport_2026","California_gull_WS_2026","CC_NCC_Seabird_282","",2001-01-01,0.0425531914893617,0.0425531914893617,0.0425531914893617,TRUE,21,"incl2026",1998
"California_gull_WS_2026","Westport_2026","California_gull_WS_2026","CC_NCC_Seabird_282","",2002-01-01,0.0645161290322581,0.0645161290322581,0.0645161290322581,TRUE,21,"incl2026",1998
"California_gull_WS_2026","Westport_2026","California_gull_WS_2026","CC_NCC_Seabird_282","",2003-01-01,0.0625,0.0625,0.0625,TRUE,21,"incl2026",1998
"California_gull_WS_2026","Westport_2026","California_gull_WS_2026","CC_NCC_Seabird_282","",2004-01-01,0.0638297872340425,0.0638297872340425,0.0638297872340425,TRUE,21,"incl2026",1998
"California_gull_WS_2026","Westport_2026","California_gull_WS_2026","CC_NCC_Seabird_282","",2005-01-01,0,0,0,TRUE,21,"incl2026",1998
"California_gull_WS_2026","Westport_2026","California_gull_WS_2026","CC_NCC_Seabird_282","",2006-01-01,0.203703703703704,0.203703703703704,0.203703703703704,TRUE,21,"incl2026",1998
"California_gull_WS_2026","Westport_2026","California_gull_WS_2026","CC_NCC_Seabird_282","",2007-01-01,0.361702127659574,0.361702127659574,0.361702127659574,TRUE,21,"incl2026",1998
"California_gull_WS_2026","Westport_2026","California_gull_WS_2026","CC_NCC_Seabird_282","",2008-01-01,0.13953488372093,0.13953488372093,0.13953488372093,TRUE,21,"incl2026",1998
"California_gull_WS_2026","Westport_2026","California_gull_WS_2026","CC_NCC_Seabird_282","",2009-01-01,NA,0.245443117536141,0.245443117536141,TRUE,21,"incl2026",1998
"California_gull_WS_2026","Westport_2026","California_gull_WS_2026","CC_NCC_Seabird_282","",2010-01-01,0.351351351351351,0.351351351351351,0.351351351351351,TRUE,21,"incl2026",1998
"California_gull_WS_2026","Westport_2026","California_gull_WS_2026","CC_NCC_Seabird_282","",2011-01-01,0.285714285714286,0.285714285714286,0.285714285714286,TRUE,21,"incl2026",1998
"California_gull_WS_2026","Westport_2026","California_gull_WS_2026","CC_NCC_Seabird_282","",2012-01-01,0.162790697674419,0.162790697674419,0.162790697674419,TRUE,21,"incl2026",1998
"California_gull_WS_2026","Westport_2026","California_gull_WS_2026","CC_NCC_Seabird_282","",2013-01-01,0.136363636363636,0.136363636363636,0.136363636363636,TRUE,21,"incl2026",1998
"California_gull_WS_2026","Westport_2026","California_gull_WS_2026","CC_NCC_Seabird_282","",2014-01-01,0.276595744680851,0.276595744680851,0.276595744680851,TRUE,21,"incl2026",1998
"California_gull_WS_2026","Westport_2026","California_gull_WS_2026","CC_NCC_Seabird_282","",2015-01-01,0.203389830508475,0.203389830508475,0.203389830508475,TRUE,21,"incl2026",1998
"California_gull_WS_2026","Westport_2026","California_gull_WS_2026","CC_NCC_Seabird_282","",2016-01-01,0.333333333333333,0.333333333333333,0.333333333333333,TRUE,21,"incl2026",1998
"California_gull_WS_2026","Westport_2026","California_gull_WS_2026","CC_NCC_Seabird_282","",2017-01-01,0.163934426229508,0.163934426229508,0.163934426229508,TRUE,21,"incl2026",1998
"California_gull_WS_2026","Westport_2026","California_gull_WS_2026","CC_NCC_Seabird_282","",2018-01-01,0.155172413793103,0.155172413793103,0.155172413793103,TRUE,21,"incl2026",1998
"California_gull_WS_2026","Westport_2026","California_gull_WS_2026","CC_NCC_Seabird_282","",2019-01-01,0.170731707317073,0.170731707317073,0.170731707317073,TRUE,21,"incl2026",1998
"California_gull_WS_2026","Westport_2026","California_gull_WS_2026","CC_NCC_Seabird_282","",2020-01-01,0.1875,0.1875,0.1875,TRUE,21,"incl2026",1998
"California_gull_WS_2026","Westport_2026","California_gull_WS_2026","CC_NCC_Seabird_282","",2021-01-01,0.222222222222222,0.222222222222222,0.222222222222222,TRUE,21,"incl2026",1998
"Californian_s_l_2yrLead_WS_2026","Westport_2026","Californian_s_l_2yrLead_WS_2026","CC_NCC_Marine mammal_223","",1998-01-01,0.0333333333333333,0.0333333333333333,0.0333333333333333,TRUE,22,"incl2026",1998
"Californian_s_l_2yrLead_WS_2026","Westport_2026","Californian_s_l_2yrLead_WS_2026","CC_NCC_Marine mammal_223","",1999-01-01,0.0212765957446809,0.0212765957446809,0.0212765957446809,TRUE,22,"incl2026",1998
"Californian_s_l_2yrLead_WS_2026","Westport_2026","Californian_s_l_2yrLead_WS_2026","CC_NCC_Marine mammal_223","",2000-01-01,0.0806451612903226,0.0806451612903226,0.0806451612903226,TRUE,22,"incl2026",1998
"Californian_s_l_2yrLead_WS_2026","Westport_2026","Californian_s_l_2yrLead_WS_2026","CC_NCC_Marine mammal_223","",2001-01-01,0.0625,0.0625,0.0625,TRUE,22,"incl2026",1998
"Californian_s_l_2yrLead_WS_2026","Westport_2026","Californian_s_l_2yrLead_WS_2026","CC_NCC_Marine mammal_223","",2002-01-01,0.0212765957446809,0.0212765957446809,0.0212765957446809,TRUE,22,"incl2026",1998
"Californian_s_l_2yrLead_WS_2026","Westport_2026","Californian_s_l_2yrLead_WS_2026","CC_NCC_Marine mammal_223","",2003-01-01,0,0,0,TRUE,22,"incl2026",1998
"Californian_s_l_2yrLead_WS_2026","Westport_2026","Californian_s_l_2yrLead_WS_2026","CC_NCC_Marine mammal_223","",2004-01-01,0.037037037037037,0.037037037037037,0.037037037037037,TRUE,22,"incl2026",1998
"Californian_s_l_2yrLead_WS_2026","Westport_2026","Californian_s_l_2yrLead_WS_2026","CC_NCC_Marine mammal_223","",2005-01-01,0.0425531914893617,0.0425531914893617,0.0425531914893617,TRUE,22,"incl2026",1998
"Californian_s_l_2yrLead_WS_2026","Westport_2026","Californian_s_l_2yrLead_WS_2026","CC_NCC_Marine mammal_223","",2006-01-01,0.0232558139534884,0.0232558139534884,0.0232558139534884,TRUE,22,"incl2026",1998
"Californian_s_l_2yrLead_WS_2026","Westport_2026","Californian_s_l_2yrLead_WS_2026","CC_NCC_Marine mammal_223","",2007-01-01,NA,0.0521684475172847,0.0521684475172847,TRUE,22,"incl2026",1998
"Californian_s_l_2yrLead_WS_2026","Westport_2026","Californian_s_l_2yrLead_WS_2026","CC_NCC_Marine mammal_223","",2008-01-01,0.0810810810810811,0.0810810810810811,0.0810810810810811,TRUE,22,"incl2026",1998
"Californian_s_l_2yrLead_WS_2026","Westport_2026","Californian_s_l_2yrLead_WS_2026","CC_NCC_Marine mammal_223","",2009-01-01,0.0408163265306122,0.0408163265306122,0.0408163265306122,TRUE,22,"incl2026",1998
"Californian_s_l_2yrLead_WS_2026","Westport_2026","Californian_s_l_2yrLead_WS_2026","CC_NCC_Marine mammal_223","",2010-01-01,0.0465116279069767,0.0465116279069767,0.0465116279069767,TRUE,22,"incl2026",1998
"Californian_s_l_2yrLead_WS_2026","Westport_2026","Californian_s_l_2yrLead_WS_2026","CC_NCC_Marine mammal_223","",2011-01-01,0.0909090909090909,0.0909090909090909,0.0909090909090909,TRUE,22,"incl2026",1998
"Californian_s_l_2yrLead_WS_2026","Westport_2026","Californian_s_l_2yrLead_WS_2026","CC_NCC_Marine mammal_223","",2012-01-01,0.0638297872340425,0.0638297872340425,0.0638297872340425,TRUE,22,"incl2026",1998
"Californian_s_l_2yrLead_WS_2026","Westport_2026","Californian_s_l_2yrLead_WS_2026","CC_NCC_Marine mammal_223","",2013-01-01,0.11864406779661,0.11864406779661,0.11864406779661,TRUE,22,"incl2026",1998
"Californian_s_l_2yrLead_WS_2026","Westport_2026","Californian_s_l_2yrLead_WS_2026","CC_NCC_Marine mammal_223","",2014-01-01,0.0634920634920635,0.0634920634920635,0.0634920634920635,TRUE,22,"incl2026",1998
"Californian_s_l_2yrLead_WS_2026","Westport_2026","Californian_s_l_2yrLead_WS_2026","CC_NCC_Marine mammal_223","",2015-01-01,0.0491803278688525,0.0491803278688525,0.0491803278688525,TRUE,22,"incl2026",1998
"Californian_s_l_2yrLead_WS_2026","Westport_2026","Californian_s_l_2yrLead_WS_2026","CC_NCC_Marine mammal_223","",2016-01-01,0.120689655172414,0.120689655172414,0.120689655172414,TRUE,22,"incl2026",1998
"Californian_s_l_2yrLead_WS_2026","Westport_2026","Californian_s_l_2yrLead_WS_2026","CC_NCC_Marine mammal_223","",2017-01-01,0.0731707317073171,0.0731707317073171,0.0731707317073171,TRUE,22,"incl2026",1998
"Californian_s_l_2yrLead_WS_2026","Westport_2026","Californian_s_l_2yrLead_WS_2026","CC_NCC_Marine mammal_223","",2018-01-01,0.0625,0.0625,0.0625,TRUE,22,"incl2026",1998
"Californian_s_l_2yrLead_WS_2026","Westport_2026","Californian_s_l_2yrLead_WS_2026","CC_NCC_Marine mammal_223","",2019-01-01,0.0476190476190476,0.0476190476190476,0.0476190476190476,TRUE,22,"incl2026",1998
"Californian_s_l_2yrLead_WS_2026","Westport_2026","Californian_s_l_2yrLead_WS_2026","CC_NCC_Marine mammal_223","",2020-01-01,0.0649350649350649,0.0649350649350649,0.0649350649350649,TRUE,22,"incl2026",1998
"Californian_s_l_2yrLead_WS_2026","Westport_2026","Californian_s_l_2yrLead_WS_2026","CC_NCC_Marine mammal_223","",2021-01-01,0.0731707317073171,0.0731707317073171,0.0731707317073171,TRUE,22,"incl2026",1998
"Californian_s_l_WS_2026","Westport_2026","Californian_s_l_WS_2026","CC_NCC_Marine mammal_222","",1998-01-01,0.105263157894737,0.105263157894737,0.105263157894737,TRUE,23,"incl2026",1998
"Californian_s_l_WS_2026","Westport_2026","Californian_s_l_WS_2026","CC_NCC_Marine mammal_222","",1999-01-01,0.0555555555555556,0.0555555555555556,0.0555555555555556,TRUE,23,"incl2026",1998
"Californian_s_l_WS_2026","Westport_2026","Californian_s_l_WS_2026","CC_NCC_Marine mammal_222","",2000-01-01,0.0333333333333333,0.0333333333333333,0.0333333333333333,TRUE,23,"incl2026",1998
"Californian_s_l_WS_2026","Westport_2026","Californian_s_l_WS_2026","CC_NCC_Marine mammal_222","",2001-01-01,0.0212765957446809,0.0212765957446809,0.0212765957446809,TRUE,23,"incl2026",1998
"Californian_s_l_WS_2026","Westport_2026","Californian_s_l_WS_2026","CC_NCC_Marine mammal_222","",2002-01-01,0.0806451612903226,0.0806451612903226,0.0806451612903226,TRUE,23,"incl2026",1998
"Californian_s_l_WS_2026","Westport_2026","Californian_s_l_WS_2026","CC_NCC_Marine mammal_222","",2003-01-01,0.0625,0.0625,0.0625,TRUE,23,"incl2026",1998
"Californian_s_l_WS_2026","Westport_2026","Californian_s_l_WS_2026","CC_NCC_Marine mammal_222","",2004-01-01,0.0212765957446809,0.0212765957446809,0.0212765957446809,TRUE,23,"incl2026",1998
"Californian_s_l_WS_2026","Westport_2026","Californian_s_l_WS_2026","CC_NCC_Marine mammal_222","",2005-01-01,0,0,0,TRUE,23,"incl2026",1998
"Californian_s_l_WS_2026","Westport_2026","Californian_s_l_WS_2026","CC_NCC_Marine mammal_222","",2006-01-01,0.037037037037037,0.037037037037037,0.037037037037037,TRUE,23,"incl2026",1998
"Californian_s_l_WS_2026","Westport_2026","Californian_s_l_WS_2026","CC_NCC_Marine mammal_222","",2007-01-01,0.0425531914893617,0.0425531914893617,0.0425531914893617,TRUE,23,"incl2026",1998
"Californian_s_l_WS_2026","Westport_2026","Californian_s_l_WS_2026","CC_NCC_Marine mammal_222","",2008-01-01,0.0232558139534884,0.0232558139534884,0.0232558139534884,TRUE,23,"incl2026",1998
"Californian_s_l_WS_2026","Westport_2026","Californian_s_l_WS_2026","CC_NCC_Marine mammal_222","",2009-01-01,NA,0.0521684475172847,0.0521684475172847,TRUE,23,"incl2026",1998
"Californian_s_l_WS_2026","Westport_2026","Californian_s_l_WS_2026","CC_NCC_Marine mammal_222","",2010-01-01,0.0810810810810811,0.0810810810810811,0.0810810810810811,TRUE,23,"incl2026",1998
"Californian_s_l_WS_2026","Westport_2026","Californian_s_l_WS_2026","CC_NCC_Marine mammal_222","",2011-01-01,0.0408163265306122,0.0408163265306122,0.0408163265306122,TRUE,23,"incl2026",1998
"Californian_s_l_WS_2026","Westport_2026","Californian_s_l_WS_2026","CC_NCC_Marine mammal_222","",2012-01-01,0.0465116279069767,0.0465116279069767,0.0465116279069767,TRUE,23,"incl2026",1998
"Californian_s_l_WS_2026","Westport_2026","Californian_s_l_WS_2026","CC_NCC_Marine mammal_222","",2013-01-01,0.0909090909090909,0.0909090909090909,0.0909090909090909,TRUE,23,"incl2026",1998
"Californian_s_l_WS_2026","Westport_2026","Californian_s_l_WS_2026","CC_NCC_Marine mammal_222","",2014-01-01,0.0638297872340425,0.0638297872340425,0.0638297872340425,TRUE,23,"incl2026",1998
"Californian_s_l_WS_2026","Westport_2026","Californian_s_l_WS_2026","CC_NCC_Marine mammal_222","",2015-01-01,0.11864406779661,0.11864406779661,0.11864406779661,TRUE,23,"incl2026",1998
"Californian_s_l_WS_2026","Westport_2026","Californian_s_l_WS_2026","CC_NCC_Marine mammal_222","",2016-01-01,0.0634920634920635,0.0634920634920635,0.0634920634920635,TRUE,23,"incl2026",1998
"Californian_s_l_WS_2026","Westport_2026","Californian_s_l_WS_2026","CC_NCC_Marine mammal_222","",2017-01-01,0.0491803278688525,0.0491803278688525,0.0491803278688525,TRUE,23,"incl2026",1998
"Californian_s_l_WS_2026","Westport_2026","Californian_s_l_WS_2026","CC_NCC_Marine mammal_222","",2018-01-01,0.120689655172414,0.120689655172414,0.120689655172414,TRUE,23,"incl2026",1998
"Californian_s_l_WS_2026","Westport_2026","Californian_s_l_WS_2026","CC_NCC_Marine mammal_222","",2019-01-01,0.0731707317073171,0.0731707317073171,0.0731707317073171,TRUE,23,"incl2026",1998
"Californian_s_l_WS_2026","Westport_2026","Californian_s_l_WS_2026","CC_NCC_Marine mammal_222","",2020-01-01,0.0625,0.0625,0.0625,TRUE,23,"incl2026",1998
"Californian_s_l_WS_2026","Westport_2026","Californian_s_l_WS_2026","CC_NCC_Marine mammal_222","",2021-01-01,0.0476190476190476,0.0476190476190476,0.0476190476190476,TRUE,23,"incl2026",1998
"CanMagM_planktonJun_2026","plankton_2026","CanMagM_planktonJun_2026","CC_NCC_plank_200","",1998-01-01,NA,NA,NA,TRUE,24,"incl2026",1998
"CanMagM_planktonJun_2026","plankton_2026","CanMagM_planktonJun_2026","CC_NCC_plank_200","",1999-01-01,0.609530052631758,0.609530052631758,0.609530052631758,TRUE,24,"incl2026",1998
"CanMagM_planktonJun_2026","plankton_2026","CanMagM_planktonJun_2026","CC_NCC_plank_200","",2000-01-01,0.472496459421741,0.472496459421741,0.472496459421741,TRUE,24,"incl2026",1998
"CanMagM_planktonJun_2026","plankton_2026","CanMagM_planktonJun_2026","CC_NCC_plank_200","",2001-01-01,0.363274803120776,0.363274803120776,0.363274803120776,TRUE,24,"incl2026",1998
"CanMagM_planktonJun_2026","plankton_2026","CanMagM_planktonJun_2026","CC_NCC_plank_200","",2002-01-01,0.592825829886495,0.592825829886495,0.592825829886495,TRUE,24,"incl2026",1998
"CanMagM_planktonJun_2026","plankton_2026","CanMagM_planktonJun_2026","CC_NCC_plank_200","",2003-01-01,0.161251527740162,0.161251527740162,0.161251527740162,TRUE,24,"incl2026",1998
"CanMagM_planktonJun_2026","plankton_2026","CanMagM_planktonJun_2026","CC_NCC_plank_200","",2004-01-01,0.12129789447946,0.12129789447946,0.12129789447946,TRUE,24,"incl2026",1998
"CanMagM_planktonJun_2026","plankton_2026","CanMagM_planktonJun_2026","CC_NCC_plank_200","",2005-01-01,0.0970753930059277,0.0970753930059277,0.0970753930059277,TRUE,24,"incl2026",1998
"CanMagM_planktonJun_2026","plankton_2026","CanMagM_planktonJun_2026","CC_NCC_plank_200","",2006-01-01,0.117480148076595,0.117480148076595,0.117480148076595,TRUE,24,"incl2026",1998
"CanMagM_planktonJun_2026","plankton_2026","CanMagM_planktonJun_2026","CC_NCC_plank_200","",2007-01-01,0.25662459923352,0.25662459923352,0.25662459923352,TRUE,24,"incl2026",1998
"CanMagM_planktonJun_2026","plankton_2026","CanMagM_planktonJun_2026","CC_NCC_plank_200","",2008-01-01,1.33389674474762,1.33389674474762,1.33389674474762,TRUE,24,"incl2026",1998
"CanMagM_planktonJun_2026","plankton_2026","CanMagM_planktonJun_2026","CC_NCC_plank_200","",2009-01-01,0.714928114265738,0.714928114265738,0.714928114265738,TRUE,24,"incl2026",1998
"CanMagM_planktonJun_2026","plankton_2026","CanMagM_planktonJun_2026","CC_NCC_plank_200","",2010-01-01,0.276436952511737,0.276436952511737,0.276436952511737,TRUE,24,"incl2026",1998
"CanMagM_planktonJun_2026","plankton_2026","CanMagM_planktonJun_2026","CC_NCC_plank_200","",2011-01-01,0.440883221556124,0.440883221556124,0.440883221556124,TRUE,24,"incl2026",1998
"CanMagM_planktonJun_2026","plankton_2026","CanMagM_planktonJun_2026","CC_NCC_plank_200","",2012-01-01,0.697737109527043,0.697737109527043,0.697737109527043,TRUE,24,"incl2026",1998
"CanMagM_planktonJun_2026","plankton_2026","CanMagM_planktonJun_2026","CC_NCC_plank_200","",2013-01-01,0.785928548954596,0.785928548954596,0.785928548954596,TRUE,24,"incl2026",1998
"CanMagM_planktonJun_2026","plankton_2026","CanMagM_planktonJun_2026","CC_NCC_plank_200","",2014-01-01,1.22247255204759,1.22247255204759,1.22247255204759,TRUE,24,"incl2026",1998
"CanMagM_planktonJun_2026","plankton_2026","CanMagM_planktonJun_2026","CC_NCC_plank_200","",2015-01-01,0.343173082781411,0.343173082781411,0.343173082781411,TRUE,24,"incl2026",1998
"CanMagM_planktonJun_2026","plankton_2026","CanMagM_planktonJun_2026","CC_NCC_plank_200","",2016-01-01,0.347414112740622,0.347414112740622,0.347414112740622,TRUE,24,"incl2026",1998
"CanMagM_planktonJun_2026","plankton_2026","CanMagM_planktonJun_2026","CC_NCC_plank_200","",2017-01-01,0.265372489095188,0.265372489095188,0.265372489095188,TRUE,24,"incl2026",1998
"CanMagM_planktonJun_2026","plankton_2026","CanMagM_planktonJun_2026","CC_NCC_plank_200","",2018-01-01,0.822056064611709,0.822056064611709,0.822056064611709,TRUE,24,"incl2026",1998
"CanMagM_planktonJun_2026","plankton_2026","CanMagM_planktonJun_2026","CC_NCC_plank_200","",2019-01-01,0.76001392528263,0.76001392528263,0.76001392528263,TRUE,24,"incl2026",1998
"CanMagM_planktonJun_2026","plankton_2026","CanMagM_planktonJun_2026","CC_NCC_plank_200","",2020-01-01,0.498756343380543,0.498756343380543,0.498756343380543,TRUE,24,"incl2026",1998
"CanMagM_planktonJun_2026","plankton_2026","CanMagM_planktonJun_2026","CC_NCC_plank_200","",2021-01-01,0.720628842742979,0.720628842742979,0.720628842742979,TRUE,24,"incl2026",1998
"CanMagM_planktonJuneNCC","planktonJuneNCC_2025","CanMagM_planktonJuneNCC","CC_NCC_plank_194","",1998-01-01,0.282772986622551,0.282772986622551,0.282772986622551,TRUE,24,"incl2026",1998
"CanMagM_planktonJuneNCC","planktonJuneNCC_2025","CanMagM_planktonJuneNCC","CC_NCC_plank_194","",1999-01-01,0.320225783285666,0.320225783285666,0.320225783285666,TRUE,24,"incl2026",1998
"CanMagM_planktonJuneNCC","planktonJuneNCC_2025","CanMagM_planktonJuneNCC","CC_NCC_plank_194","",2000-01-01,0.24651038870135,0.24651038870135,0.24651038870135,TRUE,24,"incl2026",1998
"CanMagM_planktonJuneNCC","planktonJuneNCC_2025","CanMagM_planktonJuneNCC","CC_NCC_plank_194","",2001-01-01,0.194272447151188,0.194272447151188,0.194272447151188,TRUE,24,"incl2026",1998
"CanMagM_planktonJuneNCC","planktonJuneNCC_2025","CanMagM_planktonJuneNCC","CC_NCC_plank_194","",2002-01-01,0.323313599254611,0.323313599254611,0.323313599254611,TRUE,24,"incl2026",1998
"CanMagM_planktonJuneNCC","planktonJuneNCC_2025","CanMagM_planktonJuneNCC","CC_NCC_plank_194","",2003-01-01,0.0783737447727885,0.0783737447727885,0.0783737447727885,TRUE,24,"incl2026",1998
"CanMagM_planktonJuneNCC","planktonJuneNCC_2025","CanMagM_planktonJuneNCC","CC_NCC_plank_194","",2004-01-01,0.0658067038497664,0.0658067038497664,0.0658067038497664,TRUE,24,"incl2026",1998
"CanMagM_planktonJuneNCC","planktonJuneNCC_2025","CanMagM_planktonJuneNCC","CC_NCC_plank_194","",2005-01-01,0.0406735138451338,0.0406735138451338,0.0406735138451338,TRUE,24,"incl2026",1998
"CanMagM_planktonJuneNCC","planktonJuneNCC_2025","CanMagM_planktonJuneNCC","CC_NCC_plank_194","",2006-01-01,0.0594749135738396,0.0594749135738396,0.0594749135738396,TRUE,24,"incl2026",1998
"CanMagM_planktonJuneNCC","planktonJuneNCC_2025","CanMagM_planktonJuneNCC","CC_NCC_plank_194","",2007-01-01,0.119511314565118,0.119511314565118,0.119511314565118,TRUE,24,"incl2026",1998
"CanMagM_planktonJuneNCC","planktonJuneNCC_2025","CanMagM_planktonJuneNCC","CC_NCC_plank_194","",2008-01-01,0.75385987902014,0.75385987902014,0.75385987902014,TRUE,24,"incl2026",1998
"CanMagM_planktonJuneNCC","planktonJuneNCC_2025","CanMagM_planktonJuneNCC","CC_NCC_plank_194","",2009-01-01,0.400887991029133,0.400887991029133,0.400887991029133,TRUE,24,"incl2026",1998
"CanMagM_planktonJuneNCC","planktonJuneNCC_2025","CanMagM_planktonJuneNCC","CC_NCC_plank_194","",2010-01-01,0.140755961191081,0.140755961191081,0.140755961191081,TRUE,24,"incl2026",1998
"CanMagM_planktonJuneNCC","planktonJuneNCC_2025","CanMagM_planktonJuneNCC","CC_NCC_plank_194","",2011-01-01,0.207890976436738,0.207890976436738,0.207890976436738,TRUE,24,"incl2026",1998
"CanMagM_planktonJuneNCC","planktonJuneNCC_2025","CanMagM_planktonJuneNCC","CC_NCC_plank_194","",2012-01-01,0.391949314168289,0.391949314168289,0.391949314168289,TRUE,24,"incl2026",1998
"CanMagM_planktonJuneNCC","planktonJuneNCC_2025","CanMagM_planktonJuneNCC","CC_NCC_plank_194","",2013-01-01,0.451710903548611,0.451710903548611,0.451710903548611,TRUE,24,"incl2026",1998
"CanMagM_planktonJuneNCC","planktonJuneNCC_2025","CanMagM_planktonJuneNCC","CC_NCC_plank_194","",2014-01-01,0.719769186509502,0.719769186509502,0.719769186509502,TRUE,24,"incl2026",1998
"CanMagM_planktonJuneNCC","planktonJuneNCC_2025","CanMagM_planktonJuneNCC","CC_NCC_plank_194","",2015-01-01,0.196619599115093,0.196619599115093,0.196619599115093,TRUE,24,"incl2026",1998
"CanMagM_planktonJuneNCC","planktonJuneNCC_2025","CanMagM_planktonJuneNCC","CC_NCC_plank_194","",2016-01-01,0.195300715196959,0.195300715196959,0.195300715196959,TRUE,24,"incl2026",1998
"CanMagM_planktonJuneNCC","planktonJuneNCC_2025","CanMagM_planktonJuneNCC","CC_NCC_plank_194","",2017-01-01,0.125046371915592,0.125046371915592,0.125046371915592,TRUE,24,"incl2026",1998
"CanMagM_planktonJuneNCC","planktonJuneNCC_2025","CanMagM_planktonJuneNCC","CC_NCC_plank_194","",2018-01-01,0.444383498068319,0.444383498068319,0.444383498068319,TRUE,24,"incl2026",1998
"CanMagM_planktonJuneNCC","planktonJuneNCC_2025","CanMagM_planktonJuneNCC","CC_NCC_plank_194","",2019-01-01,0.463158953535443,0.463158953535443,0.463158953535443,TRUE,24,"incl2026",1998
"CanMagM_planktonJuneNCC","planktonJuneNCC_2025","CanMagM_planktonJuneNCC","CC_NCC_plank_194","",2020-01-01,0.271575372330564,0.271575372330564,0.271575372330564,TRUE,24,"incl2026",1998
"CanMagM_planktonJuneNCC","planktonJuneNCC_2025","CanMagM_planktonJuneNCC","CC_NCC_plank_194","",2021-01-01,0.406431278862173,0.406431278862173,0.406431278862173,TRUE,24,"incl2026",1998
"Capelin","Western_Gulf_of_Alaska","capelin_WGoA","AK_WGoA_fish_29","north",1998-01-01,0.02,0.02,0.02,TRUE,25,"incl2026",1998
"Capelin","Western_Gulf_of_Alaska","capelin_WGoA","AK_WGoA_fish_29","north",1999-01-01,0.01,0.01,0.01,TRUE,25,"incl2026",1998
"Capelin","Western_Gulf_of_Alaska","capelin_WGoA","AK_WGoA_fish_29","north",2000-01-01,0.1,0.1,0.1,TRUE,25,"incl2026",1998
"Capelin","Western_Gulf_of_Alaska","capelin_WGoA","AK_WGoA_fish_29","north",2001-01-01,0.05,0.05,0.05,TRUE,25,"incl2026",1998
"Capelin","Western_Gulf_of_Alaska","capelin_WGoA","AK_WGoA_fish_29","north",2002-01-01,0.08,0.08,0.08,TRUE,25,"incl2026",1998
"Capelin","Western_Gulf_of_Alaska","capelin_WGoA","AK_WGoA_fish_29","north",2003-01-01,0.03,0.03,0.03,TRUE,25,"incl2026",1998
"Capelin","Western_Gulf_of_Alaska","capelin_WGoA","AK_WGoA_fish_29","north",2004-01-01,0.06,0.06,0.06,TRUE,25,"incl2026",1998
"Capelin","Western_Gulf_of_Alaska","capelin_WGoA","AK_WGoA_fish_29","north",2005-01-01,0.02,0.02,0.02,TRUE,25,"incl2026",1998
"Capelin","Western_Gulf_of_Alaska","capelin_WGoA","AK_WGoA_fish_29","north",2006-01-01,0.05,0.05,0.05,TRUE,25,"incl2026",1998
"Capelin","Western_Gulf_of_Alaska","capelin_WGoA","AK_WGoA_fish_29","north",2007-01-01,0.09,0.09,0.09,TRUE,25,"incl2026",1998
"Capelin","Western_Gulf_of_Alaska","capelin_WGoA","AK_WGoA_fish_29","north",2008-01-01,0.48,0.48,0.48,TRUE,25,"incl2026",1998
"Capelin","Western_Gulf_of_Alaska","capelin_WGoA","AK_WGoA_fish_29","north",2009-01-01,0.48,0.48,0.48,TRUE,25,"incl2026",1998
"Capelin","Western_Gulf_of_Alaska","capelin_WGoA","AK_WGoA_fish_29","north",2010-01-01,0.22,0.22,0.22,TRUE,25,"incl2026",1998
"Capelin","Western_Gulf_of_Alaska","capelin_WGoA","AK_WGoA_fish_29","north",2011-01-01,0.38,0.38,0.38,TRUE,25,"incl2026",1998
"Capelin","Western_Gulf_of_Alaska","capelin_WGoA","AK_WGoA_fish_29","north",2012-01-01,0.55,0.55,0.55,TRUE,25,"incl2026",1998
"Capelin","Western_Gulf_of_Alaska","capelin_WGoA","AK_WGoA_fish_29","north",2013-01-01,0.56,0.56,0.56,TRUE,25,"incl2026",1998
"Capelin","Western_Gulf_of_Alaska","capelin_WGoA","AK_WGoA_fish_29","north",2014-01-01,0.08,0.08,0.08,TRUE,25,"incl2026",1998
"Capelin","Western_Gulf_of_Alaska","capelin_WGoA","AK_WGoA_fish_29","north",2015-01-01,0.06,0.06,0.06,TRUE,25,"incl2026",1998
"Capelin","Western_Gulf_of_Alaska","capelin_WGoA","AK_WGoA_fish_29","north",2016-01-01,0.01,0.01,0.01,TRUE,25,"incl2026",1998
"Capelin","Western_Gulf_of_Alaska","capelin_WGoA","AK_WGoA_fish_29","north",2017-01-01,0.01,0.01,0.01,TRUE,25,"incl2026",1998
"Capelin","Western_Gulf_of_Alaska","capelin_WGoA","AK_WGoA_fish_29","north",2018-01-01,0.04,0.04,0.04,TRUE,25,"incl2026",1998
"Capelin","Western_Gulf_of_Alaska","capelin_WGoA","AK_WGoA_fish_29","north",2019-01-01,0.06,0.06,0.06,TRUE,25,"incl2026",1998
"Capelin","Western_Gulf_of_Alaska","capelin_WGoA","AK_WGoA_fish_29","north",2020-01-01,0.03,0.03,0.03,TRUE,25,"incl2026",1998
"Capelin","Western_Gulf_of_Alaska","capelin_WGoA","AK_WGoA_fish_29","north",2021-01-01,0.05,0.05,0.05,TRUE,25,"incl2026",1998
"Caspian_tern_WS_2026","Westport_2026","Caspian_tern_WS_2026","CC_NCC_Seabird_259","",1998-01-01,0,0,0,TRUE,26,"incl2026",1998
"Caspian_tern_WS_2026","Westport_2026","Caspian_tern_WS_2026","CC_NCC_Seabird_259","",1999-01-01,0,0,0,TRUE,26,"incl2026",1998
"Caspian_tern_WS_2026","Westport_2026","Caspian_tern_WS_2026","CC_NCC_Seabird_259","",2000-01-01,0.0333333333333333,0.0333333333333333,0.0333333333333333,TRUE,26,"incl2026",1998
"Caspian_tern_WS_2026","Westport_2026","Caspian_tern_WS_2026","CC_NCC_Seabird_259","",2001-01-01,0.0425531914893617,0.0425531914893617,0.0425531914893617,TRUE,26,"incl2026",1998
"Caspian_tern_WS_2026","Westport_2026","Caspian_tern_WS_2026","CC_NCC_Seabird_259","",2002-01-01,0.0161290322580645,0.0161290322580645,0.0161290322580645,TRUE,26,"incl2026",1998
"Caspian_tern_WS_2026","Westport_2026","Caspian_tern_WS_2026","CC_NCC_Seabird_259","",2003-01-01,0.0625,0.0625,0.0625,TRUE,26,"incl2026",1998
"Caspian_tern_WS_2026","Westport_2026","Caspian_tern_WS_2026","CC_NCC_Seabird_259","",2004-01-01,0.0212765957446809,0.0212765957446809,0.0212765957446809,TRUE,26,"incl2026",1998
"Caspian_tern_WS_2026","Westport_2026","Caspian_tern_WS_2026","CC_NCC_Seabird_259","",2005-01-01,0,0,0,TRUE,26,"incl2026",1998
"Caspian_tern_WS_2026","Westport_2026","Caspian_tern_WS_2026","CC_NCC_Seabird_259","",2006-01-01,0.0740740740740741,0.0740740740740741,0.0740740740740741,TRUE,26,"incl2026",1998
"Caspian_tern_WS_2026","Westport_2026","Caspian_tern_WS_2026","CC_NCC_Seabird_259","",2007-01-01,0.127659574468085,0.127659574468085,0.127659574468085,TRUE,26,"incl2026",1998
"Caspian_tern_WS_2026","Westport_2026","Caspian_tern_WS_2026","CC_NCC_Seabird_259","",2008-01-01,0.116279069767442,0.116279069767442,0.116279069767442,TRUE,26,"incl2026",1998
"Caspian_tern_WS_2026","Westport_2026","Caspian_tern_WS_2026","CC_NCC_Seabird_259","",2009-01-01,NA,0.085166561910748,0.085166561910748,TRUE,26,"incl2026",1998
"Caspian_tern_WS_2026","Westport_2026","Caspian_tern_WS_2026","CC_NCC_Seabird_259","",2010-01-01,0.0540540540540541,0.0540540540540541,0.0540540540540541,TRUE,26,"incl2026",1998
"Caspian_tern_WS_2026","Westport_2026","Caspian_tern_WS_2026","CC_NCC_Seabird_259","",2011-01-01,0.0816326530612245,0.0816326530612245,0.0816326530612245,TRUE,26,"incl2026",1998
"Caspian_tern_WS_2026","Westport_2026","Caspian_tern_WS_2026","CC_NCC_Seabird_259","",2012-01-01,0.0697674418604651,0.0697674418604651,0.0697674418604651,TRUE,26,"incl2026",1998
"Caspian_tern_WS_2026","Westport_2026","Caspian_tern_WS_2026","CC_NCC_Seabird_259","",2013-01-01,0.113636363636364,0.113636363636364,0.113636363636364,TRUE,26,"incl2026",1998
"Caspian_tern_WS_2026","Westport_2026","Caspian_tern_WS_2026","CC_NCC_Seabird_259","",2014-01-01,0.0425531914893617,0.0425531914893617,0.0425531914893617,TRUE,26,"incl2026",1998
"Caspian_tern_WS_2026","Westport_2026","Caspian_tern_WS_2026","CC_NCC_Seabird_259","",2015-01-01,0.0338983050847458,0.0338983050847458,0.0338983050847458,TRUE,26,"incl2026",1998
"Caspian_tern_WS_2026","Westport_2026","Caspian_tern_WS_2026","CC_NCC_Seabird_259","",2016-01-01,0.0476190476190476,0.0476190476190476,0.0476190476190476,TRUE,26,"incl2026",1998
"Caspian_tern_WS_2026","Westport_2026","Caspian_tern_WS_2026","CC_NCC_Seabird_259","",2017-01-01,0.0163934426229508,0.0163934426229508,0.0163934426229508,TRUE,26,"incl2026",1998
"Caspian_tern_WS_2026","Westport_2026","Caspian_tern_WS_2026","CC_NCC_Seabird_259","",2018-01-01,0.0172413793103448,0.0172413793103448,0.0172413793103448,TRUE,26,"incl2026",1998
"Caspian_tern_WS_2026","Westport_2026","Caspian_tern_WS_2026","CC_NCC_Seabird_259","",2019-01-01,0.0731707317073171,0.0731707317073171,0.0731707317073171,TRUE,26,"incl2026",1998
"Caspian_tern_WS_2026","Westport_2026","Caspian_tern_WS_2026","CC_NCC_Seabird_259","",2020-01-01,0,0,0,TRUE,26,"incl2026",1998
"Caspian_tern_WS_2026","Westport_2026","Caspian_tern_WS_2026","CC_NCC_Seabird_259","",2021-01-01,0.0952380952380952,0.0952380952380952,0.0952380952380952,TRUE,26,"incl2026",1998
"Cassin's auklet density - NWFSC","CCIEA","cassAuk_NWFSC","CC_NCC_bird_5","predator",1998-01-01,NA,NA,NA,TRUE,27,"incl2026",1998
"Cassin's auklet density - NWFSC","CCIEA","cassAuk_NWFSC","CC_NCC_bird_5","predator",1999-01-01,NA,NA,NA,TRUE,27,"incl2026",1998
"Cassin's auklet density - NWFSC","CCIEA","cassAuk_NWFSC","CC_NCC_bird_5","predator",2000-01-01,NA,NA,NA,TRUE,27,"incl2026",1998
"Cassin's auklet density - NWFSC","CCIEA","cassAuk_NWFSC","CC_NCC_bird_5","predator",2001-01-01,NA,NA,NA,TRUE,27,"incl2026",1998
"Cassin's auklet density - NWFSC","CCIEA","cassAuk_NWFSC","CC_NCC_bird_5","predator",2002-01-01,NA,NA,NA,TRUE,27,"incl2026",1998
"Cassin's auklet density - NWFSC","CCIEA","cassAuk_NWFSC","CC_NCC_bird_5","predator",2003-01-01,-0.4710559,-0.4710559,-0.4710559,TRUE,27,"incl2026",1998
"Cassin's auklet density - NWFSC","CCIEA","cassAuk_NWFSC","CC_NCC_bird_5","predator",2004-01-01,-0.5643313,-0.5643313,-0.5643313,TRUE,27,"incl2026",1998
"Cassin's auklet density - NWFSC","CCIEA","cassAuk_NWFSC","CC_NCC_bird_5","predator",2005-01-01,-0.46052516,-0.46052516,-0.46052516,TRUE,27,"incl2026",1998
"Cassin's auklet density - NWFSC","CCIEA","cassAuk_NWFSC","CC_NCC_bird_5","predator",2006-01-01,-0.5398947,-0.5398947,-0.5398947,TRUE,27,"incl2026",1998
"Cassin's auklet density - NWFSC","CCIEA","cassAuk_NWFSC","CC_NCC_bird_5","predator",2007-01-01,0.03448853,0.03448853,0.03448853,TRUE,27,"incl2026",1998
"Cassin's auklet density - NWFSC","CCIEA","cassAuk_NWFSC","CC_NCC_bird_5","predator",2008-01-01,-0.4971659,-0.4971659,-0.4971659,TRUE,27,"incl2026",1998
"Cassin's auklet density - NWFSC","CCIEA","cassAuk_NWFSC","CC_NCC_bird_5","predator",2009-01-01,-0.15208659,-0.15208659,-0.15208659,TRUE,27,"incl2026",1998
"Cassin's auklet density - NWFSC","CCIEA","cassAuk_NWFSC","CC_NCC_bird_5","predator",2010-01-01,-0.55610275,-0.55610275,-0.55610275,TRUE,27,"incl2026",1998
"Cassin's auklet density - NWFSC","CCIEA","cassAuk_NWFSC","CC_NCC_bird_5","predator",2011-01-01,0.44727498,0.44727498,0.44727498,TRUE,27,"incl2026",1998
"Cassin's auklet density - NWFSC","CCIEA","cassAuk_NWFSC","CC_NCC_bird_5","predator",2012-01-01,0.26240715,0.26240715,0.26240715,TRUE,27,"incl2026",1998
"Cassin's auklet density - NWFSC","CCIEA","cassAuk_NWFSC","CC_NCC_bird_5","predator",2013-01-01,NA,0.42881125,0.42881125,TRUE,27,"incl2026",1998
"Cassin's auklet density - NWFSC","CCIEA","cassAuk_NWFSC","CC_NCC_bird_5","predator",2014-01-01,NA,0.59521535,0.59521535,TRUE,27,"incl2026",1998
"Cassin's auklet density - NWFSC","CCIEA","cassAuk_NWFSC","CC_NCC_bird_5","predator",2015-01-01,0.76161945,0.76161945,0.76161945,TRUE,27,"incl2026",1998
"Cassin's auklet density - NWFSC","CCIEA","cassAuk_NWFSC","CC_NCC_bird_5","predator",2016-01-01,-0.36791617,-0.36791617,-0.36791617,TRUE,27,"incl2026",1998
"Cassin's auklet density - NWFSC","CCIEA","cassAuk_NWFSC","CC_NCC_bird_5","predator",2017-01-01,0.1657294,0.1657294,0.1657294,TRUE,27,"incl2026",1998
"Cassin's auklet density - NWFSC","CCIEA","cassAuk_NWFSC","CC_NCC_bird_5","predator",2018-01-01,-0.19309314,-0.19309314,-0.19309314,TRUE,27,"incl2026",1998
"Cassin's auklet density - NWFSC","CCIEA","cassAuk_NWFSC","CC_NCC_bird_5","predator",2019-01-01,0.27911553,0.27911553,0.27911553,TRUE,27,"incl2026",1998
"Cassin's auklet density - NWFSC","CCIEA","cassAuk_NWFSC","CC_NCC_bird_5","predator",2020-01-01,NA,0.35057342,0.35057342,TRUE,27,"incl2026",1998
"Cassin's auklet density - NWFSC","CCIEA","cassAuk_NWFSC","CC_NCC_bird_5","predator",2021-01-01,NA,0.42203131,0.42203131,TRUE,27,"incl2026",1998
"Cassin_s_aukl_WS_2026","Westport_2026","Cassin_s_aukl_WS_2026","CC_NCC_Seabird_239","",1998-01-01,0.0526315789473684,0.0526315789473684,0.0526315789473684,TRUE,28,"incl2026",1998
"Cassin_s_aukl_WS_2026","Westport_2026","Cassin_s_aukl_WS_2026","CC_NCC_Seabird_239","",1999-01-01,0.444444444444444,0.444444444444444,0.444444444444444,TRUE,28,"incl2026",1998
"Cassin_s_aukl_WS_2026","Westport_2026","Cassin_s_aukl_WS_2026","CC_NCC_Seabird_239","",2000-01-01,0.2,0.2,0.2,TRUE,28,"incl2026",1998
"Cassin_s_aukl_WS_2026","Westport_2026","Cassin_s_aukl_WS_2026","CC_NCC_Seabird_239","",2001-01-01,0.148936170212766,0.148936170212766,0.148936170212766,TRUE,28,"incl2026",1998
"Cassin_s_aukl_WS_2026","Westport_2026","Cassin_s_aukl_WS_2026","CC_NCC_Seabird_239","",2002-01-01,0.354838709677419,0.354838709677419,0.354838709677419,TRUE,28,"incl2026",1998
"Cassin_s_aukl_WS_2026","Westport_2026","Cassin_s_aukl_WS_2026","CC_NCC_Seabird_239","",2003-01-01,0.125,0.125,0.125,TRUE,28,"incl2026",1998
"Cassin_s_aukl_WS_2026","Westport_2026","Cassin_s_aukl_WS_2026","CC_NCC_Seabird_239","",2004-01-01,0.319148936170213,0.319148936170213,0.319148936170213,TRUE,28,"incl2026",1998
"Cassin_s_aukl_WS_2026","Westport_2026","Cassin_s_aukl_WS_2026","CC_NCC_Seabird_239","",2005-01-01,0.352941176470588,0.352941176470588,0.352941176470588,TRUE,28,"incl2026",1998
"Cassin_s_aukl_WS_2026","Westport_2026","Cassin_s_aukl_WS_2026","CC_NCC_Seabird_239","",2006-01-01,0.166666666666667,0.166666666666667,0.166666666666667,TRUE,28,"incl2026",1998
"Cassin_s_aukl_WS_2026","Westport_2026","Cassin_s_aukl_WS_2026","CC_NCC_Seabird_239","",2007-01-01,0.25531914893617,0.25531914893617,0.25531914893617,TRUE,28,"incl2026",1998
"Cassin_s_aukl_WS_2026","Westport_2026","Cassin_s_aukl_WS_2026","CC_NCC_Seabird_239","",2008-01-01,0.0697674418604651,0.0697674418604651,0.0697674418604651,TRUE,28,"incl2026",1998
"Cassin_s_aukl_WS_2026","Westport_2026","Cassin_s_aukl_WS_2026","CC_NCC_Seabird_239","",2009-01-01,NA,0.142991829038341,0.142991829038341,TRUE,28,"incl2026",1998
"Cassin_s_aukl_WS_2026","Westport_2026","Cassin_s_aukl_WS_2026","CC_NCC_Seabird_239","",2010-01-01,0.216216216216216,0.216216216216216,0.216216216216216,TRUE,28,"incl2026",1998
"Cassin_s_aukl_WS_2026","Westport_2026","Cassin_s_aukl_WS_2026","CC_NCC_Seabird_239","",2011-01-01,0.285714285714286,0.285714285714286,0.285714285714286,TRUE,28,"incl2026",1998
"Cassin_s_aukl_WS_2026","Westport_2026","Cassin_s_aukl_WS_2026","CC_NCC_Seabird_239","",2012-01-01,0.348837209302326,0.348837209302326,0.348837209302326,TRUE,28,"incl2026",1998
"Cassin_s_aukl_WS_2026","Westport_2026","Cassin_s_aukl_WS_2026","CC_NCC_Seabird_239","",2013-01-01,0.431818181818182,0.431818181818182,0.431818181818182,TRUE,28,"incl2026",1998
"Cassin_s_aukl_WS_2026","Westport_2026","Cassin_s_aukl_WS_2026","CC_NCC_Seabird_239","",2014-01-01,0.319148936170213,0.319148936170213,0.319148936170213,TRUE,28,"incl2026",1998
"Cassin_s_aukl_WS_2026","Westport_2026","Cassin_s_aukl_WS_2026","CC_NCC_Seabird_239","",2015-01-01,0.220338983050847,0.220338983050847,0.220338983050847,TRUE,28,"incl2026",1998
"Cassin_s_aukl_WS_2026","Westport_2026","Cassin_s_aukl_WS_2026","CC_NCC_Seabird_239","",2016-01-01,0.380952380952381,0.380952380952381,0.380952380952381,TRUE,28,"incl2026",1998
"Cassin_s_aukl_WS_2026","Westport_2026","Cassin_s_aukl_WS_2026","CC_NCC_Seabird_239","",2017-01-01,0.213114754098361,0.213114754098361,0.213114754098361,TRUE,28,"incl2026",1998
"Cassin_s_aukl_WS_2026","Westport_2026","Cassin_s_aukl_WS_2026","CC_NCC_Seabird_239","",2018-01-01,0.258620689655172,0.258620689655172,0.258620689655172,TRUE,28,"incl2026",1998
"Cassin_s_aukl_WS_2026","Westport_2026","Cassin_s_aukl_WS_2026","CC_NCC_Seabird_239","",2019-01-01,0.439024390243902,0.439024390243902,0.439024390243902,TRUE,28,"incl2026",1998
"Cassin_s_aukl_WS_2026","Westport_2026","Cassin_s_aukl_WS_2026","CC_NCC_Seabird_239","",2020-01-01,0.1875,0.1875,0.1875,TRUE,28,"incl2026",1998
"Cassin_s_aukl_WS_2026","Westport_2026","Cassin_s_aukl_WS_2026","CC_NCC_Seabird_239","",2021-01-01,0.476190476190476,0.476190476190476,0.476190476190476,TRUE,28,"incl2026",1998
"Cassins_auklet","JSOES_2026","cassAuk_JSOES_2026","CC_NCC_bird_213","predator",1998-01-01,NA,NA,NA,TRUE,27,"incl2026",1998
"Cassins_auklet","JSOES_2026","cassAuk_JSOES_2026","CC_NCC_bird_213","predator",1999-01-01,NA,NA,NA,TRUE,27,"incl2026",1998
"Cassins_auklet","JSOES_2026","cassAuk_JSOES_2026","CC_NCC_bird_213","predator",2000-01-01,NA,NA,NA,TRUE,27,"incl2026",1998
"Cassins_auklet","JSOES_2026","cassAuk_JSOES_2026","CC_NCC_bird_213","predator",2001-01-01,NA,NA,NA,TRUE,27,"incl2026",1998
"Cassins_auklet","JSOES_2026","cassAuk_JSOES_2026","CC_NCC_bird_213","predator",2002-01-01,NA,NA,NA,TRUE,27,"incl2026",1998
"Cassins_auklet","JSOES_2026","cassAuk_JSOES_2026","CC_NCC_bird_213","predator",2003-01-01,0.416814888142888,0.416814888142888,0.416814888142888,TRUE,27,"incl2026",1998
"Cassins_auklet","JSOES_2026","cassAuk_JSOES_2026","CC_NCC_bird_213","predator",2004-01-01,0.0224314745597219,0.0224314745597219,0.0224314745597219,TRUE,27,"incl2026",1998
"Cassins_auklet","JSOES_2026","cassAuk_JSOES_2026","CC_NCC_bird_213","predator",2005-01-01,0.115447110815981,0.115447110815981,0.115447110815981,TRUE,27,"incl2026",1998
"Cassins_auklet","JSOES_2026","cassAuk_JSOES_2026","CC_NCC_bird_213","predator",2006-01-01,0.0450690718532676,0.0450690718532676,0.0450690718532676,TRUE,27,"incl2026",1998
"Cassins_auklet","JSOES_2026","cassAuk_JSOES_2026","CC_NCC_bird_213","predator",2007-01-01,0.888958446682724,0.888958446682724,0.888958446682724,TRUE,27,"incl2026",1998
"Cassins_auklet","JSOES_2026","cassAuk_JSOES_2026","CC_NCC_bird_213","predator",2008-01-01,0.0975747579107621,0.0975747579107621,0.0975747579107621,TRUE,27,"incl2026",1998
"Cassins_auklet","JSOES_2026","cassAuk_JSOES_2026","CC_NCC_bird_213","predator",2009-01-01,0.549887406848574,0.549887406848574,0.549887406848574,TRUE,27,"incl2026",1998
"Cassins_auklet","JSOES_2026","cassAuk_JSOES_2026","CC_NCC_bird_213","predator",2010-01-01,0.0347564709118522,0.0347564709118522,0.0347564709118522,TRUE,27,"incl2026",1998
"Cassins_auklet","JSOES_2026","cassAuk_JSOES_2026","CC_NCC_bird_213","predator",2011-01-01,1.82227651682677,1.82227651682677,1.82227651682677,TRUE,27,"incl2026",1998
"Cassins_auklet","JSOES_2026","cassAuk_JSOES_2026","CC_NCC_bird_213","predator",2012-01-01,1.34591617831628,1.34591617831628,1.34591617831628,TRUE,27,"incl2026",1998
"Cassins_auklet","JSOES_2026","cassAuk_JSOES_2026","CC_NCC_bird_213","predator",2013-01-01,NA,1.8521829620085,1.8521829620085,TRUE,27,"incl2026",1998
"Cassins_auklet","JSOES_2026","cassAuk_JSOES_2026","CC_NCC_bird_213","predator",2014-01-01,NA,2.35844974570073,2.35844974570073,TRUE,27,"incl2026",1998
"Cassins_auklet","JSOES_2026","cassAuk_JSOES_2026","CC_NCC_bird_213","predator",2015-01-01,2.86471652939295,2.86471652939295,2.86471652939295,TRUE,27,"incl2026",1998
"Cassins_auklet","JSOES_2026","cassAuk_JSOES_2026","CC_NCC_bird_213","predator",2016-01-01,0.249011835220918,0.249011835220918,0.249011835220918,TRUE,27,"incl2026",1998
"Cassins_auklet","JSOES_2026","cassAuk_JSOES_2026","CC_NCC_bird_213","predator",2017-01-01,1.12973651663516,1.12973651663516,1.12973651663516,TRUE,27,"incl2026",1998
"Cassins_auklet","JSOES_2026","cassAuk_JSOES_2026","CC_NCC_bird_213","predator",2018-01-01,0.487617314916636,0.487617314916636,0.487617314916636,TRUE,27,"incl2026",1998
"Cassins_auklet","JSOES_2026","cassAuk_JSOES_2026","CC_NCC_bird_213","predator",2019-01-01,1.3854419096867,1.3854419096867,1.3854419096867,TRUE,27,"incl2026",1998
"Cassins_auklet","JSOES_2026","cassAuk_JSOES_2026","CC_NCC_bird_213","predator",2020-01-01,NA,1.57555016290637,1.57555016290637,TRUE,27,"incl2026",1998
"Cassins_auklet","JSOES_2026","cassAuk_JSOES_2026","CC_NCC_bird_213","predator",2021-01-01,NA,1.76565841612603,1.76565841612603,TRUE,27,"incl2026",1998
"Chinook abundance Snake fall","CCIEA","ChinAbundSnakeFall","CC_Col_fish_30","adults (sar lagged)",1998-01-01,-0.65106374,-0.65106374,-0.65106374,TRUE,3,"incl2026",1998
"Chinook abundance Snake fall","CCIEA","ChinAbundSnakeFall","CC_Col_fish_30","adults (sar lagged)",1999-01-01,-0.5200847,-0.5200847,-0.5200847,TRUE,3,"incl2026",1998
"Chinook abundance Snake fall","CCIEA","ChinAbundSnakeFall","CC_Col_fish_30","adults (sar lagged)",2000-01-01,-0.46694958,-0.46694958,-0.46694958,TRUE,3,"incl2026",1998
"Chinook abundance Snake fall","CCIEA","ChinAbundSnakeFall","CC_Col_fish_30","adults (sar lagged)",2001-01-01,0.41098183,0.41098183,0.41098183,TRUE,3,"incl2026",1998
"Chinook abundance Snake fall","CCIEA","ChinAbundSnakeFall","CC_Col_fish_30","adults (sar lagged)",2002-01-01,-0.25528392,-0.25528392,-0.25528392,TRUE,3,"incl2026",1998
"Chinook abundance Snake fall","CCIEA","ChinAbundSnakeFall","CC_Col_fish_30","adults (sar lagged)",2003-01-01,0.037505653,0.037505653,0.037505653,TRUE,3,"incl2026",1998
"Chinook abundance Snake fall","CCIEA","ChinAbundSnakeFall","CC_Col_fish_30","adults (sar lagged)",2004-01-01,0.612589,0.612589,0.612589,TRUE,3,"incl2026",1998
"Chinook abundance Snake fall","CCIEA","ChinAbundSnakeFall","CC_Col_fish_30","adults (sar lagged)",2005-01-01,0.28437603,0.28437603,0.28437603,TRUE,3,"incl2026",1998
"Chinook abundance Snake fall","CCIEA","ChinAbundSnakeFall","CC_Col_fish_30","adults (sar lagged)",2006-01-01,0.15317832,0.15317832,0.15317832,TRUE,3,"incl2026",1998
"Chinook abundance Snake fall","CCIEA","ChinAbundSnakeFall","CC_Col_fish_30","adults (sar lagged)",2007-01-01,-0.102219924,-0.102219924,-0.102219924,TRUE,3,"incl2026",1998
"Chinook abundance Snake fall","CCIEA","ChinAbundSnakeFall","CC_Col_fish_30","adults (sar lagged)",2008-01-01,-0.06307927,-0.06307927,-0.06307927,TRUE,3,"incl2026",1998
"Chinook abundance Snake fall","CCIEA","ChinAbundSnakeFall","CC_Col_fish_30","adults (sar lagged)",2009-01-01,0.21637188,0.21637188,0.21637188,TRUE,3,"incl2026",1998
"Chinook abundance Snake fall","CCIEA","ChinAbundSnakeFall","CC_Col_fish_30","adults (sar lagged)",2010-01-01,0.8885416,0.8885416,0.8885416,TRUE,3,"incl2026",1998
"Chinook abundance Snake fall","CCIEA","ChinAbundSnakeFall","CC_Col_fish_30","adults (sar lagged)",2011-01-01,1.0470722,1.0470722,1.0470722,TRUE,3,"incl2026",1998
"Chinook abundance Snake fall","CCIEA","ChinAbundSnakeFall","CC_Col_fish_30","adults (sar lagged)",2012-01-01,1.7561958,1.7561958,1.7561958,TRUE,3,"incl2026",1998
"Chinook abundance Snake fall","CCIEA","ChinAbundSnakeFall","CC_Col_fish_30","adults (sar lagged)",2013-01-01,3.7482145,3.7482145,3.7482145,TRUE,3,"incl2026",1998
"Chinook abundance Snake fall","CCIEA","ChinAbundSnakeFall","CC_Col_fish_30","adults (sar lagged)",2014-01-01,2.1554742,2.1554742,2.1554742,TRUE,3,"incl2026",1998
"Chinook abundance Snake fall","CCIEA","ChinAbundSnakeFall","CC_Col_fish_30","adults (sar lagged)",2015-01-01,2.6542442,2.6542442,2.6542442,TRUE,3,"incl2026",1998
"Chinook abundance Snake fall","CCIEA","ChinAbundSnakeFall","CC_Col_fish_30","adults (sar lagged)",2016-01-01,1.1979495,1.1979495,1.1979495,TRUE,3,"incl2026",1998
"Chinook abundance Snake fall","CCIEA","ChinAbundSnakeFall","CC_Col_fish_30","adults (sar lagged)",2017-01-01,0.6233035,0.6233035,0.6233035,TRUE,3,"incl2026",1998
"Chinook abundance Snake fall","CCIEA","ChinAbundSnakeFall","CC_Col_fish_30","adults (sar lagged)",2018-01-01,0.34713227,0.34713227,0.34713227,TRUE,3,"incl2026",1998
"Chinook abundance Snake fall","CCIEA","ChinAbundSnakeFall","CC_Col_fish_30","adults (sar lagged)",2019-01-01,NA,NA,NA,TRUE,3,"incl2026",1998
"Chinook abundance Snake fall","CCIEA","ChinAbundSnakeFall","CC_Col_fish_30","adults (sar lagged)",2020-01-01,NA,NA,NA,TRUE,3,"incl2026",1998
"Chinook abundance Snake fall","CCIEA","ChinAbundSnakeFall","CC_Col_fish_30","adults (sar lagged)",2021-01-01,NA,NA,NA,TRUE,3,"incl2026",1998
"Chinook abundance Snake spr-sum","CCIEA","ChinAbundSnakeSprSum","CC_Col_fish_31","adults (sar lagged)",1998-01-01,-0.75649023,-0.75649023,-0.75649023,TRUE,29,"incl2026",1998
"Chinook abundance Snake spr-sum","CCIEA","ChinAbundSnakeSprSum","CC_Col_fish_31","adults (sar lagged)",1999-01-01,-1.1428624,-1.1428624,-1.1428624,TRUE,29,"incl2026",1998
"Chinook abundance Snake spr-sum","CCIEA","ChinAbundSnakeSprSum","CC_Col_fish_31","adults (sar lagged)",2000-01-01,-0.48412952,-0.48412952,-0.48412952,TRUE,29,"incl2026",1998
"Chinook abundance Snake spr-sum","CCIEA","ChinAbundSnakeSprSum","CC_Col_fish_31","adults (sar lagged)",2001-01-01,1.8889978,1.8889978,1.8889978,TRUE,29,"incl2026",1998
"Chinook abundance Snake spr-sum","CCIEA","ChinAbundSnakeSprSum","CC_Col_fish_31","adults (sar lagged)",2002-01-01,1.6673089,1.6673089,1.6673089,TRUE,29,"incl2026",1998
"Chinook abundance Snake spr-sum","CCIEA","ChinAbundSnakeSprSum","CC_Col_fish_31","adults (sar lagged)",2003-01-01,1.8599671,1.8599671,1.8599671,TRUE,29,"incl2026",1998
"Chinook abundance Snake spr-sum","CCIEA","ChinAbundSnakeSprSum","CC_Col_fish_31","adults (sar lagged)",2004-01-01,0.1175976,0.1175976,0.1175976,TRUE,29,"incl2026",1998
"Chinook abundance Snake spr-sum","CCIEA","ChinAbundSnakeSprSum","CC_Col_fish_31","adults (sar lagged)",2005-01-01,-0.5651516,-0.5651516,-0.5651516,TRUE,29,"incl2026",1998
"Chinook abundance Snake spr-sum","CCIEA","ChinAbundSnakeSprSum","CC_Col_fish_31","adults (sar lagged)",2006-01-01,-0.68391347,-0.68391347,-0.68391347,TRUE,29,"incl2026",1998
"Chinook abundance Snake spr-sum","CCIEA","ChinAbundSnakeSprSum","CC_Col_fish_31","adults (sar lagged)",2007-01-01,-0.7066102,-0.7066102,-0.7066102,TRUE,29,"incl2026",1998
"Chinook abundance Snake spr-sum","CCIEA","ChinAbundSnakeSprSum","CC_Col_fish_31","adults (sar lagged)",2008-01-01,0.03895081,0.03895081,0.03895081,TRUE,29,"incl2026",1998
"Chinook abundance Snake spr-sum","CCIEA","ChinAbundSnakeSprSum","CC_Col_fish_31","adults (sar lagged)",2009-01-01,0.21049583,0.21049583,0.21049583,TRUE,29,"incl2026",1998
"Chinook abundance Snake spr-sum","CCIEA","ChinAbundSnakeSprSum","CC_Col_fish_31","adults (sar lagged)",2010-01-01,1.4540652,1.4540652,1.4540652,TRUE,29,"incl2026",1998
"Chinook abundance Snake spr-sum","CCIEA","ChinAbundSnakeSprSum","CC_Col_fish_31","adults (sar lagged)",2011-01-01,1.2574482,1.2574482,1.2574482,TRUE,29,"incl2026",1998
"Chinook abundance Snake spr-sum","CCIEA","ChinAbundSnakeSprSum","CC_Col_fish_31","adults (sar lagged)",2012-01-01,1.0756105,1.0756105,1.0756105,TRUE,29,"incl2026",1998
"Chinook abundance Snake spr-sum","CCIEA","ChinAbundSnakeSprSum","CC_Col_fish_31","adults (sar lagged)",2013-01-01,-0.17112586,-0.17112586,-0.17112586,TRUE,29,"incl2026",1998
"Chinook abundance Snake spr-sum","CCIEA","ChinAbundSnakeSprSum","CC_Col_fish_31","adults (sar lagged)",2014-01-01,2.0420687,2.0420687,2.0420687,TRUE,29,"incl2026",1998
"Chinook abundance Snake spr-sum","CCIEA","ChinAbundSnakeSprSum","CC_Col_fish_31","adults (sar lagged)",2015-01-01,0.32292378,0.32292378,0.32292378,TRUE,29,"incl2026",1998
"Chinook abundance Snake spr-sum","CCIEA","ChinAbundSnakeSprSum","CC_Col_fish_31","adults (sar lagged)",2016-01-01,0.49130183,0.49130183,0.49130183,TRUE,29,"incl2026",1998
"Chinook abundance Snake spr-sum","CCIEA","ChinAbundSnakeSprSum","CC_Col_fish_31","adults (sar lagged)",2017-01-01,-1.0913988,-1.0913988,-1.0913988,TRUE,29,"incl2026",1998
"Chinook abundance Snake spr-sum","CCIEA","ChinAbundSnakeSprSum","CC_Col_fish_31","adults (sar lagged)",2018-01-01,-0.8124403,-0.8124403,-0.8124403,TRUE,29,"incl2026",1998
"Chinook abundance Snake spr-sum","CCIEA","ChinAbundSnakeSprSum","CC_Col_fish_31","adults (sar lagged)",2019-01-01,NA,NA,NA,TRUE,29,"incl2026",1998
"Chinook abundance Snake spr-sum","CCIEA","ChinAbundSnakeSprSum","CC_Col_fish_31","adults (sar lagged)",2020-01-01,NA,NA,NA,TRUE,29,"incl2026",1998
"Chinook abundance Snake spr-sum","CCIEA","ChinAbundSnakeSprSum","CC_Col_fish_31","adults (sar lagged)",2021-01-01,NA,NA,NA,TRUE,29,"incl2026",1998
"Chinook abundance Upper Columbia spr","CCIEA","ChinAbundUpColSpr","CC_Col_fish_32","adults (sar lagged)",1998-01-01,-1.1011214,-1.1011214,-1.1011214,TRUE,29,"incl2026",1998
"Chinook abundance Upper Columbia spr","CCIEA","ChinAbundUpColSpr","CC_Col_fish_32","adults (sar lagged)",1999-01-01,-1.1066121,-1.1066121,-1.1066121,TRUE,29,"incl2026",1998
"Chinook abundance Upper Columbia spr","CCIEA","ChinAbundUpColSpr","CC_Col_fish_32","adults (sar lagged)",2000-01-01,-0.8415594,-0.8415594,-0.8415594,TRUE,29,"incl2026",1998
"Chinook abundance Upper Columbia spr","CCIEA","ChinAbundUpColSpr","CC_Col_fish_32","adults (sar lagged)",2001-01-01,0.33146104,0.33146104,0.33146104,TRUE,29,"incl2026",1998
"Chinook abundance Upper Columbia spr","CCIEA","ChinAbundUpColSpr","CC_Col_fish_32","adults (sar lagged)",2002-01-01,-0.5176061,-0.5176061,-0.5176061,TRUE,29,"incl2026",1998
"Chinook abundance Upper Columbia spr","CCIEA","ChinAbundUpColSpr","CC_Col_fish_32","adults (sar lagged)",2003-01-01,-0.8630232,-0.8630232,-0.8630232,TRUE,29,"incl2026",1998
"Chinook abundance Upper Columbia spr","CCIEA","ChinAbundUpColSpr","CC_Col_fish_32","adults (sar lagged)",2004-01-01,-0.40978804,-0.40978804,-0.40978804,TRUE,29,"incl2026",1998
"Chinook abundance Upper Columbia spr","CCIEA","ChinAbundUpColSpr","CC_Col_fish_32","adults (sar lagged)",2005-01-01,-0.6803315,-0.6803315,-0.6803315,TRUE,29,"incl2026",1998
"Chinook abundance Upper Columbia spr","CCIEA","ChinAbundUpColSpr","CC_Col_fish_32","adults (sar lagged)",2006-01-01,-0.84355605,-0.84355605,-0.84355605,TRUE,29,"incl2026",1998
"Chinook abundance Upper Columbia spr","CCIEA","ChinAbundUpColSpr","CC_Col_fish_32","adults (sar lagged)",2007-01-01,-0.7886487,-0.7886487,-0.7886487,TRUE,29,"incl2026",1998
"Chinook abundance Upper Columbia spr","CCIEA","ChinAbundUpColSpr","CC_Col_fish_32","adults (sar lagged)",2008-01-01,-0.83307374,-0.83307374,-0.83307374,TRUE,29,"incl2026",1998
"Chinook abundance Upper Columbia spr","CCIEA","ChinAbundUpColSpr","CC_Col_fish_32","adults (sar lagged)",2009-01-01,-0.5720143,-0.5720143,-0.5720143,TRUE,29,"incl2026",1998
"Chinook abundance Upper Columbia spr","CCIEA","ChinAbundUpColSpr","CC_Col_fish_32","adults (sar lagged)",2010-01-01,-0.4751777,-0.4751777,-0.4751777,TRUE,29,"incl2026",1998
"Chinook abundance Upper Columbia spr","CCIEA","ChinAbundUpColSpr","CC_Col_fish_32","adults (sar lagged)",2011-01-01,-0.012458567,-0.012458567,-0.012458567,TRUE,29,"incl2026",1998
"Chinook abundance Upper Columbia spr","CCIEA","ChinAbundUpColSpr","CC_Col_fish_32","adults (sar lagged)",2012-01-01,-0.48266506,-0.48266506,-0.48266506,TRUE,29,"incl2026",1998
"Chinook abundance Upper Columbia spr","CCIEA","ChinAbundUpColSpr","CC_Col_fish_32","adults (sar lagged)",2013-01-01,-0.73374134,-0.73374134,-0.73374134,TRUE,29,"incl2026",1998
"Chinook abundance Upper Columbia spr","CCIEA","ChinAbundUpColSpr","CC_Col_fish_32","adults (sar lagged)",2014-01-01,-0.46519455,-0.46519455,-0.46519455,TRUE,29,"incl2026",1998
"Chinook abundance Upper Columbia spr","CCIEA","ChinAbundUpColSpr","CC_Col_fish_32","adults (sar lagged)",2015-01-01,-0.43175098,-0.43175098,-0.43175098,TRUE,29,"incl2026",1998
"Chinook abundance Upper Columbia spr","CCIEA","ChinAbundUpColSpr","CC_Col_fish_32","adults (sar lagged)",2016-01-01,-0.56302947,-0.56302947,-0.56302947,TRUE,29,"incl2026",1998
"Chinook abundance Upper Columbia spr","CCIEA","ChinAbundUpColSpr","CC_Col_fish_32","adults (sar lagged)",2017-01-01,-0.93789685,-0.93789685,-0.93789685,TRUE,29,"incl2026",1998
"Chinook abundance Upper Columbia spr","CCIEA","ChinAbundUpColSpr","CC_Col_fish_32","adults (sar lagged)",2018-01-01,-0.92342126,-0.92342126,-0.92342126,TRUE,29,"incl2026",1998
"Chinook abundance Upper Columbia spr","CCIEA","ChinAbundUpColSpr","CC_Col_fish_32","adults (sar lagged)",2019-01-01,NA,NA,NA,TRUE,29,"incl2026",1998
"Chinook abundance Upper Columbia spr","CCIEA","ChinAbundUpColSpr","CC_Col_fish_32","adults (sar lagged)",2020-01-01,NA,NA,NA,TRUE,29,"incl2026",1998
"Chinook abundance Upper Columbia spr","CCIEA","ChinAbundUpColSpr","CC_Col_fish_32","adults (sar lagged)",2021-01-01,NA,NA,NA,TRUE,29,"incl2026",1998
"Chrysaora Sea Nettle - NCC","CCIEA","seaNet_NCC","CC_NCC_cnid_10","prey",1998-01-01,NA,NA,NA,TRUE,30,"incl2026",1998
"Chrysaora Sea Nettle - NCC","CCIEA","seaNet_NCC","CC_NCC_cnid_10","prey",1999-01-01,0.07790045,0.07790045,0.07790045,TRUE,30,"incl2026",1998
"Chrysaora Sea Nettle - NCC","CCIEA","seaNet_NCC","CC_NCC_cnid_10","prey",2000-01-01,0.33171928,0.33171928,0.33171928,TRUE,30,"incl2026",1998
"Chrysaora Sea Nettle - NCC","CCIEA","seaNet_NCC","CC_NCC_cnid_10","prey",2001-01-01,0.5954993,0.5954993,0.5954993,TRUE,30,"incl2026",1998
"Chrysaora Sea Nettle - NCC","CCIEA","seaNet_NCC","CC_NCC_cnid_10","prey",2002-01-01,0.9998758,0.9998758,0.9998758,TRUE,30,"incl2026",1998
"Chrysaora Sea Nettle - NCC","CCIEA","seaNet_NCC","CC_NCC_cnid_10","prey",2003-01-01,0.6785259,0.6785259,0.6785259,TRUE,30,"incl2026",1998
"Chrysaora Sea Nettle - NCC","CCIEA","seaNet_NCC","CC_NCC_cnid_10","prey",2004-01-01,1.0513713,1.0513713,1.0513713,TRUE,30,"incl2026",1998
"Chrysaora Sea Nettle - NCC","CCIEA","seaNet_NCC","CC_NCC_cnid_10","prey",2005-01-01,0.49673444,0.49673444,0.49673444,TRUE,30,"incl2026",1998
"Chrysaora Sea Nettle - NCC","CCIEA","seaNet_NCC","CC_NCC_cnid_10","prey",2006-01-01,0.6567331,0.6567331,0.6567331,TRUE,30,"incl2026",1998
"Chrysaora Sea Nettle - NCC","CCIEA","seaNet_NCC","CC_NCC_cnid_10","prey",2007-01-01,0.41458958,0.41458958,0.41458958,TRUE,30,"incl2026",1998
"Chrysaora Sea Nettle - NCC","CCIEA","seaNet_NCC","CC_NCC_cnid_10","prey",2008-01-01,0.6903011,0.6903011,0.6903011,TRUE,30,"incl2026",1998
"Chrysaora Sea Nettle - NCC","CCIEA","seaNet_NCC","CC_NCC_cnid_10","prey",2009-01-01,0.5125512,0.5125512,0.5125512,TRUE,30,"incl2026",1998
"Chrysaora Sea Nettle - NCC","CCIEA","seaNet_NCC","CC_NCC_cnid_10","prey",2010-01-01,0.41836774,0.41836774,0.41836774,TRUE,30,"incl2026",1998
"Chrysaora Sea Nettle - NCC","CCIEA","seaNet_NCC","CC_NCC_cnid_10","prey",2011-01-01,0.41238007,0.41238007,0.41238007,TRUE,30,"incl2026",1998
"Chrysaora Sea Nettle - NCC","CCIEA","seaNet_NCC","CC_NCC_cnid_10","prey",2012-01-01,0.2680102,0.2680102,0.2680102,TRUE,30,"incl2026",1998
"Chrysaora Sea Nettle - NCC","CCIEA","seaNet_NCC","CC_NCC_cnid_10","prey",2013-01-01,0.59222203,0.59222203,0.59222203,TRUE,30,"incl2026",1998
"Chrysaora Sea Nettle - NCC","CCIEA","seaNet_NCC","CC_NCC_cnid_10","prey",2014-01-01,0.5704983,0.5704983,0.5704983,TRUE,30,"incl2026",1998
"Chrysaora Sea Nettle - NCC","CCIEA","seaNet_NCC","CC_NCC_cnid_10","prey",2015-01-01,0.066428944,0.066428944,0.066428944,TRUE,30,"incl2026",1998
"Chrysaora Sea Nettle - NCC","CCIEA","seaNet_NCC","CC_NCC_cnid_10","prey",2016-01-01,0.14209288,0.14209288,0.14209288,TRUE,30,"incl2026",1998
"Chrysaora Sea Nettle - NCC","CCIEA","seaNet_NCC","CC_NCC_cnid_10","prey",2017-01-01,0.3838003,0.3838003,0.3838003,TRUE,30,"incl2026",1998
"Chrysaora Sea Nettle - NCC","CCIEA","seaNet_NCC","CC_NCC_cnid_10","prey",2018-01-01,0.63963777,0.63963777,0.63963777,TRUE,30,"incl2026",1998
"Chrysaora Sea Nettle - NCC","CCIEA","seaNet_NCC","CC_NCC_cnid_10","prey",2019-01-01,0.50373316,0.50373316,0.50373316,TRUE,30,"incl2026",1998
"Chrysaora Sea Nettle - NCC","CCIEA","seaNet_NCC","CC_NCC_cnid_10","prey",2020-01-01,0.4040201,0.4040201,0.4040201,TRUE,30,"incl2026",1998
"Chrysaora Sea Nettle - NCC","CCIEA","seaNet_NCC","CC_NCC_cnid_10","prey",2021-01-01,0.5071789,0.5071789,0.5071789,TRUE,30,"incl2026",1998
"Common murre density - NWFSC","CCIEA","commonMurre_NWFSC","CC_NCC_bird_6","predator",1998-01-01,NA,NA,NA,TRUE,31,"incl2026",1998
"Common murre density - NWFSC","CCIEA","commonMurre_NWFSC","CC_NCC_bird_6","predator",1999-01-01,NA,NA,NA,TRUE,31,"incl2026",1998
"Common murre density - NWFSC","CCIEA","commonMurre_NWFSC","CC_NCC_bird_6","predator",2000-01-01,NA,NA,NA,TRUE,31,"incl2026",1998
"Common murre density - NWFSC","CCIEA","commonMurre_NWFSC","CC_NCC_bird_6","predator",2001-01-01,NA,NA,NA,TRUE,31,"incl2026",1998
"Common murre density - NWFSC","CCIEA","commonMurre_NWFSC","CC_NCC_bird_6","predator",2002-01-01,NA,NA,NA,TRUE,31,"incl2026",1998
"Common murre density - NWFSC","CCIEA","commonMurre_NWFSC","CC_NCC_bird_6","predator",2003-01-01,-0.20022175,-0.20022175,-0.20022175,TRUE,31,"incl2026",1998
"Common murre density - NWFSC","CCIEA","commonMurre_NWFSC","CC_NCC_bird_6","predator",2004-01-01,-0.3395788,-0.3395788,-0.3395788,TRUE,31,"incl2026",1998
"Common murre density - NWFSC","CCIEA","commonMurre_NWFSC","CC_NCC_bird_6","predator",2005-01-01,0.2941802,0.2941802,0.2941802,TRUE,31,"incl2026",1998
"Common murre density - NWFSC","CCIEA","commonMurre_NWFSC","CC_NCC_bird_6","predator",2006-01-01,-0.32622337,-0.32622337,-0.32622337,TRUE,31,"incl2026",1998
"Common murre density - NWFSC","CCIEA","commonMurre_NWFSC","CC_NCC_bird_6","predator",2007-01-01,0.61227435,0.61227435,0.61227435,TRUE,31,"incl2026",1998
"Common murre density - NWFSC","CCIEA","commonMurre_NWFSC","CC_NCC_bird_6","predator",2008-01-01,1.1702654,1.1702654,1.1702654,TRUE,31,"incl2026",1998
"Common murre density - NWFSC","CCIEA","commonMurre_NWFSC","CC_NCC_bird_6","predator",2009-01-01,-0.6648621,-0.6648621,-0.6648621,TRUE,31,"incl2026",1998
"Common murre density - NWFSC","CCIEA","commonMurre_NWFSC","CC_NCC_bird_6","predator",2010-01-01,0.738405,0.738405,0.738405,TRUE,31,"incl2026",1998
"Common murre density - NWFSC","CCIEA","commonMurre_NWFSC","CC_NCC_bird_6","predator",2011-01-01,0.12071074,0.12071074,0.12071074,TRUE,31,"incl2026",1998
"Common murre density - NWFSC","CCIEA","commonMurre_NWFSC","CC_NCC_bird_6","predator",2012-01-01,-0.3674552,-0.3674552,-0.3674552,TRUE,31,"incl2026",1998
"Common murre density - NWFSC","CCIEA","commonMurre_NWFSC","CC_NCC_bird_6","predator",2013-01-01,NA,-0.22227311,-0.22227311,TRUE,31,"incl2026",1998
"Common murre density - NWFSC","CCIEA","commonMurre_NWFSC","CC_NCC_bird_6","predator",2014-01-01,NA,-0.07709102,-0.07709102,TRUE,31,"incl2026",1998
"Common murre density - NWFSC","CCIEA","commonMurre_NWFSC","CC_NCC_bird_6","predator",2015-01-01,0.06809107,0.06809107,0.06809107,TRUE,31,"incl2026",1998
"Common murre density - NWFSC","CCIEA","commonMurre_NWFSC","CC_NCC_bird_6","predator",2016-01-01,-0.20158277,-0.20158277,-0.20158277,TRUE,31,"incl2026",1998
"Common murre density - NWFSC","CCIEA","commonMurre_NWFSC","CC_NCC_bird_6","predator",2017-01-01,-0.46804076,-0.46804076,-0.46804076,TRUE,31,"incl2026",1998
"Common murre density - NWFSC","CCIEA","commonMurre_NWFSC","CC_NCC_bird_6","predator",2018-01-01,0.097547285,0.097547285,0.097547285,TRUE,31,"incl2026",1998
"Common murre density - NWFSC","CCIEA","commonMurre_NWFSC","CC_NCC_bird_6","predator",2019-01-01,-0.15359123,-0.15359123,-0.15359123,TRUE,31,"incl2026",1998
"Common murre density - NWFSC","CCIEA","commonMurre_NWFSC","CC_NCC_bird_6","predator",2020-01-01,NA,-0.22903353,-0.22903353,TRUE,31,"incl2026",1998
"Common murre density - NWFSC","CCIEA","commonMurre_NWFSC","CC_NCC_bird_6","predator",2021-01-01,NA,-0.30447583,-0.30447583,TRUE,31,"incl2026",1998
"Common_loon_WS_2026","Westport_2026","Common_loon_WS_2026","CC_NCC_Seabird_262","",1998-01-01,0.0526315789473684,0.0526315789473684,0.0526315789473684,TRUE,32,"incl2026",1998
"Common_loon_WS_2026","Westport_2026","Common_loon_WS_2026","CC_NCC_Seabird_262","",1999-01-01,0.222222222222222,0.222222222222222,0.222222222222222,TRUE,32,"incl2026",1998
"Common_loon_WS_2026","Westport_2026","Common_loon_WS_2026","CC_NCC_Seabird_262","",2000-01-01,0.166666666666667,0.166666666666667,0.166666666666667,TRUE,32,"incl2026",1998
"Common_loon_WS_2026","Westport_2026","Common_loon_WS_2026","CC_NCC_Seabird_262","",2001-01-01,0.106382978723404,0.106382978723404,0.106382978723404,TRUE,32,"incl2026",1998
"Common_loon_WS_2026","Westport_2026","Common_loon_WS_2026","CC_NCC_Seabird_262","",2002-01-01,0.193548387096774,0.193548387096774,0.193548387096774,TRUE,32,"incl2026",1998
"Common_loon_WS_2026","Westport_2026","Common_loon_WS_2026","CC_NCC_Seabird_262","",2003-01-01,0.1875,0.1875,0.1875,TRUE,32,"incl2026",1998
"Common_loon_WS_2026","Westport_2026","Common_loon_WS_2026","CC_NCC_Seabird_262","",2004-01-01,0.0851063829787234,0.0851063829787234,0.0851063829787234,TRUE,32,"incl2026",1998
"Common_loon_WS_2026","Westport_2026","Common_loon_WS_2026","CC_NCC_Seabird_262","",2005-01-01,0.0588235294117647,0.0588235294117647,0.0588235294117647,TRUE,32,"incl2026",1998
"Common_loon_WS_2026","Westport_2026","Common_loon_WS_2026","CC_NCC_Seabird_262","",2006-01-01,0.240740740740741,0.240740740740741,0.240740740740741,TRUE,32,"incl2026",1998
"Common_loon_WS_2026","Westport_2026","Common_loon_WS_2026","CC_NCC_Seabird_262","",2007-01-01,0.234042553191489,0.234042553191489,0.234042553191489,TRUE,32,"incl2026",1998
"Common_loon_WS_2026","Westport_2026","Common_loon_WS_2026","CC_NCC_Seabird_262","",2008-01-01,0.302325581395349,0.302325581395349,0.302325581395349,TRUE,32,"incl2026",1998
"Common_loon_WS_2026","Westport_2026","Common_loon_WS_2026","CC_NCC_Seabird_262","",2009-01-01,NA,0.205216844751728,0.205216844751728,TRUE,32,"incl2026",1998
"Common_loon_WS_2026","Westport_2026","Common_loon_WS_2026","CC_NCC_Seabird_262","",2010-01-01,0.108108108108108,0.108108108108108,0.108108108108108,TRUE,32,"incl2026",1998
"Common_loon_WS_2026","Westport_2026","Common_loon_WS_2026","CC_NCC_Seabird_262","",2011-01-01,0.224489795918367,0.224489795918367,0.224489795918367,TRUE,32,"incl2026",1998
"Common_loon_WS_2026","Westport_2026","Common_loon_WS_2026","CC_NCC_Seabird_262","",2012-01-01,0.302325581395349,0.302325581395349,0.302325581395349,TRUE,32,"incl2026",1998
"Common_loon_WS_2026","Westport_2026","Common_loon_WS_2026","CC_NCC_Seabird_262","",2013-01-01,0.25,0.25,0.25,TRUE,32,"incl2026",1998
"Common_loon_WS_2026","Westport_2026","Common_loon_WS_2026","CC_NCC_Seabird_262","",2014-01-01,0.127659574468085,0.127659574468085,0.127659574468085,TRUE,32,"incl2026",1998
"Common_loon_WS_2026","Westport_2026","Common_loon_WS_2026","CC_NCC_Seabird_262","",2015-01-01,0.23728813559322,0.23728813559322,0.23728813559322,TRUE,32,"incl2026",1998
"Common_loon_WS_2026","Westport_2026","Common_loon_WS_2026","CC_NCC_Seabird_262","",2016-01-01,0.174603174603175,0.174603174603175,0.174603174603175,TRUE,32,"incl2026",1998
"Common_loon_WS_2026","Westport_2026","Common_loon_WS_2026","CC_NCC_Seabird_262","",2017-01-01,0.213114754098361,0.213114754098361,0.213114754098361,TRUE,32,"incl2026",1998
"Common_loon_WS_2026","Westport_2026","Common_loon_WS_2026","CC_NCC_Seabird_262","",2018-01-01,0.155172413793103,0.155172413793103,0.155172413793103,TRUE,32,"incl2026",1998
"Common_loon_WS_2026","Westport_2026","Common_loon_WS_2026","CC_NCC_Seabird_262","",2019-01-01,0.365853658536585,0.365853658536585,0.365853658536585,TRUE,32,"incl2026",1998
"Common_loon_WS_2026","Westport_2026","Common_loon_WS_2026","CC_NCC_Seabird_262","",2020-01-01,0,0,0,TRUE,32,"incl2026",1998
"Common_loon_WS_2026","Westport_2026","Common_loon_WS_2026","CC_NCC_Seabird_262","",2021-01-01,0.174603174603175,0.174603174603175,0.174603174603175,TRUE,32,"incl2026",1998
"Common_murre_WS_2026","Westport_2026","Common_murre_WS_2026","CC_NCC_Seabird_271","",1998-01-01,0.631578947368421,0.631578947368421,0.631578947368421,TRUE,33,"incl2026",1998
"Common_murre_WS_2026","Westport_2026","Common_murre_WS_2026","CC_NCC_Seabird_271","",1999-01-01,0.111111111111111,0.111111111111111,0.111111111111111,TRUE,33,"incl2026",1998
"Common_murre_WS_2026","Westport_2026","Common_murre_WS_2026","CC_NCC_Seabird_271","",2000-01-01,0.433333333333333,0.433333333333333,0.433333333333333,TRUE,33,"incl2026",1998
"Common_murre_WS_2026","Westport_2026","Common_murre_WS_2026","CC_NCC_Seabird_271","",2001-01-01,0.51063829787234,0.51063829787234,0.51063829787234,TRUE,33,"incl2026",1998
"Common_murre_WS_2026","Westport_2026","Common_murre_WS_2026","CC_NCC_Seabird_271","",2002-01-01,0.758064516129032,0.758064516129032,0.758064516129032,TRUE,33,"incl2026",1998
"Common_murre_WS_2026","Westport_2026","Common_murre_WS_2026","CC_NCC_Seabird_271","",2003-01-01,0.78125,0.78125,0.78125,TRUE,33,"incl2026",1998
"Common_murre_WS_2026","Westport_2026","Common_murre_WS_2026","CC_NCC_Seabird_271","",2004-01-01,0.617021276595745,0.617021276595745,0.617021276595745,TRUE,33,"incl2026",1998
"Common_murre_WS_2026","Westport_2026","Common_murre_WS_2026","CC_NCC_Seabird_271","",2005-01-01,0.764705882352941,0.764705882352941,0.764705882352941,TRUE,33,"incl2026",1998
"Common_murre_WS_2026","Westport_2026","Common_murre_WS_2026","CC_NCC_Seabird_271","",2006-01-01,0.703703703703704,0.703703703703704,0.703703703703704,TRUE,33,"incl2026",1998
"Common_murre_WS_2026","Westport_2026","Common_murre_WS_2026","CC_NCC_Seabird_271","",2007-01-01,0.617021276595745,0.617021276595745,0.617021276595745,TRUE,33,"incl2026",1998
"Common_murre_WS_2026","Westport_2026","Common_murre_WS_2026","CC_NCC_Seabird_271","",2008-01-01,0.441860465116279,0.441860465116279,0.441860465116279,TRUE,33,"incl2026",1998
"Common_murre_WS_2026","Westport_2026","Common_murre_WS_2026","CC_NCC_Seabird_271","",2009-01-01,NA,0.518227529855437,0.518227529855437,TRUE,33,"incl2026",1998
"Common_murre_WS_2026","Westport_2026","Common_murre_WS_2026","CC_NCC_Seabird_271","",2010-01-01,0.594594594594595,0.594594594594595,0.594594594594595,TRUE,33,"incl2026",1998
"Common_murre_WS_2026","Westport_2026","Common_murre_WS_2026","CC_NCC_Seabird_271","",2011-01-01,0.530612244897959,0.530612244897959,0.530612244897959,TRUE,33,"incl2026",1998
"Common_murre_WS_2026","Westport_2026","Common_murre_WS_2026","CC_NCC_Seabird_271","",2012-01-01,0.744186046511628,0.744186046511628,0.744186046511628,TRUE,33,"incl2026",1998
"Common_murre_WS_2026","Westport_2026","Common_murre_WS_2026","CC_NCC_Seabird_271","",2013-01-01,0.5,0.5,0.5,TRUE,33,"incl2026",1998
"Common_murre_WS_2026","Westport_2026","Common_murre_WS_2026","CC_NCC_Seabird_271","",2014-01-01,0.680851063829787,0.680851063829787,0.680851063829787,TRUE,33,"incl2026",1998
"Common_murre_WS_2026","Westport_2026","Common_murre_WS_2026","CC_NCC_Seabird_271","",2015-01-01,0.694915254237288,0.694915254237288,0.694915254237288,TRUE,33,"incl2026",1998
"Common_murre_WS_2026","Westport_2026","Common_murre_WS_2026","CC_NCC_Seabird_271","",2016-01-01,0.666666666666667,0.666666666666667,0.666666666666667,TRUE,33,"incl2026",1998
"Common_murre_WS_2026","Westport_2026","Common_murre_WS_2026","CC_NCC_Seabird_271","",2017-01-01,0.573770491803279,0.573770491803279,0.573770491803279,TRUE,33,"incl2026",1998
"Common_murre_WS_2026","Westport_2026","Common_murre_WS_2026","CC_NCC_Seabird_271","",2018-01-01,0.603448275862069,0.603448275862069,0.603448275862069,TRUE,33,"incl2026",1998
"Common_murre_WS_2026","Westport_2026","Common_murre_WS_2026","CC_NCC_Seabird_271","",2019-01-01,0.731707317073171,0.731707317073171,0.731707317073171,TRUE,33,"incl2026",1998
"Common_murre_WS_2026","Westport_2026","Common_murre_WS_2026","CC_NCC_Seabird_271","",2020-01-01,0.25,0.25,0.25,TRUE,33,"incl2026",1998
"Common_murre_WS_2026","Westport_2026","Common_murre_WS_2026","CC_NCC_Seabird_271","",2021-01-01,0.476190476190476,0.476190476190476,0.476190476190476,TRUE,33,"incl2026",1998
"Common_tern_WS_2026","Westport_2026","Common_tern_WS_2026","CC_NCC_Seabird_247","",1998-01-01,0,0,0,TRUE,34,"incl2026",1998
"Common_tern_WS_2026","Westport_2026","Common_tern_WS_2026","CC_NCC_Seabird_247","",1999-01-01,0,0,0,TRUE,34,"incl2026",1998
"Common_tern_WS_2026","Westport_2026","Common_tern_WS_2026","CC_NCC_Seabird_247","",2000-01-01,0.166666666666667,0.166666666666667,0.166666666666667,TRUE,34,"incl2026",1998
"Common_tern_WS_2026","Westport_2026","Common_tern_WS_2026","CC_NCC_Seabird_247","",2001-01-01,0.0212765957446809,0.0212765957446809,0.0212765957446809,TRUE,34,"incl2026",1998
"Common_tern_WS_2026","Westport_2026","Common_tern_WS_2026","CC_NCC_Seabird_247","",2002-01-01,0.145161290322581,0.145161290322581,0.145161290322581,TRUE,34,"incl2026",1998
"Common_tern_WS_2026","Westport_2026","Common_tern_WS_2026","CC_NCC_Seabird_247","",2003-01-01,0.25,0.25,0.25,TRUE,34,"incl2026",1998
"Common_tern_WS_2026","Westport_2026","Common_tern_WS_2026","CC_NCC_Seabird_247","",2004-01-01,0.148936170212766,0.148936170212766,0.148936170212766,TRUE,34,"incl2026",1998
"Common_tern_WS_2026","Westport_2026","Common_tern_WS_2026","CC_NCC_Seabird_247","",2005-01-01,0,0,0,TRUE,34,"incl2026",1998
"Common_tern_WS_2026","Westport_2026","Common_tern_WS_2026","CC_NCC_Seabird_247","",2006-01-01,0.037037037037037,0.037037037037037,0.037037037037037,TRUE,34,"incl2026",1998
"Common_tern_WS_2026","Westport_2026","Common_tern_WS_2026","CC_NCC_Seabird_247","",2007-01-01,0.0638297872340425,0.0638297872340425,0.0638297872340425,TRUE,34,"incl2026",1998
"Common_tern_WS_2026","Westport_2026","Common_tern_WS_2026","CC_NCC_Seabird_247","",2008-01-01,0.0930232558139535,0.0930232558139535,0.0930232558139535,TRUE,34,"incl2026",1998
"Common_tern_WS_2026","Westport_2026","Common_tern_WS_2026","CC_NCC_Seabird_247","",2009-01-01,NA,0.0600251414204903,0.0600251414204903,TRUE,34,"incl2026",1998
"Common_tern_WS_2026","Westport_2026","Common_tern_WS_2026","CC_NCC_Seabird_247","",2010-01-01,0.027027027027027,0.027027027027027,0.027027027027027,TRUE,34,"incl2026",1998
"Common_tern_WS_2026","Westport_2026","Common_tern_WS_2026","CC_NCC_Seabird_247","",2011-01-01,0.0204081632653061,0.0204081632653061,0.0204081632653061,TRUE,34,"incl2026",1998
"Common_tern_WS_2026","Westport_2026","Common_tern_WS_2026","CC_NCC_Seabird_247","",2012-01-01,0.0930232558139535,0.0930232558139535,0.0930232558139535,TRUE,34,"incl2026",1998
"Common_tern_WS_2026","Westport_2026","Common_tern_WS_2026","CC_NCC_Seabird_247","",2013-01-01,0.0681818181818182,0.0681818181818182,0.0681818181818182,TRUE,34,"incl2026",1998
"Common_tern_WS_2026","Westport_2026","Common_tern_WS_2026","CC_NCC_Seabird_247","",2014-01-01,0.0212765957446809,0.0212765957446809,0.0212765957446809,TRUE,34,"incl2026",1998
"Common_tern_WS_2026","Westport_2026","Common_tern_WS_2026","CC_NCC_Seabird_247","",2015-01-01,0.11864406779661,0.11864406779661,0.11864406779661,TRUE,34,"incl2026",1998
"Common_tern_WS_2026","Westport_2026","Common_tern_WS_2026","CC_NCC_Seabird_247","",2016-01-01,0.111111111111111,0.111111111111111,0.111111111111111,TRUE,34,"incl2026",1998
"Common_tern_WS_2026","Westport_2026","Common_tern_WS_2026","CC_NCC_Seabird_247","",2017-01-01,0.0327868852459016,0.0327868852459016,0.0327868852459016,TRUE,34,"incl2026",1998
"Common_tern_WS_2026","Westport_2026","Common_tern_WS_2026","CC_NCC_Seabird_247","",2018-01-01,0.0862068965517241,0.0862068965517241,0.0862068965517241,TRUE,34,"incl2026",1998
"Common_tern_WS_2026","Westport_2026","Common_tern_WS_2026","CC_NCC_Seabird_247","",2019-01-01,0.0487804878048781,0.0487804878048781,0.0487804878048781,TRUE,34,"incl2026",1998
"Common_tern_WS_2026","Westport_2026","Common_tern_WS_2026","CC_NCC_Seabird_247","",2020-01-01,0.0625,0.0625,0.0625,TRUE,34,"incl2026",1998
"Common_tern_WS_2026","Westport_2026","Common_tern_WS_2026","CC_NCC_Seabird_247","",2021-01-01,0.174603174603175,0.174603174603175,0.174603174603175,TRUE,34,"incl2026",1998
"Copepod Community Size","Eastern_Gulf_of_Alaska","copepodCom_EGoA","AK_EGoA_crust_12","north",1998-01-01,0.2478,0.2478,0.2478,TRUE,35,"incl2026",1998
"Copepod Community Size","Eastern_Gulf_of_Alaska","copepodCom_EGoA","AK_EGoA_crust_12","north",1999-01-01,0.3423,0.3423,0.3423,TRUE,35,"incl2026",1998
"Copepod Community Size","Eastern_Gulf_of_Alaska","copepodCom_EGoA","AK_EGoA_crust_12","north",2000-01-01,0.289,0.289,0.289,TRUE,35,"incl2026",1998
"Copepod Community Size","Eastern_Gulf_of_Alaska","copepodCom_EGoA","AK_EGoA_crust_12","north",2001-01-01,0.411,0.411,0.411,TRUE,35,"incl2026",1998
"Copepod Community Size","Eastern_Gulf_of_Alaska","copepodCom_EGoA","AK_EGoA_crust_12","north",2002-01-01,0.3891,0.3891,0.3891,TRUE,35,"incl2026",1998
"Copepod Community Size","Eastern_Gulf_of_Alaska","copepodCom_EGoA","AK_EGoA_crust_12","north",2003-01-01,0.2141,0.2141,0.2141,TRUE,35,"incl2026",1998
"Copepod Community Size","Eastern_Gulf_of_Alaska","copepodCom_EGoA","AK_EGoA_crust_12","north",2004-01-01,0.2929,0.2929,0.2929,TRUE,35,"incl2026",1998
"Copepod Community Size","Eastern_Gulf_of_Alaska","copepodCom_EGoA","AK_EGoA_crust_12","north",2005-01-01,0.2061,0.2061,0.2061,TRUE,35,"incl2026",1998
"Copepod Community Size","Eastern_Gulf_of_Alaska","copepodCom_EGoA","AK_EGoA_crust_12","north",2006-01-01,0.294,0.294,0.294,TRUE,35,"incl2026",1998
"Copepod Community Size","Eastern_Gulf_of_Alaska","copepodCom_EGoA","AK_EGoA_crust_12","north",2007-01-01,0.3053,0.3053,0.3053,TRUE,35,"incl2026",1998
"Copepod Community Size","Eastern_Gulf_of_Alaska","copepodCom_EGoA","AK_EGoA_crust_12","north",2008-01-01,0.2264,0.2264,0.2264,TRUE,35,"incl2026",1998
"Copepod Community Size","Eastern_Gulf_of_Alaska","copepodCom_EGoA","AK_EGoA_crust_12","north",2009-01-01,0.3442,0.3442,0.3442,TRUE,35,"incl2026",1998
"Copepod Community Size","Eastern_Gulf_of_Alaska","copepodCom_EGoA","AK_EGoA_crust_12","north",2010-01-01,0.1494,0.1494,0.1494,TRUE,35,"incl2026",1998
"Copepod Community Size","Eastern_Gulf_of_Alaska","copepodCom_EGoA","AK_EGoA_crust_12","north",2011-01-01,0.3341,0.3341,0.3341,TRUE,35,"incl2026",1998
"Copepod Community Size","Eastern_Gulf_of_Alaska","copepodCom_EGoA","AK_EGoA_crust_12","north",2012-01-01,0.2746,0.2746,0.2746,TRUE,35,"incl2026",1998
"Copepod Community Size","Eastern_Gulf_of_Alaska","copepodCom_EGoA","AK_EGoA_crust_12","north",2013-01-01,0.4226,0.4226,0.4226,TRUE,35,"incl2026",1998
"Copepod Community Size","Eastern_Gulf_of_Alaska","copepodCom_EGoA","AK_EGoA_crust_12","north",2014-01-01,0.2816,0.2816,0.2816,TRUE,35,"incl2026",1998
"Copepod Community Size","Eastern_Gulf_of_Alaska","copepodCom_EGoA","AK_EGoA_crust_12","north",2015-01-01,0.1739,0.1739,0.1739,TRUE,35,"incl2026",1998
"Copepod Community Size","Eastern_Gulf_of_Alaska","copepodCom_EGoA","AK_EGoA_crust_12","north",2016-01-01,0.3611,0.3611,0.3611,TRUE,35,"incl2026",1998
"Copepod Community Size","Eastern_Gulf_of_Alaska","copepodCom_EGoA","AK_EGoA_crust_12","north",2017-01-01,0.4764,0.4764,0.4764,TRUE,35,"incl2026",1998
"Copepod Community Size","Eastern_Gulf_of_Alaska","copepodCom_EGoA","AK_EGoA_crust_12","north",2018-01-01,0.2228,0.2228,0.2228,TRUE,35,"incl2026",1998
"Copepod Community Size","Eastern_Gulf_of_Alaska","copepodCom_EGoA","AK_EGoA_crust_12","north",2019-01-01,0.2161,0.2161,0.2161,TRUE,35,"incl2026",1998
"Copepod Community Size","Eastern_Gulf_of_Alaska","copepodCom_EGoA","AK_EGoA_crust_12","north",2020-01-01,0.4776,0.4776,0.4776,TRUE,35,"incl2026",1998
"Copepod Community Size","Eastern_Gulf_of_Alaska","copepodCom_EGoA","AK_EGoA_crust_12","north",2021-01-01,0.34,0.34,0.34,TRUE,35,"incl2026",1998
"Copepod Community Size","Western_Gulf_of_Alaska","copepodCom_WGoA","AK_WGoA_plank_91","north",1998-01-01,0.8595,0.8595,0.8595,TRUE,36,"incl2026",1998
"Copepod Community Size","Western_Gulf_of_Alaska","copepodCom_WGoA","AK_WGoA_plank_91","north",1999-01-01,0.7666,0.7666,0.7666,TRUE,36,"incl2026",1998
"Copepod Community Size","Western_Gulf_of_Alaska","copepodCom_WGoA","AK_WGoA_plank_91","north",2000-01-01,0.5025,0.5025,0.5025,TRUE,36,"incl2026",1998
"Copepod Community Size","Western_Gulf_of_Alaska","copepodCom_WGoA","AK_WGoA_plank_91","north",2001-01-01,0.8055,0.8055,0.8055,TRUE,36,"incl2026",1998
"Copepod Community Size","Western_Gulf_of_Alaska","copepodCom_WGoA","AK_WGoA_plank_91","north",2002-01-01,0.8065,0.8065,0.8065,TRUE,36,"incl2026",1998
"Copepod Community Size","Western_Gulf_of_Alaska","copepodCom_WGoA","AK_WGoA_plank_91","north",2003-01-01,0.8417,0.8417,0.8417,TRUE,36,"incl2026",1998
"Copepod Community Size","Western_Gulf_of_Alaska","copepodCom_WGoA","AK_WGoA_plank_91","north",2004-01-01,0.7261,0.7261,0.7261,TRUE,36,"incl2026",1998
"Copepod Community Size","Western_Gulf_of_Alaska","copepodCom_WGoA","AK_WGoA_plank_91","north",2005-01-01,0.786,0.786,0.786,TRUE,36,"incl2026",1998
"Copepod Community Size","Western_Gulf_of_Alaska","copepodCom_WGoA","AK_WGoA_plank_91","north",2006-01-01,0.7952,0.7952,0.7952,TRUE,36,"incl2026",1998
"Copepod Community Size","Western_Gulf_of_Alaska","copepodCom_WGoA","AK_WGoA_plank_91","north",2007-01-01,0.7825,0.7825,0.7825,TRUE,36,"incl2026",1998
"Copepod Community Size","Western_Gulf_of_Alaska","copepodCom_WGoA","AK_WGoA_plank_91","north",2008-01-01,0.649,0.649,0.649,TRUE,36,"incl2026",1998
"Copepod Community Size","Western_Gulf_of_Alaska","copepodCom_WGoA","AK_WGoA_plank_91","north",2009-01-01,0.7426,0.7426,0.7426,TRUE,36,"incl2026",1998
"Copepod Community Size","Western_Gulf_of_Alaska","copepodCom_WGoA","AK_WGoA_plank_91","north",2010-01-01,0.6872,0.6872,0.6872,TRUE,36,"incl2026",1998
"Copepod Community Size","Western_Gulf_of_Alaska","copepodCom_WGoA","AK_WGoA_plank_91","north",2011-01-01,0.8241,0.8241,0.8241,TRUE,36,"incl2026",1998
"Copepod Community Size","Western_Gulf_of_Alaska","copepodCom_WGoA","AK_WGoA_plank_91","north",2012-01-01,0.7414,0.7414,0.7414,TRUE,36,"incl2026",1998
"Copepod Community Size","Western_Gulf_of_Alaska","copepodCom_WGoA","AK_WGoA_plank_91","north",2013-01-01,0.7043,0.7043,0.7043,TRUE,36,"incl2026",1998
"Copepod Community Size","Western_Gulf_of_Alaska","copepodCom_WGoA","AK_WGoA_plank_91","north",2014-01-01,0.771,0.771,0.771,TRUE,36,"incl2026",1998
"Copepod Community Size","Western_Gulf_of_Alaska","copepodCom_WGoA","AK_WGoA_plank_91","north",2015-01-01,0.8863,0.8863,0.8863,TRUE,36,"incl2026",1998
"Copepod Community Size","Western_Gulf_of_Alaska","copepodCom_WGoA","AK_WGoA_plank_91","north",2016-01-01,0.7723,0.7723,0.7723,TRUE,36,"incl2026",1998
"Copepod Community Size","Western_Gulf_of_Alaska","copepodCom_WGoA","AK_WGoA_plank_91","north",2017-01-01,0.839,0.839,0.839,TRUE,36,"incl2026",1998
"Copepod Community Size","Western_Gulf_of_Alaska","copepodCom_WGoA","AK_WGoA_plank_91","north",2018-01-01,0.9339,0.9339,0.9339,TRUE,36,"incl2026",1998
"Copepod Community Size","Western_Gulf_of_Alaska","copepodCom_WGoA","AK_WGoA_plank_91","north",2019-01-01,0.878,0.878,0.878,TRUE,36,"incl2026",1998
"Copepod Community Size","Western_Gulf_of_Alaska","copepodCom_WGoA","AK_WGoA_plank_91","north",2020-01-01,0.9115,0.9115,0.9115,TRUE,36,"incl2026",1998
"Copepod Community Size","Western_Gulf_of_Alaska","copepodCom_WGoA","AK_WGoA_plank_91","north",2021-01-01,0.9208,0.9208,0.9208,TRUE,36,"incl2026",1998
"Copepod biomass","Western_Gulf_of_Alaska","copepodBiomass_WGoA","AK_WGoA_plank_90","north",1998-01-01,0.4554,0.4554,0.4554,TRUE,37,"incl2026",1998
"Copepod biomass","Western_Gulf_of_Alaska","copepodBiomass_WGoA","AK_WGoA_plank_90","north",1999-01-01,0.2525,0.2525,0.2525,TRUE,37,"incl2026",1998
"Copepod biomass","Western_Gulf_of_Alaska","copepodBiomass_WGoA","AK_WGoA_plank_90","north",2000-01-01,0.3155,0.3155,0.3155,TRUE,37,"incl2026",1998
"Copepod biomass","Western_Gulf_of_Alaska","copepodBiomass_WGoA","AK_WGoA_plank_90","north",2001-01-01,0.247,0.247,0.247,TRUE,37,"incl2026",1998
"Copepod biomass","Western_Gulf_of_Alaska","copepodBiomass_WGoA","AK_WGoA_plank_90","north",2002-01-01,0.5201,0.5201,0.5201,TRUE,37,"incl2026",1998
"Copepod biomass","Western_Gulf_of_Alaska","copepodBiomass_WGoA","AK_WGoA_plank_90","north",2003-01-01,0.3246,0.3246,0.3246,TRUE,37,"incl2026",1998
"Copepod biomass","Western_Gulf_of_Alaska","copepodBiomass_WGoA","AK_WGoA_plank_90","north",2004-01-01,0.4094,0.4094,0.4094,TRUE,37,"incl2026",1998
"Copepod biomass","Western_Gulf_of_Alaska","copepodBiomass_WGoA","AK_WGoA_plank_90","north",2005-01-01,0.432,0.432,0.432,TRUE,37,"incl2026",1998
"Copepod biomass","Western_Gulf_of_Alaska","copepodBiomass_WGoA","AK_WGoA_plank_90","north",2006-01-01,0.6185,0.6185,0.6185,TRUE,37,"incl2026",1998
"Copepod biomass","Western_Gulf_of_Alaska","copepodBiomass_WGoA","AK_WGoA_plank_90","north",2007-01-01,0.2406,0.2406,0.2406,TRUE,37,"incl2026",1998
"Copepod biomass","Western_Gulf_of_Alaska","copepodBiomass_WGoA","AK_WGoA_plank_90","north",2008-01-01,0.1256,0.1256,0.1256,TRUE,37,"incl2026",1998
"Copepod biomass","Western_Gulf_of_Alaska","copepodBiomass_WGoA","AK_WGoA_plank_90","north",2009-01-01,0.1717,0.1717,0.1717,TRUE,37,"incl2026",1998
"Copepod biomass","Western_Gulf_of_Alaska","copepodBiomass_WGoA","AK_WGoA_plank_90","north",2010-01-01,0.2457,0.2457,0.2457,TRUE,37,"incl2026",1998
"Copepod biomass","Western_Gulf_of_Alaska","copepodBiomass_WGoA","AK_WGoA_plank_90","north",2011-01-01,0.1217,0.1217,0.1217,TRUE,37,"incl2026",1998
"Copepod biomass","Western_Gulf_of_Alaska","copepodBiomass_WGoA","AK_WGoA_plank_90","north",2012-01-01,0.1983,0.1983,0.1983,TRUE,37,"incl2026",1998
"Copepod biomass","Western_Gulf_of_Alaska","copepodBiomass_WGoA","AK_WGoA_plank_90","north",2013-01-01,0.2802,0.2802,0.2802,TRUE,37,"incl2026",1998
"Copepod biomass","Western_Gulf_of_Alaska","copepodBiomass_WGoA","AK_WGoA_plank_90","north",2014-01-01,0.2841,0.2841,0.2841,TRUE,37,"incl2026",1998
"Copepod biomass","Western_Gulf_of_Alaska","copepodBiomass_WGoA","AK_WGoA_plank_90","north",2015-01-01,0.3862,0.3862,0.3862,TRUE,37,"incl2026",1998
"Copepod biomass","Western_Gulf_of_Alaska","copepodBiomass_WGoA","AK_WGoA_plank_90","north",2016-01-01,0.4952,0.4952,0.4952,TRUE,37,"incl2026",1998
"Copepod biomass","Western_Gulf_of_Alaska","copepodBiomass_WGoA","AK_WGoA_plank_90","north",2017-01-01,0.4126,0.4126,0.4126,TRUE,37,"incl2026",1998
"Copepod biomass","Western_Gulf_of_Alaska","copepodBiomass_WGoA","AK_WGoA_plank_90","north",2018-01-01,0.3896,0.3896,0.3896,TRUE,37,"incl2026",1998
"Copepod biomass","Western_Gulf_of_Alaska","copepodBiomass_WGoA","AK_WGoA_plank_90","north",2019-01-01,0.1582,0.1582,0.1582,TRUE,37,"incl2026",1998
"Copepod biomass","Western_Gulf_of_Alaska","copepodBiomass_WGoA","AK_WGoA_plank_90","north",2020-01-01,0.3105,0.3105,0.3105,TRUE,37,"incl2026",1998
"Copepod biomass","Western_Gulf_of_Alaska","copepodBiomass_WGoA","AK_WGoA_plank_90","north",2021-01-01,0.1933,0.1933,0.1933,TRUE,37,"incl2026",1998
"CrabMegalopae","SEM_data_2024","CrabMegalopae","CC_NCC_crust_107","prey",1998-01-01,NA,NA,NA,TRUE,38,"incl2026",1998
"CrabMegalopae","SEM_data_2024","CrabMegalopae","CC_NCC_crust_107","prey",1999-01-01,NA,NA,NA,TRUE,38,"incl2026",1998
"CrabMegalopae","SEM_data_2024","CrabMegalopae","CC_NCC_crust_107","prey",2000-01-01,0.031353586,0.031353586,0.031353586,TRUE,38,"incl2026",1998
"CrabMegalopae","SEM_data_2024","CrabMegalopae","CC_NCC_crust_107","prey",2001-01-01,0.019589264,0.019589264,0.019589264,TRUE,38,"incl2026",1998
"CrabMegalopae","SEM_data_2024","CrabMegalopae","CC_NCC_crust_107","prey",2002-01-01,0.023770788,0.023770788,0.023770788,TRUE,38,"incl2026",1998
"CrabMegalopae","SEM_data_2024","CrabMegalopae","CC_NCC_crust_107","prey",2003-01-01,0.091419495,0.091419495,0.091419495,TRUE,38,"incl2026",1998
"CrabMegalopae","SEM_data_2024","CrabMegalopae","CC_NCC_crust_107","prey",2004-01-01,0.108374808,0.108374808,0.108374808,TRUE,38,"incl2026",1998
"CrabMegalopae","SEM_data_2024","CrabMegalopae","CC_NCC_crust_107","prey",2005-01-01,0.051174919,0.051174919,0.051174919,TRUE,38,"incl2026",1998
"CrabMegalopae","SEM_data_2024","CrabMegalopae","CC_NCC_crust_107","prey",2006-01-01,0.109598343,0.109598343,0.109598343,TRUE,38,"incl2026",1998
"CrabMegalopae","SEM_data_2024","CrabMegalopae","CC_NCC_crust_107","prey",2007-01-01,0.286172825,0.286172825,0.286172825,TRUE,38,"incl2026",1998
"CrabMegalopae","SEM_data_2024","CrabMegalopae","CC_NCC_crust_107","prey",2008-01-01,0.159688757,0.159688757,0.159688757,TRUE,38,"incl2026",1998
"CrabMegalopae","SEM_data_2024","CrabMegalopae","CC_NCC_crust_107","prey",2009-01-01,0.029616162,0.029616162,0.029616162,TRUE,38,"incl2026",1998
"CrabMegalopae","SEM_data_2024","CrabMegalopae","CC_NCC_crust_107","prey",2010-01-01,0.083511106,0.083511106,0.083511106,TRUE,38,"incl2026",1998
"CrabMegalopae","SEM_data_2024","CrabMegalopae","CC_NCC_crust_107","prey",2011-01-01,0.072827047,0.072827047,0.072827047,TRUE,38,"incl2026",1998
"CrabMegalopae","SEM_data_2024","CrabMegalopae","CC_NCC_crust_107","prey",2012-01-01,0.046001647,0.046001647,0.046001647,TRUE,38,"incl2026",1998
"CrabMegalopae","SEM_data_2024","CrabMegalopae","CC_NCC_crust_107","prey",2013-01-01,0.032298503,0.032298503,0.032298503,TRUE,38,"incl2026",1998
"CrabMegalopae","SEM_data_2024","CrabMegalopae","CC_NCC_crust_107","prey",2014-01-01,0.158362595,0.158362595,0.158362595,TRUE,38,"incl2026",1998
"CrabMegalopae","SEM_data_2024","CrabMegalopae","CC_NCC_crust_107","prey",2015-01-01,0.115109733,0.115109733,0.115109733,TRUE,38,"incl2026",1998
"CrabMegalopae","SEM_data_2024","CrabMegalopae","CC_NCC_crust_107","prey",2016-01-01,0.492930635,0.492930635,0.492930635,TRUE,38,"incl2026",1998
"CrabMegalopae","SEM_data_2024","CrabMegalopae","CC_NCC_crust_107","prey",2017-01-01,0.205969472,0.205969472,0.205969472,TRUE,38,"incl2026",1998
"CrabMegalopae","SEM_data_2024","CrabMegalopae","CC_NCC_crust_107","prey",2018-01-01,0.567418092,0.567418092,0.567418092,TRUE,38,"incl2026",1998
"CrabMegalopae","SEM_data_2024","CrabMegalopae","CC_NCC_crust_107","prey",2019-01-01,2.856107072,2.856107072,2.856107072,TRUE,38,"incl2026",1998
"CrabMegalopae","SEM_data_2024","CrabMegalopae","CC_NCC_crust_107","prey",2020-01-01,0.338029438,0.338029438,0.338029438,TRUE,38,"incl2026",1998
"CrabMegalopae","SEM_data_2024","CrabMegalopae","CC_NCC_crust_107","prey",2021-01-01,18.28843851,18.28843851,18.28843851,TRUE,38,"incl2026",1998
"CrabMegalopae_2025","data_2025","CrabMegalopae_2025","CC_NCC_plank_171","",1998-01-01,NA,NA,NA,TRUE,38,"incl2026",1998
"CrabMegalopae_2025","data_2025","CrabMegalopae_2025","CC_NCC_plank_171","",1999-01-01,0.042127687,0.042127687,0.042127687,TRUE,38,"incl2026",1998
"CrabMegalopae_2025","data_2025","CrabMegalopae_2025","CC_NCC_plank_171","",2000-01-01,0.031353586,0.031353586,0.031353586,TRUE,38,"incl2026",1998
"CrabMegalopae_2025","data_2025","CrabMegalopae_2025","CC_NCC_plank_171","",2001-01-01,0.019589264,0.019589264,0.019589264,TRUE,38,"incl2026",1998
"CrabMegalopae_2025","data_2025","CrabMegalopae_2025","CC_NCC_plank_171","",2002-01-01,0.023770788,0.023770788,0.023770788,TRUE,38,"incl2026",1998
"CrabMegalopae_2025","data_2025","CrabMegalopae_2025","CC_NCC_plank_171","",2003-01-01,0.091419495,0.091419495,0.091419495,TRUE,38,"incl2026",1998
"CrabMegalopae_2025","data_2025","CrabMegalopae_2025","CC_NCC_plank_171","",2004-01-01,0.108374808,0.108374808,0.108374808,TRUE,38,"incl2026",1998
"CrabMegalopae_2025","data_2025","CrabMegalopae_2025","CC_NCC_plank_171","",2005-01-01,0.051174919,0.051174919,0.051174919,TRUE,38,"incl2026",1998
"CrabMegalopae_2025","data_2025","CrabMegalopae_2025","CC_NCC_plank_171","",2006-01-01,0.109598343,0.109598343,0.109598343,TRUE,38,"incl2026",1998
"CrabMegalopae_2025","data_2025","CrabMegalopae_2025","CC_NCC_plank_171","",2007-01-01,0.286172825,0.286172825,0.286172825,TRUE,38,"incl2026",1998
"CrabMegalopae_2025","data_2025","CrabMegalopae_2025","CC_NCC_plank_171","",2008-01-01,0.159688757,0.159688757,0.159688757,TRUE,38,"incl2026",1998
"CrabMegalopae_2025","data_2025","CrabMegalopae_2025","CC_NCC_plank_171","",2009-01-01,0.029616162,0.029616162,0.029616162,TRUE,38,"incl2026",1998
"CrabMegalopae_2025","data_2025","CrabMegalopae_2025","CC_NCC_plank_171","",2010-01-01,0.083511106,0.083511106,0.083511106,TRUE,38,"incl2026",1998
"CrabMegalopae_2025","data_2025","CrabMegalopae_2025","CC_NCC_plank_171","",2011-01-01,0.072827047,0.072827047,0.072827047,TRUE,38,"incl2026",1998
"CrabMegalopae_2025","data_2025","CrabMegalopae_2025","CC_NCC_plank_171","",2012-01-01,0.046001647,0.046001647,0.046001647,TRUE,38,"incl2026",1998
"CrabMegalopae_2025","data_2025","CrabMegalopae_2025","CC_NCC_plank_171","",2013-01-01,0.032298503,0.032298503,0.032298503,TRUE,38,"incl2026",1998
"CrabMegalopae_2025","data_2025","CrabMegalopae_2025","CC_NCC_plank_171","",2014-01-01,0.158362595,0.158362595,0.158362595,TRUE,38,"incl2026",1998
"CrabMegalopae_2025","data_2025","CrabMegalopae_2025","CC_NCC_plank_171","",2015-01-01,0.115109733,0.115109733,0.115109733,TRUE,38,"incl2026",1998
"CrabMegalopae_2025","data_2025","CrabMegalopae_2025","CC_NCC_plank_171","",2016-01-01,0.492930635,0.492930635,0.492930635,TRUE,38,"incl2026",1998
"CrabMegalopae_2025","data_2025","CrabMegalopae_2025","CC_NCC_plank_171","",2017-01-01,0.205969472,0.205969472,0.205969472,TRUE,38,"incl2026",1998
"CrabMegalopae_2025","data_2025","CrabMegalopae_2025","CC_NCC_plank_171","",2018-01-01,0.567418092,0.567418092,0.567418092,TRUE,38,"incl2026",1998
"CrabMegalopae_2025","data_2025","CrabMegalopae_2025","CC_NCC_plank_171","",2019-01-01,2.856107072,2.856107072,2.856107072,TRUE,38,"incl2026",1998
"CrabMegalopae_2025","data_2025","CrabMegalopae_2025","CC_NCC_plank_171","",2020-01-01,0.338029438,0.338029438,0.338029438,TRUE,38,"incl2026",1998
"CrabMegalopae_2025","data_2025","CrabMegalopae_2025","CC_NCC_plank_171","",2021-01-01,18.28843851,18.28843851,18.28843851,TRUE,38,"incl2026",1998
"Crested Auklet reproductive success","Western_Aleutian_Islands","crestedAuk_WAI","AK_WAI_bird_2","north",1998-01-01,0.87,0.87,0.87,TRUE,39,"incl2026",1998
"Crested Auklet reproductive success","Western_Aleutian_Islands","crestedAuk_WAI","AK_WAI_bird_2","north",1999-01-01,NA,0.805,0.805,TRUE,39,"incl2026",1998
"Crested Auklet reproductive success","Western_Aleutian_Islands","crestedAuk_WAI","AK_WAI_bird_2","north",2000-01-01,0.74,0.74,0.74,TRUE,39,"incl2026",1998
"Crested Auklet reproductive success","Western_Aleutian_Islands","crestedAuk_WAI","AK_WAI_bird_2","north",2001-01-01,0.68,0.68,0.68,TRUE,39,"incl2026",1998
"Crested Auklet reproductive success","Western_Aleutian_Islands","crestedAuk_WAI","AK_WAI_bird_2","north",2002-01-01,0.7,0.7,0.7,TRUE,39,"incl2026",1998
"Crested Auklet reproductive success","Western_Aleutian_Islands","crestedAuk_WAI","AK_WAI_bird_2","north",2003-01-01,0.12,0.12,0.12,TRUE,39,"incl2026",1998
"Crested Auklet reproductive success","Western_Aleutian_Islands","crestedAuk_WAI","AK_WAI_bird_2","north",2004-01-01,0.49,0.49,0.49,TRUE,39,"incl2026",1998
"Crested Auklet reproductive success","Western_Aleutian_Islands","crestedAuk_WAI","AK_WAI_bird_2","north",2005-01-01,0.82,0.82,0.82,TRUE,39,"incl2026",1998
"Crested Auklet reproductive success","Western_Aleutian_Islands","crestedAuk_WAI","AK_WAI_bird_2","north",2006-01-01,0.49,0.49,0.49,TRUE,39,"incl2026",1998
"Crested Auklet reproductive success","Western_Aleutian_Islands","crestedAuk_WAI","AK_WAI_bird_2","north",2007-01-01,0.88,0.88,0.88,TRUE,39,"incl2026",1998
"Crested Auklet reproductive success","Western_Aleutian_Islands","crestedAuk_WAI","AK_WAI_bird_2","north",2008-01-01,0.81,0.81,0.81,TRUE,39,"incl2026",1998
"Crested Auklet reproductive success","Western_Aleutian_Islands","crestedAuk_WAI","AK_WAI_bird_2","north",2009-01-01,0.89,0.89,0.89,TRUE,39,"incl2026",1998
"Crested Auklet reproductive success","Western_Aleutian_Islands","crestedAuk_WAI","AK_WAI_bird_2","north",2010-01-01,0.69,0.69,0.69,TRUE,39,"incl2026",1998
"Crested Auklet reproductive success","Western_Aleutian_Islands","crestedAuk_WAI","AK_WAI_bird_2","north",2011-01-01,0.58,0.58,0.58,TRUE,39,"incl2026",1998
"Crested Auklet reproductive success","Western_Aleutian_Islands","crestedAuk_WAI","AK_WAI_bird_2","north",2012-01-01,0.68,0.68,0.68,TRUE,39,"incl2026",1998
"Crested Auklet reproductive success","Western_Aleutian_Islands","crestedAuk_WAI","AK_WAI_bird_2","north",2013-01-01,0.5,0.5,0.5,TRUE,39,"incl2026",1998
"Crested Auklet reproductive success","Western_Aleutian_Islands","crestedAuk_WAI","AK_WAI_bird_2","north",2014-01-01,0.33,0.33,0.33,TRUE,39,"incl2026",1998
"Crested Auklet reproductive success","Western_Aleutian_Islands","crestedAuk_WAI","AK_WAI_bird_2","north",2015-01-01,0.59,0.59,0.59,TRUE,39,"incl2026",1998
"Crested Auklet reproductive success","Western_Aleutian_Islands","crestedAuk_WAI","AK_WAI_bird_2","north",2016-01-01,0.87,0.87,0.87,TRUE,39,"incl2026",1998
"Crested Auklet reproductive success","Western_Aleutian_Islands","crestedAuk_WAI","AK_WAI_bird_2","north",2017-01-01,0.67,0.67,0.67,TRUE,39,"incl2026",1998
"Crested Auklet reproductive success","Western_Aleutian_Islands","crestedAuk_WAI","AK_WAI_bird_2","north",2018-01-01,0.76,0.76,0.76,TRUE,39,"incl2026",1998
"Crested Auklet reproductive success","Western_Aleutian_Islands","crestedAuk_WAI","AK_WAI_bird_2","north",2019-01-01,0.9,0.9,0.9,TRUE,39,"incl2026",1998
"Crested Auklet reproductive success","Western_Aleutian_Islands","crestedAuk_WAI","AK_WAI_bird_2","north",2020-01-01,NA,0.86,0.86,TRUE,39,"incl2026",1998
"Crested Auklet reproductive success","Western_Aleutian_Islands","crestedAuk_WAI","AK_WAI_bird_2","north",2021-01-01,0.82,0.82,0.82,TRUE,39,"incl2026",1998
"DC_corm_WS_2026","Westport_2026","DC_corm_WS_2026","CC_NCC_Seabird_268","",1998-01-01,0,0,0,TRUE,40,"incl2026",1998
"DC_corm_WS_2026","Westport_2026","DC_corm_WS_2026","CC_NCC_Seabird_268","",1999-01-01,0,0,0,TRUE,40,"incl2026",1998
"DC_corm_WS_2026","Westport_2026","DC_corm_WS_2026","CC_NCC_Seabird_268","",2000-01-01,0.0666666666666667,0.0666666666666667,0.0666666666666667,TRUE,40,"incl2026",1998
"DC_corm_WS_2026","Westport_2026","DC_corm_WS_2026","CC_NCC_Seabird_268","",2001-01-01,0.0638297872340425,0.0638297872340425,0.0638297872340425,TRUE,40,"incl2026",1998
"DC_corm_WS_2026","Westport_2026","DC_corm_WS_2026","CC_NCC_Seabird_268","",2002-01-01,0.129032258064516,0.129032258064516,0.129032258064516,TRUE,40,"incl2026",1998
"DC_corm_WS_2026","Westport_2026","DC_corm_WS_2026","CC_NCC_Seabird_268","",2003-01-01,0.09375,0.09375,0.09375,TRUE,40,"incl2026",1998
"DC_corm_WS_2026","Westport_2026","DC_corm_WS_2026","CC_NCC_Seabird_268","",2004-01-01,0.127659574468085,0.127659574468085,0.127659574468085,TRUE,40,"incl2026",1998
"DC_corm_WS_2026","Westport_2026","DC_corm_WS_2026","CC_NCC_Seabird_268","",2005-01-01,0.117647058823529,0.117647058823529,0.117647058823529,TRUE,40,"incl2026",1998
"DC_corm_WS_2026","Westport_2026","DC_corm_WS_2026","CC_NCC_Seabird_268","",2006-01-01,0.0740740740740741,0.0740740740740741,0.0740740740740741,TRUE,40,"incl2026",1998
"DC_corm_WS_2026","Westport_2026","DC_corm_WS_2026","CC_NCC_Seabird_268","",2007-01-01,0.170212765957447,0.170212765957447,0.170212765957447,TRUE,40,"incl2026",1998
"DC_corm_WS_2026","Westport_2026","DC_corm_WS_2026","CC_NCC_Seabird_268","",2008-01-01,0.116279069767442,0.116279069767442,0.116279069767442,TRUE,40,"incl2026",1998
"DC_corm_WS_2026","Westport_2026","DC_corm_WS_2026","CC_NCC_Seabird_268","",2009-01-01,NA,0.125707102451288,0.125707102451288,TRUE,40,"incl2026",1998
"DC_corm_WS_2026","Westport_2026","DC_corm_WS_2026","CC_NCC_Seabird_268","",2010-01-01,0.135135135135135,0.135135135135135,0.135135135135135,TRUE,40,"incl2026",1998
"DC_corm_WS_2026","Westport_2026","DC_corm_WS_2026","CC_NCC_Seabird_268","",2011-01-01,0.102040816326531,0.102040816326531,0.102040816326531,TRUE,40,"incl2026",1998
"DC_corm_WS_2026","Westport_2026","DC_corm_WS_2026","CC_NCC_Seabird_268","",2012-01-01,0.116279069767442,0.116279069767442,0.116279069767442,TRUE,40,"incl2026",1998
"DC_corm_WS_2026","Westport_2026","DC_corm_WS_2026","CC_NCC_Seabird_268","",2013-01-01,0.136363636363636,0.136363636363636,0.136363636363636,TRUE,40,"incl2026",1998
"DC_corm_WS_2026","Westport_2026","DC_corm_WS_2026","CC_NCC_Seabird_268","",2014-01-01,0.127659574468085,0.127659574468085,0.127659574468085,TRUE,40,"incl2026",1998
"DC_corm_WS_2026","Westport_2026","DC_corm_WS_2026","CC_NCC_Seabird_268","",2015-01-01,0.0677966101694915,0.0677966101694915,0.0677966101694915,TRUE,40,"incl2026",1998
"DC_corm_WS_2026","Westport_2026","DC_corm_WS_2026","CC_NCC_Seabird_268","",2016-01-01,0.142857142857143,0.142857142857143,0.142857142857143,TRUE,40,"incl2026",1998
"DC_corm_WS_2026","Westport_2026","DC_corm_WS_2026","CC_NCC_Seabird_268","",2017-01-01,0.131147540983607,0.131147540983607,0.131147540983607,TRUE,40,"incl2026",1998
"DC_corm_WS_2026","Westport_2026","DC_corm_WS_2026","CC_NCC_Seabird_268","",2018-01-01,0.120689655172414,0.120689655172414,0.120689655172414,TRUE,40,"incl2026",1998
"DC_corm_WS_2026","Westport_2026","DC_corm_WS_2026","CC_NCC_Seabird_268","",2019-01-01,0.146341463414634,0.146341463414634,0.146341463414634,TRUE,40,"incl2026",1998
"DC_corm_WS_2026","Westport_2026","DC_corm_WS_2026","CC_NCC_Seabird_268","",2020-01-01,0.125,0.125,0.125,TRUE,40,"incl2026",1998
"DC_corm_WS_2026","Westport_2026","DC_corm_WS_2026","CC_NCC_Seabird_268","",2021-01-01,0.111111111111111,0.111111111111111,0.111111111111111,TRUE,40,"incl2026",1998
"DI Rhinoceros auklet diet - Anchovy - NoCC","CCIEA","rhinoAukDietAnch_NCC","CC_NCC_fish_45","prey",1998-01-01,NA,NA,NA,TRUE,29,"incl2026",1998
"DI Rhinoceros auklet diet - Anchovy - NoCC","CCIEA","rhinoAukDietAnch_NCC","CC_NCC_fish_45","prey",1999-01-01,NA,NA,NA,TRUE,29,"incl2026",1998
"DI Rhinoceros auklet diet - Anchovy - NoCC","CCIEA","rhinoAukDietAnch_NCC","CC_NCC_fish_45","prey",2000-01-01,NA,NA,NA,TRUE,29,"incl2026",1998
"DI Rhinoceros auklet diet - Anchovy - NoCC","CCIEA","rhinoAukDietAnch_NCC","CC_NCC_fish_45","prey",2001-01-01,NA,NA,NA,TRUE,29,"incl2026",1998
"DI Rhinoceros auklet diet - Anchovy - NoCC","CCIEA","rhinoAukDietAnch_NCC","CC_NCC_fish_45","prey",2002-01-01,NA,NA,NA,TRUE,29,"incl2026",1998
"DI Rhinoceros auklet diet - Anchovy - NoCC","CCIEA","rhinoAukDietAnch_NCC","CC_NCC_fish_45","prey",2003-01-01,NA,NA,NA,TRUE,29,"incl2026",1998
"DI Rhinoceros auklet diet - Anchovy - NoCC","CCIEA","rhinoAukDietAnch_NCC","CC_NCC_fish_45","prey",2004-01-01,NA,NA,NA,TRUE,29,"incl2026",1998
"DI Rhinoceros auklet diet - Anchovy - NoCC","CCIEA","rhinoAukDietAnch_NCC","CC_NCC_fish_45","prey",2005-01-01,NA,NA,NA,TRUE,29,"incl2026",1998
"DI Rhinoceros auklet diet - Anchovy - NoCC","CCIEA","rhinoAukDietAnch_NCC","CC_NCC_fish_45","prey",2006-01-01,NA,NA,NA,TRUE,29,"incl2026",1998
"DI Rhinoceros auklet diet - Anchovy - NoCC","CCIEA","rhinoAukDietAnch_NCC","CC_NCC_fish_45","prey",2007-01-01,NA,NA,NA,TRUE,29,"incl2026",1998
"DI Rhinoceros auklet diet - Anchovy - NoCC","CCIEA","rhinoAukDietAnch_NCC","CC_NCC_fish_45","prey",2008-01-01,0.496,0.496,0.496,TRUE,29,"incl2026",1998
"DI Rhinoceros auklet diet - Anchovy - NoCC","CCIEA","rhinoAukDietAnch_NCC","CC_NCC_fish_45","prey",2009-01-01,0.837,0.837,0.837,TRUE,29,"incl2026",1998
"DI Rhinoceros auklet diet - Anchovy - NoCC","CCIEA","rhinoAukDietAnch_NCC","CC_NCC_fish_45","prey",2010-01-01,0.816,0.816,0.816,TRUE,29,"incl2026",1998
"DI Rhinoceros auklet diet - Anchovy - NoCC","CCIEA","rhinoAukDietAnch_NCC","CC_NCC_fish_45","prey",2011-01-01,NA,0.817333333333333,0.817333333333333,TRUE,29,"incl2026",1998
"DI Rhinoceros auklet diet - Anchovy - NoCC","CCIEA","rhinoAukDietAnch_NCC","CC_NCC_fish_45","prey",2012-01-01,NA,0.818666666666667,0.818666666666667,TRUE,29,"incl2026",1998
"DI Rhinoceros auklet diet - Anchovy - NoCC","CCIEA","rhinoAukDietAnch_NCC","CC_NCC_fish_45","prey",2013-01-01,0.82,0.82,0.82,TRUE,29,"incl2026",1998
"DI Rhinoceros auklet diet - Anchovy - NoCC","CCIEA","rhinoAukDietAnch_NCC","CC_NCC_fish_45","prey",2014-01-01,NA,0.91,0.91,TRUE,29,"incl2026",1998
"DI Rhinoceros auklet diet - Anchovy - NoCC","CCIEA","rhinoAukDietAnch_NCC","CC_NCC_fish_45","prey",2015-01-01,1,1,1,TRUE,29,"incl2026",1998
"DI Rhinoceros auklet diet - Anchovy - NoCC","CCIEA","rhinoAukDietAnch_NCC","CC_NCC_fish_45","prey",2016-01-01,0.573,0.573,0.573,TRUE,29,"incl2026",1998
"DI Rhinoceros auklet diet - Anchovy - NoCC","CCIEA","rhinoAukDietAnch_NCC","CC_NCC_fish_45","prey",2017-01-01,0.357,0.357,0.357,TRUE,29,"incl2026",1998
"DI Rhinoceros auklet diet - Anchovy - NoCC","CCIEA","rhinoAukDietAnch_NCC","CC_NCC_fish_45","prey",2018-01-01,0.071,0.071,0.071,TRUE,29,"incl2026",1998
"DI Rhinoceros auklet diet - Anchovy - NoCC","CCIEA","rhinoAukDietAnch_NCC","CC_NCC_fish_45","prey",2019-01-01,0.053,0.053,0.053,TRUE,29,"incl2026",1998
"DI Rhinoceros auklet diet - Anchovy - NoCC","CCIEA","rhinoAukDietAnch_NCC","CC_NCC_fish_45","prey",2020-01-01,NA,0.0405,0.0405,TRUE,29,"incl2026",1998
"DI Rhinoceros auklet diet - Anchovy - NoCC","CCIEA","rhinoAukDietAnch_NCC","CC_NCC_fish_45","prey",2021-01-01,0.028,0.028,0.028,TRUE,29,"incl2026",1998
"DI Rhinoceros auklet diet - Herring - NoCC","CCIEA","rhinoAukDietHerr_NCC","CC_NCC_fish_46","prey",1998-01-01,NA,NA,NA,TRUE,41,"incl2026",1998
"DI Rhinoceros auklet diet - Herring - NoCC","CCIEA","rhinoAukDietHerr_NCC","CC_NCC_fish_46","prey",1999-01-01,NA,NA,NA,TRUE,41,"incl2026",1998
"DI Rhinoceros auklet diet - Herring - NoCC","CCIEA","rhinoAukDietHerr_NCC","CC_NCC_fish_46","prey",2000-01-01,NA,NA,NA,TRUE,41,"incl2026",1998
"DI Rhinoceros auklet diet - Herring - NoCC","CCIEA","rhinoAukDietHerr_NCC","CC_NCC_fish_46","prey",2001-01-01,NA,NA,NA,TRUE,41,"incl2026",1998
"DI Rhinoceros auklet diet - Herring - NoCC","CCIEA","rhinoAukDietHerr_NCC","CC_NCC_fish_46","prey",2002-01-01,NA,NA,NA,TRUE,41,"incl2026",1998
"DI Rhinoceros auklet diet - Herring - NoCC","CCIEA","rhinoAukDietHerr_NCC","CC_NCC_fish_46","prey",2003-01-01,NA,NA,NA,TRUE,41,"incl2026",1998
"DI Rhinoceros auklet diet - Herring - NoCC","CCIEA","rhinoAukDietHerr_NCC","CC_NCC_fish_46","prey",2004-01-01,NA,NA,NA,TRUE,41,"incl2026",1998
"DI Rhinoceros auklet diet - Herring - NoCC","CCIEA","rhinoAukDietHerr_NCC","CC_NCC_fish_46","prey",2005-01-01,NA,NA,NA,TRUE,41,"incl2026",1998
"DI Rhinoceros auklet diet - Herring - NoCC","CCIEA","rhinoAukDietHerr_NCC","CC_NCC_fish_46","prey",2006-01-01,NA,NA,NA,TRUE,41,"incl2026",1998
"DI Rhinoceros auklet diet - Herring - NoCC","CCIEA","rhinoAukDietHerr_NCC","CC_NCC_fish_46","prey",2007-01-01,NA,NA,NA,TRUE,41,"incl2026",1998
"DI Rhinoceros auklet diet - Herring - NoCC","CCIEA","rhinoAukDietHerr_NCC","CC_NCC_fish_46","prey",2008-01-01,0.117,0.117,0.117,TRUE,41,"incl2026",1998
"DI Rhinoceros auklet diet - Herring - NoCC","CCIEA","rhinoAukDietHerr_NCC","CC_NCC_fish_46","prey",2009-01-01,0.066,0.066,0.066,TRUE,41,"incl2026",1998
"DI Rhinoceros auklet diet - Herring - NoCC","CCIEA","rhinoAukDietHerr_NCC","CC_NCC_fish_46","prey",2010-01-01,0.03,0.03,0.03,TRUE,41,"incl2026",1998
"DI Rhinoceros auklet diet - Herring - NoCC","CCIEA","rhinoAukDietHerr_NCC","CC_NCC_fish_46","prey",2011-01-01,NA,0.0276666666666667,0.0276666666666667,TRUE,41,"incl2026",1998
"DI Rhinoceros auklet diet - Herring - NoCC","CCIEA","rhinoAukDietHerr_NCC","CC_NCC_fish_46","prey",2012-01-01,NA,0.0253333333333333,0.0253333333333333,TRUE,41,"incl2026",1998
"DI Rhinoceros auklet diet - Herring - NoCC","CCIEA","rhinoAukDietHerr_NCC","CC_NCC_fish_46","prey",2013-01-01,0.023,0.023,0.023,TRUE,41,"incl2026",1998
"DI Rhinoceros auklet diet - Herring - NoCC","CCIEA","rhinoAukDietHerr_NCC","CC_NCC_fish_46","prey",2014-01-01,NA,0.0115,0.0115,TRUE,41,"incl2026",1998
"DI Rhinoceros auklet diet - Herring - NoCC","CCIEA","rhinoAukDietHerr_NCC","CC_NCC_fish_46","prey",2015-01-01,0,0,0,TRUE,41,"incl2026",1998
"DI Rhinoceros auklet diet - Herring - NoCC","CCIEA","rhinoAukDietHerr_NCC","CC_NCC_fish_46","prey",2016-01-01,0,0,0,TRUE,41,"incl2026",1998
"DI Rhinoceros auklet diet - Herring - NoCC","CCIEA","rhinoAukDietHerr_NCC","CC_NCC_fish_46","prey",2017-01-01,0.261,0.261,0.261,TRUE,41,"incl2026",1998
"DI Rhinoceros auklet diet - Herring - NoCC","CCIEA","rhinoAukDietHerr_NCC","CC_NCC_fish_46","prey",2018-01-01,0.625,0.625,0.625,TRUE,41,"incl2026",1998
"DI Rhinoceros auklet diet - Herring - NoCC","CCIEA","rhinoAukDietHerr_NCC","CC_NCC_fish_46","prey",2019-01-01,0.153,0.153,0.153,TRUE,41,"incl2026",1998
"DI Rhinoceros auklet diet - Herring - NoCC","CCIEA","rhinoAukDietHerr_NCC","CC_NCC_fish_46","prey",2020-01-01,NA,0.1905,0.1905,TRUE,41,"incl2026",1998
"DI Rhinoceros auklet diet - Herring - NoCC","CCIEA","rhinoAukDietHerr_NCC","CC_NCC_fish_46","prey",2021-01-01,0.228,0.228,0.228,TRUE,41,"incl2026",1998
"DI Rhinoceros auklet diet - Rockfish - NoCC","CCIEA","rhinoAukDietRock_NCC","CC_NCC_fish_47","prey",1998-01-01,NA,NA,NA,TRUE,42,"incl2026",1998
"DI Rhinoceros auklet diet - Rockfish - NoCC","CCIEA","rhinoAukDietRock_NCC","CC_NCC_fish_47","prey",1999-01-01,NA,NA,NA,TRUE,42,"incl2026",1998
"DI Rhinoceros auklet diet - Rockfish - NoCC","CCIEA","rhinoAukDietRock_NCC","CC_NCC_fish_47","prey",2000-01-01,NA,NA,NA,TRUE,42,"incl2026",1998
"DI Rhinoceros auklet diet - Rockfish - NoCC","CCIEA","rhinoAukDietRock_NCC","CC_NCC_fish_47","prey",2001-01-01,NA,NA,NA,TRUE,42,"incl2026",1998
"DI Rhinoceros auklet diet - Rockfish - NoCC","CCIEA","rhinoAukDietRock_NCC","CC_NCC_fish_47","prey",2002-01-01,NA,NA,NA,TRUE,42,"incl2026",1998
"DI Rhinoceros auklet diet - Rockfish - NoCC","CCIEA","rhinoAukDietRock_NCC","CC_NCC_fish_47","prey",2003-01-01,NA,NA,NA,TRUE,42,"incl2026",1998
"DI Rhinoceros auklet diet - Rockfish - NoCC","CCIEA","rhinoAukDietRock_NCC","CC_NCC_fish_47","prey",2004-01-01,NA,NA,NA,TRUE,42,"incl2026",1998
"DI Rhinoceros auklet diet - Rockfish - NoCC","CCIEA","rhinoAukDietRock_NCC","CC_NCC_fish_47","prey",2005-01-01,NA,NA,NA,TRUE,42,"incl2026",1998
"DI Rhinoceros auklet diet - Rockfish - NoCC","CCIEA","rhinoAukDietRock_NCC","CC_NCC_fish_47","prey",2006-01-01,NA,NA,NA,TRUE,42,"incl2026",1998
"DI Rhinoceros auklet diet - Rockfish - NoCC","CCIEA","rhinoAukDietRock_NCC","CC_NCC_fish_47","prey",2007-01-01,NA,NA,NA,TRUE,42,"incl2026",1998
"DI Rhinoceros auklet diet - Rockfish - NoCC","CCIEA","rhinoAukDietRock_NCC","CC_NCC_fish_47","prey",2008-01-01,0.13,0.13,0.13,TRUE,42,"incl2026",1998
"DI Rhinoceros auklet diet - Rockfish - NoCC","CCIEA","rhinoAukDietRock_NCC","CC_NCC_fish_47","prey",2009-01-01,0,0,0,TRUE,42,"incl2026",1998
"DI Rhinoceros auklet diet - Rockfish - NoCC","CCIEA","rhinoAukDietRock_NCC","CC_NCC_fish_47","prey",2010-01-01,0.024,0.024,0.024,TRUE,42,"incl2026",1998
"DI Rhinoceros auklet diet - Rockfish - NoCC","CCIEA","rhinoAukDietRock_NCC","CC_NCC_fish_47","prey",2011-01-01,NA,0.016,0.016,TRUE,42,"incl2026",1998
"DI Rhinoceros auklet diet - Rockfish - NoCC","CCIEA","rhinoAukDietRock_NCC","CC_NCC_fish_47","prey",2012-01-01,NA,0.008,0.008,TRUE,42,"incl2026",1998
"DI Rhinoceros auklet diet - Rockfish - NoCC","CCIEA","rhinoAukDietRock_NCC","CC_NCC_fish_47","prey",2013-01-01,0,0,0,TRUE,42,"incl2026",1998
"DI Rhinoceros auklet diet - Rockfish - NoCC","CCIEA","rhinoAukDietRock_NCC","CC_NCC_fish_47","prey",2014-01-01,NA,0,0,TRUE,42,"incl2026",1998
"DI Rhinoceros auklet diet - Rockfish - NoCC","CCIEA","rhinoAukDietRock_NCC","CC_NCC_fish_47","prey",2015-01-01,0,0,0,TRUE,42,"incl2026",1998
"DI Rhinoceros auklet diet - Rockfish - NoCC","CCIEA","rhinoAukDietRock_NCC","CC_NCC_fish_47","prey",2016-01-01,0.176,0.176,0.176,TRUE,42,"incl2026",1998
"DI Rhinoceros auklet diet - Rockfish - NoCC","CCIEA","rhinoAukDietRock_NCC","CC_NCC_fish_47","prey",2017-01-01,0.017,0.017,0.017,TRUE,42,"incl2026",1998
"DI Rhinoceros auklet diet - Rockfish - NoCC","CCIEA","rhinoAukDietRock_NCC","CC_NCC_fish_47","prey",2018-01-01,0,0,0,TRUE,42,"incl2026",1998
"DI Rhinoceros auklet diet - Rockfish - NoCC","CCIEA","rhinoAukDietRock_NCC","CC_NCC_fish_47","prey",2019-01-01,0.005,0.005,0.005,TRUE,42,"incl2026",1998
"DI Rhinoceros auklet diet - Rockfish - NoCC","CCIEA","rhinoAukDietRock_NCC","CC_NCC_fish_47","prey",2020-01-01,NA,0.00475,0.00475,TRUE,42,"incl2026",1998
"DI Rhinoceros auklet diet - Rockfish - NoCC","CCIEA","rhinoAukDietRock_NCC","CC_NCC_fish_47","prey",2021-01-01,0.0045,0.0045,0.0045,TRUE,42,"incl2026",1998
"DI Rhinoceros auklet diet - Sandlance - NoCC","CCIEA","rhinoAukDietSLance_NCC","CC_NCC_fish_48","prey",1998-01-01,NA,NA,NA,TRUE,43,"incl2026",1998
"DI Rhinoceros auklet diet - Sandlance - NoCC","CCIEA","rhinoAukDietSLance_NCC","CC_NCC_fish_48","prey",1999-01-01,NA,NA,NA,TRUE,43,"incl2026",1998
"DI Rhinoceros auklet diet - Sandlance - NoCC","CCIEA","rhinoAukDietSLance_NCC","CC_NCC_fish_48","prey",2000-01-01,NA,NA,NA,TRUE,43,"incl2026",1998
"DI Rhinoceros auklet diet - Sandlance - NoCC","CCIEA","rhinoAukDietSLance_NCC","CC_NCC_fish_48","prey",2001-01-01,NA,NA,NA,TRUE,43,"incl2026",1998
"DI Rhinoceros auklet diet - Sandlance - NoCC","CCIEA","rhinoAukDietSLance_NCC","CC_NCC_fish_48","prey",2002-01-01,NA,NA,NA,TRUE,43,"incl2026",1998
"DI Rhinoceros auklet diet - Sandlance - NoCC","CCIEA","rhinoAukDietSLance_NCC","CC_NCC_fish_48","prey",2003-01-01,NA,NA,NA,TRUE,43,"incl2026",1998
"DI Rhinoceros auklet diet - Sandlance - NoCC","CCIEA","rhinoAukDietSLance_NCC","CC_NCC_fish_48","prey",2004-01-01,NA,NA,NA,TRUE,43,"incl2026",1998
"DI Rhinoceros auklet diet - Sandlance - NoCC","CCIEA","rhinoAukDietSLance_NCC","CC_NCC_fish_48","prey",2005-01-01,NA,NA,NA,TRUE,43,"incl2026",1998
"DI Rhinoceros auklet diet - Sandlance - NoCC","CCIEA","rhinoAukDietSLance_NCC","CC_NCC_fish_48","prey",2006-01-01,NA,NA,NA,TRUE,43,"incl2026",1998
"DI Rhinoceros auklet diet - Sandlance - NoCC","CCIEA","rhinoAukDietSLance_NCC","CC_NCC_fish_48","prey",2007-01-01,NA,NA,NA,TRUE,43,"incl2026",1998
"DI Rhinoceros auklet diet - Sandlance - NoCC","CCIEA","rhinoAukDietSLance_NCC","CC_NCC_fish_48","prey",2008-01-01,0.014,0.014,0.014,TRUE,43,"incl2026",1998
"DI Rhinoceros auklet diet - Sandlance - NoCC","CCIEA","rhinoAukDietSLance_NCC","CC_NCC_fish_48","prey",2009-01-01,0.019,0.019,0.019,TRUE,43,"incl2026",1998
"DI Rhinoceros auklet diet - Sandlance - NoCC","CCIEA","rhinoAukDietSLance_NCC","CC_NCC_fish_48","prey",2010-01-01,0.002,0.002,0.002,TRUE,43,"incl2026",1998
"DI Rhinoceros auklet diet - Sandlance - NoCC","CCIEA","rhinoAukDietSLance_NCC","CC_NCC_fish_48","prey",2011-01-01,NA,0.009,0.009,TRUE,43,"incl2026",1998
"DI Rhinoceros auklet diet - Sandlance - NoCC","CCIEA","rhinoAukDietSLance_NCC","CC_NCC_fish_48","prey",2012-01-01,NA,0.016,0.016,TRUE,43,"incl2026",1998
"DI Rhinoceros auklet diet - Sandlance - NoCC","CCIEA","rhinoAukDietSLance_NCC","CC_NCC_fish_48","prey",2013-01-01,0.023,0.023,0.023,TRUE,43,"incl2026",1998
"DI Rhinoceros auklet diet - Sandlance - NoCC","CCIEA","rhinoAukDietSLance_NCC","CC_NCC_fish_48","prey",2014-01-01,NA,0.0115,0.0115,TRUE,43,"incl2026",1998
"DI Rhinoceros auklet diet - Sandlance - NoCC","CCIEA","rhinoAukDietSLance_NCC","CC_NCC_fish_48","prey",2015-01-01,0,0,0,TRUE,43,"incl2026",1998
"DI Rhinoceros auklet diet - Sandlance - NoCC","CCIEA","rhinoAukDietSLance_NCC","CC_NCC_fish_48","prey",2016-01-01,0.126,0.126,0.126,TRUE,43,"incl2026",1998
"DI Rhinoceros auklet diet - Sandlance - NoCC","CCIEA","rhinoAukDietSLance_NCC","CC_NCC_fish_48","prey",2017-01-01,0.268,0.268,0.268,TRUE,43,"incl2026",1998
"DI Rhinoceros auklet diet - Sandlance - NoCC","CCIEA","rhinoAukDietSLance_NCC","CC_NCC_fish_48","prey",2018-01-01,0,0,0,TRUE,43,"incl2026",1998
"DI Rhinoceros auklet diet - Sandlance - NoCC","CCIEA","rhinoAukDietSLance_NCC","CC_NCC_fish_48","prey",2019-01-01,0.135,0.135,0.135,TRUE,43,"incl2026",1998
"DI Rhinoceros auklet diet - Sandlance - NoCC","CCIEA","rhinoAukDietSLance_NCC","CC_NCC_fish_48","prey",2020-01-01,NA,0.375,0.375,TRUE,43,"incl2026",1998
"DI Rhinoceros auklet diet - Sandlance - NoCC","CCIEA","rhinoAukDietSLance_NCC","CC_NCC_fish_48","prey",2021-01-01,0.615,0.615,0.615,TRUE,43,"incl2026",1998
"DI Rhinoceros auklet diet - Smelt - NoCC","CCIEA","rhinoAukDietSmelt_NCC","CC_NCC_fish_49","prey",1998-01-01,NA,NA,NA,TRUE,44,"incl2026",1998
"DI Rhinoceros auklet diet - Smelt - NoCC","CCIEA","rhinoAukDietSmelt_NCC","CC_NCC_fish_49","prey",1999-01-01,NA,NA,NA,TRUE,44,"incl2026",1998
"DI Rhinoceros auklet diet - Smelt - NoCC","CCIEA","rhinoAukDietSmelt_NCC","CC_NCC_fish_49","prey",2000-01-01,NA,NA,NA,TRUE,44,"incl2026",1998
"DI Rhinoceros auklet diet - Smelt - NoCC","CCIEA","rhinoAukDietSmelt_NCC","CC_NCC_fish_49","prey",2001-01-01,NA,NA,NA,TRUE,44,"incl2026",1998
"DI Rhinoceros auklet diet - Smelt - NoCC","CCIEA","rhinoAukDietSmelt_NCC","CC_NCC_fish_49","prey",2002-01-01,NA,NA,NA,TRUE,44,"incl2026",1998
"DI Rhinoceros auklet diet - Smelt - NoCC","CCIEA","rhinoAukDietSmelt_NCC","CC_NCC_fish_49","prey",2003-01-01,NA,NA,NA,TRUE,44,"incl2026",1998
"DI Rhinoceros auklet diet - Smelt - NoCC","CCIEA","rhinoAukDietSmelt_NCC","CC_NCC_fish_49","prey",2004-01-01,NA,NA,NA,TRUE,44,"incl2026",1998
"DI Rhinoceros auklet diet - Smelt - NoCC","CCIEA","rhinoAukDietSmelt_NCC","CC_NCC_fish_49","prey",2005-01-01,NA,NA,NA,TRUE,44,"incl2026",1998
"DI Rhinoceros auklet diet - Smelt - NoCC","CCIEA","rhinoAukDietSmelt_NCC","CC_NCC_fish_49","prey",2006-01-01,NA,NA,NA,TRUE,44,"incl2026",1998
"DI Rhinoceros auklet diet - Smelt - NoCC","CCIEA","rhinoAukDietSmelt_NCC","CC_NCC_fish_49","prey",2007-01-01,NA,NA,NA,TRUE,44,"incl2026",1998
"DI Rhinoceros auklet diet - Smelt - NoCC","CCIEA","rhinoAukDietSmelt_NCC","CC_NCC_fish_49","prey",2008-01-01,0.145,0.145,0.145,TRUE,44,"incl2026",1998
"DI Rhinoceros auklet diet - Smelt - NoCC","CCIEA","rhinoAukDietSmelt_NCC","CC_NCC_fish_49","prey",2009-01-01,0.06,0.06,0.06,TRUE,44,"incl2026",1998
"DI Rhinoceros auklet diet - Smelt - NoCC","CCIEA","rhinoAukDietSmelt_NCC","CC_NCC_fish_49","prey",2010-01-01,0.094,0.094,0.094,TRUE,44,"incl2026",1998
"DI Rhinoceros auklet diet - Smelt - NoCC","CCIEA","rhinoAukDietSmelt_NCC","CC_NCC_fish_49","prey",2011-01-01,NA,0.0913333333333333,0.0913333333333333,TRUE,44,"incl2026",1998
"DI Rhinoceros auklet diet - Smelt - NoCC","CCIEA","rhinoAukDietSmelt_NCC","CC_NCC_fish_49","prey",2012-01-01,NA,0.0886666666666667,0.0886666666666667,TRUE,44,"incl2026",1998
"DI Rhinoceros auklet diet - Smelt - NoCC","CCIEA","rhinoAukDietSmelt_NCC","CC_NCC_fish_49","prey",2013-01-01,0.086,0.086,0.086,TRUE,44,"incl2026",1998
"DI Rhinoceros auklet diet - Smelt - NoCC","CCIEA","rhinoAukDietSmelt_NCC","CC_NCC_fish_49","prey",2014-01-01,NA,0.043,0.043,TRUE,44,"incl2026",1998
"DI Rhinoceros auklet diet - Smelt - NoCC","CCIEA","rhinoAukDietSmelt_NCC","CC_NCC_fish_49","prey",2015-01-01,0,0,0,TRUE,44,"incl2026",1998
"DI Rhinoceros auklet diet - Smelt - NoCC","CCIEA","rhinoAukDietSmelt_NCC","CC_NCC_fish_49","prey",2016-01-01,0.107,0.107,0.107,TRUE,44,"incl2026",1998
"DI Rhinoceros auklet diet - Smelt - NoCC","CCIEA","rhinoAukDietSmelt_NCC","CC_NCC_fish_49","prey",2017-01-01,0.049,0.049,0.049,TRUE,44,"incl2026",1998
"DI Rhinoceros auklet diet - Smelt - NoCC","CCIEA","rhinoAukDietSmelt_NCC","CC_NCC_fish_49","prey",2018-01-01,0.293,0.293,0.293,TRUE,44,"incl2026",1998
"DI Rhinoceros auklet diet - Smelt - NoCC","CCIEA","rhinoAukDietSmelt_NCC","CC_NCC_fish_49","prey",2019-01-01,0.59,0.59,0.59,TRUE,44,"incl2026",1998
"DI Rhinoceros auklet diet - Smelt - NoCC","CCIEA","rhinoAukDietSmelt_NCC","CC_NCC_fish_49","prey",2020-01-01,NA,0.357,0.357,TRUE,44,"incl2026",1998
"DI Rhinoceros auklet diet - Smelt - NoCC","CCIEA","rhinoAukDietSmelt_NCC","CC_NCC_fish_49","prey",2021-01-01,0.124,0.124,0.124,TRUE,44,"incl2026",1998
"Dall_s_p_WS_2026","Westport_2026","Dall_s_p_WS_2026","CC_NCC_Marine mammal_233","",1998-01-01,0.210526315789474,0.210526315789474,0.210526315789474,TRUE,45,"incl2026",1998
"Dall_s_p_WS_2026","Westport_2026","Dall_s_p_WS_2026","CC_NCC_Marine mammal_233","",1999-01-01,0,0,0,TRUE,45,"incl2026",1998
"Dall_s_p_WS_2026","Westport_2026","Dall_s_p_WS_2026","CC_NCC_Marine mammal_233","",2000-01-01,0.0666666666666667,0.0666666666666667,0.0666666666666667,TRUE,45,"incl2026",1998
"Dall_s_p_WS_2026","Westport_2026","Dall_s_p_WS_2026","CC_NCC_Marine mammal_233","",2001-01-01,0.0212765957446809,0.0212765957446809,0.0212765957446809,TRUE,45,"incl2026",1998
"Dall_s_p_WS_2026","Westport_2026","Dall_s_p_WS_2026","CC_NCC_Marine mammal_233","",2002-01-01,0.0161290322580645,0.0161290322580645,0.0161290322580645,TRUE,45,"incl2026",1998
"Dall_s_p_WS_2026","Westport_2026","Dall_s_p_WS_2026","CC_NCC_Marine mammal_233","",2003-01-01,0,0,0,TRUE,45,"incl2026",1998
"Dall_s_p_WS_2026","Westport_2026","Dall_s_p_WS_2026","CC_NCC_Marine mammal_233","",2004-01-01,0.0212765957446809,0.0212765957446809,0.0212765957446809,TRUE,45,"incl2026",1998
"Dall_s_p_WS_2026","Westport_2026","Dall_s_p_WS_2026","CC_NCC_Marine mammal_233","",2005-01-01,0.117647058823529,0.117647058823529,0.117647058823529,TRUE,45,"incl2026",1998
"Dall_s_p_WS_2026","Westport_2026","Dall_s_p_WS_2026","CC_NCC_Marine mammal_233","",2006-01-01,0.0925925925925926,0.0925925925925926,0.0925925925925926,TRUE,45,"incl2026",1998
"Dall_s_p_WS_2026","Westport_2026","Dall_s_p_WS_2026","CC_NCC_Marine mammal_233","",2007-01-01,0.0638297872340425,0.0638297872340425,0.0638297872340425,TRUE,45,"incl2026",1998
"Dall_s_p_WS_2026","Westport_2026","Dall_s_p_WS_2026","CC_NCC_Marine mammal_233","",2008-01-01,0,0,0,TRUE,45,"incl2026",1998
"Dall_s_p_WS_2026","Westport_2026","Dall_s_p_WS_2026","CC_NCC_Marine mammal_233","",2009-01-01,NA,0.0675675675675675,0.0675675675675675,TRUE,45,"incl2026",1998
"Dall_s_p_WS_2026","Westport_2026","Dall_s_p_WS_2026","CC_NCC_Marine mammal_233","",2010-01-01,0.135135135135135,0.135135135135135,0.135135135135135,TRUE,45,"incl2026",1998
"Dall_s_p_WS_2026","Westport_2026","Dall_s_p_WS_2026","CC_NCC_Marine mammal_233","",2011-01-01,0.0612244897959184,0.0612244897959184,0.0612244897959184,TRUE,45,"incl2026",1998
"Dall_s_p_WS_2026","Westport_2026","Dall_s_p_WS_2026","CC_NCC_Marine mammal_233","",2012-01-01,0,0,0,TRUE,45,"incl2026",1998
"Dall_s_p_WS_2026","Westport_2026","Dall_s_p_WS_2026","CC_NCC_Marine mammal_233","",2013-01-01,0.0227272727272727,0.0227272727272727,0.0227272727272727,TRUE,45,"incl2026",1998
"Dall_s_p_WS_2026","Westport_2026","Dall_s_p_WS_2026","CC_NCC_Marine mammal_233","",2014-01-01,0.0425531914893617,0.0425531914893617,0.0425531914893617,TRUE,45,"incl2026",1998
"Dall_s_p_WS_2026","Westport_2026","Dall_s_p_WS_2026","CC_NCC_Marine mammal_233","",2015-01-01,0.0169491525423729,0.0169491525423729,0.0169491525423729,TRUE,45,"incl2026",1998
"Dall_s_p_WS_2026","Westport_2026","Dall_s_p_WS_2026","CC_NCC_Marine mammal_233","",2016-01-01,0.0634920634920635,0.0634920634920635,0.0634920634920635,TRUE,45,"incl2026",1998
"Dall_s_p_WS_2026","Westport_2026","Dall_s_p_WS_2026","CC_NCC_Marine mammal_233","",2017-01-01,0.0163934426229508,0.0163934426229508,0.0163934426229508,TRUE,45,"incl2026",1998
"Dall_s_p_WS_2026","Westport_2026","Dall_s_p_WS_2026","CC_NCC_Marine mammal_233","",2018-01-01,0.0172413793103448,0.0172413793103448,0.0172413793103448,TRUE,45,"incl2026",1998
"Dall_s_p_WS_2026","Westport_2026","Dall_s_p_WS_2026","CC_NCC_Marine mammal_233","",2019-01-01,0.0731707317073171,0.0731707317073171,0.0731707317073171,TRUE,45,"incl2026",1998
"Dall_s_p_WS_2026","Westport_2026","Dall_s_p_WS_2026","CC_NCC_Marine mammal_233","",2020-01-01,0,0,0,TRUE,45,"incl2026",1998
"Dall_s_p_WS_2026","Westport_2026","Dall_s_p_WS_2026","CC_NCC_Marine mammal_233","",2021-01-01,0.0158730158730159,0.0158730158730159,0.0158730158730159,TRUE,45,"incl2026",1998
"DecapodAll_planktonJun_2026","plankton_2026","DecapodAll_planktonJun_2026","CC_NCC_plank_201","",1998-01-01,NA,NA,NA,TRUE,46,"incl2026",1998
"DecapodAll_planktonJun_2026","plankton_2026","DecapodAll_planktonJun_2026","CC_NCC_plank_201","",1999-01-01,1.62504004628393,1.62504004628393,1.62504004628393,TRUE,46,"incl2026",1998
"DecapodAll_planktonJun_2026","plankton_2026","DecapodAll_planktonJun_2026","CC_NCC_plank_201","",2000-01-01,1.32954939702643,1.32954939702643,1.32954939702643,TRUE,46,"incl2026",1998
"DecapodAll_planktonJun_2026","plankton_2026","DecapodAll_planktonJun_2026","CC_NCC_plank_201","",2001-01-01,1.33976970313111,1.33976970313111,1.33976970313111,TRUE,46,"incl2026",1998
"DecapodAll_planktonJun_2026","plankton_2026","DecapodAll_planktonJun_2026","CC_NCC_plank_201","",2002-01-01,1.66724036262223,1.66724036262223,1.66724036262223,TRUE,46,"incl2026",1998
"DecapodAll_planktonJun_2026","plankton_2026","DecapodAll_planktonJun_2026","CC_NCC_plank_201","",2003-01-01,1.90912218659841,1.90912218659841,1.90912218659841,TRUE,46,"incl2026",1998
"DecapodAll_planktonJun_2026","plankton_2026","DecapodAll_planktonJun_2026","CC_NCC_plank_201","",2004-01-01,1.80863408968513,1.80863408968513,1.80863408968513,TRUE,46,"incl2026",1998
"DecapodAll_planktonJun_2026","plankton_2026","DecapodAll_planktonJun_2026","CC_NCC_plank_201","",2005-01-01,1.00306988365619,1.00306988365619,1.00306988365619,TRUE,46,"incl2026",1998
"DecapodAll_planktonJun_2026","plankton_2026","DecapodAll_planktonJun_2026","CC_NCC_plank_201","",2006-01-01,1.41208014985773,1.41208014985773,1.41208014985773,TRUE,46,"incl2026",1998
"DecapodAll_planktonJun_2026","plankton_2026","DecapodAll_planktonJun_2026","CC_NCC_plank_201","",2007-01-01,1.31776304069234,1.31776304069234,1.31776304069234,TRUE,46,"incl2026",1998
"DecapodAll_planktonJun_2026","plankton_2026","DecapodAll_planktonJun_2026","CC_NCC_plank_201","",2008-01-01,1.59144096685432,1.59144096685432,1.59144096685432,TRUE,46,"incl2026",1998
"DecapodAll_planktonJun_2026","plankton_2026","DecapodAll_planktonJun_2026","CC_NCC_plank_201","",2009-01-01,1.44448134243496,1.44448134243496,1.44448134243496,TRUE,46,"incl2026",1998
"DecapodAll_planktonJun_2026","plankton_2026","DecapodAll_planktonJun_2026","CC_NCC_plank_201","",2010-01-01,1.21757811055768,1.21757811055768,1.21757811055768,TRUE,46,"incl2026",1998
"DecapodAll_planktonJun_2026","plankton_2026","DecapodAll_planktonJun_2026","CC_NCC_plank_201","",2011-01-01,1.62349751987071,1.62349751987071,1.62349751987071,TRUE,46,"incl2026",1998
"DecapodAll_planktonJun_2026","plankton_2026","DecapodAll_planktonJun_2026","CC_NCC_plank_201","",2012-01-01,2.16088972651101,2.16088972651101,2.16088972651101,TRUE,46,"incl2026",1998
"DecapodAll_planktonJun_2026","plankton_2026","DecapodAll_planktonJun_2026","CC_NCC_plank_201","",2013-01-01,1.47863933394043,1.47863933394043,1.47863933394043,TRUE,46,"incl2026",1998
"DecapodAll_planktonJun_2026","plankton_2026","DecapodAll_planktonJun_2026","CC_NCC_plank_201","",2014-01-01,2.02749552307523,2.02749552307523,2.02749552307523,TRUE,46,"incl2026",1998
"DecapodAll_planktonJun_2026","plankton_2026","DecapodAll_planktonJun_2026","CC_NCC_plank_201","",2015-01-01,2.16793678371654,2.16793678371654,2.16793678371654,TRUE,46,"incl2026",1998
"DecapodAll_planktonJun_2026","plankton_2026","DecapodAll_planktonJun_2026","CC_NCC_plank_201","",2016-01-01,2.58359684348728,2.58359684348728,2.58359684348728,TRUE,46,"incl2026",1998
"DecapodAll_planktonJun_2026","plankton_2026","DecapodAll_planktonJun_2026","CC_NCC_plank_201","",2017-01-01,2.1646117511976,2.1646117511976,2.1646117511976,TRUE,46,"incl2026",1998
"DecapodAll_planktonJun_2026","plankton_2026","DecapodAll_planktonJun_2026","CC_NCC_plank_201","",2018-01-01,2.72877537947695,2.72877537947695,2.72877537947695,TRUE,46,"incl2026",1998
"DecapodAll_planktonJun_2026","plankton_2026","DecapodAll_planktonJun_2026","CC_NCC_plank_201","",2019-01-01,2.73806189250403,2.73806189250403,2.73806189250403,TRUE,46,"incl2026",1998
"DecapodAll_planktonJun_2026","plankton_2026","DecapodAll_planktonJun_2026","CC_NCC_plank_201","",2020-01-01,1.92486610930242,1.92486610930242,1.92486610930242,TRUE,46,"incl2026",1998
"DecapodAll_planktonJun_2026","plankton_2026","DecapodAll_planktonJun_2026","CC_NCC_plank_201","",2021-01-01,2.78274905303992,2.78274905303992,2.78274905303992,TRUE,46,"incl2026",1998
"DecapodAll_planktonJuneNCC","planktonJuneNCC_2025","DecapodAll_planktonJuneNCC","CC_NCC_plank_195","",1998-01-01,0.865464788071887,0.865464788071887,0.865464788071887,TRUE,46,"incl2026",1998
"DecapodAll_planktonJuneNCC","planktonJuneNCC_2025","DecapodAll_planktonJuneNCC","CC_NCC_plank_195","",1999-01-01,0.882936409318827,0.882936409318827,0.882936409318827,TRUE,46,"incl2026",1998
"DecapodAll_planktonJuneNCC","planktonJuneNCC_2025","DecapodAll_planktonJuneNCC","CC_NCC_plank_195","",2000-01-01,0.620219376899943,0.620219376899943,0.620219376899943,TRUE,46,"incl2026",1998
"DecapodAll_planktonJuneNCC","planktonJuneNCC_2025","DecapodAll_planktonJuneNCC","CC_NCC_plank_195","",2001-01-01,0.617792862134808,0.617792862134808,0.617792862134808,TRUE,46,"incl2026",1998
"DecapodAll_planktonJuneNCC","planktonJuneNCC_2025","DecapodAll_planktonJuneNCC","CC_NCC_plank_195","",2002-01-01,0.835355173820496,0.835355173820496,0.835355173820496,TRUE,46,"incl2026",1998
"DecapodAll_planktonJuneNCC","planktonJuneNCC_2025","DecapodAll_planktonJuneNCC","CC_NCC_plank_195","",2003-01-01,1.01101137597486,1.01101137597486,1.01101137597486,TRUE,46,"incl2026",1998
"DecapodAll_planktonJuneNCC","planktonJuneNCC_2025","DecapodAll_planktonJuneNCC","CC_NCC_plank_195","",2004-01-01,0.940492701843389,0.940492701843389,0.940492701843389,TRUE,46,"incl2026",1998
"DecapodAll_planktonJuneNCC","planktonJuneNCC_2025","DecapodAll_planktonJuneNCC","CC_NCC_plank_195","",2005-01-01,0.407426115704644,0.407426115704644,0.407426115704644,TRUE,46,"incl2026",1998
"DecapodAll_planktonJuneNCC","planktonJuneNCC_2025","DecapodAll_planktonJuneNCC","CC_NCC_plank_195","",2006-01-01,0.694387212443601,0.694387212443601,0.694387212443601,TRUE,46,"incl2026",1998
"DecapodAll_planktonJuneNCC","planktonJuneNCC_2025","DecapodAll_planktonJuneNCC","CC_NCC_plank_195","",2007-01-01,0.608349305569067,0.608349305569067,0.608349305569067,TRUE,46,"incl2026",1998
"DecapodAll_planktonJuneNCC","planktonJuneNCC_2025","DecapodAll_planktonJuneNCC","CC_NCC_plank_195","",2008-01-01,0.782393302865742,0.782393302865742,0.782393302865742,TRUE,46,"incl2026",1998
"DecapodAll_planktonJuneNCC","planktonJuneNCC_2025","DecapodAll_planktonJuneNCC","CC_NCC_plank_195","",2009-01-01,0.71756913966353,0.71756913966353,0.71756913966353,TRUE,46,"incl2026",1998
"DecapodAll_planktonJuneNCC","planktonJuneNCC_2025","DecapodAll_planktonJuneNCC","CC_NCC_plank_195","",2010-01-01,0.601568169992433,0.601568169992433,0.601568169992433,TRUE,46,"incl2026",1998
"DecapodAll_planktonJuneNCC","planktonJuneNCC_2025","DecapodAll_planktonJuneNCC","CC_NCC_plank_195","",2011-01-01,0.824329743377022,0.824329743377022,0.824329743377022,TRUE,46,"incl2026",1998
"DecapodAll_planktonJuneNCC","planktonJuneNCC_2025","DecapodAll_planktonJuneNCC","CC_NCC_plank_195","",2012-01-01,1.26698465556701,1.26698465556701,1.26698465556701,TRUE,46,"incl2026",1998
"DecapodAll_planktonJuneNCC","planktonJuneNCC_2025","DecapodAll_planktonJuneNCC","CC_NCC_plank_195","",2013-01-01,0.759263497539521,0.759263497539521,0.759263497539521,TRUE,46,"incl2026",1998
"DecapodAll_planktonJuneNCC","planktonJuneNCC_2025","DecapodAll_planktonJuneNCC","CC_NCC_plank_195","",2014-01-01,1.16031685781702,1.16031685781702,1.16031685781702,TRUE,46,"incl2026",1998
"DecapodAll_planktonJuneNCC","planktonJuneNCC_2025","DecapodAll_planktonJuneNCC","CC_NCC_plank_195","",2015-01-01,1.30067116866588,1.30067116866588,1.30067116866588,TRUE,46,"incl2026",1998
"DecapodAll_planktonJuneNCC","planktonJuneNCC_2025","DecapodAll_planktonJuneNCC","CC_NCC_plank_195","",2016-01-01,1.64129369810755,1.64129369810755,1.64129369810755,TRUE,46,"incl2026",1998
"DecapodAll_planktonJuneNCC","planktonJuneNCC_2025","DecapodAll_planktonJuneNCC","CC_NCC_plank_195","",2017-01-01,1.27389046018796,1.27389046018796,1.27389046018796,TRUE,46,"incl2026",1998
"DecapodAll_planktonJuneNCC","planktonJuneNCC_2025","DecapodAll_planktonJuneNCC","CC_NCC_plank_195","",2018-01-01,1.7828312099499,1.7828312099499,1.7828312099499,TRUE,46,"incl2026",1998
"DecapodAll_planktonJuneNCC","planktonJuneNCC_2025","DecapodAll_planktonJuneNCC","CC_NCC_plank_195","",2019-01-01,1.76348545005693,1.76348545005693,1.76348545005693,TRUE,46,"incl2026",1998
"DecapodAll_planktonJuneNCC","planktonJuneNCC_2025","DecapodAll_planktonJuneNCC","CC_NCC_plank_195","",2020-01-01,1.03988460603541,1.03988460603541,1.03988460603541,TRUE,46,"incl2026",1998
"DecapodAll_planktonJuneNCC","planktonJuneNCC_2025","DecapodAll_planktonJuneNCC","CC_NCC_plank_195","",2021-01-01,1.80197323516406,1.80197323516406,1.80197323516406,TRUE,46,"incl2026",1998
"Eggyolk.jelly__2025","data_2025","EggyolkJelly__2025","CC_NCC_cnid_164","",1998-01-01,0,0,0,TRUE,47,"incl2026",1998
"Eggyolk.jelly__2025","data_2025","EggyolkJelly__2025","CC_NCC_cnid_164","",1999-01-01,0,0,0,TRUE,47,"incl2026",1998
"Eggyolk.jelly__2025","data_2025","EggyolkJelly__2025","CC_NCC_cnid_164","",2000-01-01,0.246432160671564,0.246432160671564,0.246432160671564,TRUE,47,"incl2026",1998
"Eggyolk.jelly__2025","data_2025","EggyolkJelly__2025","CC_NCC_cnid_164","",2001-01-01,0.0118444834030907,0.0118444834030907,0.0118444834030907,TRUE,47,"incl2026",1998
"Eggyolk.jelly__2025","data_2025","EggyolkJelly__2025","CC_NCC_cnid_164","",2002-01-01,0.0767159474997023,0.0767159474997023,0.0767159474997023,TRUE,47,"incl2026",1998
"Eggyolk.jelly__2025","data_2025","EggyolkJelly__2025","CC_NCC_cnid_164","",2003-01-01,0.0409668712909475,0.0409668712909475,0.0409668712909475,TRUE,47,"incl2026",1998
"Eggyolk.jelly__2025","data_2025","EggyolkJelly__2025","CC_NCC_cnid_164","",2004-01-01,0.013582945388572,0.013582945388572,0.013582945388572,TRUE,47,"incl2026",1998
"Eggyolk.jelly__2025","data_2025","EggyolkJelly__2025","CC_NCC_cnid_164","",2005-01-01,0.039080357600895,0.039080357600895,0.039080357600895,TRUE,47,"incl2026",1998
"Eggyolk.jelly__2025","data_2025","EggyolkJelly__2025","CC_NCC_cnid_164","",2006-01-01,0.0682646476947707,0.0682646476947707,0.0682646476947707,TRUE,47,"incl2026",1998
"Eggyolk.jelly__2025","data_2025","EggyolkJelly__2025","CC_NCC_cnid_164","",2007-01-01,0.00634344683954937,0.00634344683954937,0.00634344683954937,TRUE,47,"incl2026",1998
"Eggyolk.jelly__2025","data_2025","EggyolkJelly__2025","CC_NCC_cnid_164","",2008-01-01,0.0268381824276671,0.0268381824276671,0.0268381824276671,TRUE,47,"incl2026",1998
"Eggyolk.jelly__2025","data_2025","EggyolkJelly__2025","CC_NCC_cnid_164","",2009-01-01,0.00527870791026394,0.00527870791026394,0.00527870791026394,TRUE,47,"incl2026",1998
"Eggyolk.jelly__2025","data_2025","EggyolkJelly__2025","CC_NCC_cnid_164","",2010-01-01,0.0530606143524908,0.0530606143524908,0.0530606143524908,TRUE,47,"incl2026",1998
"Eggyolk.jelly__2025","data_2025","EggyolkJelly__2025","CC_NCC_cnid_164","",2011-01-01,0.0130728660326565,0.0130728660326565,0.0130728660326565,TRUE,47,"incl2026",1998
"Eggyolk.jelly__2025","data_2025","EggyolkJelly__2025","CC_NCC_cnid_164","",2012-01-01,0.108617385040463,0.108617385040463,0.108617385040463,TRUE,47,"incl2026",1998
"Eggyolk.jelly__2025","data_2025","EggyolkJelly__2025","CC_NCC_cnid_164","",2013-01-01,0.0141596188746265,0.0141596188746265,0.0141596188746265,TRUE,47,"incl2026",1998
"Eggyolk.jelly__2025","data_2025","EggyolkJelly__2025","CC_NCC_cnid_164","",2014-01-01,0.0118433275359562,0.0118433275359562,0.0118433275359562,TRUE,47,"incl2026",1998
"Eggyolk.jelly__2025","data_2025","EggyolkJelly__2025","CC_NCC_cnid_164","",2015-01-01,0.0916364768538791,0.0916364768538791,0.0916364768538791,TRUE,47,"incl2026",1998
"Eggyolk.jelly__2025","data_2025","EggyolkJelly__2025","CC_NCC_cnid_164","",2016-01-01,0.271273776056694,0.271273776056694,0.271273776056694,TRUE,47,"incl2026",1998
"Eggyolk.jelly__2025","data_2025","EggyolkJelly__2025","CC_NCC_cnid_164","",2017-01-01,0.0200690026562847,0.0200690026562847,0.0200690026562847,TRUE,47,"incl2026",1998
"Eggyolk.jelly__2025","data_2025","EggyolkJelly__2025","CC_NCC_cnid_164","",2018-01-01,0.0433969944252419,0.0433969944252419,0.0433969944252419,TRUE,47,"incl2026",1998
"Eggyolk.jelly__2025","data_2025","EggyolkJelly__2025","CC_NCC_cnid_164","",2019-01-01,0.0500290842324631,0.0500290842324631,0.0500290842324631,TRUE,47,"incl2026",1998
"Eggyolk.jelly__2025","data_2025","EggyolkJelly__2025","CC_NCC_cnid_164","",2020-01-01,0.067446452892308,0.067446452892308,0.067446452892308,TRUE,47,"incl2026",1998
"Eggyolk.jelly__2025","data_2025","EggyolkJelly__2025","CC_NCC_cnid_164","",2021-01-01,0.0353438761062695,0.0353438761062695,0.0353438761062695,TRUE,47,"incl2026",1998
"Elephant_s_WS_2026","Westport_2026","Elephant_s_WS_2026","CC_NCC_Marine mammal_218","",1998-01-01,0,0,0,TRUE,48,"incl2026",1998
"Elephant_s_WS_2026","Westport_2026","Elephant_s_WS_2026","CC_NCC_Marine mammal_218","",1999-01-01,0,0,0,TRUE,48,"incl2026",1998
"Elephant_s_WS_2026","Westport_2026","Elephant_s_WS_2026","CC_NCC_Marine mammal_218","",2000-01-01,0,0,0,TRUE,48,"incl2026",1998
"Elephant_s_WS_2026","Westport_2026","Elephant_s_WS_2026","CC_NCC_Marine mammal_218","",2001-01-01,0,0,0,TRUE,48,"incl2026",1998
"Elephant_s_WS_2026","Westport_2026","Elephant_s_WS_2026","CC_NCC_Marine mammal_218","",2002-01-01,0,0,0,TRUE,48,"incl2026",1998
"Elephant_s_WS_2026","Westport_2026","Elephant_s_WS_2026","CC_NCC_Marine mammal_218","",2003-01-01,0,0,0,TRUE,48,"incl2026",1998
"Elephant_s_WS_2026","Westport_2026","Elephant_s_WS_2026","CC_NCC_Marine mammal_218","",2004-01-01,0,0,0,TRUE,48,"incl2026",1998
"Elephant_s_WS_2026","Westport_2026","Elephant_s_WS_2026","CC_NCC_Marine mammal_218","",2005-01-01,0,0,0,TRUE,48,"incl2026",1998
"Elephant_s_WS_2026","Westport_2026","Elephant_s_WS_2026","CC_NCC_Marine mammal_218","",2006-01-01,0,0,0,TRUE,48,"incl2026",1998
"Elephant_s_WS_2026","Westport_2026","Elephant_s_WS_2026","CC_NCC_Marine mammal_218","",2007-01-01,0,0,0,TRUE,48,"incl2026",1998
"Elephant_s_WS_2026","Westport_2026","Elephant_s_WS_2026","CC_NCC_Marine mammal_218","",2008-01-01,0,0,0,TRUE,48,"incl2026",1998
"Elephant_s_WS_2026","Westport_2026","Elephant_s_WS_2026","CC_NCC_Marine mammal_218","",2009-01-01,NA,0,0,TRUE,48,"incl2026",1998
"Elephant_s_WS_2026","Westport_2026","Elephant_s_WS_2026","CC_NCC_Marine mammal_218","",2010-01-01,0,0,0,TRUE,48,"incl2026",1998
"Elephant_s_WS_2026","Westport_2026","Elephant_s_WS_2026","CC_NCC_Marine mammal_218","",2011-01-01,0,0,0,TRUE,48,"incl2026",1998
"Elephant_s_WS_2026","Westport_2026","Elephant_s_WS_2026","CC_NCC_Marine mammal_218","",2012-01-01,0.0232558139534884,0.0232558139534884,0.0232558139534884,TRUE,48,"incl2026",1998
"Elephant_s_WS_2026","Westport_2026","Elephant_s_WS_2026","CC_NCC_Marine mammal_218","",2013-01-01,0.0227272727272727,0.0227272727272727,0.0227272727272727,TRUE,48,"incl2026",1998
"Elephant_s_WS_2026","Westport_2026","Elephant_s_WS_2026","CC_NCC_Marine mammal_218","",2014-01-01,0.0212765957446809,0.0212765957446809,0.0212765957446809,TRUE,48,"incl2026",1998
"Elephant_s_WS_2026","Westport_2026","Elephant_s_WS_2026","CC_NCC_Marine mammal_218","",2015-01-01,0,0,0,TRUE,48,"incl2026",1998
"Elephant_s_WS_2026","Westport_2026","Elephant_s_WS_2026","CC_NCC_Marine mammal_218","",2016-01-01,0.0158730158730159,0.0158730158730159,0.0158730158730159,TRUE,48,"incl2026",1998
"Elephant_s_WS_2026","Westport_2026","Elephant_s_WS_2026","CC_NCC_Marine mammal_218","",2017-01-01,0,0,0,TRUE,48,"incl2026",1998
"Elephant_s_WS_2026","Westport_2026","Elephant_s_WS_2026","CC_NCC_Marine mammal_218","",2018-01-01,0,0,0,TRUE,48,"incl2026",1998
"Elephant_s_WS_2026","Westport_2026","Elephant_s_WS_2026","CC_NCC_Marine mammal_218","",2019-01-01,0.024390243902439,0.024390243902439,0.024390243902439,TRUE,48,"incl2026",1998
"Elephant_s_WS_2026","Westport_2026","Elephant_s_WS_2026","CC_NCC_Marine mammal_218","",2020-01-01,0,0,0,TRUE,48,"incl2026",1998
"Elephant_s_WS_2026","Westport_2026","Elephant_s_WS_2026","CC_NCC_Marine mammal_218","",2021-01-01,0,0,0,TRUE,48,"incl2026",1998
"Epac_adult_density","NHL_2026","Epac_NHL_2026","CC_NCC_plank_212","",1998-01-01,NA,NA,NA,TRUE,49,"incl2026",1998
"Epac_adult_density","NHL_2026","Epac_NHL_2026","CC_NCC_plank_212","",1999-01-01,NA,NA,NA,TRUE,49,"incl2026",1998
"Epac_adult_density","NHL_2026","Epac_NHL_2026","CC_NCC_plank_212","",2000-01-01,NA,NA,NA,TRUE,49,"incl2026",1998
"Epac_adult_density","NHL_2026","Epac_NHL_2026","CC_NCC_plank_212","",2001-01-01,-1.95676388463981,-1.95676388463981,-1.95676388463981,TRUE,49,"incl2026",1998
"Epac_adult_density","NHL_2026","Epac_NHL_2026","CC_NCC_plank_212","",2002-01-01,-1.31728385608441,-1.31728385608441,-1.31728385608441,TRUE,49,"incl2026",1998
"Epac_adult_density","NHL_2026","Epac_NHL_2026","CC_NCC_plank_212","",2003-01-01,-2.79275850046613,-2.79275850046613,-2.79275850046613,TRUE,49,"incl2026",1998
"Epac_adult_density","NHL_2026","Epac_NHL_2026","CC_NCC_plank_212","",2004-01-01,-3.07504123282249,-3.07504123282249,-3.07504123282249,TRUE,49,"incl2026",1998
"Epac_adult_density","NHL_2026","Epac_NHL_2026","CC_NCC_plank_212","",2005-01-01,-2.96024694316814,-2.96024694316814,-2.96024694316814,TRUE,49,"incl2026",1998
"Epac_adult_density","NHL_2026","Epac_NHL_2026","CC_NCC_plank_212","",2006-01-01,-2.72742122604873,-2.72742122604873,-2.72742122604873,TRUE,49,"incl2026",1998
"Epac_adult_density","NHL_2026","Epac_NHL_2026","CC_NCC_plank_212","",2007-01-01,-2.72306157259498,-2.72306157259498,-2.72306157259498,TRUE,49,"incl2026",1998
"Epac_adult_density","NHL_2026","Epac_NHL_2026","CC_NCC_plank_212","",2008-01-01,-2.2570115194462,-2.2570115194462,-2.2570115194462,TRUE,49,"incl2026",1998
"Epac_adult_density","NHL_2026","Epac_NHL_2026","CC_NCC_plank_212","",2009-01-01,-2.7531003915919,-2.7531003915919,-2.7531003915919,TRUE,49,"incl2026",1998
"Epac_adult_density","NHL_2026","Epac_NHL_2026","CC_NCC_plank_212","",2010-01-01,-3.49206182568405,-3.49206182568405,-3.49206182568405,TRUE,49,"incl2026",1998
"Epac_adult_density","NHL_2026","Epac_NHL_2026","CC_NCC_plank_212","",2011-01-01,-2.49817471058988,-2.49817471058988,-2.49817471058988,TRUE,49,"incl2026",1998
"Epac_adult_density","NHL_2026","Epac_NHL_2026","CC_NCC_plank_212","",2012-01-01,-3.50294081110599,-3.50294081110599,-3.50294081110599,TRUE,49,"incl2026",1998
"Epac_adult_density","NHL_2026","Epac_NHL_2026","CC_NCC_plank_212","",2013-01-01,-3.41244888243099,-3.41244888243099,-3.41244888243099,TRUE,49,"incl2026",1998
"Epac_adult_density","NHL_2026","Epac_NHL_2026","CC_NCC_plank_212","",2014-01-01,-3.51664331528516,-3.51664331528516,-3.51664331528516,TRUE,49,"incl2026",1998
"Epac_adult_density","NHL_2026","Epac_NHL_2026","CC_NCC_plank_212","",2015-01-01,-3.84899736587139,-3.84899736587139,-3.84899736587139,TRUE,49,"incl2026",1998
"Epac_adult_density","NHL_2026","Epac_NHL_2026","CC_NCC_plank_212","",2016-01-01,-3.53344417553241,-3.53344417553241,-3.53344417553241,TRUE,49,"incl2026",1998
"Epac_adult_density","NHL_2026","Epac_NHL_2026","CC_NCC_plank_212","",2017-01-01,-1.93398849233171,-1.93398849233171,-1.93398849233171,TRUE,49,"incl2026",1998
"Epac_adult_density","NHL_2026","Epac_NHL_2026","CC_NCC_plank_212","",2018-01-01,-3.09117042599398,-3.09117042599398,-3.09117042599398,TRUE,49,"incl2026",1998
"Epac_adult_density","NHL_2026","Epac_NHL_2026","CC_NCC_plank_212","",2019-01-01,-3.0840219766854,-3.0840219766854,-3.0840219766854,TRUE,49,"incl2026",1998
"Epac_adult_density","NHL_2026","Epac_NHL_2026","CC_NCC_plank_212","",2020-01-01,-1.92838955031386,-1.92838955031386,-1.92838955031386,TRUE,49,"incl2026",1998
"Epac_adult_density","NHL_2026","Epac_NHL_2026","CC_NCC_plank_212","",2021-01-01,-1.98810626270203,-1.98810626270203,-1.98810626270203,TRUE,49,"incl2026",1998
"Fish_planktonJuneNCC","planktonJuneNCC_2025","Fish_planktonJuneNCC","CC_NCC_plank_193","",1998-01-01,0.106777809439356,0.106777809439356,0.106777809439356,TRUE,50,"incl2026",1998
"Fish_planktonJuneNCC","planktonJuneNCC_2025","Fish_planktonJuneNCC","CC_NCC_plank_193","",1999-01-01,0.164165994156101,0.164165994156101,0.164165994156101,TRUE,50,"incl2026",1998
"Fish_planktonJuneNCC","planktonJuneNCC_2025","Fish_planktonJuneNCC","CC_NCC_plank_193","",2000-01-01,0.0454881379662789,0.0454881379662789,0.0454881379662789,TRUE,50,"incl2026",1998
"Fish_planktonJuneNCC","planktonJuneNCC_2025","Fish_planktonJuneNCC","CC_NCC_plank_193","",2001-01-01,0.213921959751826,0.213921959751826,0.213921959751826,TRUE,50,"incl2026",1998
"Fish_planktonJuneNCC","planktonJuneNCC_2025","Fish_planktonJuneNCC","CC_NCC_plank_193","",2002-01-01,0.30195704060395,0.30195704060395,0.30195704060395,TRUE,50,"incl2026",1998
"Fish_planktonJuneNCC","planktonJuneNCC_2025","Fish_planktonJuneNCC","CC_NCC_plank_193","",2003-01-01,0.305030768515475,0.305030768515475,0.305030768515475,TRUE,50,"incl2026",1998
"Fish_planktonJuneNCC","planktonJuneNCC_2025","Fish_planktonJuneNCC","CC_NCC_plank_193","",2004-01-01,0.163012858289051,0.163012858289051,0.163012858289051,TRUE,50,"incl2026",1998
"Fish_planktonJuneNCC","planktonJuneNCC_2025","Fish_planktonJuneNCC","CC_NCC_plank_193","",2005-01-01,0.122880574698756,0.122880574698756,0.122880574698756,TRUE,50,"incl2026",1998
"Fish_planktonJuneNCC","planktonJuneNCC_2025","Fish_planktonJuneNCC","CC_NCC_plank_193","",2006-01-01,0.174381857623792,0.174381857623792,0.174381857623792,TRUE,50,"incl2026",1998
"Fish_planktonJuneNCC","planktonJuneNCC_2025","Fish_planktonJuneNCC","CC_NCC_plank_193","",2007-01-01,0.224346803741692,0.224346803741692,0.224346803741692,TRUE,50,"incl2026",1998
"Fish_planktonJuneNCC","planktonJuneNCC_2025","Fish_planktonJuneNCC","CC_NCC_plank_193","",2008-01-01,0.135581748370627,0.135581748370627,0.135581748370627,TRUE,50,"incl2026",1998
"Fish_planktonJuneNCC","planktonJuneNCC_2025","Fish_planktonJuneNCC","CC_NCC_plank_193","",2009-01-01,0.293795490270134,0.293795490270134,0.293795490270134,TRUE,50,"incl2026",1998
"Fish_planktonJuneNCC","planktonJuneNCC_2025","Fish_planktonJuneNCC","CC_NCC_plank_193","",2010-01-01,0.132250580000769,0.132250580000769,0.132250580000769,TRUE,50,"incl2026",1998
"Fish_planktonJuneNCC","planktonJuneNCC_2025","Fish_planktonJuneNCC","CC_NCC_plank_193","",2011-01-01,0.315328615116279,0.315328615116279,0.315328615116279,TRUE,50,"incl2026",1998
"Fish_planktonJuneNCC","planktonJuneNCC_2025","Fish_planktonJuneNCC","CC_NCC_plank_193","",2012-01-01,0.464123337122056,0.464123337122056,0.464123337122056,TRUE,50,"incl2026",1998
"Fish_planktonJuneNCC","planktonJuneNCC_2025","Fish_planktonJuneNCC","CC_NCC_plank_193","",2013-01-01,0.296747975543307,0.296747975543307,0.296747975543307,TRUE,50,"incl2026",1998
"Fish_planktonJuneNCC","planktonJuneNCC_2025","Fish_planktonJuneNCC","CC_NCC_plank_193","",2014-01-01,0.334071692827221,0.334071692827221,0.334071692827221,TRUE,50,"incl2026",1998
"Fish_planktonJuneNCC","planktonJuneNCC_2025","Fish_planktonJuneNCC","CC_NCC_plank_193","",2015-01-01,0.428548604992865,0.428548604992865,0.428548604992865,TRUE,50,"incl2026",1998
"Fish_planktonJuneNCC","planktonJuneNCC_2025","Fish_planktonJuneNCC","CC_NCC_plank_193","",2016-01-01,0.4873913772081,0.4873913772081,0.4873913772081,TRUE,50,"incl2026",1998
"Fish_planktonJuneNCC","planktonJuneNCC_2025","Fish_planktonJuneNCC","CC_NCC_plank_193","",2017-01-01,0.66088393198081,0.66088393198081,0.66088393198081,TRUE,50,"incl2026",1998
"Fish_planktonJuneNCC","planktonJuneNCC_2025","Fish_planktonJuneNCC","CC_NCC_plank_193","",2018-01-01,0.645516817311942,0.645516817311942,0.645516817311942,TRUE,50,"incl2026",1998
"Fish_planktonJuneNCC","planktonJuneNCC_2025","Fish_planktonJuneNCC","CC_NCC_plank_193","",2019-01-01,0.322635763357235,0.322635763357235,0.322635763357235,TRUE,50,"incl2026",1998
"Fish_planktonJuneNCC","planktonJuneNCC_2025","Fish_planktonJuneNCC","CC_NCC_plank_193","",2020-01-01,0.385206511464843,0.385206511464843,0.385206511464843,TRUE,50,"incl2026",1998
"Fish_planktonJuneNCC","planktonJuneNCC_2025","Fish_planktonJuneNCC","CC_NCC_plank_193","",2021-01-01,0.316658612116273,0.316658612116273,0.316658612116273,TRUE,50,"incl2026",1998
"Flesh_footed_shrw_WS_2026","Westport_2026","Flesh_footed_shrw_WS_2026","CC_NCC_Seabird_255","",1998-01-01,0,0,0,TRUE,51,"incl2026",1998
"Flesh_footed_shrw_WS_2026","Westport_2026","Flesh_footed_shrw_WS_2026","CC_NCC_Seabird_255","",1999-01-01,0,0,0,TRUE,51,"incl2026",1998
"Flesh_footed_shrw_WS_2026","Westport_2026","Flesh_footed_shrw_WS_2026","CC_NCC_Seabird_255","",2000-01-01,0,0,0,TRUE,51,"incl2026",1998
"Flesh_footed_shrw_WS_2026","Westport_2026","Flesh_footed_shrw_WS_2026","CC_NCC_Seabird_255","",2001-01-01,0,0,0,TRUE,51,"incl2026",1998
"Flesh_footed_shrw_WS_2026","Westport_2026","Flesh_footed_shrw_WS_2026","CC_NCC_Seabird_255","",2002-01-01,0,0,0,TRUE,51,"incl2026",1998
"Flesh_footed_shrw_WS_2026","Westport_2026","Flesh_footed_shrw_WS_2026","CC_NCC_Seabird_255","",2003-01-01,0,0,0,TRUE,51,"incl2026",1998
"Flesh_footed_shrw_WS_2026","Westport_2026","Flesh_footed_shrw_WS_2026","CC_NCC_Seabird_255","",2004-01-01,0,0,0,TRUE,51,"incl2026",1998
"Flesh_footed_shrw_WS_2026","Westport_2026","Flesh_footed_shrw_WS_2026","CC_NCC_Seabird_255","",2005-01-01,0,0,0,TRUE,51,"incl2026",1998
"Flesh_footed_shrw_WS_2026","Westport_2026","Flesh_footed_shrw_WS_2026","CC_NCC_Seabird_255","",2006-01-01,0,0,0,TRUE,51,"incl2026",1998
"Flesh_footed_shrw_WS_2026","Westport_2026","Flesh_footed_shrw_WS_2026","CC_NCC_Seabird_255","",2007-01-01,0.0212765957446809,0.0212765957446809,0.0212765957446809,TRUE,51,"incl2026",1998
"Flesh_footed_shrw_WS_2026","Westport_2026","Flesh_footed_shrw_WS_2026","CC_NCC_Seabird_255","",2008-01-01,0,0,0,TRUE,51,"incl2026",1998
"Flesh_footed_shrw_WS_2026","Westport_2026","Flesh_footed_shrw_WS_2026","CC_NCC_Seabird_255","",2009-01-01,NA,0,0,TRUE,51,"incl2026",1998
"Flesh_footed_shrw_WS_2026","Westport_2026","Flesh_footed_shrw_WS_2026","CC_NCC_Seabird_255","",2010-01-01,0,0,0,TRUE,51,"incl2026",1998
"Flesh_footed_shrw_WS_2026","Westport_2026","Flesh_footed_shrw_WS_2026","CC_NCC_Seabird_255","",2011-01-01,0.0204081632653061,0.0204081632653061,0.0204081632653061,TRUE,51,"incl2026",1998
"Flesh_footed_shrw_WS_2026","Westport_2026","Flesh_footed_shrw_WS_2026","CC_NCC_Seabird_255","",2012-01-01,0,0,0,TRUE,51,"incl2026",1998
"Flesh_footed_shrw_WS_2026","Westport_2026","Flesh_footed_shrw_WS_2026","CC_NCC_Seabird_255","",2013-01-01,0,0,0,TRUE,51,"incl2026",1998
"Flesh_footed_shrw_WS_2026","Westport_2026","Flesh_footed_shrw_WS_2026","CC_NCC_Seabird_255","",2014-01-01,0,0,0,TRUE,51,"incl2026",1998
"Flesh_footed_shrw_WS_2026","Westport_2026","Flesh_footed_shrw_WS_2026","CC_NCC_Seabird_255","",2015-01-01,0,0,0,TRUE,51,"incl2026",1998
"Flesh_footed_shrw_WS_2026","Westport_2026","Flesh_footed_shrw_WS_2026","CC_NCC_Seabird_255","",2016-01-01,0,0,0,TRUE,51,"incl2026",1998
"Flesh_footed_shrw_WS_2026","Westport_2026","Flesh_footed_shrw_WS_2026","CC_NCC_Seabird_255","",2017-01-01,0,0,0,TRUE,51,"incl2026",1998
"Flesh_footed_shrw_WS_2026","Westport_2026","Flesh_footed_shrw_WS_2026","CC_NCC_Seabird_255","",2018-01-01,0,0,0,TRUE,51,"incl2026",1998
"Flesh_footed_shrw_WS_2026","Westport_2026","Flesh_footed_shrw_WS_2026","CC_NCC_Seabird_255","",2019-01-01,0,0,0,TRUE,51,"incl2026",1998
"Flesh_footed_shrw_WS_2026","Westport_2026","Flesh_footed_shrw_WS_2026","CC_NCC_Seabird_255","",2020-01-01,0,0,0,TRUE,51,"incl2026",1998
"Flesh_footed_shrw_WS_2026","Westport_2026","Flesh_footed_shrw_WS_2026","CC_NCC_Seabird_255","",2021-01-01,0,0,0,TRUE,51,"incl2026",1998
"Fork_tailed_s_p_WS_2026","Westport_2026","Fork_tailed_s_p_WS_2026","CC_NCC_Seabird_274","",1998-01-01,0.263157894736842,0.263157894736842,0.263157894736842,TRUE,52,"incl2026",1998
"Fork_tailed_s_p_WS_2026","Westport_2026","Fork_tailed_s_p_WS_2026","CC_NCC_Seabird_274","",1999-01-01,0.611111111111111,0.611111111111111,0.611111111111111,TRUE,52,"incl2026",1998
"Fork_tailed_s_p_WS_2026","Westport_2026","Fork_tailed_s_p_WS_2026","CC_NCC_Seabird_274","",2000-01-01,0.333333333333333,0.333333333333333,0.333333333333333,TRUE,52,"incl2026",1998
"Fork_tailed_s_p_WS_2026","Westport_2026","Fork_tailed_s_p_WS_2026","CC_NCC_Seabird_274","",2001-01-01,0.234042553191489,0.234042553191489,0.234042553191489,TRUE,52,"incl2026",1998
"Fork_tailed_s_p_WS_2026","Westport_2026","Fork_tailed_s_p_WS_2026","CC_NCC_Seabird_274","",2002-01-01,0.225806451612903,0.225806451612903,0.225806451612903,TRUE,52,"incl2026",1998
"Fork_tailed_s_p_WS_2026","Westport_2026","Fork_tailed_s_p_WS_2026","CC_NCC_Seabird_274","",2003-01-01,0.03125,0.03125,0.03125,TRUE,52,"incl2026",1998
"Fork_tailed_s_p_WS_2026","Westport_2026","Fork_tailed_s_p_WS_2026","CC_NCC_Seabird_274","",2004-01-01,0.0851063829787234,0.0851063829787234,0.0851063829787234,TRUE,52,"incl2026",1998
"Fork_tailed_s_p_WS_2026","Westport_2026","Fork_tailed_s_p_WS_2026","CC_NCC_Seabird_274","",2005-01-01,0.352941176470588,0.352941176470588,0.352941176470588,TRUE,52,"incl2026",1998
"Fork_tailed_s_p_WS_2026","Westport_2026","Fork_tailed_s_p_WS_2026","CC_NCC_Seabird_274","",2006-01-01,0.259259259259259,0.259259259259259,0.259259259259259,TRUE,52,"incl2026",1998
"Fork_tailed_s_p_WS_2026","Westport_2026","Fork_tailed_s_p_WS_2026","CC_NCC_Seabird_274","",2007-01-01,0.170212765957447,0.170212765957447,0.170212765957447,TRUE,52,"incl2026",1998
"Fork_tailed_s_p_WS_2026","Westport_2026","Fork_tailed_s_p_WS_2026","CC_NCC_Seabird_274","",2008-01-01,0.116279069767442,0.116279069767442,0.116279069767442,TRUE,52,"incl2026",1998
"Fork_tailed_s_p_WS_2026","Westport_2026","Fork_tailed_s_p_WS_2026","CC_NCC_Seabird_274","",2009-01-01,NA,0.193274670018856,0.193274670018856,TRUE,52,"incl2026",1998
"Fork_tailed_s_p_WS_2026","Westport_2026","Fork_tailed_s_p_WS_2026","CC_NCC_Seabird_274","",2010-01-01,0.27027027027027,0.27027027027027,0.27027027027027,TRUE,52,"incl2026",1998
"Fork_tailed_s_p_WS_2026","Westport_2026","Fork_tailed_s_p_WS_2026","CC_NCC_Seabird_274","",2011-01-01,0.448979591836735,0.448979591836735,0.448979591836735,TRUE,52,"incl2026",1998
"Fork_tailed_s_p_WS_2026","Westport_2026","Fork_tailed_s_p_WS_2026","CC_NCC_Seabird_274","",2012-01-01,0.232558139534884,0.232558139534884,0.232558139534884,TRUE,52,"incl2026",1998
"Fork_tailed_s_p_WS_2026","Westport_2026","Fork_tailed_s_p_WS_2026","CC_NCC_Seabird_274","",2013-01-01,0.477272727272727,0.477272727272727,0.477272727272727,TRUE,52,"incl2026",1998
"Fork_tailed_s_p_WS_2026","Westport_2026","Fork_tailed_s_p_WS_2026","CC_NCC_Seabird_274","",2014-01-01,0.361702127659574,0.361702127659574,0.361702127659574,TRUE,52,"incl2026",1998
"Fork_tailed_s_p_WS_2026","Westport_2026","Fork_tailed_s_p_WS_2026","CC_NCC_Seabird_274","",2015-01-01,0.372881355932203,0.372881355932203,0.372881355932203,TRUE,52,"incl2026",1998
"Fork_tailed_s_p_WS_2026","Westport_2026","Fork_tailed_s_p_WS_2026","CC_NCC_Seabird_274","",2016-01-01,0.317460317460317,0.317460317460317,0.317460317460317,TRUE,52,"incl2026",1998
"Fork_tailed_s_p_WS_2026","Westport_2026","Fork_tailed_s_p_WS_2026","CC_NCC_Seabird_274","",2017-01-01,0.409836065573771,0.409836065573771,0.409836065573771,TRUE,52,"incl2026",1998
"Fork_tailed_s_p_WS_2026","Westport_2026","Fork_tailed_s_p_WS_2026","CC_NCC_Seabird_274","",2018-01-01,0.120689655172414,0.120689655172414,0.120689655172414,TRUE,52,"incl2026",1998
"Fork_tailed_s_p_WS_2026","Westport_2026","Fork_tailed_s_p_WS_2026","CC_NCC_Seabird_274","",2019-01-01,0.317073170731707,0.317073170731707,0.317073170731707,TRUE,52,"incl2026",1998
"Fork_tailed_s_p_WS_2026","Westport_2026","Fork_tailed_s_p_WS_2026","CC_NCC_Seabird_274","",2020-01-01,0.5625,0.5625,0.5625,TRUE,52,"incl2026",1998
"Fork_tailed_s_p_WS_2026","Westport_2026","Fork_tailed_s_p_WS_2026","CC_NCC_Seabird_274","",2021-01-01,0.301587301587302,0.301587301587302,0.301587301587302,TRUE,52,"incl2026",1998
"G_W_western_gull_WS_2026","Westport_2026","G_W_western_gull_WS_2026","CC_NCC_Seabird_280","",1998-01-01,1,1,1,TRUE,53,"incl2026",1998
"G_W_western_gull_WS_2026","Westport_2026","G_W_western_gull_WS_2026","CC_NCC_Seabird_280","",1999-01-01,0.777777777777778,0.777777777777778,0.777777777777778,TRUE,53,"incl2026",1998
"G_W_western_gull_WS_2026","Westport_2026","G_W_western_gull_WS_2026","CC_NCC_Seabird_280","",2000-01-01,0.833333333333333,0.833333333333333,0.833333333333333,TRUE,53,"incl2026",1998
"G_W_western_gull_WS_2026","Westport_2026","G_W_western_gull_WS_2026","CC_NCC_Seabird_280","",2001-01-01,0.851063829787234,0.851063829787234,0.851063829787234,TRUE,53,"incl2026",1998
"G_W_western_gull_WS_2026","Westport_2026","G_W_western_gull_WS_2026","CC_NCC_Seabird_280","",2002-01-01,0.887096774193548,0.887096774193548,0.887096774193548,TRUE,53,"incl2026",1998
"G_W_western_gull_WS_2026","Westport_2026","G_W_western_gull_WS_2026","CC_NCC_Seabird_280","",2003-01-01,1,1,1,TRUE,53,"incl2026",1998
"G_W_western_gull_WS_2026","Westport_2026","G_W_western_gull_WS_2026","CC_NCC_Seabird_280","",2004-01-01,0.872340425531915,0.872340425531915,0.872340425531915,TRUE,53,"incl2026",1998
"G_W_western_gull_WS_2026","Westport_2026","G_W_western_gull_WS_2026","CC_NCC_Seabird_280","",2005-01-01,0.647058823529412,0.647058823529412,0.647058823529412,TRUE,53,"incl2026",1998
"G_W_western_gull_WS_2026","Westport_2026","G_W_western_gull_WS_2026","CC_NCC_Seabird_280","",2006-01-01,0.87037037037037,0.87037037037037,0.87037037037037,TRUE,53,"incl2026",1998
"G_W_western_gull_WS_2026","Westport_2026","G_W_western_gull_WS_2026","CC_NCC_Seabird_280","",2007-01-01,0.872340425531915,0.872340425531915,0.872340425531915,TRUE,53,"incl2026",1998
"G_W_western_gull_WS_2026","Westport_2026","G_W_western_gull_WS_2026","CC_NCC_Seabird_280","",2008-01-01,0.930232558139535,0.930232558139535,0.930232558139535,TRUE,53,"incl2026",1998
"G_W_western_gull_WS_2026","Westport_2026","G_W_western_gull_WS_2026","CC_NCC_Seabird_280","",2009-01-01,NA,0.870521684475173,0.870521684475173,TRUE,53,"incl2026",1998
"G_W_western_gull_WS_2026","Westport_2026","G_W_western_gull_WS_2026","CC_NCC_Seabird_280","",2010-01-01,0.810810810810811,0.810810810810811,0.810810810810811,TRUE,53,"incl2026",1998
"G_W_western_gull_WS_2026","Westport_2026","G_W_western_gull_WS_2026","CC_NCC_Seabird_280","",2011-01-01,0.693877551020408,0.693877551020408,0.693877551020408,TRUE,53,"incl2026",1998
"G_W_western_gull_WS_2026","Westport_2026","G_W_western_gull_WS_2026","CC_NCC_Seabird_280","",2012-01-01,0.883720930232558,0.883720930232558,0.883720930232558,TRUE,53,"incl2026",1998
"G_W_western_gull_WS_2026","Westport_2026","G_W_western_gull_WS_2026","CC_NCC_Seabird_280","",2013-01-01,0.704545454545455,0.704545454545455,0.704545454545455,TRUE,53,"incl2026",1998
"G_W_western_gull_WS_2026","Westport_2026","G_W_western_gull_WS_2026","CC_NCC_Seabird_280","",2014-01-01,0.702127659574468,0.702127659574468,0.702127659574468,TRUE,53,"incl2026",1998
"G_W_western_gull_WS_2026","Westport_2026","G_W_western_gull_WS_2026","CC_NCC_Seabird_280","",2015-01-01,0.898305084745763,0.898305084745763,0.898305084745763,TRUE,53,"incl2026",1998
"G_W_western_gull_WS_2026","Westport_2026","G_W_western_gull_WS_2026","CC_NCC_Seabird_280","",2016-01-01,0.841269841269841,0.841269841269841,0.841269841269841,TRUE,53,"incl2026",1998
"G_W_western_gull_WS_2026","Westport_2026","G_W_western_gull_WS_2026","CC_NCC_Seabird_280","",2017-01-01,0.819672131147541,0.819672131147541,0.819672131147541,TRUE,53,"incl2026",1998
"G_W_western_gull_WS_2026","Westport_2026","G_W_western_gull_WS_2026","CC_NCC_Seabird_280","",2018-01-01,0.793103448275862,0.793103448275862,0.793103448275862,TRUE,53,"incl2026",1998
"G_W_western_gull_WS_2026","Westport_2026","G_W_western_gull_WS_2026","CC_NCC_Seabird_280","",2019-01-01,0.951219512195122,0.951219512195122,0.951219512195122,TRUE,53,"incl2026",1998
"G_W_western_gull_WS_2026","Westport_2026","G_W_western_gull_WS_2026","CC_NCC_Seabird_280","",2020-01-01,0.5,0.5,0.5,TRUE,53,"incl2026",1998
"G_W_western_gull_WS_2026","Westport_2026","G_W_western_gull_WS_2026","CC_NCC_Seabird_280","",2021-01-01,0.793650793650794,0.793650793650794,0.793650793650794,TRUE,53,"incl2026",1998
"Gadids in tufted puffin chick diets","Eastern_Aleutian_Islands","gadid_EAI","AK_EAI_fish_18","north",1998-01-01,43.2,43.2,43.2,TRUE,54,"incl2026",1998
"Gadids in tufted puffin chick diets","Eastern_Aleutian_Islands","gadid_EAI","AK_EAI_fish_18","north",1999-01-01,20.8,20.8,20.8,TRUE,54,"incl2026",1998
"Gadids in tufted puffin chick diets","Eastern_Aleutian_Islands","gadid_EAI","AK_EAI_fish_18","north",2000-01-01,61.3,61.3,61.3,TRUE,54,"incl2026",1998
"Gadids in tufted puffin chick diets","Eastern_Aleutian_Islands","gadid_EAI","AK_EAI_fish_18","north",2001-01-01,8.9,8.9,8.9,TRUE,54,"incl2026",1998
"Gadids in tufted puffin chick diets","Eastern_Aleutian_Islands","gadid_EAI","AK_EAI_fish_18","north",2002-01-01,0,0,0,TRUE,54,"incl2026",1998
"Gadids in tufted puffin chick diets","Eastern_Aleutian_Islands","gadid_EAI","AK_EAI_fish_18","north",2003-01-01,NA,14.4,14.4,TRUE,54,"incl2026",1998
"Gadids in tufted puffin chick diets","Eastern_Aleutian_Islands","gadid_EAI","AK_EAI_fish_18","north",2004-01-01,28.8,28.8,28.8,TRUE,54,"incl2026",1998
"Gadids in tufted puffin chick diets","Eastern_Aleutian_Islands","gadid_EAI","AK_EAI_fish_18","north",2005-01-01,15.3,15.3,15.3,TRUE,54,"incl2026",1998
"Gadids in tufted puffin chick diets","Eastern_Aleutian_Islands","gadid_EAI","AK_EAI_fish_18","north",2006-01-01,51.7,51.7,51.7,TRUE,54,"incl2026",1998
"Gadids in tufted puffin chick diets","Eastern_Aleutian_Islands","gadid_EAI","AK_EAI_fish_18","north",2007-01-01,25.8,25.8,25.8,TRUE,54,"incl2026",1998
"Gadids in tufted puffin chick diets","Eastern_Aleutian_Islands","gadid_EAI","AK_EAI_fish_18","north",2008-01-01,31.5,31.5,31.5,TRUE,54,"incl2026",1998
"Gadids in tufted puffin chick diets","Eastern_Aleutian_Islands","gadid_EAI","AK_EAI_fish_18","north",2009-01-01,24.4,24.4,24.4,TRUE,54,"incl2026",1998
"Gadids in tufted puffin chick diets","Eastern_Aleutian_Islands","gadid_EAI","AK_EAI_fish_18","north",2010-01-01,73.1,73.1,73.1,TRUE,54,"incl2026",1998
"Gadids in tufted puffin chick diets","Eastern_Aleutian_Islands","gadid_EAI","AK_EAI_fish_18","north",2011-01-01,33.8,33.8,33.8,TRUE,54,"incl2026",1998
"Gadids in tufted puffin chick diets","Eastern_Aleutian_Islands","gadid_EAI","AK_EAI_fish_18","north",2012-01-01,89.4,89.4,89.4,TRUE,54,"incl2026",1998
"Gadids in tufted puffin chick diets","Eastern_Aleutian_Islands","gadid_EAI","AK_EAI_fish_18","north",2013-01-01,63.4,63.4,63.4,TRUE,54,"incl2026",1998
"Gadids in tufted puffin chick diets","Eastern_Aleutian_Islands","gadid_EAI","AK_EAI_fish_18","north",2014-01-01,38.5,38.5,38.5,TRUE,54,"incl2026",1998
"Gadids in tufted puffin chick diets","Eastern_Aleutian_Islands","gadid_EAI","AK_EAI_fish_18","north",2015-01-01,25.9,25.9,25.9,TRUE,54,"incl2026",1998
"Gadids in tufted puffin chick diets","Eastern_Aleutian_Islands","gadid_EAI","AK_EAI_fish_18","north",2016-01-01,41.2,41.2,41.2,TRUE,54,"incl2026",1998
"Gadids in tufted puffin chick diets","Eastern_Aleutian_Islands","gadid_EAI","AK_EAI_fish_18","north",2017-01-01,62.8,62.8,62.8,TRUE,54,"incl2026",1998
"Gadids in tufted puffin chick diets","Eastern_Aleutian_Islands","gadid_EAI","AK_EAI_fish_18","north",2018-01-01,38.3,38.3,38.3,TRUE,54,"incl2026",1998
"Gadids in tufted puffin chick diets","Eastern_Aleutian_Islands","gadid_EAI","AK_EAI_fish_18","north",2019-01-01,50.9,50.9,50.9,TRUE,54,"incl2026",1998
"Gadids in tufted puffin chick diets","Eastern_Aleutian_Islands","gadid_EAI","AK_EAI_fish_18","north",2020-01-01,NA,32.55,32.55,TRUE,54,"incl2026",1998
"Gadids in tufted puffin chick diets","Eastern_Aleutian_Islands","gadid_EAI","AK_EAI_fish_18","north",2021-01-01,14.2,14.2,14.2,TRUE,54,"incl2026",1998
"Gadids in tufted puffin chick diets","Western_Aleutian_Islands","gadid_WAI","AK_WAI_fish_25","north",1998-01-01,0,0,0,TRUE,43,"incl2026",1998
"Gadids in tufted puffin chick diets","Western_Aleutian_Islands","gadid_WAI","AK_WAI_fish_25","north",1999-01-01,25.3,25.3,25.3,TRUE,43,"incl2026",1998
"Gadids in tufted puffin chick diets","Western_Aleutian_Islands","gadid_WAI","AK_WAI_fish_25","north",2000-01-01,0,0,0,TRUE,43,"incl2026",1998
"Gadids in tufted puffin chick diets","Western_Aleutian_Islands","gadid_WAI","AK_WAI_fish_25","north",2001-01-01,0,0,0,TRUE,43,"incl2026",1998
"Gadids in tufted puffin chick diets","Western_Aleutian_Islands","gadid_WAI","AK_WAI_fish_25","north",2002-01-01,0,0,0,TRUE,43,"incl2026",1998
"Gadids in tufted puffin chick diets","Western_Aleutian_Islands","gadid_WAI","AK_WAI_fish_25","north",2003-01-01,0,0,0,TRUE,43,"incl2026",1998
"Gadids in tufted puffin chick diets","Western_Aleutian_Islands","gadid_WAI","AK_WAI_fish_25","north",2004-01-01,18.2,18.2,18.2,TRUE,43,"incl2026",1998
"Gadids in tufted puffin chick diets","Western_Aleutian_Islands","gadid_WAI","AK_WAI_fish_25","north",2005-01-01,2.3,2.3,2.3,TRUE,43,"incl2026",1998
"Gadids in tufted puffin chick diets","Western_Aleutian_Islands","gadid_WAI","AK_WAI_fish_25","north",2006-01-01,76.7,76.7,76.7,TRUE,43,"incl2026",1998
"Gadids in tufted puffin chick diets","Western_Aleutian_Islands","gadid_WAI","AK_WAI_fish_25","north",2007-01-01,3.2,3.2,3.2,TRUE,43,"incl2026",1998
"Gadids in tufted puffin chick diets","Western_Aleutian_Islands","gadid_WAI","AK_WAI_fish_25","north",2008-01-01,0,0,0,TRUE,43,"incl2026",1998
"Gadids in tufted puffin chick diets","Western_Aleutian_Islands","gadid_WAI","AK_WAI_fish_25","north",2009-01-01,11.1,11.1,11.1,TRUE,43,"incl2026",1998
"Gadids in tufted puffin chick diets","Western_Aleutian_Islands","gadid_WAI","AK_WAI_fish_25","north",2010-01-01,0.7,0.7,0.7,TRUE,43,"incl2026",1998
"Gadids in tufted puffin chick diets","Western_Aleutian_Islands","gadid_WAI","AK_WAI_fish_25","north",2011-01-01,NA,4.95,4.95,TRUE,43,"incl2026",1998
"Gadids in tufted puffin chick diets","Western_Aleutian_Islands","gadid_WAI","AK_WAI_fish_25","north",2012-01-01,9.2,9.2,9.2,TRUE,43,"incl2026",1998
"Gadids in tufted puffin chick diets","Western_Aleutian_Islands","gadid_WAI","AK_WAI_fish_25","north",2013-01-01,4,4,4,TRUE,43,"incl2026",1998
"Gadids in tufted puffin chick diets","Western_Aleutian_Islands","gadid_WAI","AK_WAI_fish_25","north",2014-01-01,0,0,0,TRUE,43,"incl2026",1998
"Gadids in tufted puffin chick diets","Western_Aleutian_Islands","gadid_WAI","AK_WAI_fish_25","north",2015-01-01,2.1,2.1,2.1,TRUE,43,"incl2026",1998
"Gadids in tufted puffin chick diets","Western_Aleutian_Islands","gadid_WAI","AK_WAI_fish_25","north",2016-01-01,11.6,11.6,11.6,TRUE,43,"incl2026",1998
"Gadids in tufted puffin chick diets","Western_Aleutian_Islands","gadid_WAI","AK_WAI_fish_25","north",2017-01-01,NA,5.8,5.8,TRUE,43,"incl2026",1998
"Gadids in tufted puffin chick diets","Western_Aleutian_Islands","gadid_WAI","AK_WAI_fish_25","north",2018-01-01,0,0,0,TRUE,43,"incl2026",1998
"Gadids in tufted puffin chick diets","Western_Aleutian_Islands","gadid_WAI","AK_WAI_fish_25","north",2019-01-01,4.7,4.7,4.7,TRUE,43,"incl2026",1998
"Gadids in tufted puffin chick diets","Western_Aleutian_Islands","gadid_WAI","AK_WAI_fish_25","north",2020-01-01,NA,22,22,TRUE,43,"incl2026",1998
"Gadids in tufted puffin chick diets","Western_Aleutian_Islands","gadid_WAI","AK_WAI_fish_25","north",2021-01-01,39.3,39.3,39.3,TRUE,43,"incl2026",1998
"Gray_wh_WS_2026","Westport_2026","Gray_wh_WS_2026","CC_NCC_Marine mammal_217","",1998-01-01,0,0,0,TRUE,55,"incl2026",1998
"Gray_wh_WS_2026","Westport_2026","Gray_wh_WS_2026","CC_NCC_Marine mammal_217","",1999-01-01,0,0,0,TRUE,55,"incl2026",1998
"Gray_wh_WS_2026","Westport_2026","Gray_wh_WS_2026","CC_NCC_Marine mammal_217","",2000-01-01,0.0333333333333333,0.0333333333333333,0.0333333333333333,TRUE,55,"incl2026",1998
"Gray_wh_WS_2026","Westport_2026","Gray_wh_WS_2026","CC_NCC_Marine mammal_217","",2001-01-01,0,0,0,TRUE,55,"incl2026",1998
"Gray_wh_WS_2026","Westport_2026","Gray_wh_WS_2026","CC_NCC_Marine mammal_217","",2002-01-01,0,0,0,TRUE,55,"incl2026",1998
"Gray_wh_WS_2026","Westport_2026","Gray_wh_WS_2026","CC_NCC_Marine mammal_217","",2003-01-01,0.03125,0.03125,0.03125,TRUE,55,"incl2026",1998
"Gray_wh_WS_2026","Westport_2026","Gray_wh_WS_2026","CC_NCC_Marine mammal_217","",2004-01-01,0.0212765957446809,0.0212765957446809,0.0212765957446809,TRUE,55,"incl2026",1998
"Gray_wh_WS_2026","Westport_2026","Gray_wh_WS_2026","CC_NCC_Marine mammal_217","",2005-01-01,0,0,0,TRUE,55,"incl2026",1998
"Gray_wh_WS_2026","Westport_2026","Gray_wh_WS_2026","CC_NCC_Marine mammal_217","",2006-01-01,0.037037037037037,0.037037037037037,0.037037037037037,TRUE,55,"incl2026",1998
"Gray_wh_WS_2026","Westport_2026","Gray_wh_WS_2026","CC_NCC_Marine mammal_217","",2007-01-01,0.0425531914893617,0.0425531914893617,0.0425531914893617,TRUE,55,"incl2026",1998
"Gray_wh_WS_2026","Westport_2026","Gray_wh_WS_2026","CC_NCC_Marine mammal_217","",2008-01-01,0.0697674418604651,0.0697674418604651,0.0697674418604651,TRUE,55,"incl2026",1998
"Gray_wh_WS_2026","Westport_2026","Gray_wh_WS_2026","CC_NCC_Marine mammal_217","",2009-01-01,NA,0.0348837209302326,0.0348837209302326,TRUE,55,"incl2026",1998
"Gray_wh_WS_2026","Westport_2026","Gray_wh_WS_2026","CC_NCC_Marine mammal_217","",2010-01-01,0,0,0,TRUE,55,"incl2026",1998
"Gray_wh_WS_2026","Westport_2026","Gray_wh_WS_2026","CC_NCC_Marine mammal_217","",2011-01-01,0.0204081632653061,0.0204081632653061,0.0204081632653061,TRUE,55,"incl2026",1998
"Gray_wh_WS_2026","Westport_2026","Gray_wh_WS_2026","CC_NCC_Marine mammal_217","",2012-01-01,0,0,0,TRUE,55,"incl2026",1998
"Gray_wh_WS_2026","Westport_2026","Gray_wh_WS_2026","CC_NCC_Marine mammal_217","",2013-01-01,0,0,0,TRUE,55,"incl2026",1998
"Gray_wh_WS_2026","Westport_2026","Gray_wh_WS_2026","CC_NCC_Marine mammal_217","",2014-01-01,0.0212765957446809,0.0212765957446809,0.0212765957446809,TRUE,55,"incl2026",1998
"Gray_wh_WS_2026","Westport_2026","Gray_wh_WS_2026","CC_NCC_Marine mammal_217","",2015-01-01,0,0,0,TRUE,55,"incl2026",1998
"Gray_wh_WS_2026","Westport_2026","Gray_wh_WS_2026","CC_NCC_Marine mammal_217","",2016-01-01,0,0,0,TRUE,55,"incl2026",1998
"Gray_wh_WS_2026","Westport_2026","Gray_wh_WS_2026","CC_NCC_Marine mammal_217","",2017-01-01,0,0,0,TRUE,55,"incl2026",1998
"Gray_wh_WS_2026","Westport_2026","Gray_wh_WS_2026","CC_NCC_Marine mammal_217","",2018-01-01,0.0172413793103448,0.0172413793103448,0.0172413793103448,TRUE,55,"incl2026",1998
"Gray_wh_WS_2026","Westport_2026","Gray_wh_WS_2026","CC_NCC_Marine mammal_217","",2019-01-01,0.0487804878048781,0.0487804878048781,0.0487804878048781,TRUE,55,"incl2026",1998
"Gray_wh_WS_2026","Westport_2026","Gray_wh_WS_2026","CC_NCC_Marine mammal_217","",2020-01-01,0,0,0,TRUE,55,"incl2026",1998
"Gray_wh_WS_2026","Westport_2026","Gray_wh_WS_2026","CC_NCC_Marine mammal_217","",2021-01-01,0.0952380952380952,0.0952380952380952,0.0952380952380952,TRUE,55,"incl2026",1998
"Great_scaup_WS_2026","Westport_2026","Great_scaup_WS_2026","CC_NCC_Seabird_240","",1998-01-01,0.0526315789473684,0.0526315789473684,0.0526315789473684,TRUE,56,"incl2026",1998
"Great_scaup_WS_2026","Westport_2026","Great_scaup_WS_2026","CC_NCC_Seabird_240","",1999-01-01,0,0,0,TRUE,56,"incl2026",1998
"Great_scaup_WS_2026","Westport_2026","Great_scaup_WS_2026","CC_NCC_Seabird_240","",2000-01-01,0,0,0,TRUE,56,"incl2026",1998
"Great_scaup_WS_2026","Westport_2026","Great_scaup_WS_2026","CC_NCC_Seabird_240","",2001-01-01,0,0,0,TRUE,56,"incl2026",1998
"Great_scaup_WS_2026","Westport_2026","Great_scaup_WS_2026","CC_NCC_Seabird_240","",2002-01-01,0,0,0,TRUE,56,"incl2026",1998
"Great_scaup_WS_2026","Westport_2026","Great_scaup_WS_2026","CC_NCC_Seabird_240","",2003-01-01,0,0,0,TRUE,56,"incl2026",1998
"Great_scaup_WS_2026","Westport_2026","Great_scaup_WS_2026","CC_NCC_Seabird_240","",2004-01-01,0,0,0,TRUE,56,"incl2026",1998
"Great_scaup_WS_2026","Westport_2026","Great_scaup_WS_2026","CC_NCC_Seabird_240","",2005-01-01,0,0,0,TRUE,56,"incl2026",1998
"Great_scaup_WS_2026","Westport_2026","Great_scaup_WS_2026","CC_NCC_Seabird_240","",2006-01-01,0,0,0,TRUE,56,"incl2026",1998
"Great_scaup_WS_2026","Westport_2026","Great_scaup_WS_2026","CC_NCC_Seabird_240","",2007-01-01,0,0,0,TRUE,56,"incl2026",1998
"Great_scaup_WS_2026","Westport_2026","Great_scaup_WS_2026","CC_NCC_Seabird_240","",2008-01-01,0.0232558139534884,0.0232558139534884,0.0232558139534884,TRUE,56,"incl2026",1998
"Great_scaup_WS_2026","Westport_2026","Great_scaup_WS_2026","CC_NCC_Seabird_240","",2009-01-01,NA,0.0116279069767442,0.0116279069767442,TRUE,56,"incl2026",1998
"Great_scaup_WS_2026","Westport_2026","Great_scaup_WS_2026","CC_NCC_Seabird_240","",2010-01-01,0,0,0,TRUE,56,"incl2026",1998
"Great_scaup_WS_2026","Westport_2026","Great_scaup_WS_2026","CC_NCC_Seabird_240","",2011-01-01,0.0204081632653061,0.0204081632653061,0.0204081632653061,TRUE,56,"incl2026",1998
"Great_scaup_WS_2026","Westport_2026","Great_scaup_WS_2026","CC_NCC_Seabird_240","",2012-01-01,0,0,0,TRUE,56,"incl2026",1998
"Great_scaup_WS_2026","Westport_2026","Great_scaup_WS_2026","CC_NCC_Seabird_240","",2013-01-01,0,0,0,TRUE,56,"incl2026",1998
"Great_scaup_WS_2026","Westport_2026","Great_scaup_WS_2026","CC_NCC_Seabird_240","",2014-01-01,0,0,0,TRUE,56,"incl2026",1998
"Great_scaup_WS_2026","Westport_2026","Great_scaup_WS_2026","CC_NCC_Seabird_240","",2015-01-01,0,0,0,TRUE,56,"incl2026",1998
"Great_scaup_WS_2026","Westport_2026","Great_scaup_WS_2026","CC_NCC_Seabird_240","",2016-01-01,0,0,0,TRUE,56,"incl2026",1998
"Great_scaup_WS_2026","Westport_2026","Great_scaup_WS_2026","CC_NCC_Seabird_240","",2017-01-01,0,0,0,TRUE,56,"incl2026",1998
"Great_scaup_WS_2026","Westport_2026","Great_scaup_WS_2026","CC_NCC_Seabird_240","",2018-01-01,0,0,0,TRUE,56,"incl2026",1998
"Great_scaup_WS_2026","Westport_2026","Great_scaup_WS_2026","CC_NCC_Seabird_240","",2019-01-01,0.0487804878048781,0.0487804878048781,0.0487804878048781,TRUE,56,"incl2026",1998
"Great_scaup_WS_2026","Westport_2026","Great_scaup_WS_2026","CC_NCC_Seabird_240","",2020-01-01,0,0,0,TRUE,56,"incl2026",1998
"Great_scaup_WS_2026","Westport_2026","Great_scaup_WS_2026","CC_NCC_Seabird_240","",2021-01-01,0,0,0,TRUE,56,"incl2026",1998
"Habitat compression index - 43.5-48N","CCIEA","habCompInd","CC_NCC_habitat_78","",1998-01-01,0.06932071425,0.06932071425,0.06932071425,TRUE,57,"incl2026",1998
"Habitat compression index - 43.5-48N","CCIEA","habCompInd","CC_NCC_habitat_78","",1999-01-01,0.963251675,0.963251675,0.963251675,TRUE,57,"incl2026",1998
"Habitat compression index - 43.5-48N","CCIEA","habCompInd","CC_NCC_habitat_78","",2000-01-01,0.4643652575,0.4643652575,0.4643652575,TRUE,57,"incl2026",1998
"Habitat compression index - 43.5-48N","CCIEA","habCompInd","CC_NCC_habitat_78","",2001-01-01,0.79398662,0.79398662,0.79398662,TRUE,57,"incl2026",1998
"Habitat compression index - 43.5-48N","CCIEA","habCompInd","CC_NCC_habitat_78","",2002-01-01,0.8839086825,0.8839086825,0.8839086825,TRUE,57,"incl2026",1998
"Habitat compression index - 43.5-48N","CCIEA","habCompInd","CC_NCC_habitat_78","",2003-01-01,0.192371935,0.192371935,0.192371935,TRUE,57,"incl2026",1998
"Habitat compression index - 43.5-48N","CCIEA","habCompInd","CC_NCC_habitat_78","",2004-01-01,0.13418708725,0.13418708725,0.13418708725,TRUE,57,"incl2026",1998
"Habitat compression index - 43.5-48N","CCIEA","habCompInd","CC_NCC_habitat_78","",2005-01-01,0.06987750525,0.06987750525,0.06987750525,TRUE,57,"incl2026",1998
"Habitat compression index - 43.5-48N","CCIEA","habCompInd","CC_NCC_habitat_78","",2006-01-01,0.3621937675,0.3621937675,0.3621937675,TRUE,57,"incl2026",1998
"Habitat compression index - 43.5-48N","CCIEA","habCompInd","CC_NCC_habitat_78","",2007-01-01,0.71770603,0.71770603,0.71770603,TRUE,57,"incl2026",1998
"Habitat compression index - 43.5-48N","CCIEA","habCompInd","CC_NCC_habitat_78","",2008-01-01,1,1,1,TRUE,57,"incl2026",1998
"Habitat compression index - 43.5-48N","CCIEA","habCompInd","CC_NCC_habitat_78","",2009-01-01,0.834632515,0.834632515,0.834632515,TRUE,57,"incl2026",1998
"Habitat compression index - 43.5-48N","CCIEA","habCompInd","CC_NCC_habitat_78","",2010-01-01,0.61247216,0.61247216,0.61247216,TRUE,57,"incl2026",1998
"Habitat compression index - 43.5-48N","CCIEA","habCompInd","CC_NCC_habitat_78","",2011-01-01,0.71492203,0.71492203,0.71492203,TRUE,57,"incl2026",1998
"Habitat compression index - 43.5-48N","CCIEA","habCompInd","CC_NCC_habitat_78","",2012-01-01,0.8482739475,0.8482739475,0.8482739475,TRUE,57,"incl2026",1998
"Habitat compression index - 43.5-48N","CCIEA","habCompInd","CC_NCC_habitat_78","",2013-01-01,0.4949888475,0.4949888475,0.4949888475,TRUE,57,"incl2026",1998
"Habitat compression index - 43.5-48N","CCIEA","habCompInd","CC_NCC_habitat_78","",2014-01-01,0.207683735,0.207683735,0.207683735,TRUE,57,"incl2026",1998
"Habitat compression index - 43.5-48N","CCIEA","habCompInd","CC_NCC_habitat_78","",2015-01-01,0.1255567925,0.1255567925,0.1255567925,TRUE,57,"incl2026",1998
"Habitat compression index - 43.5-48N","CCIEA","habCompInd","CC_NCC_habitat_78","",2016-01-01,0.0464922035,0.0464922035,0.0464922035,TRUE,57,"incl2026",1998
"Habitat compression index - 43.5-48N","CCIEA","habCompInd","CC_NCC_habitat_78","",2017-01-01,0.19209354,0.19209354,0.19209354,TRUE,57,"incl2026",1998
"Habitat compression index - 43.5-48N","CCIEA","habCompInd","CC_NCC_habitat_78","",2018-01-01,0.23663698325,0.23663698325,0.23663698325,TRUE,57,"incl2026",1998
"Habitat compression index - 43.5-48N","CCIEA","habCompInd","CC_NCC_habitat_78","",2019-01-01,0.27060134,0.27060134,0.27060134,TRUE,57,"incl2026",1998
"Habitat compression index - 43.5-48N","CCIEA","habCompInd","CC_NCC_habitat_78","",2020-01-01,0.34187082875,0.34187082875,0.34187082875,TRUE,57,"incl2026",1998
"Habitat compression index - 43.5-48N","CCIEA","habCompInd","CC_NCC_habitat_78","",2021-01-01,0.5587416625,0.5587416625,0.5587416625,TRUE,57,"incl2026",1998
"HakeAge1_2025","SEM_data_2025","HakeAge1_2025","CC_NCC_fish_141","prey",1998-01-01,812,812,812,TRUE,58,"incl2026",1998
"HakeAge1_2025","SEM_data_2025","HakeAge1_2025","CC_NCC_fish_141","prey",1999-01-01,1594,1594,1594,TRUE,58,"incl2026",1998
"HakeAge1_2025","SEM_data_2025","HakeAge1_2025","CC_NCC_fish_141","prey",2000-01-01,10204,10204,10204,TRUE,58,"incl2026",1998
"HakeAge1_2025","SEM_data_2025","HakeAge1_2025","CC_NCC_fish_141","prey",2001-01-01,250,250,250,TRUE,58,"incl2026",1998
"HakeAge1_2025","SEM_data_2025","HakeAge1_2025","CC_NCC_fish_141","prey",2002-01-01,994,994,994,TRUE,58,"incl2026",1998
"HakeAge1_2025","SEM_data_2025","HakeAge1_2025","CC_NCC_fish_141","prey",2003-01-01,35,35,35,TRUE,58,"incl2026",1998
"HakeAge1_2025","SEM_data_2025","HakeAge1_2025","CC_NCC_fish_141","prey",2004-01-01,1356,1356,1356,TRUE,58,"incl2026",1998
"HakeAge1_2025","SEM_data_2025","HakeAge1_2025","CC_NCC_fish_141","prey",2005-01-01,34,34,34,TRUE,58,"incl2026",1998
"HakeAge1_2025","SEM_data_2025","HakeAge1_2025","CC_NCC_fish_141","prey",2006-01-01,2260,2260,2260,TRUE,58,"incl2026",1998
"HakeAge1_2025","SEM_data_2025","HakeAge1_2025","CC_NCC_fish_141","prey",2007-01-01,1642,1642,1642,TRUE,58,"incl2026",1998
"HakeAge1_2025","SEM_data_2025","HakeAge1_2025","CC_NCC_fish_141","prey",2008-01-01,20,20,20,TRUE,58,"incl2026",1998
"HakeAge1_2025","SEM_data_2025","HakeAge1_2025","CC_NCC_fish_141","prey",2009-01-01,4449,4449,4449,TRUE,58,"incl2026",1998
"HakeAge1_2025","SEM_data_2025","HakeAge1_2025","CC_NCC_fish_141","prey",2010-01-01,1085,1085,1085,TRUE,58,"incl2026",1998
"HakeAge1_2025","SEM_data_2025","HakeAge1_2025","CC_NCC_fish_141","prey",2011-01-01,12618,12618,12618,TRUE,58,"incl2026",1998
"HakeAge1_2025","SEM_data_2025","HakeAge1_2025","CC_NCC_fish_141","prey",2012-01-01,303,303,303,TRUE,58,"incl2026",1998
"HakeAge1_2025","SEM_data_2025","HakeAge1_2025","CC_NCC_fish_141","prey",2013-01-01,1247,1247,1247,TRUE,58,"incl2026",1998
"HakeAge1_2025","SEM_data_2025","HakeAge1_2025","CC_NCC_fish_141","prey",2014-01-01,294,294,294,TRUE,58,"incl2026",1998
"HakeAge1_2025","SEM_data_2025","HakeAge1_2025","CC_NCC_fish_141","prey",2015-01-01,6522,6522,6522,TRUE,58,"incl2026",1998
"HakeAge1_2025","SEM_data_2025","HakeAge1_2025","CC_NCC_fish_141","prey",2016-01-01,27,27,27,TRUE,58,"incl2026",1998
"HakeAge1_2025","SEM_data_2025","HakeAge1_2025","CC_NCC_fish_141","prey",2017-01-01,4458,4458,4458,TRUE,58,"incl2026",1998
"HakeAge1_2025","SEM_data_2025","HakeAge1_2025","CC_NCC_fish_141","prey",2018-01-01,1236,1236,1236,TRUE,58,"incl2026",1998
"HakeAge1_2025","SEM_data_2025","HakeAge1_2025","CC_NCC_fish_141","prey",2019-01-01,315,315,315,TRUE,58,"incl2026",1998
"HakeAge1_2025","SEM_data_2025","HakeAge1_2025","CC_NCC_fish_141","prey",2020-01-01,216,216,216,TRUE,58,"incl2026",1998
"HakeAge1_2025","SEM_data_2025","HakeAge1_2025","CC_NCC_fish_141","prey",2021-01-01,3749,3749,3749,TRUE,58,"incl2026",1998
"HakeAge5Plus_2025","SEM_data_2025","HakeAge5Plus_2025","CC_NCC_fish_143","predator",1998-01-01,1728,1728,1728,TRUE,59,"incl2026",1998
"HakeAge5Plus_2025","SEM_data_2025","HakeAge5Plus_2025","CC_NCC_fish_143","predator",1999-01-01,1798,1798,1798,TRUE,59,"incl2026",1998
"HakeAge5Plus_2025","SEM_data_2025","HakeAge5Plus_2025","CC_NCC_fish_143","predator",2000-01-01,1341,1341,1341,TRUE,59,"incl2026",1998
"HakeAge5Plus_2025","SEM_data_2025","HakeAge5Plus_2025","CC_NCC_fish_143","predator",2001-01-01,1279,1279,1279,TRUE,59,"incl2026",1998
"HakeAge5Plus_2025","SEM_data_2025","HakeAge5Plus_2025","CC_NCC_fish_143","predator",2002-01-01,1070,1070,1070,TRUE,59,"incl2026",1998
"HakeAge5Plus_2025","SEM_data_2025","HakeAge5Plus_2025","CC_NCC_fish_143","predator",2003-01-01,1292,1292,1292,TRUE,59,"incl2026",1998
"HakeAge5Plus_2025","SEM_data_2025","HakeAge5Plus_2025","CC_NCC_fish_143","predator",2004-01-01,4569,4569,4569,TRUE,59,"incl2026",1998
"HakeAge5Plus_2025","SEM_data_2025","HakeAge5Plus_2025","CC_NCC_fish_143","predator",2005-01-01,3212,3212,3212,TRUE,59,"incl2026",1998
"HakeAge5Plus_2025","SEM_data_2025","HakeAge5Plus_2025","CC_NCC_fish_143","predator",2006-01-01,2369,2369,2369,TRUE,59,"incl2026",1998
"HakeAge5Plus_2025","SEM_data_2025","HakeAge5Plus_2025","CC_NCC_fish_143","predator",2007-01-01,1438,1438,1438,TRUE,59,"incl2026",1998
"HakeAge5Plus_2025","SEM_data_2025","HakeAge5Plus_2025","CC_NCC_fish_143","predator",2008-01-01,1220,1220,1220,TRUE,59,"incl2026",1998
"HakeAge5Plus_2025","SEM_data_2025","HakeAge5Plus_2025","CC_NCC_fish_143","predator",2009-01-01,696,696,696,TRUE,59,"incl2026",1998
"HakeAge5Plus_2025","SEM_data_2025","HakeAge5Plus_2025","CC_NCC_fish_143","predator",2010-01-01,1078,1078,1078,TRUE,59,"incl2026",1998
"HakeAge5Plus_2025","SEM_data_2025","HakeAge5Plus_2025","CC_NCC_fish_143","predator",2011-01-01,1064,1064,1064,TRUE,59,"incl2026",1998
"HakeAge5Plus_2025","SEM_data_2025","HakeAge5Plus_2025","CC_NCC_fish_143","predator",2012-01-01,742,742,742,TRUE,59,"incl2026",1998
"HakeAge5Plus_2025","SEM_data_2025","HakeAge5Plus_2025","CC_NCC_fish_143","predator",2013-01-01,1587,1587,1587,TRUE,59,"incl2026",1998
"HakeAge5Plus_2025","SEM_data_2025","HakeAge5Plus_2025","CC_NCC_fish_143","predator",2014-01-01,1465,1465,1465,TRUE,59,"incl2026",1998
"HakeAge5Plus_2025","SEM_data_2025","HakeAge5Plus_2025","CC_NCC_fish_143","predator",2015-01-01,5168,5168,5168,TRUE,59,"incl2026",1998
"HakeAge5Plus_2025","SEM_data_2025","HakeAge5Plus_2025","CC_NCC_fish_143","predator",2016-01-01,3864,3864,3864,TRUE,59,"incl2026",1998
"HakeAge5Plus_2025","SEM_data_2025","HakeAge5Plus_2025","CC_NCC_fish_143","predator",2017-01-01,3127,3127,3127,TRUE,59,"incl2026",1998
"HakeAge5Plus_2025","SEM_data_2025","HakeAge5Plus_2025","CC_NCC_fish_143","predator",2018-01-01,2136,2136,2136,TRUE,59,"incl2026",1998
"HakeAge5Plus_2025","SEM_data_2025","HakeAge5Plus_2025","CC_NCC_fish_143","predator",2019-01-01,3264,3264,3264,TRUE,59,"incl2026",1998
"HakeAge5Plus_2025","SEM_data_2025","HakeAge5Plus_2025","CC_NCC_fish_143","predator",2020-01-01,2140,2140,2140,TRUE,59,"incl2026",1998
"HakeAge5Plus_2025","SEM_data_2025","HakeAge5Plus_2025","CC_NCC_fish_143","predator",2021-01-01,2615,2615,2615,TRUE,59,"incl2026",1998
"Harbor_seal_CR_2025","SEM_data_2025","Harbor_seal_CR_2025","CC_NCC_mamm_127","predator",1998-01-01,778,778,778,TRUE,25,"incl2026",1998
"Harbor_seal_CR_2025","SEM_data_2025","Harbor_seal_CR_2025","CC_NCC_mamm_127","predator",1999-01-01,954,954,954,TRUE,25,"incl2026",1998
"Harbor_seal_CR_2025","SEM_data_2025","Harbor_seal_CR_2025","CC_NCC_mamm_127","predator",2000-01-01,1175,1175,1175,TRUE,25,"incl2026",1998
"Harbor_seal_CR_2025","SEM_data_2025","Harbor_seal_CR_2025","CC_NCC_mamm_127","predator",2001-01-01,728,728,728,TRUE,25,"incl2026",1998
"Harbor_seal_CR_2025","SEM_data_2025","Harbor_seal_CR_2025","CC_NCC_mamm_127","predator",2002-01-01,722,722,722,TRUE,25,"incl2026",1998
"Harbor_seal_CR_2025","SEM_data_2025","Harbor_seal_CR_2025","CC_NCC_mamm_127","predator",2003-01-01,1093,1093,1093,TRUE,25,"incl2026",1998
"Harbor_seal_CR_2025","SEM_data_2025","Harbor_seal_CR_2025","CC_NCC_mamm_127","predator",2004-01-01,702,702,702,TRUE,25,"incl2026",1998
"Harbor_seal_CR_2025","SEM_data_2025","Harbor_seal_CR_2025","CC_NCC_mamm_127","predator",2005-01-01,980,980,980,TRUE,25,"incl2026",1998
"Harbor_seal_CR_2025","SEM_data_2025","Harbor_seal_CR_2025","CC_NCC_mamm_127","predator",2006-01-01,880,880,880,TRUE,25,"incl2026",1998
"Harbor_seal_CR_2025","SEM_data_2025","Harbor_seal_CR_2025","CC_NCC_mamm_127","predator",2007-01-01,1989,1989,1989,TRUE,25,"incl2026",1998
"Harbor_seal_CR_2025","SEM_data_2025","Harbor_seal_CR_2025","CC_NCC_mamm_127","predator",2008-01-01,NA,NA,NA,TRUE,25,"incl2026",1998
"Harbor_seal_CR_2025","SEM_data_2025","Harbor_seal_CR_2025","CC_NCC_mamm_127","predator",2009-01-01,2500,2500,2500,TRUE,25,"incl2026",1998
"Harbor_seal_CR_2025","SEM_data_2025","Harbor_seal_CR_2025","CC_NCC_mamm_127","predator",2010-01-01,1200,1200,1200,TRUE,25,"incl2026",1998
"Harbor_seal_CR_2025","SEM_data_2025","Harbor_seal_CR_2025","CC_NCC_mamm_127","predator",2011-01-01,2500,2500,2500,TRUE,25,"incl2026",1998
"Harbor_seal_CR_2025","SEM_data_2025","Harbor_seal_CR_2025","CC_NCC_mamm_127","predator",2012-01-01,NA,NA,NA,TRUE,25,"incl2026",1998
"Harbor_seal_CR_2025","SEM_data_2025","Harbor_seal_CR_2025","CC_NCC_mamm_127","predator",2013-01-01,2000,2000,2000,TRUE,25,"incl2026",1998
"Harbor_seal_CR_2025","SEM_data_2025","Harbor_seal_CR_2025","CC_NCC_mamm_127","predator",2014-01-01,1700,1700,1700,TRUE,25,"incl2026",1998
"Harbor_seal_CR_2025","SEM_data_2025","Harbor_seal_CR_2025","CC_NCC_mamm_127","predator",2015-01-01,NA,NA,NA,TRUE,25,"incl2026",1998
"Harbor_seal_CR_2025","SEM_data_2025","Harbor_seal_CR_2025","CC_NCC_mamm_127","predator",2016-01-01,NA,NA,NA,TRUE,25,"incl2026",1998
"Harbor_seal_CR_2025","SEM_data_2025","Harbor_seal_CR_2025","CC_NCC_mamm_127","predator",2017-01-01,NA,NA,NA,TRUE,25,"incl2026",1998
"Harbor_seal_CR_2025","SEM_data_2025","Harbor_seal_CR_2025","CC_NCC_mamm_127","predator",2018-01-01,NA,NA,NA,TRUE,25,"incl2026",1998
"Harbor_seal_CR_2025","SEM_data_2025","Harbor_seal_CR_2025","CC_NCC_mamm_127","predator",2019-01-01,NA,NA,NA,TRUE,25,"incl2026",1998
"Harbor_seal_CR_2025","SEM_data_2025","Harbor_seal_CR_2025","CC_NCC_mamm_127","predator",2020-01-01,NA,NA,NA,TRUE,25,"incl2026",1998
"Harbor_seal_CR_2025","SEM_data_2025","Harbor_seal_CR_2025","CC_NCC_mamm_127","predator",2021-01-01,969,969,969,TRUE,25,"incl2026",1998
"Harbor_seal_CR_2yrLead_2025","SEM_data_2025","Harbor_seal_CR_2yrLead_2025","CC_NCC_mamm_127","predator",1998-01-01,1175,1175,1175,TRUE,60,"incl2026",1998
"Harbor_seal_CR_2yrLead_2025","SEM_data_2025","Harbor_seal_CR_2yrLead_2025","CC_NCC_mamm_127","predator",1999-01-01,728,728,728,TRUE,60,"incl2026",1998
"Harbor_seal_CR_2yrLead_2025","SEM_data_2025","Harbor_seal_CR_2yrLead_2025","CC_NCC_mamm_127","predator",2000-01-01,722,722,722,TRUE,60,"incl2026",1998
"Harbor_seal_CR_2yrLead_2025","SEM_data_2025","Harbor_seal_CR_2yrLead_2025","CC_NCC_mamm_127","predator",2001-01-01,1093,1093,1093,TRUE,60,"incl2026",1998
"Harbor_seal_CR_2yrLead_2025","SEM_data_2025","Harbor_seal_CR_2yrLead_2025","CC_NCC_mamm_127","predator",2002-01-01,702,702,702,TRUE,60,"incl2026",1998
"Harbor_seal_CR_2yrLead_2025","SEM_data_2025","Harbor_seal_CR_2yrLead_2025","CC_NCC_mamm_127","predator",2003-01-01,980,980,980,TRUE,60,"incl2026",1998
"Harbor_seal_CR_2yrLead_2025","SEM_data_2025","Harbor_seal_CR_2yrLead_2025","CC_NCC_mamm_127","predator",2004-01-01,880,880,880,TRUE,60,"incl2026",1998
"Harbor_seal_CR_2yrLead_2025","SEM_data_2025","Harbor_seal_CR_2yrLead_2025","CC_NCC_mamm_127","predator",2005-01-01,1989,1989,1989,TRUE,60,"incl2026",1998
"Harbor_seal_CR_2yrLead_2025","SEM_data_2025","Harbor_seal_CR_2yrLead_2025","CC_NCC_mamm_127","predator",2006-01-01,NA,NA,NA,TRUE,60,"incl2026",1998
"Harbor_seal_CR_2yrLead_2025","SEM_data_2025","Harbor_seal_CR_2yrLead_2025","CC_NCC_mamm_127","predator",2007-01-01,2500,2500,2500,TRUE,60,"incl2026",1998
"Harbor_seal_CR_2yrLead_2025","SEM_data_2025","Harbor_seal_CR_2yrLead_2025","CC_NCC_mamm_127","predator",2008-01-01,1200,1200,1200,TRUE,60,"incl2026",1998
"Harbor_seal_CR_2yrLead_2025","SEM_data_2025","Harbor_seal_CR_2yrLead_2025","CC_NCC_mamm_127","predator",2009-01-01,2500,2500,2500,TRUE,60,"incl2026",1998
"Harbor_seal_CR_2yrLead_2025","SEM_data_2025","Harbor_seal_CR_2yrLead_2025","CC_NCC_mamm_127","predator",2010-01-01,NA,NA,NA,TRUE,60,"incl2026",1998
"Harbor_seal_CR_2yrLead_2025","SEM_data_2025","Harbor_seal_CR_2yrLead_2025","CC_NCC_mamm_127","predator",2011-01-01,2000,2000,2000,TRUE,60,"incl2026",1998
"Harbor_seal_CR_2yrLead_2025","SEM_data_2025","Harbor_seal_CR_2yrLead_2025","CC_NCC_mamm_127","predator",2012-01-01,1700,1700,1700,TRUE,60,"incl2026",1998
"Harbor_seal_CR_2yrLead_2025","SEM_data_2025","Harbor_seal_CR_2yrLead_2025","CC_NCC_mamm_127","predator",2013-01-01,NA,NA,NA,TRUE,60,"incl2026",1998
"Harbor_seal_CR_2yrLead_2025","SEM_data_2025","Harbor_seal_CR_2yrLead_2025","CC_NCC_mamm_127","predator",2014-01-01,NA,NA,NA,TRUE,60,"incl2026",1998
"Harbor_seal_CR_2yrLead_2025","SEM_data_2025","Harbor_seal_CR_2yrLead_2025","CC_NCC_mamm_127","predator",2015-01-01,NA,NA,NA,TRUE,60,"incl2026",1998
"Harbor_seal_CR_2yrLead_2025","SEM_data_2025","Harbor_seal_CR_2yrLead_2025","CC_NCC_mamm_127","predator",2016-01-01,NA,NA,NA,TRUE,60,"incl2026",1998
"Harbor_seal_CR_2yrLead_2025","SEM_data_2025","Harbor_seal_CR_2yrLead_2025","CC_NCC_mamm_127","predator",2017-01-01,NA,NA,NA,TRUE,60,"incl2026",1998
"Harbor_seal_CR_2yrLead_2025","SEM_data_2025","Harbor_seal_CR_2yrLead_2025","CC_NCC_mamm_127","predator",2018-01-01,NA,NA,NA,TRUE,60,"incl2026",1998
"Harbor_seal_CR_2yrLead_2025","SEM_data_2025","Harbor_seal_CR_2yrLead_2025","CC_NCC_mamm_127","predator",2019-01-01,969,969,969,TRUE,60,"incl2026",1998
"Harbor_seal_CR_2yrLead_2025","SEM_data_2025","Harbor_seal_CR_2yrLead_2025","CC_NCC_mamm_127","predator",2020-01-01,2402,2402,2402,TRUE,60,"incl2026",1998
"Harbor_seal_CR_2yrLead_2025","SEM_data_2025","Harbor_seal_CR_2yrLead_2025","CC_NCC_mamm_127","predator",2021-01-01,NA,NA,NA,TRUE,60,"incl2026",1998
"Harbour_p_WS_2026","Westport_2026","Harbour_p_WS_2026","CC_NCC_Marine mammal_225","",1998-01-01,0,0,0,TRUE,61,"incl2026",1998
"Harbour_p_WS_2026","Westport_2026","Harbour_p_WS_2026","CC_NCC_Marine mammal_225","",1999-01-01,0,0,0,TRUE,61,"incl2026",1998
"Harbour_p_WS_2026","Westport_2026","Harbour_p_WS_2026","CC_NCC_Marine mammal_225","",2000-01-01,0.0666666666666667,0.0666666666666667,0.0666666666666667,TRUE,61,"incl2026",1998
"Harbour_p_WS_2026","Westport_2026","Harbour_p_WS_2026","CC_NCC_Marine mammal_225","",2001-01-01,0.0851063829787234,0.0851063829787234,0.0851063829787234,TRUE,61,"incl2026",1998
"Harbour_p_WS_2026","Westport_2026","Harbour_p_WS_2026","CC_NCC_Marine mammal_225","",2002-01-01,0.17741935483871,0.17741935483871,0.17741935483871,TRUE,61,"incl2026",1998
"Harbour_p_WS_2026","Westport_2026","Harbour_p_WS_2026","CC_NCC_Marine mammal_225","",2003-01-01,0.125,0.125,0.125,TRUE,61,"incl2026",1998
"Harbour_p_WS_2026","Westport_2026","Harbour_p_WS_2026","CC_NCC_Marine mammal_225","",2004-01-01,0.234042553191489,0.234042553191489,0.234042553191489,TRUE,61,"incl2026",1998
"Harbour_p_WS_2026","Westport_2026","Harbour_p_WS_2026","CC_NCC_Marine mammal_225","",2005-01-01,0.0588235294117647,0.0588235294117647,0.0588235294117647,TRUE,61,"incl2026",1998
"Harbour_p_WS_2026","Westport_2026","Harbour_p_WS_2026","CC_NCC_Marine mammal_225","",2006-01-01,0.148148148148148,0.148148148148148,0.148148148148148,TRUE,61,"incl2026",1998
"Harbour_p_WS_2026","Westport_2026","Harbour_p_WS_2026","CC_NCC_Marine mammal_225","",2007-01-01,0.127659574468085,0.127659574468085,0.127659574468085,TRUE,61,"incl2026",1998
"Harbour_p_WS_2026","Westport_2026","Harbour_p_WS_2026","CC_NCC_Marine mammal_225","",2008-01-01,0.186046511627907,0.186046511627907,0.186046511627907,TRUE,61,"incl2026",1998
"Harbour_p_WS_2026","Westport_2026","Harbour_p_WS_2026","CC_NCC_Marine mammal_225","",2009-01-01,NA,0.160590823381521,0.160590823381521,TRUE,61,"incl2026",1998
"Harbour_p_WS_2026","Westport_2026","Harbour_p_WS_2026","CC_NCC_Marine mammal_225","",2010-01-01,0.135135135135135,0.135135135135135,0.135135135135135,TRUE,61,"incl2026",1998
"Harbour_p_WS_2026","Westport_2026","Harbour_p_WS_2026","CC_NCC_Marine mammal_225","",2011-01-01,0.122448979591837,0.122448979591837,0.122448979591837,TRUE,61,"incl2026",1998
"Harbour_p_WS_2026","Westport_2026","Harbour_p_WS_2026","CC_NCC_Marine mammal_225","",2012-01-01,0.116279069767442,0.116279069767442,0.116279069767442,TRUE,61,"incl2026",1998
"Harbour_p_WS_2026","Westport_2026","Harbour_p_WS_2026","CC_NCC_Marine mammal_225","",2013-01-01,0.0227272727272727,0.0227272727272727,0.0227272727272727,TRUE,61,"incl2026",1998
"Harbour_p_WS_2026","Westport_2026","Harbour_p_WS_2026","CC_NCC_Marine mammal_225","",2014-01-01,0.0212765957446809,0.0212765957446809,0.0212765957446809,TRUE,61,"incl2026",1998
"Harbour_p_WS_2026","Westport_2026","Harbour_p_WS_2026","CC_NCC_Marine mammal_225","",2015-01-01,0.0508474576271186,0.0508474576271186,0.0508474576271186,TRUE,61,"incl2026",1998
"Harbour_p_WS_2026","Westport_2026","Harbour_p_WS_2026","CC_NCC_Marine mammal_225","",2016-01-01,0.126984126984127,0.126984126984127,0.126984126984127,TRUE,61,"incl2026",1998
"Harbour_p_WS_2026","Westport_2026","Harbour_p_WS_2026","CC_NCC_Marine mammal_225","",2017-01-01,0.0655737704918033,0.0655737704918033,0.0655737704918033,TRUE,61,"incl2026",1998
"Harbour_p_WS_2026","Westport_2026","Harbour_p_WS_2026","CC_NCC_Marine mammal_225","",2018-01-01,0.0862068965517241,0.0862068965517241,0.0862068965517241,TRUE,61,"incl2026",1998
"Harbour_p_WS_2026","Westport_2026","Harbour_p_WS_2026","CC_NCC_Marine mammal_225","",2019-01-01,0.146341463414634,0.146341463414634,0.146341463414634,TRUE,61,"incl2026",1998
"Harbour_p_WS_2026","Westport_2026","Harbour_p_WS_2026","CC_NCC_Marine mammal_225","",2020-01-01,0.0625,0.0625,0.0625,TRUE,61,"incl2026",1998
"Harbour_p_WS_2026","Westport_2026","Harbour_p_WS_2026","CC_NCC_Marine mammal_225","",2021-01-01,0.0952380952380952,0.0952380952380952,0.0952380952380952,TRUE,61,"incl2026",1998
"Harbour_s_2yrLead_WS_2026","Westport_2026","Harbour_s_2yrLead_WS_2026","CC_NCC_Marine mammal_227","",1998-01-01,0.0333333333333333,0.0333333333333333,0.0333333333333333,TRUE,62,"incl2026",1998
"Harbour_s_2yrLead_WS_2026","Westport_2026","Harbour_s_2yrLead_WS_2026","CC_NCC_Marine mammal_227","",1999-01-01,0.0425531914893617,0.0425531914893617,0.0425531914893617,TRUE,62,"incl2026",1998
"Harbour_s_2yrLead_WS_2026","Westport_2026","Harbour_s_2yrLead_WS_2026","CC_NCC_Marine mammal_227","",2000-01-01,0.0645161290322581,0.0645161290322581,0.0645161290322581,TRUE,62,"incl2026",1998
"Harbour_s_2yrLead_WS_2026","Westport_2026","Harbour_s_2yrLead_WS_2026","CC_NCC_Marine mammal_227","",2001-01-01,0.125,0.125,0.125,TRUE,62,"incl2026",1998
"Harbour_s_2yrLead_WS_2026","Westport_2026","Harbour_s_2yrLead_WS_2026","CC_NCC_Marine mammal_227","",2002-01-01,0.191489361702128,0.191489361702128,0.191489361702128,TRUE,62,"incl2026",1998
"Harbour_s_2yrLead_WS_2026","Westport_2026","Harbour_s_2yrLead_WS_2026","CC_NCC_Marine mammal_227","",2003-01-01,0.0588235294117647,0.0588235294117647,0.0588235294117647,TRUE,62,"incl2026",1998
"Harbour_s_2yrLead_WS_2026","Westport_2026","Harbour_s_2yrLead_WS_2026","CC_NCC_Marine mammal_227","",2004-01-01,0.0740740740740741,0.0740740740740741,0.0740740740740741,TRUE,62,"incl2026",1998
"Harbour_s_2yrLead_WS_2026","Westport_2026","Harbour_s_2yrLead_WS_2026","CC_NCC_Marine mammal_227","",2005-01-01,0.127659574468085,0.127659574468085,0.127659574468085,TRUE,62,"incl2026",1998
"Harbour_s_2yrLead_WS_2026","Westport_2026","Harbour_s_2yrLead_WS_2026","CC_NCC_Marine mammal_227","",2006-01-01,0.0697674418604651,0.0697674418604651,0.0697674418604651,TRUE,62,"incl2026",1998
"Harbour_s_2yrLead_WS_2026","Westport_2026","Harbour_s_2yrLead_WS_2026","CC_NCC_Marine mammal_227","",2007-01-01,NA,0.0619107479572596,0.0619107479572596,TRUE,62,"incl2026",1998
"Harbour_s_2yrLead_WS_2026","Westport_2026","Harbour_s_2yrLead_WS_2026","CC_NCC_Marine mammal_227","",2008-01-01,0.0540540540540541,0.0540540540540541,0.0540540540540541,TRUE,62,"incl2026",1998
"Harbour_s_2yrLead_WS_2026","Westport_2026","Harbour_s_2yrLead_WS_2026","CC_NCC_Marine mammal_227","",2009-01-01,0.0408163265306122,0.0408163265306122,0.0408163265306122,TRUE,62,"incl2026",1998
"Harbour_s_2yrLead_WS_2026","Westport_2026","Harbour_s_2yrLead_WS_2026","CC_NCC_Marine mammal_227","",2010-01-01,0.0697674418604651,0.0697674418604651,0.0697674418604651,TRUE,62,"incl2026",1998
"Harbour_s_2yrLead_WS_2026","Westport_2026","Harbour_s_2yrLead_WS_2026","CC_NCC_Marine mammal_227","",2011-01-01,0.0681818181818182,0.0681818181818182,0.0681818181818182,TRUE,62,"incl2026",1998
"Harbour_s_2yrLead_WS_2026","Westport_2026","Harbour_s_2yrLead_WS_2026","CC_NCC_Marine mammal_227","",2012-01-01,0.0638297872340425,0.0638297872340425,0.0638297872340425,TRUE,62,"incl2026",1998
"Harbour_s_2yrLead_WS_2026","Westport_2026","Harbour_s_2yrLead_WS_2026","CC_NCC_Marine mammal_227","",2013-01-01,0.0508474576271186,0.0508474576271186,0.0508474576271186,TRUE,62,"incl2026",1998
"Harbour_s_2yrLead_WS_2026","Westport_2026","Harbour_s_2yrLead_WS_2026","CC_NCC_Marine mammal_227","",2014-01-01,0.0634920634920635,0.0634920634920635,0.0634920634920635,TRUE,62,"incl2026",1998
"Harbour_s_2yrLead_WS_2026","Westport_2026","Harbour_s_2yrLead_WS_2026","CC_NCC_Marine mammal_227","",2015-01-01,0.0819672131147541,0.0819672131147541,0.0819672131147541,TRUE,62,"incl2026",1998
"Harbour_s_2yrLead_WS_2026","Westport_2026","Harbour_s_2yrLead_WS_2026","CC_NCC_Marine mammal_227","",2016-01-01,0.0517241379310345,0.0517241379310345,0.0517241379310345,TRUE,62,"incl2026",1998
"Harbour_s_2yrLead_WS_2026","Westport_2026","Harbour_s_2yrLead_WS_2026","CC_NCC_Marine mammal_227","",2017-01-01,0.0975609756097561,0.0975609756097561,0.0975609756097561,TRUE,62,"incl2026",1998
"Harbour_s_2yrLead_WS_2026","Westport_2026","Harbour_s_2yrLead_WS_2026","CC_NCC_Marine mammal_227","",2018-01-01,0,0,0,TRUE,62,"incl2026",1998
"Harbour_s_2yrLead_WS_2026","Westport_2026","Harbour_s_2yrLead_WS_2026","CC_NCC_Marine mammal_227","",2019-01-01,0.0476190476190476,0.0476190476190476,0.0476190476190476,TRUE,62,"incl2026",1998
"Harbour_s_2yrLead_WS_2026","Westport_2026","Harbour_s_2yrLead_WS_2026","CC_NCC_Marine mammal_227","",2020-01-01,0.0909090909090909,0.0909090909090909,0.0909090909090909,TRUE,62,"incl2026",1998
"Harbour_s_2yrLead_WS_2026","Westport_2026","Harbour_s_2yrLead_WS_2026","CC_NCC_Marine mammal_227","",2021-01-01,0.0487804878048781,0.0487804878048781,0.0487804878048781,TRUE,62,"incl2026",1998
"Harbour_s_WS_2026","Westport_2026","Harbour_s_WS_2026","CC_NCC_Marine mammal_226","",1998-01-01,0.0526315789473684,0.0526315789473684,0.0526315789473684,TRUE,63,"incl2026",1998
"Harbour_s_WS_2026","Westport_2026","Harbour_s_WS_2026","CC_NCC_Marine mammal_226","",1999-01-01,0.0555555555555556,0.0555555555555556,0.0555555555555556,TRUE,63,"incl2026",1998
"Harbour_s_WS_2026","Westport_2026","Harbour_s_WS_2026","CC_NCC_Marine mammal_226","",2000-01-01,0.0333333333333333,0.0333333333333333,0.0333333333333333,TRUE,63,"incl2026",1998
"Harbour_s_WS_2026","Westport_2026","Harbour_s_WS_2026","CC_NCC_Marine mammal_226","",2001-01-01,0.0425531914893617,0.0425531914893617,0.0425531914893617,TRUE,63,"incl2026",1998
"Harbour_s_WS_2026","Westport_2026","Harbour_s_WS_2026","CC_NCC_Marine mammal_226","",2002-01-01,0.0645161290322581,0.0645161290322581,0.0645161290322581,TRUE,63,"incl2026",1998
"Harbour_s_WS_2026","Westport_2026","Harbour_s_WS_2026","CC_NCC_Marine mammal_226","",2003-01-01,0.125,0.125,0.125,TRUE,63,"incl2026",1998
"Harbour_s_WS_2026","Westport_2026","Harbour_s_WS_2026","CC_NCC_Marine mammal_226","",2004-01-01,0.191489361702128,0.191489361702128,0.191489361702128,TRUE,63,"incl2026",1998
"Harbour_s_WS_2026","Westport_2026","Harbour_s_WS_2026","CC_NCC_Marine mammal_226","",2005-01-01,0.0588235294117647,0.0588235294117647,0.0588235294117647,TRUE,63,"incl2026",1998
"Harbour_s_WS_2026","Westport_2026","Harbour_s_WS_2026","CC_NCC_Marine mammal_226","",2006-01-01,0.0740740740740741,0.0740740740740741,0.0740740740740741,TRUE,63,"incl2026",1998
"Harbour_s_WS_2026","Westport_2026","Harbour_s_WS_2026","CC_NCC_Marine mammal_226","",2007-01-01,0.127659574468085,0.127659574468085,0.127659574468085,TRUE,63,"incl2026",1998
"Harbour_s_WS_2026","Westport_2026","Harbour_s_WS_2026","CC_NCC_Marine mammal_226","",2008-01-01,0.0697674418604651,0.0697674418604651,0.0697674418604651,TRUE,63,"incl2026",1998
"Harbour_s_WS_2026","Westport_2026","Harbour_s_WS_2026","CC_NCC_Marine mammal_226","",2009-01-01,NA,0.0619107479572596,0.0619107479572596,TRUE,63,"incl2026",1998
"Harbour_s_WS_2026","Westport_2026","Harbour_s_WS_2026","CC_NCC_Marine mammal_226","",2010-01-01,0.0540540540540541,0.0540540540540541,0.0540540540540541,TRUE,63,"incl2026",1998
"Harbour_s_WS_2026","Westport_2026","Harbour_s_WS_2026","CC_NCC_Marine mammal_226","",2011-01-01,0.0408163265306122,0.0408163265306122,0.0408163265306122,TRUE,63,"incl2026",1998
"Harbour_s_WS_2026","Westport_2026","Harbour_s_WS_2026","CC_NCC_Marine mammal_226","",2012-01-01,0.0697674418604651,0.0697674418604651,0.0697674418604651,TRUE,63,"incl2026",1998
"Harbour_s_WS_2026","Westport_2026","Harbour_s_WS_2026","CC_NCC_Marine mammal_226","",2013-01-01,0.0681818181818182,0.0681818181818182,0.0681818181818182,TRUE,63,"incl2026",1998
"Harbour_s_WS_2026","Westport_2026","Harbour_s_WS_2026","CC_NCC_Marine mammal_226","",2014-01-01,0.0638297872340425,0.0638297872340425,0.0638297872340425,TRUE,63,"incl2026",1998
"Harbour_s_WS_2026","Westport_2026","Harbour_s_WS_2026","CC_NCC_Marine mammal_226","",2015-01-01,0.0508474576271186,0.0508474576271186,0.0508474576271186,TRUE,63,"incl2026",1998
"Harbour_s_WS_2026","Westport_2026","Harbour_s_WS_2026","CC_NCC_Marine mammal_226","",2016-01-01,0.0634920634920635,0.0634920634920635,0.0634920634920635,TRUE,63,"incl2026",1998
"Harbour_s_WS_2026","Westport_2026","Harbour_s_WS_2026","CC_NCC_Marine mammal_226","",2017-01-01,0.0819672131147541,0.0819672131147541,0.0819672131147541,TRUE,63,"incl2026",1998
"Harbour_s_WS_2026","Westport_2026","Harbour_s_WS_2026","CC_NCC_Marine mammal_226","",2018-01-01,0.0517241379310345,0.0517241379310345,0.0517241379310345,TRUE,63,"incl2026",1998
"Harbour_s_WS_2026","Westport_2026","Harbour_s_WS_2026","CC_NCC_Marine mammal_226","",2019-01-01,0.0975609756097561,0.0975609756097561,0.0975609756097561,TRUE,63,"incl2026",1998
"Harbour_s_WS_2026","Westport_2026","Harbour_s_WS_2026","CC_NCC_Marine mammal_226","",2020-01-01,0,0,0,TRUE,63,"incl2026",1998
"Harbour_s_WS_2026","Westport_2026","Harbour_s_WS_2026","CC_NCC_Marine mammal_226","",2021-01-01,0.0476190476190476,0.0476190476190476,0.0476190476190476,TRUE,63,"incl2026",1998
"Heerman_s_gull_WS_2026","Westport_2026","Heerman_s_gull_WS_2026","CC_NCC_Seabird_246","",1998-01-01,0,0,0,TRUE,9,"incl2026",1998
"Heerman_s_gull_WS_2026","Westport_2026","Heerman_s_gull_WS_2026","CC_NCC_Seabird_246","",1999-01-01,0,0,0,TRUE,9,"incl2026",1998
"Heerman_s_gull_WS_2026","Westport_2026","Heerman_s_gull_WS_2026","CC_NCC_Seabird_246","",2000-01-01,0,0,0,TRUE,9,"incl2026",1998
"Heerman_s_gull_WS_2026","Westport_2026","Heerman_s_gull_WS_2026","CC_NCC_Seabird_246","",2001-01-01,0,0,0,TRUE,9,"incl2026",1998
"Heerman_s_gull_WS_2026","Westport_2026","Heerman_s_gull_WS_2026","CC_NCC_Seabird_246","",2002-01-01,0,0,0,TRUE,9,"incl2026",1998
"Heerman_s_gull_WS_2026","Westport_2026","Heerman_s_gull_WS_2026","CC_NCC_Seabird_246","",2003-01-01,0.0625,0.0625,0.0625,TRUE,9,"incl2026",1998
"Heerman_s_gull_WS_2026","Westport_2026","Heerman_s_gull_WS_2026","CC_NCC_Seabird_246","",2004-01-01,0.0425531914893617,0.0425531914893617,0.0425531914893617,TRUE,9,"incl2026",1998
"Heerman_s_gull_WS_2026","Westport_2026","Heerman_s_gull_WS_2026","CC_NCC_Seabird_246","",2005-01-01,0.176470588235294,0.176470588235294,0.176470588235294,TRUE,9,"incl2026",1998
"Heerman_s_gull_WS_2026","Westport_2026","Heerman_s_gull_WS_2026","CC_NCC_Seabird_246","",2006-01-01,0.0185185185185185,0.0185185185185185,0.0185185185185185,TRUE,9,"incl2026",1998
"Heerman_s_gull_WS_2026","Westport_2026","Heerman_s_gull_WS_2026","CC_NCC_Seabird_246","",2007-01-01,0.106382978723404,0.106382978723404,0.106382978723404,TRUE,9,"incl2026",1998
"Heerman_s_gull_WS_2026","Westport_2026","Heerman_s_gull_WS_2026","CC_NCC_Seabird_246","",2008-01-01,0,0,0,TRUE,9,"incl2026",1998
"Heerman_s_gull_WS_2026","Westport_2026","Heerman_s_gull_WS_2026","CC_NCC_Seabird_246","",2009-01-01,NA,0.108108108108108,0.108108108108108,TRUE,9,"incl2026",1998
"Heerman_s_gull_WS_2026","Westport_2026","Heerman_s_gull_WS_2026","CC_NCC_Seabird_246","",2010-01-01,0.216216216216216,0.216216216216216,0.216216216216216,TRUE,9,"incl2026",1998
"Heerman_s_gull_WS_2026","Westport_2026","Heerman_s_gull_WS_2026","CC_NCC_Seabird_246","",2011-01-01,0.0612244897959184,0.0612244897959184,0.0612244897959184,TRUE,9,"incl2026",1998
"Heerman_s_gull_WS_2026","Westport_2026","Heerman_s_gull_WS_2026","CC_NCC_Seabird_246","",2012-01-01,0.0930232558139535,0.0930232558139535,0.0930232558139535,TRUE,9,"incl2026",1998
"Heerman_s_gull_WS_2026","Westport_2026","Heerman_s_gull_WS_2026","CC_NCC_Seabird_246","",2013-01-01,0.0909090909090909,0.0909090909090909,0.0909090909090909,TRUE,9,"incl2026",1998
"Heerman_s_gull_WS_2026","Westport_2026","Heerman_s_gull_WS_2026","CC_NCC_Seabird_246","",2014-01-01,0.148936170212766,0.148936170212766,0.148936170212766,TRUE,9,"incl2026",1998
"Heerman_s_gull_WS_2026","Westport_2026","Heerman_s_gull_WS_2026","CC_NCC_Seabird_246","",2015-01-01,0.11864406779661,0.11864406779661,0.11864406779661,TRUE,9,"incl2026",1998
"Heerman_s_gull_WS_2026","Westport_2026","Heerman_s_gull_WS_2026","CC_NCC_Seabird_246","",2016-01-01,0.0634920634920635,0.0634920634920635,0.0634920634920635,TRUE,9,"incl2026",1998
"Heerman_s_gull_WS_2026","Westport_2026","Heerman_s_gull_WS_2026","CC_NCC_Seabird_246","",2017-01-01,0.114754098360656,0.114754098360656,0.114754098360656,TRUE,9,"incl2026",1998
"Heerman_s_gull_WS_2026","Westport_2026","Heerman_s_gull_WS_2026","CC_NCC_Seabird_246","",2018-01-01,0.0344827586206897,0.0344827586206897,0.0344827586206897,TRUE,9,"incl2026",1998
"Heerman_s_gull_WS_2026","Westport_2026","Heerman_s_gull_WS_2026","CC_NCC_Seabird_246","",2019-01-01,0.024390243902439,0.024390243902439,0.024390243902439,TRUE,9,"incl2026",1998
"Heerman_s_gull_WS_2026","Westport_2026","Heerman_s_gull_WS_2026","CC_NCC_Seabird_246","",2020-01-01,0.0625,0.0625,0.0625,TRUE,9,"incl2026",1998
"Heerman_s_gull_WS_2026","Westport_2026","Heerman_s_gull_WS_2026","CC_NCC_Seabird_246","",2021-01-01,0.0317460317460317,0.0317460317460317,0.0317460317460317,TRUE,9,"incl2026",1998
"Herring_gull_WS_2026","Westport_2026","Herring_gull_WS_2026","CC_NCC_Seabird_281","",1998-01-01,0.105263157894737,0.105263157894737,0.105263157894737,TRUE,64,"incl2026",1998
"Herring_gull_WS_2026","Westport_2026","Herring_gull_WS_2026","CC_NCC_Seabird_281","",1999-01-01,0.166666666666667,0.166666666666667,0.166666666666667,TRUE,64,"incl2026",1998
"Herring_gull_WS_2026","Westport_2026","Herring_gull_WS_2026","CC_NCC_Seabird_281","",2000-01-01,0.233333333333333,0.233333333333333,0.233333333333333,TRUE,64,"incl2026",1998
"Herring_gull_WS_2026","Westport_2026","Herring_gull_WS_2026","CC_NCC_Seabird_281","",2001-01-01,0.0851063829787234,0.0851063829787234,0.0851063829787234,TRUE,64,"incl2026",1998
"Herring_gull_WS_2026","Westport_2026","Herring_gull_WS_2026","CC_NCC_Seabird_281","",2002-01-01,0.145161290322581,0.145161290322581,0.145161290322581,TRUE,64,"incl2026",1998
"Herring_gull_WS_2026","Westport_2026","Herring_gull_WS_2026","CC_NCC_Seabird_281","",2003-01-01,0.09375,0.09375,0.09375,TRUE,64,"incl2026",1998
"Herring_gull_WS_2026","Westport_2026","Herring_gull_WS_2026","CC_NCC_Seabird_281","",2004-01-01,0.0851063829787234,0.0851063829787234,0.0851063829787234,TRUE,64,"incl2026",1998
"Herring_gull_WS_2026","Westport_2026","Herring_gull_WS_2026","CC_NCC_Seabird_281","",2005-01-01,0,0,0,TRUE,64,"incl2026",1998
"Herring_gull_WS_2026","Westport_2026","Herring_gull_WS_2026","CC_NCC_Seabird_281","",2006-01-01,0.0925925925925926,0.0925925925925926,0.0925925925925926,TRUE,64,"incl2026",1998
"Herring_gull_WS_2026","Westport_2026","Herring_gull_WS_2026","CC_NCC_Seabird_281","",2007-01-01,0.191489361702128,0.191489361702128,0.191489361702128,TRUE,64,"incl2026",1998
"Herring_gull_WS_2026","Westport_2026","Herring_gull_WS_2026","CC_NCC_Seabird_281","",2008-01-01,0.0465116279069767,0.0465116279069767,0.0465116279069767,TRUE,64,"incl2026",1998
"Herring_gull_WS_2026","Westport_2026","Herring_gull_WS_2026","CC_NCC_Seabird_281","",2009-01-01,NA,0.0367693274670019,0.0367693274670019,TRUE,64,"incl2026",1998
"Herring_gull_WS_2026","Westport_2026","Herring_gull_WS_2026","CC_NCC_Seabird_281","",2010-01-01,0.027027027027027,0.027027027027027,0.027027027027027,TRUE,64,"incl2026",1998
"Herring_gull_WS_2026","Westport_2026","Herring_gull_WS_2026","CC_NCC_Seabird_281","",2011-01-01,0.0612244897959184,0.0612244897959184,0.0612244897959184,TRUE,64,"incl2026",1998
"Herring_gull_WS_2026","Westport_2026","Herring_gull_WS_2026","CC_NCC_Seabird_281","",2012-01-01,0.0930232558139535,0.0930232558139535,0.0930232558139535,TRUE,64,"incl2026",1998
"Herring_gull_WS_2026","Westport_2026","Herring_gull_WS_2026","CC_NCC_Seabird_281","",2013-01-01,0.0909090909090909,0.0909090909090909,0.0909090909090909,TRUE,64,"incl2026",1998
"Herring_gull_WS_2026","Westport_2026","Herring_gull_WS_2026","CC_NCC_Seabird_281","",2014-01-01,0.0425531914893617,0.0425531914893617,0.0425531914893617,TRUE,64,"incl2026",1998
"Herring_gull_WS_2026","Westport_2026","Herring_gull_WS_2026","CC_NCC_Seabird_281","",2015-01-01,0.203389830508475,0.203389830508475,0.203389830508475,TRUE,64,"incl2026",1998
"Herring_gull_WS_2026","Westport_2026","Herring_gull_WS_2026","CC_NCC_Seabird_281","",2016-01-01,0.0634920634920635,0.0634920634920635,0.0634920634920635,TRUE,64,"incl2026",1998
"Herring_gull_WS_2026","Westport_2026","Herring_gull_WS_2026","CC_NCC_Seabird_281","",2017-01-01,0,0,0,TRUE,64,"incl2026",1998
"Herring_gull_WS_2026","Westport_2026","Herring_gull_WS_2026","CC_NCC_Seabird_281","",2018-01-01,0.103448275862069,0.103448275862069,0.103448275862069,TRUE,64,"incl2026",1998
"Herring_gull_WS_2026","Westport_2026","Herring_gull_WS_2026","CC_NCC_Seabird_281","",2019-01-01,0.0731707317073171,0.0731707317073171,0.0731707317073171,TRUE,64,"incl2026",1998
"Herring_gull_WS_2026","Westport_2026","Herring_gull_WS_2026","CC_NCC_Seabird_281","",2020-01-01,0,0,0,TRUE,64,"incl2026",1998
"Herring_gull_WS_2026","Westport_2026","Herring_gull_WS_2026","CC_NCC_Seabird_281","",2021-01-01,0.142857142857143,0.142857142857143,0.142857142857143,TRUE,64,"incl2026",1998
"Hexagrammids in tufted puffin chick diets","Eastern_Aleutian_Islands","hexagram_EAI","AK_EAI_fish_19","north",1998-01-01,6.9,6.9,6.9,TRUE,41,"incl2026",1998
"Hexagrammids in tufted puffin chick diets","Eastern_Aleutian_Islands","hexagram_EAI","AK_EAI_fish_19","north",1999-01-01,1.1,1.1,1.1,TRUE,41,"incl2026",1998
"Hexagrammids in tufted puffin chick diets","Eastern_Aleutian_Islands","hexagram_EAI","AK_EAI_fish_19","north",2000-01-01,2,2,2,TRUE,41,"incl2026",1998
"Hexagrammids in tufted puffin chick diets","Eastern_Aleutian_Islands","hexagram_EAI","AK_EAI_fish_19","north",2001-01-01,3.4,3.4,3.4,TRUE,41,"incl2026",1998
"Hexagrammids in tufted puffin chick diets","Eastern_Aleutian_Islands","hexagram_EAI","AK_EAI_fish_19","north",2002-01-01,0,0,0,TRUE,41,"incl2026",1998
"Hexagrammids in tufted puffin chick diets","Eastern_Aleutian_Islands","hexagram_EAI","AK_EAI_fish_19","north",2003-01-01,NA,2.55,2.55,TRUE,41,"incl2026",1998
"Hexagrammids in tufted puffin chick diets","Eastern_Aleutian_Islands","hexagram_EAI","AK_EAI_fish_19","north",2004-01-01,5.1,5.1,5.1,TRUE,41,"incl2026",1998
"Hexagrammids in tufted puffin chick diets","Eastern_Aleutian_Islands","hexagram_EAI","AK_EAI_fish_19","north",2005-01-01,13.7,13.7,13.7,TRUE,41,"incl2026",1998
"Hexagrammids in tufted puffin chick diets","Eastern_Aleutian_Islands","hexagram_EAI","AK_EAI_fish_19","north",2006-01-01,7.5,7.5,7.5,TRUE,41,"incl2026",1998
"Hexagrammids in tufted puffin chick diets","Eastern_Aleutian_Islands","hexagram_EAI","AK_EAI_fish_19","north",2007-01-01,16,16,16,TRUE,41,"incl2026",1998
"Hexagrammids in tufted puffin chick diets","Eastern_Aleutian_Islands","hexagram_EAI","AK_EAI_fish_19","north",2008-01-01,1.4,1.4,1.4,TRUE,41,"incl2026",1998
"Hexagrammids in tufted puffin chick diets","Eastern_Aleutian_Islands","hexagram_EAI","AK_EAI_fish_19","north",2009-01-01,0.9,0.9,0.9,TRUE,41,"incl2026",1998
"Hexagrammids in tufted puffin chick diets","Eastern_Aleutian_Islands","hexagram_EAI","AK_EAI_fish_19","north",2010-01-01,0,0,0,TRUE,41,"incl2026",1998
"Hexagrammids in tufted puffin chick diets","Eastern_Aleutian_Islands","hexagram_EAI","AK_EAI_fish_19","north",2011-01-01,0.2,0.2,0.2,TRUE,41,"incl2026",1998
"Hexagrammids in tufted puffin chick diets","Eastern_Aleutian_Islands","hexagram_EAI","AK_EAI_fish_19","north",2012-01-01,0.1,0.1,0.1,TRUE,41,"incl2026",1998
"Hexagrammids in tufted puffin chick diets","Eastern_Aleutian_Islands","hexagram_EAI","AK_EAI_fish_19","north",2013-01-01,0.5,0.5,0.5,TRUE,41,"incl2026",1998
"Hexagrammids in tufted puffin chick diets","Eastern_Aleutian_Islands","hexagram_EAI","AK_EAI_fish_19","north",2014-01-01,0.7,0.7,0.7,TRUE,41,"incl2026",1998
"Hexagrammids in tufted puffin chick diets","Eastern_Aleutian_Islands","hexagram_EAI","AK_EAI_fish_19","north",2015-01-01,0,0,0,TRUE,41,"incl2026",1998
"Hexagrammids in tufted puffin chick diets","Eastern_Aleutian_Islands","hexagram_EAI","AK_EAI_fish_19","north",2016-01-01,2.7,2.7,2.7,TRUE,41,"incl2026",1998
"Hexagrammids in tufted puffin chick diets","Eastern_Aleutian_Islands","hexagram_EAI","AK_EAI_fish_19","north",2017-01-01,14,14,14,TRUE,41,"incl2026",1998
"Hexagrammids in tufted puffin chick diets","Eastern_Aleutian_Islands","hexagram_EAI","AK_EAI_fish_19","north",2018-01-01,14.7,14.7,14.7,TRUE,41,"incl2026",1998
"Hexagrammids in tufted puffin chick diets","Eastern_Aleutian_Islands","hexagram_EAI","AK_EAI_fish_19","north",2019-01-01,0.3,0.3,0.3,TRUE,41,"incl2026",1998
"Hexagrammids in tufted puffin chick diets","Eastern_Aleutian_Islands","hexagram_EAI","AK_EAI_fish_19","north",2020-01-01,NA,0.3,0.3,TRUE,41,"incl2026",1998
"Hexagrammids in tufted puffin chick diets","Eastern_Aleutian_Islands","hexagram_EAI","AK_EAI_fish_19","north",2021-01-01,0.3,0.3,0.3,TRUE,41,"incl2026",1998
"Hexagrammids in tufted puffin chick diets","Western_Aleutian_Islands","hexagram_WAI","AK_WAI_fish_26","north",1998-01-01,31.3,31.3,31.3,TRUE,65,"incl2026",1998
"Hexagrammids in tufted puffin chick diets","Western_Aleutian_Islands","hexagram_WAI","AK_WAI_fish_26","north",1999-01-01,48.3,48.3,48.3,TRUE,65,"incl2026",1998
"Hexagrammids in tufted puffin chick diets","Western_Aleutian_Islands","hexagram_WAI","AK_WAI_fish_26","north",2000-01-01,20,20,20,TRUE,65,"incl2026",1998
"Hexagrammids in tufted puffin chick diets","Western_Aleutian_Islands","hexagram_WAI","AK_WAI_fish_26","north",2001-01-01,5.3,5.3,5.3,TRUE,65,"incl2026",1998
"Hexagrammids in tufted puffin chick diets","Western_Aleutian_Islands","hexagram_WAI","AK_WAI_fish_26","north",2002-01-01,16.7,16.7,16.7,TRUE,65,"incl2026",1998
"Hexagrammids in tufted puffin chick diets","Western_Aleutian_Islands","hexagram_WAI","AK_WAI_fish_26","north",2003-01-01,0,0,0,TRUE,65,"incl2026",1998
"Hexagrammids in tufted puffin chick diets","Western_Aleutian_Islands","hexagram_WAI","AK_WAI_fish_26","north",2004-01-01,4.5,4.5,4.5,TRUE,65,"incl2026",1998
"Hexagrammids in tufted puffin chick diets","Western_Aleutian_Islands","hexagram_WAI","AK_WAI_fish_26","north",2005-01-01,7.5,7.5,7.5,TRUE,65,"incl2026",1998
"Hexagrammids in tufted puffin chick diets","Western_Aleutian_Islands","hexagram_WAI","AK_WAI_fish_26","north",2006-01-01,10.8,10.8,10.8,TRUE,65,"incl2026",1998
"Hexagrammids in tufted puffin chick diets","Western_Aleutian_Islands","hexagram_WAI","AK_WAI_fish_26","north",2007-01-01,5.3,5.3,5.3,TRUE,65,"incl2026",1998
"Hexagrammids in tufted puffin chick diets","Western_Aleutian_Islands","hexagram_WAI","AK_WAI_fish_26","north",2008-01-01,22.2,22.2,22.2,TRUE,65,"incl2026",1998
"Hexagrammids in tufted puffin chick diets","Western_Aleutian_Islands","hexagram_WAI","AK_WAI_fish_26","north",2009-01-01,20.4,20.4,20.4,TRUE,65,"incl2026",1998
"Hexagrammids in tufted puffin chick diets","Western_Aleutian_Islands","hexagram_WAI","AK_WAI_fish_26","north",2010-01-01,4.5,4.5,4.5,TRUE,65,"incl2026",1998
"Hexagrammids in tufted puffin chick diets","Western_Aleutian_Islands","hexagram_WAI","AK_WAI_fish_26","north",2011-01-01,NA,5.1,5.1,TRUE,65,"incl2026",1998
"Hexagrammids in tufted puffin chick diets","Western_Aleutian_Islands","hexagram_WAI","AK_WAI_fish_26","north",2012-01-01,5.7,5.7,5.7,TRUE,65,"incl2026",1998
"Hexagrammids in tufted puffin chick diets","Western_Aleutian_Islands","hexagram_WAI","AK_WAI_fish_26","north",2013-01-01,28,28,28,TRUE,65,"incl2026",1998
"Hexagrammids in tufted puffin chick diets","Western_Aleutian_Islands","hexagram_WAI","AK_WAI_fish_26","north",2014-01-01,38.7,38.7,38.7,TRUE,65,"incl2026",1998
"Hexagrammids in tufted puffin chick diets","Western_Aleutian_Islands","hexagram_WAI","AK_WAI_fish_26","north",2015-01-01,2.8,2.8,2.8,TRUE,65,"incl2026",1998
"Hexagrammids in tufted puffin chick diets","Western_Aleutian_Islands","hexagram_WAI","AK_WAI_fish_26","north",2016-01-01,14.3,14.3,14.3,TRUE,65,"incl2026",1998
"Hexagrammids in tufted puffin chick diets","Western_Aleutian_Islands","hexagram_WAI","AK_WAI_fish_26","north",2017-01-01,NA,14.5,14.5,TRUE,65,"incl2026",1998
"Hexagrammids in tufted puffin chick diets","Western_Aleutian_Islands","hexagram_WAI","AK_WAI_fish_26","north",2018-01-01,14.7,14.7,14.7,TRUE,65,"incl2026",1998
"Hexagrammids in tufted puffin chick diets","Western_Aleutian_Islands","hexagram_WAI","AK_WAI_fish_26","north",2019-01-01,6.3,6.3,6.3,TRUE,65,"incl2026",1998
"Hexagrammids in tufted puffin chick diets","Western_Aleutian_Islands","hexagram_WAI","AK_WAI_fish_26","north",2020-01-01,NA,9.85,9.85,TRUE,65,"incl2026",1998
"Hexagrammids in tufted puffin chick diets","Western_Aleutian_Islands","hexagram_WAI","AK_WAI_fish_26","north",2021-01-01,13.4,13.4,13.4,TRUE,65,"incl2026",1998
"Humpback_wh_WS_2026","Westport_2026","Humpback_wh_WS_2026","CC_NCC_Marine mammal_216","",1998-01-01,0.0526315789473684,0.0526315789473684,0.0526315789473684,TRUE,66,"incl2026",1998
"Humpback_wh_WS_2026","Westport_2026","Humpback_wh_WS_2026","CC_NCC_Marine mammal_216","",1999-01-01,0.0555555555555556,0.0555555555555556,0.0555555555555556,TRUE,66,"incl2026",1998
"Humpback_wh_WS_2026","Westport_2026","Humpback_wh_WS_2026","CC_NCC_Marine mammal_216","",2000-01-01,0,0,0,TRUE,66,"incl2026",1998
"Humpback_wh_WS_2026","Westport_2026","Humpback_wh_WS_2026","CC_NCC_Marine mammal_216","",2001-01-01,0,0,0,TRUE,66,"incl2026",1998
"Humpback_wh_WS_2026","Westport_2026","Humpback_wh_WS_2026","CC_NCC_Marine mammal_216","",2002-01-01,0.032258064516129,0.032258064516129,0.032258064516129,TRUE,66,"incl2026",1998
"Humpback_wh_WS_2026","Westport_2026","Humpback_wh_WS_2026","CC_NCC_Marine mammal_216","",2003-01-01,0,0,0,TRUE,66,"incl2026",1998
"Humpback_wh_WS_2026","Westport_2026","Humpback_wh_WS_2026","CC_NCC_Marine mammal_216","",2004-01-01,0,0,0,TRUE,66,"incl2026",1998
"Humpback_wh_WS_2026","Westport_2026","Humpback_wh_WS_2026","CC_NCC_Marine mammal_216","",2005-01-01,0,0,0,TRUE,66,"incl2026",1998
"Humpback_wh_WS_2026","Westport_2026","Humpback_wh_WS_2026","CC_NCC_Marine mammal_216","",2006-01-01,0,0,0,TRUE,66,"incl2026",1998
"Humpback_wh_WS_2026","Westport_2026","Humpback_wh_WS_2026","CC_NCC_Marine mammal_216","",2007-01-01,0.0638297872340425,0.0638297872340425,0.0638297872340425,TRUE,66,"incl2026",1998
"Humpback_wh_WS_2026","Westport_2026","Humpback_wh_WS_2026","CC_NCC_Marine mammal_216","",2008-01-01,0,0,0,TRUE,66,"incl2026",1998
"Humpback_wh_WS_2026","Westport_2026","Humpback_wh_WS_2026","CC_NCC_Marine mammal_216","",2009-01-01,NA,0.121621621621622,0.121621621621622,TRUE,66,"incl2026",1998
"Humpback_wh_WS_2026","Westport_2026","Humpback_wh_WS_2026","CC_NCC_Marine mammal_216","",2010-01-01,0.243243243243243,0.243243243243243,0.243243243243243,TRUE,66,"incl2026",1998
"Humpback_wh_WS_2026","Westport_2026","Humpback_wh_WS_2026","CC_NCC_Marine mammal_216","",2011-01-01,0.0204081632653061,0.0204081632653061,0.0204081632653061,TRUE,66,"incl2026",1998
"Humpback_wh_WS_2026","Westport_2026","Humpback_wh_WS_2026","CC_NCC_Marine mammal_216","",2012-01-01,0.0465116279069767,0.0465116279069767,0.0465116279069767,TRUE,66,"incl2026",1998
"Humpback_wh_WS_2026","Westport_2026","Humpback_wh_WS_2026","CC_NCC_Marine mammal_216","",2013-01-01,0.0227272727272727,0.0227272727272727,0.0227272727272727,TRUE,66,"incl2026",1998
"Humpback_wh_WS_2026","Westport_2026","Humpback_wh_WS_2026","CC_NCC_Marine mammal_216","",2014-01-01,0.0638297872340425,0.0638297872340425,0.0638297872340425,TRUE,66,"incl2026",1998
"Humpback_wh_WS_2026","Westport_2026","Humpback_wh_WS_2026","CC_NCC_Marine mammal_216","",2015-01-01,0.101694915254237,0.101694915254237,0.101694915254237,TRUE,66,"incl2026",1998
"Humpback_wh_WS_2026","Westport_2026","Humpback_wh_WS_2026","CC_NCC_Marine mammal_216","",2016-01-01,0.26984126984127,0.26984126984127,0.26984126984127,TRUE,66,"incl2026",1998
"Humpback_wh_WS_2026","Westport_2026","Humpback_wh_WS_2026","CC_NCC_Marine mammal_216","",2017-01-01,0.19672131147541,0.19672131147541,0.19672131147541,TRUE,66,"incl2026",1998
"Humpback_wh_WS_2026","Westport_2026","Humpback_wh_WS_2026","CC_NCC_Marine mammal_216","",2018-01-01,0.344827586206897,0.344827586206897,0.344827586206897,TRUE,66,"incl2026",1998
"Humpback_wh_WS_2026","Westport_2026","Humpback_wh_WS_2026","CC_NCC_Marine mammal_216","",2019-01-01,0.292682926829268,0.292682926829268,0.292682926829268,TRUE,66,"incl2026",1998
"Humpback_wh_WS_2026","Westport_2026","Humpback_wh_WS_2026","CC_NCC_Marine mammal_216","",2020-01-01,0.3125,0.3125,0.3125,TRUE,66,"incl2026",1998
"Humpback_wh_WS_2026","Westport_2026","Humpback_wh_WS_2026","CC_NCC_Marine mammal_216","",2021-01-01,0.206349206349206,0.206349206349206,0.206349206349206,TRUE,66,"incl2026",1998
"Hyperiid_planktonJuneNCC","planktonJuneNCC_2025","Hyperiid_planktonJuneNCC","CC_NCC_plank_199","",1998-01-01,0.166129566745223,0.166129566745223,0.166129566745223,TRUE,67,"incl2026",1998
"Hyperiid_planktonJuneNCC","planktonJuneNCC_2025","Hyperiid_planktonJuneNCC","CC_NCC_plank_199","",1999-01-01,0.256142365736766,0.256142365736766,0.256142365736766,TRUE,67,"incl2026",1998
"Hyperiid_planktonJuneNCC","planktonJuneNCC_2025","Hyperiid_planktonJuneNCC","CC_NCC_plank_199","",2000-01-01,0.277936248463093,0.277936248463093,0.277936248463093,TRUE,67,"incl2026",1998
"Hyperiid_planktonJuneNCC","planktonJuneNCC_2025","Hyperiid_planktonJuneNCC","CC_NCC_plank_199","",2001-01-01,0.0969667355355805,0.0969667355355805,0.0969667355355805,TRUE,67,"incl2026",1998
"Hyperiid_planktonJuneNCC","planktonJuneNCC_2025","Hyperiid_planktonJuneNCC","CC_NCC_plank_199","",2002-01-01,0.181697732566302,0.181697732566302,0.181697732566302,TRUE,67,"incl2026",1998
"Hyperiid_planktonJuneNCC","planktonJuneNCC_2025","Hyperiid_planktonJuneNCC","CC_NCC_plank_199","",2003-01-01,0.135165107470777,0.135165107470777,0.135165107470777,TRUE,67,"incl2026",1998
"Hyperiid_planktonJuneNCC","planktonJuneNCC_2025","Hyperiid_planktonJuneNCC","CC_NCC_plank_199","",2004-01-01,0.108105774536152,0.108105774536152,0.108105774536152,TRUE,67,"incl2026",1998
"Hyperiid_planktonJuneNCC","planktonJuneNCC_2025","Hyperiid_planktonJuneNCC","CC_NCC_plank_199","",2005-01-01,0.0161550004403259,0.0161550004403259,0.0161550004403259,TRUE,67,"incl2026",1998
"Hyperiid_planktonJuneNCC","planktonJuneNCC_2025","Hyperiid_planktonJuneNCC","CC_NCC_plank_199","",2006-01-01,0.256918744070829,0.256918744070829,0.256918744070829,TRUE,67,"incl2026",1998
"Hyperiid_planktonJuneNCC","planktonJuneNCC_2025","Hyperiid_planktonJuneNCC","CC_NCC_plank_199","",2007-01-01,0.0712908125041211,0.0712908125041211,0.0712908125041211,TRUE,67,"incl2026",1998
"Hyperiid_planktonJuneNCC","planktonJuneNCC_2025","Hyperiid_planktonJuneNCC","CC_NCC_plank_199","",2008-01-01,0.188888209495322,0.188888209495322,0.188888209495322,TRUE,67,"incl2026",1998
"Hyperiid_planktonJuneNCC","planktonJuneNCC_2025","Hyperiid_planktonJuneNCC","CC_NCC_plank_199","",2009-01-01,0.154838027969465,0.154838027969465,0.154838027969465,TRUE,67,"incl2026",1998
"Hyperiid_planktonJuneNCC","planktonJuneNCC_2025","Hyperiid_planktonJuneNCC","CC_NCC_plank_199","",2010-01-01,0.149039470329647,0.149039470329647,0.149039470329647,TRUE,67,"incl2026",1998
"Hyperiid_planktonJuneNCC","planktonJuneNCC_2025","Hyperiid_planktonJuneNCC","CC_NCC_plank_199","",2011-01-01,0.262368020326815,0.262368020326815,0.262368020326815,TRUE,67,"incl2026",1998
"Hyperiid_planktonJuneNCC","planktonJuneNCC_2025","Hyperiid_planktonJuneNCC","CC_NCC_plank_199","",2012-01-01,0.621453599543545,0.621453599543545,0.621453599543545,TRUE,67,"incl2026",1998
"Hyperiid_planktonJuneNCC","planktonJuneNCC_2025","Hyperiid_planktonJuneNCC","CC_NCC_plank_199","",2013-01-01,0.152640706528665,0.152640706528665,0.152640706528665,TRUE,67,"incl2026",1998
"Hyperiid_planktonJuneNCC","planktonJuneNCC_2025","Hyperiid_planktonJuneNCC","CC_NCC_plank_199","",2014-01-01,0.48028301298164,0.48028301298164,0.48028301298164,TRUE,67,"incl2026",1998
"Hyperiid_planktonJuneNCC","planktonJuneNCC_2025","Hyperiid_planktonJuneNCC","CC_NCC_plank_199","",2015-01-01,0.524909042217057,0.524909042217057,0.524909042217057,TRUE,67,"incl2026",1998
"Hyperiid_planktonJuneNCC","planktonJuneNCC_2025","Hyperiid_planktonJuneNCC","CC_NCC_plank_199","",2016-01-01,0.548996692887859,0.548996692887859,0.548996692887859,TRUE,67,"incl2026",1998
"Hyperiid_planktonJuneNCC","planktonJuneNCC_2025","Hyperiid_planktonJuneNCC","CC_NCC_plank_199","",2017-01-01,0.261553730968379,0.261553730968379,0.261553730968379,TRUE,67,"incl2026",1998
"Hyperiid_planktonJuneNCC","planktonJuneNCC_2025","Hyperiid_planktonJuneNCC","CC_NCC_plank_199","",2018-01-01,0.589731820743557,0.589731820743557,0.589731820743557,TRUE,67,"incl2026",1998
"Hyperiid_planktonJuneNCC","planktonJuneNCC_2025","Hyperiid_planktonJuneNCC","CC_NCC_plank_199","",2019-01-01,0.452779478345922,0.452779478345922,0.452779478345922,TRUE,67,"incl2026",1998
"Hyperiid_planktonJuneNCC","planktonJuneNCC_2025","Hyperiid_planktonJuneNCC","CC_NCC_plank_199","",2020-01-01,0.30320761093858,0.30320761093858,0.30320761093858,TRUE,67,"incl2026",1998
"Hyperiid_planktonJuneNCC","planktonJuneNCC_2025","Hyperiid_planktonJuneNCC","CC_NCC_plank_199","",2021-01-01,0.388383426216431,0.388383426216431,0.388383426216431,TRUE,67,"incl2026",1998
"IGF_mu_2025","SEM_data_2025","IGF_mu_2025","CC_NCC_fish_134","cond1",1998-01-01,NA,NA,NA,TRUE,68,"incl2026",1998
"IGF_mu_2025","SEM_data_2025","IGF_mu_2025","CC_NCC_fish_134","cond1",1999-01-01,NA,NA,NA,TRUE,68,"incl2026",1998
"IGF_mu_2025","SEM_data_2025","IGF_mu_2025","CC_NCC_fish_134","cond1",2000-01-01,51.3198787878788,51.3198787878788,51.3198787878788,TRUE,68,"incl2026",1998
"IGF_mu_2025","SEM_data_2025","IGF_mu_2025","CC_NCC_fish_134","cond1",2001-01-01,37.6885666666667,37.6885666666667,37.6885666666667,TRUE,68,"incl2026",1998
"IGF_mu_2025","SEM_data_2025","IGF_mu_2025","CC_NCC_fish_134","cond1",2002-01-01,47.7201217948718,47.7201217948718,47.7201217948718,TRUE,68,"incl2026",1998
"IGF_mu_2025","SEM_data_2025","IGF_mu_2025","CC_NCC_fish_134","cond1",2003-01-01,37.5725239342949,37.5725239342949,37.5725239342949,TRUE,68,"incl2026",1998
"IGF_mu_2025","SEM_data_2025","IGF_mu_2025","CC_NCC_fish_134","cond1",2004-01-01,41.0604837015504,41.0604837015504,41.0604837015504,TRUE,68,"incl2026",1998
"IGF_mu_2025","SEM_data_2025","IGF_mu_2025","CC_NCC_fish_134","cond1",2005-01-01,37.3764392307692,37.3764392307692,37.3764392307692,TRUE,68,"incl2026",1998
"IGF_mu_2025","SEM_data_2025","IGF_mu_2025","CC_NCC_fish_134","cond1",2006-01-01,42.1506184257718,42.1506184257718,42.1506184257718,TRUE,68,"incl2026",1998
"IGF_mu_2025","SEM_data_2025","IGF_mu_2025","CC_NCC_fish_134","cond1",2007-01-01,38.9166354233729,38.9166354233729,38.9166354233729,TRUE,68,"incl2026",1998
"IGF_mu_2025","SEM_data_2025","IGF_mu_2025","CC_NCC_fish_134","cond1",2008-01-01,49.4569429408263,49.4569429408263,49.4569429408263,TRUE,68,"incl2026",1998
"IGF_mu_2025","SEM_data_2025","IGF_mu_2025","CC_NCC_fish_134","cond1",2009-01-01,49.2704767256657,49.2704767256657,49.2704767256657,TRUE,68,"incl2026",1998
"IGF_mu_2025","SEM_data_2025","IGF_mu_2025","CC_NCC_fish_134","cond1",2010-01-01,50.1703688552793,50.1703688552793,50.1703688552793,TRUE,68,"incl2026",1998
"IGF_mu_2025","SEM_data_2025","IGF_mu_2025","CC_NCC_fish_134","cond1",2011-01-01,59.2382196720161,59.2382196720161,59.2382196720161,TRUE,68,"incl2026",1998
"IGF_mu_2025","SEM_data_2025","IGF_mu_2025","CC_NCC_fish_134","cond1",2012-01-01,71.244698066348,71.244698066348,71.244698066348,TRUE,68,"incl2026",1998
"IGF_mu_2025","SEM_data_2025","IGF_mu_2025","CC_NCC_fish_134","cond1",2013-01-01,57.542211328976,57.542211328976,57.542211328976,TRUE,68,"incl2026",1998
"IGF_mu_2025","SEM_data_2025","IGF_mu_2025","CC_NCC_fish_134","cond1",2014-01-01,61.995254377551,61.995254377551,61.995254377551,TRUE,68,"incl2026",1998
"IGF_mu_2025","SEM_data_2025","IGF_mu_2025","CC_NCC_fish_134","cond1",2015-01-01,46.9189494618613,46.9189494618613,46.9189494618613,TRUE,68,"incl2026",1998
"IGF_mu_2025","SEM_data_2025","IGF_mu_2025","CC_NCC_fish_134","cond1",2016-01-01,61.8308732021878,61.8308732021878,61.8308732021878,TRUE,68,"incl2026",1998
"IGF_mu_2025","SEM_data_2025","IGF_mu_2025","CC_NCC_fish_134","cond1",2017-01-01,64.4398862383845,64.4398862383845,64.4398862383845,TRUE,68,"incl2026",1998
"IGF_mu_2025","SEM_data_2025","IGF_mu_2025","CC_NCC_fish_134","cond1",2018-01-01,73.9472970893048,73.9472970893048,73.9472970893048,TRUE,68,"incl2026",1998
"IGF_mu_2025","SEM_data_2025","IGF_mu_2025","CC_NCC_fish_134","cond1",2019-01-01,62.3581761812596,62.3581761812596,62.3581761812596,TRUE,68,"incl2026",1998
"IGF_mu_2025","SEM_data_2025","IGF_mu_2025","CC_NCC_fish_134","cond1",2020-01-01,NA,60.6128920891852,60.6128920891852,TRUE,68,"incl2026",1998
"IGF_mu_2025","SEM_data_2025","IGF_mu_2025","CC_NCC_fish_134","cond1",2021-01-01,58.8676079971107,58.8676079971107,58.8676079971107,TRUE,68,"incl2026",1998
"Ich.nearshore_2025","SEM_data_2025","IchNear_2025","CC_NCC_fish_147","prey",1998-01-01,0.48,0.48,0.48,TRUE,69,"incl2026",1998
"Ich.nearshore_2025","SEM_data_2025","IchNear_2025","CC_NCC_fish_147","prey",1999-01-01,1.64,1.64,1.64,TRUE,69,"incl2026",1998
"Ich.nearshore_2025","SEM_data_2025","IchNear_2025","CC_NCC_fish_147","prey",2000-01-01,0.97,0.97,0.97,TRUE,69,"incl2026",1998
"Ich.nearshore_2025","SEM_data_2025","IchNear_2025","CC_NCC_fish_147","prey",2001-01-01,1.27,1.27,1.27,TRUE,69,"incl2026",1998
"Ich.nearshore_2025","SEM_data_2025","IchNear_2025","CC_NCC_fish_147","prey",2002-01-01,1.95,1.95,1.95,TRUE,69,"incl2026",1998
"Ich.nearshore_2025","SEM_data_2025","IchNear_2025","CC_NCC_fish_147","prey",2003-01-01,0.4,0.4,0.4,TRUE,69,"incl2026",1998
"Ich.nearshore_2025","SEM_data_2025","IchNear_2025","CC_NCC_fish_147","prey",2004-01-01,0.32,0.32,0.32,TRUE,69,"incl2026",1998
"Ich.nearshore_2025","SEM_data_2025","IchNear_2025","CC_NCC_fish_147","prey",2005-01-01,0.49,0.49,0.49,TRUE,69,"incl2026",1998
"Ich.nearshore_2025","SEM_data_2025","IchNear_2025","CC_NCC_fish_147","prey",2006-01-01,1.16,1.16,1.16,TRUE,69,"incl2026",1998
"Ich.nearshore_2025","SEM_data_2025","IchNear_2025","CC_NCC_fish_147","prey",2007-01-01,0.48,0.48,0.48,TRUE,69,"incl2026",1998
"Ich.nearshore_2025","SEM_data_2025","IchNear_2025","CC_NCC_fish_147","prey",2008-01-01,1.64,1.64,1.64,TRUE,69,"incl2026",1998
"Ich.nearshore_2025","SEM_data_2025","IchNear_2025","CC_NCC_fish_147","prey",2009-01-01,0.62,0.62,0.62,TRUE,69,"incl2026",1998
"Ich.nearshore_2025","SEM_data_2025","IchNear_2025","CC_NCC_fish_147","prey",2010-01-01,1.87,1.87,1.87,TRUE,69,"incl2026",1998
"Ich.nearshore_2025","SEM_data_2025","IchNear_2025","CC_NCC_fish_147","prey",2011-01-01,1.21,1.21,1.21,TRUE,69,"incl2026",1998
"Ich.nearshore_2025","SEM_data_2025","IchNear_2025","CC_NCC_fish_147","prey",2012-01-01,1.55,1.55,1.55,TRUE,69,"incl2026",1998
"Ich.nearshore_2025","SEM_data_2025","IchNear_2025","CC_NCC_fish_147","prey",2013-01-01,1.09,1.09,1.09,TRUE,69,"incl2026",1998
"Ich.nearshore_2025","SEM_data_2025","IchNear_2025","CC_NCC_fish_147","prey",2014-01-01,0.46,0.46,0.46,TRUE,69,"incl2026",1998
"Ich.nearshore_2025","SEM_data_2025","IchNear_2025","CC_NCC_fish_147","prey",2015-01-01,0.51,0.51,0.51,TRUE,69,"incl2026",1998
"Ich.nearshore_2025","SEM_data_2025","IchNear_2025","CC_NCC_fish_147","prey",2016-01-01,0.49,0.49,0.49,TRUE,69,"incl2026",1998
"Ich.nearshore_2025","SEM_data_2025","IchNear_2025","CC_NCC_fish_147","prey",2017-01-01,0.64,0.64,0.64,TRUE,69,"incl2026",1998
"Ich.nearshore_2025","SEM_data_2025","IchNear_2025","CC_NCC_fish_147","prey",2018-01-01,1.12,1.12,1.12,TRUE,69,"incl2026",1998
"Ich.nearshore_2025","SEM_data_2025","IchNear_2025","CC_NCC_fish_147","prey",2019-01-01,0.43,0.43,0.43,TRUE,69,"incl2026",1998
"Ich.nearshore_2025","SEM_data_2025","IchNear_2025","CC_NCC_fish_147","prey",2020-01-01,1.25,1.25,1.25,TRUE,69,"incl2026",1998
"Ich.nearshore_2025","SEM_data_2025","IchNear_2025","CC_NCC_fish_147","prey",2021-01-01,NA,NA,NA,TRUE,69,"incl2026",1998
"IchNear_2026","plankton_2026","IchNear_2026","CC_NCC_plank_209","",1998-01-01,0.475363554,0.475363554,0.475363554,TRUE,69,"incl2026",1998
"IchNear_2026","plankton_2026","IchNear_2026","CC_NCC_plank_209","",1999-01-01,1.617104,1.617104,1.617104,TRUE,69,"incl2026",1998
"IchNear_2026","plankton_2026","IchNear_2026","CC_NCC_plank_209","",2000-01-01,0.965713,0.965713,0.965713,TRUE,69,"incl2026",1998
"IchNear_2026","plankton_2026","IchNear_2026","CC_NCC_plank_209","",2001-01-01,0.9078828,0.9078828,0.9078828,TRUE,69,"incl2026",1998
"IchNear_2026","plankton_2026","IchNear_2026","CC_NCC_plank_209","",2002-01-01,1.927603,1.927603,1.927603,TRUE,69,"incl2026",1998
"IchNear_2026","plankton_2026","IchNear_2026","CC_NCC_plank_209","",2003-01-01,0.3978421,0.3978421,0.3978421,TRUE,69,"incl2026",1998
"IchNear_2026","plankton_2026","IchNear_2026","CC_NCC_plank_209","",2004-01-01,0.3206634,0.3206634,0.3206634,TRUE,69,"incl2026",1998
"IchNear_2026","plankton_2026","IchNear_2026","CC_NCC_plank_209","",2005-01-01,0.4991628,0.4991628,0.4991628,TRUE,69,"incl2026",1998
"IchNear_2026","plankton_2026","IchNear_2026","CC_NCC_plank_209","",2006-01-01,1.147903,1.147903,1.147903,TRUE,69,"incl2026",1998
"IchNear_2026","plankton_2026","IchNear_2026","CC_NCC_plank_209","",2007-01-01,0.4778823,0.4778823,0.4778823,TRUE,69,"incl2026",1998
"IchNear_2026","plankton_2026","IchNear_2026","CC_NCC_plank_209","",2008-01-01,1.620314,1.620314,1.620314,TRUE,69,"incl2026",1998
"IchNear_2026","plankton_2026","IchNear_2026","CC_NCC_plank_209","",2009-01-01,0.6214195,0.6214195,0.6214195,TRUE,69,"incl2026",1998
"IchNear_2026","plankton_2026","IchNear_2026","CC_NCC_plank_209","",2010-01-01,1.882055,1.882055,1.882055,TRUE,69,"incl2026",1998
"IchNear_2026","plankton_2026","IchNear_2026","CC_NCC_plank_209","",2011-01-01,1.214967,1.214967,1.214967,TRUE,69,"incl2026",1998
"IchNear_2026","plankton_2026","IchNear_2026","CC_NCC_plank_209","",2012-01-01,1.537704,1.537704,1.537704,TRUE,69,"incl2026",1998
"IchNear_2026","plankton_2026","IchNear_2026","CC_NCC_plank_209","",2013-01-01,1.084747,1.084747,1.084747,TRUE,69,"incl2026",1998
"IchNear_2026","plankton_2026","IchNear_2026","CC_NCC_plank_209","",2014-01-01,0.4575971,0.4575971,0.4575971,TRUE,69,"incl2026",1998
"IchNear_2026","plankton_2026","IchNear_2026","CC_NCC_plank_209","",2015-01-01,0.523810415,0.523810415,0.523810415,TRUE,69,"incl2026",1998
"IchNear_2026","plankton_2026","IchNear_2026","CC_NCC_plank_209","",2016-01-01,0.495339944,0.495339944,0.495339944,TRUE,69,"incl2026",1998
"IchNear_2026","plankton_2026","IchNear_2026","CC_NCC_plank_209","",2017-01-01,0.6395024,0.6395024,0.6395024,TRUE,69,"incl2026",1998
"IchNear_2026","plankton_2026","IchNear_2026","CC_NCC_plank_209","",2018-01-01,1.13031,1.13031,1.13031,TRUE,69,"incl2026",1998
"IchNear_2026","plankton_2026","IchNear_2026","CC_NCC_plank_209","",2019-01-01,0.4644674,0.4644674,0.4644674,TRUE,69,"incl2026",1998
"IchNear_2026","plankton_2026","IchNear_2026","CC_NCC_plank_209","",2020-01-01,1.258143,1.258143,1.258143,TRUE,69,"incl2026",1998
"IchNear_2026","plankton_2026","IchNear_2026","CC_NCC_plank_209","",2021-01-01,1.368984,1.368984,1.368984,TRUE,69,"incl2026",1998
"Insect_planktonJuneNCC","planktonJuneNCC_2025","Insect_planktonJuneNCC","CC_NCC_plank_196","",1998-01-01,0,0,0,TRUE,70,"incl2026",1998
"Insect_planktonJuneNCC","planktonJuneNCC_2025","Insect_planktonJuneNCC","CC_NCC_plank_196","",1999-01-01,0.000321730516092821,0.000321730516092821,0.000321730516092821,TRUE,70,"incl2026",1998
"Insect_planktonJuneNCC","planktonJuneNCC_2025","Insect_planktonJuneNCC","CC_NCC_plank_196","",2000-01-01,0.000732710913022976,0.000732710913022976,0.000732710913022976,TRUE,70,"incl2026",1998
"Insect_planktonJuneNCC","planktonJuneNCC_2025","Insect_planktonJuneNCC","CC_NCC_plank_196","",2001-01-01,0.000328365418682961,0.000328365418682961,0.000328365418682961,TRUE,70,"incl2026",1998
"Insect_planktonJuneNCC","planktonJuneNCC_2025","Insect_planktonJuneNCC","CC_NCC_plank_196","",2002-01-01,4.49017011688591e-05,4.49017011688591e-05,4.49017011688591e-05,TRUE,70,"incl2026",1998
"Insect_planktonJuneNCC","planktonJuneNCC_2025","Insect_planktonJuneNCC","CC_NCC_plank_196","",2003-01-01,6.74116619391776e-05,6.74116619391776e-05,6.74116619391776e-05,TRUE,70,"incl2026",1998
"Insect_planktonJuneNCC","planktonJuneNCC_2025","Insect_planktonJuneNCC","CC_NCC_plank_196","",2004-01-01,0.00607279321319247,0.00607279321319247,0.00607279321319247,TRUE,70,"incl2026",1998
"Insect_planktonJuneNCC","planktonJuneNCC_2025","Insect_planktonJuneNCC","CC_NCC_plank_196","",2005-01-01,0.00116973145152898,0.00116973145152898,0.00116973145152898,TRUE,70,"incl2026",1998
"Insect_planktonJuneNCC","planktonJuneNCC_2025","Insect_planktonJuneNCC","CC_NCC_plank_196","",2006-01-01,2.03858359760408e-05,2.03858359760408e-05,2.03858359760408e-05,TRUE,70,"incl2026",1998
"Insect_planktonJuneNCC","planktonJuneNCC_2025","Insect_planktonJuneNCC","CC_NCC_plank_196","",2007-01-01,0.000386664416033202,0.000386664416033202,0.000386664416033202,TRUE,70,"incl2026",1998
"Insect_planktonJuneNCC","planktonJuneNCC_2025","Insect_planktonJuneNCC","CC_NCC_plank_196","",2008-01-01,0.000469213857428244,0.000469213857428244,0.000469213857428244,TRUE,70,"incl2026",1998
"Insect_planktonJuneNCC","planktonJuneNCC_2025","Insect_planktonJuneNCC","CC_NCC_plank_196","",2009-01-01,0,0,0,TRUE,70,"incl2026",1998
"Insect_planktonJuneNCC","planktonJuneNCC_2025","Insect_planktonJuneNCC","CC_NCC_plank_196","",2010-01-01,0.00058466655865818,0.00058466655865818,0.00058466655865818,TRUE,70,"incl2026",1998
"Insect_planktonJuneNCC","planktonJuneNCC_2025","Insect_planktonJuneNCC","CC_NCC_plank_196","",2011-01-01,0.000125998148910211,0.000125998148910211,0.000125998148910211,TRUE,70,"incl2026",1998
"Insect_planktonJuneNCC","planktonJuneNCC_2025","Insect_planktonJuneNCC","CC_NCC_plank_196","",2012-01-01,0.000214805535258763,0.000214805535258763,0.000214805535258763,TRUE,70,"incl2026",1998
"Insect_planktonJuneNCC","planktonJuneNCC_2025","Insect_planktonJuneNCC","CC_NCC_plank_196","",2013-01-01,9.44919486241298e-05,9.44919486241298e-05,9.44919486241298e-05,TRUE,70,"incl2026",1998
"Insect_planktonJuneNCC","planktonJuneNCC_2025","Insect_planktonJuneNCC","CC_NCC_plank_196","",2014-01-01,0,0,0,TRUE,70,"incl2026",1998
"Insect_planktonJuneNCC","planktonJuneNCC_2025","Insect_planktonJuneNCC","CC_NCC_plank_196","",2015-01-01,0.00254100726863259,0.00254100726863259,0.00254100726863259,TRUE,70,"incl2026",1998
"Insect_planktonJuneNCC","planktonJuneNCC_2025","Insect_planktonJuneNCC","CC_NCC_plank_196","",2016-01-01,0,0,0,TRUE,70,"incl2026",1998
"Insect_planktonJuneNCC","planktonJuneNCC_2025","Insect_planktonJuneNCC","CC_NCC_plank_196","",2017-01-01,0.000640874264638301,0.000640874264638301,0.000640874264638301,TRUE,70,"incl2026",1998
"Insect_planktonJuneNCC","planktonJuneNCC_2025","Insect_planktonJuneNCC","CC_NCC_plank_196","",2018-01-01,3.05493637983325e-05,3.05493637983325e-05,3.05493637983325e-05,TRUE,70,"incl2026",1998
"Insect_planktonJuneNCC","planktonJuneNCC_2025","Insect_planktonJuneNCC","CC_NCC_plank_196","",2019-01-01,0.00806918742142544,0.00806918742142544,0.00806918742142544,TRUE,70,"incl2026",1998
"Insect_planktonJuneNCC","planktonJuneNCC_2025","Insect_planktonJuneNCC","CC_NCC_plank_196","",2020-01-01,0.000392260516162767,0.000392260516162767,0.000392260516162767,TRUE,70,"incl2026",1998
"Insect_planktonJuneNCC","planktonJuneNCC_2025","Insect_planktonJuneNCC","CC_NCC_plank_196","",2021-01-01,0.00496198060845286,0.00496198060845286,0.00496198060845286,TRUE,70,"incl2026",1998
"Jack mackerel - NCC","CCIEA","jackMack_NCC","CC_NCC_fish_41","predator",1998-01-01,0.0588235294117647,0.0588235294117647,0.0588235294117647,TRUE,71,"incl2026",1998
"Jack mackerel - NCC","CCIEA","jackMack_NCC","CC_NCC_fish_41","predator",1999-01-01,0.137931034482759,0.137931034482759,0.137931034482759,TRUE,71,"incl2026",1998
"Jack mackerel - NCC","CCIEA","jackMack_NCC","CC_NCC_fish_41","predator",2000-01-01,0.115384615384615,0.115384615384615,0.115384615384615,TRUE,71,"incl2026",1998
"Jack mackerel - NCC","CCIEA","jackMack_NCC","CC_NCC_fish_41","predator",2001-01-01,0.027027027027027,0.027027027027027,0.027027027027027,TRUE,71,"incl2026",1998
"Jack mackerel - NCC","CCIEA","jackMack_NCC","CC_NCC_fish_41","predator",2002-01-01,0.147058823529412,0.147058823529412,0.147058823529412,TRUE,71,"incl2026",1998
"Jack mackerel - NCC","CCIEA","jackMack_NCC","CC_NCC_fish_41","predator",2003-01-01,0.157894736842105,0.157894736842105,0.157894736842105,TRUE,71,"incl2026",1998
"Jack mackerel - NCC","CCIEA","jackMack_NCC","CC_NCC_fish_41","predator",2004-01-01,0.102564102564103,0.102564102564103,0.102564102564103,TRUE,71,"incl2026",1998
"Jack mackerel - NCC","CCIEA","jackMack_NCC","CC_NCC_fish_41","predator",2005-01-01,0.0909090909090909,0.0909090909090909,0.0909090909090909,TRUE,71,"incl2026",1998
"Jack mackerel - NCC","CCIEA","jackMack_NCC","CC_NCC_fish_41","predator",2006-01-01,0.0930232558139535,0.0930232558139535,0.0930232558139535,TRUE,71,"incl2026",1998
"Jack mackerel - NCC","CCIEA","jackMack_NCC","CC_NCC_fish_41","predator",2007-01-01,0.0681818181818182,0.0681818181818182,0.0681818181818182,TRUE,71,"incl2026",1998
"Jack mackerel - NCC","CCIEA","jackMack_NCC","CC_NCC_fish_41","predator",2008-01-01,0.0666666666666667,0.0666666666666667,0.0666666666666667,TRUE,71,"incl2026",1998
"Jack mackerel - NCC","CCIEA","jackMack_NCC","CC_NCC_fish_41","predator",2009-01-01,0.0222222222222222,0.0222222222222222,0.0222222222222222,TRUE,71,"incl2026",1998
"Jack mackerel - NCC","CCIEA","jackMack_NCC","CC_NCC_fish_41","predator",2010-01-01,0.0666666666666667,0.0666666666666667,0.0666666666666667,TRUE,71,"incl2026",1998
"Jack mackerel - NCC","CCIEA","jackMack_NCC","CC_NCC_fish_41","predator",2011-01-01,0.0454545454545455,0.0454545454545455,0.0454545454545455,TRUE,71,"incl2026",1998
"Jack mackerel - NCC","CCIEA","jackMack_NCC","CC_NCC_fish_41","predator",2012-01-01,0,0,0,TRUE,71,"incl2026",1998
"Jack mackerel - NCC","CCIEA","jackMack_NCC","CC_NCC_fish_41","predator",2013-01-01,0,0,0,TRUE,71,"incl2026",1998
"Jack mackerel - NCC","CCIEA","jackMack_NCC","CC_NCC_fish_41","predator",2014-01-01,0,0,0,TRUE,71,"incl2026",1998
"Jack mackerel - NCC","CCIEA","jackMack_NCC","CC_NCC_fish_41","predator",2015-01-01,0.075,0.075,0.075,TRUE,71,"incl2026",1998
"Jack mackerel - NCC","CCIEA","jackMack_NCC","CC_NCC_fish_41","predator",2016-01-01,0.195121951219512,0.195121951219512,0.195121951219512,TRUE,71,"incl2026",1998
"Jack mackerel - NCC","CCIEA","jackMack_NCC","CC_NCC_fish_41","predator",2017-01-01,0.261904761904762,0.261904761904762,0.261904761904762,TRUE,71,"incl2026",1998
"Jack mackerel - NCC","CCIEA","jackMack_NCC","CC_NCC_fish_41","predator",2018-01-01,0.0476190476190476,0.0476190476190476,0.0476190476190476,TRUE,71,"incl2026",1998
"Jack mackerel - NCC","CCIEA","jackMack_NCC","CC_NCC_fish_41","predator",2019-01-01,0.0952380952380952,0.0952380952380952,0.0952380952380952,TRUE,71,"incl2026",1998
"Jack mackerel - NCC","CCIEA","jackMack_NCC","CC_NCC_fish_41","predator",2020-01-01,0,0,0,TRUE,71,"incl2026",1998
"Jack mackerel - NCC","CCIEA","jackMack_NCC","CC_NCC_fish_41","predator",2021-01-01,0,0,0,TRUE,71,"incl2026",1998
"Killer.whales.BC_2025","SEM_data_2025","Killer_whales_BC_2025","CC_NCC_mamm_148","predator",1998-01-01,208,208,208,TRUE,40,"incl2026",1998
"Killer.whales.BC_2025","SEM_data_2025","Killer_whales_BC_2025","CC_NCC_mamm_148","predator",1999-01-01,200,200,200,TRUE,40,"incl2026",1998
"Killer.whales.BC_2025","SEM_data_2025","Killer_whales_BC_2025","CC_NCC_mamm_148","predator",2000-01-01,203,203,203,TRUE,40,"incl2026",1998
"Killer.whales.BC_2025","SEM_data_2025","Killer_whales_BC_2025","CC_NCC_mamm_148","predator",2001-01-01,204,204,204,TRUE,40,"incl2026",1998
"Killer.whales.BC_2025","SEM_data_2025","Killer_whales_BC_2025","CC_NCC_mamm_148","predator",2002-01-01,220,220,220,TRUE,40,"incl2026",1998
"Killer.whales.BC_2025","SEM_data_2025","Killer_whales_BC_2025","CC_NCC_mamm_148","predator",2003-01-01,230,230,230,TRUE,40,"incl2026",1998
"Killer.whales.BC_2025","SEM_data_2025","Killer_whales_BC_2025","CC_NCC_mamm_148","predator",2004-01-01,239,239,239,TRUE,40,"incl2026",1998
"Killer.whales.BC_2025","SEM_data_2025","Killer_whales_BC_2025","CC_NCC_mamm_148","predator",2005-01-01,240,240,240,TRUE,40,"incl2026",1998
"Killer.whales.BC_2025","SEM_data_2025","Killer_whales_BC_2025","CC_NCC_mamm_148","predator",2006-01-01,250,250,250,TRUE,40,"incl2026",1998
"Killer.whales.BC_2025","SEM_data_2025","Killer_whales_BC_2025","CC_NCC_mamm_148","predator",2007-01-01,256,256,256,TRUE,40,"incl2026",1998
"Killer.whales.BC_2025","SEM_data_2025","Killer_whales_BC_2025","CC_NCC_mamm_148","predator",2008-01-01,261,261,261,TRUE,40,"incl2026",1998
"Killer.whales.BC_2025","SEM_data_2025","Killer_whales_BC_2025","CC_NCC_mamm_148","predator",2009-01-01,260,260,260,TRUE,40,"incl2026",1998
"Killer.whales.BC_2025","SEM_data_2025","Killer_whales_BC_2025","CC_NCC_mamm_148","predator",2010-01-01,255,255,255,TRUE,40,"incl2026",1998
"Killer.whales.BC_2025","SEM_data_2025","Killer_whales_BC_2025","CC_NCC_mamm_148","predator",2011-01-01,253,253,253,TRUE,40,"incl2026",1998
"Killer.whales.BC_2025","SEM_data_2025","Killer_whales_BC_2025","CC_NCC_mamm_148","predator",2012-01-01,257,257,257,TRUE,40,"incl2026",1998
"Killer.whales.BC_2025","SEM_data_2025","Killer_whales_BC_2025","CC_NCC_mamm_148","predator",2013-01-01,261,261,261,TRUE,40,"incl2026",1998
"Killer.whales.BC_2025","SEM_data_2025","Killer_whales_BC_2025","CC_NCC_mamm_148","predator",2014-01-01,261,261,261,TRUE,40,"incl2026",1998
"Killer.whales.BC_2025","SEM_data_2025","Killer_whales_BC_2025","CC_NCC_mamm_148","predator",2015-01-01,261,261,261,TRUE,40,"incl2026",1998
"Killer.whales.BC_2025","SEM_data_2025","Killer_whales_BC_2025","CC_NCC_mamm_148","predator",2016-01-01,261,261,261,TRUE,40,"incl2026",1998
"Killer.whales.BC_2025","SEM_data_2025","Killer_whales_BC_2025","CC_NCC_mamm_148","predator",2017-01-01,261,261,261,TRUE,40,"incl2026",1998
"Killer.whales.BC_2025","SEM_data_2025","Killer_whales_BC_2025","CC_NCC_mamm_148","predator",2018-01-01,261,261,261,TRUE,40,"incl2026",1998
"Killer.whales.BC_2025","SEM_data_2025","Killer_whales_BC_2025","CC_NCC_mamm_148","predator",2019-01-01,261,261,261,TRUE,40,"incl2026",1998
"Killer.whales.BC_2025","SEM_data_2025","Killer_whales_BC_2025","CC_NCC_mamm_148","predator",2020-01-01,261,261,261,TRUE,40,"incl2026",1998
"Killer.whales.BC_2025","SEM_data_2025","Killer_whales_BC_2025","CC_NCC_mamm_148","predator",2021-01-01,261,261,261,TRUE,40,"incl2026",1998
"Killer.whales.BC_2yrLead_2025","SEM_data_2025","Killer.whales.BC_2yrLead_2025","CC_NCC_mamm_148","predator",1998-01-01,203,203,203,TRUE,40,"incl2026",1998
"Killer.whales.BC_2yrLead_2025","SEM_data_2025","Killer.whales.BC_2yrLead_2025","CC_NCC_mamm_148","predator",1999-01-01,204,204,204,TRUE,40,"incl2026",1998
"Killer.whales.BC_2yrLead_2025","SEM_data_2025","Killer.whales.BC_2yrLead_2025","CC_NCC_mamm_148","predator",2000-01-01,220,220,220,TRUE,40,"incl2026",1998
"Killer.whales.BC_2yrLead_2025","SEM_data_2025","Killer.whales.BC_2yrLead_2025","CC_NCC_mamm_148","predator",2001-01-01,230,230,230,TRUE,40,"incl2026",1998
"Killer.whales.BC_2yrLead_2025","SEM_data_2025","Killer.whales.BC_2yrLead_2025","CC_NCC_mamm_148","predator",2002-01-01,239,239,239,TRUE,40,"incl2026",1998
"Killer.whales.BC_2yrLead_2025","SEM_data_2025","Killer.whales.BC_2yrLead_2025","CC_NCC_mamm_148","predator",2003-01-01,240,240,240,TRUE,40,"incl2026",1998
"Killer.whales.BC_2yrLead_2025","SEM_data_2025","Killer.whales.BC_2yrLead_2025","CC_NCC_mamm_148","predator",2004-01-01,250,250,250,TRUE,40,"incl2026",1998
"Killer.whales.BC_2yrLead_2025","SEM_data_2025","Killer.whales.BC_2yrLead_2025","CC_NCC_mamm_148","predator",2005-01-01,256,256,256,TRUE,40,"incl2026",1998
"Killer.whales.BC_2yrLead_2025","SEM_data_2025","Killer.whales.BC_2yrLead_2025","CC_NCC_mamm_148","predator",2006-01-01,261,261,261,TRUE,40,"incl2026",1998
"Killer.whales.BC_2yrLead_2025","SEM_data_2025","Killer.whales.BC_2yrLead_2025","CC_NCC_mamm_148","predator",2007-01-01,260,260,260,TRUE,40,"incl2026",1998
"Killer.whales.BC_2yrLead_2025","SEM_data_2025","Killer.whales.BC_2yrLead_2025","CC_NCC_mamm_148","predator",2008-01-01,255,255,255,TRUE,40,"incl2026",1998
"Killer.whales.BC_2yrLead_2025","SEM_data_2025","Killer.whales.BC_2yrLead_2025","CC_NCC_mamm_148","predator",2009-01-01,253,253,253,TRUE,40,"incl2026",1998
"Killer.whales.BC_2yrLead_2025","SEM_data_2025","Killer.whales.BC_2yrLead_2025","CC_NCC_mamm_148","predator",2010-01-01,257,257,257,TRUE,40,"incl2026",1998
"Killer.whales.BC_2yrLead_2025","SEM_data_2025","Killer.whales.BC_2yrLead_2025","CC_NCC_mamm_148","predator",2011-01-01,261,261,261,TRUE,40,"incl2026",1998
"Killer.whales.BC_2yrLead_2025","SEM_data_2025","Killer.whales.BC_2yrLead_2025","CC_NCC_mamm_148","predator",2012-01-01,261,261,261,TRUE,40,"incl2026",1998
"Killer.whales.BC_2yrLead_2025","SEM_data_2025","Killer.whales.BC_2yrLead_2025","CC_NCC_mamm_148","predator",2013-01-01,261,261,261,TRUE,40,"incl2026",1998
"Killer.whales.BC_2yrLead_2025","SEM_data_2025","Killer.whales.BC_2yrLead_2025","CC_NCC_mamm_148","predator",2014-01-01,261,261,261,TRUE,40,"incl2026",1998
"Killer.whales.BC_2yrLead_2025","SEM_data_2025","Killer.whales.BC_2yrLead_2025","CC_NCC_mamm_148","predator",2015-01-01,261,261,261,TRUE,40,"incl2026",1998
"Killer.whales.BC_2yrLead_2025","SEM_data_2025","Killer.whales.BC_2yrLead_2025","CC_NCC_mamm_148","predator",2016-01-01,261,261,261,TRUE,40,"incl2026",1998
"Killer.whales.BC_2yrLead_2025","SEM_data_2025","Killer.whales.BC_2yrLead_2025","CC_NCC_mamm_148","predator",2017-01-01,261,261,261,TRUE,40,"incl2026",1998
"Killer.whales.BC_2yrLead_2025","SEM_data_2025","Killer.whales.BC_2yrLead_2025","CC_NCC_mamm_148","predator",2018-01-01,261,261,261,TRUE,40,"incl2026",1998
"Killer.whales.BC_2yrLead_2025","SEM_data_2025","Killer.whales.BC_2yrLead_2025","CC_NCC_mamm_148","predator",2019-01-01,261,261,261,TRUE,40,"incl2026",1998
"Killer.whales.BC_2yrLead_2025","SEM_data_2025","Killer.whales.BC_2yrLead_2025","CC_NCC_mamm_148","predator",2020-01-01,261,261,261,TRUE,40,"incl2026",1998
"Killer.whales.BC_2yrLead_2025","SEM_data_2025","Killer.whales.BC_2yrLead_2025","CC_NCC_mamm_148","predator",2021-01-01,261,261,261,TRUE,40,"incl2026",1998
"Killer_wh_WS_2026","Westport_2026","Killer_wh_WS_2026","CC_NCC_Marine mammal_221","",1998-01-01,0,0,0,TRUE,5,"incl2026",1998
"Killer_wh_WS_2026","Westport_2026","Killer_wh_WS_2026","CC_NCC_Marine mammal_221","",1999-01-01,0,0,0,TRUE,5,"incl2026",1998
"Killer_wh_WS_2026","Westport_2026","Killer_wh_WS_2026","CC_NCC_Marine mammal_221","",2000-01-01,0,0,0,TRUE,5,"incl2026",1998
"Killer_wh_WS_2026","Westport_2026","Killer_wh_WS_2026","CC_NCC_Marine mammal_221","",2001-01-01,0,0,0,TRUE,5,"incl2026",1998
"Killer_wh_WS_2026","Westport_2026","Killer_wh_WS_2026","CC_NCC_Marine mammal_221","",2002-01-01,0,0,0,TRUE,5,"incl2026",1998
"Killer_wh_WS_2026","Westport_2026","Killer_wh_WS_2026","CC_NCC_Marine mammal_221","",2003-01-01,0,0,0,TRUE,5,"incl2026",1998
"Killer_wh_WS_2026","Westport_2026","Killer_wh_WS_2026","CC_NCC_Marine mammal_221","",2004-01-01,0.0212765957446809,0.0212765957446809,0.0212765957446809,TRUE,5,"incl2026",1998
"Killer_wh_WS_2026","Westport_2026","Killer_wh_WS_2026","CC_NCC_Marine mammal_221","",2005-01-01,0,0,0,TRUE,5,"incl2026",1998
"Killer_wh_WS_2026","Westport_2026","Killer_wh_WS_2026","CC_NCC_Marine mammal_221","",2006-01-01,0,0,0,TRUE,5,"incl2026",1998
"Killer_wh_WS_2026","Westport_2026","Killer_wh_WS_2026","CC_NCC_Marine mammal_221","",2007-01-01,0,0,0,TRUE,5,"incl2026",1998
"Killer_wh_WS_2026","Westport_2026","Killer_wh_WS_2026","CC_NCC_Marine mammal_221","",2008-01-01,0,0,0,TRUE,5,"incl2026",1998
"Killer_wh_WS_2026","Westport_2026","Killer_wh_WS_2026","CC_NCC_Marine mammal_221","",2009-01-01,NA,0,0,TRUE,5,"incl2026",1998
"Killer_wh_WS_2026","Westport_2026","Killer_wh_WS_2026","CC_NCC_Marine mammal_221","",2010-01-01,0,0,0,TRUE,5,"incl2026",1998
"Killer_wh_WS_2026","Westport_2026","Killer_wh_WS_2026","CC_NCC_Marine mammal_221","",2011-01-01,0.0204081632653061,0.0204081632653061,0.0204081632653061,TRUE,5,"incl2026",1998
"Killer_wh_WS_2026","Westport_2026","Killer_wh_WS_2026","CC_NCC_Marine mammal_221","",2012-01-01,0.0232558139534884,0.0232558139534884,0.0232558139534884,TRUE,5,"incl2026",1998
"Killer_wh_WS_2026","Westport_2026","Killer_wh_WS_2026","CC_NCC_Marine mammal_221","",2013-01-01,0.0454545454545455,0.0454545454545455,0.0454545454545455,TRUE,5,"incl2026",1998
"Killer_wh_WS_2026","Westport_2026","Killer_wh_WS_2026","CC_NCC_Marine mammal_221","",2014-01-01,0.0425531914893617,0.0425531914893617,0.0425531914893617,TRUE,5,"incl2026",1998
"Killer_wh_WS_2026","Westport_2026","Killer_wh_WS_2026","CC_NCC_Marine mammal_221","",2015-01-01,0,0,0,TRUE,5,"incl2026",1998
"Killer_wh_WS_2026","Westport_2026","Killer_wh_WS_2026","CC_NCC_Marine mammal_221","",2016-01-01,0.0158730158730159,0.0158730158730159,0.0158730158730159,TRUE,5,"incl2026",1998
"Killer_wh_WS_2026","Westport_2026","Killer_wh_WS_2026","CC_NCC_Marine mammal_221","",2017-01-01,0.0163934426229508,0.0163934426229508,0.0163934426229508,TRUE,5,"incl2026",1998
"Killer_wh_WS_2026","Westport_2026","Killer_wh_WS_2026","CC_NCC_Marine mammal_221","",2018-01-01,0.0172413793103448,0.0172413793103448,0.0172413793103448,TRUE,5,"incl2026",1998
"Killer_wh_WS_2026","Westport_2026","Killer_wh_WS_2026","CC_NCC_Marine mammal_221","",2019-01-01,0,0,0,TRUE,5,"incl2026",1998
"Killer_wh_WS_2026","Westport_2026","Killer_wh_WS_2026","CC_NCC_Marine mammal_221","",2020-01-01,0,0,0,TRUE,5,"incl2026",1998
"Killer_wh_WS_2026","Westport_2026","Killer_wh_WS_2026","CC_NCC_Marine mammal_221","",2021-01-01,0,0,0,TRUE,5,"incl2026",1998
"LarCop_planktonJuneNCC","planktonJuneNCC_2025","LarCop_planktonJuneNCC","CC_NCC_plank_197","",1998-01-01,0.84270416426898,0.84270416426898,0.84270416426898,TRUE,67,"incl2026",1998
"LarCop_planktonJuneNCC","planktonJuneNCC_2025","LarCop_planktonJuneNCC","CC_NCC_plank_197","",1999-01-01,0.464857121770084,0.464857121770084,0.464857121770084,TRUE,67,"incl2026",1998
"LarCop_planktonJuneNCC","planktonJuneNCC_2025","LarCop_planktonJuneNCC","CC_NCC_plank_197","",2000-01-01,1.28125264960019,1.28125264960019,1.28125264960019,TRUE,67,"incl2026",1998
"LarCop_planktonJuneNCC","planktonJuneNCC_2025","LarCop_planktonJuneNCC","CC_NCC_plank_197","",2001-01-01,0.935374396978128,0.935374396978128,0.935374396978128,TRUE,67,"incl2026",1998
"LarCop_planktonJuneNCC","planktonJuneNCC_2025","LarCop_planktonJuneNCC","CC_NCC_plank_197","",2002-01-01,1.01412903060548,1.01412903060548,1.01412903060548,TRUE,67,"incl2026",1998
"LarCop_planktonJuneNCC","planktonJuneNCC_2025","LarCop_planktonJuneNCC","CC_NCC_plank_197","",2003-01-01,1.36766928634335,1.36766928634335,1.36766928634335,TRUE,67,"incl2026",1998
"LarCop_planktonJuneNCC","planktonJuneNCC_2025","LarCop_planktonJuneNCC","CC_NCC_plank_197","",2004-01-01,1.07835681543003,1.07835681543003,1.07835681543003,TRUE,67,"incl2026",1998
"LarCop_planktonJuneNCC","planktonJuneNCC_2025","LarCop_planktonJuneNCC","CC_NCC_plank_197","",2005-01-01,0.437502301152259,0.437502301152259,0.437502301152259,TRUE,67,"incl2026",1998
"LarCop_planktonJuneNCC","planktonJuneNCC_2025","LarCop_planktonJuneNCC","CC_NCC_plank_197","",2006-01-01,1.14039139203976,1.14039139203976,1.14039139203976,TRUE,67,"incl2026",1998
"LarCop_planktonJuneNCC","planktonJuneNCC_2025","LarCop_planktonJuneNCC","CC_NCC_plank_197","",2007-01-01,0.566593792592585,0.566593792592585,0.566593792592585,TRUE,67,"incl2026",1998
"LarCop_planktonJuneNCC","planktonJuneNCC_2025","LarCop_planktonJuneNCC","CC_NCC_plank_197","",2008-01-01,1.10386281883787,1.10386281883787,1.10386281883787,TRUE,67,"incl2026",1998
"LarCop_planktonJuneNCC","planktonJuneNCC_2025","LarCop_planktonJuneNCC","CC_NCC_plank_197","",2009-01-01,1.12906921820473,1.12906921820473,1.12906921820473,TRUE,67,"incl2026",1998
"LarCop_planktonJuneNCC","planktonJuneNCC_2025","LarCop_planktonJuneNCC","CC_NCC_plank_197","",2010-01-01,1.42623958888171,1.42623958888171,1.42623958888171,TRUE,67,"incl2026",1998
"LarCop_planktonJuneNCC","planktonJuneNCC_2025","LarCop_planktonJuneNCC","CC_NCC_plank_197","",2011-01-01,1.40952726435661,1.40952726435661,1.40952726435661,TRUE,67,"incl2026",1998
"LarCop_planktonJuneNCC","planktonJuneNCC_2025","LarCop_planktonJuneNCC","CC_NCC_plank_197","",2012-01-01,1.76458125368208,1.76458125368208,1.76458125368208,TRUE,67,"incl2026",1998
"LarCop_planktonJuneNCC","planktonJuneNCC_2025","LarCop_planktonJuneNCC","CC_NCC_plank_197","",2013-01-01,0.861191490721029,0.861191490721029,0.861191490721029,TRUE,67,"incl2026",1998
"LarCop_planktonJuneNCC","planktonJuneNCC_2025","LarCop_planktonJuneNCC","CC_NCC_plank_197","",2014-01-01,1.24506326491673,1.24506326491673,1.24506326491673,TRUE,67,"incl2026",1998
"LarCop_planktonJuneNCC","planktonJuneNCC_2025","LarCop_planktonJuneNCC","CC_NCC_plank_197","",2015-01-01,1.60599012934447,1.60599012934447,1.60599012934447,TRUE,67,"incl2026",1998
"LarCop_planktonJuneNCC","planktonJuneNCC_2025","LarCop_planktonJuneNCC","CC_NCC_plank_197","",2016-01-01,1.42561389034423,1.42561389034423,1.42561389034423,TRUE,67,"incl2026",1998
"LarCop_planktonJuneNCC","planktonJuneNCC_2025","LarCop_planktonJuneNCC","CC_NCC_plank_197","",2017-01-01,1.52747280359065,1.52747280359065,1.52747280359065,TRUE,67,"incl2026",1998
"LarCop_planktonJuneNCC","planktonJuneNCC_2025","LarCop_planktonJuneNCC","CC_NCC_plank_197","",2018-01-01,1.47938917482067,1.47938917482067,1.47938917482067,TRUE,67,"incl2026",1998
"LarCop_planktonJuneNCC","planktonJuneNCC_2025","LarCop_planktonJuneNCC","CC_NCC_plank_197","",2019-01-01,2.15369675602536,2.15369675602536,2.15369675602536,TRUE,67,"incl2026",1998
"LarCop_planktonJuneNCC","planktonJuneNCC_2025","LarCop_planktonJuneNCC","CC_NCC_plank_197","",2020-01-01,1.35299873979758,1.35299873979758,1.35299873979758,TRUE,67,"incl2026",1998
"LarCop_planktonJuneNCC","planktonJuneNCC_2025","LarCop_planktonJuneNCC","CC_NCC_plank_197","",2021-01-01,1.32035122080532,1.32035122080532,1.32035122080532,TRUE,67,"incl2026",1998
"Laysan_alba_WS_2026","Westport_2026","Laysan_alba_WS_2026","CC_NCC_Seabird_249","",1998-01-01,0,0,0,TRUE,72,"incl2026",1998
"Laysan_alba_WS_2026","Westport_2026","Laysan_alba_WS_2026","CC_NCC_Seabird_249","",1999-01-01,0,0,0,TRUE,72,"incl2026",1998
"Laysan_alba_WS_2026","Westport_2026","Laysan_alba_WS_2026","CC_NCC_Seabird_249","",2000-01-01,0.0333333333333333,0.0333333333333333,0.0333333333333333,TRUE,72,"incl2026",1998
"Laysan_alba_WS_2026","Westport_2026","Laysan_alba_WS_2026","CC_NCC_Seabird_249","",2001-01-01,0,0,0,TRUE,72,"incl2026",1998
"Laysan_alba_WS_2026","Westport_2026","Laysan_alba_WS_2026","CC_NCC_Seabird_249","",2002-01-01,0,0,0,TRUE,72,"incl2026",1998
"Laysan_alba_WS_2026","Westport_2026","Laysan_alba_WS_2026","CC_NCC_Seabird_249","",2003-01-01,0,0,0,TRUE,72,"incl2026",1998
"Laysan_alba_WS_2026","Westport_2026","Laysan_alba_WS_2026","CC_NCC_Seabird_249","",2004-01-01,0,0,0,TRUE,72,"incl2026",1998
"Laysan_alba_WS_2026","Westport_2026","Laysan_alba_WS_2026","CC_NCC_Seabird_249","",2005-01-01,0,0,0,TRUE,72,"incl2026",1998
"Laysan_alba_WS_2026","Westport_2026","Laysan_alba_WS_2026","CC_NCC_Seabird_249","",2006-01-01,0,0,0,TRUE,72,"incl2026",1998
"Laysan_alba_WS_2026","Westport_2026","Laysan_alba_WS_2026","CC_NCC_Seabird_249","",2007-01-01,0,0,0,TRUE,72,"incl2026",1998
"Laysan_alba_WS_2026","Westport_2026","Laysan_alba_WS_2026","CC_NCC_Seabird_249","",2008-01-01,0,0,0,TRUE,72,"incl2026",1998
"Laysan_alba_WS_2026","Westport_2026","Laysan_alba_WS_2026","CC_NCC_Seabird_249","",2009-01-01,NA,0,0,TRUE,72,"incl2026",1998
"Laysan_alba_WS_2026","Westport_2026","Laysan_alba_WS_2026","CC_NCC_Seabird_249","",2010-01-01,0,0,0,TRUE,72,"incl2026",1998
"Laysan_alba_WS_2026","Westport_2026","Laysan_alba_WS_2026","CC_NCC_Seabird_249","",2011-01-01,0.142857142857143,0.142857142857143,0.142857142857143,TRUE,72,"incl2026",1998
"Laysan_alba_WS_2026","Westport_2026","Laysan_alba_WS_2026","CC_NCC_Seabird_249","",2012-01-01,0,0,0,TRUE,72,"incl2026",1998
"Laysan_alba_WS_2026","Westport_2026","Laysan_alba_WS_2026","CC_NCC_Seabird_249","",2013-01-01,0,0,0,TRUE,72,"incl2026",1998
"Laysan_alba_WS_2026","Westport_2026","Laysan_alba_WS_2026","CC_NCC_Seabird_249","",2014-01-01,0,0,0,TRUE,72,"incl2026",1998
"Laysan_alba_WS_2026","Westport_2026","Laysan_alba_WS_2026","CC_NCC_Seabird_249","",2015-01-01,0,0,0,TRUE,72,"incl2026",1998
"Laysan_alba_WS_2026","Westport_2026","Laysan_alba_WS_2026","CC_NCC_Seabird_249","",2016-01-01,0,0,0,TRUE,72,"incl2026",1998
"Laysan_alba_WS_2026","Westport_2026","Laysan_alba_WS_2026","CC_NCC_Seabird_249","",2017-01-01,0,0,0,TRUE,72,"incl2026",1998
"Laysan_alba_WS_2026","Westport_2026","Laysan_alba_WS_2026","CC_NCC_Seabird_249","",2018-01-01,0,0,0,TRUE,72,"incl2026",1998
"Laysan_alba_WS_2026","Westport_2026","Laysan_alba_WS_2026","CC_NCC_Seabird_249","",2019-01-01,0.024390243902439,0.024390243902439,0.024390243902439,TRUE,72,"incl2026",1998
"Laysan_alba_WS_2026","Westport_2026","Laysan_alba_WS_2026","CC_NCC_Seabird_249","",2020-01-01,0,0,0,TRUE,72,"incl2026",1998
"Laysan_alba_WS_2026","Westport_2026","Laysan_alba_WS_2026","CC_NCC_Seabird_249","",2021-01-01,0,0,0,TRUE,72,"incl2026",1998
"Least Auklet reproductive success","Western_Aleutian_Islands","leastAuk_WAI","AK_WAI_bird_3","north",1998-01-01,0.57,0.57,0.57,TRUE,73,"incl2026",1998
"Least Auklet reproductive success","Western_Aleutian_Islands","leastAuk_WAI","AK_WAI_bird_3","north",1999-01-01,NA,0.58,0.58,TRUE,73,"incl2026",1998
"Least Auklet reproductive success","Western_Aleutian_Islands","leastAuk_WAI","AK_WAI_bird_3","north",2000-01-01,0.59,0.59,0.59,TRUE,73,"incl2026",1998
"Least Auklet reproductive success","Western_Aleutian_Islands","leastAuk_WAI","AK_WAI_bird_3","north",2001-01-01,0.6,0.6,0.6,TRUE,73,"incl2026",1998
"Least Auklet reproductive success","Western_Aleutian_Islands","leastAuk_WAI","AK_WAI_bird_3","north",2002-01-01,0.75,0.75,0.75,TRUE,73,"incl2026",1998
"Least Auklet reproductive success","Western_Aleutian_Islands","leastAuk_WAI","AK_WAI_bird_3","north",2003-01-01,0.54,0.54,0.54,TRUE,73,"incl2026",1998
"Least Auklet reproductive success","Western_Aleutian_Islands","leastAuk_WAI","AK_WAI_bird_3","north",2004-01-01,0.63,0.63,0.63,TRUE,73,"incl2026",1998
"Least Auklet reproductive success","Western_Aleutian_Islands","leastAuk_WAI","AK_WAI_bird_3","north",2005-01-01,0.72,0.72,0.72,TRUE,73,"incl2026",1998
"Least Auklet reproductive success","Western_Aleutian_Islands","leastAuk_WAI","AK_WAI_bird_3","north",2006-01-01,0.77,0.77,0.77,TRUE,73,"incl2026",1998
"Least Auklet reproductive success","Western_Aleutian_Islands","leastAuk_WAI","AK_WAI_bird_3","north",2007-01-01,0.7,0.7,0.7,TRUE,73,"incl2026",1998
"Least Auklet reproductive success","Western_Aleutian_Islands","leastAuk_WAI","AK_WAI_bird_3","north",2008-01-01,0.74,0.74,0.74,TRUE,73,"incl2026",1998
"Least Auklet reproductive success","Western_Aleutian_Islands","leastAuk_WAI","AK_WAI_bird_3","north",2009-01-01,0.79,0.79,0.79,TRUE,73,"incl2026",1998
"Least Auklet reproductive success","Western_Aleutian_Islands","leastAuk_WAI","AK_WAI_bird_3","north",2010-01-01,0.64,0.64,0.64,TRUE,73,"incl2026",1998
"Least Auklet reproductive success","Western_Aleutian_Islands","leastAuk_WAI","AK_WAI_bird_3","north",2011-01-01,0.51,0.51,0.51,TRUE,73,"incl2026",1998
"Least Auklet reproductive success","Western_Aleutian_Islands","leastAuk_WAI","AK_WAI_bird_3","north",2012-01-01,0.65,0.65,0.65,TRUE,73,"incl2026",1998
"Least Auklet reproductive success","Western_Aleutian_Islands","leastAuk_WAI","AK_WAI_bird_3","north",2013-01-01,0.59,0.59,0.59,TRUE,73,"incl2026",1998
"Least Auklet reproductive success","Western_Aleutian_Islands","leastAuk_WAI","AK_WAI_bird_3","north",2014-01-01,0.6,0.6,0.6,TRUE,73,"incl2026",1998
"Least Auklet reproductive success","Western_Aleutian_Islands","leastAuk_WAI","AK_WAI_bird_3","north",2015-01-01,0.42,0.42,0.42,TRUE,73,"incl2026",1998
"Least Auklet reproductive success","Western_Aleutian_Islands","leastAuk_WAI","AK_WAI_bird_3","north",2016-01-01,0.68,0.68,0.68,TRUE,73,"incl2026",1998
"Least Auklet reproductive success","Western_Aleutian_Islands","leastAuk_WAI","AK_WAI_bird_3","north",2017-01-01,0.58,0.58,0.58,TRUE,73,"incl2026",1998
"Least Auklet reproductive success","Western_Aleutian_Islands","leastAuk_WAI","AK_WAI_bird_3","north",2018-01-01,0.63,0.63,0.63,TRUE,73,"incl2026",1998
"Least Auklet reproductive success","Western_Aleutian_Islands","leastAuk_WAI","AK_WAI_bird_3","north",2019-01-01,0.69,0.69,0.69,TRUE,73,"incl2026",1998
"Least Auklet reproductive success","Western_Aleutian_Islands","leastAuk_WAI","AK_WAI_bird_3","north",2020-01-01,NA,0.74,0.74,TRUE,73,"incl2026",1998
"Least Auklet reproductive success","Western_Aleutian_Islands","leastAuk_WAI","AK_WAI_bird_3","north",2021-01-01,0.79,0.79,0.79,TRUE,73,"incl2026",1998
"Lesser_s_p_WS_2026","Westport_2026","Lesser_s_p_WS_2026","CC_NCC_Seabird_275","",1998-01-01,0.315789473684211,0.315789473684211,0.315789473684211,TRUE,74,"incl2026",1998
"Lesser_s_p_WS_2026","Westport_2026","Lesser_s_p_WS_2026","CC_NCC_Seabird_275","",1999-01-01,0.222222222222222,0.222222222222222,0.222222222222222,TRUE,74,"incl2026",1998
"Lesser_s_p_WS_2026","Westport_2026","Lesser_s_p_WS_2026","CC_NCC_Seabird_275","",2000-01-01,0,0,0,TRUE,74,"incl2026",1998
"Lesser_s_p_WS_2026","Westport_2026","Lesser_s_p_WS_2026","CC_NCC_Seabird_275","",2001-01-01,0.0638297872340425,0.0638297872340425,0.0638297872340425,TRUE,74,"incl2026",1998
"Lesser_s_p_WS_2026","Westport_2026","Lesser_s_p_WS_2026","CC_NCC_Seabird_275","",2002-01-01,0.032258064516129,0.032258064516129,0.032258064516129,TRUE,74,"incl2026",1998
"Lesser_s_p_WS_2026","Westport_2026","Lesser_s_p_WS_2026","CC_NCC_Seabird_275","",2003-01-01,0,0,0,TRUE,74,"incl2026",1998
"Lesser_s_p_WS_2026","Westport_2026","Lesser_s_p_WS_2026","CC_NCC_Seabird_275","",2004-01-01,0,0,0,TRUE,74,"incl2026",1998
"Lesser_s_p_WS_2026","Westport_2026","Lesser_s_p_WS_2026","CC_NCC_Seabird_275","",2005-01-01,0.117647058823529,0.117647058823529,0.117647058823529,TRUE,74,"incl2026",1998
"Lesser_s_p_WS_2026","Westport_2026","Lesser_s_p_WS_2026","CC_NCC_Seabird_275","",2006-01-01,0.037037037037037,0.037037037037037,0.037037037037037,TRUE,74,"incl2026",1998
"Lesser_s_p_WS_2026","Westport_2026","Lesser_s_p_WS_2026","CC_NCC_Seabird_275","",2007-01-01,0.0851063829787234,0.0851063829787234,0.0851063829787234,TRUE,74,"incl2026",1998
"Lesser_s_p_WS_2026","Westport_2026","Lesser_s_p_WS_2026","CC_NCC_Seabird_275","",2008-01-01,0,0,0,TRUE,74,"incl2026",1998
"Lesser_s_p_WS_2026","Westport_2026","Lesser_s_p_WS_2026","CC_NCC_Seabird_275","",2009-01-01,NA,0.0675675675675675,0.0675675675675675,TRUE,74,"incl2026",1998
"Lesser_s_p_WS_2026","Westport_2026","Lesser_s_p_WS_2026","CC_NCC_Seabird_275","",2010-01-01,0.135135135135135,0.135135135135135,0.135135135135135,TRUE,74,"incl2026",1998
"Lesser_s_p_WS_2026","Westport_2026","Lesser_s_p_WS_2026","CC_NCC_Seabird_275","",2011-01-01,0.142857142857143,0.142857142857143,0.142857142857143,TRUE,74,"incl2026",1998
"Lesser_s_p_WS_2026","Westport_2026","Lesser_s_p_WS_2026","CC_NCC_Seabird_275","",2012-01-01,0.0697674418604651,0.0697674418604651,0.0697674418604651,TRUE,74,"incl2026",1998
"Lesser_s_p_WS_2026","Westport_2026","Lesser_s_p_WS_2026","CC_NCC_Seabird_275","",2013-01-01,0.181818181818182,0.181818181818182,0.181818181818182,TRUE,74,"incl2026",1998
"Lesser_s_p_WS_2026","Westport_2026","Lesser_s_p_WS_2026","CC_NCC_Seabird_275","",2014-01-01,0.212765957446809,0.212765957446809,0.212765957446809,TRUE,74,"incl2026",1998
"Lesser_s_p_WS_2026","Westport_2026","Lesser_s_p_WS_2026","CC_NCC_Seabird_275","",2015-01-01,0.101694915254237,0.101694915254237,0.101694915254237,TRUE,74,"incl2026",1998
"Lesser_s_p_WS_2026","Westport_2026","Lesser_s_p_WS_2026","CC_NCC_Seabird_275","",2016-01-01,0.0793650793650794,0.0793650793650794,0.0793650793650794,TRUE,74,"incl2026",1998
"Lesser_s_p_WS_2026","Westport_2026","Lesser_s_p_WS_2026","CC_NCC_Seabird_275","",2017-01-01,0.0819672131147541,0.0819672131147541,0.0819672131147541,TRUE,74,"incl2026",1998
"Lesser_s_p_WS_2026","Westport_2026","Lesser_s_p_WS_2026","CC_NCC_Seabird_275","",2018-01-01,0.0344827586206897,0.0344827586206897,0.0344827586206897,TRUE,74,"incl2026",1998
"Lesser_s_p_WS_2026","Westport_2026","Lesser_s_p_WS_2026","CC_NCC_Seabird_275","",2019-01-01,0,0,0,TRUE,74,"incl2026",1998
"Lesser_s_p_WS_2026","Westport_2026","Lesser_s_p_WS_2026","CC_NCC_Seabird_275","",2020-01-01,0.1875,0.1875,0.1875,TRUE,74,"incl2026",1998
"Lesser_s_p_WS_2026","Westport_2026","Lesser_s_p_WS_2026","CC_NCC_Seabird_275","",2021-01-01,0.0158730158730159,0.0158730158730159,0.0158730158730159,TRUE,74,"incl2026",1998
"Lmu_IntSprJunH_2025","SEM_data_2025","Lmu_IntSprJunH_2025","CC_NCC_fish_132","cond1",1998-01-01,170.333333333333,170.333333333333,170.333333333333,TRUE,75,"incl2026",1998
"Lmu_IntSprJunH_2025","SEM_data_2025","Lmu_IntSprJunH_2025","CC_NCC_fish_132","cond1",1999-01-01,173.316455696203,173.316455696203,173.316455696203,TRUE,75,"incl2026",1998
"Lmu_IntSprJunH_2025","SEM_data_2025","Lmu_IntSprJunH_2025","CC_NCC_fish_132","cond1",2000-01-01,164.6,164.6,164.6,TRUE,75,"incl2026",1998
"Lmu_IntSprJunH_2025","SEM_data_2025","Lmu_IntSprJunH_2025","CC_NCC_fish_132","cond1",2001-01-01,106,106,106,TRUE,75,"incl2026",1998
"Lmu_IntSprJunH_2025","SEM_data_2025","Lmu_IntSprJunH_2025","CC_NCC_fish_132","cond1",2002-01-01,152.105263157895,152.105263157895,152.105263157895,TRUE,75,"incl2026",1998
"Lmu_IntSprJunH_2025","SEM_data_2025","Lmu_IntSprJunH_2025","CC_NCC_fish_132","cond1",2003-01-01,170.967741935484,170.967741935484,170.967741935484,TRUE,75,"incl2026",1998
"Lmu_IntSprJunH_2025","SEM_data_2025","Lmu_IntSprJunH_2025","CC_NCC_fish_132","cond1",2004-01-01,164.666666666667,164.666666666667,164.666666666667,TRUE,75,"incl2026",1998
"Lmu_IntSprJunH_2025","SEM_data_2025","Lmu_IntSprJunH_2025","CC_NCC_fish_132","cond1",2005-01-01,147.75,147.75,147.75,TRUE,75,"incl2026",1998
"Lmu_IntSprJunH_2025","SEM_data_2025","Lmu_IntSprJunH_2025","CC_NCC_fish_132","cond1",2006-01-01,164.7,164.7,164.7,TRUE,75,"incl2026",1998
"Lmu_IntSprJunH_2025","SEM_data_2025","Lmu_IntSprJunH_2025","CC_NCC_fish_132","cond1",2007-01-01,159.818181818182,159.818181818182,159.818181818182,TRUE,75,"incl2026",1998
"Lmu_IntSprJunH_2025","SEM_data_2025","Lmu_IntSprJunH_2025","CC_NCC_fish_132","cond1",2008-01-01,172.004166666667,172.004166666667,172.004166666667,TRUE,75,"incl2026",1998
"Lmu_IntSprJunH_2025","SEM_data_2025","Lmu_IntSprJunH_2025","CC_NCC_fish_132","cond1",2009-01-01,165.515151515152,165.515151515152,165.515151515152,TRUE,75,"incl2026",1998
"Lmu_IntSprJunH_2025","SEM_data_2025","Lmu_IntSprJunH_2025","CC_NCC_fish_132","cond1",2010-01-01,164.457142857143,164.457142857143,164.457142857143,TRUE,75,"incl2026",1998
"Lmu_IntSprJunH_2025","SEM_data_2025","Lmu_IntSprJunH_2025","CC_NCC_fish_132","cond1",2011-01-01,166.692307692308,166.692307692308,166.692307692308,TRUE,75,"incl2026",1998
"Lmu_IntSprJunH_2025","SEM_data_2025","Lmu_IntSprJunH_2025","CC_NCC_fish_132","cond1",2012-01-01,177.605633802817,177.605633802817,177.605633802817,TRUE,75,"incl2026",1998
"Lmu_IntSprJunH_2025","SEM_data_2025","Lmu_IntSprJunH_2025","CC_NCC_fish_132","cond1",2013-01-01,167.457142857143,167.457142857143,167.457142857143,TRUE,75,"incl2026",1998
"Lmu_IntSprJunH_2025","SEM_data_2025","Lmu_IntSprJunH_2025","CC_NCC_fish_132","cond1",2014-01-01,174.3125,174.3125,174.3125,TRUE,75,"incl2026",1998
"Lmu_IntSprJunH_2025","SEM_data_2025","Lmu_IntSprJunH_2025","CC_NCC_fish_132","cond1",2015-01-01,177.041666666667,177.041666666667,177.041666666667,TRUE,75,"incl2026",1998
"Lmu_IntSprJunH_2025","SEM_data_2025","Lmu_IntSprJunH_2025","CC_NCC_fish_132","cond1",2016-01-01,179,179,179,TRUE,75,"incl2026",1998
"Lmu_IntSprJunH_2025","SEM_data_2025","Lmu_IntSprJunH_2025","CC_NCC_fish_132","cond1",2017-01-01,155.5,155.5,155.5,TRUE,75,"incl2026",1998
"Lmu_IntSprJunH_2025","SEM_data_2025","Lmu_IntSprJunH_2025","CC_NCC_fish_132","cond1",2018-01-01,176.260869565217,176.260869565217,176.260869565217,TRUE,75,"incl2026",1998
"Lmu_IntSprJunH_2025","SEM_data_2025","Lmu_IntSprJunH_2025","CC_NCC_fish_132","cond1",2019-01-01,174.882352941176,174.882352941176,174.882352941176,TRUE,75,"incl2026",1998
"Lmu_IntSprJunH_2025","SEM_data_2025","Lmu_IntSprJunH_2025","CC_NCC_fish_132","cond1",2020-01-01,174.3,174.3,174.3,TRUE,75,"incl2026",1998
"Lmu_IntSprJunH_2025","SEM_data_2025","Lmu_IntSprJunH_2025","CC_NCC_fish_132","cond1",2021-01-01,181.75,181.75,181.75,TRUE,75,"incl2026",1998
"Lmu_IntSprMayW_2025","SEM_data_2025","Lmu_IntSprMayW_2025","CC_NCC_fish_133","cond1",1998-01-01,NA,NA,NA,TRUE,76,"incl2026",1998
"Lmu_IntSprMayW_2025","SEM_data_2025","Lmu_IntSprMayW_2025","CC_NCC_fish_133","cond1",1999-01-01,151.58024691358,151.58024691358,151.58024691358,TRUE,76,"incl2026",1998
"Lmu_IntSprMayW_2025","SEM_data_2025","Lmu_IntSprMayW_2025","CC_NCC_fish_133","cond1",2000-01-01,159.148148148148,159.148148148148,159.148148148148,TRUE,76,"incl2026",1998
"Lmu_IntSprMayW_2025","SEM_data_2025","Lmu_IntSprMayW_2025","CC_NCC_fish_133","cond1",2001-01-01,143.6,143.6,143.6,TRUE,76,"incl2026",1998
"Lmu_IntSprMayW_2025","SEM_data_2025","Lmu_IntSprMayW_2025","CC_NCC_fish_133","cond1",2002-01-01,172.5,172.5,172.5,TRUE,76,"incl2026",1998
"Lmu_IntSprMayW_2025","SEM_data_2025","Lmu_IntSprMayW_2025","CC_NCC_fish_133","cond1",2003-01-01,144,144,144,TRUE,76,"incl2026",1998
"Lmu_IntSprMayW_2025","SEM_data_2025","Lmu_IntSprMayW_2025","CC_NCC_fish_133","cond1",2004-01-01,124,124,124,TRUE,76,"incl2026",1998
"Lmu_IntSprMayW_2025","SEM_data_2025","Lmu_IntSprMayW_2025","CC_NCC_fish_133","cond1",2005-01-01,NA,125.5,125.5,TRUE,76,"incl2026",1998
"Lmu_IntSprMayW_2025","SEM_data_2025","Lmu_IntSprMayW_2025","CC_NCC_fish_133","cond1",2006-01-01,127,127,127,TRUE,76,"incl2026",1998
"Lmu_IntSprMayW_2025","SEM_data_2025","Lmu_IntSprMayW_2025","CC_NCC_fish_133","cond1",2007-01-01,133.6,133.6,133.6,TRUE,76,"incl2026",1998
"Lmu_IntSprMayW_2025","SEM_data_2025","Lmu_IntSprMayW_2025","CC_NCC_fish_133","cond1",2008-01-01,137.533333333333,137.533333333333,137.533333333333,TRUE,76,"incl2026",1998
"Lmu_IntSprMayW_2025","SEM_data_2025","Lmu_IntSprMayW_2025","CC_NCC_fish_133","cond1",2009-01-01,136.181818181818,136.181818181818,136.181818181818,TRUE,76,"incl2026",1998
"Lmu_IntSprMayW_2025","SEM_data_2025","Lmu_IntSprMayW_2025","CC_NCC_fish_133","cond1",2010-01-01,127.571428571429,127.571428571429,127.571428571429,TRUE,76,"incl2026",1998
"Lmu_IntSprMayW_2025","SEM_data_2025","Lmu_IntSprMayW_2025","CC_NCC_fish_133","cond1",2011-01-01,131.568181818182,131.568181818182,131.568181818182,TRUE,76,"incl2026",1998
"Lmu_IntSprMayW_2025","SEM_data_2025","Lmu_IntSprMayW_2025","CC_NCC_fish_133","cond1",2012-01-01,136.583333333333,136.583333333333,136.583333333333,TRUE,76,"incl2026",1998
"Lmu_IntSprMayW_2025","SEM_data_2025","Lmu_IntSprMayW_2025","CC_NCC_fish_133","cond1",2013-01-01,NA,133.085858585858,133.085858585858,TRUE,76,"incl2026",1998
"Lmu_IntSprMayW_2025","SEM_data_2025","Lmu_IntSprMayW_2025","CC_NCC_fish_133","cond1",2014-01-01,NA,129.588383838384,129.588383838384,TRUE,76,"incl2026",1998
"Lmu_IntSprMayW_2025","SEM_data_2025","Lmu_IntSprMayW_2025","CC_NCC_fish_133","cond1",2015-01-01,126.090909090909,126.090909090909,126.090909090909,TRUE,76,"incl2026",1998
"Lmu_IntSprMayW_2025","SEM_data_2025","Lmu_IntSprMayW_2025","CC_NCC_fish_133","cond1",2016-01-01,125.129032258065,125.129032258065,125.129032258065,TRUE,76,"incl2026",1998
"Lmu_IntSprMayW_2025","SEM_data_2025","Lmu_IntSprMayW_2025","CC_NCC_fish_133","cond1",2017-01-01,133.285714285714,133.285714285714,133.285714285714,TRUE,76,"incl2026",1998
"Lmu_IntSprMayW_2025","SEM_data_2025","Lmu_IntSprMayW_2025","CC_NCC_fish_133","cond1",2018-01-01,136.8,136.8,136.8,TRUE,76,"incl2026",1998
"Lmu_IntSprMayW_2025","SEM_data_2025","Lmu_IntSprMayW_2025","CC_NCC_fish_133","cond1",2019-01-01,126.333333333333,126.333333333333,126.333333333333,TRUE,76,"incl2026",1998
"Lmu_IntSprMayW_2025","SEM_data_2025","Lmu_IntSprMayW_2025","CC_NCC_fish_133","cond1",2020-01-01,NA,139.306666666667,139.306666666667,TRUE,76,"incl2026",1998
"Lmu_IntSprMayW_2025","SEM_data_2025","Lmu_IntSprMayW_2025","CC_NCC_fish_133","cond1",2021-01-01,152.28,152.28,152.28,TRUE,76,"incl2026",1998
"Long_tailed_jaeg_WS_2026","Westport_2026","Long_tailed_jaeg_WS_2026","CC_NCC_Seabird_284","",1998-01-01,0.0526315789473684,0.0526315789473684,0.0526315789473684,TRUE,72,"incl2026",1998
"Long_tailed_jaeg_WS_2026","Westport_2026","Long_tailed_jaeg_WS_2026","CC_NCC_Seabird_284","",1999-01-01,0.0555555555555556,0.0555555555555556,0.0555555555555556,TRUE,72,"incl2026",1998
"Long_tailed_jaeg_WS_2026","Westport_2026","Long_tailed_jaeg_WS_2026","CC_NCC_Seabird_284","",2000-01-01,0,0,0,TRUE,72,"incl2026",1998
"Long_tailed_jaeg_WS_2026","Westport_2026","Long_tailed_jaeg_WS_2026","CC_NCC_Seabird_284","",2001-01-01,0,0,0,TRUE,72,"incl2026",1998
"Long_tailed_jaeg_WS_2026","Westport_2026","Long_tailed_jaeg_WS_2026","CC_NCC_Seabird_284","",2002-01-01,0.032258064516129,0.032258064516129,0.032258064516129,TRUE,72,"incl2026",1998
"Long_tailed_jaeg_WS_2026","Westport_2026","Long_tailed_jaeg_WS_2026","CC_NCC_Seabird_284","",2003-01-01,0,0,0,TRUE,72,"incl2026",1998
"Long_tailed_jaeg_WS_2026","Westport_2026","Long_tailed_jaeg_WS_2026","CC_NCC_Seabird_284","",2004-01-01,0,0,0,TRUE,72,"incl2026",1998
"Long_tailed_jaeg_WS_2026","Westport_2026","Long_tailed_jaeg_WS_2026","CC_NCC_Seabird_284","",2005-01-01,0,0,0,TRUE,72,"incl2026",1998
"Long_tailed_jaeg_WS_2026","Westport_2026","Long_tailed_jaeg_WS_2026","CC_NCC_Seabird_284","",2006-01-01,0,0,0,TRUE,72,"incl2026",1998
"Long_tailed_jaeg_WS_2026","Westport_2026","Long_tailed_jaeg_WS_2026","CC_NCC_Seabird_284","",2007-01-01,0.0212765957446809,0.0212765957446809,0.0212765957446809,TRUE,72,"incl2026",1998
"Long_tailed_jaeg_WS_2026","Westport_2026","Long_tailed_jaeg_WS_2026","CC_NCC_Seabird_284","",2008-01-01,0,0,0,TRUE,72,"incl2026",1998
"Long_tailed_jaeg_WS_2026","Westport_2026","Long_tailed_jaeg_WS_2026","CC_NCC_Seabird_284","",2009-01-01,NA,0,0,TRUE,72,"incl2026",1998
"Long_tailed_jaeg_WS_2026","Westport_2026","Long_tailed_jaeg_WS_2026","CC_NCC_Seabird_284","",2010-01-01,0,0,0,TRUE,72,"incl2026",1998
"Long_tailed_jaeg_WS_2026","Westport_2026","Long_tailed_jaeg_WS_2026","CC_NCC_Seabird_284","",2011-01-01,0.142857142857143,0.142857142857143,0.142857142857143,TRUE,72,"incl2026",1998
"Long_tailed_jaeg_WS_2026","Westport_2026","Long_tailed_jaeg_WS_2026","CC_NCC_Seabird_284","",2012-01-01,0.0232558139534884,0.0232558139534884,0.0232558139534884,TRUE,72,"incl2026",1998
"Long_tailed_jaeg_WS_2026","Westport_2026","Long_tailed_jaeg_WS_2026","CC_NCC_Seabird_284","",2013-01-01,0,0,0,TRUE,72,"incl2026",1998
"Long_tailed_jaeg_WS_2026","Westport_2026","Long_tailed_jaeg_WS_2026","CC_NCC_Seabird_284","",2014-01-01,0,0,0,TRUE,72,"incl2026",1998
"Long_tailed_jaeg_WS_2026","Westport_2026","Long_tailed_jaeg_WS_2026","CC_NCC_Seabird_284","",2015-01-01,0,0,0,TRUE,72,"incl2026",1998
"Long_tailed_jaeg_WS_2026","Westport_2026","Long_tailed_jaeg_WS_2026","CC_NCC_Seabird_284","",2016-01-01,0,0,0,TRUE,72,"incl2026",1998
"Long_tailed_jaeg_WS_2026","Westport_2026","Long_tailed_jaeg_WS_2026","CC_NCC_Seabird_284","",2017-01-01,0.0327868852459016,0.0327868852459016,0.0327868852459016,TRUE,72,"incl2026",1998
"Long_tailed_jaeg_WS_2026","Westport_2026","Long_tailed_jaeg_WS_2026","CC_NCC_Seabird_284","",2018-01-01,0.0172413793103448,0.0172413793103448,0.0172413793103448,TRUE,72,"incl2026",1998
"Long_tailed_jaeg_WS_2026","Westport_2026","Long_tailed_jaeg_WS_2026","CC_NCC_Seabird_284","",2019-01-01,0,0,0,TRUE,72,"incl2026",1998
"Long_tailed_jaeg_WS_2026","Westport_2026","Long_tailed_jaeg_WS_2026","CC_NCC_Seabird_284","",2020-01-01,0,0,0,TRUE,72,"incl2026",1998
"Long_tailed_jaeg_WS_2026","Westport_2026","Long_tailed_jaeg_WS_2026","CC_NCC_Seabird_284","",2021-01-01,0.0317460317460317,0.0317460317460317,0.0317460317460317,TRUE,72,"incl2026",1998
"Manx_shrw_WS_2026","Westport_2026","Manx_shrw_WS_2026","CC_NCC_Seabird_258","",1998-01-01,0,0,0,TRUE,77,"incl2026",1998
"Manx_shrw_WS_2026","Westport_2026","Manx_shrw_WS_2026","CC_NCC_Seabird_258","",1999-01-01,0,0,0,TRUE,77,"incl2026",1998
"Manx_shrw_WS_2026","Westport_2026","Manx_shrw_WS_2026","CC_NCC_Seabird_258","",2000-01-01,0,0,0,TRUE,77,"incl2026",1998
"Manx_shrw_WS_2026","Westport_2026","Manx_shrw_WS_2026","CC_NCC_Seabird_258","",2001-01-01,0.0425531914893617,0.0425531914893617,0.0425531914893617,TRUE,77,"incl2026",1998
"Manx_shrw_WS_2026","Westport_2026","Manx_shrw_WS_2026","CC_NCC_Seabird_258","",2002-01-01,0,0,0,TRUE,77,"incl2026",1998
"Manx_shrw_WS_2026","Westport_2026","Manx_shrw_WS_2026","CC_NCC_Seabird_258","",2003-01-01,0,0,0,TRUE,77,"incl2026",1998
"Manx_shrw_WS_2026","Westport_2026","Manx_shrw_WS_2026","CC_NCC_Seabird_258","",2004-01-01,0,0,0,TRUE,77,"incl2026",1998
"Manx_shrw_WS_2026","Westport_2026","Manx_shrw_WS_2026","CC_NCC_Seabird_258","",2005-01-01,0,0,0,TRUE,77,"incl2026",1998
"Manx_shrw_WS_2026","Westport_2026","Manx_shrw_WS_2026","CC_NCC_Seabird_258","",2006-01-01,0.0740740740740741,0.0740740740740741,0.0740740740740741,TRUE,77,"incl2026",1998
"Manx_shrw_WS_2026","Westport_2026","Manx_shrw_WS_2026","CC_NCC_Seabird_258","",2007-01-01,0,0,0,TRUE,77,"incl2026",1998
"Manx_shrw_WS_2026","Westport_2026","Manx_shrw_WS_2026","CC_NCC_Seabird_258","",2008-01-01,0.0697674418604651,0.0697674418604651,0.0697674418604651,TRUE,77,"incl2026",1998
"Manx_shrw_WS_2026","Westport_2026","Manx_shrw_WS_2026","CC_NCC_Seabird_258","",2009-01-01,NA,0.0348837209302326,0.0348837209302326,TRUE,77,"incl2026",1998
"Manx_shrw_WS_2026","Westport_2026","Manx_shrw_WS_2026","CC_NCC_Seabird_258","",2010-01-01,0,0,0,TRUE,77,"incl2026",1998
"Manx_shrw_WS_2026","Westport_2026","Manx_shrw_WS_2026","CC_NCC_Seabird_258","",2011-01-01,0,0,0,TRUE,77,"incl2026",1998
"Manx_shrw_WS_2026","Westport_2026","Manx_shrw_WS_2026","CC_NCC_Seabird_258","",2012-01-01,0.0465116279069767,0.0465116279069767,0.0465116279069767,TRUE,77,"incl2026",1998
"Manx_shrw_WS_2026","Westport_2026","Manx_shrw_WS_2026","CC_NCC_Seabird_258","",2013-01-01,0,0,0,TRUE,77,"incl2026",1998
"Manx_shrw_WS_2026","Westport_2026","Manx_shrw_WS_2026","CC_NCC_Seabird_258","",2014-01-01,0,0,0,TRUE,77,"incl2026",1998
"Manx_shrw_WS_2026","Westport_2026","Manx_shrw_WS_2026","CC_NCC_Seabird_258","",2015-01-01,0.0169491525423729,0.0169491525423729,0.0169491525423729,TRUE,77,"incl2026",1998
"Manx_shrw_WS_2026","Westport_2026","Manx_shrw_WS_2026","CC_NCC_Seabird_258","",2016-01-01,0.0158730158730159,0.0158730158730159,0.0158730158730159,TRUE,77,"incl2026",1998
"Manx_shrw_WS_2026","Westport_2026","Manx_shrw_WS_2026","CC_NCC_Seabird_258","",2017-01-01,0,0,0,TRUE,77,"incl2026",1998
"Manx_shrw_WS_2026","Westport_2026","Manx_shrw_WS_2026","CC_NCC_Seabird_258","",2018-01-01,0.0172413793103448,0.0172413793103448,0.0172413793103448,TRUE,77,"incl2026",1998
"Manx_shrw_WS_2026","Westport_2026","Manx_shrw_WS_2026","CC_NCC_Seabird_258","",2019-01-01,0.024390243902439,0.024390243902439,0.024390243902439,TRUE,77,"incl2026",1998
"Manx_shrw_WS_2026","Westport_2026","Manx_shrw_WS_2026","CC_NCC_Seabird_258","",2020-01-01,0,0,0,TRUE,77,"incl2026",1998
"Manx_shrw_WS_2026","Westport_2026","Manx_shrw_WS_2026","CC_NCC_Seabird_258","",2021-01-01,0.0158730158730159,0.0158730158730159,0.0158730158730159,TRUE,77,"incl2026",1998
"Marbled_mrlt_WS_2026","Westport_2026","Marbled_mrlt_WS_2026","CC_NCC_Seabird_260","",1998-01-01,0,0,0,TRUE,78,"incl2026",1998
"Marbled_mrlt_WS_2026","Westport_2026","Marbled_mrlt_WS_2026","CC_NCC_Seabird_260","",1999-01-01,0,0,0,TRUE,78,"incl2026",1998
"Marbled_mrlt_WS_2026","Westport_2026","Marbled_mrlt_WS_2026","CC_NCC_Seabird_260","",2000-01-01,0,0,0,TRUE,78,"incl2026",1998
"Marbled_mrlt_WS_2026","Westport_2026","Marbled_mrlt_WS_2026","CC_NCC_Seabird_260","",2001-01-01,0.0851063829787234,0.0851063829787234,0.0851063829787234,TRUE,78,"incl2026",1998
"Marbled_mrlt_WS_2026","Westport_2026","Marbled_mrlt_WS_2026","CC_NCC_Seabird_260","",2002-01-01,0.17741935483871,0.17741935483871,0.17741935483871,TRUE,78,"incl2026",1998
"Marbled_mrlt_WS_2026","Westport_2026","Marbled_mrlt_WS_2026","CC_NCC_Seabird_260","",2003-01-01,0.125,0.125,0.125,TRUE,78,"incl2026",1998
"Marbled_mrlt_WS_2026","Westport_2026","Marbled_mrlt_WS_2026","CC_NCC_Seabird_260","",2004-01-01,0.106382978723404,0.106382978723404,0.106382978723404,TRUE,78,"incl2026",1998
"Marbled_mrlt_WS_2026","Westport_2026","Marbled_mrlt_WS_2026","CC_NCC_Seabird_260","",2005-01-01,0.117647058823529,0.117647058823529,0.117647058823529,TRUE,78,"incl2026",1998
"Marbled_mrlt_WS_2026","Westport_2026","Marbled_mrlt_WS_2026","CC_NCC_Seabird_260","",2006-01-01,0.037037037037037,0.037037037037037,0.037037037037037,TRUE,78,"incl2026",1998
"Marbled_mrlt_WS_2026","Westport_2026","Marbled_mrlt_WS_2026","CC_NCC_Seabird_260","",2007-01-01,0.0638297872340425,0.0638297872340425,0.0638297872340425,TRUE,78,"incl2026",1998
"Marbled_mrlt_WS_2026","Westport_2026","Marbled_mrlt_WS_2026","CC_NCC_Seabird_260","",2008-01-01,0.0697674418604651,0.0697674418604651,0.0697674418604651,TRUE,78,"incl2026",1998
"Marbled_mrlt_WS_2026","Westport_2026","Marbled_mrlt_WS_2026","CC_NCC_Seabird_260","",2009-01-01,NA,0.0483972344437461,0.0483972344437461,TRUE,78,"incl2026",1998
"Marbled_mrlt_WS_2026","Westport_2026","Marbled_mrlt_WS_2026","CC_NCC_Seabird_260","",2010-01-01,0.027027027027027,0.027027027027027,0.027027027027027,TRUE,78,"incl2026",1998
"Marbled_mrlt_WS_2026","Westport_2026","Marbled_mrlt_WS_2026","CC_NCC_Seabird_260","",2011-01-01,0.0612244897959184,0.0612244897959184,0.0612244897959184,TRUE,78,"incl2026",1998
"Marbled_mrlt_WS_2026","Westport_2026","Marbled_mrlt_WS_2026","CC_NCC_Seabird_260","",2012-01-01,0,0,0,TRUE,78,"incl2026",1998
"Marbled_mrlt_WS_2026","Westport_2026","Marbled_mrlt_WS_2026","CC_NCC_Seabird_260","",2013-01-01,0,0,0,TRUE,78,"incl2026",1998
"Marbled_mrlt_WS_2026","Westport_2026","Marbled_mrlt_WS_2026","CC_NCC_Seabird_260","",2014-01-01,0.0212765957446809,0.0212765957446809,0.0212765957446809,TRUE,78,"incl2026",1998
"Marbled_mrlt_WS_2026","Westport_2026","Marbled_mrlt_WS_2026","CC_NCC_Seabird_260","",2015-01-01,0.0508474576271186,0.0508474576271186,0.0508474576271186,TRUE,78,"incl2026",1998
"Marbled_mrlt_WS_2026","Westport_2026","Marbled_mrlt_WS_2026","CC_NCC_Seabird_260","",2016-01-01,0.0158730158730159,0.0158730158730159,0.0158730158730159,TRUE,78,"incl2026",1998
"Marbled_mrlt_WS_2026","Westport_2026","Marbled_mrlt_WS_2026","CC_NCC_Seabird_260","",2017-01-01,0,0,0,TRUE,78,"incl2026",1998
"Marbled_mrlt_WS_2026","Westport_2026","Marbled_mrlt_WS_2026","CC_NCC_Seabird_260","",2018-01-01,0.0172413793103448,0.0172413793103448,0.0172413793103448,TRUE,78,"incl2026",1998
"Marbled_mrlt_WS_2026","Westport_2026","Marbled_mrlt_WS_2026","CC_NCC_Seabird_260","",2019-01-01,0,0,0,TRUE,78,"incl2026",1998
"Marbled_mrlt_WS_2026","Westport_2026","Marbled_mrlt_WS_2026","CC_NCC_Seabird_260","",2020-01-01,0,0,0,TRUE,78,"incl2026",1998
"Marbled_mrlt_WS_2026","Westport_2026","Marbled_mrlt_WS_2026","CC_NCC_Seabird_260","",2021-01-01,0,0,0,TRUE,78,"incl2026",1998
"Minke_wh_WS_2026","Westport_2026","Minke_wh_WS_2026","CC_NCC_Marine mammal_220","",1998-01-01,0,0,0,TRUE,38,"incl2026",1998
"Minke_wh_WS_2026","Westport_2026","Minke_wh_WS_2026","CC_NCC_Marine mammal_220","",1999-01-01,0,0,0,TRUE,38,"incl2026",1998
"Minke_wh_WS_2026","Westport_2026","Minke_wh_WS_2026","CC_NCC_Marine mammal_220","",2000-01-01,0,0,0,TRUE,38,"incl2026",1998
"Minke_wh_WS_2026","Westport_2026","Minke_wh_WS_2026","CC_NCC_Marine mammal_220","",2001-01-01,0,0,0,TRUE,38,"incl2026",1998
"Minke_wh_WS_2026","Westport_2026","Minke_wh_WS_2026","CC_NCC_Marine mammal_220","",2002-01-01,0,0,0,TRUE,38,"incl2026",1998
"Minke_wh_WS_2026","Westport_2026","Minke_wh_WS_2026","CC_NCC_Marine mammal_220","",2003-01-01,0,0,0,TRUE,38,"incl2026",1998
"Minke_wh_WS_2026","Westport_2026","Minke_wh_WS_2026","CC_NCC_Marine mammal_220","",2004-01-01,0,0,0,TRUE,38,"incl2026",1998
"Minke_wh_WS_2026","Westport_2026","Minke_wh_WS_2026","CC_NCC_Marine mammal_220","",2005-01-01,0,0,0,TRUE,38,"incl2026",1998
"Minke_wh_WS_2026","Westport_2026","Minke_wh_WS_2026","CC_NCC_Marine mammal_220","",2006-01-01,0,0,0,TRUE,38,"incl2026",1998
"Minke_wh_WS_2026","Westport_2026","Minke_wh_WS_2026","CC_NCC_Marine mammal_220","",2007-01-01,0,0,0,TRUE,38,"incl2026",1998
"Minke_wh_WS_2026","Westport_2026","Minke_wh_WS_2026","CC_NCC_Marine mammal_220","",2008-01-01,0,0,0,TRUE,38,"incl2026",1998
"Minke_wh_WS_2026","Westport_2026","Minke_wh_WS_2026","CC_NCC_Marine mammal_220","",2009-01-01,NA,0,0,TRUE,38,"incl2026",1998
"Minke_wh_WS_2026","Westport_2026","Minke_wh_WS_2026","CC_NCC_Marine mammal_220","",2010-01-01,0,0,0,TRUE,38,"incl2026",1998
"Minke_wh_WS_2026","Westport_2026","Minke_wh_WS_2026","CC_NCC_Marine mammal_220","",2011-01-01,0,0,0,TRUE,38,"incl2026",1998
"Minke_wh_WS_2026","Westport_2026","Minke_wh_WS_2026","CC_NCC_Marine mammal_220","",2012-01-01,0,0,0,TRUE,38,"incl2026",1998
"Minke_wh_WS_2026","Westport_2026","Minke_wh_WS_2026","CC_NCC_Marine mammal_220","",2013-01-01,0,0,0,TRUE,38,"incl2026",1998
"Minke_wh_WS_2026","Westport_2026","Minke_wh_WS_2026","CC_NCC_Marine mammal_220","",2014-01-01,0,0,0,TRUE,38,"incl2026",1998
"Minke_wh_WS_2026","Westport_2026","Minke_wh_WS_2026","CC_NCC_Marine mammal_220","",2015-01-01,0,0,0,TRUE,38,"incl2026",1998
"Minke_wh_WS_2026","Westport_2026","Minke_wh_WS_2026","CC_NCC_Marine mammal_220","",2016-01-01,0,0,0,TRUE,38,"incl2026",1998
"Minke_wh_WS_2026","Westport_2026","Minke_wh_WS_2026","CC_NCC_Marine mammal_220","",2017-01-01,0,0,0,TRUE,38,"incl2026",1998
"Minke_wh_WS_2026","Westport_2026","Minke_wh_WS_2026","CC_NCC_Marine mammal_220","",2018-01-01,0,0,0,TRUE,38,"incl2026",1998
"Minke_wh_WS_2026","Westport_2026","Minke_wh_WS_2026","CC_NCC_Marine mammal_220","",2019-01-01,0,0,0,TRUE,38,"incl2026",1998
"Minke_wh_WS_2026","Westport_2026","Minke_wh_WS_2026","CC_NCC_Marine mammal_220","",2020-01-01,0,0,0,TRUE,38,"incl2026",1998
"Minke_wh_WS_2026","Westport_2026","Minke_wh_WS_2026","CC_NCC_Marine mammal_220","",2021-01-01,0.0158730158730159,0.0158730158730159,0.0158730158730159,TRUE,38,"incl2026",1998
"Moon.jelly__2025","data_2025","MoonJelly__2025","CC_NCC_cnid_165","",1998-01-01,0,0,0,TRUE,79,"incl2026",1998
"Moon.jelly__2025","data_2025","MoonJelly__2025","CC_NCC_cnid_165","",1999-01-01,0.0267058587382205,0.0267058587382205,0.0267058587382205,TRUE,79,"incl2026",1998
"Moon.jelly__2025","data_2025","MoonJelly__2025","CC_NCC_cnid_165","",2000-01-01,1.10343744607295,1.10343744607295,1.10343744607295,TRUE,79,"incl2026",1998
"Moon.jelly__2025","data_2025","MoonJelly__2025","CC_NCC_cnid_165","",2001-01-01,0.164563742927158,0.164563742927158,0.164563742927158,TRUE,79,"incl2026",1998
"Moon.jelly__2025","data_2025","MoonJelly__2025","CC_NCC_cnid_165","",2002-01-01,0.0816466543345214,0.0816466543345214,0.0816466543345214,TRUE,79,"incl2026",1998
"Moon.jelly__2025","data_2025","MoonJelly__2025","CC_NCC_cnid_165","",2003-01-01,0.0177967171040752,0.0177967171040752,0.0177967171040752,TRUE,79,"incl2026",1998
"Moon.jelly__2025","data_2025","MoonJelly__2025","CC_NCC_cnid_165","",2004-01-01,5.62614392776756,5.62614392776756,5.62614392776756,TRUE,79,"incl2026",1998
"Moon.jelly__2025","data_2025","MoonJelly__2025","CC_NCC_cnid_165","",2005-01-01,0.189961726347341,0.189961726347341,0.189961726347341,TRUE,79,"incl2026",1998
"Moon.jelly__2025","data_2025","MoonJelly__2025","CC_NCC_cnid_165","",2006-01-01,0.0495518359583652,0.0495518359583652,0.0495518359583652,TRUE,79,"incl2026",1998
"Moon.jelly__2025","data_2025","MoonJelly__2025","CC_NCC_cnid_165","",2007-01-01,0.0614099360387965,0.0614099360387965,0.0614099360387965,TRUE,79,"incl2026",1998
"Moon.jelly__2025","data_2025","MoonJelly__2025","CC_NCC_cnid_165","",2008-01-01,0.0389543824060265,0.0389543824060265,0.0389543824060265,TRUE,79,"incl2026",1998
"Moon.jelly__2025","data_2025","MoonJelly__2025","CC_NCC_cnid_165","",2009-01-01,1.4719823869888,1.4719823869888,1.4719823869888,TRUE,79,"incl2026",1998
"Moon.jelly__2025","data_2025","MoonJelly__2025","CC_NCC_cnid_165","",2010-01-01,0.146684706271979,0.146684706271979,0.146684706271979,TRUE,79,"incl2026",1998
"Moon.jelly__2025","data_2025","MoonJelly__2025","CC_NCC_cnid_165","",2011-01-01,0.0257396732504143,0.0257396732504143,0.0257396732504143,TRUE,79,"incl2026",1998
"Moon.jelly__2025","data_2025","MoonJelly__2025","CC_NCC_cnid_165","",2012-01-01,0.0176961337248987,0.0176961337248987,0.0176961337248987,TRUE,79,"incl2026",1998
"Moon.jelly__2025","data_2025","MoonJelly__2025","CC_NCC_cnid_165","",2013-01-01,0.0215832436709509,0.0215832436709509,0.0215832436709509,TRUE,79,"incl2026",1998
"Moon.jelly__2025","data_2025","MoonJelly__2025","CC_NCC_cnid_165","",2014-01-01,0.0539613022473775,0.0539613022473775,0.0539613022473775,TRUE,79,"incl2026",1998
"Moon.jelly__2025","data_2025","MoonJelly__2025","CC_NCC_cnid_165","",2015-01-01,0.0824399194636468,0.0824399194636468,0.0824399194636468,TRUE,79,"incl2026",1998
"Moon.jelly__2025","data_2025","MoonJelly__2025","CC_NCC_cnid_165","",2016-01-01,0.220111535742714,0.220111535742714,0.220111535742714,TRUE,79,"incl2026",1998
"Moon.jelly__2025","data_2025","MoonJelly__2025","CC_NCC_cnid_165","",2017-01-01,0,0,0,TRUE,79,"incl2026",1998
"Moon.jelly__2025","data_2025","MoonJelly__2025","CC_NCC_cnid_165","",2018-01-01,0.56672341162258,0.56672341162258,0.56672341162258,TRUE,79,"incl2026",1998
"Moon.jelly__2025","data_2025","MoonJelly__2025","CC_NCC_cnid_165","",2019-01-01,0.128007829548455,0.128007829548455,0.128007829548455,TRUE,79,"incl2026",1998
"Moon.jelly__2025","data_2025","MoonJelly__2025","CC_NCC_cnid_165","",2020-01-01,1.34852997955388,1.34852997955388,1.34852997955388,TRUE,79,"incl2026",1998
"Moon.jelly__2025","data_2025","MoonJelly__2025","CC_NCC_cnid_165","",2021-01-01,0.139185684324645,0.139185684324645,0.139185684324645,TRUE,79,"incl2026",1998
"NHLlogSum_win_05_2026","plankton_2026","NHLlogSum_win_05_2026","CC_NCC_plank_207","",1998-01-01,NA,NA,NA,TRUE,80,"incl2026",1998
"NHLlogSum_win_05_2026","plankton_2026","NHLlogSum_win_05_2026","CC_NCC_plank_207","",1999-01-01,NA,NA,NA,TRUE,80,"incl2026",1998
"NHLlogSum_win_05_2026","plankton_2026","NHLlogSum_win_05_2026","CC_NCC_plank_207","",2000-01-01,NA,NA,NA,TRUE,80,"incl2026",1998
"NHLlogSum_win_05_2026","plankton_2026","NHLlogSum_win_05_2026","CC_NCC_plank_207","",2001-01-01,0.53446530776531,0.53446530776531,0.53446530776531,TRUE,80,"incl2026",1998
"NHLlogSum_win_05_2026","plankton_2026","NHLlogSum_win_05_2026","CC_NCC_plank_207","",2002-01-01,0.956239740556635,0.956239740556635,0.956239740556635,TRUE,80,"incl2026",1998
"NHLlogSum_win_05_2026","plankton_2026","NHLlogSum_win_05_2026","CC_NCC_plank_207","",2003-01-01,0.55626654635736,0.55626654635736,0.55626654635736,TRUE,80,"incl2026",1998
"NHLlogSum_win_05_2026","plankton_2026","NHLlogSum_win_05_2026","CC_NCC_plank_207","",2004-01-01,0.65929645761912,0.65929645761912,0.65929645761912,TRUE,80,"incl2026",1998
"NHLlogSum_win_05_2026","plankton_2026","NHLlogSum_win_05_2026","CC_NCC_plank_207","",2005-01-01,0.771564009832066,0.771564009832066,0.771564009832066,TRUE,80,"incl2026",1998
"NHLlogSum_win_05_2026","plankton_2026","NHLlogSum_win_05_2026","CC_NCC_plank_207","",2006-01-01,0.451285830897689,0.451285830897689,0.451285830897689,TRUE,80,"incl2026",1998
"NHLlogSum_win_05_2026","plankton_2026","NHLlogSum_win_05_2026","CC_NCC_plank_207","",2007-01-01,0.479856677725494,0.479856677725494,0.479856677725494,TRUE,80,"incl2026",1998
"NHLlogSum_win_05_2026","plankton_2026","NHLlogSum_win_05_2026","CC_NCC_plank_207","",2008-01-01,0.418607355513636,0.418607355513636,0.418607355513636,TRUE,80,"incl2026",1998
"NHLlogSum_win_05_2026","plankton_2026","NHLlogSum_win_05_2026","CC_NCC_plank_207","",2009-01-01,0.300452923966276,0.300452923966276,0.300452923966276,TRUE,80,"incl2026",1998
"NHLlogSum_win_05_2026","plankton_2026","NHLlogSum_win_05_2026","CC_NCC_plank_207","",2010-01-01,0.72073967331862,0.72073967331862,0.72073967331862,TRUE,80,"incl2026",1998
"NHLlogSum_win_05_2026","plankton_2026","NHLlogSum_win_05_2026","CC_NCC_plank_207","",2011-01-01,0.795141406628438,0.795141406628438,0.795141406628438,TRUE,80,"incl2026",1998
"NHLlogSum_win_05_2026","plankton_2026","NHLlogSum_win_05_2026","CC_NCC_plank_207","",2012-01-01,0.567666550379251,0.567666550379251,0.567666550379251,TRUE,80,"incl2026",1998
"NHLlogSum_win_05_2026","plankton_2026","NHLlogSum_win_05_2026","CC_NCC_plank_207","",2013-01-01,0.823810981833346,0.823810981833346,0.823810981833346,TRUE,80,"incl2026",1998
"NHLlogSum_win_05_2026","plankton_2026","NHLlogSum_win_05_2026","CC_NCC_plank_207","",2014-01-01,0.187914374022093,0.187914374022093,0.187914374022093,TRUE,80,"incl2026",1998
"NHLlogSum_win_05_2026","plankton_2026","NHLlogSum_win_05_2026","CC_NCC_plank_207","",2015-01-01,0.280612693161007,0.280612693161007,0.280612693161007,TRUE,80,"incl2026",1998
"NHLlogSum_win_05_2026","plankton_2026","NHLlogSum_win_05_2026","CC_NCC_plank_207","",2016-01-01,0.456406477311365,0.456406477311365,0.456406477311365,TRUE,80,"incl2026",1998
"NHLlogSum_win_05_2026","plankton_2026","NHLlogSum_win_05_2026","CC_NCC_plank_207","",2017-01-01,0.246578226128677,0.246578226128677,0.246578226128677,TRUE,80,"incl2026",1998
"NHLlogSum_win_05_2026","plankton_2026","NHLlogSum_win_05_2026","CC_NCC_plank_207","",2018-01-01,0.573364145657667,0.573364145657667,0.573364145657667,TRUE,80,"incl2026",1998
"NHLlogSum_win_05_2026","plankton_2026","NHLlogSum_win_05_2026","CC_NCC_plank_207","",2019-01-01,0.090481793645669,0.090481793645669,0.090481793645669,TRUE,80,"incl2026",1998
"NHLlogSum_win_05_2026","plankton_2026","NHLlogSum_win_05_2026","CC_NCC_plank_207","",2020-01-01,0.606398372274769,0.606398372274769,0.606398372274769,TRUE,80,"incl2026",1998
"NHLlogSum_win_05_2026","plankton_2026","NHLlogSum_win_05_2026","CC_NCC_plank_207","",2021-01-01,0.492650810689601,0.492650810689601,0.492650810689601,TRUE,80,"incl2026",1998
"NHLlogSum_win_15_2026","plankton_2026","NHLlogSum_win_15_2026","CC_NCC_plank_208","",1998-01-01,NA,NA,NA,TRUE,81,"incl2026",1998
"NHLlogSum_win_15_2026","plankton_2026","NHLlogSum_win_15_2026","CC_NCC_plank_208","",1999-01-01,NA,NA,NA,TRUE,81,"incl2026",1998
"NHLlogSum_win_15_2026","plankton_2026","NHLlogSum_win_15_2026","CC_NCC_plank_208","",2000-01-01,NA,NA,NA,TRUE,81,"incl2026",1998
"NHLlogSum_win_15_2026","plankton_2026","NHLlogSum_win_15_2026","CC_NCC_plank_208","",2001-01-01,0.386536255941893,0.386536255941893,0.386536255941893,TRUE,81,"incl2026",1998
"NHLlogSum_win_15_2026","plankton_2026","NHLlogSum_win_15_2026","CC_NCC_plank_208","",2002-01-01,0.345748190433066,0.345748190433066,0.345748190433066,TRUE,81,"incl2026",1998
"NHLlogSum_win_15_2026","plankton_2026","NHLlogSum_win_15_2026","CC_NCC_plank_208","",2003-01-01,0.515832557167024,0.515832557167024,0.515832557167024,TRUE,81,"incl2026",1998
"NHLlogSum_win_15_2026","plankton_2026","NHLlogSum_win_15_2026","CC_NCC_plank_208","",2004-01-01,0.249181545576471,0.249181545576471,0.249181545576471,TRUE,81,"incl2026",1998
"NHLlogSum_win_15_2026","plankton_2026","NHLlogSum_win_15_2026","CC_NCC_plank_208","",2005-01-01,0.398803970017458,0.398803970017458,0.398803970017458,TRUE,81,"incl2026",1998
"NHLlogSum_win_15_2026","plankton_2026","NHLlogSum_win_15_2026","CC_NCC_plank_208","",2006-01-01,0.400340381422833,0.400340381422833,0.400340381422833,TRUE,81,"incl2026",1998
"NHLlogSum_win_15_2026","plankton_2026","NHLlogSum_win_15_2026","CC_NCC_plank_208","",2007-01-01,0.468238719909574,0.468238719909574,0.468238719909574,TRUE,81,"incl2026",1998
"NHLlogSum_win_15_2026","plankton_2026","NHLlogSum_win_15_2026","CC_NCC_plank_208","",2008-01-01,0.59917072774677,0.59917072774677,0.59917072774677,TRUE,81,"incl2026",1998
"NHLlogSum_win_15_2026","plankton_2026","NHLlogSum_win_15_2026","CC_NCC_plank_208","",2009-01-01,0.396135194212403,0.396135194212403,0.396135194212403,TRUE,81,"incl2026",1998
"NHLlogSum_win_15_2026","plankton_2026","NHLlogSum_win_15_2026","CC_NCC_plank_208","",2010-01-01,0.356032685967025,0.356032685967025,0.356032685967025,TRUE,81,"incl2026",1998
"NHLlogSum_win_15_2026","plankton_2026","NHLlogSum_win_15_2026","CC_NCC_plank_208","",2011-01-01,0.67567121498802,0.67567121498802,0.67567121498802,TRUE,81,"incl2026",1998
"NHLlogSum_win_15_2026","plankton_2026","NHLlogSum_win_15_2026","CC_NCC_plank_208","",2012-01-01,0.103568463943105,0.103568463943105,0.103568463943105,TRUE,81,"incl2026",1998
"NHLlogSum_win_15_2026","plankton_2026","NHLlogSum_win_15_2026","CC_NCC_plank_208","",2013-01-01,0.457104684010451,0.457104684010451,0.457104684010451,TRUE,81,"incl2026",1998
"NHLlogSum_win_15_2026","plankton_2026","NHLlogSum_win_15_2026","CC_NCC_plank_208","",2014-01-01,0.364108957832863,0.364108957832863,0.364108957832863,TRUE,81,"incl2026",1998
"NHLlogSum_win_15_2026","plankton_2026","NHLlogSum_win_15_2026","CC_NCC_plank_208","",2015-01-01,0.606232310336399,0.606232310336399,0.606232310336399,TRUE,81,"incl2026",1998
"NHLlogSum_win_15_2026","plankton_2026","NHLlogSum_win_15_2026","CC_NCC_plank_208","",2016-01-01,0.365862135717109,0.365862135717109,0.365862135717109,TRUE,81,"incl2026",1998
"NHLlogSum_win_15_2026","plankton_2026","NHLlogSum_win_15_2026","CC_NCC_plank_208","",2017-01-01,0.491442929245111,0.491442929245111,0.491442929245111,TRUE,81,"incl2026",1998
"NHLlogSum_win_15_2026","plankton_2026","NHLlogSum_win_15_2026","CC_NCC_plank_208","",2018-01-01,0.41622713606974,0.41622713606974,0.41622713606974,TRUE,81,"incl2026",1998
"NHLlogSum_win_15_2026","plankton_2026","NHLlogSum_win_15_2026","CC_NCC_plank_208","",2019-01-01,-0.341515387351236,-0.341515387351236,-0.341515387351236,TRUE,81,"incl2026",1998
"NHLlogSum_win_15_2026","plankton_2026","NHLlogSum_win_15_2026","CC_NCC_plank_208","",2020-01-01,0.197244572937421,0.197244572937421,0.197244572937421,TRUE,81,"incl2026",1998
"NHLlogSum_win_15_2026","plankton_2026","NHLlogSum_win_15_2026","CC_NCC_plank_208","",2021-01-01,0.761123047129078,0.761123047129078,0.761123047129078,TRUE,81,"incl2026",1998
"NHLlogSum_win_25_2026","plankton_2026","NHLlogSum_win_25_2026","CC_NCC_plank_210","",1998-01-01,NA,NA,NA,TRUE,82,"incl2026",1998
"NHLlogSum_win_25_2026","plankton_2026","NHLlogSum_win_25_2026","CC_NCC_plank_210","",1999-01-01,NA,NA,NA,TRUE,82,"incl2026",1998
"NHLlogSum_win_25_2026","plankton_2026","NHLlogSum_win_25_2026","CC_NCC_plank_210","",2000-01-01,NA,NA,NA,TRUE,82,"incl2026",1998
"NHLlogSum_win_25_2026","plankton_2026","NHLlogSum_win_25_2026","CC_NCC_plank_210","",2001-01-01,0.166669880917567,0.166669880917567,0.166669880917567,TRUE,82,"incl2026",1998
"NHLlogSum_win_25_2026","plankton_2026","NHLlogSum_win_25_2026","CC_NCC_plank_210","",2002-01-01,-0.126192958376768,-0.126192958376768,-0.126192958376768,TRUE,82,"incl2026",1998
"NHLlogSum_win_25_2026","plankton_2026","NHLlogSum_win_25_2026","CC_NCC_plank_210","",2003-01-01,0.26178556364915,0.26178556364915,0.26178556364915,TRUE,82,"incl2026",1998
"NHLlogSum_win_25_2026","plankton_2026","NHLlogSum_win_25_2026","CC_NCC_plank_210","",2004-01-01,-0.103676333207537,-0.103676333207537,-0.103676333207537,TRUE,82,"incl2026",1998
"NHLlogSum_win_25_2026","plankton_2026","NHLlogSum_win_25_2026","CC_NCC_plank_210","",2005-01-01,0.418733778464233,0.418733778464233,0.418733778464233,TRUE,82,"incl2026",1998
"NHLlogSum_win_25_2026","plankton_2026","NHLlogSum_win_25_2026","CC_NCC_plank_210","",2006-01-01,0.382392934915032,0.382392934915032,0.382392934915032,TRUE,82,"incl2026",1998
"NHLlogSum_win_25_2026","plankton_2026","NHLlogSum_win_25_2026","CC_NCC_plank_210","",2007-01-01,0.272015716352692,0.272015716352692,0.272015716352692,TRUE,82,"incl2026",1998
"NHLlogSum_win_25_2026","plankton_2026","NHLlogSum_win_25_2026","CC_NCC_plank_210","",2008-01-01,0.114266500139307,0.114266500139307,0.114266500139307,TRUE,82,"incl2026",1998
"NHLlogSum_win_25_2026","plankton_2026","NHLlogSum_win_25_2026","CC_NCC_plank_210","",2009-01-01,0.063809615444276,0.063809615444276,0.063809615444276,TRUE,82,"incl2026",1998
"NHLlogSum_win_25_2026","plankton_2026","NHLlogSum_win_25_2026","CC_NCC_plank_210","",2010-01-01,0.488393212069171,0.488393212069171,0.488393212069171,TRUE,82,"incl2026",1998
"NHLlogSum_win_25_2026","plankton_2026","NHLlogSum_win_25_2026","CC_NCC_plank_210","",2011-01-01,0.565307206556724,0.565307206556724,0.565307206556724,TRUE,82,"incl2026",1998
"NHLlogSum_win_25_2026","plankton_2026","NHLlogSum_win_25_2026","CC_NCC_plank_210","",2012-01-01,0.527339206974409,0.527339206974409,0.527339206974409,TRUE,82,"incl2026",1998
"NHLlogSum_win_25_2026","plankton_2026","NHLlogSum_win_25_2026","CC_NCC_plank_210","",2013-01-01,0.451728701303933,0.451728701303933,0.451728701303933,TRUE,82,"incl2026",1998
"NHLlogSum_win_25_2026","plankton_2026","NHLlogSum_win_25_2026","CC_NCC_plank_210","",2014-01-01,0.138270925783848,0.138270925783848,0.138270925783848,TRUE,82,"incl2026",1998
"NHLlogSum_win_25_2026","plankton_2026","NHLlogSum_win_25_2026","CC_NCC_plank_210","",2015-01-01,0.575402871304247,0.575402871304247,0.575402871304247,TRUE,82,"incl2026",1998
"NHLlogSum_win_25_2026","plankton_2026","NHLlogSum_win_25_2026","CC_NCC_plank_210","",2016-01-01,0.122795414265433,0.122795414265433,0.122795414265433,TRUE,82,"incl2026",1998
"NHLlogSum_win_25_2026","plankton_2026","NHLlogSum_win_25_2026","CC_NCC_plank_210","",2017-01-01,0.406843829274991,0.406843829274991,0.406843829274991,TRUE,82,"incl2026",1998
"NHLlogSum_win_25_2026","plankton_2026","NHLlogSum_win_25_2026","CC_NCC_plank_210","",2018-01-01,0.152507887987823,0.152507887987823,0.152507887987823,TRUE,82,"incl2026",1998
"NHLlogSum_win_25_2026","plankton_2026","NHLlogSum_win_25_2026","CC_NCC_plank_210","",2019-01-01,-0.265613082893759,-0.265613082893759,-0.265613082893759,TRUE,82,"incl2026",1998
"NHLlogSum_win_25_2026","plankton_2026","NHLlogSum_win_25_2026","CC_NCC_plank_210","",2020-01-01,0.232372637158069,0.232372637158069,0.232372637158069,TRUE,82,"incl2026",1998
"NHLlogSum_win_25_2026","plankton_2026","NHLlogSum_win_25_2026","CC_NCC_plank_210","",2021-01-01,0.500368207339899,0.500368207339899,0.500368207339899,TRUE,82,"incl2026",1998
"Northern anchovy - NCC","CCIEA","northAnch_NCC","CC_NCC_fish_43","prey",1998-01-01,0.470588235294118,0.470588235294118,0.470588235294118,TRUE,83,"incl2026",1998
"Northern anchovy - NCC","CCIEA","northAnch_NCC","CC_NCC_fish_43","prey",1999-01-01,0.0689655172413793,0.0689655172413793,0.0689655172413793,TRUE,83,"incl2026",1998
"Northern anchovy - NCC","CCIEA","northAnch_NCC","CC_NCC_fish_43","prey",2000-01-01,0.230769230769231,0.230769230769231,0.230769230769231,TRUE,83,"incl2026",1998
"Northern anchovy - NCC","CCIEA","northAnch_NCC","CC_NCC_fish_43","prey",2001-01-01,0.135135135135135,0.135135135135135,0.135135135135135,TRUE,83,"incl2026",1998
"Northern anchovy - NCC","CCIEA","northAnch_NCC","CC_NCC_fish_43","prey",2002-01-01,0.117647058823529,0.117647058823529,0.117647058823529,TRUE,83,"incl2026",1998
"Northern anchovy - NCC","CCIEA","northAnch_NCC","CC_NCC_fish_43","prey",2003-01-01,0.263157894736842,0.263157894736842,0.263157894736842,TRUE,83,"incl2026",1998
"Northern anchovy - NCC","CCIEA","northAnch_NCC","CC_NCC_fish_43","prey",2004-01-01,0.666666666666667,0.666666666666667,0.666666666666667,TRUE,83,"incl2026",1998
"Northern anchovy - NCC","CCIEA","northAnch_NCC","CC_NCC_fish_43","prey",2005-01-01,0.575757575757576,0.575757575757576,0.575757575757576,TRUE,83,"incl2026",1998
"Northern anchovy - NCC","CCIEA","northAnch_NCC","CC_NCC_fish_43","prey",2006-01-01,0.27906976744186,0.27906976744186,0.27906976744186,TRUE,83,"incl2026",1998
"Northern anchovy - NCC","CCIEA","northAnch_NCC","CC_NCC_fish_43","prey",2007-01-01,0.272727272727273,0.272727272727273,0.272727272727273,TRUE,83,"incl2026",1998
"Northern anchovy - NCC","CCIEA","northAnch_NCC","CC_NCC_fish_43","prey",2008-01-01,0.155555555555556,0.155555555555556,0.155555555555556,TRUE,83,"incl2026",1998
"Northern anchovy - NCC","CCIEA","northAnch_NCC","CC_NCC_fish_43","prey",2009-01-01,0.177777777777778,0.177777777777778,0.177777777777778,TRUE,83,"incl2026",1998
"Northern anchovy - NCC","CCIEA","northAnch_NCC","CC_NCC_fish_43","prey",2010-01-01,0.222222222222222,0.222222222222222,0.222222222222222,TRUE,83,"incl2026",1998
"Northern anchovy - NCC","CCIEA","northAnch_NCC","CC_NCC_fish_43","prey",2011-01-01,0.227272727272727,0.227272727272727,0.227272727272727,TRUE,83,"incl2026",1998
"Northern anchovy - NCC","CCIEA","northAnch_NCC","CC_NCC_fish_43","prey",2012-01-01,0.136363636363636,0.136363636363636,0.136363636363636,TRUE,83,"incl2026",1998
"Northern anchovy - NCC","CCIEA","northAnch_NCC","CC_NCC_fish_43","prey",2013-01-01,0.177777777777778,0.177777777777778,0.177777777777778,TRUE,83,"incl2026",1998
"Northern anchovy - NCC","CCIEA","northAnch_NCC","CC_NCC_fish_43","prey",2014-01-01,0.0697674418604651,0.0697674418604651,0.0697674418604651,TRUE,83,"incl2026",1998
"Northern anchovy - NCC","CCIEA","northAnch_NCC","CC_NCC_fish_43","prey",2015-01-01,0.1,0.1,0.1,TRUE,83,"incl2026",1998
"Northern anchovy - NCC","CCIEA","northAnch_NCC","CC_NCC_fish_43","prey",2016-01-01,0.121951219512195,0.121951219512195,0.121951219512195,TRUE,83,"incl2026",1998
"Northern anchovy - NCC","CCIEA","northAnch_NCC","CC_NCC_fish_43","prey",2017-01-01,0.0714285714285714,0.0714285714285714,0.0714285714285714,TRUE,83,"incl2026",1998
"Northern anchovy - NCC","CCIEA","northAnch_NCC","CC_NCC_fish_43","prey",2018-01-01,0.0714285714285714,0.0714285714285714,0.0714285714285714,TRUE,83,"incl2026",1998
"Northern anchovy - NCC","CCIEA","northAnch_NCC","CC_NCC_fish_43","prey",2019-01-01,0.0714285714285714,0.0714285714285714,0.0714285714285714,TRUE,83,"incl2026",1998
"Northern anchovy - NCC","CCIEA","northAnch_NCC","CC_NCC_fish_43","prey",2020-01-01,0.0681818181818182,0.0681818181818182,0.0681818181818182,TRUE,83,"incl2026",1998
"Northern anchovy - NCC","CCIEA","northAnch_NCC","CC_NCC_fish_43","prey",2021-01-01,0.0238095238095238,0.0238095238095238,0.0238095238095238,TRUE,83,"incl2026",1998
"Northern_f_s_2yrLead_WS_2026","Westport_2026","Northern_f_s_2yrLead_WS_2026","CC_NCC_Marine mammal_229","",1998-01-01,0.1,0.1,0.1,TRUE,84,"incl2026",1998
"Northern_f_s_2yrLead_WS_2026","Westport_2026","Northern_f_s_2yrLead_WS_2026","CC_NCC_Marine mammal_229","",1999-01-01,0.0212765957446809,0.0212765957446809,0.0212765957446809,TRUE,84,"incl2026",1998
"Northern_f_s_2yrLead_WS_2026","Westport_2026","Northern_f_s_2yrLead_WS_2026","CC_NCC_Marine mammal_229","",2000-01-01,0,0,0,TRUE,84,"incl2026",1998
"Northern_f_s_2yrLead_WS_2026","Westport_2026","Northern_f_s_2yrLead_WS_2026","CC_NCC_Marine mammal_229","",2001-01-01,0.03125,0.03125,0.03125,TRUE,84,"incl2026",1998
"Northern_f_s_2yrLead_WS_2026","Westport_2026","Northern_f_s_2yrLead_WS_2026","CC_NCC_Marine mammal_229","",2002-01-01,0.0212765957446809,0.0212765957446809,0.0212765957446809,TRUE,84,"incl2026",1998
"Northern_f_s_2yrLead_WS_2026","Westport_2026","Northern_f_s_2yrLead_WS_2026","CC_NCC_Marine mammal_229","",2003-01-01,0.0588235294117647,0.0588235294117647,0.0588235294117647,TRUE,84,"incl2026",1998
"Northern_f_s_2yrLead_WS_2026","Westport_2026","Northern_f_s_2yrLead_WS_2026","CC_NCC_Marine mammal_229","",2004-01-01,0,0,0,TRUE,84,"incl2026",1998
"Northern_f_s_2yrLead_WS_2026","Westport_2026","Northern_f_s_2yrLead_WS_2026","CC_NCC_Marine mammal_229","",2005-01-01,0.106382978723404,0.106382978723404,0.106382978723404,TRUE,84,"incl2026",1998
"Northern_f_s_2yrLead_WS_2026","Westport_2026","Northern_f_s_2yrLead_WS_2026","CC_NCC_Marine mammal_229","",2006-01-01,0.0232558139534884,0.0232558139534884,0.0232558139534884,TRUE,84,"incl2026",1998
"Northern_f_s_2yrLead_WS_2026","Westport_2026","Northern_f_s_2yrLead_WS_2026","CC_NCC_Marine mammal_229","",2007-01-01,NA,0.0791954745443117,0.0791954745443117,TRUE,84,"incl2026",1998
"Northern_f_s_2yrLead_WS_2026","Westport_2026","Northern_f_s_2yrLead_WS_2026","CC_NCC_Marine mammal_229","",2008-01-01,0.135135135135135,0.135135135135135,0.135135135135135,TRUE,84,"incl2026",1998
"Northern_f_s_2yrLead_WS_2026","Westport_2026","Northern_f_s_2yrLead_WS_2026","CC_NCC_Marine mammal_229","",2009-01-01,0.0204081632653061,0.0204081632653061,0.0204081632653061,TRUE,84,"incl2026",1998
"Northern_f_s_2yrLead_WS_2026","Westport_2026","Northern_f_s_2yrLead_WS_2026","CC_NCC_Marine mammal_229","",2010-01-01,0.0930232558139535,0.0930232558139535,0.0930232558139535,TRUE,84,"incl2026",1998
"Northern_f_s_2yrLead_WS_2026","Westport_2026","Northern_f_s_2yrLead_WS_2026","CC_NCC_Marine mammal_229","",2011-01-01,0.0681818181818182,0.0681818181818182,0.0681818181818182,TRUE,84,"incl2026",1998
"Northern_f_s_2yrLead_WS_2026","Westport_2026","Northern_f_s_2yrLead_WS_2026","CC_NCC_Marine mammal_229","",2012-01-01,0.0851063829787234,0.0851063829787234,0.0851063829787234,TRUE,84,"incl2026",1998
"Northern_f_s_2yrLead_WS_2026","Westport_2026","Northern_f_s_2yrLead_WS_2026","CC_NCC_Marine mammal_229","",2013-01-01,0.0677966101694915,0.0677966101694915,0.0677966101694915,TRUE,84,"incl2026",1998
"Northern_f_s_2yrLead_WS_2026","Westport_2026","Northern_f_s_2yrLead_WS_2026","CC_NCC_Marine mammal_229","",2014-01-01,0.0634920634920635,0.0634920634920635,0.0634920634920635,TRUE,84,"incl2026",1998
"Northern_f_s_2yrLead_WS_2026","Westport_2026","Northern_f_s_2yrLead_WS_2026","CC_NCC_Marine mammal_229","",2015-01-01,0.0163934426229508,0.0163934426229508,0.0163934426229508,TRUE,84,"incl2026",1998
"Northern_f_s_2yrLead_WS_2026","Westport_2026","Northern_f_s_2yrLead_WS_2026","CC_NCC_Marine mammal_229","",2016-01-01,0.0172413793103448,0.0172413793103448,0.0172413793103448,TRUE,84,"incl2026",1998
"Northern_f_s_2yrLead_WS_2026","Westport_2026","Northern_f_s_2yrLead_WS_2026","CC_NCC_Marine mammal_229","",2017-01-01,0.146341463414634,0.146341463414634,0.146341463414634,TRUE,84,"incl2026",1998
"Northern_f_s_2yrLead_WS_2026","Westport_2026","Northern_f_s_2yrLead_WS_2026","CC_NCC_Marine mammal_229","",2018-01-01,0.0625,0.0625,0.0625,TRUE,84,"incl2026",1998
"Northern_f_s_2yrLead_WS_2026","Westport_2026","Northern_f_s_2yrLead_WS_2026","CC_NCC_Marine mammal_229","",2019-01-01,0,0,0,TRUE,84,"incl2026",1998
"Northern_f_s_2yrLead_WS_2026","Westport_2026","Northern_f_s_2yrLead_WS_2026","CC_NCC_Marine mammal_229","",2020-01-01,0.012987012987013,0.012987012987013,0.012987012987013,TRUE,84,"incl2026",1998
"Northern_f_s_2yrLead_WS_2026","Westport_2026","Northern_f_s_2yrLead_WS_2026","CC_NCC_Marine mammal_229","",2021-01-01,0.0975609756097561,0.0975609756097561,0.0975609756097561,TRUE,84,"incl2026",1998
"Northern_f_s_WS_2026","Westport_2026","Northern_f_s_WS_2026","CC_NCC_Marine mammal_228","",1998-01-01,0.578947368421053,0.578947368421053,0.578947368421053,TRUE,85,"incl2026",1998
"Northern_f_s_WS_2026","Westport_2026","Northern_f_s_WS_2026","CC_NCC_Marine mammal_228","",1999-01-01,0.277777777777778,0.277777777777778,0.277777777777778,TRUE,85,"incl2026",1998
"Northern_f_s_WS_2026","Westport_2026","Northern_f_s_WS_2026","CC_NCC_Marine mammal_228","",2000-01-01,0.1,0.1,0.1,TRUE,85,"incl2026",1998
"Northern_f_s_WS_2026","Westport_2026","Northern_f_s_WS_2026","CC_NCC_Marine mammal_228","",2001-01-01,0.0212765957446809,0.0212765957446809,0.0212765957446809,TRUE,85,"incl2026",1998
"Northern_f_s_WS_2026","Westport_2026","Northern_f_s_WS_2026","CC_NCC_Marine mammal_228","",2002-01-01,0,0,0,TRUE,85,"incl2026",1998
"Northern_f_s_WS_2026","Westport_2026","Northern_f_s_WS_2026","CC_NCC_Marine mammal_228","",2003-01-01,0.03125,0.03125,0.03125,TRUE,85,"incl2026",1998
"Northern_f_s_WS_2026","Westport_2026","Northern_f_s_WS_2026","CC_NCC_Marine mammal_228","",2004-01-01,0.0212765957446809,0.0212765957446809,0.0212765957446809,TRUE,85,"incl2026",1998
"Northern_f_s_WS_2026","Westport_2026","Northern_f_s_WS_2026","CC_NCC_Marine mammal_228","",2005-01-01,0.0588235294117647,0.0588235294117647,0.0588235294117647,TRUE,85,"incl2026",1998
"Northern_f_s_WS_2026","Westport_2026","Northern_f_s_WS_2026","CC_NCC_Marine mammal_228","",2006-01-01,0,0,0,TRUE,85,"incl2026",1998
"Northern_f_s_WS_2026","Westport_2026","Northern_f_s_WS_2026","CC_NCC_Marine mammal_228","",2007-01-01,0.106382978723404,0.106382978723404,0.106382978723404,TRUE,85,"incl2026",1998
"Northern_f_s_WS_2026","Westport_2026","Northern_f_s_WS_2026","CC_NCC_Marine mammal_228","",2008-01-01,0.0232558139534884,0.0232558139534884,0.0232558139534884,TRUE,85,"incl2026",1998
"Northern_f_s_WS_2026","Westport_2026","Northern_f_s_WS_2026","CC_NCC_Marine mammal_228","",2009-01-01,NA,0.0791954745443117,0.0791954745443117,TRUE,85,"incl2026",1998
"Northern_f_s_WS_2026","Westport_2026","Northern_f_s_WS_2026","CC_NCC_Marine mammal_228","",2010-01-01,0.135135135135135,0.135135135135135,0.135135135135135,TRUE,85,"incl2026",1998
"Northern_f_s_WS_2026","Westport_2026","Northern_f_s_WS_2026","CC_NCC_Marine mammal_228","",2011-01-01,0.0204081632653061,0.0204081632653061,0.0204081632653061,TRUE,85,"incl2026",1998
"Northern_f_s_WS_2026","Westport_2026","Northern_f_s_WS_2026","CC_NCC_Marine mammal_228","",2012-01-01,0.0930232558139535,0.0930232558139535,0.0930232558139535,TRUE,85,"incl2026",1998
"Northern_f_s_WS_2026","Westport_2026","Northern_f_s_WS_2026","CC_NCC_Marine mammal_228","",2013-01-01,0.0681818181818182,0.0681818181818182,0.0681818181818182,TRUE,85,"incl2026",1998
"Northern_f_s_WS_2026","Westport_2026","Northern_f_s_WS_2026","CC_NCC_Marine mammal_228","",2014-01-01,0.0851063829787234,0.0851063829787234,0.0851063829787234,TRUE,85,"incl2026",1998
"Northern_f_s_WS_2026","Westport_2026","Northern_f_s_WS_2026","CC_NCC_Marine mammal_228","",2015-01-01,0.0677966101694915,0.0677966101694915,0.0677966101694915,TRUE,85,"incl2026",1998
"Northern_f_s_WS_2026","Westport_2026","Northern_f_s_WS_2026","CC_NCC_Marine mammal_228","",2016-01-01,0.0634920634920635,0.0634920634920635,0.0634920634920635,TRUE,85,"incl2026",1998
"Northern_f_s_WS_2026","Westport_2026","Northern_f_s_WS_2026","CC_NCC_Marine mammal_228","",2017-01-01,0.0163934426229508,0.0163934426229508,0.0163934426229508,TRUE,85,"incl2026",1998
"Northern_f_s_WS_2026","Westport_2026","Northern_f_s_WS_2026","CC_NCC_Marine mammal_228","",2018-01-01,0.0172413793103448,0.0172413793103448,0.0172413793103448,TRUE,85,"incl2026",1998
"Northern_f_s_WS_2026","Westport_2026","Northern_f_s_WS_2026","CC_NCC_Marine mammal_228","",2019-01-01,0.146341463414634,0.146341463414634,0.146341463414634,TRUE,85,"incl2026",1998
"Northern_f_s_WS_2026","Westport_2026","Northern_f_s_WS_2026","CC_NCC_Marine mammal_228","",2020-01-01,0.0625,0.0625,0.0625,TRUE,85,"incl2026",1998
"Northern_f_s_WS_2026","Westport_2026","Northern_f_s_WS_2026","CC_NCC_Marine mammal_228","",2021-01-01,0,0,0,TRUE,85,"incl2026",1998
"Northern_fulm_WS_2026","Westport_2026","Northern_fulm_WS_2026","CC_NCC_Seabird_257","",1998-01-01,0.578947368421053,0.578947368421053,0.578947368421053,TRUE,86,"incl2026",1998
"Northern_fulm_WS_2026","Westport_2026","Northern_fulm_WS_2026","CC_NCC_Seabird_257","",1999-01-01,0.111111111111111,0.111111111111111,0.111111111111111,TRUE,86,"incl2026",1998
"Northern_fulm_WS_2026","Westport_2026","Northern_fulm_WS_2026","CC_NCC_Seabird_257","",2000-01-01,0.233333333333333,0.233333333333333,0.233333333333333,TRUE,86,"incl2026",1998
"Northern_fulm_WS_2026","Westport_2026","Northern_fulm_WS_2026","CC_NCC_Seabird_257","",2001-01-01,0.340425531914894,0.340425531914894,0.340425531914894,TRUE,86,"incl2026",1998
"Northern_fulm_WS_2026","Westport_2026","Northern_fulm_WS_2026","CC_NCC_Seabird_257","",2002-01-01,0.145161290322581,0.145161290322581,0.145161290322581,TRUE,86,"incl2026",1998
"Northern_fulm_WS_2026","Westport_2026","Northern_fulm_WS_2026","CC_NCC_Seabird_257","",2003-01-01,0.3125,0.3125,0.3125,TRUE,86,"incl2026",1998
"Northern_fulm_WS_2026","Westport_2026","Northern_fulm_WS_2026","CC_NCC_Seabird_257","",2004-01-01,0.319148936170213,0.319148936170213,0.319148936170213,TRUE,86,"incl2026",1998
"Northern_fulm_WS_2026","Westport_2026","Northern_fulm_WS_2026","CC_NCC_Seabird_257","",2005-01-01,0.470588235294118,0.470588235294118,0.470588235294118,TRUE,86,"incl2026",1998
"Northern_fulm_WS_2026","Westport_2026","Northern_fulm_WS_2026","CC_NCC_Seabird_257","",2006-01-01,0.111111111111111,0.111111111111111,0.111111111111111,TRUE,86,"incl2026",1998
"Northern_fulm_WS_2026","Westport_2026","Northern_fulm_WS_2026","CC_NCC_Seabird_257","",2007-01-01,0.297872340425532,0.297872340425532,0.297872340425532,TRUE,86,"incl2026",1998
"Northern_fulm_WS_2026","Westport_2026","Northern_fulm_WS_2026","CC_NCC_Seabird_257","",2008-01-01,0.0232558139534884,0.0232558139534884,0.0232558139534884,TRUE,86,"incl2026",1998
"Northern_fulm_WS_2026","Westport_2026","Northern_fulm_WS_2026","CC_NCC_Seabird_257","",2009-01-01,NA,0.146763042111879,0.146763042111879,TRUE,86,"incl2026",1998
"Northern_fulm_WS_2026","Westport_2026","Northern_fulm_WS_2026","CC_NCC_Seabird_257","",2010-01-01,0.27027027027027,0.27027027027027,0.27027027027027,TRUE,86,"incl2026",1998
"Northern_fulm_WS_2026","Westport_2026","Northern_fulm_WS_2026","CC_NCC_Seabird_257","",2011-01-01,0.408163265306122,0.408163265306122,0.408163265306122,TRUE,86,"incl2026",1998
"Northern_fulm_WS_2026","Westport_2026","Northern_fulm_WS_2026","CC_NCC_Seabird_257","",2012-01-01,0.186046511627907,0.186046511627907,0.186046511627907,TRUE,86,"incl2026",1998
"Northern_fulm_WS_2026","Westport_2026","Northern_fulm_WS_2026","CC_NCC_Seabird_257","",2013-01-01,0.113636363636364,0.113636363636364,0.113636363636364,TRUE,86,"incl2026",1998
"Northern_fulm_WS_2026","Westport_2026","Northern_fulm_WS_2026","CC_NCC_Seabird_257","",2014-01-01,0.127659574468085,0.127659574468085,0.127659574468085,TRUE,86,"incl2026",1998
"Northern_fulm_WS_2026","Westport_2026","Northern_fulm_WS_2026","CC_NCC_Seabird_257","",2015-01-01,0.186440677966102,0.186440677966102,0.186440677966102,TRUE,86,"incl2026",1998
"Northern_fulm_WS_2026","Westport_2026","Northern_fulm_WS_2026","CC_NCC_Seabird_257","",2016-01-01,0.111111111111111,0.111111111111111,0.111111111111111,TRUE,86,"incl2026",1998
"Northern_fulm_WS_2026","Westport_2026","Northern_fulm_WS_2026","CC_NCC_Seabird_257","",2017-01-01,0.163934426229508,0.163934426229508,0.163934426229508,TRUE,86,"incl2026",1998
"Northern_fulm_WS_2026","Westport_2026","Northern_fulm_WS_2026","CC_NCC_Seabird_257","",2018-01-01,0.120689655172414,0.120689655172414,0.120689655172414,TRUE,86,"incl2026",1998
"Northern_fulm_WS_2026","Westport_2026","Northern_fulm_WS_2026","CC_NCC_Seabird_257","",2019-01-01,0.195121951219512,0.195121951219512,0.195121951219512,TRUE,86,"incl2026",1998
"Northern_fulm_WS_2026","Westport_2026","Northern_fulm_WS_2026","CC_NCC_Seabird_257","",2020-01-01,0.375,0.375,0.375,TRUE,86,"incl2026",1998
"Northern_fulm_WS_2026","Westport_2026","Northern_fulm_WS_2026","CC_NCC_Seabird_257","",2021-01-01,0.253968253968254,0.253968253968254,0.253968253968254,TRUE,86,"incl2026",1998
"Northern_right_wh_d_WS_2026","Westport_2026","Northern_right_wh_d_WS_2026","CC_NCC_Marine mammal_234","",1998-01-01,0,0,0,TRUE,87,"incl2026",1998
"Northern_right_wh_d_WS_2026","Westport_2026","Northern_right_wh_d_WS_2026","CC_NCC_Marine mammal_234","",1999-01-01,0,0,0,TRUE,87,"incl2026",1998
"Northern_right_wh_d_WS_2026","Westport_2026","Northern_right_wh_d_WS_2026","CC_NCC_Marine mammal_234","",2000-01-01,0,0,0,TRUE,87,"incl2026",1998
"Northern_right_wh_d_WS_2026","Westport_2026","Northern_right_wh_d_WS_2026","CC_NCC_Marine mammal_234","",2001-01-01,0,0,0,TRUE,87,"incl2026",1998
"Northern_right_wh_d_WS_2026","Westport_2026","Northern_right_wh_d_WS_2026","CC_NCC_Marine mammal_234","",2002-01-01,0,0,0,TRUE,87,"incl2026",1998
"Northern_right_wh_d_WS_2026","Westport_2026","Northern_right_wh_d_WS_2026","CC_NCC_Marine mammal_234","",2003-01-01,0,0,0,TRUE,87,"incl2026",1998
"Northern_right_wh_d_WS_2026","Westport_2026","Northern_right_wh_d_WS_2026","CC_NCC_Marine mammal_234","",2004-01-01,0,0,0,TRUE,87,"incl2026",1998
"Northern_right_wh_d_WS_2026","Westport_2026","Northern_right_wh_d_WS_2026","CC_NCC_Marine mammal_234","",2005-01-01,0,0,0,TRUE,87,"incl2026",1998
"Northern_right_wh_d_WS_2026","Westport_2026","Northern_right_wh_d_WS_2026","CC_NCC_Marine mammal_234","",2006-01-01,0,0,0,TRUE,87,"incl2026",1998
"Northern_right_wh_d_WS_2026","Westport_2026","Northern_right_wh_d_WS_2026","CC_NCC_Marine mammal_234","",2007-01-01,0,0,0,TRUE,87,"incl2026",1998
"Northern_right_wh_d_WS_2026","Westport_2026","Northern_right_wh_d_WS_2026","CC_NCC_Marine mammal_234","",2008-01-01,0,0,0,TRUE,87,"incl2026",1998
"Northern_right_wh_d_WS_2026","Westport_2026","Northern_right_wh_d_WS_2026","CC_NCC_Marine mammal_234","",2009-01-01,NA,0.0135135135135135,0.0135135135135135,TRUE,87,"incl2026",1998
"Northern_right_wh_d_WS_2026","Westport_2026","Northern_right_wh_d_WS_2026","CC_NCC_Marine mammal_234","",2010-01-01,0.027027027027027,0.027027027027027,0.027027027027027,TRUE,87,"incl2026",1998
"Northern_right_wh_d_WS_2026","Westport_2026","Northern_right_wh_d_WS_2026","CC_NCC_Marine mammal_234","",2011-01-01,0,0,0,TRUE,87,"incl2026",1998
"Northern_right_wh_d_WS_2026","Westport_2026","Northern_right_wh_d_WS_2026","CC_NCC_Marine mammal_234","",2012-01-01,0,0,0,TRUE,87,"incl2026",1998
"Northern_right_wh_d_WS_2026","Westport_2026","Northern_right_wh_d_WS_2026","CC_NCC_Marine mammal_234","",2013-01-01,0,0,0,TRUE,87,"incl2026",1998
"Northern_right_wh_d_WS_2026","Westport_2026","Northern_right_wh_d_WS_2026","CC_NCC_Marine mammal_234","",2014-01-01,0,0,0,TRUE,87,"incl2026",1998
"Northern_right_wh_d_WS_2026","Westport_2026","Northern_right_wh_d_WS_2026","CC_NCC_Marine mammal_234","",2015-01-01,0.0169491525423729,0.0169491525423729,0.0169491525423729,TRUE,87,"incl2026",1998
"Northern_right_wh_d_WS_2026","Westport_2026","Northern_right_wh_d_WS_2026","CC_NCC_Marine mammal_234","",2016-01-01,0.0317460317460317,0.0317460317460317,0.0317460317460317,TRUE,87,"incl2026",1998
"Northern_right_wh_d_WS_2026","Westport_2026","Northern_right_wh_d_WS_2026","CC_NCC_Marine mammal_234","",2017-01-01,0.0327868852459016,0.0327868852459016,0.0327868852459016,TRUE,87,"incl2026",1998
"Northern_right_wh_d_WS_2026","Westport_2026","Northern_right_wh_d_WS_2026","CC_NCC_Marine mammal_234","",2018-01-01,0,0,0,TRUE,87,"incl2026",1998
"Northern_right_wh_d_WS_2026","Westport_2026","Northern_right_wh_d_WS_2026","CC_NCC_Marine mammal_234","",2019-01-01,0,0,0,TRUE,87,"incl2026",1998
"Northern_right_wh_d_WS_2026","Westport_2026","Northern_right_wh_d_WS_2026","CC_NCC_Marine mammal_234","",2020-01-01,0,0,0,TRUE,87,"incl2026",1998
"Northern_right_wh_d_WS_2026","Westport_2026","Northern_right_wh_d_WS_2026","CC_NCC_Marine mammal_234","",2021-01-01,0,0,0,TRUE,87,"incl2026",1998
"Pacific Pompano - NCC","CCIEA","pompano_NCC","CC_NCC_fish_44","prey",1998-01-01,0,0,0,TRUE,4,"incl2026",1998
"Pacific Pompano - NCC","CCIEA","pompano_NCC","CC_NCC_fish_44","prey",1999-01-01,0,0,0,TRUE,4,"incl2026",1998
"Pacific Pompano - NCC","CCIEA","pompano_NCC","CC_NCC_fish_44","prey",2000-01-01,0,0,0,TRUE,4,"incl2026",1998
"Pacific Pompano - NCC","CCIEA","pompano_NCC","CC_NCC_fish_44","prey",2001-01-01,0,0,0,TRUE,4,"incl2026",1998
"Pacific Pompano - NCC","CCIEA","pompano_NCC","CC_NCC_fish_44","prey",2002-01-01,0,0,0,TRUE,4,"incl2026",1998
"Pacific Pompano - NCC","CCIEA","pompano_NCC","CC_NCC_fish_44","prey",2003-01-01,0.037687942,0.037687942,0.037687942,TRUE,4,"incl2026",1998
"Pacific Pompano - NCC","CCIEA","pompano_NCC","CC_NCC_fish_44","prey",2004-01-01,0.018848047,0.018848047,0.018848047,TRUE,4,"incl2026",1998
"Pacific Pompano - NCC","CCIEA","pompano_NCC","CC_NCC_fish_44","prey",2005-01-01,0,0,0,TRUE,4,"incl2026",1998
"Pacific Pompano - NCC","CCIEA","pompano_NCC","CC_NCC_fish_44","prey",2006-01-01,0.015947271,0.015947271,0.015947271,TRUE,4,"incl2026",1998
"Pacific Pompano - NCC","CCIEA","pompano_NCC","CC_NCC_fish_44","prey",2007-01-01,0,0,0,TRUE,4,"incl2026",1998
"Pacific Pompano - NCC","CCIEA","pompano_NCC","CC_NCC_fish_44","prey",2008-01-01,0,0,0,TRUE,4,"incl2026",1998
"Pacific Pompano - NCC","CCIEA","pompano_NCC","CC_NCC_fish_44","prey",2009-01-01,0,0,0,TRUE,4,"incl2026",1998
"Pacific Pompano - NCC","CCIEA","pompano_NCC","CC_NCC_fish_44","prey",2010-01-01,0,0,0,TRUE,4,"incl2026",1998
"Pacific Pompano - NCC","CCIEA","pompano_NCC","CC_NCC_fish_44","prey",2011-01-01,0.002236847,0.002236847,0.002236847,TRUE,4,"incl2026",1998
"Pacific Pompano - NCC","CCIEA","pompano_NCC","CC_NCC_fish_44","prey",2012-01-01,0,0,0,TRUE,4,"incl2026",1998
"Pacific Pompano - NCC","CCIEA","pompano_NCC","CC_NCC_fish_44","prey",2013-01-01,0,0,0,TRUE,4,"incl2026",1998
"Pacific Pompano - NCC","CCIEA","pompano_NCC","CC_NCC_fish_44","prey",2014-01-01,0.017817633,0.017817633,0.017817633,TRUE,4,"incl2026",1998
"Pacific Pompano - NCC","CCIEA","pompano_NCC","CC_NCC_fish_44","prey",2015-01-01,0.055515584,0.055515584,0.055515584,TRUE,4,"incl2026",1998
"Pacific Pompano - NCC","CCIEA","pompano_NCC","CC_NCC_fish_44","prey",2016-01-01,0.13657,0.13657,0.13657,TRUE,4,"incl2026",1998
"Pacific Pompano - NCC","CCIEA","pompano_NCC","CC_NCC_fish_44","prey",2017-01-01,0.103504404,0.103504404,0.103504404,TRUE,4,"incl2026",1998
"Pacific Pompano - NCC","CCIEA","pompano_NCC","CC_NCC_fish_44","prey",2018-01-01,0.055165906,0.055165906,0.055165906,TRUE,4,"incl2026",1998
"Pacific Pompano - NCC","CCIEA","pompano_NCC","CC_NCC_fish_44","prey",2019-01-01,0.028117616,0.028117616,0.028117616,TRUE,4,"incl2026",1998
"Pacific Pompano - NCC","CCIEA","pompano_NCC","CC_NCC_fish_44","prey",2020-01-01,0.006718677,0.006718677,0.006718677,TRUE,4,"incl2026",1998
"Pacific Pompano - NCC","CCIEA","pompano_NCC","CC_NCC_fish_44","prey",2021-01-01,0,0,0,TRUE,4,"incl2026",1998
"Pacific chub mackerel - NCC","CCIEA","chubMack_NCC","CC_NCC_fish_33","predator",1998-01-01,0.352941176470588,0.352941176470588,0.352941176470588,TRUE,85,"incl2026",1998
"Pacific chub mackerel - NCC","CCIEA","chubMack_NCC","CC_NCC_fish_33","predator",1999-01-01,0.0344827586206897,0.0344827586206897,0.0344827586206897,TRUE,85,"incl2026",1998
"Pacific chub mackerel - NCC","CCIEA","chubMack_NCC","CC_NCC_fish_33","predator",2000-01-01,0,0,0,TRUE,85,"incl2026",1998
"Pacific chub mackerel - NCC","CCIEA","chubMack_NCC","CC_NCC_fish_33","predator",2001-01-01,0.0810810810810811,0.0810810810810811,0.0810810810810811,TRUE,85,"incl2026",1998
"Pacific chub mackerel - NCC","CCIEA","chubMack_NCC","CC_NCC_fish_33","predator",2002-01-01,0,0,0,TRUE,85,"incl2026",1998
"Pacific chub mackerel - NCC","CCIEA","chubMack_NCC","CC_NCC_fish_33","predator",2003-01-01,0.0263157894736842,0.0263157894736842,0.0263157894736842,TRUE,85,"incl2026",1998
"Pacific chub mackerel - NCC","CCIEA","chubMack_NCC","CC_NCC_fish_33","predator",2004-01-01,0,0,0,TRUE,85,"incl2026",1998
"Pacific chub mackerel - NCC","CCIEA","chubMack_NCC","CC_NCC_fish_33","predator",2005-01-01,0.0606060606060606,0.0606060606060606,0.0606060606060606,TRUE,85,"incl2026",1998
"Pacific chub mackerel - NCC","CCIEA","chubMack_NCC","CC_NCC_fish_33","predator",2006-01-01,0.0465116279069767,0.0465116279069767,0.0465116279069767,TRUE,85,"incl2026",1998
"Pacific chub mackerel - NCC","CCIEA","chubMack_NCC","CC_NCC_fish_33","predator",2007-01-01,0,0,0,TRUE,85,"incl2026",1998
"Pacific chub mackerel - NCC","CCIEA","chubMack_NCC","CC_NCC_fish_33","predator",2008-01-01,0,0,0,TRUE,85,"incl2026",1998
"Pacific chub mackerel - NCC","CCIEA","chubMack_NCC","CC_NCC_fish_33","predator",2009-01-01,0.0444444444444444,0.0444444444444444,0.0444444444444444,TRUE,85,"incl2026",1998
"Pacific chub mackerel - NCC","CCIEA","chubMack_NCC","CC_NCC_fish_33","predator",2010-01-01,0,0,0,TRUE,85,"incl2026",1998
"Pacific chub mackerel - NCC","CCIEA","chubMack_NCC","CC_NCC_fish_33","predator",2011-01-01,0.0681818181818182,0.0681818181818182,0.0681818181818182,TRUE,85,"incl2026",1998
"Pacific chub mackerel - NCC","CCIEA","chubMack_NCC","CC_NCC_fish_33","predator",2012-01-01,0.0454545454545455,0.0454545454545455,0.0454545454545455,TRUE,85,"incl2026",1998
"Pacific chub mackerel - NCC","CCIEA","chubMack_NCC","CC_NCC_fish_33","predator",2013-01-01,0,0,0,TRUE,85,"incl2026",1998
"Pacific chub mackerel - NCC","CCIEA","chubMack_NCC","CC_NCC_fish_33","predator",2014-01-01,0.116279069767442,0.116279069767442,0.116279069767442,TRUE,85,"incl2026",1998
"Pacific chub mackerel - NCC","CCIEA","chubMack_NCC","CC_NCC_fish_33","predator",2015-01-01,0.025,0.025,0.025,TRUE,85,"incl2026",1998
"Pacific chub mackerel - NCC","CCIEA","chubMack_NCC","CC_NCC_fish_33","predator",2016-01-01,0.0731707317073171,0.0731707317073171,0.0731707317073171,TRUE,85,"incl2026",1998
"Pacific chub mackerel - NCC","CCIEA","chubMack_NCC","CC_NCC_fish_33","predator",2017-01-01,0.142857142857143,0.142857142857143,0.142857142857143,TRUE,85,"incl2026",1998
"Pacific chub mackerel - NCC","CCIEA","chubMack_NCC","CC_NCC_fish_33","predator",2018-01-01,0,0,0,TRUE,85,"incl2026",1998
"Pacific chub mackerel - NCC","CCIEA","chubMack_NCC","CC_NCC_fish_33","predator",2019-01-01,0,0,0,TRUE,85,"incl2026",1998
"Pacific chub mackerel - NCC","CCIEA","chubMack_NCC","CC_NCC_fish_33","predator",2020-01-01,0,0,0,TRUE,85,"incl2026",1998
"Pacific chub mackerel - NCC","CCIEA","chubMack_NCC","CC_NCC_fish_33","predator",2021-01-01,0,0,0,TRUE,85,"incl2026",1998
"Pacific hake - NCC","CCIEA","hake_NCC","CC_NCC_fish_39","predator",1998-01-01,0.294117647058824,0.294117647058824,0.294117647058824,TRUE,85,"incl2026",1998
"Pacific hake - NCC","CCIEA","hake_NCC","CC_NCC_fish_39","predator",1999-01-01,0.0689655172413793,0.0689655172413793,0.0689655172413793,TRUE,85,"incl2026",1998
"Pacific hake - NCC","CCIEA","hake_NCC","CC_NCC_fish_39","predator",2000-01-01,0,0,0,TRUE,85,"incl2026",1998
"Pacific hake - NCC","CCIEA","hake_NCC","CC_NCC_fish_39","predator",2001-01-01,0,0,0,TRUE,85,"incl2026",1998
"Pacific hake - NCC","CCIEA","hake_NCC","CC_NCC_fish_39","predator",2002-01-01,0.0294117647058824,0.0294117647058824,0.0294117647058824,TRUE,85,"incl2026",1998
"Pacific hake - NCC","CCIEA","hake_NCC","CC_NCC_fish_39","predator",2003-01-01,0.0263157894736842,0.0263157894736842,0.0263157894736842,TRUE,85,"incl2026",1998
"Pacific hake - NCC","CCIEA","hake_NCC","CC_NCC_fish_39","predator",2004-01-01,0,0,0,TRUE,85,"incl2026",1998
"Pacific hake - NCC","CCIEA","hake_NCC","CC_NCC_fish_39","predator",2005-01-01,0,0,0,TRUE,85,"incl2026",1998
"Pacific hake - NCC","CCIEA","hake_NCC","CC_NCC_fish_39","predator",2006-01-01,0.0232558139534884,0.0232558139534884,0.0232558139534884,TRUE,85,"incl2026",1998
"Pacific hake - NCC","CCIEA","hake_NCC","CC_NCC_fish_39","predator",2007-01-01,0.0454545454545455,0.0454545454545455,0.0454545454545455,TRUE,85,"incl2026",1998
"Pacific hake - NCC","CCIEA","hake_NCC","CC_NCC_fish_39","predator",2008-01-01,0,0,0,TRUE,85,"incl2026",1998
"Pacific hake - NCC","CCIEA","hake_NCC","CC_NCC_fish_39","predator",2009-01-01,0,0,0,TRUE,85,"incl2026",1998
"Pacific hake - NCC","CCIEA","hake_NCC","CC_NCC_fish_39","predator",2010-01-01,0,0,0,TRUE,85,"incl2026",1998
"Pacific hake - NCC","CCIEA","hake_NCC","CC_NCC_fish_39","predator",2011-01-01,0.0227272727272727,0.0227272727272727,0.0227272727272727,TRUE,85,"incl2026",1998
"Pacific hake - NCC","CCIEA","hake_NCC","CC_NCC_fish_39","predator",2012-01-01,0,0,0,TRUE,85,"incl2026",1998
"Pacific hake - NCC","CCIEA","hake_NCC","CC_NCC_fish_39","predator",2013-01-01,0,0,0,TRUE,85,"incl2026",1998
"Pacific hake - NCC","CCIEA","hake_NCC","CC_NCC_fish_39","predator",2014-01-01,0.0232558139534884,0.0232558139534884,0.0232558139534884,TRUE,85,"incl2026",1998
"Pacific hake - NCC","CCIEA","hake_NCC","CC_NCC_fish_39","predator",2015-01-01,0,0,0,TRUE,85,"incl2026",1998
"Pacific hake - NCC","CCIEA","hake_NCC","CC_NCC_fish_39","predator",2016-01-01,0,0,0,TRUE,85,"incl2026",1998
"Pacific hake - NCC","CCIEA","hake_NCC","CC_NCC_fish_39","predator",2017-01-01,0,0,0,TRUE,85,"incl2026",1998
"Pacific hake - NCC","CCIEA","hake_NCC","CC_NCC_fish_39","predator",2018-01-01,0,0,0,TRUE,85,"incl2026",1998
"Pacific hake - NCC","CCIEA","hake_NCC","CC_NCC_fish_39","predator",2019-01-01,0,0,0,TRUE,85,"incl2026",1998
"Pacific hake - NCC","CCIEA","hake_NCC","CC_NCC_fish_39","predator",2020-01-01,0,0,0,TRUE,85,"incl2026",1998
"Pacific hake - NCC","CCIEA","hake_NCC","CC_NCC_fish_39","predator",2021-01-01,0,0,0,TRUE,85,"incl2026",1998
"Pacific herring - NCC","CCIEA","herring_NCC","CC_NCC_fish_40","prey",1998-01-01,0.411764705882353,0.411764705882353,0.411764705882353,TRUE,88,"incl2026",1998
"Pacific herring - NCC","CCIEA","herring_NCC","CC_NCC_fish_40","prey",1999-01-01,0.241379310344828,0.241379310344828,0.241379310344828,TRUE,88,"incl2026",1998
"Pacific herring - NCC","CCIEA","herring_NCC","CC_NCC_fish_40","prey",2000-01-01,0.192307692307692,0.192307692307692,0.192307692307692,TRUE,88,"incl2026",1998
"Pacific herring - NCC","CCIEA","herring_NCC","CC_NCC_fish_40","prey",2001-01-01,0.162162162162162,0.162162162162162,0.162162162162162,TRUE,88,"incl2026",1998
"Pacific herring - NCC","CCIEA","herring_NCC","CC_NCC_fish_40","prey",2002-01-01,0.176470588235294,0.176470588235294,0.176470588235294,TRUE,88,"incl2026",1998
"Pacific herring - NCC","CCIEA","herring_NCC","CC_NCC_fish_40","prey",2003-01-01,0.552631578947368,0.552631578947368,0.552631578947368,TRUE,88,"incl2026",1998
"Pacific herring - NCC","CCIEA","herring_NCC","CC_NCC_fish_40","prey",2004-01-01,0.307692307692308,0.307692307692308,0.307692307692308,TRUE,88,"incl2026",1998
"Pacific herring - NCC","CCIEA","herring_NCC","CC_NCC_fish_40","prey",2005-01-01,0.181818181818182,0.181818181818182,0.181818181818182,TRUE,88,"incl2026",1998
"Pacific herring - NCC","CCIEA","herring_NCC","CC_NCC_fish_40","prey",2006-01-01,0.116279069767442,0.116279069767442,0.116279069767442,TRUE,88,"incl2026",1998
"Pacific herring - NCC","CCIEA","herring_NCC","CC_NCC_fish_40","prey",2007-01-01,0.295454545454545,0.295454545454545,0.295454545454545,TRUE,88,"incl2026",1998
"Pacific herring - NCC","CCIEA","herring_NCC","CC_NCC_fish_40","prey",2008-01-01,0.355555555555556,0.355555555555556,0.355555555555556,TRUE,88,"incl2026",1998
"Pacific herring - NCC","CCIEA","herring_NCC","CC_NCC_fish_40","prey",2009-01-01,0.177777777777778,0.177777777777778,0.177777777777778,TRUE,88,"incl2026",1998
"Pacific herring - NCC","CCIEA","herring_NCC","CC_NCC_fish_40","prey",2010-01-01,0.2,0.2,0.2,TRUE,88,"incl2026",1998
"Pacific herring - NCC","CCIEA","herring_NCC","CC_NCC_fish_40","prey",2011-01-01,0.0909090909090909,0.0909090909090909,0.0909090909090909,TRUE,88,"incl2026",1998
"Pacific herring - NCC","CCIEA","herring_NCC","CC_NCC_fish_40","prey",2012-01-01,0.0681818181818182,0.0681818181818182,0.0681818181818182,TRUE,88,"incl2026",1998
"Pacific herring - NCC","CCIEA","herring_NCC","CC_NCC_fish_40","prey",2013-01-01,0.288888888888889,0.288888888888889,0.288888888888889,TRUE,88,"incl2026",1998
"Pacific herring - NCC","CCIEA","herring_NCC","CC_NCC_fish_40","prey",2014-01-01,0.255813953488372,0.255813953488372,0.255813953488372,TRUE,88,"incl2026",1998
"Pacific herring - NCC","CCIEA","herring_NCC","CC_NCC_fish_40","prey",2015-01-01,0.175,0.175,0.175,TRUE,88,"incl2026",1998
"Pacific herring - NCC","CCIEA","herring_NCC","CC_NCC_fish_40","prey",2016-01-01,0.146341463414634,0.146341463414634,0.146341463414634,TRUE,88,"incl2026",1998
"Pacific herring - NCC","CCIEA","herring_NCC","CC_NCC_fish_40","prey",2017-01-01,0.0952380952380952,0.0952380952380952,0.0952380952380952,TRUE,88,"incl2026",1998
"Pacific herring - NCC","CCIEA","herring_NCC","CC_NCC_fish_40","prey",2018-01-01,0.333333333333333,0.333333333333333,0.333333333333333,TRUE,88,"incl2026",1998
"Pacific herring - NCC","CCIEA","herring_NCC","CC_NCC_fish_40","prey",2019-01-01,0.380952380952381,0.380952380952381,0.380952380952381,TRUE,88,"incl2026",1998
"Pacific herring - NCC","CCIEA","herring_NCC","CC_NCC_fish_40","prey",2020-01-01,0.363636363636364,0.363636363636364,0.363636363636364,TRUE,88,"incl2026",1998
"Pacific herring - NCC","CCIEA","herring_NCC","CC_NCC_fish_40","prey",2021-01-01,0.285714285714286,0.285714285714286,0.285714285714286,TRUE,88,"incl2026",1998
"Pacific sardine - NCC","CCIEA","sardine_NCC","CC_NCC_fish_50","prey",1998-01-01,0.529411764705882,0.529411764705882,0.529411764705882,TRUE,83,"incl2026",1998
"Pacific sardine - NCC","CCIEA","sardine_NCC","CC_NCC_fish_50","prey",1999-01-01,0.172413793103448,0.172413793103448,0.172413793103448,TRUE,83,"incl2026",1998
"Pacific sardine - NCC","CCIEA","sardine_NCC","CC_NCC_fish_50","prey",2000-01-01,0.230769230769231,0.230769230769231,0.230769230769231,TRUE,83,"incl2026",1998
"Pacific sardine - NCC","CCIEA","sardine_NCC","CC_NCC_fish_50","prey",2001-01-01,0.189189189189189,0.189189189189189,0.189189189189189,TRUE,83,"incl2026",1998
"Pacific sardine - NCC","CCIEA","sardine_NCC","CC_NCC_fish_50","prey",2002-01-01,0.235294117647059,0.235294117647059,0.235294117647059,TRUE,83,"incl2026",1998
"Pacific sardine - NCC","CCIEA","sardine_NCC","CC_NCC_fish_50","prey",2003-01-01,0.552631578947368,0.552631578947368,0.552631578947368,TRUE,83,"incl2026",1998
"Pacific sardine - NCC","CCIEA","sardine_NCC","CC_NCC_fish_50","prey",2004-01-01,0.82051282051282,0.82051282051282,0.82051282051282,TRUE,83,"incl2026",1998
"Pacific sardine - NCC","CCIEA","sardine_NCC","CC_NCC_fish_50","prey",2005-01-01,0.484848484848485,0.484848484848485,0.484848484848485,TRUE,83,"incl2026",1998
"Pacific sardine - NCC","CCIEA","sardine_NCC","CC_NCC_fish_50","prey",2006-01-01,0.372093023255814,0.372093023255814,0.372093023255814,TRUE,83,"incl2026",1998
"Pacific sardine - NCC","CCIEA","sardine_NCC","CC_NCC_fish_50","prey",2007-01-01,0.181818181818182,0.181818181818182,0.181818181818182,TRUE,83,"incl2026",1998
"Pacific sardine - NCC","CCIEA","sardine_NCC","CC_NCC_fish_50","prey",2008-01-01,0.2,0.2,0.2,TRUE,83,"incl2026",1998
"Pacific sardine - NCC","CCIEA","sardine_NCC","CC_NCC_fish_50","prey",2009-01-01,0.311111111111111,0.311111111111111,0.311111111111111,TRUE,83,"incl2026",1998
"Pacific sardine - NCC","CCIEA","sardine_NCC","CC_NCC_fish_50","prey",2010-01-01,0.155555555555556,0.155555555555556,0.155555555555556,TRUE,83,"incl2026",1998
"Pacific sardine - NCC","CCIEA","sardine_NCC","CC_NCC_fish_50","prey",2011-01-01,0.181818181818182,0.181818181818182,0.181818181818182,TRUE,83,"incl2026",1998
"Pacific sardine - NCC","CCIEA","sardine_NCC","CC_NCC_fish_50","prey",2012-01-01,0.136363636363636,0.136363636363636,0.136363636363636,TRUE,83,"incl2026",1998
"Pacific sardine - NCC","CCIEA","sardine_NCC","CC_NCC_fish_50","prey",2013-01-01,0.0666666666666667,0.0666666666666667,0.0666666666666667,TRUE,83,"incl2026",1998
"Pacific sardine - NCC","CCIEA","sardine_NCC","CC_NCC_fish_50","prey",2014-01-01,0.0697674418604651,0.0697674418604651,0.0697674418604651,TRUE,83,"incl2026",1998
"Pacific sardine - NCC","CCIEA","sardine_NCC","CC_NCC_fish_50","prey",2015-01-01,0.025,0.025,0.025,TRUE,83,"incl2026",1998
"Pacific sardine - NCC","CCIEA","sardine_NCC","CC_NCC_fish_50","prey",2016-01-01,0.0487804878048781,0.0487804878048781,0.0487804878048781,TRUE,83,"incl2026",1998
"Pacific sardine - NCC","CCIEA","sardine_NCC","CC_NCC_fish_50","prey",2017-01-01,0.0238095238095238,0.0238095238095238,0.0238095238095238,TRUE,83,"incl2026",1998
"Pacific sardine - NCC","CCIEA","sardine_NCC","CC_NCC_fish_50","prey",2018-01-01,0,0,0,TRUE,83,"incl2026",1998
"Pacific sardine - NCC","CCIEA","sardine_NCC","CC_NCC_fish_50","prey",2019-01-01,0.0238095238095238,0.0238095238095238,0.0238095238095238,TRUE,83,"incl2026",1998
"Pacific sardine - NCC","CCIEA","sardine_NCC","CC_NCC_fish_50","prey",2020-01-01,0,0,0,TRUE,83,"incl2026",1998
"Pacific sardine - NCC","CCIEA","sardine_NCC","CC_NCC_fish_50","prey",2021-01-01,0.166666666666667,0.166666666666667,0.166666666666667,TRUE,83,"incl2026",1998
"Pacific spiny dogfish","data_2025","PacificSpinyDogfish_2025","CC_NCC_fish_154","",1998-01-01,NA,NA,NA,TRUE,44,"incl2026",1998
"Pacific spiny dogfish","data_2025","PacificSpinyDogfish_2025","CC_NCC_fish_154","",1999-01-01,NA,NA,NA,TRUE,44,"incl2026",1998
"Pacific spiny dogfish","data_2025","PacificSpinyDogfish_2025","CC_NCC_fish_154","",2000-01-01,NA,NA,NA,TRUE,44,"incl2026",1998
"Pacific spiny dogfish","data_2025","PacificSpinyDogfish_2025","CC_NCC_fish_154","",2001-01-01,NA,NA,NA,TRUE,44,"incl2026",1998
"Pacific spiny dogfish","data_2025","PacificSpinyDogfish_2025","CC_NCC_fish_154","",2002-01-01,NA,NA,NA,TRUE,44,"incl2026",1998
"Pacific spiny dogfish","data_2025","PacificSpinyDogfish_2025","CC_NCC_fish_154","",2003-01-01,26283.5614762706,26283.5614762706,26283.5614762706,TRUE,44,"incl2026",1998
"Pacific spiny dogfish","data_2025","PacificSpinyDogfish_2025","CC_NCC_fish_154","",2004-01-01,7115.00656709316,7115.00656709316,7115.00656709316,TRUE,44,"incl2026",1998
"Pacific spiny dogfish","data_2025","PacificSpinyDogfish_2025","CC_NCC_fish_154","",2005-01-01,4990.96929636796,4990.96929636796,4990.96929636796,TRUE,44,"incl2026",1998
"Pacific spiny dogfish","data_2025","PacificSpinyDogfish_2025","CC_NCC_fish_154","",2006-01-01,635.458936192361,635.458936192361,635.458936192361,TRUE,44,"incl2026",1998
"Pacific spiny dogfish","data_2025","PacificSpinyDogfish_2025","CC_NCC_fish_154","",2007-01-01,1635.45939565585,1635.45939565585,1635.45939565585,TRUE,44,"incl2026",1998
"Pacific spiny dogfish","data_2025","PacificSpinyDogfish_2025","CC_NCC_fish_154","",2008-01-01,1085.9907881529,1085.9907881529,1085.9907881529,TRUE,44,"incl2026",1998
"Pacific spiny dogfish","data_2025","PacificSpinyDogfish_2025","CC_NCC_fish_154","",2009-01-01,219.055543877363,219.055543877363,219.055543877363,TRUE,44,"incl2026",1998
"Pacific spiny dogfish","data_2025","PacificSpinyDogfish_2025","CC_NCC_fish_154","",2010-01-01,754.961809127117,754.961809127117,754.961809127117,TRUE,44,"incl2026",1998
"Pacific spiny dogfish","data_2025","PacificSpinyDogfish_2025","CC_NCC_fish_154","",2011-01-01,7432.01882266581,7432.01882266581,7432.01882266581,TRUE,44,"incl2026",1998
"Pacific spiny dogfish","data_2025","PacificSpinyDogfish_2025","CC_NCC_fish_154","",2012-01-01,11252.1517266712,11252.1517266712,11252.1517266712,TRUE,44,"incl2026",1998
"Pacific spiny dogfish","data_2025","PacificSpinyDogfish_2025","CC_NCC_fish_154","",2013-01-01,162.457485536913,162.457485536913,162.457485536913,TRUE,44,"incl2026",1998
"Pacific spiny dogfish","data_2025","PacificSpinyDogfish_2025","CC_NCC_fish_154","",2014-01-01,3875.88044285845,3875.88044285845,3875.88044285845,TRUE,44,"incl2026",1998
"Pacific spiny dogfish","data_2025","PacificSpinyDogfish_2025","CC_NCC_fish_154","",2015-01-01,11640.5491907175,11640.5491907175,11640.5491907175,TRUE,44,"incl2026",1998
"Pacific spiny dogfish","data_2025","PacificSpinyDogfish_2025","CC_NCC_fish_154","",2016-01-01,2689.61611508012,2689.61611508012,2689.61611508012,TRUE,44,"incl2026",1998
"Pacific spiny dogfish","data_2025","PacificSpinyDogfish_2025","CC_NCC_fish_154","",2017-01-01,372.497743863799,372.497743863799,372.497743863799,TRUE,44,"incl2026",1998
"Pacific spiny dogfish","data_2025","PacificSpinyDogfish_2025","CC_NCC_fish_154","",2018-01-01,1755.24104202067,1755.24104202067,1755.24104202067,TRUE,44,"incl2026",1998
"Pacific spiny dogfish","data_2025","PacificSpinyDogfish_2025","CC_NCC_fish_154","",2019-01-01,72526.852461732,72526.852461732,72526.852461732,TRUE,44,"incl2026",1998
"Pacific spiny dogfish","data_2025","PacificSpinyDogfish_2025","CC_NCC_fish_154","",2020-01-01,NA,36437.6957024314,36437.6957024314,TRUE,44,"incl2026",1998
"Pacific spiny dogfish","data_2025","PacificSpinyDogfish_2025","CC_NCC_fish_154","",2021-01-01,348.538943130843,348.538943130843,348.538943130843,TRUE,44,"incl2026",1998
"Pacific.pompano__2025","data_2025","PacificPompano__2025","CC_NCC_fish_160","",1998-01-01,0,0,0,TRUE,4,"incl2026",1998
"Pacific.pompano__2025","data_2025","PacificPompano__2025","CC_NCC_fish_160","",1999-01-01,0,0,0,TRUE,4,"incl2026",1998
"Pacific.pompano__2025","data_2025","PacificPompano__2025","CC_NCC_fish_160","",2000-01-01,0,0,0,TRUE,4,"incl2026",1998
"Pacific.pompano__2025","data_2025","PacificPompano__2025","CC_NCC_fish_160","",2001-01-01,0,0,0,TRUE,4,"incl2026",1998
"Pacific.pompano__2025","data_2025","PacificPompano__2025","CC_NCC_fish_160","",2002-01-01,0,0,0,TRUE,4,"incl2026",1998
"Pacific.pompano__2025","data_2025","PacificPompano__2025","CC_NCC_fish_160","",2003-01-01,0.135272470084546,0.135272470084546,0.135272470084546,TRUE,4,"incl2026",1998
"Pacific.pompano__2025","data_2025","PacificPompano__2025","CC_NCC_fish_160","",2004-01-01,0.0481752117613575,0.0481752117613575,0.0481752117613575,TRUE,4,"incl2026",1998
"Pacific.pompano__2025","data_2025","PacificPompano__2025","CC_NCC_fish_160","",2005-01-01,0,0,0,TRUE,4,"incl2026",1998
"Pacific.pompano__2025","data_2025","PacificPompano__2025","CC_NCC_fish_160","",2006-01-01,0.0566161522017494,0.0566161522017494,0.0566161522017494,TRUE,4,"incl2026",1998
"Pacific.pompano__2025","data_2025","PacificPompano__2025","CC_NCC_fish_160","",2007-01-01,0,0,0,TRUE,4,"incl2026",1998
"Pacific.pompano__2025","data_2025","PacificPompano__2025","CC_NCC_fish_160","",2008-01-01,0,0,0,TRUE,4,"incl2026",1998
"Pacific.pompano__2025","data_2025","PacificPompano__2025","CC_NCC_fish_160","",2009-01-01,0,0,0,TRUE,4,"incl2026",1998
"Pacific.pompano__2025","data_2025","PacificPompano__2025","CC_NCC_fish_160","",2010-01-01,0,0,0,TRUE,4,"incl2026",1998
"Pacific.pompano__2025","data_2025","PacificPompano__2025","CC_NCC_fish_160","",2011-01-01,0.00471032116237952,0.00471032116237952,0.00471032116237952,TRUE,4,"incl2026",1998
"Pacific.pompano__2025","data_2025","PacificPompano__2025","CC_NCC_fish_160","",2012-01-01,0,0,0,TRUE,4,"incl2026",1998
"Pacific.pompano__2025","data_2025","PacificPompano__2025","CC_NCC_fish_160","",2013-01-01,0,0,0,TRUE,4,"incl2026",1998
"Pacific.pompano__2025","data_2025","PacificPompano__2025","CC_NCC_fish_160","",2014-01-01,0.0612478572031106,0.0612478572031106,0.0612478572031106,TRUE,4,"incl2026",1998
"Pacific.pompano__2025","data_2025","PacificPompano__2025","CC_NCC_fish_160","",2015-01-01,1.12111615392992,1.12111615392992,1.12111615392992,TRUE,4,"incl2026",1998
"Pacific.pompano__2025","data_2025","PacificPompano__2025","CC_NCC_fish_160","",2016-01-01,2.70285564455929,2.70285564455929,2.70285564455929,TRUE,4,"incl2026",1998
"Pacific.pompano__2025","data_2025","PacificPompano__2025","CC_NCC_fish_160","",2017-01-01,1.47149128857472,1.47149128857472,1.47149128857472,TRUE,4,"incl2026",1998
"Pacific.pompano__2025","data_2025","PacificPompano__2025","CC_NCC_fish_160","",2018-01-01,0.753703218582157,0.753703218582157,0.753703218582157,TRUE,4,"incl2026",1998
"Pacific.pompano__2025","data_2025","PacificPompano__2025","CC_NCC_fish_160","",2019-01-01,0.131298368006857,0.131298368006857,0.131298368006857,TRUE,4,"incl2026",1998
"Pacific.pompano__2025","data_2025","PacificPompano__2025","CC_NCC_fish_160","",2020-01-01,0.0162660128787292,0.0162660128787292,0.0162660128787292,TRUE,4,"incl2026",1998
"Pacific.pompano__2025","data_2025","PacificPompano__2025","CC_NCC_fish_160","",2021-01-01,0,0,0,TRUE,4,"incl2026",1998
"Pacific_loon_WS_2026","Westport_2026","Pacific_loon_WS_2026","CC_NCC_Seabird_263","",1998-01-01,0.789473684210526,0.789473684210526,0.789473684210526,TRUE,53,"incl2026",1998
"Pacific_loon_WS_2026","Westport_2026","Pacific_loon_WS_2026","CC_NCC_Seabird_263","",1999-01-01,0.388888888888889,0.388888888888889,0.388888888888889,TRUE,53,"incl2026",1998
"Pacific_loon_WS_2026","Westport_2026","Pacific_loon_WS_2026","CC_NCC_Seabird_263","",2000-01-01,0.466666666666667,0.466666666666667,0.466666666666667,TRUE,53,"incl2026",1998
"Pacific_loon_WS_2026","Westport_2026","Pacific_loon_WS_2026","CC_NCC_Seabird_263","",2001-01-01,0.382978723404255,0.382978723404255,0.382978723404255,TRUE,53,"incl2026",1998
"Pacific_loon_WS_2026","Westport_2026","Pacific_loon_WS_2026","CC_NCC_Seabird_263","",2002-01-01,0.387096774193548,0.387096774193548,0.387096774193548,TRUE,53,"incl2026",1998
"Pacific_loon_WS_2026","Westport_2026","Pacific_loon_WS_2026","CC_NCC_Seabird_263","",2003-01-01,0.5,0.5,0.5,TRUE,53,"incl2026",1998
"Pacific_loon_WS_2026","Westport_2026","Pacific_loon_WS_2026","CC_NCC_Seabird_263","",2004-01-01,0.51063829787234,0.51063829787234,0.51063829787234,TRUE,53,"incl2026",1998
"Pacific_loon_WS_2026","Westport_2026","Pacific_loon_WS_2026","CC_NCC_Seabird_263","",2005-01-01,0,0,0,TRUE,53,"incl2026",1998
"Pacific_loon_WS_2026","Westport_2026","Pacific_loon_WS_2026","CC_NCC_Seabird_263","",2006-01-01,0.314814814814815,0.314814814814815,0.314814814814815,TRUE,53,"incl2026",1998
"Pacific_loon_WS_2026","Westport_2026","Pacific_loon_WS_2026","CC_NCC_Seabird_263","",2007-01-01,0.361702127659574,0.361702127659574,0.361702127659574,TRUE,53,"incl2026",1998
"Pacific_loon_WS_2026","Westport_2026","Pacific_loon_WS_2026","CC_NCC_Seabird_263","",2008-01-01,0.581395348837209,0.581395348837209,0.581395348837209,TRUE,53,"incl2026",1998
"Pacific_loon_WS_2026","Westport_2026","Pacific_loon_WS_2026","CC_NCC_Seabird_263","",2009-01-01,NA,0.385292269013199,0.385292269013199,TRUE,53,"incl2026",1998
"Pacific_loon_WS_2026","Westport_2026","Pacific_loon_WS_2026","CC_NCC_Seabird_263","",2010-01-01,0.189189189189189,0.189189189189189,0.189189189189189,TRUE,53,"incl2026",1998
"Pacific_loon_WS_2026","Westport_2026","Pacific_loon_WS_2026","CC_NCC_Seabird_263","",2011-01-01,0.224489795918367,0.224489795918367,0.224489795918367,TRUE,53,"incl2026",1998
"Pacific_loon_WS_2026","Westport_2026","Pacific_loon_WS_2026","CC_NCC_Seabird_263","",2012-01-01,0.441860465116279,0.441860465116279,0.441860465116279,TRUE,53,"incl2026",1998
"Pacific_loon_WS_2026","Westport_2026","Pacific_loon_WS_2026","CC_NCC_Seabird_263","",2013-01-01,0.295454545454545,0.295454545454545,0.295454545454545,TRUE,53,"incl2026",1998
"Pacific_loon_WS_2026","Westport_2026","Pacific_loon_WS_2026","CC_NCC_Seabird_263","",2014-01-01,0.319148936170213,0.319148936170213,0.319148936170213,TRUE,53,"incl2026",1998
"Pacific_loon_WS_2026","Westport_2026","Pacific_loon_WS_2026","CC_NCC_Seabird_263","",2015-01-01,0.389830508474576,0.389830508474576,0.389830508474576,TRUE,53,"incl2026",1998
"Pacific_loon_WS_2026","Westport_2026","Pacific_loon_WS_2026","CC_NCC_Seabird_263","",2016-01-01,0.26984126984127,0.26984126984127,0.26984126984127,TRUE,53,"incl2026",1998
"Pacific_loon_WS_2026","Westport_2026","Pacific_loon_WS_2026","CC_NCC_Seabird_263","",2017-01-01,0.213114754098361,0.213114754098361,0.213114754098361,TRUE,53,"incl2026",1998
"Pacific_loon_WS_2026","Westport_2026","Pacific_loon_WS_2026","CC_NCC_Seabird_263","",2018-01-01,0.448275862068966,0.448275862068966,0.448275862068966,TRUE,53,"incl2026",1998
"Pacific_loon_WS_2026","Westport_2026","Pacific_loon_WS_2026","CC_NCC_Seabird_263","",2019-01-01,0.390243902439024,0.390243902439024,0.390243902439024,TRUE,53,"incl2026",1998
"Pacific_loon_WS_2026","Westport_2026","Pacific_loon_WS_2026","CC_NCC_Seabird_263","",2020-01-01,0,0,0,TRUE,53,"incl2026",1998
"Pacific_loon_WS_2026","Westport_2026","Pacific_loon_WS_2026","CC_NCC_Seabird_263","",2021-01-01,0.396825396825397,0.396825396825397,0.396825396825397,TRUE,53,"incl2026",1998
"Pacific_white_sided_d_WS_2026","Westport_2026","Pacific_white_sided_d_WS_2026","CC_NCC_Marine mammal_230","",1998-01-01,0.0526315789473684,0.0526315789473684,0.0526315789473684,TRUE,89,"incl2026",1998
"Pacific_white_sided_d_WS_2026","Westport_2026","Pacific_white_sided_d_WS_2026","CC_NCC_Marine mammal_230","",1999-01-01,0,0,0,TRUE,89,"incl2026",1998
"Pacific_white_sided_d_WS_2026","Westport_2026","Pacific_white_sided_d_WS_2026","CC_NCC_Marine mammal_230","",2000-01-01,0.0333333333333333,0.0333333333333333,0.0333333333333333,TRUE,89,"incl2026",1998
"Pacific_white_sided_d_WS_2026","Westport_2026","Pacific_white_sided_d_WS_2026","CC_NCC_Marine mammal_230","",2001-01-01,0.0212765957446809,0.0212765957446809,0.0212765957446809,TRUE,89,"incl2026",1998
"Pacific_white_sided_d_WS_2026","Westport_2026","Pacific_white_sided_d_WS_2026","CC_NCC_Marine mammal_230","",2002-01-01,0.0161290322580645,0.0161290322580645,0.0161290322580645,TRUE,89,"incl2026",1998
"Pacific_white_sided_d_WS_2026","Westport_2026","Pacific_white_sided_d_WS_2026","CC_NCC_Marine mammal_230","",2003-01-01,0.03125,0.03125,0.03125,TRUE,89,"incl2026",1998
"Pacific_white_sided_d_WS_2026","Westport_2026","Pacific_white_sided_d_WS_2026","CC_NCC_Marine mammal_230","",2004-01-01,0.0425531914893617,0.0425531914893617,0.0425531914893617,TRUE,89,"incl2026",1998
"Pacific_white_sided_d_WS_2026","Westport_2026","Pacific_white_sided_d_WS_2026","CC_NCC_Marine mammal_230","",2005-01-01,0.117647058823529,0.117647058823529,0.117647058823529,TRUE,89,"incl2026",1998
"Pacific_white_sided_d_WS_2026","Westport_2026","Pacific_white_sided_d_WS_2026","CC_NCC_Marine mammal_230","",2006-01-01,0.0185185185185185,0.0185185185185185,0.0185185185185185,TRUE,89,"incl2026",1998
"Pacific_white_sided_d_WS_2026","Westport_2026","Pacific_white_sided_d_WS_2026","CC_NCC_Marine mammal_230","",2007-01-01,0.0425531914893617,0.0425531914893617,0.0425531914893617,TRUE,89,"incl2026",1998
"Pacific_white_sided_d_WS_2026","Westport_2026","Pacific_white_sided_d_WS_2026","CC_NCC_Marine mammal_230","",2008-01-01,0,0,0,TRUE,89,"incl2026",1998
"Pacific_white_sided_d_WS_2026","Westport_2026","Pacific_white_sided_d_WS_2026","CC_NCC_Marine mammal_230","",2009-01-01,NA,0.054054054054054,0.054054054054054,TRUE,89,"incl2026",1998
"Pacific_white_sided_d_WS_2026","Westport_2026","Pacific_white_sided_d_WS_2026","CC_NCC_Marine mammal_230","",2010-01-01,0.108108108108108,0.108108108108108,0.108108108108108,TRUE,89,"incl2026",1998
"Pacific_white_sided_d_WS_2026","Westport_2026","Pacific_white_sided_d_WS_2026","CC_NCC_Marine mammal_230","",2011-01-01,0.0408163265306122,0.0408163265306122,0.0408163265306122,TRUE,89,"incl2026",1998
"Pacific_white_sided_d_WS_2026","Westport_2026","Pacific_white_sided_d_WS_2026","CC_NCC_Marine mammal_230","",2012-01-01,0,0,0,TRUE,89,"incl2026",1998
"Pacific_white_sided_d_WS_2026","Westport_2026","Pacific_white_sided_d_WS_2026","CC_NCC_Marine mammal_230","",2013-01-01,0.0227272727272727,0.0227272727272727,0.0227272727272727,TRUE,89,"incl2026",1998
"Pacific_white_sided_d_WS_2026","Westport_2026","Pacific_white_sided_d_WS_2026","CC_NCC_Marine mammal_230","",2014-01-01,0.0212765957446809,0.0212765957446809,0.0212765957446809,TRUE,89,"incl2026",1998
"Pacific_white_sided_d_WS_2026","Westport_2026","Pacific_white_sided_d_WS_2026","CC_NCC_Marine mammal_230","",2015-01-01,0.0169491525423729,0.0169491525423729,0.0169491525423729,TRUE,89,"incl2026",1998
"Pacific_white_sided_d_WS_2026","Westport_2026","Pacific_white_sided_d_WS_2026","CC_NCC_Marine mammal_230","",2016-01-01,0.0476190476190476,0.0476190476190476,0.0476190476190476,TRUE,89,"incl2026",1998
"Pacific_white_sided_d_WS_2026","Westport_2026","Pacific_white_sided_d_WS_2026","CC_NCC_Marine mammal_230","",2017-01-01,0.147540983606557,0.147540983606557,0.147540983606557,TRUE,89,"incl2026",1998
"Pacific_white_sided_d_WS_2026","Westport_2026","Pacific_white_sided_d_WS_2026","CC_NCC_Marine mammal_230","",2018-01-01,0.0517241379310345,0.0517241379310345,0.0517241379310345,TRUE,89,"incl2026",1998
"Pacific_white_sided_d_WS_2026","Westport_2026","Pacific_white_sided_d_WS_2026","CC_NCC_Marine mammal_230","",2019-01-01,0.0975609756097561,0.0975609756097561,0.0975609756097561,TRUE,89,"incl2026",1998
"Pacific_white_sided_d_WS_2026","Westport_2026","Pacific_white_sided_d_WS_2026","CC_NCC_Marine mammal_230","",2020-01-01,0.0625,0.0625,0.0625,TRUE,89,"incl2026",1998
"Pacific_white_sided_d_WS_2026","Westport_2026","Pacific_white_sided_d_WS_2026","CC_NCC_Marine mammal_230","",2021-01-01,0.0476190476190476,0.0476190476190476,0.0476190476190476,TRUE,89,"incl2026",1998
"Parakeet_aukl_WS_2026","Westport_2026","Parakeet_aukl_WS_2026","CC_NCC_Seabird_238","",1998-01-01,0,0,0,TRUE,90,"incl2026",1998
"Parakeet_aukl_WS_2026","Westport_2026","Parakeet_aukl_WS_2026","CC_NCC_Seabird_238","",1999-01-01,0.0555555555555556,0.0555555555555556,0.0555555555555556,TRUE,90,"incl2026",1998
"Parakeet_aukl_WS_2026","Westport_2026","Parakeet_aukl_WS_2026","CC_NCC_Seabird_238","",2000-01-01,0,0,0,TRUE,90,"incl2026",1998
"Parakeet_aukl_WS_2026","Westport_2026","Parakeet_aukl_WS_2026","CC_NCC_Seabird_238","",2001-01-01,0,0,0,TRUE,90,"incl2026",1998
"Parakeet_aukl_WS_2026","Westport_2026","Parakeet_aukl_WS_2026","CC_NCC_Seabird_238","",2002-01-01,0,0,0,TRUE,90,"incl2026",1998
"Parakeet_aukl_WS_2026","Westport_2026","Parakeet_aukl_WS_2026","CC_NCC_Seabird_238","",2003-01-01,0,0,0,TRUE,90,"incl2026",1998
"Parakeet_aukl_WS_2026","Westport_2026","Parakeet_aukl_WS_2026","CC_NCC_Seabird_238","",2004-01-01,0,0,0,TRUE,90,"incl2026",1998
"Parakeet_aukl_WS_2026","Westport_2026","Parakeet_aukl_WS_2026","CC_NCC_Seabird_238","",2005-01-01,0,0,0,TRUE,90,"incl2026",1998
"Parakeet_aukl_WS_2026","Westport_2026","Parakeet_aukl_WS_2026","CC_NCC_Seabird_238","",2006-01-01,0.0740740740740741,0.0740740740740741,0.0740740740740741,TRUE,90,"incl2026",1998
"Parakeet_aukl_WS_2026","Westport_2026","Parakeet_aukl_WS_2026","CC_NCC_Seabird_238","",2007-01-01,0,0,0,TRUE,90,"incl2026",1998
"Parakeet_aukl_WS_2026","Westport_2026","Parakeet_aukl_WS_2026","CC_NCC_Seabird_238","",2008-01-01,0,0,0,TRUE,90,"incl2026",1998
"Parakeet_aukl_WS_2026","Westport_2026","Parakeet_aukl_WS_2026","CC_NCC_Seabird_238","",2009-01-01,NA,0,0,TRUE,90,"incl2026",1998
"Parakeet_aukl_WS_2026","Westport_2026","Parakeet_aukl_WS_2026","CC_NCC_Seabird_238","",2010-01-01,0,0,0,TRUE,90,"incl2026",1998
"Parakeet_aukl_WS_2026","Westport_2026","Parakeet_aukl_WS_2026","CC_NCC_Seabird_238","",2011-01-01,0,0,0,TRUE,90,"incl2026",1998
"Parakeet_aukl_WS_2026","Westport_2026","Parakeet_aukl_WS_2026","CC_NCC_Seabird_238","",2012-01-01,0.0465116279069767,0.0465116279069767,0.0465116279069767,TRUE,90,"incl2026",1998
"Parakeet_aukl_WS_2026","Westport_2026","Parakeet_aukl_WS_2026","CC_NCC_Seabird_238","",2013-01-01,0,0,0,TRUE,90,"incl2026",1998
"Parakeet_aukl_WS_2026","Westport_2026","Parakeet_aukl_WS_2026","CC_NCC_Seabird_238","",2014-01-01,0,0,0,TRUE,90,"incl2026",1998
"Parakeet_aukl_WS_2026","Westport_2026","Parakeet_aukl_WS_2026","CC_NCC_Seabird_238","",2015-01-01,0,0,0,TRUE,90,"incl2026",1998
"Parakeet_aukl_WS_2026","Westport_2026","Parakeet_aukl_WS_2026","CC_NCC_Seabird_238","",2016-01-01,0,0,0,TRUE,90,"incl2026",1998
"Parakeet_aukl_WS_2026","Westport_2026","Parakeet_aukl_WS_2026","CC_NCC_Seabird_238","",2017-01-01,0,0,0,TRUE,90,"incl2026",1998
"Parakeet_aukl_WS_2026","Westport_2026","Parakeet_aukl_WS_2026","CC_NCC_Seabird_238","",2018-01-01,0,0,0,TRUE,90,"incl2026",1998
"Parakeet_aukl_WS_2026","Westport_2026","Parakeet_aukl_WS_2026","CC_NCC_Seabird_238","",2019-01-01,0,0,0,TRUE,90,"incl2026",1998
"Parakeet_aukl_WS_2026","Westport_2026","Parakeet_aukl_WS_2026","CC_NCC_Seabird_238","",2020-01-01,0,0,0,TRUE,90,"incl2026",1998
"Parakeet_aukl_WS_2026","Westport_2026","Parakeet_aukl_WS_2026","CC_NCC_Seabird_238","",2021-01-01,0,0,0,TRUE,90,"incl2026",1998
"Parasitic_jaeg_WS_2026","Westport_2026","Parasitic_jaeg_WS_2026","CC_NCC_Seabird_283","",1998-01-01,0,0,0,TRUE,91,"incl2026",1998
"Parasitic_jaeg_WS_2026","Westport_2026","Parasitic_jaeg_WS_2026","CC_NCC_Seabird_283","",1999-01-01,0,0,0,TRUE,91,"incl2026",1998
"Parasitic_jaeg_WS_2026","Westport_2026","Parasitic_jaeg_WS_2026","CC_NCC_Seabird_283","",2000-01-01,0.0333333333333333,0.0333333333333333,0.0333333333333333,TRUE,91,"incl2026",1998
"Parasitic_jaeg_WS_2026","Westport_2026","Parasitic_jaeg_WS_2026","CC_NCC_Seabird_283","",2001-01-01,0,0,0,TRUE,91,"incl2026",1998
"Parasitic_jaeg_WS_2026","Westport_2026","Parasitic_jaeg_WS_2026","CC_NCC_Seabird_283","",2002-01-01,0.112903225806452,0.112903225806452,0.112903225806452,TRUE,91,"incl2026",1998
"Parasitic_jaeg_WS_2026","Westport_2026","Parasitic_jaeg_WS_2026","CC_NCC_Seabird_283","",2003-01-01,0.03125,0.03125,0.03125,TRUE,91,"incl2026",1998
"Parasitic_jaeg_WS_2026","Westport_2026","Parasitic_jaeg_WS_2026","CC_NCC_Seabird_283","",2004-01-01,0.127659574468085,0.127659574468085,0.127659574468085,TRUE,91,"incl2026",1998
"Parasitic_jaeg_WS_2026","Westport_2026","Parasitic_jaeg_WS_2026","CC_NCC_Seabird_283","",2005-01-01,0,0,0,TRUE,91,"incl2026",1998
"Parasitic_jaeg_WS_2026","Westport_2026","Parasitic_jaeg_WS_2026","CC_NCC_Seabird_283","",2006-01-01,0.0555555555555556,0.0555555555555556,0.0555555555555556,TRUE,91,"incl2026",1998
"Parasitic_jaeg_WS_2026","Westport_2026","Parasitic_jaeg_WS_2026","CC_NCC_Seabird_283","",2007-01-01,0.0851063829787234,0.0851063829787234,0.0851063829787234,TRUE,91,"incl2026",1998
"Parasitic_jaeg_WS_2026","Westport_2026","Parasitic_jaeg_WS_2026","CC_NCC_Seabird_283","",2008-01-01,0.0697674418604651,0.0697674418604651,0.0697674418604651,TRUE,91,"incl2026",1998
"Parasitic_jaeg_WS_2026","Westport_2026","Parasitic_jaeg_WS_2026","CC_NCC_Seabird_283","",2009-01-01,NA,0.0619107479572596,0.0619107479572596,TRUE,91,"incl2026",1998
"Parasitic_jaeg_WS_2026","Westport_2026","Parasitic_jaeg_WS_2026","CC_NCC_Seabird_283","",2010-01-01,0.0540540540540541,0.0540540540540541,0.0540540540540541,TRUE,91,"incl2026",1998
"Parasitic_jaeg_WS_2026","Westport_2026","Parasitic_jaeg_WS_2026","CC_NCC_Seabird_283","",2011-01-01,0.0612244897959184,0.0612244897959184,0.0612244897959184,TRUE,91,"incl2026",1998
"Parasitic_jaeg_WS_2026","Westport_2026","Parasitic_jaeg_WS_2026","CC_NCC_Seabird_283","",2012-01-01,0.13953488372093,0.13953488372093,0.13953488372093,TRUE,91,"incl2026",1998
"Parasitic_jaeg_WS_2026","Westport_2026","Parasitic_jaeg_WS_2026","CC_NCC_Seabird_283","",2013-01-01,0.0454545454545455,0.0454545454545455,0.0454545454545455,TRUE,91,"incl2026",1998
"Parasitic_jaeg_WS_2026","Westport_2026","Parasitic_jaeg_WS_2026","CC_NCC_Seabird_283","",2014-01-01,0,0,0,TRUE,91,"incl2026",1998
"Parasitic_jaeg_WS_2026","Westport_2026","Parasitic_jaeg_WS_2026","CC_NCC_Seabird_283","",2015-01-01,0.0677966101694915,0.0677966101694915,0.0677966101694915,TRUE,91,"incl2026",1998
"Parasitic_jaeg_WS_2026","Westport_2026","Parasitic_jaeg_WS_2026","CC_NCC_Seabird_283","",2016-01-01,0.0476190476190476,0.0476190476190476,0.0476190476190476,TRUE,91,"incl2026",1998
"Parasitic_jaeg_WS_2026","Westport_2026","Parasitic_jaeg_WS_2026","CC_NCC_Seabird_283","",2017-01-01,0,0,0,TRUE,91,"incl2026",1998
"Parasitic_jaeg_WS_2026","Westport_2026","Parasitic_jaeg_WS_2026","CC_NCC_Seabird_283","",2018-01-01,0.0517241379310345,0.0517241379310345,0.0517241379310345,TRUE,91,"incl2026",1998
"Parasitic_jaeg_WS_2026","Westport_2026","Parasitic_jaeg_WS_2026","CC_NCC_Seabird_283","",2019-01-01,0.121951219512195,0.121951219512195,0.121951219512195,TRUE,91,"incl2026",1998
"Parasitic_jaeg_WS_2026","Westport_2026","Parasitic_jaeg_WS_2026","CC_NCC_Seabird_283","",2020-01-01,0,0,0,TRUE,91,"incl2026",1998
"Parasitic_jaeg_WS_2026","Westport_2026","Parasitic_jaeg_WS_2026","CC_NCC_Seabird_283","",2021-01-01,0.0476190476190476,0.0476190476190476,0.0476190476190476,TRUE,91,"incl2026",1998
"Pelagic_corm_WS_2026","Westport_2026","Pelagic_corm_WS_2026","CC_NCC_Seabird_267","",1998-01-01,0.0526315789473684,0.0526315789473684,0.0526315789473684,TRUE,92,"incl2026",1998
"Pelagic_corm_WS_2026","Westport_2026","Pelagic_corm_WS_2026","CC_NCC_Seabird_267","",1999-01-01,0.111111111111111,0.111111111111111,0.111111111111111,TRUE,92,"incl2026",1998
"Pelagic_corm_WS_2026","Westport_2026","Pelagic_corm_WS_2026","CC_NCC_Seabird_267","",2000-01-01,0.1,0.1,0.1,TRUE,92,"incl2026",1998
"Pelagic_corm_WS_2026","Westport_2026","Pelagic_corm_WS_2026","CC_NCC_Seabird_267","",2001-01-01,0.106382978723404,0.106382978723404,0.106382978723404,TRUE,92,"incl2026",1998
"Pelagic_corm_WS_2026","Westport_2026","Pelagic_corm_WS_2026","CC_NCC_Seabird_267","",2002-01-01,0.225806451612903,0.225806451612903,0.225806451612903,TRUE,92,"incl2026",1998
"Pelagic_corm_WS_2026","Westport_2026","Pelagic_corm_WS_2026","CC_NCC_Seabird_267","",2003-01-01,0.1875,0.1875,0.1875,TRUE,92,"incl2026",1998
"Pelagic_corm_WS_2026","Westport_2026","Pelagic_corm_WS_2026","CC_NCC_Seabird_267","",2004-01-01,0.148936170212766,0.148936170212766,0.148936170212766,TRUE,92,"incl2026",1998
"Pelagic_corm_WS_2026","Westport_2026","Pelagic_corm_WS_2026","CC_NCC_Seabird_267","",2005-01-01,0.176470588235294,0.176470588235294,0.176470588235294,TRUE,92,"incl2026",1998
"Pelagic_corm_WS_2026","Westport_2026","Pelagic_corm_WS_2026","CC_NCC_Seabird_267","",2006-01-01,0.0925925925925926,0.0925925925925926,0.0925925925925926,TRUE,92,"incl2026",1998
"Pelagic_corm_WS_2026","Westport_2026","Pelagic_corm_WS_2026","CC_NCC_Seabird_267","",2007-01-01,0.170212765957447,0.170212765957447,0.170212765957447,TRUE,92,"incl2026",1998
"Pelagic_corm_WS_2026","Westport_2026","Pelagic_corm_WS_2026","CC_NCC_Seabird_267","",2008-01-01,0.116279069767442,0.116279069767442,0.116279069767442,TRUE,92,"incl2026",1998
"Pelagic_corm_WS_2026","Westport_2026","Pelagic_corm_WS_2026","CC_NCC_Seabird_267","",2009-01-01,NA,0.125707102451288,0.125707102451288,TRUE,92,"incl2026",1998
"Pelagic_corm_WS_2026","Westport_2026","Pelagic_corm_WS_2026","CC_NCC_Seabird_267","",2010-01-01,0.135135135135135,0.135135135135135,0.135135135135135,TRUE,92,"incl2026",1998
"Pelagic_corm_WS_2026","Westport_2026","Pelagic_corm_WS_2026","CC_NCC_Seabird_267","",2011-01-01,0.163265306122449,0.163265306122449,0.163265306122449,TRUE,92,"incl2026",1998
"Pelagic_corm_WS_2026","Westport_2026","Pelagic_corm_WS_2026","CC_NCC_Seabird_267","",2012-01-01,0.162790697674419,0.162790697674419,0.162790697674419,TRUE,92,"incl2026",1998
"Pelagic_corm_WS_2026","Westport_2026","Pelagic_corm_WS_2026","CC_NCC_Seabird_267","",2013-01-01,0.136363636363636,0.136363636363636,0.136363636363636,TRUE,92,"incl2026",1998
"Pelagic_corm_WS_2026","Westport_2026","Pelagic_corm_WS_2026","CC_NCC_Seabird_267","",2014-01-01,0.148936170212766,0.148936170212766,0.148936170212766,TRUE,92,"incl2026",1998
"Pelagic_corm_WS_2026","Westport_2026","Pelagic_corm_WS_2026","CC_NCC_Seabird_267","",2015-01-01,0.152542372881356,0.152542372881356,0.152542372881356,TRUE,92,"incl2026",1998
"Pelagic_corm_WS_2026","Westport_2026","Pelagic_corm_WS_2026","CC_NCC_Seabird_267","",2016-01-01,0.19047619047619,0.19047619047619,0.19047619047619,TRUE,92,"incl2026",1998
"Pelagic_corm_WS_2026","Westport_2026","Pelagic_corm_WS_2026","CC_NCC_Seabird_267","",2017-01-01,0.114754098360656,0.114754098360656,0.114754098360656,TRUE,92,"incl2026",1998
"Pelagic_corm_WS_2026","Westport_2026","Pelagic_corm_WS_2026","CC_NCC_Seabird_267","",2018-01-01,0.103448275862069,0.103448275862069,0.103448275862069,TRUE,92,"incl2026",1998
"Pelagic_corm_WS_2026","Westport_2026","Pelagic_corm_WS_2026","CC_NCC_Seabird_267","",2019-01-01,0.170731707317073,0.170731707317073,0.170731707317073,TRUE,92,"incl2026",1998
"Pelagic_corm_WS_2026","Westport_2026","Pelagic_corm_WS_2026","CC_NCC_Seabird_267","",2020-01-01,0.0625,0.0625,0.0625,TRUE,92,"incl2026",1998
"Pelagic_corm_WS_2026","Westport_2026","Pelagic_corm_WS_2026","CC_NCC_Seabird_267","",2021-01-01,0.142857142857143,0.142857142857143,0.142857142857143,TRUE,92,"incl2026",1998
"Phacellophora Egg yolk jelly - NCC","CCIEA","eggJel_NCC","CC_NCC_cnid_8","prey",1998-01-01,NA,NA,NA,TRUE,47,"incl2026",1998
"Phacellophora Egg yolk jelly - NCC","CCIEA","eggJel_NCC","CC_NCC_cnid_8","prey",1999-01-01,0,0,0,TRUE,47,"incl2026",1998
"Phacellophora Egg yolk jelly - NCC","CCIEA","eggJel_NCC","CC_NCC_cnid_8","prey",2000-01-01,0.019923853,0.019923853,0.019923853,TRUE,47,"incl2026",1998
"Phacellophora Egg yolk jelly - NCC","CCIEA","eggJel_NCC","CC_NCC_cnid_8","prey",2001-01-01,0.005872773,0.005872773,0.005872773,TRUE,47,"incl2026",1998
"Phacellophora Egg yolk jelly - NCC","CCIEA","eggJel_NCC","CC_NCC_cnid_8","prey",2002-01-01,0.006172186,0.006172186,0.006172186,TRUE,47,"incl2026",1998
"Phacellophora Egg yolk jelly - NCC","CCIEA","eggJel_NCC","CC_NCC_cnid_8","prey",2003-01-01,0.00261045,0.00261045,0.00261045,TRUE,47,"incl2026",1998
"Phacellophora Egg yolk jelly - NCC","CCIEA","eggJel_NCC","CC_NCC_cnid_8","prey",2004-01-01,0.005072198,0.005072198,0.005072198,TRUE,47,"incl2026",1998
"Phacellophora Egg yolk jelly - NCC","CCIEA","eggJel_NCC","CC_NCC_cnid_8","prey",2005-01-01,0.008985762,0.008985762,0.008985762,TRUE,47,"incl2026",1998
"Phacellophora Egg yolk jelly - NCC","CCIEA","eggJel_NCC","CC_NCC_cnid_8","prey",2006-01-01,0.02364127,0.02364127,0.02364127,TRUE,47,"incl2026",1998
"Phacellophora Egg yolk jelly - NCC","CCIEA","eggJel_NCC","CC_NCC_cnid_8","prey",2007-01-01,0.002813765,0.002813765,0.002813765,TRUE,47,"incl2026",1998
"Phacellophora Egg yolk jelly - NCC","CCIEA","eggJel_NCC","CC_NCC_cnid_8","prey",2008-01-01,0.0068956,0.0068956,0.0068956,TRUE,47,"incl2026",1998
"Phacellophora Egg yolk jelly - NCC","CCIEA","eggJel_NCC","CC_NCC_cnid_8","prey",2009-01-01,0,0,0,TRUE,47,"incl2026",1998
"Phacellophora Egg yolk jelly - NCC","CCIEA","eggJel_NCC","CC_NCC_cnid_8","prey",2010-01-01,0.014597412,0.014597412,0.014597412,TRUE,47,"incl2026",1998
"Phacellophora Egg yolk jelly - NCC","CCIEA","eggJel_NCC","CC_NCC_cnid_8","prey",2011-01-01,0.001976627,0.001976627,0.001976627,TRUE,47,"incl2026",1998
"Phacellophora Egg yolk jelly - NCC","CCIEA","eggJel_NCC","CC_NCC_cnid_8","prey",2012-01-01,0.033950344,0.033950344,0.033950344,TRUE,47,"incl2026",1998
"Phacellophora Egg yolk jelly - NCC","CCIEA","eggJel_NCC","CC_NCC_cnid_8","prey",2013-01-01,0.002359143,0.002359143,0.002359143,TRUE,47,"incl2026",1998
"Phacellophora Egg yolk jelly - NCC","CCIEA","eggJel_NCC","CC_NCC_cnid_8","prey",2014-01-01,0.00505216,0.00505216,0.00505216,TRUE,47,"incl2026",1998
"Phacellophora Egg yolk jelly - NCC","CCIEA","eggJel_NCC","CC_NCC_cnid_8","prey",2015-01-01,0.037100457,0.037100457,0.037100457,TRUE,47,"incl2026",1998
"Phacellophora Egg yolk jelly - NCC","CCIEA","eggJel_NCC","CC_NCC_cnid_8","prey",2016-01-01,0.08393557,0.08393557,0.08393557,TRUE,47,"incl2026",1998
"Phacellophora Egg yolk jelly - NCC","CCIEA","eggJel_NCC","CC_NCC_cnid_8","prey",2017-01-01,0.009182128,0.009182128,0.009182128,TRUE,47,"incl2026",1998
"Phacellophora Egg yolk jelly - NCC","CCIEA","eggJel_NCC","CC_NCC_cnid_8","prey",2018-01-01,0.019843642,0.019843642,0.019843642,TRUE,47,"incl2026",1998
"Phacellophora Egg yolk jelly - NCC","CCIEA","eggJel_NCC","CC_NCC_cnid_8","prey",2019-01-01,0.019332046,0.019332046,0.019332046,TRUE,47,"incl2026",1998
"Phacellophora Egg yolk jelly - NCC","CCIEA","eggJel_NCC","CC_NCC_cnid_8","prey",2020-01-01,0.02268254,0.02268254,0.02268254,TRUE,47,"incl2026",1998
"Phacellophora Egg yolk jelly - NCC","CCIEA","eggJel_NCC","CC_NCC_cnid_8","prey",2021-01-01,0.014110301,0.014110301,0.014110301,TRUE,47,"incl2026",1998
"Pigeon_guil_WS_2026","Westport_2026","Pigeon_guil_WS_2026","CC_NCC_Seabird_276","",1998-01-01,0.105263157894737,0.105263157894737,0.105263157894737,TRUE,93,"incl2026",1998
"Pigeon_guil_WS_2026","Westport_2026","Pigeon_guil_WS_2026","CC_NCC_Seabird_276","",1999-01-01,0.111111111111111,0.111111111111111,0.111111111111111,TRUE,93,"incl2026",1998
"Pigeon_guil_WS_2026","Westport_2026","Pigeon_guil_WS_2026","CC_NCC_Seabird_276","",2000-01-01,0.133333333333333,0.133333333333333,0.133333333333333,TRUE,93,"incl2026",1998
"Pigeon_guil_WS_2026","Westport_2026","Pigeon_guil_WS_2026","CC_NCC_Seabird_276","",2001-01-01,0.148936170212766,0.148936170212766,0.148936170212766,TRUE,93,"incl2026",1998
"Pigeon_guil_WS_2026","Westport_2026","Pigeon_guil_WS_2026","CC_NCC_Seabird_276","",2002-01-01,0.17741935483871,0.17741935483871,0.17741935483871,TRUE,93,"incl2026",1998
"Pigeon_guil_WS_2026","Westport_2026","Pigeon_guil_WS_2026","CC_NCC_Seabird_276","",2003-01-01,0.15625,0.15625,0.15625,TRUE,93,"incl2026",1998
"Pigeon_guil_WS_2026","Westport_2026","Pigeon_guil_WS_2026","CC_NCC_Seabird_276","",2004-01-01,0.212765957446809,0.212765957446809,0.212765957446809,TRUE,93,"incl2026",1998
"Pigeon_guil_WS_2026","Westport_2026","Pigeon_guil_WS_2026","CC_NCC_Seabird_276","",2005-01-01,0.176470588235294,0.176470588235294,0.176470588235294,TRUE,93,"incl2026",1998
"Pigeon_guil_WS_2026","Westport_2026","Pigeon_guil_WS_2026","CC_NCC_Seabird_276","",2006-01-01,0.12962962962963,0.12962962962963,0.12962962962963,TRUE,93,"incl2026",1998
"Pigeon_guil_WS_2026","Westport_2026","Pigeon_guil_WS_2026","CC_NCC_Seabird_276","",2007-01-01,0.148936170212766,0.148936170212766,0.148936170212766,TRUE,93,"incl2026",1998
"Pigeon_guil_WS_2026","Westport_2026","Pigeon_guil_WS_2026","CC_NCC_Seabird_276","",2008-01-01,0.186046511627907,0.186046511627907,0.186046511627907,TRUE,93,"incl2026",1998
"Pigeon_guil_WS_2026","Westport_2026","Pigeon_guil_WS_2026","CC_NCC_Seabird_276","",2009-01-01,NA,0.174104336895035,0.174104336895035,TRUE,93,"incl2026",1998
"Pigeon_guil_WS_2026","Westport_2026","Pigeon_guil_WS_2026","CC_NCC_Seabird_276","",2010-01-01,0.162162162162162,0.162162162162162,0.162162162162162,TRUE,93,"incl2026",1998
"Pigeon_guil_WS_2026","Westport_2026","Pigeon_guil_WS_2026","CC_NCC_Seabird_276","",2011-01-01,0.142857142857143,0.142857142857143,0.142857142857143,TRUE,93,"incl2026",1998
"Pigeon_guil_WS_2026","Westport_2026","Pigeon_guil_WS_2026","CC_NCC_Seabird_276","",2012-01-01,0.162790697674419,0.162790697674419,0.162790697674419,TRUE,93,"incl2026",1998
"Pigeon_guil_WS_2026","Westport_2026","Pigeon_guil_WS_2026","CC_NCC_Seabird_276","",2013-01-01,0.181818181818182,0.181818181818182,0.181818181818182,TRUE,93,"incl2026",1998
"Pigeon_guil_WS_2026","Westport_2026","Pigeon_guil_WS_2026","CC_NCC_Seabird_276","",2014-01-01,0.127659574468085,0.127659574468085,0.127659574468085,TRUE,93,"incl2026",1998
"Pigeon_guil_WS_2026","Westport_2026","Pigeon_guil_WS_2026","CC_NCC_Seabird_276","",2015-01-01,0.11864406779661,0.11864406779661,0.11864406779661,TRUE,93,"incl2026",1998
"Pigeon_guil_WS_2026","Westport_2026","Pigeon_guil_WS_2026","CC_NCC_Seabird_276","",2016-01-01,0.142857142857143,0.142857142857143,0.142857142857143,TRUE,93,"incl2026",1998
"Pigeon_guil_WS_2026","Westport_2026","Pigeon_guil_WS_2026","CC_NCC_Seabird_276","",2017-01-01,0.163934426229508,0.163934426229508,0.163934426229508,TRUE,93,"incl2026",1998
"Pigeon_guil_WS_2026","Westport_2026","Pigeon_guil_WS_2026","CC_NCC_Seabird_276","",2018-01-01,0.155172413793103,0.155172413793103,0.155172413793103,TRUE,93,"incl2026",1998
"Pigeon_guil_WS_2026","Westport_2026","Pigeon_guil_WS_2026","CC_NCC_Seabird_276","",2019-01-01,0.219512195121951,0.219512195121951,0.219512195121951,TRUE,93,"incl2026",1998
"Pigeon_guil_WS_2026","Westport_2026","Pigeon_guil_WS_2026","CC_NCC_Seabird_276","",2020-01-01,0.1875,0.1875,0.1875,TRUE,93,"incl2026",1998
"Pigeon_guil_WS_2026","Westport_2026","Pigeon_guil_WS_2026","CC_NCC_Seabird_276","",2021-01-01,0.111111111111111,0.111111111111111,0.111111111111111,TRUE,93,"incl2026",1998
"Pink_footed_shrw_WS_2026","Westport_2026","Pink_footed_shrw_WS_2026","CC_NCC_Seabird_254","",1998-01-01,0.315789473684211,0.315789473684211,0.315789473684211,TRUE,94,"incl2026",1998
"Pink_footed_shrw_WS_2026","Westport_2026","Pink_footed_shrw_WS_2026","CC_NCC_Seabird_254","",1999-01-01,0,0,0,TRUE,94,"incl2026",1998
"Pink_footed_shrw_WS_2026","Westport_2026","Pink_footed_shrw_WS_2026","CC_NCC_Seabird_254","",2000-01-01,0.133333333333333,0.133333333333333,0.133333333333333,TRUE,94,"incl2026",1998
"Pink_footed_shrw_WS_2026","Westport_2026","Pink_footed_shrw_WS_2026","CC_NCC_Seabird_254","",2001-01-01,0.170212765957447,0.170212765957447,0.170212765957447,TRUE,94,"incl2026",1998
"Pink_footed_shrw_WS_2026","Westport_2026","Pink_footed_shrw_WS_2026","CC_NCC_Seabird_254","",2002-01-01,0.241935483870968,0.241935483870968,0.241935483870968,TRUE,94,"incl2026",1998
"Pink_footed_shrw_WS_2026","Westport_2026","Pink_footed_shrw_WS_2026","CC_NCC_Seabird_254","",2003-01-01,0.5,0.5,0.5,TRUE,94,"incl2026",1998
"Pink_footed_shrw_WS_2026","Westport_2026","Pink_footed_shrw_WS_2026","CC_NCC_Seabird_254","",2004-01-01,0.25531914893617,0.25531914893617,0.25531914893617,TRUE,94,"incl2026",1998
"Pink_footed_shrw_WS_2026","Westport_2026","Pink_footed_shrw_WS_2026","CC_NCC_Seabird_254","",2005-01-01,0.294117647058824,0.294117647058824,0.294117647058824,TRUE,94,"incl2026",1998
"Pink_footed_shrw_WS_2026","Westport_2026","Pink_footed_shrw_WS_2026","CC_NCC_Seabird_254","",2006-01-01,0.166666666666667,0.166666666666667,0.166666666666667,TRUE,94,"incl2026",1998
"Pink_footed_shrw_WS_2026","Westport_2026","Pink_footed_shrw_WS_2026","CC_NCC_Seabird_254","",2007-01-01,0.404255319148936,0.404255319148936,0.404255319148936,TRUE,94,"incl2026",1998
"Pink_footed_shrw_WS_2026","Westport_2026","Pink_footed_shrw_WS_2026","CC_NCC_Seabird_254","",2008-01-01,0.348837209302326,0.348837209302326,0.348837209302326,TRUE,94,"incl2026",1998
"Pink_footed_shrw_WS_2026","Westport_2026","Pink_footed_shrw_WS_2026","CC_NCC_Seabird_254","",2009-01-01,NA,0.363607793840352,0.363607793840352,TRUE,94,"incl2026",1998
"Pink_footed_shrw_WS_2026","Westport_2026","Pink_footed_shrw_WS_2026","CC_NCC_Seabird_254","",2010-01-01,0.378378378378378,0.378378378378378,0.378378378378378,TRUE,94,"incl2026",1998
"Pink_footed_shrw_WS_2026","Westport_2026","Pink_footed_shrw_WS_2026","CC_NCC_Seabird_254","",2011-01-01,0.346938775510204,0.346938775510204,0.346938775510204,TRUE,94,"incl2026",1998
"Pink_footed_shrw_WS_2026","Westport_2026","Pink_footed_shrw_WS_2026","CC_NCC_Seabird_254","",2012-01-01,0.27906976744186,0.27906976744186,0.27906976744186,TRUE,94,"incl2026",1998
"Pink_footed_shrw_WS_2026","Westport_2026","Pink_footed_shrw_WS_2026","CC_NCC_Seabird_254","",2013-01-01,0.431818181818182,0.431818181818182,0.431818181818182,TRUE,94,"incl2026",1998
"Pink_footed_shrw_WS_2026","Westport_2026","Pink_footed_shrw_WS_2026","CC_NCC_Seabird_254","",2014-01-01,0.51063829787234,0.51063829787234,0.51063829787234,TRUE,94,"incl2026",1998
"Pink_footed_shrw_WS_2026","Westport_2026","Pink_footed_shrw_WS_2026","CC_NCC_Seabird_254","",2015-01-01,0.355932203389831,0.355932203389831,0.355932203389831,TRUE,94,"incl2026",1998
"Pink_footed_shrw_WS_2026","Westport_2026","Pink_footed_shrw_WS_2026","CC_NCC_Seabird_254","",2016-01-01,0.444444444444444,0.444444444444444,0.444444444444444,TRUE,94,"incl2026",1998
"Pink_footed_shrw_WS_2026","Westport_2026","Pink_footed_shrw_WS_2026","CC_NCC_Seabird_254","",2017-01-01,0.508196721311475,0.508196721311475,0.508196721311475,TRUE,94,"incl2026",1998
"Pink_footed_shrw_WS_2026","Westport_2026","Pink_footed_shrw_WS_2026","CC_NCC_Seabird_254","",2018-01-01,0.310344827586207,0.310344827586207,0.310344827586207,TRUE,94,"incl2026",1998
"Pink_footed_shrw_WS_2026","Westport_2026","Pink_footed_shrw_WS_2026","CC_NCC_Seabird_254","",2019-01-01,0.463414634146341,0.463414634146341,0.463414634146341,TRUE,94,"incl2026",1998
"Pink_footed_shrw_WS_2026","Westport_2026","Pink_footed_shrw_WS_2026","CC_NCC_Seabird_254","",2020-01-01,0.625,0.625,0.625,TRUE,94,"incl2026",1998
"Pink_footed_shrw_WS_2026","Westport_2026","Pink_footed_shrw_WS_2026","CC_NCC_Seabird_254","",2021-01-01,0.317460317460317,0.317460317460317,0.317460317460317,TRUE,94,"incl2026",1998
"PlanktonJuneNCC","SEM_data_2024","PlanktonJuneNCC","CC_NCC_plank_108","prey",1998-01-01,NA,NA,NA,TRUE,95,"incl2026",1998
"PlanktonJuneNCC","SEM_data_2024","PlanktonJuneNCC","CC_NCC_plank_108","prey",1999-01-01,NA,NA,NA,TRUE,95,"incl2026",1998
"PlanktonJuneNCC","SEM_data_2024","PlanktonJuneNCC","CC_NCC_plank_108","prey",2000-01-01,0.665868853,0.665868853,0.665868853,TRUE,95,"incl2026",1998
"PlanktonJuneNCC","SEM_data_2024","PlanktonJuneNCC","CC_NCC_plank_108","prey",2001-01-01,3.169756987,3.169756987,3.169756987,TRUE,95,"incl2026",1998
"PlanktonJuneNCC","SEM_data_2024","PlanktonJuneNCC","CC_NCC_plank_108","prey",2002-01-01,1.492309116,1.492309116,1.492309116,TRUE,95,"incl2026",1998
"PlanktonJuneNCC","SEM_data_2024","PlanktonJuneNCC","CC_NCC_plank_108","prey",2003-01-01,2.238679316,2.238679316,2.238679316,TRUE,95,"incl2026",1998
"PlanktonJuneNCC","SEM_data_2024","PlanktonJuneNCC","CC_NCC_plank_108","prey",2004-01-01,1.846583111,1.846583111,1.846583111,TRUE,95,"incl2026",1998
"PlanktonJuneNCC","SEM_data_2024","PlanktonJuneNCC","CC_NCC_plank_108","prey",2005-01-01,0.579399571,0.579399571,0.579399571,TRUE,95,"incl2026",1998
"PlanktonJuneNCC","SEM_data_2024","PlanktonJuneNCC","CC_NCC_plank_108","prey",2006-01-01,1.017874679,1.017874679,1.017874679,TRUE,95,"incl2026",1998
"PlanktonJuneNCC","SEM_data_2024","PlanktonJuneNCC","CC_NCC_plank_108","prey",2007-01-01,1.48006528,1.48006528,1.48006528,TRUE,95,"incl2026",1998
"PlanktonJuneNCC","SEM_data_2024","PlanktonJuneNCC","CC_NCC_plank_108","prey",2008-01-01,1.019822248,1.019822248,1.019822248,TRUE,95,"incl2026",1998
"PlanktonJuneNCC","SEM_data_2024","PlanktonJuneNCC","CC_NCC_plank_108","prey",2009-01-01,2.16799054,2.16799054,2.16799054,TRUE,95,"incl2026",1998
"PlanktonJuneNCC","SEM_data_2024","PlanktonJuneNCC","CC_NCC_plank_108","prey",2010-01-01,1.863686011,1.863686011,1.863686011,TRUE,95,"incl2026",1998
"PlanktonJuneNCC","SEM_data_2024","PlanktonJuneNCC","CC_NCC_plank_108","prey",2011-01-01,1.429007248,1.429007248,1.429007248,TRUE,95,"incl2026",1998
"PlanktonJuneNCC","SEM_data_2024","PlanktonJuneNCC","CC_NCC_plank_108","prey",2012-01-01,5.712393325,5.712393325,5.712393325,TRUE,95,"incl2026",1998
"PlanktonJuneNCC","SEM_data_2024","PlanktonJuneNCC","CC_NCC_plank_108","prey",2013-01-01,3.249217247,3.249217247,3.249217247,TRUE,95,"incl2026",1998
"PlanktonJuneNCC","SEM_data_2024","PlanktonJuneNCC","CC_NCC_plank_108","prey",2014-01-01,4.215522835,4.215522835,4.215522835,TRUE,95,"incl2026",1998
"PlanktonJuneNCC","SEM_data_2024","PlanktonJuneNCC","CC_NCC_plank_108","prey",2015-01-01,2.303302384,2.303302384,2.303302384,TRUE,95,"incl2026",1998
"PlanktonJuneNCC","SEM_data_2024","PlanktonJuneNCC","CC_NCC_plank_108","prey",2016-01-01,3.964765805,3.964765805,3.964765805,TRUE,95,"incl2026",1998
"PlanktonJuneNCC","SEM_data_2024","PlanktonJuneNCC","CC_NCC_plank_108","prey",2017-01-01,1.546760537,1.546760537,1.546760537,TRUE,95,"incl2026",1998
"PlanktonJuneNCC","SEM_data_2024","PlanktonJuneNCC","CC_NCC_plank_108","prey",2018-01-01,2.62540581,2.62540581,2.62540581,TRUE,95,"incl2026",1998
"PlanktonJuneNCC","SEM_data_2024","PlanktonJuneNCC","CC_NCC_plank_108","prey",2019-01-01,17.25226479,17.25226479,17.25226479,TRUE,95,"incl2026",1998
"PlanktonJuneNCC","SEM_data_2024","PlanktonJuneNCC","CC_NCC_plank_108","prey",2020-01-01,2.969883294,2.969883294,2.969883294,TRUE,95,"incl2026",1998
"PlanktonJuneNCC","SEM_data_2024","PlanktonJuneNCC","CC_NCC_plank_108","prey",2021-01-01,36.21370405,36.21370405,36.21370405,TRUE,95,"incl2026",1998
"PlanktonJuneNCC_Burke_2025","data_2025","PlanktonJuneNCC_Burke_2025","CC_NCC_plank_169","",1998-01-01,NA,NA,NA,TRUE,95,"incl2026",1998
"PlanktonJuneNCC_Burke_2025","data_2025","PlanktonJuneNCC_Burke_2025","CC_NCC_plank_169","",1999-01-01,8.18956975,8.18956975,8.18956975,TRUE,95,"incl2026",1998
"PlanktonJuneNCC_Burke_2025","data_2025","PlanktonJuneNCC_Burke_2025","CC_NCC_plank_169","",2000-01-01,0.251401221,0.251401221,0.251401221,TRUE,95,"incl2026",1998
"PlanktonJuneNCC_Burke_2025","data_2025","PlanktonJuneNCC_Burke_2025","CC_NCC_plank_169","",2001-01-01,0.514860575,0.514860575,0.514860575,TRUE,95,"incl2026",1998
"PlanktonJuneNCC_Burke_2025","data_2025","PlanktonJuneNCC_Burke_2025","CC_NCC_plank_169","",2002-01-01,0.748455065,0.748455065,0.748455065,TRUE,95,"incl2026",1998
"PlanktonJuneNCC_Burke_2025","data_2025","PlanktonJuneNCC_Burke_2025","CC_NCC_plank_169","",2003-01-01,0.306210363,0.306210363,0.306210363,TRUE,95,"incl2026",1998
"PlanktonJuneNCC_Burke_2025","data_2025","PlanktonJuneNCC_Burke_2025","CC_NCC_plank_169","",2004-01-01,0.304550864,0.304550864,0.304550864,TRUE,95,"incl2026",1998
"PlanktonJuneNCC_Burke_2025","data_2025","PlanktonJuneNCC_Burke_2025","CC_NCC_plank_169","",2005-01-01,0.100879569,0.100879569,0.100879569,TRUE,95,"incl2026",1998
"PlanktonJuneNCC_Burke_2025","data_2025","PlanktonJuneNCC_Burke_2025","CC_NCC_plank_169","",2006-01-01,0.469993729,0.469993729,0.469993729,TRUE,95,"incl2026",1998
"PlanktonJuneNCC_Burke_2025","data_2025","PlanktonJuneNCC_Burke_2025","CC_NCC_plank_169","",2007-01-01,0.297134743,0.297134743,0.297134743,TRUE,95,"incl2026",1998
"PlanktonJuneNCC_Burke_2025","data_2025","PlanktonJuneNCC_Burke_2025","CC_NCC_plank_169","",2008-01-01,0.382444072,0.382444072,0.382444072,TRUE,95,"incl2026",1998
"PlanktonJuneNCC_Burke_2025","data_2025","PlanktonJuneNCC_Burke_2025","CC_NCC_plank_169","",2009-01-01,0.401883484,0.401883484,0.401883484,TRUE,95,"incl2026",1998
"PlanktonJuneNCC_Burke_2025","data_2025","PlanktonJuneNCC_Burke_2025","CC_NCC_plank_169","",2010-01-01,0.793224081,0.793224081,0.793224081,TRUE,95,"incl2026",1998
"PlanktonJuneNCC_Burke_2025","data_2025","PlanktonJuneNCC_Burke_2025","CC_NCC_plank_169","",2011-01-01,0.643943675,0.643943675,0.643943675,TRUE,95,"incl2026",1998
"PlanktonJuneNCC_Burke_2025","data_2025","PlanktonJuneNCC_Burke_2025","CC_NCC_plank_169","",2012-01-01,1.36486346,1.36486346,1.36486346,TRUE,95,"incl2026",1998
"PlanktonJuneNCC_Burke_2025","data_2025","PlanktonJuneNCC_Burke_2025","CC_NCC_plank_169","",2013-01-01,2.237233455,2.237233455,2.237233455,TRUE,95,"incl2026",1998
"PlanktonJuneNCC_Burke_2025","data_2025","PlanktonJuneNCC_Burke_2025","CC_NCC_plank_169","",2014-01-01,1.19148549,1.19148549,1.19148549,TRUE,95,"incl2026",1998
"PlanktonJuneNCC_Burke_2025","data_2025","PlanktonJuneNCC_Burke_2025","CC_NCC_plank_169","",2015-01-01,0.816217829,0.816217829,0.816217829,TRUE,95,"incl2026",1998
"PlanktonJuneNCC_Burke_2025","data_2025","PlanktonJuneNCC_Burke_2025","CC_NCC_plank_169","",2016-01-01,1.322890909,1.322890909,1.322890909,TRUE,95,"incl2026",1998
"PlanktonJuneNCC_Burke_2025","data_2025","PlanktonJuneNCC_Burke_2025","CC_NCC_plank_169","",2017-01-01,0.55986967,0.55986967,0.55986967,TRUE,95,"incl2026",1998
"PlanktonJuneNCC_Burke_2025","data_2025","PlanktonJuneNCC_Burke_2025","CC_NCC_plank_169","",2018-01-01,1.005271795,1.005271795,1.005271795,TRUE,95,"incl2026",1998
"PlanktonJuneNCC_Burke_2025","data_2025","PlanktonJuneNCC_Burke_2025","CC_NCC_plank_169","",2019-01-01,4.008569107,4.008569107,4.008569107,TRUE,95,"incl2026",1998
"PlanktonJuneNCC_Burke_2025","data_2025","PlanktonJuneNCC_Burke_2025","CC_NCC_plank_169","",2020-01-01,0.783980303,0.783980303,0.783980303,TRUE,95,"incl2026",1998
"PlanktonJuneNCC_Burke_2025","data_2025","PlanktonJuneNCC_Burke_2025","CC_NCC_plank_169","",2021-01-01,9.25187937,9.25187937,9.25187937,TRUE,95,"incl2026",1998
"PlanktonJuneNCC_IGF","data_2025","PlanktonJuneNCC_IGF","CC_NCC_plank_170","",1998-01-01,NA,NA,NA,TRUE,95,"incl2026",1998
"PlanktonJuneNCC_IGF","data_2025","PlanktonJuneNCC_IGF","CC_NCC_plank_170","",1999-01-01,10.95827275,10.95827275,10.95827275,TRUE,95,"incl2026",1998
"PlanktonJuneNCC_IGF","data_2025","PlanktonJuneNCC_IGF","CC_NCC_plank_170","",2000-01-01,0.369346093,0.369346093,0.369346093,TRUE,95,"incl2026",1998
"PlanktonJuneNCC_IGF","data_2025","PlanktonJuneNCC_IGF","CC_NCC_plank_170","",2001-01-01,2.81046904,2.81046904,2.81046904,TRUE,95,"incl2026",1998
"PlanktonJuneNCC_IGF","data_2025","PlanktonJuneNCC_IGF","CC_NCC_plank_170","",2002-01-01,0.946813365,0.946813365,0.946813365,TRUE,95,"incl2026",1998
"PlanktonJuneNCC_IGF","data_2025","PlanktonJuneNCC_IGF","CC_NCC_plank_170","",2003-01-01,5.651794164,5.651794164,5.651794164,TRUE,95,"incl2026",1998
"PlanktonJuneNCC_IGF","data_2025","PlanktonJuneNCC_IGF","CC_NCC_plank_170","",2004-01-01,3.066413713,3.066413713,3.066413713,TRUE,95,"incl2026",1998
"PlanktonJuneNCC_IGF","data_2025","PlanktonJuneNCC_IGF","CC_NCC_plank_170","",2005-01-01,0.541325239,0.541325239,0.541325239,TRUE,95,"incl2026",1998
"PlanktonJuneNCC_IGF","data_2025","PlanktonJuneNCC_IGF","CC_NCC_plank_170","",2006-01-01,1.330776478,1.330776478,1.330776478,TRUE,95,"incl2026",1998
"PlanktonJuneNCC_IGF","data_2025","PlanktonJuneNCC_IGF","CC_NCC_plank_170","",2007-01-01,2.055801559,2.055801559,2.055801559,TRUE,95,"incl2026",1998
"PlanktonJuneNCC_IGF","data_2025","PlanktonJuneNCC_IGF","CC_NCC_plank_170","",2008-01-01,0.752574022,0.752574022,0.752574022,TRUE,95,"incl2026",1998
"PlanktonJuneNCC_IGF","data_2025","PlanktonJuneNCC_IGF","CC_NCC_plank_170","",2009-01-01,2.871190367,2.871190367,2.871190367,TRUE,95,"incl2026",1998
"PlanktonJuneNCC_IGF","data_2025","PlanktonJuneNCC_IGF","CC_NCC_plank_170","",2010-01-01,1.820123513,1.820123513,1.820123513,TRUE,95,"incl2026",1998
"PlanktonJuneNCC_IGF","data_2025","PlanktonJuneNCC_IGF","CC_NCC_plank_170","",2011-01-01,1.4332246,1.4332246,1.4332246,TRUE,95,"incl2026",1998
"PlanktonJuneNCC_IGF","data_2025","PlanktonJuneNCC_IGF","CC_NCC_plank_170","",2012-01-01,5.631315685,5.631315685,5.631315685,TRUE,95,"incl2026",1998
"PlanktonJuneNCC_IGF","data_2025","PlanktonJuneNCC_IGF","CC_NCC_plank_170","",2013-01-01,4.021435472,4.021435472,4.021435472,TRUE,95,"incl2026",1998
"PlanktonJuneNCC_IGF","data_2025","PlanktonJuneNCC_IGF","CC_NCC_plank_170","",2014-01-01,11.15030531,11.15030531,11.15030531,TRUE,95,"incl2026",1998
"PlanktonJuneNCC_IGF","data_2025","PlanktonJuneNCC_IGF","CC_NCC_plank_170","",2015-01-01,3.024037422,3.024037422,3.024037422,TRUE,95,"incl2026",1998
"PlanktonJuneNCC_IGF","data_2025","PlanktonJuneNCC_IGF","CC_NCC_plank_170","",2016-01-01,7.847103612,7.847103612,7.847103612,TRUE,95,"incl2026",1998
"PlanktonJuneNCC_IGF","data_2025","PlanktonJuneNCC_IGF","CC_NCC_plank_170","",2017-01-01,3.116131424,3.116131424,3.116131424,TRUE,95,"incl2026",1998
"PlanktonJuneNCC_IGF","data_2025","PlanktonJuneNCC_IGF","CC_NCC_plank_170","",2018-01-01,4.463750478,4.463750478,4.463750478,TRUE,95,"incl2026",1998
"PlanktonJuneNCC_IGF","data_2025","PlanktonJuneNCC_IGF","CC_NCC_plank_170","",2019-01-01,45.59694868,45.59694868,45.59694868,TRUE,95,"incl2026",1998
"PlanktonJuneNCC_IGF","data_2025","PlanktonJuneNCC_IGF","CC_NCC_plank_170","",2020-01-01,4.035417883,4.035417883,4.035417883,TRUE,95,"incl2026",1998
"PlanktonJuneNCC_IGF","data_2025","PlanktonJuneNCC_IGF","CC_NCC_plank_170","",2021-01-01,74.21282747,74.21282747,74.21282747,TRUE,95,"incl2026",1998
"PlanktonJuneNCC_Ruz1_2025","data_2025","PlanktonJuneNCC_Ruz1_2025","CC_NCC_plank_167","",1998-01-01,NA,NA,NA,TRUE,95,"incl2026",1998
"PlanktonJuneNCC_Ruz1_2025","data_2025","PlanktonJuneNCC_Ruz1_2025","CC_NCC_plank_167","",1999-01-01,8.216009649,8.216009649,8.216009649,TRUE,95,"incl2026",1998
"PlanktonJuneNCC_Ruz1_2025","data_2025","PlanktonJuneNCC_Ruz1_2025","CC_NCC_plank_167","",2000-01-01,0.665868853,0.665868853,0.665868853,TRUE,95,"incl2026",1998
"PlanktonJuneNCC_Ruz1_2025","data_2025","PlanktonJuneNCC_Ruz1_2025","CC_NCC_plank_167","",2001-01-01,3.170226051,3.170226051,3.170226051,TRUE,95,"incl2026",1998
"PlanktonJuneNCC_Ruz1_2025","data_2025","PlanktonJuneNCC_Ruz1_2025","CC_NCC_plank_167","",2002-01-01,1.492309116,1.492309116,1.492309116,TRUE,95,"incl2026",1998
"PlanktonJuneNCC_Ruz1_2025","data_2025","PlanktonJuneNCC_Ruz1_2025","CC_NCC_plank_167","",2003-01-01,2.238679316,2.238679316,2.238679316,TRUE,95,"incl2026",1998
"PlanktonJuneNCC_Ruz1_2025","data_2025","PlanktonJuneNCC_Ruz1_2025","CC_NCC_plank_167","",2004-01-01,1.846583111,1.846583111,1.846583111,TRUE,95,"incl2026",1998
"PlanktonJuneNCC_Ruz1_2025","data_2025","PlanktonJuneNCC_Ruz1_2025","CC_NCC_plank_167","",2005-01-01,0.579399571,0.579399571,0.579399571,TRUE,95,"incl2026",1998
"PlanktonJuneNCC_Ruz1_2025","data_2025","PlanktonJuneNCC_Ruz1_2025","CC_NCC_plank_167","",2006-01-01,1.020129852,1.020129852,1.020129852,TRUE,95,"incl2026",1998
"PlanktonJuneNCC_Ruz1_2025","data_2025","PlanktonJuneNCC_Ruz1_2025","CC_NCC_plank_167","",2007-01-01,1.48006528,1.48006528,1.48006528,TRUE,95,"incl2026",1998
"PlanktonJuneNCC_Ruz1_2025","data_2025","PlanktonJuneNCC_Ruz1_2025","CC_NCC_plank_167","",2008-01-01,1.019822248,1.019822248,1.019822248,TRUE,95,"incl2026",1998
"PlanktonJuneNCC_Ruz1_2025","data_2025","PlanktonJuneNCC_Ruz1_2025","CC_NCC_plank_167","",2009-01-01,2.167540246,2.167540246,2.167540246,TRUE,95,"incl2026",1998
"PlanktonJuneNCC_Ruz1_2025","data_2025","PlanktonJuneNCC_Ruz1_2025","CC_NCC_plank_167","",2010-01-01,1.864852132,1.864852132,1.864852132,TRUE,95,"incl2026",1998
"PlanktonJuneNCC_Ruz1_2025","data_2025","PlanktonJuneNCC_Ruz1_2025","CC_NCC_plank_167","",2011-01-01,1.429127239,1.429127239,1.429127239,TRUE,95,"incl2026",1998
"PlanktonJuneNCC_Ruz1_2025","data_2025","PlanktonJuneNCC_Ruz1_2025","CC_NCC_plank_167","",2012-01-01,5.712842871,5.712842871,5.712842871,TRUE,95,"incl2026",1998
"PlanktonJuneNCC_Ruz1_2025","data_2025","PlanktonJuneNCC_Ruz1_2025","CC_NCC_plank_167","",2013-01-01,3.249217247,3.249217247,3.249217247,TRUE,95,"incl2026",1998
"PlanktonJuneNCC_Ruz1_2025","data_2025","PlanktonJuneNCC_Ruz1_2025","CC_NCC_plank_167","",2014-01-01,4.217444737,4.217444737,4.217444737,TRUE,95,"incl2026",1998
"PlanktonJuneNCC_Ruz1_2025","data_2025","PlanktonJuneNCC_Ruz1_2025","CC_NCC_plank_167","",2015-01-01,2.309608551,2.309608551,2.309608551,TRUE,95,"incl2026",1998
"PlanktonJuneNCC_Ruz1_2025","data_2025","PlanktonJuneNCC_Ruz1_2025","CC_NCC_plank_167","",2016-01-01,3.964765805,3.964765805,3.964765805,TRUE,95,"incl2026",1998
"PlanktonJuneNCC_Ruz1_2025","data_2025","PlanktonJuneNCC_Ruz1_2025","CC_NCC_plank_167","",2017-01-01,1.458293173,1.458293173,1.458293173,TRUE,95,"incl2026",1998
"PlanktonJuneNCC_Ruz1_2025","data_2025","PlanktonJuneNCC_Ruz1_2025","CC_NCC_plank_167","",2018-01-01,2.625473952,2.625473952,2.625473952,TRUE,95,"incl2026",1998
"PlanktonJuneNCC_Ruz1_2025","data_2025","PlanktonJuneNCC_Ruz1_2025","CC_NCC_plank_167","",2019-01-01,17.2538795,17.2538795,17.2538795,TRUE,95,"incl2026",1998
"PlanktonJuneNCC_Ruz1_2025","data_2025","PlanktonJuneNCC_Ruz1_2025","CC_NCC_plank_167","",2020-01-01,2.977729823,2.977729823,2.977729823,TRUE,95,"incl2026",1998
"PlanktonJuneNCC_Ruz1_2025","data_2025","PlanktonJuneNCC_Ruz1_2025","CC_NCC_plank_167","",2021-01-01,36.21370405,36.21370405,36.21370405,TRUE,95,"incl2026",1998
"PlanktonJuneNCC_Ruz2_2025","data_2025","PlanktonJuneNCC_Ruz2_2025","CC_NCC_plank_168","",1998-01-01,NA,NA,NA,TRUE,95,"incl2026",1998
"PlanktonJuneNCC_Ruz2_2025","data_2025","PlanktonJuneNCC_Ruz2_2025","CC_NCC_plank_168","",1999-01-01,8.215828182,8.215828182,8.215828182,TRUE,95,"incl2026",1998
"PlanktonJuneNCC_Ruz2_2025","data_2025","PlanktonJuneNCC_Ruz2_2025","CC_NCC_plank_168","",2000-01-01,0.665868853,0.665868853,0.665868853,TRUE,95,"incl2026",1998
"PlanktonJuneNCC_Ruz2_2025","data_2025","PlanktonJuneNCC_Ruz2_2025","CC_NCC_plank_168","",2001-01-01,3.169756987,3.169756987,3.169756987,TRUE,95,"incl2026",1998
"PlanktonJuneNCC_Ruz2_2025","data_2025","PlanktonJuneNCC_Ruz2_2025","CC_NCC_plank_168","",2002-01-01,1.492309116,1.492309116,1.492309116,TRUE,95,"incl2026",1998
"PlanktonJuneNCC_Ruz2_2025","data_2025","PlanktonJuneNCC_Ruz2_2025","CC_NCC_plank_168","",2003-01-01,2.238679316,2.238679316,2.238679316,TRUE,95,"incl2026",1998
"PlanktonJuneNCC_Ruz2_2025","data_2025","PlanktonJuneNCC_Ruz2_2025","CC_NCC_plank_168","",2004-01-01,1.846583111,1.846583111,1.846583111,TRUE,95,"incl2026",1998
"PlanktonJuneNCC_Ruz2_2025","data_2025","PlanktonJuneNCC_Ruz2_2025","CC_NCC_plank_168","",2005-01-01,0.579399571,0.579399571,0.579399571,TRUE,95,"incl2026",1998
"PlanktonJuneNCC_Ruz2_2025","data_2025","PlanktonJuneNCC_Ruz2_2025","CC_NCC_plank_168","",2006-01-01,1.017874679,1.017874679,1.017874679,TRUE,95,"incl2026",1998
"PlanktonJuneNCC_Ruz2_2025","data_2025","PlanktonJuneNCC_Ruz2_2025","CC_NCC_plank_168","",2007-01-01,1.48006528,1.48006528,1.48006528,TRUE,95,"incl2026",1998
"PlanktonJuneNCC_Ruz2_2025","data_2025","PlanktonJuneNCC_Ruz2_2025","CC_NCC_plank_168","",2008-01-01,1.019822248,1.019822248,1.019822248,TRUE,95,"incl2026",1998
"PlanktonJuneNCC_Ruz2_2025","data_2025","PlanktonJuneNCC_Ruz2_2025","CC_NCC_plank_168","",2009-01-01,2.16799054,2.16799054,2.16799054,TRUE,95,"incl2026",1998
"PlanktonJuneNCC_Ruz2_2025","data_2025","PlanktonJuneNCC_Ruz2_2025","CC_NCC_plank_168","",2010-01-01,1.863686011,1.863686011,1.863686011,TRUE,95,"incl2026",1998
"PlanktonJuneNCC_Ruz2_2025","data_2025","PlanktonJuneNCC_Ruz2_2025","CC_NCC_plank_168","",2011-01-01,1.429007248,1.429007248,1.429007248,TRUE,95,"incl2026",1998
"PlanktonJuneNCC_Ruz2_2025","data_2025","PlanktonJuneNCC_Ruz2_2025","CC_NCC_plank_168","",2012-01-01,5.712393325,5.712393325,5.712393325,TRUE,95,"incl2026",1998
"PlanktonJuneNCC_Ruz2_2025","data_2025","PlanktonJuneNCC_Ruz2_2025","CC_NCC_plank_168","",2013-01-01,3.249217247,3.249217247,3.249217247,TRUE,95,"incl2026",1998
"PlanktonJuneNCC_Ruz2_2025","data_2025","PlanktonJuneNCC_Ruz2_2025","CC_NCC_plank_168","",2014-01-01,4.215522835,4.215522835,4.215522835,TRUE,95,"incl2026",1998
"PlanktonJuneNCC_Ruz2_2025","data_2025","PlanktonJuneNCC_Ruz2_2025","CC_NCC_plank_168","",2015-01-01,2.303302384,2.303302384,2.303302384,TRUE,95,"incl2026",1998
"PlanktonJuneNCC_Ruz2_2025","data_2025","PlanktonJuneNCC_Ruz2_2025","CC_NCC_plank_168","",2016-01-01,3.964765805,3.964765805,3.964765805,TRUE,95,"incl2026",1998
"PlanktonJuneNCC_Ruz2_2025","data_2025","PlanktonJuneNCC_Ruz2_2025","CC_NCC_plank_168","",2017-01-01,1.546760537,1.546760537,1.546760537,TRUE,95,"incl2026",1998
"PlanktonJuneNCC_Ruz2_2025","data_2025","PlanktonJuneNCC_Ruz2_2025","CC_NCC_plank_168","",2018-01-01,2.62540581,2.62540581,2.62540581,TRUE,95,"incl2026",1998
"PlanktonJuneNCC_Ruz2_2025","data_2025","PlanktonJuneNCC_Ruz2_2025","CC_NCC_plank_168","",2019-01-01,17.25226479,17.25226479,17.25226479,TRUE,95,"incl2026",1998
"PlanktonJuneNCC_Ruz2_2025","data_2025","PlanktonJuneNCC_Ruz2_2025","CC_NCC_plank_168","",2020-01-01,2.969883294,2.969883294,2.969883294,TRUE,95,"incl2026",1998
"PlanktonJuneNCC_Ruz2_2025","data_2025","PlanktonJuneNCC_Ruz2_2025","CC_NCC_plank_168","",2021-01-01,36.21370405,36.21370405,36.21370405,TRUE,95,"incl2026",1998
"Pomarine_jaeg_WS_2026","Westport_2026","Pomarine_jaeg_WS_2026","CC_NCC_Seabird_285","",1998-01-01,0.0526315789473684,0.0526315789473684,0.0526315789473684,TRUE,96,"incl2026",1998
"Pomarine_jaeg_WS_2026","Westport_2026","Pomarine_jaeg_WS_2026","CC_NCC_Seabird_285","",1999-01-01,0,0,0,TRUE,96,"incl2026",1998
"Pomarine_jaeg_WS_2026","Westport_2026","Pomarine_jaeg_WS_2026","CC_NCC_Seabird_285","",2000-01-01,0.0666666666666667,0.0666666666666667,0.0666666666666667,TRUE,96,"incl2026",1998
"Pomarine_jaeg_WS_2026","Westport_2026","Pomarine_jaeg_WS_2026","CC_NCC_Seabird_285","",2001-01-01,0.0638297872340425,0.0638297872340425,0.0638297872340425,TRUE,96,"incl2026",1998
"Pomarine_jaeg_WS_2026","Westport_2026","Pomarine_jaeg_WS_2026","CC_NCC_Seabird_285","",2002-01-01,0.0483870967741935,0.0483870967741935,0.0483870967741935,TRUE,96,"incl2026",1998
"Pomarine_jaeg_WS_2026","Westport_2026","Pomarine_jaeg_WS_2026","CC_NCC_Seabird_285","",2003-01-01,0.0625,0.0625,0.0625,TRUE,96,"incl2026",1998
"Pomarine_jaeg_WS_2026","Westport_2026","Pomarine_jaeg_WS_2026","CC_NCC_Seabird_285","",2004-01-01,0.0425531914893617,0.0425531914893617,0.0425531914893617,TRUE,96,"incl2026",1998
"Pomarine_jaeg_WS_2026","Westport_2026","Pomarine_jaeg_WS_2026","CC_NCC_Seabird_285","",2005-01-01,0,0,0,TRUE,96,"incl2026",1998
"Pomarine_jaeg_WS_2026","Westport_2026","Pomarine_jaeg_WS_2026","CC_NCC_Seabird_285","",2006-01-01,0.0925925925925926,0.0925925925925926,0.0925925925925926,TRUE,96,"incl2026",1998
"Pomarine_jaeg_WS_2026","Westport_2026","Pomarine_jaeg_WS_2026","CC_NCC_Seabird_285","",2007-01-01,0.106382978723404,0.106382978723404,0.106382978723404,TRUE,96,"incl2026",1998
"Pomarine_jaeg_WS_2026","Westport_2026","Pomarine_jaeg_WS_2026","CC_NCC_Seabird_285","",2008-01-01,0.0465116279069767,0.0465116279069767,0.0465116279069767,TRUE,96,"incl2026",1998
"Pomarine_jaeg_WS_2026","Westport_2026","Pomarine_jaeg_WS_2026","CC_NCC_Seabird_285","",2009-01-01,NA,0.0232558139534884,0.0232558139534884,TRUE,96,"incl2026",1998
"Pomarine_jaeg_WS_2026","Westport_2026","Pomarine_jaeg_WS_2026","CC_NCC_Seabird_285","",2010-01-01,0,0,0,TRUE,96,"incl2026",1998
"Pomarine_jaeg_WS_2026","Westport_2026","Pomarine_jaeg_WS_2026","CC_NCC_Seabird_285","",2011-01-01,0.0612244897959184,0.0612244897959184,0.0612244897959184,TRUE,96,"incl2026",1998
"Pomarine_jaeg_WS_2026","Westport_2026","Pomarine_jaeg_WS_2026","CC_NCC_Seabird_285","",2012-01-01,0.0232558139534884,0.0232558139534884,0.0232558139534884,TRUE,96,"incl2026",1998
"Pomarine_jaeg_WS_2026","Westport_2026","Pomarine_jaeg_WS_2026","CC_NCC_Seabird_285","",2013-01-01,0.0454545454545455,0.0454545454545455,0.0454545454545455,TRUE,96,"incl2026",1998
"Pomarine_jaeg_WS_2026","Westport_2026","Pomarine_jaeg_WS_2026","CC_NCC_Seabird_285","",2014-01-01,0.0212765957446809,0.0212765957446809,0.0212765957446809,TRUE,96,"incl2026",1998
"Pomarine_jaeg_WS_2026","Westport_2026","Pomarine_jaeg_WS_2026","CC_NCC_Seabird_285","",2015-01-01,0.0169491525423729,0.0169491525423729,0.0169491525423729,TRUE,96,"incl2026",1998
"Pomarine_jaeg_WS_2026","Westport_2026","Pomarine_jaeg_WS_2026","CC_NCC_Seabird_285","",2016-01-01,0.0793650793650794,0.0793650793650794,0.0793650793650794,TRUE,96,"incl2026",1998
"Pomarine_jaeg_WS_2026","Westport_2026","Pomarine_jaeg_WS_2026","CC_NCC_Seabird_285","",2017-01-01,0.0163934426229508,0.0163934426229508,0.0163934426229508,TRUE,96,"incl2026",1998
"Pomarine_jaeg_WS_2026","Westport_2026","Pomarine_jaeg_WS_2026","CC_NCC_Seabird_285","",2018-01-01,0.0689655172413793,0.0689655172413793,0.0689655172413793,TRUE,96,"incl2026",1998
"Pomarine_jaeg_WS_2026","Westport_2026","Pomarine_jaeg_WS_2026","CC_NCC_Seabird_285","",2019-01-01,0.0487804878048781,0.0487804878048781,0.0487804878048781,TRUE,96,"incl2026",1998
"Pomarine_jaeg_WS_2026","Westport_2026","Pomarine_jaeg_WS_2026","CC_NCC_Seabird_285","",2020-01-01,0.0625,0.0625,0.0625,TRUE,96,"incl2026",1998
"Pomarine_jaeg_WS_2026","Westport_2026","Pomarine_jaeg_WS_2026","CC_NCC_Seabird_285","",2021-01-01,0.0158730158730159,0.0158730158730159,0.0158730158730159,TRUE,96,"incl2026",1998
"Pteropod_planktonJuneNCC","planktonJuneNCC_2025","Pteropod_planktonJuneNCC","CC_NCC_plank_198","",1998-01-01,0.987612360861884,0.987612360861884,0.987612360861884,TRUE,97,"incl2026",1998
"Pteropod_planktonJuneNCC","planktonJuneNCC_2025","Pteropod_planktonJuneNCC","CC_NCC_plank_198","",1999-01-01,0.0514581879934814,0.0514581879934814,0.0514581879934814,TRUE,97,"incl2026",1998
"Pteropod_planktonJuneNCC","planktonJuneNCC_2025","Pteropod_planktonJuneNCC","CC_NCC_plank_198","",2000-01-01,0.0231208659673722,0.0231208659673722,0.0231208659673722,TRUE,97,"incl2026",1998
"Pteropod_planktonJuneNCC","planktonJuneNCC_2025","Pteropod_planktonJuneNCC","CC_NCC_plank_198","",2001-01-01,0.0954436289859275,0.0954436289859275,0.0954436289859275,TRUE,97,"incl2026",1998
"Pteropod_planktonJuneNCC","planktonJuneNCC_2025","Pteropod_planktonJuneNCC","CC_NCC_plank_198","",2002-01-01,0.249558083350216,0.249558083350216,0.249558083350216,TRUE,97,"incl2026",1998
"Pteropod_planktonJuneNCC","planktonJuneNCC_2025","Pteropod_planktonJuneNCC","CC_NCC_plank_198","",2003-01-01,0.314926381179681,0.314926381179681,0.314926381179681,TRUE,97,"incl2026",1998
"Pteropod_planktonJuneNCC","planktonJuneNCC_2025","Pteropod_planktonJuneNCC","CC_NCC_plank_198","",2004-01-01,0.415794654973812,0.415794654973812,0.415794654973812,TRUE,97,"incl2026",1998
"Pteropod_planktonJuneNCC","planktonJuneNCC_2025","Pteropod_planktonJuneNCC","CC_NCC_plank_198","",2005-01-01,0.0121906649087005,0.0121906649087005,0.0121906649087005,TRUE,97,"incl2026",1998
"Pteropod_planktonJuneNCC","planktonJuneNCC_2025","Pteropod_planktonJuneNCC","CC_NCC_plank_198","",2006-01-01,0.252652347888871,0.252652347888871,0.252652347888871,TRUE,97,"incl2026",1998
"Pteropod_planktonJuneNCC","planktonJuneNCC_2025","Pteropod_planktonJuneNCC","CC_NCC_plank_198","",2007-01-01,0.0524690342905101,0.0524690342905101,0.0524690342905101,TRUE,97,"incl2026",1998
"Pteropod_planktonJuneNCC","planktonJuneNCC_2025","Pteropod_planktonJuneNCC","CC_NCC_plank_198","",2008-01-01,0.36167402367911,0.36167402367911,0.36167402367911,TRUE,97,"incl2026",1998
"Pteropod_planktonJuneNCC","planktonJuneNCC_2025","Pteropod_planktonJuneNCC","CC_NCC_plank_198","",2009-01-01,0.126246541701881,0.126246541701881,0.126246541701881,TRUE,97,"incl2026",1998
"Pteropod_planktonJuneNCC","planktonJuneNCC_2025","Pteropod_planktonJuneNCC","CC_NCC_plank_198","",2010-01-01,0.238327769593892,0.238327769593892,0.238327769593892,TRUE,97,"incl2026",1998
"Pteropod_planktonJuneNCC","planktonJuneNCC_2025","Pteropod_planktonJuneNCC","CC_NCC_plank_198","",2011-01-01,1.26787764365972,1.26787764365972,1.26787764365972,TRUE,97,"incl2026",1998
"Pteropod_planktonJuneNCC","planktonJuneNCC_2025","Pteropod_planktonJuneNCC","CC_NCC_plank_198","",2012-01-01,0.124153482874931,0.124153482874931,0.124153482874931,TRUE,97,"incl2026",1998
"Pteropod_planktonJuneNCC","planktonJuneNCC_2025","Pteropod_planktonJuneNCC","CC_NCC_plank_198","",2013-01-01,0.0608912099399383,0.0608912099399383,0.0608912099399383,TRUE,97,"incl2026",1998
"Pteropod_planktonJuneNCC","planktonJuneNCC_2025","Pteropod_planktonJuneNCC","CC_NCC_plank_198","",2014-01-01,0.0805071152603264,0.0805071152603264,0.0805071152603264,TRUE,97,"incl2026",1998
"Pteropod_planktonJuneNCC","planktonJuneNCC_2025","Pteropod_planktonJuneNCC","CC_NCC_plank_198","",2015-01-01,0.195434229868551,0.195434229868551,0.195434229868551,TRUE,97,"incl2026",1998
"Pteropod_planktonJuneNCC","planktonJuneNCC_2025","Pteropod_planktonJuneNCC","CC_NCC_plank_198","",2016-01-01,0.499911492097956,0.499911492097956,0.499911492097956,TRUE,97,"incl2026",1998
"Pteropod_planktonJuneNCC","planktonJuneNCC_2025","Pteropod_planktonJuneNCC","CC_NCC_plank_198","",2017-01-01,0.281264744991989,0.281264744991989,0.281264744991989,TRUE,97,"incl2026",1998
"Pteropod_planktonJuneNCC","planktonJuneNCC_2025","Pteropod_planktonJuneNCC","CC_NCC_plank_198","",2018-01-01,0.241029112083319,0.241029112083319,0.241029112083319,TRUE,97,"incl2026",1998
"Pteropod_planktonJuneNCC","planktonJuneNCC_2025","Pteropod_planktonJuneNCC","CC_NCC_plank_198","",2019-01-01,0.302370633504806,0.302370633504806,0.302370633504806,TRUE,97,"incl2026",1998
"Pteropod_planktonJuneNCC","planktonJuneNCC_2025","Pteropod_planktonJuneNCC","CC_NCC_plank_198","",2020-01-01,0.256875696195644,0.256875696195644,0.256875696195644,TRUE,97,"incl2026",1998
"Pteropod_planktonJuneNCC","planktonJuneNCC_2025","Pteropod_planktonJuneNCC","CC_NCC_plank_198","",2021-01-01,0.149992758902671,0.149992758902671,0.149992758902671,TRUE,97,"incl2026",1998
"Pyrosoma.atlanticum__2025","data_2025","PyrosomaAtlanticum__2025","CC_NCC_cnid_166","",1998-01-01,0,0,0,TRUE,98,"incl2026",1998
"Pyrosoma.atlanticum__2025","data_2025","PyrosomaAtlanticum__2025","CC_NCC_cnid_166","",1999-01-01,0,0,0,TRUE,98,"incl2026",1998
"Pyrosoma.atlanticum__2025","data_2025","PyrosomaAtlanticum__2025","CC_NCC_cnid_166","",2000-01-01,0,0,0,TRUE,98,"incl2026",1998
"Pyrosoma.atlanticum__2025","data_2025","PyrosomaAtlanticum__2025","CC_NCC_cnid_166","",2001-01-01,0,0,0,TRUE,98,"incl2026",1998
"Pyrosoma.atlanticum__2025","data_2025","PyrosomaAtlanticum__2025","CC_NCC_cnid_166","",2002-01-01,0,0,0,TRUE,98,"incl2026",1998
"Pyrosoma.atlanticum__2025","data_2025","PyrosomaAtlanticum__2025","CC_NCC_cnid_166","",2003-01-01,0,0,0,TRUE,98,"incl2026",1998
"Pyrosoma.atlanticum__2025","data_2025","PyrosomaAtlanticum__2025","CC_NCC_cnid_166","",2004-01-01,0,0,0,TRUE,98,"incl2026",1998
"Pyrosoma.atlanticum__2025","data_2025","PyrosomaAtlanticum__2025","CC_NCC_cnid_166","",2005-01-01,0,0,0,TRUE,98,"incl2026",1998
"Pyrosoma.atlanticum__2025","data_2025","PyrosomaAtlanticum__2025","CC_NCC_cnid_166","",2006-01-01,0,0,0,TRUE,98,"incl2026",1998
"Pyrosoma.atlanticum__2025","data_2025","PyrosomaAtlanticum__2025","CC_NCC_cnid_166","",2007-01-01,0,0,0,TRUE,98,"incl2026",1998
"Pyrosoma.atlanticum__2025","data_2025","PyrosomaAtlanticum__2025","CC_NCC_cnid_166","",2008-01-01,0,0,0,TRUE,98,"incl2026",1998
"Pyrosoma.atlanticum__2025","data_2025","PyrosomaAtlanticum__2025","CC_NCC_cnid_166","",2009-01-01,0,0,0,TRUE,98,"incl2026",1998
"Pyrosoma.atlanticum__2025","data_2025","PyrosomaAtlanticum__2025","CC_NCC_cnid_166","",2010-01-01,0,0,0,TRUE,98,"incl2026",1998
"Pyrosoma.atlanticum__2025","data_2025","PyrosomaAtlanticum__2025","CC_NCC_cnid_166","",2011-01-01,0,0,0,TRUE,98,"incl2026",1998
"Pyrosoma.atlanticum__2025","data_2025","PyrosomaAtlanticum__2025","CC_NCC_cnid_166","",2012-01-01,0,0,0,TRUE,98,"incl2026",1998
"Pyrosoma.atlanticum__2025","data_2025","PyrosomaAtlanticum__2025","CC_NCC_cnid_166","",2013-01-01,0,0,0,TRUE,98,"incl2026",1998
"Pyrosoma.atlanticum__2025","data_2025","PyrosomaAtlanticum__2025","CC_NCC_cnid_166","",2014-01-01,0,0,0,TRUE,98,"incl2026",1998
"Pyrosoma.atlanticum__2025","data_2025","PyrosomaAtlanticum__2025","CC_NCC_cnid_166","",2015-01-01,0,0,0,TRUE,98,"incl2026",1998
"Pyrosoma.atlanticum__2025","data_2025","PyrosomaAtlanticum__2025","CC_NCC_cnid_166","",2016-01-01,0,0,0,TRUE,98,"incl2026",1998
"Pyrosoma.atlanticum__2025","data_2025","PyrosomaAtlanticum__2025","CC_NCC_cnid_166","",2017-01-01,2.32336815895025,2.32336815895025,2.32336815895025,TRUE,98,"incl2026",1998
"Pyrosoma.atlanticum__2025","data_2025","PyrosomaAtlanticum__2025","CC_NCC_cnid_166","",2018-01-01,0.674879689678765,0.674879689678765,0.674879689678765,TRUE,98,"incl2026",1998
"Pyrosoma.atlanticum__2025","data_2025","PyrosomaAtlanticum__2025","CC_NCC_cnid_166","",2019-01-01,0,0,0,TRUE,98,"incl2026",1998
"Pyrosoma.atlanticum__2025","data_2025","PyrosomaAtlanticum__2025","CC_NCC_cnid_166","",2020-01-01,0,0,0,TRUE,98,"incl2026",1998
"Pyrosoma.atlanticum__2025","data_2025","PyrosomaAtlanticum__2025","CC_NCC_cnid_166","",2021-01-01,0,0,0,TRUE,98,"incl2026",1998
"Red_necked_grebe_WS_2026","Westport_2026","Red_necked_grebe_WS_2026","CC_NCC_Seabird_266","",1998-01-01,0,0,0,TRUE,99,"incl2026",1998
"Red_necked_grebe_WS_2026","Westport_2026","Red_necked_grebe_WS_2026","CC_NCC_Seabird_266","",1999-01-01,0,0,0,TRUE,99,"incl2026",1998
"Red_necked_grebe_WS_2026","Westport_2026","Red_necked_grebe_WS_2026","CC_NCC_Seabird_266","",2000-01-01,0,0,0,TRUE,99,"incl2026",1998
"Red_necked_grebe_WS_2026","Westport_2026","Red_necked_grebe_WS_2026","CC_NCC_Seabird_266","",2001-01-01,0,0,0,TRUE,99,"incl2026",1998
"Red_necked_grebe_WS_2026","Westport_2026","Red_necked_grebe_WS_2026","CC_NCC_Seabird_266","",2002-01-01,0,0,0,TRUE,99,"incl2026",1998
"Red_necked_grebe_WS_2026","Westport_2026","Red_necked_grebe_WS_2026","CC_NCC_Seabird_266","",2003-01-01,0,0,0,TRUE,99,"incl2026",1998
"Red_necked_grebe_WS_2026","Westport_2026","Red_necked_grebe_WS_2026","CC_NCC_Seabird_266","",2004-01-01,0,0,0,TRUE,99,"incl2026",1998
"Red_necked_grebe_WS_2026","Westport_2026","Red_necked_grebe_WS_2026","CC_NCC_Seabird_266","",2005-01-01,0,0,0,TRUE,99,"incl2026",1998
"Red_necked_grebe_WS_2026","Westport_2026","Red_necked_grebe_WS_2026","CC_NCC_Seabird_266","",2006-01-01,0,0,0,TRUE,99,"incl2026",1998
"Red_necked_grebe_WS_2026","Westport_2026","Red_necked_grebe_WS_2026","CC_NCC_Seabird_266","",2007-01-01,0.0212765957446809,0.0212765957446809,0.0212765957446809,TRUE,99,"incl2026",1998
"Red_necked_grebe_WS_2026","Westport_2026","Red_necked_grebe_WS_2026","CC_NCC_Seabird_266","",2008-01-01,0,0,0,TRUE,99,"incl2026",1998
"Red_necked_grebe_WS_2026","Westport_2026","Red_necked_grebe_WS_2026","CC_NCC_Seabird_266","",2009-01-01,NA,0,0,TRUE,99,"incl2026",1998
"Red_necked_grebe_WS_2026","Westport_2026","Red_necked_grebe_WS_2026","CC_NCC_Seabird_266","",2010-01-01,0,0,0,TRUE,99,"incl2026",1998
"Red_necked_grebe_WS_2026","Westport_2026","Red_necked_grebe_WS_2026","CC_NCC_Seabird_266","",2011-01-01,0,0,0,TRUE,99,"incl2026",1998
"Red_necked_grebe_WS_2026","Westport_2026","Red_necked_grebe_WS_2026","CC_NCC_Seabird_266","",2012-01-01,0,0,0,TRUE,99,"incl2026",1998
"Red_necked_grebe_WS_2026","Westport_2026","Red_necked_grebe_WS_2026","CC_NCC_Seabird_266","",2013-01-01,0,0,0,TRUE,99,"incl2026",1998
"Red_necked_grebe_WS_2026","Westport_2026","Red_necked_grebe_WS_2026","CC_NCC_Seabird_266","",2014-01-01,0,0,0,TRUE,99,"incl2026",1998
"Red_necked_grebe_WS_2026","Westport_2026","Red_necked_grebe_WS_2026","CC_NCC_Seabird_266","",2015-01-01,0.0169491525423729,0.0169491525423729,0.0169491525423729,TRUE,99,"incl2026",1998
"Red_necked_grebe_WS_2026","Westport_2026","Red_necked_grebe_WS_2026","CC_NCC_Seabird_266","",2016-01-01,0.0158730158730159,0.0158730158730159,0.0158730158730159,TRUE,99,"incl2026",1998
"Red_necked_grebe_WS_2026","Westport_2026","Red_necked_grebe_WS_2026","CC_NCC_Seabird_266","",2017-01-01,0.0163934426229508,0.0163934426229508,0.0163934426229508,TRUE,99,"incl2026",1998
"Red_necked_grebe_WS_2026","Westport_2026","Red_necked_grebe_WS_2026","CC_NCC_Seabird_266","",2018-01-01,0.0172413793103448,0.0172413793103448,0.0172413793103448,TRUE,99,"incl2026",1998
"Red_necked_grebe_WS_2026","Westport_2026","Red_necked_grebe_WS_2026","CC_NCC_Seabird_266","",2019-01-01,0,0,0,TRUE,99,"incl2026",1998
"Red_necked_grebe_WS_2026","Westport_2026","Red_necked_grebe_WS_2026","CC_NCC_Seabird_266","",2020-01-01,0,0,0,TRUE,99,"incl2026",1998
"Red_necked_grebe_WS_2026","Westport_2026","Red_necked_grebe_WS_2026","CC_NCC_Seabird_266","",2021-01-01,0,0,0,TRUE,99,"incl2026",1998
"Red_necked_phal_WS_2026","Westport_2026","Red_necked_phal_WS_2026","CC_NCC_Seabird_237","",1998-01-01,0.368421052631579,0.368421052631579,0.368421052631579,TRUE,100,"incl2026",1998
"Red_necked_phal_WS_2026","Westport_2026","Red_necked_phal_WS_2026","CC_NCC_Seabird_237","",1999-01-01,0.0555555555555556,0.0555555555555556,0.0555555555555556,TRUE,100,"incl2026",1998
"Red_necked_phal_WS_2026","Westport_2026","Red_necked_phal_WS_2026","CC_NCC_Seabird_237","",2000-01-01,0.0333333333333333,0.0333333333333333,0.0333333333333333,TRUE,100,"incl2026",1998
"Red_necked_phal_WS_2026","Westport_2026","Red_necked_phal_WS_2026","CC_NCC_Seabird_237","",2001-01-01,0.25531914893617,0.25531914893617,0.25531914893617,TRUE,100,"incl2026",1998
"Red_necked_phal_WS_2026","Westport_2026","Red_necked_phal_WS_2026","CC_NCC_Seabird_237","",2002-01-01,0.225806451612903,0.225806451612903,0.225806451612903,TRUE,100,"incl2026",1998
"Red_necked_phal_WS_2026","Westport_2026","Red_necked_phal_WS_2026","CC_NCC_Seabird_237","",2003-01-01,0.3125,0.3125,0.3125,TRUE,100,"incl2026",1998
"Red_necked_phal_WS_2026","Westport_2026","Red_necked_phal_WS_2026","CC_NCC_Seabird_237","",2004-01-01,0,0,0,TRUE,100,"incl2026",1998
"Red_necked_phal_WS_2026","Westport_2026","Red_necked_phal_WS_2026","CC_NCC_Seabird_237","",2005-01-01,0,0,0,TRUE,100,"incl2026",1998
"Red_necked_phal_WS_2026","Westport_2026","Red_necked_phal_WS_2026","CC_NCC_Seabird_237","",2006-01-01,0.0185185185185185,0.0185185185185185,0.0185185185185185,TRUE,100,"incl2026",1998
"Red_necked_phal_WS_2026","Westport_2026","Red_necked_phal_WS_2026","CC_NCC_Seabird_237","",2007-01-01,0,0,0,TRUE,100,"incl2026",1998
"Red_necked_phal_WS_2026","Westport_2026","Red_necked_phal_WS_2026","CC_NCC_Seabird_237","",2008-01-01,0.395348837209302,0.395348837209302,0.395348837209302,TRUE,100,"incl2026",1998
"Red_necked_phal_WS_2026","Westport_2026","Red_necked_phal_WS_2026","CC_NCC_Seabird_237","",2009-01-01,NA,0.292269013199245,0.292269013199245,TRUE,100,"incl2026",1998
"Red_necked_phal_WS_2026","Westport_2026","Red_necked_phal_WS_2026","CC_NCC_Seabird_237","",2010-01-01,0.189189189189189,0.189189189189189,0.189189189189189,TRUE,100,"incl2026",1998
"Red_necked_phal_WS_2026","Westport_2026","Red_necked_phal_WS_2026","CC_NCC_Seabird_237","",2011-01-01,0.183673469387755,0.183673469387755,0.183673469387755,TRUE,100,"incl2026",1998
"Red_necked_phal_WS_2026","Westport_2026","Red_necked_phal_WS_2026","CC_NCC_Seabird_237","",2012-01-01,0.232558139534884,0.232558139534884,0.232558139534884,TRUE,100,"incl2026",1998
"Red_necked_phal_WS_2026","Westport_2026","Red_necked_phal_WS_2026","CC_NCC_Seabird_237","",2013-01-01,0.318181818181818,0.318181818181818,0.318181818181818,TRUE,100,"incl2026",1998
"Red_necked_phal_WS_2026","Westport_2026","Red_necked_phal_WS_2026","CC_NCC_Seabird_237","",2014-01-01,0.191489361702128,0.191489361702128,0.191489361702128,TRUE,100,"incl2026",1998
"Red_necked_phal_WS_2026","Westport_2026","Red_necked_phal_WS_2026","CC_NCC_Seabird_237","",2015-01-01,0.355932203389831,0.355932203389831,0.355932203389831,TRUE,100,"incl2026",1998
"Red_necked_phal_WS_2026","Westport_2026","Red_necked_phal_WS_2026","CC_NCC_Seabird_237","",2016-01-01,0.46031746031746,0.46031746031746,0.46031746031746,TRUE,100,"incl2026",1998
"Red_necked_phal_WS_2026","Westport_2026","Red_necked_phal_WS_2026","CC_NCC_Seabird_237","",2017-01-01,0.131147540983607,0.131147540983607,0.131147540983607,TRUE,100,"incl2026",1998
"Red_necked_phal_WS_2026","Westport_2026","Red_necked_phal_WS_2026","CC_NCC_Seabird_237","",2018-01-01,0.293103448275862,0.293103448275862,0.293103448275862,TRUE,100,"incl2026",1998
"Red_necked_phal_WS_2026","Westport_2026","Red_necked_phal_WS_2026","CC_NCC_Seabird_237","",2019-01-01,0.121951219512195,0.121951219512195,0.121951219512195,TRUE,100,"incl2026",1998
"Red_necked_phal_WS_2026","Westport_2026","Red_necked_phal_WS_2026","CC_NCC_Seabird_237","",2020-01-01,0.0625,0.0625,0.0625,TRUE,100,"incl2026",1998
"Red_necked_phal_WS_2026","Westport_2026","Red_necked_phal_WS_2026","CC_NCC_Seabird_237","",2021-01-01,0.222222222222222,0.222222222222222,0.222222222222222,TRUE,100,"incl2026",1998
"Red_phal_WS_2026","Westport_2026","Red_phal_WS_2026","CC_NCC_Seabird_236","",1998-01-01,0,0,0,TRUE,101,"incl2026",1998
"Red_phal_WS_2026","Westport_2026","Red_phal_WS_2026","CC_NCC_Seabird_236","",1999-01-01,0.0555555555555556,0.0555555555555556,0.0555555555555556,TRUE,101,"incl2026",1998
"Red_phal_WS_2026","Westport_2026","Red_phal_WS_2026","CC_NCC_Seabird_236","",2000-01-01,0.0333333333333333,0.0333333333333333,0.0333333333333333,TRUE,101,"incl2026",1998
"Red_phal_WS_2026","Westport_2026","Red_phal_WS_2026","CC_NCC_Seabird_236","",2001-01-01,0.0212765957446809,0.0212765957446809,0.0212765957446809,TRUE,101,"incl2026",1998
"Red_phal_WS_2026","Westport_2026","Red_phal_WS_2026","CC_NCC_Seabird_236","",2002-01-01,0.0161290322580645,0.0161290322580645,0.0161290322580645,TRUE,101,"incl2026",1998
"Red_phal_WS_2026","Westport_2026","Red_phal_WS_2026","CC_NCC_Seabird_236","",2003-01-01,0.03125,0.03125,0.03125,TRUE,101,"incl2026",1998
"Red_phal_WS_2026","Westport_2026","Red_phal_WS_2026","CC_NCC_Seabird_236","",2004-01-01,0.25531914893617,0.25531914893617,0.25531914893617,TRUE,101,"incl2026",1998
"Red_phal_WS_2026","Westport_2026","Red_phal_WS_2026","CC_NCC_Seabird_236","",2005-01-01,0.117647058823529,0.117647058823529,0.117647058823529,TRUE,101,"incl2026",1998
"Red_phal_WS_2026","Westport_2026","Red_phal_WS_2026","CC_NCC_Seabird_236","",2006-01-01,0.222222222222222,0.222222222222222,0.222222222222222,TRUE,101,"incl2026",1998
"Red_phal_WS_2026","Westport_2026","Red_phal_WS_2026","CC_NCC_Seabird_236","",2007-01-01,0.25531914893617,0.25531914893617,0.25531914893617,TRUE,101,"incl2026",1998
"Red_phal_WS_2026","Westport_2026","Red_phal_WS_2026","CC_NCC_Seabird_236","",2008-01-01,0.0697674418604651,0.0697674418604651,0.0697674418604651,TRUE,101,"incl2026",1998
"Red_phal_WS_2026","Westport_2026","Red_phal_WS_2026","CC_NCC_Seabird_236","",2009-01-01,NA,0.0483972344437461,0.0483972344437461,TRUE,101,"incl2026",1998
"Red_phal_WS_2026","Westport_2026","Red_phal_WS_2026","CC_NCC_Seabird_236","",2010-01-01,0.027027027027027,0.027027027027027,0.027027027027027,TRUE,101,"incl2026",1998
"Red_phal_WS_2026","Westport_2026","Red_phal_WS_2026","CC_NCC_Seabird_236","",2011-01-01,0.285714285714286,0.285714285714286,0.285714285714286,TRUE,101,"incl2026",1998
"Red_phal_WS_2026","Westport_2026","Red_phal_WS_2026","CC_NCC_Seabird_236","",2012-01-01,0.232558139534884,0.232558139534884,0.232558139534884,TRUE,101,"incl2026",1998
"Red_phal_WS_2026","Westport_2026","Red_phal_WS_2026","CC_NCC_Seabird_236","",2013-01-01,0.295454545454545,0.295454545454545,0.295454545454545,TRUE,101,"incl2026",1998
"Red_phal_WS_2026","Westport_2026","Red_phal_WS_2026","CC_NCC_Seabird_236","",2014-01-01,0,0,0,TRUE,101,"incl2026",1998
"Red_phal_WS_2026","Westport_2026","Red_phal_WS_2026","CC_NCC_Seabird_236","",2015-01-01,0.0338983050847458,0.0338983050847458,0.0338983050847458,TRUE,101,"incl2026",1998
"Red_phal_WS_2026","Westport_2026","Red_phal_WS_2026","CC_NCC_Seabird_236","",2016-01-01,0.0158730158730159,0.0158730158730159,0.0158730158730159,TRUE,101,"incl2026",1998
"Red_phal_WS_2026","Westport_2026","Red_phal_WS_2026","CC_NCC_Seabird_236","",2017-01-01,0.0327868852459016,0.0327868852459016,0.0327868852459016,TRUE,101,"incl2026",1998
"Red_phal_WS_2026","Westport_2026","Red_phal_WS_2026","CC_NCC_Seabird_236","",2018-01-01,0.0172413793103448,0.0172413793103448,0.0172413793103448,TRUE,101,"incl2026",1998
"Red_phal_WS_2026","Westport_2026","Red_phal_WS_2026","CC_NCC_Seabird_236","",2019-01-01,0.024390243902439,0.024390243902439,0.024390243902439,TRUE,101,"incl2026",1998
"Red_phal_WS_2026","Westport_2026","Red_phal_WS_2026","CC_NCC_Seabird_236","",2020-01-01,0,0,0,TRUE,101,"incl2026",1998
"Red_phal_WS_2026","Westport_2026","Red_phal_WS_2026","CC_NCC_Seabird_236","",2021-01-01,0,0,0,TRUE,101,"incl2026",1998
"Red_throated_loon_WS_2026","Westport_2026","Red_throated_loon_WS_2026","CC_NCC_Seabird_245","",1998-01-01,0,0,0,TRUE,102,"incl2026",1998
"Red_throated_loon_WS_2026","Westport_2026","Red_throated_loon_WS_2026","CC_NCC_Seabird_245","",1999-01-01,0.166666666666667,0.166666666666667,0.166666666666667,TRUE,102,"incl2026",1998
"Red_throated_loon_WS_2026","Westport_2026","Red_throated_loon_WS_2026","CC_NCC_Seabird_245","",2000-01-01,0.0666666666666667,0.0666666666666667,0.0666666666666667,TRUE,102,"incl2026",1998
"Red_throated_loon_WS_2026","Westport_2026","Red_throated_loon_WS_2026","CC_NCC_Seabird_245","",2001-01-01,0.0212765957446809,0.0212765957446809,0.0212765957446809,TRUE,102,"incl2026",1998
"Red_throated_loon_WS_2026","Westport_2026","Red_throated_loon_WS_2026","CC_NCC_Seabird_245","",2002-01-01,0,0,0,TRUE,102,"incl2026",1998
"Red_throated_loon_WS_2026","Westport_2026","Red_throated_loon_WS_2026","CC_NCC_Seabird_245","",2003-01-01,0.0625,0.0625,0.0625,TRUE,102,"incl2026",1998
"Red_throated_loon_WS_2026","Westport_2026","Red_throated_loon_WS_2026","CC_NCC_Seabird_245","",2004-01-01,0,0,0,TRUE,102,"incl2026",1998
"Red_throated_loon_WS_2026","Westport_2026","Red_throated_loon_WS_2026","CC_NCC_Seabird_245","",2005-01-01,0,0,0,TRUE,102,"incl2026",1998
"Red_throated_loon_WS_2026","Westport_2026","Red_throated_loon_WS_2026","CC_NCC_Seabird_245","",2006-01-01,0.185185185185185,0.185185185185185,0.185185185185185,TRUE,102,"incl2026",1998
"Red_throated_loon_WS_2026","Westport_2026","Red_throated_loon_WS_2026","CC_NCC_Seabird_245","",2007-01-01,0.0638297872340425,0.0638297872340425,0.0638297872340425,TRUE,102,"incl2026",1998
"Red_throated_loon_WS_2026","Westport_2026","Red_throated_loon_WS_2026","CC_NCC_Seabird_245","",2008-01-01,0.116279069767442,0.116279069767442,0.116279069767442,TRUE,102,"incl2026",1998
"Red_throated_loon_WS_2026","Westport_2026","Red_throated_loon_WS_2026","CC_NCC_Seabird_245","",2009-01-01,NA,0.112193588937775,0.112193588937775,TRUE,102,"incl2026",1998
"Red_throated_loon_WS_2026","Westport_2026","Red_throated_loon_WS_2026","CC_NCC_Seabird_245","",2010-01-01,0.108108108108108,0.108108108108108,0.108108108108108,TRUE,102,"incl2026",1998
"Red_throated_loon_WS_2026","Westport_2026","Red_throated_loon_WS_2026","CC_NCC_Seabird_245","",2011-01-01,0.0204081632653061,0.0204081632653061,0.0204081632653061,TRUE,102,"incl2026",1998
"Red_throated_loon_WS_2026","Westport_2026","Red_throated_loon_WS_2026","CC_NCC_Seabird_245","",2012-01-01,0.162790697674419,0.162790697674419,0.162790697674419,TRUE,102,"incl2026",1998
"Red_throated_loon_WS_2026","Westport_2026","Red_throated_loon_WS_2026","CC_NCC_Seabird_245","",2013-01-01,0.0909090909090909,0.0909090909090909,0.0909090909090909,TRUE,102,"incl2026",1998
"Red_throated_loon_WS_2026","Westport_2026","Red_throated_loon_WS_2026","CC_NCC_Seabird_245","",2014-01-01,0.0425531914893617,0.0425531914893617,0.0425531914893617,TRUE,102,"incl2026",1998
"Red_throated_loon_WS_2026","Westport_2026","Red_throated_loon_WS_2026","CC_NCC_Seabird_245","",2015-01-01,0.101694915254237,0.101694915254237,0.101694915254237,TRUE,102,"incl2026",1998
"Red_throated_loon_WS_2026","Westport_2026","Red_throated_loon_WS_2026","CC_NCC_Seabird_245","",2016-01-01,0.0634920634920635,0.0634920634920635,0.0634920634920635,TRUE,102,"incl2026",1998
"Red_throated_loon_WS_2026","Westport_2026","Red_throated_loon_WS_2026","CC_NCC_Seabird_245","",2017-01-01,0.0983606557377049,0.0983606557377049,0.0983606557377049,TRUE,102,"incl2026",1998
"Red_throated_loon_WS_2026","Westport_2026","Red_throated_loon_WS_2026","CC_NCC_Seabird_245","",2018-01-01,0.155172413793103,0.155172413793103,0.155172413793103,TRUE,102,"incl2026",1998
"Red_throated_loon_WS_2026","Westport_2026","Red_throated_loon_WS_2026","CC_NCC_Seabird_245","",2019-01-01,0.121951219512195,0.121951219512195,0.121951219512195,TRUE,102,"incl2026",1998
"Red_throated_loon_WS_2026","Westport_2026","Red_throated_loon_WS_2026","CC_NCC_Seabird_245","",2020-01-01,0,0,0,TRUE,102,"incl2026",1998
"Red_throated_loon_WS_2026","Westport_2026","Red_throated_loon_WS_2026","CC_NCC_Seabird_245","",2021-01-01,0.0952380952380952,0.0952380952380952,0.0952380952380952,TRUE,102,"incl2026",1998
"Rhinoceros Auklet Chick Growth","Eastern_Gulf_of_Alaska","rhinoAuk_EGoA","AK_EGoA_bird_1","north",1998-01-01,11,11,11,TRUE,57,"incl2026",1998
"Rhinoceros Auklet Chick Growth","Eastern_Gulf_of_Alaska","rhinoAuk_EGoA","AK_EGoA_bird_1","north",1999-01-01,10.9,10.9,10.9,TRUE,57,"incl2026",1998
"Rhinoceros Auklet Chick Growth","Eastern_Gulf_of_Alaska","rhinoAuk_EGoA","AK_EGoA_bird_1","north",2000-01-01,9.2,9.2,9.2,TRUE,57,"incl2026",1998
"Rhinoceros Auklet Chick Growth","Eastern_Gulf_of_Alaska","rhinoAuk_EGoA","AK_EGoA_bird_1","north",2001-01-01,10.1,10.1,10.1,TRUE,57,"incl2026",1998
"Rhinoceros Auklet Chick Growth","Eastern_Gulf_of_Alaska","rhinoAuk_EGoA","AK_EGoA_bird_1","north",2002-01-01,7,7,7,TRUE,57,"incl2026",1998
"Rhinoceros Auklet Chick Growth","Eastern_Gulf_of_Alaska","rhinoAuk_EGoA","AK_EGoA_bird_1","north",2003-01-01,9,9,9,TRUE,57,"incl2026",1998
"Rhinoceros Auklet Chick Growth","Eastern_Gulf_of_Alaska","rhinoAuk_EGoA","AK_EGoA_bird_1","north",2004-01-01,8,8,8,TRUE,57,"incl2026",1998
"Rhinoceros Auklet Chick Growth","Eastern_Gulf_of_Alaska","rhinoAuk_EGoA","AK_EGoA_bird_1","north",2005-01-01,7.3,7.3,7.3,TRUE,57,"incl2026",1998
"Rhinoceros Auklet Chick Growth","Eastern_Gulf_of_Alaska","rhinoAuk_EGoA","AK_EGoA_bird_1","north",2006-01-01,9.3,9.3,9.3,TRUE,57,"incl2026",1998
"Rhinoceros Auklet Chick Growth","Eastern_Gulf_of_Alaska","rhinoAuk_EGoA","AK_EGoA_bird_1","north",2007-01-01,10.2,10.2,10.2,TRUE,57,"incl2026",1998
"Rhinoceros Auklet Chick Growth","Eastern_Gulf_of_Alaska","rhinoAuk_EGoA","AK_EGoA_bird_1","north",2008-01-01,10.5,10.5,10.5,TRUE,57,"incl2026",1998
"Rhinoceros Auklet Chick Growth","Eastern_Gulf_of_Alaska","rhinoAuk_EGoA","AK_EGoA_bird_1","north",2009-01-01,10.9,10.9,10.9,TRUE,57,"incl2026",1998
"Rhinoceros Auklet Chick Growth","Eastern_Gulf_of_Alaska","rhinoAuk_EGoA","AK_EGoA_bird_1","north",2010-01-01,9.7,9.7,9.7,TRUE,57,"incl2026",1998
"Rhinoceros Auklet Chick Growth","Eastern_Gulf_of_Alaska","rhinoAuk_EGoA","AK_EGoA_bird_1","north",2011-01-01,7.3,7.3,7.3,TRUE,57,"incl2026",1998
"Rhinoceros Auklet Chick Growth","Eastern_Gulf_of_Alaska","rhinoAuk_EGoA","AK_EGoA_bird_1","north",2012-01-01,10,10,10,TRUE,57,"incl2026",1998
"Rhinoceros Auklet Chick Growth","Eastern_Gulf_of_Alaska","rhinoAuk_EGoA","AK_EGoA_bird_1","north",2013-01-01,10.9,10.9,10.9,TRUE,57,"incl2026",1998
"Rhinoceros Auklet Chick Growth","Eastern_Gulf_of_Alaska","rhinoAuk_EGoA","AK_EGoA_bird_1","north",2014-01-01,8.9,8.9,8.9,TRUE,57,"incl2026",1998
"Rhinoceros Auklet Chick Growth","Eastern_Gulf_of_Alaska","rhinoAuk_EGoA","AK_EGoA_bird_1","north",2015-01-01,6.5,6.5,6.5,TRUE,57,"incl2026",1998
"Rhinoceros Auklet Chick Growth","Eastern_Gulf_of_Alaska","rhinoAuk_EGoA","AK_EGoA_bird_1","north",2016-01-01,6.1,6.1,6.1,TRUE,57,"incl2026",1998
"Rhinoceros Auklet Chick Growth","Eastern_Gulf_of_Alaska","rhinoAuk_EGoA","AK_EGoA_bird_1","north",2017-01-01,NA,5.7,5.7,TRUE,57,"incl2026",1998
"Rhinoceros Auklet Chick Growth","Eastern_Gulf_of_Alaska","rhinoAuk_EGoA","AK_EGoA_bird_1","north",2018-01-01,NA,5.3,5.3,TRUE,57,"incl2026",1998
"Rhinoceros Auklet Chick Growth","Eastern_Gulf_of_Alaska","rhinoAuk_EGoA","AK_EGoA_bird_1","north",2019-01-01,4.9,4.9,4.9,TRUE,57,"incl2026",1998
"Rhinoceros Auklet Chick Growth","Eastern_Gulf_of_Alaska","rhinoAuk_EGoA","AK_EGoA_bird_1","north",2020-01-01,NA,5.6,5.6,TRUE,57,"incl2026",1998
"Rhinoceros Auklet Chick Growth","Eastern_Gulf_of_Alaska","rhinoAuk_EGoA","AK_EGoA_bird_1","north",2021-01-01,6.3,6.3,6.3,TRUE,57,"incl2026",1998
"Rhinoceros_aukl_WS_2026","Westport_2026","Rhinoceros_aukl_WS_2026","CC_NCC_Seabird_269","",1998-01-01,0.684210526315789,0.684210526315789,0.684210526315789,TRUE,103,"incl2026",1998
"Rhinoceros_aukl_WS_2026","Westport_2026","Rhinoceros_aukl_WS_2026","CC_NCC_Seabird_269","",1999-01-01,0.611111111111111,0.611111111111111,0.611111111111111,TRUE,103,"incl2026",1998
"Rhinoceros_aukl_WS_2026","Westport_2026","Rhinoceros_aukl_WS_2026","CC_NCC_Seabird_269","",2000-01-01,0.466666666666667,0.466666666666667,0.466666666666667,TRUE,103,"incl2026",1998
"Rhinoceros_aukl_WS_2026","Westport_2026","Rhinoceros_aukl_WS_2026","CC_NCC_Seabird_269","",2001-01-01,0.51063829787234,0.51063829787234,0.51063829787234,TRUE,103,"incl2026",1998
"Rhinoceros_aukl_WS_2026","Westport_2026","Rhinoceros_aukl_WS_2026","CC_NCC_Seabird_269","",2002-01-01,0.887096774193548,0.887096774193548,0.887096774193548,TRUE,103,"incl2026",1998
"Rhinoceros_aukl_WS_2026","Westport_2026","Rhinoceros_aukl_WS_2026","CC_NCC_Seabird_269","",2003-01-01,0.65625,0.65625,0.65625,TRUE,103,"incl2026",1998
"Rhinoceros_aukl_WS_2026","Westport_2026","Rhinoceros_aukl_WS_2026","CC_NCC_Seabird_269","",2004-01-01,0.723404255319149,0.723404255319149,0.723404255319149,TRUE,103,"incl2026",1998
"Rhinoceros_aukl_WS_2026","Westport_2026","Rhinoceros_aukl_WS_2026","CC_NCC_Seabird_269","",2005-01-01,0.647058823529412,0.647058823529412,0.647058823529412,TRUE,103,"incl2026",1998
"Rhinoceros_aukl_WS_2026","Westport_2026","Rhinoceros_aukl_WS_2026","CC_NCC_Seabird_269","",2006-01-01,0.648148148148148,0.648148148148148,0.648148148148148,TRUE,103,"incl2026",1998
"Rhinoceros_aukl_WS_2026","Westport_2026","Rhinoceros_aukl_WS_2026","CC_NCC_Seabird_269","",2007-01-01,0.531914893617021,0.531914893617021,0.531914893617021,TRUE,103,"incl2026",1998
"Rhinoceros_aukl_WS_2026","Westport_2026","Rhinoceros_aukl_WS_2026","CC_NCC_Seabird_269","",2008-01-01,0.651162790697674,0.651162790697674,0.651162790697674,TRUE,103,"incl2026",1998
"Rhinoceros_aukl_WS_2026","Westport_2026","Rhinoceros_aukl_WS_2026","CC_NCC_Seabird_269","",2009-01-01,NA,0.690446260213702,0.690446260213702,TRUE,103,"incl2026",1998
"Rhinoceros_aukl_WS_2026","Westport_2026","Rhinoceros_aukl_WS_2026","CC_NCC_Seabird_269","",2010-01-01,0.72972972972973,0.72972972972973,0.72972972972973,TRUE,103,"incl2026",1998
"Rhinoceros_aukl_WS_2026","Westport_2026","Rhinoceros_aukl_WS_2026","CC_NCC_Seabird_269","",2011-01-01,0.653061224489796,0.653061224489796,0.653061224489796,TRUE,103,"incl2026",1998
"Rhinoceros_aukl_WS_2026","Westport_2026","Rhinoceros_aukl_WS_2026","CC_NCC_Seabird_269","",2012-01-01,0.627906976744186,0.627906976744186,0.627906976744186,TRUE,103,"incl2026",1998
"Rhinoceros_aukl_WS_2026","Westport_2026","Rhinoceros_aukl_WS_2026","CC_NCC_Seabird_269","",2013-01-01,0.840909090909091,0.840909090909091,0.840909090909091,TRUE,103,"incl2026",1998
"Rhinoceros_aukl_WS_2026","Westport_2026","Rhinoceros_aukl_WS_2026","CC_NCC_Seabird_269","",2014-01-01,0.808510638297872,0.808510638297872,0.808510638297872,TRUE,103,"incl2026",1998
"Rhinoceros_aukl_WS_2026","Westport_2026","Rhinoceros_aukl_WS_2026","CC_NCC_Seabird_269","",2015-01-01,0.644067796610169,0.644067796610169,0.644067796610169,TRUE,103,"incl2026",1998
"Rhinoceros_aukl_WS_2026","Westport_2026","Rhinoceros_aukl_WS_2026","CC_NCC_Seabird_269","",2016-01-01,0.761904761904762,0.761904761904762,0.761904761904762,TRUE,103,"incl2026",1998
"Rhinoceros_aukl_WS_2026","Westport_2026","Rhinoceros_aukl_WS_2026","CC_NCC_Seabird_269","",2017-01-01,0.540983606557377,0.540983606557377,0.540983606557377,TRUE,103,"incl2026",1998
"Rhinoceros_aukl_WS_2026","Westport_2026","Rhinoceros_aukl_WS_2026","CC_NCC_Seabird_269","",2018-01-01,0.655172413793103,0.655172413793103,0.655172413793103,TRUE,103,"incl2026",1998
"Rhinoceros_aukl_WS_2026","Westport_2026","Rhinoceros_aukl_WS_2026","CC_NCC_Seabird_269","",2019-01-01,0.707317073170732,0.707317073170732,0.707317073170732,TRUE,103,"incl2026",1998
"Rhinoceros_aukl_WS_2026","Westport_2026","Rhinoceros_aukl_WS_2026","CC_NCC_Seabird_269","",2020-01-01,0.5625,0.5625,0.5625,TRUE,103,"incl2026",1998
"Rhinoceros_aukl_WS_2026","Westport_2026","Rhinoceros_aukl_WS_2026","CC_NCC_Seabird_269","",2021-01-01,0.793650793650794,0.793650793650794,0.793650793650794,TRUE,103,"incl2026",1998
"Ring_billed_gull_WS_2026","Westport_2026","Ring_billed_gull_WS_2026","CC_NCC_Seabird_287","",1998-01-01,0,0,0,TRUE,104,"incl2026",1998
"Ring_billed_gull_WS_2026","Westport_2026","Ring_billed_gull_WS_2026","CC_NCC_Seabird_287","",1999-01-01,0,0,0,TRUE,104,"incl2026",1998
"Ring_billed_gull_WS_2026","Westport_2026","Ring_billed_gull_WS_2026","CC_NCC_Seabird_287","",2000-01-01,0,0,0,TRUE,104,"incl2026",1998
"Ring_billed_gull_WS_2026","Westport_2026","Ring_billed_gull_WS_2026","CC_NCC_Seabird_287","",2001-01-01,0.0212765957446809,0.0212765957446809,0.0212765957446809,TRUE,104,"incl2026",1998
"Ring_billed_gull_WS_2026","Westport_2026","Ring_billed_gull_WS_2026","CC_NCC_Seabird_287","",2002-01-01,0,0,0,TRUE,104,"incl2026",1998
"Ring_billed_gull_WS_2026","Westport_2026","Ring_billed_gull_WS_2026","CC_NCC_Seabird_287","",2003-01-01,0,0,0,TRUE,104,"incl2026",1998
"Ring_billed_gull_WS_2026","Westport_2026","Ring_billed_gull_WS_2026","CC_NCC_Seabird_287","",2004-01-01,0,0,0,TRUE,104,"incl2026",1998
"Ring_billed_gull_WS_2026","Westport_2026","Ring_billed_gull_WS_2026","CC_NCC_Seabird_287","",2005-01-01,0,0,0,TRUE,104,"incl2026",1998
"Ring_billed_gull_WS_2026","Westport_2026","Ring_billed_gull_WS_2026","CC_NCC_Seabird_287","",2006-01-01,0,0,0,TRUE,104,"incl2026",1998
"Ring_billed_gull_WS_2026","Westport_2026","Ring_billed_gull_WS_2026","CC_NCC_Seabird_287","",2007-01-01,0,0,0,TRUE,104,"incl2026",1998
"Ring_billed_gull_WS_2026","Westport_2026","Ring_billed_gull_WS_2026","CC_NCC_Seabird_287","",2008-01-01,0.0232558139534884,0.0232558139534884,0.0232558139534884,TRUE,104,"incl2026",1998
"Ring_billed_gull_WS_2026","Westport_2026","Ring_billed_gull_WS_2026","CC_NCC_Seabird_287","",2009-01-01,NA,0.0116279069767442,0.0116279069767442,TRUE,104,"incl2026",1998
"Ring_billed_gull_WS_2026","Westport_2026","Ring_billed_gull_WS_2026","CC_NCC_Seabird_287","",2010-01-01,0,0,0,TRUE,104,"incl2026",1998
"Ring_billed_gull_WS_2026","Westport_2026","Ring_billed_gull_WS_2026","CC_NCC_Seabird_287","",2011-01-01,0,0,0,TRUE,104,"incl2026",1998
"Ring_billed_gull_WS_2026","Westport_2026","Ring_billed_gull_WS_2026","CC_NCC_Seabird_287","",2012-01-01,0,0,0,TRUE,104,"incl2026",1998
"Ring_billed_gull_WS_2026","Westport_2026","Ring_billed_gull_WS_2026","CC_NCC_Seabird_287","",2013-01-01,0,0,0,TRUE,104,"incl2026",1998
"Ring_billed_gull_WS_2026","Westport_2026","Ring_billed_gull_WS_2026","CC_NCC_Seabird_287","",2014-01-01,0,0,0,TRUE,104,"incl2026",1998
"Ring_billed_gull_WS_2026","Westport_2026","Ring_billed_gull_WS_2026","CC_NCC_Seabird_287","",2015-01-01,0,0,0,TRUE,104,"incl2026",1998
"Ring_billed_gull_WS_2026","Westport_2026","Ring_billed_gull_WS_2026","CC_NCC_Seabird_287","",2016-01-01,0,0,0,TRUE,104,"incl2026",1998
"Ring_billed_gull_WS_2026","Westport_2026","Ring_billed_gull_WS_2026","CC_NCC_Seabird_287","",2017-01-01,0,0,0,TRUE,104,"incl2026",1998
"Ring_billed_gull_WS_2026","Westport_2026","Ring_billed_gull_WS_2026","CC_NCC_Seabird_287","",2018-01-01,0.0172413793103448,0.0172413793103448,0.0172413793103448,TRUE,104,"incl2026",1998
"Ring_billed_gull_WS_2026","Westport_2026","Ring_billed_gull_WS_2026","CC_NCC_Seabird_287","",2019-01-01,0,0,0,TRUE,104,"incl2026",1998
"Ring_billed_gull_WS_2026","Westport_2026","Ring_billed_gull_WS_2026","CC_NCC_Seabird_287","",2020-01-01,0,0,0,TRUE,104,"incl2026",1998
"Ring_billed_gull_WS_2026","Westport_2026","Ring_billed_gull_WS_2026","CC_NCC_Seabird_287","",2021-01-01,0,0,0,TRUE,104,"incl2026",1998
"Risso_s_d_WS_2026","Westport_2026","Risso_s_d_WS_2026","CC_NCC_Marine mammal_219","",1998-01-01,0,0,0,TRUE,105,"incl2026",1998
"Risso_s_d_WS_2026","Westport_2026","Risso_s_d_WS_2026","CC_NCC_Marine mammal_219","",1999-01-01,0,0,0,TRUE,105,"incl2026",1998
"Risso_s_d_WS_2026","Westport_2026","Risso_s_d_WS_2026","CC_NCC_Marine mammal_219","",2000-01-01,0,0,0,TRUE,105,"incl2026",1998
"Risso_s_d_WS_2026","Westport_2026","Risso_s_d_WS_2026","CC_NCC_Marine mammal_219","",2001-01-01,0,0,0,TRUE,105,"incl2026",1998
"Risso_s_d_WS_2026","Westport_2026","Risso_s_d_WS_2026","CC_NCC_Marine mammal_219","",2002-01-01,0,0,0,TRUE,105,"incl2026",1998
"Risso_s_d_WS_2026","Westport_2026","Risso_s_d_WS_2026","CC_NCC_Marine mammal_219","",2003-01-01,0,0,0,TRUE,105,"incl2026",1998
"Risso_s_d_WS_2026","Westport_2026","Risso_s_d_WS_2026","CC_NCC_Marine mammal_219","",2004-01-01,0.0425531914893617,0.0425531914893617,0.0425531914893617,TRUE,105,"incl2026",1998
"Risso_s_d_WS_2026","Westport_2026","Risso_s_d_WS_2026","CC_NCC_Marine mammal_219","",2005-01-01,0,0,0,TRUE,105,"incl2026",1998
"Risso_s_d_WS_2026","Westport_2026","Risso_s_d_WS_2026","CC_NCC_Marine mammal_219","",2006-01-01,0,0,0,TRUE,105,"incl2026",1998
"Risso_s_d_WS_2026","Westport_2026","Risso_s_d_WS_2026","CC_NCC_Marine mammal_219","",2007-01-01,0,0,0,TRUE,105,"incl2026",1998
"Risso_s_d_WS_2026","Westport_2026","Risso_s_d_WS_2026","CC_NCC_Marine mammal_219","",2008-01-01,0,0,0,TRUE,105,"incl2026",1998
"Risso_s_d_WS_2026","Westport_2026","Risso_s_d_WS_2026","CC_NCC_Marine mammal_219","",2009-01-01,NA,0,0,TRUE,105,"incl2026",1998
"Risso_s_d_WS_2026","Westport_2026","Risso_s_d_WS_2026","CC_NCC_Marine mammal_219","",2010-01-01,0,0,0,TRUE,105,"incl2026",1998
"Risso_s_d_WS_2026","Westport_2026","Risso_s_d_WS_2026","CC_NCC_Marine mammal_219","",2011-01-01,0,0,0,TRUE,105,"incl2026",1998
"Risso_s_d_WS_2026","Westport_2026","Risso_s_d_WS_2026","CC_NCC_Marine mammal_219","",2012-01-01,0.0232558139534884,0.0232558139534884,0.0232558139534884,TRUE,105,"incl2026",1998
"Risso_s_d_WS_2026","Westport_2026","Risso_s_d_WS_2026","CC_NCC_Marine mammal_219","",2013-01-01,0.0227272727272727,0.0227272727272727,0.0227272727272727,TRUE,105,"incl2026",1998
"Risso_s_d_WS_2026","Westport_2026","Risso_s_d_WS_2026","CC_NCC_Marine mammal_219","",2014-01-01,0,0,0,TRUE,105,"incl2026",1998
"Risso_s_d_WS_2026","Westport_2026","Risso_s_d_WS_2026","CC_NCC_Marine mammal_219","",2015-01-01,0,0,0,TRUE,105,"incl2026",1998
"Risso_s_d_WS_2026","Westport_2026","Risso_s_d_WS_2026","CC_NCC_Marine mammal_219","",2016-01-01,0,0,0,TRUE,105,"incl2026",1998
"Risso_s_d_WS_2026","Westport_2026","Risso_s_d_WS_2026","CC_NCC_Marine mammal_219","",2017-01-01,0.0327868852459016,0.0327868852459016,0.0327868852459016,TRUE,105,"incl2026",1998
"Risso_s_d_WS_2026","Westport_2026","Risso_s_d_WS_2026","CC_NCC_Marine mammal_219","",2018-01-01,0.0172413793103448,0.0172413793103448,0.0172413793103448,TRUE,105,"incl2026",1998
"Risso_s_d_WS_2026","Westport_2026","Risso_s_d_WS_2026","CC_NCC_Marine mammal_219","",2019-01-01,0,0,0,TRUE,105,"incl2026",1998
"Risso_s_d_WS_2026","Westport_2026","Risso_s_d_WS_2026","CC_NCC_Marine mammal_219","",2020-01-01,0,0,0,TRUE,105,"incl2026",1998
"Risso_s_d_WS_2026","Westport_2026","Risso_s_d_WS_2026","CC_NCC_Marine mammal_219","",2021-01-01,0,0,0,TRUE,105,"incl2026",1998
"SAR_2025","SEM_data_2025","SAR_2025","CC_NCC_fish_137","SAR",1998-01-01,0.0191534968627449,0.0191534968627449,-3.95526997622684,TRUE,106,"incl2026",1998
"SAR_2025","SEM_data_2025","SAR_2025","CC_NCC_fish_137","SAR",1999-01-01,0.0387236381540094,0.0387236381540094,-3.25130506039869,TRUE,106,"incl2026",1998
"SAR_2025","SEM_data_2025","SAR_2025","CC_NCC_fish_137","SAR",2000-01-01,0.032794544,0.032794544,-3.41749311889173,TRUE,106,"incl2026",1998
"SAR_2025","SEM_data_2025","SAR_2025","CC_NCC_fish_137","SAR",2001-01-01,0.002031019,0.002031019,-6.19921764143011,TRUE,106,"incl2026",1998
"SAR_2025","SEM_data_2025","SAR_2025","CC_NCC_fish_137","SAR",2002-01-01,0.018205128,0.018205128,-4.00605196634403,TRUE,106,"incl2026",1998
"SAR_2025","SEM_data_2025","SAR_2025","CC_NCC_fish_137","SAR",2003-01-01,0.008891033,0.008891033,-4.72271203823153,TRUE,106,"incl2026",1998
"SAR_2025","SEM_data_2025","SAR_2025","CC_NCC_fish_137","SAR",2004-01-01,0.006743467,0.006743467,-4.99918109462058,TRUE,106,"incl2026",1998
"SAR_2025","SEM_data_2025","SAR_2025","CC_NCC_fish_137","SAR",2005-01-01,0.00362117,0.00362117,-5.62095810094386,TRUE,106,"incl2026",1998
"SAR_2025","SEM_data_2025","SAR_2025","CC_NCC_fish_137","SAR",2006-01-01,0.02474261,0.02474261,-3.69922842041166,TRUE,106,"incl2026",1998
"SAR_2025","SEM_data_2025","SAR_2025","CC_NCC_fish_137","SAR",2007-01-01,0.020484738,0.020484738,-3.88807515791132,TRUE,106,"incl2026",1998
"SAR_2025","SEM_data_2025","SAR_2025","CC_NCC_fish_137","SAR",2008-01-01,0.068605259,0.068605259,-2.67938608538108,TRUE,106,"incl2026",1998
"SAR_2025","SEM_data_2025","SAR_2025","CC_NCC_fish_137","SAR",2009-01-01,0.032907127,0.032907127,-3.41406601853105,TRUE,106,"incl2026",1998
"SAR_2025","SEM_data_2025","SAR_2025","CC_NCC_fish_137","SAR",2010-01-01,0.022334529,0.022334529,-3.80162141237892,TRUE,106,"incl2026",1998
"SAR_2025","SEM_data_2025","SAR_2025","CC_NCC_fish_137","SAR",2011-01-01,0.011778225,0.011778225,-4.44150279122908,TRUE,106,"incl2026",1998
"SAR_2025","SEM_data_2025","SAR_2025","CC_NCC_fish_137","SAR",2012-01-01,0.023883808,0.023883808,-3.73455453918417,TRUE,106,"incl2026",1998
"SAR_2025","SEM_data_2025","SAR_2025","CC_NCC_fish_137","SAR",2013-01-01,0.028591034,0.028591034,-3.55466210681013,TRUE,106,"incl2026",1998
"SAR_2025","SEM_data_2025","SAR_2025","CC_NCC_fish_137","SAR",2014-01-01,0.009299656,0.009299656,-4.67777786875436,TRUE,106,"incl2026",1998
"SAR_2025","SEM_data_2025","SAR_2025","CC_NCC_fish_137","SAR",2015-01-01,0.00539603,0.00539603,-5.22209178097825,TRUE,106,"incl2026",1998
"SAR_2025","SEM_data_2025","SAR_2025","CC_NCC_fish_137","SAR",2016-01-01,0.011799963,0.011799963,-4.43965888310865,TRUE,106,"incl2026",1998
"SAR_2025","SEM_data_2025","SAR_2025","CC_NCC_fish_137","SAR",2017-01-01,0.007587253,0.007587253,-4.88128567666841,TRUE,106,"incl2026",1998
"SAR_2025","SEM_data_2025","SAR_2025","CC_NCC_fish_137","SAR",2018-01-01,0.009152133,0.009152133,-4.69376831210763,TRUE,106,"incl2026",1998
"SAR_2025","SEM_data_2025","SAR_2025","CC_NCC_fish_137","SAR",2019-01-01,0.010461062,0.010461062,-4.56009529586243,TRUE,106,"incl2026",1998
"SAR_2025","SEM_data_2025","SAR_2025","CC_NCC_fish_137","SAR",2020-01-01,0.026277697,0.026277697,-3.63903472238687,TRUE,106,"incl2026",1998
"SAR_2025","SEM_data_2025","SAR_2025","CC_NCC_fish_137","SAR",2021-01-01,0.016787238,0.016787238,-4.0871363241049,TRUE,106,"incl2026",1998
"Sabine_gull_WS_2026","Westport_2026","Sabine_gull_WS_2026","CC_NCC_Seabird_235","",1998-01-01,0.263157894736842,0.263157894736842,0.263157894736842,TRUE,107,"incl2026",1998
"Sabine_gull_WS_2026","Westport_2026","Sabine_gull_WS_2026","CC_NCC_Seabird_235","",1999-01-01,0.277777777777778,0.277777777777778,0.277777777777778,TRUE,107,"incl2026",1998
"Sabine_gull_WS_2026","Westport_2026","Sabine_gull_WS_2026","CC_NCC_Seabird_235","",2000-01-01,0.1,0.1,0.1,TRUE,107,"incl2026",1998
"Sabine_gull_WS_2026","Westport_2026","Sabine_gull_WS_2026","CC_NCC_Seabird_235","",2001-01-01,0.106382978723404,0.106382978723404,0.106382978723404,TRUE,107,"incl2026",1998
"Sabine_gull_WS_2026","Westport_2026","Sabine_gull_WS_2026","CC_NCC_Seabird_235","",2002-01-01,0.241935483870968,0.241935483870968,0.241935483870968,TRUE,107,"incl2026",1998
"Sabine_gull_WS_2026","Westport_2026","Sabine_gull_WS_2026","CC_NCC_Seabird_235","",2003-01-01,0.1875,0.1875,0.1875,TRUE,107,"incl2026",1998
"Sabine_gull_WS_2026","Westport_2026","Sabine_gull_WS_2026","CC_NCC_Seabird_235","",2004-01-01,0.212765957446809,0.212765957446809,0.212765957446809,TRUE,107,"incl2026",1998
"Sabine_gull_WS_2026","Westport_2026","Sabine_gull_WS_2026","CC_NCC_Seabird_235","",2005-01-01,0,0,0,TRUE,107,"incl2026",1998
"Sabine_gull_WS_2026","Westport_2026","Sabine_gull_WS_2026","CC_NCC_Seabird_235","",2006-01-01,0.240740740740741,0.240740740740741,0.240740740740741,TRUE,107,"incl2026",1998
"Sabine_gull_WS_2026","Westport_2026","Sabine_gull_WS_2026","CC_NCC_Seabird_235","",2007-01-01,0.106382978723404,0.106382978723404,0.106382978723404,TRUE,107,"incl2026",1998
"Sabine_gull_WS_2026","Westport_2026","Sabine_gull_WS_2026","CC_NCC_Seabird_235","",2008-01-01,0.0930232558139535,0.0930232558139535,0.0930232558139535,TRUE,107,"incl2026",1998
"Sabine_gull_WS_2026","Westport_2026","Sabine_gull_WS_2026","CC_NCC_Seabird_235","",2009-01-01,NA,0.100565681961031,0.100565681961031,TRUE,107,"incl2026",1998
"Sabine_gull_WS_2026","Westport_2026","Sabine_gull_WS_2026","CC_NCC_Seabird_235","",2010-01-01,0.108108108108108,0.108108108108108,0.108108108108108,TRUE,107,"incl2026",1998
"Sabine_gull_WS_2026","Westport_2026","Sabine_gull_WS_2026","CC_NCC_Seabird_235","",2011-01-01,0.387755102040816,0.387755102040816,0.387755102040816,TRUE,107,"incl2026",1998
"Sabine_gull_WS_2026","Westport_2026","Sabine_gull_WS_2026","CC_NCC_Seabird_235","",2012-01-01,0.13953488372093,0.13953488372093,0.13953488372093,TRUE,107,"incl2026",1998
"Sabine_gull_WS_2026","Westport_2026","Sabine_gull_WS_2026","CC_NCC_Seabird_235","",2013-01-01,0.272727272727273,0.272727272727273,0.272727272727273,TRUE,107,"incl2026",1998
"Sabine_gull_WS_2026","Westport_2026","Sabine_gull_WS_2026","CC_NCC_Seabird_235","",2014-01-01,0.0851063829787234,0.0851063829787234,0.0851063829787234,TRUE,107,"incl2026",1998
"Sabine_gull_WS_2026","Westport_2026","Sabine_gull_WS_2026","CC_NCC_Seabird_235","",2015-01-01,0.11864406779661,0.11864406779661,0.11864406779661,TRUE,107,"incl2026",1998
"Sabine_gull_WS_2026","Westport_2026","Sabine_gull_WS_2026","CC_NCC_Seabird_235","",2016-01-01,0.396825396825397,0.396825396825397,0.396825396825397,TRUE,107,"incl2026",1998
"Sabine_gull_WS_2026","Westport_2026","Sabine_gull_WS_2026","CC_NCC_Seabird_235","",2017-01-01,0.0983606557377049,0.0983606557377049,0.0983606557377049,TRUE,107,"incl2026",1998
"Sabine_gull_WS_2026","Westport_2026","Sabine_gull_WS_2026","CC_NCC_Seabird_235","",2018-01-01,0.155172413793103,0.155172413793103,0.155172413793103,TRUE,107,"incl2026",1998
"Sabine_gull_WS_2026","Westport_2026","Sabine_gull_WS_2026","CC_NCC_Seabird_235","",2019-01-01,0.121951219512195,0.121951219512195,0.121951219512195,TRUE,107,"incl2026",1998
"Sabine_gull_WS_2026","Westport_2026","Sabine_gull_WS_2026","CC_NCC_Seabird_235","",2020-01-01,0,0,0,TRUE,107,"incl2026",1998
"Sabine_gull_WS_2026","Westport_2026","Sabine_gull_WS_2026","CC_NCC_Seabird_235","",2021-01-01,0.206349206349206,0.206349206349206,0.206349206349206,TRUE,107,"incl2026",1998
"Sablefish__2025","data_2025","Sablefish__JSOES_2025","CC_NCC_fish_161","",1998-01-01,0,0,0,TRUE,108,"incl2026",1998
"Sablefish__2025","data_2025","Sablefish__JSOES_2025","CC_NCC_fish_161","",1999-01-01,0,0,0,TRUE,108,"incl2026",1998
"Sablefish__2025","data_2025","Sablefish__JSOES_2025","CC_NCC_fish_161","",2000-01-01,0,0,0,TRUE,108,"incl2026",1998
"Sablefish__2025","data_2025","Sablefish__JSOES_2025","CC_NCC_fish_161","",2001-01-01,0.0260552528813712,0.0260552528813712,0.0260552528813712,TRUE,108,"incl2026",1998
"Sablefish__2025","data_2025","Sablefish__JSOES_2025","CC_NCC_fish_161","",2002-01-01,0,0,0,TRUE,108,"incl2026",1998
"Sablefish__2025","data_2025","Sablefish__JSOES_2025","CC_NCC_fish_161","",2003-01-01,1.66495762156048,1.66495762156048,1.66495762156048,TRUE,108,"incl2026",1998
"Sablefish__2025","data_2025","Sablefish__JSOES_2025","CC_NCC_fish_161","",2004-01-01,1.73060970816064,1.73060970816064,1.73060970816064,TRUE,108,"incl2026",1998
"Sablefish__2025","data_2025","Sablefish__JSOES_2025","CC_NCC_fish_161","",2005-01-01,0.580309988603782,0.580309988603782,0.580309988603782,TRUE,108,"incl2026",1998
"Sablefish__2025","data_2025","Sablefish__JSOES_2025","CC_NCC_fish_161","",2006-01-01,1.32196141475726,1.32196141475726,1.32196141475726,TRUE,108,"incl2026",1998
"Sablefish__2025","data_2025","Sablefish__JSOES_2025","CC_NCC_fish_161","",2007-01-01,1.57618976968918,1.57618976968918,1.57618976968918,TRUE,108,"incl2026",1998
"Sablefish__2025","data_2025","Sablefish__JSOES_2025","CC_NCC_fish_161","",2008-01-01,0,0,0,TRUE,108,"incl2026",1998
"Sablefish__2025","data_2025","Sablefish__JSOES_2025","CC_NCC_fish_161","",2009-01-01,1.60683606701352,1.60683606701352,1.60683606701352,TRUE,108,"incl2026",1998
"Sablefish__2025","data_2025","Sablefish__JSOES_2025","CC_NCC_fish_161","",2010-01-01,0.00511996165653716,0.00511996165653716,0.00511996165653716,TRUE,108,"incl2026",1998
"Sablefish__2025","data_2025","Sablefish__JSOES_2025","CC_NCC_fish_161","",2011-01-01,1.47164290818225,1.47164290818225,1.47164290818225,TRUE,108,"incl2026",1998
"Sablefish__2025","data_2025","Sablefish__JSOES_2025","CC_NCC_fish_161","",2012-01-01,0.0520631379760422,0.0520631379760422,0.0520631379760422,TRUE,108,"incl2026",1998
"Sablefish__2025","data_2025","Sablefish__JSOES_2025","CC_NCC_fish_161","",2013-01-01,4.76916213097975,4.76916213097975,4.76916213097975,TRUE,108,"incl2026",1998
"Sablefish__2025","data_2025","Sablefish__JSOES_2025","CC_NCC_fish_161","",2014-01-01,0.0220129370846789,0.0220129370846789,0.0220129370846789,TRUE,108,"incl2026",1998
"Sablefish__2025","data_2025","Sablefish__JSOES_2025","CC_NCC_fish_161","",2015-01-01,0,0,0,TRUE,108,"incl2026",1998
"Sablefish__2025","data_2025","Sablefish__JSOES_2025","CC_NCC_fish_161","",2016-01-01,1.49052873276227,1.49052873276227,1.49052873276227,TRUE,108,"incl2026",1998
"Sablefish__2025","data_2025","Sablefish__JSOES_2025","CC_NCC_fish_161","",2017-01-01,0.114214038550564,0.114214038550564,0.114214038550564,TRUE,108,"incl2026",1998
"Sablefish__2025","data_2025","Sablefish__JSOES_2025","CC_NCC_fish_161","",2018-01-01,0.116378076846386,0.116378076846386,0.116378076846386,TRUE,108,"incl2026",1998
"Sablefish__2025","data_2025","Sablefish__JSOES_2025","CC_NCC_fish_161","",2019-01-01,0,0,0,TRUE,108,"incl2026",1998
"Sablefish__2025","data_2025","Sablefish__JSOES_2025","CC_NCC_fish_161","",2020-01-01,12.8405576738671,12.8405576738671,12.8405576738671,TRUE,108,"incl2026",1998
"Sablefish__2025","data_2025","Sablefish__JSOES_2025","CC_NCC_fish_161","",2021-01-01,0.34810403136833,0.34810403136833,0.34810403136833,TRUE,108,"incl2026",1998
"Scripp_s_mrlt_WS_2026","Westport_2026","Scripp_s_mrlt_WS_2026","CC_NCC_Seabird_270","",1998-01-01,0,0,0,TRUE,109,"incl2026",1998
"Scripp_s_mrlt_WS_2026","Westport_2026","Scripp_s_mrlt_WS_2026","CC_NCC_Seabird_270","",1999-01-01,0,0,0,TRUE,109,"incl2026",1998
"Scripp_s_mrlt_WS_2026","Westport_2026","Scripp_s_mrlt_WS_2026","CC_NCC_Seabird_270","",2000-01-01,0,0,0,TRUE,109,"incl2026",1998
"Scripp_s_mrlt_WS_2026","Westport_2026","Scripp_s_mrlt_WS_2026","CC_NCC_Seabird_270","",2001-01-01,0,0,0,TRUE,109,"incl2026",1998
"Scripp_s_mrlt_WS_2026","Westport_2026","Scripp_s_mrlt_WS_2026","CC_NCC_Seabird_270","",2002-01-01,0,0,0,TRUE,109,"incl2026",1998
"Scripp_s_mrlt_WS_2026","Westport_2026","Scripp_s_mrlt_WS_2026","CC_NCC_Seabird_270","",2003-01-01,0,0,0,TRUE,109,"incl2026",1998
"Scripp_s_mrlt_WS_2026","Westport_2026","Scripp_s_mrlt_WS_2026","CC_NCC_Seabird_270","",2004-01-01,0,0,0,TRUE,109,"incl2026",1998
"Scripp_s_mrlt_WS_2026","Westport_2026","Scripp_s_mrlt_WS_2026","CC_NCC_Seabird_270","",2005-01-01,0.0588235294117647,0.0588235294117647,0.0588235294117647,TRUE,109,"incl2026",1998
"Scripp_s_mrlt_WS_2026","Westport_2026","Scripp_s_mrlt_WS_2026","CC_NCC_Seabird_270","",2006-01-01,0,0,0,TRUE,109,"incl2026",1998
"Scripp_s_mrlt_WS_2026","Westport_2026","Scripp_s_mrlt_WS_2026","CC_NCC_Seabird_270","",2007-01-01,0,0,0,TRUE,109,"incl2026",1998
"Scripp_s_mrlt_WS_2026","Westport_2026","Scripp_s_mrlt_WS_2026","CC_NCC_Seabird_270","",2008-01-01,0,0,0,TRUE,109,"incl2026",1998
"Scripp_s_mrlt_WS_2026","Westport_2026","Scripp_s_mrlt_WS_2026","CC_NCC_Seabird_270","",2009-01-01,NA,0,0,TRUE,109,"incl2026",1998
"Scripp_s_mrlt_WS_2026","Westport_2026","Scripp_s_mrlt_WS_2026","CC_NCC_Seabird_270","",2010-01-01,0,0,0,TRUE,109,"incl2026",1998
"Scripp_s_mrlt_WS_2026","Westport_2026","Scripp_s_mrlt_WS_2026","CC_NCC_Seabird_270","",2011-01-01,0,0,0,TRUE,109,"incl2026",1998
"Scripp_s_mrlt_WS_2026","Westport_2026","Scripp_s_mrlt_WS_2026","CC_NCC_Seabird_270","",2012-01-01,0.0232558139534884,0.0232558139534884,0.0232558139534884,TRUE,109,"incl2026",1998
"Scripp_s_mrlt_WS_2026","Westport_2026","Scripp_s_mrlt_WS_2026","CC_NCC_Seabird_270","",2013-01-01,0.0681818181818182,0.0681818181818182,0.0681818181818182,TRUE,109,"incl2026",1998
"Scripp_s_mrlt_WS_2026","Westport_2026","Scripp_s_mrlt_WS_2026","CC_NCC_Seabird_270","",2014-01-01,0,0,0,TRUE,109,"incl2026",1998
"Scripp_s_mrlt_WS_2026","Westport_2026","Scripp_s_mrlt_WS_2026","CC_NCC_Seabird_270","",2015-01-01,0,0,0,TRUE,109,"incl2026",1998
"Scripp_s_mrlt_WS_2026","Westport_2026","Scripp_s_mrlt_WS_2026","CC_NCC_Seabird_270","",2016-01-01,0,0,0,TRUE,109,"incl2026",1998
"Scripp_s_mrlt_WS_2026","Westport_2026","Scripp_s_mrlt_WS_2026","CC_NCC_Seabird_270","",2017-01-01,0,0,0,TRUE,109,"incl2026",1998
"Scripp_s_mrlt_WS_2026","Westport_2026","Scripp_s_mrlt_WS_2026","CC_NCC_Seabird_270","",2018-01-01,0,0,0,TRUE,109,"incl2026",1998
"Scripp_s_mrlt_WS_2026","Westport_2026","Scripp_s_mrlt_WS_2026","CC_NCC_Seabird_270","",2019-01-01,0,0,0,TRUE,109,"incl2026",1998
"Scripp_s_mrlt_WS_2026","Westport_2026","Scripp_s_mrlt_WS_2026","CC_NCC_Seabird_270","",2020-01-01,0,0,0,TRUE,109,"incl2026",1998
"Scripp_s_mrlt_WS_2026","Westport_2026","Scripp_s_mrlt_WS_2026","CC_NCC_Seabird_270","",2021-01-01,0,0,0,TRUE,109,"incl2026",1998
"Sea.nettle__2025","data_2025","SeaNettle__2025","CC_NCC_cnid_162","",1998-01-01,0,0,0,TRUE,110,"incl2026",1998
"Sea.nettle__2025","data_2025","SeaNettle__2025","CC_NCC_cnid_162","",1999-01-01,0.402698739072956,0.402698739072956,0.402698739072956,TRUE,110,"incl2026",1998
"Sea.nettle__2025","data_2025","SeaNettle__2025","CC_NCC_cnid_162","",2000-01-01,4.35508120895927,4.35508120895927,4.35508120895927,TRUE,110,"incl2026",1998
"Sea.nettle__2025","data_2025","SeaNettle__2025","CC_NCC_cnid_162","",2001-01-01,51.0630754554607,51.0630754554607,51.0630754554607,TRUE,110,"incl2026",1998
"Sea.nettle__2025","data_2025","SeaNettle__2025","CC_NCC_cnid_162","",2002-01-01,68.0773304938658,68.0773304938658,68.0773304938658,TRUE,110,"incl2026",1998
"Sea.nettle__2025","data_2025","SeaNettle__2025","CC_NCC_cnid_162","",2003-01-01,36.9249944234908,36.9249944234908,36.9249944234908,TRUE,110,"incl2026",1998
"Sea.nettle__2025","data_2025","SeaNettle__2025","CC_NCC_cnid_162","",2004-01-01,147.43225965599,147.43225965599,147.43225965599,TRUE,110,"incl2026",1998
"Sea.nettle__2025","data_2025","SeaNettle__2025","CC_NCC_cnid_162","",2005-01-01,36.0477363179631,36.0477363179631,36.0477363179631,TRUE,110,"incl2026",1998
"Sea.nettle__2025","data_2025","SeaNettle__2025","CC_NCC_cnid_162","",2006-01-01,79.6651102011821,79.6651102011821,79.6651102011821,TRUE,110,"incl2026",1998
"Sea.nettle__2025","data_2025","SeaNettle__2025","CC_NCC_cnid_162","",2007-01-01,79.7207822881109,79.7207822881109,79.7207822881109,TRUE,110,"incl2026",1998
"Sea.nettle__2025","data_2025","SeaNettle__2025","CC_NCC_cnid_162","",2008-01-01,127.286565520979,127.286565520979,127.286565520979,TRUE,110,"incl2026",1998
"Sea.nettle__2025","data_2025","SeaNettle__2025","CC_NCC_cnid_162","",2009-01-01,43.2243882255071,43.2243882255071,43.2243882255071,TRUE,110,"incl2026",1998
"Sea.nettle__2025","data_2025","SeaNettle__2025","CC_NCC_cnid_162","",2010-01-01,5.81445375978502,5.81445375978502,5.81445375978502,TRUE,110,"incl2026",1998
"Sea.nettle__2025","data_2025","SeaNettle__2025","CC_NCC_cnid_162","",2011-01-01,8.13794639342532,8.13794639342532,8.13794639342532,TRUE,110,"incl2026",1998
"Sea.nettle__2025","data_2025","SeaNettle__2025","CC_NCC_cnid_162","",2012-01-01,37.1448545948685,37.1448545948685,37.1448545948685,TRUE,110,"incl2026",1998
"Sea.nettle__2025","data_2025","SeaNettle__2025","CC_NCC_cnid_162","",2013-01-01,29.7732270749192,29.7732270749192,29.7732270749192,TRUE,110,"incl2026",1998
"Sea.nettle__2025","data_2025","SeaNettle__2025","CC_NCC_cnid_162","",2014-01-01,20.6964278889859,20.6964278889859,20.6964278889859,TRUE,110,"incl2026",1998
"Sea.nettle__2025","data_2025","SeaNettle__2025","CC_NCC_cnid_162","",2015-01-01,0.483632548179257,0.483632548179257,0.483632548179257,TRUE,110,"incl2026",1998
"Sea.nettle__2025","data_2025","SeaNettle__2025","CC_NCC_cnid_162","",2016-01-01,4.88285012580048,4.88285012580048,4.88285012580048,TRUE,110,"incl2026",1998
"Sea.nettle__2025","data_2025","SeaNettle__2025","CC_NCC_cnid_162","",2017-01-01,8.10865075107005,8.10865075107005,8.10865075107005,TRUE,110,"incl2026",1998
"Sea.nettle__2025","data_2025","SeaNettle__2025","CC_NCC_cnid_162","",2018-01-01,22.5947238789788,22.5947238789788,22.5947238789788,TRUE,110,"incl2026",1998
"Sea.nettle__2025","data_2025","SeaNettle__2025","CC_NCC_cnid_162","",2019-01-01,14.8882099437251,14.8882099437251,14.8882099437251,TRUE,110,"incl2026",1998
"Sea.nettle__2025","data_2025","SeaNettle__2025","CC_NCC_cnid_162","",2020-01-01,95.2347902254772,95.2347902254772,95.2347902254772,TRUE,110,"incl2026",1998
"Sea.nettle__2025","data_2025","SeaNettle__2025","CC_NCC_cnid_162","",2021-01-01,103.862541784837,103.862541784837,103.862541784837,TRUE,110,"incl2026",1998
"Short_billed_gull_WS_2026","Westport_2026","Short_billed_gull_WS_2026","CC_NCC_Seabird_251","",1998-01-01,0,0,0,TRUE,111,"incl2026",1998
"Short_billed_gull_WS_2026","Westport_2026","Short_billed_gull_WS_2026","CC_NCC_Seabird_251","",1999-01-01,0.0555555555555556,0.0555555555555556,0.0555555555555556,TRUE,111,"incl2026",1998
"Short_billed_gull_WS_2026","Westport_2026","Short_billed_gull_WS_2026","CC_NCC_Seabird_251","",2000-01-01,0.0333333333333333,0.0333333333333333,0.0333333333333333,TRUE,111,"incl2026",1998
"Short_billed_gull_WS_2026","Westport_2026","Short_billed_gull_WS_2026","CC_NCC_Seabird_251","",2001-01-01,0.0212765957446809,0.0212765957446809,0.0212765957446809,TRUE,111,"incl2026",1998
"Short_billed_gull_WS_2026","Westport_2026","Short_billed_gull_WS_2026","CC_NCC_Seabird_251","",2002-01-01,0.0161290322580645,0.0161290322580645,0.0161290322580645,TRUE,111,"incl2026",1998
"Short_billed_gull_WS_2026","Westport_2026","Short_billed_gull_WS_2026","CC_NCC_Seabird_251","",2003-01-01,0.03125,0.03125,0.03125,TRUE,111,"incl2026",1998
"Short_billed_gull_WS_2026","Westport_2026","Short_billed_gull_WS_2026","CC_NCC_Seabird_251","",2004-01-01,0.0425531914893617,0.0425531914893617,0.0425531914893617,TRUE,111,"incl2026",1998
"Short_billed_gull_WS_2026","Westport_2026","Short_billed_gull_WS_2026","CC_NCC_Seabird_251","",2005-01-01,0,0,0,TRUE,111,"incl2026",1998
"Short_billed_gull_WS_2026","Westport_2026","Short_billed_gull_WS_2026","CC_NCC_Seabird_251","",2006-01-01,0.0740740740740741,0.0740740740740741,0.0740740740740741,TRUE,111,"incl2026",1998
"Short_billed_gull_WS_2026","Westport_2026","Short_billed_gull_WS_2026","CC_NCC_Seabird_251","",2007-01-01,0,0,0,TRUE,111,"incl2026",1998
"Short_billed_gull_WS_2026","Westport_2026","Short_billed_gull_WS_2026","CC_NCC_Seabird_251","",2008-01-01,0.186046511627907,0.186046511627907,0.186046511627907,TRUE,111,"incl2026",1998
"Short_billed_gull_WS_2026","Westport_2026","Short_billed_gull_WS_2026","CC_NCC_Seabird_251","",2009-01-01,NA,0.0930232558139535,0.0930232558139535,TRUE,111,"incl2026",1998
"Short_billed_gull_WS_2026","Westport_2026","Short_billed_gull_WS_2026","CC_NCC_Seabird_251","",2010-01-01,0,0,0,TRUE,111,"incl2026",1998
"Short_billed_gull_WS_2026","Westport_2026","Short_billed_gull_WS_2026","CC_NCC_Seabird_251","",2011-01-01,0.0408163265306122,0.0408163265306122,0.0408163265306122,TRUE,111,"incl2026",1998
"Short_billed_gull_WS_2026","Westport_2026","Short_billed_gull_WS_2026","CC_NCC_Seabird_251","",2012-01-01,0.0930232558139535,0.0930232558139535,0.0930232558139535,TRUE,111,"incl2026",1998
"Short_billed_gull_WS_2026","Westport_2026","Short_billed_gull_WS_2026","CC_NCC_Seabird_251","",2013-01-01,0.0454545454545455,0.0454545454545455,0.0454545454545455,TRUE,111,"incl2026",1998
"Short_billed_gull_WS_2026","Westport_2026","Short_billed_gull_WS_2026","CC_NCC_Seabird_251","",2014-01-01,0.0425531914893617,0.0425531914893617,0.0425531914893617,TRUE,111,"incl2026",1998
"Short_billed_gull_WS_2026","Westport_2026","Short_billed_gull_WS_2026","CC_NCC_Seabird_251","",2015-01-01,0.0338983050847458,0.0338983050847458,0.0338983050847458,TRUE,111,"incl2026",1998
"Short_billed_gull_WS_2026","Westport_2026","Short_billed_gull_WS_2026","CC_NCC_Seabird_251","",2016-01-01,0.0158730158730159,0.0158730158730159,0.0158730158730159,TRUE,111,"incl2026",1998
"Short_billed_gull_WS_2026","Westport_2026","Short_billed_gull_WS_2026","CC_NCC_Seabird_251","",2017-01-01,0.0163934426229508,0.0163934426229508,0.0163934426229508,TRUE,111,"incl2026",1998
"Short_billed_gull_WS_2026","Westport_2026","Short_billed_gull_WS_2026","CC_NCC_Seabird_251","",2018-01-01,0.0689655172413793,0.0689655172413793,0.0689655172413793,TRUE,111,"incl2026",1998
"Short_billed_gull_WS_2026","Westport_2026","Short_billed_gull_WS_2026","CC_NCC_Seabird_251","",2019-01-01,0.024390243902439,0.024390243902439,0.024390243902439,TRUE,111,"incl2026",1998
"Short_billed_gull_WS_2026","Westport_2026","Short_billed_gull_WS_2026","CC_NCC_Seabird_251","",2020-01-01,0,0,0,TRUE,111,"incl2026",1998
"Short_billed_gull_WS_2026","Westport_2026","Short_billed_gull_WS_2026","CC_NCC_Seabird_251","",2021-01-01,0.0317460317460317,0.0317460317460317,0.0317460317460317,TRUE,111,"incl2026",1998
"Short_tailed_shrw_WS_2026","Westport_2026","Short_tailed_shrw_WS_2026","CC_NCC_Seabird_273","",1998-01-01,0.0526315789473684,0.0526315789473684,0.0526315789473684,TRUE,112,"incl2026",1998
"Short_tailed_shrw_WS_2026","Westport_2026","Short_tailed_shrw_WS_2026","CC_NCC_Seabird_273","",1999-01-01,0,0,0,TRUE,112,"incl2026",1998
"Short_tailed_shrw_WS_2026","Westport_2026","Short_tailed_shrw_WS_2026","CC_NCC_Seabird_273","",2000-01-01,0,0,0,TRUE,112,"incl2026",1998
"Short_tailed_shrw_WS_2026","Westport_2026","Short_tailed_shrw_WS_2026","CC_NCC_Seabird_273","",2001-01-01,0.0212765957446809,0.0212765957446809,0.0212765957446809,TRUE,112,"incl2026",1998
"Short_tailed_shrw_WS_2026","Westport_2026","Short_tailed_shrw_WS_2026","CC_NCC_Seabird_273","",2002-01-01,0,0,0,TRUE,112,"incl2026",1998
"Short_tailed_shrw_WS_2026","Westport_2026","Short_tailed_shrw_WS_2026","CC_NCC_Seabird_273","",2003-01-01,0.03125,0.03125,0.03125,TRUE,112,"incl2026",1998
"Short_tailed_shrw_WS_2026","Westport_2026","Short_tailed_shrw_WS_2026","CC_NCC_Seabird_273","",2004-01-01,0,0,0,TRUE,112,"incl2026",1998
"Short_tailed_shrw_WS_2026","Westport_2026","Short_tailed_shrw_WS_2026","CC_NCC_Seabird_273","",2005-01-01,0,0,0,TRUE,112,"incl2026",1998
"Short_tailed_shrw_WS_2026","Westport_2026","Short_tailed_shrw_WS_2026","CC_NCC_Seabird_273","",2006-01-01,0.0185185185185185,0.0185185185185185,0.0185185185185185,TRUE,112,"incl2026",1998
"Short_tailed_shrw_WS_2026","Westport_2026","Short_tailed_shrw_WS_2026","CC_NCC_Seabird_273","",2007-01-01,0,0,0,TRUE,112,"incl2026",1998
"Short_tailed_shrw_WS_2026","Westport_2026","Short_tailed_shrw_WS_2026","CC_NCC_Seabird_273","",2008-01-01,0.0232558139534884,0.0232558139534884,0.0232558139534884,TRUE,112,"incl2026",1998
"Short_tailed_shrw_WS_2026","Westport_2026","Short_tailed_shrw_WS_2026","CC_NCC_Seabird_273","",2009-01-01,NA,0.0116279069767442,0.0116279069767442,TRUE,112,"incl2026",1998
"Short_tailed_shrw_WS_2026","Westport_2026","Short_tailed_shrw_WS_2026","CC_NCC_Seabird_273","",2010-01-01,0,0,0,TRUE,112,"incl2026",1998
"Short_tailed_shrw_WS_2026","Westport_2026","Short_tailed_shrw_WS_2026","CC_NCC_Seabird_273","",2011-01-01,0.0816326530612245,0.0816326530612245,0.0816326530612245,TRUE,112,"incl2026",1998
"Short_tailed_shrw_WS_2026","Westport_2026","Short_tailed_shrw_WS_2026","CC_NCC_Seabird_273","",2012-01-01,0.0697674418604651,0.0697674418604651,0.0697674418604651,TRUE,112,"incl2026",1998
"Short_tailed_shrw_WS_2026","Westport_2026","Short_tailed_shrw_WS_2026","CC_NCC_Seabird_273","",2013-01-01,0,0,0,TRUE,112,"incl2026",1998
"Short_tailed_shrw_WS_2026","Westport_2026","Short_tailed_shrw_WS_2026","CC_NCC_Seabird_273","",2014-01-01,0.0425531914893617,0.0425531914893617,0.0425531914893617,TRUE,112,"incl2026",1998
"Short_tailed_shrw_WS_2026","Westport_2026","Short_tailed_shrw_WS_2026","CC_NCC_Seabird_273","",2015-01-01,0.0338983050847458,0.0338983050847458,0.0338983050847458,TRUE,112,"incl2026",1998
"Short_tailed_shrw_WS_2026","Westport_2026","Short_tailed_shrw_WS_2026","CC_NCC_Seabird_273","",2016-01-01,0.0158730158730159,0.0158730158730159,0.0158730158730159,TRUE,112,"incl2026",1998
"Short_tailed_shrw_WS_2026","Westport_2026","Short_tailed_shrw_WS_2026","CC_NCC_Seabird_273","",2017-01-01,0,0,0,TRUE,112,"incl2026",1998
"Short_tailed_shrw_WS_2026","Westport_2026","Short_tailed_shrw_WS_2026","CC_NCC_Seabird_273","",2018-01-01,0.0172413793103448,0.0172413793103448,0.0172413793103448,TRUE,112,"incl2026",1998
"Short_tailed_shrw_WS_2026","Westport_2026","Short_tailed_shrw_WS_2026","CC_NCC_Seabird_273","",2019-01-01,0,0,0,TRUE,112,"incl2026",1998
"Short_tailed_shrw_WS_2026","Westport_2026","Short_tailed_shrw_WS_2026","CC_NCC_Seabird_273","",2020-01-01,0,0,0,TRUE,112,"incl2026",1998
"Short_tailed_shrw_WS_2026","Westport_2026","Short_tailed_shrw_WS_2026","CC_NCC_Seabird_273","",2021-01-01,0,0,0,TRUE,112,"incl2026",1998
"Sitka Herring Mature Biomass (tons)","Eastern_Gulf_of_Alaska","sitkaHerring_EGoA","AK_EGoA_fish_22","north",1998-01-01,56023.9,56023.9,56023.9,TRUE,113,"incl2026",1998
"Sitka Herring Mature Biomass (tons)","Eastern_Gulf_of_Alaska","sitkaHerring_EGoA","AK_EGoA_fish_22","north",1999-01-01,59077.6,59077.6,59077.6,TRUE,113,"incl2026",1998
"Sitka Herring Mature Biomass (tons)","Eastern_Gulf_of_Alaska","sitkaHerring_EGoA","AK_EGoA_fish_22","north",2000-01-01,54593.473,54593.473,54593.473,TRUE,113,"incl2026",1998
"Sitka Herring Mature Biomass (tons)","Eastern_Gulf_of_Alaska","sitkaHerring_EGoA","AK_EGoA_fish_22","north",2001-01-01,66861.966,66861.966,66861.966,TRUE,113,"incl2026",1998
"Sitka Herring Mature Biomass (tons)","Eastern_Gulf_of_Alaska","sitkaHerring_EGoA","AK_EGoA_fish_22","north",2002-01-01,68720.673,68720.673,68720.673,TRUE,113,"incl2026",1998
"Sitka Herring Mature Biomass (tons)","Eastern_Gulf_of_Alaska","sitkaHerring_EGoA","AK_EGoA_fish_22","north",2003-01-01,90818.9,90818.9,90818.9,TRUE,113,"incl2026",1998
"Sitka Herring Mature Biomass (tons)","Eastern_Gulf_of_Alaska","sitkaHerring_EGoA","AK_EGoA_fish_22","north",2004-01-01,114705,114705,114705,TRUE,113,"incl2026",1998
"Sitka Herring Mature Biomass (tons)","Eastern_Gulf_of_Alaska","sitkaHerring_EGoA","AK_EGoA_fish_22","north",2005-01-01,97273.8,97273.8,97273.8,TRUE,113,"incl2026",1998
"Sitka Herring Mature Biomass (tons)","Eastern_Gulf_of_Alaska","sitkaHerring_EGoA","AK_EGoA_fish_22","north",2006-01-01,83580.3,83580.3,83580.3,TRUE,113,"incl2026",1998
"Sitka Herring Mature Biomass (tons)","Eastern_Gulf_of_Alaska","sitkaHerring_EGoA","AK_EGoA_fish_22","north",2007-01-01,82356.5,82356.5,82356.5,TRUE,113,"incl2026",1998
"Sitka Herring Mature Biomass (tons)","Eastern_Gulf_of_Alaska","sitkaHerring_EGoA","AK_EGoA_fish_22","north",2008-01-01,100282,100282,100282,TRUE,113,"incl2026",1998
"Sitka Herring Mature Biomass (tons)","Eastern_Gulf_of_Alaska","sitkaHerring_EGoA","AK_EGoA_fish_22","north",2009-01-01,117514,117514,117514,TRUE,113,"incl2026",1998
"Sitka Herring Mature Biomass (tons)","Eastern_Gulf_of_Alaska","sitkaHerring_EGoA","AK_EGoA_fish_22","north",2010-01-01,114424,114424,114424,TRUE,113,"incl2026",1998
"Sitka Herring Mature Biomass (tons)","Eastern_Gulf_of_Alaska","sitkaHerring_EGoA","AK_EGoA_fish_22","north",2011-01-01,107765,107765,107765,TRUE,113,"incl2026",1998
"Sitka Herring Mature Biomass (tons)","Eastern_Gulf_of_Alaska","sitkaHerring_EGoA","AK_EGoA_fish_22","north",2012-01-01,76614.5,76614.5,76614.5,TRUE,113,"incl2026",1998
"Sitka Herring Mature Biomass (tons)","Eastern_Gulf_of_Alaska","sitkaHerring_EGoA","AK_EGoA_fish_22","north",2013-01-01,74130.8,74130.8,74130.8,TRUE,113,"incl2026",1998
"Sitka Herring Mature Biomass (tons)","Eastern_Gulf_of_Alaska","sitkaHerring_EGoA","AK_EGoA_fish_22","north",2014-01-01,71726.1,71726.1,71726.1,TRUE,113,"incl2026",1998
"Sitka Herring Mature Biomass (tons)","Eastern_Gulf_of_Alaska","sitkaHerring_EGoA","AK_EGoA_fish_22","north",2015-01-01,64322.2,64322.2,64322.2,TRUE,113,"incl2026",1998
"Sitka Herring Mature Biomass (tons)","Eastern_Gulf_of_Alaska","sitkaHerring_EGoA","AK_EGoA_fish_22","north",2016-01-01,74183.3,74183.3,74183.3,TRUE,113,"incl2026",1998
"Sitka Herring Mature Biomass (tons)","Eastern_Gulf_of_Alaska","sitkaHerring_EGoA","AK_EGoA_fish_22","north",2017-01-01,62819.1,62819.1,62819.1,TRUE,113,"incl2026",1998
"Sitka Herring Mature Biomass (tons)","Eastern_Gulf_of_Alaska","sitkaHerring_EGoA","AK_EGoA_fish_22","north",2018-01-01,55925.5,55925.5,55925.5,TRUE,113,"incl2026",1998
"Sitka Herring Mature Biomass (tons)","Eastern_Gulf_of_Alaska","sitkaHerring_EGoA","AK_EGoA_fish_22","north",2019-01-01,151775,151775,151775,TRUE,113,"incl2026",1998
"Sitka Herring Mature Biomass (tons)","Eastern_Gulf_of_Alaska","sitkaHerring_EGoA","AK_EGoA_fish_22","north",2020-01-01,265316,265316,265316,TRUE,113,"incl2026",1998
"Sitka Herring Mature Biomass (tons)","Eastern_Gulf_of_Alaska","sitkaHerring_EGoA","AK_EGoA_fish_22","north",2021-01-01,245302,245302,245302,TRUE,113,"incl2026",1998
"Sooty shearwater density - NWFSC","CCIEA","sootyShear_NWFSC","CC_NCC_bird_7","predator",1998-01-01,NA,NA,NA,TRUE,114,"incl2026",1998
"Sooty shearwater density - NWFSC","CCIEA","sootyShear_NWFSC","CC_NCC_bird_7","predator",1999-01-01,NA,NA,NA,TRUE,114,"incl2026",1998
"Sooty shearwater density - NWFSC","CCIEA","sootyShear_NWFSC","CC_NCC_bird_7","predator",2000-01-01,NA,NA,NA,TRUE,114,"incl2026",1998
"Sooty shearwater density - NWFSC","CCIEA","sootyShear_NWFSC","CC_NCC_bird_7","predator",2001-01-01,NA,NA,NA,TRUE,114,"incl2026",1998
"Sooty shearwater density - NWFSC","CCIEA","sootyShear_NWFSC","CC_NCC_bird_7","predator",2002-01-01,NA,NA,NA,TRUE,114,"incl2026",1998
"Sooty shearwater density - NWFSC","CCIEA","sootyShear_NWFSC","CC_NCC_bird_7","predator",2003-01-01,0.66828215,0.66828215,0.66828215,TRUE,114,"incl2026",1998
"Sooty shearwater density - NWFSC","CCIEA","sootyShear_NWFSC","CC_NCC_bird_7","predator",2004-01-01,0.17094287,0.17094287,0.17094287,TRUE,114,"incl2026",1998
"Sooty shearwater density - NWFSC","CCIEA","sootyShear_NWFSC","CC_NCC_bird_7","predator",2005-01-01,-0.21691802,-0.21691802,-0.21691802,TRUE,114,"incl2026",1998
"Sooty shearwater density - NWFSC","CCIEA","sootyShear_NWFSC","CC_NCC_bird_7","predator",2006-01-01,0.113626905,0.113626905,0.113626905,TRUE,114,"incl2026",1998
"Sooty shearwater density - NWFSC","CCIEA","sootyShear_NWFSC","CC_NCC_bird_7","predator",2007-01-01,0.49060717,0.49060717,0.49060717,TRUE,114,"incl2026",1998
"Sooty shearwater density - NWFSC","CCIEA","sootyShear_NWFSC","CC_NCC_bird_7","predator",2008-01-01,-0.7676303,-0.7676303,-0.7676303,TRUE,114,"incl2026",1998
"Sooty shearwater density - NWFSC","CCIEA","sootyShear_NWFSC","CC_NCC_bird_7","predator",2009-01-01,0.36554095,0.36554095,0.36554095,TRUE,114,"incl2026",1998
"Sooty shearwater density - NWFSC","CCIEA","sootyShear_NWFSC","CC_NCC_bird_7","predator",2010-01-01,0.19976592,0.19976592,0.19976592,TRUE,114,"incl2026",1998
"Sooty shearwater density - NWFSC","CCIEA","sootyShear_NWFSC","CC_NCC_bird_7","predator",2011-01-01,-0.64420336,-0.64420336,-0.64420336,TRUE,114,"incl2026",1998
"Sooty shearwater density - NWFSC","CCIEA","sootyShear_NWFSC","CC_NCC_bird_7","predator",2012-01-01,-0.44741642,-0.44741642,-0.44741642,TRUE,114,"incl2026",1998
"Sooty shearwater density - NWFSC","CCIEA","sootyShear_NWFSC","CC_NCC_bird_7","predator",2013-01-01,NA,-0.00506951333333333,-0.00506951333333333,TRUE,114,"incl2026",1998
"Sooty shearwater density - NWFSC","CCIEA","sootyShear_NWFSC","CC_NCC_bird_7","predator",2014-01-01,NA,0.437277393333333,0.437277393333333,TRUE,114,"incl2026",1998
"Sooty shearwater density - NWFSC","CCIEA","sootyShear_NWFSC","CC_NCC_bird_7","predator",2015-01-01,0.8796243,0.8796243,0.8796243,TRUE,114,"incl2026",1998
"Sooty shearwater density - NWFSC","CCIEA","sootyShear_NWFSC","CC_NCC_bird_7","predator",2016-01-01,0.41566995,0.41566995,0.41566995,TRUE,114,"incl2026",1998
"Sooty shearwater density - NWFSC","CCIEA","sootyShear_NWFSC","CC_NCC_bird_7","predator",2017-01-01,-0.6853834,-0.6853834,-0.6853834,TRUE,114,"incl2026",1998
"Sooty shearwater density - NWFSC","CCIEA","sootyShear_NWFSC","CC_NCC_bird_7","predator",2018-01-01,0.4810832,0.4810832,0.4810832,TRUE,114,"incl2026",1998
"Sooty shearwater density - NWFSC","CCIEA","sootyShear_NWFSC","CC_NCC_bird_7","predator",2019-01-01,0.14653908,0.14653908,0.14653908,TRUE,114,"incl2026",1998
"Sooty shearwater density - NWFSC","CCIEA","sootyShear_NWFSC","CC_NCC_bird_7","predator",2020-01-01,NA,-0.29235098,-0.29235098,TRUE,114,"incl2026",1998
"Sooty shearwater density - NWFSC","CCIEA","sootyShear_NWFSC","CC_NCC_bird_7","predator",2021-01-01,NA,-0.73124104,-0.73124104,TRUE,114,"incl2026",1998
"Sooty_shrw_WS_2026","Westport_2026","Sooty_shrw_WS_2026","CC_NCC_Seabird_272","",1998-01-01,0.789473684210526,0.789473684210526,0.789473684210526,TRUE,115,"incl2026",1998
"Sooty_shrw_WS_2026","Westport_2026","Sooty_shrw_WS_2026","CC_NCC_Seabird_272","",1999-01-01,0.5,0.5,0.5,TRUE,115,"incl2026",1998
"Sooty_shrw_WS_2026","Westport_2026","Sooty_shrw_WS_2026","CC_NCC_Seabird_272","",2000-01-01,0.9,0.9,0.9,TRUE,115,"incl2026",1998
"Sooty_shrw_WS_2026","Westport_2026","Sooty_shrw_WS_2026","CC_NCC_Seabird_272","",2001-01-01,0.851063829787234,0.851063829787234,0.851063829787234,TRUE,115,"incl2026",1998
"Sooty_shrw_WS_2026","Westport_2026","Sooty_shrw_WS_2026","CC_NCC_Seabird_272","",2002-01-01,0.806451612903226,0.806451612903226,0.806451612903226,TRUE,115,"incl2026",1998
"Sooty_shrw_WS_2026","Westport_2026","Sooty_shrw_WS_2026","CC_NCC_Seabird_272","",2003-01-01,0.84375,0.84375,0.84375,TRUE,115,"incl2026",1998
"Sooty_shrw_WS_2026","Westport_2026","Sooty_shrw_WS_2026","CC_NCC_Seabird_272","",2004-01-01,0.851063829787234,0.851063829787234,0.851063829787234,TRUE,115,"incl2026",1998
"Sooty_shrw_WS_2026","Westport_2026","Sooty_shrw_WS_2026","CC_NCC_Seabird_272","",2005-01-01,0.705882352941177,0.705882352941177,0.705882352941177,TRUE,115,"incl2026",1998
"Sooty_shrw_WS_2026","Westport_2026","Sooty_shrw_WS_2026","CC_NCC_Seabird_272","",2006-01-01,0.833333333333333,0.833333333333333,0.833333333333333,TRUE,115,"incl2026",1998
"Sooty_shrw_WS_2026","Westport_2026","Sooty_shrw_WS_2026","CC_NCC_Seabird_272","",2007-01-01,0.872340425531915,0.872340425531915,0.872340425531915,TRUE,115,"incl2026",1998
"Sooty_shrw_WS_2026","Westport_2026","Sooty_shrw_WS_2026","CC_NCC_Seabird_272","",2008-01-01,0.813953488372093,0.813953488372093,0.813953488372093,TRUE,115,"incl2026",1998
"Sooty_shrw_WS_2026","Westport_2026","Sooty_shrw_WS_2026","CC_NCC_Seabird_272","",2009-01-01,NA,0.812382149591452,0.812382149591452,TRUE,115,"incl2026",1998
"Sooty_shrw_WS_2026","Westport_2026","Sooty_shrw_WS_2026","CC_NCC_Seabird_272","",2010-01-01,0.810810810810811,0.810810810810811,0.810810810810811,TRUE,115,"incl2026",1998
"Sooty_shrw_WS_2026","Westport_2026","Sooty_shrw_WS_2026","CC_NCC_Seabird_272","",2011-01-01,0.73469387755102,0.73469387755102,0.73469387755102,TRUE,115,"incl2026",1998
"Sooty_shrw_WS_2026","Westport_2026","Sooty_shrw_WS_2026","CC_NCC_Seabird_272","",2012-01-01,0.906976744186046,0.906976744186046,0.906976744186046,TRUE,115,"incl2026",1998
"Sooty_shrw_WS_2026","Westport_2026","Sooty_shrw_WS_2026","CC_NCC_Seabird_272","",2013-01-01,0.931818181818182,0.931818181818182,0.931818181818182,TRUE,115,"incl2026",1998
"Sooty_shrw_WS_2026","Westport_2026","Sooty_shrw_WS_2026","CC_NCC_Seabird_272","",2014-01-01,0.829787234042553,0.829787234042553,0.829787234042553,TRUE,115,"incl2026",1998
"Sooty_shrw_WS_2026","Westport_2026","Sooty_shrw_WS_2026","CC_NCC_Seabird_272","",2015-01-01,0.779661016949153,0.779661016949153,0.779661016949153,TRUE,115,"incl2026",1998
"Sooty_shrw_WS_2026","Westport_2026","Sooty_shrw_WS_2026","CC_NCC_Seabird_272","",2016-01-01,0.793650793650794,0.793650793650794,0.793650793650794,TRUE,115,"incl2026",1998
"Sooty_shrw_WS_2026","Westport_2026","Sooty_shrw_WS_2026","CC_NCC_Seabird_272","",2017-01-01,0.836065573770492,0.836065573770492,0.836065573770492,TRUE,115,"incl2026",1998
"Sooty_shrw_WS_2026","Westport_2026","Sooty_shrw_WS_2026","CC_NCC_Seabird_272","",2018-01-01,0.758620689655172,0.758620689655172,0.758620689655172,TRUE,115,"incl2026",1998
"Sooty_shrw_WS_2026","Westport_2026","Sooty_shrw_WS_2026","CC_NCC_Seabird_272","",2019-01-01,0.804878048780488,0.804878048780488,0.804878048780488,TRUE,115,"incl2026",1998
"Sooty_shrw_WS_2026","Westport_2026","Sooty_shrw_WS_2026","CC_NCC_Seabird_272","",2020-01-01,0.75,0.75,0.75,TRUE,115,"incl2026",1998
"Sooty_shrw_WS_2026","Westport_2026","Sooty_shrw_WS_2026","CC_NCC_Seabird_272","",2021-01-01,0.650793650793651,0.650793650793651,0.650793650793651,TRUE,115,"incl2026",1998
"Steller_s_l_2yrLead_WS_2026","Westport_2026","Steller_s_l_2yrLead_WS_2026","CC_NCC_Marine mammal_232","",1998-01-01,0,0,0,TRUE,116,"incl2026",1998
"Steller_s_l_2yrLead_WS_2026","Westport_2026","Steller_s_l_2yrLead_WS_2026","CC_NCC_Marine mammal_232","",1999-01-01,0,0,0,TRUE,116,"incl2026",1998
"Steller_s_l_2yrLead_WS_2026","Westport_2026","Steller_s_l_2yrLead_WS_2026","CC_NCC_Marine mammal_232","",2000-01-01,0,0,0,TRUE,116,"incl2026",1998
"Steller_s_l_2yrLead_WS_2026","Westport_2026","Steller_s_l_2yrLead_WS_2026","CC_NCC_Marine mammal_232","",2001-01-01,0,0,0,TRUE,116,"incl2026",1998
"Steller_s_l_2yrLead_WS_2026","Westport_2026","Steller_s_l_2yrLead_WS_2026","CC_NCC_Marine mammal_232","",2002-01-01,0.0212765957446809,0.0212765957446809,0.0212765957446809,TRUE,116,"incl2026",1998
"Steller_s_l_2yrLead_WS_2026","Westport_2026","Steller_s_l_2yrLead_WS_2026","CC_NCC_Marine mammal_232","",2003-01-01,0,0,0,TRUE,116,"incl2026",1998
"Steller_s_l_2yrLead_WS_2026","Westport_2026","Steller_s_l_2yrLead_WS_2026","CC_NCC_Marine mammal_232","",2004-01-01,0.0740740740740741,0.0740740740740741,0.0740740740740741,TRUE,116,"incl2026",1998
"Steller_s_l_2yrLead_WS_2026","Westport_2026","Steller_s_l_2yrLead_WS_2026","CC_NCC_Marine mammal_232","",2005-01-01,0.0851063829787234,0.0851063829787234,0.0851063829787234,TRUE,116,"incl2026",1998
"Steller_s_l_2yrLead_WS_2026","Westport_2026","Steller_s_l_2yrLead_WS_2026","CC_NCC_Marine mammal_232","",2006-01-01,0.0465116279069767,0.0465116279069767,0.0465116279069767,TRUE,116,"incl2026",1998
"Steller_s_l_2yrLead_WS_2026","Westport_2026","Steller_s_l_2yrLead_WS_2026","CC_NCC_Marine mammal_232","",2007-01-01,NA,0.0367693274670019,0.0367693274670019,TRUE,116,"incl2026",1998
"Steller_s_l_2yrLead_WS_2026","Westport_2026","Steller_s_l_2yrLead_WS_2026","CC_NCC_Marine mammal_232","",2008-01-01,0.027027027027027,0.027027027027027,0.027027027027027,TRUE,116,"incl2026",1998
"Steller_s_l_2yrLead_WS_2026","Westport_2026","Steller_s_l_2yrLead_WS_2026","CC_NCC_Marine mammal_232","",2009-01-01,0.0408163265306122,0.0408163265306122,0.0408163265306122,TRUE,116,"incl2026",1998
"Steller_s_l_2yrLead_WS_2026","Westport_2026","Steller_s_l_2yrLead_WS_2026","CC_NCC_Marine mammal_232","",2010-01-01,0.116279069767442,0.116279069767442,0.116279069767442,TRUE,116,"incl2026",1998
"Steller_s_l_2yrLead_WS_2026","Westport_2026","Steller_s_l_2yrLead_WS_2026","CC_NCC_Marine mammal_232","",2011-01-01,0.0909090909090909,0.0909090909090909,0.0909090909090909,TRUE,116,"incl2026",1998
"Steller_s_l_2yrLead_WS_2026","Westport_2026","Steller_s_l_2yrLead_WS_2026","CC_NCC_Marine mammal_232","",2012-01-01,0.148936170212766,0.148936170212766,0.148936170212766,TRUE,116,"incl2026",1998
"Steller_s_l_2yrLead_WS_2026","Westport_2026","Steller_s_l_2yrLead_WS_2026","CC_NCC_Marine mammal_232","",2013-01-01,0.11864406779661,0.11864406779661,0.11864406779661,TRUE,116,"incl2026",1998
"Steller_s_l_2yrLead_WS_2026","Westport_2026","Steller_s_l_2yrLead_WS_2026","CC_NCC_Marine mammal_232","",2014-01-01,0.222222222222222,0.222222222222222,0.222222222222222,TRUE,116,"incl2026",1998
"Steller_s_l_2yrLead_WS_2026","Westport_2026","Steller_s_l_2yrLead_WS_2026","CC_NCC_Marine mammal_232","",2015-01-01,0.0983606557377049,0.0983606557377049,0.0983606557377049,TRUE,116,"incl2026",1998
"Steller_s_l_2yrLead_WS_2026","Westport_2026","Steller_s_l_2yrLead_WS_2026","CC_NCC_Marine mammal_232","",2016-01-01,0.224137931034483,0.224137931034483,0.224137931034483,TRUE,116,"incl2026",1998
"Steller_s_l_2yrLead_WS_2026","Westport_2026","Steller_s_l_2yrLead_WS_2026","CC_NCC_Marine mammal_232","",2017-01-01,0.146341463414634,0.146341463414634,0.146341463414634,TRUE,116,"incl2026",1998
"Steller_s_l_2yrLead_WS_2026","Westport_2026","Steller_s_l_2yrLead_WS_2026","CC_NCC_Marine mammal_232","",2018-01-01,0.0625,0.0625,0.0625,TRUE,116,"incl2026",1998
"Steller_s_l_2yrLead_WS_2026","Westport_2026","Steller_s_l_2yrLead_WS_2026","CC_NCC_Marine mammal_232","",2019-01-01,0.111111111111111,0.111111111111111,0.111111111111111,TRUE,116,"incl2026",1998
"Steller_s_l_2yrLead_WS_2026","Westport_2026","Steller_s_l_2yrLead_WS_2026","CC_NCC_Marine mammal_232","",2020-01-01,0.181818181818182,0.181818181818182,0.181818181818182,TRUE,116,"incl2026",1998
"Steller_s_l_2yrLead_WS_2026","Westport_2026","Steller_s_l_2yrLead_WS_2026","CC_NCC_Marine mammal_232","",2021-01-01,0.146341463414634,0.146341463414634,0.146341463414634,TRUE,116,"incl2026",1998
"Steller_s_l_WS_2026","Westport_2026","Steller_s_l_WS_2026","CC_NCC_Marine mammal_231","",1998-01-01,0.105263157894737,0.105263157894737,0.105263157894737,TRUE,117,"incl2026",1998
"Steller_s_l_WS_2026","Westport_2026","Steller_s_l_WS_2026","CC_NCC_Marine mammal_231","",1999-01-01,0,0,0,TRUE,117,"incl2026",1998
"Steller_s_l_WS_2026","Westport_2026","Steller_s_l_WS_2026","CC_NCC_Marine mammal_231","",2000-01-01,0,0,0,TRUE,117,"incl2026",1998
"Steller_s_l_WS_2026","Westport_2026","Steller_s_l_WS_2026","CC_NCC_Marine mammal_231","",2001-01-01,0,0,0,TRUE,117,"incl2026",1998
"Steller_s_l_WS_2026","Westport_2026","Steller_s_l_WS_2026","CC_NCC_Marine mammal_231","",2002-01-01,0,0,0,TRUE,117,"incl2026",1998
"Steller_s_l_WS_2026","Westport_2026","Steller_s_l_WS_2026","CC_NCC_Marine mammal_231","",2003-01-01,0,0,0,TRUE,117,"incl2026",1998
"Steller_s_l_WS_2026","Westport_2026","Steller_s_l_WS_2026","CC_NCC_Marine mammal_231","",2004-01-01,0.0212765957446809,0.0212765957446809,0.0212765957446809,TRUE,117,"incl2026",1998
"Steller_s_l_WS_2026","Westport_2026","Steller_s_l_WS_2026","CC_NCC_Marine mammal_231","",2005-01-01,0,0,0,TRUE,117,"incl2026",1998
"Steller_s_l_WS_2026","Westport_2026","Steller_s_l_WS_2026","CC_NCC_Marine mammal_231","",2006-01-01,0.0740740740740741,0.0740740740740741,0.0740740740740741,TRUE,117,"incl2026",1998
"Steller_s_l_WS_2026","Westport_2026","Steller_s_l_WS_2026","CC_NCC_Marine mammal_231","",2007-01-01,0.0851063829787234,0.0851063829787234,0.0851063829787234,TRUE,117,"incl2026",1998
"Steller_s_l_WS_2026","Westport_2026","Steller_s_l_WS_2026","CC_NCC_Marine mammal_231","",2008-01-01,0.0465116279069767,0.0465116279069767,0.0465116279069767,TRUE,117,"incl2026",1998
"Steller_s_l_WS_2026","Westport_2026","Steller_s_l_WS_2026","CC_NCC_Marine mammal_231","",2009-01-01,NA,0.0367693274670019,0.0367693274670019,TRUE,117,"incl2026",1998
"Steller_s_l_WS_2026","Westport_2026","Steller_s_l_WS_2026","CC_NCC_Marine mammal_231","",2010-01-01,0.027027027027027,0.027027027027027,0.027027027027027,TRUE,117,"incl2026",1998
"Steller_s_l_WS_2026","Westport_2026","Steller_s_l_WS_2026","CC_NCC_Marine mammal_231","",2011-01-01,0.0408163265306122,0.0408163265306122,0.0408163265306122,TRUE,117,"incl2026",1998
"Steller_s_l_WS_2026","Westport_2026","Steller_s_l_WS_2026","CC_NCC_Marine mammal_231","",2012-01-01,0.116279069767442,0.116279069767442,0.116279069767442,TRUE,117,"incl2026",1998
"Steller_s_l_WS_2026","Westport_2026","Steller_s_l_WS_2026","CC_NCC_Marine mammal_231","",2013-01-01,0.0909090909090909,0.0909090909090909,0.0909090909090909,TRUE,117,"incl2026",1998
"Steller_s_l_WS_2026","Westport_2026","Steller_s_l_WS_2026","CC_NCC_Marine mammal_231","",2014-01-01,0.148936170212766,0.148936170212766,0.148936170212766,TRUE,117,"incl2026",1998
"Steller_s_l_WS_2026","Westport_2026","Steller_s_l_WS_2026","CC_NCC_Marine mammal_231","",2015-01-01,0.11864406779661,0.11864406779661,0.11864406779661,TRUE,117,"incl2026",1998
"Steller_s_l_WS_2026","Westport_2026","Steller_s_l_WS_2026","CC_NCC_Marine mammal_231","",2016-01-01,0.222222222222222,0.222222222222222,0.222222222222222,TRUE,117,"incl2026",1998
"Steller_s_l_WS_2026","Westport_2026","Steller_s_l_WS_2026","CC_NCC_Marine mammal_231","",2017-01-01,0.0983606557377049,0.0983606557377049,0.0983606557377049,TRUE,117,"incl2026",1998
"Steller_s_l_WS_2026","Westport_2026","Steller_s_l_WS_2026","CC_NCC_Marine mammal_231","",2018-01-01,0.224137931034483,0.224137931034483,0.224137931034483,TRUE,117,"incl2026",1998
"Steller_s_l_WS_2026","Westport_2026","Steller_s_l_WS_2026","CC_NCC_Marine mammal_231","",2019-01-01,0.146341463414634,0.146341463414634,0.146341463414634,TRUE,117,"incl2026",1998
"Steller_s_l_WS_2026","Westport_2026","Steller_s_l_WS_2026","CC_NCC_Marine mammal_231","",2020-01-01,0.0625,0.0625,0.0625,TRUE,117,"incl2026",1998
"Steller_s_l_WS_2026","Westport_2026","Steller_s_l_WS_2026","CC_NCC_Marine mammal_231","",2021-01-01,0.111111111111111,0.111111111111111,0.111111111111111,TRUE,117,"incl2026",1998
"StomFull.Jun_2025","SEM_data_2025","StomFull_Jun_2025","CC_NCC_fish_140","cond1",1998-01-01,1.99583730387268,1.99583730387268,1.99583730387268,TRUE,118,"incl2026",1998
"StomFull.Jun_2025","SEM_data_2025","StomFull_Jun_2025","CC_NCC_fish_140","cond1",1999-01-01,0.894937441224391,0.894937441224391,0.894937441224391,TRUE,118,"incl2026",1998
"StomFull.Jun_2025","SEM_data_2025","StomFull_Jun_2025","CC_NCC_fish_140","cond1",2000-01-01,0.886552715275591,0.886552715275591,0.886552715275591,TRUE,118,"incl2026",1998
"StomFull.Jun_2025","SEM_data_2025","StomFull_Jun_2025","CC_NCC_fish_140","cond1",2001-01-01,1.44111967171547,1.44111967171547,1.44111967171547,TRUE,118,"incl2026",1998
"StomFull.Jun_2025","SEM_data_2025","StomFull_Jun_2025","CC_NCC_fish_140","cond1",2002-01-01,0.957338737400778,0.957338737400778,0.957338737400778,TRUE,118,"incl2026",1998
"StomFull.Jun_2025","SEM_data_2025","StomFull_Jun_2025","CC_NCC_fish_140","cond1",2003-01-01,1.29430380055671,1.29430380055671,1.29430380055671,TRUE,118,"incl2026",1998
"StomFull.Jun_2025","SEM_data_2025","StomFull_Jun_2025","CC_NCC_fish_140","cond1",2004-01-01,1.7618597144274,1.7618597144274,1.7618597144274,TRUE,118,"incl2026",1998
"StomFull.Jun_2025","SEM_data_2025","StomFull_Jun_2025","CC_NCC_fish_140","cond1",2005-01-01,0.616082458798049,0.616082458798049,0.616082458798049,TRUE,118,"incl2026",1998
"StomFull.Jun_2025","SEM_data_2025","StomFull_Jun_2025","CC_NCC_fish_140","cond1",2006-01-01,1.66557228326146,1.66557228326146,1.66557228326146,TRUE,118,"incl2026",1998
"StomFull.Jun_2025","SEM_data_2025","StomFull_Jun_2025","CC_NCC_fish_140","cond1",2007-01-01,1.59839812691075,1.59839812691075,1.59839812691075,TRUE,118,"incl2026",1998
"StomFull.Jun_2025","SEM_data_2025","StomFull_Jun_2025","CC_NCC_fish_140","cond1",2008-01-01,1.09383490131435,1.09383490131435,1.09383490131435,TRUE,118,"incl2026",1998
"StomFull.Jun_2025","SEM_data_2025","StomFull_Jun_2025","CC_NCC_fish_140","cond1",2009-01-01,1.09220756773904,1.09220756773904,1.09220756773904,TRUE,118,"incl2026",1998
"StomFull.Jun_2025","SEM_data_2025","StomFull_Jun_2025","CC_NCC_fish_140","cond1",2010-01-01,1.36899231267625,1.36899231267625,1.36899231267625,TRUE,118,"incl2026",1998
"StomFull.Jun_2025","SEM_data_2025","StomFull_Jun_2025","CC_NCC_fish_140","cond1",2011-01-01,0.456915434209396,0.456915434209396,0.456915434209396,TRUE,118,"incl2026",1998
"StomFull.Jun_2025","SEM_data_2025","StomFull_Jun_2025","CC_NCC_fish_140","cond1",2012-01-01,0.40648742401806,0.40648742401806,0.40648742401806,TRUE,118,"incl2026",1998
"StomFull.Jun_2025","SEM_data_2025","StomFull_Jun_2025","CC_NCC_fish_140","cond1",2013-01-01,0.81741897224701,0.81741897224701,0.81741897224701,TRUE,118,"incl2026",1998
"StomFull.Jun_2025","SEM_data_2025","StomFull_Jun_2025","CC_NCC_fish_140","cond1",2014-01-01,0.864893130790249,0.864893130790249,0.864893130790249,TRUE,118,"incl2026",1998
"StomFull.Jun_2025","SEM_data_2025","StomFull_Jun_2025","CC_NCC_fish_140","cond1",2015-01-01,0.657440168789723,0.657440168789723,0.657440168789723,TRUE,118,"incl2026",1998
"StomFull.Jun_2025","SEM_data_2025","StomFull_Jun_2025","CC_NCC_fish_140","cond1",2016-01-01,0.692555768719386,0.692555768719386,0.692555768719386,TRUE,118,"incl2026",1998
"StomFull.Jun_2025","SEM_data_2025","StomFull_Jun_2025","CC_NCC_fish_140","cond1",2017-01-01,0.575814080772435,0.575814080772435,0.575814080772435,TRUE,118,"incl2026",1998
"StomFull.Jun_2025","SEM_data_2025","StomFull_Jun_2025","CC_NCC_fish_140","cond1",2018-01-01,0.756961508697938,0.756961508697938,0.756961508697938,TRUE,118,"incl2026",1998
"StomFull.Jun_2025","SEM_data_2025","StomFull_Jun_2025","CC_NCC_fish_140","cond1",2019-01-01,1.04093695358509,1.04093695358509,1.04093695358509,TRUE,118,"incl2026",1998
"StomFull.Jun_2025","SEM_data_2025","StomFull_Jun_2025","CC_NCC_fish_140","cond1",2020-01-01,0.975572139087533,0.975572139087533,0.975572139087533,TRUE,118,"incl2026",1998
"StomFull.Jun_2025","SEM_data_2025","StomFull_Jun_2025","CC_NCC_fish_140","cond1",2021-01-01,0.707571819985097,0.707571819985097,0.707571819985097,TRUE,118,"incl2026",1998
"StomFull.May_2025","SEM_data_2025","StomFull_May_2025","CC_NCC_fish_139","cond1",1998-01-01,NA,NA,NA,TRUE,119,"incl2026",1998
"StomFull.May_2025","SEM_data_2025","StomFull_May_2025","CC_NCC_fish_139","cond1",1999-01-01,0.961795201268508,0.961795201268508,0.961795201268508,TRUE,119,"incl2026",1998
"StomFull.May_2025","SEM_data_2025","StomFull_May_2025","CC_NCC_fish_139","cond1",2000-01-01,1.1575396485812,1.1575396485812,1.1575396485812,TRUE,119,"incl2026",1998
"StomFull.May_2025","SEM_data_2025","StomFull_May_2025","CC_NCC_fish_139","cond1",2001-01-01,1.1417943817516,1.1417943817516,1.1417943817516,TRUE,119,"incl2026",1998
"StomFull.May_2025","SEM_data_2025","StomFull_May_2025","CC_NCC_fish_139","cond1",2002-01-01,0.944230936566013,0.944230936566013,0.944230936566013,TRUE,119,"incl2026",1998
"StomFull.May_2025","SEM_data_2025","StomFull_May_2025","CC_NCC_fish_139","cond1",2003-01-01,1.19946331178823,1.19946331178823,1.19946331178823,TRUE,119,"incl2026",1998
"StomFull.May_2025","SEM_data_2025","StomFull_May_2025","CC_NCC_fish_139","cond1",2004-01-01,1.37277909234965,1.37277909234965,1.37277909234965,TRUE,119,"incl2026",1998
"StomFull.May_2025","SEM_data_2025","StomFull_May_2025","CC_NCC_fish_139","cond1",2005-01-01,0.65374205124941,0.65374205124941,0.65374205124941,TRUE,119,"incl2026",1998
"StomFull.May_2025","SEM_data_2025","StomFull_May_2025","CC_NCC_fish_139","cond1",2006-01-01,1.2032691683132,1.2032691683132,1.2032691683132,TRUE,119,"incl2026",1998
"StomFull.May_2025","SEM_data_2025","StomFull_May_2025","CC_NCC_fish_139","cond1",2007-01-01,1.24481865226102,1.24481865226102,1.24481865226102,TRUE,119,"incl2026",1998
"StomFull.May_2025","SEM_data_2025","StomFull_May_2025","CC_NCC_fish_139","cond1",2008-01-01,0.807659958293105,0.807659958293105,0.807659958293105,TRUE,119,"incl2026",1998
"StomFull.May_2025","SEM_data_2025","StomFull_May_2025","CC_NCC_fish_139","cond1",2009-01-01,1.08875531178239,1.08875531178239,1.08875531178239,TRUE,119,"incl2026",1998
"StomFull.May_2025","SEM_data_2025","StomFull_May_2025","CC_NCC_fish_139","cond1",2010-01-01,1.78777103080325,1.78777103080325,1.78777103080325,TRUE,119,"incl2026",1998
"StomFull.May_2025","SEM_data_2025","StomFull_May_2025","CC_NCC_fish_139","cond1",2011-01-01,0.846729543699145,0.846729543699145,0.846729543699145,TRUE,119,"incl2026",1998
"StomFull.May_2025","SEM_data_2025","StomFull_May_2025","CC_NCC_fish_139","cond1",2012-01-01,0.604717354834909,0.604717354834909,0.604717354834909,TRUE,119,"incl2026",1998
"StomFull.May_2025","SEM_data_2025","StomFull_May_2025","CC_NCC_fish_139","cond1",2013-01-01,NA,NA,NA,TRUE,119,"incl2026",1998
"StomFull.May_2025","SEM_data_2025","StomFull_May_2025","CC_NCC_fish_139","cond1",2014-01-01,NA,NA,NA,TRUE,119,"incl2026",1998
"StomFull.May_2025","SEM_data_2025","StomFull_May_2025","CC_NCC_fish_139","cond1",2015-01-01,0.91596944789813,0.91596944789813,0.91596944789813,TRUE,119,"incl2026",1998
"StomFull.May_2025","SEM_data_2025","StomFull_May_2025","CC_NCC_fish_139","cond1",2016-01-01,1.41484509007662,1.41484509007662,1.41484509007662,TRUE,119,"incl2026",1998
"StomFull.May_2025","SEM_data_2025","StomFull_May_2025","CC_NCC_fish_139","cond1",2017-01-01,0.922294056670116,0.922294056670116,0.922294056670116,TRUE,119,"incl2026",1998
"StomFull.May_2025","SEM_data_2025","StomFull_May_2025","CC_NCC_fish_139","cond1",2018-01-01,1.19531650379867,1.19531650379867,1.19531650379867,TRUE,119,"incl2026",1998
"StomFull.May_2025","SEM_data_2025","StomFull_May_2025","CC_NCC_fish_139","cond1",2019-01-01,1.55522687373222,1.55522687373222,1.55522687373222,TRUE,119,"incl2026",1998
"StomFull.May_2025","SEM_data_2025","StomFull_May_2025","CC_NCC_fish_139","cond1",2020-01-01,NA,NA,NA,TRUE,119,"incl2026",1998
"StomFull.May_2025","SEM_data_2025","StomFull_May_2025","CC_NCC_fish_139","cond1",2021-01-01,0.887960337967239,0.887960337967239,0.887960337967239,TRUE,119,"incl2026",1998
"Surf_scot_WS_2026","Westport_2026","Surf_scot_WS_2026","CC_NCC_Seabird_242","",1998-01-01,0.210526315789474,0.210526315789474,0.210526315789474,TRUE,53,"incl2026",1998
"Surf_scot_WS_2026","Westport_2026","Surf_scot_WS_2026","CC_NCC_Seabird_242","",1999-01-01,0.111111111111111,0.111111111111111,0.111111111111111,TRUE,53,"incl2026",1998
"Surf_scot_WS_2026","Westport_2026","Surf_scot_WS_2026","CC_NCC_Seabird_242","",2000-01-01,0.166666666666667,0.166666666666667,0.166666666666667,TRUE,53,"incl2026",1998
"Surf_scot_WS_2026","Westport_2026","Surf_scot_WS_2026","CC_NCC_Seabird_242","",2001-01-01,0.106382978723404,0.106382978723404,0.106382978723404,TRUE,53,"incl2026",1998
"Surf_scot_WS_2026","Westport_2026","Surf_scot_WS_2026","CC_NCC_Seabird_242","",2002-01-01,0.129032258064516,0.129032258064516,0.129032258064516,TRUE,53,"incl2026",1998
"Surf_scot_WS_2026","Westport_2026","Surf_scot_WS_2026","CC_NCC_Seabird_242","",2003-01-01,0.3125,0.3125,0.3125,TRUE,53,"incl2026",1998
"Surf_scot_WS_2026","Westport_2026","Surf_scot_WS_2026","CC_NCC_Seabird_242","",2004-01-01,0.191489361702128,0.191489361702128,0.191489361702128,TRUE,53,"incl2026",1998
"Surf_scot_WS_2026","Westport_2026","Surf_scot_WS_2026","CC_NCC_Seabird_242","",2005-01-01,0.0588235294117647,0.0588235294117647,0.0588235294117647,TRUE,53,"incl2026",1998
"Surf_scot_WS_2026","Westport_2026","Surf_scot_WS_2026","CC_NCC_Seabird_242","",2006-01-01,0.203703703703704,0.203703703703704,0.203703703703704,TRUE,53,"incl2026",1998
"Surf_scot_WS_2026","Westport_2026","Surf_scot_WS_2026","CC_NCC_Seabird_242","",2007-01-01,0.170212765957447,0.170212765957447,0.170212765957447,TRUE,53,"incl2026",1998
"Surf_scot_WS_2026","Westport_2026","Surf_scot_WS_2026","CC_NCC_Seabird_242","",2008-01-01,0.232558139534884,0.232558139534884,0.232558139534884,TRUE,53,"incl2026",1998
"Surf_scot_WS_2026","Westport_2026","Surf_scot_WS_2026","CC_NCC_Seabird_242","",2009-01-01,NA,0.170333123821496,0.170333123821496,TRUE,53,"incl2026",1998
"Surf_scot_WS_2026","Westport_2026","Surf_scot_WS_2026","CC_NCC_Seabird_242","",2010-01-01,0.108108108108108,0.108108108108108,0.108108108108108,TRUE,53,"incl2026",1998
"Surf_scot_WS_2026","Westport_2026","Surf_scot_WS_2026","CC_NCC_Seabird_242","",2011-01-01,0.0612244897959184,0.0612244897959184,0.0612244897959184,TRUE,53,"incl2026",1998
"Surf_scot_WS_2026","Westport_2026","Surf_scot_WS_2026","CC_NCC_Seabird_242","",2012-01-01,0.209302325581395,0.209302325581395,0.209302325581395,TRUE,53,"incl2026",1998
"Surf_scot_WS_2026","Westport_2026","Surf_scot_WS_2026","CC_NCC_Seabird_242","",2013-01-01,0.0909090909090909,0.0909090909090909,0.0909090909090909,TRUE,53,"incl2026",1998
"Surf_scot_WS_2026","Westport_2026","Surf_scot_WS_2026","CC_NCC_Seabird_242","",2014-01-01,0.106382978723404,0.106382978723404,0.106382978723404,TRUE,53,"incl2026",1998
"Surf_scot_WS_2026","Westport_2026","Surf_scot_WS_2026","CC_NCC_Seabird_242","",2015-01-01,0.203389830508475,0.203389830508475,0.203389830508475,TRUE,53,"incl2026",1998
"Surf_scot_WS_2026","Westport_2026","Surf_scot_WS_2026","CC_NCC_Seabird_242","",2016-01-01,0.111111111111111,0.111111111111111,0.111111111111111,TRUE,53,"incl2026",1998
"Surf_scot_WS_2026","Westport_2026","Surf_scot_WS_2026","CC_NCC_Seabird_242","",2017-01-01,0.0819672131147541,0.0819672131147541,0.0819672131147541,TRUE,53,"incl2026",1998
"Surf_scot_WS_2026","Westport_2026","Surf_scot_WS_2026","CC_NCC_Seabird_242","",2018-01-01,0.224137931034483,0.224137931034483,0.224137931034483,TRUE,53,"incl2026",1998
"Surf_scot_WS_2026","Westport_2026","Surf_scot_WS_2026","CC_NCC_Seabird_242","",2019-01-01,0.317073170731707,0.317073170731707,0.317073170731707,TRUE,53,"incl2026",1998
"Surf_scot_WS_2026","Westport_2026","Surf_scot_WS_2026","CC_NCC_Seabird_242","",2020-01-01,0,0,0,TRUE,53,"incl2026",1998
"Surf_scot_WS_2026","Westport_2026","Surf_scot_WS_2026","CC_NCC_Seabird_242","",2021-01-01,0.174603174603175,0.174603174603175,0.174603174603175,TRUE,53,"incl2026",1998
"Surfsmelt - NCC","CCIEA","surfSmelt_NCC","CC_NCC_fish_53","prey",1998-01-01,0.117647058823529,0.117647058823529,0.117647058823529,TRUE,120,"incl2026",1998
"Surfsmelt - NCC","CCIEA","surfSmelt_NCC","CC_NCC_fish_53","prey",1999-01-01,0,0,0,TRUE,120,"incl2026",1998
"Surfsmelt - NCC","CCIEA","surfSmelt_NCC","CC_NCC_fish_53","prey",2000-01-01,0.0769230769230769,0.0769230769230769,0.0769230769230769,TRUE,120,"incl2026",1998
"Surfsmelt - NCC","CCIEA","surfSmelt_NCC","CC_NCC_fish_53","prey",2001-01-01,0.0540540540540541,0.0540540540540541,0.0540540540540541,TRUE,120,"incl2026",1998
"Surfsmelt - NCC","CCIEA","surfSmelt_NCC","CC_NCC_fish_53","prey",2002-01-01,0.176470588235294,0.176470588235294,0.176470588235294,TRUE,120,"incl2026",1998
"Surfsmelt - NCC","CCIEA","surfSmelt_NCC","CC_NCC_fish_53","prey",2003-01-01,0.263157894736842,0.263157894736842,0.263157894736842,TRUE,120,"incl2026",1998
"Surfsmelt - NCC","CCIEA","surfSmelt_NCC","CC_NCC_fish_53","prey",2004-01-01,0.179487179487179,0.179487179487179,0.179487179487179,TRUE,120,"incl2026",1998
"Surfsmelt - NCC","CCIEA","surfSmelt_NCC","CC_NCC_fish_53","prey",2005-01-01,0.151515151515152,0.151515151515152,0.151515151515152,TRUE,120,"incl2026",1998
"Surfsmelt - NCC","CCIEA","surfSmelt_NCC","CC_NCC_fish_53","prey",2006-01-01,0,0,0,TRUE,120,"incl2026",1998
"Surfsmelt - NCC","CCIEA","surfSmelt_NCC","CC_NCC_fish_53","prey",2007-01-01,0.0454545454545455,0.0454545454545455,0.0454545454545455,TRUE,120,"incl2026",1998
"Surfsmelt - NCC","CCIEA","surfSmelt_NCC","CC_NCC_fish_53","prey",2008-01-01,0,0,0,TRUE,120,"incl2026",1998
"Surfsmelt - NCC","CCIEA","surfSmelt_NCC","CC_NCC_fish_53","prey",2009-01-01,0.0222222222222222,0.0222222222222222,0.0222222222222222,TRUE,120,"incl2026",1998
"Surfsmelt - NCC","CCIEA","surfSmelt_NCC","CC_NCC_fish_53","prey",2010-01-01,0.155555555555556,0.155555555555556,0.155555555555556,TRUE,120,"incl2026",1998
"Surfsmelt - NCC","CCIEA","surfSmelt_NCC","CC_NCC_fish_53","prey",2011-01-01,0.0681818181818182,0.0681818181818182,0.0681818181818182,TRUE,120,"incl2026",1998
"Surfsmelt - NCC","CCIEA","surfSmelt_NCC","CC_NCC_fish_53","prey",2012-01-01,0.0227272727272727,0.0227272727272727,0.0227272727272727,TRUE,120,"incl2026",1998
"Surfsmelt - NCC","CCIEA","surfSmelt_NCC","CC_NCC_fish_53","prey",2013-01-01,0.0888888888888889,0.0888888888888889,0.0888888888888889,TRUE,120,"incl2026",1998
"Surfsmelt - NCC","CCIEA","surfSmelt_NCC","CC_NCC_fish_53","prey",2014-01-01,0.0465116279069767,0.0465116279069767,0.0465116279069767,TRUE,120,"incl2026",1998
"Surfsmelt - NCC","CCIEA","surfSmelt_NCC","CC_NCC_fish_53","prey",2015-01-01,0.1,0.1,0.1,TRUE,120,"incl2026",1998
"Surfsmelt - NCC","CCIEA","surfSmelt_NCC","CC_NCC_fish_53","prey",2016-01-01,0.024390243902439,0.024390243902439,0.024390243902439,TRUE,120,"incl2026",1998
"Surfsmelt - NCC","CCIEA","surfSmelt_NCC","CC_NCC_fish_53","prey",2017-01-01,0,0,0,TRUE,120,"incl2026",1998
"Surfsmelt - NCC","CCIEA","surfSmelt_NCC","CC_NCC_fish_53","prey",2018-01-01,0.0238095238095238,0.0238095238095238,0.0238095238095238,TRUE,120,"incl2026",1998
"Surfsmelt - NCC","CCIEA","surfSmelt_NCC","CC_NCC_fish_53","prey",2019-01-01,0.0714285714285714,0.0714285714285714,0.0714285714285714,TRUE,120,"incl2026",1998
"Surfsmelt - NCC","CCIEA","surfSmelt_NCC","CC_NCC_fish_53","prey",2020-01-01,0.0454545454545455,0.0454545454545455,0.0454545454545455,TRUE,120,"incl2026",1998
"Surfsmelt - NCC","CCIEA","surfSmelt_NCC","CC_NCC_fish_53","prey",2021-01-01,0,0,0,TRUE,120,"incl2026",1998
"Thayer_s_gull_WS_2026","Westport_2026","Thayer_s_gull_WS_2026","CC_NCC_Seabird_279","",1998-01-01,0,0,0,TRUE,121,"incl2026",1998
"Thayer_s_gull_WS_2026","Westport_2026","Thayer_s_gull_WS_2026","CC_NCC_Seabird_279","",1999-01-01,0,0,0,TRUE,121,"incl2026",1998
"Thayer_s_gull_WS_2026","Westport_2026","Thayer_s_gull_WS_2026","CC_NCC_Seabird_279","",2000-01-01,0,0,0,TRUE,121,"incl2026",1998
"Thayer_s_gull_WS_2026","Westport_2026","Thayer_s_gull_WS_2026","CC_NCC_Seabird_279","",2001-01-01,0,0,0,TRUE,121,"incl2026",1998
"Thayer_s_gull_WS_2026","Westport_2026","Thayer_s_gull_WS_2026","CC_NCC_Seabird_279","",2002-01-01,0.0161290322580645,0.0161290322580645,0.0161290322580645,TRUE,121,"incl2026",1998
"Thayer_s_gull_WS_2026","Westport_2026","Thayer_s_gull_WS_2026","CC_NCC_Seabird_279","",2003-01-01,0,0,0,TRUE,121,"incl2026",1998
"Thayer_s_gull_WS_2026","Westport_2026","Thayer_s_gull_WS_2026","CC_NCC_Seabird_279","",2004-01-01,0,0,0,TRUE,121,"incl2026",1998
"Thayer_s_gull_WS_2026","Westport_2026","Thayer_s_gull_WS_2026","CC_NCC_Seabird_279","",2005-01-01,0,0,0,TRUE,121,"incl2026",1998
"Thayer_s_gull_WS_2026","Westport_2026","Thayer_s_gull_WS_2026","CC_NCC_Seabird_279","",2006-01-01,0,0,0,TRUE,121,"incl2026",1998
"Thayer_s_gull_WS_2026","Westport_2026","Thayer_s_gull_WS_2026","CC_NCC_Seabird_279","",2007-01-01,0.0212765957446809,0.0212765957446809,0.0212765957446809,TRUE,121,"incl2026",1998
"Thayer_s_gull_WS_2026","Westport_2026","Thayer_s_gull_WS_2026","CC_NCC_Seabird_279","",2008-01-01,0,0,0,TRUE,121,"incl2026",1998
"Thayer_s_gull_WS_2026","Westport_2026","Thayer_s_gull_WS_2026","CC_NCC_Seabird_279","",2009-01-01,NA,0,0,TRUE,121,"incl2026",1998
"Thayer_s_gull_WS_2026","Westport_2026","Thayer_s_gull_WS_2026","CC_NCC_Seabird_279","",2010-01-01,0,0,0,TRUE,121,"incl2026",1998
"Thayer_s_gull_WS_2026","Westport_2026","Thayer_s_gull_WS_2026","CC_NCC_Seabird_279","",2011-01-01,0,0,0,TRUE,121,"incl2026",1998
"Thayer_s_gull_WS_2026","Westport_2026","Thayer_s_gull_WS_2026","CC_NCC_Seabird_279","",2012-01-01,0.0697674418604651,0.0697674418604651,0.0697674418604651,TRUE,121,"incl2026",1998
"Thayer_s_gull_WS_2026","Westport_2026","Thayer_s_gull_WS_2026","CC_NCC_Seabird_279","",2013-01-01,0,0,0,TRUE,121,"incl2026",1998
"Thayer_s_gull_WS_2026","Westport_2026","Thayer_s_gull_WS_2026","CC_NCC_Seabird_279","",2014-01-01,0,0,0,TRUE,121,"incl2026",1998
"Thayer_s_gull_WS_2026","Westport_2026","Thayer_s_gull_WS_2026","CC_NCC_Seabird_279","",2015-01-01,0,0,0,TRUE,121,"incl2026",1998
"Thayer_s_gull_WS_2026","Westport_2026","Thayer_s_gull_WS_2026","CC_NCC_Seabird_279","",2016-01-01,0,0,0,TRUE,121,"incl2026",1998
"Thayer_s_gull_WS_2026","Westport_2026","Thayer_s_gull_WS_2026","CC_NCC_Seabird_279","",2017-01-01,0,0,0,TRUE,121,"incl2026",1998
"Thayer_s_gull_WS_2026","Westport_2026","Thayer_s_gull_WS_2026","CC_NCC_Seabird_279","",2018-01-01,0,0,0,TRUE,121,"incl2026",1998
"Thayer_s_gull_WS_2026","Westport_2026","Thayer_s_gull_WS_2026","CC_NCC_Seabird_279","",2019-01-01,0,0,0,TRUE,121,"incl2026",1998
"Thayer_s_gull_WS_2026","Westport_2026","Thayer_s_gull_WS_2026","CC_NCC_Seabird_279","",2020-01-01,0,0,0,TRUE,121,"incl2026",1998
"Thayer_s_gull_WS_2026","Westport_2026","Thayer_s_gull_WS_2026","CC_NCC_Seabird_279","",2021-01-01,0,0,0,TRUE,121,"incl2026",1998
"Tspin_adult_density","NHL_2026","Tspin_NHL_2026","CC_NCC_plank_211","",1998-01-01,NA,NA,NA,TRUE,122,"incl2026",1998
"Tspin_adult_density","NHL_2026","Tspin_NHL_2026","CC_NCC_plank_211","",1999-01-01,NA,NA,NA,TRUE,122,"incl2026",1998
"Tspin_adult_density","NHL_2026","Tspin_NHL_2026","CC_NCC_plank_211","",2000-01-01,NA,NA,NA,TRUE,122,"incl2026",1998
"Tspin_adult_density","NHL_2026","Tspin_NHL_2026","CC_NCC_plank_211","",2001-01-01,-4.22568794667984,-4.22568794667984,-4.22568794667984,TRUE,122,"incl2026",1998
"Tspin_adult_density","NHL_2026","Tspin_NHL_2026","CC_NCC_plank_211","",2002-01-01,-4.24178059692373,-4.24178059692373,-4.24178059692373,TRUE,122,"incl2026",1998
"Tspin_adult_density","NHL_2026","Tspin_NHL_2026","CC_NCC_plank_211","",2003-01-01,-4.09511386269338,-4.09511386269338,-4.09511386269338,TRUE,122,"incl2026",1998
"Tspin_adult_density","NHL_2026","Tspin_NHL_2026","CC_NCC_plank_211","",2004-01-01,-5.20659609748261,-5.20659609748261,-5.20659609748261,TRUE,122,"incl2026",1998
"Tspin_adult_density","NHL_2026","Tspin_NHL_2026","CC_NCC_plank_211","",2005-01-01,-5.29831736654804,-5.29831736654804,-5.29831736654804,TRUE,122,"incl2026",1998
"Tspin_adult_density","NHL_2026","Tspin_NHL_2026","CC_NCC_plank_211","",2006-01-01,-4.56285190096699,-4.56285190096699,-4.56285190096699,TRUE,122,"incl2026",1998
"Tspin_adult_density","NHL_2026","Tspin_NHL_2026","CC_NCC_plank_211","",2007-01-01,-4.60264991826988,-4.60264991826988,-4.60264991826988,TRUE,122,"incl2026",1998
"Tspin_adult_density","NHL_2026","Tspin_NHL_2026","CC_NCC_plank_211","",2008-01-01,-4.68585323449286,-4.68585323449286,-4.68585323449286,TRUE,122,"incl2026",1998
"Tspin_adult_density","NHL_2026","Tspin_NHL_2026","CC_NCC_plank_211","",2009-01-01,-4.57867370896183,-4.57867370896183,-4.57867370896183,TRUE,122,"incl2026",1998
"Tspin_adult_density","NHL_2026","Tspin_NHL_2026","CC_NCC_plank_211","",2010-01-01,-4.92974364361373,-4.92974364361373,-4.92974364361373,TRUE,122,"incl2026",1998
"Tspin_adult_density","NHL_2026","Tspin_NHL_2026","CC_NCC_plank_211","",2011-01-01,-4.82668142290929,-4.82668142290929,-4.82668142290929,TRUE,122,"incl2026",1998
"Tspin_adult_density","NHL_2026","Tspin_NHL_2026","CC_NCC_plank_211","",2012-01-01,-4.28909102602472,-4.28909102602472,-4.28909102602472,TRUE,122,"incl2026",1998
"Tspin_adult_density","NHL_2026","Tspin_NHL_2026","CC_NCC_plank_211","",2013-01-01,-3.92964112682512,-3.92964112682512,-3.92964112682512,TRUE,122,"incl2026",1998
"Tspin_adult_density","NHL_2026","Tspin_NHL_2026","CC_NCC_plank_211","",2014-01-01,-3.93853721382607,-3.93853721382607,-3.93853721382607,TRUE,122,"incl2026",1998
"Tspin_adult_density","NHL_2026","Tspin_NHL_2026","CC_NCC_plank_211","",2015-01-01,-5.29831736654804,-5.29831736654804,-5.29831736654804,TRUE,122,"incl2026",1998
"Tspin_adult_density","NHL_2026","Tspin_NHL_2026","CC_NCC_plank_211","",2016-01-01,-4.96475767401774,-4.96475767401774,-4.96475767401774,TRUE,122,"incl2026",1998
"Tspin_adult_density","NHL_2026","Tspin_NHL_2026","CC_NCC_plank_211","",2017-01-01,-5.29831736654804,-5.29831736654804,-5.29831736654804,TRUE,122,"incl2026",1998
"Tspin_adult_density","NHL_2026","Tspin_NHL_2026","CC_NCC_plank_211","",2018-01-01,-4.11675080451796,-4.11675080451796,-4.11675080451796,TRUE,122,"incl2026",1998
"Tspin_adult_density","NHL_2026","Tspin_NHL_2026","CC_NCC_plank_211","",2019-01-01,-4.08311255772641,-4.08311255772641,-4.08311255772641,TRUE,122,"incl2026",1998
"Tspin_adult_density","NHL_2026","Tspin_NHL_2026","CC_NCC_plank_211","",2020-01-01,-3.5407707024654,-3.5407707024654,-3.5407707024654,TRUE,122,"incl2026",1998
"Tspin_adult_density","NHL_2026","Tspin_NHL_2026","CC_NCC_plank_211","",2021-01-01,-2.26983378871043,-2.26983378871043,-2.26983378871043,TRUE,122,"incl2026",1998
"Tufted_puff_WS_2026","Westport_2026","Tufted_puff_WS_2026","CC_NCC_Seabird_261","",1998-01-01,0,0,0,TRUE,123,"incl2026",1998
"Tufted_puff_WS_2026","Westport_2026","Tufted_puff_WS_2026","CC_NCC_Seabird_261","",1999-01-01,0.0555555555555556,0.0555555555555556,0.0555555555555556,TRUE,123,"incl2026",1998
"Tufted_puff_WS_2026","Westport_2026","Tufted_puff_WS_2026","CC_NCC_Seabird_261","",2000-01-01,0.0666666666666667,0.0666666666666667,0.0666666666666667,TRUE,123,"incl2026",1998
"Tufted_puff_WS_2026","Westport_2026","Tufted_puff_WS_2026","CC_NCC_Seabird_261","",2001-01-01,0.0851063829787234,0.0851063829787234,0.0851063829787234,TRUE,123,"incl2026",1998
"Tufted_puff_WS_2026","Westport_2026","Tufted_puff_WS_2026","CC_NCC_Seabird_261","",2002-01-01,0.161290322580645,0.161290322580645,0.161290322580645,TRUE,123,"incl2026",1998
"Tufted_puff_WS_2026","Westport_2026","Tufted_puff_WS_2026","CC_NCC_Seabird_261","",2003-01-01,0.15625,0.15625,0.15625,TRUE,123,"incl2026",1998
"Tufted_puff_WS_2026","Westport_2026","Tufted_puff_WS_2026","CC_NCC_Seabird_261","",2004-01-01,0.0638297872340425,0.0638297872340425,0.0638297872340425,TRUE,123,"incl2026",1998
"Tufted_puff_WS_2026","Westport_2026","Tufted_puff_WS_2026","CC_NCC_Seabird_261","",2005-01-01,0.176470588235294,0.176470588235294,0.176470588235294,TRUE,123,"incl2026",1998
"Tufted_puff_WS_2026","Westport_2026","Tufted_puff_WS_2026","CC_NCC_Seabird_261","",2006-01-01,0.148148148148148,0.148148148148148,0.148148148148148,TRUE,123,"incl2026",1998
"Tufted_puff_WS_2026","Westport_2026","Tufted_puff_WS_2026","CC_NCC_Seabird_261","",2007-01-01,0.0851063829787234,0.0851063829787234,0.0851063829787234,TRUE,123,"incl2026",1998
"Tufted_puff_WS_2026","Westport_2026","Tufted_puff_WS_2026","CC_NCC_Seabird_261","",2008-01-01,0.0465116279069767,0.0465116279069767,0.0465116279069767,TRUE,123,"incl2026",1998
"Tufted_puff_WS_2026","Westport_2026","Tufted_puff_WS_2026","CC_NCC_Seabird_261","",2009-01-01,NA,0.0637963544940289,0.0637963544940289,TRUE,123,"incl2026",1998
"Tufted_puff_WS_2026","Westport_2026","Tufted_puff_WS_2026","CC_NCC_Seabird_261","",2010-01-01,0.0810810810810811,0.0810810810810811,0.0810810810810811,TRUE,123,"incl2026",1998
"Tufted_puff_WS_2026","Westport_2026","Tufted_puff_WS_2026","CC_NCC_Seabird_261","",2011-01-01,0.0816326530612245,0.0816326530612245,0.0816326530612245,TRUE,123,"incl2026",1998
"Tufted_puff_WS_2026","Westport_2026","Tufted_puff_WS_2026","CC_NCC_Seabird_261","",2012-01-01,0.0232558139534884,0.0232558139534884,0.0232558139534884,TRUE,123,"incl2026",1998
"Tufted_puff_WS_2026","Westport_2026","Tufted_puff_WS_2026","CC_NCC_Seabird_261","",2013-01-01,0.0681818181818182,0.0681818181818182,0.0681818181818182,TRUE,123,"incl2026",1998
"Tufted_puff_WS_2026","Westport_2026","Tufted_puff_WS_2026","CC_NCC_Seabird_261","",2014-01-01,0.0212765957446809,0.0212765957446809,0.0212765957446809,TRUE,123,"incl2026",1998
"Tufted_puff_WS_2026","Westport_2026","Tufted_puff_WS_2026","CC_NCC_Seabird_261","",2015-01-01,0.0508474576271186,0.0508474576271186,0.0508474576271186,TRUE,123,"incl2026",1998
"Tufted_puff_WS_2026","Westport_2026","Tufted_puff_WS_2026","CC_NCC_Seabird_261","",2016-01-01,0.0634920634920635,0.0634920634920635,0.0634920634920635,TRUE,123,"incl2026",1998
"Tufted_puff_WS_2026","Westport_2026","Tufted_puff_WS_2026","CC_NCC_Seabird_261","",2017-01-01,0.0491803278688525,0.0491803278688525,0.0491803278688525,TRUE,123,"incl2026",1998
"Tufted_puff_WS_2026","Westport_2026","Tufted_puff_WS_2026","CC_NCC_Seabird_261","",2018-01-01,0.0172413793103448,0.0172413793103448,0.0172413793103448,TRUE,123,"incl2026",1998
"Tufted_puff_WS_2026","Westport_2026","Tufted_puff_WS_2026","CC_NCC_Seabird_261","",2019-01-01,0.0731707317073171,0.0731707317073171,0.0731707317073171,TRUE,123,"incl2026",1998
"Tufted_puff_WS_2026","Westport_2026","Tufted_puff_WS_2026","CC_NCC_Seabird_261","",2020-01-01,0.0625,0.0625,0.0625,TRUE,123,"incl2026",1998
"Tufted_puff_WS_2026","Westport_2026","Tufted_puff_WS_2026","CC_NCC_Seabird_261","",2021-01-01,0.0952380952380952,0.0952380952380952,0.0952380952380952,TRUE,123,"incl2026",1998
"WGOA_DFA_lowerTrophic_2026","WGOA_DFA_2026","WGOA_DFA_lowerTrophic_2026","AK_WGoA_lower_288","",1998-01-01,-0.265458376499295,-0.265458376499295,-0.265458376499295,TRUE,124,"incl2026",1998
"WGOA_DFA_lowerTrophic_2026","WGOA_DFA_2026","WGOA_DFA_lowerTrophic_2026","AK_WGoA_lower_288","",1999-01-01,0.185709917940733,0.185709917940733,0.185709917940733,TRUE,124,"incl2026",1998
"WGOA_DFA_lowerTrophic_2026","WGOA_DFA_2026","WGOA_DFA_lowerTrophic_2026","AK_WGoA_lower_288","",2000-01-01,1.10226302356341,1.10226302356341,1.10226302356341,TRUE,124,"incl2026",1998
"WGOA_DFA_lowerTrophic_2026","WGOA_DFA_2026","WGOA_DFA_lowerTrophic_2026","AK_WGoA_lower_288","",2001-01-01,0.163785672699806,0.163785672699806,0.163785672699806,TRUE,124,"incl2026",1998
"WGOA_DFA_lowerTrophic_2026","WGOA_DFA_2026","WGOA_DFA_lowerTrophic_2026","AK_WGoA_lower_288","",2002-01-01,0.0838695376282931,0.0838695376282931,0.0838695376282931,TRUE,124,"incl2026",1998
"WGOA_DFA_lowerTrophic_2026","WGOA_DFA_2026","WGOA_DFA_lowerTrophic_2026","AK_WGoA_lower_288","",2003-01-01,-0.662908379692226,-0.662908379692226,-0.662908379692226,TRUE,124,"incl2026",1998
"WGOA_DFA_lowerTrophic_2026","WGOA_DFA_2026","WGOA_DFA_lowerTrophic_2026","AK_WGoA_lower_288","",2004-01-01,0.308073098412473,0.308073098412473,0.308073098412473,TRUE,124,"incl2026",1998
"WGOA_DFA_lowerTrophic_2026","WGOA_DFA_2026","WGOA_DFA_lowerTrophic_2026","AK_WGoA_lower_288","",2005-01-01,0.319629471518535,0.319629471518535,0.319629471518535,TRUE,124,"incl2026",1998
"WGOA_DFA_lowerTrophic_2026","WGOA_DFA_2026","WGOA_DFA_lowerTrophic_2026","AK_WGoA_lower_288","",2006-01-01,1.03572032223549,1.03572032223549,1.03572032223549,TRUE,124,"incl2026",1998
"WGOA_DFA_lowerTrophic_2026","WGOA_DFA_2026","WGOA_DFA_lowerTrophic_2026","AK_WGoA_lower_288","",2007-01-01,1.23297765980788,1.23297765980788,1.23297765980788,TRUE,124,"incl2026",1998
"WGOA_DFA_lowerTrophic_2026","WGOA_DFA_2026","WGOA_DFA_lowerTrophic_2026","AK_WGoA_lower_288","",2008-01-01,0.131430986987344,0.131430986987344,0.131430986987344,TRUE,124,"incl2026",1998
"WGOA_DFA_lowerTrophic_2026","WGOA_DFA_2026","WGOA_DFA_lowerTrophic_2026","AK_WGoA_lower_288","",2009-01-01,-0.451884650559553,-0.451884650559553,-0.451884650559553,TRUE,124,"incl2026",1998
"WGOA_DFA_lowerTrophic_2026","WGOA_DFA_2026","WGOA_DFA_lowerTrophic_2026","AK_WGoA_lower_288","",2010-01-01,-0.646581893062094,-0.646581893062094,-0.646581893062094,TRUE,124,"incl2026",1998
"WGOA_DFA_lowerTrophic_2026","WGOA_DFA_2026","WGOA_DFA_lowerTrophic_2026","AK_WGoA_lower_288","",2011-01-01,-0.632956754093659,-0.632956754093659,-0.632956754093659,TRUE,124,"incl2026",1998
"WGOA_DFA_lowerTrophic_2026","WGOA_DFA_2026","WGOA_DFA_lowerTrophic_2026","AK_WGoA_lower_288","",2012-01-01,0.0573465739272507,0.0573465739272507,0.0573465739272507,TRUE,124,"incl2026",1998
"WGOA_DFA_lowerTrophic_2026","WGOA_DFA_2026","WGOA_DFA_lowerTrophic_2026","AK_WGoA_lower_288","",2013-01-01,0.735645779213773,0.735645779213773,0.735645779213773,TRUE,124,"incl2026",1998
"WGOA_DFA_lowerTrophic_2026","WGOA_DFA_2026","WGOA_DFA_lowerTrophic_2026","AK_WGoA_lower_288","",2014-01-01,-0.071213479007963,-0.071213479007963,-0.071213479007963,TRUE,124,"incl2026",1998
"WGOA_DFA_lowerTrophic_2026","WGOA_DFA_2026","WGOA_DFA_lowerTrophic_2026","AK_WGoA_lower_288","",2015-01-01,-1.36295591025484,-1.36295591025484,-1.36295591025484,TRUE,124,"incl2026",1998
"WGOA_DFA_lowerTrophic_2026","WGOA_DFA_2026","WGOA_DFA_lowerTrophic_2026","AK_WGoA_lower_288","",2016-01-01,-0.849807984164657,-0.849807984164657,-0.849807984164657,TRUE,124,"incl2026",1998
"WGOA_DFA_lowerTrophic_2026","WGOA_DFA_2026","WGOA_DFA_lowerTrophic_2026","AK_WGoA_lower_288","",2017-01-01,-0.880784995530679,-0.880784995530679,-0.880784995530679,TRUE,124,"incl2026",1998
"WGOA_DFA_lowerTrophic_2026","WGOA_DFA_2026","WGOA_DFA_lowerTrophic_2026","AK_WGoA_lower_288","",2018-01-01,-1.43152595059318,-1.43152595059318,-1.43152595059318,TRUE,124,"incl2026",1998
"WGOA_DFA_lowerTrophic_2026","WGOA_DFA_2026","WGOA_DFA_lowerTrophic_2026","AK_WGoA_lower_288","",2019-01-01,-1.73565927831548,-1.73565927831548,-1.73565927831548,TRUE,124,"incl2026",1998
"WGOA_DFA_lowerTrophic_2026","WGOA_DFA_2026","WGOA_DFA_lowerTrophic_2026","AK_WGoA_lower_288","",2020-01-01,-2.07130895295071,-2.07130895295071,-2.07130895295071,TRUE,124,"incl2026",1998
"WGOA_DFA_lowerTrophic_2026","WGOA_DFA_2026","WGOA_DFA_lowerTrophic_2026","AK_WGoA_lower_288","",2021-01-01,-2.10914054842391,-2.10914054842391,-2.10914054842391,TRUE,124,"incl2026",1998
"WGOA_DFA_midTrophic_2026","WGOA_DFA_2026","WGOA_DFA_midTrophic_2026","AK_WGoA_mid_289","",1998-01-01,-1.35191535479667,-1.35191535479667,-1.35191535479667,TRUE,66,"incl2026",1998
"WGOA_DFA_midTrophic_2026","WGOA_DFA_2026","WGOA_DFA_midTrophic_2026","AK_WGoA_mid_289","",1999-01-01,-1.59331438379353,-1.59331438379353,-1.59331438379353,TRUE,66,"incl2026",1998
"WGOA_DFA_midTrophic_2026","WGOA_DFA_2026","WGOA_DFA_midTrophic_2026","AK_WGoA_mid_289","",2000-01-01,-1.68761338076067,-1.68761338076067,-1.68761338076067,TRUE,66,"incl2026",1998
"WGOA_DFA_midTrophic_2026","WGOA_DFA_2026","WGOA_DFA_midTrophic_2026","AK_WGoA_mid_289","",2001-01-01,-1.62726125434249,-1.62726125434249,-1.62726125434249,TRUE,66,"incl2026",1998
"WGOA_DFA_midTrophic_2026","WGOA_DFA_2026","WGOA_DFA_midTrophic_2026","AK_WGoA_mid_289","",2002-01-01,-1.86139146009076,-1.86139146009076,-1.86139146009076,TRUE,66,"incl2026",1998
"WGOA_DFA_midTrophic_2026","WGOA_DFA_2026","WGOA_DFA_midTrophic_2026","AK_WGoA_mid_289","",2003-01-01,-1.84389544896729,-1.84389544896729,-1.84389544896729,TRUE,66,"incl2026",1998
"WGOA_DFA_midTrophic_2026","WGOA_DFA_2026","WGOA_DFA_midTrophic_2026","AK_WGoA_mid_289","",2004-01-01,-1.62912028630417,-1.62912028630417,-1.62912028630417,TRUE,66,"incl2026",1998
"WGOA_DFA_midTrophic_2026","WGOA_DFA_2026","WGOA_DFA_midTrophic_2026","AK_WGoA_mid_289","",2005-01-01,-1.68012183259312,-1.68012183259312,-1.68012183259312,TRUE,66,"incl2026",1998
"WGOA_DFA_midTrophic_2026","WGOA_DFA_2026","WGOA_DFA_midTrophic_2026","AK_WGoA_mid_289","",2006-01-01,-2.03497104540578,-2.03497104540578,-2.03497104540578,TRUE,66,"incl2026",1998
"WGOA_DFA_midTrophic_2026","WGOA_DFA_2026","WGOA_DFA_midTrophic_2026","AK_WGoA_mid_289","",2007-01-01,-2.46761793681918,-2.46761793681918,-2.46761793681918,TRUE,66,"incl2026",1998
"WGOA_DFA_midTrophic_2026","WGOA_DFA_2026","WGOA_DFA_midTrophic_2026","AK_WGoA_mid_289","",2008-01-01,-2.27900968011314,-2.27900968011314,-2.27900968011314,TRUE,66,"incl2026",1998
"WGOA_DFA_midTrophic_2026","WGOA_DFA_2026","WGOA_DFA_midTrophic_2026","AK_WGoA_mid_289","",2009-01-01,-1.77315851780379,-1.77315851780379,-1.77315851780379,TRUE,66,"incl2026",1998
"WGOA_DFA_midTrophic_2026","WGOA_DFA_2026","WGOA_DFA_midTrophic_2026","AK_WGoA_mid_289","",2010-01-01,-1.18446992968469,-1.18446992968469,-1.18446992968469,TRUE,66,"incl2026",1998
"WGOA_DFA_midTrophic_2026","WGOA_DFA_2026","WGOA_DFA_midTrophic_2026","AK_WGoA_mid_289","",2011-01-01,-1.04287736862567,-1.04287736862567,-1.04287736862567,TRUE,66,"incl2026",1998
"WGOA_DFA_midTrophic_2026","WGOA_DFA_2026","WGOA_DFA_midTrophic_2026","AK_WGoA_mid_289","",2012-01-01,-0.846008677539639,-0.846008677539639,-0.846008677539639,TRUE,66,"incl2026",1998
"WGOA_DFA_midTrophic_2026","WGOA_DFA_2026","WGOA_DFA_midTrophic_2026","AK_WGoA_mid_289","",2013-01-01,-0.883078409685553,-0.883078409685553,-0.883078409685553,TRUE,66,"incl2026",1998
"WGOA_DFA_midTrophic_2026","WGOA_DFA_2026","WGOA_DFA_midTrophic_2026","AK_WGoA_mid_289","",2014-01-01,-0.659645579157567,-0.659645579157567,-0.659645579157567,TRUE,66,"incl2026",1998
"WGOA_DFA_midTrophic_2026","WGOA_DFA_2026","WGOA_DFA_midTrophic_2026","AK_WGoA_mid_289","",2015-01-01,-0.155911567592148,-0.155911567592148,-0.155911567592148,TRUE,66,"incl2026",1998
"WGOA_DFA_midTrophic_2026","WGOA_DFA_2026","WGOA_DFA_midTrophic_2026","AK_WGoA_mid_289","",2016-01-01,0.500055083964849,0.500055083964849,0.500055083964849,TRUE,66,"incl2026",1998
"WGOA_DFA_midTrophic_2026","WGOA_DFA_2026","WGOA_DFA_midTrophic_2026","AK_WGoA_mid_289","",2017-01-01,0.700801995609627,0.700801995609627,0.700801995609627,TRUE,66,"incl2026",1998
"WGOA_DFA_midTrophic_2026","WGOA_DFA_2026","WGOA_DFA_midTrophic_2026","AK_WGoA_mid_289","",2018-01-01,1.29409792786308,1.29409792786308,1.29409792786308,TRUE,66,"incl2026",1998
"WGOA_DFA_midTrophic_2026","WGOA_DFA_2026","WGOA_DFA_midTrophic_2026","AK_WGoA_mid_289","",2019-01-01,1.57131101326652,1.57131101326652,1.57131101326652,TRUE,66,"incl2026",1998
"WGOA_DFA_midTrophic_2026","WGOA_DFA_2026","WGOA_DFA_midTrophic_2026","AK_WGoA_mid_289","",2020-01-01,1.45886818603001,1.45886818603001,1.45886818603001,TRUE,66,"incl2026",1998
"WGOA_DFA_midTrophic_2026","WGOA_DFA_2026","WGOA_DFA_midTrophic_2026","AK_WGoA_mid_289","",2021-01-01,0.985524406533646,0.985524406533646,0.985524406533646,TRUE,66,"incl2026",1998
"WGOA_DFA_seabirds_2026","WGOA_DFA_2026","WGOA_DFA_seabirds_2026","AK_WGoA_Seabird_290","",1998-01-01,-1.08867055006845,-1.08867055006845,-1.08867055006845,TRUE,125,"incl2026",1998
"WGOA_DFA_seabirds_2026","WGOA_DFA_2026","WGOA_DFA_seabirds_2026","AK_WGoA_Seabird_290","",1999-01-01,-0.278425571238642,-0.278425571238642,-0.278425571238642,TRUE,125,"incl2026",1998
"WGOA_DFA_seabirds_2026","WGOA_DFA_2026","WGOA_DFA_seabirds_2026","AK_WGoA_Seabird_290","",2000-01-01,0.898742711830298,0.898742711830298,0.898742711830298,TRUE,125,"incl2026",1998
"WGOA_DFA_seabirds_2026","WGOA_DFA_2026","WGOA_DFA_seabirds_2026","AK_WGoA_Seabird_290","",2001-01-01,1.84041650497881,1.84041650497881,1.84041650497881,TRUE,125,"incl2026",1998
"WGOA_DFA_seabirds_2026","WGOA_DFA_2026","WGOA_DFA_seabirds_2026","AK_WGoA_Seabird_290","",2002-01-01,2.32109056611772,2.32109056611772,2.32109056611772,TRUE,125,"incl2026",1998
"WGOA_DFA_seabirds_2026","WGOA_DFA_2026","WGOA_DFA_seabirds_2026","AK_WGoA_Seabird_290","",2003-01-01,1.30459791645275,1.30459791645275,1.30459791645275,TRUE,125,"incl2026",1998
"WGOA_DFA_seabirds_2026","WGOA_DFA_2026","WGOA_DFA_seabirds_2026","AK_WGoA_Seabird_290","",2004-01-01,0.0565856466535091,0.0565856466535091,0.0565856466535091,TRUE,125,"incl2026",1998
"WGOA_DFA_seabirds_2026","WGOA_DFA_2026","WGOA_DFA_seabirds_2026","AK_WGoA_Seabird_290","",2005-01-01,0.217100108679434,0.217100108679434,0.217100108679434,TRUE,125,"incl2026",1998
"WGOA_DFA_seabirds_2026","WGOA_DFA_2026","WGOA_DFA_seabirds_2026","AK_WGoA_Seabird_290","",2006-01-01,-0.267914209051731,-0.267914209051731,-0.267914209051731,TRUE,125,"incl2026",1998
"WGOA_DFA_seabirds_2026","WGOA_DFA_2026","WGOA_DFA_seabirds_2026","AK_WGoA_Seabird_290","",2007-01-01,-1.50138170447343,-1.50138170447343,-1.50138170447343,TRUE,125,"incl2026",1998
"WGOA_DFA_seabirds_2026","WGOA_DFA_2026","WGOA_DFA_seabirds_2026","AK_WGoA_Seabird_290","",2008-01-01,-0.919327765315557,-0.919327765315557,-0.919327765315557,TRUE,125,"incl2026",1998
"WGOA_DFA_seabirds_2026","WGOA_DFA_2026","WGOA_DFA_seabirds_2026","AK_WGoA_Seabird_290","",2009-01-01,-0.670783751803265,-0.670783751803265,-0.670783751803265,TRUE,125,"incl2026",1998
"WGOA_DFA_seabirds_2026","WGOA_DFA_2026","WGOA_DFA_seabirds_2026","AK_WGoA_Seabird_290","",2010-01-01,-0.815903313566233,-0.815903313566233,-0.815903313566233,TRUE,125,"incl2026",1998
"WGOA_DFA_seabirds_2026","WGOA_DFA_2026","WGOA_DFA_seabirds_2026","AK_WGoA_Seabird_290","",2011-01-01,-1.56964260056267,-1.56964260056267,-1.56964260056267,TRUE,125,"incl2026",1998
"WGOA_DFA_seabirds_2026","WGOA_DFA_2026","WGOA_DFA_seabirds_2026","AK_WGoA_Seabird_290","",2012-01-01,-0.769279033703644,-0.769279033703644,-0.769279033703644,TRUE,125,"incl2026",1998
"WGOA_DFA_seabirds_2026","WGOA_DFA_2026","WGOA_DFA_seabirds_2026","AK_WGoA_Seabird_290","",2013-01-01,-0.712167031070192,-0.712167031070192,-0.712167031070192,TRUE,125,"incl2026",1998
"WGOA_DFA_seabirds_2026","WGOA_DFA_2026","WGOA_DFA_seabirds_2026","AK_WGoA_Seabird_290","",2014-01-01,0.451599180475165,0.451599180475165,0.451599180475165,TRUE,125,"incl2026",1998
"WGOA_DFA_seabirds_2026","WGOA_DFA_2026","WGOA_DFA_seabirds_2026","AK_WGoA_Seabird_290","",2015-01-01,-0.701961290427496,-0.701961290427496,-0.701961290427496,TRUE,125,"incl2026",1998
"WGOA_DFA_seabirds_2026","WGOA_DFA_2026","WGOA_DFA_seabirds_2026","AK_WGoA_Seabird_290","",2016-01-01,0.32676776550601,0.32676776550601,0.32676776550601,TRUE,125,"incl2026",1998
"WGOA_DFA_seabirds_2026","WGOA_DFA_2026","WGOA_DFA_seabirds_2026","AK_WGoA_Seabird_290","",2017-01-01,-0.255177109955678,-0.255177109955678,-0.255177109955678,TRUE,125,"incl2026",1998
"WGOA_DFA_seabirds_2026","WGOA_DFA_2026","WGOA_DFA_seabirds_2026","AK_WGoA_Seabird_290","",2018-01-01,0.970787279380697,0.970787279380697,0.970787279380697,TRUE,125,"incl2026",1998
"WGOA_DFA_seabirds_2026","WGOA_DFA_2026","WGOA_DFA_seabirds_2026","AK_WGoA_Seabird_290","",2019-01-01,1.23022446444226,1.23022446444226,1.23022446444226,TRUE,125,"incl2026",1998
"WGOA_DFA_seabirds_2026","WGOA_DFA_2026","WGOA_DFA_seabirds_2026","AK_WGoA_Seabird_290","",2020-01-01,0.829882930020765,0.829882930020765,0.829882930020765,TRUE,125,"incl2026",1998
"WGOA_DFA_seabirds_2026","WGOA_DFA_2026","WGOA_DFA_seabirds_2026","AK_WGoA_Seabird_290","",2021-01-01,1.23196136090773,1.23196136090773,1.23196136090773,TRUE,125,"incl2026",1998
"Water.jelly__2025","data_2025","WaterJelly__2025","CC_NCC_cnid_163","",1998-01-01,0,0,0,TRUE,126,"incl2026",1998
"Water.jelly__2025","data_2025","WaterJelly__2025","CC_NCC_cnid_163","",1999-01-01,96.0939906829832,96.0939906829832,96.0939906829832,TRUE,126,"incl2026",1998
"Water.jelly__2025","data_2025","WaterJelly__2025","CC_NCC_cnid_163","",2000-01-01,41.7062794140672,41.7062794140672,41.7062794140672,TRUE,126,"incl2026",1998
"Water.jelly__2025","data_2025","WaterJelly__2025","CC_NCC_cnid_163","",2001-01-01,2.22333238968139,2.22333238968139,2.22333238968139,TRUE,126,"incl2026",1998
"Water.jelly__2025","data_2025","WaterJelly__2025","CC_NCC_cnid_163","",2002-01-01,20.504158416718,20.504158416718,20.504158416718,TRUE,126,"incl2026",1998
"Water.jelly__2025","data_2025","WaterJelly__2025","CC_NCC_cnid_163","",2003-01-01,5.5386637423738,5.5386637423738,5.5386637423738,TRUE,126,"incl2026",1998
"Water.jelly__2025","data_2025","WaterJelly__2025","CC_NCC_cnid_163","",2004-01-01,8.68353386526547,8.68353386526547,8.68353386526547,TRUE,126,"incl2026",1998
"Water.jelly__2025","data_2025","WaterJelly__2025","CC_NCC_cnid_163","",2005-01-01,0.512795187304537,0.512795187304537,0.512795187304537,TRUE,126,"incl2026",1998
"Water.jelly__2025","data_2025","WaterJelly__2025","CC_NCC_cnid_163","",2006-01-01,36.9719748761029,36.9719748761029,36.9719748761029,TRUE,126,"incl2026",1998
"Water.jelly__2025","data_2025","WaterJelly__2025","CC_NCC_cnid_163","",2007-01-01,0.631682518517769,0.631682518517769,0.631682518517769,TRUE,126,"incl2026",1998
"Water.jelly__2025","data_2025","WaterJelly__2025","CC_NCC_cnid_163","",2008-01-01,5.56329469281386,5.56329469281386,5.56329469281386,TRUE,126,"incl2026",1998
"Water.jelly__2025","data_2025","WaterJelly__2025","CC_NCC_cnid_163","",2009-01-01,14.665809054707,14.665809054707,14.665809054707,TRUE,126,"incl2026",1998
"Water.jelly__2025","data_2025","WaterJelly__2025","CC_NCC_cnid_163","",2010-01-01,2.08219919774303,2.08219919774303,2.08219919774303,TRUE,126,"incl2026",1998
"Water.jelly__2025","data_2025","WaterJelly__2025","CC_NCC_cnid_163","",2011-01-01,2.37746125163293,2.37746125163293,2.37746125163293,TRUE,126,"incl2026",1998
"Water.jelly__2025","data_2025","WaterJelly__2025","CC_NCC_cnid_163","",2012-01-01,36.6318479896005,36.6318479896005,36.6318479896005,TRUE,126,"incl2026",1998
"Water.jelly__2025","data_2025","WaterJelly__2025","CC_NCC_cnid_163","",2013-01-01,1.29156788478202,1.29156788478202,1.29156788478202,TRUE,126,"incl2026",1998
"Water.jelly__2025","data_2025","WaterJelly__2025","CC_NCC_cnid_163","",2014-01-01,22.9482591502901,22.9482591502901,22.9482591502901,TRUE,126,"incl2026",1998
"Water.jelly__2025","data_2025","WaterJelly__2025","CC_NCC_cnid_163","",2015-01-01,546.324434055966,546.324434055966,546.324434055966,TRUE,126,"incl2026",1998
"Water.jelly__2025","data_2025","WaterJelly__2025","CC_NCC_cnid_163","",2016-01-01,187.458089911462,187.458089911462,187.458089911462,TRUE,126,"incl2026",1998
"Water.jelly__2025","data_2025","WaterJelly__2025","CC_NCC_cnid_163","",2017-01-01,7.26086816804745,7.26086816804745,7.26086816804745,TRUE,126,"incl2026",1998
"Water.jelly__2025","data_2025","WaterJelly__2025","CC_NCC_cnid_163","",2018-01-01,57.857479789467,57.857479789467,57.857479789467,TRUE,126,"incl2026",1998
"Water.jelly__2025","data_2025","WaterJelly__2025","CC_NCC_cnid_163","",2019-01-01,15.7785007300437,15.7785007300437,15.7785007300437,TRUE,126,"incl2026",1998
"Water.jelly__2025","data_2025","WaterJelly__2025","CC_NCC_cnid_163","",2020-01-01,24.2715285997347,24.2715285997347,24.2715285997347,TRUE,126,"incl2026",1998
"Water.jelly__2025","data_2025","WaterJelly__2025","CC_NCC_cnid_163","",2021-01-01,130.900270079098,130.900270079098,130.900270079098,TRUE,126,"incl2026",1998
"Western_grebe_WS_2026","Westport_2026","Western_grebe_WS_2026","CC_NCC_Seabird_265","",1998-01-01,0,0,0,TRUE,127,"incl2026",1998
"Western_grebe_WS_2026","Westport_2026","Western_grebe_WS_2026","CC_NCC_Seabird_265","",1999-01-01,0.111111111111111,0.111111111111111,0.111111111111111,TRUE,127,"incl2026",1998
"Western_grebe_WS_2026","Westport_2026","Western_grebe_WS_2026","CC_NCC_Seabird_265","",2000-01-01,0,0,0,TRUE,127,"incl2026",1998
"Western_grebe_WS_2026","Westport_2026","Western_grebe_WS_2026","CC_NCC_Seabird_265","",2001-01-01,0.0212765957446809,0.0212765957446809,0.0212765957446809,TRUE,127,"incl2026",1998
"Western_grebe_WS_2026","Westport_2026","Western_grebe_WS_2026","CC_NCC_Seabird_265","",2002-01-01,0.0645161290322581,0.0645161290322581,0.0645161290322581,TRUE,127,"incl2026",1998
"Western_grebe_WS_2026","Westport_2026","Western_grebe_WS_2026","CC_NCC_Seabird_265","",2003-01-01,0.03125,0.03125,0.03125,TRUE,127,"incl2026",1998
"Western_grebe_WS_2026","Westport_2026","Western_grebe_WS_2026","CC_NCC_Seabird_265","",2004-01-01,0.0425531914893617,0.0425531914893617,0.0425531914893617,TRUE,127,"incl2026",1998
"Western_grebe_WS_2026","Westport_2026","Western_grebe_WS_2026","CC_NCC_Seabird_265","",2005-01-01,0,0,0,TRUE,127,"incl2026",1998
"Western_grebe_WS_2026","Westport_2026","Western_grebe_WS_2026","CC_NCC_Seabird_265","",2006-01-01,0,0,0,TRUE,127,"incl2026",1998
"Western_grebe_WS_2026","Westport_2026","Western_grebe_WS_2026","CC_NCC_Seabird_265","",2007-01-01,0,0,0,TRUE,127,"incl2026",1998
"Western_grebe_WS_2026","Westport_2026","Western_grebe_WS_2026","CC_NCC_Seabird_265","",2008-01-01,0.0465116279069767,0.0465116279069767,0.0465116279069767,TRUE,127,"incl2026",1998
"Western_grebe_WS_2026","Westport_2026","Western_grebe_WS_2026","CC_NCC_Seabird_265","",2009-01-01,NA,0.0232558139534884,0.0232558139534884,TRUE,127,"incl2026",1998
"Western_grebe_WS_2026","Westport_2026","Western_grebe_WS_2026","CC_NCC_Seabird_265","",2010-01-01,0,0,0,TRUE,127,"incl2026",1998
"Western_grebe_WS_2026","Westport_2026","Western_grebe_WS_2026","CC_NCC_Seabird_265","",2011-01-01,0,0,0,TRUE,127,"incl2026",1998
"Western_grebe_WS_2026","Westport_2026","Western_grebe_WS_2026","CC_NCC_Seabird_265","",2012-01-01,0,0,0,TRUE,127,"incl2026",1998
"Western_grebe_WS_2026","Westport_2026","Western_grebe_WS_2026","CC_NCC_Seabird_265","",2013-01-01,0,0,0,TRUE,127,"incl2026",1998
"Western_grebe_WS_2026","Westport_2026","Western_grebe_WS_2026","CC_NCC_Seabird_265","",2014-01-01,0,0,0,TRUE,127,"incl2026",1998
"Western_grebe_WS_2026","Westport_2026","Western_grebe_WS_2026","CC_NCC_Seabird_265","",2015-01-01,0.0508474576271186,0.0508474576271186,0.0508474576271186,TRUE,127,"incl2026",1998
"Western_grebe_WS_2026","Westport_2026","Western_grebe_WS_2026","CC_NCC_Seabird_265","",2016-01-01,0,0,0,TRUE,127,"incl2026",1998
"Western_grebe_WS_2026","Westport_2026","Western_grebe_WS_2026","CC_NCC_Seabird_265","",2017-01-01,0.0163934426229508,0.0163934426229508,0.0163934426229508,TRUE,127,"incl2026",1998
"Western_grebe_WS_2026","Westport_2026","Western_grebe_WS_2026","CC_NCC_Seabird_265","",2018-01-01,0.0689655172413793,0.0689655172413793,0.0689655172413793,TRUE,127,"incl2026",1998
"Western_grebe_WS_2026","Westport_2026","Western_grebe_WS_2026","CC_NCC_Seabird_265","",2019-01-01,0.0731707317073171,0.0731707317073171,0.0731707317073171,TRUE,127,"incl2026",1998
"Western_grebe_WS_2026","Westport_2026","Western_grebe_WS_2026","CC_NCC_Seabird_265","",2020-01-01,0,0,0,TRUE,127,"incl2026",1998
"Western_grebe_WS_2026","Westport_2026","Western_grebe_WS_2026","CC_NCC_Seabird_265","",2021-01-01,0.0634920634920635,0.0634920634920635,0.0634920634920635,TRUE,127,"incl2026",1998
"White_winged_scot_WS_2026","Westport_2026","White_winged_scot_WS_2026","CC_NCC_Seabird_244","",1998-01-01,0,0,0,TRUE,128,"incl2026",1998
"White_winged_scot_WS_2026","Westport_2026","White_winged_scot_WS_2026","CC_NCC_Seabird_244","",1999-01-01,0,0,0,TRUE,128,"incl2026",1998
"White_winged_scot_WS_2026","Westport_2026","White_winged_scot_WS_2026","CC_NCC_Seabird_244","",2000-01-01,0.1,0.1,0.1,TRUE,128,"incl2026",1998
"White_winged_scot_WS_2026","Westport_2026","White_winged_scot_WS_2026","CC_NCC_Seabird_244","",2001-01-01,0.0638297872340425,0.0638297872340425,0.0638297872340425,TRUE,128,"incl2026",1998
"White_winged_scot_WS_2026","Westport_2026","White_winged_scot_WS_2026","CC_NCC_Seabird_244","",2002-01-01,0.129032258064516,0.129032258064516,0.129032258064516,TRUE,128,"incl2026",1998
"White_winged_scot_WS_2026","Westport_2026","White_winged_scot_WS_2026","CC_NCC_Seabird_244","",2003-01-01,0.0625,0.0625,0.0625,TRUE,128,"incl2026",1998
"White_winged_scot_WS_2026","Westport_2026","White_winged_scot_WS_2026","CC_NCC_Seabird_244","",2004-01-01,0.0851063829787234,0.0851063829787234,0.0851063829787234,TRUE,128,"incl2026",1998
"White_winged_scot_WS_2026","Westport_2026","White_winged_scot_WS_2026","CC_NCC_Seabird_244","",2005-01-01,0,0,0,TRUE,128,"incl2026",1998
"White_winged_scot_WS_2026","Westport_2026","White_winged_scot_WS_2026","CC_NCC_Seabird_244","",2006-01-01,0.0925925925925926,0.0925925925925926,0.0925925925925926,TRUE,128,"incl2026",1998
"White_winged_scot_WS_2026","Westport_2026","White_winged_scot_WS_2026","CC_NCC_Seabird_244","",2007-01-01,0.106382978723404,0.106382978723404,0.106382978723404,TRUE,128,"incl2026",1998
"White_winged_scot_WS_2026","Westport_2026","White_winged_scot_WS_2026","CC_NCC_Seabird_244","",2008-01-01,0.209302325581395,0.209302325581395,0.209302325581395,TRUE,128,"incl2026",1998
"White_winged_scot_WS_2026","Westport_2026","White_winged_scot_WS_2026","CC_NCC_Seabird_244","",2009-01-01,NA,0.145191703331238,0.145191703331238,TRUE,128,"incl2026",1998
"White_winged_scot_WS_2026","Westport_2026","White_winged_scot_WS_2026","CC_NCC_Seabird_244","",2010-01-01,0.0810810810810811,0.0810810810810811,0.0810810810810811,TRUE,128,"incl2026",1998
"White_winged_scot_WS_2026","Westport_2026","White_winged_scot_WS_2026","CC_NCC_Seabird_244","",2011-01-01,0.122448979591837,0.122448979591837,0.122448979591837,TRUE,128,"incl2026",1998
"White_winged_scot_WS_2026","Westport_2026","White_winged_scot_WS_2026","CC_NCC_Seabird_244","",2012-01-01,0.0930232558139535,0.0930232558139535,0.0930232558139535,TRUE,128,"incl2026",1998
"White_winged_scot_WS_2026","Westport_2026","White_winged_scot_WS_2026","CC_NCC_Seabird_244","",2013-01-01,0.0454545454545455,0.0454545454545455,0.0454545454545455,TRUE,128,"incl2026",1998
"White_winged_scot_WS_2026","Westport_2026","White_winged_scot_WS_2026","CC_NCC_Seabird_244","",2014-01-01,0.127659574468085,0.127659574468085,0.127659574468085,TRUE,128,"incl2026",1998
"White_winged_scot_WS_2026","Westport_2026","White_winged_scot_WS_2026","CC_NCC_Seabird_244","",2015-01-01,0.135593220338983,0.135593220338983,0.135593220338983,TRUE,128,"incl2026",1998
"White_winged_scot_WS_2026","Westport_2026","White_winged_scot_WS_2026","CC_NCC_Seabird_244","",2016-01-01,0.0476190476190476,0.0476190476190476,0.0476190476190476,TRUE,128,"incl2026",1998
"White_winged_scot_WS_2026","Westport_2026","White_winged_scot_WS_2026","CC_NCC_Seabird_244","",2017-01-01,0.114754098360656,0.114754098360656,0.114754098360656,TRUE,128,"incl2026",1998
"White_winged_scot_WS_2026","Westport_2026","White_winged_scot_WS_2026","CC_NCC_Seabird_244","",2018-01-01,0.120689655172414,0.120689655172414,0.120689655172414,TRUE,128,"incl2026",1998
"White_winged_scot_WS_2026","Westport_2026","White_winged_scot_WS_2026","CC_NCC_Seabird_244","",2019-01-01,0.146341463414634,0.146341463414634,0.146341463414634,TRUE,128,"incl2026",1998
"White_winged_scot_WS_2026","Westport_2026","White_winged_scot_WS_2026","CC_NCC_Seabird_244","",2020-01-01,0,0,0,TRUE,128,"incl2026",1998
"White_winged_scot_WS_2026","Westport_2026","White_winged_scot_WS_2026","CC_NCC_Seabird_244","",2021-01-01,0.0952380952380952,0.0952380952380952,0.0952380952380952,TRUE,128,"incl2026",1998
"Whitebait smelt - NCC","CCIEA","whiteBaitSmelt_NCC","CC_NCC_fish_54","prey",1998-01-01,0.176470588235294,0.176470588235294,0.176470588235294,TRUE,129,"incl2026",1998
"Whitebait smelt - NCC","CCIEA","whiteBaitSmelt_NCC","CC_NCC_fish_54","prey",1999-01-01,0,0,0,TRUE,129,"incl2026",1998
"Whitebait smelt - NCC","CCIEA","whiteBaitSmelt_NCC","CC_NCC_fish_54","prey",2000-01-01,0,0,0,TRUE,129,"incl2026",1998
"Whitebait smelt - NCC","CCIEA","whiteBaitSmelt_NCC","CC_NCC_fish_54","prey",2001-01-01,0.027027027027027,0.027027027027027,0.027027027027027,TRUE,129,"incl2026",1998
"Whitebait smelt - NCC","CCIEA","whiteBaitSmelt_NCC","CC_NCC_fish_54","prey",2002-01-01,0,0,0,TRUE,129,"incl2026",1998
"Whitebait smelt - NCC","CCIEA","whiteBaitSmelt_NCC","CC_NCC_fish_54","prey",2003-01-01,0.0526315789473684,0.0526315789473684,0.0526315789473684,TRUE,129,"incl2026",1998
"Whitebait smelt - NCC","CCIEA","whiteBaitSmelt_NCC","CC_NCC_fish_54","prey",2004-01-01,0.0256410256410256,0.0256410256410256,0.0256410256410256,TRUE,129,"incl2026",1998
"Whitebait smelt - NCC","CCIEA","whiteBaitSmelt_NCC","CC_NCC_fish_54","prey",2005-01-01,0.0303030303030303,0.0303030303030303,0.0303030303030303,TRUE,129,"incl2026",1998
"Whitebait smelt - NCC","CCIEA","whiteBaitSmelt_NCC","CC_NCC_fish_54","prey",2006-01-01,0,0,0,TRUE,129,"incl2026",1998
"Whitebait smelt - NCC","CCIEA","whiteBaitSmelt_NCC","CC_NCC_fish_54","prey",2007-01-01,0.0454545454545455,0.0454545454545455,0.0454545454545455,TRUE,129,"incl2026",1998
"Whitebait smelt - NCC","CCIEA","whiteBaitSmelt_NCC","CC_NCC_fish_54","prey",2008-01-01,0,0,0,TRUE,129,"incl2026",1998
"Whitebait smelt - NCC","CCIEA","whiteBaitSmelt_NCC","CC_NCC_fish_54","prey",2009-01-01,0.0222222222222222,0.0222222222222222,0.0222222222222222,TRUE,129,"incl2026",1998
"Whitebait smelt - NCC","CCIEA","whiteBaitSmelt_NCC","CC_NCC_fish_54","prey",2010-01-01,0.0222222222222222,0.0222222222222222,0.0222222222222222,TRUE,129,"incl2026",1998
"Whitebait smelt - NCC","CCIEA","whiteBaitSmelt_NCC","CC_NCC_fish_54","prey",2011-01-01,0.0454545454545455,0.0454545454545455,0.0454545454545455,TRUE,129,"incl2026",1998
"Whitebait smelt - NCC","CCIEA","whiteBaitSmelt_NCC","CC_NCC_fish_54","prey",2012-01-01,0.0681818181818182,0.0681818181818182,0.0681818181818182,TRUE,129,"incl2026",1998
"Whitebait smelt - NCC","CCIEA","whiteBaitSmelt_NCC","CC_NCC_fish_54","prey",2013-01-01,0.0222222222222222,0.0222222222222222,0.0222222222222222,TRUE,129,"incl2026",1998
"Whitebait smelt - NCC","CCIEA","whiteBaitSmelt_NCC","CC_NCC_fish_54","prey",2014-01-01,0,0,0,TRUE,129,"incl2026",1998
"Whitebait smelt - NCC","CCIEA","whiteBaitSmelt_NCC","CC_NCC_fish_54","prey",2015-01-01,0.075,0.075,0.075,TRUE,129,"incl2026",1998
"Whitebait smelt - NCC","CCIEA","whiteBaitSmelt_NCC","CC_NCC_fish_54","prey",2016-01-01,0.024390243902439,0.024390243902439,0.024390243902439,TRUE,129,"incl2026",1998
"Whitebait smelt - NCC","CCIEA","whiteBaitSmelt_NCC","CC_NCC_fish_54","prey",2017-01-01,0,0,0,TRUE,129,"incl2026",1998
"Whitebait smelt - NCC","CCIEA","whiteBaitSmelt_NCC","CC_NCC_fish_54","prey",2018-01-01,0.0238095238095238,0.0238095238095238,0.0238095238095238,TRUE,129,"incl2026",1998
"Whitebait smelt - NCC","CCIEA","whiteBaitSmelt_NCC","CC_NCC_fish_54","prey",2019-01-01,0.0714285714285714,0.0714285714285714,0.0714285714285714,TRUE,129,"incl2026",1998
"Whitebait smelt - NCC","CCIEA","whiteBaitSmelt_NCC","CC_NCC_fish_54","prey",2020-01-01,0.0681818181818182,0.0681818181818182,0.0681818181818182,TRUE,129,"incl2026",1998
"Whitebait smelt - NCC","CCIEA","whiteBaitSmelt_NCC","CC_NCC_fish_54","prey",2021-01-01,0.0238095238095238,0.0238095238095238,0.0238095238095238,TRUE,129,"incl2026",1998
"YH Common murre diet - Flatfish - NoCC","CCIEA","comMurreDietFlat_Yaquina_NCC","CC_NCC_fish_34","prey",1998-01-01,NA,NA,NA,TRUE,44,"incl2026",1998
"YH Common murre diet - Flatfish - NoCC","CCIEA","comMurreDietFlat_Yaquina_NCC","CC_NCC_fish_34","prey",1999-01-01,NA,NA,NA,TRUE,44,"incl2026",1998
"YH Common murre diet - Flatfish - NoCC","CCIEA","comMurreDietFlat_Yaquina_NCC","CC_NCC_fish_34","prey",2000-01-01,NA,NA,NA,TRUE,44,"incl2026",1998
"YH Common murre diet - Flatfish - NoCC","CCIEA","comMurreDietFlat_Yaquina_NCC","CC_NCC_fish_34","prey",2001-01-01,NA,NA,NA,TRUE,44,"incl2026",1998
"YH Common murre diet - Flatfish - NoCC","CCIEA","comMurreDietFlat_Yaquina_NCC","CC_NCC_fish_34","prey",2002-01-01,NA,NA,NA,TRUE,44,"incl2026",1998
"YH Common murre diet - Flatfish - NoCC","CCIEA","comMurreDietFlat_Yaquina_NCC","CC_NCC_fish_34","prey",2003-01-01,NA,NA,NA,TRUE,44,"incl2026",1998
"YH Common murre diet - Flatfish - NoCC","CCIEA","comMurreDietFlat_Yaquina_NCC","CC_NCC_fish_34","prey",2004-01-01,NA,NA,NA,TRUE,44,"incl2026",1998
"YH Common murre diet - Flatfish - NoCC","CCIEA","comMurreDietFlat_Yaquina_NCC","CC_NCC_fish_34","prey",2005-01-01,NA,NA,NA,TRUE,44,"incl2026",1998
"YH Common murre diet - Flatfish - NoCC","CCIEA","comMurreDietFlat_Yaquina_NCC","CC_NCC_fish_34","prey",2006-01-01,NA,NA,NA,TRUE,44,"incl2026",1998
"YH Common murre diet - Flatfish - NoCC","CCIEA","comMurreDietFlat_Yaquina_NCC","CC_NCC_fish_34","prey",2007-01-01,NA,NA,NA,TRUE,44,"incl2026",1998
"YH Common murre diet - Flatfish - NoCC","CCIEA","comMurreDietFlat_Yaquina_NCC","CC_NCC_fish_34","prey",2008-01-01,0.145,0.145,0.145,TRUE,44,"incl2026",1998
"YH Common murre diet - Flatfish - NoCC","CCIEA","comMurreDietFlat_Yaquina_NCC","CC_NCC_fish_34","prey",2009-01-01,0.06,0.06,0.06,TRUE,44,"incl2026",1998
"YH Common murre diet - Flatfish - NoCC","CCIEA","comMurreDietFlat_Yaquina_NCC","CC_NCC_fish_34","prey",2010-01-01,0.094,0.094,0.094,TRUE,44,"incl2026",1998
"YH Common murre diet - Flatfish - NoCC","CCIEA","comMurreDietFlat_Yaquina_NCC","CC_NCC_fish_34","prey",2011-01-01,NA,0.0913333333333333,0.0913333333333333,TRUE,44,"incl2026",1998
"YH Common murre diet - Flatfish - NoCC","CCIEA","comMurreDietFlat_Yaquina_NCC","CC_NCC_fish_34","prey",2012-01-01,NA,0.0886666666666667,0.0886666666666667,TRUE,44,"incl2026",1998
"YH Common murre diet - Flatfish - NoCC","CCIEA","comMurreDietFlat_Yaquina_NCC","CC_NCC_fish_34","prey",2013-01-01,0.086,0.086,0.086,TRUE,44,"incl2026",1998
"YH Common murre diet - Flatfish - NoCC","CCIEA","comMurreDietFlat_Yaquina_NCC","CC_NCC_fish_34","prey",2014-01-01,NA,0.043,0.043,TRUE,44,"incl2026",1998
"YH Common murre diet - Flatfish - NoCC","CCIEA","comMurreDietFlat_Yaquina_NCC","CC_NCC_fish_34","prey",2015-01-01,0,0,0,TRUE,44,"incl2026",1998
"YH Common murre diet - Flatfish - NoCC","CCIEA","comMurreDietFlat_Yaquina_NCC","CC_NCC_fish_34","prey",2016-01-01,0.107,0.107,0.107,TRUE,44,"incl2026",1998
"YH Common murre diet - Flatfish - NoCC","CCIEA","comMurreDietFlat_Yaquina_NCC","CC_NCC_fish_34","prey",2017-01-01,0.049,0.049,0.049,TRUE,44,"incl2026",1998
"YH Common murre diet - Flatfish - NoCC","CCIEA","comMurreDietFlat_Yaquina_NCC","CC_NCC_fish_34","prey",2018-01-01,0.293,0.293,0.293,TRUE,44,"incl2026",1998
"YH Common murre diet - Flatfish - NoCC","CCIEA","comMurreDietFlat_Yaquina_NCC","CC_NCC_fish_34","prey",2019-01-01,0.59,0.59,0.59,TRUE,44,"incl2026",1998
"YH Common murre diet - Flatfish - NoCC","CCIEA","comMurreDietFlat_Yaquina_NCC","CC_NCC_fish_34","prey",2020-01-01,NA,0.357,0.357,TRUE,44,"incl2026",1998
"YH Common murre diet - Flatfish - NoCC","CCIEA","comMurreDietFlat_Yaquina_NCC","CC_NCC_fish_34","prey",2021-01-01,0.124,0.124,0.124,TRUE,44,"incl2026",1998
"YH Common murre diet - Herring/Sardines - NoCC","CCIEA","comMurreDietHerrSard_Yaquina_NCC","CC_NCC_fish_35","prey",1998-01-01,0.5714,0.5714,0.5714,TRUE,130,"incl2026",1998
"YH Common murre diet - Herring/Sardines - NoCC","CCIEA","comMurreDietHerrSard_Yaquina_NCC","CC_NCC_fish_35","prey",1999-01-01,0.1398,0.1398,0.1398,TRUE,130,"incl2026",1998
"YH Common murre diet - Herring/Sardines - NoCC","CCIEA","comMurreDietHerrSard_Yaquina_NCC","CC_NCC_fish_35","prey",2000-01-01,0.0255,0.0255,0.0255,TRUE,130,"incl2026",1998
"YH Common murre diet - Herring/Sardines - NoCC","CCIEA","comMurreDietHerrSard_Yaquina_NCC","CC_NCC_fish_35","prey",2001-01-01,0.1347,0.1347,0.1347,TRUE,130,"incl2026",1998
"YH Common murre diet - Herring/Sardines - NoCC","CCIEA","comMurreDietHerrSard_Yaquina_NCC","CC_NCC_fish_35","prey",2002-01-01,0.2227,0.2227,0.2227,TRUE,130,"incl2026",1998
"YH Common murre diet - Herring/Sardines - NoCC","CCIEA","comMurreDietHerrSard_Yaquina_NCC","CC_NCC_fish_35","prey",2003-01-01,NA,0.26704,0.26704,TRUE,130,"incl2026",1998
"YH Common murre diet - Herring/Sardines - NoCC","CCIEA","comMurreDietHerrSard_Yaquina_NCC","CC_NCC_fish_35","prey",2004-01-01,NA,0.31138,0.31138,TRUE,130,"incl2026",1998
"YH Common murre diet - Herring/Sardines - NoCC","CCIEA","comMurreDietHerrSard_Yaquina_NCC","CC_NCC_fish_35","prey",2005-01-01,NA,0.35572,0.35572,TRUE,130,"incl2026",1998
"YH Common murre diet - Herring/Sardines - NoCC","CCIEA","comMurreDietHerrSard_Yaquina_NCC","CC_NCC_fish_35","prey",2006-01-01,NA,0.40006,0.40006,TRUE,130,"incl2026",1998
"YH Common murre diet - Herring/Sardines - NoCC","CCIEA","comMurreDietHerrSard_Yaquina_NCC","CC_NCC_fish_35","prey",2007-01-01,0.4444,0.4444,0.4444,TRUE,130,"incl2026",1998
"YH Common murre diet - Herring/Sardines - NoCC","CCIEA","comMurreDietHerrSard_Yaquina_NCC","CC_NCC_fish_35","prey",2008-01-01,0.0548,0.0548,0.0548,TRUE,130,"incl2026",1998
"YH Common murre diet - Herring/Sardines - NoCC","CCIEA","comMurreDietHerrSard_Yaquina_NCC","CC_NCC_fish_35","prey",2009-01-01,0.2991,0.2991,0.2991,TRUE,130,"incl2026",1998
"YH Common murre diet - Herring/Sardines - NoCC","CCIEA","comMurreDietHerrSard_Yaquina_NCC","CC_NCC_fish_35","prey",2010-01-01,0.0701,0.0701,0.0701,TRUE,130,"incl2026",1998
"YH Common murre diet - Herring/Sardines - NoCC","CCIEA","comMurreDietHerrSard_Yaquina_NCC","CC_NCC_fish_35","prey",2011-01-01,0.127,0.127,0.127,TRUE,130,"incl2026",1998
"YH Common murre diet - Herring/Sardines - NoCC","CCIEA","comMurreDietHerrSard_Yaquina_NCC","CC_NCC_fish_35","prey",2012-01-01,0.1232,0.1232,0.1232,TRUE,130,"incl2026",1998
"YH Common murre diet - Herring/Sardines - NoCC","CCIEA","comMurreDietHerrSard_Yaquina_NCC","CC_NCC_fish_35","prey",2013-01-01,0.2,0.2,0.2,TRUE,130,"incl2026",1998
"YH Common murre diet - Herring/Sardines - NoCC","CCIEA","comMurreDietHerrSard_Yaquina_NCC","CC_NCC_fish_35","prey",2014-01-01,0.082,0.082,0.082,TRUE,130,"incl2026",1998
"YH Common murre diet - Herring/Sardines - NoCC","CCIEA","comMurreDietHerrSard_Yaquina_NCC","CC_NCC_fish_35","prey",2015-01-01,0.2917,0.2917,0.2917,TRUE,130,"incl2026",1998
"YH Common murre diet - Herring/Sardines - NoCC","CCIEA","comMurreDietHerrSard_Yaquina_NCC","CC_NCC_fish_35","prey",2016-01-01,0.0259,0.0259,0.0259,TRUE,130,"incl2026",1998
"YH Common murre diet - Herring/Sardines - NoCC","CCIEA","comMurreDietHerrSard_Yaquina_NCC","CC_NCC_fish_35","prey",2017-01-01,0.0233,0.0233,0.0233,TRUE,130,"incl2026",1998
"YH Common murre diet - Herring/Sardines - NoCC","CCIEA","comMurreDietHerrSard_Yaquina_NCC","CC_NCC_fish_35","prey",2018-01-01,0.1,0.1,0.1,TRUE,130,"incl2026",1998
"YH Common murre diet - Herring/Sardines - NoCC","CCIEA","comMurreDietHerrSard_Yaquina_NCC","CC_NCC_fish_35","prey",2019-01-01,0.065,0.065,0.065,TRUE,130,"incl2026",1998
"YH Common murre diet - Herring/Sardines - NoCC","CCIEA","comMurreDietHerrSard_Yaquina_NCC","CC_NCC_fish_35","prey",2020-01-01,0.099,0.099,0.099,TRUE,130,"incl2026",1998
"YH Common murre diet - Herring/Sardines - NoCC","CCIEA","comMurreDietHerrSard_Yaquina_NCC","CC_NCC_fish_35","prey",2021-01-01,0.091,0.091,0.091,TRUE,130,"incl2026",1998
"YH Common murre diet - Rockfish - NoCC","CCIEA","comMurreDietRock_Yaquina_NCC","CC_NCC_fish_36","prey",1998-01-01,0,0,0,TRUE,31,"incl2026",1998
"YH Common murre diet - Rockfish - NoCC","CCIEA","comMurreDietRock_Yaquina_NCC","CC_NCC_fish_36","prey",1999-01-01,0.001,0.001,0.001,TRUE,31,"incl2026",1998
"YH Common murre diet - Rockfish - NoCC","CCIEA","comMurreDietRock_Yaquina_NCC","CC_NCC_fish_36","prey",2000-01-01,0.0038,0.0038,0.0038,TRUE,31,"incl2026",1998
"YH Common murre diet - Rockfish - NoCC","CCIEA","comMurreDietRock_Yaquina_NCC","CC_NCC_fish_36","prey",2001-01-01,0.004,0.004,0.004,TRUE,31,"incl2026",1998
"YH Common murre diet - Rockfish - NoCC","CCIEA","comMurreDietRock_Yaquina_NCC","CC_NCC_fish_36","prey",2002-01-01,0.0033,0.0033,0.0033,TRUE,31,"incl2026",1998
"YH Common murre diet - Rockfish - NoCC","CCIEA","comMurreDietRock_Yaquina_NCC","CC_NCC_fish_36","prey",2003-01-01,NA,0.00264,0.00264,TRUE,31,"incl2026",1998
"YH Common murre diet - Rockfish - NoCC","CCIEA","comMurreDietRock_Yaquina_NCC","CC_NCC_fish_36","prey",2004-01-01,NA,0.00198,0.00198,TRUE,31,"incl2026",1998
"YH Common murre diet - Rockfish - NoCC","CCIEA","comMurreDietRock_Yaquina_NCC","CC_NCC_fish_36","prey",2005-01-01,NA,0.00132,0.00132,TRUE,31,"incl2026",1998
"YH Common murre diet - Rockfish - NoCC","CCIEA","comMurreDietRock_Yaquina_NCC","CC_NCC_fish_36","prey",2006-01-01,NA,0.00066,0.00066,TRUE,31,"incl2026",1998
"YH Common murre diet - Rockfish - NoCC","CCIEA","comMurreDietRock_Yaquina_NCC","CC_NCC_fish_36","prey",2007-01-01,0,0,0,TRUE,31,"incl2026",1998
"YH Common murre diet - Rockfish - NoCC","CCIEA","comMurreDietRock_Yaquina_NCC","CC_NCC_fish_36","prey",2008-01-01,0.1301,0.1301,0.1301,TRUE,31,"incl2026",1998
"YH Common murre diet - Rockfish - NoCC","CCIEA","comMurreDietRock_Yaquina_NCC","CC_NCC_fish_36","prey",2009-01-01,0,0,0,TRUE,31,"incl2026",1998
"YH Common murre diet - Rockfish - NoCC","CCIEA","comMurreDietRock_Yaquina_NCC","CC_NCC_fish_36","prey",2010-01-01,0.1265,0.1265,0.1265,TRUE,31,"incl2026",1998
"YH Common murre diet - Rockfish - NoCC","CCIEA","comMurreDietRock_Yaquina_NCC","CC_NCC_fish_36","prey",2011-01-01,0.0098,0.0098,0.0098,TRUE,31,"incl2026",1998
"YH Common murre diet - Rockfish - NoCC","CCIEA","comMurreDietRock_Yaquina_NCC","CC_NCC_fish_36","prey",2012-01-01,0,0,0,TRUE,31,"incl2026",1998
"YH Common murre diet - Rockfish - NoCC","CCIEA","comMurreDietRock_Yaquina_NCC","CC_NCC_fish_36","prey",2013-01-01,0.0231,0.0231,0.0231,TRUE,31,"incl2026",1998
"YH Common murre diet - Rockfish - NoCC","CCIEA","comMurreDietRock_Yaquina_NCC","CC_NCC_fish_36","prey",2014-01-01,0.0246,0.0246,0.0246,TRUE,31,"incl2026",1998
"YH Common murre diet - Rockfish - NoCC","CCIEA","comMurreDietRock_Yaquina_NCC","CC_NCC_fish_36","prey",2015-01-01,0,0,0,TRUE,31,"incl2026",1998
"YH Common murre diet - Rockfish - NoCC","CCIEA","comMurreDietRock_Yaquina_NCC","CC_NCC_fish_36","prey",2016-01-01,0,0,0,TRUE,31,"incl2026",1998
"YH Common murre diet - Rockfish - NoCC","CCIEA","comMurreDietRock_Yaquina_NCC","CC_NCC_fish_36","prey",2017-01-01,0,0,0,TRUE,31,"incl2026",1998
"YH Common murre diet - Rockfish - NoCC","CCIEA","comMurreDietRock_Yaquina_NCC","CC_NCC_fish_36","prey",2018-01-01,0,0,0,TRUE,31,"incl2026",1998
"YH Common murre diet - Rockfish - NoCC","CCIEA","comMurreDietRock_Yaquina_NCC","CC_NCC_fish_36","prey",2019-01-01,0.01,0.01,0.01,TRUE,31,"incl2026",1998
"YH Common murre diet - Rockfish - NoCC","CCIEA","comMurreDietRock_Yaquina_NCC","CC_NCC_fish_36","prey",2020-01-01,0,0,0,TRUE,31,"incl2026",1998
"YH Common murre diet - Rockfish - NoCC","CCIEA","comMurreDietRock_Yaquina_NCC","CC_NCC_fish_36","prey",2021-01-01,0.011,0.011,0.011,TRUE,31,"incl2026",1998
"YH Common murre diet - Sandlance - NoCC","CCIEA","comMurreDietSLance_Yaquina_NCC","CC_NCC_fish_37","prey",1998-01-01,0.1905,0.1905,0.1905,TRUE,131,"incl2026",1998
"YH Common murre diet - Sandlance - NoCC","CCIEA","comMurreDietSLance_Yaquina_NCC","CC_NCC_fish_37","prey",1999-01-01,0.3819,0.3819,0.3819,TRUE,131,"incl2026",1998
"YH Common murre diet - Sandlance - NoCC","CCIEA","comMurreDietSLance_Yaquina_NCC","CC_NCC_fish_37","prey",2000-01-01,0.2887,0.2887,0.2887,TRUE,131,"incl2026",1998
"YH Common murre diet - Sandlance - NoCC","CCIEA","comMurreDietSLance_Yaquina_NCC","CC_NCC_fish_37","prey",2001-01-01,0.4915,0.4915,0.4915,TRUE,131,"incl2026",1998
"YH Common murre diet - Sandlance - NoCC","CCIEA","comMurreDietSLance_Yaquina_NCC","CC_NCC_fish_37","prey",2002-01-01,0.3318,0.3318,0.3318,TRUE,131,"incl2026",1998
"YH Common murre diet - Sandlance - NoCC","CCIEA","comMurreDietSLance_Yaquina_NCC","CC_NCC_fish_37","prey",2003-01-01,NA,0.26544,0.26544,TRUE,131,"incl2026",1998
"YH Common murre diet - Sandlance - NoCC","CCIEA","comMurreDietSLance_Yaquina_NCC","CC_NCC_fish_37","prey",2004-01-01,NA,0.19908,0.19908,TRUE,131,"incl2026",1998
"YH Common murre diet - Sandlance - NoCC","CCIEA","comMurreDietSLance_Yaquina_NCC","CC_NCC_fish_37","prey",2005-01-01,NA,0.13272,0.13272,TRUE,131,"incl2026",1998
"YH Common murre diet - Sandlance - NoCC","CCIEA","comMurreDietSLance_Yaquina_NCC","CC_NCC_fish_37","prey",2006-01-01,NA,0.06636,0.06636,TRUE,131,"incl2026",1998
"YH Common murre diet - Sandlance - NoCC","CCIEA","comMurreDietSLance_Yaquina_NCC","CC_NCC_fish_37","prey",2007-01-01,0,0,0,TRUE,131,"incl2026",1998
"YH Common murre diet - Sandlance - NoCC","CCIEA","comMurreDietSLance_Yaquina_NCC","CC_NCC_fish_37","prey",2008-01-01,0.7055,0.7055,0.7055,TRUE,131,"incl2026",1998
"YH Common murre diet - Sandlance - NoCC","CCIEA","comMurreDietSLance_Yaquina_NCC","CC_NCC_fish_37","prey",2009-01-01,0.2991,0.2991,0.2991,TRUE,131,"incl2026",1998
"YH Common murre diet - Sandlance - NoCC","CCIEA","comMurreDietSLance_Yaquina_NCC","CC_NCC_fish_37","prey",2010-01-01,0.0274,0.0274,0.0274,TRUE,131,"incl2026",1998
"YH Common murre diet - Sandlance - NoCC","CCIEA","comMurreDietSLance_Yaquina_NCC","CC_NCC_fish_37","prey",2011-01-01,0.1629,0.1629,0.1629,TRUE,131,"incl2026",1998
"YH Common murre diet - Sandlance - NoCC","CCIEA","comMurreDietSLance_Yaquina_NCC","CC_NCC_fish_37","prey",2012-01-01,0.0542,0.0542,0.0542,TRUE,131,"incl2026",1998
"YH Common murre diet - Sandlance - NoCC","CCIEA","comMurreDietSLance_Yaquina_NCC","CC_NCC_fish_37","prey",2013-01-01,0.0962,0.0962,0.0962,TRUE,131,"incl2026",1998
"YH Common murre diet - Sandlance - NoCC","CCIEA","comMurreDietSLance_Yaquina_NCC","CC_NCC_fish_37","prey",2014-01-01,0.0164,0.0164,0.0164,TRUE,131,"incl2026",1998
"YH Common murre diet - Sandlance - NoCC","CCIEA","comMurreDietSLance_Yaquina_NCC","CC_NCC_fish_37","prey",2015-01-01,0.0417,0.0417,0.0417,TRUE,131,"incl2026",1998
"YH Common murre diet - Sandlance - NoCC","CCIEA","comMurreDietSLance_Yaquina_NCC","CC_NCC_fish_37","prey",2016-01-01,0.1552,0.1552,0.1552,TRUE,131,"incl2026",1998
"YH Common murre diet - Sandlance - NoCC","CCIEA","comMurreDietSLance_Yaquina_NCC","CC_NCC_fish_37","prey",2017-01-01,0.3488,0.3488,0.3488,TRUE,131,"incl2026",1998
"YH Common murre diet - Sandlance - NoCC","CCIEA","comMurreDietSLance_Yaquina_NCC","CC_NCC_fish_37","prey",2018-01-01,0.1,0.1,0.1,TRUE,131,"incl2026",1998
"YH Common murre diet - Sandlance - NoCC","CCIEA","comMurreDietSLance_Yaquina_NCC","CC_NCC_fish_37","prey",2019-01-01,0.067,0.067,0.067,TRUE,131,"incl2026",1998
"YH Common murre diet - Sandlance - NoCC","CCIEA","comMurreDietSLance_Yaquina_NCC","CC_NCC_fish_37","prey",2020-01-01,0.351,0.351,0.351,TRUE,131,"incl2026",1998
"YH Common murre diet - Sandlance - NoCC","CCIEA","comMurreDietSLance_Yaquina_NCC","CC_NCC_fish_37","prey",2021-01-01,0.216,0.216,0.216,TRUE,131,"incl2026",1998
"YH Common murre diet - Smelt - NoCC","CCIEA","comMurreDietSmelt_Yaquina_NCC","CC_NCC_fish_38","prey",1998-01-01,0.1587,0.1587,0.1587,TRUE,116,"incl2026",1998
"YH Common murre diet - Smelt - NoCC","CCIEA","comMurreDietSmelt_Yaquina_NCC","CC_NCC_fish_38","prey",1999-01-01,0.1996,0.1996,0.1996,TRUE,116,"incl2026",1998
"YH Common murre diet - Smelt - NoCC","CCIEA","comMurreDietSmelt_Yaquina_NCC","CC_NCC_fish_38","prey",2000-01-01,0.5462,0.5462,0.5462,TRUE,116,"incl2026",1998
"YH Common murre diet - Smelt - NoCC","CCIEA","comMurreDietSmelt_Yaquina_NCC","CC_NCC_fish_38","prey",2001-01-01,0.2693,0.2693,0.2693,TRUE,116,"incl2026",1998
"YH Common murre diet - Smelt - NoCC","CCIEA","comMurreDietSmelt_Yaquina_NCC","CC_NCC_fish_38","prey",2002-01-01,0.3285,0.3285,0.3285,TRUE,116,"incl2026",1998
"YH Common murre diet - Smelt - NoCC","CCIEA","comMurreDietSmelt_Yaquina_NCC","CC_NCC_fish_38","prey",2003-01-01,NA,0.32392,0.32392,TRUE,116,"incl2026",1998
"YH Common murre diet - Smelt - NoCC","CCIEA","comMurreDietSmelt_Yaquina_NCC","CC_NCC_fish_38","prey",2004-01-01,NA,0.31934,0.31934,TRUE,116,"incl2026",1998
"YH Common murre diet - Smelt - NoCC","CCIEA","comMurreDietSmelt_Yaquina_NCC","CC_NCC_fish_38","prey",2005-01-01,NA,0.31476,0.31476,TRUE,116,"incl2026",1998
"YH Common murre diet - Smelt - NoCC","CCIEA","comMurreDietSmelt_Yaquina_NCC","CC_NCC_fish_38","prey",2006-01-01,NA,0.31018,0.31018,TRUE,116,"incl2026",1998
"YH Common murre diet - Smelt - NoCC","CCIEA","comMurreDietSmelt_Yaquina_NCC","CC_NCC_fish_38","prey",2007-01-01,0.3056,0.3056,0.3056,TRUE,116,"incl2026",1998
"YH Common murre diet - Smelt - NoCC","CCIEA","comMurreDietSmelt_Yaquina_NCC","CC_NCC_fish_38","prey",2008-01-01,0.089,0.089,0.089,TRUE,116,"incl2026",1998
"YH Common murre diet - Smelt - NoCC","CCIEA","comMurreDietSmelt_Yaquina_NCC","CC_NCC_fish_38","prey",2009-01-01,0.3458,0.3458,0.3458,TRUE,116,"incl2026",1998
"YH Common murre diet - Smelt - NoCC","CCIEA","comMurreDietSmelt_Yaquina_NCC","CC_NCC_fish_38","prey",2010-01-01,0.7179,0.7179,0.7179,TRUE,116,"incl2026",1998
"YH Common murre diet - Smelt - NoCC","CCIEA","comMurreDietSmelt_Yaquina_NCC","CC_NCC_fish_38","prey",2011-01-01,0.3583,0.3583,0.3583,TRUE,116,"incl2026",1998
"YH Common murre diet - Smelt - NoCC","CCIEA","comMurreDietSmelt_Yaquina_NCC","CC_NCC_fish_38","prey",2012-01-01,0.6404,0.6404,0.6404,TRUE,116,"incl2026",1998
"YH Common murre diet - Smelt - NoCC","CCIEA","comMurreDietSmelt_Yaquina_NCC","CC_NCC_fish_38","prey",2013-01-01,0.55,0.55,0.55,TRUE,116,"incl2026",1998
"YH Common murre diet - Smelt - NoCC","CCIEA","comMurreDietSmelt_Yaquina_NCC","CC_NCC_fish_38","prey",2014-01-01,0.8115,0.8115,0.8115,TRUE,116,"incl2026",1998
"YH Common murre diet - Smelt - NoCC","CCIEA","comMurreDietSmelt_Yaquina_NCC","CC_NCC_fish_38","prey",2015-01-01,0.5625,0.5625,0.5625,TRUE,116,"incl2026",1998
"YH Common murre diet - Smelt - NoCC","CCIEA","comMurreDietSmelt_Yaquina_NCC","CC_NCC_fish_38","prey",2016-01-01,0.819,0.819,0.819,TRUE,116,"incl2026",1998
"YH Common murre diet - Smelt - NoCC","CCIEA","comMurreDietSmelt_Yaquina_NCC","CC_NCC_fish_38","prey",2017-01-01,0.5349,0.5349,0.5349,TRUE,116,"incl2026",1998
"YH Common murre diet - Smelt - NoCC","CCIEA","comMurreDietSmelt_Yaquina_NCC","CC_NCC_fish_38","prey",2018-01-01,0.309,0.309,0.309,TRUE,116,"incl2026",1998
"YH Common murre diet - Smelt - NoCC","CCIEA","comMurreDietSmelt_Yaquina_NCC","CC_NCC_fish_38","prey",2019-01-01,0.647,0.647,0.647,TRUE,116,"incl2026",1998
"YH Common murre diet - Smelt - NoCC","CCIEA","comMurreDietSmelt_Yaquina_NCC","CC_NCC_fish_38","prey",2020-01-01,0.46,0.46,0.46,TRUE,116,"incl2026",1998
"YH Common murre diet - Smelt - NoCC","CCIEA","comMurreDietSmelt_Yaquina_NCC","CC_NCC_fish_38","prey",2021-01-01,0.432,0.432,0.432,TRUE,116,"incl2026",1998
"YOY rockfish - NCC","CCIEA","yoyRock_JSOES_NCC","CC_NCC_fish_56","prey",1998-01-01,0,0,0,TRUE,132,"incl2026",1998
"YOY rockfish - NCC","CCIEA","yoyRock_JSOES_NCC","CC_NCC_fish_56","prey",1999-01-01,0.0689655172413793,0.0689655172413793,0.0689655172413793,TRUE,132,"incl2026",1998
"YOY rockfish - NCC","CCIEA","yoyRock_JSOES_NCC","CC_NCC_fish_56","prey",2000-01-01,0.115384615384615,0.115384615384615,0.115384615384615,TRUE,132,"incl2026",1998
"YOY rockfish - NCC","CCIEA","yoyRock_JSOES_NCC","CC_NCC_fish_56","prey",2001-01-01,0.216216216216216,0.216216216216216,0.216216216216216,TRUE,132,"incl2026",1998
"YOY rockfish - NCC","CCIEA","yoyRock_JSOES_NCC","CC_NCC_fish_56","prey",2002-01-01,0.264705882352941,0.264705882352941,0.264705882352941,TRUE,132,"incl2026",1998
"YOY rockfish - NCC","CCIEA","yoyRock_JSOES_NCC","CC_NCC_fish_56","prey",2003-01-01,0,0,0,TRUE,132,"incl2026",1998
"YOY rockfish - NCC","CCIEA","yoyRock_JSOES_NCC","CC_NCC_fish_56","prey",2004-01-01,0.58974358974359,0.58974358974359,0.58974358974359,TRUE,132,"incl2026",1998
"YOY rockfish - NCC","CCIEA","yoyRock_JSOES_NCC","CC_NCC_fish_56","prey",2005-01-01,0.0606060606060606,0.0606060606060606,0.0606060606060606,TRUE,132,"incl2026",1998
"YOY rockfish - NCC","CCIEA","yoyRock_JSOES_NCC","CC_NCC_fish_56","prey",2006-01-01,0.0697674418604651,0.0697674418604651,0.0697674418604651,TRUE,132,"incl2026",1998
"YOY rockfish - NCC","CCIEA","yoyRock_JSOES_NCC","CC_NCC_fish_56","prey",2007-01-01,0.0909090909090909,0.0909090909090909,0.0909090909090909,TRUE,132,"incl2026",1998
"YOY rockfish - NCC","CCIEA","yoyRock_JSOES_NCC","CC_NCC_fish_56","prey",2008-01-01,0.311111111111111,0.311111111111111,0.311111111111111,TRUE,132,"incl2026",1998
"YOY rockfish - NCC","CCIEA","yoyRock_JSOES_NCC","CC_NCC_fish_56","prey",2009-01-01,0.133333333333333,0.133333333333333,0.133333333333333,TRUE,132,"incl2026",1998
"YOY rockfish - NCC","CCIEA","yoyRock_JSOES_NCC","CC_NCC_fish_56","prey",2010-01-01,0.511111111111111,0.511111111111111,0.511111111111111,TRUE,132,"incl2026",1998
"YOY rockfish - NCC","CCIEA","yoyRock_JSOES_NCC","CC_NCC_fish_56","prey",2011-01-01,0.113636363636364,0.113636363636364,0.113636363636364,TRUE,132,"incl2026",1998
"YOY rockfish - NCC","CCIEA","yoyRock_JSOES_NCC","CC_NCC_fish_56","prey",2012-01-01,0.0909090909090909,0.0909090909090909,0.0909090909090909,TRUE,132,"incl2026",1998
"YOY rockfish - NCC","CCIEA","yoyRock_JSOES_NCC","CC_NCC_fish_56","prey",2013-01-01,0.133333333333333,0.133333333333333,0.133333333333333,TRUE,132,"incl2026",1998
"YOY rockfish - NCC","CCIEA","yoyRock_JSOES_NCC","CC_NCC_fish_56","prey",2014-01-01,0.13953488372093,0.13953488372093,0.13953488372093,TRUE,132,"incl2026",1998
"YOY rockfish - NCC","CCIEA","yoyRock_JSOES_NCC","CC_NCC_fish_56","prey",2015-01-01,0.125,0.125,0.125,TRUE,132,"incl2026",1998
"YOY rockfish - NCC","CCIEA","yoyRock_JSOES_NCC","CC_NCC_fish_56","prey",2016-01-01,0.731707317073171,0.731707317073171,0.731707317073171,TRUE,132,"incl2026",1998
"YOY rockfish - NCC","CCIEA","yoyRock_JSOES_NCC","CC_NCC_fish_56","prey",2017-01-01,0.0476190476190476,0.0476190476190476,0.0476190476190476,TRUE,132,"incl2026",1998
"YOY rockfish - NCC","CCIEA","yoyRock_JSOES_NCC","CC_NCC_fish_56","prey",2018-01-01,0.166666666666667,0.166666666666667,0.166666666666667,TRUE,132,"incl2026",1998
"YOY rockfish - NCC","CCIEA","yoyRock_JSOES_NCC","CC_NCC_fish_56","prey",2019-01-01,0.357142857142857,0.357142857142857,0.357142857142857,TRUE,132,"incl2026",1998
"YOY rockfish - NCC","CCIEA","yoyRock_JSOES_NCC","CC_NCC_fish_56","prey",2020-01-01,0.181818181818182,0.181818181818182,0.181818181818182,TRUE,132,"incl2026",1998
"YOY rockfish - NCC","CCIEA","yoyRock_JSOES_NCC","CC_NCC_fish_56","prey",2021-01-01,0.404761904761905,0.404761904761905,0.404761904761905,TRUE,132,"incl2026",1998
"Zooplankton Density Icy Strait (#/m3)","Eastern_Gulf_of_Alaska","zoop_EGoA","AK_EGoA_plank_89","north",1998-01-01,922.2496,922.2496,922.2496,TRUE,133,"incl2026",1998
"Zooplankton Density Icy Strait (#/m3)","Eastern_Gulf_of_Alaska","zoop_EGoA","AK_EGoA_plank_89","north",1999-01-01,1277.0281,1277.0281,1277.0281,TRUE,133,"incl2026",1998
"Zooplankton Density Icy Strait (#/m3)","Eastern_Gulf_of_Alaska","zoop_EGoA","AK_EGoA_plank_89","north",2000-01-01,1694.2045,1694.2045,1694.2045,TRUE,133,"incl2026",1998
"Zooplankton Density Icy Strait (#/m3)","Eastern_Gulf_of_Alaska","zoop_EGoA","AK_EGoA_plank_89","north",2001-01-01,1666.5897,1666.5897,1666.5897,TRUE,133,"incl2026",1998
"Zooplankton Density Icy Strait (#/m3)","Eastern_Gulf_of_Alaska","zoop_EGoA","AK_EGoA_plank_89","north",2002-01-01,1273.5067,1273.5067,1273.5067,TRUE,133,"incl2026",1998
"Zooplankton Density Icy Strait (#/m3)","Eastern_Gulf_of_Alaska","zoop_EGoA","AK_EGoA_plank_89","north",2003-01-01,1672.7004,1672.7004,1672.7004,TRUE,133,"incl2026",1998
"Zooplankton Density Icy Strait (#/m3)","Eastern_Gulf_of_Alaska","zoop_EGoA","AK_EGoA_plank_89","north",2004-01-01,1327.0722,1327.0722,1327.0722,TRUE,133,"incl2026",1998
"Zooplankton Density Icy Strait (#/m3)","Eastern_Gulf_of_Alaska","zoop_EGoA","AK_EGoA_plank_89","north",2005-01-01,1102.8133,1102.8133,1102.8133,TRUE,133,"incl2026",1998
"Zooplankton Density Icy Strait (#/m3)","Eastern_Gulf_of_Alaska","zoop_EGoA","AK_EGoA_plank_89","north",2006-01-01,2134.4046,2134.4046,2134.4046,TRUE,133,"incl2026",1998
"Zooplankton Density Icy Strait (#/m3)","Eastern_Gulf_of_Alaska","zoop_EGoA","AK_EGoA_plank_89","north",2007-01-01,3420.1562,3420.1562,3420.1562,TRUE,133,"incl2026",1998
"Zooplankton Density Icy Strait (#/m3)","Eastern_Gulf_of_Alaska","zoop_EGoA","AK_EGoA_plank_89","north",2008-01-01,2802.3077,2802.3077,2802.3077,TRUE,133,"incl2026",1998
"Zooplankton Density Icy Strait (#/m3)","Eastern_Gulf_of_Alaska","zoop_EGoA","AK_EGoA_plank_89","north",2009-01-01,2879.5553,2879.5553,2879.5553,TRUE,133,"incl2026",1998
"Zooplankton Density Icy Strait (#/m3)","Eastern_Gulf_of_Alaska","zoop_EGoA","AK_EGoA_plank_89","north",2010-01-01,1808.6786,1808.6786,1808.6786,TRUE,133,"incl2026",1998
"Zooplankton Density Icy Strait (#/m3)","Eastern_Gulf_of_Alaska","zoop_EGoA","AK_EGoA_plank_89","north",2011-01-01,1723.1109,1723.1109,1723.1109,TRUE,133,"incl2026",1998
"Zooplankton Density Icy Strait (#/m3)","Eastern_Gulf_of_Alaska","zoop_EGoA","AK_EGoA_plank_89","north",2012-01-01,1464.5009,1464.5009,1464.5009,TRUE,133,"incl2026",1998
"Zooplankton Density Icy Strait (#/m3)","Eastern_Gulf_of_Alaska","zoop_EGoA","AK_EGoA_plank_89","north",2013-01-01,1170.3195,1170.3195,1170.3195,TRUE,133,"incl2026",1998
"Zooplankton Density Icy Strait (#/m3)","Eastern_Gulf_of_Alaska","zoop_EGoA","AK_EGoA_plank_89","north",2014-01-01,1418.5506,1418.5506,1418.5506,TRUE,133,"incl2026",1998
"Zooplankton Density Icy Strait (#/m3)","Eastern_Gulf_of_Alaska","zoop_EGoA","AK_EGoA_plank_89","north",2015-01-01,1224.4029,1224.4029,1224.4029,TRUE,133,"incl2026",1998
"Zooplankton Density Icy Strait (#/m3)","Eastern_Gulf_of_Alaska","zoop_EGoA","AK_EGoA_plank_89","north",2016-01-01,1090.0835,1090.0835,1090.0835,TRUE,133,"incl2026",1998
"Zooplankton Density Icy Strait (#/m3)","Eastern_Gulf_of_Alaska","zoop_EGoA","AK_EGoA_plank_89","north",2017-01-01,1895.7243,1895.7243,1895.7243,TRUE,133,"incl2026",1998
"Zooplankton Density Icy Strait (#/m3)","Eastern_Gulf_of_Alaska","zoop_EGoA","AK_EGoA_plank_89","north",2018-01-01,2418.9276,2418.9276,2418.9276,TRUE,133,"incl2026",1998
"Zooplankton Density Icy Strait (#/m3)","Eastern_Gulf_of_Alaska","zoop_EGoA","AK_EGoA_plank_89","north",2019-01-01,1630.5248,1630.5248,1630.5248,TRUE,133,"incl2026",1998
"Zooplankton Density Icy Strait (#/m3)","Eastern_Gulf_of_Alaska","zoop_EGoA","AK_EGoA_plank_89","north",2020-01-01,1586.7597,1586.7597,1586.7597,TRUE,133,"incl2026",1998
"Zooplankton Density Icy Strait (#/m3)","Eastern_Gulf_of_Alaska","zoop_EGoA","AK_EGoA_plank_89","north",2021-01-01,2129.1,2129.1,2129.1,TRUE,133,"incl2026",1998
"abund.sdmTMB.junIntSpr_2025","SEM_data_2025","abund_sdmTMB_junIntSpr_2025","CC_NCC_fish_136","abundance",1998-01-01,2959.36014888146,2959.36014888146,2959.36014888146,TRUE,134,"incl2026",1998
"abund.sdmTMB.junIntSpr_2025","SEM_data_2025","abund_sdmTMB_junIntSpr_2025","CC_NCC_fish_136","abundance",1999-01-01,64159.4151483227,64159.4151483227,64159.4151483227,TRUE,134,"incl2026",1998
"abund.sdmTMB.junIntSpr_2025","SEM_data_2025","abund_sdmTMB_junIntSpr_2025","CC_NCC_fish_136","abundance",2000-01-01,20140.5540544939,20140.5540544939,20140.5540544939,TRUE,134,"incl2026",1998
"abund.sdmTMB.junIntSpr_2025","SEM_data_2025","abund_sdmTMB_junIntSpr_2025","CC_NCC_fish_136","abundance",2001-01-01,2386.25875315599,2386.25875315599,2386.25875315599,TRUE,134,"incl2026",1998
"abund.sdmTMB.junIntSpr_2025","SEM_data_2025","abund_sdmTMB_junIntSpr_2025","CC_NCC_fish_136","abundance",2002-01-01,13654.768100743,13654.768100743,13654.768100743,TRUE,134,"incl2026",1998
"abund.sdmTMB.junIntSpr_2025","SEM_data_2025","abund_sdmTMB_junIntSpr_2025","CC_NCC_fish_136","abundance",2003-01-01,15195.7264912569,15195.7264912569,15195.7264912569,TRUE,134,"incl2026",1998
"abund.sdmTMB.junIntSpr_2025","SEM_data_2025","abund_sdmTMB_junIntSpr_2025","CC_NCC_fish_136","abundance",2004-01-01,3003.77820320283,3003.77820320283,3003.77820320283,TRUE,134,"incl2026",1998
"abund.sdmTMB.junIntSpr_2025","SEM_data_2025","abund_sdmTMB_junIntSpr_2025","CC_NCC_fish_136","abundance",2005-01-01,2807.97972227317,2807.97972227317,2807.97972227317,TRUE,134,"incl2026",1998
"abund.sdmTMB.junIntSpr_2025","SEM_data_2025","abund_sdmTMB_junIntSpr_2025","CC_NCC_fish_136","abundance",2006-01-01,6961.33076764537,6961.33076764537,6961.33076764537,TRUE,134,"incl2026",1998
"abund.sdmTMB.junIntSpr_2025","SEM_data_2025","abund_sdmTMB_junIntSpr_2025","CC_NCC_fish_136","abundance",2007-01-01,6767.90121990566,6767.90121990566,6767.90121990566,TRUE,134,"incl2026",1998
"abund.sdmTMB.junIntSpr_2025","SEM_data_2025","abund_sdmTMB_junIntSpr_2025","CC_NCC_fish_136","abundance",2008-01-01,69678.6403337006,69678.6403337006,69678.6403337006,TRUE,134,"incl2026",1998
"abund.sdmTMB.junIntSpr_2025","SEM_data_2025","abund_sdmTMB_junIntSpr_2025","CC_NCC_fish_136","abundance",2009-01-01,8915.10935286904,8915.10935286904,8915.10935286904,TRUE,134,"incl2026",1998
"abund.sdmTMB.junIntSpr_2025","SEM_data_2025","abund_sdmTMB_junIntSpr_2025","CC_NCC_fish_136","abundance",2010-01-01,12038.0893453883,12038.0893453883,12038.0893453883,TRUE,134,"incl2026",1998
"abund.sdmTMB.junIntSpr_2025","SEM_data_2025","abund_sdmTMB_junIntSpr_2025","CC_NCC_fish_136","abundance",2011-01-01,7415.19497543626,7415.19497543626,7415.19497543626,TRUE,134,"incl2026",1998
"abund.sdmTMB.junIntSpr_2025","SEM_data_2025","abund_sdmTMB_junIntSpr_2025","CC_NCC_fish_136","abundance",2012-01-01,16859.6132014091,16859.6132014091,16859.6132014091,TRUE,134,"incl2026",1998
"abund.sdmTMB.junIntSpr_2025","SEM_data_2025","abund_sdmTMB_junIntSpr_2025","CC_NCC_fish_136","abundance",2013-01-01,20140.2357765085,20140.2357765085,20140.2357765085,TRUE,134,"incl2026",1998
"abund.sdmTMB.junIntSpr_2025","SEM_data_2025","abund_sdmTMB_junIntSpr_2025","CC_NCC_fish_136","abundance",2014-01-01,4115.72455835501,4115.72455835501,4115.72455835501,TRUE,134,"incl2026",1998
"abund.sdmTMB.junIntSpr_2025","SEM_data_2025","abund_sdmTMB_junIntSpr_2025","CC_NCC_fish_136","abundance",2015-01-01,5923.52795093607,5923.52795093607,5923.52795093607,TRUE,134,"incl2026",1998
"abund.sdmTMB.junIntSpr_2025","SEM_data_2025","abund_sdmTMB_junIntSpr_2025","CC_NCC_fish_136","abundance",2016-01-01,3983.44931505019,3983.44931505019,3983.44931505019,TRUE,134,"incl2026",1998
"abund.sdmTMB.junIntSpr_2025","SEM_data_2025","abund_sdmTMB_junIntSpr_2025","CC_NCC_fish_136","abundance",2017-01-01,309.02431464575,309.02431464575,309.02431464575,TRUE,134,"incl2026",1998
"abund.sdmTMB.junIntSpr_2025","SEM_data_2025","abund_sdmTMB_junIntSpr_2025","CC_NCC_fish_136","abundance",2018-01-01,2686.10036307027,2686.10036307027,2686.10036307027,TRUE,134,"incl2026",1998
"abund.sdmTMB.junIntSpr_2025","SEM_data_2025","abund_sdmTMB_junIntSpr_2025","CC_NCC_fish_136","abundance",2019-01-01,3151.02369948511,3151.02369948511,3151.02369948511,TRUE,134,"incl2026",1998
"abund.sdmTMB.junIntSpr_2025","SEM_data_2025","abund_sdmTMB_junIntSpr_2025","CC_NCC_fish_136","abundance",2020-01-01,2286.01629289086,2286.01629289086,2286.01629289086,TRUE,134,"incl2026",1998
"abund.sdmTMB.junIntSpr_2025","SEM_data_2025","abund_sdmTMB_junIntSpr_2025","CC_NCC_fish_136","abundance",2021-01-01,1424.42404560247,1424.42404560247,1424.42404560247,TRUE,134,"incl2026",1998
"anchovy_gam","data_2025","anchovy_GAM_2025","CC_NCC_fish_172","",1998-01-01,0.249797622366195,0.249797622366195,0.249797622366195,TRUE,43,"incl2026",1998
"anchovy_gam","data_2025","anchovy_GAM_2025","CC_NCC_fish_172","",1999-01-01,0.264868609387421,0.264868609387421,0.264868609387421,TRUE,43,"incl2026",1998
"anchovy_gam","data_2025","anchovy_GAM_2025","CC_NCC_fish_172","",2000-01-01,0.309915773277987,0.309915773277987,0.309915773277987,TRUE,43,"incl2026",1998
"anchovy_gam","data_2025","anchovy_GAM_2025","CC_NCC_fish_172","",2001-01-01,0.292623406325786,0.292623406325786,0.292623406325786,TRUE,43,"incl2026",1998
"anchovy_gam","data_2025","anchovy_GAM_2025","CC_NCC_fish_172","",2002-01-01,0.315115077374843,0.315115077374843,0.315115077374843,TRUE,43,"incl2026",1998
"anchovy_gam","data_2025","anchovy_GAM_2025","CC_NCC_fish_172","",2003-01-01,0.300078840315094,0.300078840315094,0.300078840315094,TRUE,43,"incl2026",1998
"anchovy_gam","data_2025","anchovy_GAM_2025","CC_NCC_fish_172","",2004-01-01,0.484537957539308,0.484537957539308,0.484537957539308,TRUE,43,"incl2026",1998
"anchovy_gam","data_2025","anchovy_GAM_2025","CC_NCC_fish_172","",2005-01-01,0.750186939009434,0.750186939009434,0.750186939009434,TRUE,43,"incl2026",1998
"anchovy_gam","data_2025","anchovy_GAM_2025","CC_NCC_fish_172","",2006-01-01,0.533821654659434,0.533821654659434,0.533821654659434,TRUE,43,"incl2026",1998
"anchovy_gam","data_2025","anchovy_GAM_2025","CC_NCC_fish_172","",2007-01-01,0.305964253312893,0.305964253312893,0.305964253312893,TRUE,43,"incl2026",1998
"anchovy_gam","data_2025","anchovy_GAM_2025","CC_NCC_fish_172","",2008-01-01,0.256774366972956,0.256774366972956,0.256774366972956,TRUE,43,"incl2026",1998
"anchovy_gam","data_2025","anchovy_GAM_2025","CC_NCC_fish_172","",2009-01-01,0.235902180428459,0.235902180428459,0.235902180428459,TRUE,43,"incl2026",1998
"anchovy_gam","data_2025","anchovy_GAM_2025","CC_NCC_fish_172","",2010-01-01,0.288701674848742,0.288701674848742,0.288701674848742,TRUE,43,"incl2026",1998
"anchovy_gam","data_2025","anchovy_GAM_2025","CC_NCC_fish_172","",2011-01-01,0.278558510189308,0.278558510189308,0.278558510189308,TRUE,43,"incl2026",1998
"anchovy_gam","data_2025","anchovy_GAM_2025","CC_NCC_fish_172","",2012-01-01,0.231589594642767,0.231589594642767,0.231589594642767,TRUE,43,"incl2026",1998
"anchovy_gam","data_2025","anchovy_GAM_2025","CC_NCC_fish_172","",2013-01-01,0.304123790975157,0.304123790975157,0.304123790975157,TRUE,43,"incl2026",1998
"anchovy_gam","data_2025","anchovy_GAM_2025","CC_NCC_fish_172","",2014-01-01,0.327466857622956,0.327466857622956,0.327466857622956,TRUE,43,"incl2026",1998
"anchovy_gam","data_2025","anchovy_GAM_2025","CC_NCC_fish_172","",2015-01-01,0.297061314498113,0.297061314498113,0.297061314498113,TRUE,43,"incl2026",1998
"anchovy_gam","data_2025","anchovy_GAM_2025","CC_NCC_fish_172","",2016-01-01,0.411024170063208,0.411024170063208,0.411024170063208,TRUE,43,"incl2026",1998
"anchovy_gam","data_2025","anchovy_GAM_2025","CC_NCC_fish_172","",2017-01-01,0.441470344252516,0.441470344252516,0.441470344252516,TRUE,43,"incl2026",1998
"anchovy_gam","data_2025","anchovy_GAM_2025","CC_NCC_fish_172","",2018-01-01,0.51733715766761,0.51733715766761,0.51733715766761,TRUE,43,"incl2026",1998
"anchovy_gam","data_2025","anchovy_GAM_2025","CC_NCC_fish_172","",2019-01-01,0.654939758106918,0.654939758106918,0.654939758106918,TRUE,43,"incl2026",1998
"anchovy_gam","data_2025","anchovy_GAM_2025","CC_NCC_fish_172","",2020-01-01,0.717904925754717,0.717904925754717,0.717904925754717,TRUE,43,"incl2026",1998
"anchovy_gam","data_2025","anchovy_GAM_2025","CC_NCC_fish_172","",2021-01-01,0.816971847176101,0.816971847176101,0.816971847176101,TRUE,43,"incl2026",1998
"blackRockfish_2025","data_2025","blackRockfish_SA_2025","CC_NCC_fish_149","",1998-01-01,3349.53,3349.53,3349.53,TRUE,68,"incl2026",1998
"blackRockfish_2025","data_2025","blackRockfish_SA_2025","CC_NCC_fish_149","",1999-01-01,3385.18,3385.18,3385.18,TRUE,68,"incl2026",1998
"blackRockfish_2025","data_2025","blackRockfish_SA_2025","CC_NCC_fish_149","",2000-01-01,3504.27,3504.27,3504.27,TRUE,68,"incl2026",1998
"blackRockfish_2025","data_2025","blackRockfish_SA_2025","CC_NCC_fish_149","",2001-01-01,3574.03,3574.03,3574.03,TRUE,68,"incl2026",1998
"blackRockfish_2025","data_2025","blackRockfish_SA_2025","CC_NCC_fish_149","",2002-01-01,3632.94,3632.94,3632.94,TRUE,68,"incl2026",1998
"blackRockfish_2025","data_2025","blackRockfish_SA_2025","CC_NCC_fish_149","",2003-01-01,3673.01,3673.01,3673.01,TRUE,68,"incl2026",1998
"blackRockfish_2025","data_2025","blackRockfish_SA_2025","CC_NCC_fish_149","",2004-01-01,3705.72,3705.72,3705.72,TRUE,68,"incl2026",1998
"blackRockfish_2025","data_2025","blackRockfish_SA_2025","CC_NCC_fish_149","",2005-01-01,3707.73,3707.73,3707.73,TRUE,68,"incl2026",1998
"blackRockfish_2025","data_2025","blackRockfish_SA_2025","CC_NCC_fish_149","",2006-01-01,3714.31,3714.31,3714.31,TRUE,68,"incl2026",1998
"blackRockfish_2025","data_2025","blackRockfish_SA_2025","CC_NCC_fish_149","",2007-01-01,3775,3775,3775,TRUE,68,"incl2026",1998
"blackRockfish_2025","data_2025","blackRockfish_SA_2025","CC_NCC_fish_149","",2008-01-01,3920.62,3920.62,3920.62,TRUE,68,"incl2026",1998
"blackRockfish_2025","data_2025","blackRockfish_SA_2025","CC_NCC_fish_149","",2009-01-01,4135.41,4135.41,4135.41,TRUE,68,"incl2026",1998
"blackRockfish_2025","data_2025","blackRockfish_SA_2025","CC_NCC_fish_149","",2010-01-01,4319.89,4319.89,4319.89,TRUE,68,"incl2026",1998
"blackRockfish_2025","data_2025","blackRockfish_SA_2025","CC_NCC_fish_149","",2011-01-01,4614.14,4614.14,4614.14,TRUE,68,"incl2026",1998
"blackRockfish_2025","data_2025","blackRockfish_SA_2025","CC_NCC_fish_149","",2012-01-01,4884.86,4884.86,4884.86,TRUE,68,"incl2026",1998
"blackRockfish_2025","data_2025","blackRockfish_SA_2025","CC_NCC_fish_149","",2013-01-01,5103.2,5103.2,5103.2,TRUE,68,"incl2026",1998
"blackRockfish_2025","data_2025","blackRockfish_SA_2025","CC_NCC_fish_149","",2014-01-01,5237.29,5237.29,5237.29,TRUE,68,"incl2026",1998
"blackRockfish_2025","data_2025","blackRockfish_SA_2025","CC_NCC_fish_149","",2015-01-01,5272.92,5272.92,5272.92,TRUE,68,"incl2026",1998
"blackRockfish_2025","data_2025","blackRockfish_SA_2025","CC_NCC_fish_149","",2016-01-01,5248.98,5248.98,5248.98,TRUE,68,"incl2026",1998
"blackRockfish_2025","data_2025","blackRockfish_SA_2025","CC_NCC_fish_149","",2017-01-01,5131.8,5131.8,5131.8,TRUE,68,"incl2026",1998
"blackRockfish_2025","data_2025","blackRockfish_SA_2025","CC_NCC_fish_149","",2018-01-01,5126.19,5126.19,5126.19,TRUE,68,"incl2026",1998
"blackRockfish_2025","data_2025","blackRockfish_SA_2025","CC_NCC_fish_149","",2019-01-01,5088.81,5088.81,5088.81,TRUE,68,"incl2026",1998
"blackRockfish_2025","data_2025","blackRockfish_SA_2025","CC_NCC_fish_149","",2020-01-01,5066.6,5066.6,5066.6,TRUE,68,"incl2026",1998
"blackRockfish_2025","data_2025","blackRockfish_SA_2025","CC_NCC_fish_149","",2021-01-01,5159.32,5159.32,5159.32,TRUE,68,"incl2026",1998
"canary rockfish","data_2025","canaryRockfish_2025","CC_NCC_fish_157","",1998-01-01,NA,NA,NA,TRUE,90,"incl2026",1998
"canary rockfish","data_2025","canaryRockfish_2025","CC_NCC_fish_157","",1999-01-01,NA,NA,NA,TRUE,90,"incl2026",1998
"canary rockfish","data_2025","canaryRockfish_2025","CC_NCC_fish_157","",2000-01-01,NA,NA,NA,TRUE,90,"incl2026",1998
"canary rockfish","data_2025","canaryRockfish_2025","CC_NCC_fish_157","",2001-01-01,NA,NA,NA,TRUE,90,"incl2026",1998
"canary rockfish","data_2025","canaryRockfish_2025","CC_NCC_fish_157","",2002-01-01,NA,NA,NA,TRUE,90,"incl2026",1998
"canary rockfish","data_2025","canaryRockfish_2025","CC_NCC_fish_157","",2003-01-01,390.804224019203,390.804224019203,390.804224019203,TRUE,90,"incl2026",1998
"canary rockfish","data_2025","canaryRockfish_2025","CC_NCC_fish_157","",2004-01-01,1276.569404515,1276.569404515,1276.569404515,TRUE,90,"incl2026",1998
"canary rockfish","data_2025","canaryRockfish_2025","CC_NCC_fish_157","",2005-01-01,120.557428803919,120.557428803919,120.557428803919,TRUE,90,"incl2026",1998
"canary rockfish","data_2025","canaryRockfish_2025","CC_NCC_fish_157","",2006-01-01,8873.57991481327,8873.57991481327,8873.57991481327,TRUE,90,"incl2026",1998
"canary rockfish","data_2025","canaryRockfish_2025","CC_NCC_fish_157","",2007-01-01,417.785816270781,417.785816270781,417.785816270781,TRUE,90,"incl2026",1998
"canary rockfish","data_2025","canaryRockfish_2025","CC_NCC_fish_157","",2008-01-01,335.384942525478,335.384942525478,335.384942525478,TRUE,90,"incl2026",1998
"canary rockfish","data_2025","canaryRockfish_2025","CC_NCC_fish_157","",2009-01-01,148.227310697952,148.227310697952,148.227310697952,TRUE,90,"incl2026",1998
"canary rockfish","data_2025","canaryRockfish_2025","CC_NCC_fish_157","",2010-01-01,1267.45639503949,1267.45639503949,1267.45639503949,TRUE,90,"incl2026",1998
"canary rockfish","data_2025","canaryRockfish_2025","CC_NCC_fish_157","",2011-01-01,855.066183114388,855.066183114388,855.066183114388,TRUE,90,"incl2026",1998
"canary rockfish","data_2025","canaryRockfish_2025","CC_NCC_fish_157","",2012-01-01,1550.02755237223,1550.02755237223,1550.02755237223,TRUE,90,"incl2026",1998
"canary rockfish","data_2025","canaryRockfish_2025","CC_NCC_fish_157","",2013-01-01,230.236230145253,230.236230145253,230.236230145253,TRUE,90,"incl2026",1998
"canary rockfish","data_2025","canaryRockfish_2025","CC_NCC_fish_157","",2014-01-01,1190.11370116191,1190.11370116191,1190.11370116191,TRUE,90,"incl2026",1998
"canary rockfish","data_2025","canaryRockfish_2025","CC_NCC_fish_157","",2015-01-01,3700.62199793728,3700.62199793728,3700.62199793728,TRUE,90,"incl2026",1998
"canary rockfish","data_2025","canaryRockfish_2025","CC_NCC_fish_157","",2016-01-01,365.206890713052,365.206890713052,365.206890713052,TRUE,90,"incl2026",1998
"canary rockfish","data_2025","canaryRockfish_2025","CC_NCC_fish_157","",2017-01-01,1016.51576476154,1016.51576476154,1016.51576476154,TRUE,90,"incl2026",1998
"canary rockfish","data_2025","canaryRockfish_2025","CC_NCC_fish_157","",2018-01-01,311.080081187128,311.080081187128,311.080081187128,TRUE,90,"incl2026",1998
"canary rockfish","data_2025","canaryRockfish_2025","CC_NCC_fish_157","",2019-01-01,2634.79491622955,2634.79491622955,2634.79491622955,TRUE,90,"incl2026",1998
"canary rockfish","data_2025","canaryRockfish_2025","CC_NCC_fish_157","",2020-01-01,NA,1425.08323010883,1425.08323010883,TRUE,90,"incl2026",1998
"canary rockfish","data_2025","canaryRockfish_2025","CC_NCC_fish_157","",2021-01-01,215.371543988102,215.371543988102,215.371543988102,TRUE,90,"incl2026",1998
"chilipepper","data_2025","chilipepper_2025","CC_NCC_fish_156","",1998-01-01,NA,NA,NA,TRUE,41,"incl2026",1998
"chilipepper","data_2025","chilipepper_2025","CC_NCC_fish_156","",1999-01-01,NA,NA,NA,TRUE,41,"incl2026",1998
"chilipepper","data_2025","chilipepper_2025","CC_NCC_fish_156","",2000-01-01,NA,NA,NA,TRUE,41,"incl2026",1998
"chilipepper","data_2025","chilipepper_2025","CC_NCC_fish_156","",2001-01-01,NA,NA,NA,TRUE,41,"incl2026",1998
"chilipepper","data_2025","chilipepper_2025","CC_NCC_fish_156","",2002-01-01,NA,NA,NA,TRUE,41,"incl2026",1998
"chilipepper","data_2025","chilipepper_2025","CC_NCC_fish_156","",2003-01-01,0,0,0,TRUE,41,"incl2026",1998
"chilipepper","data_2025","chilipepper_2025","CC_NCC_fish_156","",2004-01-01,0,0,0,TRUE,41,"incl2026",1998
"chilipepper","data_2025","chilipepper_2025","CC_NCC_fish_156","",2005-01-01,0,0,0,TRUE,41,"incl2026",1998
"chilipepper","data_2025","chilipepper_2025","CC_NCC_fish_156","",2006-01-01,1.76390924648889,1.76390924648889,1.76390924648889,TRUE,41,"incl2026",1998
"chilipepper","data_2025","chilipepper_2025","CC_NCC_fish_156","",2007-01-01,3.454385991575,3.454385991575,3.454385991575,TRUE,41,"incl2026",1998
"chilipepper","data_2025","chilipepper_2025","CC_NCC_fish_156","",2008-01-01,0,0,0,TRUE,41,"incl2026",1998
"chilipepper","data_2025","chilipepper_2025","CC_NCC_fish_156","",2009-01-01,0,0,0,TRUE,41,"incl2026",1998
"chilipepper","data_2025","chilipepper_2025","CC_NCC_fish_156","",2010-01-01,1.90290554235844,1.90290554235844,1.90290554235844,TRUE,41,"incl2026",1998
"chilipepper","data_2025","chilipepper_2025","CC_NCC_fish_156","",2011-01-01,0,0,0,TRUE,41,"incl2026",1998
"chilipepper","data_2025","chilipepper_2025","CC_NCC_fish_156","",2012-01-01,0,0,0,TRUE,41,"incl2026",1998
"chilipepper","data_2025","chilipepper_2025","CC_NCC_fish_156","",2013-01-01,0,0,0,TRUE,41,"incl2026",1998
"chilipepper","data_2025","chilipepper_2025","CC_NCC_fish_156","",2014-01-01,0,0,0,TRUE,41,"incl2026",1998
"chilipepper","data_2025","chilipepper_2025","CC_NCC_fish_156","",2015-01-01,0,0,0,TRUE,41,"incl2026",1998
"chilipepper","data_2025","chilipepper_2025","CC_NCC_fish_156","",2016-01-01,0,0,0,TRUE,41,"incl2026",1998
"chilipepper","data_2025","chilipepper_2025","CC_NCC_fish_156","",2017-01-01,0,0,0,TRUE,41,"incl2026",1998
"chilipepper","data_2025","chilipepper_2025","CC_NCC_fish_156","",2018-01-01,11.7573648336162,11.7573648336162,11.7573648336162,TRUE,41,"incl2026",1998
"chilipepper","data_2025","chilipepper_2025","CC_NCC_fish_156","",2019-01-01,0,0,0,TRUE,41,"incl2026",1998
"chilipepper","data_2025","chilipepper_2025","CC_NCC_fish_156","",2020-01-01,NA,0,0,TRUE,41,"incl2026",1998
"chilipepper","data_2025","chilipepper_2025","CC_NCC_fish_156","",2021-01-01,0,0,0,TRUE,41,"incl2026",1998
"copeBiomassNH05north","NHL_2025","copeBiomassNH05north","CC_NCC_plank_189","",1998-01-01,0.337903703703704,0.337903703703704,0.337903703703704,TRUE,135,"incl2026",1998
"copeBiomassNH05north","NHL_2025","copeBiomassNH05north","CC_NCC_plank_189","",1999-01-01,0.970638095238095,0.970638095238095,0.970638095238095,TRUE,135,"incl2026",1998
"copeBiomassNH05north","NHL_2025","copeBiomassNH05north","CC_NCC_plank_189","",2000-01-01,1.18119583333333,1.18119583333333,1.18119583333333,TRUE,135,"incl2026",1998
"copeBiomassNH05north","NHL_2025","copeBiomassNH05north","CC_NCC_plank_189","",2001-01-01,1.08118484848485,1.08118484848485,1.08118484848485,TRUE,135,"incl2026",1998
"copeBiomassNH05north","NHL_2025","copeBiomassNH05north","CC_NCC_plank_189","",2002-01-01,1.57826666666667,1.57826666666667,1.57826666666667,TRUE,135,"incl2026",1998
"copeBiomassNH05north","NHL_2025","copeBiomassNH05north","CC_NCC_plank_189","",2003-01-01,1.01528148148148,1.01528148148148,1.01528148148148,TRUE,135,"incl2026",1998
"copeBiomassNH05north","NHL_2025","copeBiomassNH05north","CC_NCC_plank_189","",2004-01-01,0.993085714285714,0.993085714285714,0.993085714285714,TRUE,135,"incl2026",1998
"copeBiomassNH05north","NHL_2025","copeBiomassNH05north","CC_NCC_plank_189","",2005-01-01,0.348670833333333,0.348670833333333,0.348670833333333,TRUE,135,"incl2026",1998
"copeBiomassNH05north","NHL_2025","copeBiomassNH05north","CC_NCC_plank_189","",2006-01-01,0.661497222222222,0.661497222222222,0.661497222222222,TRUE,135,"incl2026",1998
"copeBiomassNH05north","NHL_2025","copeBiomassNH05north","CC_NCC_plank_189","",2007-01-01,1.02443333333333,1.02443333333333,1.02443333333333,TRUE,135,"incl2026",1998
"copeBiomassNH05north","NHL_2025","copeBiomassNH05north","CC_NCC_plank_189","",2008-01-01,1.60445740740741,1.60445740740741,1.60445740740741,TRUE,135,"incl2026",1998
"copeBiomassNH05north","NHL_2025","copeBiomassNH05north","CC_NCC_plank_189","",2009-01-01,1.52815454545455,1.52815454545455,1.52815454545455,TRUE,135,"incl2026",1998
"copeBiomassNH05north","NHL_2025","copeBiomassNH05north","CC_NCC_plank_189","",2010-01-01,0.687303333333333,0.687303333333333,0.687303333333333,TRUE,135,"incl2026",1998
"copeBiomassNH05north","NHL_2025","copeBiomassNH05north","CC_NCC_plank_189","",2011-01-01,1.7874,1.7874,1.7874,TRUE,135,"incl2026",1998
"copeBiomassNH05north","NHL_2025","copeBiomassNH05north","CC_NCC_plank_189","",2012-01-01,1.28111428571429,1.28111428571429,1.28111428571429,TRUE,135,"incl2026",1998
"copeBiomassNH05north","NHL_2025","copeBiomassNH05north","CC_NCC_plank_189","",2013-01-01,1.72741777777778,1.72741777777778,1.72741777777778,TRUE,135,"incl2026",1998
"copeBiomassNH05north","NHL_2025","copeBiomassNH05north","CC_NCC_plank_189","",2014-01-01,1.57424761904762,1.57424761904762,1.57424761904762,TRUE,135,"incl2026",1998
"copeBiomassNH05north","NHL_2025","copeBiomassNH05north","CC_NCC_plank_189","",2015-01-01,0.417971794871795,0.417971794871795,0.417971794871795,TRUE,135,"incl2026",1998
"copeBiomassNH05north","NHL_2025","copeBiomassNH05north","CC_NCC_plank_189","",2016-01-01,0.0524939393939394,0.0524939393939394,0.0524939393939394,TRUE,135,"incl2026",1998
"copeBiomassNH05north","NHL_2025","copeBiomassNH05north","CC_NCC_plank_189","",2017-01-01,0.104253333333333,0.104253333333333,0.104253333333333,TRUE,135,"incl2026",1998
"copeBiomassNH05north","NHL_2025","copeBiomassNH05north","CC_NCC_plank_189","",2018-01-01,1.13796296296296,1.13796296296296,1.13796296296296,TRUE,135,"incl2026",1998
"copeBiomassNH05north","NHL_2025","copeBiomassNH05north","CC_NCC_plank_189","",2019-01-01,0.8943,0.8943,0.8943,TRUE,135,"incl2026",1998
"copeBiomassNH05north","NHL_2025","copeBiomassNH05north","CC_NCC_plank_189","",2020-01-01,1.59796,1.59796,1.59796,TRUE,135,"incl2026",1998
"copeBiomassNH05north","NHL_2025","copeBiomassNH05north","CC_NCC_plank_189","",2021-01-01,1.99775454545455,1.99775454545455,1.99775454545455,TRUE,135,"incl2026",1998
"copeBiomassNH05south","NHL_2025","copeBiomassNH05south","CC_NCC_plank_190","",1998-01-01,0.727903703703704,0.727903703703704,0.727903703703704,TRUE,136,"incl2026",1998
"copeBiomassNH05south","NHL_2025","copeBiomassNH05south","CC_NCC_plank_190","",1999-01-01,0.386590476190476,0.386590476190476,0.386590476190476,TRUE,136,"incl2026",1998
"copeBiomassNH05south","NHL_2025","copeBiomassNH05south","CC_NCC_plank_190","",2000-01-01,0.155031944444444,0.155031944444444,0.155031944444444,TRUE,136,"incl2026",1998
"copeBiomassNH05south","NHL_2025","copeBiomassNH05south","CC_NCC_plank_190","",2001-01-01,0.274610101010101,0.274610101010101,0.274610101010101,TRUE,136,"incl2026",1998
"copeBiomassNH05south","NHL_2025","copeBiomassNH05south","CC_NCC_plank_190","",2002-01-01,0.405137777777778,0.405137777777778,0.405137777777778,TRUE,136,"incl2026",1998
"copeBiomassNH05south","NHL_2025","copeBiomassNH05south","CC_NCC_plank_190","",2003-01-01,0.843971604938272,0.843971604938272,0.843971604938272,TRUE,136,"incl2026",1998
"copeBiomassNH05south","NHL_2025","copeBiomassNH05south","CC_NCC_plank_190","",2004-01-01,0.721127777777778,0.721127777777778,0.721127777777778,TRUE,136,"incl2026",1998
"copeBiomassNH05south","NHL_2025","copeBiomassNH05south","CC_NCC_plank_190","",2005-01-01,0.908295833333333,0.908295833333333,0.908295833333333,TRUE,136,"incl2026",1998
"copeBiomassNH05south","NHL_2025","copeBiomassNH05south","CC_NCC_plank_190","",2006-01-01,0.448400925925926,0.448400925925926,0.448400925925926,TRUE,136,"incl2026",1998
"copeBiomassNH05south","NHL_2025","copeBiomassNH05south","CC_NCC_plank_190","",2007-01-01,0.250363888888889,0.250363888888889,0.250363888888889,TRUE,136,"incl2026",1998
"copeBiomassNH05south","NHL_2025","copeBiomassNH05south","CC_NCC_plank_190","",2008-01-01,0.167264814814815,0.167264814814815,0.167264814814815,TRUE,136,"incl2026",1998
"copeBiomassNH05south","NHL_2025","copeBiomassNH05south","CC_NCC_plank_190","",2009-01-01,0.152458585858586,0.152458585858586,0.152458585858586,TRUE,136,"incl2026",1998
"copeBiomassNH05south","NHL_2025","copeBiomassNH05south","CC_NCC_plank_190","",2010-01-01,0.867254444444444,0.867254444444444,0.867254444444444,TRUE,136,"incl2026",1998
"copeBiomassNH05south","NHL_2025","copeBiomassNH05south","CC_NCC_plank_190","",2011-01-01,0.268725,0.268725,0.268725,TRUE,136,"incl2026",1998
"copeBiomassNH05south","NHL_2025","copeBiomassNH05south","CC_NCC_plank_190","",2012-01-01,0.435578571428571,0.435578571428571,0.435578571428571,TRUE,136,"incl2026",1998
"copeBiomassNH05south","NHL_2025","copeBiomassNH05south","CC_NCC_plank_190","",2013-01-01,0.386451111111111,0.386451111111111,0.386451111111111,TRUE,136,"incl2026",1998
"copeBiomassNH05south","NHL_2025","copeBiomassNH05south","CC_NCC_plank_190","",2014-01-01,0.293593650793651,0.293593650793651,0.293593650793651,TRUE,136,"incl2026",1998
"copeBiomassNH05south","NHL_2025","copeBiomassNH05south","CC_NCC_plank_190","",2015-01-01,0.846811111111111,0.846811111111111,0.846811111111111,TRUE,136,"incl2026",1998
"copeBiomassNH05south","NHL_2025","copeBiomassNH05south","CC_NCC_plank_190","",2016-01-01,1.01474444444444,1.01474444444444,1.01474444444444,TRUE,136,"incl2026",1998
"copeBiomassNH05south","NHL_2025","copeBiomassNH05south","CC_NCC_plank_190","",2017-01-01,0.930922222222222,0.930922222222222,0.930922222222222,TRUE,136,"incl2026",1998
"copeBiomassNH05south","NHL_2025","copeBiomassNH05south","CC_NCC_plank_190","",2018-01-01,0.646023456790124,0.646023456790124,0.646023456790124,TRUE,136,"incl2026",1998
"copeBiomassNH05south","NHL_2025","copeBiomassNH05south","CC_NCC_plank_190","",2019-01-01,0.653,0.653,0.653,TRUE,136,"incl2026",1998
"copeBiomassNH05south","NHL_2025","copeBiomassNH05south","CC_NCC_plank_190","",2020-01-01,0.463202222222222,0.463202222222222,0.463202222222222,TRUE,136,"incl2026",1998
"copeBiomassNH05south","NHL_2025","copeBiomassNH05south","CC_NCC_plank_190","",2021-01-01,0.22590303030303,0.22590303030303,0.22590303030303,TRUE,136,"incl2026",1998
"copeCIaxis1","NHL_2025","copeCIaxis1","CC_NCC_plank_191","",1998-01-01,1.479845,1.479845,1.479845,TRUE,137,"incl2026",1998
"copeCIaxis1","NHL_2025","copeCIaxis1","CC_NCC_plank_191","",1999-01-01,0.345825,0.345825,0.345825,TRUE,137,"incl2026",1998
"copeCIaxis1","NHL_2025","copeCIaxis1","CC_NCC_plank_191","",2000-01-01,-0.06927,-0.06927,-0.06927,TRUE,137,"incl2026",1998
"copeCIaxis1","NHL_2025","copeCIaxis1","CC_NCC_plank_191","",2001-01-01,-0.0561557142857143,-0.0561557142857143,-0.0561557142857143,TRUE,137,"incl2026",1998
"copeCIaxis1","NHL_2025","copeCIaxis1","CC_NCC_plank_191","",2002-01-01,-0.0450088888888889,-0.0450088888888889,-0.0450088888888889,TRUE,137,"incl2026",1998
"copeCIaxis1","NHL_2025","copeCIaxis1","CC_NCC_plank_191","",2003-01-01,0.634275,0.634275,0.634275,TRUE,137,"incl2026",1998
"copeCIaxis1","NHL_2025","copeCIaxis1","CC_NCC_plank_191","",2004-01-01,0.484775,0.484775,0.484775,TRUE,137,"incl2026",1998
"copeCIaxis1","NHL_2025","copeCIaxis1","CC_NCC_plank_191","",2005-01-01,1.030602,1.030602,1.030602,TRUE,137,"incl2026",1998
"copeCIaxis1","NHL_2025","copeCIaxis1","CC_NCC_plank_191","",2006-01-01,0.66495375,0.66495375,0.66495375,TRUE,137,"incl2026",1998
"copeCIaxis1","NHL_2025","copeCIaxis1","CC_NCC_plank_191","",2007-01-01,0.0873725,0.0873725,0.0873725,TRUE,137,"incl2026",1998
"copeCIaxis1","NHL_2025","copeCIaxis1","CC_NCC_plank_191","",2008-01-01,-0.720301,-0.720301,-0.720301,TRUE,137,"incl2026",1998
"copeCIaxis1","NHL_2025","copeCIaxis1","CC_NCC_plank_191","",2009-01-01,-0.683092857142857,-0.683092857142857,-0.683092857142857,TRUE,137,"incl2026",1998
"copeCIaxis1","NHL_2025","copeCIaxis1","CC_NCC_plank_191","",2010-01-01,0.605246,0.605246,0.605246,TRUE,137,"incl2026",1998
"copeCIaxis1","NHL_2025","copeCIaxis1","CC_NCC_plank_191","",2011-01-01,-0.360148,-0.360148,-0.360148,TRUE,137,"incl2026",1998
"copeCIaxis1","NHL_2025","copeCIaxis1","CC_NCC_plank_191","",2012-01-01,-0.205258571428571,-0.205258571428571,-0.205258571428571,TRUE,137,"incl2026",1998
"copeCIaxis1","NHL_2025","copeCIaxis1","CC_NCC_plank_191","",2013-01-01,-0.199642222222222,-0.199642222222222,-0.199642222222222,TRUE,137,"incl2026",1998
"copeCIaxis1","NHL_2025","copeCIaxis1","CC_NCC_plank_191","",2014-01-01,-0.29581,-0.29581,-0.29581,TRUE,137,"incl2026",1998
"copeCIaxis1","NHL_2025","copeCIaxis1","CC_NCC_plank_191","",2015-01-01,1.09330571428571,1.09330571428571,1.09330571428571,TRUE,137,"incl2026",1998
"copeCIaxis1","NHL_2025","copeCIaxis1","CC_NCC_plank_191","",2016-01-01,1.93311125,1.93311125,1.93311125,TRUE,137,"incl2026",1998
"copeCIaxis1","NHL_2025","copeCIaxis1","CC_NCC_plank_191","",2017-01-01,1.8610575,1.8610575,1.8610575,TRUE,137,"incl2026",1998
"copeCIaxis1","NHL_2025","copeCIaxis1","CC_NCC_plank_191","",2018-01-01,0.378165714285714,0.378165714285714,0.378165714285714,TRUE,137,"incl2026",1998
"copeCIaxis1","NHL_2025","copeCIaxis1","CC_NCC_plank_191","",2019-01-01,0.49951,0.49951,0.49951,TRUE,137,"incl2026",1998
"copeCIaxis1","NHL_2025","copeCIaxis1","CC_NCC_plank_191","",2020-01-01,-0.198433333333333,-0.198433333333333,-0.198433333333333,TRUE,137,"incl2026",1998
"copeCIaxis1","NHL_2025","copeCIaxis1","CC_NCC_plank_191","",2021-01-01,-0.424587142857143,-0.424587142857143,-0.424587142857143,TRUE,137,"incl2026",1998
"copeCIaxis1_2026","plankton_2026","copeCIaxis1_2026","CC_NCC_plank_204","",1998-01-01,1.8282225,1.8282225,1.8282225,TRUE,137,"incl2026",1998
"copeCIaxis1_2026","plankton_2026","copeCIaxis1_2026","CC_NCC_plank_204","",1999-01-01,1.071062,1.071062,1.071062,TRUE,137,"incl2026",1998
"copeCIaxis1_2026","plankton_2026","copeCIaxis1_2026","CC_NCC_plank_204","",2000-01-01,0.679845666666667,0.679845666666667,0.679845666666667,TRUE,137,"incl2026",1998
"copeCIaxis1_2026","plankton_2026","copeCIaxis1_2026","CC_NCC_plank_204","",2001-01-01,0.683106666666667,0.683106666666667,0.683106666666667,TRUE,137,"incl2026",1998
"copeCIaxis1_2026","plankton_2026","copeCIaxis1_2026","CC_NCC_plank_204","",2002-01-01,0.761967185185185,0.761967185185185,0.761967185185185,TRUE,137,"incl2026",1998
"copeCIaxis1_2026","plankton_2026","copeCIaxis1_2026","CC_NCC_plank_204","",2003-01-01,1.03327533333333,1.03327533333333,1.03327533333333,TRUE,137,"incl2026",1998
"copeCIaxis1_2026","plankton_2026","copeCIaxis1_2026","CC_NCC_plank_204","",2004-01-01,1.31794411111111,1.31794411111111,1.31794411111111,TRUE,137,"incl2026",1998
"copeCIaxis1_2026","plankton_2026","copeCIaxis1_2026","CC_NCC_plank_204","",2005-01-01,1.23469,1.23469,1.23469,TRUE,137,"incl2026",1998
"copeCIaxis1_2026","plankton_2026","copeCIaxis1_2026","CC_NCC_plank_204","",2006-01-01,0.782148666666667,0.782148666666667,0.782148666666667,TRUE,137,"incl2026",1998
"copeCIaxis1_2026","plankton_2026","copeCIaxis1_2026","CC_NCC_plank_204","",2007-01-01,0.717323,0.717323,0.717323,TRUE,137,"incl2026",1998
"copeCIaxis1_2026","plankton_2026","copeCIaxis1_2026","CC_NCC_plank_204","",2008-01-01,-0.178255,-0.178255,-0.178255,TRUE,137,"incl2026",1998
"copeCIaxis1_2026","plankton_2026","copeCIaxis1_2026","CC_NCC_plank_204","",2009-01-01,0.179857,0.179857,0.179857,TRUE,137,"incl2026",1998
"copeCIaxis1_2026","plankton_2026","copeCIaxis1_2026","CC_NCC_plank_204","",2010-01-01,1.100315,1.100315,1.100315,TRUE,137,"incl2026",1998
"copeCIaxis1_2026","plankton_2026","copeCIaxis1_2026","CC_NCC_plank_204","",2011-01-01,0.395192,0.395192,0.395192,TRUE,137,"incl2026",1998
"copeCIaxis1_2026","plankton_2026","copeCIaxis1_2026","CC_NCC_plank_204","",2012-01-01,0.406758,0.406758,0.406758,TRUE,137,"incl2026",1998
"copeCIaxis1_2026","plankton_2026","copeCIaxis1_2026","CC_NCC_plank_204","",2013-01-01,0.624289166666667,0.624289166666667,0.624289166666667,TRUE,137,"incl2026",1998
"copeCIaxis1_2026","plankton_2026","copeCIaxis1_2026","CC_NCC_plank_204","",2014-01-01,0.123747,0.123747,0.123747,TRUE,137,"incl2026",1998
"copeCIaxis1_2026","plankton_2026","copeCIaxis1_2026","CC_NCC_plank_204","",2015-01-01,1.564032,1.564032,1.564032,TRUE,137,"incl2026",1998
"copeCIaxis1_2026","plankton_2026","copeCIaxis1_2026","CC_NCC_plank_204","",2016-01-01,2.09225655555556,2.09225655555556,2.09225655555556,TRUE,137,"incl2026",1998
"copeCIaxis1_2026","plankton_2026","copeCIaxis1_2026","CC_NCC_plank_204","",2017-01-01,1.95537333333333,1.95537333333333,1.95537333333333,TRUE,137,"incl2026",1998
"copeCIaxis1_2026","plankton_2026","copeCIaxis1_2026","CC_NCC_plank_204","",2018-01-01,0.874438,0.874438,0.874438,TRUE,137,"incl2026",1998
"copeCIaxis1_2026","plankton_2026","copeCIaxis1_2026","CC_NCC_plank_204","",2019-01-01,1.025884,1.025884,1.025884,TRUE,137,"incl2026",1998
"copeCIaxis1_2026","plankton_2026","copeCIaxis1_2026","CC_NCC_plank_204","",2020-01-01,0.498526,0.498526,0.498526,TRUE,137,"incl2026",1998
"copeCIaxis1_2026","plankton_2026","copeCIaxis1_2026","CC_NCC_plank_204","",2021-01-01,0.413705,0.413705,0.413705,TRUE,137,"incl2026",1998
"copeCIaxis2","NHL_2025","copeCIaxis2","CC_NCC_plank_192","",1998-01-01,0.0989875,0.0989875,0.0989875,TRUE,138,"incl2026",1998
"copeCIaxis2","NHL_2025","copeCIaxis2","CC_NCC_plank_192","",1999-01-01,-0.367716666666667,-0.367716666666667,-0.367716666666667,TRUE,138,"incl2026",1998
"copeCIaxis2","NHL_2025","copeCIaxis2","CC_NCC_plank_192","",2000-01-01,-1.08762833333333,-1.08762833333333,-1.08762833333333,TRUE,138,"incl2026",1998
"copeCIaxis2","NHL_2025","copeCIaxis2","CC_NCC_plank_192","",2001-01-01,-0.139627142857143,-0.139627142857143,-0.139627142857143,TRUE,138,"incl2026",1998
"copeCIaxis2","NHL_2025","copeCIaxis2","CC_NCC_plank_192","",2002-01-01,-0.300826666666667,-0.300826666666667,-0.300826666666667,TRUE,138,"incl2026",1998
"copeCIaxis2","NHL_2025","copeCIaxis2","CC_NCC_plank_192","",2003-01-01,0.0286366666666667,0.0286366666666667,0.0286366666666667,TRUE,138,"incl2026",1998
"copeCIaxis2","NHL_2025","copeCIaxis2","CC_NCC_plank_192","",2004-01-01,0.12567,0.12567,0.12567,TRUE,138,"incl2026",1998
"copeCIaxis2","NHL_2025","copeCIaxis2","CC_NCC_plank_192","",2005-01-01,0.463634,0.463634,0.463634,TRUE,138,"incl2026",1998
"copeCIaxis2","NHL_2025","copeCIaxis2","CC_NCC_plank_192","",2006-01-01,0.04088625,0.04088625,0.04088625,TRUE,138,"incl2026",1998
"copeCIaxis2","NHL_2025","copeCIaxis2","CC_NCC_plank_192","",2007-01-01,-0.1430725,-0.1430725,-0.1430725,TRUE,138,"incl2026",1998
"copeCIaxis2","NHL_2025","copeCIaxis2","CC_NCC_plank_192","",2008-01-01,-0.291702,-0.291702,-0.291702,TRUE,138,"incl2026",1998
"copeCIaxis2","NHL_2025","copeCIaxis2","CC_NCC_plank_192","",2009-01-01,-0.440947142857143,-0.440947142857143,-0.440947142857143,TRUE,138,"incl2026",1998
"copeCIaxis2","NHL_2025","copeCIaxis2","CC_NCC_plank_192","",2010-01-01,0.302788,0.302788,0.302788,TRUE,138,"incl2026",1998
"copeCIaxis2","NHL_2025","copeCIaxis2","CC_NCC_plank_192","",2011-01-01,-0.489066,-0.489066,-0.489066,TRUE,138,"incl2026",1998
"copeCIaxis2","NHL_2025","copeCIaxis2","CC_NCC_plank_192","",2012-01-01,-0.276227142857143,-0.276227142857143,-0.276227142857143,TRUE,138,"incl2026",1998
"copeCIaxis2","NHL_2025","copeCIaxis2","CC_NCC_plank_192","",2013-01-01,-0.299614444444444,-0.299614444444444,-0.299614444444444,TRUE,138,"incl2026",1998
"copeCIaxis2","NHL_2025","copeCIaxis2","CC_NCC_plank_192","",2014-01-01,-0.063058,-0.063058,-0.063058,TRUE,138,"incl2026",1998
"copeCIaxis2","NHL_2025","copeCIaxis2","CC_NCC_plank_192","",2015-01-01,0.284625714285714,0.284625714285714,0.284625714285714,TRUE,138,"incl2026",1998
"copeCIaxis2","NHL_2025","copeCIaxis2","CC_NCC_plank_192","",2016-01-01,0.2176775,0.2176775,0.2176775,TRUE,138,"incl2026",1998
"copeCIaxis2","NHL_2025","copeCIaxis2","CC_NCC_plank_192","",2017-01-01,0.2122925,0.2122925,0.2122925,TRUE,138,"incl2026",1998
"copeCIaxis2","NHL_2025","copeCIaxis2","CC_NCC_plank_192","",2018-01-01,0.195468571428571,0.195468571428571,0.195468571428571,TRUE,138,"incl2026",1998
"copeCIaxis2","NHL_2025","copeCIaxis2","CC_NCC_plank_192","",2019-01-01,0.202785,0.202785,0.202785,TRUE,138,"incl2026",1998
"copeCIaxis2","NHL_2025","copeCIaxis2","CC_NCC_plank_192","",2020-01-01,-0.50309,-0.50309,-0.50309,TRUE,138,"incl2026",1998
"copeCIaxis2","NHL_2025","copeCIaxis2","CC_NCC_plank_192","",2021-01-01,-0.244981428571429,-0.244981428571429,-0.244981428571429,TRUE,138,"incl2026",1998
"copeLogBiomassNorth_2026","plankton_2026","copeLogBiomassNorth_2026","CC_NCC_plank_205","",1998-01-01,0.22983,0.22983,0.22983,TRUE,135,"incl2026",1998
"copeLogBiomassNorth_2026","plankton_2026","copeLogBiomassNorth_2026","CC_NCC_plank_205","",1999-01-01,0.867533333333333,0.867533333333333,0.867533333333333,TRUE,135,"incl2026",1998
"copeLogBiomassNorth_2026","plankton_2026","copeLogBiomassNorth_2026","CC_NCC_plank_205","",2000-01-01,1.11598888888889,1.11598888888889,1.11598888888889,TRUE,135,"incl2026",1998
"copeLogBiomassNorth_2026","plankton_2026","copeLogBiomassNorth_2026","CC_NCC_plank_205","",2001-01-01,1.25984777777778,1.25984777777778,1.25984777777778,TRUE,135,"incl2026",1998
"copeLogBiomassNorth_2026","plankton_2026","copeLogBiomassNorth_2026","CC_NCC_plank_205","",2002-01-01,1.47736611111111,1.47736611111111,1.47736611111111,TRUE,135,"incl2026",1998
"copeLogBiomassNorth_2026","plankton_2026","copeLogBiomassNorth_2026","CC_NCC_plank_205","",2003-01-01,1.20822666666667,1.20822666666667,1.20822666666667,TRUE,135,"incl2026",1998
"copeLogBiomassNorth_2026","plankton_2026","copeLogBiomassNorth_2026","CC_NCC_plank_205","",2004-01-01,0.855381666666667,0.855381666666667,0.855381666666667,TRUE,135,"incl2026",1998
"copeLogBiomassNorth_2026","plankton_2026","copeLogBiomassNorth_2026","CC_NCC_plank_205","",2005-01-01,0.671836666666667,0.671836666666667,0.671836666666667,TRUE,135,"incl2026",1998
"copeLogBiomassNorth_2026","plankton_2026","copeLogBiomassNorth_2026","CC_NCC_plank_205","",2006-01-01,1.32433666666667,1.32433666666667,1.32433666666667,TRUE,135,"incl2026",1998
"copeLogBiomassNorth_2026","plankton_2026","copeLogBiomassNorth_2026","CC_NCC_plank_205","",2007-01-01,1.309855,1.309855,1.309855,TRUE,135,"incl2026",1998
"copeLogBiomassNorth_2026","plankton_2026","copeLogBiomassNorth_2026","CC_NCC_plank_205","",2008-01-01,1.55861666666667,1.55861666666667,1.55861666666667,TRUE,135,"incl2026",1998
"copeLogBiomassNorth_2026","plankton_2026","copeLogBiomassNorth_2026","CC_NCC_plank_205","",2009-01-01,1.56362333333333,1.56362333333333,1.56362333333333,TRUE,135,"incl2026",1998
"copeLogBiomassNorth_2026","plankton_2026","copeLogBiomassNorth_2026","CC_NCC_plank_205","",2010-01-01,0.939111666666667,0.939111666666667,0.939111666666667,TRUE,135,"incl2026",1998
"copeLogBiomassNorth_2026","plankton_2026","copeLogBiomassNorth_2026","CC_NCC_plank_205","",2011-01-01,1.76487,1.76487,1.76487,TRUE,135,"incl2026",1998
"copeLogBiomassNorth_2026","plankton_2026","copeLogBiomassNorth_2026","CC_NCC_plank_205","",2012-01-01,1.88835,1.88835,1.88835,TRUE,135,"incl2026",1998
"copeLogBiomassNorth_2026","plankton_2026","copeLogBiomassNorth_2026","CC_NCC_plank_205","",2013-01-01,1.56604166666667,1.56604166666667,1.56604166666667,TRUE,135,"incl2026",1998
"copeLogBiomassNorth_2026","plankton_2026","copeLogBiomassNorth_2026","CC_NCC_plank_205","",2014-01-01,1.56320833333333,1.56320833333333,1.56320833333333,TRUE,135,"incl2026",1998
"copeLogBiomassNorth_2026","plankton_2026","copeLogBiomassNorth_2026","CC_NCC_plank_205","",2015-01-01,0.464598888888889,0.464598888888889,0.464598888888889,TRUE,135,"incl2026",1998
"copeLogBiomassNorth_2026","plankton_2026","copeLogBiomassNorth_2026","CC_NCC_plank_205","",2016-01-01,0.0124288888888889,0.0124288888888889,0.0124288888888889,TRUE,135,"incl2026",1998
"copeLogBiomassNorth_2026","plankton_2026","copeLogBiomassNorth_2026","CC_NCC_plank_205","",2017-01-01,0.0469088888888889,0.0469088888888889,0.0469088888888889,TRUE,135,"incl2026",1998
"copeLogBiomassNorth_2026","plankton_2026","copeLogBiomassNorth_2026","CC_NCC_plank_205","",2018-01-01,1.13839,1.13839,1.13839,TRUE,135,"incl2026",1998
"copeLogBiomassNorth_2026","plankton_2026","copeLogBiomassNorth_2026","CC_NCC_plank_205","",2019-01-01,0.75624,0.75624,0.75624,TRUE,135,"incl2026",1998
"copeLogBiomassNorth_2026","plankton_2026","copeLogBiomassNorth_2026","CC_NCC_plank_205","",2020-01-01,1.67079666666667,1.67079666666667,1.67079666666667,TRUE,135,"incl2026",1998
"copeLogBiomassNorth_2026","plankton_2026","copeLogBiomassNorth_2026","CC_NCC_plank_205","",2021-01-01,1.96993333333333,1.96993333333333,1.96993333333333,TRUE,135,"incl2026",1998
"copeLogBiomassSouth_2026","plankton_2026","copeLogBiomassSouth_2026","CC_NCC_plank_206","",1998-01-01,0.811168888888889,0.811168888888889,0.811168888888889,TRUE,136,"incl2026",1998
"copeLogBiomassSouth_2026","plankton_2026","copeLogBiomassSouth_2026","CC_NCC_plank_206","",1999-01-01,0.548556296296296,0.548556296296296,0.548556296296296,TRUE,136,"incl2026",1998
"copeLogBiomassSouth_2026","plankton_2026","copeLogBiomassSouth_2026","CC_NCC_plank_206","",2000-01-01,0.326786296296296,0.326786296296296,0.326786296296296,TRUE,136,"incl2026",1998
"copeLogBiomassSouth_2026","plankton_2026","copeLogBiomassSouth_2026","CC_NCC_plank_206","",2001-01-01,0.512015185185185,0.512015185185185,0.512015185185185,TRUE,136,"incl2026",1998
"copeLogBiomassSouth_2026","plankton_2026","copeLogBiomassSouth_2026","CC_NCC_plank_206","",2002-01-01,0.654302962962963,0.654302962962963,0.654302962962963,TRUE,136,"incl2026",1998
"copeLogBiomassSouth_2026","plankton_2026","copeLogBiomassSouth_2026","CC_NCC_plank_206","",2003-01-01,0.891328888888889,0.891328888888889,0.891328888888889,TRUE,136,"incl2026",1998
"copeLogBiomassSouth_2026","plankton_2026","copeLogBiomassSouth_2026","CC_NCC_plank_206","",2004-01-01,0.857105185185185,0.857105185185185,0.857105185185185,TRUE,136,"incl2026",1998
"copeLogBiomassSouth_2026","plankton_2026","copeLogBiomassSouth_2026","CC_NCC_plank_206","",2005-01-01,0.987645555555556,0.987645555555556,0.987645555555556,TRUE,136,"incl2026",1998
"copeLogBiomassSouth_2026","plankton_2026","copeLogBiomassSouth_2026","CC_NCC_plank_206","",2006-01-01,0.651958518518518,0.651958518518518,0.651958518518518,TRUE,136,"incl2026",1998
"copeLogBiomassSouth_2026","plankton_2026","copeLogBiomassSouth_2026","CC_NCC_plank_206","",2007-01-01,0.536596666666667,0.536596666666667,0.536596666666667,TRUE,136,"incl2026",1998
"copeLogBiomassSouth_2026","plankton_2026","copeLogBiomassSouth_2026","CC_NCC_plank_206","",2008-01-01,0.235765,0.235765,0.235765,TRUE,136,"incl2026",1998
"copeLogBiomassSouth_2026","plankton_2026","copeLogBiomassSouth_2026","CC_NCC_plank_206","",2009-01-01,0.416015555555556,0.416015555555556,0.416015555555556,TRUE,136,"incl2026",1998
"copeLogBiomassSouth_2026","plankton_2026","copeLogBiomassSouth_2026","CC_NCC_plank_206","",2010-01-01,0.816985,0.816985,0.816985,TRUE,136,"incl2026",1998
"copeLogBiomassSouth_2026","plankton_2026","copeLogBiomassSouth_2026","CC_NCC_plank_206","",2011-01-01,0.485594444444444,0.485594444444444,0.485594444444444,TRUE,136,"incl2026",1998
"copeLogBiomassSouth_2026","plankton_2026","copeLogBiomassSouth_2026","CC_NCC_plank_206","",2012-01-01,0.605236666666667,0.605236666666667,0.605236666666667,TRUE,136,"incl2026",1998
"copeLogBiomassSouth_2026","plankton_2026","copeLogBiomassSouth_2026","CC_NCC_plank_206","",2013-01-01,0.657053518518519,0.657053518518519,0.657053518518519,TRUE,136,"incl2026",1998
"copeLogBiomassSouth_2026","plankton_2026","copeLogBiomassSouth_2026","CC_NCC_plank_206","",2014-01-01,0.337005555555556,0.337005555555556,0.337005555555556,TRUE,136,"incl2026",1998
"copeLogBiomassSouth_2026","plankton_2026","copeLogBiomassSouth_2026","CC_NCC_plank_206","",2015-01-01,0.909028148148148,0.909028148148148,0.909028148148148,TRUE,136,"incl2026",1998
"copeLogBiomassSouth_2026","plankton_2026","copeLogBiomassSouth_2026","CC_NCC_plank_206","",2016-01-01,0.956973888888889,0.956973888888889,0.956973888888889,TRUE,136,"incl2026",1998
"copeLogBiomassSouth_2026","plankton_2026","copeLogBiomassSouth_2026","CC_NCC_plank_206","",2017-01-01,0.895386296296296,0.895386296296296,0.895386296296296,TRUE,136,"incl2026",1998
"copeLogBiomassSouth_2026","plankton_2026","copeLogBiomassSouth_2026","CC_NCC_plank_206","",2018-01-01,0.693691666666667,0.693691666666667,0.693691666666667,TRUE,136,"incl2026",1998
"copeLogBiomassSouth_2026","plankton_2026","copeLogBiomassSouth_2026","CC_NCC_plank_206","",2019-01-01,0.704487777777778,0.704487777777778,0.704487777777778,TRUE,136,"incl2026",1998
"copeLogBiomassSouth_2026","plankton_2026","copeLogBiomassSouth_2026","CC_NCC_plank_206","",2020-01-01,0.677168333333333,0.677168333333333,0.677168333333333,TRUE,136,"incl2026",1998
"copeLogBiomassSouth_2026","plankton_2026","copeLogBiomassSouth_2026","CC_NCC_plank_206","",2021-01-01,0.531335555555556,0.531335555555556,0.531335555555556,TRUE,136,"incl2026",1998
"cpue_IntSprJunHW_2025","SEM_data_2025","cpue_IntSprJunHW_2025","CC_NCC_fish_135","abundance",1998-01-01,0.0295397173287961,0.0295397173287961,0.0295397173287961,TRUE,134,"incl2026",1998
"cpue_IntSprJunHW_2025","SEM_data_2025","cpue_IntSprJunHW_2025","CC_NCC_fish_135","abundance",1999-01-01,1.0871807797041,1.0871807797041,1.0871807797041,TRUE,134,"incl2026",1998
"cpue_IntSprJunHW_2025","SEM_data_2025","cpue_IntSprJunHW_2025","CC_NCC_fish_135","abundance",2000-01-01,0.329146626056017,0.329146626056017,0.329146626056017,TRUE,134,"incl2026",1998
"cpue_IntSprJunHW_2025","SEM_data_2025","cpue_IntSprJunHW_2025","CC_NCC_fish_135","abundance",2001-01-01,0.0820734369336961,0.0820734369336961,0.0820734369336961,TRUE,134,"incl2026",1998
"cpue_IntSprJunHW_2025","SEM_data_2025","cpue_IntSprJunHW_2025","CC_NCC_fish_135","abundance",2002-01-01,0.254433622528142,0.254433622528142,0.254433622528142,TRUE,134,"incl2026",1998
"cpue_IntSprJunHW_2025","SEM_data_2025","cpue_IntSprJunHW_2025","CC_NCC_fish_135","abundance",2003-01-01,0.301141296808961,0.301141296808961,0.301141296808961,TRUE,134,"incl2026",1998
"cpue_IntSprJunHW_2025","SEM_data_2025","cpue_IntSprJunHW_2025","CC_NCC_fish_135","abundance",2004-01-01,0.0852777105384307,0.0852777105384307,0.0852777105384307,TRUE,134,"incl2026",1998
"cpue_IntSprJunHW_2025","SEM_data_2025","cpue_IntSprJunHW_2025","CC_NCC_fish_135","abundance",2005-01-01,0.0701297460046892,0.0701297460046892,0.0701297460046892,TRUE,134,"incl2026",1998
"cpue_IntSprJunHW_2025","SEM_data_2025","cpue_IntSprJunHW_2025","CC_NCC_fish_135","abundance",2006-01-01,0.165017774058,0.165017774058,0.165017774058,TRUE,134,"incl2026",1998
"cpue_IntSprJunHW_2025","SEM_data_2025","cpue_IntSprJunHW_2025","CC_NCC_fish_135","abundance",2007-01-01,0.190748916603785,0.190748916603785,0.190748916603785,TRUE,134,"incl2026",1998
"cpue_IntSprJunHW_2025","SEM_data_2025","cpue_IntSprJunHW_2025","CC_NCC_fish_135","abundance",2008-01-01,1.83324372110289,1.83324372110289,1.83324372110289,TRUE,134,"incl2026",1998
"cpue_IntSprJunHW_2025","SEM_data_2025","cpue_IntSprJunHW_2025","CC_NCC_fish_135","abundance",2009-01-01,0.28442678167803,0.28442678167803,0.28442678167803,TRUE,134,"incl2026",1998
"cpue_IntSprJunHW_2025","SEM_data_2025","cpue_IntSprJunHW_2025","CC_NCC_fish_135","abundance",2010-01-01,0.29338790909721,0.29338790909721,0.29338790909721,TRUE,134,"incl2026",1998
"cpue_IntSprJunHW_2025","SEM_data_2025","cpue_IntSprJunHW_2025","CC_NCC_fish_135","abundance",2011-01-01,0.205309534742366,0.205309534742366,0.205309534742366,TRUE,134,"incl2026",1998
"cpue_IntSprJunHW_2025","SEM_data_2025","cpue_IntSprJunHW_2025","CC_NCC_fish_135","abundance",2012-01-01,0.561074742598042,0.561074742598042,0.561074742598042,TRUE,134,"incl2026",1998
"cpue_IntSprJunHW_2025","SEM_data_2025","cpue_IntSprJunHW_2025","CC_NCC_fish_135","abundance",2013-01-01,0.715709261298692,0.715709261298692,0.715709261298692,TRUE,134,"incl2026",1998
"cpue_IntSprJunHW_2025","SEM_data_2025","cpue_IntSprJunHW_2025","CC_NCC_fish_135","abundance",2014-01-01,0.137737376360068,0.137737376360068,0.137737376360068,TRUE,134,"incl2026",1998
"cpue_IntSprJunHW_2025","SEM_data_2025","cpue_IntSprJunHW_2025","CC_NCC_fish_135","abundance",2015-01-01,0.181187182053892,0.181187182053892,0.181187182053892,TRUE,134,"incl2026",1998
"cpue_IntSprJunHW_2025","SEM_data_2025","cpue_IntSprJunHW_2025","CC_NCC_fish_135","abundance",2016-01-01,0.103935462124222,0.103935462124222,0.103935462124222,TRUE,134,"incl2026",1998
"cpue_IntSprJunHW_2025","SEM_data_2025","cpue_IntSprJunHW_2025","CC_NCC_fish_135","abundance",2017-01-01,0.00992952683709087,0.00992952683709087,0.00992952683709087,TRUE,134,"incl2026",1998
"cpue_IntSprJunHW_2025","SEM_data_2025","cpue_IntSprJunHW_2025","CC_NCC_fish_135","abundance",2018-01-01,0.11293827835556,0.11293827835556,0.11293827835556,TRUE,134,"incl2026",1998
"cpue_IntSprJunHW_2025","SEM_data_2025","cpue_IntSprJunHW_2025","CC_NCC_fish_135","abundance",2019-01-01,0.108612835377295,0.108612835377295,0.108612835377295,TRUE,134,"incl2026",1998
"cpue_IntSprJunHW_2025","SEM_data_2025","cpue_IntSprJunHW_2025","CC_NCC_fish_135","abundance",2020-01-01,0.0785595524980682,0.0785595524980682,0.0785595524980682,TRUE,134,"incl2026",1998
"cpue_IntSprJunHW_2025","SEM_data_2025","cpue_IntSprJunHW_2025","CC_NCC_fish_135","abundance",2021-01-01,0.0518515738337735,0.0518515738337735,0.0518515738337735,TRUE,134,"incl2026",1998
"darkblotched rockfish","data_2025","darkblotchedRockfish_2025","CC_NCC_fish_158","",1998-01-01,NA,NA,NA,TRUE,139,"incl2026",1998
"darkblotched rockfish","data_2025","darkblotchedRockfish_2025","CC_NCC_fish_158","",1999-01-01,NA,NA,NA,TRUE,139,"incl2026",1998
"darkblotched rockfish","data_2025","darkblotchedRockfish_2025","CC_NCC_fish_158","",2000-01-01,NA,NA,NA,TRUE,139,"incl2026",1998
"darkblotched rockfish","data_2025","darkblotchedRockfish_2025","CC_NCC_fish_158","",2001-01-01,NA,NA,NA,TRUE,139,"incl2026",1998
"darkblotched rockfish","data_2025","darkblotchedRockfish_2025","CC_NCC_fish_158","",2002-01-01,NA,NA,NA,TRUE,139,"incl2026",1998
"darkblotched rockfish","data_2025","darkblotchedRockfish_2025","CC_NCC_fish_158","",2003-01-01,100.346571254264,100.346571254264,100.346571254264,TRUE,139,"incl2026",1998
"darkblotched rockfish","data_2025","darkblotchedRockfish_2025","CC_NCC_fish_158","",2004-01-01,91.595743464495,91.595743464495,91.595743464495,TRUE,139,"incl2026",1998
"darkblotched rockfish","data_2025","darkblotchedRockfish_2025","CC_NCC_fish_158","",2005-01-01,235.076366292112,235.076366292112,235.076366292112,TRUE,139,"incl2026",1998
"darkblotched rockfish","data_2025","darkblotchedRockfish_2025","CC_NCC_fish_158","",2006-01-01,181.584851871478,181.584851871478,181.584851871478,TRUE,139,"incl2026",1998
"darkblotched rockfish","data_2025","darkblotchedRockfish_2025","CC_NCC_fish_158","",2007-01-01,74.3280860068639,74.3280860068639,74.3280860068639,TRUE,139,"incl2026",1998
"darkblotched rockfish","data_2025","darkblotchedRockfish_2025","CC_NCC_fish_158","",2008-01-01,469.115858906959,469.115858906959,469.115858906959,TRUE,139,"incl2026",1998
"darkblotched rockfish","data_2025","darkblotchedRockfish_2025","CC_NCC_fish_158","",2009-01-01,68.1626307600312,68.1626307600312,68.1626307600312,TRUE,139,"incl2026",1998
"darkblotched rockfish","data_2025","darkblotchedRockfish_2025","CC_NCC_fish_158","",2010-01-01,192.120775204604,192.120775204604,192.120775204604,TRUE,139,"incl2026",1998
"darkblotched rockfish","data_2025","darkblotchedRockfish_2025","CC_NCC_fish_158","",2011-01-01,48.6024953579568,48.6024953579568,48.6024953579568,TRUE,139,"incl2026",1998
"darkblotched rockfish","data_2025","darkblotchedRockfish_2025","CC_NCC_fish_158","",2012-01-01,347.451955081519,347.451955081519,347.451955081519,TRUE,139,"incl2026",1998
"darkblotched rockfish","data_2025","darkblotchedRockfish_2025","CC_NCC_fish_158","",2013-01-01,19.53976717422,19.53976717422,19.53976717422,TRUE,139,"incl2026",1998
"darkblotched rockfish","data_2025","darkblotchedRockfish_2025","CC_NCC_fish_158","",2014-01-01,25.5499566392319,25.5499566392319,25.5499566392319,TRUE,139,"incl2026",1998
"darkblotched rockfish","data_2025","darkblotchedRockfish_2025","CC_NCC_fish_158","",2015-01-01,54.9098513286389,54.9098513286389,54.9098513286389,TRUE,139,"incl2026",1998
"darkblotched rockfish","data_2025","darkblotchedRockfish_2025","CC_NCC_fish_158","",2016-01-01,243.286251964462,243.286251964462,243.286251964462,TRUE,139,"incl2026",1998
"darkblotched rockfish","data_2025","darkblotchedRockfish_2025","CC_NCC_fish_158","",2017-01-01,205.725673974145,205.725673974145,205.725673974145,TRUE,139,"incl2026",1998
"darkblotched rockfish","data_2025","darkblotchedRockfish_2025","CC_NCC_fish_158","",2018-01-01,33.5640576105235,33.5640576105235,33.5640576105235,TRUE,139,"incl2026",1998
"darkblotched rockfish","data_2025","darkblotchedRockfish_2025","CC_NCC_fish_158","",2019-01-01,27.8024368656526,27.8024368656526,27.8024368656526,TRUE,139,"incl2026",1998
"darkblotched rockfish","data_2025","darkblotchedRockfish_2025","CC_NCC_fish_158","",2020-01-01,NA,23.9642108748996,23.9642108748996,TRUE,139,"incl2026",1998
"darkblotched rockfish","data_2025","darkblotchedRockfish_2025","CC_NCC_fish_158","",2021-01-01,20.1259848841466,20.1259848841466,20.1259848841466,TRUE,139,"incl2026",1998
"est_log_abund_herring_recruits","WCVI","estAbundHerringRecruits","WCVI_WCVI_fish_57","north",1998-01-01,5.42111512850574,5.42111512850574,5.42111512850574,TRUE,140,"incl2026",1998
"est_log_abund_herring_recruits","WCVI","estAbundHerringRecruits","WCVI_WCVI_fish_57","north",1999-01-01,5.60800937831397,5.60800937831397,5.60800937831397,TRUE,140,"incl2026",1998
"est_log_abund_herring_recruits","WCVI","estAbundHerringRecruits","WCVI_WCVI_fish_57","north",2000-01-01,6.05372354686354,6.05372354686354,6.05372354686354,TRUE,140,"incl2026",1998
"est_log_abund_herring_recruits","WCVI","estAbundHerringRecruits","WCVI_WCVI_fish_57","north",2001-01-01,6.38435552530203,6.38435552530203,6.38435552530203,TRUE,140,"incl2026",1998
"est_log_abund_herring_recruits","WCVI","estAbundHerringRecruits","WCVI_WCVI_fish_57","north",2002-01-01,6.38459081990735,6.38459081990735,6.38459081990735,TRUE,140,"incl2026",1998
"est_log_abund_herring_recruits","WCVI","estAbundHerringRecruits","WCVI_WCVI_fish_57","north",2003-01-01,5.59873340175592,5.59873340175592,5.59873340175592,TRUE,140,"incl2026",1998
"est_log_abund_herring_recruits","WCVI","estAbundHerringRecruits","WCVI_WCVI_fish_57","north",2004-01-01,5.68483662597996,5.68483662597996,5.68483662597996,TRUE,140,"incl2026",1998
"est_log_abund_herring_recruits","WCVI","estAbundHerringRecruits","WCVI_WCVI_fish_57","north",2005-01-01,5.26537427186893,5.26537427186893,5.26537427186893,TRUE,140,"incl2026",1998
"est_log_abund_herring_recruits","WCVI","estAbundHerringRecruits","WCVI_WCVI_fish_57","north",2006-01-01,5.71645937294222,5.71645937294222,5.71645937294222,TRUE,140,"incl2026",1998
"est_log_abund_herring_recruits","WCVI","estAbundHerringRecruits","WCVI_WCVI_fish_57","north",2007-01-01,4.907871258062,4.907871258062,4.907871258062,TRUE,140,"incl2026",1998
"est_log_abund_herring_recruits","WCVI","estAbundHerringRecruits","WCVI_WCVI_fish_57","north",2008-01-01,5.52343702166195,5.52343702166195,5.52343702166195,TRUE,140,"incl2026",1998
"est_log_abund_herring_recruits","WCVI","estAbundHerringRecruits","WCVI_WCVI_fish_57","north",2009-01-01,4.9816671447864,4.9816671447864,4.9816671447864,TRUE,140,"incl2026",1998
"est_log_abund_herring_recruits","WCVI","estAbundHerringRecruits","WCVI_WCVI_fish_57","north",2010-01-01,5.9726473111974,5.9726473111974,5.9726473111974,TRUE,140,"incl2026",1998
"est_log_abund_herring_recruits","WCVI","estAbundHerringRecruits","WCVI_WCVI_fish_57","north",2011-01-01,4.65595604403748,4.65595604403748,4.65595604403748,TRUE,140,"incl2026",1998
"est_log_abund_herring_recruits","WCVI","estAbundHerringRecruits","WCVI_WCVI_fish_57","north",2012-01-01,4.84693941978432,4.84693941978432,4.84693941978432,TRUE,140,"incl2026",1998
"est_log_abund_herring_recruits","WCVI","estAbundHerringRecruits","WCVI_WCVI_fish_57","north",2013-01-01,5.77866060117068,5.77866060117068,5.77866060117068,TRUE,140,"incl2026",1998
"est_log_abund_herring_recruits","WCVI","estAbundHerringRecruits","WCVI_WCVI_fish_57","north",2014-01-01,5.5517456594699,5.5517456594699,5.5517456594699,TRUE,140,"incl2026",1998
"est_log_abund_herring_recruits","WCVI","estAbundHerringRecruits","WCVI_WCVI_fish_57","north",2015-01-01,6.79699598915206,6.79699598915206,6.79699598915206,TRUE,140,"incl2026",1998
"est_log_abund_herring_recruits","WCVI","estAbundHerringRecruits","WCVI_WCVI_fish_57","north",2016-01-01,4.91644997141582,4.91644997141582,4.91644997141582,TRUE,140,"incl2026",1998
"est_log_abund_herring_recruits","WCVI","estAbundHerringRecruits","WCVI_WCVI_fish_57","north",2017-01-01,4.96217601990406,4.96217601990406,4.96217601990406,TRUE,140,"incl2026",1998
"est_log_abund_herring_recruits","WCVI","estAbundHerringRecruits","WCVI_WCVI_fish_57","north",2018-01-01,6.10250312482373,6.10250312482373,6.10250312482373,TRUE,140,"incl2026",1998
"est_log_abund_herring_recruits","WCVI","estAbundHerringRecruits","WCVI_WCVI_fish_57","north",2019-01-01,5.75391104241445,5.75391104241445,5.75391104241445,TRUE,140,"incl2026",1998
"est_log_abund_herring_recruits","WCVI","estAbundHerringRecruits","WCVI_WCVI_fish_57","north",2020-01-01,6.81007394139121,6.81007394139121,6.81007394139121,TRUE,140,"incl2026",1998
"est_log_abund_herring_recruits","WCVI","estAbundHerringRecruits","WCVI_WCVI_fish_57","north",2021-01-01,6.66346859225743,6.66346859225743,6.66346859225743,TRUE,140,"incl2026",1998
"greenstriped rockfish","data_2025","greestripedRockfish_2025","CC_NCC_fish_151","",1998-01-01,NA,NA,NA,TRUE,141,"incl2026",1998
"greenstriped rockfish","data_2025","greestripedRockfish_2025","CC_NCC_fish_151","",1999-01-01,NA,NA,NA,TRUE,141,"incl2026",1998
"greenstriped rockfish","data_2025","greestripedRockfish_2025","CC_NCC_fish_151","",2000-01-01,NA,NA,NA,TRUE,141,"incl2026",1998
"greenstriped rockfish","data_2025","greestripedRockfish_2025","CC_NCC_fish_151","",2001-01-01,NA,NA,NA,TRUE,141,"incl2026",1998
"greenstriped rockfish","data_2025","greestripedRockfish_2025","CC_NCC_fish_151","",2002-01-01,NA,NA,NA,TRUE,141,"incl2026",1998
"greenstriped rockfish","data_2025","greestripedRockfish_2025","CC_NCC_fish_151","",2003-01-01,811.189676677558,811.189676677558,811.189676677558,TRUE,141,"incl2026",1998
"greenstriped rockfish","data_2025","greestripedRockfish_2025","CC_NCC_fish_151","",2004-01-01,320.177099418827,320.177099418827,320.177099418827,TRUE,141,"incl2026",1998
"greenstriped rockfish","data_2025","greestripedRockfish_2025","CC_NCC_fish_151","",2005-01-01,620.574571989956,620.574571989956,620.574571989956,TRUE,141,"incl2026",1998
"greenstriped rockfish","data_2025","greestripedRockfish_2025","CC_NCC_fish_151","",2006-01-01,370.35255554648,370.35255554648,370.35255554648,TRUE,141,"incl2026",1998
"greenstriped rockfish","data_2025","greestripedRockfish_2025","CC_NCC_fish_151","",2007-01-01,978.871172081899,978.871172081899,978.871172081899,TRUE,141,"incl2026",1998
"greenstriped rockfish","data_2025","greestripedRockfish_2025","CC_NCC_fish_151","",2008-01-01,607.50882854146,607.50882854146,607.50882854146,TRUE,141,"incl2026",1998
"greenstriped rockfish","data_2025","greestripedRockfish_2025","CC_NCC_fish_151","",2009-01-01,658.625417613948,658.625417613948,658.625417613948,TRUE,141,"incl2026",1998
"greenstriped rockfish","data_2025","greestripedRockfish_2025","CC_NCC_fish_151","",2010-01-01,858.395275269965,858.395275269965,858.395275269965,TRUE,141,"incl2026",1998
"greenstriped rockfish","data_2025","greestripedRockfish_2025","CC_NCC_fish_151","",2011-01-01,829.783318294584,829.783318294584,829.783318294584,TRUE,141,"incl2026",1998
"greenstriped rockfish","data_2025","greestripedRockfish_2025","CC_NCC_fish_151","",2012-01-01,874.525766706881,874.525766706881,874.525766706881,TRUE,141,"incl2026",1998
"greenstriped rockfish","data_2025","greestripedRockfish_2025","CC_NCC_fish_151","",2013-01-01,516.775837211111,516.775837211111,516.775837211111,TRUE,141,"incl2026",1998
"greenstriped rockfish","data_2025","greestripedRockfish_2025","CC_NCC_fish_151","",2014-01-01,564.902079033945,564.902079033945,564.902079033945,TRUE,141,"incl2026",1998
"greenstriped rockfish","data_2025","greestripedRockfish_2025","CC_NCC_fish_151","",2015-01-01,279.244517226585,279.244517226585,279.244517226585,TRUE,141,"incl2026",1998
"greenstriped rockfish","data_2025","greestripedRockfish_2025","CC_NCC_fish_151","",2016-01-01,603.244416290782,603.244416290782,603.244416290782,TRUE,141,"incl2026",1998
"greenstriped rockfish","data_2025","greestripedRockfish_2025","CC_NCC_fish_151","",2017-01-01,860.311069943806,860.311069943806,860.311069943806,TRUE,141,"incl2026",1998
"greenstriped rockfish","data_2025","greestripedRockfish_2025","CC_NCC_fish_151","",2018-01-01,826.790648034226,826.790648034226,826.790648034226,TRUE,141,"incl2026",1998
"greenstriped rockfish","data_2025","greestripedRockfish_2025","CC_NCC_fish_151","",2019-01-01,426.529079690492,426.529079690492,426.529079690492,TRUE,141,"incl2026",1998
"greenstriped rockfish","data_2025","greestripedRockfish_2025","CC_NCC_fish_151","",2020-01-01,NA,681.744823748299,681.744823748299,TRUE,141,"incl2026",1998
"greenstriped rockfish","data_2025","greestripedRockfish_2025","CC_NCC_fish_151","",2021-01-01,936.960567806107,936.960567806107,936.960567806107,TRUE,141,"incl2026",1998
"hakeFisheryWA.cpue","data_2025","hakeFisheryWA_2025","CC_NCC_fish_178","",1998-01-01,653.944554112256,653.944554112256,653.944554112256,TRUE,142,"incl2026",1998
"hakeFisheryWA.cpue","data_2025","hakeFisheryWA_2025","CC_NCC_fish_178","",1999-01-01,483.037111527352,483.037111527352,483.037111527352,TRUE,142,"incl2026",1998
"hakeFisheryWA.cpue","data_2025","hakeFisheryWA_2025","CC_NCC_fish_178","",2000-01-01,448.618286905359,448.618286905359,448.618286905359,TRUE,142,"incl2026",1998
"hakeFisheryWA.cpue","data_2025","hakeFisheryWA_2025","CC_NCC_fish_178","",2001-01-01,421.708814214081,421.708814214081,421.708814214081,TRUE,142,"incl2026",1998
"hakeFisheryWA.cpue","data_2025","hakeFisheryWA_2025","CC_NCC_fish_178","",2002-01-01,770.111505149214,770.111505149214,770.111505149214,TRUE,142,"incl2026",1998
"hakeFisheryWA.cpue","data_2025","hakeFisheryWA_2025","CC_NCC_fish_178","",2003-01-01,1384.80834975279,1384.80834975279,1384.80834975279,TRUE,142,"incl2026",1998
"hakeFisheryWA.cpue","data_2025","hakeFisheryWA_2025","CC_NCC_fish_178","",2004-01-01,1105.68280501132,1105.68280501132,1105.68280501132,TRUE,142,"incl2026",1998
"hakeFisheryWA.cpue","data_2025","hakeFisheryWA_2025","CC_NCC_fish_178","",2005-01-01,1012.50657973231,1012.50657973231,1012.50657973231,TRUE,142,"incl2026",1998
"hakeFisheryWA.cpue","data_2025","hakeFisheryWA_2025","CC_NCC_fish_178","",2006-01-01,765.986824300337,765.986824300337,765.986824300337,TRUE,142,"incl2026",1998
"hakeFisheryWA.cpue","data_2025","hakeFisheryWA_2025","CC_NCC_fish_178","",2007-01-01,380.560577497496,380.560577497496,380.560577497496,TRUE,142,"incl2026",1998
"hakeFisheryWA.cpue","data_2025","hakeFisheryWA_2025","CC_NCC_fish_178","",2008-01-01,347.143841502569,347.143841502569,347.143841502569,TRUE,142,"incl2026",1998
"hakeFisheryWA.cpue","data_2025","hakeFisheryWA_2025","CC_NCC_fish_178","",2009-01-01,464.048855099713,464.048855099713,464.048855099713,TRUE,142,"incl2026",1998
"hakeFisheryWA.cpue","data_2025","hakeFisheryWA_2025","CC_NCC_fish_178","",2010-01-01,392.349744798369,392.349744798369,392.349744798369,TRUE,142,"incl2026",1998
"hakeFisheryWA.cpue","data_2025","hakeFisheryWA_2025","CC_NCC_fish_178","",2011-01-01,690.707481166651,690.707481166651,690.707481166651,TRUE,142,"incl2026",1998
"hakeFisheryWA.cpue","data_2025","hakeFisheryWA_2025","CC_NCC_fish_178","",2012-01-01,332.211192988121,332.211192988121,332.211192988121,TRUE,142,"incl2026",1998
"hakeFisheryWA.cpue","data_2025","hakeFisheryWA_2025","CC_NCC_fish_178","",2013-01-01,528.666219552492,528.666219552492,528.666219552492,TRUE,142,"incl2026",1998
"hakeFisheryWA.cpue","data_2025","hakeFisheryWA_2025","CC_NCC_fish_178","",2014-01-01,785.276273921184,785.276273921184,785.276273921184,TRUE,142,"incl2026",1998
"hakeFisheryWA.cpue","data_2025","hakeFisheryWA_2025","CC_NCC_fish_178","",2015-01-01,708.992470022137,708.992470022137,708.992470022137,TRUE,142,"incl2026",1998
"hakeFisheryWA.cpue","data_2025","hakeFisheryWA_2025","CC_NCC_fish_178","",2016-01-01,545.997589993447,545.997589993447,545.997589993447,TRUE,142,"incl2026",1998
"hakeFisheryWA.cpue","data_2025","hakeFisheryWA_2025","CC_NCC_fish_178","",2017-01-01,725.655792321234,725.655792321234,725.655792321234,TRUE,142,"incl2026",1998
"hakeFisheryWA.cpue","data_2025","hakeFisheryWA_2025","CC_NCC_fish_178","",2018-01-01,642.560021173762,642.560021173762,642.560021173762,TRUE,142,"incl2026",1998
"hakeFisheryWA.cpue","data_2025","hakeFisheryWA_2025","CC_NCC_fish_178","",2019-01-01,638.867747450856,638.867747450856,638.867747450856,TRUE,142,"incl2026",1998
"hakeFisheryWA.cpue","data_2025","hakeFisheryWA_2025","CC_NCC_fish_178","",2020-01-01,707.067321058685,707.067321058685,707.067321058685,TRUE,142,"incl2026",1998
"hakeFisheryWA.cpue","data_2025","hakeFisheryWA_2025","CC_NCC_fish_178","",2021-01-01,270.455782778573,270.455782778573,270.455782778573,TRUE,142,"incl2026",1998
"herring_gam","data_2025","herring_GAM_2025","CC_NCC_fish_173","",1998-01-01,0.56401577777044,0.56401577777044,0.56401577777044,TRUE,143,"incl2026",1998
"herring_gam","data_2025","herring_GAM_2025","CC_NCC_fish_173","",1999-01-01,0.577738604301258,0.577738604301258,0.577738604301258,TRUE,143,"incl2026",1998
"herring_gam","data_2025","herring_GAM_2025","CC_NCC_fish_173","",2000-01-01,0.535505166239623,0.535505166239623,0.535505166239623,TRUE,143,"incl2026",1998
"herring_gam","data_2025","herring_GAM_2025","CC_NCC_fish_173","",2001-01-01,0.596261559688994,0.596261559688994,0.596261559688994,TRUE,143,"incl2026",1998
"herring_gam","data_2025","herring_GAM_2025","CC_NCC_fish_173","",2002-01-01,0.581871065502516,0.581871065502516,0.581871065502516,TRUE,143,"incl2026",1998
"herring_gam","data_2025","herring_GAM_2025","CC_NCC_fish_173","",2003-01-01,0.591290931272013,0.591290931272013,0.591290931272013,TRUE,143,"incl2026",1998
"herring_gam","data_2025","herring_GAM_2025","CC_NCC_fish_173","",2004-01-01,0.550513058960377,0.550513058960377,0.550513058960377,TRUE,143,"incl2026",1998
"herring_gam","data_2025","herring_GAM_2025","CC_NCC_fish_173","",2005-01-01,0.564016721068868,0.564016721068868,0.564016721068868,TRUE,143,"incl2026",1998
"herring_gam","data_2025","herring_GAM_2025","CC_NCC_fish_173","",2006-01-01,0.528174325123899,0.528174325123899,0.528174325123899,TRUE,143,"incl2026",1998
"herring_gam","data_2025","herring_GAM_2025","CC_NCC_fish_173","",2007-01-01,0.610481690732704,0.610481690732704,0.610481690732704,TRUE,143,"incl2026",1998
"herring_gam","data_2025","herring_GAM_2025","CC_NCC_fish_173","",2008-01-01,0.608640814176101,0.608640814176101,0.608640814176101,TRUE,143,"incl2026",1998
"herring_gam","data_2025","herring_GAM_2025","CC_NCC_fish_173","",2009-01-01,0.578935063342453,0.578935063342453,0.578935063342453,TRUE,143,"incl2026",1998
"herring_gam","data_2025","herring_GAM_2025","CC_NCC_fish_173","",2010-01-01,0.573413063146855,0.573413063146855,0.573413063146855,TRUE,143,"incl2026",1998
"herring_gam","data_2025","herring_GAM_2025","CC_NCC_fish_173","",2011-01-01,0.567854206682704,0.567854206682704,0.567854206682704,TRUE,143,"incl2026",1998
"herring_gam","data_2025","herring_GAM_2025","CC_NCC_fish_173","",2012-01-01,0.612805868169497,0.612805868169497,0.612805868169497,TRUE,143,"incl2026",1998
"herring_gam","data_2025","herring_GAM_2025","CC_NCC_fish_173","",2013-01-01,0.61151635420283,0.61151635420283,0.61151635420283,TRUE,143,"incl2026",1998
"herring_gam","data_2025","herring_GAM_2025","CC_NCC_fish_173","",2014-01-01,0.591905205463208,0.591905205463208,0.591905205463208,TRUE,143,"incl2026",1998
"herring_gam","data_2025","herring_GAM_2025","CC_NCC_fish_173","",2015-01-01,0.597187300156918,0.597187300156918,0.597187300156918,TRUE,143,"incl2026",1998
"herring_gam","data_2025","herring_GAM_2025","CC_NCC_fish_173","",2016-01-01,0.603941755977673,0.603941755977673,0.603941755977673,TRUE,143,"incl2026",1998
"herring_gam","data_2025","herring_GAM_2025","CC_NCC_fish_173","",2017-01-01,0.635562989533019,0.635562989533019,0.635562989533019,TRUE,143,"incl2026",1998
"herring_gam","data_2025","herring_GAM_2025","CC_NCC_fish_173","",2018-01-01,0.60395888835,0.60395888835,0.60395888835,TRUE,143,"incl2026",1998
"herring_gam","data_2025","herring_GAM_2025","CC_NCC_fish_173","",2019-01-01,0.613816694776101,0.613816694776101,0.613816694776101,TRUE,143,"incl2026",1998
"herring_gam","data_2025","herring_GAM_2025","CC_NCC_fish_173","",2020-01-01,0.582705629360377,0.582705629360377,0.582705629360377,TRUE,143,"incl2026",1998
"herring_gam","data_2025","herring_GAM_2025","CC_NCC_fish_173","",2021-01-01,0.586993391141195,0.586993391141195,0.586993391141195,TRUE,143,"incl2026",1998
"iphc20_bigskate_all","WCVI","iphc20bigSkate","WCVI_WCVI_fish_61","predator",1998-01-01,0.0242608455628691,0.0242608455628691,0.0242608455628691,TRUE,144,"incl2026",1998
"iphc20_bigskate_all","WCVI","iphc20bigSkate","WCVI_WCVI_fish_61","predator",1999-01-01,0.0743432466891532,0.0743432466891532,0.0743432466891532,TRUE,144,"incl2026",1998
"iphc20_bigskate_all","WCVI","iphc20bigSkate","WCVI_WCVI_fish_61","predator",2000-01-01,0.0934664720922743,0.0934664720922743,0.0934664720922743,TRUE,144,"incl2026",1998
"iphc20_bigskate_all","WCVI","iphc20bigSkate","WCVI_WCVI_fish_61","predator",2001-01-01,0.214028759849826,0.214028759849826,0.214028759849826,TRUE,144,"incl2026",1998
"iphc20_bigskate_all","WCVI","iphc20bigSkate","WCVI_WCVI_fish_61","predator",2002-01-01,0.192323752368322,0.192323752368322,0.192323752368322,TRUE,144,"incl2026",1998
"iphc20_bigskate_all","WCVI","iphc20bigSkate","WCVI_WCVI_fish_61","predator",2003-01-01,0.138905527482074,0.138905527482074,0.138905527482074,TRUE,144,"incl2026",1998
"iphc20_bigskate_all","WCVI","iphc20bigSkate","WCVI_WCVI_fish_61","predator",2004-01-01,0.244392623464975,0.244392623464975,0.244392623464975,TRUE,144,"incl2026",1998
"iphc20_bigskate_all","WCVI","iphc20bigSkate","WCVI_WCVI_fish_61","predator",2005-01-01,0.157894022514371,0.157894022514371,0.157894022514371,TRUE,144,"incl2026",1998
"iphc20_bigskate_all","WCVI","iphc20bigSkate","WCVI_WCVI_fish_61","predator",2006-01-01,0.122951805349883,0.122951805349883,0.122951805349883,TRUE,144,"incl2026",1998
"iphc20_bigskate_all","WCVI","iphc20bigSkate","WCVI_WCVI_fish_61","predator",2007-01-01,0.147681663664339,0.147681663664339,0.147681663664339,TRUE,144,"incl2026",1998
"iphc20_bigskate_all","WCVI","iphc20bigSkate","WCVI_WCVI_fish_61","predator",2008-01-01,0.0895734643855304,0.0895734643855304,0.0895734643855304,TRUE,144,"incl2026",1998
"iphc20_bigskate_all","WCVI","iphc20bigSkate","WCVI_WCVI_fish_61","predator",2009-01-01,0.0912488166232419,0.0912488166232419,0.0912488166232419,TRUE,144,"incl2026",1998
"iphc20_bigskate_all","WCVI","iphc20bigSkate","WCVI_WCVI_fish_61","predator",2010-01-01,0.166389810630355,0.166389810630355,0.166389810630355,TRUE,144,"incl2026",1998
"iphc20_bigskate_all","WCVI","iphc20bigSkate","WCVI_WCVI_fish_61","predator",2011-01-01,0.248730830784825,0.248730830784825,0.248730830784825,TRUE,144,"incl2026",1998
"iphc20_bigskate_all","WCVI","iphc20bigSkate","WCVI_WCVI_fish_61","predator",2012-01-01,0.137948619200765,0.137948619200765,0.137948619200765,TRUE,144,"incl2026",1998
"iphc20_bigskate_all","WCVI","iphc20bigSkate","WCVI_WCVI_fish_61","predator",2013-01-01,0.148544810474362,0.148544810474362,0.148544810474362,TRUE,144,"incl2026",1998
"iphc20_bigskate_all","WCVI","iphc20bigSkate","WCVI_WCVI_fish_61","predator",2014-01-01,0.142227954245529,0.142227954245529,0.142227954245529,TRUE,144,"incl2026",1998
"iphc20_bigskate_all","WCVI","iphc20bigSkate","WCVI_WCVI_fish_61","predator",2015-01-01,0.0942608222859241,0.0942608222859241,0.0942608222859241,TRUE,144,"incl2026",1998
"iphc20_bigskate_all","WCVI","iphc20bigSkate","WCVI_WCVI_fish_61","predator",2016-01-01,0.100304987918771,0.100304987918771,0.100304987918771,TRUE,144,"incl2026",1998
"iphc20_bigskate_all","WCVI","iphc20bigSkate","WCVI_WCVI_fish_61","predator",2017-01-01,0.246115962026366,0.246115962026366,0.246115962026366,TRUE,144,"incl2026",1998
"iphc20_bigskate_all","WCVI","iphc20bigSkate","WCVI_WCVI_fish_61","predator",2018-01-01,0.250790110363347,0.250790110363347,0.250790110363347,TRUE,144,"incl2026",1998
"iphc20_bigskate_all","WCVI","iphc20bigSkate","WCVI_WCVI_fish_61","predator",2019-01-01,0.321782168012748,0.321782168012748,0.321782168012748,TRUE,144,"incl2026",1998
"iphc20_bigskate_all","WCVI","iphc20bigSkate","WCVI_WCVI_fish_61","predator",2020-01-01,0.118598557741231,0.118598557741231,0.118598557741231,TRUE,144,"incl2026",1998
"iphc20_bigskate_all","WCVI","iphc20bigSkate","WCVI_WCVI_fish_61","predator",2021-01-01,0.188252904825272,0.188252904825272,0.188252904825272,TRUE,144,"incl2026",1998
"iphc20_longnoseskate_all","WCVI","iphc20longnoseSkate","WCVI_WCVI_fish_63","predator",1998-01-01,0.424529243673065,0.424529243673065,0.424529243673065,TRUE,145,"incl2026",1998
"iphc20_longnoseskate_all","WCVI","iphc20longnoseSkate","WCVI_WCVI_fish_63","predator",1999-01-01,0.818187359868914,0.818187359868914,0.818187359868914,TRUE,145,"incl2026",1998
"iphc20_longnoseskate_all","WCVI","iphc20longnoseSkate","WCVI_WCVI_fish_63","predator",2000-01-01,0.79689298772226,0.79689298772226,0.79689298772226,TRUE,145,"incl2026",1998
"iphc20_longnoseskate_all","WCVI","iphc20longnoseSkate","WCVI_WCVI_fish_63","predator",2001-01-01,1.18470535877111,1.18470535877111,1.18470535877111,TRUE,145,"incl2026",1998
"iphc20_longnoseskate_all","WCVI","iphc20longnoseSkate","WCVI_WCVI_fish_63","predator",2002-01-01,0.754022987197936,0.754022987197936,0.754022987197936,TRUE,145,"incl2026",1998
"iphc20_longnoseskate_all","WCVI","iphc20longnoseSkate","WCVI_WCVI_fish_63","predator",2003-01-01,0.715346941200325,0.715346941200325,0.715346941200325,TRUE,145,"incl2026",1998
"iphc20_longnoseskate_all","WCVI","iphc20longnoseSkate","WCVI_WCVI_fish_63","predator",2004-01-01,0.882317355337543,0.882317355337543,0.882317355337543,TRUE,145,"incl2026",1998
"iphc20_longnoseskate_all","WCVI","iphc20longnoseSkate","WCVI_WCVI_fish_63","predator",2005-01-01,0.898440822757671,0.898440822757671,0.898440822757671,TRUE,145,"incl2026",1998
"iphc20_longnoseskate_all","WCVI","iphc20longnoseSkate","WCVI_WCVI_fish_63","predator",2006-01-01,0.964865228595617,0.964865228595617,0.964865228595617,TRUE,145,"incl2026",1998
"iphc20_longnoseskate_all","WCVI","iphc20longnoseSkate","WCVI_WCVI_fish_63","predator",2007-01-01,0.750270531146885,0.750270531146885,0.750270531146885,TRUE,145,"incl2026",1998
"iphc20_longnoseskate_all","WCVI","iphc20longnoseSkate","WCVI_WCVI_fish_63","predator",2008-01-01,0.813885900805848,0.813885900805848,0.813885900805848,TRUE,145,"incl2026",1998
"iphc20_longnoseskate_all","WCVI","iphc20longnoseSkate","WCVI_WCVI_fish_63","predator",2009-01-01,0.785860485182246,0.785860485182246,0.785860485182246,TRUE,145,"incl2026",1998
"iphc20_longnoseskate_all","WCVI","iphc20longnoseSkate","WCVI_WCVI_fish_63","predator",2010-01-01,0.981043001046389,0.981043001046389,0.981043001046389,TRUE,145,"incl2026",1998
"iphc20_longnoseskate_all","WCVI","iphc20longnoseSkate","WCVI_WCVI_fish_63","predator",2011-01-01,0.820283232099581,0.820283232099581,0.820283232099581,TRUE,145,"incl2026",1998
"iphc20_longnoseskate_all","WCVI","iphc20longnoseSkate","WCVI_WCVI_fish_63","predator",2012-01-01,1.04953966125094,1.04953966125094,1.04953966125094,TRUE,145,"incl2026",1998
"iphc20_longnoseskate_all","WCVI","iphc20longnoseSkate","WCVI_WCVI_fish_63","predator",2013-01-01,1.16921477432623,1.16921477432623,1.16921477432623,TRUE,145,"incl2026",1998
"iphc20_longnoseskate_all","WCVI","iphc20longnoseSkate","WCVI_WCVI_fish_63","predator",2014-01-01,1.04809719492189,1.04809719492189,1.04809719492189,TRUE,145,"incl2026",1998
"iphc20_longnoseskate_all","WCVI","iphc20longnoseSkate","WCVI_WCVI_fish_63","predator",2015-01-01,1.01619935151744,1.01619935151744,1.01619935151744,TRUE,145,"incl2026",1998
"iphc20_longnoseskate_all","WCVI","iphc20longnoseSkate","WCVI_WCVI_fish_63","predator",2016-01-01,0.615986145433768,0.615986145433768,0.615986145433768,TRUE,145,"incl2026",1998
"iphc20_longnoseskate_all","WCVI","iphc20longnoseSkate","WCVI_WCVI_fish_63","predator",2017-01-01,0.39919991853827,0.39919991853827,0.39919991853827,TRUE,145,"incl2026",1998
"iphc20_longnoseskate_all","WCVI","iphc20longnoseSkate","WCVI_WCVI_fish_63","predator",2018-01-01,0.71183118484656,0.71183118484656,0.71183118484656,TRUE,145,"incl2026",1998
"iphc20_longnoseskate_all","WCVI","iphc20longnoseSkate","WCVI_WCVI_fish_63","predator",2019-01-01,0.750851470719213,0.750851470719213,0.750851470719213,TRUE,145,"incl2026",1998
"iphc20_longnoseskate_all","WCVI","iphc20longnoseSkate","WCVI_WCVI_fish_63","predator",2020-01-01,0.673463549901307,0.673463549901307,0.673463549901307,TRUE,145,"incl2026",1998
"iphc20_longnoseskate_all","WCVI","iphc20longnoseSkate","WCVI_WCVI_fish_63","predator",2021-01-01,0.946095222976758,0.946095222976758,0.946095222976758,TRUE,145,"incl2026",1998
"iphc20_pacifichalibut_all","WCVI","iphc20halibut","WCVI_WCVI_fish_62","predator",1998-01-01,6.73858643258027,6.73858643258027,6.73858643258027,TRUE,146,"incl2026",1998
"iphc20_pacifichalibut_all","WCVI","iphc20halibut","WCVI_WCVI_fish_62","predator",1999-01-01,7.38751273345787,7.38751273345787,7.38751273345787,TRUE,146,"incl2026",1998
"iphc20_pacifichalibut_all","WCVI","iphc20halibut","WCVI_WCVI_fish_62","predator",2000-01-01,7.15881265714826,7.15881265714826,7.15881265714826,TRUE,146,"incl2026",1998
"iphc20_pacifichalibut_all","WCVI","iphc20halibut","WCVI_WCVI_fish_62","predator",2001-01-01,8.46401813588357,8.46401813588357,8.46401813588357,TRUE,146,"incl2026",1998
"iphc20_pacifichalibut_all","WCVI","iphc20halibut","WCVI_WCVI_fish_62","predator",2002-01-01,6.90428938160758,6.90428938160758,6.90428938160758,TRUE,146,"incl2026",1998
"iphc20_pacifichalibut_all","WCVI","iphc20halibut","WCVI_WCVI_fish_62","predator",2003-01-01,6.08875366400056,6.08875366400056,6.08875366400056,TRUE,146,"incl2026",1998
"iphc20_pacifichalibut_all","WCVI","iphc20halibut","WCVI_WCVI_fish_62","predator",2004-01-01,7.50146416144892,7.50146416144892,7.50146416144892,TRUE,146,"incl2026",1998
"iphc20_pacifichalibut_all","WCVI","iphc20halibut","WCVI_WCVI_fish_62","predator",2005-01-01,6.33040438264919,6.33040438264919,6.33040438264919,TRUE,146,"incl2026",1998
"iphc20_pacifichalibut_all","WCVI","iphc20halibut","WCVI_WCVI_fish_62","predator",2006-01-01,5.76565727017023,5.76565727017023,5.76565727017023,TRUE,146,"incl2026",1998
"iphc20_pacifichalibut_all","WCVI","iphc20halibut","WCVI_WCVI_fish_62","predator",2007-01-01,6.17948818942632,6.17948818942632,6.17948818942632,TRUE,146,"incl2026",1998
"iphc20_pacifichalibut_all","WCVI","iphc20halibut","WCVI_WCVI_fish_62","predator",2008-01-01,9.14298902407839,9.14298902407839,9.14298902407839,TRUE,146,"incl2026",1998
"iphc20_pacifichalibut_all","WCVI","iphc20halibut","WCVI_WCVI_fish_62","predator",2009-01-01,8.26485420717428,8.26485420717428,8.26485420717428,TRUE,146,"incl2026",1998
"iphc20_pacifichalibut_all","WCVI","iphc20halibut","WCVI_WCVI_fish_62","predator",2010-01-01,8.44098046513083,8.44098046513083,8.44098046513083,TRUE,146,"incl2026",1998
"iphc20_pacifichalibut_all","WCVI","iphc20halibut","WCVI_WCVI_fish_62","predator",2011-01-01,7.30803502851201,7.30803502851201,7.30803502851201,TRUE,146,"incl2026",1998
"iphc20_pacifichalibut_all","WCVI","iphc20halibut","WCVI_WCVI_fish_62","predator",2012-01-01,9.05825638585855,9.05825638585855,9.05825638585855,TRUE,146,"incl2026",1998
"iphc20_pacifichalibut_all","WCVI","iphc20halibut","WCVI_WCVI_fish_62","predator",2013-01-01,8.4387625237185,8.4387625237185,8.4387625237185,TRUE,146,"incl2026",1998
"iphc20_pacifichalibut_all","WCVI","iphc20halibut","WCVI_WCVI_fish_62","predator",2014-01-01,8.46890534746595,8.46890534746595,8.46890534746595,TRUE,146,"incl2026",1998
"iphc20_pacifichalibut_all","WCVI","iphc20halibut","WCVI_WCVI_fish_62","predator",2015-01-01,9.0219509444963,9.0219509444963,9.0219509444963,TRUE,146,"incl2026",1998
"iphc20_pacifichalibut_all","WCVI","iphc20halibut","WCVI_WCVI_fish_62","predator",2016-01-01,8.66339092191111,8.66339092191111,8.66339092191111,TRUE,146,"incl2026",1998
"iphc20_pacifichalibut_all","WCVI","iphc20halibut","WCVI_WCVI_fish_62","predator",2017-01-01,6.99406360167372,6.99406360167372,6.99406360167372,TRUE,146,"incl2026",1998
"iphc20_pacifichalibut_all","WCVI","iphc20halibut","WCVI_WCVI_fish_62","predator",2018-01-01,6.77095136890861,6.77095136890861,6.77095136890861,TRUE,146,"incl2026",1998
"iphc20_pacifichalibut_all","WCVI","iphc20halibut","WCVI_WCVI_fish_62","predator",2019-01-01,5.83849841779102,5.83849841779102,5.83849841779102,TRUE,146,"incl2026",1998
"iphc20_pacifichalibut_all","WCVI","iphc20halibut","WCVI_WCVI_fish_62","predator",2020-01-01,7.23561023009671,7.23561023009671,7.23561023009671,TRUE,146,"incl2026",1998
"iphc20_pacifichalibut_all","WCVI","iphc20halibut","WCVI_WCVI_fish_62","predator",2021-01-01,8.49980284839252,8.49980284839252,8.49980284839252,TRUE,146,"incl2026",1998
"jackMackerel_BRT","SEM_data_2024","jackMackerel_BRT","CC_NCC_fish_116","predator",1998-01-01,NA,NA,NA,TRUE,147,"incl2026",1998
"jackMackerel_BRT","SEM_data_2024","jackMackerel_BRT","CC_NCC_fish_116","predator",1999-01-01,NA,NA,NA,TRUE,147,"incl2026",1998
"jackMackerel_BRT","SEM_data_2024","jackMackerel_BRT","CC_NCC_fish_116","predator",2000-01-01,0.148383744,0.148383744,0.148383744,TRUE,147,"incl2026",1998
"jackMackerel_BRT","SEM_data_2024","jackMackerel_BRT","CC_NCC_fish_116","predator",2001-01-01,0.11415708,0.11415708,0.11415708,TRUE,147,"incl2026",1998
"jackMackerel_BRT","SEM_data_2024","jackMackerel_BRT","CC_NCC_fish_116","predator",2002-01-01,0.107307833,0.107307833,0.107307833,TRUE,147,"incl2026",1998
"jackMackerel_BRT","SEM_data_2024","jackMackerel_BRT","CC_NCC_fish_116","predator",2003-01-01,0.150058134,0.150058134,0.150058134,TRUE,147,"incl2026",1998
"jackMackerel_BRT","SEM_data_2024","jackMackerel_BRT","CC_NCC_fish_116","predator",2004-01-01,0.22419143,0.22419143,0.22419143,TRUE,147,"incl2026",1998
"jackMackerel_BRT","SEM_data_2024","jackMackerel_BRT","CC_NCC_fish_116","predator",2005-01-01,0.168307361,0.168307361,0.168307361,TRUE,147,"incl2026",1998
"jackMackerel_BRT","SEM_data_2024","jackMackerel_BRT","CC_NCC_fish_116","predator",2006-01-01,0.18400358,0.18400358,0.18400358,TRUE,147,"incl2026",1998
"jackMackerel_BRT","SEM_data_2024","jackMackerel_BRT","CC_NCC_fish_116","predator",2007-01-01,0.085707298,0.085707298,0.085707298,TRUE,147,"incl2026",1998
"jackMackerel_BRT","SEM_data_2024","jackMackerel_BRT","CC_NCC_fish_116","predator",2008-01-01,0.056925923,0.056925923,0.056925923,TRUE,147,"incl2026",1998
"jackMackerel_BRT","SEM_data_2024","jackMackerel_BRT","CC_NCC_fish_116","predator",2009-01-01,0.127430849,0.127430849,0.127430849,TRUE,147,"incl2026",1998
"jackMackerel_BRT","SEM_data_2024","jackMackerel_BRT","CC_NCC_fish_116","predator",2010-01-01,0.10246453,0.10246453,0.10246453,TRUE,147,"incl2026",1998
"jackMackerel_BRT","SEM_data_2024","jackMackerel_BRT","CC_NCC_fish_116","predator",2011-01-01,0.099903788,0.099903788,0.099903788,TRUE,147,"incl2026",1998
"jackMackerel_BRT","SEM_data_2024","jackMackerel_BRT","CC_NCC_fish_116","predator",2012-01-01,0.092916119,0.092916119,0.092916119,TRUE,147,"incl2026",1998
"jackMackerel_BRT","SEM_data_2024","jackMackerel_BRT","CC_NCC_fish_116","predator",2013-01-01,0.119112079,0.119112079,0.119112079,TRUE,147,"incl2026",1998
"jackMackerel_BRT","SEM_data_2024","jackMackerel_BRT","CC_NCC_fish_116","predator",2014-01-01,0.178003163,0.178003163,0.178003163,TRUE,147,"incl2026",1998
"jackMackerel_BRT","SEM_data_2024","jackMackerel_BRT","CC_NCC_fish_116","predator",2015-01-01,0.170976516,0.170976516,0.170976516,TRUE,147,"incl2026",1998
"jackMackerel_BRT","SEM_data_2024","jackMackerel_BRT","CC_NCC_fish_116","predator",2016-01-01,0.181319655,0.181319655,0.181319655,TRUE,147,"incl2026",1998
"jackMackerel_BRT","SEM_data_2024","jackMackerel_BRT","CC_NCC_fish_116","predator",2017-01-01,0.142811421,0.142811421,0.142811421,TRUE,147,"incl2026",1998
"jackMackerel_BRT","SEM_data_2024","jackMackerel_BRT","CC_NCC_fish_116","predator",2018-01-01,0.172999165,0.172999165,0.172999165,TRUE,147,"incl2026",1998
"jackMackerel_BRT","SEM_data_2024","jackMackerel_BRT","CC_NCC_fish_116","predator",2019-01-01,0.16036528,0.16036528,0.16036528,TRUE,147,"incl2026",1998
"jackMackerel_BRT","SEM_data_2024","jackMackerel_BRT","CC_NCC_fish_116","predator",2020-01-01,0.193445004,0.193445004,0.193445004,TRUE,147,"incl2026",1998
"jackMackerel_BRT","SEM_data_2024","jackMackerel_BRT","CC_NCC_fish_116","predator",2021-01-01,0.175146596,0.175146596,0.175146596,TRUE,147,"incl2026",1998
"jackmackerel_gam","data_2025","jackmackerel_GAM_2025","CC_NCC_fish_174","",1998-01-01,0.258063707205031,0.258063707205031,0.258063707205031,TRUE,147,"incl2026",1998
"jackmackerel_gam","data_2025","jackmackerel_GAM_2025","CC_NCC_fish_174","",1999-01-01,0.177956818368522,0.177956818368522,0.177956818368522,TRUE,147,"incl2026",1998
"jackmackerel_gam","data_2025","jackmackerel_GAM_2025","CC_NCC_fish_174","",2000-01-01,0.193043295453994,0.193043295453994,0.193043295453994,TRUE,147,"incl2026",1998
"jackmackerel_gam","data_2025","jackmackerel_GAM_2025","CC_NCC_fish_174","",2001-01-01,0.189685176798459,0.189685176798459,0.189685176798459,TRUE,147,"incl2026",1998
"jackmackerel_gam","data_2025","jackmackerel_GAM_2025","CC_NCC_fish_174","",2002-01-01,0.181147077290566,0.181147077290566,0.181147077290566,TRUE,147,"incl2026",1998
"jackmackerel_gam","data_2025","jackmackerel_GAM_2025","CC_NCC_fish_174","",2003-01-01,0.191043860662814,0.191043860662814,0.191043860662814,TRUE,147,"incl2026",1998
"jackmackerel_gam","data_2025","jackmackerel_GAM_2025","CC_NCC_fish_174","",2004-01-01,0.271001588195283,0.271001588195283,0.271001588195283,TRUE,147,"incl2026",1998
"jackmackerel_gam","data_2025","jackmackerel_GAM_2025","CC_NCC_fish_174","",2005-01-01,0.242311385147484,0.242311385147484,0.242311385147484,TRUE,147,"incl2026",1998
"jackmackerel_gam","data_2025","jackmackerel_GAM_2025","CC_NCC_fish_174","",2006-01-01,0.271773389658302,0.271773389658302,0.271773389658302,TRUE,147,"incl2026",1998
"jackmackerel_gam","data_2025","jackmackerel_GAM_2025","CC_NCC_fish_174","",2007-01-01,0.141055771658491,0.141055771658491,0.141055771658491,TRUE,147,"incl2026",1998
"jackmackerel_gam","data_2025","jackmackerel_GAM_2025","CC_NCC_fish_174","",2008-01-01,0.088965787839434,0.088965787839434,0.088965787839434,TRUE,147,"incl2026",1998
"jackmackerel_gam","data_2025","jackmackerel_GAM_2025","CC_NCC_fish_174","",2009-01-01,0.22885561993544,0.22885561993544,0.22885561993544,TRUE,147,"incl2026",1998
"jackmackerel_gam","data_2025","jackmackerel_GAM_2025","CC_NCC_fish_174","",2010-01-01,0.169699658534748,0.169699658534748,0.169699658534748,TRUE,147,"incl2026",1998
"jackmackerel_gam","data_2025","jackmackerel_GAM_2025","CC_NCC_fish_174","",2011-01-01,0.182872311767296,0.182872311767296,0.182872311767296,TRUE,147,"incl2026",1998
"jackmackerel_gam","data_2025","jackmackerel_GAM_2025","CC_NCC_fish_174","",2012-01-01,0.141417985922013,0.141417985922013,0.141417985922013,TRUE,147,"incl2026",1998
"jackmackerel_gam","data_2025","jackmackerel_GAM_2025","CC_NCC_fish_174","",2013-01-01,0.214376617132075,0.214376617132075,0.214376617132075,TRUE,147,"incl2026",1998
"jackmackerel_gam","data_2025","jackmackerel_GAM_2025","CC_NCC_fish_174","",2014-01-01,0.173442402017453,0.173442402017453,0.173442402017453,TRUE,147,"incl2026",1998
"jackmackerel_gam","data_2025","jackmackerel_GAM_2025","CC_NCC_fish_174","",2015-01-01,0.213905162072233,0.213905162072233,0.213905162072233,TRUE,147,"incl2026",1998
"jackmackerel_gam","data_2025","jackmackerel_GAM_2025","CC_NCC_fish_174","",2016-01-01,0.258783107211006,0.258783107211006,0.258783107211006,TRUE,147,"incl2026",1998
"jackmackerel_gam","data_2025","jackmackerel_GAM_2025","CC_NCC_fish_174","",2017-01-01,0.224631938103459,0.224631938103459,0.224631938103459,TRUE,147,"incl2026",1998
"jackmackerel_gam","data_2025","jackmackerel_GAM_2025","CC_NCC_fish_174","",2018-01-01,0.23817157450066,0.23817157450066,0.23817157450066,TRUE,147,"incl2026",1998
"jackmackerel_gam","data_2025","jackmackerel_GAM_2025","CC_NCC_fish_174","",2019-01-01,0.178105259660975,0.178105259660975,0.178105259660975,TRUE,147,"incl2026",1998
"jackmackerel_gam","data_2025","jackmackerel_GAM_2025","CC_NCC_fish_174","",2020-01-01,0.234231497663522,0.234231497663522,0.234231497663522,TRUE,147,"incl2026",1998
"jackmackerel_gam","data_2025","jackmackerel_GAM_2025","CC_NCC_fish_174","",2021-01-01,0.315724600996541,0.315724600996541,0.315724600996541,TRUE,147,"incl2026",1998
"lag_log_abund_anchovy","WCVI","lagAbundAnchovy","WCVI_WCVI_fish_64","north",1998-01-01,NA,NA,NA,TRUE,60,"incl2026",1998
"lag_log_abund_anchovy","WCVI","lagAbundAnchovy","WCVI_WCVI_fish_64","north",1999-01-01,NA,NA,NA,TRUE,60,"incl2026",1998
"lag_log_abund_anchovy","WCVI","lagAbundAnchovy","WCVI_WCVI_fish_64","north",2000-01-01,NA,NA,NA,TRUE,60,"incl2026",1998
"lag_log_abund_anchovy","WCVI","lagAbundAnchovy","WCVI_WCVI_fish_64","north",2001-01-01,NA,NA,NA,TRUE,60,"incl2026",1998
"lag_log_abund_anchovy","WCVI","lagAbundAnchovy","WCVI_WCVI_fish_64","north",2002-01-01,NA,NA,NA,TRUE,60,"incl2026",1998
"lag_log_abund_anchovy","WCVI","lagAbundAnchovy","WCVI_WCVI_fish_64","north",2003-01-01,NA,NA,NA,TRUE,60,"incl2026",1998
"lag_log_abund_anchovy","WCVI","lagAbundAnchovy","WCVI_WCVI_fish_64","north",2004-01-01,NA,NA,NA,TRUE,60,"incl2026",1998
"lag_log_abund_anchovy","WCVI","lagAbundAnchovy","WCVI_WCVI_fish_64","north",2005-01-01,NA,NA,NA,TRUE,60,"incl2026",1998
"lag_log_abund_anchovy","WCVI","lagAbundAnchovy","WCVI_WCVI_fish_64","north",2006-01-01,NA,NA,NA,TRUE,60,"incl2026",1998
"lag_log_abund_anchovy","WCVI","lagAbundAnchovy","WCVI_WCVI_fish_64","north",2007-01-01,16.4762556326661,16.4762556326661,16.4762556326661,TRUE,60,"incl2026",1998
"lag_log_abund_anchovy","WCVI","lagAbundAnchovy","WCVI_WCVI_fish_64","north",2008-01-01,2.55166556950443,2.55166556950443,2.55166556950443,TRUE,60,"incl2026",1998
"lag_log_abund_anchovy","WCVI","lagAbundAnchovy","WCVI_WCVI_fish_64","north",2009-01-01,16.4462248148515,16.4462248148515,16.4462248148515,TRUE,60,"incl2026",1998
"lag_log_abund_anchovy","WCVI","lagAbundAnchovy","WCVI_WCVI_fish_64","north",2010-01-01,0.0549333772810082,0.0549333772810082,0.0549333772810082,TRUE,60,"incl2026",1998
"lag_log_abund_anchovy","WCVI","lagAbundAnchovy","WCVI_WCVI_fish_64","north",2011-01-01,13.5889444449044,13.5889444449044,13.5889444449044,TRUE,60,"incl2026",1998
"lag_log_abund_anchovy","WCVI","lagAbundAnchovy","WCVI_WCVI_fish_64","north",2012-01-01,12.5559910532774,12.5559910532774,12.5559910532774,TRUE,60,"incl2026",1998
"lag_log_abund_anchovy","WCVI","lagAbundAnchovy","WCVI_WCVI_fish_64","north",2013-01-01,11.1816275106737,11.1816275106737,11.1816275106737,TRUE,60,"incl2026",1998
"lag_log_abund_anchovy","WCVI","lagAbundAnchovy","WCVI_WCVI_fish_64","north",2014-01-01,4.41025766677173,4.41025766677173,4.41025766677173,TRUE,60,"incl2026",1998
"lag_log_abund_anchovy","WCVI","lagAbundAnchovy","WCVI_WCVI_fish_64","north",2015-01-01,4.66466308255038,4.66466308255038,4.66466308255038,TRUE,60,"incl2026",1998
"lag_log_abund_anchovy","WCVI","lagAbundAnchovy","WCVI_WCVI_fish_64","north",2016-01-01,3.2393924797846,3.2393924797846,3.2393924797846,TRUE,60,"incl2026",1998
"lag_log_abund_anchovy","WCVI","lagAbundAnchovy","WCVI_WCVI_fish_64","north",2017-01-01,3.41458061459677,3.41458061459677,3.41458061459677,TRUE,60,"incl2026",1998
"lag_log_abund_anchovy","WCVI","lagAbundAnchovy","WCVI_WCVI_fish_64","north",2018-01-01,12.7004999681121,12.7004999681121,12.7004999681121,TRUE,60,"incl2026",1998
"lag_log_abund_anchovy","WCVI","lagAbundAnchovy","WCVI_WCVI_fish_64","north",2019-01-01,4.78678981973682,4.78678981973682,4.78678981973682,TRUE,60,"incl2026",1998
"lag_log_abund_anchovy","WCVI","lagAbundAnchovy","WCVI_WCVI_fish_64","north",2020-01-01,9.35419689413702,9.35419689413702,9.35419689413702,TRUE,60,"incl2026",1998
"lag_log_abund_anchovy","WCVI","lagAbundAnchovy","WCVI_WCVI_fish_64","north",2021-01-01,1.8620374121273,1.8620374121273,1.8620374121273,TRUE,60,"incl2026",1998
"lag_log_abund_pacific_herring","WCVI","lagAbundHerring","WCVI_WCVI_fish_65","north",1998-01-01,NA,NA,NA,TRUE,148,"incl2026",1998
"lag_log_abund_pacific_herring","WCVI","lagAbundHerring","WCVI_WCVI_fish_65","north",1999-01-01,NA,NA,NA,TRUE,148,"incl2026",1998
"lag_log_abund_pacific_herring","WCVI","lagAbundHerring","WCVI_WCVI_fish_65","north",2000-01-01,NA,NA,NA,TRUE,148,"incl2026",1998
"lag_log_abund_pacific_herring","WCVI","lagAbundHerring","WCVI_WCVI_fish_65","north",2001-01-01,NA,NA,NA,TRUE,148,"incl2026",1998
"lag_log_abund_pacific_herring","WCVI","lagAbundHerring","WCVI_WCVI_fish_65","north",2002-01-01,NA,NA,NA,TRUE,148,"incl2026",1998
"lag_log_abund_pacific_herring","WCVI","lagAbundHerring","WCVI_WCVI_fish_65","north",2003-01-01,NA,NA,NA,TRUE,148,"incl2026",1998
"lag_log_abund_pacific_herring","WCVI","lagAbundHerring","WCVI_WCVI_fish_65","north",2004-01-01,NA,NA,NA,TRUE,148,"incl2026",1998
"lag_log_abund_pacific_herring","WCVI","lagAbundHerring","WCVI_WCVI_fish_65","north",2005-01-01,NA,NA,NA,TRUE,148,"incl2026",1998
"lag_log_abund_pacific_herring","WCVI","lagAbundHerring","WCVI_WCVI_fish_65","north",2006-01-01,NA,NA,NA,TRUE,148,"incl2026",1998
"lag_log_abund_pacific_herring","WCVI","lagAbundHerring","WCVI_WCVI_fish_65","north",2007-01-01,16.3316171906999,16.3316171906999,16.3316171906999,TRUE,148,"incl2026",1998
"lag_log_abund_pacific_herring","WCVI","lagAbundHerring","WCVI_WCVI_fish_65","north",2008-01-01,15.9493162598043,15.9493162598043,15.9493162598043,TRUE,148,"incl2026",1998
"lag_log_abund_pacific_herring","WCVI","lagAbundHerring","WCVI_WCVI_fish_65","north",2009-01-01,15.6056818653142,15.6056818653142,15.6056818653142,TRUE,148,"incl2026",1998
"lag_log_abund_pacific_herring","WCVI","lagAbundHerring","WCVI_WCVI_fish_65","north",2010-01-01,16.2611459585707,16.2611459585707,16.2611459585707,TRUE,148,"incl2026",1998
"lag_log_abund_pacific_herring","WCVI","lagAbundHerring","WCVI_WCVI_fish_65","north",2011-01-01,16.9047892418534,16.9047892418534,16.9047892418534,TRUE,148,"incl2026",1998
"lag_log_abund_pacific_herring","WCVI","lagAbundHerring","WCVI_WCVI_fish_65","north",2012-01-01,17.5324063648341,17.5324063648341,17.5324063648341,TRUE,148,"incl2026",1998
"lag_log_abund_pacific_herring","WCVI","lagAbundHerring","WCVI_WCVI_fish_65","north",2013-01-01,17.4075475078306,17.4075475078306,17.4075475078306,TRUE,148,"incl2026",1998
"lag_log_abund_pacific_herring","WCVI","lagAbundHerring","WCVI_WCVI_fish_65","north",2014-01-01,17.4263349858101,17.4263349858101,17.4263349858101,TRUE,148,"incl2026",1998
"lag_log_abund_pacific_herring","WCVI","lagAbundHerring","WCVI_WCVI_fish_65","north",2015-01-01,17.8853368443953,17.8853368443953,17.8853368443953,TRUE,148,"incl2026",1998
"lag_log_abund_pacific_herring","WCVI","lagAbundHerring","WCVI_WCVI_fish_65","north",2016-01-01,17.7493878639521,17.7493878639521,17.7493878639521,TRUE,148,"incl2026",1998
"lag_log_abund_pacific_herring","WCVI","lagAbundHerring","WCVI_WCVI_fish_65","north",2017-01-01,17.6325368428153,17.6325368428153,17.6325368428153,TRUE,148,"incl2026",1998
"lag_log_abund_pacific_herring","WCVI","lagAbundHerring","WCVI_WCVI_fish_65","north",2018-01-01,17.4783258008127,17.4783258008127,17.4783258008127,TRUE,148,"incl2026",1998
"lag_log_abund_pacific_herring","WCVI","lagAbundHerring","WCVI_WCVI_fish_65","north",2019-01-01,16.6077900637612,16.6077900637612,16.6077900637612,TRUE,148,"incl2026",1998
"lag_log_abund_pacific_herring","WCVI","lagAbundHerring","WCVI_WCVI_fish_65","north",2020-01-01,17.9555429990033,17.9555429990033,17.9555429990033,TRUE,148,"incl2026",1998
"lag_log_abund_pacific_herring","WCVI","lagAbundHerring","WCVI_WCVI_fish_65","north",2021-01-01,18.0116035276711,18.0116035276711,18.0116035276711,TRUE,148,"incl2026",1998
"lag_log_abund_pacific_sardine","WCVI","lagAbundSardine","WCVI_WCVI_fish_66","north",1998-01-01,NA,NA,NA,TRUE,57,"incl2026",1998
"lag_log_abund_pacific_sardine","WCVI","lagAbundSardine","WCVI_WCVI_fish_66","north",1999-01-01,NA,NA,NA,TRUE,57,"incl2026",1998
"lag_log_abund_pacific_sardine","WCVI","lagAbundSardine","WCVI_WCVI_fish_66","north",2000-01-01,NA,NA,NA,TRUE,57,"incl2026",1998
"lag_log_abund_pacific_sardine","WCVI","lagAbundSardine","WCVI_WCVI_fish_66","north",2001-01-01,NA,NA,NA,TRUE,57,"incl2026",1998
"lag_log_abund_pacific_sardine","WCVI","lagAbundSardine","WCVI_WCVI_fish_66","north",2002-01-01,NA,NA,NA,TRUE,57,"incl2026",1998
"lag_log_abund_pacific_sardine","WCVI","lagAbundSardine","WCVI_WCVI_fish_66","north",2003-01-01,NA,NA,NA,TRUE,57,"incl2026",1998
"lag_log_abund_pacific_sardine","WCVI","lagAbundSardine","WCVI_WCVI_fish_66","north",2004-01-01,NA,NA,NA,TRUE,57,"incl2026",1998
"lag_log_abund_pacific_sardine","WCVI","lagAbundSardine","WCVI_WCVI_fish_66","north",2005-01-01,NA,NA,NA,TRUE,57,"incl2026",1998
"lag_log_abund_pacific_sardine","WCVI","lagAbundSardine","WCVI_WCVI_fish_66","north",2006-01-01,NA,NA,NA,TRUE,57,"incl2026",1998
"lag_log_abund_pacific_sardine","WCVI","lagAbundSardine","WCVI_WCVI_fish_66","north",2007-01-01,18.8815696646898,18.8815696646898,18.8815696646898,TRUE,57,"incl2026",1998
"lag_log_abund_pacific_sardine","WCVI","lagAbundSardine","WCVI_WCVI_fish_66","north",2008-01-01,19.240476123094,19.240476123094,19.240476123094,TRUE,57,"incl2026",1998
"lag_log_abund_pacific_sardine","WCVI","lagAbundSardine","WCVI_WCVI_fish_66","north",2009-01-01,18.0521108273639,18.0521108273639,18.0521108273639,TRUE,57,"incl2026",1998
"lag_log_abund_pacific_sardine","WCVI","lagAbundSardine","WCVI_WCVI_fish_66","north",2010-01-01,17.4369797383269,17.4369797383269,17.4369797383269,TRUE,57,"incl2026",1998
"lag_log_abund_pacific_sardine","WCVI","lagAbundSardine","WCVI_WCVI_fish_66","north",2011-01-01,16.7882297202499,16.7882297202499,16.7882297202499,TRUE,57,"incl2026",1998
"lag_log_abund_pacific_sardine","WCVI","lagAbundSardine","WCVI_WCVI_fish_66","north",2012-01-01,17.8938457784657,17.8938457784657,17.8938457784657,TRUE,57,"incl2026",1998
"lag_log_abund_pacific_sardine","WCVI","lagAbundSardine","WCVI_WCVI_fish_66","north",2013-01-01,15.8711880587711,15.8711880587711,15.8711880587711,TRUE,57,"incl2026",1998
"lag_log_abund_pacific_sardine","WCVI","lagAbundSardine","WCVI_WCVI_fish_66","north",2014-01-01,3.11233528424944,3.11233528424944,3.11233528424944,TRUE,57,"incl2026",1998
"lag_log_abund_pacific_sardine","WCVI","lagAbundSardine","WCVI_WCVI_fish_66","north",2015-01-01,0.0540073280834568,0.0540073280834568,0.0540073280834568,TRUE,57,"incl2026",1998
"lag_log_abund_pacific_sardine","WCVI","lagAbundSardine","WCVI_WCVI_fish_66","north",2016-01-01,0.502987361439946,0.502987361439946,0.502987361439946,TRUE,57,"incl2026",1998
"lag_log_abund_pacific_sardine","WCVI","lagAbundSardine","WCVI_WCVI_fish_66","north",2017-01-01,0.345899214291239,0.345899214291239,0.345899214291239,TRUE,57,"incl2026",1998
"lag_log_abund_pacific_sardine","WCVI","lagAbundSardine","WCVI_WCVI_fish_66","north",2018-01-01,-0.293277898431876,-0.293277898431876,-0.293277898431876,TRUE,57,"incl2026",1998
"lag_log_abund_pacific_sardine","WCVI","lagAbundSardine","WCVI_WCVI_fish_66","north",2019-01-01,4.55139015939074,4.55139015939074,4.55139015939074,TRUE,57,"incl2026",1998
"lag_log_abund_pacific_sardine","WCVI","lagAbundSardine","WCVI_WCVI_fish_66","north",2020-01-01,4.55614392918434,4.55614392918434,4.55614392918434,TRUE,57,"incl2026",1998
"lag_log_abund_pacific_sardine","WCVI","lagAbundSardine","WCVI_WCVI_fish_66","north",2021-01-01,2.79006947907017,2.79006947907017,2.79006947907017,TRUE,57,"incl2026",1998
"lingcod","data_2025","lingcod_2025","CC_NCC_fish_153","",1998-01-01,NA,NA,NA,TRUE,149,"incl2026",1998
"lingcod","data_2025","lingcod_2025","CC_NCC_fish_153","",1999-01-01,NA,NA,NA,TRUE,149,"incl2026",1998
"lingcod","data_2025","lingcod_2025","CC_NCC_fish_153","",2000-01-01,NA,NA,NA,TRUE,149,"incl2026",1998
"lingcod","data_2025","lingcod_2025","CC_NCC_fish_153","",2001-01-01,NA,NA,NA,TRUE,149,"incl2026",1998
"lingcod","data_2025","lingcod_2025","CC_NCC_fish_153","",2002-01-01,NA,NA,NA,TRUE,149,"incl2026",1998
"lingcod","data_2025","lingcod_2025","CC_NCC_fish_153","",2003-01-01,884.897297690809,884.897297690809,884.897297690809,TRUE,149,"incl2026",1998
"lingcod","data_2025","lingcod_2025","CC_NCC_fish_153","",2004-01-01,286.40273272657,286.40273272657,286.40273272657,TRUE,149,"incl2026",1998
"lingcod","data_2025","lingcod_2025","CC_NCC_fish_153","",2005-01-01,267.051075193381,267.051075193381,267.051075193381,TRUE,149,"incl2026",1998
"lingcod","data_2025","lingcod_2025","CC_NCC_fish_153","",2006-01-01,498.343187675207,498.343187675207,498.343187675207,TRUE,149,"incl2026",1998
"lingcod","data_2025","lingcod_2025","CC_NCC_fish_153","",2007-01-01,440.829381573081,440.829381573081,440.829381573081,TRUE,149,"incl2026",1998
"lingcod","data_2025","lingcod_2025","CC_NCC_fish_153","",2008-01-01,616.307049453529,616.307049453529,616.307049453529,TRUE,149,"incl2026",1998
"lingcod","data_2025","lingcod_2025","CC_NCC_fish_153","",2009-01-01,328.003567406422,328.003567406422,328.003567406422,TRUE,149,"incl2026",1998
"lingcod","data_2025","lingcod_2025","CC_NCC_fish_153","",2010-01-01,733.309652767774,733.309652767774,733.309652767774,TRUE,149,"incl2026",1998
"lingcod","data_2025","lingcod_2025","CC_NCC_fish_153","",2011-01-01,1143.71697206357,1143.71697206357,1143.71697206357,TRUE,149,"incl2026",1998
"lingcod","data_2025","lingcod_2025","CC_NCC_fish_153","",2012-01-01,1679.01283369019,1679.01283369019,1679.01283369019,TRUE,149,"incl2026",1998
"lingcod","data_2025","lingcod_2025","CC_NCC_fish_153","",2013-01-01,549.778163184178,549.778163184178,549.778163184178,TRUE,149,"incl2026",1998
"lingcod","data_2025","lingcod_2025","CC_NCC_fish_153","",2014-01-01,2738.24134124019,2738.24134124019,2738.24134124019,TRUE,149,"incl2026",1998
"lingcod","data_2025","lingcod_2025","CC_NCC_fish_153","",2015-01-01,853.492645198113,853.492645198113,853.492645198113,TRUE,149,"incl2026",1998
"lingcod","data_2025","lingcod_2025","CC_NCC_fish_153","",2016-01-01,400.246004793161,400.246004793161,400.246004793161,TRUE,149,"incl2026",1998
"lingcod","data_2025","lingcod_2025","CC_NCC_fish_153","",2017-01-01,657.119056400758,657.119056400758,657.119056400758,TRUE,149,"incl2026",1998
"lingcod","data_2025","lingcod_2025","CC_NCC_fish_153","",2018-01-01,431.100561540616,431.100561540616,431.100561540616,TRUE,149,"incl2026",1998
"lingcod","data_2025","lingcod_2025","CC_NCC_fish_153","",2019-01-01,710.218511088911,710.218511088911,710.218511088911,TRUE,149,"incl2026",1998
"lingcod","data_2025","lingcod_2025","CC_NCC_fish_153","",2020-01-01,NA,973.586939632341,973.586939632341,TRUE,149,"incl2026",1998
"lingcod","data_2025","lingcod_2025","CC_NCC_fish_153","",2021-01-01,1236.95536817577,1236.95536817577,1236.95536817577,TRUE,149,"incl2026",1998
"lingcodSA_2026","lingcodSA_2026","lingcodSA_2026","CC_NCC_fish_291","",1998-01-01,26447,26447,26447,TRUE,40,"incl2026",1998
"lingcodSA_2026","lingcodSA_2026","lingcodSA_2026","CC_NCC_fish_291","",1999-01-01,26479,26479,26479,TRUE,40,"incl2026",1998
"lingcodSA_2026","lingcodSA_2026","lingcodSA_2026","CC_NCC_fish_291","",2000-01-01,32149,32149,32149,TRUE,40,"incl2026",1998
"lingcodSA_2026","lingcodSA_2026","lingcodSA_2026","CC_NCC_fish_291","",2001-01-01,32720,32720,32720,TRUE,40,"incl2026",1998
"lingcodSA_2026","lingcodSA_2026","lingcodSA_2026","CC_NCC_fish_291","",2002-01-01,30917,30917,30917,TRUE,40,"incl2026",1998
"lingcodSA_2026","lingcodSA_2026","lingcodSA_2026","CC_NCC_fish_291","",2003-01-01,31814,31814,31814,TRUE,40,"incl2026",1998
"lingcodSA_2026","lingcodSA_2026","lingcodSA_2026","CC_NCC_fish_291","",2004-01-01,32467,32467,32467,TRUE,40,"incl2026",1998
"lingcodSA_2026","lingcodSA_2026","lingcodSA_2026","CC_NCC_fish_291","",2005-01-01,32240,32240,32240,TRUE,40,"incl2026",1998
"lingcodSA_2026","lingcodSA_2026","lingcodSA_2026","CC_NCC_fish_291","",2006-01-01,31232,31232,31232,TRUE,40,"incl2026",1998
"lingcodSA_2026","lingcodSA_2026","lingcodSA_2026","CC_NCC_fish_291","",2007-01-01,33122,33122,33122,TRUE,40,"incl2026",1998
"lingcodSA_2026","lingcodSA_2026","lingcodSA_2026","CC_NCC_fish_291","",2008-01-01,33029,33029,33029,TRUE,40,"incl2026",1998
"lingcodSA_2026","lingcodSA_2026","lingcodSA_2026","CC_NCC_fish_291","",2009-01-01,33358,33358,33358,TRUE,40,"incl2026",1998
"lingcodSA_2026","lingcodSA_2026","lingcodSA_2026","CC_NCC_fish_291","",2010-01-01,34596,34596,34596,TRUE,40,"incl2026",1998
"lingcodSA_2026","lingcodSA_2026","lingcodSA_2026","CC_NCC_fish_291","",2011-01-01,33576,33576,33576,TRUE,40,"incl2026",1998
"lingcodSA_2026","lingcodSA_2026","lingcodSA_2026","CC_NCC_fish_291","",2012-01-01,33332,33332,33332,TRUE,40,"incl2026",1998
"lingcodSA_2026","lingcodSA_2026","lingcodSA_2026","CC_NCC_fish_291","",2013-01-01,33305,33305,33305,TRUE,40,"incl2026",1998
"lingcodSA_2026","lingcodSA_2026","lingcodSA_2026","CC_NCC_fish_291","",2014-01-01,33863,33863,33863,TRUE,40,"incl2026",1998
"lingcodSA_2026","lingcodSA_2026","lingcodSA_2026","CC_NCC_fish_291","",2015-01-01,33490,33490,33490,TRUE,40,"incl2026",1998
"lingcodSA_2026","lingcodSA_2026","lingcodSA_2026","CC_NCC_fish_291","",2016-01-01,33453,33453,33453,TRUE,40,"incl2026",1998
"lingcodSA_2026","lingcodSA_2026","lingcodSA_2026","CC_NCC_fish_291","",2017-01-01,32148,32148,32148,TRUE,40,"incl2026",1998
"lingcodSA_2026","lingcodSA_2026","lingcodSA_2026","CC_NCC_fish_291","",2018-01-01,32364,32364,32364,TRUE,40,"incl2026",1998
"lingcodSA_2026","lingcodSA_2026","lingcodSA_2026","CC_NCC_fish_291","",2019-01-01,32250,32250,32250,TRUE,40,"incl2026",1998
"lingcodSA_2026","lingcodSA_2026","lingcodSA_2026","CC_NCC_fish_291","",2020-01-01,32875,32875,32875,TRUE,40,"incl2026",1998
"lingcodSA_2026","lingcodSA_2026","lingcodSA_2026","CC_NCC_fish_291","",2021-01-01,NA,NA,NA,TRUE,40,"incl2026",1998
"log_abund_anchovy","WCVI","abundAnchovy","WCVI_WCVI_fish_67","north",1998-01-01,NA,NA,NA,TRUE,150,"incl2026",1998
"log_abund_anchovy","WCVI","abundAnchovy","WCVI_WCVI_fish_67","north",1999-01-01,NA,NA,NA,TRUE,150,"incl2026",1998
"log_abund_anchovy","WCVI","abundAnchovy","WCVI_WCVI_fish_67","north",2000-01-01,NA,NA,NA,TRUE,150,"incl2026",1998
"log_abund_anchovy","WCVI","abundAnchovy","WCVI_WCVI_fish_67","north",2001-01-01,NA,NA,NA,TRUE,150,"incl2026",1998
"log_abund_anchovy","WCVI","abundAnchovy","WCVI_WCVI_fish_67","north",2002-01-01,NA,NA,NA,TRUE,150,"incl2026",1998
"log_abund_anchovy","WCVI","abundAnchovy","WCVI_WCVI_fish_67","north",2003-01-01,NA,NA,NA,TRUE,150,"incl2026",1998
"log_abund_anchovy","WCVI","abundAnchovy","WCVI_WCVI_fish_67","north",2004-01-01,NA,NA,NA,TRUE,150,"incl2026",1998
"log_abund_anchovy","WCVI","abundAnchovy","WCVI_WCVI_fish_67","north",2005-01-01,NA,NA,NA,TRUE,150,"incl2026",1998
"log_abund_anchovy","WCVI","abundAnchovy","WCVI_WCVI_fish_67","north",2006-01-01,16.4762556326661,16.4762556326661,16.4762556326661,TRUE,150,"incl2026",1998
"log_abund_anchovy","WCVI","abundAnchovy","WCVI_WCVI_fish_67","north",2007-01-01,2.55166556950443,2.55166556950443,2.55166556950443,TRUE,150,"incl2026",1998
"log_abund_anchovy","WCVI","abundAnchovy","WCVI_WCVI_fish_67","north",2008-01-01,16.4462248148515,16.4462248148515,16.4462248148515,TRUE,150,"incl2026",1998
"log_abund_anchovy","WCVI","abundAnchovy","WCVI_WCVI_fish_67","north",2009-01-01,0.0549333772810082,0.0549333772810082,0.0549333772810082,TRUE,150,"incl2026",1998
"log_abund_anchovy","WCVI","abundAnchovy","WCVI_WCVI_fish_67","north",2010-01-01,13.5889444449044,13.5889444449044,13.5889444449044,TRUE,150,"incl2026",1998
"log_abund_anchovy","WCVI","abundAnchovy","WCVI_WCVI_fish_67","north",2011-01-01,12.5559910532774,12.5559910532774,12.5559910532774,TRUE,150,"incl2026",1998
"log_abund_anchovy","WCVI","abundAnchovy","WCVI_WCVI_fish_67","north",2012-01-01,11.1816275106737,11.1816275106737,11.1816275106737,TRUE,150,"incl2026",1998
"log_abund_anchovy","WCVI","abundAnchovy","WCVI_WCVI_fish_67","north",2013-01-01,4.41025766677173,4.41025766677173,4.41025766677173,TRUE,150,"incl2026",1998
"log_abund_anchovy","WCVI","abundAnchovy","WCVI_WCVI_fish_67","north",2014-01-01,4.66466308255038,4.66466308255038,4.66466308255038,TRUE,150,"incl2026",1998
"log_abund_anchovy","WCVI","abundAnchovy","WCVI_WCVI_fish_67","north",2015-01-01,3.2393924797846,3.2393924797846,3.2393924797846,TRUE,150,"incl2026",1998
"log_abund_anchovy","WCVI","abundAnchovy","WCVI_WCVI_fish_67","north",2016-01-01,3.41458061459677,3.41458061459677,3.41458061459677,TRUE,150,"incl2026",1998
"log_abund_anchovy","WCVI","abundAnchovy","WCVI_WCVI_fish_67","north",2017-01-01,12.7004999681121,12.7004999681121,12.7004999681121,TRUE,150,"incl2026",1998
"log_abund_anchovy","WCVI","abundAnchovy","WCVI_WCVI_fish_67","north",2018-01-01,4.78678981973682,4.78678981973682,4.78678981973682,TRUE,150,"incl2026",1998
"log_abund_anchovy","WCVI","abundAnchovy","WCVI_WCVI_fish_67","north",2019-01-01,9.35419689413702,9.35419689413702,9.35419689413702,TRUE,150,"incl2026",1998
"log_abund_anchovy","WCVI","abundAnchovy","WCVI_WCVI_fish_67","north",2020-01-01,1.8620374121273,1.8620374121273,1.8620374121273,TRUE,150,"incl2026",1998
"log_abund_anchovy","WCVI","abundAnchovy","WCVI_WCVI_fish_67","north",2021-01-01,4.43050350700828,4.43050350700828,4.43050350700828,TRUE,150,"incl2026",1998
"log_abund_pacific_herring","WCVI","abundHerring","WCVI_WCVI_fish_68","north",1998-01-01,NA,NA,NA,TRUE,148,"incl2026",1998
"log_abund_pacific_herring","WCVI","abundHerring","WCVI_WCVI_fish_68","north",1999-01-01,NA,NA,NA,TRUE,148,"incl2026",1998
"log_abund_pacific_herring","WCVI","abundHerring","WCVI_WCVI_fish_68","north",2000-01-01,NA,NA,NA,TRUE,148,"incl2026",1998
"log_abund_pacific_herring","WCVI","abundHerring","WCVI_WCVI_fish_68","north",2001-01-01,NA,NA,NA,TRUE,148,"incl2026",1998
"log_abund_pacific_herring","WCVI","abundHerring","WCVI_WCVI_fish_68","north",2002-01-01,NA,NA,NA,TRUE,148,"incl2026",1998
"log_abund_pacific_herring","WCVI","abundHerring","WCVI_WCVI_fish_68","north",2003-01-01,NA,NA,NA,TRUE,148,"incl2026",1998
"log_abund_pacific_herring","WCVI","abundHerring","WCVI_WCVI_fish_68","north",2004-01-01,NA,NA,NA,TRUE,148,"incl2026",1998
"log_abund_pacific_herring","WCVI","abundHerring","WCVI_WCVI_fish_68","north",2005-01-01,NA,NA,NA,TRUE,148,"incl2026",1998
"log_abund_pacific_herring","WCVI","abundHerring","WCVI_WCVI_fish_68","north",2006-01-01,16.3316171906999,16.3316171906999,16.3316171906999,TRUE,148,"incl2026",1998
"log_abund_pacific_herring","WCVI","abundHerring","WCVI_WCVI_fish_68","north",2007-01-01,15.9493162598043,15.9493162598043,15.9493162598043,TRUE,148,"incl2026",1998
"log_abund_pacific_herring","WCVI","abundHerring","WCVI_WCVI_fish_68","north",2008-01-01,15.6056818653142,15.6056818653142,15.6056818653142,TRUE,148,"incl2026",1998
"log_abund_pacific_herring","WCVI","abundHerring","WCVI_WCVI_fish_68","north",2009-01-01,16.2611459585707,16.2611459585707,16.2611459585707,TRUE,148,"incl2026",1998
"log_abund_pacific_herring","WCVI","abundHerring","WCVI_WCVI_fish_68","north",2010-01-01,16.9047892418534,16.9047892418534,16.9047892418534,TRUE,148,"incl2026",1998
"log_abund_pacific_herring","WCVI","abundHerring","WCVI_WCVI_fish_68","north",2011-01-01,17.5324063648341,17.5324063648341,17.5324063648341,TRUE,148,"incl2026",1998
"log_abund_pacific_herring","WCVI","abundHerring","WCVI_WCVI_fish_68","north",2012-01-01,17.4075475078306,17.4075475078306,17.4075475078306,TRUE,148,"incl2026",1998
"log_abund_pacific_herring","WCVI","abundHerring","WCVI_WCVI_fish_68","north",2013-01-01,17.4263349858101,17.4263349858101,17.4263349858101,TRUE,148,"incl2026",1998
"log_abund_pacific_herring","WCVI","abundHerring","WCVI_WCVI_fish_68","north",2014-01-01,17.8853368443953,17.8853368443953,17.8853368443953,TRUE,148,"incl2026",1998
"log_abund_pacific_herring","WCVI","abundHerring","WCVI_WCVI_fish_68","north",2015-01-01,17.7493878639521,17.7493878639521,17.7493878639521,TRUE,148,"incl2026",1998
"log_abund_pacific_herring","WCVI","abundHerring","WCVI_WCVI_fish_68","north",2016-01-01,17.6325368428153,17.6325368428153,17.6325368428153,TRUE,148,"incl2026",1998
"log_abund_pacific_herring","WCVI","abundHerring","WCVI_WCVI_fish_68","north",2017-01-01,17.4783258008127,17.4783258008127,17.4783258008127,TRUE,148,"incl2026",1998
"log_abund_pacific_herring","WCVI","abundHerring","WCVI_WCVI_fish_68","north",2018-01-01,16.6077900637612,16.6077900637612,16.6077900637612,TRUE,148,"incl2026",1998
"log_abund_pacific_herring","WCVI","abundHerring","WCVI_WCVI_fish_68","north",2019-01-01,17.9555429990033,17.9555429990033,17.9555429990033,TRUE,148,"incl2026",1998
"log_abund_pacific_herring","WCVI","abundHerring","WCVI_WCVI_fish_68","north",2020-01-01,18.0116035276711,18.0116035276711,18.0116035276711,TRUE,148,"incl2026",1998
"log_abund_pacific_herring","WCVI","abundHerring","WCVI_WCVI_fish_68","north",2021-01-01,18.194380293411,18.194380293411,18.194380293411,TRUE,148,"incl2026",1998
"log_abund_pacific_sardine","WCVI","abundSardine","WCVI_WCVI_fish_69","north",1998-01-01,NA,NA,NA,TRUE,57,"incl2026",1998
"log_abund_pacific_sardine","WCVI","abundSardine","WCVI_WCVI_fish_69","north",1999-01-01,NA,NA,NA,TRUE,57,"incl2026",1998
"log_abund_pacific_sardine","WCVI","abundSardine","WCVI_WCVI_fish_69","north",2000-01-01,NA,NA,NA,TRUE,57,"incl2026",1998
"log_abund_pacific_sardine","WCVI","abundSardine","WCVI_WCVI_fish_69","north",2001-01-01,NA,NA,NA,TRUE,57,"incl2026",1998
"log_abund_pacific_sardine","WCVI","abundSardine","WCVI_WCVI_fish_69","north",2002-01-01,NA,NA,NA,TRUE,57,"incl2026",1998
"log_abund_pacific_sardine","WCVI","abundSardine","WCVI_WCVI_fish_69","north",2003-01-01,NA,NA,NA,TRUE,57,"incl2026",1998
"log_abund_pacific_sardine","WCVI","abundSardine","WCVI_WCVI_fish_69","north",2004-01-01,NA,NA,NA,TRUE,57,"incl2026",1998
"log_abund_pacific_sardine","WCVI","abundSardine","WCVI_WCVI_fish_69","north",2005-01-01,NA,NA,NA,TRUE,57,"incl2026",1998
"log_abund_pacific_sardine","WCVI","abundSardine","WCVI_WCVI_fish_69","north",2006-01-01,18.8815696646898,18.8815696646898,18.8815696646898,TRUE,57,"incl2026",1998
"log_abund_pacific_sardine","WCVI","abundSardine","WCVI_WCVI_fish_69","north",2007-01-01,19.240476123094,19.240476123094,19.240476123094,TRUE,57,"incl2026",1998
"log_abund_pacific_sardine","WCVI","abundSardine","WCVI_WCVI_fish_69","north",2008-01-01,18.0521108273639,18.0521108273639,18.0521108273639,TRUE,57,"incl2026",1998
"log_abund_pacific_sardine","WCVI","abundSardine","WCVI_WCVI_fish_69","north",2009-01-01,17.4369797383269,17.4369797383269,17.4369797383269,TRUE,57,"incl2026",1998
"log_abund_pacific_sardine","WCVI","abundSardine","WCVI_WCVI_fish_69","north",2010-01-01,16.7882297202499,16.7882297202499,16.7882297202499,TRUE,57,"incl2026",1998
"log_abund_pacific_sardine","WCVI","abundSardine","WCVI_WCVI_fish_69","north",2011-01-01,17.8938457784657,17.8938457784657,17.8938457784657,TRUE,57,"incl2026",1998
"log_abund_pacific_sardine","WCVI","abundSardine","WCVI_WCVI_fish_69","north",2012-01-01,15.8711880587711,15.8711880587711,15.8711880587711,TRUE,57,"incl2026",1998
"log_abund_pacific_sardine","WCVI","abundSardine","WCVI_WCVI_fish_69","north",2013-01-01,3.11233528424944,3.11233528424944,3.11233528424944,TRUE,57,"incl2026",1998
"log_abund_pacific_sardine","WCVI","abundSardine","WCVI_WCVI_fish_69","north",2014-01-01,0.0540073280834568,0.0540073280834568,0.0540073280834568,TRUE,57,"incl2026",1998
"log_abund_pacific_sardine","WCVI","abundSardine","WCVI_WCVI_fish_69","north",2015-01-01,0.502987361439946,0.502987361439946,0.502987361439946,TRUE,57,"incl2026",1998
"log_abund_pacific_sardine","WCVI","abundSardine","WCVI_WCVI_fish_69","north",2016-01-01,0.345899214291239,0.345899214291239,0.345899214291239,TRUE,57,"incl2026",1998
"log_abund_pacific_sardine","WCVI","abundSardine","WCVI_WCVI_fish_69","north",2017-01-01,-0.293277898431876,-0.293277898431876,-0.293277898431876,TRUE,57,"incl2026",1998
"log_abund_pacific_sardine","WCVI","abundSardine","WCVI_WCVI_fish_69","north",2018-01-01,4.55139015939074,4.55139015939074,4.55139015939074,TRUE,57,"incl2026",1998
"log_abund_pacific_sardine","WCVI","abundSardine","WCVI_WCVI_fish_69","north",2019-01-01,4.55614392918434,4.55614392918434,4.55614392918434,TRUE,57,"incl2026",1998
"log_abund_pacific_sardine","WCVI","abundSardine","WCVI_WCVI_fish_69","north",2020-01-01,2.79006947907017,2.79006947907017,2.79006947907017,TRUE,57,"incl2026",1998
"log_abund_pacific_sardine","WCVI","abundSardine","WCVI_WCVI_fish_69","north",2021-01-01,0.563964367503428,0.563964367503428,0.563964367503428,TRUE,57,"incl2026",1998
"log_biomass_amphipod_wcvi_shelf_summer","WCVI","biomassAmphShelfSum","WCVI_WCVI_plank_93","north",1998-01-01,-1.73891267943688,-1.73891267943688,-1.73891267943688,TRUE,151,"incl2026",1998
"log_biomass_amphipod_wcvi_shelf_summer","WCVI","biomassAmphShelfSum","WCVI_WCVI_plank_93","north",1999-01-01,-0.965856417270687,-0.965856417270687,-0.965856417270687,TRUE,151,"incl2026",1998
"log_biomass_amphipod_wcvi_shelf_summer","WCVI","biomassAmphShelfSum","WCVI_WCVI_plank_93","north",2000-01-01,-2.5085913305124,-2.5085913305124,-2.5085913305124,TRUE,151,"incl2026",1998
"log_biomass_amphipod_wcvi_shelf_summer","WCVI","biomassAmphShelfSum","WCVI_WCVI_plank_93","north",2001-01-01,-0.379006050861327,-0.379006050861327,-0.379006050861327,TRUE,151,"incl2026",1998
"log_biomass_amphipod_wcvi_shelf_summer","WCVI","biomassAmphShelfSum","WCVI_WCVI_plank_93","north",2002-01-01,-1.84551340624363,-1.84551340624363,-1.84551340624363,TRUE,151,"incl2026",1998
"log_biomass_amphipod_wcvi_shelf_summer","WCVI","biomassAmphShelfSum","WCVI_WCVI_plank_93","north",2003-01-01,-1.45709377413508,-1.45709377413508,-1.45709377413508,TRUE,151,"incl2026",1998
"log_biomass_amphipod_wcvi_shelf_summer","WCVI","biomassAmphShelfSum","WCVI_WCVI_plank_93","north",2004-01-01,-1.33068667284308,-1.33068667284308,-1.33068667284308,TRUE,151,"incl2026",1998
"log_biomass_amphipod_wcvi_shelf_summer","WCVI","biomassAmphShelfSum","WCVI_WCVI_plank_93","north",2005-01-01,-1.91760361820758,-1.91760361820758,-1.91760361820758,TRUE,151,"incl2026",1998
"log_biomass_amphipod_wcvi_shelf_summer","WCVI","biomassAmphShelfSum","WCVI_WCVI_plank_93","north",2006-01-01,-1.42232527186837,-1.42232527186837,-1.42232527186837,TRUE,151,"incl2026",1998
"log_biomass_amphipod_wcvi_shelf_summer","WCVI","biomassAmphShelfSum","WCVI_WCVI_plank_93","north",2007-01-01,-1.87143163580433,-1.87143163580433,-1.87143163580433,TRUE,151,"incl2026",1998
"log_biomass_amphipod_wcvi_shelf_summer","WCVI","biomassAmphShelfSum","WCVI_WCVI_plank_93","north",2008-01-01,-1.41956576655184,-1.41956576655184,-1.41956576655184,TRUE,151,"incl2026",1998
"log_biomass_amphipod_wcvi_shelf_summer","WCVI","biomassAmphShelfSum","WCVI_WCVI_plank_93","north",2009-01-01,-2.45452934352945,-2.45452934352945,-2.45452934352945,TRUE,151,"incl2026",1998
"log_biomass_amphipod_wcvi_shelf_summer","WCVI","biomassAmphShelfSum","WCVI_WCVI_plank_93","north",2010-01-01,-0.85509833586254,-0.85509833586254,-0.85509833586254,TRUE,151,"incl2026",1998
"log_biomass_amphipod_wcvi_shelf_summer","WCVI","biomassAmphShelfSum","WCVI_WCVI_plank_93","north",2011-01-01,0.140625156655008,0.140625156655008,0.140625156655008,TRUE,151,"incl2026",1998
"log_biomass_amphipod_wcvi_shelf_summer","WCVI","biomassAmphShelfSum","WCVI_WCVI_plank_93","north",2012-01-01,-0.271833551581294,-0.271833551581294,-0.271833551581294,TRUE,151,"incl2026",1998
"log_biomass_amphipod_wcvi_shelf_summer","WCVI","biomassAmphShelfSum","WCVI_WCVI_plank_93","north",2013-01-01,-0.84541476273417,-0.84541476273417,-0.84541476273417,TRUE,151,"incl2026",1998
"log_biomass_amphipod_wcvi_shelf_summer","WCVI","biomassAmphShelfSum","WCVI_WCVI_plank_93","north",2014-01-01,0.0568625636289775,0.0568625636289775,0.0568625636289775,TRUE,151,"incl2026",1998
"log_biomass_amphipod_wcvi_shelf_summer","WCVI","biomassAmphShelfSum","WCVI_WCVI_plank_93","north",2015-01-01,1.00595050543024,1.00595050543024,1.00595050543024,TRUE,151,"incl2026",1998
"log_biomass_amphipod_wcvi_shelf_summer","WCVI","biomassAmphShelfSum","WCVI_WCVI_plank_93","north",2016-01-01,1.05530688897422,1.05530688897422,1.05530688897422,TRUE,151,"incl2026",1998
"log_biomass_amphipod_wcvi_shelf_summer","WCVI","biomassAmphShelfSum","WCVI_WCVI_plank_93","north",2017-01-01,0.526876122584684,0.526876122584684,0.526876122584684,TRUE,151,"incl2026",1998
"log_biomass_amphipod_wcvi_shelf_summer","WCVI","biomassAmphShelfSum","WCVI_WCVI_plank_93","north",2018-01-01,0.376802110069755,0.376802110069755,0.376802110069755,TRUE,151,"incl2026",1998
"log_biomass_amphipod_wcvi_shelf_summer","WCVI","biomassAmphShelfSum","WCVI_WCVI_plank_93","north",2019-01-01,-0.448760023850632,-0.448760023850632,-0.448760023850632,TRUE,151,"incl2026",1998
"log_biomass_amphipod_wcvi_shelf_summer","WCVI","biomassAmphShelfSum","WCVI_WCVI_plank_93","north",2020-01-01,NA,-1.28964007306429,-1.28964007306429,TRUE,151,"incl2026",1998
"log_biomass_amphipod_wcvi_shelf_summer","WCVI","biomassAmphShelfSum","WCVI_WCVI_plank_93","north",2021-01-01,-2.13052012227794,-2.13052012227794,-2.13052012227794,TRUE,151,"incl2026",1998
"log_biomass_decapod_larvae_wcvi_shelf_summer","WCVI","biomassDecaShelfSum","WCVI_WCVI_plank_95","north",1998-01-01,0.422728212537165,0.422728212537165,0.422728212537165,TRUE,152,"incl2026",1998
"log_biomass_decapod_larvae_wcvi_shelf_summer","WCVI","biomassDecaShelfSum","WCVI_WCVI_plank_95","north",1999-01-01,-0.456323822016891,-0.456323822016891,-0.456323822016891,TRUE,152,"incl2026",1998
"log_biomass_decapod_larvae_wcvi_shelf_summer","WCVI","biomassDecaShelfSum","WCVI_WCVI_plank_95","north",2000-01-01,-1.81084932660508,-1.81084932660508,-1.81084932660508,TRUE,152,"incl2026",1998
"log_biomass_decapod_larvae_wcvi_shelf_summer","WCVI","biomassDecaShelfSum","WCVI_WCVI_plank_95","north",2001-01-01,3.13888893328398,3.13888893328398,3.13888893328398,TRUE,152,"incl2026",1998
"log_biomass_decapod_larvae_wcvi_shelf_summer","WCVI","biomassDecaShelfSum","WCVI_WCVI_plank_95","north",2002-01-01,0.513395319268591,0.513395319268591,0.513395319268591,TRUE,152,"incl2026",1998
"log_biomass_decapod_larvae_wcvi_shelf_summer","WCVI","biomassDecaShelfSum","WCVI_WCVI_plank_95","north",2003-01-01,1.22069680043776,1.22069680043776,1.22069680043776,TRUE,152,"incl2026",1998
"log_biomass_decapod_larvae_wcvi_shelf_summer","WCVI","biomassDecaShelfSum","WCVI_WCVI_plank_95","north",2004-01-01,0.604004442924953,0.604004442924953,0.604004442924953,TRUE,152,"incl2026",1998
"log_biomass_decapod_larvae_wcvi_shelf_summer","WCVI","biomassDecaShelfSum","WCVI_WCVI_plank_95","north",2005-01-01,0.416108693760652,0.416108693760652,0.416108693760652,TRUE,152,"incl2026",1998
"log_biomass_decapod_larvae_wcvi_shelf_summer","WCVI","biomassDecaShelfSum","WCVI_WCVI_plank_95","north",2006-01-01,-0.857587843360067,-0.857587843360067,-0.857587843360067,TRUE,152,"incl2026",1998
"log_biomass_decapod_larvae_wcvi_shelf_summer","WCVI","biomassDecaShelfSum","WCVI_WCVI_plank_95","north",2007-01-01,-0.389802675182,-0.389802675182,-0.389802675182,TRUE,152,"incl2026",1998
"log_biomass_decapod_larvae_wcvi_shelf_summer","WCVI","biomassDecaShelfSum","WCVI_WCVI_plank_95","north",2008-01-01,-0.113826809350187,-0.113826809350187,-0.113826809350187,TRUE,152,"incl2026",1998
"log_biomass_decapod_larvae_wcvi_shelf_summer","WCVI","biomassDecaShelfSum","WCVI_WCVI_plank_95","north",2009-01-01,-0.163483850453763,-0.163483850453763,-0.163483850453763,TRUE,152,"incl2026",1998
"log_biomass_decapod_larvae_wcvi_shelf_summer","WCVI","biomassDecaShelfSum","WCVI_WCVI_plank_95","north",2010-01-01,-0.039462624764477,-0.039462624764477,-0.039462624764477,TRUE,152,"incl2026",1998
"log_biomass_decapod_larvae_wcvi_shelf_summer","WCVI","biomassDecaShelfSum","WCVI_WCVI_plank_95","north",2011-01-01,0.455943726987721,0.455943726987721,0.455943726987721,TRUE,152,"incl2026",1998
"log_biomass_decapod_larvae_wcvi_shelf_summer","WCVI","biomassDecaShelfSum","WCVI_WCVI_plank_95","north",2012-01-01,0.558269708631867,0.558269708631867,0.558269708631867,TRUE,152,"incl2026",1998
"log_biomass_decapod_larvae_wcvi_shelf_summer","WCVI","biomassDecaShelfSum","WCVI_WCVI_plank_95","north",2013-01-01,-0.807738200738003,-0.807738200738003,-0.807738200738003,TRUE,152,"incl2026",1998
"log_biomass_decapod_larvae_wcvi_shelf_summer","WCVI","biomassDecaShelfSum","WCVI_WCVI_plank_95","north",2014-01-01,-0.0228913084937939,-0.0228913084937939,-0.0228913084937939,TRUE,152,"incl2026",1998
"log_biomass_decapod_larvae_wcvi_shelf_summer","WCVI","biomassDecaShelfSum","WCVI_WCVI_plank_95","north",2015-01-01,0.289997090727958,0.289997090727958,0.289997090727958,TRUE,152,"incl2026",1998
"log_biomass_decapod_larvae_wcvi_shelf_summer","WCVI","biomassDecaShelfSum","WCVI_WCVI_plank_95","north",2016-01-01,2.16012096968088,2.16012096968088,2.16012096968088,TRUE,152,"incl2026",1998
"log_biomass_decapod_larvae_wcvi_shelf_summer","WCVI","biomassDecaShelfSum","WCVI_WCVI_plank_95","north",2017-01-01,0.970862457439682,0.970862457439682,0.970862457439682,TRUE,152,"incl2026",1998
"log_biomass_decapod_larvae_wcvi_shelf_summer","WCVI","biomassDecaShelfSum","WCVI_WCVI_plank_95","north",2018-01-01,0.201223042890221,0.201223042890221,0.201223042890221,TRUE,152,"incl2026",1998
"log_biomass_decapod_larvae_wcvi_shelf_summer","WCVI","biomassDecaShelfSum","WCVI_WCVI_plank_95","north",2019-01-01,0.615167878314751,0.615167878314751,0.615167878314751,TRUE,152,"incl2026",1998
"log_biomass_decapod_larvae_wcvi_shelf_summer","WCVI","biomassDecaShelfSum","WCVI_WCVI_plank_95","north",2020-01-01,NA,0.680511744492597,0.680511744492597,TRUE,152,"incl2026",1998
"log_biomass_decapod_larvae_wcvi_shelf_summer","WCVI","biomassDecaShelfSum","WCVI_WCVI_plank_95","north",2021-01-01,0.745855610670444,0.745855610670444,0.745855610670444,TRUE,152,"incl2026",1998
"log_biomass_euphusiid_wcvi_inlet_summer","WCVI","biomassEuphInletSum","WCVI_WCVI_plank_97","north",1998-01-01,3.30215676073989,3.30215676073989,3.30215676073989,TRUE,153,"incl2026",1998
"log_biomass_euphusiid_wcvi_inlet_summer","WCVI","biomassEuphInletSum","WCVI_WCVI_plank_97","north",1999-01-01,1.38198038177741,1.38198038177741,1.38198038177741,TRUE,153,"incl2026",1998
"log_biomass_euphusiid_wcvi_inlet_summer","WCVI","biomassEuphInletSum","WCVI_WCVI_plank_97","north",2000-01-01,3.46784153855864,3.46784153855864,3.46784153855864,TRUE,153,"incl2026",1998
"log_biomass_euphusiid_wcvi_inlet_summer","WCVI","biomassEuphInletSum","WCVI_WCVI_plank_97","north",2001-01-01,3.60946263126279,3.60946263126279,3.60946263126279,TRUE,153,"incl2026",1998
"log_biomass_euphusiid_wcvi_inlet_summer","WCVI","biomassEuphInletSum","WCVI_WCVI_plank_97","north",2002-01-01,3.09770076780636,3.09770076780636,3.09770076780636,TRUE,153,"incl2026",1998
"log_biomass_euphusiid_wcvi_inlet_summer","WCVI","biomassEuphInletSum","WCVI_WCVI_plank_97","north",2003-01-01,1.49038660410984,1.49038660410984,1.49038660410984,TRUE,153,"incl2026",1998
"log_biomass_euphusiid_wcvi_inlet_summer","WCVI","biomassEuphInletSum","WCVI_WCVI_plank_97","north",2004-01-01,2.73134472299795,2.73134472299795,2.73134472299795,TRUE,153,"incl2026",1998
"log_biomass_euphusiid_wcvi_inlet_summer","WCVI","biomassEuphInletSum","WCVI_WCVI_plank_97","north",2005-01-01,1.09325316250304,1.09325316250304,1.09325316250304,TRUE,153,"incl2026",1998
"log_biomass_euphusiid_wcvi_inlet_summer","WCVI","biomassEuphInletSum","WCVI_WCVI_plank_97","north",2006-01-01,1.37586232363971,1.37586232363971,1.37586232363971,TRUE,153,"incl2026",1998
"log_biomass_euphusiid_wcvi_inlet_summer","WCVI","biomassEuphInletSum","WCVI_WCVI_plank_97","north",2007-01-01,1.56677551012411,1.56677551012411,1.56677551012411,TRUE,153,"incl2026",1998
"log_biomass_euphusiid_wcvi_inlet_summer","WCVI","biomassEuphInletSum","WCVI_WCVI_plank_97","north",2008-01-01,2.18193213053459,2.18193213053459,2.18193213053459,TRUE,153,"incl2026",1998
"log_biomass_euphusiid_wcvi_inlet_summer","WCVI","biomassEuphInletSum","WCVI_WCVI_plank_97","north",2009-01-01,2.72972917154025,2.72972917154025,2.72972917154025,TRUE,153,"incl2026",1998
"log_biomass_euphusiid_wcvi_inlet_summer","WCVI","biomassEuphInletSum","WCVI_WCVI_plank_97","north",2010-01-01,0.530239940385219,0.530239940385219,0.530239940385219,TRUE,153,"incl2026",1998
"log_biomass_euphusiid_wcvi_inlet_summer","WCVI","biomassEuphInletSum","WCVI_WCVI_plank_97","north",2011-01-01,1.75176294409936,1.75176294409936,1.75176294409936,TRUE,153,"incl2026",1998
"log_biomass_euphusiid_wcvi_inlet_summer","WCVI","biomassEuphInletSum","WCVI_WCVI_plank_97","north",2012-01-01,2.08350265916775,2.08350265916775,2.08350265916775,TRUE,153,"incl2026",1998
"log_biomass_euphusiid_wcvi_inlet_summer","WCVI","biomassEuphInletSum","WCVI_WCVI_plank_97","north",2013-01-01,3.32175862351882,3.32175862351882,3.32175862351882,TRUE,153,"incl2026",1998
"log_biomass_euphusiid_wcvi_inlet_summer","WCVI","biomassEuphInletSum","WCVI_WCVI_plank_97","north",2014-01-01,NA,NA,NA,TRUE,153,"incl2026",1998
"log_biomass_euphusiid_wcvi_inlet_summer","WCVI","biomassEuphInletSum","WCVI_WCVI_plank_97","north",2015-01-01,NA,NA,NA,TRUE,153,"incl2026",1998
"log_biomass_euphusiid_wcvi_inlet_summer","WCVI","biomassEuphInletSum","WCVI_WCVI_plank_97","north",2016-01-01,NA,NA,NA,TRUE,153,"incl2026",1998
"log_biomass_euphusiid_wcvi_inlet_summer","WCVI","biomassEuphInletSum","WCVI_WCVI_plank_97","north",2017-01-01,NA,NA,NA,TRUE,153,"incl2026",1998
"log_biomass_euphusiid_wcvi_inlet_summer","WCVI","biomassEuphInletSum","WCVI_WCVI_plank_97","north",2018-01-01,NA,NA,NA,TRUE,153,"incl2026",1998
"log_biomass_euphusiid_wcvi_inlet_summer","WCVI","biomassEuphInletSum","WCVI_WCVI_plank_97","north",2019-01-01,NA,NA,NA,TRUE,153,"incl2026",1998
"log_biomass_euphusiid_wcvi_inlet_summer","WCVI","biomassEuphInletSum","WCVI_WCVI_plank_97","north",2020-01-01,NA,NA,NA,TRUE,153,"incl2026",1998
"log_biomass_euphusiid_wcvi_inlet_summer","WCVI","biomassEuphInletSum","WCVI_WCVI_plank_97","north",2021-01-01,NA,NA,NA,TRUE,153,"incl2026",1998
"log_biomass_euphusiid_wcvi_shelf_summer","WCVI","biomassEuphShelfSum","WCVI_WCVI_plank_99","north",1998-01-01,2.31739682861459,2.31739682861459,2.31739682861459,TRUE,154,"incl2026",1998
"log_biomass_euphusiid_wcvi_shelf_summer","WCVI","biomassEuphShelfSum","WCVI_WCVI_plank_99","north",1999-01-01,1.78497010099,1.78497010099,1.78497010099,TRUE,154,"incl2026",1998
"log_biomass_euphusiid_wcvi_shelf_summer","WCVI","biomassEuphShelfSum","WCVI_WCVI_plank_99","north",2000-01-01,2.31603933737204,2.31603933737204,2.31603933737204,TRUE,154,"incl2026",1998
"log_biomass_euphusiid_wcvi_shelf_summer","WCVI","biomassEuphShelfSum","WCVI_WCVI_plank_99","north",2001-01-01,2.28422896900733,2.28422896900733,2.28422896900733,TRUE,154,"incl2026",1998
"log_biomass_euphusiid_wcvi_shelf_summer","WCVI","biomassEuphShelfSum","WCVI_WCVI_plank_99","north",2002-01-01,2.78274273544886,2.78274273544886,2.78274273544886,TRUE,154,"incl2026",1998
"log_biomass_euphusiid_wcvi_shelf_summer","WCVI","biomassEuphShelfSum","WCVI_WCVI_plank_99","north",2003-01-01,2.25637654670468,2.25637654670468,2.25637654670468,TRUE,154,"incl2026",1998
"log_biomass_euphusiid_wcvi_shelf_summer","WCVI","biomassEuphShelfSum","WCVI_WCVI_plank_99","north",2004-01-01,2.58424968236987,2.58424968236987,2.58424968236987,TRUE,154,"incl2026",1998
"log_biomass_euphusiid_wcvi_shelf_summer","WCVI","biomassEuphShelfSum","WCVI_WCVI_plank_99","north",2005-01-01,2.06057985381933,2.06057985381933,2.06057985381933,TRUE,154,"incl2026",1998
"log_biomass_euphusiid_wcvi_shelf_summer","WCVI","biomassEuphShelfSum","WCVI_WCVI_plank_99","north",2006-01-01,1.53006028513288,1.53006028513288,1.53006028513288,TRUE,154,"incl2026",1998
"log_biomass_euphusiid_wcvi_shelf_summer","WCVI","biomassEuphShelfSum","WCVI_WCVI_plank_99","north",2007-01-01,1.43013991665456,1.43013991665456,1.43013991665456,TRUE,154,"incl2026",1998
"log_biomass_euphusiid_wcvi_shelf_summer","WCVI","biomassEuphShelfSum","WCVI_WCVI_plank_99","north",2008-01-01,1.46730857749522,1.46730857749522,1.46730857749522,TRUE,154,"incl2026",1998
"log_biomass_euphusiid_wcvi_shelf_summer","WCVI","biomassEuphShelfSum","WCVI_WCVI_plank_99","north",2009-01-01,2.10843682016446,2.10843682016446,2.10843682016446,TRUE,154,"incl2026",1998
"log_biomass_euphusiid_wcvi_shelf_summer","WCVI","biomassEuphShelfSum","WCVI_WCVI_plank_99","north",2010-01-01,2.27798057505264,2.27798057505264,2.27798057505264,TRUE,154,"incl2026",1998
"log_biomass_euphusiid_wcvi_shelf_summer","WCVI","biomassEuphShelfSum","WCVI_WCVI_plank_99","north",2011-01-01,2.3423758059262,2.3423758059262,2.3423758059262,TRUE,154,"incl2026",1998
"log_biomass_euphusiid_wcvi_shelf_summer","WCVI","biomassEuphShelfSum","WCVI_WCVI_plank_99","north",2012-01-01,1.80272765669983,1.80272765669983,1.80272765669983,TRUE,154,"incl2026",1998
"log_biomass_euphusiid_wcvi_shelf_summer","WCVI","biomassEuphShelfSum","WCVI_WCVI_plank_99","north",2013-01-01,3.31471892558201,3.31471892558201,3.31471892558201,TRUE,154,"incl2026",1998
"log_biomass_euphusiid_wcvi_shelf_summer","WCVI","biomassEuphShelfSum","WCVI_WCVI_plank_99","north",2014-01-01,3.16792895603715,3.16792895603715,3.16792895603715,TRUE,154,"incl2026",1998
"log_biomass_euphusiid_wcvi_shelf_summer","WCVI","biomassEuphShelfSum","WCVI_WCVI_plank_99","north",2015-01-01,4.01170861723556,4.01170861723556,4.01170861723556,TRUE,154,"incl2026",1998
"log_biomass_euphusiid_wcvi_shelf_summer","WCVI","biomassEuphShelfSum","WCVI_WCVI_plank_99","north",2016-01-01,3.21101495186253,3.21101495186253,3.21101495186253,TRUE,154,"incl2026",1998
"log_biomass_euphusiid_wcvi_shelf_summer","WCVI","biomassEuphShelfSum","WCVI_WCVI_plank_99","north",2017-01-01,2.48476876991264,2.48476876991264,2.48476876991264,TRUE,154,"incl2026",1998
"log_biomass_euphusiid_wcvi_shelf_summer","WCVI","biomassEuphShelfSum","WCVI_WCVI_plank_99","north",2018-01-01,3.19299149746773,3.19299149746773,3.19299149746773,TRUE,154,"incl2026",1998
"log_biomass_euphusiid_wcvi_shelf_summer","WCVI","biomassEuphShelfSum","WCVI_WCVI_plank_99","north",2019-01-01,2.63906370714594,2.63906370714594,2.63906370714594,TRUE,154,"incl2026",1998
"log_biomass_euphusiid_wcvi_shelf_summer","WCVI","biomassEuphShelfSum","WCVI_WCVI_plank_99","north",2020-01-01,NA,2.37017379185952,2.37017379185952,TRUE,154,"incl2026",1998
"log_biomass_euphusiid_wcvi_shelf_summer","WCVI","biomassEuphShelfSum","WCVI_WCVI_plank_99","north",2021-01-01,2.1012838765731,2.1012838765731,2.1012838765731,TRUE,154,"incl2026",1998
"log_biomass_mysid_wcvi_shelf_summer","WCVI","biomassMysidShelfSum","WCVI_WCVI_plank_101","north",1998-01-01,-3.97728250713047,-3.97728250713047,-3.97728250713047,TRUE,155,"incl2026",1998
"log_biomass_mysid_wcvi_shelf_summer","WCVI","biomassMysidShelfSum","WCVI_WCVI_plank_101","north",1999-01-01,-4.55800599285334,-4.55800599285334,-4.55800599285334,TRUE,155,"incl2026",1998
"log_biomass_mysid_wcvi_shelf_summer","WCVI","biomassMysidShelfSum","WCVI_WCVI_plank_101","north",2000-01-01,-3.82527666355722,-3.82527666355722,-3.82527666355722,TRUE,155,"incl2026",1998
"log_biomass_mysid_wcvi_shelf_summer","WCVI","biomassMysidShelfSum","WCVI_WCVI_plank_101","north",2001-01-01,-4.11016911256907,-4.11016911256907,-4.11016911256907,TRUE,155,"incl2026",1998
"log_biomass_mysid_wcvi_shelf_summer","WCVI","biomassMysidShelfSum","WCVI_WCVI_plank_101","north",2002-01-01,-4.56539294756179,-4.56539294756179,-4.56539294756179,TRUE,155,"incl2026",1998
"log_biomass_mysid_wcvi_shelf_summer","WCVI","biomassMysidShelfSum","WCVI_WCVI_plank_101","north",2003-01-01,-5.80945553915233,-5.80945553915233,-5.80945553915233,TRUE,155,"incl2026",1998
"log_biomass_mysid_wcvi_shelf_summer","WCVI","biomassMysidShelfSum","WCVI_WCVI_plank_101","north",2004-01-01,-4.88897407404222,-4.88897407404222,-4.88897407404222,TRUE,155,"incl2026",1998
"log_biomass_mysid_wcvi_shelf_summer","WCVI","biomassMysidShelfSum","WCVI_WCVI_plank_101","north",2005-01-01,-3.00953025519539,-3.00953025519539,-3.00953025519539,TRUE,155,"incl2026",1998
"log_biomass_mysid_wcvi_shelf_summer","WCVI","biomassMysidShelfSum","WCVI_WCVI_plank_101","north",2006-01-01,-4.81930680274552,-4.81930680274552,-4.81930680274552,TRUE,155,"incl2026",1998
"log_biomass_mysid_wcvi_shelf_summer","WCVI","biomassMysidShelfSum","WCVI_WCVI_plank_101","north",2007-01-01,-4.87018429967041,-4.87018429967041,-4.87018429967041,TRUE,155,"incl2026",1998
"log_biomass_mysid_wcvi_shelf_summer","WCVI","biomassMysidShelfSum","WCVI_WCVI_plank_101","north",2008-01-01,-3.46034247352302,-3.46034247352302,-3.46034247352302,TRUE,155,"incl2026",1998
"log_biomass_mysid_wcvi_shelf_summer","WCVI","biomassMysidShelfSum","WCVI_WCVI_plank_101","north",2009-01-01,-5.1941490506397,-5.1941490506397,-5.1941490506397,TRUE,155,"incl2026",1998
"log_biomass_mysid_wcvi_shelf_summer","WCVI","biomassMysidShelfSum","WCVI_WCVI_plank_101","north",2010-01-01,-3.2083869087345,-3.2083869087345,-3.2083869087345,TRUE,155,"incl2026",1998
"log_biomass_mysid_wcvi_shelf_summer","WCVI","biomassMysidShelfSum","WCVI_WCVI_plank_101","north",2011-01-01,-3.35384575168707,-3.35384575168707,-3.35384575168707,TRUE,155,"incl2026",1998
"log_biomass_mysid_wcvi_shelf_summer","WCVI","biomassMysidShelfSum","WCVI_WCVI_plank_101","north",2012-01-01,-9.21034037197618,-9.21034037197618,-9.21034037197618,TRUE,155,"incl2026",1998
"log_biomass_mysid_wcvi_shelf_summer","WCVI","biomassMysidShelfSum","WCVI_WCVI_plank_101","north",2013-01-01,-4.12243544238863,-4.12243544238863,-4.12243544238863,TRUE,155,"incl2026",1998
"log_biomass_mysid_wcvi_shelf_summer","WCVI","biomassMysidShelfSum","WCVI_WCVI_plank_101","north",2014-01-01,-5.37498941718788,-5.37498941718788,-5.37498941718788,TRUE,155,"incl2026",1998
"log_biomass_mysid_wcvi_shelf_summer","WCVI","biomassMysidShelfSum","WCVI_WCVI_plank_101","north",2015-01-01,-4.63287031663037,-4.63287031663037,-4.63287031663037,TRUE,155,"incl2026",1998
"log_biomass_mysid_wcvi_shelf_summer","WCVI","biomassMysidShelfSum","WCVI_WCVI_plank_101","north",2016-01-01,-5.90834964039748,-5.90834964039748,-5.90834964039748,TRUE,155,"incl2026",1998
"log_biomass_mysid_wcvi_shelf_summer","WCVI","biomassMysidShelfSum","WCVI_WCVI_plank_101","north",2017-01-01,-6.15111178686306,-6.15111178686306,-6.15111178686306,TRUE,155,"incl2026",1998
"log_biomass_mysid_wcvi_shelf_summer","WCVI","biomassMysidShelfSum","WCVI_WCVI_plank_101","north",2018-01-01,-4.88103348719041,-4.88103348719041,-4.88103348719041,TRUE,155,"incl2026",1998
"log_biomass_mysid_wcvi_shelf_summer","WCVI","biomassMysidShelfSum","WCVI_WCVI_plank_101","north",2019-01-01,-5.37573851351662,-5.37573851351662,-5.37573851351662,TRUE,155,"incl2026",1998
"log_biomass_mysid_wcvi_shelf_summer","WCVI","biomassMysidShelfSum","WCVI_WCVI_plank_101","north",2020-01-01,NA,-3.948401525849,-3.948401525849,TRUE,155,"incl2026",1998
"log_biomass_mysid_wcvi_shelf_summer","WCVI","biomassMysidShelfSum","WCVI_WCVI_plank_101","north",2021-01-01,-2.52106453818138,-2.52106453818138,-2.52106453818138,TRUE,155,"incl2026",1998
"marketsquid_gam","data_2025","marketsquid_GAM_2025","CC_NCC_mol_175","",1998-01-01,0.334102766910692,0.334102766910692,0.334102766910692,TRUE,66,"incl2026",1998
"marketsquid_gam","data_2025","marketsquid_GAM_2025","CC_NCC_mol_175","",1999-01-01,0.289593425555346,0.289593425555346,0.289593425555346,TRUE,66,"incl2026",1998
"marketsquid_gam","data_2025","marketsquid_GAM_2025","CC_NCC_mol_175","",2000-01-01,0.245922141938679,0.245922141938679,0.245922141938679,TRUE,66,"incl2026",1998
"marketsquid_gam","data_2025","marketsquid_GAM_2025","CC_NCC_mol_175","",2001-01-01,0.306438637333962,0.306438637333962,0.306438637333962,TRUE,66,"incl2026",1998
"marketsquid_gam","data_2025","marketsquid_GAM_2025","CC_NCC_mol_175","",2002-01-01,0.272900997666038,0.272900997666038,0.272900997666038,TRUE,66,"incl2026",1998
"marketsquid_gam","data_2025","marketsquid_GAM_2025","CC_NCC_mol_175","",2003-01-01,0.337489361837736,0.337489361837736,0.337489361837736,TRUE,66,"incl2026",1998
"marketsquid_gam","data_2025","marketsquid_GAM_2025","CC_NCC_mol_175","",2004-01-01,0.266816352285849,0.266816352285849,0.266816352285849,TRUE,66,"incl2026",1998
"marketsquid_gam","data_2025","marketsquid_GAM_2025","CC_NCC_mol_175","",2005-01-01,0.250474317877044,0.250474317877044,0.250474317877044,TRUE,66,"incl2026",1998
"marketsquid_gam","data_2025","marketsquid_GAM_2025","CC_NCC_mol_175","",2006-01-01,0.279754810992138,0.279754810992138,0.279754810992138,TRUE,66,"incl2026",1998
"marketsquid_gam","data_2025","marketsquid_GAM_2025","CC_NCC_mol_175","",2007-01-01,0.271437129087107,0.271437129087107,0.271437129087107,TRUE,66,"incl2026",1998
"marketsquid_gam","data_2025","marketsquid_GAM_2025","CC_NCC_mol_175","",2008-01-01,0.303551461181447,0.303551461181447,0.303551461181447,TRUE,66,"incl2026",1998
"marketsquid_gam","data_2025","marketsquid_GAM_2025","CC_NCC_mol_175","",2009-01-01,0.293566705553774,0.293566705553774,0.293566705553774,TRUE,66,"incl2026",1998
"marketsquid_gam","data_2025","marketsquid_GAM_2025","CC_NCC_mol_175","",2010-01-01,0.288661122861321,0.288661122861321,0.288661122861321,TRUE,66,"incl2026",1998
"marketsquid_gam","data_2025","marketsquid_GAM_2025","CC_NCC_mol_175","",2011-01-01,0.394672376860063,0.394672376860063,0.394672376860063,TRUE,66,"incl2026",1998
"marketsquid_gam","data_2025","marketsquid_GAM_2025","CC_NCC_mol_175","",2012-01-01,0.312494979509748,0.312494979509748,0.312494979509748,TRUE,66,"incl2026",1998
"marketsquid_gam","data_2025","marketsquid_GAM_2025","CC_NCC_mol_175","",2013-01-01,0.392517813312893,0.392517813312893,0.392517813312893,TRUE,66,"incl2026",1998
"marketsquid_gam","data_2025","marketsquid_GAM_2025","CC_NCC_mol_175","",2014-01-01,0.448883374620755,0.448883374620755,0.448883374620755,TRUE,66,"incl2026",1998
"marketsquid_gam","data_2025","marketsquid_GAM_2025","CC_NCC_mol_175","",2015-01-01,0.450531747803145,0.450531747803145,0.450531747803145,TRUE,66,"incl2026",1998
"marketsquid_gam","data_2025","marketsquid_GAM_2025","CC_NCC_mol_175","",2016-01-01,0.486325186643082,0.486325186643082,0.486325186643082,TRUE,66,"incl2026",1998
"marketsquid_gam","data_2025","marketsquid_GAM_2025","CC_NCC_mol_175","",2017-01-01,0.424232239923899,0.424232239923899,0.424232239923899,TRUE,66,"incl2026",1998
"marketsquid_gam","data_2025","marketsquid_GAM_2025","CC_NCC_mol_175","",2018-01-01,0.461870033899057,0.461870033899057,0.461870033899057,TRUE,66,"incl2026",1998
"marketsquid_gam","data_2025","marketsquid_GAM_2025","CC_NCC_mol_175","",2019-01-01,0.391296961355975,0.391296961355975,0.391296961355975,TRUE,66,"incl2026",1998
"marketsquid_gam","data_2025","marketsquid_GAM_2025","CC_NCC_mol_175","",2020-01-01,0.437841560641195,0.437841560641195,0.437841560641195,TRUE,66,"incl2026",1998
"marketsquid_gam","data_2025","marketsquid_GAM_2025","CC_NCC_mol_175","",2021-01-01,0.449123875118239,0.449123875118239,0.449123875118239,TRUE,66,"incl2026",1998
"model_pred_seal_abund","WCVI","predSealAbund","WCVI_WCVI_mamm_84","predator",1998-01-01,9277.289993,9277.289993,9277.289993,TRUE,68,"incl2026",1998
"model_pred_seal_abund","WCVI","predSealAbund","WCVI_WCVI_mamm_84","predator",1999-01-01,9445.288804,9445.288804,9445.288804,TRUE,68,"incl2026",1998
"model_pred_seal_abund","WCVI","predSealAbund","WCVI_WCVI_mamm_84","predator",2000-01-01,9552.760806,9552.760806,9552.760806,TRUE,68,"incl2026",1998
"model_pred_seal_abund","WCVI","predSealAbund","WCVI_WCVI_mamm_84","predator",2001-01-01,9707.7278515,9707.7278515,9707.7278515,TRUE,68,"incl2026",1998
"model_pred_seal_abund","WCVI","predSealAbund","WCVI_WCVI_mamm_84","predator",2002-01-01,9856.97197,9856.97197,9856.97197,TRUE,68,"incl2026",1998
"model_pred_seal_abund","WCVI","predSealAbund","WCVI_WCVI_mamm_84","predator",2003-01-01,9999.923076,9999.923076,9999.923076,TRUE,68,"incl2026",1998
"model_pred_seal_abund","WCVI","predSealAbund","WCVI_WCVI_mamm_84","predator",2004-01-01,10138.59108,10138.59108,10138.59108,TRUE,68,"incl2026",1998
"model_pred_seal_abund","WCVI","predSealAbund","WCVI_WCVI_mamm_84","predator",2005-01-01,10272.92814,10272.92814,10272.92814,TRUE,68,"incl2026",1998
"model_pred_seal_abund","WCVI","predSealAbund","WCVI_WCVI_mamm_84","predator",2006-01-01,10404.67381,10404.67381,10404.67381,TRUE,68,"incl2026",1998
"model_pred_seal_abund","WCVI","predSealAbund","WCVI_WCVI_mamm_84","predator",2007-01-01,10534.34256,10534.34256,10534.34256,TRUE,68,"incl2026",1998
"model_pred_seal_abund","WCVI","predSealAbund","WCVI_WCVI_mamm_84","predator",2008-01-01,10663.16859,10663.16859,10663.16859,TRUE,68,"incl2026",1998
"model_pred_seal_abund","WCVI","predSealAbund","WCVI_WCVI_mamm_84","predator",2009-01-01,10791.34025,10791.34025,10791.34025,TRUE,68,"incl2026",1998
"model_pred_seal_abund","WCVI","predSealAbund","WCVI_WCVI_mamm_84","predator",2010-01-01,10919.18861,10919.18861,10919.18861,TRUE,68,"incl2026",1998
"model_pred_seal_abund","WCVI","predSealAbund","WCVI_WCVI_mamm_84","predator",2011-01-01,11046.89634,11046.89634,11046.89634,TRUE,68,"incl2026",1998
"model_pred_seal_abund","WCVI","predSealAbund","WCVI_WCVI_mamm_84","predator",2012-01-01,11174.71299,11174.71299,11174.71299,TRUE,68,"incl2026",1998
"model_pred_seal_abund","WCVI","predSealAbund","WCVI_WCVI_mamm_84","predator",2013-01-01,11260.12563,11260.12563,11260.12563,TRUE,68,"incl2026",1998
"model_pred_seal_abund","WCVI","predSealAbund","WCVI_WCVI_mamm_84","predator",2014-01-01,11388.7897,11388.7897,11388.7897,TRUE,68,"incl2026",1998
"model_pred_seal_abund","WCVI","predSealAbund","WCVI_WCVI_mamm_84","predator",2015-01-01,11518.21019,11518.21019,11518.21019,TRUE,68,"incl2026",1998
"model_pred_seal_abund","WCVI","predSealAbund","WCVI_WCVI_mamm_84","predator",2016-01-01,11648.90643,11648.90643,11648.90643,TRUE,68,"incl2026",1998
"model_pred_seal_abund","WCVI","predSealAbund","WCVI_WCVI_mamm_84","predator",2017-01-01,11780.85985,11780.85985,11780.85985,TRUE,68,"incl2026",1998
"model_pred_seal_abund","WCVI","predSealAbund","WCVI_WCVI_mamm_84","predator",2018-01-01,11914.47441,11914.47441,11914.47441,TRUE,68,"incl2026",1998
"model_pred_seal_abund","WCVI","predSealAbund","WCVI_WCVI_mamm_84","predator",2019-01-01,12049.43431,12049.43431,12049.43431,TRUE,68,"incl2026",1998
"model_pred_seal_abund","WCVI","predSealAbund","WCVI_WCVI_mamm_84","predator",2020-01-01,NA,NA,NA,TRUE,68,"incl2026",1998
"model_pred_seal_abund","WCVI","predSealAbund","WCVI_WCVI_mamm_84","predator",2021-01-01,NA,NA,NA,TRUE,68,"incl2026",1998
"muCanMagM_NHLbiomass","NHL_2025","muCanMagM_NHLbiomass","CC_NCC_plank_180","",1998-01-01,NA,NA,NA,TRUE,156,"incl2026",1998
"muCanMagM_NHLbiomass","NHL_2025","muCanMagM_NHLbiomass","CC_NCC_plank_180","",1999-01-01,NA,NA,NA,TRUE,156,"incl2026",1998
"muCanMagM_NHLbiomass","NHL_2025","muCanMagM_NHLbiomass","CC_NCC_plank_180","",2000-01-01,NA,NA,NA,TRUE,156,"incl2026",1998
"muCanMagM_NHLbiomass","NHL_2025","muCanMagM_NHLbiomass","CC_NCC_plank_180","",2001-01-01,0.478385514,0.478385514,0.478385514,TRUE,156,"incl2026",1998
"muCanMagM_NHLbiomass","NHL_2025","muCanMagM_NHLbiomass","CC_NCC_plank_180","",2002-01-01,0.872366853,0.872366853,0.872366853,TRUE,156,"incl2026",1998
"muCanMagM_NHLbiomass","NHL_2025","muCanMagM_NHLbiomass","CC_NCC_plank_180","",2003-01-01,2.087121489,2.087121489,2.087121489,TRUE,156,"incl2026",1998
"muCanMagM_NHLbiomass","NHL_2025","muCanMagM_NHLbiomass","CC_NCC_plank_180","",2004-01-01,2.1313809618,2.1313809618,2.1313809618,TRUE,156,"incl2026",1998
"muCanMagM_NHLbiomass","NHL_2025","muCanMagM_NHLbiomass","CC_NCC_plank_180","",2005-01-01,NA,NA,NA,TRUE,156,"incl2026",1998
"muCanMagM_NHLbiomass","NHL_2025","muCanMagM_NHLbiomass","CC_NCC_plank_180","",2006-01-01,NA,NA,NA,TRUE,156,"incl2026",1998
"muCanMagM_NHLbiomass","NHL_2025","muCanMagM_NHLbiomass","CC_NCC_plank_180","",2007-01-01,NA,NA,NA,TRUE,156,"incl2026",1998
"muCanMagM_NHLbiomass","NHL_2025","muCanMagM_NHLbiomass","CC_NCC_plank_180","",2008-01-01,NA,NA,NA,TRUE,156,"incl2026",1998
"muCanMagM_NHLbiomass","NHL_2025","muCanMagM_NHLbiomass","CC_NCC_plank_180","",2009-01-01,0.135272752,0.135272752,0.135272752,TRUE,156,"incl2026",1998
"muCanMagM_NHLbiomass","NHL_2025","muCanMagM_NHLbiomass","CC_NCC_plank_180","",2010-01-01,0.3267702665,0.3267702665,0.3267702665,TRUE,156,"incl2026",1998
"muCanMagM_NHLbiomass","NHL_2025","muCanMagM_NHLbiomass","CC_NCC_plank_180","",2011-01-01,NA,NA,NA,TRUE,156,"incl2026",1998
"muCanMagM_NHLbiomass","NHL_2025","muCanMagM_NHLbiomass","CC_NCC_plank_180","",2012-01-01,0.213988349,0.213988349,0.213988349,TRUE,156,"incl2026",1998
"muCanMagM_NHLbiomass","NHL_2025","muCanMagM_NHLbiomass","CC_NCC_plank_180","",2013-01-01,0.197523286,0.197523286,0.197523286,TRUE,156,"incl2026",1998
"muCanMagM_NHLbiomass","NHL_2025","muCanMagM_NHLbiomass","CC_NCC_plank_180","",2014-01-01,NA,NA,NA,TRUE,156,"incl2026",1998
"muCanMagM_NHLbiomass","NHL_2025","muCanMagM_NHLbiomass","CC_NCC_plank_180","",2015-01-01,NA,NA,NA,TRUE,156,"incl2026",1998
"muCanMagM_NHLbiomass","NHL_2025","muCanMagM_NHLbiomass","CC_NCC_plank_180","",2016-01-01,0.696938735,0.696938735,0.696938735,TRUE,156,"incl2026",1998
"muCanMagM_NHLbiomass","NHL_2025","muCanMagM_NHLbiomass","CC_NCC_plank_180","",2017-01-01,0.194619771666667,0.194619771666667,0.194619771666667,TRUE,156,"incl2026",1998
"muCanMagM_NHLbiomass","NHL_2025","muCanMagM_NHLbiomass","CC_NCC_plank_180","",2018-01-01,4.449774106,4.449774106,4.449774106,TRUE,156,"incl2026",1998
"muCanMagM_NHLbiomass","NHL_2025","muCanMagM_NHLbiomass","CC_NCC_plank_180","",2019-01-01,2.028112024875,2.028112024875,2.028112024875,TRUE,156,"incl2026",1998
"muCanMagM_NHLbiomass","NHL_2025","muCanMagM_NHLbiomass","CC_NCC_plank_180","",2020-01-01,NA,NA,NA,TRUE,156,"incl2026",1998
"muCanMagM_NHLbiomass","NHL_2025","muCanMagM_NHLbiomass","CC_NCC_plank_180","",2021-01-01,2.027970778,2.027970778,2.027970778,TRUE,156,"incl2026",1998
"muCanMagM_NHLdensity","NHL_2025","muCanMagM_NHLdensity","CC_NCC_plank_185","",1998-01-01,NA,NA,NA,TRUE,156,"incl2026",1998
"muCanMagM_NHLdensity","NHL_2025","muCanMagM_NHLdensity","CC_NCC_plank_185","",1999-01-01,NA,NA,NA,TRUE,156,"incl2026",1998
"muCanMagM_NHLdensity","NHL_2025","muCanMagM_NHLdensity","CC_NCC_plank_185","",2000-01-01,NA,NA,NA,TRUE,156,"incl2026",1998
"muCanMagM_NHLdensity","NHL_2025","muCanMagM_NHLdensity","CC_NCC_plank_185","",2001-01-01,0.0844729463333333,0.0844729463333333,0.0844729463333333,TRUE,156,"incl2026",1998
"muCanMagM_NHLdensity","NHL_2025","muCanMagM_NHLdensity","CC_NCC_plank_185","",2002-01-01,0.154041868,0.154041868,0.154041868,TRUE,156,"incl2026",1998
"muCanMagM_NHLdensity","NHL_2025","muCanMagM_NHLdensity","CC_NCC_plank_185","",2003-01-01,0.3685423075,0.3685423075,0.3685423075,TRUE,156,"incl2026",1998
"muCanMagM_NHLdensity","NHL_2025","muCanMagM_NHLdensity","CC_NCC_plank_185","",2004-01-01,0.376357611,0.376357611,0.376357611,TRUE,156,"incl2026",1998
"muCanMagM_NHLdensity","NHL_2025","muCanMagM_NHLdensity","CC_NCC_plank_185","",2005-01-01,NA,NA,NA,TRUE,156,"incl2026",1998
"muCanMagM_NHLdensity","NHL_2025","muCanMagM_NHLdensity","CC_NCC_plank_185","",2006-01-01,NA,NA,NA,TRUE,156,"incl2026",1998
"muCanMagM_NHLdensity","NHL_2025","muCanMagM_NHLdensity","CC_NCC_plank_185","",2007-01-01,NA,NA,NA,TRUE,156,"incl2026",1998
"muCanMagM_NHLdensity","NHL_2025","muCanMagM_NHLdensity","CC_NCC_plank_185","",2008-01-01,NA,NA,NA,TRUE,156,"incl2026",1998
"muCanMagM_NHLdensity","NHL_2025","muCanMagM_NHLdensity","CC_NCC_plank_185","",2009-01-01,0.023886359,0.023886359,0.023886359,TRUE,156,"incl2026",1998
"muCanMagM_NHLdensity","NHL_2025","muCanMagM_NHLdensity","CC_NCC_plank_185","",2010-01-01,0.0577008425,0.0577008425,0.0577008425,TRUE,156,"incl2026",1998
"muCanMagM_NHLdensity","NHL_2025","muCanMagM_NHLdensity","CC_NCC_plank_185","",2011-01-01,NA,NA,NA,TRUE,156,"incl2026",1998
"muCanMagM_NHLdensity","NHL_2025","muCanMagM_NHLdensity","CC_NCC_plank_185","",2012-01-01,0.037785898,0.037785898,0.037785898,TRUE,156,"incl2026",1998
"muCanMagM_NHLdensity","NHL_2025","muCanMagM_NHLdensity","CC_NCC_plank_185","",2013-01-01,0.03487851,0.03487851,0.03487851,TRUE,156,"incl2026",1998
"muCanMagM_NHLdensity","NHL_2025","muCanMagM_NHLdensity","CC_NCC_plank_185","",2014-01-01,NA,NA,NA,TRUE,156,"incl2026",1998
"muCanMagM_NHLdensity","NHL_2025","muCanMagM_NHLdensity","CC_NCC_plank_185","",2015-01-01,NA,NA,NA,TRUE,156,"incl2026",1998
"muCanMagM_NHLdensity","NHL_2025","muCanMagM_NHLdensity","CC_NCC_plank_185","",2016-01-01,0.123064905666667,0.123064905666667,0.123064905666667,TRUE,156,"incl2026",1998
"muCanMagM_NHLdensity","NHL_2025","muCanMagM_NHLdensity","CC_NCC_plank_185","",2017-01-01,0.0343658096666667,0.0343658096666667,0.0343658096666667,TRUE,156,"incl2026",1998
"muCanMagM_NHLdensity","NHL_2025","muCanMagM_NHLdensity","CC_NCC_plank_185","",2018-01-01,0.7857376895,0.7857376895,0.7857376895,TRUE,156,"incl2026",1998
"muCanMagM_NHLdensity","NHL_2025","muCanMagM_NHLdensity","CC_NCC_plank_185","",2019-01-01,0.358122461625,0.358122461625,0.358122461625,TRUE,156,"incl2026",1998
"muCanMagM_NHLdensity","NHL_2025","muCanMagM_NHLdensity","CC_NCC_plank_185","",2020-01-01,NA,NA,NA,TRUE,156,"incl2026",1998
"muCanMagM_NHLdensity","NHL_2025","muCanMagM_NHLdensity","CC_NCC_plank_185","",2021-01-01,0.35809752,0.35809752,0.35809752,TRUE,156,"incl2026",1998
"muDecapodAll_NHLbiomass","NHL_2025","muDecapodAll_NHLbiomass","CC_NCC_plank_181","",1998-01-01,NA,NA,NA,TRUE,157,"incl2026",1998
"muDecapodAll_NHLbiomass","NHL_2025","muDecapodAll_NHLbiomass","CC_NCC_plank_181","",1999-01-01,NA,NA,NA,TRUE,157,"incl2026",1998
"muDecapodAll_NHLbiomass","NHL_2025","muDecapodAll_NHLbiomass","CC_NCC_plank_181","",2000-01-01,NA,NA,NA,TRUE,157,"incl2026",1998
"muDecapodAll_NHLbiomass","NHL_2025","muDecapodAll_NHLbiomass","CC_NCC_plank_181","",2001-01-01,0.73868308775,0.73868308775,0.73868308775,TRUE,157,"incl2026",1998
"muDecapodAll_NHLbiomass","NHL_2025","muDecapodAll_NHLbiomass","CC_NCC_plank_181","",2002-01-01,0.837476392666667,0.837476392666667,0.837476392666667,TRUE,157,"incl2026",1998
"muDecapodAll_NHLbiomass","NHL_2025","muDecapodAll_NHLbiomass","CC_NCC_plank_181","",2003-01-01,0.943256712666667,0.943256712666667,0.943256712666667,TRUE,157,"incl2026",1998
"muDecapodAll_NHLbiomass","NHL_2025","muDecapodAll_NHLbiomass","CC_NCC_plank_181","",2004-01-01,4.328533272625,4.328533272625,4.328533272625,TRUE,157,"incl2026",1998
"muDecapodAll_NHLbiomass","NHL_2025","muDecapodAll_NHLbiomass","CC_NCC_plank_181","",2005-01-01,NA,NA,NA,TRUE,157,"incl2026",1998
"muDecapodAll_NHLbiomass","NHL_2025","muDecapodAll_NHLbiomass","CC_NCC_plank_181","",2006-01-01,0.257363604,0.257363604,0.257363604,TRUE,157,"incl2026",1998
"muDecapodAll_NHLbiomass","NHL_2025","muDecapodAll_NHLbiomass","CC_NCC_plank_181","",2007-01-01,NA,NA,NA,TRUE,157,"incl2026",1998
"muDecapodAll_NHLbiomass","NHL_2025","muDecapodAll_NHLbiomass","CC_NCC_plank_181","",2008-01-01,1.61912748725,1.61912748725,1.61912748725,TRUE,157,"incl2026",1998
"muDecapodAll_NHLbiomass","NHL_2025","muDecapodAll_NHLbiomass","CC_NCC_plank_181","",2009-01-01,0.0898044286,0.0898044286,0.0898044286,TRUE,157,"incl2026",1998
"muDecapodAll_NHLbiomass","NHL_2025","muDecapodAll_NHLbiomass","CC_NCC_plank_181","",2010-01-01,1.3615768186,1.3615768186,1.3615768186,TRUE,157,"incl2026",1998
"muDecapodAll_NHLbiomass","NHL_2025","muDecapodAll_NHLbiomass","CC_NCC_plank_181","",2011-01-01,0.038002172,0.038002172,0.038002172,TRUE,157,"incl2026",1998
"muDecapodAll_NHLbiomass","NHL_2025","muDecapodAll_NHLbiomass","CC_NCC_plank_181","",2012-01-01,0.162173713142857,0.162173713142857,0.162173713142857,TRUE,157,"incl2026",1998
"muDecapodAll_NHLbiomass","NHL_2025","muDecapodAll_NHLbiomass","CC_NCC_plank_181","",2013-01-01,0.170079136625,0.170079136625,0.170079136625,TRUE,157,"incl2026",1998
"muDecapodAll_NHLbiomass","NHL_2025","muDecapodAll_NHLbiomass","CC_NCC_plank_181","",2014-01-01,0.048544528,0.048544528,0.048544528,TRUE,157,"incl2026",1998
"muDecapodAll_NHLbiomass","NHL_2025","muDecapodAll_NHLbiomass","CC_NCC_plank_181","",2015-01-01,1.3553045958,1.3553045958,1.3553045958,TRUE,157,"incl2026",1998
"muDecapodAll_NHLbiomass","NHL_2025","muDecapodAll_NHLbiomass","CC_NCC_plank_181","",2016-01-01,0.828288071444444,0.828288071444444,0.828288071444444,TRUE,157,"incl2026",1998
"muDecapodAll_NHLbiomass","NHL_2025","muDecapodAll_NHLbiomass","CC_NCC_plank_181","",2017-01-01,0.183770423,0.183770423,0.183770423,TRUE,157,"incl2026",1998
"muDecapodAll_NHLbiomass","NHL_2025","muDecapodAll_NHLbiomass","CC_NCC_plank_181","",2018-01-01,0.746522469333333,0.746522469333333,0.746522469333333,TRUE,157,"incl2026",1998
"muDecapodAll_NHLbiomass","NHL_2025","muDecapodAll_NHLbiomass","CC_NCC_plank_181","",2019-01-01,0.355305936875,0.355305936875,0.355305936875,TRUE,157,"incl2026",1998
"muDecapodAll_NHLbiomass","NHL_2025","muDecapodAll_NHLbiomass","CC_NCC_plank_181","",2020-01-01,0.1622194708,0.1622194708,0.1622194708,TRUE,157,"incl2026",1998
"muDecapodAll_NHLbiomass","NHL_2025","muDecapodAll_NHLbiomass","CC_NCC_plank_181","",2021-01-01,1.564325824375,1.564325824375,1.564325824375,TRUE,157,"incl2026",1998
"muDecapodAll_NHLdensity","NHL_2025","muDecapodAll_NHLdensity","CC_NCC_plank_186","",1998-01-01,NA,NA,NA,TRUE,157,"incl2026",1998
"muDecapodAll_NHLdensity","NHL_2025","muDecapodAll_NHLdensity","CC_NCC_plank_186","",1999-01-01,NA,NA,NA,TRUE,157,"incl2026",1998
"muDecapodAll_NHLdensity","NHL_2025","muDecapodAll_NHLdensity","CC_NCC_plank_186","",2000-01-01,NA,NA,NA,TRUE,157,"incl2026",1998
"muDecapodAll_NHLdensity","NHL_2025","muDecapodAll_NHLdensity","CC_NCC_plank_186","",2001-01-01,16.279382762,16.279382762,16.279382762,TRUE,157,"incl2026",1998
"muDecapodAll_NHLdensity","NHL_2025","muDecapodAll_NHLdensity","CC_NCC_plank_186","",2002-01-01,2.09910315866667,2.09910315866667,2.09910315866667,TRUE,157,"incl2026",1998
"muDecapodAll_NHLdensity","NHL_2025","muDecapodAll_NHLdensity","CC_NCC_plank_186","",2003-01-01,3.20167410233333,3.20167410233333,3.20167410233333,TRUE,157,"incl2026",1998
"muDecapodAll_NHLdensity","NHL_2025","muDecapodAll_NHLdensity","CC_NCC_plank_186","",2004-01-01,29.008005489875,29.008005489875,29.008005489875,TRUE,157,"incl2026",1998
"muDecapodAll_NHLdensity","NHL_2025","muDecapodAll_NHLdensity","CC_NCC_plank_186","",2005-01-01,NA,NA,NA,TRUE,157,"incl2026",1998
"muDecapodAll_NHLdensity","NHL_2025","muDecapodAll_NHLdensity","CC_NCC_plank_186","",2006-01-01,1.67737818933333,1.67737818933333,1.67737818933333,TRUE,157,"incl2026",1998
"muDecapodAll_NHLdensity","NHL_2025","muDecapodAll_NHLdensity","CC_NCC_plank_186","",2007-01-01,NA,NA,NA,TRUE,157,"incl2026",1998
"muDecapodAll_NHLdensity","NHL_2025","muDecapodAll_NHLdensity","CC_NCC_plank_186","",2008-01-01,7.47794533725,7.47794533725,7.47794533725,TRUE,157,"incl2026",1998
"muDecapodAll_NHLdensity","NHL_2025","muDecapodAll_NHLdensity","CC_NCC_plank_186","",2009-01-01,0.966325406,0.966325406,0.966325406,TRUE,157,"incl2026",1998
"muDecapodAll_NHLdensity","NHL_2025","muDecapodAll_NHLdensity","CC_NCC_plank_186","",2010-01-01,8.4845044094,8.4845044094,8.4845044094,TRUE,157,"incl2026",1998
"muDecapodAll_NHLdensity","NHL_2025","muDecapodAll_NHLdensity","CC_NCC_plank_186","",2011-01-01,0.11094520075,0.11094520075,0.11094520075,TRUE,157,"incl2026",1998
"muDecapodAll_NHLdensity","NHL_2025","muDecapodAll_NHLdensity","CC_NCC_plank_186","",2012-01-01,4.42005623257143,4.42005623257143,4.42005623257143,TRUE,157,"incl2026",1998
"muDecapodAll_NHLdensity","NHL_2025","muDecapodAll_NHLdensity","CC_NCC_plank_186","",2013-01-01,0.8277876965,0.8277876965,0.8277876965,TRUE,157,"incl2026",1998
"muDecapodAll_NHLdensity","NHL_2025","muDecapodAll_NHLdensity","CC_NCC_plank_186","",2014-01-01,0.708802905166667,0.708802905166667,0.708802905166667,TRUE,157,"incl2026",1998
"muDecapodAll_NHLdensity","NHL_2025","muDecapodAll_NHLdensity","CC_NCC_plank_186","",2015-01-01,7.532142765,7.532142765,7.532142765,TRUE,157,"incl2026",1998
"muDecapodAll_NHLdensity","NHL_2025","muDecapodAll_NHLdensity","CC_NCC_plank_186","",2016-01-01,6.33537653388889,6.33537653388889,6.33537653388889,TRUE,157,"incl2026",1998
"muDecapodAll_NHLdensity","NHL_2025","muDecapodAll_NHLdensity","CC_NCC_plank_186","",2017-01-01,1.21050853033333,1.21050853033333,1.21050853033333,TRUE,157,"incl2026",1998
"muDecapodAll_NHLdensity","NHL_2025","muDecapodAll_NHLdensity","CC_NCC_plank_186","",2018-01-01,5.23179676533333,5.23179676533333,5.23179676533333,TRUE,157,"incl2026",1998
"muDecapodAll_NHLdensity","NHL_2025","muDecapodAll_NHLdensity","CC_NCC_plank_186","",2019-01-01,3.81860434075,3.81860434075,3.81860434075,TRUE,157,"incl2026",1998
"muDecapodAll_NHLdensity","NHL_2025","muDecapodAll_NHLdensity","CC_NCC_plank_186","",2020-01-01,3.3380451858,3.3380451858,3.3380451858,TRUE,157,"incl2026",1998
"muDecapodAll_NHLdensity","NHL_2025","muDecapodAll_NHLdensity","CC_NCC_plank_186","",2021-01-01,5.404112903,5.404112903,5.404112903,TRUE,157,"incl2026",1998
"muFish_NHLbiomass","NHL_2025","muFish_NHLbiomass","CC_NCC_plank_179","",1998-01-01,NA,NA,NA,TRUE,126,"incl2026",1998
"muFish_NHLbiomass","NHL_2025","muFish_NHLbiomass","CC_NCC_plank_179","",1999-01-01,NA,NA,NA,TRUE,126,"incl2026",1998
"muFish_NHLbiomass","NHL_2025","muFish_NHLbiomass","CC_NCC_plank_179","",2000-01-01,NA,NA,NA,TRUE,126,"incl2026",1998
"muFish_NHLbiomass","NHL_2025","muFish_NHLbiomass","CC_NCC_plank_179","",2001-01-01,0.630948500166667,0.630948500166667,0.630948500166667,TRUE,126,"incl2026",1998
"muFish_NHLbiomass","NHL_2025","muFish_NHLbiomass","CC_NCC_plank_179","",2002-01-01,0.8626620015,0.8626620015,0.8626620015,TRUE,126,"incl2026",1998
"muFish_NHLbiomass","NHL_2025","muFish_NHLbiomass","CC_NCC_plank_179","",2003-01-01,3.2093927265,3.2093927265,3.2093927265,TRUE,126,"incl2026",1998
"muFish_NHLbiomass","NHL_2025","muFish_NHLbiomass","CC_NCC_plank_179","",2004-01-01,5.19455710214286,5.19455710214286,5.19455710214286,TRUE,126,"incl2026",1998
"muFish_NHLbiomass","NHL_2025","muFish_NHLbiomass","CC_NCC_plank_179","",2005-01-01,NA,NA,NA,TRUE,126,"incl2026",1998
"muFish_NHLbiomass","NHL_2025","muFish_NHLbiomass","CC_NCC_plank_179","",2006-01-01,0.962493909,0.962493909,0.962493909,TRUE,126,"incl2026",1998
"muFish_NHLbiomass","NHL_2025","muFish_NHLbiomass","CC_NCC_plank_179","",2007-01-01,NA,NA,NA,TRUE,126,"incl2026",1998
"muFish_NHLbiomass","NHL_2025","muFish_NHLbiomass","CC_NCC_plank_179","",2008-01-01,1.99705464475,1.99705464475,1.99705464475,TRUE,126,"incl2026",1998
"muFish_NHLbiomass","NHL_2025","muFish_NHLbiomass","CC_NCC_plank_179","",2009-01-01,0.805465898,0.805465898,0.805465898,TRUE,126,"incl2026",1998
"muFish_NHLbiomass","NHL_2025","muFish_NHLbiomass","CC_NCC_plank_179","",2010-01-01,2.3625050965,2.3625050965,2.3625050965,TRUE,126,"incl2026",1998
"muFish_NHLbiomass","NHL_2025","muFish_NHLbiomass","CC_NCC_plank_179","",2011-01-01,3.2829626105,3.2829626105,3.2829626105,TRUE,126,"incl2026",1998
"muFish_NHLbiomass","NHL_2025","muFish_NHLbiomass","CC_NCC_plank_179","",2012-01-01,2.0523669835,2.0523669835,2.0523669835,TRUE,126,"incl2026",1998
"muFish_NHLbiomass","NHL_2025","muFish_NHLbiomass","CC_NCC_plank_179","",2013-01-01,7.63979589525,7.63979589525,7.63979589525,TRUE,126,"incl2026",1998
"muFish_NHLbiomass","NHL_2025","muFish_NHLbiomass","CC_NCC_plank_179","",2014-01-01,0.320933869333333,0.320933869333333,0.320933869333333,TRUE,126,"incl2026",1998
"muFish_NHLbiomass","NHL_2025","muFish_NHLbiomass","CC_NCC_plank_179","",2015-01-01,197.979741002625,197.979741002625,197.979741002625,TRUE,126,"incl2026",1998
"muFish_NHLbiomass","NHL_2025","muFish_NHLbiomass","CC_NCC_plank_179","",2016-01-01,44.8371227041429,44.8371227041429,44.8371227041429,TRUE,126,"incl2026",1998
"muFish_NHLbiomass","NHL_2025","muFish_NHLbiomass","CC_NCC_plank_179","",2017-01-01,0.97618582775,0.97618582775,0.97618582775,TRUE,126,"incl2026",1998
"muFish_NHLbiomass","NHL_2025","muFish_NHLbiomass","CC_NCC_plank_179","",2018-01-01,0.302899994,0.302899994,0.302899994,TRUE,126,"incl2026",1998
"muFish_NHLbiomass","NHL_2025","muFish_NHLbiomass","CC_NCC_plank_179","",2019-01-01,2.58059232716667,2.58059232716667,2.58059232716667,TRUE,126,"incl2026",1998
"muFish_NHLbiomass","NHL_2025","muFish_NHLbiomass","CC_NCC_plank_179","",2020-01-01,0.806390445666667,0.806390445666667,0.806390445666667,TRUE,126,"incl2026",1998
"muFish_NHLbiomass","NHL_2025","muFish_NHLbiomass","CC_NCC_plank_179","",2021-01-01,1.29822017625,1.29822017625,1.29822017625,TRUE,126,"incl2026",1998
"muFish_NHLdensity","NHL_2025","muFish_NHLdensity","CC_NCC_plank_184","",1998-01-01,NA,NA,NA,TRUE,126,"incl2026",1998
"muFish_NHLdensity","NHL_2025","muFish_NHLdensity","CC_NCC_plank_184","",1999-01-01,NA,NA,NA,TRUE,126,"incl2026",1998
"muFish_NHLdensity","NHL_2025","muFish_NHLdensity","CC_NCC_plank_184","",2000-01-01,NA,NA,NA,TRUE,126,"incl2026",1998
"muFish_NHLdensity","NHL_2025","muFish_NHLdensity","CC_NCC_plank_184","",2001-01-01,0.05428915,0.05428915,0.05428915,TRUE,126,"incl2026",1998
"muFish_NHLdensity","NHL_2025","muFish_NHLdensity","CC_NCC_plank_184","",2002-01-01,0.0742266395,0.0742266395,0.0742266395,TRUE,126,"incl2026",1998
"muFish_NHLdensity","NHL_2025","muFish_NHLdensity","CC_NCC_plank_184","",2003-01-01,0.2761480575,0.2761480575,0.2761480575,TRUE,126,"incl2026",1998
"muFish_NHLdensity","NHL_2025","muFish_NHLdensity","CC_NCC_plank_184","",2004-01-01,0.446958966142857,0.446958966142857,0.446958966142857,TRUE,126,"incl2026",1998
"muFish_NHLdensity","NHL_2025","muFish_NHLdensity","CC_NCC_plank_184","",2005-01-01,NA,NA,NA,TRUE,126,"incl2026",1998
"muFish_NHLdensity","NHL_2025","muFish_NHLdensity","CC_NCC_plank_184","",2006-01-01,0.082816547,0.082816547,0.082816547,TRUE,126,"incl2026",1998
"muFish_NHLdensity","NHL_2025","muFish_NHLdensity","CC_NCC_plank_184","",2007-01-01,NA,NA,NA,TRUE,126,"incl2026",1998
"muFish_NHLdensity","NHL_2025","muFish_NHLdensity","CC_NCC_plank_184","",2008-01-01,0.17183399075,0.17183399075,0.17183399075,TRUE,126,"incl2026",1998
"muFish_NHLdensity","NHL_2025","muFish_NHLdensity","CC_NCC_plank_184","",2009-01-01,0.0693052744,0.0693052744,0.0693052744,TRUE,126,"incl2026",1998
"muFish_NHLdensity","NHL_2025","muFish_NHLdensity","CC_NCC_plank_184","",2010-01-01,0.20327870375,0.20327870375,0.20327870375,TRUE,126,"incl2026",1998
"muFish_NHLdensity","NHL_2025","muFish_NHLdensity","CC_NCC_plank_184","",2011-01-01,0.2824782835,0.2824782835,0.2824782835,TRUE,126,"incl2026",1998
"muFish_NHLdensity","NHL_2025","muFish_NHLdensity","CC_NCC_plank_184","",2012-01-01,0.17659326975,0.17659326975,0.17659326975,TRUE,126,"incl2026",1998
"muFish_NHLdensity","NHL_2025","muFish_NHLdensity","CC_NCC_plank_184","",2013-01-01,0.657356384,0.657356384,0.657356384,TRUE,126,"incl2026",1998
"muFish_NHLdensity","NHL_2025","muFish_NHLdensity","CC_NCC_plank_184","",2014-01-01,0.027614341,0.027614341,0.027614341,TRUE,126,"incl2026",1998
"muFish_NHLdensity","NHL_2025","muFish_NHLdensity","CC_NCC_plank_184","",2015-01-01,17.034911460875,17.034911460875,17.034911460875,TRUE,126,"incl2026",1998
"muFish_NHLdensity","NHL_2025","muFish_NHLdensity","CC_NCC_plank_184","",2016-01-01,3.85795239271429,3.85795239271429,3.85795239271429,TRUE,126,"incl2026",1998
"muFish_NHLdensity","NHL_2025","muFish_NHLdensity","CC_NCC_plank_184","",2017-01-01,0.08399465025,0.08399465025,0.08399465025,TRUE,126,"incl2026",1998
"muFish_NHLdensity","NHL_2025","muFish_NHLdensity","CC_NCC_plank_184","",2018-01-01,0.026062639,0.026062639,0.026062639,TRUE,126,"incl2026",1998
"muFish_NHLdensity","NHL_2025","muFish_NHLdensity","CC_NCC_plank_184","",2019-01-01,0.222043738333333,0.222043738333333,0.222043738333333,TRUE,126,"incl2026",1998
"muFish_NHLdensity","NHL_2025","muFish_NHLdensity","CC_NCC_plank_184","",2020-01-01,0.069384826,0.069384826,0.069384826,TRUE,126,"incl2026",1998
"muFish_NHLdensity","NHL_2025","muFish_NHLdensity","CC_NCC_plank_184","",2021-01-01,0.11170368075,0.11170368075,0.11170368075,TRUE,126,"incl2026",1998
"muLarCop_NHLbiomass","NHL_2025","muLarCop_NHLbiomass","CC_NCC_plank_182","",1998-01-01,NA,NA,NA,TRUE,158,"incl2026",1998
"muLarCop_NHLbiomass","NHL_2025","muLarCop_NHLbiomass","CC_NCC_plank_182","",1999-01-01,NA,NA,NA,TRUE,158,"incl2026",1998
"muLarCop_NHLbiomass","NHL_2025","muLarCop_NHLbiomass","CC_NCC_plank_182","",2000-01-01,NA,NA,NA,TRUE,158,"incl2026",1998
"muLarCop_NHLbiomass","NHL_2025","muLarCop_NHLbiomass","CC_NCC_plank_182","",2001-01-01,2.313179123,2.313179123,2.313179123,TRUE,158,"incl2026",1998
"muLarCop_NHLbiomass","NHL_2025","muLarCop_NHLbiomass","CC_NCC_plank_182","",2002-01-01,6.44287655833333,6.44287655833333,6.44287655833333,TRUE,158,"incl2026",1998
"muLarCop_NHLbiomass","NHL_2025","muLarCop_NHLbiomass","CC_NCC_plank_182","",2003-01-01,6.41110348733333,6.41110348733333,6.41110348733333,TRUE,158,"incl2026",1998
"muLarCop_NHLbiomass","NHL_2025","muLarCop_NHLbiomass","CC_NCC_plank_182","",2004-01-01,4.24775294688889,4.24775294688889,4.24775294688889,TRUE,158,"incl2026",1998
"muLarCop_NHLbiomass","NHL_2025","muLarCop_NHLbiomass","CC_NCC_plank_182","",2005-01-01,NA,NA,NA,TRUE,158,"incl2026",1998
"muLarCop_NHLbiomass","NHL_2025","muLarCop_NHLbiomass","CC_NCC_plank_182","",2006-01-01,0.925859270666667,0.925859270666667,0.925859270666667,TRUE,158,"incl2026",1998
"muLarCop_NHLbiomass","NHL_2025","muLarCop_NHLbiomass","CC_NCC_plank_182","",2007-01-01,NA,NA,NA,TRUE,158,"incl2026",1998
"muLarCop_NHLbiomass","NHL_2025","muLarCop_NHLbiomass","CC_NCC_plank_182","",2008-01-01,5.5081368335,5.5081368335,5.5081368335,TRUE,158,"incl2026",1998
"muLarCop_NHLbiomass","NHL_2025","muLarCop_NHLbiomass","CC_NCC_plank_182","",2009-01-01,2.82435885655556,2.82435885655556,2.82435885655556,TRUE,158,"incl2026",1998
"muLarCop_NHLbiomass","NHL_2025","muLarCop_NHLbiomass","CC_NCC_plank_182","",2010-01-01,9.79933083633333,9.79933083633333,9.79933083633333,TRUE,158,"incl2026",1998
"muLarCop_NHLbiomass","NHL_2025","muLarCop_NHLbiomass","CC_NCC_plank_182","",2011-01-01,14.9023005686667,14.9023005686667,14.9023005686667,TRUE,158,"incl2026",1998
"muLarCop_NHLbiomass","NHL_2025","muLarCop_NHLbiomass","CC_NCC_plank_182","",2012-01-01,2.512558281375,2.512558281375,2.512558281375,TRUE,158,"incl2026",1998
"muLarCop_NHLbiomass","NHL_2025","muLarCop_NHLbiomass","CC_NCC_plank_182","",2013-01-01,12.9962472052222,12.9962472052222,12.9962472052222,TRUE,158,"incl2026",1998
"muLarCop_NHLbiomass","NHL_2025","muLarCop_NHLbiomass","CC_NCC_plank_182","",2014-01-01,1.44334556216667,1.44334556216667,1.44334556216667,TRUE,158,"incl2026",1998
"muLarCop_NHLbiomass","NHL_2025","muLarCop_NHLbiomass","CC_NCC_plank_182","",2015-01-01,2.44371880722222,2.44371880722222,2.44371880722222,TRUE,158,"incl2026",1998
"muLarCop_NHLbiomass","NHL_2025","muLarCop_NHLbiomass","CC_NCC_plank_182","",2016-01-01,4.38559356855556,4.38559356855556,4.38559356855556,TRUE,158,"incl2026",1998
"muLarCop_NHLbiomass","NHL_2025","muLarCop_NHLbiomass","CC_NCC_plank_182","",2017-01-01,2.58038264383333,2.58038264383333,2.58038264383333,TRUE,158,"incl2026",1998
"muLarCop_NHLbiomass","NHL_2025","muLarCop_NHLbiomass","CC_NCC_plank_182","",2018-01-01,0.563121232166667,0.563121232166667,0.563121232166667,TRUE,158,"incl2026",1998
"muLarCop_NHLbiomass","NHL_2025","muLarCop_NHLbiomass","CC_NCC_plank_182","",2019-01-01,0.289788629444444,0.289788629444444,0.289788629444444,TRUE,158,"incl2026",1998
"muLarCop_NHLbiomass","NHL_2025","muLarCop_NHLbiomass","CC_NCC_plank_182","",2020-01-01,4.67254602716667,4.67254602716667,4.67254602716667,TRUE,158,"incl2026",1998
"muLarCop_NHLbiomass","NHL_2025","muLarCop_NHLbiomass","CC_NCC_plank_182","",2021-01-01,6.34328499633333,6.34328499633333,6.34328499633333,TRUE,158,"incl2026",1998
"muLarCop_NHLdensity","NHL_2025","muLarCop_NHLdensity","CC_NCC_plank_187","",1998-01-01,NA,NA,NA,TRUE,158,"incl2026",1998
"muLarCop_NHLdensity","NHL_2025","muLarCop_NHLdensity","CC_NCC_plank_187","",1999-01-01,NA,NA,NA,TRUE,158,"incl2026",1998
"muLarCop_NHLdensity","NHL_2025","muLarCop_NHLdensity","CC_NCC_plank_187","",2000-01-01,NA,NA,NA,TRUE,158,"incl2026",1998
"muLarCop_NHLdensity","NHL_2025","muLarCop_NHLdensity","CC_NCC_plank_187","",2001-01-01,27.5305416521111,27.5305416521111,27.5305416521111,TRUE,158,"incl2026",1998
"muLarCop_NHLdensity","NHL_2025","muLarCop_NHLdensity","CC_NCC_plank_187","",2002-01-01,70.35634838,70.35634838,70.35634838,TRUE,158,"incl2026",1998
"muLarCop_NHLdensity","NHL_2025","muLarCop_NHLdensity","CC_NCC_plank_187","",2003-01-01,59.70169327,59.70169327,59.70169327,TRUE,158,"incl2026",1998
"muLarCop_NHLdensity","NHL_2025","muLarCop_NHLdensity","CC_NCC_plank_187","",2004-01-01,52.3751952075556,52.3751952075556,52.3751952075556,TRUE,158,"incl2026",1998
"muLarCop_NHLdensity","NHL_2025","muLarCop_NHLdensity","CC_NCC_plank_187","",2005-01-01,NA,NA,NA,TRUE,158,"incl2026",1998
"muLarCop_NHLdensity","NHL_2025","muLarCop_NHLdensity","CC_NCC_plank_187","",2006-01-01,13.8554643166667,13.8554643166667,13.8554643166667,TRUE,158,"incl2026",1998
"muLarCop_NHLdensity","NHL_2025","muLarCop_NHLdensity","CC_NCC_plank_187","",2007-01-01,NA,NA,NA,TRUE,158,"incl2026",1998
"muLarCop_NHLdensity","NHL_2025","muLarCop_NHLdensity","CC_NCC_plank_187","",2008-01-01,60.5828941333333,60.5828941333333,60.5828941333333,TRUE,158,"incl2026",1998
"muLarCop_NHLdensity","NHL_2025","muLarCop_NHLdensity","CC_NCC_plank_187","",2009-01-01,35.0416420784444,35.0416420784444,35.0416420784444,TRUE,158,"incl2026",1998
"muLarCop_NHLdensity","NHL_2025","muLarCop_NHLdensity","CC_NCC_plank_187","",2010-01-01,108.039948388333,108.039948388333,108.039948388333,TRUE,158,"incl2026",1998
"muLarCop_NHLdensity","NHL_2025","muLarCop_NHLdensity","CC_NCC_plank_187","",2011-01-01,170.291614941667,170.291614941667,170.291614941667,TRUE,158,"incl2026",1998
"muLarCop_NHLdensity","NHL_2025","muLarCop_NHLdensity","CC_NCC_plank_187","",2012-01-01,30.20564741425,30.20564741425,30.20564741425,TRUE,158,"incl2026",1998
"muLarCop_NHLdensity","NHL_2025","muLarCop_NHLdensity","CC_NCC_plank_187","",2013-01-01,150.334904276667,150.334904276667,150.334904276667,TRUE,158,"incl2026",1998
"muLarCop_NHLdensity","NHL_2025","muLarCop_NHLdensity","CC_NCC_plank_187","",2014-01-01,19.012644124,19.012644124,19.012644124,TRUE,158,"incl2026",1998
"muLarCop_NHLdensity","NHL_2025","muLarCop_NHLdensity","CC_NCC_plank_187","",2015-01-01,39.186290197,39.186290197,39.186290197,TRUE,158,"incl2026",1998
"muLarCop_NHLdensity","NHL_2025","muLarCop_NHLdensity","CC_NCC_plank_187","",2016-01-01,66.9328756136667,66.9328756136667,66.9328756136667,TRUE,158,"incl2026",1998
"muLarCop_NHLdensity","NHL_2025","muLarCop_NHLdensity","CC_NCC_plank_187","",2017-01-01,39.3522795231667,39.3522795231667,39.3522795231667,TRUE,158,"incl2026",1998
"muLarCop_NHLdensity","NHL_2025","muLarCop_NHLdensity","CC_NCC_plank_187","",2018-01-01,7.84547776816667,7.84547776816667,7.84547776816667,TRUE,158,"incl2026",1998
"muLarCop_NHLdensity","NHL_2025","muLarCop_NHLdensity","CC_NCC_plank_187","",2019-01-01,3.50390101233333,3.50390101233333,3.50390101233333,TRUE,158,"incl2026",1998
"muLarCop_NHLdensity","NHL_2025","muLarCop_NHLdensity","CC_NCC_plank_187","",2020-01-01,65.7773020683333,65.7773020683333,65.7773020683333,TRUE,158,"incl2026",1998
"muLarCop_NHLdensity","NHL_2025","muLarCop_NHLdensity","CC_NCC_plank_187","",2021-01-01,71.8672986755556,71.8672986755556,71.8672986755556,TRUE,158,"incl2026",1998
"muPteropod_NHLbiomass","NHL_2025","muPteropod_NHLbiomass","CC_NCC_plank_183","",1998-01-01,NA,NA,NA,TRUE,90,"incl2026",1998
"muPteropod_NHLbiomass","NHL_2025","muPteropod_NHLbiomass","CC_NCC_plank_183","",1999-01-01,NA,NA,NA,TRUE,90,"incl2026",1998
"muPteropod_NHLbiomass","NHL_2025","muPteropod_NHLbiomass","CC_NCC_plank_183","",2000-01-01,NA,NA,NA,TRUE,90,"incl2026",1998
"muPteropod_NHLbiomass","NHL_2025","muPteropod_NHLbiomass","CC_NCC_plank_183","",2001-01-01,0.0807644694285714,0.0807644694285714,0.0807644694285714,TRUE,90,"incl2026",1998
"muPteropod_NHLbiomass","NHL_2025","muPteropod_NHLbiomass","CC_NCC_plank_183","",2002-01-01,0.102583929,0.102583929,0.102583929,TRUE,90,"incl2026",1998
"muPteropod_NHLbiomass","NHL_2025","muPteropod_NHLbiomass","CC_NCC_plank_183","",2003-01-01,0.204337584666667,0.204337584666667,0.204337584666667,TRUE,90,"incl2026",1998
"muPteropod_NHLbiomass","NHL_2025","muPteropod_NHLbiomass","CC_NCC_plank_183","",2004-01-01,0.494821114555556,0.494821114555556,0.494821114555556,TRUE,90,"incl2026",1998
"muPteropod_NHLbiomass","NHL_2025","muPteropod_NHLbiomass","CC_NCC_plank_183","",2005-01-01,NA,NA,NA,TRUE,90,"incl2026",1998
"muPteropod_NHLbiomass","NHL_2025","muPteropod_NHLbiomass","CC_NCC_plank_183","",2006-01-01,1.09337631166667,1.09337631166667,1.09337631166667,TRUE,90,"incl2026",1998
"muPteropod_NHLbiomass","NHL_2025","muPteropod_NHLbiomass","CC_NCC_plank_183","",2007-01-01,NA,NA,NA,TRUE,90,"incl2026",1998
"muPteropod_NHLbiomass","NHL_2025","muPteropod_NHLbiomass","CC_NCC_plank_183","",2008-01-01,0.0509047398333333,0.0509047398333333,0.0509047398333333,TRUE,90,"incl2026",1998
"muPteropod_NHLbiomass","NHL_2025","muPteropod_NHLbiomass","CC_NCC_plank_183","",2009-01-01,0.13545881775,0.13545881775,0.13545881775,TRUE,90,"incl2026",1998
"muPteropod_NHLbiomass","NHL_2025","muPteropod_NHLbiomass","CC_NCC_plank_183","",2010-01-01,0.138622839666667,0.138622839666667,0.138622839666667,TRUE,90,"incl2026",1998
"muPteropod_NHLbiomass","NHL_2025","muPteropod_NHLbiomass","CC_NCC_plank_183","",2011-01-01,0.234893093166667,0.234893093166667,0.234893093166667,TRUE,90,"incl2026",1998
"muPteropod_NHLbiomass","NHL_2025","muPteropod_NHLbiomass","CC_NCC_plank_183","",2012-01-01,0.18485185225,0.18485185225,0.18485185225,TRUE,90,"incl2026",1998
"muPteropod_NHLbiomass","NHL_2025","muPteropod_NHLbiomass","CC_NCC_plank_183","",2013-01-01,0.328111197666667,0.328111197666667,0.328111197666667,TRUE,90,"incl2026",1998
"muPteropod_NHLbiomass","NHL_2025","muPteropod_NHLbiomass","CC_NCC_plank_183","",2014-01-01,0.0175388311666667,0.0175388311666667,0.0175388311666667,TRUE,90,"incl2026",1998
"muPteropod_NHLbiomass","NHL_2025","muPteropod_NHLbiomass","CC_NCC_plank_183","",2015-01-01,0.0149875643333333,0.0149875643333333,0.0149875643333333,TRUE,90,"incl2026",1998
"muPteropod_NHLbiomass","NHL_2025","muPteropod_NHLbiomass","CC_NCC_plank_183","",2016-01-01,0.0254553124,0.0254553124,0.0254553124,TRUE,90,"incl2026",1998
"muPteropod_NHLbiomass","NHL_2025","muPteropod_NHLbiomass","CC_NCC_plank_183","",2017-01-01,0.140446951833333,0.140446951833333,0.140446951833333,TRUE,90,"incl2026",1998
"muPteropod_NHLbiomass","NHL_2025","muPteropod_NHLbiomass","CC_NCC_plank_183","",2018-01-01,0.211331122666667,0.211331122666667,0.211331122666667,TRUE,90,"incl2026",1998
"muPteropod_NHLbiomass","NHL_2025","muPteropod_NHLbiomass","CC_NCC_plank_183","",2019-01-01,0.0792076324444444,0.0792076324444444,0.0792076324444444,TRUE,90,"incl2026",1998
"muPteropod_NHLbiomass","NHL_2025","muPteropod_NHLbiomass","CC_NCC_plank_183","",2020-01-01,0.296577621333333,0.296577621333333,0.296577621333333,TRUE,90,"incl2026",1998
"muPteropod_NHLbiomass","NHL_2025","muPteropod_NHLbiomass","CC_NCC_plank_183","",2021-01-01,0.105900111111111,0.105900111111111,0.105900111111111,TRUE,90,"incl2026",1998
"muPteropod_NHLdensity","NHL_2025","muPteropod_NHLdensity","CC_NCC_plank_188","",1998-01-01,NA,NA,NA,TRUE,90,"incl2026",1998
"muPteropod_NHLdensity","NHL_2025","muPteropod_NHLdensity","CC_NCC_plank_188","",1999-01-01,NA,NA,NA,TRUE,90,"incl2026",1998
"muPteropod_NHLdensity","NHL_2025","muPteropod_NHLdensity","CC_NCC_plank_188","",2000-01-01,NA,NA,NA,TRUE,90,"incl2026",1998
"muPteropod_NHLdensity","NHL_2025","muPteropod_NHLdensity","CC_NCC_plank_188","",2001-01-01,1.11996687671429,1.11996687671429,1.11996687671429,TRUE,90,"incl2026",1998
"muPteropod_NHLdensity","NHL_2025","muPteropod_NHLdensity","CC_NCC_plank_188","",2002-01-01,2.825233296,2.825233296,2.825233296,TRUE,90,"incl2026",1998
"muPteropod_NHLdensity","NHL_2025","muPteropod_NHLdensity","CC_NCC_plank_188","",2003-01-01,10.7391909,10.7391909,10.7391909,TRUE,90,"incl2026",1998
"muPteropod_NHLdensity","NHL_2025","muPteropod_NHLdensity","CC_NCC_plank_188","",2004-01-01,35.4234052836667,35.4234052836667,35.4234052836667,TRUE,90,"incl2026",1998
"muPteropod_NHLdensity","NHL_2025","muPteropod_NHLdensity","CC_NCC_plank_188","",2005-01-01,NA,NA,NA,TRUE,90,"incl2026",1998
"muPteropod_NHLdensity","NHL_2025","muPteropod_NHLdensity","CC_NCC_plank_188","",2006-01-01,167.010923513333,167.010923513333,167.010923513333,TRUE,90,"incl2026",1998
"muPteropod_NHLdensity","NHL_2025","muPteropod_NHLdensity","CC_NCC_plank_188","",2007-01-01,NA,NA,NA,TRUE,90,"incl2026",1998
"muPteropod_NHLdensity","NHL_2025","muPteropod_NHLdensity","CC_NCC_plank_188","",2008-01-01,0.670648221333333,0.670648221333333,0.670648221333333,TRUE,90,"incl2026",1998
"muPteropod_NHLdensity","NHL_2025","muPteropod_NHLdensity","CC_NCC_plank_188","",2009-01-01,18.643943207625,18.643943207625,18.643943207625,TRUE,90,"incl2026",1998
"muPteropod_NHLdensity","NHL_2025","muPteropod_NHLdensity","CC_NCC_plank_188","",2010-01-01,12.6956026636667,12.6956026636667,12.6956026636667,TRUE,90,"incl2026",1998
"muPteropod_NHLdensity","NHL_2025","muPteropod_NHLdensity","CC_NCC_plank_188","",2011-01-01,4.37423780266667,4.37423780266667,4.37423780266667,TRUE,90,"incl2026",1998
"muPteropod_NHLdensity","NHL_2025","muPteropod_NHLdensity","CC_NCC_plank_188","",2012-01-01,17.4251389165,17.4251389165,17.4251389165,TRUE,90,"incl2026",1998
"muPteropod_NHLdensity","NHL_2025","muPteropod_NHLdensity","CC_NCC_plank_188","",2013-01-01,18.6213248455556,18.6213248455556,18.6213248455556,TRUE,90,"incl2026",1998
"muPteropod_NHLdensity","NHL_2025","muPteropod_NHLdensity","CC_NCC_plank_188","",2014-01-01,0.717731699666667,0.717731699666667,0.717731699666667,TRUE,90,"incl2026",1998
"muPteropod_NHLdensity","NHL_2025","muPteropod_NHLdensity","CC_NCC_plank_188","",2015-01-01,1.16390483933333,1.16390483933333,1.16390483933333,TRUE,90,"incl2026",1998
"muPteropod_NHLdensity","NHL_2025","muPteropod_NHLdensity","CC_NCC_plank_188","",2016-01-01,1.142238733,1.142238733,1.142238733,TRUE,90,"incl2026",1998
"muPteropod_NHLdensity","NHL_2025","muPteropod_NHLdensity","CC_NCC_plank_188","",2017-01-01,11.4388398316667,11.4388398316667,11.4388398316667,TRUE,90,"incl2026",1998
"muPteropod_NHLdensity","NHL_2025","muPteropod_NHLdensity","CC_NCC_plank_188","",2018-01-01,11.800984278,11.800984278,11.800984278,TRUE,90,"incl2026",1998
"muPteropod_NHLdensity","NHL_2025","muPteropod_NHLdensity","CC_NCC_plank_188","",2019-01-01,5.83459191233333,5.83459191233333,5.83459191233333,TRUE,90,"incl2026",1998
"muPteropod_NHLdensity","NHL_2025","muPteropod_NHLdensity","CC_NCC_plank_188","",2020-01-01,7.48071229066667,7.48071229066667,7.48071229066667,TRUE,90,"incl2026",1998
"muPteropod_NHLdensity","NHL_2025","muPteropod_NHLdensity","CC_NCC_plank_188","",2021-01-01,5.01288990388889,5.01288990388889,5.01288990388889,TRUE,90,"incl2026",1998
"murre","JSOES_2026","commonMurre_JSOES_2026","CC_NCC_bird_214","predator",1998-01-01,NA,NA,NA,TRUE,31,"incl2026",1998
"murre","JSOES_2026","commonMurre_JSOES_2026","CC_NCC_bird_214","predator",1999-01-01,NA,NA,NA,TRUE,31,"incl2026",1998
"murre","JSOES_2026","commonMurre_JSOES_2026","CC_NCC_bird_214","predator",2000-01-01,NA,NA,NA,TRUE,31,"incl2026",1998
"murre","JSOES_2026","commonMurre_JSOES_2026","CC_NCC_bird_214","predator",2001-01-01,NA,NA,NA,TRUE,31,"incl2026",1998
"murre","JSOES_2026","commonMurre_JSOES_2026","CC_NCC_bird_214","predator",2002-01-01,NA,NA,NA,TRUE,31,"incl2026",1998
"murre","JSOES_2026","commonMurre_JSOES_2026","CC_NCC_bird_214","predator",2003-01-01,11.8862915953567,11.8862915953567,11.8862915953567,TRUE,31,"incl2026",1998
"murre","JSOES_2026","commonMurre_JSOES_2026","CC_NCC_bird_214","predator",2004-01-01,10.1861204465772,10.1861204465772,10.1861204465772,TRUE,31,"incl2026",1998
"murre","JSOES_2026","commonMurre_JSOES_2026","CC_NCC_bird_214","predator",2005-01-01,19.5402256195895,19.5402256195895,19.5402256195895,TRUE,31,"incl2026",1998
"murre","JSOES_2026","commonMurre_JSOES_2026","CC_NCC_bird_214","predator",2006-01-01,10.945892887715,10.945892887715,10.945892887715,TRUE,31,"incl2026",1998
"murre","JSOES_2026","commonMurre_JSOES_2026","CC_NCC_bird_214","predator",2007-01-01,29.0778339387313,29.0778339387313,29.0778339387313,TRUE,31,"incl2026",1998
"murre","JSOES_2026","commonMurre_JSOES_2026","CC_NCC_bird_214","predator",2008-01-01,50.3411513638704,50.3411513638704,50.3411513638704,TRUE,31,"incl2026",1998
"murre","JSOES_2026","commonMurre_JSOES_2026","CC_NCC_bird_214","predator",2009-01-01,7.19369566056554,7.19369566056554,7.19369566056554,TRUE,31,"incl2026",1998
"murre","JSOES_2026","commonMurre_JSOES_2026","CC_NCC_bird_214","predator",2010-01-01,32.3358074221694,32.3358074221694,32.3358074221694,TRUE,31,"incl2026",1998
"murre","JSOES_2026","commonMurre_JSOES_2026","CC_NCC_bird_214","predator",2011-01-01,16.9742085093565,16.9742085093565,16.9742085093565,TRUE,31,"incl2026",1998
"murre","JSOES_2026","commonMurre_JSOES_2026","CC_NCC_bird_214","predator",2012-01-01,10.0316887156103,10.0316887156103,10.0316887156103,TRUE,31,"incl2026",1998
"murre","JSOES_2026","commonMurre_JSOES_2026","CC_NCC_bird_214","predator",2013-01-01,NA,12.0387473033073,12.0387473033073,TRUE,31,"incl2026",1998
"murre","JSOES_2026","commonMurre_JSOES_2026","CC_NCC_bird_214","predator",2014-01-01,NA,14.0458058910042,14.0458058910042,TRUE,31,"incl2026",1998
"murre","JSOES_2026","commonMurre_JSOES_2026","CC_NCC_bird_214","predator",2015-01-01,16.0528644787012,16.0528644787012,16.0528644787012,TRUE,31,"incl2026",1998
"murre","JSOES_2026","commonMurre_JSOES_2026","CC_NCC_bird_214","predator",2016-01-01,12.0220537767937,12.0220537767937,12.0220537767937,TRUE,31,"incl2026",1998
"murre","JSOES_2026","commonMurre_JSOES_2026","CC_NCC_bird_214","predator",2017-01-01,8.97604138429725,8.97604138429725,8.97604138429725,TRUE,31,"incl2026",1998
"murre","JSOES_2026","commonMurre_JSOES_2026","CC_NCC_bird_214","predator",2018-01-01,16.5626486989042,16.5626486989042,16.5626486989042,TRUE,31,"incl2026",1998
"murre","JSOES_2026","commonMurre_JSOES_2026","CC_NCC_bird_214","predator",2019-01-01,12.6622408643309,12.6622408643309,12.6622408643309,TRUE,31,"incl2026",1998
"murre","JSOES_2026","commonMurre_JSOES_2026","CC_NCC_bird_214","predator",2020-01-01,NA,11.7398455062881,11.7398455062881,TRUE,31,"incl2026",1998
"murre","JSOES_2026","commonMurre_JSOES_2026","CC_NCC_bird_214","predator",2021-01-01,NA,10.8174501482452,10.8174501482452,TRUE,31,"incl2026",1998
"pacificmackerel_gam","data_2025","pacificmackerel_GAM_2025","CC_NCC_fish_176","",1998-01-01,0.218026121268239,0.218026121268239,0.218026121268239,TRUE,147,"incl2026",1998
"pacificmackerel_gam","data_2025","pacificmackerel_GAM_2025","CC_NCC_fish_176","",1999-01-01,0.183120730296164,0.183120730296164,0.183120730296164,TRUE,147,"incl2026",1998
"pacificmackerel_gam","data_2025","pacificmackerel_GAM_2025","CC_NCC_fish_176","",2000-01-01,0.179257092195126,0.179257092195126,0.179257092195126,TRUE,147,"incl2026",1998
"pacificmackerel_gam","data_2025","pacificmackerel_GAM_2025","CC_NCC_fish_176","",2001-01-01,0.176806999055692,0.176806999055692,0.176806999055692,TRUE,147,"incl2026",1998
"pacificmackerel_gam","data_2025","pacificmackerel_GAM_2025","CC_NCC_fish_176","",2002-01-01,0.192851512412736,0.192851512412736,0.192851512412736,TRUE,147,"incl2026",1998
"pacificmackerel_gam","data_2025","pacificmackerel_GAM_2025","CC_NCC_fish_176","",2003-01-01,0.18304637949217,0.18304637949217,0.18304637949217,TRUE,147,"incl2026",1998
"pacificmackerel_gam","data_2025","pacificmackerel_GAM_2025","CC_NCC_fish_176","",2004-01-01,0.229839373187421,0.229839373187421,0.229839373187421,TRUE,147,"incl2026",1998
"pacificmackerel_gam","data_2025","pacificmackerel_GAM_2025","CC_NCC_fish_176","",2005-01-01,0.230193679634591,0.230193679634591,0.230193679634591,TRUE,147,"incl2026",1998
"pacificmackerel_gam","data_2025","pacificmackerel_GAM_2025","CC_NCC_fish_176","",2006-01-01,0.199807308813836,0.199807308813836,0.199807308813836,TRUE,147,"incl2026",1998
"pacificmackerel_gam","data_2025","pacificmackerel_GAM_2025","CC_NCC_fish_176","",2007-01-01,0.154381003954591,0.154381003954591,0.154381003954591,TRUE,147,"incl2026",1998
"pacificmackerel_gam","data_2025","pacificmackerel_GAM_2025","CC_NCC_fish_176","",2008-01-01,0.113108427420252,0.113108427420252,0.113108427420252,TRUE,147,"incl2026",1998
"pacificmackerel_gam","data_2025","pacificmackerel_GAM_2025","CC_NCC_fish_176","",2009-01-01,0.190826046097767,0.190826046097767,0.190826046097767,TRUE,147,"incl2026",1998
"pacificmackerel_gam","data_2025","pacificmackerel_GAM_2025","CC_NCC_fish_176","",2010-01-01,0.169270974288994,0.169270974288994,0.169270974288994,TRUE,147,"incl2026",1998
"pacificmackerel_gam","data_2025","pacificmackerel_GAM_2025","CC_NCC_fish_176","",2011-01-01,0.20301354174434,0.20301354174434,0.20301354174434,TRUE,147,"incl2026",1998
"pacificmackerel_gam","data_2025","pacificmackerel_GAM_2025","CC_NCC_fish_176","",2012-01-01,0.202974372094025,0.202974372094025,0.202974372094025,TRUE,147,"incl2026",1998
"pacificmackerel_gam","data_2025","pacificmackerel_GAM_2025","CC_NCC_fish_176","",2013-01-01,0.243193499424528,0.243193499424528,0.243193499424528,TRUE,147,"incl2026",1998
"pacificmackerel_gam","data_2025","pacificmackerel_GAM_2025","CC_NCC_fish_176","",2014-01-01,0.188134071217925,0.188134071217925,0.188134071217925,TRUE,147,"incl2026",1998
"pacificmackerel_gam","data_2025","pacificmackerel_GAM_2025","CC_NCC_fish_176","",2015-01-01,0.174929146533428,0.174929146533428,0.174929146533428,TRUE,147,"incl2026",1998
"pacificmackerel_gam","data_2025","pacificmackerel_GAM_2025","CC_NCC_fish_176","",2016-01-01,0.238600611651887,0.238600611651887,0.238600611651887,TRUE,147,"incl2026",1998
"pacificmackerel_gam","data_2025","pacificmackerel_GAM_2025","CC_NCC_fish_176","",2017-01-01,0.237263690211006,0.237263690211006,0.237263690211006,TRUE,147,"incl2026",1998
"pacificmackerel_gam","data_2025","pacificmackerel_GAM_2025","CC_NCC_fish_176","",2018-01-01,0.225723965445912,0.225723965445912,0.225723965445912,TRUE,147,"incl2026",1998
"pacificmackerel_gam","data_2025","pacificmackerel_GAM_2025","CC_NCC_fish_176","",2019-01-01,0.185674478579654,0.185674478579654,0.185674478579654,TRUE,147,"incl2026",1998
"pacificmackerel_gam","data_2025","pacificmackerel_GAM_2025","CC_NCC_fish_176","",2020-01-01,0.210653333191824,0.210653333191824,0.210653333191824,TRUE,147,"incl2026",1998
"pacificmackerel_gam","data_2025","pacificmackerel_GAM_2025","CC_NCC_fish_176","",2021-01-01,0.239908816152516,0.239908816152516,0.239908816152516,TRUE,147,"incl2026",1998
"pinkSalmonAsia_2025","pinkSalmon_2025","pinkSalmonAsia_2025","Asia_Asia_fish_144","prey",1998-01-01,262.5,262.5,262.5,TRUE,159,"incl2026",1998
"pinkSalmonAsia_2025","pinkSalmon_2025","pinkSalmonAsia_2025","Asia_Asia_fish_144","prey",1999-01-01,233,233,233,TRUE,159,"incl2026",1998
"pinkSalmonAsia_2025","pinkSalmon_2025","pinkSalmonAsia_2025","Asia_Asia_fish_144","prey",2000-01-01,237.7,237.7,237.7,TRUE,159,"incl2026",1998
"pinkSalmonAsia_2025","pinkSalmon_2025","pinkSalmonAsia_2025","Asia_Asia_fish_144","prey",2001-01-01,178.3,178.3,178.3,TRUE,159,"incl2026",1998
"pinkSalmonAsia_2025","pinkSalmon_2025","pinkSalmonAsia_2025","Asia_Asia_fish_144","prey",2002-01-01,202.4,202.4,202.4,TRUE,159,"incl2026",1998
"pinkSalmonAsia_2025","pinkSalmon_2025","pinkSalmonAsia_2025","Asia_Asia_fish_144","prey",2003-01-01,223.3,223.3,223.3,TRUE,159,"incl2026",1998
"pinkSalmonAsia_2025","pinkSalmon_2025","pinkSalmonAsia_2025","Asia_Asia_fish_144","prey",2004-01-01,171.3,171.3,171.3,TRUE,159,"incl2026",1998
"pinkSalmonAsia_2025","pinkSalmon_2025","pinkSalmonAsia_2025","Asia_Asia_fish_144","prey",2005-01-01,301.8,301.8,301.8,TRUE,159,"incl2026",1998
"pinkSalmonAsia_2025","pinkSalmon_2025","pinkSalmonAsia_2025","Asia_Asia_fish_144","prey",2006-01-01,222.2,222.2,222.2,TRUE,159,"incl2026",1998
"pinkSalmonAsia_2025","pinkSalmon_2025","pinkSalmonAsia_2025","Asia_Asia_fish_144","prey",2007-01-01,320.2,320.2,320.2,TRUE,159,"incl2026",1998
"pinkSalmonAsia_2025","pinkSalmon_2025","pinkSalmonAsia_2025","Asia_Asia_fish_144","prey",2008-01-01,201,201,201,TRUE,159,"incl2026",1998
"pinkSalmonAsia_2025","pinkSalmon_2025","pinkSalmonAsia_2025","Asia_Asia_fish_144","prey",2009-01-01,467.3,467.3,467.3,TRUE,159,"incl2026",1998
"pinkSalmonAsia_2025","pinkSalmon_2025","pinkSalmonAsia_2025","Asia_Asia_fish_144","prey",2010-01-01,246.7,246.7,246.7,TRUE,159,"incl2026",1998
"pinkSalmonAsia_2025","pinkSalmon_2025","pinkSalmonAsia_2025","Asia_Asia_fish_144","prey",2011-01-01,439.6,439.6,439.6,TRUE,159,"incl2026",1998
"pinkSalmonAsia_2025","pinkSalmon_2025","pinkSalmonAsia_2025","Asia_Asia_fish_144","prey",2012-01-01,315.6,315.6,315.6,TRUE,159,"incl2026",1998
"pinkSalmonAsia_2025","pinkSalmon_2025","pinkSalmonAsia_2025","Asia_Asia_fish_144","prey",2013-01-01,210.2,210.2,210.2,TRUE,159,"incl2026",1998
"pinkSalmonAsia_2025","pinkSalmon_2025","pinkSalmonAsia_2025","Asia_Asia_fish_144","prey",2014-01-01,193.1,193.1,193.1,TRUE,159,"incl2026",1998
"pinkSalmonAsia_2025","pinkSalmon_2025","pinkSalmonAsia_2025","Asia_Asia_fish_144","prey",2015-01-01,250.1,250.1,250.1,TRUE,159,"incl2026",1998
"pinkSalmonAsia_2025","pinkSalmon_2025","pinkSalmonAsia_2025","Asia_Asia_fish_144","prey",2016-01-01,335.2,335.2,335.2,TRUE,159,"incl2026",1998
"pinkSalmonAsia_2025","pinkSalmon_2025","pinkSalmonAsia_2025","Asia_Asia_fish_144","prey",2017-01-01,286.7,286.7,286.7,TRUE,159,"incl2026",1998
"pinkSalmonAsia_2025","pinkSalmon_2025","pinkSalmonAsia_2025","Asia_Asia_fish_144","prey",2018-01-01,614.3,614.3,614.3,TRUE,159,"incl2026",1998
"pinkSalmonAsia_2025","pinkSalmon_2025","pinkSalmonAsia_2025","Asia_Asia_fish_144","prey",2019-01-01,435.6,435.6,435.6,TRUE,159,"incl2026",1998
"pinkSalmonAsia_2025","pinkSalmon_2025","pinkSalmonAsia_2025","Asia_Asia_fish_144","prey",2020-01-01,202.3,202.3,202.3,TRUE,159,"incl2026",1998
"pinkSalmonAsia_2025","pinkSalmon_2025","pinkSalmonAsia_2025","Asia_Asia_fish_144","prey",2021-01-01,548.4,548.4,548.4,TRUE,159,"incl2026",1998
"pinkSalmonNorthAmerica_2025","pinkSalmon_2025","pinkSalmonNorthAmerica_2025","North America_North America_fish_145","prey",1998-01-01,181.1,181.1,181.1,TRUE,160,"incl2026",1998
"pinkSalmonNorthAmerica_2025","pinkSalmon_2025","pinkSalmonNorthAmerica_2025","North America_North America_fish_145","prey",1999-01-01,268,268,268,TRUE,160,"incl2026",1998
"pinkSalmonNorthAmerica_2025","pinkSalmon_2025","pinkSalmonNorthAmerica_2025","North America_North America_fish_145","prey",2000-01-01,144.1,144.1,144.1,TRUE,160,"incl2026",1998
"pinkSalmonNorthAmerica_2025","pinkSalmon_2025","pinkSalmonNorthAmerica_2025","North America_North America_fish_145","prey",2001-01-01,223.5,223.5,223.5,TRUE,160,"incl2026",1998
"pinkSalmonNorthAmerica_2025","pinkSalmon_2025","pinkSalmonNorthAmerica_2025","North America_North America_fish_145","prey",2002-01-01,180.5,180.5,180.5,TRUE,160,"incl2026",1998
"pinkSalmonNorthAmerica_2025","pinkSalmon_2025","pinkSalmonNorthAmerica_2025","North America_North America_fish_145","prey",2003-01-01,243,243,243,TRUE,160,"incl2026",1998
"pinkSalmonNorthAmerica_2025","pinkSalmon_2025","pinkSalmonNorthAmerica_2025","North America_North America_fish_145","prey",2004-01-01,190,190,190,TRUE,160,"incl2026",1998
"pinkSalmonNorthAmerica_2025","pinkSalmon_2025","pinkSalmonNorthAmerica_2025","North America_North America_fish_145","prey",2005-01-01,292.7,292.7,292.7,TRUE,160,"incl2026",1998
"pinkSalmonNorthAmerica_2025","pinkSalmon_2025","pinkSalmonNorthAmerica_2025","North America_North America_fish_145","prey",2006-01-01,125.4,125.4,125.4,TRUE,160,"incl2026",1998
"pinkSalmonNorthAmerica_2025","pinkSalmon_2025","pinkSalmonNorthAmerica_2025","North America_North America_fish_145","prey",2007-01-01,229.8,229.8,229.8,TRUE,160,"incl2026",1998
"pinkSalmonNorthAmerica_2025","pinkSalmon_2025","pinkSalmonNorthAmerica_2025","North America_North America_fish_145","prey",2008-01-01,130.6,130.6,130.6,TRUE,160,"incl2026",1998
"pinkSalmonNorthAmerica_2025","pinkSalmon_2025","pinkSalmonNorthAmerica_2025","North America_North America_fish_145","prey",2009-01-01,190.3,190.3,190.3,TRUE,160,"incl2026",1998
"pinkSalmonNorthAmerica_2025","pinkSalmon_2025","pinkSalmonNorthAmerica_2025","North America_North America_fish_145","prey",2010-01-01,163.6,163.6,163.6,TRUE,160,"incl2026",1998
"pinkSalmonNorthAmerica_2025","pinkSalmon_2025","pinkSalmonNorthAmerica_2025","North America_North America_fish_145","prey",2011-01-01,215.3,215.3,215.3,TRUE,160,"incl2026",1998
"pinkSalmonNorthAmerica_2025","pinkSalmon_2025","pinkSalmonNorthAmerica_2025","North America_North America_fish_145","prey",2012-01-01,122,122,122,TRUE,160,"incl2026",1998
"pinkSalmonNorthAmerica_2025","pinkSalmon_2025","pinkSalmonNorthAmerica_2025","North America_North America_fish_145","prey",2013-01-01,368.1,368.1,368.1,TRUE,160,"incl2026",1998
"pinkSalmonNorthAmerica_2025","pinkSalmon_2025","pinkSalmonNorthAmerica_2025","North America_North America_fish_145","prey",2014-01-01,166.2,166.2,166.2,TRUE,160,"incl2026",1998
"pinkSalmonNorthAmerica_2025","pinkSalmon_2025","pinkSalmonNorthAmerica_2025","North America_North America_fish_145","prey",2015-01-01,302.6,302.6,302.6,TRUE,160,"incl2026",1998
"pinkSalmonNorthAmerica_2025","pinkSalmon_2025","pinkSalmonNorthAmerica_2025","North America_North America_fish_145","prey",2016-01-01,96.9,96.9,96.9,TRUE,160,"incl2026",1998
"pinkSalmonNorthAmerica_2025","pinkSalmon_2025","pinkSalmonNorthAmerica_2025","North America_North America_fish_145","prey",2017-01-01,226.1,226.1,226.1,TRUE,160,"incl2026",1998
"pinkSalmonNorthAmerica_2025","pinkSalmon_2025","pinkSalmonNorthAmerica_2025","North America_North America_fish_145","prey",2018-01-01,87,87,87,TRUE,160,"incl2026",1998
"pinkSalmonNorthAmerica_2025","pinkSalmon_2025","pinkSalmonNorthAmerica_2025","North America_North America_fish_145","prey",2019-01-01,203.2,203.2,203.2,TRUE,160,"incl2026",1998
"pinkSalmonNorthAmerica_2025","pinkSalmon_2025","pinkSalmonNorthAmerica_2025","North America_North America_fish_145","prey",2020-01-01,111.3,111.3,111.3,TRUE,160,"incl2026",1998
"pinkSalmonNorthAmerica_2025","pinkSalmon_2025","pinkSalmonNorthAmerica_2025","North America_North America_fish_145","prey",2021-01-01,249.3,249.3,249.3,TRUE,160,"incl2026",1998
"pinkSalmon_2025","pinkSalmon_2025","pinkSalmon_2025","Asia and North America_Asia and North America_fish_146","prey",1998-01-01,443.6,443.6,443.6,TRUE,159,"incl2026",1998
"pinkSalmon_2025","pinkSalmon_2025","pinkSalmon_2025","Asia and North America_Asia and North America_fish_146","prey",1999-01-01,501,501,501,TRUE,159,"incl2026",1998
"pinkSalmon_2025","pinkSalmon_2025","pinkSalmon_2025","Asia and North America_Asia and North America_fish_146","prey",2000-01-01,381.8,381.8,381.8,TRUE,159,"incl2026",1998
"pinkSalmon_2025","pinkSalmon_2025","pinkSalmon_2025","Asia and North America_Asia and North America_fish_146","prey",2001-01-01,401.8,401.8,401.8,TRUE,159,"incl2026",1998
"pinkSalmon_2025","pinkSalmon_2025","pinkSalmon_2025","Asia and North America_Asia and North America_fish_146","prey",2002-01-01,382.9,382.9,382.9,TRUE,159,"incl2026",1998
"pinkSalmon_2025","pinkSalmon_2025","pinkSalmon_2025","Asia and North America_Asia and North America_fish_146","prey",2003-01-01,466.3,466.3,466.3,TRUE,159,"incl2026",1998
"pinkSalmon_2025","pinkSalmon_2025","pinkSalmon_2025","Asia and North America_Asia and North America_fish_146","prey",2004-01-01,361.3,361.3,361.3,TRUE,159,"incl2026",1998
"pinkSalmon_2025","pinkSalmon_2025","pinkSalmon_2025","Asia and North America_Asia and North America_fish_146","prey",2005-01-01,594.5,594.5,594.5,TRUE,159,"incl2026",1998
"pinkSalmon_2025","pinkSalmon_2025","pinkSalmon_2025","Asia and North America_Asia and North America_fish_146","prey",2006-01-01,347.6,347.6,347.6,TRUE,159,"incl2026",1998
"pinkSalmon_2025","pinkSalmon_2025","pinkSalmon_2025","Asia and North America_Asia and North America_fish_146","prey",2007-01-01,550,550,550,TRUE,159,"incl2026",1998
"pinkSalmon_2025","pinkSalmon_2025","pinkSalmon_2025","Asia and North America_Asia and North America_fish_146","prey",2008-01-01,331.6,331.6,331.6,TRUE,159,"incl2026",1998
"pinkSalmon_2025","pinkSalmon_2025","pinkSalmon_2025","Asia and North America_Asia and North America_fish_146","prey",2009-01-01,657.6,657.6,657.6,TRUE,159,"incl2026",1998
"pinkSalmon_2025","pinkSalmon_2025","pinkSalmon_2025","Asia and North America_Asia and North America_fish_146","prey",2010-01-01,410.3,410.3,410.3,TRUE,159,"incl2026",1998
"pinkSalmon_2025","pinkSalmon_2025","pinkSalmon_2025","Asia and North America_Asia and North America_fish_146","prey",2011-01-01,654.9,654.9,654.9,TRUE,159,"incl2026",1998
"pinkSalmon_2025","pinkSalmon_2025","pinkSalmon_2025","Asia and North America_Asia and North America_fish_146","prey",2012-01-01,437.6,437.6,437.6,TRUE,159,"incl2026",1998
"pinkSalmon_2025","pinkSalmon_2025","pinkSalmon_2025","Asia and North America_Asia and North America_fish_146","prey",2013-01-01,578.3,578.3,578.3,TRUE,159,"incl2026",1998
"pinkSalmon_2025","pinkSalmon_2025","pinkSalmon_2025","Asia and North America_Asia and North America_fish_146","prey",2014-01-01,359.3,359.3,359.3,TRUE,159,"incl2026",1998
"pinkSalmon_2025","pinkSalmon_2025","pinkSalmon_2025","Asia and North America_Asia and North America_fish_146","prey",2015-01-01,552.7,552.7,552.7,TRUE,159,"incl2026",1998
"pinkSalmon_2025","pinkSalmon_2025","pinkSalmon_2025","Asia and North America_Asia and North America_fish_146","prey",2016-01-01,432.1,432.1,432.1,TRUE,159,"incl2026",1998
"pinkSalmon_2025","pinkSalmon_2025","pinkSalmon_2025","Asia and North America_Asia and North America_fish_146","prey",2017-01-01,512.8,512.8,512.8,TRUE,159,"incl2026",1998
"pinkSalmon_2025","pinkSalmon_2025","pinkSalmon_2025","Asia and North America_Asia and North America_fish_146","prey",2018-01-01,701.3,701.3,701.3,TRUE,159,"incl2026",1998
"pinkSalmon_2025","pinkSalmon_2025","pinkSalmon_2025","Asia and North America_Asia and North America_fish_146","prey",2019-01-01,638.8,638.8,638.8,TRUE,159,"incl2026",1998
"pinkSalmon_2025","pinkSalmon_2025","pinkSalmon_2025","Asia and North America_Asia and North America_fish_146","prey",2020-01-01,313.6,313.6,313.6,TRUE,159,"incl2026",1998
"pinkSalmon_2025","pinkSalmon_2025","pinkSalmon_2025","Asia and North America_Asia and North America_fish_146","prey",2021-01-01,797.7,797.7,797.7,TRUE,159,"incl2026",1998
"sablefish","data_2025","sablefish_WCGFS_2025","CC_NCC_fish_150","",1998-01-01,NA,NA,NA,TRUE,41,"incl2026",1998
"sablefish","data_2025","sablefish_WCGFS_2025","CC_NCC_fish_150","",1999-01-01,NA,NA,NA,TRUE,41,"incl2026",1998
"sablefish","data_2025","sablefish_WCGFS_2025","CC_NCC_fish_150","",2000-01-01,NA,NA,NA,TRUE,41,"incl2026",1998
"sablefish","data_2025","sablefish_WCGFS_2025","CC_NCC_fish_150","",2001-01-01,NA,NA,NA,TRUE,41,"incl2026",1998
"sablefish","data_2025","sablefish_WCGFS_2025","CC_NCC_fish_150","",2002-01-01,NA,NA,NA,TRUE,41,"incl2026",1998
"sablefish","data_2025","sablefish_WCGFS_2025","CC_NCC_fish_150","",2003-01-01,3527.77853324736,3527.77853324736,3527.77853324736,TRUE,41,"incl2026",1998
"sablefish","data_2025","sablefish_WCGFS_2025","CC_NCC_fish_150","",2004-01-01,834.465896087533,834.465896087533,834.465896087533,TRUE,41,"incl2026",1998
"sablefish","data_2025","sablefish_WCGFS_2025","CC_NCC_fish_150","",2005-01-01,413.129329554269,413.129329554269,413.129329554269,TRUE,41,"incl2026",1998
"sablefish","data_2025","sablefish_WCGFS_2025","CC_NCC_fish_150","",2006-01-01,96.7553457301019,96.7553457301019,96.7553457301019,TRUE,41,"incl2026",1998
"sablefish","data_2025","sablefish_WCGFS_2025","CC_NCC_fish_150","",2007-01-01,193.185519901892,193.185519901892,193.185519901892,TRUE,41,"incl2026",1998
"sablefish","data_2025","sablefish_WCGFS_2025","CC_NCC_fish_150","",2008-01-01,134.266805220019,134.266805220019,134.266805220019,TRUE,41,"incl2026",1998
"sablefish","data_2025","sablefish_WCGFS_2025","CC_NCC_fish_150","",2009-01-01,275.164011366638,275.164011366638,275.164011366638,TRUE,41,"incl2026",1998
"sablefish","data_2025","sablefish_WCGFS_2025","CC_NCC_fish_150","",2010-01-01,368.569484164669,368.569484164669,368.569484164669,TRUE,41,"incl2026",1998
"sablefish","data_2025","sablefish_WCGFS_2025","CC_NCC_fish_150","",2011-01-01,198.147347876923,198.147347876923,198.147347876923,TRUE,41,"incl2026",1998
"sablefish","data_2025","sablefish_WCGFS_2025","CC_NCC_fish_150","",2012-01-01,124.8288025551,124.8288025551,124.8288025551,TRUE,41,"incl2026",1998
"sablefish","data_2025","sablefish_WCGFS_2025","CC_NCC_fish_150","",2013-01-01,73.4535313864356,73.4535313864356,73.4535313864356,TRUE,41,"incl2026",1998
"sablefish","data_2025","sablefish_WCGFS_2025","CC_NCC_fish_150","",2014-01-01,523.593044518749,523.593044518749,523.593044518749,TRUE,41,"incl2026",1998
"sablefish","data_2025","sablefish_WCGFS_2025","CC_NCC_fish_150","",2015-01-01,801.597459678045,801.597459678045,801.597459678045,TRUE,41,"incl2026",1998
"sablefish","data_2025","sablefish_WCGFS_2025","CC_NCC_fish_150","",2016-01-01,370.503344372703,370.503344372703,370.503344372703,TRUE,41,"incl2026",1998
"sablefish","data_2025","sablefish_WCGFS_2025","CC_NCC_fish_150","",2017-01-01,1926.12365659899,1926.12365659899,1926.12365659899,TRUE,41,"incl2026",1998
"sablefish","data_2025","sablefish_WCGFS_2025","CC_NCC_fish_150","",2018-01-01,4798.57112364079,4798.57112364079,4798.57112364079,TRUE,41,"incl2026",1998
"sablefish","data_2025","sablefish_WCGFS_2025","CC_NCC_fish_150","",2019-01-01,523.734422869982,523.734422869982,523.734422869982,TRUE,41,"incl2026",1998
"sablefish","data_2025","sablefish_WCGFS_2025","CC_NCC_fish_150","",2020-01-01,NA,818.742349168196,818.742349168196,TRUE,41,"incl2026",1998
"sablefish","data_2025","sablefish_WCGFS_2025","CC_NCC_fish_150","",2021-01-01,1113.75027546641,1113.75027546641,1113.75027546641,TRUE,41,"incl2026",1998
"sar.UCsprCh_2025","SEM_data_2025","sar_UCsprCh_2025","CC_NCC_fish_138","SAR",1998-01-01,NA,NA,NA,TRUE,106,"incl2026",1998
"sar.UCsprCh_2025","SEM_data_2025","sar_UCsprCh_2025","CC_NCC_fish_138","SAR",1999-01-01,NA,NA,NA,TRUE,106,"incl2026",1998
"sar.UCsprCh_2025","SEM_data_2025","sar_UCsprCh_2025","CC_NCC_fish_138","SAR",2000-01-01,NA,NA,NA,TRUE,106,"incl2026",1998
"sar.UCsprCh_2025","SEM_data_2025","sar_UCsprCh_2025","CC_NCC_fish_138","SAR",2001-01-01,NA,NA,NA,TRUE,106,"incl2026",1998
"sar.UCsprCh_2025","SEM_data_2025","sar_UCsprCh_2025","CC_NCC_fish_138","SAR",2002-01-01,1.72910662824208,1.72910662824208,0.54760487526929,TRUE,106,"incl2026",1998
"sar.UCsprCh_2025","SEM_data_2025","sar_UCsprCh_2025","CC_NCC_fish_138","SAR",2003-01-01,0.812207728279596,0.812207728279596,-0.207999148533156,TRUE,106,"incl2026",1998
"sar.UCsprCh_2025","SEM_data_2025","sar_UCsprCh_2025","CC_NCC_fish_138","SAR",2004-01-01,0.707130229817325,0.707130229817325,-0.346540429458134,TRUE,106,"incl2026",1998
"sar.UCsprCh_2025","SEM_data_2025","sar_UCsprCh_2025","CC_NCC_fish_138","SAR",2005-01-01,NA,NA,NA,TRUE,106,"incl2026",1998
"sar.UCsprCh_2025","SEM_data_2025","sar_UCsprCh_2025","CC_NCC_fish_138","SAR",2006-01-01,NA,NA,NA,TRUE,106,"incl2026",1998
"sar.UCsprCh_2025","SEM_data_2025","sar_UCsprCh_2025","CC_NCC_fish_138","SAR",2007-01-01,0.999231360491929,0.999231360491929,-0.000768935062877501,TRUE,106,"incl2026",1998
"sar.UCsprCh_2025","SEM_data_2025","sar_UCsprCh_2025","CC_NCC_fish_138","SAR",2008-01-01,2.65060240963855,2.65060240963855,0.974786938555762,TRUE,106,"incl2026",1998
"sar.UCsprCh_2025","SEM_data_2025","sar_UCsprCh_2025","CC_NCC_fish_138","SAR",2009-01-01,2.78657378087397,2.78657378087397,1.02481280565071,TRUE,106,"incl2026",1998
"sar.UCsprCh_2025","SEM_data_2025","sar_UCsprCh_2025","CC_NCC_fish_138","SAR",2010-01-01,3.44262295081967,3.44262295081967,1.23623366654416,TRUE,106,"incl2026",1998
"sar.UCsprCh_2025","SEM_data_2025","sar_UCsprCh_2025","CC_NCC_fish_138","SAR",2011-01-01,1.61550888529887,1.61550888529887,0.479650006297541,TRUE,106,"incl2026",1998
"sar.UCsprCh_2025","SEM_data_2025","sar_UCsprCh_2025","CC_NCC_fish_138","SAR",2012-01-01,2.35342691990091,2.35342691990091,0.855872529709605,TRUE,106,"incl2026",1998
"sar.UCsprCh_2025","SEM_data_2025","sar_UCsprCh_2025","CC_NCC_fish_138","SAR",2013-01-01,2.46808510638298,2.46808510638298,0.903442589396307,TRUE,106,"incl2026",1998
"sar.UCsprCh_2025","SEM_data_2025","sar_UCsprCh_2025","CC_NCC_fish_138","SAR",2014-01-01,1.04468949506674,1.04468949506674,0.0437197073563226,TRUE,106,"incl2026",1998
"sar.UCsprCh_2025","SEM_data_2025","sar_UCsprCh_2025","CC_NCC_fish_138","SAR",2015-01-01,1.23279816513761,1.23279816513761,0.20928651665278,TRUE,106,"incl2026",1998
"sar.UCsprCh_2025","SEM_data_2025","sar_UCsprCh_2025","CC_NCC_fish_138","SAR",2016-01-01,1.17083555082491,1.17083555082491,0.157717639932945,TRUE,106,"incl2026",1998
"sar.UCsprCh_2025","SEM_data_2025","sar_UCsprCh_2025","CC_NCC_fish_138","SAR",2017-01-01,1.47009689274975,1.47009689274975,0.385328312053654,TRUE,106,"incl2026",1998
"sar.UCsprCh_2025","SEM_data_2025","sar_UCsprCh_2025","CC_NCC_fish_138","SAR",2018-01-01,1.00622903689506,1.00622903689506,0.0062097166343089,TRUE,106,"incl2026",1998
"sar.UCsprCh_2025","SEM_data_2025","sar_UCsprCh_2025","CC_NCC_fish_138","SAR",2019-01-01,1.23820754716981,1.23820754716981,0.213664807359665,TRUE,106,"incl2026",1998
"sar.UCsprCh_2025","SEM_data_2025","sar_UCsprCh_2025","CC_NCC_fish_138","SAR",2020-01-01,3.11394196744515,3.11394196744515,1.13588943722182,TRUE,106,"incl2026",1998
"sar.UCsprCh_2025","SEM_data_2025","sar_UCsprCh_2025","CC_NCC_fish_138","SAR",2021-01-01,2.02741290691034,2.02741290691034,0.706760550183611,TRUE,106,"incl2026",1998
"sardine_gam","data_2025","sardine_GAM_2025","CC_NCC_fish_177","",1998-01-01,0.552259993154088,0.552259993154088,0.552259993154088,TRUE,161,"incl2026",1998
"sardine_gam","data_2025","sardine_GAM_2025","CC_NCC_fish_177","",1999-01-01,0.424685571966478,0.424685571966478,0.424685571966478,TRUE,161,"incl2026",1998
"sardine_gam","data_2025","sardine_GAM_2025","CC_NCC_fish_177","",2000-01-01,0.532269050833208,0.532269050833208,0.532269050833208,TRUE,161,"incl2026",1998
"sardine_gam","data_2025","sardine_GAM_2025","CC_NCC_fish_177","",2001-01-01,0.481424622376541,0.481424622376541,0.481424622376541,TRUE,161,"incl2026",1998
"sardine_gam","data_2025","sardine_GAM_2025","CC_NCC_fish_177","",2002-01-01,0.449747945190881,0.449747945190881,0.449747945190881,TRUE,161,"incl2026",1998
"sardine_gam","data_2025","sardine_GAM_2025","CC_NCC_fish_177","",2003-01-01,0.403429584230173,0.403429584230173,0.403429584230173,TRUE,161,"incl2026",1998
"sardine_gam","data_2025","sardine_GAM_2025","CC_NCC_fish_177","",2004-01-01,0.526668541970755,0.526668541970755,0.526668541970755,TRUE,161,"incl2026",1998
"sardine_gam","data_2025","sardine_GAM_2025","CC_NCC_fish_177","",2005-01-01,0.589038397268553,0.589038397268553,0.589038397268553,TRUE,161,"incl2026",1998
"sardine_gam","data_2025","sardine_GAM_2025","CC_NCC_fish_177","",2006-01-01,0.566781338630535,0.566781338630535,0.566781338630535,TRUE,161,"incl2026",1998
"sardine_gam","data_2025","sardine_GAM_2025","CC_NCC_fish_177","",2007-01-01,0.539845414525786,0.539845414525786,0.539845414525786,TRUE,161,"incl2026",1998
"sardine_gam","data_2025","sardine_GAM_2025","CC_NCC_fish_177","",2008-01-01,0.44127114366195,0.44127114366195,0.44127114366195,TRUE,161,"incl2026",1998
"sardine_gam","data_2025","sardine_GAM_2025","CC_NCC_fish_177","",2009-01-01,0.525113968920252,0.525113968920252,0.525113968920252,TRUE,161,"incl2026",1998
"sardine_gam","data_2025","sardine_GAM_2025","CC_NCC_fish_177","",2010-01-01,0.42816289287673,0.42816289287673,0.42816289287673,TRUE,161,"incl2026",1998
"sardine_gam","data_2025","sardine_GAM_2025","CC_NCC_fish_177","",2011-01-01,0.412524270927987,0.412524270927987,0.412524270927987,TRUE,161,"incl2026",1998
"sardine_gam","data_2025","sardine_GAM_2025","CC_NCC_fish_177","",2012-01-01,0.344808197899371,0.344808197899371,0.344808197899371,TRUE,161,"incl2026",1998
"sardine_gam","data_2025","sardine_GAM_2025","CC_NCC_fish_177","",2013-01-01,0.379544949199686,0.379544949199686,0.379544949199686,TRUE,161,"incl2026",1998
"sardine_gam","data_2025","sardine_GAM_2025","CC_NCC_fish_177","",2014-01-01,0.311161368413113,0.311161368413113,0.311161368413113,TRUE,161,"incl2026",1998
"sardine_gam","data_2025","sardine_GAM_2025","CC_NCC_fish_177","",2015-01-01,0.299645580652044,0.299645580652044,0.299645580652044,TRUE,161,"incl2026",1998
"sardine_gam","data_2025","sardine_GAM_2025","CC_NCC_fish_177","",2016-01-01,0.377417644112893,0.377417644112893,0.377417644112893,TRUE,161,"incl2026",1998
"sardine_gam","data_2025","sardine_GAM_2025","CC_NCC_fish_177","",2017-01-01,0.353670339766352,0.353670339766352,0.353670339766352,TRUE,161,"incl2026",1998
"sardine_gam","data_2025","sardine_GAM_2025","CC_NCC_fish_177","",2018-01-01,0.334886584976509,0.334886584976509,0.334886584976509,TRUE,161,"incl2026",1998
"sardine_gam","data_2025","sardine_GAM_2025","CC_NCC_fish_177","",2019-01-01,0.310779929642673,0.310779929642673,0.310779929642673,TRUE,161,"incl2026",1998
"sardine_gam","data_2025","sardine_GAM_2025","CC_NCC_fish_177","",2020-01-01,0.356484559377359,0.356484559377359,0.356484559377359,TRUE,161,"incl2026",1998
"sardine_gam","data_2025","sardine_GAM_2025","CC_NCC_fish_177","",2021-01-01,0.379493643360912,0.379493643360912,0.379493643360912,TRUE,161,"incl2026",1998
"shearwater","JSOES_2026","sootyShear_JSOES_2026","CC_NCC_bird_215","predator",1998-01-01,NA,NA,NA,TRUE,114,"incl2026",1998
"shearwater","JSOES_2026","sootyShear_JSOES_2026","CC_NCC_bird_215","predator",1999-01-01,NA,NA,NA,TRUE,114,"incl2026",1998
"shearwater","JSOES_2026","sootyShear_JSOES_2026","CC_NCC_bird_215","predator",2000-01-01,NA,NA,NA,TRUE,114,"incl2026",1998
"shearwater","JSOES_2026","sootyShear_JSOES_2026","CC_NCC_bird_215","predator",2001-01-01,NA,NA,NA,TRUE,114,"incl2026",1998
"shearwater","JSOES_2026","sootyShear_JSOES_2026","CC_NCC_bird_215","predator",2002-01-01,NA,NA,NA,TRUE,114,"incl2026",1998
"shearwater","JSOES_2026","sootyShear_JSOES_2026","CC_NCC_bird_215","predator",2003-01-01,38.5247109546827,38.5247109546827,38.5247109546827,TRUE,114,"incl2026",1998
"shearwater","JSOES_2026","sootyShear_JSOES_2026","CC_NCC_bird_215","predator",2004-01-01,21.1013566959965,21.1013566959965,21.1013566959965,TRUE,114,"incl2026",1998
"shearwater","JSOES_2026","sootyShear_JSOES_2026","CC_NCC_bird_215","predator",2005-01-01,15.9441978069436,15.9441978069436,15.9441978069436,TRUE,114,"incl2026",1998
"shearwater","JSOES_2026","sootyShear_JSOES_2026","CC_NCC_bird_215","predator",2006-01-01,19.7091195427123,19.7091195427123,19.7091195427123,TRUE,114,"incl2026",1998
"shearwater","JSOES_2026","sootyShear_JSOES_2026","CC_NCC_bird_215","predator",2007-01-01,31.1921976345072,31.1921976345072,31.1921976345072,TRUE,114,"incl2026",1998
"shearwater","JSOES_2026","sootyShear_JSOES_2026","CC_NCC_bird_215","predator",2008-01-01,7.93652235254534,7.93652235254534,7.93652235254534,TRUE,114,"incl2026",1998
"shearwater","JSOES_2026","sootyShear_JSOES_2026","CC_NCC_bird_215","predator",2009-01-01,26.7522728005364,26.7522728005364,26.7522728005364,TRUE,114,"incl2026",1998
"shearwater","JSOES_2026","sootyShear_JSOES_2026","CC_NCC_bird_215","predator",2010-01-01,22.5127468025693,22.5127468025693,22.5127468025693,TRUE,114,"incl2026",1998
"shearwater","JSOES_2026","sootyShear_JSOES_2026","CC_NCC_bird_215","predator",2011-01-01,9.11048928659541,9.11048928659541,9.11048928659541,TRUE,114,"incl2026",1998
"shearwater","JSOES_2026","sootyShear_JSOES_2026","CC_NCC_bird_215","predator",2012-01-01,11.3093648821648,11.3093648821648,11.3093648821648,TRUE,114,"incl2026",1998
"shearwater","JSOES_2026","sootyShear_JSOES_2026","CC_NCC_bird_215","predator",2013-01-01,NA,22.6744822427892,22.6744822427892,TRUE,114,"incl2026",1998
"shearwater","JSOES_2026","sootyShear_JSOES_2026","CC_NCC_bird_215","predator",2014-01-01,NA,34.0395996034137,34.0395996034137,TRUE,114,"incl2026",1998
"shearwater","JSOES_2026","sootyShear_JSOES_2026","CC_NCC_bird_215","predator",2015-01-01,45.4047169640381,45.4047169640381,45.4047169640381,TRUE,114,"incl2026",1998
"shearwater","JSOES_2026","sootyShear_JSOES_2026","CC_NCC_bird_215","predator",2016-01-01,28.1789255873168,28.1789255873168,28.1789255873168,TRUE,114,"incl2026",1998
"shearwater","JSOES_2026","sootyShear_JSOES_2026","CC_NCC_bird_215","predator",2017-01-01,8.70259500715296,8.70259500715296,8.70259500715296,TRUE,114,"incl2026",1998
"shearwater","JSOES_2026","sootyShear_JSOES_2026","CC_NCC_bird_215","predator",2018-01-01,30.1514243112388,30.1514243112388,30.1514243112388,TRUE,114,"incl2026",1998
"shearwater","JSOES_2026","sootyShear_JSOES_2026","CC_NCC_bird_215","predator",2019-01-01,21.2939609251062,21.2939609251062,21.2939609251062,TRUE,114,"incl2026",1998
"shearwater","JSOES_2026","sootyShear_JSOES_2026","CC_NCC_bird_215","predator",2020-01-01,NA,15.8544298993917,15.8544298993917,TRUE,114,"incl2026",1998
"shearwater","JSOES_2026","sootyShear_JSOES_2026","CC_NCC_bird_215","predator",2021-01-01,NA,10.4148988736772,10.4148988736772,TRUE,114,"incl2026",1998
"spotted ratfish","data_2025","spottedRatfish_2025","CC_NCC_fish_152","",1998-01-01,NA,NA,NA,TRUE,121,"incl2026",1998
"spotted ratfish","data_2025","spottedRatfish_2025","CC_NCC_fish_152","",1999-01-01,NA,NA,NA,TRUE,121,"incl2026",1998
"spotted ratfish","data_2025","spottedRatfish_2025","CC_NCC_fish_152","",2000-01-01,NA,NA,NA,TRUE,121,"incl2026",1998
"spotted ratfish","data_2025","spottedRatfish_2025","CC_NCC_fish_152","",2001-01-01,NA,NA,NA,TRUE,121,"incl2026",1998
"spotted ratfish","data_2025","spottedRatfish_2025","CC_NCC_fish_152","",2002-01-01,NA,NA,NA,TRUE,121,"incl2026",1998
"spotted ratfish","data_2025","spottedRatfish_2025","CC_NCC_fish_152","",2003-01-01,1076.49286118216,1076.49286118216,1076.49286118216,TRUE,121,"incl2026",1998
"spotted ratfish","data_2025","spottedRatfish_2025","CC_NCC_fish_152","",2004-01-01,342.806915673887,342.806915673887,342.806915673887,TRUE,121,"incl2026",1998
"spotted ratfish","data_2025","spottedRatfish_2025","CC_NCC_fish_152","",2005-01-01,437.935241320939,437.935241320939,437.935241320939,TRUE,121,"incl2026",1998
"spotted ratfish","data_2025","spottedRatfish_2025","CC_NCC_fish_152","",2006-01-01,857.510205416124,857.510205416124,857.510205416124,TRUE,121,"incl2026",1998
"spotted ratfish","data_2025","spottedRatfish_2025","CC_NCC_fish_152","",2007-01-01,428.083564451704,428.083564451704,428.083564451704,TRUE,121,"incl2026",1998
"spotted ratfish","data_2025","spottedRatfish_2025","CC_NCC_fish_152","",2008-01-01,537.759702888911,537.759702888911,537.759702888911,TRUE,121,"incl2026",1998
"spotted ratfish","data_2025","spottedRatfish_2025","CC_NCC_fish_152","",2009-01-01,512.041505566166,512.041505566166,512.041505566166,TRUE,121,"incl2026",1998
"spotted ratfish","data_2025","spottedRatfish_2025","CC_NCC_fish_152","",2010-01-01,418.211460838091,418.211460838091,418.211460838091,TRUE,121,"incl2026",1998
"spotted ratfish","data_2025","spottedRatfish_2025","CC_NCC_fish_152","",2011-01-01,544.699808435255,544.699808435255,544.699808435255,TRUE,121,"incl2026",1998
"spotted ratfish","data_2025","spottedRatfish_2025","CC_NCC_fish_152","",2012-01-01,4361.44821535281,4361.44821535281,4361.44821535281,TRUE,121,"incl2026",1998
"spotted ratfish","data_2025","spottedRatfish_2025","CC_NCC_fish_152","",2013-01-01,828.248499871767,828.248499871767,828.248499871767,TRUE,121,"incl2026",1998
"spotted ratfish","data_2025","spottedRatfish_2025","CC_NCC_fish_152","",2014-01-01,898.765519615293,898.765519615293,898.765519615293,TRUE,121,"incl2026",1998
"spotted ratfish","data_2025","spottedRatfish_2025","CC_NCC_fish_152","",2015-01-01,549.793551531447,549.793551531447,549.793551531447,TRUE,121,"incl2026",1998
"spotted ratfish","data_2025","spottedRatfish_2025","CC_NCC_fish_152","",2016-01-01,322.587071697338,322.587071697338,322.587071697338,TRUE,121,"incl2026",1998
"spotted ratfish","data_2025","spottedRatfish_2025","CC_NCC_fish_152","",2017-01-01,980.274820054327,980.274820054327,980.274820054327,TRUE,121,"incl2026",1998
"spotted ratfish","data_2025","spottedRatfish_2025","CC_NCC_fish_152","",2018-01-01,391.834894504163,391.834894504163,391.834894504163,TRUE,121,"incl2026",1998
"spotted ratfish","data_2025","spottedRatfish_2025","CC_NCC_fish_152","",2019-01-01,1150.15731177871,1150.15731177871,1150.15731177871,TRUE,121,"incl2026",1998
"spotted ratfish","data_2025","spottedRatfish_2025","CC_NCC_fish_152","",2020-01-01,NA,813.511217811734,813.511217811734,TRUE,121,"incl2026",1998
"spotted ratfish","data_2025","spottedRatfish_2025","CC_NCC_fish_152","",2021-01-01,476.865123844757,476.865123844757,476.865123844757,TRUE,121,"incl2026",1998
"ssl.est.wholerange","SEM_data_2024","ssl_est_wholerange","CC_NCC_mamm_118","predator",1998-01-01,NA,NA,NA,TRUE,68,"incl2026",1998
"ssl.est.wholerange","SEM_data_2024","ssl_est_wholerange","CC_NCC_mamm_118","predator",1999-01-01,NA,NA,NA,TRUE,68,"incl2026",1998
"ssl.est.wholerange","SEM_data_2024","ssl_est_wholerange","CC_NCC_mamm_118","predator",2000-01-01,35991.41918,35991.41918,35991.41918,TRUE,68,"incl2026",1998
"ssl.est.wholerange","SEM_data_2024","ssl_est_wholerange","CC_NCC_mamm_118","predator",2001-01-01,37218.23954,37218.23954,37218.23954,TRUE,68,"incl2026",1998
"ssl.est.wholerange","SEM_data_2024","ssl_est_wholerange","CC_NCC_mamm_118","predator",2002-01-01,38358.9535,38358.9535,38358.9535,TRUE,68,"incl2026",1998
"ssl.est.wholerange","SEM_data_2024","ssl_est_wholerange","CC_NCC_mamm_118","predator",2003-01-01,39331.93435,39331.93435,39331.93435,TRUE,68,"incl2026",1998
"ssl.est.wholerange","SEM_data_2024","ssl_est_wholerange","CC_NCC_mamm_118","predator",2004-01-01,39964.07081,39964.07081,39964.07081,TRUE,68,"incl2026",1998
"ssl.est.wholerange","SEM_data_2024","ssl_est_wholerange","CC_NCC_mamm_118","predator",2005-01-01,40455.10561,40455.10561,40455.10561,TRUE,68,"incl2026",1998
"ssl.est.wholerange","SEM_data_2024","ssl_est_wholerange","CC_NCC_mamm_118","predator",2006-01-01,40979.6287,40979.6287,40979.6287,TRUE,68,"incl2026",1998
"ssl.est.wholerange","SEM_data_2024","ssl_est_wholerange","CC_NCC_mamm_118","predator",2007-01-01,42744.2959,42744.2959,42744.2959,TRUE,68,"incl2026",1998
"ssl.est.wholerange","SEM_data_2024","ssl_est_wholerange","CC_NCC_mamm_118","predator",2008-01-01,44349.39642,44349.39642,44349.39642,TRUE,68,"incl2026",1998
"ssl.est.wholerange","SEM_data_2024","ssl_est_wholerange","CC_NCC_mamm_118","predator",2009-01-01,46049.2878,46049.2878,46049.2878,TRUE,68,"incl2026",1998
"ssl.est.wholerange","SEM_data_2024","ssl_est_wholerange","CC_NCC_mamm_118","predator",2010-01-01,48078.98916,48078.98916,48078.98916,TRUE,68,"incl2026",1998
"ssl.est.wholerange","SEM_data_2024","ssl_est_wholerange","CC_NCC_mamm_118","predator",2011-01-01,50401.66389,50401.66389,50401.66389,TRUE,68,"incl2026",1998
"ssl.est.wholerange","SEM_data_2024","ssl_est_wholerange","CC_NCC_mamm_118","predator",2012-01-01,52072.54975,52072.54975,52072.54975,TRUE,68,"incl2026",1998
"ssl.est.wholerange","SEM_data_2024","ssl_est_wholerange","CC_NCC_mamm_118","predator",2013-01-01,53748.58672,53748.58672,53748.58672,TRUE,68,"incl2026",1998
"ssl.est.wholerange","SEM_data_2024","ssl_est_wholerange","CC_NCC_mamm_118","predator",2014-01-01,55146.71928,55146.71928,55146.71928,TRUE,68,"incl2026",1998
"ssl.est.wholerange","SEM_data_2024","ssl_est_wholerange","CC_NCC_mamm_118","predator",2015-01-01,56325.35989,56325.35989,56325.35989,TRUE,68,"incl2026",1998
"ssl.est.wholerange","SEM_data_2024","ssl_est_wholerange","CC_NCC_mamm_118","predator",2016-01-01,56809.76441,56809.76441,56809.76441,TRUE,68,"incl2026",1998
"ssl.est.wholerange","SEM_data_2024","ssl_est_wholerange","CC_NCC_mamm_118","predator",2017-01-01,58183.70125,58183.70125,58183.70125,TRUE,68,"incl2026",1998
"ssl.est.wholerange","SEM_data_2024","ssl_est_wholerange","CC_NCC_mamm_118","predator",2018-01-01,59557.63809,59557.63809,59557.63809,TRUE,68,"incl2026",1998
"ssl.est.wholerange","SEM_data_2024","ssl_est_wholerange","CC_NCC_mamm_118","predator",2019-01-01,60931.57493,60931.57493,60931.57493,TRUE,68,"incl2026",1998
"ssl.est.wholerange","SEM_data_2024","ssl_est_wholerange","CC_NCC_mamm_118","predator",2020-01-01,62305.51176,62305.51176,62305.51176,TRUE,68,"incl2026",1998
"ssl.est.wholerange","SEM_data_2024","ssl_est_wholerange","CC_NCC_mamm_118","predator",2021-01-01,63679.4486,63679.4486,63679.4486,TRUE,68,"incl2026",1998
"ssl.est.wholerange_2yrLead","SEM_data_2024","ssl.est.wholerange_2yrLead","CC_NCC_mamm_119","predator",1998-01-01,35991.41918,35991.41918,35991.41918,TRUE,68,"incl2026",1998
"ssl.est.wholerange_2yrLead","SEM_data_2024","ssl.est.wholerange_2yrLead","CC_NCC_mamm_119","predator",1999-01-01,37218.23954,37218.23954,37218.23954,TRUE,68,"incl2026",1998
"ssl.est.wholerange_2yrLead","SEM_data_2024","ssl.est.wholerange_2yrLead","CC_NCC_mamm_119","predator",2000-01-01,38358.9535,38358.9535,38358.9535,TRUE,68,"incl2026",1998
"ssl.est.wholerange_2yrLead","SEM_data_2024","ssl.est.wholerange_2yrLead","CC_NCC_mamm_119","predator",2001-01-01,39331.93435,39331.93435,39331.93435,TRUE,68,"incl2026",1998
"ssl.est.wholerange_2yrLead","SEM_data_2024","ssl.est.wholerange_2yrLead","CC_NCC_mamm_119","predator",2002-01-01,39964.07081,39964.07081,39964.07081,TRUE,68,"incl2026",1998
"ssl.est.wholerange_2yrLead","SEM_data_2024","ssl.est.wholerange_2yrLead","CC_NCC_mamm_119","predator",2003-01-01,40455.10561,40455.10561,40455.10561,TRUE,68,"incl2026",1998
"ssl.est.wholerange_2yrLead","SEM_data_2024","ssl.est.wholerange_2yrLead","CC_NCC_mamm_119","predator",2004-01-01,40979.6287,40979.6287,40979.6287,TRUE,68,"incl2026",1998
"ssl.est.wholerange_2yrLead","SEM_data_2024","ssl.est.wholerange_2yrLead","CC_NCC_mamm_119","predator",2005-01-01,42744.2959,42744.2959,42744.2959,TRUE,68,"incl2026",1998
"ssl.est.wholerange_2yrLead","SEM_data_2024","ssl.est.wholerange_2yrLead","CC_NCC_mamm_119","predator",2006-01-01,44349.39642,44349.39642,44349.39642,TRUE,68,"incl2026",1998
"ssl.est.wholerange_2yrLead","SEM_data_2024","ssl.est.wholerange_2yrLead","CC_NCC_mamm_119","predator",2007-01-01,46049.2878,46049.2878,46049.2878,TRUE,68,"incl2026",1998
"ssl.est.wholerange_2yrLead","SEM_data_2024","ssl.est.wholerange_2yrLead","CC_NCC_mamm_119","predator",2008-01-01,48078.98916,48078.98916,48078.98916,TRUE,68,"incl2026",1998
"ssl.est.wholerange_2yrLead","SEM_data_2024","ssl.est.wholerange_2yrLead","CC_NCC_mamm_119","predator",2009-01-01,50401.66389,50401.66389,50401.66389,TRUE,68,"incl2026",1998
"ssl.est.wholerange_2yrLead","SEM_data_2024","ssl.est.wholerange_2yrLead","CC_NCC_mamm_119","predator",2010-01-01,52072.54975,52072.54975,52072.54975,TRUE,68,"incl2026",1998
"ssl.est.wholerange_2yrLead","SEM_data_2024","ssl.est.wholerange_2yrLead","CC_NCC_mamm_119","predator",2011-01-01,53748.58672,53748.58672,53748.58672,TRUE,68,"incl2026",1998
"ssl.est.wholerange_2yrLead","SEM_data_2024","ssl.est.wholerange_2yrLead","CC_NCC_mamm_119","predator",2012-01-01,55146.71928,55146.71928,55146.71928,TRUE,68,"incl2026",1998
"ssl.est.wholerange_2yrLead","SEM_data_2024","ssl.est.wholerange_2yrLead","CC_NCC_mamm_119","predator",2013-01-01,56325.35989,56325.35989,56325.35989,TRUE,68,"incl2026",1998
"ssl.est.wholerange_2yrLead","SEM_data_2024","ssl.est.wholerange_2yrLead","CC_NCC_mamm_119","predator",2014-01-01,56809.76441,56809.76441,56809.76441,TRUE,68,"incl2026",1998
"ssl.est.wholerange_2yrLead","SEM_data_2024","ssl.est.wholerange_2yrLead","CC_NCC_mamm_119","predator",2015-01-01,58183.70125,58183.70125,58183.70125,TRUE,68,"incl2026",1998
"ssl.est.wholerange_2yrLead","SEM_data_2024","ssl.est.wholerange_2yrLead","CC_NCC_mamm_119","predator",2016-01-01,59557.63809,59557.63809,59557.63809,TRUE,68,"incl2026",1998
"ssl.est.wholerange_2yrLead","SEM_data_2024","ssl.est.wholerange_2yrLead","CC_NCC_mamm_119","predator",2017-01-01,60931.57493,60931.57493,60931.57493,TRUE,68,"incl2026",1998
"ssl.est.wholerange_2yrLead","SEM_data_2024","ssl.est.wholerange_2yrLead","CC_NCC_mamm_119","predator",2018-01-01,62305.51176,62305.51176,62305.51176,TRUE,68,"incl2026",1998
"ssl.est.wholerange_2yrLead","SEM_data_2024","ssl.est.wholerange_2yrLead","CC_NCC_mamm_119","predator",2019-01-01,63679.4486,63679.4486,63679.4486,TRUE,68,"incl2026",1998
"ssl.est.wholerange_2yrLead","SEM_data_2024","ssl.est.wholerange_2yrLead","CC_NCC_mamm_119","predator",2020-01-01,NA,NA,NA,TRUE,68,"incl2026",1998
"ssl.est.wholerange_2yrLead","SEM_data_2024","ssl.est.wholerange_2yrLead","CC_NCC_mamm_119","predator",2021-01-01,NA,NA,NA,TRUE,68,"incl2026",1998
"stripetail rockfish","data_2025","stripetailRockfish_2025","CC_NCC_fish_155","",1998-01-01,NA,NA,NA,TRUE,162,"incl2026",1998
"stripetail rockfish","data_2025","stripetailRockfish_2025","CC_NCC_fish_155","",1999-01-01,NA,NA,NA,TRUE,162,"incl2026",1998
"stripetail rockfish","data_2025","stripetailRockfish_2025","CC_NCC_fish_155","",2000-01-01,NA,NA,NA,TRUE,162,"incl2026",1998
"stripetail rockfish","data_2025","stripetailRockfish_2025","CC_NCC_fish_155","",2001-01-01,NA,NA,NA,TRUE,162,"incl2026",1998
"stripetail rockfish","data_2025","stripetailRockfish_2025","CC_NCC_fish_155","",2002-01-01,NA,NA,NA,TRUE,162,"incl2026",1998
"stripetail rockfish","data_2025","stripetailRockfish_2025","CC_NCC_fish_155","",2003-01-01,15.3328013476319,15.3328013476319,15.3328013476319,TRUE,162,"incl2026",1998
"stripetail rockfish","data_2025","stripetailRockfish_2025","CC_NCC_fish_155","",2004-01-01,0.91834405085,0.91834405085,0.91834405085,TRUE,162,"incl2026",1998
"stripetail rockfish","data_2025","stripetailRockfish_2025","CC_NCC_fish_155","",2005-01-01,2.92647076980339,2.92647076980339,2.92647076980339,TRUE,162,"incl2026",1998
"stripetail rockfish","data_2025","stripetailRockfish_2025","CC_NCC_fish_155","",2006-01-01,49.4051489684648,49.4051489684648,49.4051489684648,TRUE,162,"incl2026",1998
"stripetail rockfish","data_2025","stripetailRockfish_2025","CC_NCC_fish_155","",2007-01-01,21.0004693127264,21.0004693127264,21.0004693127264,TRUE,162,"incl2026",1998
"stripetail rockfish","data_2025","stripetailRockfish_2025","CC_NCC_fish_155","",2008-01-01,9.88242360335238,9.88242360335238,9.88242360335238,TRUE,162,"incl2026",1998
"stripetail rockfish","data_2025","stripetailRockfish_2025","CC_NCC_fish_155","",2009-01-01,16.7711831631719,16.7711831631719,16.7711831631719,TRUE,162,"incl2026",1998
"stripetail rockfish","data_2025","stripetailRockfish_2025","CC_NCC_fish_155","",2010-01-01,48.3616564099182,48.3616564099182,48.3616564099182,TRUE,162,"incl2026",1998
"stripetail rockfish","data_2025","stripetailRockfish_2025","CC_NCC_fish_155","",2011-01-01,74.0031593355757,74.0031593355757,74.0031593355757,TRUE,162,"incl2026",1998
"stripetail rockfish","data_2025","stripetailRockfish_2025","CC_NCC_fish_155","",2012-01-01,129.148942885825,129.148942885825,129.148942885825,TRUE,162,"incl2026",1998
"stripetail rockfish","data_2025","stripetailRockfish_2025","CC_NCC_fish_155","",2013-01-01,0.540742780333333,0.540742780333333,0.540742780333333,TRUE,162,"incl2026",1998
"stripetail rockfish","data_2025","stripetailRockfish_2025","CC_NCC_fish_155","",2014-01-01,51.1461500332928,51.1461500332928,51.1461500332928,TRUE,162,"incl2026",1998
"stripetail rockfish","data_2025","stripetailRockfish_2025","CC_NCC_fish_155","",2015-01-01,15.8150904965667,15.8150904965667,15.8150904965667,TRUE,162,"incl2026",1998
"stripetail rockfish","data_2025","stripetailRockfish_2025","CC_NCC_fish_155","",2016-01-01,23.8967039841758,23.8967039841758,23.8967039841758,TRUE,162,"incl2026",1998
"stripetail rockfish","data_2025","stripetailRockfish_2025","CC_NCC_fish_155","",2017-01-01,11.8369240136682,11.8369240136682,11.8369240136682,TRUE,162,"incl2026",1998
"stripetail rockfish","data_2025","stripetailRockfish_2025","CC_NCC_fish_155","",2018-01-01,6.72097008452941,6.72097008452941,6.72097008452941,TRUE,162,"incl2026",1998
"stripetail rockfish","data_2025","stripetailRockfish_2025","CC_NCC_fish_155","",2019-01-01,10.7704497751316,10.7704497751316,10.7704497751316,TRUE,162,"incl2026",1998
"stripetail rockfish","data_2025","stripetailRockfish_2025","CC_NCC_fish_155","",2020-01-01,NA,58.4691871930013,58.4691871930013,TRUE,162,"incl2026",1998
"stripetail rockfish","data_2025","stripetailRockfish_2025","CC_NCC_fish_155","",2021-01-01,106.167924610871,106.167924610871,106.167924610871,TRUE,162,"incl2026",1998
"sumPreyOfPrey_planktonJun_2026","plankton_2026","sumPreyOfPrey_planktonJun_2026","CC_NCC_plank_203","",1998-01-01,NA,NA,NA,TRUE,67,"incl2026",1998
"sumPreyOfPrey_planktonJun_2026","plankton_2026","sumPreyOfPrey_planktonJun_2026","CC_NCC_plank_203","",1999-01-01,1.9732900083787,1.9732900083787,1.9732900083787,TRUE,67,"incl2026",1998
"sumPreyOfPrey_planktonJun_2026","plankton_2026","sumPreyOfPrey_planktonJun_2026","CC_NCC_plank_203","",2000-01-01,2.42179641661706,2.42179641661706,2.42179641661706,TRUE,67,"incl2026",1998
"sumPreyOfPrey_planktonJun_2026","plankton_2026","sumPreyOfPrey_planktonJun_2026","CC_NCC_plank_203","",2001-01-01,2.38889245447881,2.38889245447881,2.38889245447881,TRUE,67,"incl2026",1998
"sumPreyOfPrey_planktonJun_2026","plankton_2026","sumPreyOfPrey_planktonJun_2026","CC_NCC_plank_203","",2002-01-01,2.4740203704317,2.4740203704317,2.4740203704317,TRUE,67,"incl2026",1998
"sumPreyOfPrey_planktonJun_2026","plankton_2026","sumPreyOfPrey_planktonJun_2026","CC_NCC_plank_203","",2003-01-01,2.85565250065796,2.85565250065796,2.85565250065796,TRUE,67,"incl2026",1998
"sumPreyOfPrey_planktonJun_2026","plankton_2026","sumPreyOfPrey_planktonJun_2026","CC_NCC_plank_203","",2004-01-01,2.47660895154602,2.47660895154602,2.47660895154602,TRUE,67,"incl2026",1998
"sumPreyOfPrey_planktonJun_2026","plankton_2026","sumPreyOfPrey_planktonJun_2026","CC_NCC_plank_203","",2005-01-01,1.61332697706493,1.61332697706493,1.61332697706493,TRUE,67,"incl2026",1998
"sumPreyOfPrey_planktonJun_2026","plankton_2026","sumPreyOfPrey_planktonJun_2026","CC_NCC_plank_203","",2006-01-01,2.22779142681968,2.22779142681968,2.22779142681968,TRUE,67,"incl2026",1998
"sumPreyOfPrey_planktonJun_2026","plankton_2026","sumPreyOfPrey_planktonJun_2026","CC_NCC_plank_203","",2007-01-01,2.02859343544595,2.02859343544595,2.02859343544595,TRUE,67,"incl2026",1998
"sumPreyOfPrey_planktonJun_2026","plankton_2026","sumPreyOfPrey_planktonJun_2026","CC_NCC_plank_203","",2008-01-01,2.36535821841875,2.36535821841875,2.36535821841875,TRUE,67,"incl2026",1998
"sumPreyOfPrey_planktonJun_2026","plankton_2026","sumPreyOfPrey_planktonJun_2026","CC_NCC_plank_203","",2009-01-01,2.53456826835084,2.53456826835084,2.53456826835084,TRUE,67,"incl2026",1998
"sumPreyOfPrey_planktonJun_2026","plankton_2026","sumPreyOfPrey_planktonJun_2026","CC_NCC_plank_203","",2010-01-01,2.53717290618434,2.53717290618434,2.53717290618434,TRUE,67,"incl2026",1998
"sumPreyOfPrey_planktonJun_2026","plankton_2026","sumPreyOfPrey_planktonJun_2026","CC_NCC_plank_203","",2011-01-01,3.07989580975728,3.07989580975728,3.07989580975728,TRUE,67,"incl2026",1998
"sumPreyOfPrey_planktonJun_2026","plankton_2026","sumPreyOfPrey_planktonJun_2026","CC_NCC_plank_203","",2012-01-01,3.1947480777921,3.1947480777921,3.1947480777921,TRUE,67,"incl2026",1998
"sumPreyOfPrey_planktonJun_2026","plankton_2026","sumPreyOfPrey_planktonJun_2026","CC_NCC_plank_203","",2013-01-01,2.26902525464509,2.26902525464509,2.26902525464509,TRUE,67,"incl2026",1998
"sumPreyOfPrey_planktonJun_2026","plankton_2026","sumPreyOfPrey_planktonJun_2026","CC_NCC_plank_203","",2014-01-01,3.25087476190976,3.25087476190976,3.25087476190976,TRUE,67,"incl2026",1998
"sumPreyOfPrey_planktonJun_2026","plankton_2026","sumPreyOfPrey_planktonJun_2026","CC_NCC_plank_203","",2015-01-01,3.2735637604844,3.2735637604844,3.2735637604844,TRUE,67,"incl2026",1998
"sumPreyOfPrey_planktonJun_2026","plankton_2026","sumPreyOfPrey_planktonJun_2026","CC_NCC_plank_203","",2016-01-01,3.25127223666191,3.25127223666191,3.25127223666191,TRUE,67,"incl2026",1998
"sumPreyOfPrey_planktonJun_2026","plankton_2026","sumPreyOfPrey_planktonJun_2026","CC_NCC_plank_203","",2017-01-01,2.78885756287975,2.78885756287975,2.78885756287975,TRUE,67,"incl2026",1998
"sumPreyOfPrey_planktonJun_2026","plankton_2026","sumPreyOfPrey_planktonJun_2026","CC_NCC_plank_203","",2018-01-01,3.29718502338674,3.29718502338674,3.29718502338674,TRUE,67,"incl2026",1998
"sumPreyOfPrey_planktonJun_2026","plankton_2026","sumPreyOfPrey_planktonJun_2026","CC_NCC_plank_203","",2019-01-01,3.44638124947555,3.44638124947555,3.44638124947555,TRUE,67,"incl2026",1998
"sumPreyOfPrey_planktonJun_2026","plankton_2026","sumPreyOfPrey_planktonJun_2026","CC_NCC_plank_203","",2020-01-01,2.76473682984616,2.76473682984616,2.76473682984616,TRUE,67,"incl2026",1998
"sumPreyOfPrey_planktonJun_2026","plankton_2026","sumPreyOfPrey_planktonJun_2026","CC_NCC_plank_203","",2021-01-01,3.10169477720226,3.10169477720226,3.10169477720226,TRUE,67,"incl2026",1998
"sumPrey_planktonJun_2026","plankton_2026","sumPrey_planktonJun_2026","CC_NCC_plank_202","",1998-01-01,NA,NA,NA,TRUE,46,"incl2026",1998
"sumPrey_planktonJun_2026","plankton_2026","sumPrey_planktonJun_2026","CC_NCC_plank_202","",1999-01-01,1.70173431549144,1.70173431549144,1.70173431549144,TRUE,46,"incl2026",1998
"sumPrey_planktonJun_2026","plankton_2026","sumPrey_planktonJun_2026","CC_NCC_plank_202","",2000-01-01,1.4747307416007,1.4747307416007,1.4747307416007,TRUE,46,"incl2026",1998
"sumPrey_planktonJun_2026","plankton_2026","sumPrey_planktonJun_2026","CC_NCC_plank_202","",2001-01-01,1.45264603088236,1.45264603088236,1.45264603088236,TRUE,46,"incl2026",1998
"sumPrey_planktonJun_2026","plankton_2026","sumPrey_planktonJun_2026","CC_NCC_plank_202","",2002-01-01,1.8439008613111,1.8439008613111,1.8439008613111,TRUE,46,"incl2026",1998
"sumPrey_planktonJun_2026","plankton_2026","sumPrey_planktonJun_2026","CC_NCC_plank_202","",2003-01-01,1.9166350528082,1.9166350528082,1.9166350528082,TRUE,46,"incl2026",1998
"sumPrey_planktonJun_2026","plankton_2026","sumPrey_planktonJun_2026","CC_NCC_plank_202","",2004-01-01,1.82405732939042,1.82405732939042,1.82405732939042,TRUE,46,"incl2026",1998
"sumPrey_planktonJun_2026","plankton_2026","sumPrey_planktonJun_2026","CC_NCC_plank_202","",2005-01-01,1.0455545609382,1.0455545609382,1.0455545609382,TRUE,46,"incl2026",1998
"sumPrey_planktonJun_2026","plankton_2026","sumPrey_planktonJun_2026","CC_NCC_plank_202","",2006-01-01,1.44177534993773,1.44177534993773,1.44177534993773,TRUE,46,"incl2026",1998
"sumPrey_planktonJun_2026","plankton_2026","sumPrey_planktonJun_2026","CC_NCC_plank_202","",2007-01-01,1.47804239013504,1.47804239013504,1.47804239013504,TRUE,46,"incl2026",1998
"sumPrey_planktonJun_2026","plankton_2026","sumPrey_planktonJun_2026","CC_NCC_plank_202","",2008-01-01,2.07405590139713,2.07405590139713,2.07405590139713,TRUE,46,"incl2026",1998
"sumPrey_planktonJun_2026","plankton_2026","sumPrey_planktonJun_2026","CC_NCC_plank_202","",2009-01-01,1.6856393601298,1.6856393601298,1.6856393601298,TRUE,46,"incl2026",1998
"sumPrey_planktonJun_2026","plankton_2026","sumPrey_planktonJun_2026","CC_NCC_plank_202","",2010-01-01,1.3728877767029,1.3728877767029,1.3728877767029,TRUE,46,"incl2026",1998
"sumPrey_planktonJun_2026","plankton_2026","sumPrey_planktonJun_2026","CC_NCC_plank_202","",2011-01-01,1.75613723813238,1.75613723813238,1.75613723813238,TRUE,46,"incl2026",1998
"sumPrey_planktonJun_2026","plankton_2026","sumPrey_planktonJun_2026","CC_NCC_plank_202","",2012-01-01,2.30950275215459,2.30950275215459,2.30950275215459,TRUE,46,"incl2026",1998
"sumPrey_planktonJun_2026","plankton_2026","sumPrey_planktonJun_2026","CC_NCC_plank_202","",2013-01-01,1.76375604641377,1.76375604641377,1.76375604641377,TRUE,46,"incl2026",1998
"sumPrey_planktonJun_2026","plankton_2026","sumPrey_planktonJun_2026","CC_NCC_plank_202","",2014-01-01,2.42792765611377,2.42792765611377,2.42792765611377,TRUE,46,"incl2026",1998
"sumPrey_planktonJun_2026","plankton_2026","sumPrey_planktonJun_2026","CC_NCC_plank_202","",2015-01-01,2.19181841670622,2.19181841670622,2.19181841670622,TRUE,46,"incl2026",1998
"sumPrey_planktonJun_2026","plankton_2026","sumPrey_planktonJun_2026","CC_NCC_plank_202","",2016-01-01,2.60553647227851,2.60553647227851,2.60553647227851,TRUE,46,"incl2026",1998
"sumPrey_planktonJun_2026","plankton_2026","sumPrey_planktonJun_2026","CC_NCC_plank_202","",2017-01-01,2.18909771755706,2.18909771755706,2.18909771755706,TRUE,46,"incl2026",1998
"sumPrey_planktonJun_2026","plankton_2026","sumPrey_planktonJun_2026","CC_NCC_plank_202","",2018-01-01,2.84879693566328,2.84879693566328,2.84879693566328,TRUE,46,"incl2026",1998
"sumPrey_planktonJun_2026","plankton_2026","sumPrey_planktonJun_2026","CC_NCC_plank_202","",2019-01-01,2.78328510732827,2.78328510732827,2.78328510732827,TRUE,46,"incl2026",1998
"sumPrey_planktonJun_2026","plankton_2026","sumPrey_planktonJun_2026","CC_NCC_plank_202","",2020-01-01,2.01880929818859,2.01880929818859,2.01880929818859,TRUE,46,"incl2026",1998
"sumPrey_planktonJun_2026","plankton_2026","sumPrey_planktonJun_2026","CC_NCC_plank_202","",2021-01-01,2.82703063365976,2.82703063365976,2.82703063365976,TRUE,46,"incl2026",1998
